# seq,elapsed_s,d_total_ns,d_detrended_ns,offset_ns,drift_ns_per_s,drift_sigma_ns,gm_sigma_ns,gm_a1_ppb,clock_error_ns,sync_state
12808,0.873,-143465184905298,-39701,23040,-29819.4,32407.7,13.3,0.334,22184563,LOCKED
12809,1.873,-143465184844154,48184,110925,-29748.3,33045.3,13.4,0.336,22231243,LOCKED
12810,2.873,-143465184964118,-40962,21779,-29732.6,32817.5,13.6,0.340,22309767,LOCKED
12811,3.873,-143465184962522,-8791,53950,-29759.4,32827.5,13.6,0.339,22401668,LOCKED
12812,4.873,-143465184961163,19403,82144,-29647.9,32382.0,13.5,0.334,22493952,LOCKED
12813,5.873,-143465184966757,40024,102765,-29545.8,32741.8,13.4,0.332,22582731,LOCKED
12814,6.873,-143465185082474,-41715,21026,-29694.2,32712.5,13.1,0.325,22556314,LOCKED
12815,7.873,-143465185105824,-33654,29087,-29722.5,32944.7,13.2,0.323,22625939,LOCKED
12816,8.873,-143465185108180,-4699,58042,-29792.8,32598.5,12.8,0.314,22714632,LOCKED
12817,9.873,-143465185125603,6111,68852,-29726.3,32321.6,12.9,0.311,22804180,LOCKED
12818,10.873,-143465185206741,-41556,21185,-29841.2,32648.7,12.4,0.300,22801064,LOCKED
12819,11.874,-143465185228783,-32684,30057,-29839.5,32630.1,12.5,0.294,22872490,LOCKED
12820,12.873,-143465185231779,-4524,58217,-29896.7,32412.1,12.5,0.292,22961070,LOCKED
12821,13.873,-143465185247455,8228,70969,-29838.2,32251.1,12.3,0.284,23048262,LOCKED
12822,14.874,-143465185336366,-48500,14241,-29872.6,32682.9,12.6,0.282,23116481,LOCKED
12823,15.874,-143465185294364,23206,85947,-29903.0,32369.5,12.6,0.279,23196867,LOCKED
12824,16.874,-143465185398957,-48641,14100,-29961.7,32972.3,12.6,0.276,23160916,LOCKED
12825,17.874,-143465185423972,-39024,16304,-30126.4,32553.0,12.4,0.264,23235490,LOCKED
12826,18.875,-143465185399570,14063,69391,-30079.0,32561.2,12.2,0.251,23349508,LOCKED
12827,19.874,-143465185404384,37928,93256,-30073.3,32627.2,12.2,0.245,23326002,LOCKED
12828,20.874,-143465185477296,-6144,49184,-30002.4,32018.8,12.0,0.228,23447272,LOCKED
12829,21.874,-143465185486356,13909,69237,-29981.9,32073.1,11.8,0.211,23536712,LOCKED
12830,22.874,-143465185482184,46748,102076,-29995.2,31852.2,11.7,0.202,23631423,LOCKED
12831,23.874,-143465185585796,-25620,29708,-30013.9,31977.3,11.7,0.194,23620184,LOCKED
12832,24.874,-143465185589147,2420,57748,-30085.6,31432.5,11.7,0.132,23713233,LOCKED
12833,25.874,-143465185589581,29458,84786,-30006.2,31612.9,11.8,0.090,23805231,LOCKED
12834,26.874,-143465185605555,41567,96895,-29980.9,31900.6,11.6,0.024,23880013,LOCKED
12835,27.874,-143465185645178,28494,83822,-29859.7,31656.9,11.4,-0.012,23825116,LOCKED
12836,28.874,-143465185758522,-50999,4329,-29970.9,32361.4,11.0,-0.035,23909111,LOCKED
12837,29.875,-143465185771518,-32907,22421,-29971.0,32362.1,10.5,-0.074,23989861,LOCKED
12838,30.875,-143465185766079,1788,57116,-29938.8,32284.7,10.4,-0.115,24087969,LOCKED
12839,31.875,-143465185790526,8127,63455,-29994.0,31852.2,10.1,-0.133,24156712,LOCKED
12840,32.874,-143465185800252,25738,81066,-29906.3,31872.8,10.2,-0.165,24239432,LOCKED
12841,33.874,-143465185828917,26162,81490,-29909.7,31842.2,10.0,-0.173,24199659,LOCKED
12842,34.875,-143465185916499,-30473,24855,-29909.9,31844.4,9.9,-0.171,24304448,LOCKED
12843,35.875,-143465185931279,-13110,42218,-29997.9,31494.5,9.7,-0.179,24381183,LOCKED
12844,36.875,-143465185934043,12846,68174,-29956.5,31508.8,9.5,-0.186,24471925,LOCKED
12845,37.875,-143465185946073,30594,85922,-29998.7,30902.1,9.4,-0.185,24553976,LOCKED
12846,38.875,-143465185976829,28014,83342,-29955.8,31131.7,9.5,-0.194,24507322,LOCKED
12847,39.875,-143465186092621,-55356,0,-29984.8,31589.8,9.4,-0.194,24585371,LOCKED
12848,40.875,-143465186077190,-9979,45377,-29966.2,31495.2,9.6,-0.201,24696534,LOCKED
12849,41.875,-143465186095625,2797,58153,-30032.1,31016.7,9.7,-0.195,24770115,LOCKED
12850,42.875,-143465186097432,28206,83562,-29940.6,31082.3,9.5,-0.195,24859055,LOCKED
12851,43.875,-143465186126831,27817,83173,-29941.2,31076.4,9.6,-0.189,24816145,LOCKED
12852,44.875,-143465186154960,28229,83585,-29919.4,31238.5,9.6,-0.194,24880256,LOCKED
12853,45.876,-143465186277120,-59069,0,-30064.0,32094.8,9.7,-0.200,24957350,LOCKED
12854,46.875,-143465186292894,-41513,17556,-30155.5,32554.1,9.5,-0.198,25034260,LOCKED
12855,47.875,-143465186305270,-22935,36134,-30156.5,32561.7,9.5,-0.198,25115892,LOCKED
12856,48.877,-143465186321295,-7564,51505,-30204.8,32464.5,9.4,-0.192,25197709,LOCKED
12857,49.876,-143465186372876,-28050,31019,-30201.8,32436.5,9.3,-0.194,25257689,LOCKED
12858,50.876,-143465186426347,-48731,10338,-30247.9,32963.8,9.1,-0.191,25272150,LOCKED
12859,51.876,-143465186435334,-24249,34820,-30365.9,32608.0,9.1,-0.192,25354170,LOCKED
12860,52.876,-143465186430125,9874,68943,-30311.0,32505.2,9.1,-0.192,25453025,LOCKED
12861,53.876,-143465186459169,11324,70393,-30338.8,32331.1,9.0,-0.194,25530116,LOCKED
12862,54.876,-143465186500719,-1370,57699,-30263.6,31768.0,9.1,-0.196,25608393,LOCKED
12863,55.876,-143465186577819,-45145,13924,-30338.9,32352.8,8.9,-0.192,25581759,LOCKED
12864,56.876,-143465186589891,-26559,32510,-30310.3,32028.3,9.5,-0.196,25661946,LOCKED
12865,57.876,-143465186596692,-3185,55884,-30298.4,32002.5,9.6,-0.198,25746963,LOCKED
12866,58.876,-143465186602024,21695,80764,-30330.3,31678.1,9.7,-0.198,25837264,LOCKED
12867,59.876,-143465186617418,33982,93051,-30256.7,31994.1,9.5,-0.193,25809525,LOCKED
12868,60.876,-143465186699291,-15186,43883,-30351.7,31619.1,9.8,-0.189,25923377,LOCKED
12869,61.876,-143465186709751,2760,61829,-30260.6,30907.5,10.3,-0.190,26006704,LOCKED
12870,62.876,-143465186698225,42882,101951,-30250.3,31047.7,10.2,-0.184,26115133,LOCKED
12871,63.876,-143465186824213,-49212,9857,-30347.4,31747.7,10.2,-0.188,26079123,LOCKED
12872,64.876,-143465186811231,-6278,52791,-30317.5,31600.6,10.6,-0.193,26186933,LOCKED
12873,65.876,-143465186830175,3115,62184,-30225.3,30881.3,11.0,-0.191,26261804,LOCKED
12874,66.876,-143465186833768,28896,87965,-30231.6,30815.7,11.0,-0.188,26353477,LOCKED
12875,67.877,-143465186850151,40859,99928,-30207.0,31098.6,11.2,-0.177,26428235,LOCKED
12876,68.876,-143465186981304,-56201,2868,-30304.4,32021.2,11.2,-0.172,26389684,LOCKED
12877,69.876,-143465186992308,-34885,24184,-30345.4,32331.8,11.4,-0.157,26469050,LOCKED
12878,70.877,-143465186975841,12475,71544,-30393.1,31924.2,11.4,-0.150,26578898,LOCKED
12879,71.877,-143465186971296,45452,104521,-30372.4,32192.5,11.4,-0.130,26677626,LOCKED
12880,72.877,-143465187101448,-50562,8507,-30473.4,32902.8,11.4,-0.120,26641110,LOCKED
12881,73.877,-143465187106460,-23652,35417,-30505.2,33050.8,11.7,-0.117,26726253,LOCKED
12882,74.877,-143465187131819,-15523,43546,-30626.0,32315.4,11.4,-0.090,26790668,LOCKED
12883,75.877,-143465187149443,-2857,56212,-30604.7,32253.5,11.4,-0.087,26866949,LOCKED
12884,76.877,-143465187163596,14645,73714,-30680.8,31338.6,11.3,-0.070,26946914,LOCKED
12885,77.877,-143465187187402,21984,81053,-30740.2,30551.7,11.1,-0.054,27020503,LOCKED
12886,78.877,-143465187193124,44074,103143,-30669.7,31128.0,10.9,-0.037,27103905,LOCKED
12887,79.877,-143465187215330,48345,107414,-30544.1,31655.0,10.7,-0.003,27067290,LOCKED
12888,80.877,-143465187297264,-2323,56746,-30575.7,31584.5,10.4,0.017,27184542,LOCKED
12889,81.877,-143465187316134,8619,67688,-30552.5,31600.0,10.6,0.052,27254902,LOCKED
12890,82.877,-143465187352509,1282,60351,-30480.2,31130.8,10.1,0.080,27315329,LOCKED
12891,83.878,-143465187364318,19667,78736,-30498.9,30972.4,10.0,0.094,27391832,LOCKED
12892,84.878,-143465187376892,35300,94369,-30445.1,31335.0,10.0,0.095,27472653,LOCKED
12893,85.878,-143465187399112,39817,98886,-30329.1,31596.1,10.0,0.084,27542569,LOCKED
12894,86.877,-143465187435892,29731,88800,-30199.8,31288.6,10.0,0.088,27494380,LOCKED
12895,87.878,-143465187535604,-38483,20586,-30199.5,31284.7,10.0,0.090,27593000,LOCKED
12896,88.878,-143465187551002,-20703,38366,-30311.5,30858.7,9.7,0.080,27667283,LOCKED
12897,89.878,-143465187545625,14998,74067,-30337.1,30663.6,9.7,0.074,27764835,LOCKED
12898,90.878,-143465187641741,-47634,11435,-30412.5,31332.0,9.7,0.077,27763118,LOCKED
12899,91.878,-143465187652565,-26530,32539,-30442.8,31513.4,9.4,0.072,27844860,LOCKED
12900,92.878,-143465187667769,-11545,47524,-30411.0,31294.3,9.4,0.075,27928727,LOCKED
12901,93.878,-143465187716369,-28903,30166,-30403.8,31218.4,9.4,0.071,27997463,LOCKED
12902,94.878,-143465187678204,37849,96918,-30377.5,31486.1,9.4,0.075,28094779,LOCKED
12903,95.879,-143465187785961,-36711,22358,-30455.0,31862.0,9.4,0.071,28080598,LOCKED
12904,96.878,-143465187780504,-1359,57710,-30425.2,31764.8,9.4,0.074,28179587,LOCKED
12905,97.878,-143465187777089,29103,88172,-30307.5,31591.3,9.4,0.072,28273710,LOCKED
12906,98.878,-143465187807072,26140,85209,-30189.4,31293.5,9.6,0.064,28234926,LOCKED
12907,99.878,-143465187902056,-34788,24281,-30321.6,31164.5,9.8,0.058,28333700,LOCKED
12908,100.879,-143465187872007,23882,82951,-30277.8,31332.4,9.8,0.056,28456428,LOCKED
12909,101.879,-143465187891035,32385,91454,-30196.7,31583.4,9.4,0.059,28534024,LOCKED
12910,102.879,-143465187905620,43396,102465,-30042.7,31558.0,9.5,0.055,28610468,LOCKED
12911,103.878,-143465188041392,-59936,0,-30060.8,31885.3,9.0,0.059,28567392,LOCKED
12912,104.878,-143465187984351,23636,83572,-29926.5,31230.5,9.2,0.055,28717713,LOCKED
12913,105.878,-143465188013393,24086,84022,-29945.3,31043.7,9.3,0.054,28672349,LOCKED
12914,106.878,-143465188114477,-43254,16682,-30060.1,31450.5,9.1,0.057,28766986,LOCKED
12915,107.879,-143465188123467,-20488,39448,-30109.3,31556.5,9.0,0.060,28851951,LOCKED
12916,108.878,-143465188140665,-7259,52677,-30112.8,31563.8,8.6,0.064,28930515,LOCKED
12917,109.879,-143465188133681,28435,88371,-30091.3,31723.7,8.6,0.065,29031641,LOCKED
12918,110.879,-143465188230771,-34735,25201,-30221.6,31618.1,8.5,0.067,29025206,LOCKED
12919,111.878,-143465188231978,-4603,55333,-30268.9,31477.9,8.5,0.068,29115835,LOCKED
12920,112.879,-143465188256326,853,60789,-30247.5,31440.2,8.3,0.074,29184646,LOCKED
12921,113.879,-143465188259944,25248,85184,-30179.7,31574.1,8.1,0.080,29273932,LOCKED
12922,114.879,-143465188294706,19193,79129,-30139.2,31677.1,8.1,0.082,29225959,LOCKED
12923,115.879,-143465188392900,-44280,15656,-30290.8,31731.0,7.8,0.089,29324065,LOCKED
12924,116.879,-143465188408670,-26877,33059,-30387.7,31706.1,7.9,0.085,29400001,LOCKED
12925,117.879,-143465188424062,-10849,49087,-30420.4,31722.8,8.0,0.087,29476434,LOCKED
12926,118.879,-143465188445032,-1854,58082,-30394.9,31645.6,8.0,0.090,29550112,LOCKED
12927,119.880,-143465188442432,28034,87970,-30288.8,31567.5,7.7,0.100,29642756,LOCKED
12928,120.879,-143465188539972,-36139,23797,-30380.0,31873.9,7.8,0.096,29637957,LOCKED
12929,121.880,-143465188555394,-19859,40077,-30411.9,31987.0,7.9,0.090,29716537,LOCKED
12930,122.880,-143465188560961,3228,63164,-30330.8,31452.4,8.0,0.095,29800833,LOCKED
12931,123.879,-143465188582390,12993,72929,-30394.9,30775.0,8.0,0.099,29874262,LOCKED
12932,124.880,-143465188594158,29868,89804,-30358.6,31016.3,8.1,0.095,29956307,LOCKED
12933,125.880,-143465188628562,24054,83990,-30311.7,31185.7,8.0,0.088,29909142,LOCKED
12934,126.880,-143465188732138,-47026,12910,-30340.7,31562.9,7.8,0.110,29997067,LOCKED
12935,127.880,-143465188735714,-20439,39497,-30297.9,31093.6,7.8,0.091,30093372,LOCKED
12936,128.880,-143465188769346,-20440,39496,-30427.7,30356.7,8.2,0.071,30174956,LOCKED
12937,129.880,-143465188827742,-43973,15963,-30572.6,30490.2,8.1,0.056,30274399,LOCKED
12938,130.881,-143465188851252,-34648,25288,-30626.1,30846.0,8.4,0.042,30294630,LOCKED
12939,131.880,-143465188817414,26598,86534,-30512.1,30616.5,8.3,0.029,30378101,LOCKED
12940,132.881,-143465188845082,29449,89385,-30561.6,29867.6,8.3,0.030,30458752,LOCKED
12941,133.880,-143465188909832,-3262,56674,-30628.8,29489.0,8.2,0.016,30532791,LOCKED
12942,134.880,-143465188892430,42935,102871,-30610.2,29737.2,8.2,0.017,30480212,LOCKED
12943,135.880,-143465189036871,-65616,0,-30760.5,30923.4,8.3,0.006,30557893,LOCKED
12944,136.880,-143465189052491,-46953,18663,-30855.4,31558.7,8.3,0.006,30634876,LOCKED
12945,137.880,-143465189062647,-24469,41147,-30902.4,31731.6,8.5,-0.006,30721622,LOCKED
12946,138.880,-143465189046890,20021,85637,-30829.1,31709.8,8.5,-0.005,30831158,LOCKED
12947,139.881,-143465189081010,14553,80169,-30746.3,31460.1,8.8,-0.025,30783922,LOCKED
12948,140.881,-143465189125181,1579,67195,-30771.1,31388.3,8.9,-0.033,30937470,LOCKED
12949,141.881,-143465189160604,-2711,62905,-30784.4,31383.4,8.3,-0.041,31002910,LOCKED
12950,142.881,-143465189152390,34291,99907,-30743.4,31692.5,8.3,-0.038,31100943,LOCKED
12951,143.881,-143465189284746,-63227,2389,-30839.3,32814.6,8.3,-0.036,31060960,LOCKED
12952,144.881,-143465189292372,-38249,27367,-30862.3,33047.7,8.1,-0.041,31147452,LOCKED
12953,145.881,-143465189304327,-19222,46394,-30836.2,32825.0,8.2,-0.039,31227984,LOCKED
12954,146.881,-143465189308896,5591,71207,-30774.0,32582.1,8.0,-0.042,31319483,LOCKED
12955,147.881,-143465189313663,30770,96386,-30784.5,32467.0,7.8,-0.045,31408094,LOCKED
12956,148.881,-143465189356705,18070,83686,-30792.9,32411.3,7.9,-0.047,31351966,LOCKED
12957,149.881,-143465189447775,-39874,25742,-30841.2,32817.6,7.9,-0.050,31455408,LOCKED
12958,150.881,-143465189432542,7579,73195,-30921.6,32020.8,8.6,-0.060,31566045,LOCKED
12959,151.881,-143465189452831,18255,83871,-30954.2,31725.0,8.6,-0.062,31641449,LOCKED
12960,152.881,-143465189470381,30366,95982,-30941.2,31839.4,8.4,-0.061,31716909,LOCKED
12961,153.881,-143465189506195,25207,90823,-30969.2,31531.4,8.7,-0.066,31665481,LOCKED
12962,154.881,-143465189612746,-47966,17650,-31007.7,32002.7,8.4,-0.064,31755422,LOCKED
12963,155.881,-143465189619726,-20694,44922,-31132.7,31381.4,9.2,-0.071,31843410,LOCKED
12964,156.882,-143465189635152,-4053,61563,-31171.9,31287.7,9.1,-0.071,31922657,LOCKED
12965,157.882,-143465189653156,8027,73643,-31131.8,31241.5,9.8,-0.076,31999310,LOCKED
12966,158.882,-143465189669519,20735,86351,-31065.0,31279.7,9.9,-0.081,32075721,LOCKED
12967,159.882,-143465189693120,27854,93470,-31094.5,30919.0,10.5,-0.088,32143207,LOCKED
12968,160.882,-143465189792445,-38231,27385,-31136.3,31290.8,11.0,-0.091,32135471,LOCKED
12969,161.882,-143465189809866,-23793,41823,-31132.1,31256.2,11.1,-0.091,32214938,LOCKED
12970,162.882,-143465189823990,-7799,57817,-31069.3,30707.1,11.6,-0.097,32296952,LOCKED
12971,163.882,-143465189833593,14721,80337,-31145.7,29736.8,11.7,-0.096,32379076,LOCKED
12972,164.882,-143465189851362,25392,91008,-31054.9,29721.1,12.6,-0.102,32453909,LOCKED
12973,165.882,-143465189866982,37135,102751,-30935.2,29848.1,12.7,-0.100,32533694,LOCKED
12974,166.882,-143465189885972,47073,112689,-30915.0,30141.0,12.8,-0.097,32608063,LOCKED
12975,167.882,-143465190011314,-43795,21821,-31017.0,30659.8,12.7,-0.093,32577500,LOCKED
12976,168.882,-143465190021294,-21173,44443,-31059.7,30791.3,13.1,-0.096,32656822,LOCKED
12977,169.882,-143465190024924,4719,70335,-30991.9,30451.6,13.1,-0.091,32749119,LOCKED
12978,170.882,-143465190031287,28428,94044,-30994.1,30430.1,13.1,-0.094,32744277,LOCKED
12979,171.883,-143465190136312,-42607,23009,-31070.4,30975.0,13.1,-0.088,32821145,LOCKED
12980,172.882,-143465190151332,-24970,40646,-31106.8,31154.8,13.1,-0.081,32897152,LOCKED
12981,173.882,-143465190158709,-2197,63419,-31056.1,30868.3,13.4,-0.071,32987917,LOCKED
12982,174.883,-143465190187189,-629,64987,-31005.4,30607.4,13.4,-0.061,33063219,LOCKED
12983,175.883,-143465190187145,29631,95247,-31016.0,30488.6,13.4,-0.049,33142463,LOCKED
12984,176.882,-143465190206335,39489,105105,-30985.1,30814.2,13.4,-0.049,33112432,LOCKED
12985,177.883,-143465190294739,-16552,49064,-31025.2,30884.0,13.1,-0.021,33218643,LOCKED
12986,178.883,-143465190290359,17538,83154,-30989.8,30973.6,13.0,-0.001,33320589,LOCKED
12987,179.883,-143465190278953,54801,120417,-30828.7,31454.8,12.9,0.004,33428856,LOCKED
12988,180.884,-143465190372900,-6939,58677,-30884.9,31283.6,13.1,-0.022,33426059,LOCKED
12989,181.883,-143465190375155,20668,86284,-30869.1,31369.4,12.9,-0.014,33516108,LOCKED
12990,182.883,-143465190370765,51837,117453,-30754.4,32096.6,13.4,-0.047,33610827,LOCKED
12991,183.883,-143465190485964,-31344,34272,-30764.3,32188.9,13.4,-0.047,33589497,LOCKED
12992,184.883,-143465190479800,3709,69325,-30678.2,31597.7,13.5,-0.061,33690729,LOCKED
12993,185.883,-143465190489406,21672,87288,-30561.4,31142.4,13.5,-0.055,33768696,LOCKED
12994,186.883,-143465190499788,39936,105552,-30533.8,31440.0,13.5,-0.052,33860697,LOCKED
12995,187.883,-143465190620336,-46906,18710,-30611.6,32076.9,13.2,-0.060,33826377,LOCKED
12996,188.884,-143465190637146,-30885,34731,-30669.3,32348.8,13.2,-0.063,33906096,LOCKED
12997,189.883,-143465190648940,-10196,55420,-30741.5,32104.1,13.2,-0.090,33981583,LOCKED
12998,190.883,-143465190634767,33336,98952,-30729.1,32225.1,13.2,-0.090,34093702,LOCKED
12999,191.883,-143465190651148,43327,108943,-30587.0,32355.8,12.8,-0.092,34166338,LOCKED
13000,192.883,-143465190676934,43507,109123,-30432.3,32324.3,12.6,-0.083,34236627,LOCKED
13001,193.883,-143465190801046,-47414,18202,-30488.9,32895.4,12.3,-0.084,34206316,LOCKED
13002,194.883,-143465190808662,-25024,40592,-30423.5,31968.0,12.1,-0.076,34289777,LOCKED
13003,195.884,-143465190848653,-30735,34881,-30561.9,31567.4,12.1,-0.067,34342335,LOCKED
13004,196.884,-143465190862855,-12183,53433,-30649.4,31192.9,11.9,-0.060,34421678,LOCKED
13005,197.884,-143465190878400,3408,69024,-30679.0,31074.4,11.8,-0.059,34500397,LOCKED
13006,198.884,-143465190885012,24860,90476,-30591.8,31074.5,11.6,-0.051,34583929,LOCKED
13007,199.884,-143465190892352,44185,109801,-30472.4,31481.0,11.6,-0.051,34668673,LOCKED
13008,200.884,-143465191002732,-33849,31767,-30508.1,31762.0,11.6,-0.044,34650385,LOCKED
13009,201.884,-143465191023955,-23244,42372,-30534.3,31898.5,11.5,-0.043,34720694,LOCKED
13010,202.884,-143465191047131,-16413,49203,-30481.0,31338.4,11.3,-0.035,34788057,LOCKED
13011,203.884,-143465191056315,6314,71930,-30561.8,30531.7,11.0,-0.027,34875441,LOCKED
13012,204.884,-143465191083304,10340,75956,-30601.3,30235.9,10.9,-0.025,34935466,LOCKED
13013,205.885,-143465191104152,19325,84941,-30595.8,30270.2,10.5,-0.017,35011076,LOCKED
13014,206.884,-143465191114508,36678,102294,-30514.9,30650.5,10.4,-0.014,35094732,LOCKED
13015,207.884,-143465191125691,51129,116745,-30360.2,31019.7,10.4,-0.008,35174150,LOCKED
13016,208.884,-143465191175863,28319,93935,-30259.9,31010.4,10.3,-0.005,35115375,LOCKED
13017,209.884,-143465191271879,-34039,31577,-30370.3,31105.9,10.3,0.001,35210172,LOCKED
13018,210.884,-143465191267885,-144,65472,-30347.0,31052.2,10.2,-0.002,35322961,LOCKED
13019,211.884,-143465191282983,13308,78924,-30280.8,30927.2,10.2,0.004,35387251,LOCKED
13020,212.885,-143465191282631,39772,105388,-30142.1,30937.3,10.1,0.008,35479134,LOCKED
13021,213.884,-143465191331027,18858,84474,-30042.7,30615.2,10.2,0.010,35544587,LOCKED
13022,214.885,-143465191426387,-42259,23357,-30178.8,30775.6,10.2,0.016,35515567,LOCKED
13023,215.885,-143465191466976,-48706,16910,-30292.5,31401.9,10.1,0.012,35590952,LOCKED
13024,216.885,-143465191449784,-1004,64612,-30301.5,31397.1,10.2,0.013,35676835,LOCKED
13025,217.885,-143465191454192,23009,88625,-30247.4,31534.3,10.1,0.007,35765648,LOCKED
13026,218.885,-143465191559176,-49133,16483,-30293.1,32079.6,10.2,0.008,35755955,LOCKED
13027,219.885,-143465191550764,-10737,54879,-30260.0,31859.6,10.1,0.002,35856189,LOCKED
13028,220.885,-143465191543367,26428,92044,-30279.8,31648.5,10.1,-0.006,35851164,LOCKED
13029,221.885,-143465191633380,-30254,35362,-30379.5,31709.2,10.1,-0.007,35958142,LOCKED
13030,222.885,-143465191633788,178,65794,-30402.4,31658.1,10.0,-0.015,36054449,LOCKED
13031,223.885,-143465191627966,33814,99430,-30331.5,31976.7,10.0,-0.017,36153930,LOCKED
13032,224.885,-143465191660748,28629,94245,-30244.7,32087.4,9.3,-0.036,36107152,LOCKED
13033,225.885,-143465191759325,-38387,27229,-30245.5,32096.9,9.5,-0.037,36203832,LOCKED
13034,226.885,-143465191756353,-6516,59100,-30168.4,31368.7,9.5,-0.040,36300178,LOCKED
13035,227.885,-143465191761357,18816,84432,-30208.0,30966.1,9.6,-0.030,36391007,LOCKED
13036,228.885,-143465191768133,40280,105896,-30178.4,31284.6,9.5,-0.047,36470918,LOCKED
13037,229.885,-143465191896503,-54244,11372,-30268.3,32137.6,9.6,-0.035,36437551,LOCKED
13038,230.885,-143465191865034,6168,71784,-30213.4,31966.7,9.5,-0.022,36562720,LOCKED
13039,231.886,-143465191873854,27359,92975,-30249.1,31523.2,9.5,-0.024,36647678,LOCKED
13040,232.886,-143465191885840,43816,109432,-30233.3,31729.6,9.6,-0.041,36727238,LOCKED
13041,233.886,-143465191926691,31467,97083,-30200.6,31968.7,9.4,-0.056,36673511,LOCKED
13042,234.886,-143465192034208,-42506,23110,-30294.2,32452.1,9.4,-0.072,36758934,LOCKED
13043,235.886,-143465192052407,-29007,36609,-30314.9,32606.7,9.4,-0.075,36837302,LOCKED
13044,236.886,-143465192059692,-6538,59078,-30276.4,32388.6,9.4,-0.076,36923352,LOCKED
13045,237.886,-143465192064559,18574,84190,-30292.7,32265.1,9.4,-0.082,37008836,LOCKED
13046,238.886,-143465192071083,39406,105022,-30214.0,32697.3,9.3,-0.102,37095529,LOCKED
13047,239.886,-143465192199723,-56813,8803,-30227.8,32932.0,9.4,-0.097,37058202,LOCKED
13048,240.886,-143465192167029,6160,71776,-30240.6,32892.1,9.3,-0.090,37184611,LOCKED
13049,241.886,-143465192193478,8843,74459,-30200.8,32860.3,9.5,-0.105,37248011,LOCKED
13050,242.886,-143465192214527,15167,80783,-30087.1,32225.4,9.0,-0.098,37321622,LOCKED
13051,243.886,-143465192230057,28838,94454,-30091.6,32181.1,8.9,-0.093,37398832,LOCKED
13052,244.886,-143465192247051,39086,104702,-30016.6,32612.1,8.8,-0.098,37474207,LOCKED
13053,245.886,-143465192375251,-56113,9503,-30069.8,33307.3,8.7,-0.103,37434503,LOCKED
13054,246.886,-143465192387057,-36896,28720,-30055.2,33117.2,9.1,-0.116,37517649,LOCKED
13055,247.887,-143465192401820,-18751,46865,-30164.2,32687.2,9.1,-0.120,37595788,LOCKED
13056,248.887,-143465192410016,4133,69749,-30216.1,32368.9,9.2,-0.124,37678036,LOCKED
13057,249.886,-143465192441074,3662,69278,-30240.5,32284.9,9.0,-0.135,37754290,LOCKED
13058,250.886,-143465192516779,-39944,25672,-30265.3,32549.7,9.0,-0.138,37759209,LOCKED
13059,251.887,-143465192541978,-33944,31672,-30254.6,32421.8,9.0,-0.141,37828438,LOCKED
13060,252.887,-143465192535948,653,66269,-30172.7,31812.4,9.2,-0.148,37923926,LOCKED
13061,253.887,-143465192573964,-5235,60381,-30260.1,31237.8,9.3,-0.150,37994184,LOCKED
13062,254.887,-143465192645536,-42678,22938,-30379.3,31584.8,9.2,-0.151,38081519,LOCKED
13063,255.887,-143465192684709,-46852,16375,-30528.4,31799.5,9.3,-0.155,38050022,LOCKED
13064,256.887,-143465192688504,-17938,45289,-30605.7,31694.0,9.5,-0.158,38141689,LOCKED
13065,257.887,-143465192707254,-5234,57993,-30638.7,31648.4,9.7,-0.163,38218003,LOCKED
13066,258.888,-143465192766296,-31761,31466,-30678.0,31915.8,9.8,-0.165,38312064,LOCKED
13067,259.887,-143465192716854,44141,107368,-30544.2,32178.4,10.1,-0.170,38285546,LOCKED
13068,260.887,-143465192784054,8460,71687,-30606.2,31643.7,10.1,-0.170,38413886,LOCKED
13069,261.887,-143465192799279,23531,86758,-30630.2,31400.7,10.3,-0.173,38510680,LOCKED
13070,262.887,-143465192890045,-33174,30053,-30743.6,31432.4,10.2,-0.170,38494526,LOCKED
13071,263.887,-143465192890669,-2412,60815,-30771.2,31382.1,10.3,-0.169,38583411,LOCKED
13072,264.887,-143465192883285,33770,96997,-30730.5,31683.0,10.3,-0.169,38688444,LOCKED
13073,265.888,-143465192987273,-36913,26314,-30795.5,32077.1,10.1,-0.164,38677855,LOCKED
13074,266.889,-143465192969619,10156,73383,-30744.6,32003.8,10.7,-0.167,38788779,LOCKED
13075,267.887,-143465192966045,40244,103471,-30603.6,32005.9,10.8,-0.163,38882808,LOCKED
13076,268.887,-143465192992825,40375,103602,-30489.3,32296.8,10.9,-0.163,38846549,LOCKED
13077,269.888,-143465193069607,-4282,58945,-30562.6,31897.1,10.9,-0.157,38966394,LOCKED
13078,270.887,-143465193043386,49280,112507,-30486.3,32582.1,11.1,-0.156,39084990,LOCKED
13079,271.887,-143465193168747,-42997,20230,-30542.4,33067.5,11.4,-0.148,39053421,LOCKED
13080,272.888,-143465193169751,-13954,49273,-30494.8,32647.7,11.5,-0.145,39146602,LOCKED
13081,273.887,-143465193180491,4571,67798,-30441.9,32468.3,11.5,-0.135,39229636,LOCKED
13082,274.888,-143465193186889,28001,91228,-30458.4,32293.4,11.7,-0.122,39318044,LOCKED
13083,275.888,-143465193199468,44535,107762,-30466.5,32170.2,11.8,-0.116,39396465,LOCKED
13084,276.888,-143465193223253,47996,111223,-30388.1,32820.7,11.6,-0.100,39357138,LOCKED
13085,277.888,-143465193349186,-45263,17964,-30425.1,33229.8,12.4,-0.088,39430039,LOCKED
13086,278.888,-143465193367600,-29411,33816,-30564.9,32763.5,12.5,-0.064,39506554,LOCKED
13087,279.888,-143465193374600,-4936,58291,-30601.5,32699.1,12.4,-0.036,39587771,LOCKED
13088,280.888,-143465193367887,29579,92806,-30513.1,32823.5,12.7,-0.028,39690975,LOCKED
13089,281.888,-143465193382952,43305,106532,-30500.6,32982.1,12.8,-0.005,39767356,LOCKED
13090,282.888,-143465193415957,38383,101610,-30445.7,33377.6,12.6,0.003,39720552,LOCKED
13091,283.889,-143465193519898,-33831,29396,-30452.3,33443.8,13.1,-0.023,39810862,LOCKED
13092,284.888,-143465193524108,-8050,55177,-30416.2,33235.0,12.9,-0.009,39903463,LOCKED
13093,285.888,-143465193543113,4403,67630,-30474.8,32841.2,13.4,-0.040,39975724,LOCKED
13094,286.888,-143465193555522,21236,84463,-30449.6,32954.4,13.2,-0.022,40056699,LOCKED
13095,287.888,-143465193567708,36302,99529,-30352.8,33222.4,13.3,-0.034,40139042,LOCKED
13096,288.889,-143465193598708,31834,95061,-30218.0,32938.9,12.9,-0.005,40092873,LOCKED
13097,289.888,-143465193616122,43363,106590,-30227.6,32797.7,13.0,-0.011,40167922,LOCKED
13098,290.890,-143465193697253,-7418,55809,-30221.3,32779.0,12.7,-0.020,40280446,LOCKED
13099,291.889,-143465193719224,-319,62908,-30164.1,32472.6,12.8,-0.052,40355284,LOCKED
13100,292.889,-143465193733462,12813,76040,-30048.0,31700.9,12.8,-0.064,40433288,LOCKED
13101,293.889,-143465193749446,23571,86798,-29924.7,31223.1,12.7,-0.088,40507414,LOCKED
13102,294.889,-143465193767057,34442,97669,-29911.2,31361.9,12.7,-0.096,40582518,LOCKED
13103,295.890,-143465193809065,21415,84642,-29901.1,31424.5,12.5,-0.113,40527722,LOCKED
13104,296.889,-143465193906225,-43084,20143,-29965.1,31951.8,12.4,-0.119,40622627,LOCKED
13105,297.889,-143465193923185,-29144,34083,-29962.4,31925.9,12.0,-0.123,40700546,LOCKED
13106,298.889,-143465193948579,-24817,38410,-29909.2,31216.7,11.9,-0.127,40780984,LOCKED
13107,299.889,-143465193979045,-22370,40857,-30019.6,30875.7,11.6,-0.137,40860509,LOCKED
13108,300.889,-143465194039217,-49723,13504,-30074.4,31505.5,11.1,-0.138,40846593,LOCKED
13109,301.889,-143465194082004,-59097,4130,-30140.1,32378.6,11.2,-0.146,40926292,LOCKED
13110,302.889,-143465194073800,-20407,42820,-30123.1,32238.6,10.7,-0.145,41026833,LOCKED
13111,303.889,-143465194107772,-24215,39012,-30084.7,31796.1,10.1,-0.139,41103678,LOCKED
13112,304.889,-143465194176356,-60686,2541,-30083.3,31767.0,10.0,-0.133,41183999,LOCKED
13113,305.889,-143465194127158,18536,81763,-30111.3,31520.4,9.8,-0.132,41145243,LOCKED
13114,306.890,-143465194218582,-39398,23829,-30211.8,31878.4,9.8,-0.133,41244293,LOCKED
13115,307.889,-143465194216528,-6497,56730,-30232.2,31883.0,9.8,-0.135,41344678,LOCKED
13116,308.889,-143465194205167,32270,95497,-30147.0,32106.4,9.5,-0.133,41448174,LOCKED
13117,309.890,-143465194245695,19876,83103,-30081.1,32129.9,9.7,-0.137,41395050,LOCKED
13118,310.892,-143465194300477,-3645,59582,-30133.1,31939.3,9.5,-0.133,41535525,LOCKED
13119,311.891,-143465194319868,7402,70629,-30160.4,31802.1,9.4,-0.133,41610921,LOCKED
13120,312.890,-143465194330271,24998,88225,-30095.8,31942.2,9.4,-0.132,41687283,LOCKED
13121,313.890,-143465194352455,30582,93809,-30032.3,32201.9,9.3,-0.130,41761682,LOCKED
13122,314.890,-143465194484820,-65938,0,-30208.2,33095.5,9.2,-0.128,41723528,LOCKED
13123,315.890,-143465194501796,-47675,18263,-30376.2,33083.9,9.1,-0.126,41793916,LOCKED
13124,316.890,-143465194497832,-11582,54356,-30443.1,32924.0,9.2,-0.126,41892664,LOCKED
13125,317.890,-143465194508212,8501,74439,-30458.2,32861.9,9.4,-0.126,41981792,LOCKED
13126,318.890,-143465194505134,40858,106796,-30468.3,32720.2,9.5,-0.125,42072748,LOCKED
13127,319.890,-143465194627364,-48644,17294,-30498.4,33105.0,9.4,-0.122,42046199,LOCKED
13128,320.890,-143465194600285,8510,74448,-30491.8,33118.9,9.5,-0.120,42161548,LOCKED
13129,321.890,-143465194614904,22447,88385,-30434.0,33228.3,9.6,-0.118,42242629,LOCKED
13130,322.890,-143465194626302,40396,106334,-30447.8,33033.2,9.4,-0.109,42323103,LOCKED
13131,323.890,-143465194760467,-58524,7414,-30586.2,33862.7,9.5,-0.105,42280706,LOCKED
13132,324.890,-143465194781805,-46541,19397,-30643.1,34394.4,9.6,-0.093,42353372,LOCKED
13133,325.890,-143465194794965,-25170,40768,-30792.4,33591.3,9.6,-0.078,42436500,LOCKED
13134,326.891,-143465194810591,-8800,57138,-30836.9,33537.1,10.1,-0.078,42512156,LOCKED
13135,327.890,-143465194833948,-1780,64158,-30811.3,33464.2,10.3,-0.068,42583949,LOCKED
13136,328.890,-143465194840746,20071,86009,-30738.4,33448.1,10.3,-0.058,42667223,LOCKED
13137,329.891,-143465194850158,39451,105389,-30708.5,33738.1,10.5,-0.044,42750605,LOCKED
13138,330.890,-143465194934939,-14818,51120,-30674.1,33473.2,10.4,-0.030,42757082,LOCKED
13139,331.892,-143465194958359,-5126,60812,-30785.5,32527.8,10.4,-0.026,42825939,LOCKED
13140,332.892,-143465194970308,13915,79853,-30818.7,32275.6,10.3,-0.007,42908805,LOCKED
13141,333.891,-143465194995662,18605,84543,-30811.6,32313.8,10.1,0.001,42974527,LOCKED
13142,334.891,-143465195006284,35955,101893,-30731.9,32655.2,10.1,-0.002,43057755,LOCKED
13143,335.893,-143465195020294,48265,114203,-30595.4,33063.2,10.1,-0.006,43138549,LOCKED
13144,336.891,-143465195145858,-45005,20933,-30603.9,33177.7,9.8,0.007,43105429,LOCKED
13145,337.891,-143465195158434,-23425,42513,-30739.6,32514.3,9.8,-0.005,43185891,LOCKED
13146,338.891,-143465195150011,16255,82193,-30792.1,31978.9,9.8,-0.003,43287514,LOCKED
13147,339.891,-143465195172201,24077,90015,-30793.9,31964.8,10.0,-0.013,43373402,LOCKED
13148,340.891,-143465195247926,-19883,46055,-30808.5,32040.3,10.0,-0.008,43371661,LOCKED
13149,341.891,-143465195267301,-8814,57124,-30775.9,31846.1,10.0,-0.001,43447458,LOCKED
13150,342.891,-143465195279899,7864,73802,-30715.2,31656.3,9.6,-0.010,43526678,LOCKED
13151,343.891,-143465195304956,14120,80058,-30768.2,31137.7,9.7,-0.001,43610399,LOCKED
13152,344.891,-143465195390285,-37132,28806,-30869.0,31422.0,9.4,0.002,43688701,LOCKED
13153,345.892,-143465195349269,32867,98805,-30831.0,31700.7,9.4,-0.001,43644318,LOCKED
13154,346.892,-143465195438661,-24276,41662,-30860.3,31855.0,9.0,0.004,43739040,LOCKED
13155,347.891,-143465195473073,-26882,39056,-30862.0,31869.7,9.0,0.009,43813880,LOCKED
13156,348.892,-143465195463687,11609,77547,-30794.9,31703.2,9.0,0.006,43900939,LOCKED
13157,349.892,-143465195464507,37471,103409,-30655.1,31591.6,9.0,0.010,43991194,LOCKED
13158,350.892,-143465195550608,-16675,49263,-30691.2,31668.2,8.6,0.015,44002777,LOCKED
13159,351.892,-143465195547981,15430,81368,-30657.3,31732.9,8.7,0.019,44092919,LOCKED
13160,352.891,-143465195549039,41395,107333,-30547.6,32098.5,8.6,0.018,44189800,LOCKED
13161,353.892,-143465195666814,-44141,21797,-30557.2,32228.2,8.7,0.021,44166040,LOCKED
13162,354.892,-143465195657006,-5289,60649,-30474.0,31430.4,8.7,0.025,44264082,LOCKED
13163,355.892,-143465195657800,21316,87254,-30358.2,30974.6,8.7,0.023,44357634,LOCKED
13164,356.892,-143465195657936,48795,114733,-30304.7,31578.4,8.9,0.018,44452065,LOCKED
13165,357.892,-143465195774336,-34727,31211,-30373.3,31922.9,9.0,0.013,44429280,LOCKED
13166,358.893,-143465195781962,-11168,54770,-30394.7,31958.6,9.6,0.005,44515701,LOCKED
13167,359.892,-143465195780698,19210,85148,-30363.7,32064.2,10.2,-0.004,44606386,LOCKED
13168,360.892,-143465195803249,26291,92229,-30371.5,31990.7,10.2,-0.006,44570838,LOCKED
13169,361.893,-143465195821652,37251,103189,-30384.0,31822.4,10.4,-0.010,44642104,LOCKED
13170,362.893,-143465195933597,-41177,24761,-30469.5,32293.7,10.4,-0.010,44725721,LOCKED
13171,363.892,-143465195955583,-30133,35805,-30545.2,32503.6,10.0,-0.004,44805119,LOCKED
13172,364.893,-143465195985134,-25475,40463,-30682.9,31882.8,9.5,0.002,44864106,LOCKED
13173,365.893,-143465196000528,-10264,55674,-30662.0,31770.4,9.4,0.004,44943312,LOCKED
13174,366.893,-143465196021960,279,66217,-30727.0,31362.4,9.3,0.008,45011515,LOCKED
13175,367.892,-143465196039720,12624,78562,-30717.5,31394.1,9.4,0.010,45088751,LOCKED
13176,368.893,-143465196066884,13964,79902,-30631.9,31093.3,9.4,0.017,45153010,LOCKED
13177,369.893,-143465196078681,29737,95675,-30530.9,31125.1,9.4,0.017,45235688,LOCKED
13178,370.893,-143465196168283,-27648,38290,-30567.7,31337.8,9.4,0.024,45238436,LOCKED
13179,371.893,-143465196192470,-20460,45478,-30573.3,31373.2,9.5,0.026,45303274,LOCKED
13180,372.893,-143465196211075,-9203,56735,-30523.0,30973.0,9.5,0.032,45379269,LOCKED
13181,373.893,-143465196226309,4071,70009,-30430.7,30267.9,9.6,0.033,45456833,LOCKED
13182,374.893,-143465196294646,-29973,35965,-30570.6,29780.7,9.8,0.034,45478964,LOCKED
13183,375.893,-143465196321099,-22814,43124,-30682.2,29424.6,9.7,0.043,45546464,LOCKED
13184,376.893,-143465196330261,-884,65054,-30700.9,29394.7,9.7,0.044,45630383,LOCKED
13185,377.893,-143465196330257,27555,93493,-30635.4,29602.0,9.8,0.045,45727396,LOCKED
13186,378.894,-143465196336657,46916,112854,-30473.9,29651.4,9.8,0.046,45813523,LOCKED
13187,379.894,-143465196456633,-38425,27513,-30614.4,29568.4,9.8,0.056,45782673,LOCKED
13188,380.894,-143465196437134,10539,76477,-30575.5,29560.6,9.8,0.059,45895075,LOCKED
13189,381.893,-143465196446573,28655,94593,-30474.7,29557.7,9.8,0.061,45976775,LOCKED
13190,382.893,-143465196455579,45167,111105,-30306.2,29384.8,9.9,0.067,46059909,LOCKED
13191,383.894,-143465196475143,53867,119805,-30295.6,29578.1,10.0,0.068,46029491,LOCKED
13192,384.894,-143465196586381,-23974,41964,-30408.2,29250.8,9.9,0.058,46117202,LOCKED
13193,385.894,-143465196586561,6735,72673,-30443.1,29040.7,9.9,0.059,46204514,LOCKED
13194,386.894,-143465196612185,11251,77189,-30446.9,29023.5,9.9,0.058,46286234,LOCKED
13195,387.894,-143465196678959,-23216,42722,-30499.7,29179.3,9.8,0.039,46365737,LOCKED
13196,388.894,-143465196624191,57499,123437,-30371.6,30132.4,10.0,0.020,46338155,LOCKED
13197,389.894,-143465196720926,-9608,56330,-30319.0,29677.2,10.0,-0.014,46442517,LOCKED
13198,390.894,-143465196702722,36799,102737,-30276.3,30047.5,10.1,-0.031,46446760,LOCKED
13199,391.894,-143465196804459,-32236,33702,-30341.9,30356.7,10.2,-0.050,46540442,LOCKED
13200,392.894,-143465196840341,-35711,30227,-30383.9,30700.2,10.2,-0.070,46609640,LOCKED
13201,393.894,-143465196846694,-11465,54473,-30375.4,30659.6,10.3,-0.079,46684098,LOCKED
13202,394.894,-143465196845228,17825,83763,-30279.6,30346.4,10.6,-0.100,46780121,LOCKED
13203,395.894,-143465196833448,54115,120053,-30086.1,30274.3,10.5,-0.092,46883876,LOCKED
13204,396.894,-143465196948819,-28031,37907,-30193.7,30174.2,10.6,-0.098,46863264,LOCKED
13205,397.894,-143465196933258,17207,83145,-30197.0,30153.5,10.6,-0.094,46969342,LOCKED
13206,398.895,-143465196945826,31943,97881,-30108.0,30356.4,10.6,-0.100,47050870,LOCKED
13207,399.895,-143465196973962,30737,96675,-30002.9,30384.4,10.5,-0.095,47008882,LOCKED
13208,400.894,-143465197038296,-2914,63024,-30031.5,30332.5,10.6,-0.092,47141326,LOCKED
13209,401.895,-143465197047689,16698,82636,-30008.8,30412.8,10.6,-0.090,47230578,LOCKED
13210,402.895,-143465197062071,29757,95695,-29932.2,30621.4,10.8,-0.080,47305639,LOCKED
13211,403.895,-143465197084587,34060,99998,-29835.9,30838.7,10.8,-0.072,47272289,LOCKED
13212,404.895,-143465197191542,-39194,26744,-29960.6,30992.4,10.7,-0.070,47360933,LOCKED
13213,405.895,-143465197200553,-18238,47700,-29930.5,30717.2,10.9,-0.062,47444861,LOCKED
13214,406.895,-143465197208101,4616,70554,-29961.4,30574.7,10.8,-0.060,47531369,LOCKED
13215,407.895,-143465197225101,17371,83309,-29980.2,30427.6,10.7,-0.058,47603269,LOCKED
13216,408.895,-143465197238691,31234,97172,-29908.0,30692.1,10.8,-0.053,47681630,LOCKED
13217,409.895,-143465197263602,32513,98451,-29779.4,30507.8,10.7,-0.050,47748497,LOCKED
13218,410.895,-143465197345984,-18401,47537,-29831.7,30570.3,10.8,-0.043,47759138,LOCKED
13219,411.895,-143465197364372,-7156,58782,-29810.0,30470.5,10.7,-0.041,47832984,LOCKED
13220,412.895,-143465197370395,13904,79842,-29699.1,29783.3,10.7,-0.040,47916457,LOCKED
13221,413.895,-143465197385133,28146,94084,-29710.7,29654.2,10.7,-0.034,48000866,LOCKED
13222,414.895,-143465197504169,-57312,8626,-29805.3,30655.1,10.7,-0.027,47968826,LOCKED
13223,415.896,-143465197514547,-36440,29498,-29815.6,30773.6,10.7,-0.027,48048753,LOCKED
13224,416.895,-143465197516951,-10476,55462,-29726.9,29670.0,10.7,-0.027,48136859,LOCKED
13225,417.896,-143465197539383,-2249,63689,-29769.0,29524.2,10.7,-0.029,48217889,LOCKED
13226,418.895,-143465197604601,-35207,30731,-29832.8,29908.3,10.3,-0.039,48177328,LOCKED
13227,419.896,-143465197662591,-60196,5742,-29888.3,30761.8,9.9,-0.046,48264324,LOCKED
13228,420.896,-143465197613739,16148,82086,-29797.3,30455.6,9.8,-0.050,48407896,LOCKED
13229,421.895,-143465197727788,-65349,589,-29823.9,30981.3,9.7,-0.055,48382983,LOCKED
13230,422.896,-143465197732178,-36293,29645,-29941.5,31091.3,9.6,-0.063,48473939,LOCKED
13231,423.896,-143465197730800,-3776,62162,-29994.1,30890.6,9.6,-0.065,48569170,LOCKED
13232,424.896,-143465197744696,12447,78385,-30021.0,30706.2,9.6,-0.067,48545037,LOCKED
13233,425.896,-143465197837458,-46536,19402,-30128.2,31286.8,9.4,-0.076,48644493,LOCKED
13234,426.896,-143465197837084,-14705,51233,-30169.1,31328.7,9.3,-0.079,48744547,LOCKED
13235,427.896,-143465197849090,3144,69082,-30158.9,31329.5,9.5,-0.075,48825964,LOCKED
13236,428.897,-143465197857477,23096,89034,-30107.9,31475.6,9.4,-0.070,48908990,LOCKED
13237,429.896,-143465197978877,-64612,1326,-30176.4,32491.2,9.4,-0.074,48878946,LOCKED
13238,430.897,-143465197957829,-11369,54569,-30256.7,32190.2,9.4,-0.068,48991646,LOCKED
13239,431.896,-143465197963662,13244,79182,-30288.2,31961.5,9.3,-0.062,49078422,LOCKED
13240,432.898,-143465197974027,31716,97654,-30269.7,32122.1,9.0,-0.076,49162985,LOCKED
13241,433.896,-143465198012885,21840,87778,-30242.7,32246.7,9.0,-0.069,49110889,LOCKED
13242,434.896,-143465198133587,-62683,2666,-30430.2,32805.6,9.1,-0.064,49184373,LOCKED
13243,435.896,-143465198157622,-51108,14241,-30599.7,32955.6,9.1,-0.059,49254766,LOCKED
13244,436.897,-143465198176160,-35537,29812,-30713.1,33071.3,9.1,-0.057,49326244,LOCKED
13245,437.897,-143465198151804,18319,83668,-30684.0,33163.9,9.2,-0.027,49449775,LOCKED
13246,438.897,-143465198149552,47152,112501,-30560.8,33630.3,9.3,-0.044,49545405,LOCKED
13247,439.897,-143465198275565,-43059,22290,-30746.8,33044.9,9.4,-0.017,49510839,LOCKED
13248,440.896,-143465198236877,25283,90632,-30735.2,33125.7,9.4,-0.019,49638775,LOCKED
13249,441.897,-143465198256104,34325,99674,-30671.1,33450.7,9.5,-0.034,49713468,LOCKED
13250,442.897,-143465198268732,48121,113470,-30542.5,33910.0,9.3,-0.054,49792380,LOCKED
13251,443.897,-143465198313304,30551,95900,-30419.3,33734.7,9.4,-0.027,49736581,LOCKED
13252,444.897,-143465198428904,-49835,15514,-30572.0,34032.7,9.5,-0.045,49813387,LOCKED
13253,445.897,-143465198447889,-35386,29963,-30653.7,34336.3,9.3,-0.046,49891497,LOCKED
13254,446.897,-143465198468893,-23788,41561,-30709.9,34469.7,9.3,-0.058,49962817,LOCKED
13255,447.897,-143465198489065,-10864,54485,-30809.2,33937.6,9.3,-0.055,50036155,LOCKED
13256,448.897,-143465198509037,-1234,64115,-30747.7,33578.7,9.2,-0.051,50108524,LOCKED
13257,449.897,-143465198531222,7760,73109,-30781.9,33391.0,9.0,-0.048,50181062,LOCKED
13258,450.897,-143465198539134,27967,93316,-30697.6,33494.9,9.1,-0.038,50161984,LOCKED
13259,451.897,-143465198561756,35316,100665,-30720.7,33189.0,9.1,-0.029,50232581,LOCKED
13260,452.898,-143465198666766,-34579,30770,-30879.1,32652.2,8.9,-0.028,50323764,LOCKED
13261,453.897,-143465198683742,-18119,47230,-30974.7,32370.0,8.8,-0.022,50400535,LOCKED
13262,454.898,-143465198684950,11127,76476,-30967.6,32390.9,8.1,-0.023,50489364,LOCKED
13263,455.898,-143465198718178,7106,72455,-30892.9,32043.9,8.3,-0.017,50571645,LOCKED
13264,456.897,-143465198791538,-31522,33827,-31029.2,31713.5,8.0,-0.019,50664825,LOCKED
13265,457.898,-143465198808922,-16582,48767,-31065.2,31788.8,8.5,-0.010,50650644,LOCKED
13266,458.898,-143465198812147,10070,75419,-31023.6,31764.0,8.4,-0.007,50738396,LOCKED
13267,459.898,-143465198811103,38802,104151,-30924.2,32106.6,8.4,-0.009,50835337,LOCKED
13268,460.898,-143465198908512,-25452,39897,-30991.5,32244.4,8.4,-0.011,50831314,LOCKED
13269,461.898,-143465198904737,8480,73829,-30964.6,32251.4,8.4,-0.012,50927725,LOCKED
13270,462.898,-143465198910486,30696,96045,-30868.2,32352.7,8.3,-0.012,51017587,LOCKED
13271,463.898,-143465198927296,40665,106014,-30734.9,32467.3,8.2,-0.011,50985530,LOCKED
13272,464.898,-143465199025803,-24113,41236,-30842.0,32244.1,8.3,-0.009,51086151,LOCKED
13273,465.898,-143465199042637,-8830,56519,-30890.0,32168.0,8.3,-0.005,51163723,LOCKED
13274,466.898,-143465199044427,18845,84194,-30851.3,32266.8,8.3,-0.006,51255066,LOCKED
13275,467.898,-143465199047603,42897,108246,-30744.6,32697.7,8.5,-0.010,51345600,LOCKED
13276,468.898,-143465199083418,34105,99454,-30618.4,32621.1,8.5,-0.006,51295169,LOCKED
13277,469.899,-143465199191560,-42177,23172,-30609.2,32487.6,8.7,-0.010,51382072,LOCKED
13278,470.899,-143465199200711,-19286,46063,-30647.5,32591.2,8.7,-0.007,51468777,LOCKED
13279,471.899,-143465199213522,-1651,63698,-30634.8,32569.8,8.8,-0.010,51547565,LOCKED
13280,472.899,-143465199231310,9334,74683,-30558.8,32265.3,8.8,-0.011,51626246,LOCKED
13281,473.898,-143465199240702,26766,92115,-30419.8,31675.8,8.9,-0.006,51706883,LOCKED
13282,474.899,-143465199259834,36628,101977,-30410.7,31778.0,8.8,-0.002,51782781,LOCKED
13283,475.900,-143465199294662,30527,95876,-30378.8,32003.6,8.9,-0.003,51735605,LOCKED
13284,476.899,-143465199405566,-47277,18072,-30433.8,32569.7,8.8,0.002,51821051,LOCKED
13285,477.899,-143465199424189,-33937,31412,-30452.5,32741.5,8.7,0.008,51898377,LOCKED
13286,478.899,-143465199447319,-24516,40833,-30514.8,32876.1,8.6,-0.001,51969899,LOCKED
13287,479.899,-143465199454499,235,65584,-30584.8,32420.6,8.6,0.005,52056361,LOCKED
13288,480.899,-143465199446611,34974,100323,-30459.5,32389.8,8.9,0.011,52153813,LOCKED
13289,481.900,-143465199463238,47076,112425,-30452.9,32486.5,9.3,0.016,52231621,LOCKED
13290,482.899,-143465199507019,32173,97522,-30429.1,32681.7,9.2,0.004,52174541,LOCKED
13291,483.899,-143465199624595,-51835,13514,-30497.0,33383.9,9.5,-0.001,52255787,LOCKED
13292,484.899,-143465199644979,-39967,25382,-30516.7,33596.2,9.6,-0.006,52330010,LOCKED
13293,485.900,-143465199663575,-25125,40224,-30618.5,33471.6,9.9,-0.015,52404586,LOCKED
13294,486.899,-143465199672770,-3290,62059,-30633.3,33467.4,10.2,-0.026,52487515,LOCKED
13295,487.900,-143465199684552,14115,79464,-30585.7,33475.5,9.9,-0.050,52568265,LOCKED
13296,488.900,-143465199700584,25584,90933,-30476.6,33285.5,10.3,-0.022,52642884,LOCKED
13297,489.901,-143465199707352,47781,113130,-30481.9,33202.2,10.6,-0.000,52729049,LOCKED
13298,490.900,-143465199805267,-18337,47012,-30516.0,33295.1,10.6,-0.015,52722657,LOCKED
13299,491.899,-143465199814932,1590,66939,-30473.2,33151.3,10.6,-0.015,52806679,LOCKED
13300,492.900,-143465199840520,4568,69917,-30387.1,32599.9,10.7,-0.045,52873456,LOCKED
13301,493.900,-143465199848125,24260,89609,-30275.5,32326.9,10.6,-0.062,52959249,LOCKED
13302,494.900,-143465199886918,16300,81649,-30330.1,31755.3,10.8,-0.077,53026604,LOCKED
13303,495.900,-143465199895452,37082,102431,-30342.1,31595.0,10.8,-0.077,53096153,LOCKED
13304,496.900,-143465199921304,39996,105345,-30331.2,31728.1,10.9,-0.090,53059917,LOCKED
13305,497.900,-143465200050192,-55418,9931,-30393.4,32495.5,10.8,-0.092,53131470,LOCKED
13306,498.900,-143465200060152,-34444,30905,-30362.6,32061.7,10.6,-0.088,53223222,LOCKED
13307,499.900,-143465200066746,-8606,56743,-30450.0,31590.2,10.7,-0.100,53294687,LOCKED
13308,500.900,-143465200053695,31802,97151,-30350.9,31706.9,10.8,-0.090,53298633,LOCKED
13309,501.900,-143465200101672,11964,77313,-30262.1,31310.7,10.6,-0.088,53363161,LOCKED
13310,502.900,-143465200180003,-35738,29611,-30220.5,30639.2,10.7,-0.080,53461193,LOCKED
13311,503.900,-143465200212047,-36718,28631,-30200.8,30351.6,10.6,-0.081,53534562,LOCKED
13312,504.900,-143465200202023,4460,69809,-30255.1,29974.1,10.4,-0.082,53623580,LOCKED
13313,505.901,-143465200188825,45679,111028,-30221.4,30397.7,10.4,-0.083,53730763,LOCKED
13314,506.901,-143465200298019,-30547,34802,-30305.6,30587.7,10.2,-0.078,53712455,LOCKED
13315,507.901,-143465200283571,13604,78953,-30298.6,30615.6,10.2,-0.073,53820887,LOCKED
13316,508.901,-143465200281981,42517,107866,-30223.1,31155.2,10.2,-0.075,53910845,LOCKED
13317,509.901,-143465200395393,-38365,26984,-30272.6,31557.9,10.2,-0.072,53891749,LOCKED
13318,510.901,-143465200366702,18199,83548,-30185.0,31358.4,10.3,-0.068,54013751,LOCKED
13319,511.901,-143465200388135,23791,89140,-30069.2,30998.3,10.3,-0.068,53979444,LOCKED
13320,512.901,-143465200490923,-44782,20567,-30198.4,31344.1,10.3,-0.066,54073133,LOCKED
13321,513.901,-143465200490759,-12839,52510,-30254.8,31282.8,10.3,-0.063,54168862,LOCKED
13322,514.901,-143465200499916,7458,72807,-30227.8,31280.7,10.3,-0.065,54252440,LOCKED
13323,515.901,-143465200511360,24343,89692,-30175.0,31445.1,10.3,-0.062,54334311,LOCKED
13324,516.901,-143465200523752,40592,105941,-30167.3,31544.7,10.3,-0.065,54412926,LOCKED
13325,517.901,-143465200651532,-52498,12851,-30302.2,32169.4,10.1,-0.059,54376036,LOCKED
13326,518.901,-143465200662284,-30774,34575,-30357.8,32439.5,10.1,-0.059,54458223,LOCKED
13327,519.901,-143465200678300,-16340,49009,-30335.1,32270.9,10.1,-0.059,54530635,LOCKED
13328,520.901,-143465200645578,44889,110238,-30320.0,32469.2,10.1,-0.060,54655929,LOCKED
13329,521.902,-143465200692179,26853,92202,-30278.5,32670.5,10.1,-0.063,54597016,LOCKED
13330,522.901,-143465200811742,-59109,6240,-30343.3,33507.7,10.0,-0.065,54675697,LOCKED
13331,523.901,-143465200832946,-47890,17459,-30365.8,33798.9,10.0,-0.067,54747537,LOCKED
13332,524.901,-143465200862284,-42737,22612,-30497.4,34011.4,10.0,-0.066,54814202,LOCKED
13333,525.901,-143465200876131,-23642,41707,-30578.2,34026.4,10.1,-0.064,54890323,LOCKED
13334,526.901,-143465200891939,-8427,56922,-30586.0,34041.4,10.0,-0.069,54967167,LOCKED
13335,527.902,-143465200909123,3607,68956,-30524.8,33778.0,9.7,-0.078,55042449,LOCKED
13336,528.901,-143465200924906,16211,81560,-30446.6,33630.0,9.7,-0.077,55120234,LOCKED
13337,529.901,-143465200929908,40506,105855,-30457.7,33479.2,9.3,-0.089,55207691,LOCKED
13338,530.901,-143465201040422,-36068,29281,-30568.8,33631.9,9.2,-0.096,55189725,LOCKED
13339,531.901,-143465201066233,-28850,36499,-30641.7,33815.2,8.7,-0.111,55254582,LOCKED
13340,532.902,-143465201093482,-23743,41606,-30686.4,33967.7,8.9,-0.118,55321616,LOCKED
13341,533.902,-143465201098276,1392,66741,-30651.5,33874.8,8.9,-0.118,55405340,LOCKED
13342,534.902,-143465201118076,10401,75750,-30578.2,33635.0,8.8,-0.128,55483067,LOCKED
13343,535.902,-143465201134826,21663,87012,-30488.1,33521.7,8.9,-0.128,55559904,LOCKED
13344,536.902,-143465201143612,42141,107490,-30498.2,33379.4,8.8,-0.139,55640822,LOCKED
13345,537.902,-143465201157206,56467,121816,-30465.5,33861.4,9.0,-0.149,55721229,LOCKED
13346,538.902,-143465201291401,-43153,22196,-30595.7,34104.0,9.0,-0.150,55680133,LOCKED
13347,539.902,-143465201303789,-22943,42406,-30655.9,34211.1,9.1,-0.151,55760141,LOCKED
13348,540.902,-143465201289333,19876,85225,-30576.3,34141.7,9.0,-0.149,55883546,LOCKED
13349,541.902,-143465201358568,-18960,46389,-30535.9,33760.9,9.0,-0.128,55950590,LOCKED
13350,542.902,-143465201415184,-43144,22205,-30557.3,34006.5,9.0,-0.140,55929283,LOCKED
13351,543.902,-143465201436508,-29858,35491,-30706.8,33409.8,8.9,-0.120,55998613,LOCKED
13352,544.903,-143465201439487,-324,65025,-30795.1,32711.7,9.0,-0.117,56094008,LOCKED
13353,545.902,-143465201439293,30049,95398,-30814.9,32484.1,8.9,-0.111,56185442,LOCKED
13354,546.903,-143465201441493,55566,120915,-30755.2,33220.9,8.8,-0.088,56274545,LOCKED
13355,547.903,-143465201566885,-36462,28887,-30822.7,33586.7,8.8,-0.098,56247379,LOCKED
13356,548.903,-143465201571869,-10309,55040,-30820.9,33580.8,8.3,-0.101,56331302,LOCKED
13357,549.903,-143465201580861,9578,74927,-30741.4,33253.0,7.8,-0.115,56418383,LOCKED
13358,550.903,-143465201579482,39939,105288,-30721.5,33468.3,7.8,-0.111,56404200,LOCKED
13359,551.902,-143465201590633,55909,121258,-30637.6,34301.1,7.7,-0.109,56588871,LOCKED
13360,552.903,-143465201632223,42087,107436,-30566.6,34773.3,7.6,-0.114,56538954,LOCKED
13361,553.904,-143465201749370,-42359,22990,-30601.0,35110.1,7.7,-0.120,56612920,LOCKED
13362,554.903,-143465201749321,-11435,47674,-30595.4,35088.2,7.5,-0.116,56710244,LOCKED
13363,555.903,-143465201758960,7659,66768,-30516.6,34736.2,7.6,-0.121,56795028,LOCKED
13364,556.903,-143465201763480,29972,89081,-30385.4,34439.7,7.4,-0.126,56882449,LOCKED
13365,557.903,-143465201808041,16418,75527,-30443.4,33851.5,7.5,-0.130,56939105,LOCKED
13366,558.904,-143465201805455,47294,106403,-30416.3,34182.8,7.6,-0.135,57029540,LOCKED
13367,559.903,-143465201833825,46417,105526,-30349.9,34739.7,7.4,-0.139,56990035,LOCKED
13368,560.903,-143465201907813,1401,60510,-30284.5,34396.4,7.4,-0.142,57110840,LOCKED
13369,561.903,-143465201914843,22361,81470,-30208.9,34414.9,7.8,-0.151,57192296,LOCKED
13370,562.903,-143465201940802,25718,84827,-30207.8,34423.0,7.7,-0.153,57260531,LOCKED
13371,563.903,-143465201953718,41139,100248,-30184.4,34668.6,8.1,-0.160,57340703,LOCKED
13372,564.904,-143465202083934,-55461,3648,-30260.7,35440.1,8.1,-0.163,57304478,LOCKED
13373,565.903,-143465202092482,-33363,25746,-30224.1,34960.3,8.2,-0.165,57386474,LOCKED
13374,566.903,-143465202115284,-23517,35592,-30304.1,34977.1,8.1,-0.165,57457400,LOCKED
13375,567.904,-143465202134834,-12608,46501,-30290.7,34910.8,8.3,-0.169,57528829,LOCKED
13376,568.904,-143465202143398,6756,65865,-30185.7,34170.4,8.6,-0.174,57611992,LOCKED
13377,569.904,-143465202152860,26566,85675,-30185.1,34175.7,8.8,-0.176,57696234,LOCKED
13378,570.903,-143465202245439,-34558,24551,-30189.9,34224.9,8.9,-0.177,57693356,LOCKED
13379,571.904,-143465202258244,-17441,41668,-30147.7,33839.8,9.2,-0.181,57772323,LOCKED
13380,572.904,-143465202271818,150,59259,-30198.0,33612.6,9.3,-0.181,57850543,LOCKED
13381,573.904,-143465202286204,14939,74048,-30172.6,33673.7,9.5,-0.180,57931065,LOCKED
13382,574.903,-143465202306042,22929,82038,-30095.5,33696.4,9.5,-0.181,57897263,LOCKED
13383,575.904,-143465202415770,-54415,4694,-30117.3,34022.8,9.6,-0.178,57983482,LOCKED
13384,576.908,-143465202418798,-27572,31537,-30059.2,33221.5,9.8,-0.180,58074060,LOCKED
13385,577.904,-143465202450660,-26338,32771,-30164.7,33096.7,9.7,-0.175,58150376,LOCKED
13386,578.906,-143465202442404,11886,70995,-30174.8,33049.0,9.9,-0.176,58237844,LOCKED
13387,579.905,-143465202437187,44348,103457,-30104.7,33588.0,10.0,-0.171,58337115,LOCKED
13388,580.904,-143465202519387,-9236,49873,-30016.0,32616.3,10.4,-0.165,58347503,LOCKED
13389,581.904,-143465202513814,23071,82180,-29893.1,32138.2,10.6,-0.165,58445099,LOCKED
13390,582.905,-143465202619970,-48448,10661,-30045.7,32384.2,10.6,-0.156,58430663,LOCKED
13391,583.904,-143465202617148,-13430,45679,-30129.0,32102.9,11.0,-0.146,58526446,LOCKED
13392,584.905,-143465202652563,-16293,42816,-30221.0,31801.8,11.1,-0.143,58582233,LOCKED
13393,585.904,-143465202652582,13768,72877,-30237.1,31704.6,11.4,-0.129,58676831,LOCKED
13394,586.906,-143465202667762,27270,86379,-30206.0,31893.6,11.8,-0.122,58644943,LOCKED
13395,587.904,-143465202760116,-32735,26374,-30256.8,32197.9,11.7,-0.104,58748010,LOCKED
13396,588.904,-143465202758151,-1057,58052,-30228.3,32112.2,11.5,-0.084,58847174,LOCKED
13397,589.905,-143465202759905,24177,83286,-30109.3,31729.0,11.5,-0.073,58936108,LOCKED
13398,590.905,-143465202852229,-34471,24638,-30227.2,31761.9,11.2,-0.049,58939716,LOCKED
13399,591.905,-143465202869016,-18601,40508,-30315.7,31566.7,10.7,-0.014,59019075,LOCKED
13400,592.906,-143465202880585,1193,60302,-30369.2,31272.4,10.7,-0.007,59103846,LOCKED
13401,593.905,-143465202880547,29821,88930,-30331.4,31513.4,10.6,-0.003,59193888,LOCKED
13402,594.905,-143465202920735,18575,77684,-30294.1,31612.0,10.4,0.018,59143698,LOCKED
13403,595.905,-143465203015131,-43138,15971,-30339.6,32065.9,10.2,0.026,59239591,LOCKED
13404,596.905,-143465203031727,-28761,30348,-30322.8,31880.5,10.0,0.051,59320820,LOCKED
13405,597.905,-143465203059255,-26168,32941,-30269.3,31139.7,9.9,0.062,59386256,LOCKED
13406,598.905,-143465203081216,-15225,43884,-30373.5,30625.6,9.4,0.093,59459972,LOCKED
13407,599.906,-143465203087838,8966,68075,-30410.1,30380.8,9.0,0.118,59544385,LOCKED
13408,600.906,-143465203180604,-50360,8749,-30475.1,31088.8,9.0,0.115,59542296,LOCKED
13409,601.906,-143465203197038,-33079,26030,-30579.3,31207.1,8.8,0.110,59617092,LOCKED
13410,602.906,-143465203197808,-1210,57899,-30678.6,30287.1,9.0,0.098,59710066,LOCKED
13411,603.905,-143465203213824,14242,73351,-30741.1,29581.2,8.7,0.096,59785317,LOCKED
13412,604.906,-143465203213640,43068,102177,-30709.7,29959.8,8.4,0.094,59878698,LOCKED
13413,605.906,-143465203252006,32925,92034,-30642.3,30282.3,8.5,0.086,59825919,LOCKED
13414,606.906,-143465203357994,-40847,18262,-30651.6,30405.4,8.2,0.086,59915605,LOCKED
13415,607.906,-143465203384834,-32688,26421,-30810.9,29694.6,8.2,0.087,59983964,LOCKED
13416,608.905,-143465203400788,-15420,43689,-30903.8,29328.0,8.0,0.082,60062466,LOCKED
13417,609.906,-143465203418399,-1361,57748,-30939.2,29217.0,7.9,0.083,60135816,LOCKED
13418,610.906,-143465203395085,49048,108157,-30831.9,29921.2,7.8,0.091,60254878,LOCKED
13419,611.906,-143465203437724,33672,92781,-30712.5,29905.5,7.7,0.100,60200598,LOCKED
13420,612.906,-143465203542506,-38675,20434,-30732.7,30138.8,7.6,0.101,60287115,LOCKED
13421,613.906,-143465203563874,-25446,33663,-30880.4,29267.6,7.8,0.108,60363904,LOCKED
13422,614.906,-143465203601425,-28933,30176,-30988.7,29191.5,7.6,0.116,60417537,LOCKED
13423,615.910,-143465203630450,-24723,34386,-31058.0,29315.1,7.8,0.123,60482700,LOCKED
13424,616.906,-143465203634188,2101,61210,-31037.1,29286.1,7.7,0.125,60573634,LOCKED
13425,617.906,-143465203674588,-6692,52417,-31054.0,29297.5,7.9,0.131,60630328,LOCKED
13426,618.906,-143465203663176,32439,91548,-30944.0,29340.5,8.0,0.136,60732168,LOCKED
13427,619.906,-143465203689661,33296,92405,-30822.4,29279.5,7.9,0.139,60807468,LOCKED
13428,620.907,-143465203788495,-32346,26763,-30885.0,29603.6,8.1,0.144,60792523,LOCKED
13429,621.906,-143465203794109,-7251,51858,-30864.3,29506.3,8.3,0.147,60878406,LOCKED
13430,622.907,-143465203808519,7769,66878,-30806.7,29328.3,8.4,0.152,60955331,LOCKED
13431,623.907,-143465203811513,31769,90878,-30672.1,29007.9,8.5,0.149,61047185,LOCKED
13432,624.907,-143465203834623,38450,97559,-30692.9,28671.4,8.4,0.152,61125931,LOCKED
13433,625.907,-143465203882531,20864,79973,-30709.4,28516.0,8.3,0.155,61191283,LOCKED
13434,626.907,-143465203967097,-30056,29053,-30803.8,28625.5,8.3,0.158,61174767,LOCKED
13435,627.907,-143465204006325,-35471,23638,-30892.6,28954.3,8.3,0.157,61237493,LOCKED
13436,628.906,-143465204013064,-10741,48368,-30903.1,28983.7,8.4,0.156,61311819,LOCKED
13437,629.907,-143465204011262,19663,78772,-30822.7,28888.5,8.4,0.156,61408438,LOCKED
13438,630.907,-143465204085262,-20883,38226,-30917.2,28678.3,8.6,0.155,61426752,LOCKED
13439,631.907,-143465204092592,3127,62236,-30943.3,28577.3,8.8,0.155,61511321,LOCKED
13440,632.907,-143465204098050,26810,85919,-30899.4,28807.3,8.9,0.153,61599082,LOCKED
13441,633.907,-143465204105612,46367,105476,-30790.7,29411.2,8.9,0.152,61684081,LOCKED
13442,634.907,-143465204120751,57010,116119,-30639.4,30151.9,8.8,0.158,61765749,LOCKED
13443,635.907,-143465204162525,44416,103525,-30641.7,30115.6,8.9,0.157,61712996,LOCKED
13444,636.907,-143465204257889,-18328,40781,-30708.4,30099.4,8.9,0.157,61811277,LOCKED
13445,637.908,-143465204269823,1180,60289,-30746.5,29938.8,8.8,0.165,61895746,LOCKED
13446,638.907,-143465204287190,13128,72237,-30698.0,29926.7,8.8,0.164,61976946,LOCKED
13447,639.907,-143465204301784,25599,84708,-30562.0,29290.2,8.8,0.163,62053316,LOCKED
13448,640.908,-143465204398716,-38281,20828,-30620.6,29740.7,8.7,0.149,62047837,LOCKED
13449,641.907,-143465204407569,-16773,42336,-30579.9,29328.9,8.7,0.146,62133633,LOCKED
13450,642.907,-143465204415519,6589,65698,-30626.9,28990.2,9.0,0.139,62215505,LOCKED
13451,643.907,-143465204412906,37306,96415,-30565.0,29428.2,8.8,0.125,62315229,LOCKED
13452,644.908,-143465204448313,30543,89652,-30521.4,29709.0,8.8,0.108,62265315,LOCKED
13453,645.907,-143465204557108,-45478,13631,-30556.4,30145.7,8.6,0.094,62351219,LOCKED
13454,646.908,-143465204564508,-22238,36871,-30523.5,29779.6,8.3,0.078,62439668,LOCKED
13455,647.907,-143465204590077,-15535,43574,-30583.5,29745.7,8.3,0.077,62505874,LOCKED
13456,648.908,-143465204601863,2652,61761,-30557.9,29703.5,8.2,0.059,62586794,LOCKED
13457,649.908,-143465204608463,23489,82598,-30443.6,29332.9,8.2,0.055,62672633,LOCKED
13458,650.907,-143465204702953,-37371,21738,-30538.0,29684.7,8.2,0.055,62674843,LOCKED
13459,651.909,-143465204731367,-32783,26326,-30604.5,30008.4,8.2,0.050,62732705,LOCKED
13460,652.908,-143465204748577,-18539,40570,-30615.4,30067.2,8.3,0.059,62808318,LOCKED
13461,653.908,-143465204763093,-3720,55389,-30546.2,29494.2,8.4,0.046,62890021,LOCKED
13462,654.908,-143465204778339,9614,68723,-30465.5,29106.1,8.4,0.053,62969201,LOCKED
13463,655.908,-143465204784089,32918,92027,-30451.0,29256.6,8.2,0.061,63053731,LOCKED
13464,656.908,-143465204793875,50477,109586,-30382.4,30009.4,8.5,0.048,63135693,LOCKED
13465,657.908,-143465204842197,30670,89779,-30341.7,30280.1,8.6,0.054,63077143,LOCKED
13466,658.908,-143465204948562,-42454,16655,-30413.5,30823.3,8.6,0.051,63166087,LOCKED
13467,659.908,-143465204968722,-30902,28207,-30425.9,30938.3,8.4,0.048,63239187,LOCKED
13468,660.908,-143465204963262,5923,65032,-30481.9,30517.6,8.4,0.046,63338515,LOCKED
13469,661.908,-143465204971310,27389,86498,-30480.0,30535.5,8.5,0.050,63423685,LOCKED
13470,662.909,-143465205000678,26562,85671,-30428.9,30745.8,8.5,0.040,63485646,LOCKED
13471,663.908,-143465205007487,46315,105424,-30316.0,31286.0,8.5,0.038,63576731,LOCKED
13472,664.909,-143465205048907,31204,90313,-30170.9,30786.7,8.6,0.036,63520095,LOCKED
13473,665.909,-143465205144233,-33344,25765,-30145.2,30427.0,8.4,0.038,63619708,LOCKED
13474,666.909,-143465205175217,-31104,28005,-30244.7,30520.3,8.4,0.036,63700350,LOCKED
13475,667.909,-143465205178181,-2736,56373,-30293.6,30330.7,8.4,0.034,63773100,LOCKED
13476,668.910,-143465205174179,29929,89038,-30263.4,30553.4,8.3,0.035,63872038,LOCKED
13477,669.909,-143465205290606,-52583,6526,-30355.3,31376.7,8.3,0.036,63848561,LOCKED
13478,670.909,-143465205262598,3672,62781,-30257.7,30576.6,8.3,0.041,63968433,LOCKED
13479,671.909,-143465205262239,30614,89723,-30128.0,30291.4,8.3,0.045,64061840,LOCKED
13480,672.909,-143465205378016,-50550,8559,-30264.4,30839.0,8.3,0.043,64040031,LOCKED
13481,673.909,-143465205380656,-20701,38408,-30339.2,30822.3,8.6,0.050,64127021,LOCKED
13482,674.909,-143465205387990,3204,58665,-30388.8,30527.4,8.5,0.052,64212263,LOCKED
13483,675.909,-143465205392599,28172,83633,-30395.9,30454.0,8.4,0.056,64297869,LOCKED
13484,676.909,-143465205422795,26753,82214,-30360.8,30656.1,8.5,0.057,64258107,LOCKED
13485,677.909,-143465205453592,25150,80611,-30345.4,30766.0,8.5,0.062,64321500,LOCKED
13486,678.909,-143465205538354,-28204,27257,-30350.7,30814.2,8.4,0.067,64433235,LOCKED
13487,679.909,-143465205541388,-1823,53638,-30301.6,30548.3,8.5,0.067,64523935,LOCKED
13488,680.909,-143465205553491,16535,71996,-30337.0,30222.0,8.4,0.072,64498984,LOCKED
13489,681.909,-143465205562832,35556,91017,-30299.1,30546.5,8.3,0.078,64582143,LOCKED
13490,682.909,-143465205662566,-31750,23711,-30350.9,30847.8,8.2,0.083,64679948,LOCKED
13491,683.910,-143465205675346,-14210,41251,-30325.7,30663.1,8.1,0.076,64760985,LOCKED
13492,684.910,-143465205677572,11743,67204,-30239.7,30283.9,8.4,0.075,64849589,LOCKED
13493,685.910,-143465205701752,15890,71351,-30172.1,30204.6,8.4,0.075,64816869,LOCKED
13494,686.910,-143465205811076,-58161,0,-30326.0,30960.1,8.2,0.067,64901057,LOCKED
13495,687.910,-143465205822602,-35380,22781,-30462.8,30790.8,8.5,0.067,64983207,LOCKED
13496,688.910,-143465205848014,-27585,30576,-30551.8,30858.1,8.7,0.068,65052069,LOCKED
13497,689.910,-143465205863759,-12168,45993,-30561.5,30889.3,8.7,0.068,65129683,LOCKED
13498,690.910,-143465205843945,36950,95111,-30561.3,30892.6,8.8,0.081,65241769,LOCKED
13499,691.910,-143465205876984,32724,90885,-30529.9,31145.7,8.7,0.091,65198282,LOCKED
13500,692.910,-143465205991986,-48730,9431,-30597.1,31809.6,8.8,0.084,65277040,LOCKED
13501,693.910,-143465206012372,-37095,21066,-30605.3,31903.6,8.8,0.086,65350159,LOCKED
13502,694.910,-143465206034583,-28461,29700,-30569.6,31445.7,8.9,0.071,65423419,LOCKED
13503,695.910,-143465206043145,-7367,50794,-30512.4,30989.4,9.1,0.030,65508834,LOCKED
13504,696.911,-143465206056549,9852,68013,-30534.3,30869.5,9.0,0.024,65585747,LOCKED
13505,697.910,-143465206073131,22421,80582,-30503.6,31012.1,9.2,0.000,65662435,LOCKED
13506,698.910,-143465206096897,26975,85136,-30441.2,31205.6,9.3,0.006,65734608,LOCKED
13507,699.910,-143465206120910,30362,88523,-30342.2,31277.2,9.3,0.011,65798279,LOCKED
13508,700.910,-143465206219374,-34050,24111,-30467.9,31201.3,9.3,0.002,65797341,LOCKED
13509,701.910,-143465206235257,-17538,40623,-30533.5,31175.8,9.4,0.005,65874273,LOCKED
13510,702.911,-143465206259448,-10491,47670,-30550.6,31208.1,9.3,0.028,65940682,LOCKED
13511,703.911,-143465206280814,-2341,55820,-30495.8,30875.1,9.3,0.033,66011923,LOCKED
13512,704.911,-143465206300776,6630,64791,-30430.0,30601.8,9.3,0.028,66086304,LOCKED
13513,705.911,-143465206315403,22477,80638,-30469.6,30138.4,9.3,0.033,66163322,LOCKED
13514,706.911,-143465206324203,42087,100248,-30438.5,30497.0,9.3,0.037,66249294,LOCKED
13515,707.911,-143465206368237,27294,85455,-30425.1,30605.2,9.3,0.041,66195380,LOCKED
13516,708.911,-143465206481354,-51749,6412,-30518.3,31401.0,9.3,0.037,66270818,LOCKED
13517,709.911,-143465206511790,-48992,9169,-30568.2,31976.3,9.3,0.041,66348626,LOCKED
13518,710.911,-143465206500095,-4835,53326,-30653.2,31428.3,9.3,0.045,66442695,LOCKED
13519,711.912,-143465206509928,16434,74595,-30702.7,30918.5,9.3,0.041,66533459,LOCKED
13520,712.911,-143465206579124,-19503,38658,-30796.0,30693.0,9.3,0.045,66613225,LOCKED
13521,713.911,-143465206626276,-32846,25315,-30889.4,30891.0,9.1,0.047,66595393,LOCKED
13522,714.912,-143465206620750,3583,61744,-30896.0,30878.6,9.0,0.050,66692032,LOCKED
13523,715.911,-143465206621523,30935,89096,-30811.3,31073.5,9.0,0.048,66785653,LOCKED
13524,716.911,-143465206637920,41043,99204,-30668.0,31081.5,8.8,0.049,66756355,LOCKED
13525,717.911,-143465206730703,-20613,37548,-30656.1,30985.3,8.8,0.052,66861694,LOCKED
13526,718.912,-143465206725673,15665,73826,-30711.4,30390.2,9.0,0.058,66962837,LOCKED
13527,719.912,-143465206736877,34197,92358,-30720.4,30274.9,9.0,0.059,67046673,LOCKED
13528,720.911,-143465206821219,-18005,40156,-30760.2,30366.8,9.0,0.059,67054097,LOCKED
13529,721.912,-143465206833880,-480,57681,-30731.2,30278.4,9.0,0.062,67133765,LOCKED
13530,722.912,-143465206857242,5788,63949,-30686.7,30171.7,8.8,0.060,67205978,LOCKED
13531,723.912,-143465206873264,17622,75783,-30576.8,29642.3,9.1,0.054,67281872,LOCKED
13532,724.912,-143465206881246,36337,94498,-30446.6,29605.1,9.1,0.051,67365504,LOCKED
13533,725.912,-143465206899614,46034,104195,-30406.2,30096.3,9.1,0.054,67438002,LOCKED
13534,726.912,-143465207034609,-53963,4198,-30542.1,30810.2,9.1,0.054,67393727,LOCKED
13535,727.912,-143465207047211,-33697,24464,-30600.3,31148.1,9.1,0.051,67476071,LOCKED
13536,728.912,-143465207058375,-14464,43697,-30566.2,30868.2,9.1,0.053,67557784,LOCKED
13537,729.912,-143465207064181,11297,69458,-30634.2,30148.2,9.1,0.056,67642011,LOCKED
13538,730.912,-143465207069858,33715,91876,-30565.6,30484.8,9.0,0.059,67736398,LOCKED
13539,731.913,-143465207102665,28161,86322,-30449.6,30288.1,9.3,0.061,67688481,LOCKED
13540,732.912,-143465207121852,38317,96478,-30459.1,30153.0,9.3,0.059,67763366,LOCKED
13541,733.913,-143465207234208,-40160,18001,-30560.3,30549.1,8.9,0.069,67848919,LOCKED
13542,734.913,-143465207252762,-26423,31738,-30601.4,30756.4,8.9,0.068,67921048,LOCKED
13543,735.913,-143465207266411,-9797,48364,-30569.0,30545.1,8.8,0.073,68003636,LOCKED
13544,736.912,-143465207283973,1993,60154,-30512.5,30268.8,9.0,0.080,68075268,LOCKED
13545,737.912,-143465207287549,25977,84138,-30410.6,30159.5,8.9,0.087,68173196,LOCKED
13546,738.913,-143465207301117,40670,98831,-30372.6,30551.7,8.7,0.095,68249675,LOCKED
13547,739.913,-143465207431690,-55940,2221,-30456.0,31461.2,8.6,0.105,68208394,LOCKED
13548,740.913,-143465207419882,-13632,44529,-30435.4,31326.9,8.4,0.116,68312335,LOCKED
13549,741.913,-143465207429650,4987,63148,-30343.0,30656.6,8.1,0.129,68395306,LOCKED
13550,742.913,-143465207453432,11403,69564,-30354.8,30596.4,8.8,0.137,68466914,LOCKED
13551,743.913,-143465207457066,35693,93854,-30294.8,30977.3,8.9,0.145,68556522,LOCKED
13552,744.913,-143465207504590,16336,74497,-30217.4,30826.4,9.0,0.141,68499731,LOCKED
13553,745.913,-143465207593580,-40888,17273,-30225.4,30931.1,9.2,0.152,68604752,LOCKED
13554,746.913,-143465207618810,-32170,25991,-30354.9,30721.0,9.3,0.135,68688097,LOCKED
13555,747.913,-143465207619594,-1533,56628,-30404.7,30503.8,9.4,0.108,68765341,LOCKED
13556,748.913,-143465207621163,26321,84482,-30400.3,30541.6,9.5,0.084,68858032,LOCKED
13557,749.913,-143465207731581,-49875,8286,-30505.1,31254.6,9.5,0.076,68838276,LOCKED
13558,750.913,-143465207699733,10402,68563,-30420.4,30859.0,9.7,0.038,68965699,LOCKED
13559,751.913,-143465207719516,18393,76554,-30320.9,30518.7,9.6,0.064,68931111,LOCKED
13560,752.913,-143465207749133,19288,77449,-30362.4,30069.0,9.5,0.040,68994441,LOCKED
13561,753.913,-143465207847505,-44375,13786,-30502.2,30289.2,9.8,0.019,69088882,LOCKED
13562,754.914,-143465207858137,-21876,36285,-30595.1,30140.4,10.4,-0.011,69173281,LOCKED
13563,755.914,-143465207855189,11308,69469,-30596.3,30135.5,10.4,-0.022,69269083,LOCKED
13564,756.914,-143465207852125,41886,100047,-30514.5,30660.7,10.8,-0.048,69366999,LOCKED
13565,757.914,-143465207977953,-50638,7523,-30567.2,31298.5,10.7,-0.055,69335580,LOCKED
13566,758.914,-143465207996696,-37188,20973,-30585.2,31491.3,10.6,-0.056,69407457,LOCKED
13567,759.914,-143465208007300,-17224,40937,-30555.7,31237.3,10.6,-0.065,69488660,LOCKED
13568,760.913,-143465207982458,36761,94922,-30547.5,31332.2,11.0,-0.081,69607492,LOCKED
13569,761.914,-143465208019301,29095,87256,-30528.6,31482.0,10.9,-0.087,69558779,LOCKED
13570,762.914,-143465208130264,-47593,10568,-30633.5,32095.6,10.9,-0.092,69639962,LOCKED
13571,763.914,-143465208139502,-24310,33851,-30685.8,32256.2,10.8,-0.090,69729017,LOCKED
13572,764.914,-143465208157650,-11138,47023,-30698.4,32287.1,10.8,-0.094,69802611,LOCKED
13573,765.914,-143465208171049,5097,63258,-30654.5,32181.2,10.9,-0.086,69881338,LOCKED
13574,766.914,-143465208172835,30313,88474,-30525.4,31905.5,11.0,-0.077,69971454,LOCKED
13575,767.914,-143465208194992,35035,93196,-30404.5,31927.9,11.1,-0.069,70043707,LOCKED
13576,768.914,-143465208315590,-50065,8096,-30571.6,32061.6,11.6,-0.058,70016286,LOCKED
13577,769.915,-143465208328798,-28909,29252,-30709.9,31579.8,11.6,-0.051,70095760,LOCKED
13578,770.914,-143465208311123,18613,76774,-30698.5,31638.2,12.0,-0.040,70208573,LOCKED
13579,771.916,-143465208329190,28926,87087,-30632.7,31859.7,12.4,-0.031,70276961,LOCKED
13580,772.914,-143465208347188,39802,97963,-30612.6,32085.1,13.2,-0.018,70354874,LOCKED
13581,773.915,-143465208385395,31628,89789,-30636.7,31778.1,13.5,-0.008,70306221,LOCKED
13582,774.915,-143465208407975,37480,95641,-30590.8,32146.5,14.2,0.004,70373849,LOCKED
13583,775.915,-143465208529743,-50841,7320,-30646.5,32777.3,14.9,0.013,70447901,LOCKED
13584,776.915,-143465208545729,-34922,23239,-30650.2,32817.0,15.4,0.023,70524439,LOCKED
13585,777.915,-143465208565682,-21708,36453,-30737.8,32725.0,16.0,0.034,70595980,LOCKED
13586,778.915,-143465208574076,435,58596,-30728.7,32718.6,16.3,0.047,70682647,LOCKED
13587,779.915,-143465208593254,10385,68546,-30667.2,32577.6,16.4,0.054,70752477,LOCKED
13588,780.916,-143465208588296,43917,102078,-30637.5,32916.2,16.9,0.063,70745589,LOCKED
13589,781.915,-143465208613226,46707,104868,-30571.9,33498.0,17.3,0.071,70814985,LOCKED
13590,782.915,-143465208720016,-27558,30603,-30622.0,33706.1,17.4,0.078,70908790,LOCKED
13591,783.915,-143465208736192,-12676,45485,-30622.3,33707.3,17.4,0.072,70981111,LOCKED
13592,784.915,-143465208745832,6581,64742,-30548.5,33371.7,17.5,0.073,71067151,LOCKED
13593,785.915,-143465208788643,-6993,51168,-30472.3,32675.0,17.5,0.078,71134406,LOCKED
13594,786.915,-143465208786251,25883,84044,-30516.0,32130.6,17.6,0.084,71212672,LOCKED
13595,787.916,-143465208794026,46646,104807,-30496.5,32391.9,17.8,0.083,71294301,LOCKED
13596,788.915,-143465208918032,-43249,14912,-30602.1,32839.0,17.9,0.082,71264446,LOCKED
13597,789.915,-143465208911002,-5421,52740,-30602.7,32840.0,17.9,0.088,71365545,LOCKED
13598,790.915,-143465208901964,30989,89150,-30495.5,32854.2,18.3,0.085,71363458,LOCKED
13599,791.916,-143465208990568,-26391,31770,-30487.3,32779.0,18.4,0.072,71467625,LOCKED
13600,792.915,-143465208997516,-4119,54042,-30418.2,32245.4,18.5,0.067,71558241,LOCKED
13601,793.916,-143465208990874,31982,90143,-30424.3,32177.8,18.6,0.061,71661935,LOCKED
13602,794.916,-143465209115065,-56936,1225,-30567.9,32919.9,19.0,0.051,71632664,LOCKED
13603,795.915,-143465209117804,-26821,31340,-30635.5,33082.1,19.3,0.039,71720923,LOCKED
13604,796.916,-143465209143410,-20359,37802,-30672.1,33197.3,19.4,0.010,71792415,LOCKED
13605,797.916,-143465209149787,2819,60980,-30621.8,33013.4,19.6,0.038,71881333,LOCKED
13606,798.916,-143465209141145,37853,96014,-30476.9,32852.7,19.6,0.043,71979060,LOCKED
13607,799.916,-143465209164585,43665,101826,-30489.5,32662.1,19.8,0.061,72049006,LOCKED
13608,800.915,-143465209269918,-28801,29360,-30558.4,32864.5,19.9,0.076,72034781,LOCKED
13609,801.916,-143465209281731,-9686,48475,-30560.4,32870.4,19.9,0.075,72115289,LOCKED
13610,802.916,-143465209293543,7955,66116,-30519.2,32820.3,19.6,0.055,72196708,LOCKED
13611,803.916,-143465209308767,20278,78439,-30406.9,32394.2,19.5,0.046,72271246,LOCKED
13612,804.916,-143465209315157,40400,98561,-30282.6,32594.2,19.2,0.005,72359117,LOCKED
13613,805.916,-143465209355335,29344,87505,-30274.5,32665.1,18.9,-0.044,72303832,LOCKED
13614,806.917,-143465209373709,39240,96176,-30241.3,32981.6,18.8,-0.053,72380168,LOCKED
13615,807.917,-143465209492485,-46393,10543,-30306.7,33555.1,18.7,-0.051,72461229,LOCKED
13616,808.916,-143465209497609,-21059,35877,-30279.0,33303.2,18.7,-0.059,72548497,LOCKED
13617,809.916,-143465209506621,1578,58514,-30349.0,32823.7,18.6,-0.058,72629620,LOCKED
13618,810.917,-143465209595326,-53682,3254,-30411.8,33535.8,18.3,-0.065,72635966,LOCKED
13619,811.916,-143465209598790,-25924,31012,-30408.5,33507.5,18.4,-0.057,72725921,LOCKED
13620,812.916,-143465209595572,6214,63150,-30345.6,33275.7,18.3,-0.057,72821825,LOCKED
13621,813.916,-143465209602552,28860,85796,-30358.3,33144.9,18.0,-0.065,72906425,LOCKED
13622,814.917,-143465209715740,-49865,7071,-30477.1,33742.5,17.2,-0.073,72887304,LOCKED
13623,815.917,-143465209732530,-34243,22693,-30515.1,34018.8,16.9,-0.082,72963852,LOCKED
13624,816.917,-143465209728884,-1603,55333,-30437.7,33446.9,16.1,-0.091,73056501,LOCKED
13625,817.917,-143465209764337,-4638,52298,-30527.3,32851.6,16.0,-0.105,73135609,LOCKED
13626,818.917,-143465209837293,-42736,14200,-30669.1,32956.4,15.9,-0.113,73228609,LOCKED
13627,819.917,-143465209849889,-22318,34618,-30747.1,32957.7,15.5,-0.122,73215822,LOCKED
13628,820.918,-143465209804225,49541,106477,-30605.9,33372.3,14.5,-0.134,73356480,LOCKED
13629,821.917,-143465209922586,-36687,20249,-30619.8,33516.0,13.9,-0.139,73330665,LOCKED
13630,822.918,-143465209956401,-35591,21345,-30771.6,33148.7,13.3,-0.141,73411749,LOCKED
13631,823.917,-143465209924221,26722,83658,-30784.7,33021.5,13.0,-0.146,73515355,LOCKED
13632,824.918,-143465210019562,-34607,22329,-30885.7,33207.6,12.2,-0.154,73512757,LOCKED
13633,825.918,-143465210023595,-6972,49964,-30912.6,33201.8,12.1,-0.158,73602289,LOCKED
13634,826.917,-143465210005625,38520,95456,-30810.0,33502.0,12.1,-0.159,73713266,LOCKED
13635,827.917,-143465210015921,54150,111086,-30660.1,34034.1,12.0,-0.160,73798469,LOCKED
13636,828.917,-143465210148151,-42521,14415,-30830.2,33718.8,12.0,-0.161,73760958,LOCKED
13637,829.918,-143465210142319,-4073,52863,-30911.2,33234.1,11.9,-0.164,73853652,LOCKED
13638,830.917,-143465210135452,31402,88338,-30850.2,33503.5,12.0,-0.165,73956343,LOCKED
13639,831.917,-143465210157927,36607,93543,-30755.4,33786.8,12.2,-0.162,74025644,LOCKED
13640,832.918,-143465210186860,34838,91774,-30636.8,33824.7,12.1,-0.159,73984084,LOCKED
13641,833.918,-143465210298302,-43936,13000,-30663.5,34124.6,12.2,-0.159,74066502,LOCKED
13642,834.918,-143465210306638,-21445,35491,-30635.8,33873.1,12.1,-0.155,74155676,LOCKED
13643,835.918,-143465210326906,-8622,48314,-30742.2,33147.8,12.0,-0.149,74228109,LOCKED
13644,836.918,-143465210328198,20848,77784,-30777.9,32794.0,12.0,-0.143,74321372,LOCKED
13645,837.918,-143465210341440,36973,93909,-30770.1,32880.6,11.9,-0.137,74399987,LOCKED
13646,838.918,-143465210351745,54073,111009,-30694.8,33656.8,11.8,-0.130,74484254,LOCKED
13647,839.918,-143465210383391,49615,106551,-30605.0,34323.9,11.8,-0.130,74441010,LOCKED
13648,840.918,-143465210459929,2142,59078,-30532.9,33913.8,11.8,-0.123,74562826,LOCKED
13649,841.918,-143465210475956,13985,70921,-30425.2,33351.3,11.9,-0.113,74638710,LOCKED
13650,842.919,-143465210499150,20675,77611,-30433.1,33294.4,11.9,-0.112,74708955,LOCKED
13651,843.918,-143465210518070,30492,87428,-30400.5,33511.9,12.1,-0.119,74782332,LOCKED
13652,844.918,-143465210532050,43559,100495,-30308.2,34007.5,12.1,-0.117,74862351,LOCKED
13653,845.919,-143465210656014,-46799,10137,-30392.4,34595.8,12.0,-0.126,74830347,LOCKED
13654,846.919,-143465210664223,-24009,32927,-30382.2,34512.4,12.7,-0.120,74912557,LOCKED
13655,847.919,-143465210664634,3787,60723,-30281.5,33738.9,12.9,-0.114,75006789,LOCKED
13656,848.919,-143465210682593,16269,73205,-30316.5,33451.5,14.0,-0.099,75083790,LOCKED
13657,849.919,-143465210702600,24877,81813,-30274.3,33621.4,14.1,-0.139,75050184,LOCKED
13658,850.919,-143465210779913,-22032,34904,-30243.9,33329.0,14.8,-0.182,75166577,LOCKED
13659,851.920,-143465210786182,2386,59322,-30269.7,33249.8,14.9,-0.200,75253937,LOCKED
13660,852.920,-143465210803327,14331,71267,-30235.6,33299.4,15.1,-0.232,75331197,LOCKED
13661,853.920,-143465210818503,26050,82986,-30114.7,32976.5,15.1,-0.233,75410488,LOCKED
13662,854.919,-143465210934905,-54745,2191,-30293.6,33188.8,15.1,-0.219,75387307,LOCKED
13663,855.919,-143465210938690,-25568,31368,-30382.2,33197.2,15.1,-0.218,75473507,LOCKED
13664,856.920,-143465210964258,-18643,38293,-30454.9,33148.9,15.1,-0.201,75541374,LOCKED
13665,857.919,-143465210971038,4738,61674,-30448.4,33154.9,14.6,-0.221,75626644,LOCKED
13666,858.921,-143465210977470,25612,82548,-30336.5,32931.2,14.4,-0.221,75719139,LOCKED
13667,859.919,-143465211047061,-14377,42559,-30276.4,32320.9,13.9,-0.235,75672833,LOCKED
13668,860.919,-143465211094803,-28987,27949,-30368.5,32402.4,13.3,-0.236,75787871,LOCKED
13669,861.919,-143465211103834,-6897,50039,-30394.0,32399.2,13.1,-0.234,75861668,LOCKED
13670,862.920,-143465211099608,25582,82518,-30331.4,32555.8,12.4,-0.243,75959947,LOCKED
13671,863.920,-143465211131628,21444,78380,-30246.7,32481.5,11.7,-0.249,75913522,LOCKED
13672,864.920,-143465211236413,-51420,5516,-30243.3,32423.7,11.9,-0.261,76005613,LOCKED
13673,865.920,-143465211222837,-8617,48319,-30179.0,31856.1,11.9,-0.264,76112987,LOCKED
13674,866.920,-143465211221053,19830,76766,-30039.1,30915.7,11.9,-0.267,76211222,LOCKED
13675,867.920,-143465211241863,27966,84902,-30031.9,30978.5,11.8,-0.269,76172715,LOCKED
13676,868.920,-143465211346425,-43547,13389,-30107.7,31537.8,11.9,-0.266,76262051,LOCKED
13677,869.920,-143465211348221,-14908,42028,-30099.0,31486.9,11.9,-0.262,76353903,LOCKED
13678,870.920,-143465211347369,16261,73197,-30136.8,31142.9,11.9,-0.266,76341530,LOCKED
13679,871.920,-143465211368951,23643,80579,-30118.6,31256.4,11.6,-0.261,76412977,LOCKED
13680,872.920,-143465211483531,-57531,0,-30184.3,32103.0,11.6,-0.258,76494135,LOCKED
13681,873.920,-143465211493517,-36324,21207,-30173.4,31961.0,11.6,-0.257,76580660,LOCKED
13682,874.920,-143465211502307,-12677,44854,-30263.6,31571.3,11.6,-0.260,76662100,LOCKED
13683,875.920,-143465211511683,8625,66156,-30298.3,31355.9,11.6,-0.260,76745849,LOCKED
13684,876.921,-143465211523459,25255,82786,-30247.3,31538.6,11.6,-0.260,76826406,LOCKED
13685,877.920,-143465211532612,43342,100873,-30171.7,32083.1,11.3,-0.263,76908961,LOCKED
13686,878.920,-143465211666978,-55513,2018,-30341.8,32472.1,11.4,-0.261,76867166,LOCKED
13687,879.921,-143465211686218,-40570,16961,-30463.0,32706.6,11.4,-0.266,76941657,LOCKED
13688,880.921,-143465211665001,8917,66448,-30370.1,32176.3,11.5,-0.265,77051582,LOCKED
13689,881.921,-143465211701378,4071,61602,-30433.9,31707.6,11.6,-0.266,77109368,LOCKED
13690,882.921,-143465211706812,28732,86263,-30465.2,31315.0,11.5,-0.261,77193218,LOCKED
13691,883.921,-143465211728395,34706,92237,-30380.0,31611.6,11.5,-0.262,77265936,LOCKED
13692,884.921,-143465211799549,-4044,53487,-30472.8,30911.7,11.5,-0.261,77287478,LOCKED
13693,885.921,-143465211822192,4405,61936,-30510.6,30715.5,11.6,-0.261,77357326,LOCKED
13694,886.921,-143465211832996,21849,79380,-30435.8,30728.3,11.5,-0.255,77437678,LOCKED
13695,887.921,-143465211849540,31976,89507,-30303.9,30473.7,11.3,-0.248,77515250,LOCKED
13696,888.921,-143465211874693,36532,94063,-30335.5,29972.6,11.4,-0.248,77586021,LOCKED
13697,889.921,-143465211895077,44157,101688,-30294.7,30434.6,11.2,-0.240,77654616,LOCKED
13698,890.921,-143465211984966,-14980,42551,-30292.3,30421.1,11.3,-0.238,77661035,LOCKED
13699,891.921,-143465211997034,2206,59737,-30244.9,30235.4,10.7,-0.222,77737228,LOCKED
13700,892.921,-143465212002818,24002,81533,-30153.8,30173.1,10.8,-0.220,77828929,LOCKED
13701,893.921,-143465212041786,15885,73416,-30214.6,29460.7,11.0,-0.207,77780106,LOCKED
13702,894.921,-143465212134934,-42934,14597,-30345.4,29723.4,11.0,-0.203,77882596,LOCKED
13703,895.922,-143465212176593,-49878,7653,-30477.1,30291.4,11.1,-0.187,77948251,LOCKED
13704,896.921,-143465212154581,2429,59960,-30472.2,30293.1,10.9,-0.170,78048147,LOCKED
13705,897.921,-143465212147017,37244,94775,-30375.9,30618.1,10.7,-0.150,78148151,LOCKED
13706,898.921,-143465212270371,-53455,4076,-30398.9,30986.3,10.6,-0.124,78117045,LOCKED
13707,899.922,-143465212277575,-29625,27906,-30380.7,30770.8,10.5,-0.110,78203332,LOCKED
13708,900.922,-143465212249576,27033,84564,-30341.1,30983.2,10.1,-0.096,78219200,LOCKED
13709,901.922,-143465212345615,-36502,21029,-30386.6,31344.6,10.1,-0.107,78317696,LOCKED
13710,902.922,-143465212361581,-21217,36314,-30393.7,31390.4,10.0,-0.103,78398411,LOCKED
13711,903.921,-143465212346591,21626,79157,-30304.9,31279.5,10.3,-0.125,78504821,LOCKED
13712,904.922,-143465212358147,36143,93674,-30157.0,30978.9,10.2,-0.118,78587265,LOCKED
13713,905.922,-143465212483130,-53500,4031,-30322.7,31328.8,10.4,-0.123,78554466,LOCKED
13714,906.922,-143465212489963,-27271,30260,-30411.9,31383.2,10.5,-0.158,78640454,LOCKED
13715,907.922,-143465212505544,-11757,45774,-30426.0,31419.7,10.5,-0.165,78715956,LOCKED
13716,908.923,-143465212527320,-3440,54091,-30403.8,31347.4,9.8,-0.228,78791101,LOCKED
13717,909.921,-143465212531532,20357,77888,-30320.0,31247.4,9.9,-0.240,78878928,LOCKED
13718,910.922,-143465212629920,-44045,13486,-30426.9,31731.8,9.6,-0.247,78869321,LOCKED
13719,911.922,-143465212571140,42075,99606,-30345.2,32236.2,9.7,-0.257,78916339,LOCKED
13720,912.923,-143465212686910,-41182,16349,-30383.2,32610.1,9.8,-0.264,78998851,LOCKED
13721,913.922,-143465212699467,-22991,34540,-30362.8,32420.2,9.7,-0.273,79076356,LOCKED
13722,914.923,-143465212739861,-29214,28317,-30501.4,31953.3,9.5,-0.273,79128582,LOCKED
13723,915.922,-143465212761024,-17662,39869,-30580.8,31822.8,9.5,-0.272,79200517,LOCKED
13724,916.923,-143465212783021,-7649,49882,-30638.3,31655.9,9.4,-0.278,79271351,LOCKED
13725,917.923,-143465212807409,-1197,56334,-30646.2,31653.1,9.4,-0.277,79342446,LOCKED
13726,918.923,-143465212816577,18275,75806,-30578.0,31626.6,9.2,-0.276,79423754,LOCKED
13727,919.923,-143465212827027,36449,93980,-30542.7,31934.9,9.3,-0.281,79501777,LOCKED
13728,920.923,-143465212919968,-23150,34381,-30641.8,31768.1,9.1,-0.279,79504709,LOCKED
13729,921.923,-143465212942535,-13599,43932,-30691.7,31757.5,9.0,-0.277,79575416,LOCKED
13730,922.923,-143465212953341,5261,62792,-30650.0,31665.8,9.1,-0.281,79656146,LOCKED
13731,923.923,-143465212963505,23452,80983,-30576.3,31725.0,9.1,-0.281,79738307,LOCKED
13732,924.924,-143465212982713,34338,91869,-30609.8,31233.4,9.0,-0.282,79810302,LOCKED
13733,925.923,-143465213002247,42853,100384,-30555.3,31730.7,9.1,-0.277,79885038,LOCKED
13734,926.923,-143465213022054,49406,106937,-30431.3,32303.1,9.1,-0.277,79960289,LOCKED
13735,927.923,-143465213144267,-40759,16772,-30442.9,32444.1,9.1,-0.277,79929964,LOCKED
13736,928.923,-143465213158260,-21426,36105,-30549.0,32139.9,9.0,-0.275,80007490,LOCKED
13737,929.923,-143465213160070,7296,64827,-30560.3,32100.7,8.8,-0.272,80099530,LOCKED
13738,930.923,-143465213164002,31154,88685,-30476.0,32296.4,8.8,-0.272,80078408,LOCKED
13739,931.924,-143465213178067,43534,101065,-30350.3,32610.2,8.9,-0.272,80157135,LOCKED
13740,932.923,-143465213294538,-38064,19467,-30509.3,32235.4,8.7,-0.268,80236563,LOCKED
13741,933.923,-143465213291570,-3052,54479,-30579.7,31842.2,8.6,-0.265,80334963,LOCKED
13742,934.924,-143465213320920,-1104,56427,-30613.2,31748.7,8.7,-0.263,80410884,LOCKED
13743,935.924,-143465213383516,-31001,26530,-30664.1,32025.5,8.6,-0.259,80484533,LOCKED
13744,936.924,-143465213427128,-41753,15778,-30702.5,32411.3,8.5,-0.255,80475572,LOCKED
13745,937.924,-143465213426758,-11363,46168,-30649.9,31959.2,8.3,-0.250,80570480,LOCKED
13746,938.924,-143465213426556,20219,77750,-30719.6,31027.4,7.7,-0.239,80666634,LOCKED
13747,939.924,-143465213423846,51890,109421,-30719.6,31027.2,7.7,-0.239,80763233,LOCKED
13748,940.924,-143465213534401,-26071,31460,-30768.3,31227.7,7.0,-0.227,80745874,LOCKED
13749,941.924,-143465213531794,7108,64639,-30770.5,31221.9,7.0,-0.227,80843149,LOCKED
13750,942.924,-143465213516812,48869,106400,-30655.7,31839.4,6.8,-0.219,80947347,LOCKED
13751,943.924,-143465213632230,-34513,23018,-30666.0,31947.2,6.9,-0.219,80925930,LOCKED
13752,944.925,-143465213639576,-10094,47437,-30703.2,31940.9,6.6,-0.210,81012724,LOCKED
13753,945.924,-143465213633633,24966,82497,-30666.8,32115.2,6.9,-0.208,81112339,LOCKED
13754,946.924,-143465213646881,39086,96617,-30569.8,32475.9,6.7,-0.197,81085091,LOCKED
13755,947.924,-143465213743401,-26211,31320,-30558.2,32365.2,6.4,-0.185,81182750,LOCKED
13756,948.924,-143465213745778,524,58055,-30487.9,31916.2,6.4,-0.183,81277638,LOCKED
13757,949.924,-143465213758580,15278,72809,-30369.2,31180.9,6.1,-0.168,81356190,LOCKED
13758,950.924,-143465213770939,31220,88751,-30319.5,31465.3,6.2,-0.167,81331252,LOCKED
13759,951.924,-143465213875942,-41180,16351,-30363.2,31881.9,6.0,-0.152,81421251,LOCKED
13760,952.924,-143465213887728,-22484,35047,-30331.6,31551.6,6.2,-0.125,81502929,LOCKED
13761,953.924,-143465213907120,-11923,45608,-30293.1,31256.1,6.2,-0.134,81578308,LOCKED
13762,954.924,-143465213928484,-1898,55633,-30343.8,31040.9,6.3,-0.112,81647450,LOCKED
13763,955.925,-143465213943703,13709,71240,-30390.4,30611.6,6.3,-0.122,81724677,LOCKED
13764,956.924,-143465213951284,33817,91348,-30313.9,30925.5,6.3,-0.102,81810073,LOCKED
13765,957.925,-143465213961411,48840,106371,-30141.4,30904.3,6.4,-0.083,81888358,LOCKED
13766,958.924,-143465213997237,41631,99162,-30135.8,30980.0,6.4,-0.080,81844973,LOCKED
13767,959.925,-143465214120563,-47649,9882,-30248.7,31566.9,6.4,-0.058,81917571,LOCKED
13768,960.925,-143465214111134,-8742,48789,-30196.2,31149.8,6.8,-0.080,82021506,LOCKED
13769,961.925,-143465214134527,-986,56545,-30241.4,30967.5,7.1,-0.098,82092826,LOCKED
13770,962.925,-143465214143113,19735,77266,-30228.4,31038.5,7.3,-0.113,82173183,LOCKED
13771,963.925,-143465214157891,31804,89335,-30115.1,31019.7,8.0,-0.135,82251859,LOCKED
13772,964.925,-143465214194839,21522,79053,-29981.4,30256.8,8.1,-0.146,82201681,LOCKED
13773,965.933,-143465214298203,-47299,10232,-30126.8,30549.4,8.2,-0.155,82292710,LOCKED
13774,966.925,-143465214317396,-33449,24082,-30214.5,30803.4,8.2,-0.154,82367332,LOCKED
13775,967.925,-143465214305964,7806,65337,-30208.2,30816.2,8.2,-0.155,82471820,LOCKED
13776,968.927,-143465214315162,26804,84335,-30154.0,31025.3,8.7,-0.169,82554951,LOCKED
13777,969.925,-143465214340385,28626,86157,-30048.8,30976.7,8.6,-0.169,82517529,LOCKED
13778,970.926,-143465214433139,-30737,26794,-30161.9,30918.1,8.7,-0.176,82620466,LOCKED
13779,971.925,-143465214434374,-3416,54115,-30077.2,30113.7,8.8,-0.182,82712382,LOCKED
13780,972.925,-143465214455340,6342,63873,-30119.6,29839.8,9.3,-0.194,82782863,LOCKED
13781,973.925,-143465214459712,30497,88028,-30092.2,30058.3,9.3,-0.199,82871850,LOCKED
13782,974.926,-143465214520896,281,57812,-30135.7,29864.6,9.4,-0.203,82925035,LOCKED
13783,975.925,-143465214506832,42183,99714,-30093.0,30312.3,9.5,-0.207,83011680,LOCKED
13784,976.925,-143465214555022,22836,80367,-30069.6,30443.2,9.5,-0.212,82947884,LOCKED
13785,977.926,-143465214656812,-45584,11947,-30155.9,31062.2,10.0,-0.219,83045300,LOCKED
13786,978.926,-143465214681268,-37805,19726,-30195.1,31413.5,10.3,-0.225,83127150,LOCKED
13787,979.926,-143465214650446,20538,78069,-30097.9,31178.5,10.4,-0.230,83234417,LOCKED
13788,980.925,-143465214747211,-42304,15227,-30215.5,31524.5,10.7,-0.235,83232867,LOCKED
13789,981.926,-143465214753358,-16372,41159,-30279.8,31481.9,10.8,-0.236,83323845,LOCKED
13790,982.926,-143465214826961,-55718,1813,-30382.6,32376.0,11.1,-0.243,83390989,LOCKED
13791,983.926,-143465214773165,26105,83636,-30310.2,32504.3,11.1,-0.244,83480333,LOCKED
13792,984.926,-143465214797349,29193,86724,-30209.5,32519.6,11.2,-0.245,83443822,LOCKED
13793,985.926,-143465214888527,-31107,26424,-30190.5,32294.5,11.1,-0.241,83549274,LOCKED
13794,986.926,-143465214890668,-4663,52868,-30103.7,31453.3,11.1,-0.241,83641809,LOCKED
13795,987.926,-143465214895518,20398,77929,-30128.3,31227.9,11.1,-0.241,83728749,LOCKED
13796,988.926,-143465214919464,25515,83046,-30118.4,31303.0,11.2,-0.240,83801003,LOCKED
13797,989.927,-143465214936485,35838,93369,-30041.7,31660.7,11.2,-0.238,83873934,LOCKED
13798,990.927,-143465215035987,-32632,24899,-30036.1,31596.3,11.5,-0.237,83865920,LOCKED
13799,991.927,-143465215066416,-32649,24882,-30000.1,31078.4,11.8,-0.243,83928644,LOCKED
13800,992.927,-143465215082618,-16599,39119,-30083.2,30878.5,12.1,-0.241,84002447,LOCKED
13801,993.926,-143465215106211,-9437,46281,-30100.5,30905.0,12.4,-0.239,84070041,LOCKED
13802,994.926,-143465215132668,-5414,50304,-30110.1,30913.7,12.5,-0.229,84136562,LOCKED
13803,995.927,-143465215137222,19924,75642,-30132.6,30711.4,12.7,-0.225,84221720,LOCKED
13804,996.928,-143465215148224,38109,93827,-30149.6,30460.3,14.0,-0.218,84303241,LOCKED
13805,997.927,-143465215279262,-58055,0,-30285.2,31355.1,14.5,-0.210,84268574,LOCKED
13806,998.928,-143465215287422,-33855,24200,-30330.8,31672.5,14.7,-0.202,84347771,LOCKED
13807,999.927,-143465215300845,-17185,40870,-30290.4,31285.6,14.8,-0.192,84425564,LOCKED
13808,1000.928,-143465215298352,15847,73902,-30329.1,30934.8,15.0,-0.180,84522617,LOCKED
13809,1001.927,-143465215320413,22780,80835,-30301.4,31074.5,15.4,-0.163,84589805,LOCKED
13810,1002.927,-143465215332837,36727,94782,-30169.3,31032.7,15.5,-0.145,84671977,LOCKED
13811,1003.927,-143465215370164,29068,87123,-30193.2,30741.8,15.4,-0.134,84621691,LOCKED
13812,1004.927,-143465215400298,27958,86013,-30182.3,30834.3,15.4,-0.140,84683974,LOCKED
13813,1005.927,-143465215515014,-53359,4696,-30251.5,31618.2,15.5,-0.156,84764670,LOCKED
13814,1006.927,-143465215534207,-40548,17507,-30270.1,31835.6,15.5,-0.156,84838464,LOCKED
13815,1007.928,-143465215552161,-25206,32849,-30376.9,31650.4,15.5,-0.155,84911238,LOCKED
13816,1008.927,-143465215569551,-11056,46999,-30415.6,31650.3,15.4,-0.151,84987092,LOCKED
13817,1009.928,-143465215582761,5570,63625,-30396.4,31650.9,15.6,-0.159,85065777,LOCKED
13818,1010.928,-143465215578718,36607,94662,-30290.1,31872.7,15.3,-0.132,85165461,LOCKED
13819,1011.927,-143465215600089,44157,102212,-30296.4,31777.5,14.8,-0.084,85235646,LOCKED
13820,1012.927,-143465215638116,35090,93145,-30289.2,31856.3,14.3,-0.106,85182803,LOCKED
13821,1013.928,-143465215753252,-45822,12233,-30406.3,32333.1,14.2,-0.122,85264129,LOCKED
13822,1014.928,-143465215772870,-32255,25800,-30489.2,32564.6,13.9,-0.147,85340205,LOCKED
13823,1015.928,-143465215790674,-18232,39823,-30524.6,32657.5,13.6,-0.158,85411715,LOCKED
13824,1016.928,-143465215796806,5086,63141,-30480.2,32549.3,13.0,-0.167,85501138,LOCKED
13825,1017.927,-143465215827099,3526,61581,-30400.2,32045.7,12.2,-0.175,85591060,LOCKED
13826,1018.927,-143465215893245,-31451,26604,-30385.6,31874.6,11.6,-0.189,85556714,LOCKED
13827,1019.928,-143465215933021,-36468,21587,-30539.8,31489.3,10.7,-0.192,85638838,LOCKED
13828,1020.929,-143465215917786,9249,67304,-30552.4,31435.2,10.6,-0.195,85752444,LOCKED
13829,1021.928,-143465215971171,-12364,45691,-30591.8,31450.2,10.7,-0.204,85847353,LOCKED
13830,1022.928,-143465216028831,-37227,20828,-30638.2,31820.3,10.8,-0.211,85825874,LOCKED
13831,1023.928,-143465216026429,-4784,53271,-30600.9,31629.5,11.0,-0.218,85920919,LOCKED
13832,1024.929,-143465216036203,14288,72343,-30538.4,31556.0,10.9,-0.219,86006805,LOCKED
13833,1025.928,-143465216035194,44504,102559,-30547.1,31419.2,10.8,-0.219,85990561,LOCKED
13834,1026.929,-143465216130564,-17665,40390,-30648.1,31039.6,10.3,-0.217,86093644,LOCKED
13835,1027.929,-143465216128158,14432,72487,-30625.1,31100.9,9.8,-0.214,86188833,LOCKED
13836,1028.929,-143465216145356,25362,83417,-30544.6,31166.4,10.0,-0.219,86265576,LOCKED
13837,1029.929,-143465216167795,30351,88406,-30442.0,31203.6,9.6,-0.212,86335157,LOCKED
13838,1030.929,-143465216270542,-38190,19865,-30563.4,31349.0,9.5,-0.206,86325063,LOCKED
13839,1031.928,-143465216293751,-28655,29400,-30622.9,31581.5,9.4,-0.204,86396197,LOCKED
13840,1032.929,-143465216309551,-13033,45022,-30640.4,31628.4,9.6,-0.208,86469269,LOCKED
13841,1033.929,-143465216320963,4825,62880,-30581.1,31388.8,9.6,-0.208,86551338,LOCKED
13842,1034.929,-143465216331869,22887,80942,-30539.9,31542.1,9.6,-0.203,86632885,LOCKED
13843,1035.929,-143465216354038,27689,85744,-30410.6,31143.3,9.5,-0.197,86704178,LOCKED
13844,1036.929,-143465216366228,41842,99897,-30280.2,31348.6,9.4,-0.193,86785273,LOCKED
13845,1037.929,-143465216401236,35876,93931,-30279.2,31361.1,9.4,-0.194,86845734,LOCKED
13846,1038.929,-143465216512213,-40886,17169,-30404.6,31576.1,9.4,-0.194,86828099,LOCKED
13847,1039.929,-143465216513579,-11978,46077,-30378.2,31404.4,9.2,-0.189,86912990,LOCKED
13848,1040.929,-143465216483703,46401,104456,-30363.3,31613.7,9.3,-0.189,87038759,LOCKED
13849,1041.929,-143465216529156,29765,87820,-30336.9,31808.5,9.3,-0.185,86979441,LOCKED
13850,1042.929,-143465216633348,-39292,18763,-30507.4,31279.3,9.3,-0.185,87070769,LOCKED
13851,1043.929,-143465216659132,-33020,25035,-30528.5,31470.6,9.2,-0.178,87140502,LOCKED
13852,1044.929,-143465216670281,-13672,44383,-30504.1,31302.0,9.0,-0.171,87222022,LOCKED
13853,1045.930,-143465216682287,5567,63622,-30549.9,31014.6,8.8,-0.163,87302561,LOCKED
13854,1046.929,-143465216690089,26649,84704,-30512.4,31216.9,8.6,-0.154,87384842,LOCKED
13855,1047.929,-143465216720255,24540,82595,-30432.5,31264.5,8.5,-0.144,87449670,LOCKED
13856,1048.929,-143465216731270,40105,98160,-30309.9,31476.1,8.3,-0.133,87529941,LOCKED
13857,1049.930,-143465216767639,30279,88334,-30175.1,31106.2,7.5,-0.112,87483060,LOCKED
13858,1050.929,-143465216860515,-29700,28355,-30259.5,31266.9,7.6,-0.109,87583535,LOCKED
13859,1051.930,-143465216893140,-29284,28771,-30347.5,31390.6,7.6,-0.104,87645949,LOCKED
13860,1052.930,-143465216928123,-31405,26650,-30418.8,31654.0,8.0,-0.104,87704873,LOCKED
13861,1053.929,-143465216943505,-15164,42891,-30452.7,31715.8,8.0,-0.098,87782125,LOCKED
13862,1054.929,-143465216947715,10393,68448,-30436.3,31746.8,8.1,-0.095,87872593,LOCKED
13863,1055.930,-143465216972931,13760,71815,-30368.1,31617.9,8.4,-0.058,87952894,LOCKED
13864,1056.930,-143465217043305,-26098,31957,-30331.9,31176.1,8.3,-0.056,87916535,LOCKED
13865,1057.929,-143465216998074,47970,106025,-30338.3,31068.0,8.5,-0.042,87994042,LOCKED
13866,1058.930,-143465217096072,-17365,40690,-30423.7,30865.3,8.4,-0.031,88094539,LOCKED
13867,1059.930,-143465217094888,13888,71943,-30429.4,30835.2,8.5,-0.004,88183255,LOCKED
13868,1060.930,-143465217170697,-29947,28108,-30455.4,31034.7,8.4,0.023,88200179,LOCKED
13869,1061.930,-143465217178886,-7964,50091,-30428.3,30889.6,8.5,0.035,88288630,LOCKED
13870,1062.930,-143465217182868,15854,73909,-30325.4,30413.7,8.3,0.053,88381313,LOCKED
13871,1063.931,-143465217198908,26867,84922,-30209.3,30161.8,8.5,0.032,88350682,LOCKED
13872,1064.930,-143465217295836,-38698,19357,-30201.5,30050.7,8.5,0.029,88446760,LOCKED
13873,1065.930,-143465217316076,-25542,32513,-30316.0,29764.4,8.5,0.027,88524008,LOCKED
13874,1066.931,-143465217319049,2761,60816,-30367.8,29441.5,8.5,0.024,88613636,LOCKED
13875,1067.930,-143465217325455,25720,83775,-30361.4,29496.3,8.5,0.023,88700048,LOCKED
13876,1068.931,-143465217344625,34834,92889,-30317.3,29844.2,8.7,0.012,88769496,LOCKED
13877,1069.930,-143465217368245,38565,96620,-30235.7,30280.8,8.5,0.012,88838846,LOCKED
13878,1070.930,-143465217496189,-56770,1285,-30257.8,30665.2,8.5,0.011,88803370,LOCKED
13879,1071.931,-143465217512022,-41396,16659,-30235.5,30297.5,8.4,0.009,88880891,LOCKED
13880,1072.930,-143465217524228,-23468,34587,-30191.4,29740.6,8.4,0.009,88960751,LOCKED
13881,1073.931,-143465217536222,-3802,54253,-30257.3,29389.2,8.6,0.001,89040970,LOCKED
13882,1074.931,-143465217546226,16236,74291,-30273.7,29265.7,8.4,0.000,89121928,LOCKED
13883,1075.931,-143465217555230,35546,93601,-30236.6,29596.9,8.4,-0.000,89206254,LOCKED
13884,1076.931,-143465217589752,28894,86949,-30168.4,29824.9,8.4,-0.001,89158569,LOCKED
13885,1077.931,-143465217616194,30112,88167,-30095.2,30062.5,8.5,0.004,89226934,LOCKED
13886,1078.931,-143465217724761,-44464,13591,-30212.7,30509.5,8.4,0.001,89311650,LOCKED
13887,1079.931,-143465217735537,-22224,35831,-30313.5,30281.9,8.4,0.001,89396507,LOCKED
13888,1080.931,-143465217713301,28119,86174,-30251.9,30506.8,8.4,0.000,89509868,LOCKED
13889,1081.931,-143465217726174,43027,101082,-30202.1,30997.8,8.2,-0.003,89589609,LOCKED
13890,1082.931,-143465217758164,39942,97997,-30204.9,30958.8,8.1,-0.003,89544237,LOCKED
13891,1083.931,-143465217875911,-44158,13897,-30300.6,31502.5,8.0,-0.003,89623597,LOCKED
13892,1084.931,-143465217886329,-22957,35098,-30327.1,31638.5,8.4,0.002,89703786,LOCKED
13893,1085.932,-143465217894481,-2027,56028,-30262.5,31196.1,8.5,0.003,89786421,LOCKED
13894,1086.931,-143465217909533,13113,71168,-30280.9,31082.2,8.9,0.007,89863738,LOCKED
13895,1087.931,-143465217911485,38483,96538,-30199.5,31500.1,9.3,0.010,89953779,LOCKED
13896,1088.932,-143465217950899,26604,84659,-30112.8,31554.5,9.4,0.009,89903463,LOCKED
13897,1089.931,-143465218039061,-30502,27553,-30108.4,31507.2,9.7,0.015,90009215,LOCKED
13898,1090.931,-143465218046132,-5700,52355,-30185.6,31082.8,10.0,0.021,90119441,LOCKED
13899,1091.931,-143465218035405,34065,92120,-30186.0,31078.6,10.3,0.021,90198576,LOCKED
13900,1092.931,-143465218074095,24600,82655,-30179.8,31126.6,10.3,0.016,90265988,LOCKED
13901,1093.932,-143465218138853,-9233,48822,-30201.0,31149.4,10.1,0.007,90215208,LOCKED
13902,1094.931,-143465218210784,-48179,9876,-30257.6,31755.8,10.1,0.011,90313390,LOCKED
13903,1095.931,-143465218213522,-20095,37960,-30251.9,31714.5,10.1,0.015,90389986,LOCKED
13904,1096.932,-143465218232604,-9756,48299,-30194.8,31217.1,10.1,0.012,90472469,LOCKED
13905,1097.932,-143465218287362,-33425,24630,-30183.0,31071.3,10.1,0.008,90537140,LOCKED
13906,1098.931,-143465218241968,40714,98769,-30180.1,31110.1,10.1,0.004,90642888,LOCKED
13907,1099.932,-143465218342998,-27792,30263,-30249.1,31299.1,10.1,-0.001,90633658,LOCKED
13908,1100.932,-143465218299958,40978,99033,-30095.2,31148.0,10.3,-0.007,90765058,LOCKED
13909,1101.932,-143465218429125,-55522,2533,-30129.1,31669.0,10.1,-0.024,90731777,LOCKED
13910,1102.932,-143465218431506,-24722,33333,-30237.9,31439.7,10.1,-0.031,90818732,LOCKED
13911,1103.932,-143465218428517,9164,67219,-30285.7,31073.9,10.0,-0.041,90918059,LOCKED
13912,1104.932,-143465218434293,32133,90188,-30263.4,31267.4,10.0,-0.052,91003822,LOCKED
13913,1105.932,-143465218450202,43511,101566,-30189.6,31820.2,9.9,-0.065,91083797,LOCKED
13914,1106.932,-143465218577640,-50991,7064,-30239.7,32422.0,9.8,-0.064,91047001,LOCKED
13915,1107.932,-143465218601202,-42173,15882,-30274.6,32784.9,9.8,-0.052,91113525,LOCKED
13916,1108.932,-143465218625303,-35044,23011,-30263.2,32644.3,9.8,-0.055,91185853,LOCKED
13917,1109.933,-143465218614293,4588,62643,-30190.1,32259.4,9.8,-0.047,91285353,LOCKED
13918,1110.933,-143465218615869,31804,89859,-30174.4,32399.0,9.8,-0.039,91272256,LOCKED
13919,1111.933,-143465218717502,-36217,21838,-30283.1,32582.9,9.7,-0.048,91365911,LOCKED
13920,1112.933,-143465218737884,-23487,34568,-30383.1,32420.3,9.6,-0.025,91437075,LOCKED
13921,1113.933,-143465218753842,-7749,50306,-30434.7,32303.2,9.6,-0.050,91516492,LOCKED
13922,1114.933,-143465218764450,11201,69256,-30410.3,32336.8,9.8,-0.071,91599778,LOCKED
13923,1115.933,-143465218773426,30229,88284,-30342.3,32575.8,9.8,-0.077,91683243,LOCKED
13924,1116.936,-143465218787982,44018,102073,-30317.5,32870.8,9.8,-0.082,91755848,LOCKED
13925,1117.933,-143465218813360,44268,101038,-30160.6,32847.5,9.8,-0.086,91824943,LOCKED
13926,1118.934,-143465218939930,-48154,8616,-30276.5,33403.6,9.8,-0.087,91793830,LOCKED
13927,1119.934,-143465218938164,-15416,41354,-30285.0,33438.2,9.7,-0.090,91886794,LOCKED
13928,1120.933,-143465218911247,40227,96997,-30275.4,33551.1,9.9,-0.101,92006479,LOCKED
13929,1121.934,-143465218946514,33400,90170,-30240.8,33805.4,10.1,-0.111,92058709,LOCKED
13930,1122.934,-143465218967728,39239,96009,-30149.4,34178.4,10.2,-0.120,92130552,LOCKED
13931,1123.934,-143465219089485,-49938,6832,-30185.7,34617.6,10.4,-0.134,92098793,LOCKED
13932,1124.933,-143465219101290,-28263,28507,-30300.6,34460.5,10.5,-0.141,92179653,LOCKED
13933,1125.934,-143465219105677,-1171,55599,-30356.6,34206.4,10.6,-0.148,92269860,LOCKED
13934,1126.934,-143465219107635,25643,82413,-30321.4,34374.8,10.7,-0.154,92363069,LOCKED
13935,1127.934,-143465219118813,41246,98016,-30216.1,34733.9,10.8,-0.161,92445300,LOCKED
13936,1128.935,-143465219159054,28101,84871,-30109.5,34659.8,10.6,-0.168,92402416,LOCKED
13937,1129.934,-143465219244000,-26412,30358,-30081.4,34364.7,10.7,-0.173,92504097,LOCKED
13938,1130.933,-143465219237472,11314,68084,-30155.1,33626.0,11.1,-0.183,92618563,LOCKED
13939,1131.934,-143465219340235,-55895,875,-30327.5,33988.0,11.0,-0.185,92596369,LOCKED
13940,1132.934,-143465219359201,-40664,16106,-30450.0,34204.5,11.1,-0.190,92664836,LOCKED
13941,1133.934,-143465219359453,-9311,47459,-30491.3,34173.2,10.9,-0.198,92760499,LOCKED
13942,1134.934,-143465219391887,-10686,46084,-30501.4,34197.4,10.9,-0.203,92837676,LOCKED
13943,1135.935,-143465219377460,31136,87906,-30400.5,34271.0,11.3,-0.211,92925799,LOCKED
13944,1136.934,-143465219390240,44745,101515,-30277.8,34636.6,11.7,-0.219,92900339,LOCKED
13945,1137.934,-143465219480058,-14913,41857,-30247.2,34415.6,12.0,-0.224,93007021,LOCKED
13946,1138.934,-143465219479884,15973,72743,-30296.6,33957.6,12.4,-0.231,93098178,LOCKED
13947,1139.935,-143465219503074,22485,79255,-30304.9,33894.2,12.7,-0.238,93063028,LOCKED
13948,1140.934,-143465219571794,-15704,41066,-30289.9,33800.9,13.0,-0.246,93190578,LOCKED
13949,1141.935,-143465219577611,6772,63542,-30202.9,33309.8,13.2,-0.252,93277490,LOCKED
13950,1142.936,-143465219592513,19163,75933,-30091.7,32866.6,14.0,-0.256,93254190,LOCKED
13951,1143.934,-143465219686153,-40178,16592,-30231.7,32878.5,14.3,-0.257,93354470,LOCKED
13952,1144.935,-143465219674496,2400,59170,-30269.6,32717.8,14.5,-0.252,93463067,LOCKED
13953,1145.935,-143465219678506,26913,83683,-30228.5,32917.9,14.7,-0.252,93554008,LOCKED
13954,1146.935,-143465219801677,-62150,0,-30315.8,33940.8,15.2,-0.245,93522349,LOCKED
13955,1147.935,-143465219802445,-31796,30354,-30302.4,33793.1,15.7,-0.237,93612335,LOCKED
13956,1148.935,-143465219823243,-21905,40245,-30284.9,33645.9,16.1,-0.226,93687159,LOCKED
13957,1149.935,-143465219843232,-10037,52113,-30345.5,33508.4,16.4,-0.214,93757658,LOCKED
13958,1150.934,-143465219827800,33527,95677,-30292.5,33813.2,17.1,-0.198,93864140,LOCKED
13959,1151.935,-143465219865443,23186,85336,-30184.1,33551.2,17.8,-0.179,93816699,LOCKED
13960,1152.936,-143465219899228,17189,79339,-30094.9,33319.9,18.3,-0.156,93875956,LOCKED
13961,1153.936,-143465220008222,-57763,4387,-30192.7,34229.7,19.0,-0.150,93959985,LOCKED
13962,1154.936,-143465219975558,6152,68302,-30255.0,33768.6,19.6,-0.130,94090242,LOCKED
13963,1155.936,-143465219977783,32521,94671,-30227.6,33979.1,20.2,-0.105,94179695,LOCKED
13964,1156.936,-143465220004941,33467,95617,-30178.9,34272.9,20.3,-0.079,94140046,LOCKED
13965,1157.935,-143465220119320,-46450,15700,-30312.1,34617.3,20.3,-0.047,94228835,LOCKED
13966,1158.936,-143465220124498,-21346,40804,-30275.0,34256.0,20.3,-0.051,94312798,LOCKED
13967,1159.936,-143465220133732,584,62734,-30319.7,34072.6,20.2,-0.049,94393008,LOCKED
13968,1160.935,-143465220229075,-61766,384,-30348.3,34541.6,19.7,-0.029,94393090,LOCKED
13969,1161.935,-143465220247492,-44849,17301,-30518.7,34346.1,19.2,-0.004,94462624,LOCKED
13970,1162.935,-143465220272690,-35975,26175,-30633.4,34460.2,19.1,0.009,94529591,LOCKED
13971,1163.936,-143465220298025,-28710,33440,-30682.3,34679.9,18.7,0.044,94598740,LOCKED
13972,1164.936,-143465220316599,-16347,45803,-30667.6,34587.8,18.3,0.071,94674082,LOCKED
13973,1165.936,-143465220328239,1151,63301,-30594.3,34144.5,17.8,0.109,94754192,LOCKED
13974,1166.936,-143465220350017,11096,73246,-30668.3,33402.2,17.4,0.088,94825650,LOCKED
13975,1167.935,-143465220363409,28178,90328,-30705.7,32941.4,17.1,0.059,94903382,LOCKED
13976,1168.935,-143465220381229,39905,102055,-30715.2,32811.1,16.6,0.046,94980723,LOCKED
13977,1169.936,-143465220419620,30312,92462,-30671.5,33060.3,16.2,0.026,94929870,LOCKED
13978,1170.935,-143465220521986,-39507,22643,-30697.9,33327.9,15.6,0.009,95024224,LOCKED
13979,1171.936,-143465220539027,-22629,39521,-30818.6,32876.0,15.0,-0.004,95098814,LOCKED
13980,1172.936,-143465220555616,-6527,55623,-30899.8,32441.2,14.3,-0.015,95174356,LOCKED
13981,1173.935,-143465220568974,11226,73376,-30928.9,32256.3,14.0,-0.023,95257113,LOCKED
13982,1174.936,-143465220582768,26819,88969,-30897.7,32437.9,14.0,-0.030,95336115,LOCKED
13983,1175.936,-143465220601174,36314,98464,-30810.9,32761.7,13.6,-0.035,95425266,LOCKED
13984,1176.937,-143465220643575,22061,84211,-30716.7,32616.2,13.1,-0.032,95372107,LOCKED
13985,1177.936,-143465220749783,-51289,10861,-30736.5,32906.5,12.7,-0.029,95457835,LOCKED
13986,1178.936,-143465220781957,-47468,14682,-30916.0,32692.9,12.2,-0.025,95535510,LOCKED
13987,1179.937,-143465220785531,-17893,44257,-30996.0,32566.2,11.7,-0.026,95614456,LOCKED
13988,1180.936,-143465220757640,37407,99557,-30882.0,32745.8,11.5,-0.027,95734802,LOCKED
13989,1181.936,-143465220873989,-45818,16332,-30915.8,33136.8,11.4,-0.027,95710813,LOCKED
13990,1182.937,-143465220905215,-44342,17808,-30929.7,33314.6,11.2,-0.023,95787197,LOCKED
13991,1183.937,-143465220899198,-5132,57018,-31032.5,32521.2,11.4,-0.028,95870571,LOCKED
13992,1184.937,-143465220913405,12204,74354,-31078.0,32148.9,11.2,-0.027,95948940,LOCKED
13993,1185.937,-143465220908431,45574,107724,-31022.0,32686.5,11.0,-0.025,96051845,LOCKED
13994,1186.937,-143465221029277,-41909,20241,-31067.3,33106.4,10.8,-0.023,96021142,LOCKED
13995,1187.937,-143465221032447,-14286,47864,-31030.0,32809.3,10.5,-0.019,96114742,LOCKED
13996,1188.937,-143465221040429,7247,69397,-30967.6,32597.7,10.2,-0.015,96198452,LOCKED
13997,1189.936,-143465221045262,31991,94141,-30952.5,32731.8,9.9,-0.011,96288832,LOCKED
13998,1190.937,-143465221129218,-20098,42052,-30964.0,32793.6,9.9,-0.009,96292340,LOCKED
13999,1191.937,-143465221138199,3695,65845,-31059.2,31838.1,8.9,0.001,96379697,LOCKED
14000,1192.938,-143465221135336,36831,98981,-31081.9,31511.1,8.7,0.005,96476687,LOCKED
14001,1193.937,-143465221158376,42659,104809,-31044.1,31910.6,8.3,0.013,96547016,LOCKED
14002,1194.937,-143465221195372,35068,97218,-31022.0,32119.5,7.7,0.022,96501108,LOCKED
14003,1195.937,-143465221308505,-44740,17410,-31060.7,32543.6,7.6,0.026,96583132,LOCKED
14004,1196.937,-143465221329875,-34135,28015,-31048.7,32398.4,7.5,0.031,96657937,LOCKED
14005,1197.937,-143465221349065,-20288,41862,-31112.7,32440.9,7.3,0.037,96731242,LOCKED
14006,1198.937,-143465221360419,-936,61214,-31091.1,32391.3,7.1,0.043,96814508,LOCKED
14007,1199.937,-143465221366377,21889,84039,-31014.1,32389.5,6.9,0.050,96902090,LOCKED
14008,1200.938,-143465221465736,-42990,19160,-31112.9,32861.3,7.3,0.058,96894596,LOCKED
14009,1201.938,-143465221484344,-28818,33332,-31146.8,33068.5,7.1,0.067,96967725,LOCKED
14010,1202.937,-143465221493387,-7123,55027,-31114.9,32903.0,7.3,0.068,97054076,LOCKED
14011,1203.937,-143465221505514,12282,74432,-31155.9,32587.3,7.2,0.077,97132705,LOCKED
14012,1204.938,-143465221516688,29996,92146,-31094.3,32833.6,7.1,0.087,97217993,LOCKED
14013,1205.938,-143465221530706,42891,105041,-30960.2,33032.3,6.9,0.099,97189792,LOCKED
14014,1206.938,-143465221546068,56510,118660,-30957.1,33087.6,7.1,0.100,97267602,LOCKED
14015,1207.937,-143465221658050,-22043,40107,-31041.9,33029.7,7.2,0.102,97350253,LOCKED
14016,1208.938,-143465221670680,-2772,59378,-31079.5,32934.0,7.4,0.103,97434583,LOCKED
14017,1209.938,-143465221669650,27731,89881,-31046.7,33126.0,7.5,0.105,97526143,LOCKED
14018,1210.938,-143465221682261,41903,104053,-30906.9,33216.4,7.4,0.097,97501261,LOCKED
14019,1211.938,-143465221790790,-34570,27580,-30905.8,33203.9,7.3,0.089,97591682,LOCKED
14020,1212.938,-143465221805420,-18223,43927,-30878.9,32982.8,7.3,0.065,97668626,LOCKED
14021,1213.938,-143465221818992,573,62723,-30953.1,32464.8,7.5,0.072,97753966,LOCKED
14022,1214.938,-143465221834141,14720,76870,-30896.1,32436.6,7.4,0.047,97831268,LOCKED
14023,1215.939,-143465221854979,21560,83710,-30773.8,31903.8,7.6,0.050,97903626,LOCKED
14024,1216.938,-143465221880188,23496,85646,-30634.5,31149.9,8.3,0.084,97970475,LOCKED
14025,1217.939,-143465221896539,36092,98242,-30611.7,31377.1,8.9,0.119,98056147,LOCKED
14026,1218.938,-143465221919889,40466,102616,-30537.2,31853.5,9.3,0.148,98015476,LOCKED
14027,1219.939,-143465222020083,-28124,34026,-30542.7,31902.5,9.6,0.172,98108255,LOCKED
14028,1220.939,-143465222007095,15710,77860,-30583.8,31528.9,9.9,0.192,98229525,LOCKED
14029,1221.938,-143465221998392,52391,114541,-30543.0,32078.6,9.8,0.199,98316880,LOCKED
14030,1222.938,-143465222125836,-40817,21333,-30656.6,32391.2,10.5,0.223,98281269,LOCKED
14031,1223.938,-143465222126597,-9486,52664,-30711.4,32282.0,10.6,0.226,98374022,LOCKED
14032,1224.939,-143465222148424,-181,61969,-30731.8,32244.5,10.7,0.238,98455784,LOCKED
14033,1225.939,-143465222211251,-30405,31745,-30773.1,32494.5,10.8,0.249,98535311,LOCKED
14034,1226.939,-143465222153805,53547,115697,-30652.5,33234.0,10.9,0.258,98621917,LOCKED
14035,1227.939,-143465222271787,-32767,29383,-30647.8,33183.3,11.0,0.267,98598141,LOCKED
14036,1228.939,-143465222279772,-11100,51050,-30580.4,32528.3,11.2,0.274,98682680,LOCKED
14037,1229.939,-143465222283930,12833,74983,-30479.3,32001.6,11.2,0.281,98775329,LOCKED
14038,1230.939,-143465222369506,-38732,23418,-30588.4,32273.5,11.3,0.286,98781257,LOCKED
14039,1231.939,-143465222344323,16363,78513,-30582.5,32301.9,11.3,0.291,98896611,LOCKED
14040,1232.939,-143465222356097,32861,95011,-30523.6,32608.6,11.3,0.296,98978918,LOCKED
14041,1233.939,-143465222361687,53400,115550,-30396.5,33304.4,11.4,0.299,99064708,LOCKED
14042,1234.940,-143465222499097,-51425,10725,-30418.4,33615.6,11.4,0.293,99021358,LOCKED
14043,1235.940,-143465222505276,-27144,35006,-30375.2,33077.1,11.4,0.296,99108220,LOCKED
14044,1236.939,-143465222521457,-13522,48628,-30324.5,32623.3,11.5,0.293,99184275,LOCKED
14045,1237.939,-143465222529839,8906,71056,-30363.2,32373.2,11.6,0.297,99269608,LOCKED
14046,1238.941,-143465222537412,30790,92940,-30370.0,32301.4,11.6,0.298,99356108,LOCKED
14047,1239.940,-143465222545829,49618,111768,-30299.0,32973.2,11.7,0.299,99440668,LOCKED
14048,1240.940,-143465222654698,-28741,33409,-30261.5,32497.1,11.8,0.300,99424499,LOCKED
14049,1241.940,-143465222680263,-21366,40784,-30357.6,32308.4,11.7,0.297,99490541,LOCKED
14050,1242.940,-143465222703539,-12108,50042,-30444.4,31948.7,11.7,0.298,99556508,LOCKED
14051,1243.940,-143465222720513,1407,63557,-30449.0,31944.7,11.3,0.291,99634366,LOCKED
14052,1244.940,-143465222780206,-26428,35722,-30474.2,32104.2,11.3,0.288,99669571,LOCKED
14053,1245.940,-143465222792059,-8878,53272,-30406.7,31476.3,11.2,0.285,99748195,LOCKED
14054,1246.940,-143465222820673,-5288,56862,-30486.3,31010.1,11.1,0.281,99815488,LOCKED
14055,1247.941,-143465222833070,12494,74644,-30492.0,30982.7,11.1,0.277,99894433,LOCKED
14056,1248.940,-143465222856076,18477,80627,-30448.9,31073.1,11.0,0.273,99963389,LOCKED
14057,1249.941,-143465222871034,30665,92815,-30337.6,31032.8,10.9,0.268,100043320,LOCKED
14058,1250.940,-143465222972601,-37345,24805,-30433.7,31355.1,10.8,0.263,100030746,LOCKED
14059,1251.940,-143465222983418,-16625,45525,-30460.3,31435.6,10.8,0.258,100115527,LOCKED
14060,1252.940,-143465223006188,-9497,52653,-30416.8,31115.3,10.3,0.244,100185085,LOCKED
14061,1253.940,-143465223020374,4839,66989,-30331.6,30550.6,10.2,0.237,100260965,LOCKED
14062,1254.941,-143465223049588,4226,66376,-30253.6,30062.5,10.2,0.230,100329327,LOCKED
14063,1255.941,-143465223054752,28731,90881,-30272.7,29832.6,10.2,0.222,100413982,LOCKED
14064,1256.940,-143465223081609,31139,93289,-30275.1,29806.2,10.1,0.214,100492335,LOCKED
14065,1257.940,-143465223151979,-7622,54528,-30328.0,29666.6,10.0,0.204,100439841,LOCKED
14066,1258.940,-143465223220763,-42901,19249,-30412.7,30224.2,9.9,0.192,100525153,LOCKED
14067,1259.941,-143465223235113,-25665,36485,-30427.6,30335.4,9.7,0.178,100602335,LOCKED
14068,1260.940,-143465223206496,32927,95077,-30460.2,29854.4,9.6,0.188,100726633,LOCKED
14069,1261.940,-143465223275916,-4238,57912,-30541.4,29308.3,9.6,0.149,100685259,LOCKED
14070,1262.941,-143465223353082,-46767,15383,-30664.9,29815.9,9.7,0.127,100761945,LOCKED
14071,1263.940,-143465223375848,-36060,26090,-30742.9,30193.7,9.8,0.108,100832985,LOCKED
14072,1264.941,-143465223368038,2022,64172,-30723.1,30168.7,10.1,0.076,100938595,LOCKED
14073,1265.941,-143465223367842,29909,92059,-30623.9,30224.3,10.1,0.060,101031200,LOCKED
14074,1266.941,-143465223392473,32071,93837,-30488.9,29922.2,10.2,0.030,100992704,LOCKED
14075,1267.941,-143465223489374,-31029,30737,-30600.1,29896.3,10.3,-0.001,101092251,LOCKED
14076,1268.945,-143465223472572,15899,77665,-30603.3,29877.3,10.2,-0.035,101207175,LOCKED
14077,1269.941,-143465223473342,42318,104084,-30505.9,30371.8,10.0,-0.075,101296920,LOCKED
14078,1270.941,-143465223572125,-25390,36376,-30491.6,30225.4,10.3,-0.093,101289743,LOCKED
14079,1271.941,-143465223577948,761,62527,-30565.7,29654.7,10.2,-0.098,101376896,LOCKED
14080,1272.941,-143465223602548,7292,69058,-30605.7,29388.5,10.0,-0.111,101442376,LOCKED
14081,1273.941,-143465223609292,29624,91390,-30579.9,29593.6,10.3,-0.127,101528463,LOCKED
14082,1274.942,-143465223620735,45572,107338,-30499.0,30233.6,10.1,-0.138,101506314,LOCKED
14083,1275.942,-143465223742452,-43074,18692,-30553.7,30751.9,10.4,-0.150,101584646,LOCKED
14084,1276.942,-143465223760454,-29089,32677,-30575.7,30923.3,10.5,-0.162,101661676,LOCKED
14085,1277.942,-143465223774456,-12730,49036,-30543.9,30686.7,10.9,-0.180,101740506,LOCKED
14086,1278.943,-143465223769440,20020,81786,-30439.1,30330.4,10.9,-0.188,101837891,LOCKED
14087,1279.942,-143465223775768,42146,103912,-30411.7,30654.7,10.9,-0.195,101922830,LOCKED
14088,1280.942,-143465223875187,-25666,36100,-30427.7,30770.4,11.3,-0.208,101918165,LOCKED
14089,1281.942,-143465223888987,-10313,51453,-30347.8,29852.5,11.4,-0.213,101997333,LOCKED
14090,1282.942,-143465223910594,-214,61552,-30414.3,29410.6,11.3,-0.222,102068988,LOCKED
14091,1283.942,-143465223923974,16082,77848,-30404.8,29456.1,11.3,-0.226,102149231,LOCKED
14092,1284.942,-143465223938754,29720,91486,-30356.6,29729.7,11.3,-0.229,102227943,LOCKED
14093,1285.942,-143465223961339,36180,97946,-30352.4,29781.0,11.5,-0.235,102294528,LOCKED
14094,1286.943,-143465223988084,35436,97202,-30197.5,29298.8,11.7,-0.240,102256456,LOCKED
14095,1287.942,-143465224109646,-51294,10472,-30339.9,29840.1,11.5,-0.241,102330409,LOCKED
14096,1288.941,-143465224127861,-36239,25527,-30423.6,30203.0,11.7,-0.244,102407839,LOCKED
14097,1289.942,-143465224127277,-5315,56451,-30410.6,30162.3,11.8,-0.246,102497517,LOCKED
14098,1290.942,-143465224113809,37448,99214,-30418.2,30057.5,11.9,-0.247,102604267,LOCKED
14099,1291.943,-143465224239622,-54587,7179,-30492.4,30913.2,12.0,-0.248,102571448,LOCKED
14100,1292.942,-143465224263831,-46159,15607,-30520.9,31280.1,12.0,-0.247,102636880,LOCKED
14101,1293.942,-143465224281441,-32928,28838,-30481.8,30694.4,12.1,-0.246,102714244,LOCKED
14102,1294.943,-143465224288251,-7020,54746,-30580.0,29979.4,12.3,-0.251,102798386,LOCKED
14103,1295.942,-143465224294673,16965,78731,-30599.9,29821.8,12.3,-0.248,102885398,LOCKED
14104,1296.942,-143465224312667,28155,89921,-30577.2,29994.8,12.5,-0.253,102979106,LOCKED
14105,1297.943,-143465224410017,-36337,25429,-30628.7,30383.4,12.5,-0.247,102953123,LOCKED
14106,1298.946,-143465224445051,-39066,22700,-30646.1,30587.6,13.1,-0.248,103038263,LOCKED
14107,1299.943,-143465224413356,20027,81793,-30519.7,29884.1,14.0,-0.242,103137973,LOCKED
14108,1300.944,-143465224505753,-38396,23370,-30625.6,30188.4,13.9,-0.233,103142220,LOCKED
14109,1301.943,-143465224508098,-8797,52969,-30675.7,30092.0,14.0,-0.230,103230657,LOCKED
14110,1302.943,-143465224515128,14353,76119,-30675.3,30094.1,14.1,-0.225,103316365,LOCKED
14111,1303.943,-143465224514941,42304,104070,-30602.6,30637.3,14.2,-0.219,103409686,LOCKED
14112,1304.943,-143465224542299,43537,105303,-30576.3,30961.3,14.3,-0.212,103477010,LOCKED
14113,1305.943,-143465224562120,51103,112869,-30504.6,31699.1,14.4,-0.204,103547306,LOCKED
14114,1306.943,-143465224684106,-37512,24254,-30583.1,32090.8,14.8,-0.193,103517070,LOCKED
14115,1307.943,-143465224693910,-15949,45817,-30595.0,32139.9,15.1,-0.180,103602526,LOCKED
14116,1308.943,-143465224704732,3016,64782,-30560.3,32061.7,15.4,-0.165,103684741,LOCKED
14117,1309.943,-143465224717886,17972,79738,-30469.8,31828.0,16.0,-0.144,103764196,LOCKED
14118,1310.945,-143465224817788,-46965,14801,-30612.6,32121.6,16.6,-0.119,103757159,LOCKED
14119,1311.944,-143465224839421,-34891,26875,-30706.6,32369.3,17.0,-0.089,103827689,LOCKED
14120,1312.944,-143465224850234,-13577,48189,-30753.8,32371.0,17.4,-0.052,103906426,LOCKED
14121,1313.944,-143465224865620,1614,63380,-30747.8,32370.9,17.2,-0.049,103987052,LOCKED
14122,1314.945,-143465224853044,41898,103664,-30668.2,32863.6,17.1,-0.039,104092225,LOCKED
14123,1315.944,-143465224883175,38650,100416,-30546.4,33016.7,17.1,-0.044,104048015,LOCKED
14124,1316.943,-143465224992952,-39207,22559,-30548.6,33043.2,17.4,-0.061,104135794,LOCKED
14125,1317.943,-143465225005216,-19542,42224,-30583.9,33149.5,17.1,-0.044,104217162,LOCKED
14126,1318.944,-143465225016328,1252,63018,-30651.0,32712.2,17.4,-0.050,104296992,LOCKED
14127,1319.944,-143465225036346,11977,73743,-30675.5,32562.6,17.3,-0.036,104372396,LOCKED
14128,1320.944,-143465225030075,44677,106443,-30541.1,32837.2,17.1,-0.013,104470756,LOCKED
14129,1321.944,-143465225057952,44365,106131,-30468.8,33382.7,16.8,-0.051,104537003,LOCKED
14130,1322.944,-143465225095354,36612,98378,-30489.5,33104.1,16.6,-0.095,104485439,LOCKED
14131,1323.944,-143465225197110,-30976,30790,-30618.8,32861.2,16.3,-0.131,104578835,LOCKED
14132,1324.944,-143465225213336,-15224,46542,-30660.2,32906.4,16.3,-0.160,104655726,LOCKED
14133,1325.944,-143465225227102,851,62617,-30621.3,32779.0,15.7,-0.185,104735107,LOCKED
14134,1326.945,-143465225236516,19663,81429,-30536.3,32653.8,15.5,-0.206,104816982,LOCKED
14135,1327.944,-143465225255290,30543,92309,-30543.9,32574.5,15.2,-0.223,104893966,LOCKED
14136,1328.947,-143465225260648,51732,113498,-30433.6,33288.8,14.9,-0.237,104980414,LOCKED
14137,1329.944,-143465225392845,-48226,13540,-30441.9,33409.7,14.8,-0.257,104944180,LOCKED
14138,1330.944,-143465225360043,14827,76593,-30457.3,33316.8,15.1,-0.273,105066721,LOCKED
14139,1331.945,-143465225374836,28510,90276,-30407.4,33541.0,14.9,-0.288,105145581,LOCKED
14140,1332.945,-143465225385046,45315,107081,-30316.1,34088.4,15.0,-0.300,105123008,LOCKED
14141,1333.945,-143465225507788,-45128,16638,-30338.3,34353.9,15.1,-0.311,105195206,LOCKED
14142,1334.945,-143465225518578,-25649,36117,-30292.2,33801.3,15.1,-0.320,105278852,LOCKED
14143,1335.945,-143465225532607,-7550,54216,-30369.9,33446.3,14.9,-0.322,105356592,LOCKED
14144,1336.945,-143465225541798,13650,75416,-30393.7,33293.1,14.9,-0.328,105437854,LOCKED
14145,1337.944,-143465225570246,14989,76755,-30388.8,33313.9,15.1,-0.335,105507672,LOCKED
14146,1338.944,-143465225630960,-15100,46666,-30375.2,33232.3,14.9,-0.335,105598335,LOCKED
14147,1339.945,-143465225699363,-51272,10494,-30381.1,33323.6,14.6,-0.334,105571892,LOCKED
14148,1340.945,-143465225653339,24151,85917,-30373.0,33378.9,14.6,-0.335,105695093,LOCKED
14149,1341.944,-143465225695760,11433,73199,-30359.1,33411.6,14.3,-0.332,105777847,LOCKED
14150,1342.945,-143465225781893,-41638,20128,-30422.7,33878.6,14.5,-0.335,105751812,LOCKED
14151,1343.946,-143465225812514,-39827,21939,-30455.1,34184.9,14.2,-0.331,105832171,LOCKED
14152,1344.946,-143465225794729,6630,68396,-30378.4,33824.0,13.8,-0.326,105925250,LOCKED
14153,1345.945,-143465225788507,38829,100595,-30226.7,33614.3,14.0,-0.326,106023355,LOCKED
14154,1346.945,-143465225897915,-39591,22175,-30198.2,33185.0,14.2,-0.325,106006457,LOCKED
14155,1347.945,-143465225897673,-7455,54311,-30269.1,32896.4,14.0,-0.320,106097954,LOCKED
14156,1348.945,-143465225904271,15946,77712,-30282.4,32812.5,14.1,-0.317,106184133,LOCKED
14157,1349.946,-143465225923273,25246,87012,-30227.1,32980.1,14.1,-0.313,106259275,LOCKED
14158,1350.947,-143465226018274,-38668,23098,-30204.9,32660.5,14.2,-0.308,106255376,LOCKED
14159,1351.945,-143465226039114,-25994,35772,-30324.4,32349.3,14.1,-0.302,106327316,LOCKED
14160,1352.946,-143465226046829,-1836,59930,-30397.4,31894.5,14.2,-0.296,106411947,LOCKED
14161,1353.945,-143465226055821,19293,81059,-30416.0,31743.3,14.0,-0.288,106496386,LOCKED
14162,1354.947,-143465226068738,34656,96422,-30368.7,32073.3,13.9,-0.279,106576283,LOCKED
14163,1355.946,-143465226090582,39807,101573,-30269.2,32444.0,13.8,-0.269,106644284,LOCKED
14164,1356.946,-143465226108772,47451,109217,-30130.2,32793.9,13.7,-0.259,106722391,LOCKED
14165,1357.946,-143465226149717,35303,97069,-30123.4,32865.7,13.6,-0.246,106665431,LOCKED
14166,1358.946,-143465226260660,-41313,20453,-30261.3,32953.8,13.6,-0.243,106748594,LOCKED
14167,1359.946,-143465226283047,-31950,29816,-30281.3,33120.6,13.6,-0.248,106824143,LOCKED
14168,1360.947,-143465226263627,17972,79738,-30322.1,32734.5,13.8,-0.237,106931141,LOCKED
14169,1361.946,-143465226280247,30131,91897,-30296.4,32922.1,13.7,-0.222,107011637,LOCKED
14170,1362.946,-143465226293865,43506,105272,-30206.5,33431.4,13.6,-0.207,107085578,LOCKED
14171,1363.946,-143465226320205,42951,104717,-30060.6,33493.4,13.5,-0.191,107154096,LOCKED
14172,1364.946,-143465226444775,-49782,11984,-30065.0,33560.2,13.9,-0.116,107123438,LOCKED
14173,1365.946,-143465226469792,-43793,17973,-30038.3,33126.7,13.9,-0.050,107185739,LOCKED
14174,1366.947,-143465226477430,-18989,42777,-30124.8,32970.0,14.0,-0.003,107272597,LOCKED
14175,1367.946,-143465226487592,1338,63104,-30145.0,32924.4,13.9,0.042,107354605,LOCKED
14176,1368.946,-143465226502813,15016,76782,-30108.8,32978.6,14.0,0.100,107430806,LOCKED
14177,1369.946,-143465226529205,16731,78497,-30038.2,32902.0,13.9,0.132,107496371,LOCKED
14178,1370.946,-143465226619503,-39228,22538,-30184.3,32788.0,13.7,0.166,107499105,LOCKED
14179,1371.946,-143465226641320,-27520,34246,-30302.7,32549.7,13.4,0.205,107570855,LOCKED
14180,1372.946,-143465226658757,-12892,48874,-30367.9,32429.4,13.0,0.251,107642748,LOCKED
14181,1373.946,-143465226673527,2912,64678,-30382.9,32394.4,12.9,0.252,107722174,LOCKED
14182,1374.946,-143465226667549,35692,97458,-30266.3,32486.8,12.4,0.250,107822797,LOCKED
14183,1375.947,-143465226693675,36097,97863,-30142.8,32521.6,12.2,0.252,107783224,LOCKED
14184,1376.947,-143465226788245,-25101,36665,-30259.7,32208.0,12.2,0.255,107881375,LOCKED
14185,1377.946,-143465226814215,-18545,43221,-30340.3,32091.4,12.1,0.258,107961011,LOCKED
14186,1378.947,-143465226826681,-269,61497,-30359.6,32058.3,12.1,0.254,108028801,LOCKED
14187,1379.947,-143465226821085,33404,95170,-30303.0,32377.3,12.1,0.249,108128421,LOCKED
14188,1380.947,-143465226901681,-17009,44757,-30268.8,32078.1,12.1,0.253,108143612,LOCKED
14189,1381.948,-143465226967495,-50498,11268,-30285.7,32330.2,12.1,0.257,108228025,LOCKED
14190,1382.947,-143465226908477,35122,96888,-30163.1,32336.8,12.1,0.261,108320489,LOCKED
14191,1383.947,-143465227023058,-44986,16780,-30300.1,32599.8,12.1,0.264,108298770,LOCKED
14192,1384.948,-143465227026076,-15787,45979,-30368.0,32521.0,12.1,0.266,108390400,LOCKED
14193,1385.947,-143465227019838,19749,81515,-30348.3,32610.8,12.1,0.269,108487287,LOCKED
14194,1386.948,-143465227026040,40624,95211,-30255.2,33030.4,12.1,0.271,108572733,LOCKED
14195,1387.948,-143465227071242,23130,77717,-30168.4,32986.3,12.1,0.273,108519035,LOCKED
14196,1388.947,-143465227153416,-28791,25796,-30124.6,32404.3,12.1,0.270,108628786,LOCKED
14197,1389.947,-143465227164017,-7146,47441,-30217.0,31822.6,11.9,0.265,108714482,LOCKED
14198,1390.947,-143465227152364,31999,86586,-30136.4,32061.4,11.7,0.260,108817199,LOCKED
14199,1391.947,-143465227173809,36995,91582,-30016.3,32169.8,11.5,0.255,108888475,LOCKED
14200,1392.948,-143465227221371,16358,70945,-29891.5,31376.1,11.2,0.249,108827944,LOCKED
14201,1393.948,-143465227336521,-63298,0,-30061.5,32209.5,11.0,0.247,108908649,LOCKED
14202,1394.948,-143465227368672,-60503,2795,-30200.9,33140.7,10.8,0.244,108968661,LOCKED
14203,1395.948,-143465227394109,-51905,11393,-30302.9,33871.2,10.8,0.244,109036667,LOCKED
14204,1396.948,-143465227404887,-30692,32606,-30334.8,34084.2,10.6,0.239,109114828,LOCKED
14205,1397.948,-143465227424464,-19111,44187,-30343.4,34128.4,10.6,0.237,109192423,LOCKED
14206,1398.949,-143465227428428,7324,70622,-30358.4,34074.9,10.6,0.235,109279784,LOCKED
14207,1399.948,-143465227439616,26597,89895,-30407.7,33449.3,10.6,0.234,109359760,LOCKED
14208,1400.948,-143465227530200,-32023,31275,-30430.9,33633.9,10.8,0.233,109362561,LOCKED
14209,1401.948,-143465227539782,-10681,52617,-30437.3,33651.7,11.0,0.232,109442208,LOCKED
14210,1402.948,-143465227567208,-5551,57747,-30532.3,33007.0,11.0,0.224,109513850,LOCKED
14211,1403.949,-143465227589150,4584,67882,-30615.9,32241.0,11.2,0.222,109581307,LOCKED
14212,1404.948,-143465227597948,24929,88227,-30585.0,32403.0,11.2,0.217,109663527,LOCKED
14213,1405.949,-143465227612184,37599,100897,-30466.7,32551.3,10.8,0.206,109746197,LOCKED
14214,1406.949,-143465227626790,51505,114803,-30456.5,32711.5,10.5,0.193,109822948,LOCKED
14215,1407.948,-143465227660340,45807,109105,-30404.8,33224.0,10.1,0.178,109776735,LOCKED
14216,1408.948,-143465227764654,-26541,36757,-30437.3,33401.3,9.6,0.162,109868982,LOCKED
14217,1409.948,-143465227774704,-6388,56910,-30415.1,33312.3,9.5,0.153,109947500,LOCKED
14218,1410.949,-143465227761419,36367,99665,-30429.3,33131.0,8.9,0.132,110058446,LOCKED
14219,1411.948,-143465227794484,32760,96058,-30436.1,33055.7,8.7,0.121,110013001,LOCKED
14220,1412.948,-143465227829040,27288,90586,-30415.1,33197.7,8.0,0.098,110068239,LOCKED
14221,1413.948,-143465227938794,-48866,14432,-30490.3,33844.5,8.0,0.093,110154496,LOCKED
14222,1414.949,-143465227948614,-27105,36193,-30498.8,33909.6,7.7,0.077,110241493,LOCKED
14223,1415.949,-143465227957014,-5730,57568,-30453.6,33647.7,8.6,0.067,110322249,LOCKED
14224,1416.949,-143465227959042,19694,82992,-30338.8,33177.1,9.2,0.030,110414332,LOCKED
14225,1417.949,-143465227990261,16290,79588,-30241.8,32825.7,8.9,-0.011,110493360,LOCKED
14226,1418.950,-143465228048068,-9263,54035,-30325.4,32433.7,9.6,-0.069,110445384,LOCKED
14227,1419.950,-143465228108476,-35673,27625,-30446.5,32477.6,9.5,-0.107,110536121,LOCKED
14228,1420.949,-143465228135584,-30659,32639,-30477.8,32697.0,10.0,-0.129,110641997,LOCKED
14229,1421.949,-143465228094948,36941,100239,-30366.6,32883.4,10.1,-0.184,110735117,LOCKED
14230,1422.949,-143465228148789,11044,74342,-30265.9,32309.0,10.2,-0.224,110810824,LOCKED
14231,1423.950,-143465228226103,-35461,27837,-30233.5,31834.0,10.0,-0.255,110792890,LOCKED
14232,1424.949,-143465228268535,-43297,20001,-30375.8,31960.5,10.0,-0.249,110859287,LOCKED
14233,1425.949,-143465228245109,11046,74344,-30420.9,31604.6,10.0,-0.255,110959642,LOCKED
14234,1426.949,-143465228265150,20570,83868,-30413.0,31652.3,10.0,-0.250,111046778,LOCKED
14235,1427.949,-143465228343729,-25927,37371,-30451.9,31843.4,9.9,-0.245,111019657,LOCKED
14236,1428.950,-143465228388531,-38269,25029,-30486.9,32168.5,9.9,-0.232,111105860,LOCKED
14237,1429.949,-143465228368055,11124,74422,-30428.2,32060.9,9.8,-0.237,111205178,LOCKED
14238,1430.950,-143465228436875,-24308,38990,-30533.2,31866.0,9.8,-0.233,111230695,LOCKED
14239,1431.949,-143465228428715,14456,77754,-30560.9,31661.7,9.8,-0.238,111331636,LOCKED
14240,1432.950,-143465228424695,46471,109769,-30512.1,32184.7,9.8,-0.234,111427110,LOCKED
14241,1433.950,-143465228543874,-39366,23932,-30585.7,32623.8,10.0,-0.245,111404696,LOCKED
14242,1434.950,-143465228535673,-1622,61676,-30531.7,32326.3,10.0,-0.247,111503976,LOCKED
14243,1435.950,-143465228537653,23878,87176,-30421.4,32053.8,9.9,-0.250,111593214,LOCKED
14244,1436.950,-143465228552850,37279,100577,-30393.9,32318.6,9.9,-0.246,111670522,LOCKED
14245,1437.950,-143465228574798,43329,106627,-30348.3,32765.5,9.9,-0.248,111744848,LOCKED
14246,1438.950,-143465228699238,-47492,15806,-30430.0,33393.9,9.9,-0.251,111707370,LOCKED
14247,1439.951,-143465228719776,-36331,26967,-30431.8,33414.4,9.9,-0.249,111780114,LOCKED
14248,1440.950,-143465228681149,31056,94354,-30401.4,33628.0,10.2,-0.255,111916672,LOCKED
14249,1441.950,-143465228705166,36638,99936,-30423.0,33337.3,10.4,-0.260,111980656,LOCKED
14250,1442.950,-143465228737732,30973,94271,-30301.4,33195.1,10.6,-0.264,111936837,LOCKED
14251,1443.950,-143465228755922,41688,104986,-30302.2,33184.7,10.8,-0.268,112009283,LOCKED
14252,1444.951,-143465228870728,-39489,23809,-30400.0,33542.2,11.0,-0.271,112092663,LOCKED
14253,1445.950,-143465228880557,-18281,45017,-30400.9,33547.0,11.1,-0.274,112176961,LOCKED
14254,1446.951,-143465228897559,-5984,57314,-30336.7,33054.8,11.3,-0.276,112250036,LOCKED
14255,1447.951,-143465228915525,4955,68253,-30274.6,32801.7,11.5,-0.278,112324442,LOCKED
14256,1448.951,-143465228930895,19206,82504,-30274.4,32802.5,11.7,-0.282,112399152,LOCKED
14257,1449.951,-143465228960089,18971,82269,-30241.4,32903.5,11.8,-0.287,112465366,LOCKED
14258,1450.950,-143465229059844,-48671,14627,-30252.3,33061.8,12.4,-0.293,112456676,LOCKED
14259,1451.951,-143465229083252,-40856,22442,-30231.9,32757.8,12.6,-0.298,112527248,LOCKED
14260,1452.951,-143465229104239,-30801,32497,-30220.4,32632.1,13.1,-0.303,112598915,LOCKED
14261,1453.951,-143465229116828,-10777,52521,-30320.1,32059.7,13.6,-0.303,112679325,LOCKED
14262,1454.951,-143465229137378,776,64074,-30409.1,31287.6,13.7,-0.301,112754586,LOCKED
14263,1455.952,-143465229151388,17728,81026,-30465.8,30634.1,13.8,-0.299,112829167,LOCKED
14264,1456.952,-143465229155618,42213,105511,-30450.1,30836.9,13.9,-0.296,112919451,LOCKED
14265,1457.951,-143465229277419,-45170,18128,-30569.9,31283.0,13.8,-0.285,112895380,LOCKED
14266,1458.952,-143465229266373,-3329,59969,-30575.4,31286.2,13.9,-0.280,112997228,LOCKED
14267,1459.952,-143465229283023,9258,72556,-30525.1,31199.6,14.0,-0.274,113070138,LOCKED
14268,1460.952,-143465229312542,10893,74191,-30574.2,30784.8,13.7,-0.259,113160943,LOCKED
14269,1461.951,-143465229313308,38729,102027,-30541.7,31109.8,13.4,-0.243,113117819,LOCKED
14270,1462.951,-143465229432450,-46058,17240,-30652.5,31646.9,13.1,-0.225,113194228,LOCKED
14271,1463.951,-143465229442844,-23746,39552,-30713.9,31774.0,12.7,-0.204,113278154,LOCKED
14272,1464.952,-143465229472093,-21134,42164,-30735.1,31879.8,12.5,-0.191,113360500,LOCKED
14273,1465.951,-143465229462439,17156,80454,-30660.5,31778.1,12.4,-0.177,113445905,LOCKED
14274,1466.951,-143465229464649,41180,104478,-30511.4,31712.4,12.2,-0.160,113538043,LOCKED
14275,1467.952,-143465229495446,36724,100022,-30367.5,31506.8,12.1,-0.119,113495251,LOCKED
14276,1468.952,-143465229579380,-14941,48357,-30436.1,31401.0,11.9,-0.083,113607020,LOCKED
14277,1469.952,-143465229573998,19719,83017,-30412.0,31504.4,11.6,-0.049,113705654,LOCKED
14278,1470.952,-143465229584361,35916,99214,-30282.5,31459.6,11.2,-0.015,113787778,LOCKED
14279,1471.952,-143465229607390,39058,102356,-30145.4,31458.0,11.1,0.006,113857949,LOCKED
14280,1472.952,-143465229630595,41713,105011,-30004.2,31526.0,10.8,0.028,113925276,LOCKED
14281,1473.952,-143465229758945,-51726,11572,-30159.3,31911.5,10.0,0.070,113887322,LOCKED
14282,1474.952,-143465229776971,-36325,26973,-30259.4,32166.9,9.6,0.101,113965350,LOCKED
14283,1475.952,-143465229786173,-14219,49079,-30287.3,32224.0,9.6,0.100,114046481,LOCKED
14284,1476.952,-143465229799343,1844,65142,-30238.5,32031.5,9.6,0.097,114127070,LOCKED
14285,1477.953,-143465229816313,13235,76533,-30168.2,31873.9,9.5,0.081,114204594,LOCKED
14286,1478.952,-143465229828749,28901,92199,-30114.8,32114.0,9.6,0.072,114282939,LOCKED
14287,1479.952,-143465229849723,36488,99786,-30099.2,32277.1,9.7,0.062,114349854,LOCKED
14288,1480.952,-143465229940882,-22133,41165,-30182.3,32235.2,9.6,0.063,114352960,LOCKED
14289,1481.952,-143465229952713,-4971,58327,-30115.5,31707.9,9.6,0.065,114431412,LOCKED
14290,1482.953,-143465229956883,18873,82171,-30043.6,31669.0,9.5,0.065,114520499,LOCKED
14291,1483.952,-143465229973900,30589,93887,-30030.1,31788.2,9.5,0.066,114596938,LOCKED
14292,1484.952,-143465230038057,-2114,61184,-30096.7,31415.1,9.3,0.066,114623373,LOCKED
14293,1485.952,-143465230062501,2804,66102,-30065.2,31350.1,9.4,0.074,114694109,LOCKED
14294,1486.952,-143465230072824,20203,83501,-29983.6,31266.5,9.3,0.081,114774925,LOCKED
14295,1487.952,-143465230107222,15420,78718,-29991.2,31221.7,9.2,0.088,114728343,LOCKED
14296,1488.953,-143465230213408,-55644,7654,-30150.8,31762.0,8.6,0.096,114816035,LOCKED
14297,1489.953,-143465230237386,-46614,16684,-30213.6,32353.3,8.7,0.102,114887075,LOCKED
14298,1490.953,-143465230227957,-5562,57736,-30273.6,32126.5,8.6,0.109,114992022,LOCKED
14299,1491.953,-143465230252390,10,63308,-30260.4,32110.2,8.7,0.114,115056056,LOCKED
14300,1492.953,-143465230267984,12310,75608,-30164.6,31635.4,8.6,0.121,115133967,LOCKED
14301,1493.953,-143465230285598,24687,87985,-30197.2,31264.7,8.7,0.124,115209615,LOCKED
14302,1494.953,-143465230299343,38698,101996,-30141.7,31688.9,8.8,0.128,115289902,LOCKED
14303,1495.953,-143465230424513,-53402,9896,-30196.7,32370.1,8.8,0.129,115253141,LOCKED
14304,1496.953,-143465230442926,-40134,23164,-30202.8,32446.0,8.6,0.137,115327801,LOCKED
14305,1497.953,-143465230450493,-17894,45404,-30153.4,31930.8,9.1,0.144,115411886,LOCKED
14306,1498.953,-143465230460444,3681,66979,-30227.1,31326.2,9.1,0.146,115495731,LOCKED
14307,1499.953,-143465230492695,2851,66149,-30290.5,30876.5,8.9,0.154,115570223,LOCKED
14308,1500.953,-143465230574223,-46149,17149,-30323.7,31287.9,8.9,0.152,115559927,LOCKED
14309,1501.953,-143465230603867,-43639,19659,-30340.9,31511.4,8.8,0.150,115628644,LOCKED
14310,1502.953,-143465230605237,-14794,48504,-30310.1,31267.7,8.8,0.148,115719207,LOCKED
14311,1503.953,-143465230637075,-16802,46496,-30258.5,30715.9,8.8,0.146,115797987,LOCKED
14312,1504.953,-143465230703253,-48103,15195,-30405.4,31026.2,8.7,0.143,115879487,LOCKED
14313,1505.953,-143465230654686,29506,92804,-30387.6,31173.6,8.7,0.141,115844261,LOCKED
14314,1506.954,-143465230769632,-51264,12034,-30488.4,31930.2,8.7,0.138,115924426,LOCKED
14315,1507.954,-143465230779598,-28877,34421,-30531.9,32165.5,8.8,0.135,116010629,LOCKED
14316,1508.955,-143465230779646,887,64185,-30498.0,32068.0,8.7,0.132,116101582,LOCKED
14317,1509.955,-143465230776998,31118,94416,-30406.6,32218.6,8.7,0.128,116197186,LOCKED
14318,1510.954,-143465230895193,-51461,11837,-30576.9,32378.0,8.4,0.117,116172055,LOCKED
14319,1511.954,-143465230900994,-23498,39800,-30694.5,31992.6,8.3,0.112,116259157,LOCKED
14320,1512.954,-143465230904391,4810,68108,-30752.2,31586.7,8.1,0.098,116350295,LOCKED
14321,1513.955,-143465230903778,34556,95059,-30730.2,31793.2,7.8,0.081,116443723,LOCKED
14322,1514.954,-143465230935116,32145,92648,-30695.1,32049.2,7.8,0.071,116503206,LOCKED
14323,1515.954,-143465230957569,37599,98102,-30620.7,32446.7,7.9,0.060,116571461,LOCKED
14324,1516.954,-143465230972127,49074,109577,-30476.9,32820.7,8.3,0.044,116652142,LOCKED
14325,1517.954,-143465231055942,-2175,58328,-30576.0,31981.4,8.2,0.028,116664494,LOCKED
14326,1518.955,-143465231049743,32903,93406,-30547.4,32213.3,8.1,0.009,116762210,LOCKED
14327,1519.955,-143465231066353,43883,104386,-30475.1,32757.9,7.8,-0.015,116836285,LOCKED
14328,1520.955,-143465231161519,-19443,41060,-30509.8,32864.1,8.2,0.011,116833417,LOCKED
14329,1521.955,-143465231175495,-3677,56826,-30465.9,32636.2,8.3,0.017,116914651,LOCKED
14330,1522.955,-143465231200447,3655,64158,-30561.4,31671.3,8.3,0.021,116980402,LOCKED
14331,1523.955,-143465231212693,21937,82440,-30596.4,31298.9,8.3,0.025,117058601,LOCKED
14332,1524.955,-143465231228883,35402,95905,-30609.1,31131.9,8.4,0.028,117139856,LOCKED
14333,1525.956,-143465231241885,49698,110201,-30529.1,31850.2,8.4,0.030,117217693,LOCKED
14334,1526.956,-143465231371255,-46804,13699,-30566.1,32289.8,8.4,0.018,117181724,LOCKED
14335,1527.955,-143465231395639,-38834,21669,-30589.3,32532.3,8.7,-0.001,117246188,LOCKED
14336,1528.955,-143465231417452,-27192,33311,-30684.9,32530.0,8.7,0.008,117321158,LOCKED
14337,1529.955,-143465231433384,-11825,48678,-30695.4,32559.9,9.0,-0.008,117394229,LOCKED
14338,1530.957,-143465231414985,33973,94476,-30589.9,32692.5,9.2,-0.021,117509403,LOCKED
14339,1531.956,-143465231430602,44538,105041,-30447.4,32870.3,9.2,-0.024,117582679,LOCKED
14340,1532.956,-143465231553186,-46109,14394,-30443.8,32816.2,9.4,-0.035,117553395,LOCKED
14341,1533.955,-143465231565214,-24291,36212,-30570.6,32329.7,9.4,-0.036,117633675,LOCKED
14342,1534.956,-143465231560838,11287,71790,-30620.5,31913.6,9.4,-0.038,117731095,LOCKED
14343,1535.956,-143465231587860,14606,75109,-30631.1,31851.9,9.5,-0.047,117813413,LOCKED
14344,1536.955,-143465231652029,-17564,42939,-30669.1,31936.2,9.5,-0.048,117774101,LOCKED
14345,1537.956,-143465231707776,-40158,20345,-30724.3,32377.0,9.3,-0.050,117860175,LOCKED
14346,1538.957,-143465231724006,-24867,35636,-30722.0,32358.5,9.0,-0.052,117940482,LOCKED
14347,1539.956,-143465231732591,-3779,56724,-30664.1,31974.0,8.9,-0.060,118024648,LOCKED
14348,1540.956,-143465231805130,-41977,18526,-30775.0,32349.7,9.1,-0.067,118049005,LOCKED
14349,1541.956,-143465231808975,-13893,46610,-30808.6,32396.7,9.1,-0.068,118132586,LOCKED
14350,1542.959,-143465231825162,-2,60501,-30772.6,32277.0,9.3,-0.075,118211457,LOCKED
14351,1543.956,-143465231821966,30569,91072,-30656.5,32180.2,9.4,-0.081,118308515,LOCKED
14352,1544.956,-143465231841524,38767,99270,-30578.5,32598.7,9.5,-0.086,118278253,LOCKED
14353,1545.956,-143465231941937,-29503,31000,-30606.2,32791.5,9.5,-0.085,118375200,LOCKED
14354,1546.956,-143465231941300,499,61002,-30546.0,32467.9,9.6,-0.088,118469909,LOCKED
14355,1547.956,-143465231939933,29225,89728,-30438.0,32413.0,10.1,-0.093,118564514,LOCKED
14356,1548.958,-143465231948861,48773,109276,-30422.8,32631.7,10.2,-0.095,118543620,LOCKED
14357,1549.956,-143465232034437,-4809,55694,-30492.1,32296.3,10.2,-0.096,118652366,LOCKED
14358,1550.956,-143465232015568,41567,102070,-30414.6,32783.9,10.7,-0.099,118764214,LOCKED
14359,1551.956,-143465232055627,29504,90007,-30344.8,32998.3,11.0,-0.101,118711288,LOCKED
14360,1552.956,-143465232149985,-33159,27344,-30355.9,33104.6,11.4,-0.102,118812855,LOCKED
14361,1553.958,-143465232167163,-20023,40480,-30320.5,32763.8,12.2,-0.104,118889952,LOCKED
14362,1554.957,-143465232192787,-16292,44211,-30245.8,31849.8,12.9,-0.106,118959482,LOCKED
14363,1555.957,-143465232204581,3103,63606,-30297.4,31545.0,13.2,-0.109,119035564,LOCKED
14364,1556.957,-143465232222348,15376,75879,-30310.4,31462.2,13.4,-0.107,119112175,LOCKED
14365,1557.956,-143465232238526,27626,88129,-30263.9,31684.7,13.3,-0.098,119186141,LOCKED
14366,1558.956,-143465232248524,44106,104609,-30151.2,32129.7,13.5,-0.099,119270266,LOCKED
14367,1559.958,-143465232384710,-58602,1901,-30217.1,32977.3,13.5,-0.093,119228877,LOCKED
14368,1560.957,-143465232359451,-1892,58611,-30274.7,32709.8,14.1,-0.094,119346366,LOCKED
14369,1561.957,-143465232377229,10999,71502,-30312.4,32444.9,14.7,-0.093,119421814,LOCKED
14370,1562.957,-143465232392851,24200,84703,-30279.5,32602.5,15.2,-0.091,119498735,LOCKED
14371,1563.957,-143465232420881,24947,85450,-30247.2,32766.1,15.4,-0.089,119458866,LOCKED
14372,1564.957,-143465232528000,-47149,13354,-30403.5,32894.8,15.9,-0.085,119547541,LOCKED
14373,1565.957,-143465232537021,-25169,35334,-30390.9,32778.7,16.3,-0.079,119630350,LOCKED
14374,1566.957,-143465232545227,-1096,59407,-30481.9,32043.7,16.7,-0.072,119716891,LOCKED
14375,1567.957,-143465232558801,15914,76417,-30513.5,31784.8,17.1,-0.074,119798487,LOCKED
14376,1568.958,-143465232574018,29355,89858,-30471.2,32026.0,17.5,-0.063,119872693,LOCKED
14377,1569.957,-143465232589020,40957,101460,-30349.2,32272.9,17.8,-0.049,119950403,LOCKED
14378,1570.957,-143465232685168,-21366,39137,-30484.6,31503.9,18.0,-0.075,119945671,LOCKED
14379,1571.957,-143465232705785,-9558,50945,-30564.1,31154.0,18.2,-0.096,120020865,LOCKED
14380,1572.957,-143465232707142,18753,79256,-30551.3,31219.2,18.2,-0.099,120110136,LOCKED
14381,1573.958,-143465232719784,33625,94128,-30457.9,31439.0,18.1,-0.100,120192141,LOCKED
14382,1574.957,-143465232848911,-61524,0,-30528.5,32401.6,18.1,-0.098,120153535,LOCKED
14383,1575.958,-143465232868743,-48477,13047,-30563.3,32834.1,18.1,-0.092,120226456,LOCKED
14384,1576.958,-143465232874885,-23988,37536,-30526.6,32426.9,17.7,-0.067,120314876,LOCKED
14385,1577.958,-143465232886871,-4889,56635,-30545.9,32423.0,17.8,-0.065,120401060,LOCKED
14386,1578.959,-143465232873847,35164,96688,-30431.6,32518.1,17.9,-0.058,120503146,LOCKED
14387,1579.958,-143444303150449,19568779285,19568840809,34280777.9,2700000000.0,17.9,-0.079,120469705,LOCKED
14388,1580.958,-143413693360122,46861428860,46861490384,117608825.2,6900000000.0,17.2,-0.112,120599468,LOCKED
14389,1581.958,-143413693370386,43628767177,43628828701,198072825.2,9100000000.0,16.7,-0.126,52086213,LOCKED
14390,1582.958,-143413693402097,40480575146,40480636670,275672724.0,11000000000.0,16.2,-0.138,-148784724,LOCKED
14391,1583.959,-143413693418119,37416888447,37416949971,350408569.2,12000000000.0,15.6,-0.148,-427254026,LOCKED
14392,1584.958,-143413693477697,34437650795,34437712319,422280282.9,13000000000.0,15.0,-0.156,-780490797,LOCKED
14393,1585.959,-143413693530027,31542912343,31542973867,491287884.9,13000000000.0,14.3,-0.162,-1205597060,LOCKED
14394,1586.959,-143413693603133,28732650234,28732711758,557431145.9,14000000000.0,13.9,-0.158,-1699719400,LOCKED
14395,1587.959,-143413693531484,26007017178,26007078702,620710478.2,14000000000.0,13.9,-0.154,-2259996551,LOCKED
14396,1588.958,-143413693629981,23365709410,23365770934,681125601.8,14000000000.0,13.1,-0.150,-2883596682,LOCKED
14397,1589.958,-143413693623907,20808994525,20809056049,738676702.4,15000000000.0,13.0,-0.146,-3567567081,LOCKED
14398,1590.959,-143413693718871,18336672377,18336733901,793363671.3,15000000000.0,13.0,-0.143,-4309105317,LOCKED
14399,1591.958,-143413693758632,15948896564,15948958088,845186547.7,15000000000.0,12.6,-0.138,-5105259509,LOCKED
14400,1592.959,-143413693763185,13645648328,13645709852,894145209.2,15000000000.0,12.5,-0.134,-5953322395,LOCKED
14401,1593.958,-143413693791135,11426867093,11426928617,940239798.5,15000000000.0,12.2,-0.129,-6850360519,LOCKED
14402,1594.959,-143413693809445,9292584698,9292646222,983470359.9,15000000000.0,11.8,-0.123,-7793494935,LOCKED
14403,1595.959,-143413693843727,7242777578,7242839102,1000000000.0,14000000000.0,11.7,-0.119,-8779867327,LOCKED
14404,1596.959,-143413693892681,5277449213,5277510737,1100000000.0,14000000000.0,11.2,-0.113,-9806613408,LOCKED
14405,1597.959,-143413693910799,3396642851,3396704375,1100000000.0,14000000000.0,10.8,-0.106,-10870870371,LOCKED
14406,1598.959,-143413693927177,1600328026,1600389550,1100000000.0,14000000000.0,10.3,-0.099,-11969766739,LOCKED
14407,1599.959,-143413693941851,-111495662,0,1200000000.0,14000000000.0,10.1,-0.097,-13100445763,LOCKED
14408,1600.959,-143413693940645,-1738812950,0,1200000000.0,14000000000.0,10.0,-0.095,-14260010935,LOCKED
14409,1601.959,-143413694022205,-3281719269,0,1200000000.0,13000000000.0,9.7,-0.091,-15445510544,LOCKED
14410,1602.960,-143413694009746,-4740043665,0,1200000000.0,13000000000.0,9.5,-0.088,-16654331292,LOCKED
14411,1603.959,-143413694074497,-6113952944,0,1200000000.0,13000000000.0,9.6,-0.086,-17883495522,LOCKED
14412,1604.959,-143413694160794,-7403389396,0,1300000000.0,13000000000.0,10.0,-0.085,-19130098599,LOCKED
14413,1605.959,-143413694135249,-8608224318,0,1300000000.0,13000000000.0,9.5,-0.076,-20391166936,LOCKED
14414,1606.959,-143413694215552,-9728671680,0,1300000000.0,13000000000.0,9.5,-0.071,-21664085183,LOCKED
14415,1607.959,-143413694167466,-10764505751,0,1300000000.0,13000000000.0,10.1,-0.072,-22945892292,LOCKED
14416,1608.960,-143413694248183,-11715974927,0,1300000000.0,13000000000.0,10.0,-0.064,-24233674644,LOCKED
14417,1609.959,-143413694225202,-12582851012,0,1300000000.0,13000000000.0,9.8,-0.056,-25524587524,LOCKED
14418,1610.960,-143413694248465,-13365284246,0,1300000000.0,13000000000.0,9.9,-0.052,-26815783677,LOCKED
14419,1611.960,-143413694330398,-14063281344,0,1300000000.0,13000000000.0,10.0,-0.048,-28104223899,LOCKED
14420,1612.959,-143413694313812,-14676689782,0,1300000000.0,13000000000.0,10.1,-0.043,-29387353040,LOCKED
14421,1613.960,-143413694357722,-15205667032,0,1300000000.0,13000000000.0,10.2,-0.044,-30662198646,LOCKED
14422,1614.959,-143413694435052,-15650183607,0,1200000000.0,13000000000.0,10.3,-0.045,-31925823957,LOCKED
14423,1615.960,-143413694395553,-16010097401,0,1200000000.0,13000000000.0,10.4,-0.037,-33175436459,LOCKED
14424,1616.960,-143413694462575,-16285624554,0,1200000000.0,13000000000.0,10.4,-0.028,-34408098924,LOCKED
14425,1617.959,-143413694529477,-16476658567,0,1200000000.0,14000000000.0,10.7,-0.015,-35620984013,LOCKED
14426,1618.960,-143413694507234,-16583116500,0,1200000000.0,14000000000.0,11.0,0.001,-36811218479,LOCKED
14427,1619.961,-143413694582163,-16605174093,0,1100000000.0,14000000000.0,10.5,0.026,-37975982581,LOCKED
14428,1620.960,-143413694624021,-16542708534,62465559,1100000000.0,14000000000.0,10.8,0.036,-39112304228,LOCKED
14429,1621.961,-143413694622332,-16395710854,209463239,1100000000.0,14000000000.0,11.1,0.048,-40217296095,LOCKED
14430,1622.959,-143413694622789,-16164226647,440947446,1000000000.0,14000000000.0,11.5,0.014,-41288332245,LOCKED
14431,1623.960,-143413694573783,-15848207081,756967012,991270486.4,15000000000.0,11.3,0.037,-42322385073,LOCKED
14432,1624.960,-143413694626904,-15447794344,1157379749,948577914.3,15000000000.0,11.7,0.012,-43316620579,LOCKED
14433,1625.960,-143413694510595,-14962731077,1642443016,903021505.4,15000000000.0,12.0,-0.010,-44268157917,LOCKED
14434,1626.960,-143413694474388,-14393261425,2211912668,854601122.6,15000000000.0,12.2,-0.029,-45174130392,LOCKED
14435,1627.960,-143413694436102,-13739303091,2865871002,803316757.8,15000000000.0,12.2,-0.032,-46031687776,LOCKED
14436,1628.960,-143413694455665,-13000912100,3604261993,749168310.6,15000000000.0,12.2,-0.035,-46837945620,LOCKED
14437,1629.960,-143413694431363,-12177989606,4427184487,692155853.4,14000000000.0,12.2,-0.037,-47590050928,LOCKED
14438,1630.960,-143413694374071,-11270545859,5334628234,632279300.7,14000000000.0,12.2,-0.044,-48285120468,LOCKED
14439,1631.961,-143413694362284,-10278658662,6326515431,569538697.2,14000000000.0,12.2,-0.049,-48920339227,LOCKED
14440,1632.961,-143413694325210,-9202259456,7402914637,503934115.4,13000000000.0,12.2,-0.054,-49492809798,LOCKED
14441,1633.960,-143413694303152,-8041387129,8563786964,435465509.3,13000000000.0,12.2,-0.058,-49999671014,LOCKED
14442,1634.960,-143413694276822,-6796018729,9809155364,364132686.5,12000000000.0,12.1,-0.061,-50438057956,LOCKED
14443,1635.961,-143413694252203,-5466163518,11139010575,289935821.0,11000000000.0,12.1,-0.064,-50805062496,LOCKED
14444,1636.961,-143413694226353,-4051819017,12553355076,212874935.3,9400000000.0,12.1,-0.066,-51097917584,LOCKED
14445,1637.961,-143413694206107,-2552991449,14052182644,132950008.7,7400000000.0,12.1,-0.067,-51313700473,LOCKED
14446,1638.960,-143413694170628,-969661749,15635512344,50161106.8,3900000000.0,12.1,-0.061,-51449544078,LOCKED
14447,1639.961,-143413694135796,497270,16605671363,-17687.5,202788.0,12.1,-0.056,-51502594451,LOCKED
14448,1640.961,-143413694061523,543268,16605717361,-16332.8,213530.5,12.1,-0.058,-51469941972,LOCKED
14449,1641.961,-143413694045668,529010,16605703103,-14930.5,222269.8,12.2,-0.066,-51419761887,LOCKED
14450,1642.961,-143413694035820,508054,16605682147,-13528.3,229335.6,12.4,-0.072,-51419738502,LOCKED
14451,1643.961,-143413694019578,491932,16605666025,-12091.3,234688.0,12.3,-0.072,-51419706795,LOCKED
14452,1644.961,-143413693989897,488318,16605662411,-10673.3,239963.2,12.3,-0.073,-51419664042,LOCKED
14453,1645.961,-143413693914435,526483,16605700576,-9191.8,246624.3,12.3,-0.068,-51419577788,LOCKED
14454,1646.961,-143413693897570,506761,16605680854,-7785.2,252882.1,12.1,-0.066,-51419550711,LOCKED
14455,1647.961,-143413693877535,486035,16605660128,-6208.0,255249.4,11.8,-0.063,-51419523620,LOCKED
14456,1648.961,-143413693873089,452147,16605626240,-4771.2,257748.3,11.6,-0.056,-51419508855,LOCKED
14457,1649.962,-143413693859600,425823,16605599916,-3288.5,257929.6,11.3,-0.053,-51419492186,LOCKED
14458,1650.961,-143413693815510,430013,16605604106,-1881.3,259573.4,11.0,-0.049,-51419442817,LOCKED
14459,1651.962,-143413693709880,490041,16605664134,-363.0,263061.0,10.7,-0.044,-51419442453,LOCKED
14460,1652.962,-143413693713901,440911,16605615004,1138.2,263827.9,10.4,-0.036,-51419314363,LOCKED
14461,1653.962,-143413693699280,410484,16605584577,2613.4,263228.9,10.4,-0.025,-51419290921,LOCKED
14462,1654.962,-143413693653644,408866,16605582959,4127.2,261845.0,10.2,-0.016,-51419246584,LOCKED
14463,1655.962,-143413693621749,392832,16605566925,5626.5,259745.2,9.8,-0.007,-51419220649,LOCKED
14464,1656.962,-143413693603935,363553,16605537646,7059.7,257111.3,9.5,0.003,-51419210320,LOCKED
14465,1657.962,-143413693592217,328494,16605502587,8465.4,252916.4,9.1,0.013,-51419202996,LOCKED
14466,1658.962,-143413693580590,293656,16605467749,9844.7,247133.7,8.7,0.024,-51419195510,LOCKED
14467,1659.962,-143413693561716,265894,16605439987,11210.8,239836.3,8.6,0.030,-51419186572,LOCKED
14468,1660.962,-143413693502800,274927,16605449020,12654.4,231018.2,8.6,0.037,-51419141140,LOCKED
14469,1661.963,-143413693448845,278927,16605453020,14023.9,223952.2,8.7,0.038,-51419097406,LOCKED
14470,1662.962,-143413693453751,224909,16605399002,15374.5,213544.8,8.7,0.045,-51419116266,LOCKED
14471,1663.962,-143413693401325,227884,16605401977,16670.5,204301.0,8.8,0.045,-51419077082,LOCKED
14472,1664.962,-143413693392020,191113,16605365206,17798.1,196584.2,8.8,0.038,-51419085764,LOCKED
14473,1665.962,-143413693294792,236351,16605410444,19085.6,187357.1,8.8,0.038,-51419109949,LOCKED
14474,1666.963,-143413693280724,201569,16605375662,20213.4,179597.1,8.8,0.038,-51419008074,LOCKED
14475,1667.963,-143413693280102,153230,16605327323,21371.8,167153.2,8.6,0.030,-51419027883,LOCKED
14476,1668.962,-143413693263984,123485,16605297578,22370.4,156690.5,8.6,0.029,-51419032775,LOCKED
14477,1669.962,-143413693249778,91751,16605265844,23376.6,142901.5,8.8,0.031,-51419041348,LOCKED
14478,1670.964,-143413693220891,75194,16605249287,24336.5,128109.0,8.9,0.029,-51419034296,LOCKED
14479,1671.963,-143413693126810,122128,16605296221,25254.7,117105.5,8.9,0.029,-51419069649,LOCKED
14480,1672.963,-143413693105370,96448,16605270541,26169.3,102723.0,8.9,0.029,-51418972966,LOCKED
14481,1673.963,-143413693092708,64612,16605238705,26963.0,88609.8,8.9,0.022,-51418981543,LOCKED
14482,1674.963,-143413693077078,39378,16605213471,27581.0,77927.6,8.9,0.015,-51418991859,LOCKED
14483,1675.963,-143413692996432,74826,16605248919,28322.7,62772.7,9.0,0.010,-51418937222,LOCKED
14484,1676.963,-143413693036930,-3710,16605170383,28806.6,49978.2,9.0,0.005,-51419006388,LOCKED
14485,1677.963,-143413692967868,27392,16605201485,29211.2,41824.0,8.9,-0.028,-51418967047,LOCKED
14486,1678.963,-143413692889200,64802,16605238895,29695.6,31653.1,8.7,-0.062,-51418917750,LOCKED
14487,1679.963,-143413692933946,-13142,16605160951,29889.8,26872.3,8.7,-0.052,-51418988160,LOCKED
14488,1680.963,-143413692883255,5152,16605179245,30004.5,25604.8,8.5,-0.065,-51418969696,LOCKED
14489,1681.963,-143413692852817,4011,16605178104,30075.2,25130.7,8.1,-0.096,-51418970410,LOCKED
14490,1682.963,-143413692778166,45145,16605219238,30169.2,25842.0,8.0,-0.102,-51418922139,LOCKED
14491,1683.963,-143413692818166,-24381,16605149712,30178.2,25743.2,7.9,-0.113,-51418987342,LOCKED
14492,1684.963,-143413692800496,-32737,16605141356,30028.6,25128.6,7.8,-0.117,-51419005190,LOCKED
14493,1685.964,-143413692671234,61211,16605235304,30186.5,26176.1,7.7,-0.122,-51418902786,LOCKED
14494,1686.964,-143413692647772,49641,16605223734,30342.0,26504.6,7.6,-0.127,-51418911270,LOCKED
14495,1687.964,-143413692637322,26098,16605200191,30478.1,25810.1,8.0,-0.141,-51418931216,LOCKED
14496,1688.963,-143413692618435,13365,16605187458,30512.0,25861.2,8.0,-0.145,-51418938489,LOCKED
14497,1689.964,-143413692600174,1020,16605175113,30514.9,25861.4,8.1,-0.149,-51418953101,LOCKED
14498,1690.964,-143413692565305,4108,16605178201,30570.3,25596.5,8.1,-0.146,-51418949229,LOCKED
14499,1691.964,-143413692493843,41715,16605215808,30662.3,26174.9,8.1,-0.144,-51418905954,LOCKED
14500,1692.963,-143413692540797,-34214,16605139879,30636.4,26452.9,8.2,-0.148,-51418986380,LOCKED
14501,1693.965,-143413692523350,-44687,16605129406,30577.3,27099.0,8.2,-0.146,-51418996150,LOCKED
14502,1694.964,-143413692403457,41530,16605215623,30660.4,27668.0,8.5,-0.138,-51418906319,LOCKED
14503,1695.965,-143413692392635,20223,16605194316,30699.0,27803.0,8.5,-0.137,-51418925675,LOCKED
14504,1696.964,-143413692366776,14458,16605188551,30720.4,27870.5,8.5,-0.136,-51418930619,LOCKED
14505,1697.964,-143413692374146,-21684,16605152409,30660.6,27975.2,8.5,-0.136,-51418966180,LOCKED
14506,1698.965,-143413692342488,-19035,16605155058,30611.2,28066.7,8.6,-0.129,-51418967523,LOCKED
14507,1699.964,-143413692321395,-26487,16605147606,30553.7,28283.3,8.7,-0.123,-51418975111,LOCKED
14508,1700.964,-143413692268519,-5095,16605168998,30608.0,27865.0,8.9,-0.119,-51418952255,LOCKED
14509,1701.965,-143413692258256,-24573,16605149520,30606.3,27880.1,8.8,-0.119,-51418971952,LOCKED
14510,1702.964,-143413692241214,-35779,16605138314,30550.0,28296.0,8.7,-0.119,-51418986027,LOCKED
14511,1703.964,-143413692129360,42955,16605217048,30604.8,28847.2,8.8,-0.118,-51419007624,LOCKED
14512,1704.966,-143413692087634,50956,16605225049,30673.2,29621.5,8.9,-0.117,-51418998520,LOCKED
14513,1705.965,-143413692136000,-27386,16605146707,30684.6,29497.5,9.4,-0.110,-51418972797,LOCKED
14514,1706.965,-143413692118527,-38672,16605135421,30654.4,29819.6,9.5,-0.110,-51418986936,LOCKED
14515,1707.964,-143413691989428,55521,16605229614,30770.9,30722.1,9.6,-0.110,-51418885608,LOCKED
14516,1708.964,-143413691974022,37967,16605212060,30815.3,31104.3,9.6,-0.107,-51418899877,LOCKED
14517,1709.965,-143413691954528,25897,16605199990,30808.9,31044.9,9.7,-0.108,-51418912938,LOCKED
14518,1710.966,-143413691903411,43779,16605217872,30855.3,31520.9,9.6,-0.112,-51418888351,LOCKED
14519,1711.965,-143413691887624,24918,16605199011,31000.3,30716.0,9.6,-0.115,-51418903018,LOCKED
14520,1712.965,-143413691871986,8013,16605182106,31062.8,30505.0,9.6,-0.113,-51418916148,LOCKED
14521,1713.964,-143413691859484,-10310,16605163783,31068.2,30482.7,9.3,-0.105,-51418934847,LOCKED
14522,1714.965,-143413691774442,39873,16605213966,31188.2,30716.0,9.3,-0.102,-51418880788,LOCKED
14523,1715.966,-143413691755980,24292,16605198385,31288.1,30572.4,9.3,-0.099,-51418894862,LOCKED
14524,1716.965,-143413691738122,9411,16605183504,31343.8,30448.4,9.3,-0.096,-51418905975,LOCKED
14525,1717.966,-143413691720648,-4322,16605169771,31344.3,30447.7,9.2,-0.092,-51418918760,LOCKED
14526,1718.965,-143413691649214,33941,16605208034,31377.5,30727.5,9.2,-0.087,-51418985375,LOCKED
14527,1719.965,-143413691716976,-60050,16605114043,31224.4,31574.4,9.3,-0.084,-51418975737,LOCKED
14528,1720.965,-143413691667841,-39278,16605134815,31149.2,32018.0,9.2,-0.078,-51418959876,LOCKED
14529,1721.965,-143413691644236,-44361,16605129732,31102.1,32492.8,9.2,-0.072,-51418967215,LOCKED
14530,1722.965,-143413691626770,-53597,16605120496,30975.1,33199.4,9.3,-0.062,-51418979674,LOCKED
14531,1723.965,-143413691504311,35444,16605209537,31036.1,33546.4,9.4,-0.050,-51418991961,LOCKED
14532,1724.965,-143413691514443,-4648,16605169445,30990.9,33429.4,9.5,-0.036,-51418929172,LOCKED
14533,1725.965,-143413691520980,-40882,16605133211,30995.4,33369.2,9.5,-0.034,-51418966077,LOCKED
14534,1726.965,-143413691399319,45610,16605219703,31124.7,33723.8,9.5,-0.033,-51418980205,LOCKED
14535,1727.965,-143413691381469,30193,16605204286,31179.7,33971.7,9.5,-0.033,-51418884622,LOCKED
14536,1728.965,-143413691362811,16946,16605191039,31187.1,34005.7,9.5,-0.033,-51418897689,LOCKED
14537,1729.966,-143413691343937,5331,16605179424,31143.9,33768.9,9.3,-0.050,-51418909716,LOCKED
14538,1730.966,-143413691288648,28697,16605202790,31134.4,33675.5,9.3,-0.035,-51418885681,LOCKED
14539,1731.966,-143413691335241,-46757,16605127336,31100.5,34065.4,9.3,-0.037,-51418964024,LOCKED
14540,1732.966,-143413691210955,42808,16605216901,31207.2,34470.8,9.2,-0.040,-51418869334,LOCKED
14541,1733.966,-143413691200713,20346,16605194439,31246.9,34580.0,9.2,-0.038,-51418888809,LOCKED
14542,1734.966,-143413691185047,4870,16605178963,31233.6,34544.9,9.4,-0.024,-51418904924,LOCKED
14543,1735.966,-143413691173806,-15348,16605158745,31270.3,34255.5,9.4,-0.023,-51418924228,LOCKED
14544,1736.966,-143413691103947,22847,16605196940,31251.6,34093.1,9.4,-0.022,-51418884651,LOCKED
14545,1737.966,-143413691084500,10232,16605184325,31274.4,34119.3,9.3,-0.020,-51418895370,LOCKED
14546,1738.966,-143413691076210,-13613,16605160480,31339.4,33468.0,9.1,-0.018,-51418918972,LOCKED
14547,1739.966,-143413691055976,-22367,0,31261.1,33468.6,9.3,-0.010,-51418926498,LOCKED
14548,1740.966,-143413691024869,-20882,1485,31215.2,33580.9,9.1,-0.011,-51418929459,LOCKED
14549,1741.966,-143413690944444,26724,49091,31249.6,33762.6,9.3,-0.018,-51418879674,LOCKED
14550,1742.967,-143413690989601,-47676,0,31230.4,34014.0,9.1,-0.018,-51418953054,LOCKED
14551,1743.966,-143413690907948,3689,51365,31177.9,33709.4,9.1,-0.012,-51418903550,LOCKED
14552,1744.966,-143413690838651,40735,88411,31162.7,33496.1,8.9,-0.013,-51418866114,LOCKED
14553,1745.966,-143413690886987,-37801,9875,31178.4,33287.1,8.7,-0.015,-51418943853,LOCKED
14554,1746.967,-143413690813729,2635,50311,31254.8,32821.5,8.6,-0.016,-51418899595,LOCKED
14555,1747.967,-143413690761463,21340,69016,31332.7,32799.8,8.0,-0.015,-51418985381,LOCKED
14556,1748.967,-143413690790202,-36647,11029,31291.2,33128.2,7.8,-0.013,-51418941720,LOCKED
14557,1749.967,-143413690720116,2023,49699,31294.0,33129.3,7.7,-0.011,-51418901118,LOCKED
14558,1750.967,-143413690726072,-33042,14634,31241.7,33428.9,7.7,-0.013,-51418936977,LOCKED
14559,1751.967,-143413690651851,7876,55552,31329.9,32945.7,7.7,-0.011,-51418895310,LOCKED
14560,1752.967,-143413690604790,23159,70835,31313.3,32797.9,7.5,-0.011,-51418983495,LOCKED
14561,1753.967,-143413690624908,-24837,22839,31185.8,32322.4,8.0,-0.006,-51418932289,LOCKED
14562,1754.967,-143413690555612,11191,58867,31269.5,31974.7,8.0,-0.002,-51418890571,LOCKED
14563,1755.967,-143413690629028,-88050,0,31148.6,34038.9,8.0,-0.002,-51418972243,LOCKED
14564,1756.967,-143413690552029,-39854,48196,31099.7,34428.1,8.1,-0.001,-51418921395,LOCKED
14565,1757.967,-143413690469963,11292,99342,31072.0,34265.3,8.1,-0.004,-51418865629,LOCKED
14566,1758.967,-143413690503308,-48737,39313,30937.4,34691.1,8.0,-0.002,-51418934287,LOCKED
14567,1759.967,-143413690440682,-14556,73494,30839.1,34286.9,8.0,0.000,-51418900569,LOCKED
14568,1760.967,-143413690467001,-66288,21762,30682.8,35312.4,7.9,0.002,-51418955744,LOCKED
14569,1761.968,-143413690403550,-29765,58285,30547.7,34958.8,7.9,0.005,-51418923483,LOCKED
14570,1762.967,-143413690332675,12046,100096,30454.7,33861.6,7.8,0.009,-51418884016,LOCKED
14571,1763.967,-143413690379453,-61354,26696,30368.5,34832.3,7.7,0.012,-51418958464,LOCKED
14572,1764.967,-143413690308183,-19862,68188,30372.6,34806.2,7.7,0.017,-51418917017,LOCKED
14573,1765.968,-143413690228730,29175,117225,30326.1,34204.7,7.4,0.028,-51418864095,LOCKED
14574,1766.968,-143413690266670,-34170,53880,30141.0,33128.9,7.3,0.034,-51418933877,LOCKED
14575,1767.968,-143413690190993,9914,97964,30195.9,33028.7,7.2,0.040,-51418888744,LOCKED
14576,1768.968,-143413690125371,42111,130161,30284.5,33500.5,7.1,0.047,-51418849735,LOCKED
14577,1769.968,-143413690167446,-28273,59777,30234.5,33719.8,7.1,0.055,-51418922534,LOCKED
14578,1770.968,-143413690075806,30325,118375,30322.0,33865.9,7.1,0.055,-51418968513,LOCKED
14579,1771.968,-143413690103557,-26194,61856,30289.2,34037.0,7.2,0.054,-51418920913,LOCKED
14580,1772.968,-143413690025100,20797,108847,30312.5,34138.5,7.3,0.053,-51418869947,LOCKED
14581,1773.967,-143413689969630,43804,131854,30345.2,34484.1,7.4,0.051,-51418950571,LOCKED
14582,1774.968,-143413690007160,-23484,64566,30355.4,34401.0,7.9,0.046,-51418912697,LOCKED
14583,1775.968,-143413689931887,19418,107468,30422.2,34408.7,8.4,0.040,-51418868083,LOCKED
14584,1776.968,-143413689877257,40519,128569,30507.5,34828.5,8.4,0.045,-51418948072,LOCKED
14585,1777.968,-143413689909622,-20802,67248,30465.8,34940.6,8.4,0.050,-51418904182,LOCKED
14586,1778.969,-143413689836711,18999,107049,30564.2,34671.8,8.7,0.069,-51418861740,LOCKED
14587,1779.968,-143413689878674,-48114,39936,30378.2,34392.4,8.6,0.100,-51418931793,LOCKED
14588,1780.968,-143413689779349,20977,109027,30336.1,33965.5,8.8,0.116,-51418864184,LOCKED
14589,1781.969,-143413689739530,30282,118332,30294.4,33416.0,8.7,0.119,-51418960607,LOCKED
14590,1782.969,-143413689774687,-30563,57487,30118.8,32319.5,8.8,0.120,-51418920314,LOCKED
14591,1783.968,-143413689699018,13452,101502,30171.8,32290.4,8.7,0.106,-51418870179,LOCKED
14592,1784.969,-143413689633723,46144,134194,30214.5,32758.8,8.6,0.089,-51418836884,LOCKED
14593,1785.969,-143413689691295,-36985,51065,30047.1,32176.8,8.7,0.103,-51418926543,LOCKED
14594,1786.968,-143413689623610,-316,87734,30095.2,31955.1,8.7,0.116,-51418885376,LOCKED
14595,1787.969,-143413689547184,42442,130492,30200.2,32384.1,8.6,0.115,-51418838490,LOCKED
14596,1788.969,-143413689593744,-32375,55675,30158.6,32660.2,8.7,0.125,-51418914255,LOCKED
14597,1789.969,-143413689528659,2493,90543,30157.3,32659.0,8.6,0.124,-51418879935,LOCKED
14598,1790.969,-143413689549777,-46336,41714,30114.3,33127.8,8.5,0.123,-51418933011,LOCKED
14599,1791.969,-143413689488542,-12391,75659,29996.0,32316.9,8.4,0.122,-51418895802,LOCKED
14600,1792.969,-143413689412283,30504,118554,30110.8,32233.6,8.4,0.128,-51418852084,LOCKED
14601,1793.969,-143413689367454,41661,129711,30216.5,32628.5,8.3,0.126,-51418940181,LOCKED
14602,1794.970,-143413689394799,-15094,72956,30202.0,32679.7,8.3,0.125,-51418895017,LOCKED
14603,1795.969,-143413689321713,26389,114439,30226.9,32833.9,8.3,0.123,-51418850526,LOCKED
14604,1796.969,-143413689270467,43407,131457,30351.3,33148.4,8.4,0.116,-51418934308,LOCKED
14605,1797.969,-143413689292392,-8963,79087,30370.9,33058.3,8.5,0.109,-51418881754,LOCKED
14606,1798.969,-143413689224721,26525,114575,30415.8,33253.7,8.6,0.102,-51418845627,LOCKED
14607,1799.970,-143413689176703,41598,129648,30470.8,33701.6,8.7,0.097,-51418929057,LOCKED
14608,1800.970,-143413689169007,17892,105942,30486.8,33768.0,8.8,0.092,-51418849071,LOCKED
