12808,-143465184905298,-39701,23040,-29819.4,32407.7,13.3,0.334,83335888,22184563,LOCKED,1.000029819000,143927824864818
12809,-143465184844154,48184,110925,-29748.3,33045.3,13.4,0.336,83335887,22231243,LOCKED,1.000029748000,143928825020570
12810,-143465184964118,-40962,21779,-29732.6,32817.5,13.6,0.340,83335888,22309767,LOCKED,1.000029733000,143929825177306
12811,-143465184962522,-8791,53950,-29759.4,32827.5,13.6,0.339,83335886,22401668,LOCKED,1.000029759000,143930825333069
12812,-143465184961163,19403,82144,-29647.9,32382.0,13.5,0.334,83335886,22493952,LOCKED,1.000029648000,143931825483720
12813,-143465184966757,40024,102765,-29545.8,32741.8,13.4,0.332,83335887,22582731,LOCKED,1.000029546000,143932825519265
12814,-143465185082474,-41715,21026,-29694.2,32712.5,13.1,0.325,83335887,22556314,LOCKED,1.000029694000,143933825661962
12815,-143465185105824,-33654,29087,-29722.5,32944.7,13.2,0.323,83335888,22625939,LOCKED,1.000029723000,143934825821688
12816,-143465185108180,-4699,58042,-29792.8,32598.5,12.8,0.314,83335887,22714632,LOCKED,1.000029793000,143935825976484
12817,-143465185125603,6111,68852,-29726.3,32321.6,12.9,0.311,83335888,22804180,LOCKED,1.000029726000,143936826012210
12818,-143465185206741,-41556,21185,-29841.2,32648.7,12.4,0.300,83335887,22801064,LOCKED,1.000029841000,143937826047051
12819,-143465185228783,-32684,30057,-29839.5,32630.1,12.5,0.294,83335888,22872490,LOCKED,1.000029839000,143938826214894
12820,-143465185231779,-4524,58217,-29896.7,32412.1,12.5,0.292,83335887,22961070,LOCKED,1.000029897000,143939826369794
12821,-143465185247455,8228,70969,-29838.2,32251.1,12.3,0.284,83335886,23048262,LOCKED,1.000029838000,143940826530636
12822,-143465185336366,-48500,14241,-29872.6,32682.9,12.6,0.282,83335888,23116481,LOCKED,1.000029873000,143941826565508
12823,-143465185294364,23206,85947,-29903.0,32369.5,12.6,0.279,83335886,23196867,LOCKED,1.000029903000,143942826608411
# STATS: PDUs=477 CSV=476 Gaps=0 Dups=0 Skip=0 Outlier=272 d_min=-62741 ns drift=-29903.0 ns/s sigma=32369.5 ns state=LOCKED clk_err=+0 ns
12824,-143465185398957,-48641,14100,-29961.7,32972.3,12.6,0.276,83335887,23160916,LOCKED,1.000029962000,143943826770376
12825,-143465185423972,-39024,16304,-30126.4,32553.0,12.4,0.264,83335887,23235490,LOCKED,1.000030126000,143944826957507
12826,-143465185399570,14063,69391,-30079.0,32561.2,12.2,0.251,83335887,23349508,LOCKED,1.000030079000,143945826988585
12827,-143465185404384,37928,93256,-30073.3,32627.2,12.2,0.245,83335887,23326002,LOCKED,1.000030073000,143946827160662
12828,-143465185477296,-6144,49184,-30002.4,32018.8,12.0,0.228,83335887,23447272,LOCKED,1.000030002000,143947827202664
12829,-143465185486356,13909,69237,-29981.9,32073.1,11.8,0.211,83335886,23536712,LOCKED,1.000029982000,143948827367649
12830,-143465185482184,46748,102076,-29995.2,31852.2,11.7,0.202,83335887,23631423,LOCKED,1.000029995000,143949827424644
12831,-143465185585796,-25620,29708,-30013.9,31977.3,11.7,0.194,83335886,23620184,LOCKED,1.000030014000,143950827594662
12832,-143465185589147,2420,57748,-30085.6,31432.5,11.7,0.132,83335886,23713233,LOCKED,1.000030086000,143951827765751
12833,-143465185589581,29458,84786,-30006.2,31612.9,11.8,0.090,83335886,23805231,LOCKED,1.000030006000,143952827912760
12834,-143465185605555,41567,96895,-29980.9,31900.6,11.6,0.024,83335885,23880013,LOCKED,1.000029981000,143953827927740
12835,-143465185645178,28494,83822,-29859.7,31656.9,11.4,-0.012,83335886,23825116,LOCKED,1.000029860000,143954828079603
12836,-143465185758522,-50999,4329,-29970.9,32361.4,11.0,-0.035,83335887,23909111,LOCKED,1.000029971000,143955828237577
12837,-143465185771518,-32907,22421,-29971.0,32362.1,10.5,-0.074,83335886,23989861,LOCKED,1.000029971000,143956828381551
12838,-143465185766079,1788,57116,-29938.8,32284.7,10.4,-0.115,83335885,24087969,LOCKED,1.000029939000,143957828410489
12839,-143465185790526,8127,63455,-29994.0,31852.2,10.1,-0.133,83335887,24156712,LOCKED,1.000029994000,143958828567486
12840,-143465185800252,25738,81066,-29906.3,31872.8,10.2,-0.165,83335885,24239432,LOCKED,1.000029906000,143959828594392
12841,-143465185828917,26162,81490,-29909.7,31842.2,10.0,-0.173,83335885,24199659,LOCKED,1.000029910000,143960828767305
12842,-143465185916499,-30473,24855,-29909.9,31844.4,9.9,-0.171,83335886,24304448,LOCKED,1.000029910000,143961828913218
12843,-143465185931279,-13110,42218,-29997.9,31494.5,9.7,-0.179,83335885,24381183,LOCKED,1.000029998000,143962829068219
12844,-143465185934043,12846,68174,-29956.5,31508.8,9.5,-0.186,83335885,24471925,LOCKED,1.000029956000,143963829220179
12845,-143465185946073,30594,85922,-29998.7,30902.1,9.4,-0.185,83335886,24553976,LOCKED,1.000029999000,143964829238177
12846,-143465185976829,28014,83342,-29955.8,31131.7,9.5,-0.194,83335885,24507322,LOCKED,1.000029956000,143965829391136
12847,-143465186092621,-55356,0,-29984.8,31589.8,9.4,-0.194,83335886,24585371,LOCKED,1.000029985000,143966829541124
12848,-143465186077190,-9979,45377,-29966.2,31495.2,9.6,-0.201,83335885,24696534,LOCKED,1.000029966000,143967829687093
12849,-143465186095625,2797,58153,-30032.1,31016.7,9.7,-0.195,83335887,24770115,LOCKED,1.000030032000,143968829845128
12850,-143465186097432,28206,83562,-29940.6,31082.3,9.5,-0.195,83335886,24859055,LOCKED,1.000029941000,143969829867068
12851,-143465186126831,27817,83173,-29941.2,31076.4,9.6,-0.189,83335887,24816145,LOCKED,1.000029941000,143970830020012
12852,-143465186154960,28229,83585,-29919.4,31238.5,9.6,-0.194,83335885,24880256,LOCKED,1.000029919000,143971830051931
12853,-143465186277120,-59069,0,-30064.0,32094.8,9.7,-0.200,83335885,24957350,LOCKED,1.000030064000,143972830199998
12854,-143465186292894,-41513,17556,-30155.5,32554.1,9.5,-0.198,83335886,25034260,LOCKED,1.000030155000,143973830354157
12855,-143465186305270,-22935,36134,-30156.5,32561.7,9.5,-0.198,83335886,25115892,LOCKED,1.000030156000,143974830506317
12856,-143465186321295,-7564,51505,-30204.8,32464.5,9.4,-0.192,83335887,25197709,LOCKED,1.000030205000,143975830641524
12857,-143465186372876,-28050,31019,-30201.8,32436.5,9.3,-0.194,83335885,25257689,LOCKED,1.000030202000,143976830685726
12858,-143465186426347,-48731,10338,-30247.9,32963.8,9.1,-0.191,83335886,25272150,LOCKED,1.000030248000,143977830722974
12859,-143465186435334,-24249,34820,-30365.9,32608.0,9.1,-0.192,83335885,25354170,LOCKED,1.000030366000,143978830888343
12860,-143465186430125,9874,68943,-30311.0,32505.2,9.1,-0.192,83335886,25453025,LOCKED,1.000030311000,143979831040657
12861,-143465186459169,11324,70393,-30338.8,32331.1,9.0,-0.194,83335886,25530116,LOCKED,1.000030339000,143980831189999
12862,-143465186500719,-1370,57699,-30263.6,31768.0,9.1,-0.196,83335885,25608393,LOCKED,1.000030264000,143981831230262
12863,-143465186577819,-45145,13924,-30338.9,32352.8,8.9,-0.192,83335886,25581759,LOCKED,1.000030339000,143982831381604
12864,-143465186589891,-26559,32510,-30310.3,32028.3,9.5,-0.196,83335884,25661946,LOCKED,1.000030310000,143983831539918
12865,-143465186596692,-3185,55884,-30298.4,32002.5,9.6,-0.198,83335885,25746963,LOCKED,1.000030298000,143984831705220
12866,-143465186602024,21695,80764,-30330.3,31678.1,9.7,-0.198,83335885,25837264,LOCKED,1.000030330000,143985831745550
12867,-143465186617418,33982,93051,-30256.7,31994.1,9.5,-0.193,83335886,25809525,LOCKED,1.000030257000,143986831912810
12868,-143465186699291,-15186,43883,-30351.7,31619.1,9.8,-0.189,83335884,25923377,LOCKED,1.000030352000,143987831953162
12869,-143465186709751,2760,61829,-30260.6,30907.5,10.3,-0.190,83335884,26006704,LOCKED,1.000030261000,143988832135427
12870,-143465186698225,42882,101951,-30250.3,31047.7,10.2,-0.184,83335885,26115133,LOCKED,1.000030250000,143989832169677
12871,-143465186824213,-49212,9857,-30347.4,31747.7,10.2,-0.188,83335885,26079123,LOCKED,1.000030347000,143990832347028
12872,-143465186811231,-6278,52791,-30317.5,31600.6,10.6,-0.193,83335884,26186933,LOCKED,1.000030318000,143991832491348
12873,-143465186830175,3115,62184,-30225.3,30881.3,11.0,-0.191,83335884,26261804,LOCKED,1.000030225000,143992832650577
12874,-143465186833768,28896,87965,-30231.6,30815.7,11.0,-0.188,83335886,26353477,LOCKED,1.000030232000,143993832800812
12875,-143465186850151,40859,99928,-30207.0,31098.6,11.2,-0.177,83335884,26428235,LOCKED,1.000030207000,143994832833019
12876,-143465186981304,-56201,2868,-30304.4,32021.2,11.2,-0.172,83335885,26389684,LOCKED,1.000030304000,143995832986327
12877,-143465186992308,-34885,24184,-30345.4,32331.8,11.4,-0.157,83335884,26469050,LOCKED,1.000030345000,143996833139676
12878,-143465186975841,12475,71544,-30393.1,31924.2,11.4,-0.150,83335885,26578898,LOCKED,1.000030393000,143997833188069
12879,-143465186971296,45452,104521,-30372.4,32192.5,11.4,-0.130,83335884,26677626,LOCKED,1.000030372000,143998833221441
12880,-143465187101448,-50562,8507,-30473.4,32902.8,11.4,-0.120,83335885,26641110,LOCKED,1.000030473000,143999833375918
12881,-143465187106460,-23652,35417,-30505.2,33050.8,11.7,-0.117,83335884,26726253,LOCKED,1.000030505000,144000833532427
12882,-143465187131819,-15523,43546,-30626.0,32315.4,11.4,-0.090,83335885,26790668,LOCKED,1.000030626000,144001833565053
12883,-143465187149443,-2857,56212,-30604.7,32253.5,11.4,-0.087,83335885,26866949,LOCKED,1.000030605000,144002833712661
# STATS: PDUs=537 CSV=536 Gaps=0 Dups=0 Skip=0 Outlier=272 d_min=-59069 ns drift=-30604.7 ns/s sigma=32253.5 ns state=LOCKED clk_err=+0 ns
12884,-143465187163596,14645,73714,-30680.8,31338.6,11.3,-0.070,83335885,26946914,LOCKED,1.000030681000,144003833872345
12885,-143465187187402,21984,81053,-30740.2,30551.7,11.1,-0.054,83335885,27020503,LOCKED,1.000030740000,144004834014088
12886,-143465187193124,44074,103143,-30669.7,31128.0,10.9,-0.037,83335885,27103905,LOCKED,1.000030670000,144005834043757
12887,-143465187215330,48345,107414,-30544.1,31655.0,10.7,-0.003,83335886,27067290,LOCKED,1.000030544000,144006834196304
12888,-143465187297264,-2323,56746,-30575.7,31584.5,10.4,0.017,83335885,27184542,LOCKED,1.000030576000,144007834219879
12889,-143465187316134,8619,67688,-30552.5,31600.0,10.6,0.052,83335887,27254902,LOCKED,1.000030553000,144008834362434
12890,-143465187352509,1282,60351,-30480.2,31130.8,10.1,0.080,83335885,27315329,LOCKED,1.000030480000,144009834509917
12891,-143465187364318,19667,78736,-30498.9,30972.4,10.0,0.094,83335885,27391832,LOCKED,1.000030499000,144010834655419
12892,-143465187376892,35300,94369,-30445.1,31335.0,10.0,0.095,83335886,27472653,LOCKED,1.000030445000,144011834797867
12893,-143465187399112,39817,98886,-30329.1,31596.1,10.0,0.084,83335885,27542569,LOCKED,1.000030329000,144012834811195
12894,-143465187435892,29731,88800,-30199.8,31288.6,10.0,0.088,83335886,27494380,LOCKED,1.000030200000,144013834976398
12895,-143465187535604,-38483,20586,-30199.5,31284.7,10.0,0.090,83335886,27593000,LOCKED,1.000030200000,144014835119600
12896,-143465187551002,-20703,38366,-30311.5,30858.7,9.7,0.080,83335885,27667283,LOCKED,1.000030312000,144015835274915
12897,-143465187545625,14998,74067,-30337.1,30663.6,9.7,0.074,83335885,27764835,LOCKED,1.000030337000,144016835311252
12898,-143465187641741,-47634,11435,-30412.5,31332.0,9.7,0.077,83335886,27763118,LOCKED,1.000030413000,144017835459668
12899,-143465187652565,-26530,32539,-30442.8,31513.4,9.4,0.072,83335885,27844860,LOCKED,1.000030443000,144018835609114
12900,-143465187667769,-11545,47524,-30411.0,31294.3,9.4,0.075,83335886,27928727,LOCKED,1.000030411000,144019835749528
12901,-143465187716369,-28903,30166,-30403.8,31218.4,9.4,0.071,83335885,27997463,LOCKED,1.000030404000,144020835909935
12902,-143465187678204,37849,96918,-30377.5,31486.1,9.4,0.075,83335886,28094779,LOCKED,1.000030377000,144021835958313
12903,-143465187785961,-36711,22358,-30455.0,31862.0,9.4,0.071,83335885,28080598,LOCKED,1.000030455000,144022836122772
12904,-143465187780504,-1359,57710,-30425.2,31764.8,9.4,0.074,83335886,28179587,LOCKED,1.000030425000,144023836289201
12905,-143465187777089,29103,88172,-30307.5,31591.3,9.4,0.072,83335885,28273710,LOCKED,1.000030308000,144024836314508
12906,-143465187807072,26140,85209,-30189.4,31293.5,9.6,0.064,83335884,28234926,LOCKED,1.000030189000,144025836485701
12907,-143465187902056,-34788,24281,-30321.6,31164.5,9.8,0.058,83335884,28333700,LOCKED,1.000030322000,144026836651026
12908,-143465187872007,23882,82951,-30277.8,31332.4,9.8,0.056,83335885,28456428,LOCKED,1.000030278000,144027836801307
12909,-143465187891035,32385,91454,-30196.7,31583.4,9.4,0.059,83335885,28534024,LOCKED,1.000030197000,144028836947507
12910,-143465187905620,43396,102465,-30042.7,31558.0,9.5,0.055,83335884,28610468,LOCKED,1.000030043000,144029836977549
12911,-143465188041392,-59936,0,-30060.8,31885.3,9.0,0.059,83335885,28567392,LOCKED,1.000030061000,144030837131613
12912,-143465187984351,23636,83572,-29926.5,31230.5,9.2,0.055,83335884,28717713,LOCKED,1.000029927000,144031837043536
12913,-143465188013393,24086,84022,-29945.3,31043.7,9.3,0.054,83335885,28672349,LOCKED,1.000029945000,144032837204485
12914,-143465188114477,-43254,16682,-30060.1,31450.5,9.1,0.057,83335885,28766986,LOCKED,1.000030060000,144033837353548
12915,-143465188123467,-20488,39448,-30109.3,31556.5,9.0,0.060,83335885,28851951,LOCKED,1.000030109000,144034837494660
12916,-143465188140665,-7259,52677,-30112.8,31563.8,8.6,0.064,83335884,28930515,LOCKED,1.000030113000,144035837659776
12917,-143465188133681,28435,88371,-30091.3,31723.7,8.6,0.065,83335885,29031641,LOCKED,1.000030091000,144036837679866
12918,-143465188230771,-34735,25201,-30221.6,31618.1,8.5,0.067,83335884,29025206,LOCKED,1.000030222000,144037837843091
12919,-143465188231978,-4603,55333,-30268.9,31477.9,8.5,0.068,83335885,29115835,LOCKED,1.000030269000,144038837986363
12920,-143465188256326,853,60789,-30247.5,31440.2,8.3,0.074,83335885,29184646,LOCKED,1.000030247000,144039838144614
12921,-143465188259944,25248,85184,-30179.7,31574.1,8.1,0.080,83335885,29273932,LOCKED,1.000030180000,144040838157793
12922,-143465188294706,19193,79129,-30139.2,31677.1,8.1,0.082,83335885,29225959,LOCKED,1.000030139000,144041838314936
12923,-143465188392900,-44280,15656,-30290.8,31731.0,7.8,0.089,83335885,29324065,LOCKED,1.000030291000,144042838462230
12924,-143465188408670,-26877,33059,-30387.7,31706.1,7.9,0.085,83335884,29400001,LOCKED,1.000030388000,144043838610621
12925,-143465188424062,-10849,49087,-30420.4,31722.8,8.0,0.087,83335886,29476434,LOCKED,1.000030420000,144044838749044
12926,-143465188445032,-1854,58082,-30394.9,31645.6,8.0,0.090,83335885,29550112,LOCKED,1.000030395000,144045838904442
12927,-143465188442432,28034,87970,-30288.8,31567.5,7.7,0.100,83335885,29642756,LOCKED,1.000030289000,144046838927730
12928,-143465188539972,-36139,23797,-30380.0,31873.9,7.8,0.096,83335884,29637957,LOCKED,1.000030380000,144047838960110
12929,-143465188555394,-19859,40077,-30411.9,31987.0,7.9,0.090,83335886,29716537,LOCKED,1.000030412000,144048839112525
12930,-143465188560961,3228,63164,-30330.8,31452.4,8.0,0.095,83335884,29800833,LOCKED,1.000030331000,144049839260859
12931,-143465188582390,12993,72929,-30394.9,30775.0,8.0,0.099,83335885,29874262,LOCKED,1.000030395000,144050839410257
12932,-143465188594158,29868,89804,-30358.6,31016.3,8.1,0.095,83335884,29956307,LOCKED,1.000030359000,144051839430615
12933,-143465188628562,24054,83990,-30311.7,31185.7,8.0,0.088,83335885,29909142,LOCKED,1.000030312000,144052839585930
12934,-143465188732138,-47026,12910,-30340.7,31562.9,7.8,0.110,83335884,29997067,LOCKED,1.000030341000,144053839746274
12935,-143465188735714,-20439,39497,-30297.9,31093.6,7.8,0.091,83335885,30093372,LOCKED,1.000030298000,144054839895575
12936,-143465188769346,-20440,39496,-30427.7,30356.7,8.2,0.071,83335884,30174956,LOCKED,1.000030428000,144055840059006
12937,-143465188827742,-43973,15963,-30572.6,30490.2,8.1,0.056,83335885,30274399,LOCKED,1.000030573000,144056840102578
12938,-143465188851252,-34648,25288,-30626.1,30846.0,8.4,0.042,83335884,30294630,LOCKED,1.000030626000,144057840143204
12939,-143465188817414,26598,86534,-30512.1,30616.5,8.3,0.029,83335885,30378101,LOCKED,1.000030512000,144058840294719
12940,-143465188845082,29449,89385,-30561.6,29867.6,8.3,0.030,83335885,30458752,LOCKED,1.000030562000,144059840439284
12941,-143465188909832,-3262,56674,-30628.8,29489.0,8.2,0.016,83335885,30532791,LOCKED,1.000030629000,144060840473912
12942,-143465188892430,42935,102871,-30610.2,29737.2,8.2,0.017,83335885,30480212,LOCKED,1.000030610000,144061840622525
12943,-143465189036871,-65616,0,-30760.5,30923.4,8.3,0.006,83335884,30557893,LOCKED,1.000030760000,144062840787289
# STATS: PDUs=597 CSV=596 Gaps=0 Dups=0 Skip=0 Outlier=272 d_min=-65616 ns drift=-30760.5 ns/s sigma=30923.4 ns state=LOCKED clk_err=+0 ns
12944,-143465189052491,-46953,18663,-30855.4,31558.7,8.3,0.006,83335885,30634876,LOCKED,1.000030855000,144063840954148
12945,-143465189062647,-24469,41147,-30902.4,31731.6,8.5,-0.006,83335884,30721622,LOCKED,1.000030902000,144064841130054
12946,-143465189046890,20021,85637,-30829.1,31709.8,8.5,-0.005,83335885,30831158,LOCKED,1.000030829000,144065841154882
12947,-143465189081010,14553,80169,-30746.3,31460.1,8.8,-0.025,83335883,30783922,LOCKED,1.000030746000,144066841336632
12948,-143465189125181,1579,67195,-30771.1,31388.3,8.9,-0.033,83335884,30937470,LOCKED,1.000030771000,144067841362402
12949,-143465189160604,-2711,62905,-30784.4,31383.4,8.3,-0.041,83335884,31002910,LOCKED,1.000030784000,144068841538190
12950,-143465189152390,34291,99907,-30743.4,31692.5,8.3,-0.038,83335885,31100943,LOCKED,1.000030743000,144069841568933
12951,-143465189284746,-63227,2389,-30839.3,32814.6,8.3,-0.036,83335885,31060960,LOCKED,1.000030839000,144070841725776
12952,-143465189292372,-38249,27367,-30862.3,33047.7,8.1,-0.041,83335884,31147452,LOCKED,1.000030862000,144071841873641
12953,-143465189304327,-19222,46394,-30836.2,32825.0,8.2,-0.039,83335885,31227984,LOCKED,1.000030836000,144072842029481
12954,-143465189308896,5591,71207,-30774.0,32582.1,8.0,-0.042,83335884,31319483,LOCKED,1.000030774000,144073842188258
12955,-143465189313663,30770,96386,-30784.5,32467.0,7.8,-0.045,83335884,31408094,LOCKED,1.000030785000,144074842205042
12956,-143465189356705,18070,83686,-30792.9,32411.3,7.9,-0.047,83335884,31351966,LOCKED,1.000030793000,144075842374839
12957,-143465189447775,-39874,25742,-30841.2,32817.6,7.9,-0.050,83335884,31455408,LOCKED,1.000030841000,144076842516683
12958,-143465189432542,7579,73195,-30921.6,32020.8,8.6,-0.060,83335882,31566045,LOCKED,1.000030922000,144077842560605
12959,-143465189452831,18255,83871,-30954.2,31725.0,8.6,-0.062,83335884,31641449,LOCKED,1.000030954000,144078842707562
12960,-143465189470381,30366,95982,-30941.2,31839.4,8.4,-0.061,83335884,31716909,LOCKED,1.000030941000,144079842733503
12961,-143465189506195,25207,90823,-30969.2,31531.4,8.7,-0.066,83335883,31665481,LOCKED,1.000030969000,144080842886475
12962,-143465189612746,-47966,17650,-31007.7,32002.7,8.4,-0.064,83335884,31755422,LOCKED,1.000031008000,144081843044486
12963,-143465189619726,-20694,44922,-31132.7,31381.4,9.2,-0.071,83335882,31843410,LOCKED,1.000031133000,144082843189622
12964,-143465189635152,-4053,61563,-31171.9,31287.7,9.1,-0.071,83335883,31922657,LOCKED,1.000031172000,144083843333797
12965,-143465189653156,8027,73643,-31131.8,31241.5,9.8,-0.076,83335882,31999310,LOCKED,1.000031132000,144084843484932
12966,-143465189669519,20735,86351,-31065.0,31279.7,9.9,-0.081,83335883,32075721,LOCKED,1.000031065000,144085843628000
12967,-143465189693120,27854,93470,-31094.5,30919.0,10.5,-0.088,83335882,32143207,LOCKED,1.000031094000,144086843650094
12968,-143465189792445,-38231,27385,-31136.3,31290.8,11.0,-0.091,83335882,32135471,LOCKED,1.000031136000,144087843684230
12969,-143465189809866,-23793,41823,-31132.1,31256.2,11.1,-0.091,83335883,32214938,LOCKED,1.000031132000,144088843840366
12970,-143465189823990,-7799,57817,-31069.3,30707.1,11.6,-0.097,83335882,32296952,LOCKED,1.000031069000,144089843989438
12971,-143465189833593,14721,80337,-31145.7,29736.8,11.7,-0.096,83335883,32379076,LOCKED,1.000031146000,144090844142587
12972,-143465189851362,25392,91008,-31054.9,29721.1,12.6,-0.102,83335881,32453909,LOCKED,1.000031055000,144091844172641
12973,-143465189866982,37135,102751,-30935.2,29848.1,12.7,-0.100,83335883,32533694,LOCKED,1.000030935000,144092844316579
12974,-143465189885972,47073,112689,-30915.0,30141.0,12.8,-0.097,83335883,32608063,LOCKED,1.000030915000,144093844360494
12975,-143465190011314,-43795,21821,-31017.0,30659.8,12.7,-0.093,83335884,32577500,LOCKED,1.000031017000,144094844515514
12976,-143465190021294,-21173,44443,-31059.7,30791.3,13.1,-0.096,83335882,32656822,LOCKED,1.000031060000,144095844680577
12977,-143465190024924,4719,70335,-30991.9,30451.6,13.1,-0.091,83335884,32749119,LOCKED,1.000030992000,144096844715569
12978,-143465190031287,28428,94044,-30994.1,30430.1,13.1,-0.094,83335884,32744277,LOCKED,1.000030994000,144097844752563
12979,-143465190136312,-42607,23009,-31070.4,30975.0,13.1,-0.088,83335883,32821145,LOCKED,1.000031070000,144098844897636
12980,-143465190151332,-24970,40646,-31106.8,31154.8,13.1,-0.081,83335883,32897152,LOCKED,1.000031107000,144099845059746
12981,-143465190158709,-2197,63419,-31056.1,30868.3,13.4,-0.071,83335882,32987917,LOCKED,1.000031056000,144100845212805
12982,-143465190187189,-629,64987,-31005.4,30607.4,13.4,-0.061,83335883,33063219,LOCKED,1.000031005000,144101845360814
12983,-143465190187145,29631,95247,-31016.0,30488.6,13.4,-0.049,83335883,33142463,LOCKED,1.000031016000,144102845396830
12984,-143465190206335,39489,105105,-30985.1,30814.2,13.4,-0.049,83335884,33112432,LOCKED,1.000030985000,144103845573819
12985,-143465190294739,-16552,49064,-31025.2,30884.0,13.1,-0.021,83335883,33218643,LOCKED,1.000031025000,144104845742848
12986,-143465190290359,17538,83154,-30989.8,30973.6,13.0,-0.001,83335883,33320589,LOCKED,1.000030990000,144105845918842
12987,-143465190278953,54801,120417,-30828.7,31454.8,12.9,0.004,83335883,33428856,LOCKED,1.000030829000,144106845948670
12988,-143465190372900,-6939,58677,-30884.9,31283.6,13.1,-0.022,83335882,33426059,LOCKED,1.000030885000,144107845992555
12989,-143465190375155,20668,86284,-30869.1,31369.4,12.9,-0.014,83335882,33516108,LOCKED,1.000030869000,144108846158428
12990,-143465190370765,51837,117453,-30754.4,32096.6,13.4,-0.047,83335881,33610827,LOCKED,1.000030754000,144109846202182
12991,-143465190485964,-31344,34272,-30764.3,32188.9,13.4,-0.047,83335882,33589497,LOCKED,1.000030764000,144110846374950
12992,-143465190479800,3709,69325,-30678.2,31597.7,13.5,-0.061,83335882,33690729,LOCKED,1.000030678000,144111846527631
12993,-143465190489406,21672,87288,-30561.4,31142.4,13.5,-0.055,83335882,33768696,LOCKED,1.000030561000,144112846690196
12994,-143465190499788,39936,105552,-30533.8,31440.0,13.5,-0.052,83335883,33860697,LOCKED,1.000030534000,144113846725729
12995,-143465190620336,-46906,18710,-30611.6,32076.9,13.2,-0.060,83335883,33826377,LOCKED,1.000030612000,144114846870344
12996,-143465190637146,-30885,34731,-30669.3,32348.8,13.2,-0.063,83335883,33906096,LOCKED,1.000030669000,144115847019016
12997,-143465190648940,-10196,55420,-30741.5,32104.1,13.2,-0.090,83335881,33981583,LOCKED,1.000030741000,144116847165761
12998,-143465190634767,33336,98952,-30729.1,32225.1,13.2,-0.090,83335883,34093702,LOCKED,1.000030729000,144117847193489
12999,-143465190651148,43327,108943,-30587.0,32355.8,12.8,-0.092,83335883,34166338,LOCKED,1.000030587000,144118847339079
13000,-143465190676934,43507,109123,-30432.3,32324.3,12.6,-0.083,83335884,34236627,LOCKED,1.000030432000,144119847374511
13001,-143465190801046,-47414,18202,-30488.9,32895.4,12.3,-0.084,83335883,34206316,LOCKED,1.000030489000,144120847523003
13002,-143465190808662,-25024,40592,-30423.5,31968.0,12.1,-0.076,83335884,34289777,LOCKED,1.000030423000,144121847554426
13003,-143465190848653,-30735,34881,-30561.9,31567.4,12.1,-0.067,83335884,34342335,LOCKED,1.000030562000,144122847703991
# STATS: PDUs=657 CSV=656 Gaps=0 Dups=0 Skip=0 Outlier=272 d_min=-65616 ns drift=-30561.9 ns/s sigma=31567.4 ns state=LOCKED clk_err=+0 ns
13004,-143465190862855,-12183,53433,-30649.4,31192.9,11.9,-0.060,83335884,34421678,LOCKED,1.000030649000,144123847866644
13005,-143465190878400,3408,69024,-30679.0,31074.4,11.8,-0.059,83335883,34500397,LOCKED,1.000030679000,144124848016326
13006,-143465190885012,24860,90476,-30591.8,31074.5,11.6,-0.051,83335884,34583929,LOCKED,1.000030592000,144125848176921
13007,-143465190892352,44185,109801,-30472.4,31481.0,11.6,-0.051,83335883,34668673,LOCKED,1.000030472000,144126848209393
13008,-143465191002732,-33849,31767,-30508.1,31762.0,11.6,-0.044,83335884,34650385,LOCKED,1.000030508000,144127848245901
13009,-143465191023955,-23244,42372,-30534.3,31898.5,11.5,-0.043,83335883,34720694,LOCKED,1.000030534000,144128848392438
13010,-143465191047131,-16413,49203,-30481.0,31338.4,11.3,-0.035,83335884,34788057,LOCKED,1.000030481000,144129848544922
13011,-143465191056315,6314,71930,-30561.8,30531.7,11.0,-0.027,83335884,34875441,LOCKED,1.000030562000,144130848686487
13012,-143465191083304,10340,75956,-30601.3,30235.9,10.9,-0.025,83335883,34935466,LOCKED,1.000030601000,144131848835091
13013,-143465191104152,19325,84941,-30595.8,30270.2,10.5,-0.017,83335884,35011076,LOCKED,1.000030596000,144132848993690
13014,-143465191114508,36678,102294,-30514.9,30650.5,10.4,-0.014,83335883,35094732,LOCKED,1.000030515000,144133849143208
13015,-143465191125691,51129,116745,-30360.2,31019.7,10.4,-0.008,83335884,35174150,LOCKED,1.000030360000,144134849157567
13016,-143465191175863,28319,93935,-30259.9,31010.4,10.3,-0.005,83335883,35115375,LOCKED,1.000030260000,144135849323831
13017,-143465191271879,-34039,31577,-30370.3,31105.9,10.3,0.001,83335884,35210172,LOCKED,1.000030370000,144136849469204
13018,-143465191267885,-144,65472,-30347.0,31052.2,10.2,-0.002,83335883,35322961,LOCKED,1.000030347000,144137849492550
13019,-143465191282983,13308,78924,-30280.8,30927.2,10.2,0.004,83335884,35387251,LOCKED,1.000030281000,144138849654834
13020,-143465191282631,39772,105388,-30142.1,30937.3,10.1,0.008,83335883,35479134,LOCKED,1.000030142000,144139849797979
13021,-143465191331027,18858,84474,-30042.7,30615.2,10.2,0.010,83335884,35544587,LOCKED,1.000030043000,144140849843022
13022,-143465191426387,-42259,23357,-30178.8,30775.6,10.2,0.016,83335884,35515567,LOCKED,1.000030179000,144141849991204
13023,-143465191466976,-48706,16910,-30292.5,31401.9,10.1,0.012,83335883,35590952,LOCKED,1.000030292000,144142850154500
13024,-143465191449784,-1004,64612,-30301.5,31397.1,10.2,0.013,83335884,35676835,LOCKED,1.000030302000,144143850313805
13025,-143465191454192,23009,88625,-30247.4,31534.3,10.1,0.007,83335883,35765648,LOCKED,1.000030247000,144144850369053
13026,-143465191559176,-49133,16483,-30293.1,32079.6,10.2,0.008,83335884,35755955,LOCKED,1.000030293000,144145850538350
13027,-143465191550764,-10737,54879,-30260.0,31859.6,10.1,0.002,83335884,35856189,LOCKED,1.000030260000,144146850567609
13028,-143465191543367,26428,92044,-30279.8,31648.5,10.1,-0.006,83335882,35851164,LOCKED,1.000030280000,144147850620889
13029,-143465191633380,-30254,35362,-30379.5,31709.2,10.1,-0.007,83335883,35958142,LOCKED,1.000030379000,144148850783272
13030,-143465191633788,178,65794,-30402.4,31658.1,10.0,-0.015,83335883,36054449,LOCKED,1.000030402000,144149850958678
13031,-143465191627966,33814,99430,-30331.5,31976.7,10.0,-0.017,83335883,36153930,LOCKED,1.000030332000,144150850979009
13032,-143465191660748,28629,94245,-30244.7,32087.4,9.3,-0.036,83335883,36107152,LOCKED,1.000030245000,144151851025254
13033,-143465191759325,-38387,27229,-30245.5,32096.9,9.5,-0.037,83335882,36203832,LOCKED,1.000030245000,144152851192503
13034,-143465191756353,-6516,59100,-30168.4,31368.7,9.5,-0.040,83335883,36300178,LOCKED,1.000030168000,144153851350675
13035,-143465191761357,18816,84432,-30208.0,30966.1,9.6,-0.030,83335882,36391007,LOCKED,1.000030208000,144154851497886
13036,-143465191768133,40280,105896,-30178.4,31284.6,9.5,-0.047,83335884,36470918,LOCKED,1.000030178000,144155851530064
13037,-143465191896503,-54244,11372,-30268.3,32137.6,9.6,-0.035,83335882,36437551,LOCKED,1.000030268000,144156851685336
13038,-143465191865034,6168,71784,-30213.4,31966.7,9.5,-0.022,83335883,36562720,LOCKED,1.000030213000,144157851834553
13039,-143465191873854,27359,92975,-30249.1,31523.2,9.5,-0.024,83335883,36647678,LOCKED,1.000030249000,144158851985805
13040,-143465191885840,43816,109432,-30233.3,31729.6,9.6,-0.041,83335882,36727238,LOCKED,1.000030233000,144159852005037
13041,-143465191926691,31467,97083,-30200.6,31968.7,9.4,-0.056,83335883,36673511,LOCKED,1.000030201000,144160852156241
13042,-143465192034208,-42506,23110,-30294.2,32452.1,9.4,-0.072,83335882,36758934,LOCKED,1.000030294000,144161852302538
13043,-143465192052407,-29007,36609,-30314.9,32606.7,9.4,-0.075,83335883,36837302,LOCKED,1.000030315000,144162852455856
13044,-143465192059692,-6538,59078,-30276.4,32388.6,9.4,-0.076,83335882,36923352,LOCKED,1.000030276000,144163852613136
13045,-143465192064559,18574,84190,-30292.7,32265.1,9.4,-0.082,83335883,37008836,LOCKED,1.000030293000,144164852766432
13046,-143465192071083,39406,105022,-30214.0,32697.3,9.3,-0.102,83335882,37095529,LOCKED,1.000030214000,144165852802646
13047,-143465192199723,-56813,8803,-30227.8,32932.0,9.4,-0.097,83335883,37058202,LOCKED,1.000030228000,144166852954877
13048,-143465192167029,6160,71776,-30240.6,32892.1,9.3,-0.090,83335883,37184611,LOCKED,1.000030241000,144167852976117
13049,-143465192193478,8843,74459,-30200.8,32860.3,9.5,-0.105,83335881,37248011,LOCKED,1.000030201000,144168853127321
13050,-143465192214527,15167,80783,-30087.1,32225.4,9.0,-0.098,83335883,37321622,LOCKED,1.000030087000,144169853273411
13051,-143465192230057,28838,94454,-30091.6,32181.1,8.9,-0.093,83335883,37398832,LOCKED,1.000030092000,144170853421506
13052,-143465192247051,39086,104702,-30016.6,32612.1,8.8,-0.098,83335882,37474207,LOCKED,1.000030017000,144171853448522
13053,-143465192375251,-56113,9503,-30069.8,33307.3,8.7,-0.103,83335882,37434503,LOCKED,1.000030070000,144172853600595
13054,-143465192387057,-36896,28720,-30055.2,33117.2,9.1,-0.116,83335881,37517649,LOCKED,1.000030055000,144173853744653
13055,-143465192401820,-18751,46865,-30164.2,32687.2,9.1,-0.120,83335882,37595788,LOCKED,1.000030164000,144174853897820
13056,-143465192410016,4133,69749,-30216.1,32368.9,9.2,-0.124,83335882,37678036,LOCKED,1.000030216000,144175854044039
13057,-143465192441074,3662,69278,-30240.5,32284.9,9.0,-0.135,83335881,37754290,LOCKED,1.000030240000,144176854087279
13058,-143465192516779,-39944,25672,-30265.3,32549.7,9.0,-0.138,83335882,37759209,LOCKED,1.000030265000,144177854121544
13059,-143465192541978,-33944,31672,-30254.6,32421.8,9.0,-0.141,83335882,37828438,LOCKED,1.000030255000,144178854286802
13060,-143465192535948,653,66269,-30172.7,31812.4,9.2,-0.148,83335881,37923926,LOCKED,1.000030173000,144179854432978
13061,-143465192573964,-5235,60381,-30260.1,31237.8,9.3,-0.150,83335882,37994184,LOCKED,1.000030260000,144180854594242
13062,-143465192645536,-42678,22938,-30379.3,31584.8,9.2,-0.151,83335882,38081519,LOCKED,1.000030379000,144181854517618
13063,-143465192684709,-46852,16375,-30528.4,31799.5,9.3,-0.155,83335881,38050022,LOCKED,1.000030528000,144182854688150
# STATS: PDUs=717 CSV=716 Gaps=0 Dups=0 Skip=0 Outlier=272 d_min=-63227 ns drift=-30528.4 ns/s sigma=31799.5 ns state=LOCKED clk_err=+0 ns
13064,-143465192688504,-17938,45289,-30605.7,31694.0,9.5,-0.158,83335881,38141689,LOCKED,1.000030606000,144183854831759
13065,-143465192707254,-5234,57993,-30638.7,31648.4,9.7,-0.163,83335881,38218003,LOCKED,1.000030639000,144184854989401
13066,-143465192766296,-31761,31466,-30678.0,31915.8,9.8,-0.165,83335881,38312064,LOCKED,1.000030678000,144185855026079
13067,-143465192716854,44141,107368,-30544.2,32178.4,10.1,-0.170,83335881,38285546,LOCKED,1.000030544000,144186855176626
13068,-143465192784054,8460,71687,-30606.2,31643.7,10.1,-0.170,83335881,38413886,LOCKED,1.000030606000,144187855228232
13069,-143465192799279,23531,86758,-30630.2,31400.7,10.3,-0.173,83335881,38510680,LOCKED,1.000030630000,144188855275862
13070,-143465192890045,-33174,30053,-30743.6,31432.4,10.2,-0.170,83335882,38494526,LOCKED,1.000030744000,144189855434609
13071,-143465192890669,-2412,60815,-30771.2,31382.1,10.3,-0.169,83335881,38583411,LOCKED,1.000030771000,144190855604384
13072,-143465192883285,33770,96997,-30730.5,31683.0,10.3,-0.169,83335882,38688444,LOCKED,1.000030730000,144191855655115
13073,-143465192987273,-36913,26314,-30795.5,32077.1,10.1,-0.164,83335882,38677855,LOCKED,1.000030796000,144192855827914
13074,-143465192969619,10156,73383,-30744.6,32003.8,10.7,-0.167,83335880,38788779,LOCKED,1.000030745000,144193855994662
13075,-143465192966045,40244,103471,-30603.6,32005.9,10.8,-0.163,83335881,38882808,LOCKED,1.000030604000,144194856026265
13076,-143465192992825,40375,103602,-30489.3,32296.8,10.9,-0.163,83335881,38846549,LOCKED,1.000030489000,144195856211759
13077,-143465193069607,-4282,58945,-30562.6,31897.1,10.9,-0.157,83335881,38966394,LOCKED,1.000030563000,144196856372325
13078,-143465193043386,49280,112507,-30486.3,32582.1,11.1,-0.156,83335881,39084990,LOCKED,1.000030486000,144197856287807
13079,-143465193168747,-42997,20230,-30542.4,33067.5,11.4,-0.148,83335880,39053421,LOCKED,1.000030542000,144198856451353
13080,-143465193169751,-13954,49273,-30494.8,32647.7,11.5,-0.145,83335881,39146602,LOCKED,1.000030495000,144199856604851
13081,-143465193180491,4571,67798,-30441.9,32468.3,11.5,-0.135,83335881,39229636,LOCKED,1.000030442000,144200856760296
13082,-143465193186889,28001,91228,-30458.4,32293.4,11.7,-0.122,83335880,39318044,LOCKED,1.000030458000,144201856905757
13083,-143465193199468,44535,107762,-30466.5,32170.2,11.8,-0.116,83335881,39396465,LOCKED,1.000030466000,144202856935223
13084,-143465193223253,47996,111223,-30388.1,32820.7,11.6,-0.100,83335881,39357138,LOCKED,1.000030388000,144203857084614
13085,-143465193349186,-45263,17964,-30425.1,33229.8,12.4,-0.088,83335879,39430039,LOCKED,1.000030425000,144204857234042
13086,-143465193367600,-29411,33816,-30564.9,32763.5,12.5,-0.064,83335880,39506554,LOCKED,1.000030565000,144205857386610
13087,-143465193374600,-4936,58291,-30601.5,32699.1,12.4,-0.036,83335880,39587771,LOCKED,1.000030601000,144206857536215
13088,-143465193367887,29579,92806,-30513.1,32823.5,12.7,-0.028,83335880,39690975,LOCKED,1.000030513000,144207857564728
13089,-143465193382952,43305,106532,-30500.6,32982.1,12.8,-0.005,83335880,39767356,LOCKED,1.000030501000,144208857592228
13090,-143465193415957,38383,101610,-30445.7,33377.6,12.6,0.003,83335881,39720552,LOCKED,1.000030446000,144209857752677
13091,-143465193519898,-33831,29396,-30452.3,33443.8,13.1,-0.023,83335879,39810862,LOCKED,1.000030452000,144210857914133
13092,-143465193524108,-8050,55177,-30416.2,33235.0,12.9,-0.009,83335881,39903463,LOCKED,1.000030416000,144211857945549
13093,-143465193543113,4403,67630,-30474.8,32841.2,13.4,-0.040,83335879,39975724,LOCKED,1.000030475000,144212858097027
13094,-143465193555522,21236,84463,-30449.6,32954.4,13.2,-0.022,83335881,40056699,LOCKED,1.000030450000,144213858259480
13095,-143465193567708,36302,99529,-30352.8,33222.4,13.3,-0.034,83335880,40139042,LOCKED,1.000030353000,144214858282832
13096,-143465193598708,31834,95061,-30218.0,32938.9,12.9,-0.005,83335880,40092873,LOCKED,1.000030218000,144215858429053
13097,-143465193616122,43363,106590,-30227.6,32797.7,13.0,-0.011,83335880,40167922,LOCKED,1.000030228000,144216858575284
13098,-143465193697253,-7418,55809,-30221.3,32779.0,12.7,-0.020,83335881,40280446,LOCKED,1.000030221000,144217858601505
13099,-143465193719224,-319,62908,-30164.1,32472.6,12.8,-0.052,83335879,40355284,LOCKED,1.000030164000,144218858749672
13100,-143465193733462,12813,76040,-30048.0,31700.9,12.8,-0.064,83335880,40433288,LOCKED,1.000030048000,144219858894723
13101,-143465193749446,23571,86798,-29924.7,31223.1,12.7,-0.088,83335879,40507414,LOCKED,1.000029925000,144220859043651
13102,-143465193767057,34442,97669,-29911.2,31361.9,12.7,-0.096,83335880,40582518,LOCKED,1.000029911000,144221859054561
13103,-143465193809065,21415,84642,-29901.1,31424.5,12.5,-0.113,83335879,40527722,LOCKED,1.000029901000,144222859218466
13104,-143465193906225,-43084,20143,-29965.1,31951.8,12.4,-0.119,83335880,40622627,LOCKED,1.000029965000,144223859366434
13105,-143465193923185,-29144,34083,-29962.4,31925.9,12.0,-0.123,83335880,40700546,LOCKED,1.000029962000,144224859519400
13106,-143465193948579,-24817,38410,-29909.2,31216.7,11.9,-0.127,83335880,40780984,LOCKED,1.000029909000,144225859675312
13107,-143465193979045,-22370,40857,-30019.6,30875.7,11.6,-0.137,83335879,40860509,LOCKED,1.000030020000,144226859719332
13108,-143465194039217,-49723,13504,-30074.4,31505.5,11.1,-0.138,83335880,40846593,LOCKED,1.000030074000,144227859750406
13109,-143465194082004,-59097,4130,-30140.1,32378.6,11.2,-0.146,83335879,40926292,LOCKED,1.000030140000,144228859918550
13110,-143465194073800,-20407,42820,-30123.1,32238.6,10.7,-0.145,83335880,41026833,LOCKED,1.000030123000,144229860064676
13111,-143465194107772,-24215,39012,-30084.7,31796.1,10.1,-0.139,83335881,41103678,LOCKED,1.000030085000,144230860216764
13112,-143465194176356,-60686,2541,-30083.3,31767.0,10.0,-0.133,83335881,41183999,LOCKED,1.000030083000,144231860240847
13113,-143465194127158,18536,81763,-30111.3,31520.4,9.8,-0.132,83335880,41145243,LOCKED,1.000030111000,144232860409962
13114,-143465194218582,-39398,23829,-30211.8,31878.4,9.8,-0.133,83335880,41244293,LOCKED,1.000030212000,144233860579177
13115,-143465194216528,-6497,56730,-30232.2,31883.0,9.8,-0.135,83335879,41344678,LOCKED,1.000030232000,144234860754413
13116,-143465194205167,32270,95497,-30147.0,32106.4,9.5,-0.133,83335880,41448174,LOCKED,1.000030147000,144235860769559
13117,-143465194245695,19876,83103,-30081.1,32129.9,9.7,-0.137,83335879,41395050,LOCKED,1.000030081000,144236860943644
13118,-143465194300477,-3645,59582,-30133.1,31939.3,9.5,-0.133,83335880,41535525,LOCKED,1.000030133000,144237860975777
13119,-143465194319868,7402,70629,-30160.4,31802.1,9.4,-0.133,83335879,41610921,LOCKED,1.000030160000,144238861133941
13120,-143465194330271,24998,88225,-30095.8,31942.2,9.4,-0.132,83335880,41687283,LOCKED,1.000030096000,144239861276040
13121,-143465194352455,30582,93809,-30032.3,32201.9,9.3,-0.130,83335879,41761682,LOCKED,1.000030032000,144240861308072
13122,-143465194484820,-65938,0,-30208.2,33095.5,9.2,-0.128,83335879,41723528,LOCKED,1.000030208000,144241861335280
13123,-143465194501796,-47675,18263,-30376.2,33083.9,9.1,-0.126,83335880,41793916,LOCKED,1.000030376000,144242861505660
# STATS: PDUs=777 CSV=776 Gaps=0 Dups=0 Skip=0 Outlier=272 d_min=-65938 ns drift=-30376.2 ns/s sigma=33083.9 ns state=LOCKED clk_err=+0 ns
13124,-143465194497832,-11582,54356,-30443.1,32924.0,9.2,-0.126,83335879,41892664,LOCKED,1.000030443000,144243861674107
13125,-143465194508212,8501,74439,-30458.2,32861.9,9.4,-0.126,83335879,41981792,LOCKED,1.000030458000,144244861831569
13126,-143465194505134,40858,106796,-30468.3,32720.2,9.5,-0.125,83335879,42072748,LOCKED,1.000030468000,144245861868037
13127,-143465194627364,-48644,17294,-30498.4,33105.0,9.4,-0.122,83335880,42046199,LOCKED,1.000030498000,144246862022539
13128,-143465194600285,8510,74448,-30491.8,33118.9,9.5,-0.120,83335879,42161548,LOCKED,1.000030492000,144247862057030
13129,-143465194614904,22447,88385,-30434.0,33228.3,9.6,-0.118,83335879,42242629,LOCKED,1.000030434000,144248862212467
13130,-143465194626302,40396,106334,-30447.8,33033.2,9.4,-0.109,83335879,42323103,LOCKED,1.000030448000,144249862236914
13131,-143465194760467,-58524,7414,-30586.2,33862.7,9.5,-0.105,83335879,42280706,LOCKED,1.000030586000,144250862384503
13132,-143465194781805,-46541,19397,-30643.1,34394.4,9.6,-0.093,83335878,42353372,LOCKED,1.000030643000,144251862537149
13133,-143465194794965,-25170,40768,-30792.4,33591.3,9.6,-0.078,83335878,42436500,LOCKED,1.000030792000,144252862685945
13134,-143465194810591,-8800,57138,-30836.9,33537.1,10.1,-0.078,83335878,42512156,LOCKED,1.000030837000,144253862830785
13135,-143465194833948,-1780,64158,-30811.3,33464.2,10.3,-0.068,83335878,42583949,LOCKED,1.000030811000,144254862984600
13136,-143465194840746,20071,86009,-30738.4,33448.1,10.3,-0.058,83335879,42667223,LOCKED,1.000030738000,144255863139342
13137,-143465194850158,39451,105389,-30708.5,33738.1,10.5,-0.044,83335878,42750605,LOCKED,1.000030708000,144256863184050
13138,-143465194934939,-14818,51120,-30674.1,33473.2,10.4,-0.030,83335879,42757082,LOCKED,1.000030674000,144257863210723
13139,-143465194958359,-5126,60812,-30785.5,32527.8,10.4,-0.026,83335879,42825939,LOCKED,1.000030785000,144258863364512
13140,-143465194970308,13915,79853,-30818.7,32275.6,10.3,-0.007,83335879,42908805,LOCKED,1.000030819000,144259863501333
13141,-143465194995662,18605,84543,-30811.6,32313.8,10.1,0.001,83335879,42974527,LOCKED,1.000030812000,144260863657148
13142,-143465195006284,35955,101893,-30731.9,32655.2,10.1,-0.002,83335879,43057755,LOCKED,1.000030732000,144261863799883
13143,-143465195020294,48265,114203,-30595.4,33063.2,10.1,-0.006,83335878,43138549,LOCKED,1.000030595000,144262863841478
13144,-143465195145858,-45005,20933,-30603.9,33177.7,9.8,0.007,83335879,43105429,LOCKED,1.000030604000,144263863993085
13145,-143465195158434,-23425,42513,-30739.6,32514.3,9.8,-0.005,83335879,43185891,LOCKED,1.000030740000,144264864166828
13146,-143465195150011,16255,82193,-30792.1,31978.9,9.8,-0.003,83335879,43287514,LOCKED,1.000030792000,144265864316623
13147,-143465195172201,24077,90015,-30793.9,31964.8,10.0,-0.013,83335878,43373402,LOCKED,1.000030794000,144266864366417
13148,-143465195247926,-19883,46055,-30808.5,32040.3,10.0,-0.008,83335879,43371661,LOCKED,1.000030808000,144267864407225
13149,-143465195267301,-8814,57124,-30775.9,31846.1,10.0,-0.001,83335879,43447458,LOCKED,1.000030776000,144268864561004
13150,-143465195279899,7864,73802,-30715.2,31656.3,9.6,-0.010,83335879,43526678,LOCKED,1.000030715000,144269864717723
13151,-143465195304956,14120,80058,-30768.2,31137.7,9.7,-0.001,83335880,43610399,LOCKED,1.000030768000,144270864880495
13152,-143465195390285,-37132,28806,-30869.0,31422.0,9.4,0.002,83335880,43688701,LOCKED,1.000030869000,144271864791360
13153,-143465195349269,32867,98805,-30831.0,31700.7,9.4,-0.001,83335879,43644318,LOCKED,1.000030831000,144272864958195
13154,-143465195438661,-24276,41662,-30860.3,31855.0,9.0,0.004,83335880,43739040,LOCKED,1.000030860000,144273865102058
13155,-143465195473073,-26882,39056,-30862.0,31869.7,9.0,0.009,83335880,43813880,LOCKED,1.000030862000,144274865257923
13156,-143465195463687,11609,77547,-30794.9,31703.2,9.0,0.006,83335879,43900939,LOCKED,1.000030795000,144275865424722
13157,-143465195464507,37471,103409,-30655.1,31591.6,9.0,0.010,83335880,43991194,LOCKED,1.000030655000,144276865472377
13158,-143465195550608,-16675,49263,-30691.2,31668.2,8.6,0.015,83335880,44002777,LOCKED,1.000030691000,144277865521068
13159,-143465195547981,15430,81368,-30657.3,31732.9,8.7,0.019,83335880,44092919,LOCKED,1.000030657000,144278865690729
13160,-143465195549039,41395,107333,-30547.6,32098.5,8.6,0.018,83335879,44189800,LOCKED,1.000030548000,144279865731276
13161,-143465195666814,-44141,21797,-30557.2,32228.2,8.7,0.021,83335880,44166040,LOCKED,1.000030557000,144280865897837
13162,-143465195657006,-5289,60649,-30474.0,31430.4,8.7,0.025,83335880,44264082,LOCKED,1.000030474000,144281866061315
13163,-143465195657800,21316,87254,-30358.2,30974.6,8.7,0.023,83335879,44357634,LOCKED,1.000030358000,144282866223677
13164,-143465195657936,48795,114733,-30304.7,31578.4,8.9,0.018,83335878,44452065,LOCKED,1.000030305000,144283866264982
13165,-143465195774336,-34727,31211,-30373.3,31922.9,9.0,0.013,83335878,44429280,LOCKED,1.000030373000,144284866420359
13166,-143465195781962,-11168,54770,-30394.7,31958.6,9.6,0.005,83335877,44515701,LOCKED,1.000030395000,144285866580757
13167,-143465195780698,19210,85148,-30363.7,32064.2,10.2,-0.004,83335877,44606386,LOCKED,1.000030364000,144286866595120
13168,-143465195803249,26291,92229,-30371.5,31990.7,10.2,-0.006,83335878,44570838,LOCKED,1.000030372000,144287866630491
13169,-143465195821652,37251,103189,-30384.0,31822.4,10.4,-0.010,83335878,44642104,LOCKED,1.000030384000,144288866783878
13170,-143465195933597,-41177,24761,-30469.5,32293.7,10.4,-0.010,83335878,44725721,LOCKED,1.000030469000,144289866938351
13171,-143465195955583,-30133,35805,-30545.2,32503.6,10.0,-0.004,83335879,44805119,LOCKED,1.000030545000,144290867084899
13172,-143465195985134,-25475,40463,-30682.9,31882.8,9.5,0.002,83335879,44864106,LOCKED,1.000030683000,144291867232585
13173,-143465196000528,-10264,55674,-30662.0,31770.4,9.4,0.004,83335878,44943312,LOCKED,1.000030662000,144292867381250
13174,-143465196021960,279,66217,-30727.0,31362.4,9.3,0.008,83335879,45011515,LOCKED,1.000030727000,144293867527980
13175,-143465196039720,12624,78562,-30717.5,31394.1,9.4,0.010,83335880,45088751,LOCKED,1.000030717000,144294867665700
13176,-143465196066884,13964,79902,-30631.9,31093.3,9.4,0.017,83335880,45153010,LOCKED,1.000030632000,144295867818335
13177,-143465196078681,29737,95675,-30530.9,31125.1,9.4,0.017,83335879,45235688,LOCKED,1.000030531000,144296867863866
13178,-143465196168283,-27648,38290,-30567.7,31337.8,9.4,0.024,83335880,45238436,LOCKED,1.000030568000,144297867886433
13179,-143465196192470,-20460,45478,-30573.3,31373.2,9.5,0.026,83335880,45303274,LOCKED,1.000030573000,144298868028009
13180,-143465196211075,-9203,56735,-30523.0,30973.0,9.5,0.032,83335878,45379269,LOCKED,1.000030523000,144299868174535
13181,-143465196226309,4071,70009,-30430.7,30267.9,9.6,0.033,83335880,45456833,LOCKED,1.000030431000,144300868200965
13182,-143465196294646,-29973,35965,-30570.6,29780.7,9.8,0.034,83335880,45478964,LOCKED,1.000030571000,144301868340538
13183,-143465196321099,-22814,43124,-30682.2,29424.6,9.7,0.043,83335880,45546464,LOCKED,1.000030682000,144302868486223
# STATS: PDUs=837 CSV=836 Gaps=0 Dups=0 Skip=0 Outlier=272 d_min=-65938 ns drift=-30682.2 ns/s sigma=29424.6 ns state=LOCKED clk_err=+0 ns
13184,-143465196330261,-884,65054,-30700.9,29394.7,9.7,0.044,83335879,45630383,LOCKED,1.000030701000,144303868659928
13185,-143465196330257,27555,93493,-30635.4,29602.0,9.8,0.045,83335880,45727396,LOCKED,1.000030635000,144304868815567
13186,-143465196336657,46916,112854,-30473.9,29651.4,9.8,0.046,83335879,45813523,LOCKED,1.000030474000,144305868845040
13187,-143465196456633,-38425,27513,-30614.4,29568.4,9.8,0.056,83335880,45782673,LOCKED,1.000030614000,144306868993658
13188,-143465196437134,10539,76477,-30575.5,29560.6,9.8,0.059,83335879,45895075,LOCKED,1.000030575000,144307869032233
13189,-143465196446573,28655,94593,-30474.7,29557.7,9.8,0.061,83335879,45976775,LOCKED,1.000030475000,144308869182711
13190,-143465196455579,45167,111105,-30306.2,29384.8,9.9,0.067,83335878,46059909,LOCKED,1.000030306000,144309869222017
13191,-143465196475143,53867,119805,-30295.6,29578.1,10.0,0.068,83335880,46029491,LOCKED,1.000030296000,144310869367316
13192,-143465196586381,-23974,41964,-30408.2,29250.8,9.9,0.058,83335879,46117202,LOCKED,1.000030408000,144311869520727
13193,-143465196586561,6735,72673,-30443.1,29040.7,9.9,0.059,83335880,46204514,LOCKED,1.000030443000,144312869670173
13194,-143465196612185,11251,77189,-30446.9,29023.5,9.9,0.058,83335880,46286234,LOCKED,1.000030447000,144313869815623
13195,-143465196678959,-23216,42722,-30499.7,29179.3,9.8,0.039,83335879,46365737,LOCKED,1.000030500000,144314869860123
13196,-143465196624191,57499,123437,-30371.6,30132.4,10.0,0.020,83335878,46338155,LOCKED,1.000030372000,144315870023498
13197,-143465196720926,-9608,56330,-30319.0,29677.2,10.0,-0.014,83335878,46442517,LOCKED,1.000030319000,144316870061817
13198,-143465196702722,36799,102737,-30276.3,30047.5,10.1,-0.031,83335878,46446760,LOCKED,1.000030276000,144317870109093
13199,-143465196804459,-32236,33702,-30341.9,30356.7,10.2,-0.050,83335878,46540442,LOCKED,1.000030342000,144318870249438
13200,-143465196840341,-35711,30227,-30383.9,30700.2,10.2,-0.070,83335878,46609640,LOCKED,1.000030384000,144319870401825
13201,-143465196846694,-11465,54473,-30375.4,30659.6,10.3,-0.079,83335878,46684098,LOCKED,1.000030375000,144320870568204
13202,-143465196845228,17825,83763,-30279.6,30346.4,10.6,-0.100,83335877,46780121,LOCKED,1.000030280000,144321870737487
13203,-143465196833448,54115,120053,-30086.1,30274.3,10.5,-0.092,83335879,46883876,LOCKED,1.000030086000,144322870777573
13204,-143465196948819,-28031,37907,-30193.7,30174.2,10.6,-0.098,83335878,46863264,LOCKED,1.000030194000,144323870965771
13205,-143465196933258,17207,83145,-30197.0,30153.5,10.6,-0.094,83335879,46969342,LOCKED,1.000030197000,144324871119971
13206,-143465196945826,31943,97881,-30108.0,30356.4,10.6,-0.100,83335878,47050870,LOCKED,1.000030108000,144325871141078
13207,-143465196973962,30737,96675,-30002.9,30384.4,10.5,-0.095,83335879,47008882,LOCKED,1.000030003000,144326871293084
13208,-143465197038296,-2914,63024,-30031.5,30332.5,10.6,-0.092,83335879,47141326,LOCKED,1.000030031000,144327871453119
13209,-143465197047689,16698,82636,-30008.8,30412.8,10.6,-0.090,83335879,47230578,LOCKED,1.000030009000,144328871594131
13210,-143465197062071,29757,95695,-29932.2,30621.4,10.8,-0.080,83335880,47305639,LOCKED,1.000029932000,144329871633063
13211,-143465197084587,34060,99998,-29835.9,30838.7,10.8,-0.072,83335880,47272289,LOCKED,1.000029836000,144330871784902
13212,-143465197191542,-39194,26744,-29960.6,30992.4,10.7,-0.070,83335879,47360933,LOCKED,1.000029961000,144331871930866
13213,-143465197200553,-18238,47700,-29930.5,30717.2,10.9,-0.062,83335880,47444861,LOCKED,1.000029931000,144332872082800
13214,-143465197208101,4616,70554,-29961.4,30574.7,10.8,-0.060,83335879,47531369,LOCKED,1.000029961000,144333872231764
13215,-143465197225101,17371,83309,-29980.2,30427.6,10.7,-0.058,83335879,47603269,LOCKED,1.000029980000,144334872381747
13216,-143465197238691,31234,97172,-29908.0,30692.1,10.8,-0.053,83335880,47681630,LOCKED,1.000029908000,144335872523658
13217,-143465197263602,32513,98451,-29779.4,30507.8,10.7,-0.050,83335879,47748497,LOCKED,1.000029779000,144336872555437
13218,-143465197345984,-18401,47537,-29831.7,30570.3,10.8,-0.043,83335880,47759138,LOCKED,1.000029832000,144337872705272
13219,-143465197364372,-7156,58782,-29810.0,30470.5,10.7,-0.041,83335879,47832984,LOCKED,1.000029810000,144338872860085
13220,-143465197370395,13904,79842,-29699.1,29783.3,10.7,-0.040,83335879,47916457,LOCKED,1.000029699000,144339873008787
13221,-143465197385133,28146,94084,-29710.7,29654.2,10.7,-0.034,83335880,48000866,LOCKED,1.000029711000,144340873048497
13222,-143465197504169,-57312,8626,-29805.3,30655.1,10.7,-0.027,83335880,47968826,LOCKED,1.000029805000,144341873195305
13223,-143465197514547,-36440,29498,-29815.6,30773.6,10.7,-0.027,83335879,48048753,LOCKED,1.000029816000,144342873347124
13224,-143465197516951,-10476,55462,-29726.9,29670.0,10.7,-0.027,83335880,48136859,LOCKED,1.000029727000,144343873497854
13225,-143465197539383,-2249,63689,-29769.0,29524.2,10.7,-0.029,83335880,48217889,LOCKED,1.000029769000,144344873522622
13226,-143465197604601,-35207,30731,-29832.8,29908.3,10.3,-0.039,83335878,48177328,LOCKED,1.000029833000,144345873679458
13227,-143465197662591,-60196,5742,-29888.3,30761.8,9.9,-0.046,83335880,48264324,LOCKED,1.000029888000,144346873842350
13228,-143465197613739,16148,82086,-29797.3,30455.6,9.8,-0.050,83335880,48407896,LOCKED,1.000029797000,144347873889147
13229,-143465197727788,-65349,589,-29823.9,30981.3,9.7,-0.055,83335880,48382983,LOCKED,1.000029824000,144348874045974
13230,-143465197732178,-36293,29645,-29941.5,31091.3,9.6,-0.063,83335878,48473939,LOCKED,1.000029942000,144349874213919
13231,-143465197730800,-3776,62162,-29994.1,30890.6,9.6,-0.065,83335879,48569170,LOCKED,1.000029994000,144350874250913
13232,-143465197744696,12447,78385,-30021.0,30706.2,9.6,-0.067,83335879,48545037,LOCKED,1.000030021000,144351874414938
13233,-143465197837458,-46536,19402,-30128.2,31286.8,9.4,-0.076,83335879,48644493,LOCKED,1.000030128000,144352874586070
13234,-143465197837084,-14705,51233,-30169.1,31328.7,9.3,-0.079,83335879,48744547,LOCKED,1.000030169000,144353874735242
13235,-143465197849090,3144,69082,-30158.9,31329.5,9.5,-0.075,83335878,48825964,LOCKED,1.000030159000,144354874891404
13236,-143465197857477,23096,89034,-30107.9,31475.6,9.4,-0.070,83335879,48908990,LOCKED,1.000030108000,144355874938512
13237,-143465197978877,-64612,1326,-30176.4,32491.2,9.4,-0.074,83335879,48878946,LOCKED,1.000030176000,144356875084691
13238,-143465197957829,-11369,54569,-30256.7,32190.2,9.4,-0.068,83335879,48991646,LOCKED,1.000030257000,144357875122947
13239,-143465197963662,13244,79182,-30288.2,31961.5,9.3,-0.062,83335879,49078422,LOCKED,1.000030288000,144358875280238
13240,-143465197974027,31716,97654,-30269.7,32122.1,9.0,-0.076,83335879,49162985,LOCKED,1.000030270000,144359875301507
13241,-143465198012885,21840,87778,-30242.7,32246.7,9.0,-0.069,83335879,49110889,LOCKED,1.000030243000,144360875452753
13242,-143465198133587,-62683,2666,-30430.2,32805.6,9.1,-0.064,83335880,49184373,LOCKED,1.000030430000,144361875485183
13243,-143465198157622,-51108,14241,-30599.7,32955.6,9.1,-0.059,83335880,49254766,LOCKED,1.000030600000,144362875623786
# STATS: PDUs=897 CSV=896 Gaps=0 Dups=0 Skip=0 Outlier=272 d_min=-65349 ns drift=-30599.7 ns/s sigma=32955.6 ns state=LOCKED clk_err=+0 ns
13244,-143465198176160,-35537,29812,-30713.1,33071.3,9.1,-0.057,83335879,49326244,LOCKED,1.000030713000,144363875821504
13245,-143465198151804,18319,83668,-30684.0,33163.9,9.2,-0.027,83335880,49449775,LOCKED,1.000030684000,144364875985192
13246,-143465198149552,47152,112501,-30560.8,33630.3,9.3,-0.044,83335878,49545405,LOCKED,1.000030561000,144365876016752
13247,-143465198275565,-43059,22290,-30746.8,33044.9,9.4,-0.017,83335880,49510839,LOCKED,1.000030747000,144366876166502
13248,-143465198236877,25283,90632,-30735.2,33125.7,9.4,-0.019,83335879,49638775,LOCKED,1.000030735000,144367876193237
13249,-143465198256104,34325,99674,-30671.1,33450.7,9.5,-0.034,83335878,49713468,LOCKED,1.000030671000,144368876345911
13250,-143465198268732,48121,113470,-30542.5,33910.0,9.3,-0.054,83335879,49792380,LOCKED,1.000030542000,144369876363453
13251,-143465198313304,30551,95900,-30419.3,33734.7,9.4,-0.027,83335880,49736581,LOCKED,1.000030419000,144370876508875
13252,-143465198428904,-49835,15514,-30572.0,34032.7,9.5,-0.045,83335878,49813387,LOCKED,1.000030572000,144371876656450
13253,-143465198447889,-35386,29963,-30653.7,34336.3,9.3,-0.046,83335879,49891497,LOCKED,1.000030654000,144372876808107
13254,-143465198468893,-23788,41561,-30709.9,34469.7,9.3,-0.058,83335878,49962817,LOCKED,1.000030710000,144373876952820
13255,-143465198489065,-10864,54485,-30809.2,33937.6,9.3,-0.055,83335879,50036155,LOCKED,1.000030809000,144374877102632
13256,-143465198509037,-1234,64115,-30747.7,33578.7,9.2,-0.051,83335879,50108524,LOCKED,1.000030748000,144375877246383
13257,-143465198531222,7760,73109,-30781.9,33391.0,9.0,-0.048,83335879,50181062,LOCKED,1.000030782000,144376877272164
13258,-143465198539134,27967,93316,-30697.6,33494.9,9.1,-0.038,83335880,50161984,LOCKED,1.000030698000,144377877298861
13259,-143465198561756,35316,100665,-30720.7,33189.0,9.1,-0.029,83335880,50232581,LOCKED,1.000030721000,144378877461585
13260,-143465198666766,-34579,30770,-30879.1,32652.2,8.9,-0.028,83335879,50323764,LOCKED,1.000030879000,144379877605467
13261,-143465198683742,-18119,47230,-30974.7,32370.0,8.8,-0.022,83335880,50400535,LOCKED,1.000030975000,144380877767445
13262,-143465198684950,11127,76476,-30967.6,32390.9,8.1,-0.023,83335879,50489364,LOCKED,1.000030968000,144381877914416
13263,-143465198718178,7106,72455,-30892.9,32043.9,8.3,-0.017,83335880,50571645,LOCKED,1.000030893000,144382878079313
13264,-143465198791538,-31522,33827,-31029.2,31713.5,8.0,-0.019,83335879,50664825,LOCKED,1.000031029000,144383878131342
13265,-143465198808922,-16582,48767,-31065.2,31788.8,8.5,-0.010,83335881,50650644,LOCKED,1.000031065000,144384878299411
13266,-143465198812147,10070,75419,-31023.6,31764.0,8.4,-0.007,83335880,50738396,LOCKED,1.000031024000,144385878470438
13267,-143465198811103,38802,104151,-30924.2,32106.6,8.4,-0.009,83335879,50835337,LOCKED,1.000030924000,144386878516362
13268,-143465198908512,-25452,39897,-30991.5,32244.4,8.4,-0.011,83335879,50831314,LOCKED,1.000030991000,144387878565354
13269,-143465198904737,8480,73829,-30964.6,32251.4,8.4,-0.012,83335879,50927725,LOCKED,1.000030965000,144388878734322
13270,-143465198910486,30696,96045,-30868.2,32352.7,8.3,-0.012,83335879,51017587,LOCKED,1.000030868000,144389878771190
13271,-143465198927296,40665,106014,-30734.9,32467.3,8.2,-0.011,83335879,50985530,LOCKED,1.000030735000,144390878944929
13272,-143465199025803,-24113,41236,-30842.0,32244.1,8.3,-0.009,83335880,51086151,LOCKED,1.000030842000,144391878985771
13273,-143465199042637,-8830,56519,-30890.0,32168.0,8.3,-0.005,83335880,51163723,LOCKED,1.000030890000,144392879151665
13274,-143465199044427,18845,84194,-30851.3,32266.8,8.3,-0.006,83335879,51255066,LOCKED,1.000030851000,144393879317520
13275,-143465199047603,42897,108246,-30744.6,32697.7,8.5,-0.010,83335878,51345600,LOCKED,1.000030745000,144394879330264
13276,-143465199083418,34105,99454,-30618.4,32621.1,8.5,-0.006,83335880,51295169,LOCKED,1.000030618000,144395879495886
13277,-143465199191560,-42177,23172,-30609.2,32487.6,8.7,-0.010,83335878,51382072,LOCKED,1.000030609000,144396879643498
13278,-143465199200711,-19286,46063,-30647.5,32591.2,8.7,-0.007,83335879,51468777,LOCKED,1.000030647000,144397879671145
13279,-143465199213522,-1651,63698,-30634.8,32569.8,8.8,-0.010,83335878,51547565,LOCKED,1.000030635000,144398879820783
13280,-143465199231310,9334,74683,-30558.8,32265.3,8.8,-0.011,83335879,51626246,LOCKED,1.000030559000,144399879968345
13281,-143465199240702,26766,92115,-30419.8,31675.8,8.9,-0.006,83335880,51706883,LOCKED,1.000030420000,144400880112768
13282,-143465199259834,36628,101977,-30410.7,31778.0,8.8,-0.002,83335879,51782781,LOCKED,1.000030411000,144401880131178
13283,-143465199294662,30527,95876,-30378.8,32003.6,8.9,-0.003,83335880,51735605,LOCKED,1.000030379000,144402880288560
13284,-143465199405566,-47277,18072,-30433.8,32569.7,8.8,0.002,83335879,51821051,LOCKED,1.000030434000,144403880432997
13285,-143465199424189,-33937,31412,-30452.5,32741.5,8.7,0.008,83335879,51898377,LOCKED,1.000030452000,144404880577452
13286,-143465199447319,-24516,40833,-30514.8,32876.1,8.6,-0.001,83335880,51969899,LOCKED,1.000030515000,144405880729970
13287,-143465199454499,235,65584,-30584.8,32420.6,8.6,0.005,83335880,52056361,LOCKED,1.000030585000,144406880872558
13288,-143465199446611,34974,100323,-30459.5,32389.8,8.9,0.011,83335881,52153813,LOCKED,1.000030460000,144407880903017
13289,-143465199463238,47076,112425,-30452.9,32486.5,9.3,0.016,83335881,52231621,LOCKED,1.000030453000,144408880916469
13290,-143465199507019,32173,97522,-30429.1,32681.7,9.2,0.004,83335880,52174541,LOCKED,1.000030429000,144409881072901
13291,-143465199624595,-51835,13514,-30497.0,33383.9,9.5,-0.001,83335881,52255787,LOCKED,1.000030497000,144410881217401
13292,-143465199644979,-39967,25382,-30516.7,33596.2,9.6,-0.006,83335880,52330010,LOCKED,1.000030517000,144411881361921
13293,-143465199663575,-25125,40224,-30618.5,33471.6,9.9,-0.015,83335881,52404586,LOCKED,1.000030619000,144412881521543
13294,-143465199672770,-3290,62059,-30633.3,33467.4,10.2,-0.026,83335881,52487515,LOCKED,1.000030633000,144413881669179
13295,-143465199684552,14115,79464,-30585.7,33475.5,9.9,-0.050,83335880,52568265,LOCKED,1.000030586000,144414881813768
13296,-143465199700584,25584,90933,-30476.6,33285.5,10.3,-0.022,83335881,52642884,LOCKED,1.000030477000,144415881970248
13297,-143465199707352,47781,113130,-30481.9,33202.2,10.6,-0.000,83335881,52729049,LOCKED,1.000030482000,144416881998729
13298,-143465199805267,-18337,47012,-30516.0,33295.1,10.6,-0.015,83335879,52722657,LOCKED,1.000030516000,144417882040245
13299,-143465199814932,1590,66939,-30473.2,33151.3,10.6,-0.015,83335880,52806679,LOCKED,1.000030473000,144418882181721
13300,-143465199840520,4568,69917,-30387.1,32599.9,10.7,-0.045,83335878,52873456,LOCKED,1.000030387000,144419882340111
13301,-143465199848125,24260,89609,-30275.5,32326.9,10.6,-0.062,83335879,52959249,LOCKED,1.000030276000,144420882484389
13302,-143465199886918,16300,81649,-30330.1,31755.3,10.8,-0.077,83335878,53026604,LOCKED,1.000030330000,144421882518719
13303,-143465199895452,37082,102431,-30342.1,31595.0,10.8,-0.077,83335879,53096153,LOCKED,1.000030342000,144422882556061
# STATS: PDUs=957 CSV=956 Gaps=0 Dups=0 Skip=0 Outlier=272 d_min=-65349 ns drift=-30342.1 ns/s sigma=31595.0 ns state=LOCKED clk_err=+0 ns
13304,-143465199921304,39996,105345,-30331.2,31728.1,10.9,-0.090,83335878,53059917,LOCKED,1.000030331000,144423882704395
13305,-143465200050192,-55418,9931,-30393.4,32495.5,10.8,-0.092,83335879,53131470,LOCKED,1.000030393000,144424882861792
13306,-143465200060152,-34444,30905,-30362.6,32061.7,10.6,-0.088,83335879,53223222,LOCKED,1.000030363000,144425883002157
13307,-143465200066746,-8606,56743,-30450.0,31590.2,10.7,-0.100,83335878,53294687,LOCKED,1.000030450000,144426883041607
13308,-143465200053695,31802,97151,-30350.9,31706.9,10.8,-0.090,83335880,53298633,LOCKED,1.000030351000,144427883073957
13309,-143465200101672,11964,77313,-30262.1,31310.7,10.6,-0.088,83335879,53363161,LOCKED,1.000030262000,144428883240223
13310,-143465200180003,-35738,29611,-30220.5,30639.2,10.7,-0.080,83335880,53461193,LOCKED,1.000030221000,144429883386447
13311,-143465200212047,-36718,28631,-30200.8,30351.6,10.6,-0.081,83335879,53534562,LOCKED,1.000030201000,144430883541651
13312,-143465200202023,4460,69809,-30255.1,29974.1,10.4,-0.082,83335879,53623580,LOCKED,1.000030255000,144431883717910
13313,-143465200188825,45679,111028,-30221.4,30397.7,10.4,-0.083,83335879,53730763,LOCKED,1.000030221000,144432883769132
13314,-143465200298019,-30547,34802,-30305.6,30587.7,10.2,-0.078,83335880,53712455,LOCKED,1.000030306000,144433883942441
13315,-143465200283571,13604,78953,-30298.6,30615.6,10.2,-0.073,83335880,53820887,LOCKED,1.000030299000,144434884105743
13316,-143465200281981,42517,107866,-30223.1,31155.2,10.2,-0.075,83335879,53910845,LOCKED,1.000030223000,144435884142966
13317,-143465200395393,-38365,26984,-30272.6,31557.9,10.2,-0.072,83335880,53891749,LOCKED,1.000030273000,144436884315242
13318,-143465200366702,18199,83548,-30185.0,31358.4,10.3,-0.068,83335880,54013751,LOCKED,1.000030185000,144437884234423
13319,-143465200388135,23791,89140,-30069.2,30998.3,10.3,-0.068,83335879,53979444,LOCKED,1.000030069000,144438884399496
13320,-143465200490923,-44782,20567,-30198.4,31344.1,10.3,-0.066,83335880,54073133,LOCKED,1.000030198000,144439884568698
13321,-143465200490759,-12839,52510,-30254.8,31282.8,10.3,-0.063,83335880,54168862,LOCKED,1.000030255000,144440884718956
13322,-143465200499916,7458,72807,-30227.8,31280.7,10.3,-0.065,83335879,54252440,LOCKED,1.000030228000,144441884872187
13323,-143465200511360,24343,89692,-30175.0,31445.1,10.3,-0.062,83335880,54334311,LOCKED,1.000030175000,144442885018365
13324,-143465200523752,40592,105941,-30167.3,31544.7,10.3,-0.065,83335879,54412926,LOCKED,1.000030167000,144443885052532
13325,-143465200651532,-52498,12851,-30302.2,32169.4,10.1,-0.059,83335880,54376036,LOCKED,1.000030302000,144444885197837
13326,-143465200662284,-30774,34575,-30357.8,32439.5,10.1,-0.059,83335879,54458223,LOCKED,1.000030358000,144445885347198
13327,-143465200678300,-16340,49009,-30335.1,32270.9,10.1,-0.059,83335880,54530635,LOCKED,1.000030335000,144446885493536
13328,-143465200645578,44889,110238,-30320.0,32469.2,10.1,-0.060,83335880,54655929,LOCKED,1.000030320000,144447885387851
13329,-143465200692179,26853,92202,-30278.5,32670.5,10.1,-0.063,83335879,54597016,LOCKED,1.000030278000,144448885538133
13330,-143465200811742,-59109,6240,-30343.3,33507.7,10.0,-0.065,83335880,54675697,LOCKED,1.000030343000,144449885680479
13331,-143465200832946,-47890,17459,-30365.8,33798.9,10.0,-0.067,83335880,54747537,LOCKED,1.000030366000,144450885828848
13332,-143465200862284,-42737,22612,-30497.4,34011.4,10.0,-0.066,83335879,54814202,LOCKED,1.000030497000,144451885863345
13333,-143465200876131,-23642,41707,-30578.2,34026.4,10.1,-0.064,83335880,54890323,LOCKED,1.000030578000,144452886011926
13334,-143465200891939,-8427,56922,-30586.0,34041.4,10.0,-0.069,83335879,54967167,LOCKED,1.000030586000,144453886159515
13335,-143465200909123,3607,68956,-30524.8,33778.0,9.7,-0.078,83335880,55042449,LOCKED,1.000030525000,144454886303043
13336,-143465200924906,16211,81560,-30446.6,33630.0,9.7,-0.077,83335880,55120234,LOCKED,1.000030447000,144455886454493
13337,-143465200929908,40506,105855,-30457.7,33479.2,9.3,-0.089,83335879,55207691,LOCKED,1.000030458000,144456886477950
13338,-143465201040422,-36068,29281,-30568.8,33631.9,9.2,-0.096,83335880,55189725,LOCKED,1.000030569000,144457886500518
13339,-143465201066233,-28850,36499,-30641.7,33815.2,8.7,-0.111,83335880,55254582,LOCKED,1.000030642000,144458886650163
13340,-143465201093482,-23743,41606,-30686.4,33967.7,8.9,-0.118,83335878,55321616,LOCKED,1.000030686000,144459886802853
13341,-143465201098276,1392,66741,-30651.5,33874.8,8.9,-0.118,83335879,55405340,LOCKED,1.000030651000,144460886948507
13342,-143465201118076,10401,75750,-30578.2,33635.0,8.8,-0.128,83335879,55483067,LOCKED,1.000030578000,144461887093088
13343,-143465201134826,21663,87012,-30488.1,33521.7,8.9,-0.128,83335879,55559904,LOCKED,1.000030488000,144462887242579
13344,-143465201143612,42141,107490,-30498.2,33379.4,8.8,-0.139,83335879,55640822,LOCKED,1.000030498000,144463887396080
13345,-143465201157206,56467,121816,-30465.5,33861.4,9.0,-0.149,83335878,55721229,LOCKED,1.000030465000,144464887424545
13346,-143465201291401,-43153,22196,-30595.7,34104.0,9.0,-0.150,83335879,55680133,LOCKED,1.000030596000,144465887581144
13347,-143465201303789,-22943,42406,-30655.9,34211.1,9.1,-0.151,83335879,55760141,LOCKED,1.000030656000,144466887730803
13348,-143465201289333,19876,85225,-30576.3,34141.7,9.0,-0.149,83335878,55883546,LOCKED,1.000030576000,144467887867382
13349,-143465201358568,-18960,46389,-30535.9,33760.9,9.0,-0.128,83335879,55950590,LOCKED,1.000030536000,144468887916918
13350,-143465201415184,-43144,22205,-30557.3,34006.5,9.0,-0.140,83335878,55929283,LOCKED,1.000030557000,144469888065478
13351,-143465201436508,-29858,35491,-30706.8,33409.8,8.9,-0.120,83335879,55998613,LOCKED,1.000030707000,144470888230188
13352,-143465201439487,-324,65025,-30795.1,32711.7,9.0,-0.117,83335879,56094008,LOCKED,1.000030795000,144471888397987
13353,-143465201439293,30049,95398,-30814.9,32484.1,8.9,-0.111,83335878,56185442,LOCKED,1.000030815000,144472888560805
13354,-143465201441493,55566,120915,-30755.2,33220.9,8.8,-0.088,83335879,56274545,LOCKED,1.000030755000,144473888591560
13355,-143465201566885,-36462,28887,-30822.7,33586.7,8.8,-0.098,83335878,56247379,LOCKED,1.000030823000,144474888752386
13356,-143465201571869,-10309,55040,-30820.9,33580.8,8.3,-0.101,83335879,56331302,LOCKED,1.000030821000,144475888901210
13357,-143465201580861,9578,74927,-30741.4,33253.0,7.8,-0.115,83335878,56418383,LOCKED,1.000030741000,144476888919951
13358,-143465201579482,39939,105288,-30721.5,33468.3,7.8,-0.111,83335879,56404200,LOCKED,1.000030722000,144477889068676
13359,-143465201590633,55909,121258,-30637.6,34301.1,7.7,-0.109,83335879,56588871,LOCKED,1.000030638000,144478889091313
13360,-143465201632223,42087,107436,-30566.6,34773.3,7.6,-0.114,83335878,56538954,LOCKED,1.000030567000,144479889236883
13361,-143465201749370,-42359,22990,-30601.0,35110.1,7.7,-0.120,83335878,56612920,LOCKED,1.000030601000,144480889397487
13362,-143465201749321,-11435,47674,-30595.4,35088.2,7.5,-0.116,83335879,56710244,LOCKED,1.000030595000,144481889438082
13363,-143465201758960,7659,66768,-30516.6,34736.2,7.6,-0.121,83335878,56795028,LOCKED,1.000030517000,144482889582602
# STATS: PDUs=1017 CSV=1016 Gaps=0 Dups=0 Skip=0 Outlier=272 d_min=-59109 ns drift=-30516.6 ns/s sigma=34736.2 ns state=LOCKED clk_err=+0 ns
13364,-143465201763480,29972,89081,-30385.4,34439.7,7.4,-0.126,83335878,56882449,LOCKED,1.000030385000,144483889730990
13365,-143465201808041,16418,75527,-30443.4,33851.5,7.5,-0.130,83335878,56939105,LOCKED,1.000030443000,144484889889437
13366,-143465201805455,47294,106403,-30416.3,34182.8,7.6,-0.135,83335878,57029540,LOCKED,1.000030416000,144485889910853
13367,-143465201833825,46417,105526,-30349.9,34739.7,7.4,-0.139,83335878,56990035,LOCKED,1.000030350000,144486890060206
13368,-143465201907813,1401,60510,-30284.5,34396.4,7.4,-0.142,83335878,57110840,LOCKED,1.000030284000,144487890205493
13369,-143465201914843,22361,81470,-30208.9,34414.9,7.8,-0.151,83335877,57192296,LOCKED,1.000030209000,144488890346705
13370,-143465201940802,25718,84827,-30207.8,34423.0,7.7,-0.153,83335878,57260531,LOCKED,1.000030208000,144489890491916
13371,-143465201953718,41139,100248,-30184.4,34668.6,8.1,-0.160,83335877,57340703,LOCKED,1.000030184000,144490890520100
13372,-143465202083934,-55461,3648,-30260.7,35440.1,8.1,-0.163,83335878,57304478,LOCKED,1.000030261000,144491890668364
13373,-143465202092482,-33363,25746,-30224.1,34960.3,8.2,-0.165,83335878,57386474,LOCKED,1.000030224000,144492890816591
13374,-143465202115284,-23517,35592,-30304.1,34977.1,8.1,-0.165,83335878,57457400,LOCKED,1.000030304000,144493890961898
13375,-143465202134834,-12608,46501,-30290.7,34910.8,8.3,-0.169,83335877,57528829,LOCKED,1.000030291000,144494891108192
13376,-143465202143398,6756,65865,-30185.7,34170.4,8.6,-0.174,83335877,57611992,LOCKED,1.000030186000,144495891254381
13377,-143465202152860,26566,85675,-30185.1,34175.7,8.8,-0.176,83335877,57696234,LOCKED,1.000030185000,144496891289566
13378,-143465202245439,-34558,24551,-30189.9,34224.9,8.9,-0.177,83335877,57693356,LOCKED,1.000030190000,144497891315755
13379,-143465202258244,-17441,41668,-30147.7,33839.8,9.2,-0.181,83335877,57772323,LOCKED,1.000030148000,144498891471906
13380,-143465202271818,150,59259,-30198.0,33612.6,9.3,-0.181,83335877,57850543,LOCKED,1.000030198000,144499891617107
13381,-143465202286204,14939,74048,-30172.6,33673.7,9.5,-0.180,83335877,57931065,LOCKED,1.000030173000,144500891648279
13382,-143465202306042,22929,82038,-30095.5,33696.4,9.5,-0.181,83335878,57897263,LOCKED,1.000030095000,144501891803378
13383,-143465202415770,-54415,4694,-30117.3,34022.8,9.6,-0.178,83335877,57983482,LOCKED,1.000030117000,144502891962499
13384,-143465202418798,-27572,31537,-30059.2,33221.5,9.8,-0.180,83335877,58074060,LOCKED,1.000030059000,144503892111561
13385,-143465202450660,-26338,32771,-30164.7,33096.7,9.7,-0.175,83335878,58150376,LOCKED,1.000030165000,144504892267729
13386,-143465202442404,11886,70995,-30174.8,33049.0,9.9,-0.176,83335877,58237844,LOCKED,1.000030175000,144505892432907
13387,-143465202437187,44348,103457,-30104.7,33588.0,10.0,-0.171,83335877,58337115,LOCKED,1.000030105000,144506892475012
13388,-143465202519387,-9236,49873,-30016.0,32616.3,10.4,-0.165,83335876,58347503,LOCKED,1.000030016000,144507892646032
13389,-143465202513814,23071,82180,-29893.1,32138.2,10.6,-0.165,83335877,58445099,LOCKED,1.000029893000,144508892699925
13390,-143465202619970,-48448,10661,-30045.7,32384.2,10.6,-0.156,83335877,58430663,LOCKED,1.000030046000,144509892865974
13391,-143465202617148,-13430,45679,-30129.0,32102.9,11.0,-0.146,83335876,58526446,LOCKED,1.000030129000,144510892913103
13392,-143465202652563,-16293,42816,-30221.0,31801.8,11.1,-0.143,83335877,58582233,LOCKED,1.000030221000,144511892955324
13393,-143465202652582,13768,72877,-30237.1,31704.6,11.4,-0.129,83335876,58676831,LOCKED,1.000030237000,144512892994561
13394,-143465202667762,27270,86379,-30206.0,31893.6,11.8,-0.122,83335876,58644943,LOCKED,1.000030206000,144513893167771
13395,-143465202760116,-32735,26374,-30256.8,32197.9,11.7,-0.104,83335877,58748010,LOCKED,1.000030257000,144514893337032
13396,-143465202758151,-1057,58052,-30228.3,32112.2,11.5,-0.084,83335877,58847174,LOCKED,1.000030228000,144515893490264
13397,-143465202759905,24177,83286,-30109.3,31729.0,11.5,-0.073,83335877,58936108,LOCKED,1.000030109000,144516893525373
13398,-143465202852229,-34471,24638,-30227.2,31761.9,11.2,-0.049,83335878,58939716,LOCKED,1.000030227000,144517893569600
13399,-143465202869016,-18601,40508,-30315.7,31566.7,10.7,-0.014,83335878,59019075,LOCKED,1.000030316000,144518893726919
13400,-143465202880585,1193,60302,-30369.2,31272.4,10.7,-0.007,83335878,59103846,LOCKED,1.000030369000,144519893888292
13401,-143465202880547,29821,88930,-30331.4,31513.4,10.6,-0.003,83335877,59193888,LOCKED,1.000030331000,144520893909623
13402,-143465202920735,18575,77684,-30294.1,31612.0,10.4,0.018,83335878,59143698,LOCKED,1.000030294000,144521894073921
13403,-143465203015131,-43138,15971,-30339.6,32065.9,10.2,0.026,83335877,59239591,LOCKED,1.000030340000,144522894227264
13404,-143465203031727,-28761,30348,-30322.8,31880.5,10.0,0.051,83335878,59320820,LOCKED,1.000030323000,144523894367590
13405,-143465203059255,-26168,32941,-30269.3,31139.7,9.9,0.062,83335878,59386256,LOCKED,1.000030269000,144524894518862
13406,-143465203081216,-15225,43884,-30373.5,30625.6,9.4,0.093,83335878,59459972,LOCKED,1.000030373000,144525894673239
13407,-143465203087838,8966,68075,-30410.1,30380.8,9.0,0.118,83335877,59544385,LOCKED,1.000030410000,144526894699648
13408,-143465203180604,-50360,8749,-30475.1,31088.8,9.0,0.115,83335878,59542296,LOCKED,1.000030475000,144527894734123
13409,-143465203197038,-33079,26030,-30579.3,31207.1,8.8,0.110,83335878,59617092,LOCKED,1.000030579000,144528894891706
13410,-143465203197808,-1210,57899,-30678.6,30287.1,9.0,0.098,83335877,59710066,LOCKED,1.000030679000,144529895037388
13411,-143465203213824,14242,73351,-30741.1,29581.2,8.7,0.096,83335878,59785317,LOCKED,1.000030741000,144530895195133
13412,-143465203213640,43068,102177,-30709.7,29959.8,8.4,0.094,83335878,59878698,LOCKED,1.000030710000,144531895211842
13413,-143465203252006,32925,92034,-30642.3,30282.3,8.5,0.086,83335877,59825919,LOCKED,1.000030642000,144532895367488
13414,-143465203357994,-40847,18262,-30651.6,30405.4,8.2,0.086,83335878,59915605,LOCKED,1.000030652000,144533895516143
13415,-143465203384834,-32688,26421,-30810.9,29694.6,8.2,0.087,83335878,59983964,LOCKED,1.000030811000,144534895668957
13416,-143465203400788,-15420,43689,-30903.8,29328.0,8.0,0.082,83335877,60062466,LOCKED,1.000030904000,144535895804864
13417,-143465203418399,-1361,57748,-30939.2,29217.0,7.9,0.083,83335878,60135816,LOCKED,1.000030939000,144536895963807
13418,-143465203395085,49048,108157,-30831.9,29921.2,7.8,0.091,83335879,60254878,LOCKED,1.000030832000,144537895853634
13419,-143465203437724,33672,92781,-30712.5,29905.5,7.7,0.100,83335879,60200598,LOCKED,1.000030713000,144538896009350
13420,-143465203542506,-38675,20434,-30732.7,30138.8,7.6,0.101,83335878,60287115,LOCKED,1.000030733000,144539896153086
13421,-143465203563874,-25446,33663,-30880.4,29267.6,7.8,0.108,83335879,60363904,LOCKED,1.000030880000,144540896305970
13422,-143465203601425,-28933,30176,-30988.7,29191.5,7.6,0.116,83335879,60417537,LOCKED,1.000030989000,144541896327958
13423,-143465203630450,-24723,34386,-31058.0,29315.1,7.8,0.123,83335879,60482700,LOCKED,1.000031058000,144542896483019
# STATS: PDUs=1077 CSV=1076 Gaps=0 Dups=0 Skip=0 Outlier=272 d_min=-59109 ns drift=-31058.0 ns/s sigma=29315.1 ns state=LOCKED clk_err=+0 ns
13424,-143465203634188,2101,61210,-31037.1,29286.1,7.7,0.125,83335878,60573634,LOCKED,1.000031037000,144543896625059
13425,-143465203674588,-6692,52417,-31054.0,29297.5,7.9,0.131,83335879,60630328,LOCKED,1.000031054000,144544896785116
13426,-143465203663176,32439,91548,-30944.0,29340.5,8.0,0.136,83335879,60732168,LOCKED,1.000030944000,144545896939063
13427,-143465203689661,33296,92405,-30822.4,29279.5,7.9,0.139,83335878,60807468,LOCKED,1.000030822000,144546896962885
13428,-143465203788495,-32346,26763,-30885.0,29603.6,8.1,0.144,83335879,60792523,LOCKED,1.000030885000,144547897005770
13429,-143465203794109,-7251,51858,-30864.3,29506.3,8.3,0.147,83335879,60878406,LOCKED,1.000030864000,144548897160638
13430,-143465203808519,7769,66878,-30806.7,29328.3,8.4,0.152,83335879,60955331,LOCKED,1.000030807000,144549897315448
13431,-143465203811513,31769,90878,-30672.1,29007.9,8.5,0.149,83335877,61047185,LOCKED,1.000030672000,144550897464123
13432,-143465203834623,38450,97559,-30692.9,28671.4,8.4,0.152,83335878,61125931,LOCKED,1.000030693000,144551897596819
13433,-143465203882531,20864,79973,-30709.4,28516.0,8.3,0.155,83335878,61191283,LOCKED,1.000030709000,144552897649529
13434,-143465203967097,-30056,29053,-30803.8,28625.5,8.3,0.158,83335877,61174767,LOCKED,1.000030804000,144553897789336
13435,-143465204006325,-35471,23638,-30892.6,28954.3,8.3,0.157,83335878,61237493,LOCKED,1.000030893000,144554897941232
13436,-143465204013064,-10741,48368,-30903.1,28983.7,8.4,0.156,83335878,61311819,LOCKED,1.000030903000,144555898106139
13437,-143465204011262,19663,78772,-30822.7,28888.5,8.4,0.156,83335878,61408438,LOCKED,1.000030823000,144556898158962
13438,-143465204085262,-20883,38226,-30917.2,28678.3,8.6,0.155,83335879,61426752,LOCKED,1.000030917000,144557898200879
13439,-143465204092592,3127,62236,-30943.3,28577.3,8.8,0.155,83335879,61511321,LOCKED,1.000030943000,144558898363826
13440,-143465204098050,26810,85919,-30899.4,28807.3,8.9,0.153,83335877,61599082,LOCKED,1.000030899000,144559898526729
13441,-143465204105612,46367,105476,-30790.7,29411.2,8.9,0.152,83335878,61684081,LOCKED,1.000030791000,144560898686523
13442,-143465204120751,57010,116119,-30639.4,30151.9,8.8,0.158,83335878,61765749,LOCKED,1.000030639000,144561898705162
13443,-143465204162525,44416,103525,-30641.7,30115.6,8.9,0.157,83335877,61712996,LOCKED,1.000030642000,144562898877808
13444,-143465204257889,-18328,40781,-30708.4,30099.4,8.9,0.157,83335877,61811277,LOCKED,1.000030708000,144563899037520
13445,-143465204269823,1180,60289,-30746.5,29938.8,8.8,0.165,83335878,61895746,LOCKED,1.000030746000,144564899186270
13446,-143465204287190,13128,72237,-30698.0,29926.7,8.8,0.164,83335878,61976946,LOCKED,1.000030698000,144565899331971
13447,-143465204301784,25599,84708,-30562.0,29290.2,8.8,0.163,83335878,62053316,LOCKED,1.000030562000,144566899361532
13448,-143465204398716,-38281,20828,-30620.6,29740.7,8.7,0.149,83335878,62047837,LOCKED,1.000030621000,144567899400152
13449,-143465204407569,-16773,42336,-30579.9,29328.9,8.7,0.146,83335878,62133633,LOCKED,1.000030580000,144568899549735
13450,-143465204415519,6589,65698,-30626.9,28990.2,9.0,0.139,83335879,62215505,LOCKED,1.000030627000,144569899718366
13451,-143465204412906,37306,96415,-30565.0,29428.2,8.8,0.125,83335879,62315229,LOCKED,1.000030565000,144570899731930
13452,-143465204448313,30543,89652,-30521.4,29709.0,8.8,0.108,83335878,62265315,LOCKED,1.000030521000,144571899768451
13453,-143465204557108,-45478,13631,-30556.4,30145.7,8.6,0.094,83335879,62351219,LOCKED,1.000030556000,144572899927011
13454,-143465204564508,-22238,36871,-30523.5,29779.6,8.3,0.078,83335879,62439668,LOCKED,1.000030523000,144573900078538
13455,-143465204590077,-15535,43574,-30583.5,29745.7,8.3,0.077,83335879,62505874,LOCKED,1.000030584000,144574900228125
13456,-143465204601863,2652,61761,-30557.9,29703.5,8.2,0.059,83335878,62586794,LOCKED,1.000030558000,144575900381686
13457,-143465204608463,23489,82598,-30443.6,29332.9,8.2,0.055,83335879,62672633,LOCKED,1.000030444000,144576900406129
13458,-143465204702953,-37371,21738,-30538.0,29684.7,8.2,0.055,83335878,62674843,LOCKED,1.000030538000,144577900435666
13459,-143465204731367,-32783,26326,-30604.5,30008.4,8.2,0.050,83335878,62732705,LOCKED,1.000030605000,144578900584274
13460,-143465204748577,-18539,40570,-30615.4,30067.2,8.3,0.059,83335879,62808318,LOCKED,1.000030615000,144579900735893
13461,-143465204763093,-3720,55389,-30546.2,29494.2,8.4,0.046,83335877,62890021,LOCKED,1.000030546000,144580900883442
13462,-143465204778339,9614,68723,-30465.5,29106.1,8.4,0.053,83335879,62969201,LOCKED,1.000030466000,144581901034911
13463,-143465204784089,32918,92027,-30451.0,29256.6,8.2,0.061,83335879,63053731,LOCKED,1.000030451000,144582901180365
13464,-143465204793875,50477,109586,-30382.4,30009.4,8.5,0.048,83335877,63135693,LOCKED,1.000030382000,144583901199747
13465,-143465204842197,30670,89779,-30341.7,30280.1,8.6,0.054,83335879,63077143,LOCKED,1.000030342000,144584901355092
13466,-143465204948562,-42454,16655,-30413.5,30823.3,8.6,0.051,83335878,63166087,LOCKED,1.000030414000,144585901497508
13467,-143465204968722,-30902,28207,-30425.9,30938.3,8.4,0.048,83335878,63239187,LOCKED,1.000030426000,144586901635937
13468,-143465204963262,5923,65032,-30481.9,30517.6,8.4,0.046,83335878,63338515,LOCKED,1.000030482000,144587901684419
13469,-143465204971310,27389,86498,-30480.0,30535.5,8.5,0.050,83335879,63423685,LOCKED,1.000030480000,144588901833902
13470,-143465205000678,26562,85671,-30428.9,30745.8,8.5,0.040,83335877,63485646,LOCKED,1.000030429000,144589901997334
13471,-143465205007487,46315,105424,-30316.0,31286.0,8.5,0.038,83335878,63576731,LOCKED,1.000030316000,144590902016649
13472,-143465205048907,31204,90313,-30170.9,30786.7,8.6,0.036,83335878,63520095,LOCKED,1.000030171000,144591902182824
13473,-143465205144233,-33344,25765,-30145.2,30427.0,8.4,0.038,83335879,63619708,LOCKED,1.000030145000,144592902329972
13474,-143465205175217,-31104,28005,-30244.7,30520.3,8.4,0.036,83335878,63700350,LOCKED,1.000030245000,144593902476220
13475,-143465205178181,-2736,56373,-30293.6,30330.7,8.4,0.034,83335878,63773100,LOCKED,1.000030294000,144594902646517
13476,-143465205174179,29929,89038,-30263.4,30553.4,8.3,0.035,83335879,63872038,LOCKED,1.000030263000,144595902689780
13477,-143465205290606,-52583,6526,-30355.3,31376.7,8.3,0.036,83335879,63848561,LOCKED,1.000030355000,144596902854139
13478,-143465205262598,3672,62781,-30257.7,30576.6,8.3,0.041,83335879,63968433,LOCKED,1.000030258000,144597902908397
13479,-143465205262239,30614,89723,-30128.0,30291.4,8.3,0.045,83335879,64061840,LOCKED,1.000030128000,144598902958525
13480,-143465205378016,-50550,8559,-30264.4,30839.0,8.3,0.043,83335878,64040031,LOCKED,1.000030264000,144599903117793
13481,-143465205380656,-20701,38408,-30339.2,30822.3,8.6,0.050,83335880,64127021,LOCKED,1.000030339000,144600903276136
13482,-143465205387990,3204,58665,-30388.8,30527.4,8.5,0.052,83335878,64212263,LOCKED,1.000030389000,144601903327525
13483,-143465205392599,28172,83633,-30395.9,30454.0,8.4,0.056,83335879,64297869,LOCKED,1.000030396000,144602903349920
# STATS: PDUs=1137 CSV=1136 Gaps=0 Dups=0 Skip=0 Outlier=272 d_min=-55461 ns drift=-30395.9 ns/s sigma=30454.0 ns state=LOCKED clk_err=+0 ns
13484,-143465205422795,26753,82214,-30360.8,30656.1,8.5,0.057,83335879,64258107,LOCKED,1.000030361000,144603903510284
13485,-143465205453592,25150,80611,-30345.4,30766.0,8.5,0.062,83335879,64321500,LOCKED,1.000030345000,144604903693634
13486,-143465205538354,-28204,27257,-30350.7,30814.2,8.4,0.067,83335879,64433235,LOCKED,1.000030351000,144605903847988
13487,-143465205541388,-1823,53638,-30301.6,30548.3,8.5,0.067,83335879,64523935,LOCKED,1.000030302000,144606903875289
13488,-143465205553491,16535,71996,-30337.0,30222.0,8.4,0.072,83335879,64498984,LOCKED,1.000030337000,144607903903625
13489,-143465205562832,35556,91017,-30299.1,30546.5,8.3,0.078,83335879,64582143,LOCKED,1.000030299000,144608904075928
13490,-143465205662566,-31750,23711,-30350.9,30847.8,8.2,0.083,83335878,64679948,LOCKED,1.000030351000,144609904223282
13491,-143465205675346,-14210,41251,-30325.7,30663.1,8.1,0.076,83335878,64760985,LOCKED,1.000030326000,144610904370611
13492,-143465205677572,11743,67204,-30239.7,30283.9,8.4,0.075,83335877,64849589,LOCKED,1.000030240000,144611904403850
13493,-143465205701752,15890,71351,-30172.1,30204.6,8.4,0.075,83335878,64816869,LOCKED,1.000030172000,144612904551025
13494,-143465205811076,-58161,0,-30326.0,30960.1,8.2,0.067,83335878,64901057,LOCKED,1.000030326000,144613904704354
13495,-143465205822602,-35380,22781,-30462.8,30790.8,8.5,0.067,83335877,64983207,LOCKED,1.000030463000,144614904848820
13496,-143465205848014,-27585,30576,-30551.8,30858.1,8.7,0.068,83335877,65052069,LOCKED,1.000030552000,144615904995375
13497,-143465205863759,-12168,45993,-30561.5,30889.3,8.7,0.068,83335878,65129683,LOCKED,1.000030562000,144616905141940
13498,-143465205843945,36950,95111,-30561.3,30892.6,8.8,0.081,83335877,65241769,LOCKED,1.000030561000,144617905046497
13499,-143465205876984,32724,90885,-30529.9,31145.7,8.7,0.091,83335879,65198282,LOCKED,1.000030530000,144618905198030
13500,-143465205991986,-48730,9431,-30597.1,31809.6,8.8,0.084,83335877,65277040,LOCKED,1.000030597000,144619905339630
13501,-143465206012372,-37095,21066,-30605.3,31903.6,8.8,0.086,83335878,65350159,LOCKED,1.000030605000,144620905484238
13502,-143465206034583,-28461,29700,-30569.6,31445.7,8.9,0.071,83335878,65423419,LOCKED,1.000030570000,144621905637811
13503,-143465206043145,-7367,50794,-30512.4,30989.4,9.1,0.030,83335877,65508834,LOCKED,1.000030512000,144622905786326
13504,-143465206056549,9852,68013,-30534.3,30869.5,9.0,0.024,83335879,65585747,LOCKED,1.000030534000,144623905934863
13505,-143465206073131,22421,80582,-30503.6,31012.1,9.2,0.000,83335877,65662435,LOCKED,1.000030504000,144624906080370
13506,-143465206096897,26975,85136,-30441.2,31205.6,9.3,0.006,83335879,65734608,LOCKED,1.000030441000,144625906217814
13507,-143465206120910,30362,88523,-30342.2,31277.2,9.3,0.011,83335879,65798279,LOCKED,1.000030342000,144626906259156
13508,-143465206219374,-34050,24111,-30467.9,31201.3,9.3,0.002,83335878,65797341,LOCKED,1.000030468000,144627906280623
13509,-143465206235257,-17538,40623,-30533.5,31175.8,9.4,0.005,83335879,65874273,LOCKED,1.000030533000,144628906429160
13510,-143465206259448,-10491,47670,-30550.6,31208.1,9.3,0.028,83335879,65940682,LOCKED,1.000030551000,144629906571714
13511,-143465206280814,-2341,55820,-30495.8,30875.1,9.3,0.033,83335879,66011923,LOCKED,1.000030496000,144630906724213
13512,-143465206300776,6630,64791,-30430.0,30601.8,9.3,0.028,83335878,66086304,LOCKED,1.000030430000,144631906756643
13513,-143465206315403,22477,80638,-30469.6,30138.4,9.3,0.033,83335879,66163322,LOCKED,1.000030470000,144632906911116
13514,-143465206324203,42087,100248,-30438.5,30497.0,9.3,0.037,83335879,66249294,LOCKED,1.000030439000,144633906931554
13515,-143465206368237,27294,85455,-30425.1,30605.2,9.3,0.041,83335879,66195380,LOCKED,1.000030425000,144634907089983
13516,-143465206481354,-51749,6412,-30518.3,31401.0,9.3,0.037,83335878,66270818,LOCKED,1.000030518000,144635907234504
13517,-143465206511790,-48992,9169,-30568.2,31976.3,9.3,0.041,83335879,66348626,LOCKED,1.000030568000,144636907381075
13518,-143465206500095,-4835,53326,-30653.2,31428.3,9.3,0.045,83335879,66442695,LOCKED,1.000030653000,144637907423728
13519,-143465206509928,16434,74595,-30702.7,30918.5,9.3,0.041,83335878,66533459,LOCKED,1.000030703000,144638907575434
13520,-143465206579124,-19503,38658,-30796.0,30693.0,9.3,0.045,83335879,66613225,LOCKED,1.000030796000,144639907628230
13521,-143465206626276,-32846,25315,-30889.4,30891.0,9.1,0.047,83335879,66595393,LOCKED,1.000030889000,144640907790123
13522,-143465206620750,3583,61744,-30896.0,30878.6,9.0,0.050,83335879,66692032,LOCKED,1.000030896000,144641907951023
13523,-143465206621523,30935,89096,-30811.3,31073.5,9.0,0.048,83335878,66785653,LOCKED,1.000030811000,144642907991834
13524,-143465206637920,41043,99204,-30668.0,31081.5,8.8,0.049,83335879,66756355,LOCKED,1.000030668000,144643908159506
13525,-143465206730703,-20613,37548,-30656.1,30985.3,8.8,0.052,83335879,66861694,LOCKED,1.000030656000,144644908335166
13526,-143465206725673,15665,73826,-30711.4,30390.2,9.0,0.058,83335880,66962837,LOCKED,1.000030711000,144645908484881
13527,-143465206736877,34197,92358,-30720.4,30274.9,9.0,0.059,83335879,67046673,LOCKED,1.000030720000,144646908517601
13528,-143465206821219,-18005,40156,-30760.2,30366.8,9.0,0.059,83335879,67054097,LOCKED,1.000030760000,144647908668364
13529,-143465206833880,-480,57681,-30731.2,30278.4,9.0,0.062,83335879,67133765,LOCKED,1.000030731000,144648908816098
13530,-143465206857242,5788,63949,-30686.7,30171.7,8.8,0.060,83335879,67205978,LOCKED,1.000030687000,144649908959788
13531,-143465206873264,17622,75783,-30576.8,29642.3,9.1,0.054,83335877,67281872,LOCKED,1.000030577000,144650909113368
13532,-143465206881246,36337,94498,-30446.6,29605.1,9.1,0.051,83335878,67365504,LOCKED,1.000030447000,144651909259818
13533,-143465206899614,46034,104195,-30406.2,30096.3,9.1,0.054,83335879,67438002,LOCKED,1.000030406000,144652909285224
13534,-143465207034609,-53963,4198,-30542.1,30810.2,9.1,0.054,83335879,67393727,LOCKED,1.000030542000,144653909439769
13535,-143465207047211,-33697,24464,-30600.3,31148.1,9.1,0.051,83335878,67476071,LOCKED,1.000030600000,144654909589372
13536,-143465207058375,-14464,43697,-30566.2,30868.2,9.1,0.053,83335878,67557784,LOCKED,1.000030566000,144655909744942
13537,-143465207064181,11297,69458,-30634.2,30148.2,9.1,0.056,83335879,67642011,LOCKED,1.000030634000,144656909889579
13538,-143465207069858,33715,91876,-30565.6,30484.8,9.0,0.059,83335878,67736398,LOCKED,1.000030566000,144657909807141
13539,-143465207102665,28161,86322,-30449.6,30288.1,9.3,0.061,83335877,67688481,LOCKED,1.000030450000,144658909960594
13540,-143465207121852,38317,96478,-30459.1,30153.0,9.3,0.059,83335878,67763366,LOCKED,1.000030459000,144659910117056
13541,-143465207234208,-40160,18001,-30560.3,30549.1,8.9,0.069,83335878,67848919,LOCKED,1.000030560000,144660910263619
13542,-143465207252762,-26423,31738,-30601.4,30756.4,8.9,0.068,83335878,67921048,LOCKED,1.000030601000,144661910299220
13543,-143465207266411,-9797,48364,-30569.0,30545.1,8.8,0.073,83335878,68003636,LOCKED,1.000030569000,144662910439792
# STATS: PDUs=1197 CSV=1196 Gaps=0 Dups=0 Skip=0 Outlier=272 d_min=-58161 ns drift=-30569.0 ns/s sigma=30545.1 ns state=LOCKED clk_err=+0 ns
13544,-143465207283973,1993,60154,-30512.5,30268.8,9.0,0.080,83335877,68075268,LOCKED,1.000030512000,144663910614308
13545,-143465207287549,25977,84138,-30410.6,30159.5,8.9,0.087,83335878,68173196,LOCKED,1.000030411000,144664910757721
13546,-143465207301117,40670,98831,-30372.6,30551.7,8.7,0.095,83335878,68249675,LOCKED,1.000030373000,144665910796093
13547,-143465207431690,-55940,2221,-30456.0,31461.2,8.6,0.105,83335878,68208394,LOCKED,1.000030456000,144666910937552
13548,-143465207419882,-13632,44529,-30435.4,31326.9,8.4,0.116,83335878,68312335,LOCKED,1.000030435000,144667910980987
13549,-143465207429650,4987,63148,-30343.0,30656.6,8.1,0.129,83335878,68395306,LOCKED,1.000030343000,144668911126333
13550,-143465207453432,11403,69564,-30354.8,30596.4,8.8,0.137,83335876,68466914,LOCKED,1.000030355000,144669911288691
13551,-143465207457066,35693,93854,-30294.8,30977.3,8.9,0.145,83335877,68556522,LOCKED,1.000030295000,144670911300985
13552,-143465207504590,16336,74497,-30217.4,30826.4,9.0,0.141,83335877,68499731,LOCKED,1.000030217000,144671911471206
13553,-143465207593580,-40888,17273,-30225.4,30931.1,9.2,0.152,83335877,68604752,LOCKED,1.000030225000,144672911618434
13554,-143465207618810,-32170,25991,-30354.9,30721.0,9.3,0.135,83335878,68688097,LOCKED,1.000030355000,144673911765792
13555,-143465207619594,-1533,56628,-30404.7,30503.8,9.4,0.108,83335878,68765341,LOCKED,1.000030405000,144674911928200
13556,-143465207621163,26321,84482,-30400.3,30541.6,9.5,0.084,83335878,68858032,LOCKED,1.000030400000,144675911976600
13557,-143465207731581,-49875,8286,-30505.1,31254.6,9.5,0.076,83335878,68838276,LOCKED,1.000030505000,144676912143109
13558,-143465207699733,10402,68563,-30420.4,30859.0,9.7,0.038,83335877,68965699,LOCKED,1.000030420000,144677912065526
13559,-143465207719516,18393,76554,-30320.9,30518.7,9.6,0.064,83335879,68931111,LOCKED,1.000030321000,144678912206850
13560,-143465207749133,19288,77449,-30362.4,30069.0,9.5,0.040,83335878,68994441,LOCKED,1.000030362000,144679912370216
13561,-143465207847505,-44375,13786,-30502.2,30289.2,9.8,0.019,83335877,69088882,LOCKED,1.000030502000,144680912527722
13562,-143465207858137,-21876,36285,-30595.1,30140.4,10.4,-0.011,83335876,69173281,LOCKED,1.000030595000,144681912689321
13563,-143465207855189,11308,69469,-30596.3,30135.5,10.4,-0.022,83335877,69269083,LOCKED,1.000030596000,144682912859921
13564,-143465207852125,41886,100047,-30514.5,30660.7,10.8,-0.048,83335876,69366999,LOCKED,1.000030514000,144683912897435
13565,-143465207977953,-50638,7523,-30567.2,31298.5,10.7,-0.055,83335877,69335580,LOCKED,1.000030567000,144684913045005
13566,-143465207996696,-37188,20973,-30585.2,31491.3,10.6,-0.056,83335878,69407457,LOCKED,1.000030585000,144685913195593
13567,-143465208007300,-17224,40937,-30555.7,31237.3,10.6,-0.065,83335877,69488660,LOCKED,1.000030556000,144686913344152
13568,-143465207982458,36761,94922,-30547.5,31332.2,11.0,-0.081,83335876,69607492,LOCKED,1.000030547000,144687913251695
13569,-143465208019301,29095,87256,-30528.6,31482.0,10.9,-0.087,83335877,69558779,LOCKED,1.000030529000,144688913408227
13570,-143465208130264,-47593,10568,-30633.5,32095.6,10.9,-0.092,83335877,69639962,LOCKED,1.000030633000,144689913564864
13571,-143465208139502,-24310,33851,-30685.8,32256.2,10.8,-0.090,83335878,69729017,LOCKED,1.000030686000,144690913720553
13572,-143465208157650,-11138,47023,-30698.4,32287.1,10.8,-0.094,83335877,69802611,LOCKED,1.000030698000,144691913754251
13573,-143465208171049,5097,63258,-30654.5,32181.2,10.9,-0.086,83335879,69881338,LOCKED,1.000030655000,144692913919909
13574,-143465208172835,30313,88474,-30525.4,31905.5,11.0,-0.077,83335879,69971454,LOCKED,1.000030525000,144693914071438
13575,-143465208194992,35035,93196,-30404.5,31927.9,11.1,-0.069,83335879,70043707,LOCKED,1.000030405000,144694914111842
13576,-143465208315590,-50065,8096,-30571.6,32061.6,11.6,-0.058,83335880,70016286,LOCKED,1.000030572000,144695914263417
13577,-143465208328798,-28909,29252,-30709.9,31579.8,11.6,-0.051,83335879,70095760,LOCKED,1.000030710000,144696914414130
13578,-143465208311123,18613,76774,-30698.5,31638.2,12.0,-0.040,83335880,70208573,LOCKED,1.000030698000,144697914438828
13579,-143465208329190,28926,87087,-30632.7,31859.7,12.4,-0.031,83335880,70276961,LOCKED,1.000030633000,144698914590464
13580,-143465208347188,39802,97963,-30612.6,32085.1,13.2,-0.018,83335881,70354874,LOCKED,1.000030613000,144699914609076
13581,-143465208385395,31628,89789,-30636.7,31778.1,13.5,-0.008,83335880,70306221,LOCKED,1.000030637000,144700914754716
13582,-143465208407975,37480,95641,-30590.8,32146.5,14.2,0.004,83335881,70373849,LOCKED,1.000030591000,144701914904310
13583,-143465208529743,-50841,7320,-30646.5,32777.3,14.9,0.013,83335881,70447901,LOCKED,1.000030647000,144702915052960
13584,-143465208545729,-34922,23239,-30650.2,32817.0,15.4,0.023,83335881,70524439,LOCKED,1.000030650000,144703915194613
13585,-143465208565682,-21708,36453,-30737.8,32725.0,16.0,0.034,83335881,70595980,LOCKED,1.000030738000,144704915354354
13586,-143465208574076,435,58596,-30728.7,32718.6,16.3,0.047,83335881,70682647,LOCKED,1.000030729000,144705915489085
13587,-143465208593254,10385,68546,-30667.2,32577.6,16.4,0.054,83335880,70752477,LOCKED,1.000030667000,144706915520752
13588,-143465208588296,43917,102078,-30637.5,32916.2,16.9,0.063,83335881,70745589,LOCKED,1.000030637000,144707915552389
13589,-143465208613226,46707,104868,-30571.9,33498.0,17.3,0.071,83335881,70814985,LOCKED,1.000030572000,144708915717964
13590,-143465208720016,-27558,30603,-30622.0,33706.1,17.4,0.078,83335880,70908790,LOCKED,1.000030622000,144709915867589
13591,-143465208736192,-12676,45485,-30622.3,33707.3,17.4,0.072,83335879,70981111,LOCKED,1.000030622000,144710916027215
13592,-143465208745832,6581,64742,-30548.5,33371.7,17.5,0.073,83335880,71067151,LOCKED,1.000030548000,144711916175767
13593,-143465208788643,-6993,51168,-30472.3,32675.0,17.5,0.078,83335879,71134406,LOCKED,1.000030472000,144712916329243
13594,-143465208786251,25883,84044,-30516.0,32130.6,17.6,0.084,83335880,71212672,LOCKED,1.000030516000,144713916489762
13595,-143465208794026,46646,104807,-30496.5,32391.9,17.8,0.083,83335880,71294301,LOCKED,1.000030496000,144714916528258
13596,-143465208918032,-43249,14912,-30602.1,32839.0,17.9,0.082,83335880,71264446,LOCKED,1.000030602000,144715916697864
13597,-143465208911002,-5421,52740,-30602.7,32840.0,17.9,0.088,83335879,71365545,LOCKED,1.000030603000,144716916735466
13598,-143465208901964,30989,89150,-30495.5,32854.2,18.3,0.085,83335881,71363458,LOCKED,1.000030496000,144717916789962
13599,-143465208990568,-26391,31770,-30487.3,32779.0,18.4,0.072,83335880,71467625,LOCKED,1.000030487000,144718916954453
13600,-143465208997516,-4119,54042,-30418.2,32245.4,18.5,0.067,83335880,71558241,LOCKED,1.000030418000,144719917126875
13601,-143465208990874,31982,90143,-30424.3,32177.8,18.6,0.061,83335880,71661935,LOCKED,1.000030424000,144720917159299
13602,-143465209115065,-56936,1225,-30567.9,32919.9,19.0,0.051,83335881,71632664,LOCKED,1.000030568000,144721917322870
13603,-143465209117804,-26821,31340,-30635.5,33082.1,19.3,0.039,83335881,71720923,LOCKED,1.000030636000,144722917468509
# STATS: PDUs=1257 CSV=1256 Gaps=0 Dups=0 Skip=0 Outlier=272 d_min=-58161 ns drift=-30635.5 ns/s sigma=33082.1 ns state=LOCKED clk_err=+0 ns
13604,-143465209143410,-20359,37802,-30672.1,33197.3,19.4,0.010,83335881,71792415,LOCKED,1.000030672000,144723917640185
13605,-143465209149787,2819,60980,-30621.8,33013.4,19.6,0.038,83335881,71881333,LOCKED,1.000030622000,144724917797810
13606,-143465209141145,37853,96014,-30476.9,32852.7,19.6,0.043,83335880,71979060,LOCKED,1.000030477000,144725917942290
13607,-143465209164585,43665,101826,-30489.5,32662.1,19.8,0.061,83335881,72049006,LOCKED,1.000030489000,144726917968779
13608,-143465209269918,-28801,29360,-30558.4,32864.5,19.9,0.076,83335881,72034781,LOCKED,1.000030558000,144727917999337
13609,-143465209281731,-9686,48475,-30560.4,32870.4,19.9,0.075,83335880,72115289,LOCKED,1.000030560000,144728918147901
13610,-143465209293543,7955,66116,-30519.2,32820.3,19.6,0.055,83335881,72196708,LOCKED,1.000030519000,144729918284423
13611,-143465209308767,20278,78439,-30406.9,32394.2,19.5,0.046,83335881,72271246,LOCKED,1.000030407000,144730918434833
13612,-143465209315157,40400,98561,-30282.6,32594.2,19.2,0.005,83335879,72359117,LOCKED,1.000030283000,144731918449115
13613,-143465209355335,29344,87505,-30274.5,32665.1,18.9,-0.044,83335879,72303832,LOCKED,1.000030274000,144732918594392
13614,-143465209373709,39240,96176,-30241.3,32981.6,18.8,-0.053,83335878,72380168,LOCKED,1.000030241000,144733918751637
13615,-143465209492485,-46393,10543,-30306.7,33555.1,18.7,-0.051,83335879,72461229,LOCKED,1.000030307000,144734918900947
13616,-143465209497609,-21059,35877,-30279.0,33303.2,18.7,-0.059,83335878,72548497,LOCKED,1.000030279000,144735919056229
13617,-143465209506621,1578,58514,-30349.0,32823.7,18.6,-0.058,83335879,72629620,LOCKED,1.000030349000,144736919091578
13618,-143465209595326,-53682,3254,-30411.8,33535.8,18.3,-0.065,83335878,72635966,LOCKED,1.000030412000,144737919248993
13619,-143465209598790,-25924,31012,-30408.5,33507.5,18.4,-0.057,83335880,72725921,LOCKED,1.000030408000,144738919410405
13620,-143465209595572,6214,63150,-30345.6,33275.7,18.3,-0.057,83335879,72821825,LOCKED,1.000030346000,144739919561754
13621,-143465209602552,28860,85796,-30358.3,33144.9,18.0,-0.065,83335878,72906425,LOCKED,1.000030358000,144740919610112
13622,-143465209715740,-49865,7071,-30477.1,33742.5,17.2,-0.073,83335878,72887304,LOCKED,1.000030477000,144741919752592
13623,-143465209732530,-34243,22693,-30515.1,34018.8,16.9,-0.082,83335878,72963852,LOCKED,1.000030515000,144742919920111
13624,-143465209728884,-1603,55333,-30437.7,33446.9,16.1,-0.091,83335878,73056501,LOCKED,1.000030438000,144743920070552
13625,-143465209764337,-4638,52298,-30527.3,32851.6,16.0,-0.105,83335877,73135609,LOCKED,1.000030527000,144744920233083
13626,-143465209837293,-42736,14200,-30669.1,32956.4,15.9,-0.113,83335878,73228609,LOCKED,1.000030669000,144745920291752
13627,-143465209849889,-22318,34618,-30747.1,32957.7,15.5,-0.122,83335878,73215822,LOCKED,1.000030747000,144746920455503
13628,-143465209804225,49541,106477,-30605.9,33372.3,14.5,-0.134,83335878,73356480,LOCKED,1.000030606000,144747920387105
13629,-143465209922586,-36687,20249,-30619.8,33516.0,13.9,-0.139,83335879,73330665,LOCKED,1.000030620000,144748920537728
13630,-143465209956401,-35591,21345,-30771.6,33148.7,13.3,-0.141,83335880,73411749,LOCKED,1.000030772000,144749920708503
13631,-143465209924221,26722,83658,-30784.7,33021.5,13.0,-0.146,83335879,73515355,LOCKED,1.000030785000,144750920762288
13632,-143465210019562,-34607,22329,-30885.7,33207.6,12.2,-0.154,83335879,73512757,LOCKED,1.000030886000,144751920926177
13633,-143465210023595,-6972,49964,-30912.6,33201.8,12.1,-0.158,83335879,73602289,LOCKED,1.000030913000,144752921101094
13634,-143465210005625,38520,95456,-30810.0,33502.0,12.1,-0.159,83335880,73713266,LOCKED,1.000030810000,144753921259907
13635,-143465210015921,54150,111086,-30660.1,34034.1,12.0,-0.160,83335880,73798469,LOCKED,1.000030660000,144754921291567
13636,-143465210148151,-42521,14415,-30830.2,33718.8,12.0,-0.161,83335879,73760958,LOCKED,1.000030830000,144755921459401
13637,-143465210142319,-4073,52863,-30911.2,33234.1,11.9,-0.164,83335880,73853652,LOCKED,1.000030911000,144756921616316
13638,-143465210135452,31402,88338,-30850.2,33503.5,12.0,-0.165,83335879,73956343,LOCKED,1.000030850000,144757921640166
13639,-143465210157927,36607,93543,-30755.4,33786.8,12.2,-0.162,83335881,74025644,LOCKED,1.000030755000,144758921678921
13640,-143465210186860,34838,91774,-30636.8,33824.7,12.1,-0.159,83335879,73984084,LOCKED,1.000030637000,144759921823561
13641,-143465210298302,-43936,13000,-30663.5,34124.6,12.2,-0.159,83335880,74066502,LOCKED,1.000030663000,144760921983228
13642,-143465210306638,-21445,35491,-30635.8,33873.1,12.1,-0.155,83335879,74155676,LOCKED,1.000030636000,144761922125867
13643,-143465210326906,-8622,48314,-30742.2,33147.8,12.0,-0.149,83335880,74228109,LOCKED,1.000030742000,144762922284613
13644,-143465210328198,20848,77784,-30777.9,32794.0,12.0,-0.143,83335880,74321372,LOCKED,1.000030778000,144763922433394
13645,-143465210341440,36973,93909,-30770.1,32880.6,11.9,-0.137,83335880,74399987,LOCKED,1.000030770000,144764922586167
13646,-143465210351745,54073,111009,-30694.8,33656.8,11.8,-0.130,83335880,74484254,LOCKED,1.000030695000,144765922610861
13647,-143465210383391,49615,106551,-30605.0,34323.9,11.8,-0.130,83335879,74441010,LOCKED,1.000030605000,144766922767469
13648,-143465210459929,2142,59078,-30532.9,33913.8,11.8,-0.123,83335880,74562826,LOCKED,1.000030533000,144767922787001
13649,-143465210475956,13985,70921,-30425.2,33351.3,11.9,-0.113,83335878,74638710,LOCKED,1.000030425000,144768922933429
13650,-143465210499150,20675,77611,-30433.1,33294.4,11.9,-0.112,83335879,74708955,LOCKED,1.000030433000,144769923081865
13651,-143465210518070,30492,87428,-30400.5,33511.9,12.1,-0.119,83335878,74782332,LOCKED,1.000030401000,144770923223268
13652,-143465210532050,43559,100495,-30308.2,34007.5,12.1,-0.117,83335879,74862351,LOCKED,1.000030308000,144771923261576
13653,-143465210656014,-46799,10137,-30392.4,34595.8,12.0,-0.126,83335879,74830347,LOCKED,1.000030392000,144772923409971
13654,-143465210664223,-24009,32927,-30382.2,34512.4,12.7,-0.120,83335877,74912557,LOCKED,1.000030382000,144773923572357
13655,-143465210664634,3787,60723,-30281.5,33738.9,12.9,-0.114,83335878,75006789,LOCKED,1.000030281000,144774923722642
13656,-143465210682593,16269,73205,-30316.5,33451.5,14.0,-0.099,83335876,75083790,LOCKED,1.000030316000,144775923760958
13657,-143465210702600,24877,81813,-30274.3,33621.4,14.1,-0.139,83335877,75050184,LOCKED,1.000030274000,144776923919236
13658,-143465210779913,-22032,34904,-30243.9,33329.0,14.8,-0.182,83335875,75166577,LOCKED,1.000030244000,144777923958480
13659,-143465210786182,2386,59322,-30269.7,33249.8,14.9,-0.200,83335877,75253937,LOCKED,1.000030270000,144778924108753
13660,-143465210803327,14331,71267,-30235.6,33299.4,15.1,-0.232,83335876,75331197,LOCKED,1.000030236000,144779924264992
13661,-143465210818503,26050,82986,-30114.7,32976.5,15.1,-0.233,83335878,75410488,LOCKED,1.000030115000,144780924303106
13662,-143465210934905,-54745,2191,-30293.6,33188.8,15.1,-0.219,83335878,75387307,LOCKED,1.000030294000,144781924343399
13663,-143465210938690,-25568,31368,-30382.2,33197.2,15.1,-0.218,83335877,75473507,LOCKED,1.000030382000,144782924487784
# STATS: PDUs=1317 CSV=1316 Gaps=0 Dups=0 Skip=0 Outlier=272 d_min=-56936 ns drift=-30382.2 ns/s sigma=33197.2 ns state=LOCKED clk_err=+0 ns
13664,-143465210964258,-18643,38293,-30454.9,33148.9,15.1,-0.201,83335878,75541374,LOCKED,1.000030455000,144783924651242
13665,-143465210971038,4738,61674,-30448.4,33154.9,14.6,-0.221,83335877,75626644,LOCKED,1.000030448000,144784924805694
13666,-143465210977470,25612,82548,-30336.5,32931.2,14.4,-0.221,83335878,75719139,LOCKED,1.000030337000,144785924834030
13667,-143465211047061,-14377,42559,-30276.4,32320.9,13.9,-0.235,83335877,75672833,LOCKED,1.000030276000,144786924990310
13668,-143465211094803,-28987,27949,-30368.5,32402.4,13.3,-0.236,83335878,75787871,LOCKED,1.000030369000,144787925139682
13669,-143465211103834,-6897,50039,-30394.0,32399.2,13.1,-0.234,83335878,75861668,LOCKED,1.000030394000,144788925306080
13670,-143465211099608,25582,82518,-30331.4,32555.8,12.4,-0.243,83335877,75959947,LOCKED,1.000030331000,144789925335411
13671,-143465211131628,21444,78380,-30246.7,32481.5,11.7,-0.249,83335877,75913522,LOCKED,1.000030247000,144790925496661
13672,-143465211236413,-51420,5516,-30243.3,32423.7,11.9,-0.261,83335876,76005613,LOCKED,1.000030243000,144791925677908
13673,-143465211222837,-8617,48319,-30179.0,31856.1,11.9,-0.264,83335877,76112987,LOCKED,1.000030179000,144792925844091
13674,-143465211221053,19830,76766,-30039.1,30915.7,11.9,-0.267,83335877,76211222,LOCKED,1.000030039000,144793925871129
13675,-143465211241863,27966,84902,-30031.9,30978.5,11.8,-0.269,83335877,76172715,LOCKED,1.000030032000,144794926028164
13676,-143465211346425,-43547,13389,-30107.7,31537.8,11.9,-0.266,83335878,76262051,LOCKED,1.000030108000,144795926186275
13677,-143465211348221,-14908,42028,-30099.0,31486.9,11.9,-0.262,83335878,76353903,LOCKED,1.000030099000,144796926205373
13678,-143465211347369,16261,73197,-30136.8,31142.9,11.9,-0.266,83335877,76341530,LOCKED,1.000030137000,144797926239509
13679,-143465211368951,23643,80579,-30118.6,31256.4,11.6,-0.261,83335878,76412977,LOCKED,1.000030119000,144798926392631
13680,-143465211483531,-57531,0,-30184.3,32103.0,11.6,-0.258,83335878,76494135,LOCKED,1.000030184000,144799926546819
13681,-143465211493517,-36324,21207,-30173.4,31961.0,11.6,-0.257,83335878,76580660,LOCKED,1.000030173000,144800926695995
13682,-143465211502307,-12677,44854,-30263.6,31571.3,11.6,-0.260,83335877,76662100,LOCKED,1.000030264000,144801926850262
13683,-143465211511683,8625,66156,-30298.3,31355.9,11.6,-0.260,83335878,76745849,LOCKED,1.000030298000,144802926999563
13684,-143465211523459,25255,82786,-30247.3,31538.6,11.6,-0.260,83335878,76826406,LOCKED,1.000030247000,144803927150813
13685,-143465211532612,43342,100873,-30171.7,32083.1,11.3,-0.263,83335878,76908961,LOCKED,1.000030172000,144804927182984
13686,-143465211666978,-55513,2018,-30341.8,32472.1,11.4,-0.261,83335879,76867166,LOCKED,1.000030342000,144805927326329
13687,-143465211686218,-40570,16961,-30463.0,32706.6,11.4,-0.266,83335877,76941657,LOCKED,1.000030463000,144806927479795
13688,-143465211665001,8917,66448,-30370.1,32176.3,11.5,-0.265,83335879,77051582,LOCKED,1.000030370000,144807927506164
13689,-143465211701378,4071,61602,-30433.9,31707.6,11.6,-0.266,83335877,77109368,LOCKED,1.000030434000,144808927670602
13690,-143465211706812,28732,86263,-30465.2,31315.0,11.5,-0.261,83335878,77193218,LOCKED,1.000030465000,144809927818070
13691,-143465211728395,34706,92237,-30380.0,31611.6,11.5,-0.262,83335877,77265936,LOCKED,1.000030380000,144810927857450
13692,-143465211799549,-4044,53487,-30472.8,30911.7,11.5,-0.261,83335878,77287478,LOCKED,1.000030473000,144811927877922
13693,-143465211822192,4405,61936,-30510.6,30715.5,11.6,-0.261,83335877,77357326,LOCKED,1.000030511000,144812928026436
13694,-143465211832996,21849,79380,-30435.8,30728.3,11.5,-0.255,83335878,77437678,LOCKED,1.000030436000,144813928168875
13695,-143465211849540,31976,89507,-30303.9,30473.7,11.3,-0.248,83335878,77515250,LOCKED,1.000030304000,144814928316182
13696,-143465211874693,36532,94063,-30335.5,29972.6,11.4,-0.248,83335877,77586021,LOCKED,1.000030336000,144815928462521
13697,-143465211895077,44157,101688,-30294.7,30434.6,11.2,-0.240,83335878,77654616,LOCKED,1.000030295000,144816928503816
13698,-143465211984966,-14980,42551,-30292.3,30421.1,11.3,-0.238,83335877,77661035,LOCKED,1.000030292000,144817928652111
13699,-143465211997034,2206,59737,-30244.9,30235.4,10.7,-0.222,83335878,77737228,LOCKED,1.000030245000,144818928817359
13700,-143465212002818,24002,81533,-30153.8,30173.1,10.8,-0.220,83335877,77828929,LOCKED,1.000030154000,144819928835512
13701,-143465212041786,15885,73416,-30214.6,29460.7,11.0,-0.207,83335876,77780106,LOCKED,1.000030215000,144820929009730
13702,-143465212134934,-42934,14597,-30345.4,29723.4,11.0,-0.203,83335877,77882596,LOCKED,1.000030345000,144821929153078
13703,-143465212176593,-49878,7653,-30477.1,30291.4,11.1,-0.187,83335876,77948251,LOCKED,1.000030477000,144822929322559
13704,-143465212154581,2429,59960,-30472.2,30293.1,10.9,-0.170,83335877,78048147,LOCKED,1.000030472000,144823929484035
13705,-143465212147017,37244,94775,-30375.9,30618.1,10.7,-0.150,83335877,78148151,LOCKED,1.000030376000,144824929526411
13706,-143465212270371,-53455,4076,-30398.9,30986.3,10.6,-0.124,83335876,78117045,LOCKED,1.000030399000,144825929690813
13707,-143465212277575,-29625,27906,-30380.7,30770.8,10.5,-0.110,83335877,78203332,LOCKED,1.000030381000,144826929738194
13708,-143465212249576,27033,84564,-30341.1,30983.2,10.1,-0.096,83335876,78219200,LOCKED,1.000030341000,144827929796535
13709,-143465212345615,-36502,21029,-30386.6,31344.6,10.1,-0.107,83335876,78317696,LOCKED,1.000030387000,144828929954925
13710,-143465212361581,-21217,36314,-30393.7,31390.4,10.0,-0.103,83335876,78398411,LOCKED,1.000030394000,144829930136323
13711,-143465212346591,21626,79157,-30304.9,31279.5,10.3,-0.125,83335875,78504821,LOCKED,1.000030305000,144830930282631
13712,-143465212358147,36143,93674,-30157.0,30978.9,10.2,-0.118,83335876,78587265,LOCKED,1.000030157000,144831930317788
13713,-143465212483130,-53500,4031,-30322.7,31328.8,10.4,-0.123,83335875,78554466,LOCKED,1.000030323000,144832930474114
13714,-143465212489963,-27271,30260,-30411.9,31383.2,10.5,-0.158,83335875,78640454,LOCKED,1.000030412000,144833930617529
13715,-143465212505544,-11757,45774,-30426.0,31419.7,10.5,-0.165,83335876,78715956,LOCKED,1.000030426000,144834930770958
13716,-143465212527320,-3440,54091,-30403.8,31347.4,9.8,-0.228,83335875,78791101,LOCKED,1.000030404000,144835930925365
13717,-143465212531532,20357,77888,-30320.0,31247.4,9.9,-0.240,83335875,78878928,LOCKED,1.000030320000,144836930951684
13718,-143465212629920,-44045,13486,-30426.9,31731.8,9.6,-0.247,83335875,78869321,LOCKED,1.000030427000,144837930966110
13719,-143465212571140,42075,99606,-30345.2,32236.2,9.7,-0.257,83335875,78916339,LOCKED,1.000030345000,144838931120458
13720,-143465212686910,-41182,16349,-30383.2,32610.1,9.8,-0.264,83335875,78998851,LOCKED,1.000030383000,144839931272844
13721,-143465212699467,-22991,34540,-30362.8,32420.2,9.7,-0.273,83335875,79076356,LOCKED,1.000030363000,144840931421210
13722,-143465212739861,-29214,28317,-30501.4,31953.3,9.5,-0.273,83335876,79128582,LOCKED,1.000030501000,144841931448711
13723,-143465212761024,-17662,39869,-30580.8,31822.8,9.5,-0.272,83335876,79200517,LOCKED,1.000030581000,144842931592295
# STATS: PDUs=1377 CSV=1376 Gaps=0 Dups=0 Skip=0 Outlier=272 d_min=-57531 ns drift=-30580.8 ns/s sigma=31822.8 ns state=LOCKED clk_err=+0 ns
13724,-143465212783021,-7649,49882,-30638.3,31655.9,9.4,-0.278,83335875,79271351,LOCKED,1.000030638000,144843931743937
13725,-143465212807409,-1197,56334,-30646.2,31653.1,9.4,-0.277,83335876,79342446,LOCKED,1.000030646000,144844931895586
13726,-143465212816577,18275,75806,-30578.0,31626.6,9.2,-0.276,83335876,79423754,LOCKED,1.000030578000,144845932043167
13727,-143465212827027,36449,93980,-30542.7,31934.9,9.3,-0.281,83335875,79501777,LOCKED,1.000030543000,144846932074709
13728,-143465212919968,-23150,34381,-30641.8,31768.1,9.1,-0.279,83335876,79504709,LOCKED,1.000030642000,144847932098350
13729,-143465212942535,-13599,43932,-30691.7,31757.5,9.0,-0.277,83335876,79575416,LOCKED,1.000030692000,144848932251045
13730,-143465212953341,5261,62792,-30650.0,31665.8,9.1,-0.281,83335875,79656146,LOCKED,1.000030650000,144849932401698
13731,-143465212963505,23452,80983,-30576.3,31725.0,9.1,-0.281,83335876,79738307,LOCKED,1.000030576000,144850932543277
13732,-143465212982713,34338,91869,-30609.8,31233.4,9.0,-0.282,83335876,79810302,LOCKED,1.000030610000,144851932686890
13733,-143465213002247,42853,100384,-30555.3,31730.7,9.1,-0.277,83335877,79885038,LOCKED,1.000030555000,144852932834448
13734,-143465213022054,49406,106937,-30431.3,32303.1,9.1,-0.277,83335876,79960289,LOCKED,1.000030431000,144853932869879
13735,-143465213144267,-40759,16772,-30442.9,32444.1,9.1,-0.277,83335876,79929964,LOCKED,1.000030443000,144854933017325
13736,-143465213158260,-21426,36105,-30549.0,32139.9,9.0,-0.275,83335876,80007490,LOCKED,1.000030549000,144855933180878
13737,-143465213160070,7296,64827,-30560.3,32100.7,8.8,-0.272,83335876,80099530,LOCKED,1.000030560000,144856933189437
13738,-143465213164002,31154,88685,-30476.0,32296.4,8.8,-0.272,83335876,80078408,LOCKED,1.000030476000,144857933231913
13739,-143465213178067,43534,101065,-30350.3,32610.2,8.9,-0.272,83335875,80157135,LOCKED,1.000030350000,144858933379266
13740,-143465213294538,-38064,19467,-30509.3,32235.4,8.7,-0.268,83335876,80236563,LOCKED,1.000030509000,144859933549779
13741,-143465213291570,-3052,54479,-30579.7,31842.2,8.6,-0.265,83335876,80334963,LOCKED,1.000030580000,144860933689362
13742,-143465213320920,-1104,56427,-30613.2,31748.7,8.7,-0.263,83335877,80410884,LOCKED,1.000030613000,144861933833978
13743,-143465213383516,-31001,26530,-30664.1,32025.5,8.6,-0.259,83335876,80484533,LOCKED,1.000030664000,144862933887642
13744,-143465213427128,-41753,15778,-30702.5,32411.3,8.5,-0.255,83335876,80475572,LOCKED,1.000030702000,144863934055348
13745,-143465213426758,-11363,46168,-30649.9,31959.2,8.3,-0.250,83335876,80570480,LOCKED,1.000030650000,144864934218001
13746,-143465213426556,20219,77750,-30719.6,31027.4,7.7,-0.239,83335876,80666634,LOCKED,1.000030720000,144865934380724
13747,-143465213423846,51890,109421,-30719.6,31027.2,7.7,-0.239,83335876,80763233,LOCKED,1.000030720000,144866934412443
13748,-143465213534401,-26071,31460,-30768.3,31227.7,7.0,-0.227,83335876,80745874,LOCKED,1.000030768000,144867934461211
13749,-143465213531794,7108,64639,-30770.5,31221.9,7.0,-0.227,83335876,80843149,LOCKED,1.000030771000,144868934636985
13750,-143465213516812,48869,106400,-30655.7,31839.4,6.8,-0.219,83335876,80947347,LOCKED,1.000030656000,144869934677640
13751,-143465213632230,-34513,23018,-30666.0,31947.2,6.9,-0.219,83335876,80925930,LOCKED,1.000030666000,144870934848310
13752,-143465213639576,-10094,47437,-30703.2,31940.9,6.6,-0.210,83335876,81012724,LOCKED,1.000030703000,144871934894013
13753,-143465213633633,24966,82497,-30666.8,32115.2,6.9,-0.208,83335875,81112339,LOCKED,1.000030667000,144872934933680
13754,-143465213646881,39086,96617,-30569.8,32475.9,6.7,-0.197,83335876,81085091,LOCKED,1.000030570000,144873935107254
13755,-143465213743401,-26211,31320,-30558.2,32365.2,6.4,-0.185,83335876,81182750,LOCKED,1.000030558000,144874935270816
13756,-143465213745778,524,58055,-30487.9,31916.2,6.4,-0.183,83335876,81277638,LOCKED,1.000030488000,144875935416307
13757,-143465213758580,15278,72809,-30369.2,31180.9,6.1,-0.168,83335876,81356190,LOCKED,1.000030369000,144876935436675
13758,-143465213770939,31220,88751,-30319.5,31465.3,6.2,-0.167,83335877,81331252,LOCKED,1.000030320000,144877935478994
13759,-143465213875942,-41180,16351,-30363.2,31881.9,6.0,-0.152,83335877,81421251,LOCKED,1.000030363000,144878935643361
13760,-143465213887728,-22484,35047,-30331.6,31551.6,6.2,-0.125,83335876,81502929,LOCKED,1.000030332000,144879935782695
13761,-143465213907120,-11923,45608,-30293.1,31256.1,6.2,-0.134,83335875,81578308,LOCKED,1.000030293000,144880935925991
13762,-143465213928484,-1898,55633,-30343.8,31040.9,6.3,-0.112,83335876,81647450,LOCKED,1.000030344000,144881936079338
13763,-143465213943703,13709,71240,-30390.4,30611.6,6.3,-0.122,83335875,81724677,LOCKED,1.000030390000,144882936227731
13764,-143465213951284,33817,91348,-30313.9,30925.5,6.3,-0.102,83335876,81810073,LOCKED,1.000030314000,144883936385048
13765,-143465213961411,48840,106371,-30141.4,30904.3,6.4,-0.083,83335876,81888358,LOCKED,1.000030141000,144884936408189
13766,-143465213997237,41631,99162,-30135.8,30980.0,6.4,-0.080,83335876,81844973,LOCKED,1.000030136000,144885936550328
13767,-143465214120563,-47649,9882,-30248.7,31566.9,6.4,-0.058,83335876,81917571,LOCKED,1.000030249000,144886936700580
13768,-143465214111134,-8742,48789,-30196.2,31149.8,6.8,-0.080,83335874,82021506,LOCKED,1.000030196000,144887936729776
13769,-143465214134527,-986,56545,-30241.4,30967.5,7.1,-0.098,83335874,82092826,LOCKED,1.000030241000,144888936883021
13770,-143465214143113,19735,77266,-30228.4,31038.5,7.3,-0.113,83335874,82173183,LOCKED,1.000030228000,144889937030252
13771,-143465214157891,31804,89335,-30115.1,31019.7,8.0,-0.135,83335873,82251859,LOCKED,1.000030115000,144890937048366
13772,-143465214194839,21522,79053,-29981.4,30256.8,8.1,-0.146,83335874,82201681,LOCKED,1.000029981000,144891937211351
13773,-143465214298203,-47299,10232,-30126.8,30549.4,8.2,-0.155,83335874,82292710,LOCKED,1.000030127000,144892937355481
13774,-143465214317396,-33449,24082,-30214.5,30803.4,8.2,-0.154,83335875,82367332,LOCKED,1.000030214000,144893937527699
13775,-143465214305964,7806,65337,-30208.2,30816.2,8.2,-0.155,83335875,82471820,LOCKED,1.000030208000,144894937675910
13776,-143465214315162,26804,84335,-30154.0,31025.3,8.7,-0.169,83335873,82554951,LOCKED,1.000030154000,144895937704063
13777,-143465214340385,28626,86157,-30048.8,30976.7,8.6,-0.169,83335875,82517529,LOCKED,1.000030049000,144896937854115
13778,-143465214433139,-30737,26794,-30161.9,30918.1,8.7,-0.176,83335874,82620466,LOCKED,1.000030162000,144897937902277
13779,-143465214434374,-3416,54115,-30077.2,30113.7,8.8,-0.182,83335874,82712382,LOCKED,1.000030077000,144898938051357
13780,-143465214455340,6342,63873,-30119.6,29839.8,9.3,-0.194,83335873,82782863,LOCKED,1.000030120000,144899938210480
13781,-143465214459712,30497,88028,-30092.2,30058.3,9.3,-0.199,83335874,82871850,LOCKED,1.000030092000,144900938352575
13782,-143465214520896,281,57812,-30135.7,29864.6,9.4,-0.203,83335874,82925035,LOCKED,1.000030136000,144901938395711
13783,-143465214506832,42183,99714,-30093.0,30312.3,9.5,-0.207,83335874,83011680,LOCKED,1.000030093000,144902938408803
# STATS: PDUs=1437 CSV=1436 Gaps=0 Dups=0 Skip=0 Outlier=272 d_min=-57531 ns drift=-30093.0 ns/s sigma=30312.3 ns state=LOCKED clk_err=+0 ns
13784,-143465214555022,22836,80367,-30069.6,30443.2,9.5,-0.212,83335874,82947884,LOCKED,1.000030070000,144903938575876
13785,-143465214656812,-45584,11947,-30155.9,31062.2,10.0,-0.219,83335873,83045300,LOCKED,1.000030156000,144904938737035
13786,-143465214681268,-37805,19726,-30195.1,31413.5,10.3,-0.225,83335873,83127150,LOCKED,1.000030195000,144905938907234
13787,-143465214650446,20538,78069,-30097.9,31178.5,10.4,-0.230,83335874,83234417,LOCKED,1.000030098000,144906938960332
13788,-143465214747211,-42304,15227,-30215.5,31524.5,10.7,-0.235,83335873,83232867,LOCKED,1.000030215000,144907939007547
13789,-143465214753358,-16372,41159,-30279.8,31481.9,10.8,-0.236,83335874,83323845,LOCKED,1.000030280000,144908939145830
13790,-143465214826961,-55718,1813,-30382.6,32376.0,11.1,-0.243,83335873,83390989,LOCKED,1.000030383000,144909939306216
13791,-143465214773165,26105,83636,-30310.2,32504.3,11.1,-0.244,83335874,83480333,LOCKED,1.000030310000,144910939341526
13792,-143465214797349,29193,86724,-30209.5,32519.6,11.2,-0.245,83335874,83443822,LOCKED,1.000030209000,144911939514739
13793,-143465214888527,-31107,26424,-30190.5,32294.5,11.1,-0.241,83335874,83549274,LOCKED,1.000030190000,144912939690933
13794,-143465214890668,-4663,52868,-30103.7,31453.3,11.1,-0.241,83335874,83641809,LOCKED,1.000030104000,144913939855040
13795,-143465214895518,20398,77929,-30128.3,31227.9,11.1,-0.241,83335874,83728749,LOCKED,1.000030128000,144914939997171
13796,-143465214919464,25515,83046,-30118.4,31303.0,11.2,-0.240,83335874,83801003,LOCKED,1.000030118000,144915940148293
13797,-143465214936485,35838,93369,-30041.7,31660.7,11.2,-0.238,83335875,83873934,LOCKED,1.000030042000,144916940167334
13798,-143465215035987,-32632,24899,-30036.1,31596.3,11.5,-0.237,83335873,83865920,LOCKED,1.000030036000,144917940191369
13799,-143465215066416,-32649,24882,-30000.1,31078.4,11.8,-0.243,83335873,83928644,LOCKED,1.000030000000,144918940336372
13800,-143465215082618,-16599,39119,-30083.2,30878.5,12.1,-0.241,83335873,84002447,LOCKED,1.000030083000,144919940489458
13801,-143465215106211,-9437,46281,-30100.5,30905.0,12.4,-0.239,83335873,84070041,LOCKED,1.000030100000,144920940526558
13802,-143465215132668,-5414,50304,-30110.1,30913.7,12.5,-0.229,83335873,84136562,LOCKED,1.000030110000,144921940684671
13803,-143465215137222,19924,75642,-30132.6,30711.4,12.7,-0.225,83335873,84221720,LOCKED,1.000030133000,144922940843807
13804,-143465215148224,38109,93827,-30149.6,30460.3,14.0,-0.218,83335871,84303241,LOCKED,1.000030150000,144923940872956
13805,-143465215279262,-58055,0,-30285.2,31355.1,14.5,-0.210,83335872,84268574,LOCKED,1.000030285000,144924941019244
13806,-143465215287422,-33855,24200,-30330.8,31672.5,14.7,-0.202,83335873,84347771,LOCKED,1.000030331000,144925941169578
13807,-143465215300845,-17185,40870,-30290.4,31285.6,14.8,-0.192,83335873,84425564,LOCKED,1.000030290000,144926941318872
13808,-143465215298352,15847,73902,-30329.1,30934.8,15.0,-0.180,83335873,84522617,LOCKED,1.000030329000,144927941348201
13809,-143465215320413,22780,80835,-30301.4,31074.5,15.4,-0.163,83335872,84589805,LOCKED,1.000030301000,144928941497506
13810,-143465215332837,36727,94782,-30169.3,31032.7,15.5,-0.145,83335873,84671977,LOCKED,1.000030169000,144929941522675
13811,-143465215370164,29068,87123,-30193.2,30741.8,15.4,-0.134,83335873,84621691,LOCKED,1.000030193000,144930941669871
13812,-143465215400298,27958,86013,-30182.3,30834.3,15.4,-0.140,83335872,84683974,LOCKED,1.000030182000,144931941705053
13813,-143465215515014,-53359,4696,-30251.5,31618.2,15.5,-0.156,83335872,84764670,LOCKED,1.000030252000,144932941851308
13814,-143465215534207,-40548,17507,-30270.1,31835.6,15.5,-0.156,83335872,84838464,LOCKED,1.000030270000,144933941999581
13815,-143465215552161,-25206,32849,-30376.9,31650.4,15.5,-0.155,83335872,84911238,LOCKED,1.000030377000,144934942141961
13816,-143465215569551,-11056,46999,-30415.6,31650.3,15.4,-0.151,83335872,84987092,LOCKED,1.000030416000,144935942296380
13817,-143465215582761,5570,63625,-30396.4,31650.9,15.6,-0.159,83335871,85065777,LOCKED,1.000030396000,144936942441779
13818,-143465215578718,36607,94662,-30290.1,31872.7,15.3,-0.132,83335872,85165461,LOCKED,1.000030290000,144937942470069
13819,-143465215600089,44157,102212,-30296.4,31777.5,14.8,-0.084,83335873,85235646,LOCKED,1.000030296000,144938942487365
13820,-143465215638116,35090,93145,-30289.2,31856.3,14.3,-0.106,83335872,85182803,LOCKED,1.000030289000,144939942644658
13821,-143465215753252,-45822,12233,-30406.3,32333.1,14.2,-0.122,83335872,85264129,LOCKED,1.000030406000,144940942792067
13822,-143465215772870,-32255,25800,-30489.2,32564.6,13.9,-0.147,83335871,85340205,LOCKED,1.000030489000,144941942938559
13823,-143465215790674,-18232,39823,-30524.6,32657.5,13.6,-0.158,83335872,85411715,LOCKED,1.000030525000,144942943099087
13824,-143465215796806,5086,63141,-30480.2,32549.3,13.0,-0.167,83335872,85501138,LOCKED,1.000030480000,144943943255571
13825,-143465215827099,3526,61581,-30400.2,32045.7,12.2,-0.175,83335872,85591060,LOCKED,1.000030400000,144944943291971
13826,-143465215893245,-31451,26604,-30385.6,31874.6,11.6,-0.189,83335871,85556714,LOCKED,1.000030386000,144945943446360
13827,-143465215933021,-36468,21587,-30539.8,31489.3,10.7,-0.192,83335872,85638838,LOCKED,1.000030540000,144946943618904
13828,-143465215917786,9249,67304,-30552.4,31435.2,10.6,-0.195,83335872,85752444,LOCKED,1.000030552000,144947943667456
13829,-143465215971171,-12364,45691,-30591.8,31450.2,10.7,-0.204,83335871,85847353,LOCKED,1.000030592000,144948943714048
13830,-143465216028831,-37227,20828,-30638.2,31820.3,10.8,-0.211,83335871,85825874,LOCKED,1.000030638000,144949943875690
13831,-143465216026429,-4784,53271,-30600.9,31629.5,11.0,-0.218,83335871,85920919,LOCKED,1.000030601000,144950944038294
13832,-143465216036203,14288,72343,-30538.4,31556.0,10.9,-0.219,83335872,86006805,LOCKED,1.000030538000,144951944095833
13833,-143465216035194,44504,102559,-30547.1,31419.2,10.8,-0.219,83335872,85990561,LOCKED,1.000030547000,144952944270384
13834,-143465216130564,-17665,40390,-30648.1,31039.6,10.3,-0.217,83335872,86093644,LOCKED,1.000030648000,144953944437036
13835,-143465216128158,14432,72487,-30625.1,31100.9,9.8,-0.214,83335872,86188833,LOCKED,1.000030625000,144954944584664
13836,-143465216145356,25362,83417,-30544.6,31166.4,10.0,-0.219,83335871,86265576,LOCKED,1.000030545000,144955944730212
13837,-143465216167795,30351,88406,-30442.0,31203.6,9.6,-0.212,83335873,86335157,LOCKED,1.000030442000,144956944763654
13838,-143465216270542,-38190,19865,-30563.4,31349.0,9.5,-0.206,83335873,86325063,LOCKED,1.000030563000,144957944787217
13839,-143465216293751,-28655,29400,-30622.9,31581.5,9.4,-0.204,83335872,86396197,LOCKED,1.000030623000,144958944936843
13840,-143465216309551,-13033,45022,-30640.4,31628.4,9.6,-0.208,83335871,86469269,LOCKED,1.000030640000,144959945083486
13841,-143465216320963,4825,62880,-30581.1,31388.8,9.6,-0.208,83335871,86551338,LOCKED,1.000030581000,144960945248071
13842,-143465216331869,22887,80942,-30539.9,31542.1,9.6,-0.203,83335873,86632885,LOCKED,1.000030540000,144961945271610
13843,-143465216354038,27689,85744,-30410.6,31143.3,9.5,-0.197,83335873,86704178,LOCKED,1.000030411000,144962945421024
# STATS: PDUs=1497 CSV=1496 Gaps=0 Dups=0 Skip=0 Outlier=272 d_min=-58055 ns drift=-30410.6 ns/s sigma=31143.3 ns state=LOCKED clk_err=+0 ns
13844,-143465216366228,41842,99897,-30280.2,31348.6,9.4,-0.193,83335872,86785273,LOCKED,1.000030280000,144963945558307
13845,-143465216401236,35876,93931,-30279.2,31361.1,9.4,-0.194,83335872,86845734,LOCKED,1.000030279000,144964945609586
13846,-143465216512213,-40886,17169,-30404.6,31576.1,9.4,-0.194,83335872,86828099,LOCKED,1.000030405000,144965945762994
13847,-143465216513579,-11978,46077,-30378.2,31404.4,9.2,-0.189,83335872,86912990,LOCKED,1.000030378000,144966945917375
13848,-143465216483703,46401,104456,-30363.3,31613.7,9.3,-0.189,83335872,87038759,LOCKED,1.000030363000,144967945808734
13849,-143465216529156,29765,87820,-30336.9,31808.5,9.3,-0.185,83335871,86979441,LOCKED,1.000030337000,144968945969074
13850,-143465216633348,-39292,18763,-30507.4,31279.3,9.3,-0.185,83335872,87070769,LOCKED,1.000030507000,144969946115584
13851,-143465216659132,-33020,25035,-30528.5,31470.6,9.2,-0.178,83335872,87140502,LOCKED,1.000030529000,144970946268116
13852,-143465216670281,-13672,44383,-30504.1,31302.0,9.0,-0.171,83335872,87222022,LOCKED,1.000030504000,144971946420623
13853,-143465216682287,5567,63622,-30549.9,31014.6,8.8,-0.163,83335872,87302561,LOCKED,1.000030550000,144972946572176
13854,-143465216690089,26649,84704,-30512.4,31216.9,8.6,-0.154,83335872,87384842,LOCKED,1.000030512000,144973946714691
13855,-143465216720255,24540,82595,-30432.5,31264.5,8.5,-0.144,83335873,87449670,LOCKED,1.000030433000,144974946862127
13856,-143465216731270,40105,98160,-30309.9,31476.1,8.3,-0.133,83335872,87529941,LOCKED,1.000030310000,144975946881436
13857,-143465216767639,30279,88334,-30175.1,31106.2,7.5,-0.112,83335873,87483060,LOCKED,1.000030175000,144976947037614
13858,-143465216860515,-29700,28355,-30259.5,31266.9,7.6,-0.109,83335873,87583535,LOCKED,1.000030259000,144977947064873
13859,-143465216893140,-29284,28771,-30347.5,31390.6,7.6,-0.104,83335872,87645949,LOCKED,1.000030347000,144978947206223
13860,-143465216928123,-31405,26650,-30418.8,31654.0,8.0,-0.104,83335874,87704873,LOCKED,1.000030419000,144979947353645
13861,-143465216943505,-15164,42891,-30452.7,31715.8,8.0,-0.098,83335872,87782125,LOCKED,1.000030453000,144980947513101
13862,-143465216947715,10393,68448,-30436.3,31746.8,8.1,-0.095,83335873,87872593,LOCKED,1.000030436000,144981947660540
13863,-143465216972931,13760,71815,-30368.1,31617.9,8.4,-0.058,83335873,87952894,LOCKED,1.000030368000,144982947697908
13864,-143465217043305,-26098,31957,-30331.9,31176.1,8.3,-0.056,83335873,87916535,LOCKED,1.000030332000,144983947848243
13865,-143465216998074,47970,106025,-30338.3,31068.0,8.5,-0.042,83335873,87994042,LOCKED,1.000030338000,144984948022585
13866,-143465217096072,-17365,40690,-30423.7,30865.3,8.4,-0.031,83335872,88094539,LOCKED,1.000030424000,144985948183012
13867,-143465217094888,13888,71943,-30429.4,30835.2,8.5,-0.004,83335873,88183255,LOCKED,1.000030429000,144986948236442
13868,-143465217170697,-29947,28108,-30455.4,31034.7,8.4,0.023,83335873,88200179,LOCKED,1.000030455000,144987948280897
13869,-143465217178886,-7964,50091,-30428.3,30889.6,8.5,0.035,83335873,88288630,LOCKED,1.000030428000,144988948445329
13870,-143465217182868,15854,73909,-30325.4,30413.7,8.3,0.053,83335872,88381313,LOCKED,1.000030325000,144989948486654
13871,-143465217198908,26867,84922,-30209.3,30161.8,8.5,0.032,83335871,88350682,LOCKED,1.000030209000,144990948661867
13872,-143465217295836,-38698,19357,-30201.5,30050.7,8.5,0.029,83335872,88446760,LOCKED,1.000030201000,144991948817072
13873,-143465217316076,-25542,32513,-30316.0,29764.4,8.5,0.027,83335872,88524008,LOCKED,1.000030316000,144992948974391
13874,-143465217319049,2761,60816,-30367.8,29441.5,8.5,0.024,83335872,88613636,LOCKED,1.000030368000,144993949127762
13875,-143465217325455,25720,83775,-30361.4,29496.3,8.5,0.023,83335872,88700048,LOCKED,1.000030361000,144994949267126
13876,-143465217344625,34834,92889,-30317.3,29844.2,8.7,0.012,83335871,88769496,LOCKED,1.000030317000,144995949415446
13877,-143465217368245,38565,96620,-30235.7,30280.8,8.5,0.012,83335872,88838846,LOCKED,1.000030236000,144996949441681
13878,-143465217496189,-56770,1285,-30257.8,30665.2,8.5,0.011,83335872,88803370,LOCKED,1.000030258000,144997949472938
13879,-143465217512022,-41396,16659,-30235.5,30297.5,8.4,0.009,83335872,88880891,LOCKED,1.000030235000,144998949626177
13880,-143465217524228,-23468,34587,-30191.4,29740.6,8.4,0.009,83335872,88960751,LOCKED,1.000030191000,144999949774371
13881,-143465217536222,-3802,54253,-30257.3,29389.2,8.6,0.001,83335871,89040970,LOCKED,1.000030257000,145000949918631
13882,-143465217546226,16236,74291,-30273.7,29265.7,8.4,0.000,83335872,89121928,LOCKED,1.000030274000,145001950068908
13883,-143465217555230,35546,93601,-30236.6,29596.9,8.4,-0.000,83335872,89206254,LOCKED,1.000030237000,145002950089144
13884,-143465217589752,28894,86949,-30168.4,29824.9,8.4,-0.001,83335872,89158569,LOCKED,1.000030168000,145003950232315
13885,-143465217616194,30112,88167,-30095.2,30062.5,8.5,0.004,83335873,89226934,LOCKED,1.000030095000,145004950387413
13886,-143465217724761,-44464,13591,-30212.7,30509.5,8.4,0.001,83335872,89311650,LOCKED,1.000030213000,145005950538629
13887,-143465217735537,-22224,35831,-30313.5,30281.9,8.4,0.001,83335872,89396507,LOCKED,1.000030314000,145006950688946
13888,-143465217713301,28119,86174,-30251.9,30506.8,8.4,0.000,83335872,89509868,LOCKED,1.000030252000,145007950717197
13889,-143465217726174,43027,101082,-30202.1,30997.8,8.2,-0.003,83335872,89589609,LOCKED,1.000030202000,145008950743398
13890,-143465217758164,39942,97997,-30204.9,30958.8,8.1,-0.003,83335873,89544237,LOCKED,1.000030205000,145009950888606
13891,-143465217875911,-44158,13897,-30300.6,31502.5,8.0,-0.003,83335873,89623597,LOCKED,1.000030301000,145010951033910
13892,-143465217886329,-22957,35098,-30327.1,31638.5,8.4,0.002,83335874,89703786,LOCKED,1.000030327000,145011951178240
13893,-143465217894481,-2027,56028,-30262.5,31196.1,8.5,0.003,83335873,89786421,LOCKED,1.000030262000,145012951320505
13894,-143465217909533,13113,71168,-30280.9,31082.2,8.9,0.007,83335874,89863738,LOCKED,1.000030281000,145013951479789
13895,-143465217911485,38483,96538,-30199.5,31500.1,9.3,0.010,83335874,89953779,LOCKED,1.000030200000,145014951499988
13896,-143465217950899,26604,84659,-30112.8,31554.5,9.4,0.009,83335874,89903463,LOCKED,1.000030113000,145015951672105
13897,-143465218039061,-30502,27553,-30108.4,31507.2,9.7,0.015,83335874,90009215,LOCKED,1.000030108000,145016951815216
13898,-143465218046132,-5700,52355,-30185.6,31082.8,10.0,0.021,83335874,90119441,LOCKED,1.000030186000,145017951857402
13899,-143465218035405,34065,92120,-30186.0,31078.6,10.3,0.021,83335874,90198576,LOCKED,1.000030186000,145018952001591
13900,-143465218074095,24600,82655,-30179.8,31126.6,10.3,0.016,83335874,90265988,LOCKED,1.000030180000,145019952016770
13901,-143465218138853,-9233,48822,-30201.0,31149.4,10.1,0.007,83335872,90215208,LOCKED,1.000030201000,145020952181975
13902,-143465218210784,-48179,9876,-30257.6,31755.8,10.1,0.011,83335873,90313390,LOCKED,1.000030258000,145021952217232
13903,-143465218213522,-20095,37960,-30251.9,31714.5,10.1,0.015,83335873,90389986,LOCKED,1.000030252000,145022952368487
# STATS: PDUs=1557 CSV=1556 Gaps=0 Dups=0 Skip=0 Outlier=272 d_min=-58055 ns drift=-30251.9 ns/s sigma=31714.5 ns state=LOCKED clk_err=+0 ns
13904,-143465218232604,-9756,48299,-30194.8,31217.1,10.1,0.012,83335873,90472469,LOCKED,1.000030195000,145023952508685
13905,-143465218287362,-33425,24630,-30183.0,31071.3,10.1,0.008,83335873,90537140,LOCKED,1.000030183000,145024952679872
13906,-143465218241968,40714,98769,-30180.1,31110.1,10.1,0.004,83335873,90642888,LOCKED,1.000030180000,145025952726052
13907,-143465218342998,-27792,30263,-30249.1,31299.1,10.1,-0.001,83335873,90633658,LOCKED,1.000030249000,145026952884304
13908,-143465218299958,40978,99033,-30095.2,31148.0,10.3,-0.007,83335874,90765058,LOCKED,1.000030095000,145027952927399
13909,-143465218429125,-55522,2533,-30129.1,31669.0,10.1,-0.024,83335874,90731777,LOCKED,1.000030129000,145028953086531
13910,-143465218431506,-24722,33333,-30237.9,31439.7,10.1,-0.031,83335872,90818732,LOCKED,1.000030238000,145029953253773
13911,-143465218428517,9164,67219,-30285.7,31073.9,10.0,-0.041,83335873,90918059,LOCKED,1.000030286000,145030953417062
13912,-143465218434293,32133,90188,-30263.4,31267.4,10.0,-0.052,83335873,91003822,LOCKED,1.000030263000,145031953568329
13913,-143465218450202,43511,101566,-30189.6,31820.2,9.9,-0.065,83335873,91083797,LOCKED,1.000030190000,145032953599518
13914,-143465218577640,-50991,7064,-30239.7,32422.0,9.8,-0.064,83335873,91047001,LOCKED,1.000030240000,145033953754761
13915,-143465218601202,-42173,15882,-30274.6,32784.9,9.8,-0.052,83335873,91113525,LOCKED,1.000030275000,145034953904039
13916,-143465218625303,-35044,23011,-30263.2,32644.3,9.8,-0.055,83335873,91185853,LOCKED,1.000030263000,145035954070306
13917,-143465218614293,4588,62643,-30190.1,32259.4,9.8,-0.047,83335873,91285353,LOCKED,1.000030190000,145036954084495
13918,-143465218615869,31804,89859,-30174.4,32399.0,9.8,-0.039,83335873,91272256,LOCKED,1.000030174000,145037954243673
13919,-143465218717502,-36217,21838,-30283.1,32582.9,9.7,-0.048,83335873,91365911,LOCKED,1.000030283000,145038954389959
13920,-143465218737884,-23487,34568,-30383.1,32420.3,9.6,-0.025,83335873,91437075,LOCKED,1.000030383000,145039954538345
13921,-143465218753842,-7749,50306,-30434.7,32303.2,9.6,-0.050,83335872,91516492,LOCKED,1.000030435000,145040954689783
13922,-143465218764450,11201,69256,-30410.3,32336.8,9.8,-0.071,83335871,91599778,LOCKED,1.000030410000,145041954838196
13923,-143465218773426,30229,88284,-30342.3,32575.8,9.8,-0.077,83335872,91683243,LOCKED,1.000030342000,145042954981541
13924,-143465218787982,44018,102073,-30317.5,32870.8,9.8,-0.082,83335872,91755848,LOCKED,1.000030317000,145043955130862
13925,-143465218813360,44268,101038,-30160.6,32847.5,9.8,-0.086,83335872,91824943,LOCKED,1.000030161000,145044955170022
13926,-143465218939930,-48154,8616,-30276.5,33403.6,9.8,-0.087,83335872,91793830,LOCKED,1.000030276000,145045955323302
13927,-143465218938164,-15416,41354,-30285.0,33438.2,9.7,-0.090,83335872,91886794,LOCKED,1.000030285000,145046955467590
13928,-143465218911247,40227,96997,-30275.4,33551.1,9.9,-0.101,83335871,92006479,LOCKED,1.000030275000,145047955493865
13929,-143465218946514,33400,90170,-30240.8,33805.4,10.1,-0.111,83335871,92058709,LOCKED,1.000030241000,145048955643109
13930,-143465218967728,39239,96009,-30149.4,34178.4,10.2,-0.120,83335871,92130552,LOCKED,1.000030149000,145049955683258
13931,-143465219089485,-49938,6832,-30185.7,34617.6,10.4,-0.134,83335870,92098793,LOCKED,1.000030186000,145050955823447
13932,-143465219101290,-28263,28507,-30300.6,34460.5,10.5,-0.141,83335871,92179653,LOCKED,1.000030301000,145051955871748
13933,-143465219105677,-1171,55599,-30356.6,34206.4,10.6,-0.148,83335871,92269860,LOCKED,1.000030357000,145052956025108
13934,-143465219107635,25643,82413,-30321.4,34374.8,10.7,-0.154,83335871,92363069,LOCKED,1.000030321000,145053956184433
13935,-143465219118813,41246,98016,-30216.1,34733.9,10.8,-0.161,83335871,92445300,LOCKED,1.000030216000,145054956213649
13936,-143465219159054,28101,84871,-30109.5,34659.8,10.6,-0.168,83335871,92402416,LOCKED,1.000030109000,145055956378762
13937,-143465219244000,-26412,30358,-30081.4,34364.7,10.7,-0.173,83335871,92504097,LOCKED,1.000030081000,145056956521846
13938,-143465219237472,11314,68084,-30155.1,33626.0,11.1,-0.183,83335870,92618563,LOCKED,1.000030155000,145057956449998
13939,-143465219340235,-55895,875,-30327.5,33988.0,11.0,-0.185,83335872,92596369,LOCKED,1.000030327000,145058956593328
13940,-143465219359201,-40664,16106,-30450.0,34204.5,11.1,-0.190,83335871,92664836,LOCKED,1.000030450000,145059956758782
13941,-143465219359453,-9311,47459,-30491.3,34173.2,10.9,-0.198,83335871,92760499,LOCKED,1.000030491000,145060956908276
13942,-143465219391887,-10686,46084,-30501.4,34197.4,10.9,-0.203,83335871,92837676,LOCKED,1.000030501000,145061957068781
13943,-143465219377460,31136,87906,-30400.5,34271.0,11.3,-0.211,83335870,92925799,LOCKED,1.000030400000,145062957120182
13944,-143465219390240,44745,101515,-30277.8,34636.6,11.7,-0.219,83335870,92900339,LOCKED,1.000030278000,145063957291464
13945,-143465219480058,-14913,41857,-30247.2,34415.6,12.0,-0.224,83335870,93007021,LOCKED,1.000030247000,145064957453715
13946,-143465219479884,15973,72743,-30296.6,33957.6,12.4,-0.231,83335870,93098178,LOCKED,1.000030297000,145065957481011
13947,-143465219503074,22485,79255,-30304.9,33894.2,12.7,-0.238,83335870,93063028,LOCKED,1.000030305000,145066957652320
13948,-143465219571794,-15704,41066,-30289.9,33800.9,13.0,-0.246,83335870,93190578,LOCKED,1.000030290000,145067957685609
13949,-143465219577611,6772,63542,-30202.9,33309.8,13.2,-0.252,83335870,93277490,LOCKED,1.000030203000,145068957729812
13950,-143465219592513,19163,75933,-30091.7,32866.6,14.0,-0.256,83335869,93254190,LOCKED,1.000030092000,145069957899907
13951,-143465219686153,-40178,16592,-30231.7,32878.5,14.3,-0.257,83335870,93354470,LOCKED,1.000030232000,145070958078143
13952,-143465219674496,2400,59170,-30269.6,32717.8,14.5,-0.252,83335870,93463067,LOCKED,1.000030270000,145071958229416
13953,-143465219678506,26913,83683,-30228.5,32917.9,14.7,-0.252,83335870,93554008,LOCKED,1.000030229000,145072958262644
13954,-143465219801677,-62150,0,-30315.8,33940.8,15.2,-0.245,83335869,93522349,LOCKED,1.000030316000,145073958419963
13955,-143465219802445,-31796,30354,-30302.4,33793.1,15.7,-0.237,83335869,93612335,LOCKED,1.000030302000,145074958567268
13956,-143465219823243,-21905,40245,-30284.9,33645.9,16.1,-0.226,83335869,93687159,LOCKED,1.000030285000,145075958712556
13957,-143465219843232,-10037,52113,-30345.5,33508.4,16.4,-0.214,83335869,93757658,LOCKED,1.000030345000,145076958855904
13958,-143465219827800,33527,95677,-30292.5,33813.2,17.1,-0.198,83335868,93864140,LOCKED,1.000030293000,145077958759192
13959,-143465219865443,23186,85336,-30184.1,33551.2,17.8,-0.179,83335868,93816699,LOCKED,1.000030184000,145078958786375
13960,-143465219899228,17189,79339,-30094.9,33319.9,18.3,-0.156,83335868,93875956,LOCKED,1.000030095000,145079958939473
13961,-143465220008222,-57763,4387,-30192.7,34229.7,19.0,-0.150,83335868,93959985,LOCKED,1.000030193000,145080959092669
13962,-143465219975558,6152,68302,-30255.0,33768.6,19.6,-0.130,83335868,94090242,LOCKED,1.000030255000,145081959139924
13963,-143465219977783,32521,94671,-30227.6,33979.1,20.2,-0.105,83335868,94179695,LOCKED,1.000030228000,145082959167151
# STATS: PDUs=1617 CSV=1616 Gaps=0 Dups=0 Skip=0 Outlier=272 d_min=-62150 ns drift=-30227.6 ns/s sigma=33979.1 ns state=LOCKED clk_err=+0 ns
13964,-143465220004941,33467,95617,-30178.9,34272.9,20.3,-0.079,83335869,94140046,LOCKED,1.000030179000,145083959332333
13965,-143465220119320,-46450,15700,-30312.1,34617.3,20.3,-0.047,83335869,94228835,LOCKED,1.000030312000,145084959486648
13966,-143465220124498,-21346,40804,-30275.0,34256.0,20.3,-0.051,83335869,94312798,LOCKED,1.000030275000,145085959630926
13967,-143465220133732,584,62734,-30319.7,34072.6,20.2,-0.049,83335869,94393008,LOCKED,1.000030320000,145086959661245
13968,-143465220229075,-61766,384,-30348.3,34541.6,19.7,-0.029,83335869,94393090,LOCKED,1.000030348000,145087959684593
13969,-143465220247492,-44849,17301,-30518.7,34346.1,19.2,-0.004,83335869,94462624,LOCKED,1.000030519000,145088959831115
13970,-143465220272690,-35975,26175,-30633.4,34460.2,19.1,0.009,83335870,94529591,LOCKED,1.000030633000,145089959983752
13971,-143465220298025,-28710,33440,-30682.3,34679.9,18.7,0.044,83335870,94598740,LOCKED,1.000030682000,145090960124437
13972,-143465220316599,-16347,45803,-30667.6,34587.8,18.3,0.071,83335869,94674082,LOCKED,1.000030668000,145091960273108
13973,-143465220328239,1151,63301,-30594.3,34144.5,17.8,0.109,83335869,94754192,LOCKED,1.000030594000,145092960414705
13974,-143465220350017,11096,73246,-30668.3,33402.2,17.4,0.088,83335870,94825650,LOCKED,1.000030668000,145093960565376
13975,-143465220363409,28178,90328,-30705.7,32941.4,17.1,0.059,83335869,94903382,LOCKED,1.000030706000,145094960714085
13976,-143465220381229,39905,102055,-30715.2,32811.1,16.6,0.046,83335870,94980723,LOCKED,1.000030715000,145095960728799
13977,-143465220419620,30312,92462,-30671.5,33060.3,16.2,0.026,83335869,94929870,LOCKED,1.000030671000,145096960878474
13978,-143465220521986,-39507,22643,-30697.9,33327.9,15.6,0.009,83335869,95024224,LOCKED,1.000030698000,145097960910171
13979,-143465220539027,-22629,39521,-30818.6,32876.0,15.0,-0.004,83335869,95098814,LOCKED,1.000030819000,145098961055993
13980,-143465220555616,-6527,55623,-30899.8,32441.2,14.3,-0.015,83335869,95174356,LOCKED,1.000030900000,145099961210896
13981,-143465220568974,11226,73376,-30928.9,32256.3,14.0,-0.023,83335869,95257113,LOCKED,1.000030929000,145100961361828
13982,-143465220582768,26819,88969,-30897.7,32437.9,14.0,-0.030,83335869,95336115,LOCKED,1.000030898000,145101961516729
13983,-143465220601174,36314,98464,-30810.9,32761.7,13.6,-0.035,83335869,95425266,LOCKED,1.000030811000,145102961538539
13984,-143465220643575,22061,84211,-30716.7,32616.2,13.1,-0.032,83335870,95372107,LOCKED,1.000030717000,145103961697259
13985,-143465220749783,-51289,10861,-30736.5,32906.5,12.7,-0.029,83335870,95457835,LOCKED,1.000030737000,145104961844999
13986,-143465220781957,-47468,14682,-30916.0,32692.9,12.2,-0.025,83335870,95535510,LOCKED,1.000030916000,145105961997918
13987,-143465220785531,-17893,44257,-30996.0,32566.2,11.7,-0.026,83335869,95614456,LOCKED,1.000030996000,145106962157917
13988,-143465220757640,37407,99557,-30882.0,32745.8,11.5,-0.027,83335869,95734802,LOCKED,1.000030882000,145107962090795
13989,-143465220873989,-45818,16332,-30915.8,33136.8,11.4,-0.027,83335869,95710813,LOCKED,1.000030916000,145108962236714
13990,-143465220905215,-44342,17808,-30929.7,33314.6,11.2,-0.023,83335870,95787197,LOCKED,1.000030930000,145109962392647
13991,-143465220899198,-5132,57018,-31032.5,32521.2,11.4,-0.028,83335868,95870571,LOCKED,1.000031032000,145110962557683
13992,-143465220913405,12204,74354,-31078.0,32148.9,11.2,-0.027,83335869,95948940,LOCKED,1.000031078000,145111962618761
13993,-143465220908431,45574,107724,-31022.0,32686.5,11.0,-0.025,83335869,96051845,LOCKED,1.000031022000,145112962663783
13994,-143465221029277,-41909,20241,-31067.3,33106.4,10.8,-0.023,83335869,96021142,LOCKED,1.000031067000,145113962825854
13995,-143465221032447,-14286,47864,-31030.0,32809.3,10.5,-0.019,83335869,96114742,LOCKED,1.000031030000,145114962986888
13996,-143465221040429,7247,69397,-30967.6,32597.7,10.2,-0.015,83335869,96198452,LOCKED,1.000030968000,145115963148859
13997,-143465221045262,31991,94141,-30952.5,32731.8,9.9,-0.011,83335869,96288832,LOCKED,1.000030953000,145116963185811
13998,-143465221129218,-20098,42052,-30964.0,32793.6,9.9,-0.009,83335869,96292340,LOCKED,1.000030964000,145117963234775
13999,-143465221138199,3695,65845,-31059.2,31838.1,8.9,0.001,83335869,96379697,LOCKED,1.000031059000,145118963412838
14000,-143465221135336,36831,98981,-31081.9,31511.1,8.7,0.005,83335868,96476687,LOCKED,1.000031082000,145119963557923
14001,-143465221158376,42659,104809,-31044.1,31910.6,8.3,0.013,83335869,96547016,LOCKED,1.000031044000,145120963583966
14002,-143465221195372,35068,97218,-31022.0,32119.5,7.7,0.022,83335869,96501108,LOCKED,1.000031022000,145121963735991
14003,-143465221308505,-44740,17410,-31060.7,32543.6,7.6,0.026,83335869,96583132,LOCKED,1.000031061000,145122963890055
14004,-143465221329875,-34135,28015,-31048.7,32398.4,7.5,0.031,83335869,96657937,LOCKED,1.000031049000,145123964036107
14005,-143465221349065,-20288,41862,-31112.7,32440.9,7.3,0.037,83335869,96731242,LOCKED,1.000031113000,145124964191223
14006,-143465221360419,-936,61214,-31091.1,32391.3,7.1,0.043,83335869,96814508,LOCKED,1.000031091000,145125964349318
14007,-143465221366377,21889,84039,-31014.1,32389.5,6.9,0.050,83335869,96902090,LOCKED,1.000031014000,145126964373331
14008,-143465221465736,-42990,19160,-31112.9,32861.3,7.3,0.058,83335871,96894596,LOCKED,1.000031113000,145127964399443
14009,-143465221484344,-28818,33332,-31146.8,33068.5,7.1,0.067,83335869,96967725,LOCKED,1.000031147000,145128964552593
14010,-143465221493387,-7123,55027,-31114.9,32903.0,7.3,0.068,83335870,97054076,LOCKED,1.000031115000,145129964703711
14011,-143465221505514,12282,74432,-31155.9,32587.3,7.2,0.077,83335870,97132705,LOCKED,1.000031156000,145130964855870
14012,-143465221516688,29996,92146,-31094.3,32833.6,7.1,0.087,83335870,97217993,LOCKED,1.000031094000,145131964891964
14013,-143465221530706,42891,105041,-30960.2,33032.3,6.9,0.099,83335870,97189792,LOCKED,1.000030960000,145132965044927
14014,-143465221546068,56510,118660,-30957.1,33087.6,7.1,0.100,83335870,97267602,LOCKED,1.000030957000,145133965200887
14015,-143465221658050,-22043,40107,-31041.9,33029.7,7.2,0.102,83335870,97350253,LOCKED,1.000031042000,145134965349932
14016,-143465221670680,-2772,59378,-31079.5,32934.0,7.4,0.103,83335870,97434583,LOCKED,1.000031080000,145135965510015
14017,-143465221669650,27731,89881,-31046.7,33126.0,7.5,0.105,83335870,97526143,LOCKED,1.000031047000,145136965530061
14018,-143465221682261,41903,104053,-30906.9,33216.4,7.4,0.097,83335870,97501261,LOCKED,1.000030907000,145137965570968
14019,-143465221790790,-34570,27580,-30905.8,33203.9,7.3,0.089,83335870,97591682,LOCKED,1.000030906000,145138965718877
14020,-143465221805420,-18223,43927,-30878.9,32982.8,7.3,0.065,83335869,97668626,LOCKED,1.000030879000,145139965873759
14021,-143465221818992,573,62723,-30953.1,32464.8,7.5,0.072,83335871,97753966,LOCKED,1.000030953000,145140966030716
14022,-143465221834141,14720,76870,-30896.1,32436.6,7.4,0.047,83335869,97831268,LOCKED,1.000030896000,145141966062612
14023,-143465221854979,21560,83710,-30773.8,31903.8,7.6,0.050,83335871,97903626,LOCKED,1.000030774000,145142966201389
# STATS: PDUs=1677 CSV=1676 Gaps=0 Dups=0 Skip=0 Outlier=272 d_min=-62150 ns drift=-30773.8 ns/s sigma=31903.8 ns state=LOCKED clk_err=+0 ns
14024,-143465221880188,23496,85646,-30634.5,31149.9,8.3,0.084,83335872,97970475,LOCKED,1.000030635000,145143966366027
14025,-143465221896539,36092,98242,-30611.7,31377.1,8.9,0.119,83335872,98056147,LOCKED,1.000030612000,145144966391638
14026,-143465221919889,40466,102616,-30537.2,31853.5,9.3,0.148,83335872,98015476,LOCKED,1.000030537000,145145966554179
14027,-143465222020083,-28124,34026,-30542.7,31902.5,9.6,0.172,83335872,98108255,LOCKED,1.000030543000,145146966700725
14028,-143465222007095,15710,77860,-30583.8,31528.9,9.9,0.192,83335872,98229525,LOCKED,1.000030584000,145147966742309
14029,-143465221998392,52391,114541,-30543.0,32078.6,9.8,0.199,83335871,98316880,LOCKED,1.000030543000,145148966774852
14030,-143465222125836,-40817,21333,-30656.6,32391.2,10.5,0.223,83335873,98281269,LOCKED,1.000030657000,145149966935512
14031,-143465222126597,-9486,52664,-30711.4,32282.0,10.6,0.226,83335871,98374022,LOCKED,1.000030711000,145150967090227
14032,-143465222148424,-181,61969,-30731.8,32244.5,10.7,0.238,83335872,98455784,LOCKED,1.000030732000,145151967235962
14033,-143465222211251,-30405,31745,-30773.1,32494.5,10.8,0.249,83335872,98535311,LOCKED,1.000030773000,145152967398739
14034,-143465222153805,53547,115697,-30652.5,33234.0,10.9,0.258,83335872,98621917,LOCKED,1.000030653000,145153967445392
14035,-143465222271787,-32767,29383,-30647.8,33183.3,11.0,0.267,83335872,98598141,LOCKED,1.000030648000,145154967612043
14036,-143465222279772,-11100,51050,-30580.4,32528.3,11.2,0.274,83335872,98682680,LOCKED,1.000030580000,145155967780627
14037,-143465222283930,12833,74983,-30479.3,32001.6,11.2,0.281,83335872,98775329,LOCKED,1.000030479000,145156967812106
14038,-143465222369506,-38732,23418,-30588.4,32273.5,11.3,0.286,83335872,98781257,LOCKED,1.000030588000,145157967994699
14039,-143465222344323,16363,78513,-30582.5,32301.9,11.3,0.291,83335872,98896611,LOCKED,1.000030582000,145158968144285
14040,-143465222356097,32861,95011,-30523.6,32608.6,11.3,0.296,83335872,98978918,LOCKED,1.000030524000,145159968302812
14041,-143465222361687,53400,115550,-30396.5,33304.4,11.4,0.299,83335872,99064708,LOCKED,1.000030397000,145160968328208
14042,-143465222499097,-51425,10725,-30418.4,33615.6,11.4,0.293,83335870,99021358,LOCKED,1.000030418000,145161968478630
14043,-143465222505276,-27144,35006,-30375.2,33077.1,11.4,0.296,83335872,99108220,LOCKED,1.000030375000,145162968626008
14044,-143465222521457,-13522,48628,-30324.5,32623.3,11.5,0.293,83335870,99184275,LOCKED,1.000030325000,145163968782336
14045,-143465222529839,8906,71056,-30363.2,32373.2,11.6,0.297,83335872,99269608,LOCKED,1.000030363000,145164968933702
14046,-143465222537412,30790,92940,-30370.0,32301.4,11.6,0.298,83335871,99356108,LOCKED,1.000030370000,145165969082075
14047,-143465222545829,49618,111768,-30299.0,32973.2,11.7,0.299,83335872,99440668,LOCKED,1.000030299000,145166969107373
14048,-143465222654698,-28741,33409,-30261.5,32497.1,11.8,0.300,83335872,99424499,LOCKED,1.000030261000,145167969129634
14049,-143465222680263,-21366,40784,-30357.6,32308.4,11.7,0.297,83335871,99490541,LOCKED,1.000030358000,145168969270994
14050,-143465222703539,-12108,50042,-30444.4,31948.7,11.7,0.298,83335871,99556508,LOCKED,1.000030444000,145169969417441
14051,-143465222720513,1407,63557,-30449.0,31944.7,11.3,0.291,83335871,99634366,LOCKED,1.000030449000,145170969555893
14052,-143465222780206,-26428,35722,-30474.2,32104.2,11.3,0.288,83335871,99669571,LOCKED,1.000030474000,145171969589367
14053,-143465222792059,-8878,53272,-30406.7,31476.3,11.2,0.285,83335871,99748195,LOCKED,1.000030407000,145172969734777
14054,-143465222820673,-5288,56862,-30486.3,31010.1,11.1,0.281,83335871,99815488,LOCKED,1.000030486000,145173969887267
14055,-143465222833070,12494,74644,-30492.0,30982.7,11.1,0.277,83335871,99894433,LOCKED,1.000030492000,145174970028762
14056,-143465222856076,18477,80627,-30448.9,31073.1,11.0,0.273,83335871,99963389,LOCKED,1.000030449000,145175970181214
14057,-143465222871034,30665,92815,-30337.6,31032.8,10.9,0.268,83335871,100043320,LOCKED,1.000030338000,145176970204551
14058,-143465222972601,-37345,24805,-30433.7,31355.1,10.8,0.263,83335871,100030746,LOCKED,1.000030434000,145177970235984
14059,-143465222983418,-16625,45525,-30460.3,31435.6,10.8,0.258,83335871,100115527,LOCKED,1.000030460000,145178970381447
14060,-143465223006188,-9497,52653,-30416.8,31115.3,10.3,0.244,83335871,100185085,LOCKED,1.000030417000,145179970525867
14061,-143465223020374,4839,66989,-30331.6,30550.6,10.2,0.237,83335871,100260965,LOCKED,1.000030332000,145180970671202
14062,-143465223049588,4226,66376,-30253.6,30062.5,10.2,0.230,83335870,100329327,LOCKED,1.000030254000,145181970830459
14063,-143465223054752,28731,90881,-30272.7,29832.6,10.2,0.222,83335870,100413982,LOCKED,1.000030273000,145182970984735
14064,-143465223081609,31139,93289,-30275.1,29806.2,10.1,0.214,83335870,100492335,LOCKED,1.000030275000,145183971005009
14065,-143465223151979,-7622,54528,-30328.0,29666.6,10.0,0.204,83335871,100439841,LOCKED,1.000030328000,145184971158340
14066,-143465223220763,-42901,19249,-30412.7,30224.2,9.9,0.192,83335871,100525153,LOCKED,1.000030413000,145185971308756
14067,-143465223235113,-25665,36485,-30427.6,30335.4,9.7,0.178,83335871,100602335,LOCKED,1.000030428000,145186971478187
14068,-143465223206496,32927,95077,-30460.2,29854.4,9.6,0.188,83335871,100726633,LOCKED,1.000030460000,145187971400643
14069,-143465223275916,-4238,57912,-30541.4,29308.3,9.6,0.149,83335871,100685259,LOCKED,1.000030541000,145188971556188
14070,-143465223353082,-46767,15383,-30664.9,29815.9,9.7,0.127,83335871,100761945,LOCKED,1.000030665000,145189971702856
14071,-143465223375848,-36060,26090,-30742.9,30193.7,9.8,0.108,83335871,100832985,LOCKED,1.000030743000,145190971869603
14072,-143465223368038,2022,64172,-30723.1,30168.7,10.1,0.076,83335870,100938595,LOCKED,1.000030723000,145191972031330
14073,-143465223367842,29909,92059,-30623.9,30224.3,10.1,0.060,83335871,101031200,LOCKED,1.000030624000,145192972060953
14074,-143465223392473,32071,93837,-30488.9,29922.2,10.2,0.030,83335870,100992704,LOCKED,1.000030489000,145193972241446
14075,-143465223489374,-31029,30737,-30600.1,29896.3,10.3,-0.001,83335870,101092251,LOCKED,1.000030600000,145194972417050
14076,-143465223472572,15899,77665,-30603.3,29877.3,10.2,-0.035,83335870,101207175,LOCKED,1.000030603000,145195972573657
14077,-143465223473342,42318,104084,-30505.9,30371.8,10.0,-0.075,83335870,101296920,LOCKED,1.000030506000,145196972606162
14078,-143465223572125,-25390,36376,-30491.6,30225.4,10.3,-0.093,83335869,101289743,LOCKED,1.000030492000,145197972640653
14079,-143465223577948,761,62527,-30565.7,29654.7,10.2,-0.098,83335870,101376896,LOCKED,1.000030566000,145198972779222
14080,-143465223602548,7292,69058,-30605.7,29388.5,10.0,-0.111,83335869,101442376,LOCKED,1.000030606000,145199972929831
14081,-143465223609292,29624,91390,-30579.9,29593.6,10.3,-0.127,83335869,101528463,LOCKED,1.000030580000,145200972958410
14082,-143465223620735,45572,107338,-30499.0,30233.6,10.1,-0.138,83335869,101506314,LOCKED,1.000030499000,145201973114912
14083,-143465223742452,-43074,18692,-30553.7,30751.9,10.4,-0.150,83335869,101584646,LOCKED,1.000030554000,145202973260469
# STATS: PDUs=1737 CSV=1736 Gaps=0 Dups=0 Skip=0 Outlier=272 d_min=-61766 ns drift=-30553.7 ns/s sigma=30751.9 ns state=LOCKED clk_err=+0 ns
14084,-143465223760454,-29089,32677,-30575.7,30923.3,10.5,-0.162,83335869,101661676,LOCKED,1.000030576000,145203973427048
14085,-143465223774456,-12730,49036,-30543.9,30686.7,10.9,-0.180,83335868,101740506,LOCKED,1.000030544000,145204973579595
14086,-143465223769440,20020,81786,-30439.1,30330.4,10.9,-0.188,83335869,101837891,LOCKED,1.000030439000,145205973731037
14087,-143465223775768,42146,103912,-30411.7,30654.7,10.9,-0.195,83335869,101922830,LOCKED,1.000030412000,145206973753448
14088,-143465223875187,-25666,36100,-30427.7,30770.4,11.3,-0.208,83335868,101918165,LOCKED,1.000030428000,145207973784875
14089,-143465223888987,-10313,51453,-30347.8,29852.5,11.4,-0.213,83335869,101997333,LOCKED,1.000030348000,145208973936226
14090,-143465223910594,-214,61552,-30414.3,29410.6,11.3,-0.222,83335868,102068988,LOCKED,1.000030414000,145209974087643
14091,-143465223923974,16082,77848,-30404.8,29456.1,11.3,-0.226,83335869,102149231,LOCKED,1.000030405000,145210974237051
14092,-143465223938754,29720,91486,-30356.6,29729.7,11.3,-0.229,83335869,102227943,LOCKED,1.000030357000,145211974381411
14093,-143465223961339,36180,97946,-30352.4,29781.0,11.5,-0.235,83335868,102294528,LOCKED,1.000030352000,145212974410763
14094,-143465223988084,35436,97202,-30197.5,29298.8,11.7,-0.240,83335868,102256456,LOCKED,1.000030198000,145213974552963
14095,-143465224109646,-51294,10472,-30339.9,29840.1,11.5,-0.241,83335869,102330409,LOCKED,1.000030340000,145214974705306
14096,-143465224127861,-36239,25527,-30423.6,30203.0,11.7,-0.244,83335868,102407839,LOCKED,1.000030424000,145215974857733
14097,-143465224127277,-5315,56451,-30410.6,30162.3,11.8,-0.246,83335868,102497517,LOCKED,1.000030411000,145216975000147
14098,-143465224113809,37448,99214,-30418.2,30057.5,11.9,-0.247,83335868,102604267,LOCKED,1.000030418000,145217974915561
14099,-143465224239622,-54587,7179,-30492.4,30913.2,12.0,-0.248,83335868,102571448,LOCKED,1.000030492000,145218975068057
14100,-143465224263831,-46159,15607,-30520.9,31280.1,12.0,-0.247,83335868,102636880,LOCKED,1.000030521000,145219975212581
14101,-143465224281441,-32928,28838,-30481.8,30694.4,12.1,-0.246,83335868,102714244,LOCKED,1.000030482000,145220975359066
14102,-143465224288251,-7020,54746,-30580.0,29979.4,12.3,-0.251,83335868,102798386,LOCKED,1.000030580000,145221975510649
14103,-143465224294673,16965,78731,-30599.9,29821.8,12.3,-0.248,83335868,102885398,LOCKED,1.000030600000,145222975667252
14104,-143465224312667,28155,89921,-30577.2,29994.8,12.5,-0.253,83335868,102979106,LOCKED,1.000030577000,145223975710829
14105,-143465224410017,-36337,25429,-30628.7,30383.4,12.5,-0.247,83335868,102953123,LOCKED,1.000030629000,145224975865461
14106,-143465224445051,-39066,22700,-30646.1,30587.6,13.1,-0.248,83335867,103038263,LOCKED,1.000030646000,145225976027111
14107,-143465224413356,20027,81793,-30519.7,29884.1,14.0,-0.242,83335866,103137973,LOCKED,1.000030520000,145226976075631
14108,-143465224505753,-38396,23370,-30625.6,30188.4,13.9,-0.233,83335868,103142220,LOCKED,1.000030626000,145227976239260
14109,-143465224508098,-8797,52969,-30675.7,30092.0,14.0,-0.230,83335868,103230657,LOCKED,1.000030676000,145228976396939
14110,-143465224515128,14353,76119,-30675.3,30094.1,14.1,-0.225,83335868,103316365,LOCKED,1.000030675000,145229976563618
14111,-143465224514941,42304,104070,-30602.6,30637.3,14.2,-0.219,83335868,103409686,LOCKED,1.000030603000,145230976717224
14112,-143465224542299,43537,105303,-30576.3,30961.3,14.3,-0.212,83335868,103477010,LOCKED,1.000030576000,145231976748800
14113,-143465224562120,51103,112869,-30504.6,31699.1,14.4,-0.204,83335868,103547306,LOCKED,1.000030505000,145232976786304
14114,-143465224684106,-37512,24254,-30583.1,32090.8,14.8,-0.193,83335867,103517070,LOCKED,1.000030583000,145233976942890
14115,-143465224693910,-15949,45817,-30595.0,32139.9,15.1,-0.180,83335867,103602526,LOCKED,1.000030595000,145234977089488
14116,-143465224704732,3016,64782,-30560.3,32061.7,15.4,-0.165,83335867,103684741,LOCKED,1.000030560000,145235977236051
14117,-143465224717886,17972,79738,-30469.8,31828.0,16.0,-0.144,83335866,103764196,LOCKED,1.000030470000,145236977268520
14118,-143465224817788,-46965,14801,-30612.6,32121.6,16.6,-0.119,83335866,103757159,LOCKED,1.000030613000,145237977295132
14119,-143465224839421,-34891,26875,-30706.6,32369.3,17.0,-0.089,83335866,103827689,LOCKED,1.000030707000,145238977451842
14120,-143465224850234,-13577,48189,-30753.8,32371.0,17.4,-0.052,83335866,103906426,LOCKED,1.000030754000,145239977600599
14121,-143465224865620,1614,63380,-30747.8,32370.9,17.2,-0.049,83335867,103987052,LOCKED,1.000030748000,145240977769351
14122,-143465224853044,41898,103664,-30668.2,32863.6,17.1,-0.039,83335868,104092225,LOCKED,1.000030668000,145241977792018
14123,-143465224883175,38650,100416,-30546.4,33016.7,17.1,-0.044,83335867,104048015,LOCKED,1.000030546000,145242977951568
14124,-143465224992952,-39207,22559,-30548.6,33043.2,17.4,-0.061,83335866,104135794,LOCKED,1.000030549000,145243978100120
14125,-143465225005216,-19542,42224,-30583.9,33149.5,17.1,-0.044,83335867,104217162,LOCKED,1.000030584000,145244978248707
14126,-143465225016328,1252,63018,-30651.0,32712.2,17.4,-0.050,83335865,104296992,LOCKED,1.000030651000,145245978392361
14127,-143465225036346,11977,73743,-30675.5,32562.6,17.3,-0.036,83335866,104372396,LOCKED,1.000030676000,145246978542040
14128,-143465225030075,44677,106443,-30541.1,32837.2,17.1,-0.013,83335866,104470756,LOCKED,1.000030541000,145247978561580
14129,-143465225057952,44365,106131,-30468.8,33382.7,16.8,-0.051,83335866,104537003,LOCKED,1.000030469000,145248978583048
14130,-143465225095354,36612,98378,-30489.5,33104.1,16.6,-0.095,83335865,104485439,LOCKED,1.000030489000,145249978742541
14131,-143465225197110,-30976,30790,-30618.8,32861.2,16.3,-0.131,83335865,104578835,LOCKED,1.000030619000,145250978888163
14132,-143465225213336,-15224,46542,-30660.2,32906.4,16.3,-0.160,83335865,104655726,LOCKED,1.000030660000,145251979038826
14133,-143465225227102,851,62617,-30621.3,32779.0,15.7,-0.185,83335865,104735107,LOCKED,1.000030621000,145252979194451
14134,-143465225236516,19663,81429,-30536.3,32653.8,15.5,-0.206,83335865,104816982,LOCKED,1.000030536000,145253979335990
14135,-143465225255290,30543,92309,-30543.9,32574.5,15.2,-0.223,83335865,104893966,LOCKED,1.000030544000,145254979487537
14136,-143465225260648,51732,113498,-30433.6,33288.8,14.9,-0.237,83335865,104980414,LOCKED,1.000030434000,145255979521970
14137,-143465225392845,-48226,13540,-30441.9,33409.7,14.8,-0.257,83335864,104944180,LOCKED,1.000030442000,145256979684415
14138,-143465225360043,14827,76593,-30457.3,33316.8,15.1,-0.273,83335864,105066721,LOCKED,1.000030457000,145257979713872
14139,-143465225374836,28510,90276,-30407.4,33541.0,14.9,-0.288,83335864,105145581,LOCKED,1.000030407000,145258979759279
14140,-143465225385046,45315,107081,-30316.1,34088.4,15.0,-0.300,83335864,105123008,LOCKED,1.000030316000,145259979903598
14141,-143465225507788,-45128,16638,-30338.3,34353.9,15.1,-0.311,83335864,105195206,LOCKED,1.000030338000,145260980069940
14142,-143465225518578,-25649,36117,-30292.2,33801.3,15.1,-0.320,83335864,105278852,LOCKED,1.000030292000,145261980105232
14143,-143465225532607,-7550,54216,-30369.9,33446.3,14.9,-0.322,83335865,105356592,LOCKED,1.000030370000,145262980264605
# STATS: PDUs=1797 CSV=1796 Gaps=0 Dups=0 Skip=0 Outlier=272 d_min=-61766 ns drift=-30369.9 ns/s sigma=33446.3 ns state=LOCKED clk_err=+0 ns
14144,-143465225541798,13650,75416,-30393.7,33293.1,14.9,-0.328,83335864,105437854,LOCKED,1.000030394000,145263980416002
14145,-143465225570246,14989,76755,-30388.8,33313.9,15.1,-0.335,83335864,105507672,LOCKED,1.000030389000,145264980570394
14146,-143465225630960,-15100,46666,-30375.2,33232.3,14.9,-0.335,83335865,105598335,LOCKED,1.000030375000,145265980609769
14147,-143465225699363,-51272,10494,-30381.1,33323.6,14.6,-0.334,83335865,105571892,LOCKED,1.000030381000,145266980775154
14148,-143465225653339,24151,85917,-30373.0,33378.9,14.6,-0.335,83335865,105695093,LOCKED,1.000030373000,145267980814527
14149,-143465225695760,11433,73199,-30359.1,33411.6,14.3,-0.332,83335865,105777847,LOCKED,1.000030359000,145268980860886
14150,-143465225781893,-41638,20128,-30422.7,33878.6,14.5,-0.335,83335864,105751812,LOCKED,1.000030423000,145269981013312
14151,-143465225812514,-39827,21939,-30455.1,34184.9,14.2,-0.331,83335865,105832171,LOCKED,1.000030455000,145270981180771
14152,-143465225794729,6630,68396,-30378.4,33824.0,13.8,-0.326,83335865,105925250,LOCKED,1.000030378000,145271981347153
14153,-143465225788507,38829,100595,-30226.7,33614.3,14.0,-0.326,83335864,106023355,LOCKED,1.000030227000,145272981400380
14154,-143465225897915,-39591,22175,-30198.2,33185.0,14.2,-0.325,83335864,106006457,LOCKED,1.000030198000,145273981564582
14155,-143465225897673,-7455,54311,-30269.1,32896.4,14.0,-0.320,83335864,106097954,LOCKED,1.000030269000,145274981723855
14156,-143465225904271,15946,77712,-30282.4,32812.5,14.1,-0.317,83335864,106184133,LOCKED,1.000030282000,145275981865140
14157,-143465225923273,25246,87012,-30227.1,32980.1,14.1,-0.313,83335865,106259275,LOCKED,1.000030227000,145276981895367
14158,-143465226018274,-38668,23098,-30204.9,32660.5,14.2,-0.308,83335864,106255376,LOCKED,1.000030205000,145277982039575
14159,-143465226039114,-25994,35772,-30324.4,32349.3,14.1,-0.302,83335865,106327316,LOCKED,1.000030324000,145278982197903
14160,-143465226046829,-1836,59930,-30397.4,31894.5,14.2,-0.296,83335864,106411947,LOCKED,1.000030397000,145279982350304
14161,-143465226055821,19293,81059,-30416.0,31743.3,14.0,-0.288,83335866,106496386,LOCKED,1.000030416000,145280982502723
14162,-143465226068738,34656,96422,-30368.7,32073.3,13.9,-0.279,83335865,106576283,LOCKED,1.000030369000,145281982646095
14163,-143465226090582,39807,101573,-30269.2,32444.0,13.8,-0.269,83335865,106644284,LOCKED,1.000030269000,145282982794367
14164,-143465226108772,47451,109217,-30130.2,32793.9,13.7,-0.259,83335867,106722391,LOCKED,1.000030130000,145283982808496
14165,-143465226149717,35303,97069,-30123.4,32865.7,13.6,-0.246,83335865,106665431,LOCKED,1.000030123000,145284982958623
14166,-143465226260660,-41313,20453,-30261.3,32953.8,13.6,-0.243,83335866,106748594,LOCKED,1.000030261000,145285983103887
14167,-143465226283047,-31950,29816,-30281.3,33120.6,13.6,-0.248,83335866,106824143,LOCKED,1.000030281000,145286983253171
14168,-143465226263627,17972,79738,-30322.1,32734.5,13.8,-0.237,83335868,106931141,LOCKED,1.000030322000,145287983283493
14169,-143465226280247,30131,91897,-30296.4,32922.1,13.7,-0.222,83335866,107011637,LOCKED,1.000030296000,145288983433793
14170,-143465226293865,43506,105272,-30206.5,33431.4,13.6,-0.207,83335867,107085578,LOCKED,1.000030207000,145289983574002
14171,-143465226320205,42951,104717,-30060.6,33493.4,13.5,-0.191,83335867,107154096,LOCKED,1.000030061000,145290983607062
14172,-143465226444775,-49782,11984,-30065.0,33560.2,13.9,-0.116,83335867,107123438,LOCKED,1.000030065000,145291983631126
14173,-143465226469792,-43793,17973,-30038.3,33126.7,13.9,-0.050,83335867,107185739,LOCKED,1.000030038000,145292983780167
14174,-143465226477430,-18989,42777,-30124.8,32970.0,14.0,-0.003,83335867,107272597,LOCKED,1.000030125000,145293983935295
14175,-143465226487592,1338,63104,-30145.0,32924.4,13.9,0.042,83335867,107354605,LOCKED,1.000030145000,145294984077443
14176,-143465226502813,15016,76782,-30108.8,32978.6,14.0,0.100,83335868,107430806,LOCKED,1.000030109000,145295984223555
14177,-143465226529205,16731,78497,-30038.2,32902.0,13.9,0.132,83335867,107496371,LOCKED,1.000030038000,145296984256593
14178,-143465226619503,-39228,22538,-30184.3,32788.0,13.7,0.166,83335867,107499105,LOCKED,1.000030184000,145297984287777
14179,-143465226641320,-27520,34246,-30302.7,32549.7,13.4,0.205,83335867,107570855,LOCKED,1.000030303000,145298984434083
14180,-143465226658757,-12892,48874,-30367.9,32429.4,13.0,0.251,83335867,107642748,LOCKED,1.000030368000,145299984580454
14181,-143465226673527,2912,64678,-30382.9,32394.4,12.9,0.252,83335867,107722174,LOCKED,1.000030383000,145300984740840
14182,-143465226667549,35692,97458,-30266.3,32486.8,12.4,0.250,83335867,107822797,LOCKED,1.000030266000,145301984763106
14183,-143465226693675,36097,97863,-30142.8,32521.6,12.2,0.252,83335867,107783224,LOCKED,1.000030143000,145302984928252
14184,-143465226788245,-25101,36665,-30259.7,32208.0,12.2,0.255,83335867,107881375,LOCKED,1.000030260000,145303985073515
14185,-143465226814215,-18545,43221,-30340.3,32091.4,12.1,0.258,83335867,107961011,LOCKED,1.000030340000,145304985218858
14186,-143465226826681,-269,61497,-30359.6,32058.3,12.1,0.254,83335866,108028801,LOCKED,1.000030360000,145305985390221
14187,-143465226821085,33404,95170,-30303.0,32377.3,12.1,0.249,83335866,108128421,LOCKED,1.000030303000,145306985444524
14188,-143465226901681,-17009,44757,-30268.8,32078.1,12.1,0.253,83335867,108143612,LOCKED,1.000030269000,145307985489793
14189,-143465226967495,-50498,11268,-30285.7,32330.2,12.1,0.257,83335867,108228025,LOCKED,1.000030286000,145308985653082
14190,-143465226908477,35122,96888,-30163.1,32336.8,12.1,0.261,83335867,108320489,LOCKED,1.000030163000,145309985707245
14191,-143465227023058,-44986,16780,-30300.1,32599.8,12.1,0.264,83335867,108298770,LOCKED,1.000030300000,145310985867549
14192,-143465227026076,-15787,45979,-30368.0,32521.0,12.1,0.266,83335867,108390400,LOCKED,1.000030368000,145311986031921
14193,-143465227019838,19749,81515,-30348.3,32610.8,12.1,0.269,83335867,108487287,LOCKED,1.000030348000,145312986187273
14194,-143465227026040,40624,95211,-30255.2,33030.4,12.1,0.271,83335867,108572733,LOCKED,1.000030255000,145313986208527
14195,-143465227071242,23130,77717,-30168.4,32986.3,12.1,0.273,83335867,108519035,LOCKED,1.000030168000,145314986377699
14196,-143465227153416,-28791,25796,-30124.6,32404.3,12.1,0.270,83335866,108628786,LOCKED,1.000030125000,145315986526827
14197,-143465227164017,-7146,47441,-30217.0,31822.6,11.9,0.265,83335866,108714482,LOCKED,1.000030217000,145316986664047
14198,-143465227152364,31999,86586,-30136.4,32061.4,11.7,0.260,83335866,108817199,LOCKED,1.000030136000,145317986692183
14199,-143465227173809,36995,91582,-30016.3,32169.8,11.5,0.255,83335866,108888475,LOCKED,1.000030016000,145318986705198
14200,-143465227221371,16358,70945,-29891.5,31376.1,11.2,0.249,83335866,108827944,LOCKED,1.000029892000,145319986853093
14201,-143465227336521,-63298,0,-30061.5,32209.5,11.0,0.247,83335867,108908649,LOCKED,1.000030062000,145320987006158
14202,-143465227368672,-60503,2795,-30200.9,33140.7,10.8,0.244,83335867,108968661,LOCKED,1.000030201000,145321987028358
14203,-143465227394109,-51905,11393,-30302.9,33871.2,10.8,0.244,83335867,109036667,LOCKED,1.000030303000,145322987180664
# STATS: PDUs=1857 CSV=1856 Gaps=0 Dups=0 Skip=0 Outlier=272 d_min=-63298 ns drift=-30302.9 ns/s sigma=33871.2 ns state=LOCKED clk_err=+0 ns
14204,-143465227404887,-30692,32606,-30334.8,34084.2,10.6,0.239,83335867,109114828,LOCKED,1.000030335000,145323987336002
14205,-143465227424464,-19111,44187,-30343.4,34128.4,10.6,0.237,83335868,109192423,LOCKED,1.000030343000,145324987487349
14206,-143465227428428,7324,70622,-30358.4,34074.9,10.6,0.235,83335867,109279784,LOCKED,1.000030358000,145325987639711
14207,-143465227439616,26597,89895,-30407.7,33449.3,10.6,0.234,83335867,109359760,LOCKED,1.000030408000,145326987671118
14208,-143465227530200,-32023,31275,-30430.9,33633.9,10.8,0.233,83335868,109362561,LOCKED,1.000030431000,145327987702548
14209,-143465227539782,-10681,52617,-30437.3,33651.7,11.0,0.232,83335868,109442208,LOCKED,1.000030437000,145328987842988
14210,-143465227567208,-5551,57747,-30532.3,33007.0,11.0,0.224,83335868,109513850,LOCKED,1.000030532000,145329987981523
14211,-143465227589150,4584,67882,-30615.9,32241.0,11.2,0.222,83335868,109581307,LOCKED,1.000030616000,145330988131142
14212,-143465227597948,24929,88227,-30585.0,32403.0,11.2,0.217,83335867,109663527,LOCKED,1.000030585000,145331988281730
14213,-143465227612184,37599,100897,-30466.7,32551.3,10.8,0.206,83335867,109746197,LOCKED,1.000030467000,145332988426200
14214,-143465227626790,51505,114803,-30456.5,32711.5,10.5,0.193,83335867,109822948,LOCKED,1.000030457000,145333988451656
14215,-143465227660340,45807,109105,-30404.8,33224.0,10.1,0.178,83335867,109776735,LOCKED,1.000030405000,145334988614064
14216,-143465227764654,-26541,36757,-30437.3,33401.3,9.6,0.162,83335867,109868982,LOCKED,1.000030437000,145335988756504
14217,-143465227774704,-6388,56910,-30415.1,33312.3,9.5,0.153,83335867,109947500,LOCKED,1.000030415000,145336988904922
14218,-143465227761419,36367,99665,-30429.3,33131.0,8.9,0.132,83335867,110058446,LOCKED,1.000030429000,145337988809347
14219,-143465227794484,32760,96058,-30436.1,33055.7,8.7,0.121,83335866,110013001,LOCKED,1.000030436000,145338988944786
14220,-143465227829040,27288,90586,-30415.1,33197.7,8.0,0.098,83335866,110068239,LOCKED,1.000030415000,145339989098204
14221,-143465227938794,-48866,14432,-30490.3,33844.5,8.0,0.093,83335867,110154496,LOCKED,1.000030490000,145340989244697
14222,-143465227948614,-27105,36193,-30498.8,33909.6,7.7,0.077,83335866,110241493,LOCKED,1.000030499000,145341989390199
14223,-143465227957014,-5730,57568,-30453.6,33647.7,8.6,0.067,83335864,110322249,LOCKED,1.000030454000,145342989546656
14224,-143465227959042,19694,82992,-30338.8,33177.1,9.2,0.030,83335865,110414332,LOCKED,1.000030339000,145343989693998
14225,-143465227990261,16290,79588,-30241.8,32825.7,8.9,-0.011,83335866,110493360,LOCKED,1.000030242000,145344989710239
14226,-143465228048068,-9263,54035,-30325.4,32433.7,9.6,-0.069,83335864,110445384,LOCKED,1.000030325000,145345989863568
14227,-143465228108476,-35673,27625,-30446.5,32477.6,9.5,-0.107,83335865,110536121,LOCKED,1.000030447000,145346990020018
14228,-143465228135584,-30659,32639,-30477.8,32697.0,10.0,-0.129,83335864,110641997,LOCKED,1.000030478000,145347990064496
14229,-143465228094948,36941,100239,-30366.6,32883.4,10.1,-0.184,83335864,110735117,LOCKED,1.000030367000,145348990213866
14230,-143465228148789,11044,74342,-30265.9,32309.0,10.2,-0.224,83335864,110810824,LOCKED,1.000030266000,145349990258132
14231,-143465228226103,-35461,27837,-30233.5,31834.0,10.0,-0.255,83335865,110792890,LOCKED,1.000030233000,145350990408369
14232,-143465228268535,-43297,20001,-30375.8,31960.5,10.0,-0.249,83335866,110859287,LOCKED,1.000030376000,145351990460745
14233,-143465228245109,11046,74344,-30420.9,31604.6,10.0,-0.255,83335865,110959642,LOCKED,1.000030421000,145352990611169
14234,-143465228265150,20570,83868,-30413.0,31652.3,10.0,-0.250,83335866,111046778,LOCKED,1.000030413000,145353990653582
14235,-143465228343729,-25927,37371,-30451.9,31843.4,9.9,-0.245,83335866,111019657,LOCKED,1.000030452000,145354990808037
14236,-143465228388531,-38269,25029,-30486.9,32168.5,9.9,-0.232,83335867,111105860,LOCKED,1.000030487000,145355990973527
14237,-143465228368055,11124,74422,-30428.2,32060.9,9.8,-0.237,83335865,111205178,LOCKED,1.000030428000,145356991017955
14238,-143465228436875,-24308,38990,-30533.2,31866.0,9.8,-0.233,83335866,111230695,LOCKED,1.000030533000,145357991186492
14239,-143465228428715,14456,77754,-30560.9,31661.7,9.8,-0.238,83335865,111331636,LOCKED,1.000030561000,145358991357057
14240,-143465228424695,46471,109769,-30512.1,32184.7,9.8,-0.234,83335866,111427110,LOCKED,1.000030512000,145359991400569
14241,-143465228543874,-39366,23932,-30585.7,32623.8,10.0,-0.245,83335864,111404696,LOCKED,1.000030586000,145360991569158
14242,-143465228535673,-1622,61676,-30531.7,32326.3,10.0,-0.247,83335865,111503976,LOCKED,1.000030532000,145361991730693
14243,-143465228537653,23878,87176,-30421.4,32053.8,9.9,-0.250,83335865,111593214,LOCKED,1.000030421000,145362991875117
14244,-143465228552850,37279,100577,-30393.9,32318.6,9.9,-0.246,83335866,111670522,LOCKED,1.000030394000,145363992025514
14245,-143465228574798,43329,106627,-30348.3,32765.5,9.9,-0.248,83335865,111744848,LOCKED,1.000030348000,145364992054862
14246,-143465228699238,-47492,15806,-30430.0,33393.9,9.9,-0.251,83335865,111707370,LOCKED,1.000030430000,145365992207295
14247,-143465228719776,-36331,26967,-30431.8,33414.4,9.9,-0.249,83335866,111780114,LOCKED,1.000030432000,145366992382731
14248,-143465228681149,31056,94354,-30401.4,33628.0,10.2,-0.255,83335864,111916672,LOCKED,1.000030401000,145367992406132
14249,-143465228705166,36638,99936,-30423.0,33337.3,10.4,-0.260,83335864,111980656,LOCKED,1.000030423000,145368992435554
14250,-143465228737732,30973,94271,-30301.4,33195.1,10.6,-0.264,83335864,111936837,LOCKED,1.000030301000,145369992583858
14251,-143465228755922,41688,104986,-30302.2,33184.7,10.8,-0.268,83335864,112009283,LOCKED,1.000030302000,145370992742164
14252,-143465228870728,-39489,23809,-30400.0,33542.2,11.0,-0.271,83335864,112092663,LOCKED,1.000030400000,145371992892567
14253,-143465228880557,-18281,45017,-30400.9,33547.0,11.1,-0.274,83335864,112176961,LOCKED,1.000030401000,145372993037971
14254,-143465228897559,-5984,57314,-30336.7,33054.8,11.3,-0.276,83335864,112250036,LOCKED,1.000030337000,145373993184311
14255,-143465228915525,4955,68253,-30274.6,32801.7,11.5,-0.278,83335864,112324442,LOCKED,1.000030275000,145374993332589
14256,-143465228930895,19206,82504,-30274.4,32802.5,11.7,-0.282,83335864,112399152,LOCKED,1.000030274000,145375993471866
14257,-143465228960089,18971,82269,-30241.4,32903.5,11.8,-0.287,83335864,112465366,LOCKED,1.000030241000,145376993496107
14258,-143465229059844,-48671,14627,-30252.3,33061.8,12.4,-0.293,83335863,112456676,LOCKED,1.000030252000,145377993643362
14259,-143465229083252,-40856,22442,-30231.9,32757.8,12.6,-0.298,83335864,112527248,LOCKED,1.000030232000,145378993790597
14260,-143465229104239,-30801,32497,-30220.4,32632.1,13.1,-0.303,83335863,112598915,LOCKED,1.000030220000,145379993936820
14261,-143465229116828,-10777,52521,-30320.1,32059.7,13.6,-0.303,83335863,112679325,LOCKED,1.000030320000,145380994091143
14262,-143465229137378,776,64074,-30409.1,31287.6,13.7,-0.301,83335864,112754586,LOCKED,1.000030409000,145381994132552
14263,-143465229151388,17728,81026,-30465.8,30634.1,13.8,-0.299,83335864,112829167,LOCKED,1.000030466000,145382994292021
# STATS: PDUs=1917 CSV=1916 Gaps=0 Dups=0 Skip=0 Outlier=272 d_min=-63298 ns drift=-30465.8 ns/s sigma=30634.1 ns state=LOCKED clk_err=+0 ns
14264,-143465229155618,42213,105511,-30450.1,30836.9,13.9,-0.296,83335864,112919451,LOCKED,1.000030450000,145383994348471
14265,-143465229277419,-45170,18128,-30569.9,31283.0,13.8,-0.285,83335864,112895380,LOCKED,1.000030570000,145384994510044
14266,-143465229266373,-3329,59969,-30575.4,31286.2,13.9,-0.280,83335864,112997228,LOCKED,1.000030575000,145385994653622
14267,-143465229283023,9258,72556,-30525.1,31199.6,14.0,-0.274,83335864,113070138,LOCKED,1.000030525000,145386994797150
14268,-143465229312542,10893,74191,-30574.2,30784.8,13.7,-0.259,83335865,113160943,LOCKED,1.000030574000,145387994709720
14269,-143465229313308,38729,102027,-30541.7,31109.8,13.4,-0.243,83335865,113117819,LOCKED,1.000030542000,145388994866265
14270,-143465229432450,-46058,17240,-30652.5,31646.9,13.1,-0.225,83335865,113194228,LOCKED,1.000030652000,145389995021921
14271,-143465229442844,-23746,39552,-30713.9,31774.0,12.7,-0.204,83335865,113278154,LOCKED,1.000030714000,145390995181638
14272,-143465229472093,-21134,42164,-30735.1,31879.8,12.5,-0.191,83335865,113360500,LOCKED,1.000030735000,145391995345377
14273,-143465229462439,17156,80454,-30660.5,31778.1,12.4,-0.177,83335865,113445905,LOCKED,1.000030660000,145392995509041
14274,-143465229464649,41180,104478,-30511.4,31712.4,12.2,-0.160,83335865,113538043,LOCKED,1.000030511000,145393995547552
14275,-143465229495446,36724,100022,-30367.5,31506.8,12.1,-0.119,83335865,113495251,LOCKED,1.000030368000,145394995725924
14276,-143465229579380,-14941,48357,-30436.1,31401.0,11.9,-0.083,83335865,113607020,LOCKED,1.000030436000,145395995898364
14277,-143465229573998,19719,83017,-30412.0,31504.4,11.6,-0.049,83335865,113705654,LOCKED,1.000030412000,145396996039779
14278,-143465229584361,35916,99214,-30282.5,31459.6,11.2,-0.015,83335865,113787778,LOCKED,1.000030282000,145397996068061
14279,-143465229607390,39058,102356,-30145.4,31458.0,11.1,0.006,83335865,113857949,LOCKED,1.000030145000,145398996209209
14280,-143465229630595,41713,105011,-30004.2,31526.0,10.8,0.028,83335865,113925276,LOCKED,1.000030004000,145399996242213
14281,-143465229758945,-51726,11572,-30159.3,31911.5,10.0,0.070,83335865,113887322,LOCKED,1.000030159000,145400996388375
14282,-143465229776971,-36325,26973,-30259.4,32166.9,9.6,0.101,83335865,113965350,LOCKED,1.000030259000,145401996541638
14283,-143465229786173,-14219,49079,-30287.3,32224.0,9.6,0.100,83335865,114046481,LOCKED,1.000030287000,145402996690928
14284,-143465229799343,1844,65142,-30238.5,32031.5,9.6,0.097,83335865,114127070,LOCKED,1.000030239000,145403996842170
14285,-143465229816313,13235,76533,-30168.2,31873.9,9.5,0.081,83335864,114204594,LOCKED,1.000030168000,145404996988341
14286,-143465229828749,28901,92199,-30114.8,32114.0,9.6,0.072,83335864,114282939,LOCKED,1.000030115000,145405997132459
14287,-143465229849723,36488,99786,-30099.2,32277.1,9.7,0.062,83335864,114349854,LOCKED,1.000030099000,145406997164558
14288,-143465229940882,-22133,41165,-30182.3,32235.2,9.6,0.063,83335865,114352960,LOCKED,1.000030182000,145407997197740
14289,-143465229952713,-4971,58327,-30115.5,31707.9,9.6,0.065,83335865,114431412,LOCKED,1.000030115000,145408997359859
14290,-143465229956883,18873,82171,-30043.6,31669.0,9.5,0.065,83335865,114520499,LOCKED,1.000030044000,145409997509906
14291,-143465229973900,30589,93887,-30030.1,31788.2,9.5,0.066,83335865,114596938,LOCKED,1.000030030000,145410997548936
14292,-143465230038057,-2114,61184,-30096.7,31415.1,9.3,0.066,83335865,114623373,LOCKED,1.000030097000,145411997575032
14293,-143465230062501,2804,66102,-30065.2,31350.1,9.4,0.074,83335866,114694109,LOCKED,1.000030065000,145412997731100
14294,-143465230072824,20203,83501,-29983.6,31266.5,9.3,0.081,83335866,114774925,LOCKED,1.000029984000,145413997753083
14295,-143465230107222,15420,78718,-29991.2,31221.7,9.2,0.088,83335866,114728343,LOCKED,1.000029991000,145414997910078
14296,-143465230213408,-55644,7654,-30150.8,31762.0,8.6,0.096,83335866,114816035,LOCKED,1.000030151000,145415998055232
14297,-143465230237386,-46614,16684,-30213.6,32353.3,8.7,0.102,83335866,114887075,LOCKED,1.000030214000,145416998203449
14298,-143465230227957,-5562,57736,-30273.6,32126.5,8.6,0.109,83335866,114992022,LOCKED,1.000030274000,145417998226722
14299,-143465230252390,10,63308,-30260.4,32110.2,8.7,0.114,83335866,115056056,LOCKED,1.000030260000,145418998373985
14300,-143465230267984,12310,75608,-30164.6,31635.4,8.6,0.121,83335866,115133967,LOCKED,1.000030165000,145419998524153
14301,-143465230285598,24687,87985,-30197.2,31264.7,8.7,0.124,83335866,115209615,LOCKED,1.000030197000,145420998672353
14302,-143465230299343,38698,101996,-30141.7,31688.9,8.8,0.128,83335866,115289902,LOCKED,1.000030142000,145421998705494
14303,-143465230424513,-53402,9896,-30196.7,32370.1,8.8,0.129,83335865,115253141,LOCKED,1.000030197000,145422998852694
14304,-143465230442926,-40134,23164,-30202.8,32446.0,8.6,0.137,83335866,115327801,LOCKED,1.000030203000,145423999005900
14305,-143465230450493,-17894,45404,-30153.4,31930.8,9.1,0.144,83335867,115411886,LOCKED,1.000030153000,145424999158057
14306,-143465230460444,3681,66979,-30227.1,31326.2,9.1,0.146,83335865,115495731,LOCKED,1.000030227000,145425999309287
14307,-143465230492695,2851,66149,-30290.5,30876.5,8.9,0.154,83335866,115570223,LOCKED,1.000030291000,145426999347577
14308,-143465230574223,-46149,17149,-30323.7,31287.9,8.9,0.152,83335865,115559927,LOCKED,1.000030324000,145427999368900
14309,-143465230603867,-43639,19659,-30340.9,31511.4,8.8,0.150,83335865,115628644,LOCKED,1.000030341000,145428999535245
14310,-143465230605237,-14794,48504,-30310.1,31267.7,8.8,0.148,83335865,115719207,LOCKED,1.000030310000,145429999683558
14311,-143465230637075,-16802,46496,-30258.5,30715.9,8.8,0.146,83335865,115797987,LOCKED,1.000030258000,145430999834820
14312,-143465230703253,-48103,15195,-30405.4,31026.2,8.7,0.143,83335865,115879487,LOCKED,1.000030405000,145431999865225
14313,-143465230654686,29506,92804,-30387.6,31173.6,8.7,0.141,83335865,115844261,LOCKED,1.000030388000,145433000017616
14314,-143465230769632,-51264,12034,-30488.4,31930.2,8.7,0.138,83335865,115924426,LOCKED,1.000030488000,145434000179108
14315,-143465230779598,-28877,34421,-30531.9,32165.5,8.8,0.135,83335864,116010629,LOCKED,1.000030532000,145435000346644
14316,-143465230779646,887,64185,-30498.0,32068.0,8.7,0.132,83335865,116101582,LOCKED,1.000030498000,145436000509146
14317,-143465230776998,31118,94416,-30406.6,32218.6,8.7,0.128,83335865,116197186,LOCKED,1.000030407000,145437000530552
14318,-143465230895193,-51461,11837,-30576.9,32378.0,8.4,0.117,83335865,116172055,LOCKED,1.000030577000,145438000578129
14319,-143465230900994,-23498,39800,-30694.5,31992.6,8.3,0.112,83335865,116259157,LOCKED,1.000030695000,145439000749827
14320,-143465230904391,4810,68108,-30752.2,31586.7,8.1,0.098,83335866,116350295,LOCKED,1.000030752000,145440000910583
14321,-143465230903778,34556,95059,-30730.2,31793.2,7.8,0.081,83335866,116443723,LOCKED,1.000030730000,145441001056316
14322,-143465230935116,32145,92648,-30695.1,32049.2,7.8,0.071,83335866,116503206,LOCKED,1.000030695000,145442001082010
14323,-143465230957569,37599,98102,-30620.7,32446.7,7.9,0.060,83335866,116571461,LOCKED,1.000030621000,145443001233634
# STATS: PDUs=1977 CSV=1976 Gaps=0 Dups=0 Skip=0 Outlier=272 d_min=-60503 ns drift=-30620.7 ns/s sigma=32446.7 ns state=LOCKED clk_err=+0 ns
14324,-143465230972127,49074,109577,-30476.9,32820.7,8.3,0.044,83335867,116652142,LOCKED,1.000030477000,145444001324112
14325,-143465231055942,-2175,58328,-30576.0,31981.4,8.2,0.028,83335866,116664494,LOCKED,1.000030576000,145445001478691
14326,-143465231049743,32903,93406,-30547.4,32213.3,8.1,0.009,83335866,116762210,LOCKED,1.000030547000,145446001622241
14327,-143465231066353,43883,104386,-30475.1,32757.9,7.8,-0.015,83335865,116836285,LOCKED,1.000030475000,145447001647715
14328,-143465231161519,-19443,41060,-30509.8,32864.1,8.2,0.011,83335867,116833417,LOCKED,1.000030510000,145448001801228
14329,-143465231175495,-3677,56826,-30465.9,32636.2,8.3,0.017,83335866,116914651,LOCKED,1.000030466000,145449001940697
14330,-143465231200447,3655,64158,-30561.4,31671.3,8.3,0.021,83335866,116980402,LOCKED,1.000030561000,145450002090262
14331,-143465231212693,21937,82440,-30596.4,31298.9,8.3,0.025,83335866,117058601,LOCKED,1.000030596000,145451002244862
14332,-143465231228883,35402,95905,-30609.1,31131.9,8.4,0.028,83335866,117139856,LOCKED,1.000030609000,145452002391474
14333,-143465231241885,49698,110201,-30529.1,31850.2,8.4,0.030,83335866,117217693,LOCKED,1.000030529000,145453002420003
14334,-143465231371255,-46804,13699,-30566.1,32289.8,8.4,0.018,83335865,117181724,LOCKED,1.000030566000,145454002563572
14335,-143465231395639,-38834,21669,-30589.3,32532.3,8.7,-0.001,83335864,117246188,LOCKED,1.000030589000,145455002713164
14336,-143465231417452,-27192,33311,-30684.9,32530.0,8.7,0.008,83335866,117321158,LOCKED,1.000030685000,145456002857852
14337,-143465231433384,-11825,48678,-30695.4,32559.9,9.0,-0.008,83335864,117394229,LOCKED,1.000030695000,145457002998550
14338,-143465231414985,33973,94476,-30589.9,32692.5,9.2,-0.021,83335864,117509403,LOCKED,1.000030590000,145458003140143
14339,-143465231430602,44538,105041,-30447.4,32870.3,9.2,-0.024,83335865,117582679,LOCKED,1.000030447000,145459003184590
14340,-143465231553186,-46109,14394,-30443.8,32816.2,9.4,-0.035,83335864,117553395,LOCKED,1.000030444000,145460003324037
14341,-143465231565214,-24291,36212,-30570.6,32329.7,9.4,-0.036,83335865,117633675,LOCKED,1.000030571000,145461003487611
14342,-143465231560838,11287,71790,-30620.5,31913.6,9.4,-0.038,83335865,117731095,LOCKED,1.000030620000,145462003628234
14343,-143465231587860,14606,75109,-30631.1,31851.9,9.5,-0.047,83335864,117813413,LOCKED,1.000030631000,145463003656864
14344,-143465231652029,-17564,42939,-30669.1,31936.2,9.5,-0.048,83335865,117774101,LOCKED,1.000030669000,145464003814536
14345,-143465231707776,-40158,20345,-30724.3,32377.0,9.3,-0.050,83335865,117860175,LOCKED,1.000030724000,145465003958263
14346,-143465231724006,-24867,35636,-30722.0,32358.5,9.0,-0.052,83335865,117940482,LOCKED,1.000030722000,145466004121989
14347,-143465231732591,-3779,56724,-30664.1,31974.0,8.9,-0.060,83335864,118024648,LOCKED,1.000030664000,145467004174653
14348,-143465231805130,-41977,18526,-30775.0,32349.7,9.1,-0.067,83335864,118049005,LOCKED,1.000030775000,145468004216428
14349,-143465231808975,-13893,46610,-30808.6,32396.7,9.1,-0.068,83335865,118132586,LOCKED,1.000030809000,145469004376240
14350,-143465231825162,-2,60501,-30772.6,32277.0,9.3,-0.075,83335864,118211457,LOCKED,1.000030773000,145470004544016
14351,-143465231821966,30569,91072,-30656.5,32180.2,9.4,-0.081,83335864,118308515,LOCKED,1.000030656000,145471004581672
14352,-143465231841524,38767,99270,-30578.5,32598.7,9.5,-0.086,83335864,118278253,LOCKED,1.000030578000,145472004642251
14353,-143465231941937,-29503,31000,-30606.2,32791.5,9.5,-0.085,83335865,118375200,LOCKED,1.000030606000,145473004804861
14354,-143465231941300,499,61002,-30546.0,32467.9,9.6,-0.088,83335864,118469909,LOCKED,1.000030546000,145474004972411
14355,-143465231939933,29225,89728,-30438.0,32413.0,10.1,-0.093,83335863,118564514,LOCKED,1.000030438000,145475005014849
14356,-143465231948861,48773,109276,-30422.8,32631.7,10.2,-0.095,83335864,118543620,LOCKED,1.000030423000,145476005191276
14357,-143465232034437,-4809,55694,-30492.1,32296.3,10.2,-0.096,83335864,118652366,LOCKED,1.000030492000,145477005340771
14358,-143465232015568,41567,102070,-30414.6,32783.9,10.7,-0.099,83335863,118764214,LOCKED,1.000030415000,145478005245181
14359,-143465232055627,29504,90007,-30344.8,32998.3,11.0,-0.101,83335863,118711288,LOCKED,1.000030345000,145479005423530
14360,-143465232149985,-33159,27344,-30355.9,33104.6,11.4,-0.102,83335863,118812855,LOCKED,1.000030356000,145480005577889
14361,-143465232167163,-20023,40480,-30320.5,32763.8,12.2,-0.104,83335862,118889952,LOCKED,1.000030321000,145481005727213
14362,-143465232192787,-16292,44211,-30245.8,31849.8,12.9,-0.106,83335862,118959482,LOCKED,1.000030246000,145482005878462
14363,-143465232204581,3103,63606,-30297.4,31545.0,13.2,-0.109,83335863,119035564,LOCKED,1.000030297000,145483006026762
14364,-143465232222348,15376,75879,-30310.4,31462.2,13.4,-0.107,83335863,119112175,LOCKED,1.000030310000,145484006177076
14365,-143465232238526,27626,88129,-30263.9,31684.7,13.3,-0.098,83335863,119186141,LOCKED,1.000030264000,145485006324343
14366,-143465232248524,44106,104609,-30151.2,32129.7,13.5,-0.099,83335863,119270266,LOCKED,1.000030151000,145486006350494
14367,-143465232384710,-58602,1901,-30217.1,32977.3,13.5,-0.093,83335864,119228877,LOCKED,1.000030217000,145487006497714
14368,-143465232359451,-1892,58611,-30274.7,32709.8,14.1,-0.094,83335862,119346366,LOCKED,1.000030275000,145488006528988
14369,-143465232377229,10999,71502,-30312.4,32444.9,14.7,-0.093,83335862,119421814,LOCKED,1.000030312000,145489006677303
14370,-143465232392851,24200,84703,-30279.5,32602.5,15.2,-0.091,83335862,119498735,LOCKED,1.000030279000,145490006698582
14371,-143465232420881,24947,85450,-30247.2,32766.1,15.4,-0.089,83335863,119458866,LOCKED,1.000030247000,145491006850832
14372,-143465232528000,-47149,13354,-30403.5,32894.8,15.9,-0.085,83335862,119547541,LOCKED,1.000030403000,145492007000239
14373,-143465232537021,-25169,35334,-30390.9,32778.7,16.3,-0.079,83335862,119630350,LOCKED,1.000030391000,145493007152633
14374,-143465232545227,-1096,59407,-30481.9,32043.7,16.7,-0.072,83335862,119716891,LOCKED,1.000030482000,145494007306118
14375,-143465232558801,15914,76417,-30513.5,31784.8,17.1,-0.074,83335862,119798487,LOCKED,1.000030513000,145495007450634
14376,-143465232574018,29355,89858,-30471.2,32026.0,17.5,-0.063,83335862,119872693,LOCKED,1.000030471000,145496007601108
14377,-143465232589020,40957,101460,-30349.2,32272.9,17.8,-0.049,83335862,119950403,LOCKED,1.000030349000,145497007628457
14378,-143465232685168,-21366,39137,-30484.6,31503.9,18.0,-0.075,83335862,119945671,LOCKED,1.000030485000,145498007654941
14379,-143465232705785,-9558,50945,-30564.1,31154.0,18.2,-0.096,83335862,120020865,LOCKED,1.000030564000,145499007820509
14380,-143465232707142,18753,79256,-30551.3,31219.2,18.2,-0.099,83335862,120110136,LOCKED,1.000030551000,145500007972063
14381,-143465232719784,33625,94128,-30457.9,31439.0,18.1,-0.100,83335862,120192141,LOCKED,1.000030458000,145501008012521
14382,-143465232848911,-61524,0,-30528.5,32401.6,18.1,-0.098,83335862,120153535,LOCKED,1.000030529000,145502008045049
14383,-143465232868743,-48477,13047,-30563.3,32834.1,18.1,-0.092,83335862,120226456,LOCKED,1.000030563000,145503008199616
# STATS: PDUs=2037 CSV=2036 Gaps=0 Dups=0 Skip=0 Outlier=272 d_min=-61524 ns drift=-30563.3 ns/s sigma=32834.1 ns state=LOCKED clk_err=+0 ns
14384,-143465232874885,-23988,37536,-30526.6,32426.9,17.7,-0.067,83335862,120314876,LOCKED,1.000030527000,145504008367146
14385,-143465232886871,-4889,56635,-30545.9,32423.0,17.8,-0.065,83335861,120401060,LOCKED,1.000030546000,145505008532696
14386,-143465232873847,35164,96688,-30431.6,32518.1,17.9,-0.058,83335861,120503146,LOCKED,1.000030432000,145506008563127
14387,-143444303150449,19568779285,19568840809,34280777.9,2.7e+09,17.9,-0.079,83335862,120469705,LOCKED,0.965719222000,145506974387612
14388,-143413693360122,46861428860,46861490384,117608825.2,6.9e+09,17.2,-0.112,83335861,120599468,LOCKED,0.882391175000,145507856799081
14389,-143413693370386,43628767177,43628828701,198072825.2,9.1e+09,16.7,-0.126,83335862,52086213,LOCKED,0.801927175000,145508658805646
14390,-143413693402097,40480575146,40480636670,275672724.0,1.1e+10,16.2,-0.138,83335862,-148784724,LOCKED,0.724327276000,145509383218392
14391,-143413693418119,37416888447,37416949971,350408569.2,1.2e+10,15.6,-0.148,83335862,-427254026,LOCKED,0.649591431000,145510032865687
14392,-143413693477697,34437650795,34437712319,422280282.9,1.3e+10,15.0,-0.156,83335862,-780490797,LOCKED,0.577719717000,145510610646642
14393,-143413693530027,31542912343,31542973867,491287884.9,1.3e+10,14.3,-0.162,83335862,-1205597060,LOCKED,0.508712115000,145511119414715
14394,-143413693603133,28732650234,28732711758,557431145.9,1.4e+10,13.9,-0.158,83335863,-1699719400,LOCKED,0.442568854000,145511562033136
14395,-143413693531484,26007017178,26007078702,620710478.2,1.4e+10,13.9,-0.154,83335863,-2259996551,LOCKED,0.379289522000,145511941338208
14396,-143413693629981,23365709410,23365770934,681125601.8,1.4e+10,13.1,-0.150,83335863,-2883596682,LOCKED,0.318874398000,145512260258524
14397,-143413693623907,20808994525,20809056049,738676702.4,1.5e+10,13.0,-0.146,83335863,-3567567081,LOCKED,0.261323298000,145512521580253
14398,-143413693718871,18336672377,18336733901,793363671.3,1.5e+10,13.0,-0.143,83335863,-4309105317,LOCKED,0.206636329000,145512728213068
14399,-143413693758632,15948896564,15948958088,845186547.7,1.5e+10,12.6,-0.138,83335863,-5105259509,LOCKED,0.154813452000,145512883046181
14400,-143413693763185,13645648328,13645709852,894145209.2,1.5e+10,12.5,-0.134,83335863,-5953322395,LOCKED,0.105854791000,145512988912086
14401,-143413693791135,11426867093,11426928617,940239798.5,1.5e+10,12.2,-0.129,83335863,-6850360519,LOCKED,0.059760202000,145513048678980
14402,-143413693809445,9292584698,9292646222,983470359.9,1.5e+10,11.8,-0.123,83335863,-7793494935,LOCKED,0.016529640000,145513065210256
14403,-143413693843727,7242777578,7242839102,1.0e+09,1.4e+10,11.7,-0.119,83335863,-8779867327,LOCKED,-0.023836815000,145513041371439
14404,-143413693892681,5277449213,5277510737,1.1e+09,1.4e+10,11.2,-0.113,83335863,-9806613408,LOCKED,-0.061339078000,145512980025001
14405,-143413693910799,3396642851,3396704375,1.1e+09,1.4e+10,10.8,-0.106,83335863,-10870870371,LOCKED,-0.095977213000,145512884036944
14406,-143413693927177,1600328026,1600389550,1.1e+09,1.4e+10,10.3,-0.099,83335863,-11969766739,LOCKED,-0.127751286000,145512756270328
14407,-143413693941851,-111495662,0,1.2e+09,1.4e+10,10.1,-0.097,83335862,-13100445763,LOCKED,-0.156661314000,145512599592565
14408,-143413693940645,-1738812950,0,1.2e+09,1.4e+10,10.0,-0.095,83335862,-14260010935,LOCKED,-0.182707215000,145512416897409
14409,-143413694022205,-3281719269,0,1.2e+09,1.3e+10,9.7,-0.091,83335861,-15445510544,LOCKED,-0.205888966000,145512210999384
14410,-143413694009746,-4740043665,0,1.2e+09,1.3e+10,9.5,-0.088,83335862,-16654331292,LOCKED,-0.226206704000,145511984752868
14411,-143413694074497,-6113952944,0,1.2e+09,1.3e+10,9.6,-0.086,83335861,-17883495522,LOCKED,-0.243660334000,145511741078890
14412,-143413694160794,-7403389396,0,1.3e+09,1.3e+10,10.0,-0.085,83335860,-19130098599,LOCKED,-0.258249785000,145511482819292
14413,-143413694135249,-8608224318,0,1.3e+09,1.3e+10,9.5,-0.076,83335861,-20391166936,LOCKED,-0.269975107000,145511212829066
14414,-143413694215552,-9728671680,0,1.3e+09,1.3e+10,9.5,-0.071,83335861,-21664085183,LOCKED,-0.278836293000,145510933943699
14415,-143413694167466,-10764505751,0,1.3e+09,1.3e+10,10.1,-0.072,83335860,-22945892292,LOCKED,-0.284833556000,145510649094192
14416,-143413694248183,-11715974927,0,1.3e+09,1.3e+10,10.0,-0.064,83335861,-24233674644,LOCKED,-0.287966668000,145510361113414
14417,-143413694225202,-12582851012,0,1.3e+09,1.3e+10,9.8,-0.056,83335861,-25524587524,LOCKED,-0.288235670000,145510072822979
14418,-143413694248465,-13365284246,0,1.3e+09,1.3e+10,9.9,-0.052,83335861,-26815783677,LOCKED,-0.285640660000,145509787200601
14419,-143413694330398,-14063281344,0,1.3e+09,1.3e+10,10.0,-0.048,83335861,-28104223899,LOCKED,-0.280181442000,145509507006832
14420,-143413694313812,-14676689782,0,1.3e+09,1.3e+10,10.1,-0.043,83335861,-29387353040,LOCKED,-0.271858089000,145509235097362
14421,-143413694357722,-15205667032,0,1.3e+09,1.3e+10,10.2,-0.044,83335861,-30662198646,LOCKED,-0.260670626000,145508974410053
14422,-143413694435052,-15650183607,0,1.2e+09,1.3e+10,10.3,-0.045,83335861,-31925823957,LOCKED,-0.246618986000,145508727747909
14423,-143413694395553,-16010097401,0,1.2e+09,1.3e+10,10.4,-0.037,83335861,-33175436459,LOCKED,-0.229703387000,145508498028903
14424,-143413694462575,-16285624554,0,1.2e+09,1.3e+10,10.4,-0.028,83335861,-34408098924,LOCKED,-0.209923640000,145508288090359
14425,-143413694529477,-16476658567,0,1.2e+09,1.4e+10,10.7,-0.015,83335860,-35620984013,LOCKED,-0.187279751000,145508100801057
14426,-143413694507234,-16583116500,0,1.2e+09,1.4e+10,11.0,0.001,83335860,-36811218479,LOCKED,-0.161771881000,145507938997631
14427,-143413694582163,-16605174093,0,1.1e+09,1.4e+10,10.5,0.026,83335862,-37975982581,LOCKED,-0.133399653000,145507805586239
14428,-143413694624021,-16542708534,62465559,1.1e+09,1.4e+10,10.8,0.036,83335860,-39112304228,LOCKED,-0.102163393000,145507703427546
14429,-143413694622332,-16395710854,209463239,1.1e+09,1.4e+10,11.1,0.048,83335860,-40217296095,LOCKED,-0.068063103000,145507635355596
14430,-143413694622789,-16164226647,440947446,1.0e+09,1.4e+10,11.5,0.014,83335860,-41288332245,LOCKED,-0.031098781000,145507604256318
14431,-143413694573783,-15848207081,756967012,991270486.4,1.5e+10,11.3,0.037,83335862,-42322385073,LOCKED,0.008729514000,145507612986931
14432,-143413694626904,-15447794344,1157379749,948577914.3,1.5e+10,11.7,0.012,83335860,-43316620579,LOCKED,0.051422086000,145507664413387
14433,-143413694510595,-14962731077,1642443016,903021505.4,1.5e+10,12.0,-0.010,83335860,-44268157917,LOCKED,0.096978495000,145507761413022
14434,-143413694474388,-14393261425,2211912668,854601122.6,1.5e+10,12.2,-0.029,83335860,-45174130392,LOCKED,0.145398877000,145507906813062
14435,-143413694436102,-13739303091,2865871002,803316757.8,1.5e+10,12.2,-0.032,83335861,-46031687776,LOCKED,0.196683242000,145508103527773
14436,-143413694455665,-13000912100,3604261993,749168310.6,1.5e+10,12.2,-0.035,83335861,-46837945620,LOCKED,0.250831689000,145508354382288
14437,-143413694431363,-12177989606,4427184487,692155853.4,1.4e+10,12.2,-0.037,83335861,-47590050928,LOCKED,0.307844147000,145508662255679
14438,-143413694374071,-11270545859,5334628234,632279300.7,1.4e+10,12.2,-0.044,83335861,-48285120468,LOCKED,0.367720699000,145509030010208
14439,-143413694362284,-10278658662,6326515431,569538697.2,1.4e+10,12.2,-0.049,83335861,-48920339227,LOCKED,0.430461303000,145509460516709
14440,-143413694325210,-9202259456,7402914637,503934115.4,1.3e+10,12.2,-0.054,83335861,-49492809798,LOCKED,0.496065885000,145509956630215
14441,-143413694303152,-8041387129,8563786964,435465509.3,1.3e+10,12.2,-0.058,83335861,-49999671014,LOCKED,0.564534491000,145510521220030
14442,-143413694276822,-6796018729,9809155364,364132686.5,1.2e+10,12.1,-0.061,83335861,-50438057956,LOCKED,0.635867313000,145511157074626
14443,-143413694252203,-5466163518,11139010575,289935821.0,1.1e+10,12.1,-0.064,83335861,-50805062496,LOCKED,0.710064179000,145511867206971
# STATS: PDUs=2097 CSV=2096 Gaps=0 Dups=0 Skip=0 Outlier=328 d_min=-16605174093 ns drift=289935821.0 ns/s sigma=1.1e+10 ns state=LOCKED clk_err=+0 ns
14444,-143413694226353,-4051819017,12553355076,212874935.3,9.4e+09,12.1,-0.066,83335861,-51097917584,LOCKED,0.787125065000,145512654418619
14445,-143413694206107,-2552991449,14052182644,132950008.7,7.4e+09,12.1,-0.067,83335861,-51313700473,LOCKED,0.867049991000,145513521552714
14446,-143413694170628,-969661749,15635512344,50161106.8,3.9e+09,12.1,-0.061,83335862,-51449544078,LOCKED,0.949838893000,145514471487540
14447,-143413694135796,497270,16605671363,-17687.5,202788.0,12.1,-0.056,83335862,-51502594451,LOCKED,1.000017688000,145515471632229
14448,-143413694061523,543268,16605717361,-16332.8,213530.5,12.1,-0.058,83335861,-51469941972,LOCKED,1.000016333000,145516471729563
14449,-143413694045668,529010,16605703103,-14930.5,222269.8,12.2,-0.066,83335860,-51419761887,LOCKED,1.000014930000,145517471833494
14450,-143413694035820,508054,16605682147,-13528.3,229335.6,12.4,-0.072,83335860,-51419738502,LOCKED,1.000013528000,145518471935023
14451,-143413694019578,491932,16605666025,-12091.3,234688.0,12.3,-0.072,83335861,-51419706795,LOCKED,1.000012091000,145519472043115
14452,-143413693989897,488318,16605662411,-10673.3,239963.2,12.3,-0.073,83335861,-51419664042,LOCKED,1.000010673000,145520472195789
14453,-143413693914435,526483,16605700576,-9191.8,246624.3,12.3,-0.068,83335862,-51419577788,LOCKED,1.000009192000,145521472283981
14454,-143413693897570,506761,16605680854,-7785.2,252882.1,12.1,-0.066,83335861,-51419550711,LOCKED,1.000007785000,145522472377766
14455,-143413693877535,486035,16605660128,-6208.0,255249.4,11.8,-0.063,83335861,-51419523620,LOCKED,1.000006208000,145523472465974
14456,-143413693873089,452147,16605626240,-4771.2,257748.3,11.6,-0.056,83335862,-51419508855,LOCKED,1.000004771000,145524472550745
14457,-143413693859600,425823,16605599916,-3288.5,257929.6,11.3,-0.053,83335861,-51419492186,LOCKED,1.000003288000,145525472631033
14458,-143413693815510,430013,16605604106,-1881.3,259573.4,11.0,-0.049,83335861,-51419442817,LOCKED,1.000001881000,145526472703914
14459,-143413693709880,490041,16605664134,-363.0,263061.0,10.7,-0.044,83335861,-51419442453,LOCKED,1.000000363000,145527472901277
14460,-143413693713901,440911,16605615004,1138.2,263827.9,10.4,-0.036,83335862,-51419314363,LOCKED,0.999998862000,145528473007138
14461,-143413693699280,410484,16605584577,2613.4,263228.9,10.4,-0.025,83335863,-51419290921,LOCKED,0.999997387000,145529473114524
14462,-143413693653644,408866,16605582959,4127.2,261845.0,10.2,-0.016,83335862,-51419246584,LOCKED,0.999995873000,145530473201396
14463,-143413693621749,392832,16605566925,5626.5,259745.2,9.8,-0.007,83335862,-51419220649,LOCKED,0.999994373000,145531473276769
14464,-143413693603935,363553,16605537646,7059.7,257111.3,9.5,0.003,83335862,-51419210320,LOCKED,0.999992940000,145532473356708
14465,-143413693592217,328494,16605502587,8465.4,252916.4,9.1,0.013,83335862,-51419202996,LOCKED,0.999991535000,145533473428241
14466,-143413693580590,293656,16605467749,9844.7,247133.7,8.7,0.024,83335862,-51419195510,LOCKED,0.999990155000,145534473500395
14467,-143413693561716,265894,16605439987,11210.8,239836.3,8.6,0.030,83335862,-51419186572,LOCKED,0.999988789000,145535473576183
14468,-143413693502800,274927,16605449020,12654.4,231018.2,8.6,0.037,83335862,-51419141140,LOCKED,0.999987346000,145536473569528
14469,-143413693448845,278927,16605453020,14023.9,223952.2,8.7,0.038,83335862,-51419097406,LOCKED,0.999985976000,145537473626503
14470,-143413693453751,224909,16605399002,15374.5,213544.8,8.7,0.045,83335862,-51419116266,LOCKED,0.999984625000,145538473729126
14471,-143413693401325,227884,16605401977,16670.5,204301.0,8.8,0.045,83335862,-51419077082,LOCKED,0.999983329000,145539473785454
14472,-143413693392020,191113,16605365206,17798.1,196584.2,8.8,0.038,83335862,-51419085764,LOCKED,0.999982202000,145540473733656
14473,-143413693294792,236351,16605410444,19085.6,187357.1,8.8,0.038,83335861,-51419109949,LOCKED,0.999980914000,145541473915566
14474,-143413693280724,201569,16605375662,20213.4,179597.1,8.8,0.038,83335861,-51419008074,LOCKED,0.999979787000,145542473974351
14475,-143413693280102,153230,16605327323,21371.8,167153.2,8.6,0.030,83335861,-51419027883,LOCKED,0.999978628000,145543474039977
14476,-143413693263984,123485,16605297578,22370.4,156690.5,8.6,0.029,83335861,-51419032775,LOCKED,0.999977630000,145544474103604
14477,-143413693249778,91751,16605265844,23376.6,142901.5,8.8,0.031,83335860,-51419041348,LOCKED,0.999976623000,145545474162225
14478,-143413693220891,75194,16605249287,24336.5,128109.0,8.9,0.029,83335862,-51419034296,LOCKED,0.999975663000,145546474094889
14479,-143413693126810,122128,16605296221,25254.7,117105.5,8.9,0.029,83335861,-51419069649,LOCKED,0.999974745000,145547474274629
14480,-143413693105370,96448,16605270541,26169.3,102723.0,8.9,0.029,83335861,-51418972966,LOCKED,0.999973831000,145548474333457
14481,-143413693092708,64612,16605238705,26963.0,88609.8,8.9,0.022,83335861,-51418981543,LOCKED,0.999973037000,145549474393491
14482,-143413693077078,39378,16605213471,27581.0,77927.6,8.9,0.015,83335861,-51418991859,LOCKED,0.999972419000,145550474514905
14483,-143413692996432,74826,16605248919,28322.7,62772.7,9.0,0.010,83335861,-51418937222,LOCKED,0.999971677000,145551474517581
14484,-143413693036930,-3710,16605170383,28806.6,49978.2,9.0,0.005,83335861,-51419006388,LOCKED,0.999971193000,145552474637770
14485,-143413692967868,27392,16605201485,29211.2,41824.0,8.9,-0.028,83335860,-51418967047,LOCKED,0.999970789000,145553474759554
14486,-143413692889200,64802,16605238895,29695.6,31653.1,8.7,-0.062,83335860,-51418917750,LOCKED,0.999970304000,145554474754857
14487,-143413692933946,-13142,16605160951,29889.8,26872.3,8.7,-0.052,83335861,-51418988160,LOCKED,0.999970110000,145555474807964
14488,-143413692883255,5152,16605179245,30004.5,25604.8,8.5,-0.065,83335862,-51418969696,LOCKED,0.999969996000,145556474757960
14489,-143413692852817,4011,16605178104,30075.2,25130.7,8.1,-0.096,83335861,-51418970410,LOCKED,0.999969925000,145557474875880
14490,-143413692778166,45145,16605219238,30169.2,25842.0,8.0,-0.102,83335860,-51418922139,LOCKED,0.999969831000,145558474877709
14491,-143413692818166,-24381,16605149712,30178.2,25743.2,7.9,-0.113,83335860,-51418987342,LOCKED,0.999969822000,145559474928528
14492,-143413692800496,-32737,16605141356,30028.6,25128.6,7.8,-0.117,83335860,-51419005190,LOCKED,0.999969971000,145560475102493
14493,-143413692671234,61211,16605235304,30186.5,26176.1,7.7,-0.122,83335860,-51418902786,LOCKED,0.999969813000,145561475156303
14494,-143413692647772,49641,16605223734,30342.0,26504.6,7.6,-0.127,83335860,-51418911270,LOCKED,0.999969658000,145562475209958
14495,-143413692637322,26098,16605200191,30478.1,25810.1,8.0,-0.141,83335859,-51418931216,LOCKED,0.999969522000,145563475267477
14496,-143413692618435,13365,16605187458,30512.0,25861.2,8.0,-0.145,83335860,-51418938489,LOCKED,0.999969488000,145564475322962
14497,-143413692600174,1020,16605175113,30514.9,25861.4,8.1,-0.149,83335860,-51418953101,LOCKED,0.999969485000,145565475374444
14498,-143413692565305,4108,16605178201,30570.3,25596.5,8.1,-0.146,83335861,-51418949229,LOCKED,0.999969430000,145566475370872
14499,-143413692493843,41715,16605215808,30662.3,26174.9,8.1,-0.144,83335861,-51418905954,LOCKED,0.999969338000,145567475370208
14500,-143413692540797,-34214,16605139879,30636.4,26452.9,8.2,-0.148,83335860,-51418986380,LOCKED,0.999969364000,145568475429568
14501,-143413692523350,-44687,16605129406,30577.3,27099.0,8.2,-0.146,83335861,-51418996150,LOCKED,0.999969423000,145569475599984
14502,-143413692403457,41530,16605215623,30660.4,27668.0,8.5,-0.138,83335862,-51418906319,LOCKED,0.999969340000,145570475531324
14503,-143413692392635,20223,16605194316,30699.0,27803.0,8.5,-0.137,83335861,-51418925675,LOCKED,0.999969301000,145571475587622
# STATS: PDUs=2157 CSV=2156 Gaps=0 Dups=0 Skip=0 Outlier=388 d_min=-16605174093 ns drift=30699.0 ns/s sigma=27803.0 ns state=LOCKED clk_err=+0 ns
14504,-143413692366776,14458,16605188551,30720.4,27870.5,8.5,-0.136,83335861,-51418930619,LOCKED,0.999969280000,145572475629899
14505,-143413692374146,-21684,16605152409,30660.6,27975.2,8.5,-0.136,83335861,-51418966180,LOCKED,0.999969339000,145573475688235
14506,-143413692342488,-19035,16605155058,30611.2,28066.7,8.6,-0.129,83335862,-51418967523,LOCKED,0.999969389000,145574475746621
14507,-143413692321395,-26487,16605147606,30553.7,28283.3,8.7,-0.123,83335862,-51418975111,LOCKED,0.999969446000,145575475797064
14508,-143413692268519,-5095,16605168998,30608.0,27865.0,8.9,-0.119,83335862,-51418952255,LOCKED,0.999969392000,145576475725457
14509,-143413692258256,-24573,16605149520,30606.3,27880.1,8.8,-0.119,83335862,-51418971952,LOCKED,0.999969394000,145577475781848
14510,-143413692241214,-35779,16605138314,30550.0,28296.0,8.7,-0.119,83335862,-51418986027,LOCKED,0.999969450000,145578475823295
14511,-143413692129360,42955,16605217048,30604.8,28847.2,8.8,-0.118,83335862,-51419007624,LOCKED,0.999969395000,145579475893687
14512,-143413692087634,50956,16605225049,30673.2,29621.5,8.9,-0.117,83335862,-51418998520,LOCKED,0.999969327000,145580475983010
14513,-143413692136000,-27386,16605146707,30684.6,29497.5,9.4,-0.110,83335863,-51418972797,LOCKED,0.999969315000,145581476037322
14514,-143413692118527,-38672,16605135421,30654.4,29819.6,9.5,-0.110,83335862,-51418986936,LOCKED,0.999969346000,145582476206661
14515,-143413691989428,55521,16605229614,30770.9,30722.1,9.6,-0.110,83335862,-51418885608,LOCKED,0.999969229000,145583476256887
14516,-143413691974022,37967,16605212060,30815.3,31104.3,9.6,-0.107,83335862,-51418899877,LOCKED,0.999969185000,145584476305069
14517,-143413691954528,25897,16605199990,30808.9,31044.9,9.7,-0.108,83335862,-51418912938,LOCKED,0.999969191000,145585476358257
14518,-143413691903411,43779,16605217872,30855.3,31520.9,9.6,-0.112,83335861,-51418888351,LOCKED,0.999969145000,145586476406399
14519,-143413691887624,24918,16605199011,31000.3,30716.0,9.6,-0.115,83335861,-51418903018,LOCKED,0.999969000000,145587476465395
14520,-143413691871986,8013,16605182106,31062.8,30505.0,9.6,-0.113,83335861,-51418916148,LOCKED,0.999968937000,145588476512329
14521,-143413691859484,-10310,16605163783,31068.2,30482.7,9.3,-0.105,83335861,-51418934847,LOCKED,0.999968932000,145589476628256
14522,-143413691774442,39873,16605213966,31188.2,30716.0,9.3,-0.102,83335861,-51418880788,LOCKED,0.999968812000,145590476678065
14523,-143413691755980,24292,16605198385,31288.1,30572.4,9.3,-0.099,83335861,-51418894862,LOCKED,0.999968712000,145591476729774
14524,-143413691738122,9411,16605183504,31343.8,30448.4,9.3,-0.096,83335861,-51418905975,LOCKED,0.999968656000,145592476786427
14525,-143413691720648,-4322,16605169771,31344.3,30447.7,9.2,-0.092,83335861,-51418918760,LOCKED,0.999968656000,145593476788081
14526,-143413691649214,33941,16605208034,31377.5,30727.5,9.2,-0.087,83335861,-51418985375,LOCKED,0.999968622000,145594476856700
14527,-143413691716976,-60050,16605114043,31224.4,31574.4,9.3,-0.084,83335862,-51418975737,LOCKED,0.999968776000,145595476915472
14528,-143413691667841,-39278,16605134815,31149.2,32018.0,9.2,-0.078,83335861,-51418959876,LOCKED,0.999968851000,145596476858323
14529,-143413691644236,-44361,16605129732,31102.1,32492.8,9.2,-0.072,83335861,-51418967215,LOCKED,0.999968898000,145597476914218
14530,-143413691626770,-53597,16605120496,30975.1,33199.4,9.3,-0.062,83335860,-51418979674,LOCKED,0.999969025000,145598476976240
14531,-143413691504311,35444,16605209537,31036.1,33546.4,9.4,-0.050,83335860,-51418991961,LOCKED,0.999968964000,145599477032201
14532,-143413691514443,-4648,16605169445,30990.9,33429.4,9.5,-0.036,83335860,-51418929172,LOCKED,0.999969009000,145600476955211
14533,-143413691520980,-40882,16605133211,30995.4,33369.2,9.5,-0.034,83335861,-51418966077,LOCKED,0.999969005000,145601477008212
14534,-143413691399319,45610,16605219703,31124.7,33723.8,9.5,-0.033,83335861,-51418980205,LOCKED,0.999968875000,145602477174081
14535,-143413691381469,30193,16605204286,31179.7,33971.7,9.5,-0.033,83335861,-51418884622,LOCKED,0.999968820000,145603477231898
14536,-143413691362811,16946,16605191039,31187.1,34005.7,9.5,-0.033,83335861,-51418897689,LOCKED,0.999968813000,145604477284708
14537,-143413691343937,5331,16605179424,31143.9,33768.9,9.3,-0.050,83335861,-51418909716,LOCKED,0.999968856000,145605477340561
14538,-143413691288648,28697,16605202790,31134.4,33675.5,9.3,-0.035,83335861,-51418885681,LOCKED,0.999968866000,145606477224429
14539,-143413691335241,-46757,16605127336,31100.5,34065.4,9.3,-0.037,83335861,-51418964024,LOCKED,0.999968899000,145607477393322
14540,-143413691210955,42808,16605216901,31207.2,34470.8,9.2,-0.040,83335861,-51418869334,LOCKED,0.999968793000,145608477438112
14541,-143413691200713,20346,16605194439,31246.9,34580.0,9.2,-0.038,83335861,-51418888809,LOCKED,0.999968753000,145609477488862
14542,-143413691185047,4870,16605178963,31233.6,34544.9,9.4,-0.024,83335862,-51418904924,LOCKED,0.999968766000,145610477540625
14543,-143413691173806,-15348,16605158745,31270.3,34255.5,9.4,-0.023,83335861,-51418924228,LOCKED,0.999968730000,145611477657350
14544,-143413691103947,22847,16605196940,31251.6,34093.1,9.4,-0.022,83335861,-51418884651,LOCKED,0.999968748000,145612477709095
14545,-143413691084500,10232,16605184325,31274.4,34119.3,9.3,-0.020,83335861,-51418895370,LOCKED,0.999968726000,145613477761818
14546,-143413691076210,-13613,16605160480,31339.4,33468.0,9.1,-0.018,83335861,-51418918972,LOCKED,0.999968661000,145614477822475
14547,-143413691055976,-22367,0,31261.1,33468.6,9.3,-0.010,83335862,-51418926498,LOCKED,0.999968739000,145615477881211
14548,-143413691024869,-20882,1485,31215.2,33580.9,9.1,-0.011,83335861,-51418929459,LOCKED,0.999968785000,145616477878994
14549,-143413690944444,26724,49091,31249.6,33762.6,9.3,-0.018,83335860,-51418879674,LOCKED,0.999968750000,145617477881743
14550,-143413690989601,-47676,0,31230.4,34014.0,9.1,-0.018,83335861,-51418953054,LOCKED,0.999968770000,145618477998507
14551,-143413690907948,3689,51365,31177.9,33709.4,9.1,-0.012,83335862,-51418903550,LOCKED,0.999968822000,145619478103324
14552,-143413690838651,40735,88411,31162.7,33496.1,8.9,-0.013,83335861,-51418866114,LOCKED,0.999968837000,145620478094160
14553,-143413690886987,-37801,9875,31178.4,33287.1,8.7,-0.015,83335861,-51418943853,LOCKED,0.999968822000,145621478211976
14554,-143413690813729,2635,50311,31254.8,32821.5,8.6,-0.016,83335861,-51418899595,LOCKED,0.999968745000,145622478198720
14555,-143413690761463,21340,69016,31332.7,32799.8,8.0,-0.015,83335862,-51418985381,LOCKED,0.999968667000,145623478311382
14556,-143413690790202,-36647,11029,31291.2,33128.2,7.8,-0.013,83335862,-51418941720,LOCKED,0.999968709000,145624478419086
14557,-143413690720116,2023,49699,31294.0,33129.3,7.7,-0.011,83335862,-51418901118,LOCKED,0.999968706000,145625478415791
14558,-143413690726072,-33042,14634,31241.7,33428.9,7.7,-0.013,83335861,-51418936977,LOCKED,0.999968758000,145626478407548
14559,-143413690651851,7876,55552,31329.9,32945.7,7.7,-0.011,83335862,-51418895310,LOCKED,0.999968670000,145627478392217
14560,-143413690604790,23159,70835,31313.3,32797.9,7.5,-0.011,83335862,-51418983495,LOCKED,0.999968687000,145628478510898
14561,-143413690624908,-24837,22839,31185.8,32322.4,8.0,-0.006,83335863,-51418932289,LOCKED,0.999968814000,145629478624707
14562,-143413690555612,11191,58867,31269.5,31974.7,8.0,-0.002,83335862,-51418890571,LOCKED,0.999968730000,145630478488440
14563,-143413690629028,-88050,0,31148.6,34038.9,8.0,-0.002,83335862,-51418972243,LOCKED,0.999968851000,145631478622286
# STATS: PDUs=2217 CSV=2216 Gaps=0 Dups=0 Skip=0 Outlier=448 d_min=-88050 ns drift=31148.6 ns/s sigma=34038.9 ns state=LOCKED clk_err=+0 ns
14564,-143413690552029,-39854,48196,31099.7,34428.1,8.1,-0.001,83335862,-51418921395,LOCKED,0.999968900000,145632478750181
14565,-143413690469963,11292,99342,31072.0,34265.3,8.1,-0.004,83335861,-51418865629,LOCKED,0.999968928000,145633478746108
14566,-143413690503308,-48737,39313,30937.4,34691.1,8.0,-0.002,83335861,-51418934287,LOCKED,0.999969063000,145634478847166
14567,-143413690440682,-14556,73494,30839.1,34286.9,8.0,0.000,83335861,-51418900569,LOCKED,0.999969161000,145635478839326
14568,-143413690467001,-66288,21762,30682.8,35312.4,7.9,0.002,83335861,-51418955744,LOCKED,0.999969317000,145636478833642
14569,-143413690403550,-29765,58285,30547.7,34958.8,7.9,0.005,83335861,-51418923483,LOCKED,0.999969452000,145637478945089
14570,-143413690332675,12046,100096,30454.7,33861.6,7.8,0.009,83335861,-51418884016,LOCKED,0.999969545000,145638478934633
14571,-143413690379453,-61354,26696,30368.5,34832.3,7.7,0.012,83335861,-51418958464,LOCKED,0.999969632000,145639479050260
14572,-143413690308183,-19862,68188,30372.6,34806.2,7.7,0.017,83335862,-51418917017,LOCKED,0.999969627000,145640479168882
14573,-143413690228730,29175,117225,30326.1,34204.7,7.4,0.028,83335860,-51418864095,LOCKED,0.999969674000,145641479164555
14574,-143413690266670,-34170,53880,30141.0,33128.9,7.3,0.034,83335861,-51418933877,LOCKED,0.999969859000,145642479279409
14575,-143413690190993,9914,97964,30195.9,33028.7,7.2,0.040,83335861,-51418888744,LOCKED,0.999969804000,145643479389208
14576,-143413690125371,42111,130161,30284.5,33500.5,7.1,0.047,83335862,-51418849735,LOCKED,0.999969715000,145644479384922
14577,-143413690167446,-28273,59777,30234.5,33719.8,7.1,0.055,83335862,-51418922534,LOCKED,0.999969766000,145645479371687
14578,-143413690075806,30325,118375,30322.0,33865.9,7.1,0.055,83335861,-51418968513,LOCKED,0.999969678000,145646479377363
14579,-143413690103557,-26194,61856,30289.2,34037.0,7.2,0.054,83335862,-51418920913,LOCKED,0.999969711000,145647479498069
14580,-143413690025100,20797,108847,30312.5,34138.5,7.3,0.053,83335862,-51418869947,LOCKED,0.999969688000,145648479489755
14581,-143413689969630,43804,131854,30345.2,34484.1,7.4,0.051,83335862,-51418950571,LOCKED,0.999969655000,145649479600405
14582,-143413690007160,-23484,64566,30355.4,34401.0,7.9,0.046,83335863,-51418912697,LOCKED,0.999969645000,145650479712045
14583,-143413689931887,19418,107468,30422.2,34408.7,8.4,0.040,83335863,-51418868083,LOCKED,0.999969578000,145651479706622
14584,-143413689877257,40519,128569,30507.5,34828.5,8.4,0.045,83335862,-51418948072,LOCKED,0.999969493000,145652479824110
14585,-143413689909622,-20802,67248,30465.8,34940.6,8.4,0.050,83335862,-51418904182,LOCKED,0.999969534000,145653479937639
14586,-143413689836711,18999,107049,30564.2,34671.8,8.7,0.069,83335863,-51418861740,LOCKED,0.999969436000,145654479936073
14587,-143413689878674,-48114,39936,30378.2,34392.4,8.6,0.100,83335863,-51418931793,LOCKED,0.999969622000,145655480055690
14588,-143413689779349,20977,109027,30336.1,33965.5,8.8,0.116,83335863,-51418864184,LOCKED,0.999969664000,145656479916357
14589,-143413689739530,30282,118332,30294.4,33416.0,8.7,0.119,83335862,-51418960607,LOCKED,0.999969706000,145657480036058
14590,-143413689774687,-30563,57487,30118.8,32319.5,8.8,0.120,83335863,-51418920314,LOCKED,0.999969881000,145658480157934
14591,-143413689699018,13452,101502,30171.8,32290.4,8.7,0.106,83335862,-51418870179,LOCKED,0.999969828000,145659480275757
14592,-143413689633723,46144,134194,30214.5,32758.8,8.6,0.089,83335862,-51418836884,LOCKED,0.999969786000,145660480152545
14593,-143413689691295,-36985,51065,30047.1,32176.8,8.7,0.103,83335863,-51418926543,LOCKED,0.999969953000,145661480267493
14594,-143413689623610,-316,87734,30095.2,31955.1,8.7,0.116,83335863,-51418885376,LOCKED,0.999969905000,145662480386393
14595,-143413689547184,42442,130492,30200.2,32384.1,8.6,0.115,83335862,-51418838490,LOCKED,0.999969800000,145663480378192
14596,-143413689593744,-32375,55675,30158.6,32660.2,8.7,0.125,83335863,-51418914255,LOCKED,0.999969841000,145664480491029
14597,-143413689528659,2493,90543,30157.3,32659.0,8.6,0.124,83335862,-51418879935,LOCKED,0.999969843000,145665480489870
14598,-143413689549777,-46336,41714,30114.3,33127.8,8.5,0.123,83335862,-51418933011,LOCKED,0.999969886000,145666480484754
14599,-143413689488542,-12391,75659,29996.0,32316.9,8.4,0.122,83335862,-51418895802,LOCKED,0.999970004000,145667480602753
14600,-143413689412283,30504,118554,30110.8,32233.6,8.4,0.128,83335863,-51418852084,LOCKED,0.999969889000,145668480583641
14601,-143413689367454,41661,129711,30216.5,32628.5,8.3,0.126,83335862,-51418940181,LOCKED,0.999969784000,145669480699420
14602,-143413689394799,-15094,72956,30202.0,32679.7,8.3,0.125,83335862,-51418895017,LOCKED,0.999969798000,145670480814213
14603,-143413689321713,26389,114439,30226.9,32833.9,8.3,0.123,83335862,-51418850526,LOCKED,0.999969773000,145671480795985
14604,-143413689270467,43407,131457,30351.3,33148.4,8.4,0.116,83335861,-51418934308,LOCKED,0.999969649000,145672480918629
14605,-143413689292392,-8963,79087,30370.9,33058.3,8.5,0.109,83335861,-51418881754,LOCKED,0.999969629000,145673481029253
14606,-143413689224721,26525,114575,30415.8,33253.7,8.6,0.102,83335861,-51418845627,LOCKED,0.999969584000,145674481011836
14607,-143413689176703,41598,129648,30470.8,33701.6,8.7,0.097,83335861,-51418929057,LOCKED,0.999969529000,145675481130360
14608,-143413689169007,17892,105942,30486.8,33768.0,8.8,0.092,83335861,-51418849071,LOCKED,0.999969513000,145676481127872
