15089,-146177443603938,0,0,27762.2,79939.0,13.4,0.234,83335856,0,ACQUIRING,1.000000000000,0
15090,-146177443564920,0,0,27898.0,78702.0,13.4,0.237,83335857,0,ACQUIRING,1.000000000000,0
15091,-146177443581033,0,0,27775.2,77519.3,13.4,0.241,83335856,0,ACQUIRING,1.000000000000,0
15092,-146177443503980,0,0,27921.3,76450.8,13.6,0.238,83335855,0,ACQUIRING,1.000000000000,0
15093,-146177443431939,0,0,28253.8,76152.5,13.7,0.235,83335855,0,ACQUIRING,1.000000000000,0
15094,-146177443478480,0,0,28197.0,75052.1,13.9,0.232,83335855,0,ACQUIRING,1.000000000000,0
15095,-146177443395826,0,0,28381.3,74294.3,13.8,0.218,83335855,0,ACQUIRING,1.000000000000,0
15096,-146177443424960,0,0,28305.1,73315.4,13.6,0.199,83335856,0,ACQUIRING,1.000000000000,0
15097,-146177443326929,0,0,28508.3,72786.2,13.7,0.195,83335855,0,ACQUIRING,1.000000000000,0
15098,-146177443303813,0,0,28662.7,72116.5,14.4,0.143,83335855,0,ACQUIRING,1.000000000000,0
15099,-146177443309554,0,0,28675.8,71188.2,14.8,0.086,83335855,0,ACQUIRING,1.000000000000,0
15100,-146177443309901,0,0,28590.6,70398.8,15.1,0.050,83335855,0,ACQUIRING,1.000000000000,0
15101,-146177443182625,0,0,28829.8,70436.8,15.0,0.017,83335856,0,ACQUIRING,1.000000000000,0
15102,-146177443154770,0,0,29034.8,70303.8,15.0,-0.032,83335855,0,ACQUIRING,1.000000000000,0
15103,-146177443119557,0,0,29231.6,70183.0,14.8,-0.083,83335855,0,ACQUIRING,1.000000000000,0
15104,-146177443101494,0,0,29372.8,69768.2,14.4,-0.139,83335855,0,ACQUIRING,1.000000000000,0
15105,-146177443157216,0,0,29270.4,69207.3,14.4,-0.148,83335856,0,ACQUIRING,1.000000000000,0
15106,-146177443096953,0,0,29259.4,68453.6,14.4,-0.158,83335855,0,ACQUIRING,1.000000000000,0
15107,-146177443018500,0,0,29370.1,68016.6,14.4,-0.154,83335856,0,ACQUIRING,1.000000000000,0
15108,-146177443014791,0,0,29407.7,67340.8,14.5,-0.163,83335855,0,ACQUIRING,1.000000000000,0
15109,-146177442938804,0,0,29546.4,67179.7,14.5,-0.172,83335855,0,ACQUIRING,1.000000000000,0
15110,-146177442972393,0,0,29532.3,66510.3,14.5,-0.179,83335855,0,ACQUIRING,1.000000000000,0
15111,-146177442969047,0,0,29464.8,65997.9,14.5,-0.185,83335855,0,ACQUIRING,1.000000000000,0
15112,-146177442846589,0,0,29592.4,65902.6,14.4,-0.190,83335855,0,ACQUIRING,1.000000000000,0
15113,-146177442829143,0,0,29682.9,65567.2,14.4,-0.196,83335855,0,ACQUIRING,1.000000000000,0
15114,-146177442822913,0,0,29720.0,65008.8,14.5,-0.201,83335855,0,ACQUIRING,1.000000000000,0
# STATS: PDUs=57 CSV=56 Gaps=0 Dups=0 Skip=0 d_min=9223372036854775807 ns drift=29720.0 ns/s sigma=65008.8 ns state=ACQUIRING clk_err=+0 ns
15115,-146177442798455,0,0,29743.7,64437.6,14.7,-0.212,83335854,0,ACQUIRING,1.000000000000,0
15116,-146177442780201,0,0,29745.0,63859.8,14.7,-0.216,83335855,0,ACQUIRING,1.000000000000,0
15117,-146177442731134,0,0,29778.8,63348.7,14.6,-0.221,83335855,0,ACQUIRING,1.000000000000,0
# CLOCK: Initial set — GPS time 146239048717873 ns, drift 29696.2 ns/s, sf=0.999970304
15118,-146177442770434,-47141,0,29696.2,63125.7,14.6,-0.225,83335855,0,ACQUIRING,0.999970304000,146239048717873
# 1PPS: Enabled (state=ACQUIRING)
# 1PPS #1: 8283249 ticks (99.399 ms, sf=0.999970304)
15119,-146177442720003,-37791,9350,30319.1,34089.5,14.6,-0.224,83335856,73729,ACQUIRING,0.999969681000,146240048815550
# 1PPS #2: 8275304 ticks (99.304 ms, sf=0.999969681)
15120,-146177442731348,-75433,0,30247.0,35288.7,14.6,-0.227,83335855,-670369,ACQUIRING,0.999969753000,146241048908299
# 1PPS #3: 8268297 ticks (99.220 ms, sf=0.999969753)
15121,-146177442731666,-99007,0,30068.3,37761.1,14.4,-0.227,83335855,-635873,ACQUIRING,0.999969932000,146242048992227
15122,-146177442748228,-135705,0,29806.0,41975.5,14.2,-0.223,83335856,-623665,ACQUIRING,0.999970194000,146243049057418
# STATE: ACQUIRING → LOCKED (error +0 ns)
15123,-146177442777810,-183299,0,29531.6,48665.2,14.2,-0.223,83335854,-618784,LOCKED,0.999970468000,146244049193881
15124,-146177442836885,-253686,0,29058.5,59584.3,14.3,-0.227,83335854,-650465,LOCKED,0.999970942000,146245049106824
15125,-146177442830735,-256236,0,28484.4,68320.0,14.3,-0.230,83335855,-712390,LOCKED,0.999971516000,146246049285333
15126,-146177442859016,-291666,0,27921.4,78869.2,13.7,-0.225,83335855,-604751,LOCKED,0.999972079000,146247049333409
15127,-146177442909602,-343332,0,27173.7,90921.4,13.0,-0.220,83335856,-618883,LOCKED,0.999972826000,146248049388233
15128,-146177442925873,-360697,0,26492.4,103206.3,12.3,-0.210,83335855,-600583,LOCKED,0.999973508000,146249049333741
15129,-146177442970078,-402019,0,25717.9,116631.2,12.1,-0.206,83335854,-605878,LOCKED,0.999974282000,146250049383021
15130,-146177443036229,-457149,0,24673.2,130774.7,12.0,-0.204,83335855,-636071,LOCKED,0.999975327000,146251049309348
15131,-146177443009917,-423876,33273,23824.1,142646.4,11.1,-0.195,83335855,-676978,LOCKED,0.999976176000,146252049485519
15132,-146177443057298,-457571,0,22742.2,154077.5,10.8,-0.189,83335854,-579222,LOCKED,0.999977258000,146253049530775
15133,-146177443124069,-506530,0,21592.2,167510.4,10.6,-0.184,83335855,-607606,LOCKED,0.999978408000,146254049604180
15134,-146177443160026,-522759,0,20431.5,180947.3,9.5,-0.171,83335853,-603286,LOCKED,0.999979568000,146255049655746
15135,-146177443222929,-559025,0,19048.7,193731.9,10.1,-0.169,83335853,-623298,LOCKED,0.999980951000,146256049832693
15136,-146177443161707,-476517,82508,17859.4,202407.0,10.6,-0.167,83335853,-516593,LOCKED,0.999982141000,146257049884832
15137,-146177443228081,-518128,40897,16627.0,212813.7,11.2,-0.169,83335852,-539083,LOCKED,0.999983373000,146258049946203
15138,-146177443253365,-516520,42505,15347.8,222199.7,12.1,-0.164,83335853,-519299,LOCKED,0.999984652000,146259049885855
15139,-146177443320337,-550200,8825,13873.0,231071.0,12.1,-0.152,83335852,-540711,LOCKED,0.999986127000,146260049959980
15140,-146177443379903,-574836,0,12431.1,241573.4,12.9,-0.143,83335853,-551192,LOCKED,0.999987569000,146261050140546
15141,-146177443319084,-483371,91465,11118.5,247726.5,13.1,-0.133,83335853,-438416,LOCKED,0.999988882000,146262050201426
15142,-146177443380798,-510252,64584,9709.2,254128.3,13.5,-0.129,83335854,-446981,LOCKED,0.999990291000,146263050266716
15143,-146177443455007,-545190,29646,8209.2,261317.2,12.9,-0.107,83335853,-454418,LOCKED,0.999991791000,146264050336506
15144,-146177443500881,-549462,25374,6675.5,268147.6,13.0,-0.091,83335853,-462298,LOCKED,0.999993324000,146265050394830
15145,-146177443458659,-469774,105062,5287.8,272148.2,13.3,-0.081,83335854,-469030,LOCKED,0.999994712000,146266050593541
15146,-146177443491757,-460999,113837,3737.0,273269.4,13.0,-0.060,83335853,-338164,LOCKED,0.999996263000,146267050685803
15147,-146177443530691,-457783,117053,2243.4,275095.1,13.2,-0.045,83335853,-316672,LOCKED,0.999997757000,146268050646559
15148,-146177443554383,-436672,138164,657.6,274151.8,13.3,-0.027,83335853,-386187,LOCKED,0.999999342000,146269050867901
15149,-146177443574972,-413227,161609,-851.4,273160.1,13.4,-0.006,83335854,-240772,LOCKED,1.000000851000,146270050957752
15150,-146177443622121,-414529,160307,-2373.2,272018.7,13.3,0.002,83335853,-219846,LOCKED,1.000002373000,146271051040125
15151,-146177443671072,-414007,160829,-3999.4,268874.0,12.9,0.007,83335853,-208678,LOCKED,1.000003999000,146272051128124
15152,-146177443723018,-415818,159018,-5575.1,266799.3,12.9,0.004,83335854,-189806,LOCKED,1.000005575000,146273051208699
15153,-146177443788187,-429375,145461,-7123.4,266056.8,12.9,0.004,83335853,-187182,LOCKED,1.000007123000,146274051417823
15154,-146177443726481,-319102,255734,-8629.7,259398.6,13.0,-0.007,83335853,-53398,LOCKED,1.000008630000,146275051516453
15155,-146177443765995,-310641,264195,-10046.8,253970.8,13.2,-0.017,83335853,-20933,LOCKED,1.000010047000,146276051597500
15156,-146177443825793,-318211,256625,-11590.8,246041.6,13.3,-0.025,83335853,-11227,LOCKED,1.000011591000,146277051686091
15157,-146177443882499,-322926,251910,-13039.3,240395.7,13.2,-0.014,83335852,8466,LOCKED,1.000013039000,146278051783131
15158,-146177443902823,-291620,283216,-14451.1,233441.2,13.6,-0.031,83335853,62044,LOCKED,1.000014451000,146279051752581
15159,-146177443965975,-299825,275011,-15942.8,224843.7,13.6,-0.047,83335852,76882,LOCKED,1.000015943000,146280051850525
15160,-146177443929906,-212219,362617,-17339.5,212339.0,13.9,-0.071,83335852,87934,LOCKED,1.000017340000,146281051948865
15161,-146177443988610,-220828,354008,-18582.3,203951.3,14.1,-0.092,83335853,210213,LOCKED,1.000018582000,146282052048448
15162,-146177444049375,-229797,345039,-19832.7,195606.3,13.8,-0.102,83335851,232116,LOCKED,1.000019833000,146283052144282
15163,-146177444109286,-236655,338181,-21071.9,187667.9,14.2,-0.127,83335852,259770,LOCKED,1.000021072000,146284052364358
15164,-146177444042843,-123705,451131,-22116.6,177176.0,14.3,-0.140,83335853,406255,LOCKED,1.000022117000,146285052480476
15165,-146177444081392,-112926,461910,-23266.6,161833.8,14.2,-0.144,83335851,451967,LOCKED,1.000023267000,146286052579744
15166,-146177444143555,-125243,449593,-24365.0,147806.9,14.3,-0.162,83335851,477325,LOCKED,1.000024365000,146287052689111
15167,-146177444199669,-132193,442643,-25364.2,136513.4,14.5,-0.177,83335851,513929,LOCKED,1.000025364000,146288052792477
15168,-146177444209773,-94536,480300,-26308.2,123160.9,14.5,-0.190,83335851,588645,LOCKED,1.000026308000,146289052787784
15169,-146177444273361,-110719,464117,-27161.1,113097.8,14.7,-0.202,83335852,613351,LOCKED,1.000027161000,146290052896947
15170,-146177444320483,-108441,466395,-28074.1,99367.5,14.6,-0.206,83335852,655603,LOCKED,1.000028074000,146291053014023
15171,-146177444257824,-2777,572059,-28803.7,81993.6,14.5,-0.210,83335852,704209,LOCKED,1.000028804000,146292053244832
15172,-146177444320162,-24251,550585,-29356.4,71921.1,14.4,-0.213,83335852,839815,LOCKED,1.000029356000,146293053354190
15173,-146177444377295,-39803,535033,-29891.3,62484.6,14.3,-0.215,83335852,877157,LOCKED,1.000029891000,146294053489084
15174,-146177444408817,-30439,544397,-30381.3,52706.9,14.2,-0.216,83335852,938894,LOCKED,1.000030381000,146295053600467
# STATS: PDUs=117 CSV=116 Gaps=0 Dups=0 Skip=0 d_min=-574836 ns drift=-30381.3 ns/s sigma=52706.9 ns state=LOCKED clk_err=+0 ns
15175,-146177444459971,-40796,534040,-30825.5,44446.0,14.0,-0.216,83335853,977892,LOCKED,1.000030826000,146296053723295
15176,-146177444508152,-48379,526457,-31225.5,37721.7,14.0,-0.215,83335852,1027372,LOCKED,1.000031225000,146297053843523
15177,-146177444542715,-44565,530271,-31502.9,34947.2,13.9,-0.214,83335852,1086073,LOCKED,1.000031503000,146298053953028
15178,-146177444575558,-38555,536281,-31800.1,30536.6,13.8,-0.213,83335853,1143145,LOCKED,1.000031800000,146299054064830
15179,-146177444524934,42990,617826,-31828.5,30032.1,13.6,-0.208,83335852,1306292,LOCKED,1.000031829000,146300054188661
15180,-146177444583713,16374,591210,-31872.3,29587.3,13.1,-0.202,83335852,1365364,LOCKED,1.000031872000,146301054311536
15181,-146177444656647,-22681,552155,-31933.1,29702.2,12.9,-0.199,83335853,1416013,LOCKED,1.000031933000,146302054453472
15182,-146177444614792,47727,622563,-31846.5,30400.2,12.7,-0.192,83335852,1487164,LOCKED,1.000031846000,146303054584321
15183,-146177444646551,44513,619349,-31758.3,30985.5,12.0,-0.184,83335852,1549369,LOCKED,1.000031758000,146304054720082
15184,-146177444675532,44867,619703,-31714.0,31466.9,12.0,-0.182,83335852,1613083,LOCKED,1.000031714000,146305054863799
15185,-146177444697842,50124,624960,-31593.6,32096.1,12.0,-0.181,83335853,1689194,LOCKED,1.000031594000,146306054993395
15186,-146177444734012,41755,616591,-31476.6,32416.8,11.8,-0.172,83335852,1745260,LOCKED,1.000031477000,146307055121874
15187,-146177444769546,34945,609781,-31399.5,32739.3,11.5,-0.164,83335852,1805562,LOCKED,1.000031400000,146308055107272
15188,-146177444806474,26635,601471,-31307.1,32748.0,10.7,-0.150,83335852,1754363,LOCKED,1.000031307000,146309055255582
15189,-146177444820862,40192,615028,-31208.8,33129.3,10.3,-0.139,83335853,1940017,LOCKED,1.000031209000,146310055373793
15190,-146177444875244,16462,591298,-31208.8,33129.1,10.2,-0.134,83335852,1978232,LOCKED,1.000031209000,146311055366000
15191,-146177444938737,-16143,558693,-31166.2,32743.6,9.8,-0.121,83335852,2011176,LOCKED,1.000031166000,146312055509169
15192,-146177444967707,-13923,560913,-31144.1,32600.2,9.3,-0.107,83335853,2073786,LOCKED,1.000031144000,146313055641316
15193,-146177445003864,-17445,557391,-31188.4,32669.0,9.2,-0.099,83335852,2135111,LOCKED,1.000031188000,146314055755506
15194,-146177445058210,-37505,537331,-31278.2,33011.1,8.6,-0.081,83335853,2171829,LOCKED,1.000031278000,146315055879787
15195,-146177445095552,-39147,535689,-31430.4,32804.6,8.6,-0.080,83335853,2230669,LOCKED,1.000031430000,146316056008220
15196,-146177445130449,-41187,533649,-31431.9,32824.8,8.7,-0.079,83335854,2288839,LOCKED,1.000031432000,146317056114654
15197,-146177445080067,37762,612598,-31354.0,33210.5,9.0,-0.079,83335852,2327594,LOCKED,1.000031354000,146318056228010
15198,-146177445196764,-44973,529863,-31407.2,33709.2,8.9,-0.088,83335853,2408457,LOCKED,1.000031407000,146319056246416
15199,-146177445229932,-42976,531860,-31520.4,34085.0,8.8,-0.101,83335853,2474308,LOCKED,1.000031520000,146320056490943
15200,-146177445156050,60122,634958,-31507.3,34312.2,8.9,-0.099,83335852,2642196,LOCKED,1.000031507000,146321056619453
15201,-146177445188024,54504,629340,-31344.8,34716.8,9.0,-0.075,83335853,2702222,LOCKED,1.000031345000,146322056736800
15202,-146177445229121,41429,616265,-31250.5,35129.5,9.0,-0.041,83335853,2753354,LOCKED,1.000031250000,146323056863053
15203,-146177445265059,35294,610130,-31238.1,35247.0,9.0,-0.041,83335852,2814317,LOCKED,1.000031238000,146324056983293
15204,-146177445311410,20321,595157,-31278.9,34856.1,9.0,-0.024,83335853,2859476,LOCKED,1.000031279000,146325057103574
15205,-146177445354175,7340,582176,-31217.6,34668.1,8.7,0.009,83335853,2912295,LOCKED,1.000031218000,146326057225794
15206,-146177445389525,2068,576904,-31165.0,34461.3,8.7,0.027,83335853,2970227,LOCKED,1.000031165000,146327057343961
15207,-146177445427271,-4958,569878,-31134.8,34336.2,8.7,0.032,83335852,3025995,LOCKED,1.000031135000,146328057464098
15208,-146177445432223,18812,593648,-31047.5,34173.2,8.6,0.055,83335853,3113522,LOCKED,1.000031048000,146329057454144
15209,-146177445492016,-10763,564073,-30988.8,33672.3,8.3,0.040,83335852,3150196,LOCKED,1.000030989000,146330057589136
15210,-146177445515950,-4494,570342,-30942.7,33417.2,8.3,0.031,83335852,3218573,LOCKED,1.000030943000,146331057694080
15211,-146177445572276,-28426,546410,-30966.6,33579.6,8.6,0.012,83335851,3252331,LOCKED,1.000030967000,146332057816049
15212,-146177445622434,-44315,530521,-31055.2,34104.1,8.2,0.005,83335852,3294424,LOCKED,1.000031055000,146333057915106
15213,-146177445580008,28681,603517,-31079.1,33841.2,8.1,0.001,83335852,3323594,LOCKED,1.000031079000,146334058170192
15214,-146177445596498,38838,613674,-30925.9,33609.5,8.1,-0.003,83335852,3506770,LOCKED,1.000030926000,146335058284120
15215,-146177445649639,14052,588888,-30822.9,33111.5,8.0,-0.006,83335852,3546675,LOCKED,1.000030823000,146336058399945
15216,-146177445707393,-12687,562149,-30811.2,33052.0,7.9,-0.008,83335852,3590432,LOCKED,1.000030811000,146337058521759
15217,-146177445762603,-34486,540350,-30881.6,33373.3,8.1,-0.017,83335851,3638348,LOCKED,1.000030882000,146338058640643
15218,-146177445779667,-19433,555403,-30909.9,33474.5,8.0,-0.018,83335852,3713038,LOCKED,1.000030910000,146339058638551
15219,-146177445820211,-26197,548639,-31007.4,33425.0,8.2,-0.026,83335851,3753737,LOCKED,1.000031007000,146340058759561
15220,-146177445866730,-40152,534684,-31017.0,33537.9,8.4,-0.033,83335851,3797478,LOCKED,1.000031017000,146341058776577
15221,-146177445905098,-44679,530157,-31081.4,34065.1,8.5,-0.038,83335851,3857158,LOCKED,1.000031081000,146342058890661
15222,-146177445848196,41247,616083,-31049.0,34383.9,8.3,-0.040,83335852,3902601,LOCKED,1.000031049000,146343059129716
15223,-146177445904589,16593,591429,-31110.6,33733.9,8.4,-0.045,83335851,4069972,LOCKED,1.000031111000,146344059245829
15224,-146177445953780,-2817,572019,-31040.5,33231.4,8.5,-0.049,83335851,4116752,LOCKED,1.000031040000,146345059355871
15225,-146177446030298,-46427,528409,-31055.0,33424.4,8.3,-0.051,83335852,4156736,LOCKED,1.000031055000,146346059493929
15226,-146177446000479,13238,588074,-31017.6,33454.7,8.0,-0.053,83335852,4230100,LOCKED,1.000031018000,146347059621949
15227,-146177446033777,10778,585614,-31026.7,33416.3,7.8,-0.056,83335852,4286794,LOCKED,1.000031027000,146348059756978
15228,-146177446044520,28902,603738,-30968.7,33641.1,7.5,-0.059,83335852,4370802,LOCKED,1.000030969000,146349059770946
15229,-146177446088269,15976,590812,-30988.2,33509.7,7.7,-0.057,83335853,4422431,LOCKED,1.000030988000,146350059902937
15230,-146177446118390,17232,592068,-31036.0,33042.3,7.8,-0.055,83335853,4488548,LOCKED,1.000031036000,146351060042976
15231,-146177446143552,20048,594884,-30919.0,32542.8,7.8,-0.056,83335852,4554325,LOCKED,1.000030919000,146352060169898
15232,-146177446181890,11167,586003,-30865.8,32473.5,7.8,-0.058,83335852,4609033,LOCKED,1.000030866000,146353060297766
15233,-146177446214272,9201,584037,-30859.0,32489.5,7.9,-0.062,83335851,4667628,LOCKED,1.000030859000,146354060428628
15234,-146177446255403,-801,574035,-30870.9,32479.4,8.6,-0.068,83335850,4719068,LOCKED,1.000030871000,146355060546501
# STATS: PDUs=177 CSV=176 Gaps=0 Dups=0 Skip=0 d_min=-574836 ns drift=-30870.9 ns/s sigma=32479.4 ns state=LOCKED clk_err=+0 ns
15235,-146177446304709,-17093,557743,-30947.8,32358.9,9.1,-0.069,83335850,4763937,LOCKED,1.000030948000,146356060658451
15236,-146177446366131,-42926,531910,-31104.5,32268.9,9.2,-0.072,83335851,4800772,LOCKED,1.000031105000,146357060779558
15237,-146177446391484,-32934,541902,-31258.1,31719.9,9.8,-0.077,83335850,4865398,LOCKED,1.000031258000,146358060911819
15238,-146177446381189,10099,584935,-31347.8,30641.2,9.8,-0.074,83335851,4973917,LOCKED,1.000031348000,146359060906165
15239,-146177446451760,-27791,547045,-31367.0,30788.0,9.9,-0.077,83335851,4993504,LOCKED,1.000031367000,146360061022534
15240,-146177446398726,53275,628111,-31291.8,31595.0,10.1,-0.077,83335853,5035357,LOCKED,1.000031292000,146361061152828
15241,-146177446431463,50155,624991,-31293.1,31574.2,10.0,-0.073,83335852,5098313,LOCKED,1.000031293000,146362061396127
15242,-146177446461353,47521,622357,-31173.7,32106.0,10.0,-0.075,83335852,5269142,LOCKED,1.000031174000,146363061512303
15243,-146177446504491,32475,607311,-31076.3,32255.6,10.0,-0.077,83335852,5319260,LOCKED,1.000031076000,146364061647382
15244,-146177446539449,25803,600639,-30982.1,32222.9,10.0,-0.079,83335852,5374723,LOCKED,1.000030982000,146365061762366
15245,-146177446585411,8804,583640,-30897.5,31796.6,9.9,-0.073,83335852,5427690,LOCKED,1.000030897000,146366061881266
15246,-146177446618749,4708,579544,-30823.9,31398.2,10.0,-0.077,83335853,5484562,LOCKED,1.000030824000,146367062008092
15247,-146177446652855,156,574992,-30761.7,31030.1,10.0,-0.080,83335852,5546212,LOCKED,1.000030762000,146368062141856
15248,-146177446662150,19164,594000,-30672.7,30842.0,10.0,-0.084,83335852,5626209,LOCKED,1.000030673000,146369062142527
15249,-146177446708783,1303,576139,-30581.5,30062.4,9.9,-0.077,83335852,5673442,LOCKED,1.000030581000,146370062262111
15250,-146177446745362,-5407,569429,-30537.4,29784.1,9.9,-0.081,83335852,5728821,LOCKED,1.000030537000,146371062400651
15251,-146177446773103,-2425,572411,-30542.5,29785.8,10.0,-0.082,83335851,5795113,LOCKED,1.000030542000,146372062519196
15252,-146177446809034,-7337,567499,-30553.7,29802.2,10.0,-0.081,83335851,5851233,LOCKED,1.000030554000,146373062638752
15253,-146177446845804,-12511,562325,-30584.1,29843.3,10.0,-0.092,83335851,5906758,LOCKED,1.000030584000,146374062778339
15254,-146177446875914,-10275,564561,-30653.6,29608.4,10.0,-0.074,83335852,5968955,LOCKED,1.000030654000,146375062901995
15255,-146177446907035,-8761,566075,-30736.4,29168.0,10.0,-0.057,83335852,6030811,LOCKED,1.000030736000,146376063031734
15256,-146177446956089,-23797,551039,-30858.1,28685.0,9.5,-0.025,83335852,6077095,LOCKED,1.000030858000,146377063178595
15257,-146177446979214,-16073,558763,-30830.9,28446.2,9.6,-0.022,83335852,6149328,LOCKED,1.000030831000,146378063304428
15258,-146177446995802,44,574880,-30923.2,27533.2,9.5,-0.015,83335851,6241922,LOCKED,1.000030923000,146379063311350
15259,-146177447021063,7287,582123,-31013.1,26378.7,9.4,-0.006,83335851,6293947,LOCKED,1.000031013000,146380063455366
15260,-146177447044205,12754,0,-30916.1,25796.9,9.4,0.001,83335852,6364148,LOCKED,1.000030916000,146381063605285
15261,-146177447096590,-9644,0,-30854.3,25100.6,9.2,-0.001,83335852,6423860,LOCKED,1.000030854000,146382063730142
15262,-146177447165892,-46212,0,-30869.7,25369.2,9.1,-0.012,83335851,6489280,LOCKED,1.000030870000,146383063875015
15263,-146177447133682,14661,60873,-30785.6,25042.1,9.1,-0.010,83335852,6560450,LOCKED,1.000030786000,146384064023804
15264,-146177447145252,30988,77200,-30695.2,25238.9,8.9,-0.018,83335851,6636732,LOCKED,1.000030695000,146385064046498
15265,-146177447183234,21791,68003,-30637.6,25367.4,8.7,-0.026,83335851,6586631,LOCKED,1.000030638000,146386064197139
15266,-146177447298684,-59186,0,-30727.6,26588.7,8.5,-0.032,83335851,6669093,LOCKED,1.000030728000,146387064339870
15267,-146177447314470,-41344,17842,-30801.3,27174.8,8.5,-0.028,83335852,6747642,LOCKED,1.000030801000,146388064492675
15268,-146177447286593,15420,74606,-30732.8,27065.8,8.3,-0.033,83335851,6869480,LOCKED,1.000030733000,146389064514407
15269,-146177447324290,8014,67200,-30724.5,27084.1,8.3,-0.036,83335851,6926578,LOCKED,1.000030724000,146390064671135
15270,-146177447330704,30102,89288,-30665.4,27386.5,8.3,-0.032,83335852,7014212,LOCKED,1.000030665000,146391064680799
15271,-146177447369253,21464,80650,-30664.1,27397.0,8.3,-0.036,83335851,6961930,LOCKED,1.000030664000,146392064839466
15272,-146177447477788,-51376,7810,-30825.9,27720.5,8.6,-0.044,83335850,7053544,LOCKED,1.000030826000,146393064996295
15273,-146177447490287,-31822,27364,-30833.1,27802.3,8.6,-0.040,83335852,7139435,LOCKED,1.000030833000,146394065132131
15274,-146177447514043,-24563,34623,-30801.1,27391.5,8.6,-0.042,83335851,7204429,LOCKED,1.000030801000,146395065271935
15275,-146177447533206,-12837,46349,-30784.0,27275.1,8.6,-0.044,83335851,7279429,LOCKED,1.000030784000,146396065412722
15276,-146177447548956,2163,61349,-30786.0,27273.1,8.6,-0.040,83335852,7357795,LOCKED,1.000030786000,146397065556511
15277,-146177447561294,20200,79386,-30799.4,27148.4,8.6,-0.043,83335851,7437567,LOCKED,1.000030799000,146398065574310
15278,-146177447663938,-47775,11411,-30910.1,27835.0,8.6,-0.040,83335852,7428030,LOCKED,1.000030910000,146399065604220
15279,-146177447689886,-39105,20081,-31027.3,28085.4,8.9,-0.047,83335850,7495831,LOCKED,1.000031027000,146400065740250
15280,-146177447739429,-52321,6865,-31200.7,28271.9,8.8,-0.050,83335851,7540656,LOCKED,1.000031201000,146401065780450
15281,-146177447753409,-30857,28329,-31357.9,27441.5,8.8,-0.050,83335852,7621372,LOCKED,1.000031358000,146402065926811
15282,-146177447771351,-17115,42071,-31345.4,27342.4,8.8,-0.050,83335851,7697767,LOCKED,1.000031345000,146403066076160
15283,-146177447771557,13103,72289,-31322.0,27400.2,8.8,-0.051,83335852,7787447,LOCKED,1.000031322000,146404066217485
15284,-146177447808898,7194,66380,-31339.4,27318.9,8.8,-0.051,83335851,7847794,LOCKED,1.000031339000,146405066377828
15285,-146177447809821,37272,96458,-31384.9,26423.8,8.8,-0.054,83335851,7939733,LOCKED,1.000031385000,146406066523216
15286,-146177447826219,49031,108217,-31307.8,27241.0,8.8,-0.054,83335852,8016655,LOCKED,1.000031308000,146407066552523
15287,-146177447954924,-45032,14154,-31396.8,27908.2,8.8,-0.051,83335851,7982528,LOCKED,1.000031397000,146408066701923
15288,-146177447944992,-3894,55292,-31380.9,27857.7,8.9,-0.050,83335852,8086582,LOCKED,1.000031381000,146409066735303
15289,-146177447967332,4767,63953,-31370.1,27864.6,8.9,-0.048,83335851,8160651,LOCKED,1.000031370000,146410066879676
15290,-146177447980743,21152,80338,-31328.0,28009.5,8.6,-0.041,83335851,8237968,LOCKED,1.000031328000,146411067032007
15291,-146177447988885,41122,100308,-31238.4,28528.5,8.4,-0.034,83335852,8324128,LOCKED,1.000031238000,146412067058245
15292,-146177448013414,44553,103739,-31151.4,29154.9,8.4,-0.031,83335851,8286040,LOCKED,1.000031151000,146413067207400
15293,-146177448128177,-36711,22475,-31205.7,29567.7,8.4,-0.028,83335851,8369565,LOCKED,1.000031206000,146414067354609
15294,-146177448145887,-21537,37649,-31252.3,29704.0,8.3,-0.031,83335851,8449291,LOCKED,1.000031252000,146415067501864
# STATS: PDUs=237 CSV=236 Gaps=0 Dups=0 Skip=0 d_min=-59186 ns drift=-31252.3 ns/s sigma=29704.0 ns state=LOCKED clk_err=+0 ns
15295,-146177448162453,-5597,53589,-31304.7,29530.8,8.0,-0.042,83335851,8522937,LOCKED,1.000031305000,146416067579170
15296,-146177448150418,37163,96349,-31338.1,28968.8,7.6,-0.054,83335852,8526051,LOCKED,1.000031338000,146417067734512
15297,-146177448252172,-29328,29858,-31482.2,28346.8,7.6,-0.060,83335850,8621566,LOCKED,1.000031482000,146418067897998
15298,-146177448219429,33154,92340,-31451.8,28621.9,7.5,-0.074,83335850,8752017,LOCKED,1.000031452000,146419067925449
15299,-146177448238862,44063,103249,-31470.7,28276.7,7.7,-0.079,83335849,8824765,LOCKED,1.000031471000,146420067963919
15300,-146177448258032,51784,110970,-31331.8,28898.9,8.6,-0.083,83335850,8791796,LOCKED,1.000031332000,146421068105254
15301,-146177448381693,-38901,20285,-31347.8,29098.1,8.7,-0.066,83335850,8867935,LOCKED,1.000031348000,146422068266605
15302,-146177448388663,-14643,44543,-31317.5,28842.1,8.9,-0.058,83335850,8960514,LOCKED,1.000031317000,146423068414926
15303,-146177448412601,-7518,51668,-31292.4,28707.9,9.2,-0.049,83335850,9044891,LOCKED,1.000031292000,146424068579222
15304,-146177448401971,31521,90707,-31203.2,28905.7,9.4,-0.037,83335850,9133152,LOCKED,1.000031203000,146425068611425
15305,-146177448422685,39042,98228,-31122.3,29372.1,9.4,-0.048,83335851,9097257,LOCKED,1.000031122000,146426068776551
15306,-146177448526458,-31649,27537,-31165.9,29670.6,9.4,-0.039,83335849,9194966,LOCKED,1.000031166000,146427068941721
15307,-146177448527617,-1641,57545,-31163.2,29668.3,9.6,-0.048,83335850,9286612,LOCKED,1.000031163000,146428069106888
15308,-146177448510904,42389,101575,-31044.7,30027.3,9.6,-0.052,83335849,9396446,LOCKED,1.000031045000,146429069128932
15309,-146177448547089,34397,93583,-30961.8,30338.1,9.9,-0.070,83335850,9452577,LOCKED,1.000030962000,146430069172894
15310,-146177448616456,-4060,55126,-30952.5,30316.4,10.0,-0.071,83335850,9477697,LOCKED,1.000030953000,146431069218846
15311,-146177448643180,-279,58907,-30930.0,30264.2,10.0,-0.072,83335850,9547384,LOCKED,1.000030930000,146432069392780
15312,-146177448634882,36117,95303,-30850.9,30634.7,10.0,-0.091,83335850,9646560,LOCKED,1.000030851000,146433069429631
15313,-146177448763468,-57778,1408,-30943.5,31616.2,10.0,-0.099,83335850,9613662,LOCKED,1.000030944000,146434069586578
15314,-146177448774826,-35846,23340,-30999.2,31983.9,10.0,-0.106,83335851,9696427,LOCKED,1.000030999000,146435069750581
15315,-146177448776599,-6289,52897,-31004.9,31992.7,9.9,-0.102,83335850,9784458,LOCKED,1.000031005000,146436069891589
15316,-146177448801521,310,59496,-31030.8,31927.2,9.8,-0.110,83335850,9855154,LOCKED,1.000031031000,146437070044623
15317,-146177448809475,22139,81325,-31006.4,32049.1,9.6,-0.115,83335851,9935566,LOCKED,1.000031006000,146438070183632
15318,-146177448823825,36058,95244,-30931.9,32409.2,9.5,-0.111,83335849,10018224,LOCKED,1.000030932000,146439070220564
15319,-146177448851591,36212,95398,-30844.1,32726.2,9.7,-0.123,83335850,10083203,LOCKED,1.000030844000,146440070359411
15320,-146177448882956,32577,91763,-30745.2,32865.4,9.7,-0.126,83335849,10142451,LOCKED,1.000030745000,146441070508159
15321,-146177448904914,38508,97694,-30669.0,33272.0,9.7,-0.136,83335850,10216012,LOCKED,1.000030669000,146442070531827
15322,-146177448940827,32166,91352,-30668.6,33276.0,9.5,-0.138,83335849,10168681,LOCKED,1.000030669000,146443070682499
15323,-146177449057410,-51249,7937,-30706.1,33753.2,9.7,-0.146,83335850,10250837,LOCKED,1.000030706000,146444070825208
15324,-146177449072747,-35188,23998,-30681.4,33427.3,9.5,-0.146,83335849,10326524,LOCKED,1.000030681000,146445070969892
15325,-146177449092270,-23938,35248,-30646.1,33046.2,9.6,-0.153,83335851,10403483,LOCKED,1.000030646000,146446071105541
15326,-146177449115650,-14305,44881,-30738.6,32688.5,9.7,-0.148,83335849,10469726,LOCKED,1.000030739000,146447071269283
15327,-146177449118774,13334,72520,-30762.0,32537.2,9.9,-0.153,83335851,10565157,LOCKED,1.000030762000,146448071278044
15328,-146177449146067,14692,73878,-30682.7,32333.2,9.8,-0.147,83335850,10521398,LOCKED,1.000030683000,146449071315726
15329,-146177449159581,28915,88101,-30586.1,32376.0,9.8,-0.148,83335851,10604001,LOCKED,1.000030586000,146450071463315
15330,-146177449287114,-65381,0,-30607.4,32784.3,9.8,-0.144,83335850,10677206,LOCKED,1.000030607000,146451071622926
15331,-146177449287093,-34048,31333,-30585.3,32497.2,9.6,-0.142,83335851,10772104,LOCKED,1.000030585000,146452071763514
15332,-146177449308910,-22660,42721,-30676.4,32399.6,9.7,-0.138,83335850,10841691,LOCKED,1.000030676000,146453071919194
15333,-146177449315420,1873,67254,-30697.6,32345.2,9.6,-0.141,83335851,10924667,LOCKED,1.000030698000,146454072068895
15334,-146177449331162,15998,81379,-30683.4,32400.3,9.5,-0.135,83335850,11008232,LOCKED,1.000030683000,146455072096578
15335,-146177449364428,12422,77803,-30655.2,32440.4,9.5,-0.135,83335850,10967004,LOCKED,1.000030655000,146456072246236
15336,-146177449387038,18495,83876,-30589.0,32432.5,9.5,-0.135,83335850,11043647,LOCKED,1.000030589000,146457072410829
15337,-146177449487544,-49395,15986,-30606.4,32681.9,9.3,-0.131,83335850,11136099,LOCKED,1.000030606000,146458072553438
15338,-146177449491727,-20425,44956,-30697.6,32518.0,9.3,-0.130,83335851,11238830,LOCKED,1.000030698000,146459072589135
15339,-146177449494043,8430,73811,-30734.9,32286.6,9.1,-0.123,83335850,11313249,LOCKED,1.000030735000,146460072616869
15340,-146177449544229,-8627,56754,-30838.3,31577.0,9.1,-0.127,83335851,11356207,LOCKED,1.000030838000,146461072773711
15341,-146177449555537,11436,76817,-30883.6,31207.5,9.1,-0.125,83335850,11440023,LOCKED,1.000030884000,146462072926598
15342,-146177449577340,20066,85447,-30894.9,31118.8,8.9,-0.119,83335850,11522561,LOCKED,1.000030895000,146463072945492
15343,-146177449622434,5384,70765,-30880.1,31124.6,8.9,-0.117,83335849,11468295,LOCKED,1.000030880000,146464073108376
15344,-146177449712188,-49912,15469,-30972.9,31851.4,8.9,-0.111,83335850,11562403,LOCKED,1.000030973000,146465073256352
15345,-146177449746613,-50729,14652,-31017.9,32409.7,8.9,-0.109,83335850,11633834,LOCKED,1.000031018000,146466073396373
15346,-146177449761367,-33544,31837,-31007.2,32283.1,8.9,-0.106,83335850,11699909,LOCKED,1.000031007000,146467073565384
15347,-146177449756905,3684,69065,-31099.9,31361.3,9.3,-0.093,83335848,11798602,LOCKED,1.000031100000,146468073610484
15348,-146177449842994,-47326,18055,-31216.7,31905.6,9.2,-0.080,83335849,11804837,LOCKED,1.000031217000,146469073647700
15349,-146177449855590,-26390,38991,-31286.5,32054.2,9.7,-0.073,83335848,11888778,LOCKED,1.000031287000,146470073813990
15350,-146177449854733,5294,70675,-31272.8,32060.4,9.8,-0.065,83335849,11983103,LOCKED,1.000031273000,146471073979266
15351,-146177449859669,28706,94087,-31176.8,32102.2,9.6,-0.046,83335849,12069675,LOCKED,1.000031177000,146472074026443
15352,-146177449977387,-55259,10122,-31211.4,32612.6,9.6,-0.035,83335849,12046960,LOCKED,1.000031211000,146473074184658
15353,-146177449980105,-23441,41940,-31335.8,32125.9,9.5,-0.024,83335850,12137650,LOCKED,1.000031336000,146474074340997
15354,-146177449993114,-3514,61867,-31408.6,31711.6,9.4,-0.012,83335850,12217463,LOCKED,1.000031409000,146475074489409
# STATS: PDUs=297 CSV=296 Gaps=0 Dups=0 Skip=0 d_min=-65381 ns drift=-31408.6 ns/s sigma=31711.6 ns state=LOCKED clk_err=+0 ns
15355,-146177450015400,6109,71490,-31443.4,31525.9,9.4,0.006,83335849,12292768,LOCKED,1.000031443000,146476074559853
15356,-146177450009171,40404,105785,-31344.7,31926.6,8.7,0.038,83335850,12287847,LOCKED,1.000031345000,146477074726201
15357,-146177450104912,-20702,44679,-31472.0,31264.6,8.8,0.022,83335849,12388136,LOCKED,1.000031472000,146478074867676
15358,-146177450128435,-12188,53193,-31479.5,31289.9,8.8,0.027,83335850,12462801,LOCKED,1.000031479000,146479074906155
15359,-146177450146219,740,66121,-31442.9,31170.8,8.9,0.000,83335849,12538960,LOCKED,1.000031443000,146480075053601
15360,-146177450159754,16309,81690,-31355.1,30910.6,8.9,0.005,83335850,12620247,LOCKED,1.000031355000,146481075201959
15361,-146177450178699,28704,94085,-31402.2,30227.3,9.0,-0.005,83335849,12693680,LOCKED,1.000031402000,146482075344364
15362,-146177450197049,40174,105555,-31391.4,30366.9,9.0,0.000,83335850,12767964,LOCKED,1.000031391000,146483075496759
15363,-146177450214194,51797,117178,-31348.7,30946.9,9.0,-0.008,83335849,12844615,LOCKED,1.000031349000,146484075522107
15364,-146177450254221,39833,105214,-31253.5,31354.8,9.1,-0.019,83335849,12793760,LOCKED,1.000031254000,146485075677364
15365,-146177450375482,-47825,17556,-31289.3,31803.2,9.3,-0.044,83335848,12871905,LOCKED,1.000031289000,146486075826657
15366,-146177450389053,-26653,38728,-31414.7,31423.2,9.2,-0.048,83335849,12952848,LOCKED,1.000031415000,146487075972075
15367,-146177450400442,-5574,59807,-31457.3,31329.7,9.3,-0.055,83335849,13030171,LOCKED,1.000031457000,146488076112535
15368,-146177450411365,13055,78436,-31385.3,31148.8,9.5,-0.068,83335848,13115127,LOCKED,1.000031385000,146489076136920
15369,-146177450436827,16891,82272,-31310.8,31039.1,9.5,-0.063,83335850,13184452,LOCKED,1.000031311000,146490076282234
15370,-146177450453772,29560,94941,-31276.7,31267.7,9.5,-0.067,83335849,13264176,LOCKED,1.000031277000,146491076316510
15371,-146177450472921,39149,104530,-31217.1,31708.7,9.5,-0.071,83335849,13340403,LOCKED,1.000031217000,146492076457730
15372,-146177450491115,47600,112981,-31071.6,32002.2,9.5,-0.074,83335849,13413802,LOCKED,1.000031072000,146493076487801
15373,-146177450525437,43398,108779,-31097.2,31573.5,9.6,-0.070,83335850,13366385,LOCKED,1.000031097000,146494076625901
15374,-146177450555610,42798,108179,-31093.5,31624.1,9.3,-0.072,83335849,13429497,LOCKED,1.000031094000,146495076783998
15375,-146177450673760,-40957,24424,-31187.6,32063.1,9.4,-0.068,83335850,13512046,LOCKED,1.000031188000,146496076931189
15376,-146177450694881,-28589,36792,-31253.1,32275.2,9.4,-0.065,83335850,13585758,LOCKED,1.000031253000,146497077086446
15377,-146177450706239,-8558,56823,-31245.6,32248.7,9.2,-0.066,83335849,13669233,LOCKED,1.000031246000,146498077105691
15378,-146177450702492,23703,89084,-31150.7,32145.5,9.2,-0.064,83335850,13661382,LOCKED,1.000031151000,146499077149842
15379,-146177450811272,-51643,13738,-31176.9,32521.7,9.4,-0.070,83335848,13753184,LOCKED,1.000031177000,146500077299022
15380,-146177450827219,-35286,30095,-31173.5,32481.6,9.6,-0.077,83335848,13831053,LOCKED,1.000031174000,146501077463199
15381,-146177450830589,-8589,56792,-31104.8,31848.3,9.6,-0.078,83335849,13923253,LOCKED,1.000031105000,146502077604307
15382,-146177450861966,-9818,55563,-31041.4,31258.4,9.8,-0.085,83335848,13994021,LOCKED,1.000031041000,146503077746351
15383,-146177450903469,-17738,47643,-31136.8,30952.3,9.8,-0.085,83335849,14064086,LOCKED,1.000031137000,146504077914492
15384,-146177450967046,-46112,19269,-31259.9,31409.5,10.0,-0.092,83335848,14161482,LOCKED,1.000031260000,146505077958752
15385,-146177450990360,-35162,30219,-31349.0,31699.0,10.0,-0.092,83335848,14135305,LOCKED,1.000031349000,146506078120105
15386,-146177450991766,-4545,60836,-31374.6,31675.7,9.9,-0.095,83335849,14228461,LOCKED,1.000031375000,146507078287483
15387,-146177450992859,23485,88866,-31303.0,31748.6,9.9,-0.093,83335848,14320934,LOCKED,1.000031303000,146508078332786
15388,-146177451070816,-22442,42939,-31301.3,31735.8,10.1,-0.095,83335848,14338937,LOCKED,1.000031301000,146509078377087
15389,-146177451072585,5228,70609,-31218.5,31226.8,10.0,-0.092,83335848,14430560,LOCKED,1.000031219000,146510078535309
15390,-146177451080699,28197,93578,-31258.8,30683.1,10.1,-0.092,83335848,14514877,LOCKED,1.000031259000,146511078571567
15391,-146177451102848,35630,101011,-31235.7,30912.0,10.4,-0.089,83335847,14482211,LOCKED,1.000031236000,146512078736806
15392,-146177451204991,-32539,32842,-31316.2,31173.6,10.4,-0.087,83335849,14578514,LOCKED,1.000031316000,146513078902126
15393,-146177451206975,-3311,62070,-31305.5,31150.9,10.2,-0.080,83335848,14670306,LOCKED,1.000031306000,146514079051435
15394,-146177451216714,16219,81600,-31232.4,31036.4,10.2,-0.077,83335849,14753531,LOCKED,1.000031232000,146515079212671
15395,-146177451217463,42806,108187,-31112.2,31381.3,10.3,-0.074,83335848,14848429,LOCKED,1.000031112000,146516079351786
15396,-146177451238222,48449,113830,-30961.3,31654.1,10.2,-0.070,83335849,14921376,LOCKED,1.000030961000,146517079386747
15397,-146177451370507,-48517,16864,-31094.7,32114.7,10.3,-0.065,83335848,14881411,LOCKED,1.000031095000,146518079527845
15398,-146177451362439,-8602,56779,-31117.4,32130.5,10.0,-0.053,83335848,14984248,LOCKED,1.000031117000,146519079561962
15399,-146177451381404,2524,67905,-31071.1,31968.5,10.1,-0.046,83335848,15059223,LOCKED,1.000031071000,146520079709036
15400,-146177451406146,8060,73441,-31045.5,31975.0,9.7,-0.030,83335848,15126572,LOCKED,1.000031046000,146521079740081
15401,-146177451424627,18384,83765,-30966.0,31862.3,9.6,-0.022,83335849,15206011,LOCKED,1.000030966000,146522079884050
15402,-146177451445372,25456,90837,-30853.6,31616.0,9.9,-0.010,83335847,15275037,LOCKED,1.000030854000,146523080024906
15403,-146177451458136,39779,105160,-30734.7,31847.4,10.3,-0.005,83335847,15355115,LOCKED,1.000030735000,146524080164644
15404,-146177451486134,40672,106053,-30711.8,32104.5,10.2,0.009,83335848,15424432,LOCKED,1.000030712000,146525080195355
15405,-146177451617255,-54793,10588,-30863.6,32671.3,10.1,0.027,83335848,15384455,LOCKED,1.000030864000,146526080337222
15406,-146177451632161,-35648,29733,-30960.9,32917.7,10.2,0.051,83335847,15463177,LOCKED,1.000030961000,146527080489186
15407,-146177451638931,-11143,54238,-30957.8,32905.8,10.6,0.007,83335847,15547182,LOCKED,1.000030958000,146528080625147
15408,-146177451629715,28534,93915,-30980.9,32645.3,10.9,-0.018,83335847,15651835,LOCKED,1.000030981000,146529080661128
15409,-146177451653364,34374,99755,-30964.9,32799.1,11.0,-0.051,83335847,15727212,LOCKED,1.000030965000,146530080684092
15410,-146177451687917,28581,93962,-30904.1,33017.6,11.5,-0.084,83335846,15678619,LOCKED,1.000030904000,146531080836999
15411,-146177451802244,-52392,12989,-30937.2,33467.9,11.6,-0.100,83335847,15763756,LOCKED,1.000030937000,146532080971939
15412,-146177451831757,-45892,19489,-31110.3,33278.6,12.0,-0.129,83335846,15827025,LOCKED,1.000031110000,146533081130053
15413,-146177451834936,-15802,49579,-31190.2,33102.1,12.0,-0.128,83335847,15919584,LOCKED,1.000031190000,146534081271246
15414,-146177451853101,-2123,63258,-31218.8,33047.2,12.3,-0.140,83335846,15994057,LOCKED,1.000031219000,146535081423468
# STATS: PDUs=357 CSV=356 Gaps=0 Dups=0 Skip=0 d_min=-65381 ns drift=-31218.8 ns/s sigma=33047.2 ns state=LOCKED clk_err=+0 ns
15415,-146177451865764,15576,80957,-31202.6,33103.6,12.5,-0.170,83335846,16076963,LOCKED,1.000031203000,146536081489671
15416,-146177451965534,-50586,14795,-31236.6,33542.0,12.3,-0.194,83335846,16077393,LOCKED,1.000031237000,146537081637911
15417,-146177451970924,-22034,43347,-31332.9,33377.2,12.8,-0.223,83335845,16164553,LOCKED,1.000031333000,146538081786247
15418,-146177451952996,26396,91777,-31336.0,33350.2,12.5,-0.240,83335846,16273311,LOCKED,1.000031336000,146539081812582
15419,-146177451977404,31679,97060,-31307.9,33559.2,12.8,-0.262,83335845,16338695,LOCKED,1.000031308000,146540081955893
15420,-146177451998959,38666,104047,-31236.4,33966.3,13.1,-0.291,83335844,16413642,LOCKED,1.000031236000,146541081985129
15421,-146177452023710,41682,107063,-31135.3,34366.2,13.3,-0.307,83335845,16375906,LOCKED,1.000031135000,146542082122267
15422,-146177452071715,22154,87535,-31041.4,34233.7,13.4,-0.330,83335844,16440669,LOCKED,1.000031041000,146543082282312
15423,-146177452170161,-43916,21465,-31033.9,34126.5,13.5,-0.341,83335845,16526329,LOCKED,1.000031034000,146544082427349
15424,-146177452206310,-47211,18170,-31044.7,34273.5,13.9,-0.359,83335844,16597690,LOCKED,1.000031045000,146545082567397
15425,-146177452247257,-51798,13583,-31219.7,34374.9,14.0,-0.368,83335845,16667501,LOCKED,1.000031220000,146546082725620
15426,-146177452224614,3115,68496,-31276.6,34036.7,14.0,-0.375,83335845,16755171,LOCKED,1.000031277000,146547082886900
15427,-146177452226720,30787,96168,-31254.2,34205.0,13.9,-0.376,83335846,16847991,LOCKED,1.000031254000,146548082932154
15428,-146177452308226,-18270,47111,-31282.5,34293.6,14.0,-0.383,83335845,16855354,LOCKED,1.000031283000,146549083093440
15429,-146177452316241,4424,69805,-31261.7,34283.9,13.7,-0.386,83335845,16943931,LOCKED,1.000031262000,146550083258705
15430,-146177452315363,33437,98818,-31163.7,34448.6,13.6,-0.381,83335847,17041651,LOCKED,1.000031164000,146551083406872
15431,-146177452340499,35658,101039,-31035.9,34418.0,13.6,-0.384,83335845,17113483,LOCKED,1.000031036000,146552083441907
15432,-146177452470614,-61095,4286,-31048.4,34638.2,13.5,-0.379,83335847,17075785,LOCKED,1.000031048000,146553083599959
15433,-146177452474582,-33543,31838,-31015.7,34209.0,13.0,-0.375,83335846,17166664,LOCKED,1.000031016000,146554083740978
15434,-146177452494913,-23222,42159,-30959.1,33517.1,12.8,-0.369,83335847,17239169,LOCKED,1.000030959000,146555083887940
15435,-146177452518434,-13803,51578,-31033.5,33343.1,12.5,-0.367,83335845,17308559,LOCKED,1.000031034000,146556084031977
15436,-146177452543793,-6892,58489,-31082.8,33231.5,11.9,-0.358,83335847,17378037,LOCKED,1.000031083000,146557084191063
15437,-146177452554126,13064,78445,-31065.6,33275.9,11.8,-0.355,83335846,17461148,LOCKED,1.000031066000,146558084219128
15438,-146177452652202,-51499,13882,-31100.1,33727.0,11.2,-0.345,83335847,17456523,LOCKED,1.000031100000,146559084245227
15439,-146177452680590,-44099,21282,-31257.1,33693.4,11.2,-0.345,83335846,17522527,LOCKED,1.000031257000,146560084386487
15440,-146177452702344,-31183,34198,-31373.0,33626.1,11.2,-0.342,83335847,17594274,LOCKED,1.000031373000,146561084547864
15441,-146177452701482,1331,66712,-31388.9,33596.7,11.0,-0.337,83335846,17685285,LOCKED,1.000031389000,146562084693256
15442,-146177452720992,12721,78102,-31386.1,33607.3,11.0,-0.334,83335847,17766980,LOCKED,1.000031386000,146563084853646
15443,-146177452720865,42076,107457,-31350.1,33963.9,10.9,-0.327,83335847,17857227,LOCKED,1.000031350000,146564084869995
15444,-146177452760291,33581,98962,-31385.5,33482.1,10.9,-0.327,83335847,17807368,LOCKED,1.000031385000,146565085028384
15445,-146177452881121,-50624,14757,-31558.8,33547.1,10.9,-0.325,83335846,17886343,LOCKED,1.000031559000,146566085174946
15446,-146177452903327,-37812,27569,-31665.8,33790.8,10.9,-0.323,83335846,17957921,LOCKED,1.000031666000,146567085325615
15447,-146177452920905,-22328,43053,-31697.3,33921.4,10.7,-0.316,83335847,18034647,LOCKED,1.000031697000,146568085469315
15448,-146177452896564,32931,98312,-31713.9,33727.4,10.7,-0.314,83335847,18150707,LOCKED,1.000031714000,146569085638033
15449,-146177452900758,56994,122375,-31638.9,34550.2,10.8,-0.311,83335847,18244594,LOCKED,1.000031639000,146570085667671
15450,-146177452931523,53759,114854,-31526.4,35285.0,10.8,-0.309,83335847,18203719,LOCKED,1.000031526000,146571085840201
15451,-146177453042837,-25082,36013,-31531.2,35318.6,10.8,-0.307,83335847,18293472,LOCKED,1.000031531000,146572085979735
15452,-146177453076207,-23584,37511,-31655.9,34870.1,10.7,-0.314,83335847,18370515,LOCKED,1.000031656000,146573086139394
15453,-146177453060953,22544,83639,-31655.1,34875.9,10.6,-0.303,83335846,18461864,LOCKED,1.000031655000,146574086290052
15454,-146177453074560,37981,99076,-31590.0,35255.0,10.6,-0.301,83335847,18543005,LOCKED,1.000031590000,146575086322642
15455,-146177453103708,36752,97847,-31470.7,35352.4,10.4,-0.289,83335846,18500278,LOCKED,1.000031471000,146576086491117
15456,-146177453210435,-37516,23579,-31456.8,35179.9,10.5,-0.284,83335848,18593997,LOCKED,1.000031457000,146577086644577
15457,-146177453225575,-18036,43059,-31582.3,34507.5,10.5,-0.272,83335848,18677176,LOCKED,1.000031582000,146578086802163
15458,-146177453211278,26641,87736,-31567.6,34608.0,10.7,-0.272,83335847,18781867,LOCKED,1.000031568000,146579086967734
15459,-146177453215048,51098,112193,-31488.5,35287.5,10.7,-0.269,83335847,18875745,LOCKED,1.000031488000,146580087000222
15460,-146177453334203,-34264,26831,-31544.7,35591.6,11.3,-0.217,83335847,18848882,LOCKED,1.000031545000,146581087031766
15461,-146177453366684,-33383,27712,-31578.4,35827.5,11.6,-0.173,83335848,18907330,LOCKED,1.000031578000,146582087169347
15462,-146177453393457,-27547,33548,-31583.2,35864.4,12.0,-0.103,83335847,18977496,LOCKED,1.000031583000,146583087321934
15463,-146177453406607,-10000,51095,-31522.9,35380.8,12.1,-0.082,83335848,19059733,LOCKED,1.000031523000,146584087471460
15464,-146177453426364,-36,61059,-31434.2,34706.6,12.5,-0.047,83335847,19132108,LOCKED,1.000031434000,146585087621897
15465,-146177453447687,10938,72033,-31494.9,34183.3,12.4,-0.011,83335848,19204211,LOCKED,1.000031495000,146586087760395
15466,-146177453473088,16982,78077,-31520.8,33988.9,12.3,0.044,83335847,19273522,LOCKED,1.000031521000,146587087907919
15467,-146177453497606,22712,83807,-31496.0,34108.6,12.2,0.071,83335848,19344307,LOCKED,1.000031496000,146588087923414
15468,-146177453504133,43502,104597,-31363.0,34336.8,12.3,0.086,83335848,19325853,LOCKED,1.000031363000,146589088068780
15469,-146177453518665,54948,116043,-31189.8,34629.9,12.4,0.100,83335848,19508332,LOCKED,1.000031190000,146590088206973
15470,-146177453550015,49708,110803,-31022.9,34736.5,12.5,0.111,83335848,19571575,LOCKED,1.000031023000,146591088238995
15471,-146177453674553,-39862,21233,-31150.4,34871.2,12.6,0.124,83335848,19541777,LOCKED,1.000031150000,146592088389149
15472,-146177453691503,-22829,38266,-31251.7,34685.7,12.7,0.133,83335849,19618446,LOCKED,1.000031252000,146593088540404
15473,-146177453697664,2452,63547,-31265.1,34660.1,13.0,0.152,83335848,19708931,LOCKED,1.000031265000,146594088680672
15474,-146177453722591,8139,69234,-31246.7,34676.3,13.1,0.159,83335847,19776283,LOCKED,1.000031247000,146595088832922
# STATS: PDUs=417 CSV=416 Gaps=0 Dups=0 Skip=0 d_min=-61095 ns drift=-31246.7 ns/s sigma=34676.3 ns state=LOCKED clk_err=+0 ns
15475,-146177453734374,25094,86189,-31165.1,34721.8,13.1,0.158,83335848,19856142,LOCKED,1.000031165000,146596088906088
15476,-146177453838667,-43417,17678,-31319.8,34689.1,13.1,0.165,83335847,19850790,LOCKED,1.000031320000,146597089055411
15477,-146177453842005,-13647,47448,-31385.0,34591.2,13.1,0.164,83335847,19936899,LOCKED,1.000031385000,146598089204799
15478,-146177453818377,37888,98983,-31277.1,34824.0,12.8,0.162,83335846,20055585,LOCKED,1.000031277000,146599089235076
15479,-146177453841563,41872,102967,-31144.9,34990.5,12.9,0.155,83335847,20127392,LOCKED,1.000031145000,146600089375224
15480,-146177453864327,45421,106516,-30983.0,34953.9,12.7,0.153,83335847,20194149,LOCKED,1.000030983000,146601089395206
15481,-146177453911081,25787,86882,-30836.0,34233.3,12.0,0.149,83335848,20136183,LOCKED,1.000030836000,146602089535045
15482,-146177453948650,16288,77383,-30727.1,33735.4,11.8,0.152,83335847,20215002,LOCKED,1.000030727000,146603089691775
15483,-146177454030373,-31847,29248,-30814.7,33922.4,11.1,0.147,83335848,20309280,LOCKED,1.000030815000,146604089830593
15484,-146177454067122,-34463,26632,-30920.5,34063.2,10.8,0.147,83335848,20379547,LOCKED,1.000030920000,146605089979517
15485,-146177454071684,-6280,54815,-30999.7,33661.8,10.0,0.145,83335847,20457443,LOCKED,1.000031000000,146606090143520
15486,-146177454060043,33602,94697,-30920.1,33931.8,9.6,0.140,83335848,20558274,LOCKED,1.000030920000,146607090190440
15487,-146177454173040,-46744,14351,-30927.3,34031.3,9.3,0.139,83335847,20540924,LOCKED,1.000030927000,146608090352371
15488,-146177454124297,31007,92102,-30884.6,34279.0,9.2,0.135,83335847,20680867,LOCKED,1.000030885000,146609090376255
15489,-146177454160327,23617,84712,-30813.6,34352.3,8.8,0.129,83335848,20635951,LOCKED,1.000030814000,146610090542072
15490,-146177454256396,-40617,20478,-30796.1,34107.6,8.4,0.125,83335847,20737427,LOCKED,1.000030796000,146611090598868
15491,-146177454252794,-7758,53337,-30707.5,33192.4,8.4,0.125,83335848,20835924,LOCKED,1.000030707000,146612090766579
15492,-146177454255471,20198,81293,-30737.5,32917.8,7.9,0.120,83335847,20929321,LOCKED,1.000030737000,146613090797316
15493,-146177454283966,21396,82491,-30721.8,33002.6,7.9,0.120,83335848,20888136,LOCKED,1.000030722000,146614090967042
15494,-146177454385307,-45952,15143,-30806.1,33586.1,7.9,0.118,83335847,20985922,LOCKED,1.000030806000,146615091121851
15495,-146177454394681,-23037,38058,-30840.6,33728.4,7.4,0.109,83335848,21068402,LOCKED,1.000030841000,146616091264695
15496,-146177454412778,-9900,51195,-30843.4,33736.5,7.5,0.111,83335848,21147522,LOCKED,1.000030843000,146617091414542
15497,-146177454417548,14156,75251,-30767.8,33561.2,7.4,0.106,83335848,21231983,LOCKED,1.000030768000,146618091445309
15498,-146177454511080,-44254,16841,-30908.2,33746.6,7.4,0.106,83335847,21236641,LOCKED,1.000030908000,146619091597220
15499,-146177454526826,-25956,35139,-31019.1,33549.1,7.3,0.101,83335848,21312942,LOCKED,1.000031019000,146620091738242
15500,-146177454540607,-7097,53998,-31087.0,33287.4,7.4,0.101,83335847,21388172,LOCKED,1.000031087000,146621091890332
15501,-146177454548370,15242,76337,-31064.0,33350.5,7.3,0.094,83335848,21476898,LOCKED,1.000031064000,146622092035399
15502,-146177454571531,21311,82406,-31009.3,33449.1,7.3,0.094,83335848,21546667,LOCKED,1.000031009000,146623092182411
15503,-146177454584225,35636,96731,-30872.5,33302.6,7.4,0.093,83335848,21624345,LOCKED,1.000030872000,146624092201283
15504,-146177454625027,22765,83860,-30765.7,33043.3,7.4,0.093,83335847,21573876,LOCKED,1.000030766000,146625092365052
15505,-146177454733758,-49994,11101,-30938.5,33084.1,7.3,0.084,83335847,21662413,LOCKED,1.000030938000,146626092508993
15506,-146177454747892,-29534,31561,-31069.0,32763.0,7.1,0.072,83335848,21740297,LOCKED,1.000031069000,146627092652065
15507,-146177454757869,-6706,54389,-31143.2,32416.8,7.2,0.072,83335847,21825397,LOCKED,1.000031143000,146628092797211
15508,-146177454745153,34166,95261,-31053.3,32664.2,7.2,0.069,83335848,21932464,LOCKED,1.000031053000,146629092825264
15509,-146177454778717,28049,89144,-30922.7,32275.8,7.2,0.069,83335847,21993857,LOCKED,1.000030923000,146630092966190
15510,-146177454795908,37371,98466,-30768.1,31935.6,7.2,0.068,83335848,22063988,LOCKED,1.000030768000,146631093004958
15511,-146177454925045,-56203,4892,-30910.2,32660.7,7.4,0.051,83335847,22035968,LOCKED,1.000030910000,146632093151871
15512,-146177454945771,-41990,19105,-31038.3,32885.2,7.4,0.051,83335848,22106626,LOCKED,1.000031038000,146633093292912
15513,-146177454956569,-20721,40374,-31054.4,32967.9,7.2,0.023,83335847,22191243,LOCKED,1.000031054000,146634093440970
15514,-146177454972475,-6180,54915,-31014.2,32741.3,7.2,0.023,83335848,22264458,LOCKED,1.000031014000,146635093590987
15515,-146177454995276,809,61904,-30955.4,32438.1,6.9,-0.007,83335847,22348336,LOCKED,1.000030955000,146636093732945
15516,-146177455026667,1707,62802,-31023.8,31964.2,6.9,0.006,83335848,22421877,LOCKED,1.000031024000,146637093875972
15517,-146177455096172,-33463,27632,-31130.9,32067.3,6.9,0.008,83335847,22493203,LOCKED,1.000031131000,146638093915103
15518,-146177455131860,-36038,25057,-31168.2,32377.0,6.9,0.005,83335848,22493120,LOCKED,1.000031168000,146639093938270
15519,-146177455160620,-32838,28257,-31152.4,32184.8,6.8,0.012,83335848,22556925,LOCKED,1.000031152000,146640094096426
15520,-146177455158159,2205,63300,-31226.5,31616.0,6.8,0.018,83335848,22653759,LOCKED,1.000031226000,146641094134652
15521,-146177455166724,24872,85967,-31268.2,31101.1,6.8,0.021,83335848,22738286,LOCKED,1.000031268000,146642094159920
15522,-146177455188890,33321,94416,-31291.6,30782.6,7.0,0.035,83335849,22702172,LOCKED,1.000031292000,146643094308215
15523,-146177455303255,-45497,15598,-31425.1,31120.2,7.0,0.036,83335848,22785652,LOCKED,1.000031425000,146644094455643
15524,-146177455268381,20206,81301,-31429.4,31088.7,7.0,0.039,83335848,22845237,LOCKED,1.000031429000,146645094612076
15525,-146177455347283,-25046,36049,-31496.9,31221.0,6.9,0.041,83335848,22932992,LOCKED,1.000031497000,146646094749576
15526,-146177455385137,-29056,32039,-31563.9,31444.7,6.9,0.042,83335848,23007975,LOCKED,1.000031564000,146647094915144
15527,-146177455359495,26446,87541,-31524.2,31644.9,7.0,0.037,83335847,23107557,LOCKED,1.000031524000,146648094964668
15528,-146177455436368,-18403,42692,-31518.1,31604.0,6.9,0.039,83335848,23125868,LOCKED,1.000031518000,146649094999186
15529,-146177455466491,-17226,43869,-31478.6,31227.7,7.0,0.035,83335847,23189528,LOCKED,1.000031479000,146650095132667
15530,-146177455504894,-23981,37114,-31447.0,30874.3,7.0,0.037,83335848,23256416,LOCKED,1.000031447000,146651095264117
15531,-146177455545463,-29317,31778,-31584.3,30410.2,7.0,0.039,83335848,23328645,LOCKED,1.000031584000,146652095414705
15532,-146177455521629,25699,86794,-31607.3,30152.2,6.7,0.037,83335847,23418042,LOCKED,1.000031607000,146653095574316
15533,-146177455531736,44635,105730,-31555.7,30686.3,6.7,0.034,83335847,23499820,LOCKED,1.000031556000,146654095727875
15534,-146177455545730,58419,119514,-31467.3,31676.6,6.7,0.035,83335848,23582224,LOCKED,1.000031467000,146655095765342
# STATS: PDUs=477 CSV=476 Gaps=0 Dups=0 Skip=0 d_min=-61095 ns drift=-31467.3 ns/s sigma=31676.6 ns state=LOCKED clk_err=+0 ns
15535,-146177455673647,-35998,25097,-31507.2,32001.3,6.7,0.038,83335848,23548159,LOCKED,1.000031507000,146656095994855
15536,-146177455615861,51828,112923,-31521.5,31738.9,6.6,0.038,83335848,23704110,LOCKED,1.000031521000,146657096028376
15537,-146177455735315,-32621,28474,-31638.4,31710.6,6.6,0.038,83335848,23674094,LOCKED,1.000031638000,146658096176018
15538,-146177455713407,18976,80071,-31574.2,31724.7,6.2,0.031,83335847,23794461,LOCKED,1.000031574000,146659096200591
15539,-146177455741144,20399,81494,-31489.4,31618.5,6.3,0.027,83335847,23861191,LOCKED,1.000031489000,146660096367084
15540,-146177455742090,46318,107413,-31339.2,31792.3,6.7,0.021,83335846,23958875,LOCKED,1.000031339000,146661096394423
15541,-146177455870437,-48337,12758,-31374.3,32234.4,6.7,0.020,83335847,23923656,LOCKED,1.000031374000,146662096550801
15542,-146177455871958,-18028,43067,-31366.7,32184.2,7.2,0.015,83335846,24018255,LOCKED,1.000031367000,146663096697171
15543,-146177455880685,5215,66310,-31405.1,31981.3,7.2,0.015,83335847,24097705,LOCKED,1.000031405000,146664096845579
15544,-146177455900398,16945,78040,-31435.2,31727.4,7.2,0.016,83335847,24178687,LOCKED,1.000031435000,146665096987017
15545,-146177455922516,24855,85950,-31407.4,31882.9,7.2,0.015,83335848,24247931,LOCKED,1.000031407000,146666097139428
15546,-146177455935281,39526,100621,-31278.0,31994.5,7.2,0.016,83335847,24334370,LOCKED,1.000031278000,146667097157705
15547,-146177455973612,31815,92910,-31298.7,31736.5,7.2,0.013,83335847,24283178,LOCKED,1.000031299000,146668097319007
15548,-146177456040876,-5030,56065,-31247.0,31396.1,7.2,0.010,83335847,24411346,LOCKED,1.000031247000,146669097347253
15549,-146177456076664,-10014,51081,-31208.6,31124.7,7.2,0.012,83335847,24471641,LOCKED,1.000031209000,146670097500465
15550,-146177456078179,19435,80530,-31228.9,30950.5,7.2,0.009,83335847,24567844,LOCKED,1.000031229000,146671097642697
15551,-146177456101536,25454,86549,-31180.2,31141.3,7.5,0.012,83335846,24636428,LOCKED,1.000031180000,146672097663876
15552,-146177456133271,22217,83312,-31085.4,30986.1,7.5,0.009,83335847,24591278,LOCKED,1.000031085000,146673097811965
15553,-146177456150280,32684,93779,-30962.3,30885.6,7.8,0.014,83335846,24666799,LOCKED,1.000030962000,146674097967931
15554,-146177456274798,-55943,5152,-31111.5,31559.4,7.8,0.011,83335847,24740800,LOCKED,1.000031111000,146675098119046
15555,-146177456287335,-34558,26537,-31192.1,31868.8,8.1,0.017,83335846,24824441,LOCKED,1.000031192000,146676098266241
15556,-146177456303446,-18199,42896,-31224.6,31964.4,8.1,0.024,83335847,24903923,LOCKED,1.000031225000,146677098416469
15557,-146177456314367,1119,62214,-31178.0,31777.4,8.3,0.034,83335846,24988205,LOCKED,1.000031178000,146678098430646
15558,-146177456312936,32705,93800,-31182.2,31730.4,8.3,0.032,83335847,24975052,LOCKED,1.000031182000,146679098470828
15559,-146177456430648,-49627,11468,-31305.9,32313.3,8.2,0.043,83335847,25055796,LOCKED,1.000031306000,146680098612137
15560,-146177456456050,-40659,20436,-31388.8,32769.3,8.4,0.045,83335846,25123951,LOCKED,1.000031389000,146681098757529
15561,-146177456468572,-20878,40217,-31399.0,32827.9,8.3,0.059,83335847,25204790,LOCKED,1.000031399000,146682098906931
15562,-146177456486529,-7740,53355,-31371.1,32687.6,8.2,0.058,83335847,25279668,LOCKED,1.000031371000,146683099054305
15563,-146177456504287,4036,65131,-31287.5,32149.9,8.2,0.060,83335847,25360098,LOCKED,1.000031287000,146684099218596
15564,-146177456506805,29427,90522,-31170.4,31998.2,8.2,0.050,83335847,25450463,LOCKED,1.000031170000,146685099240766
15565,-146177456534391,32084,93179,-31178.3,31909.1,8.2,0.056,83335848,25410256,LOCKED,1.000031178000,146686099407948
15566,-146177456637320,-36389,24706,-31278.8,32164.1,8.1,0.079,83335848,25505128,LOCKED,1.000031279000,146687099562230
15567,-146177456664314,-29937,31158,-31335.5,32418.3,8.1,0.071,83335847,25589312,LOCKED,1.000031335000,146688099594565
15568,-146177456696811,-30424,30671,-31317.9,32216.0,7.9,0.098,83335848,25595709,LOCKED,1.000031318000,146689099743886
15569,-146177456666402,27937,89032,-31199.0,31982.7,8.0,0.094,83335847,25776905,LOCKED,1.000031199000,146690099781085
15570,-146177456773473,-46741,9462,-31179.8,31651.3,7.9,0.096,83335848,25744390,LOCKED,1.000031180000,146691099930268
15571,-146177456799270,-37405,18798,-31311.9,31639.9,8.0,0.088,83335847,25817041,LOCKED,1.000031312000,146692100064583
15572,-146177456838397,-41236,14967,-31439.0,31849.2,8.0,0.078,83335847,25893605,LOCKED,1.000031439000,146693100221025
15573,-146177456823335,5400,61603,-31454.7,31798.3,8.0,0.072,83335847,25976255,LOCKED,1.000031455000,146694100379483
15574,-146177456831057,27223,83426,-31406.2,32012.4,8.3,0.056,83335846,26062458,LOCKED,1.000031406000,146695100525892
15575,-146177456845851,40650,96853,-31317.3,32456.3,8.3,0.052,83335847,26140910,LOCKED,1.000031317000,146696100680213
15576,-146177456856608,56826,113029,-31196.4,33320.4,8.3,0.047,83335847,26224661,LOCKED,1.000031196000,146697100824412
15577,-146177456887534,54161,110364,-31142.3,33975.2,8.6,0.036,83335846,26289327,LOCKED,1.000031142000,146698100844554
15578,-146177456987254,-12560,43643,-31212.7,33811.5,8.7,0.026,83335846,26281837,LOCKED,1.000031213000,146699100865766
15579,-146177457009215,-2177,54026,-31264.7,33606.3,8.6,0.024,83335847,26351697,LOCKED,1.000031265000,146700101023034
15580,-146177457009997,26323,82526,-31211.1,33790.9,8.5,0.023,83335847,26442169,LOCKED,1.000031211000,146701101040244
15581,-146177457064741,1670,57873,-31158.8,33574.8,9.1,0.010,83335845,26486289,LOCKED,1.000031159000,146702101201406
15582,-146177457074097,20641,76844,-31053.9,33269.5,8.8,0.005,83335846,26569053,LOCKED,1.000031054000,146703101345463
15583,-146177457093846,31225,87428,-31070.5,33080.1,8.8,0.000,83335846,26644362,LOCKED,1.000031071000,146704101499537
15584,-146177457102036,49803,106006,-30942.0,33612.9,8.8,-0.004,83335846,26729488,LOCKED,1.000030942000,146705101514478
15585,-146177457145154,35881,92084,-30915.9,33844.1,8.7,-0.007,83335846,26673593,LOCKED,1.000030916000,146706101672397
15586,-146177457251484,-36024,20179,-31028.4,33981.6,8.7,-0.009,83335846,26763427,LOCKED,1.000031028000,146707101818428
15587,-146177457270657,-23440,32763,-31025.2,33957.1,8.8,-0.013,83335846,26838103,LOCKED,1.000031025000,146708101973457
15588,-146177457251325,25821,82024,-31014.3,34033.4,9.1,-0.017,83335845,26951919,LOCKED,1.000031014000,146709101998471
15589,-146177457279922,27042,83245,-31000.6,34131.6,9.2,-0.020,83335846,27018275,LOCKED,1.000031001000,146710102155475
15590,-146177457292623,43292,99495,-30971.9,34440.1,9.4,-0.023,83335845,27103310,LOCKED,1.000030972000,146711102167446
15591,-146177457332770,33128,89331,-30978.5,34369.5,10.2,-0.028,83335844,27050861,LOCKED,1.000030979000,146712102322428
15592,-146177457443721,-44350,11853,-31027.3,34820.8,10.5,-0.032,83335845,27138392,LOCKED,1.000031027000,146713102474459
15593,-146177457454654,-23913,32290,-31004.3,34608.6,11.3,-0.038,83335844,27218400,LOCKED,1.000031004000,146714102624466
15594,-146177457471953,-11402,44801,-30926.5,33805.6,11.3,-0.037,83335845,27296904,LOCKED,1.000030927000,146715102773396
# STATS: PDUs=537 CSV=536 Gaps=0 Dups=0 Skip=0 d_min=-56203 ns drift=-30926.5 ns/s sigma=33805.6 ns state=LOCKED clk_err=+0 ns
15595,-146177457487530,4949,61152,-30984.0,33421.2,11.4,-0.035,83335845,27374867,LOCKED,1.000030984000,146716102867381
15596,-146177457568032,-43289,12914,-30974.8,33287.4,11.2,-0.030,83335846,27392356,LOCKED,1.000030975000,146717103013359
15597,-146177457572837,-14737,41466,-31067.4,32944.0,11.6,-0.028,83335844,27477355,LOCKED,1.000031067000,146718103158429
15598,-146177457564390,22776,78979,-31006.9,33050.6,11.8,-0.028,83335845,27578743,LOCKED,1.000031007000,146719103190435
15599,-146177457585138,30333,86536,-30924.6,33229.8,12.3,-0.028,83335844,27653510,LOCKED,1.000030925000,146720103332363
15600,-146177457609872,32521,88724,-30782.0,32859.7,12.5,-0.032,83335845,27720657,LOCKED,1.000030782000,146721103467148
15601,-146177457638001,34359,90562,-30799.2,32642.5,12.6,-0.029,83335845,27782693,LOCKED,1.000030799000,146722103483946
15602,-146177457682967,19438,75641,-30794.5,32670.0,13.1,-0.033,83335844,27730734,LOCKED,1.000030795000,146723103645744
15603,-146177457791458,-54632,1571,-30881.8,33495.2,13.2,-0.029,83335845,27816775,LOCKED,1.000030882000,146724103789629
15604,-146177457816830,-46408,9795,-30937.9,34026.8,13.6,-0.024,83335844,27885952,LOCKED,1.000030938000,146725103950570
15605,-146177457818917,-17168,39035,-30928.4,33968.5,13.5,-0.010,83335845,27980158,LOCKED,1.000030928000,146726104096501
15606,-146177457862062,-28863,27340,-30905.9,33722.0,13.5,-0.010,83335844,28047421,LOCKED,1.000030906000,146727104262411
15607,-146177457842017,19447,75650,-30808.5,33467.4,13.8,-0.002,83335844,28145140,LOCKED,1.000030808000,146728104304219
15608,-146177457940620,-45300,10903,-30882.8,34025.7,14.1,0.008,83335844,28139745,LOCKED,1.000030883000,146729104346102
15609,-146177457949509,-21676,34527,-30926.9,34149.6,14.3,0.020,83335844,28219478,LOCKED,1.000030927000,146730104485032
15610,-146177458015314,-53709,2494,-30977.3,34754.8,14.5,0.035,83335843,28264210,LOCKED,1.000030977000,146731104531009
15611,-146177458013828,-20945,35258,-30957.2,34592.1,15.1,0.055,83335844,28344987,LOCKED,1.000030957000,146732104675969
15612,-146177458052817,-28197,28006,-30948.5,34511.2,15.3,0.065,83335843,28421224,LOCKED,1.000030948000,146733104830921
15613,-146177458039755,13172,69375,-30840.6,33927.3,15.7,0.093,83335844,28504391,LOCKED,1.000030841000,146734104995765
15614,-146177458045952,36739,92942,-30848.8,33826.7,16.1,0.057,83335842,28594717,LOCKED,1.000030849000,146735105038614
15615,-146177458160064,-42675,13528,-30967.0,34154.9,17.1,0.008,83335843,28568246,LOCKED,1.000030967000,146736105194584
15616,-146177458171421,-21128,35075,-31027.1,34228.9,17.6,-0.028,83335842,28655501,LOCKED,1.000031027000,146737105359615
15617,-146177458167540,12706,68909,-30995.4,34264.7,18.2,-0.061,83335842,28752211,LOCKED,1.000030995000,146738105385610
15618,-146177458265651,-52157,4046,-31019.2,34594.6,18.8,-0.103,83335842,28745754,LOCKED,1.000031019000,146739105424629
15619,-146177458277448,-29217,26986,-31153.4,34224.1,19.2,-0.128,83335842,28828473,LOCKED,1.000031153000,146740105584786
15620,-146177458281578,-522,55681,-31234.7,33652.6,19.6,-0.150,83335843,28917518,LOCKED,1.000031235000,146741105743024
15621,-146177458291955,20025,76228,-31252.8,33509.6,19.7,-0.175,83335842,29001380,LOCKED,1.000031253000,146742105886280
15622,-146177458312478,29371,85574,-31233.7,33652.9,20.0,-0.196,83335844,29072935,LOCKED,1.000031234000,146743106039517
15623,-146177458333642,37050,93253,-31177.9,34019.5,19.8,-0.204,83335843,29152410,LOCKED,1.000031178000,146744106179698
15624,-146177458361000,37399,93602,-31069.6,34236.7,19.6,-0.223,83335843,29213193,LOCKED,1.000031070000,146745106327771
15625,-146177458381326,43982,100185,-30938.3,34499.4,19.3,-0.238,83335844,29286549,LOCKED,1.000030938000,146746106351709
15626,-146177458410503,44014,100217,-30926.6,34643.6,18.6,-0.242,83335843,29243513,LOCKED,1.000030927000,146747106495639
15627,-146177458537230,-47270,8933,-31069.9,34921.0,17.9,-0.254,83335844,29315712,LOCKED,1.000031070000,146748106643712
15628,-146177458512165,9621,65824,-31123.2,34521.2,17.6,-0.254,83335844,29433252,LOCKED,1.000031123000,146749106670835
15629,-146177458545905,5912,62115,-31079.3,34432.8,16.8,-0.254,83335845,29497080,LOCKED,1.000031079000,146750106810917
15630,-146177458569862,14031,70234,-31151.7,33657.0,16.5,-0.245,83335845,29563847,LOCKED,1.000031152000,146751106961072
15631,-146177458587444,27583,83786,-31196.8,33081.5,15.7,-0.237,83335844,29639047,LOCKED,1.000031197000,146752107097272
15632,-146177458606371,39394,95597,-31239.9,32365.3,15.3,-0.234,83335845,29710707,LOCKED,1.000031240000,146753107129511
15633,-146177458638328,36853,93056,-31211.6,32628.8,14.9,-0.226,83335845,29671152,LOCKED,1.000031212000,146754107262725
15634,-146177458674453,29775,85978,-31154.8,32876.4,14.6,-0.217,83335844,29729248,LOCKED,1.000031155000,146755107426883
15635,-146177458778788,-41258,14945,-31191.7,33236.9,14.4,-0.214,83335845,29822228,LOCKED,1.000031192000,146756107563077
15636,-146177458806925,-37073,19130,-31185.5,33160.5,14.0,-0.205,83335844,29887148,LOCKED,1.000031185000,146757107721266
15637,-146177458818900,-18113,38090,-31142.9,32749.8,13.5,-0.201,83335845,29969764,LOCKED,1.000031143000,146758107870412
15638,-146177458817414,14368,70571,-31159.6,32647.0,13.4,-0.193,83335845,30065769,LOCKED,1.000031160000,146759107905571
15639,-146177458832815,28696,84899,-31137.1,32808.2,13.3,-0.186,83335844,30141643,LOCKED,1.000031137000,146760108051711
15640,-146177458847734,41513,97716,-31039.0,33231.3,12.8,-0.180,83335845,30223652,LOCKED,1.000031039000,146761108086750
15641,-146177458880781,37162,93365,-30985.8,33599.6,12.3,-0.170,83335844,30281099,LOCKED,1.000030986000,146762108233739
15642,-146177458903876,41600,97803,-30885.3,34004.6,12.3,-0.168,83335845,30357288,LOCKED,1.000030885000,146763108276624
15643,-146177459025821,-47223,8980,-30916.6,34372.9,11.9,-0.156,83335844,30327200,LOCKED,1.000030917000,146764108423544
15644,-146177459046500,-36330,19873,-30888.3,33985.9,11.8,-0.148,83335845,30400624,LOCKED,1.000030888000,146765108578436
15645,-146177459052061,-11707,44496,-30834.1,33527.4,11.7,-0.140,83335845,30490555,LOCKED,1.000030834000,146766108728273
15646,-146177459078434,-5764,50439,-30897.4,33282.5,11.4,-0.134,83335844,30571634,LOCKED,1.000030897000,146767108880174
15647,-146177459139173,-32593,23610,-30991.2,33455.0,11.3,-0.125,83335845,30656209,LOCKED,1.000030991000,146768108915165
15648,-146177459194488,-54108,2095,-31039.1,34058.8,11.2,-0.122,83335844,30643187,LOCKED,1.000031039000,146769108945204
15649,-146177459209189,-36285,19918,-31051.7,34185.0,11.1,-0.113,83335845,30706075,LOCKED,1.000031052000,146770109094259
15650,-146177459223766,-20130,36073,-31002.4,33662.8,11.0,-0.110,83335844,30786348,LOCKED,1.000031002000,146771109236264
15651,-146177459258153,-23377,32826,-30970.2,33333.9,11.1,-0.111,83335845,30858005,LOCKED,1.000030970000,146772109392238
15652,-146177459261710,4980,61183,-31024.9,32976.7,11.1,-0.108,83335844,30935160,LOCKED,1.000031025000,146773109553266
15653,-146177459266236,30047,86250,-31004.6,33133.8,11.2,-0.110,83335845,31023528,LOCKED,1.000031005000,146774109715274
15654,-146177459276053,48067,104270,-30928.9,33763.9,11.1,-0.106,83335844,31108381,LOCKED,1.000030929000,146775109744202
# STATS: PDUs=597 CSV=596 Gaps=0 Dups=0 Skip=0 d_min=-56203 ns drift=-30928.9 ns/s sigma=33763.9 ns state=LOCKED clk_err=+0 ns
15655,-146177459408556,-50420,5783,-30996.7,34414.0,11.1,-0.102,83335844,31070198,LOCKED,1.000030997000,146776109956204
15656,-146177459362094,26570,82773,-31017.9,34201.2,10.9,-0.091,83335845,31212258,LOCKED,1.000031018000,146777110104225
15657,-146177459368483,48344,104547,-30958.1,34771.9,10.9,-0.094,83335844,31296497,LOCKED,1.000030958000,146778110130182
15658,-146177459479323,-30351,25852,-30965.9,34838.1,10.9,-0.089,83335845,31282811,LOCKED,1.000030966000,146779110151147
15659,-146177459507131,-26653,29550,-30948.0,34666.4,10.9,-0.093,83335844,31343240,LOCKED,1.000030948000,146780110309098
15660,-146177459520866,-10315,45888,-30887.8,34160.2,11.0,-0.089,83335845,31426426,LOCKED,1.000030888000,146781110442988
15661,-146177459543207,-3325,52878,-30805.7,33477.0,10.9,-0.082,83335844,31495374,LOCKED,1.000030806000,146782110594797
15662,-146177459565141,3873,60076,-30729.8,33051.3,10.9,-0.087,83335844,31567210,LOCKED,1.000030730000,146783110733530
15663,-146177459594347,6229,62432,-30781.2,32708.7,10.9,-0.079,83335844,31631099,LOCKED,1.000030781000,146784110890315
15664,-146177459604645,26053,82256,-30792.2,32605.0,11.0,-0.080,83335843,31715770,LOCKED,1.000030792000,146785111032110
15665,-146177459628380,31123,87326,-30746.3,32870.9,11.0,-0.060,83335844,31782235,LOCKED,1.000030746000,146786111053856
15666,-146177459666112,23120,79323,-30734.9,32943.6,11.0,-0.074,83335843,31735022,LOCKED,1.000030735000,146787111204594
15667,-146177459782071,-59194,0,-30779.3,33596.9,11.0,-0.070,83335844,31816315,LOCKED,1.000030779000,146788111352376
15668,-146177459768330,-12596,46598,-30860.5,33327.3,11.0,-0.083,83335843,31925522,LOCKED,1.000030860000,146789111360235
15669,-146177459809540,-20968,38226,-30922.7,33390.4,11.0,-0.082,83335844,31977666,LOCKED,1.000030923000,146790111521161
15670,-146177459818209,2908,62102,-31007.4,32661.3,10.8,-0.114,83335843,32060878,LOCKED,1.000031007000,146791111534167
15671,-146177459866030,-12263,46931,-31067.7,32565.2,10.9,-0.147,83335842,32107001,LOCKED,1.000031068000,146792111684238
15672,-146177459877953,7502,66696,-31110.8,32289.2,10.4,-0.189,83335843,32188925,LOCKED,1.000031111000,146793111830352
15673,-146177459895934,18951,78145,-31059.7,32362.2,10.3,-0.190,83335843,32266019,LOCKED,1.000031060000,146794111987415
15674,-146177459906032,36104,95298,-30932.6,32355.8,10.1,-0.197,83335842,32347226,LOCKED,1.000030933000,146795112128350
15675,-146177459926227,45227,104421,-30928.6,32413.1,10.1,-0.195,83335843,32422823,LOCKED,1.000030929000,146796112166278
15676,-146177460049952,-43651,15543,-31048.5,32778.7,9.7,-0.192,83335843,32389806,LOCKED,1.000031048000,146797112308329
15677,-146177460065514,-26563,32631,-31083.0,32963.3,9.3,-0.190,83335843,32465939,LOCKED,1.000031083000,146798112456415
15678,-146177460045393,25058,84252,-31145.3,32100.6,8.9,-0.180,83335844,32580744,LOCKED,1.000031145000,146799112597563
15679,-146177460072394,28789,87983,-31172.9,31766.4,8.4,-0.180,83335843,32651219,LOCKED,1.000031173000,146800112627735
15680,-146177460103084,28022,87216,-31158.2,31882.7,8.4,-0.174,83335844,32609452,LOCKED,1.000031158000,146801112780896
15681,-146177460215881,-50158,9036,-31244.7,32601.9,7.8,-0.169,83335844,32692834,LOCKED,1.000031245000,146802112943144
15682,-146177460211407,-13827,45367,-31251.7,32628.8,7.9,-0.172,83335843,32792787,LOCKED,1.000031252000,146803113093399
15683,-146177460246150,-16862,42332,-31246.1,32595.1,7.7,-0.168,83335844,32866562,LOCKED,1.000031246000,146804113259649
15684,-146177460229935,27784,86978,-31153.9,32639.8,7.6,-0.171,83335843,32965015,LOCKED,1.000031154000,146805113418806
15685,-146177460241674,42852,102046,-31011.6,32743.7,7.9,-0.180,83335842,33044872,LOCKED,1.000031012000,146806113453817
15686,-146177460366625,-49243,9951,-31020.2,32872.7,7.8,-0.178,83335844,33011714,LOCKED,1.000031020000,146807113612841
15687,-146177460372353,-20726,38468,-31144.3,32285.6,7.8,-0.181,83335843,33100983,LOCKED,1.000031144000,146808113769989
15688,-146177460355881,25077,84271,-31096.9,32463.6,7.9,-0.178,83335844,33215844,LOCKED,1.000031097000,146809113803085
15689,-146177460375429,34233,93427,-31036.3,32794.8,7.8,-0.175,83335844,33290096,LOCKED,1.000031036000,146810113831121
15690,-146177460410126,28295,87489,-30971.5,32998.2,7.7,-0.171,83335844,33243759,LOCKED,1.000030971000,146811114002096
15691,-146177460508280,-37147,22047,-30995.1,33226.5,7.7,-0.174,83335843,33342337,LOCKED,1.000030995000,146812114167095
15692,-146177460510883,-9387,49807,-30948.4,32888.6,7.7,-0.174,83335843,33436828,LOCKED,1.000030948000,146813114317047
15693,-146177460520381,10038,69232,-30865.5,32526.6,7.9,-0.177,83335842,33519056,LOCKED,1.000030866000,146814114479916
15694,-146177460529488,28565,87759,-30754.2,32412.4,8.0,-0.179,83335843,33605987,LOCKED,1.000030754000,146815114490669
15695,-146177460575848,13291,72485,-30792.7,32108.1,7.9,-0.177,83335843,33546533,LOCKED,1.000030793000,146816114660465
15696,-146177460670198,-45846,13348,-30933.7,32367.7,8.2,-0.182,83335842,33647989,LOCKED,1.000030934000,146817114804402
15697,-146177460695517,-36960,22234,-31032.9,32645.8,8.2,-0.180,83335843,33720844,LOCKED,1.000031033000,146818114963438
15698,-146177460680823,7856,67050,-31001.2,32633.9,8.1,-0.178,83335843,33825352,LOCKED,1.000031001000,146819114991439
15699,-146177460702772,14916,74110,-30928.1,32493.6,8.1,-0.177,83335844,33895874,LOCKED,1.000030928000,146820115144370
15700,-146177460719705,25524,84718,-30804.1,32096.4,8.0,-0.174,83335843,33973866,LOCKED,1.000030804000,146821115158173
15701,-146177460756655,16551,75745,-30692.7,31535.4,8.1,-0.174,83335844,34028714,LOCKED,1.000030693000,146822115309869
15702,-146177460769640,30082,89276,-30537.4,30791.9,8.0,-0.169,83335844,34108352,LOCKED,1.000030537000,146823115318405
15703,-146177460813406,16685,75879,-30556.9,30643.4,8.0,-0.170,83335844,34052355,LOCKED,1.000030557000,146824115474965
15704,-146177460928932,-63202,0,-30701.5,31714.9,8.2,-0.164,83335845,34132746,LOCKED,1.000030701000,146825115619669
15705,-146177460953484,-53419,9783,-30791.1,32532.4,8.4,-0.158,83335845,34204113,LOCKED,1.000030791000,146826115772463
15706,-146177460969834,-36608,26594,-30846.6,32903.1,8.5,-0.159,83335843,34281376,LOCKED,1.000030847000,146827115916313
15707,-146177460987146,-20710,42492,-30928.4,32835.3,8.7,-0.153,83335845,34358871,LOCKED,1.000030928000,146828116071245
15708,-146177460981295,16786,79988,-30991.6,32123.1,8.7,-0.155,83335844,34460180,LOCKED,1.000030992000,146829116101236
15709,-146177461009037,20053,83255,-31025.8,31786.4,8.8,-0.150,83335845,34521796,LOCKED,1.000031026000,146830116256265
15710,-146177461027365,31461,94663,-31014.9,31889.2,9.0,-0.153,83335845,34600438,LOCKED,1.000031015000,146831116398283
15711,-146177461044547,43322,106524,-30990.1,32183.9,9.0,-0.146,83335844,34671675,LOCKED,1.000030990000,146832116425272
15712,-146177461180086,-57171,6031,-31094.3,33105.6,9.2,-0.151,83335845,34630495,LOCKED,1.000031094000,146833116568369
15713,-146177461202631,-46197,17005,-31136.5,33560.6,9.3,-0.146,83335845,34700886,LOCKED,1.000031137000,146834116717509
15714,-146177461221805,-33452,29750,-31119.2,33351.7,9.3,-0.151,83335844,34778661,LOCKED,1.000031119000,146835116857631
# STATS: PDUs=657 CSV=656 Gaps=0 Dups=0 Skip=0 d_min=-63202 ns drift=-31119.2 ns/s sigma=33351.7 ns state=LOCKED clk_err=+0 ns
15715,-146177461241107,-18354,44848,-31250.0,32561.1,9.5,-0.159,83335845,34849281,LOCKED,1.000031250000,146836116946882
15716,-146177461216468,34531,97733,-31159.8,32816.8,10.1,-0.106,83335845,34863775,LOCKED,1.000031160000,146837117099045
15717,-146177461325762,-42237,20965,-31156.6,32771.9,10.2,-0.091,83335844,34954557,LOCKED,1.000031157000,146838117248205
15718,-146177461316690,-744,62458,-31217.6,32444.5,10.5,-0.050,83335845,35057458,LOCKED,1.000031218000,146839117257421
15719,-146177461357862,-8902,54300,-31291.1,32155.8,10.8,-0.025,83335845,35105990,LOCKED,1.000031291000,146840117423716
15720,-146177461364820,15030,78232,-31296.4,32126.9,10.6,-0.001,83335844,35197258,LOCKED,1.000031296000,146841117565015
15721,-146177461397439,13144,76346,-31290.6,32148.7,10.8,0.022,83335845,35272007,LOCKED,1.000031291000,146842117706309
15722,-146177461432316,8960,72162,-31276.1,32171.6,10.9,0.045,83335845,35346754,LOCKED,1.000031276000,146843117853588
15723,-146177461511294,-36277,26925,-31336.9,32545.8,10.8,0.057,83335844,35418209,LOCKED,1.000031337000,146844117880924
15724,-146177461460016,42608,105810,-31224.5,32926.9,10.9,0.064,83335845,35371511,LOCKED,1.000031224000,146845118046152
15725,-146177461567409,-32445,30757,-31225.2,32935.0,11.0,0.076,83335845,35456871,LOCKED,1.000031225000,146846118196380
15726,-146177461584171,-17698,45504,-31209.7,32824.9,11.0,0.088,83335845,35537789,LOCKED,1.000031210000,146847118364593
15727,-146177461578529,19807,83009,-31274.9,32013.4,11.0,0.086,83335844,35637816,LOCKED,1.000031275000,146848118394867
15728,-146177461682185,-48648,14554,-31386.8,32622.6,11.0,0.095,83335845,35627665,LOCKED,1.000031387000,146849118435254
15729,-146177461692357,-24722,38480,-31479.0,32576.5,11.0,0.093,83335844,35710397,LOCKED,1.000031479000,146850118600737
15730,-146177461720108,-19368,43834,-31526.6,32665.2,11.0,0.101,83335845,35778520,LOCKED,1.000031527000,146851118640263
15731,-146177461742691,-8901,54301,-31586.7,32505.6,10.7,0.108,83335845,35850260,LOCKED,1.000031587000,146852118795853
15732,-146177461745665,18689,81891,-31567.6,32587.4,10.6,0.113,83335845,35942424,LOCKED,1.000031568000,146853118953424
15733,-146177461755975,37151,100353,-31492.1,32965.8,10.5,0.111,83335844,36025092,LOCKED,1.000031492000,146854119093919
15734,-146177461782886,38050,101252,-31374.4,33134.0,10.1,0.108,83335844,36094060,LOCKED,1.000031374000,146855119249297
15735,-146177461796671,50567,113769,-31209.2,33315.6,10.0,0.111,83335845,36176643,LOCKED,1.000031209000,146856119274506
15736,-146177461826772,49784,112986,-31199.2,33464.0,9.9,0.114,83335845,36132922,LOCKED,1.000031199000,146857119433709
15737,-146177461937726,-27032,36170,-31298.7,33422.1,9.9,0.116,83335845,36224557,LOCKED,1.000031299000,146858119576011
15738,-146177461932413,8334,71536,-31251.3,33344.9,9.9,0.114,83335844,36324390,LOCKED,1.000031251000,146859119731266
15739,-146177461944788,24623,87825,-31165.1,33346.2,9.8,0.115,83335845,36403757,LOCKED,1.000031165000,146860119875434
15740,-146177461968361,29201,92403,-31065.6,33371.6,9.8,0.118,83335845,36474947,LOCKED,1.000031066000,146861120024503
15741,-146177461980862,46366,109568,-31074.0,33241.4,10.1,0.124,83335846,36554876,LOCKED,1.000031074000,146862120049576
15742,-146177462012611,43304,106506,-31028.9,33673.4,10.3,0.128,83335846,36511241,LOCKED,1.000031029000,146863120199608
15743,-146177462127977,-37667,25535,-31131.6,33940.8,10.3,0.130,83335845,36592924,LOCKED,1.000031132000,146864120342743
15744,-146177462149924,-27417,35785,-31138.3,33993.5,10.4,0.132,83335846,36665288,LOCKED,1.000031138000,146865120500885
15745,-146177462164441,-11550,51652,-31081.9,33508.8,10.2,0.131,83335846,36746965,LOCKED,1.000031082000,146866120643970
15746,-146177462183215,2295,65497,-31161.3,32881.8,10.2,0.128,83335844,36820907,LOCKED,1.000031161000,146867120798135
15747,-146177462194159,21893,85095,-31167.4,32835.8,10.1,0.126,83335845,36906332,LOCKED,1.000031167000,146868120823302
15748,-146177462297265,-47501,15701,-31213.4,33338.2,10.3,0.129,83335846,36891819,LOCKED,1.000031213000,146869120857515
15749,-146177462310501,-28695,34507,-31206.2,33269.2,10.6,0.131,83335846,36971524,LOCKED,1.000031206000,146870120998724
15750,-146177462331223,-18044,45158,-31184.4,33101.0,10.6,0.132,83335845,37045580,LOCKED,1.000031184000,146871121147912
15751,-146177462350146,-4240,58962,-31253.2,32763.5,10.6,0.129,83335846,37122223,LOCKED,1.000031253000,146872121293168
15752,-146177462372318,4823,68025,-31260.3,32747.7,10.7,0.125,83335846,37193769,LOCKED,1.000031260000,146873121446432
15753,-146177462374668,31126,94328,-31184.0,32976.4,10.1,0.114,83335845,37283492,LOCKED,1.000031184000,146874121588619
15754,-146177462418431,16126,79328,-31091.8,32676.2,10.1,0.108,83335846,37352392,LOCKED,1.000031092000,146875121747714
15755,-146177462495224,-28462,34740,-31099.1,32738.2,9.9,0.101,83335845,37433062,LOCKED,1.000031099000,146876121785813
15756,-146177462536995,-35313,27889,-31228.2,32676.6,9.1,0.086,83335845,37398274,LOCKED,1.000031228000,146877121941045
15757,-146177462551480,-16152,47050,-31320.1,32377.1,8.8,0.076,83335845,37479011,LOCKED,1.000031320000,146878122105369
15758,-146177462508396,54243,117445,-31213.4,33192.3,8.6,0.065,83335844,37617805,LOCKED,1.000031213000,146879122035579
15759,-146177462630350,-34733,28469,-31242.3,33433.7,8.7,0.060,83335846,37588179,LOCKED,1.000031242000,146880122184824
15760,-146177462652726,-25272,37930,-31229.4,33316.2,8.4,0.048,83335844,37660721,LOCKED,1.000031229000,146881122225053
15761,-146177462674845,-16053,47149,-31208.0,33166.1,8.4,0.042,83335845,37733125,LOCKED,1.000031208000,146882122374264
15762,-146177462689650,-1269,61933,-31126.2,32522.9,8.3,0.035,83335845,37808987,LOCKED,1.000031126000,146883122539394
15763,-146177462690039,26268,89470,-31012.6,32296.9,8.2,0.027,83335845,37906557,LOCKED,1.000031013000,146884122698410
15764,-146177462691181,53900,117102,-30992.4,32612.3,8.3,0.031,83335844,37995211,LOCKED,1.000030992000,146885122740402
15765,-146177462816900,-36940,26262,-31122.0,32612.0,8.3,0.031,83335845,37964506,LOCKED,1.000031122000,146886122905528
15766,-146177462811009,937,64139,-31166.0,32419.5,8.3,0.034,83335843,38063945,LOCKED,1.000031166000,146887123065698
15767,-146177462811637,29895,93097,-31138.2,32617.4,8.3,0.017,83335844,38160124,LOCKED,1.000031138000,146888123095836
15768,-146177462922775,-47616,15586,-31181.2,33104.0,8.4,0.023,83335844,38143965,LOCKED,1.000031181000,146889123130017
15769,-146177462941152,-33429,29773,-31193.4,33220.4,8.5,-0.007,83335843,38217254,LOCKED,1.000031193000,146890123295214
15770,-146177462945879,-7842,55360,-31137.1,32791.9,8.9,-0.038,83335844,38306883,LOCKED,1.000031137000,146891123470355
15771,-146177462932824,32107,95309,-30982.0,32181.7,8.9,-0.048,83335844,38414287,LOCKED,1.000030982000,146892123622340
15772,-146177462939770,53928,117130,-30963.0,32481.5,8.8,-0.073,83335843,38499385,LOCKED,1.000030963000,146893123626302
15773,-146177462982357,40745,103947,-30954.2,32589.9,9.0,-0.098,83335845,38443600,LOCKED,1.000030954000,146894123776259
15774,-146177463002053,49454,112656,-30911.3,33101.0,9.0,-0.093,83335844,38519783,LOCKED,1.000030911000,146895123918173
# STATS: PDUs=717 CSV=716 Gaps=0 Dups=0 Skip=0 d_min=-63202 ns drift=-30911.3 ns/s sigma=33101.0 ns state=LOCKED clk_err=+0 ns
15775,-146177463126739,-40993,22209,-31006.6,33516.7,8.7,-0.124,83335844,38590533,LOCKED,1.000031007000,146896124120184
15776,-146177463096929,17205,80407,-30906.5,33158.5,8.6,-0.140,83335845,38716784,LOCKED,1.000030907000,146897124265094
15777,-146177463110274,33676,96878,-30909.0,33131.1,8.7,-0.129,83335843,38799292,LOCKED,1.000030909000,146898124304003
15778,-146177463210988,-33900,29302,-30962.1,33445.7,8.9,-0.142,83335844,38790164,LOCKED,1.000030962000,146899124328964
15779,-146177463228187,-18577,44625,-31007.9,33525.1,8.8,-0.144,83335843,38863824,LOCKED,1.000031008000,146900124474975
15780,-146177463235358,4407,67609,-30973.3,33465.8,9.0,-0.156,83335844,38947431,LOCKED,1.000030973000,146901124614951
15781,-146177463258483,10962,74164,-30927.9,33437.7,8.9,-0.155,83335844,39021715,LOCKED,1.000030928000,146902124763882
15782,-146177463274813,23485,86687,-30865.1,33547.4,8.9,-0.156,83335844,39096058,LOCKED,1.000030865000,146903124905750
15783,-146177463301575,26929,90131,-30877.5,33428.1,8.9,-0.157,83335843,39165530,LOCKED,1.000030878000,146904125057631
15784,-146177463319314,35904,99106,-30732.6,33180.8,9.0,-0.165,83335844,39240552,LOCKED,1.000030733000,146905125196366
15785,-146177463345839,38351,101553,-30710.0,33409.3,9.0,-0.165,83335843,39306848,LOCKED,1.000030710000,146906125238076
15786,-146177463464818,-46277,16925,-30811.9,33956.9,9.1,-0.172,83335844,39279813,LOCKED,1.000030812000,146907125387891
15787,-146177463474134,-23906,39296,-30815.1,33979.3,9.1,-0.172,83335844,39364539,LOCKED,1.000030815000,146908125530709
15788,-146177463464286,17335,80537,-30872.4,33375.9,9.0,-0.173,83335844,39464856,LOCKED,1.000030872000,146909125551581
15789,-146177463509266,4091,67293,-30921.7,33092.8,9.0,-0.172,83335843,39518229,LOCKED,1.000030922000,146910125699506
15790,-146177463520318,23441,86643,-30935.2,32975.6,9.1,-0.179,83335844,39599023,LOCKED,1.000030935000,146911125732441
15791,-146177463538065,35051,98253,-30916.0,33156.1,9.2,-0.183,83335843,39673174,LOCKED,1.000030916000,146912125881360
15792,-146177463558036,42891,106093,-30834.8,33660.7,9.2,-0.182,83335844,39750919,LOCKED,1.000030835000,146913125889194
15793,-146177463607621,21714,84916,-30751.7,33608.9,9.1,-0.184,83335844,39686998,LOCKED,1.000030752000,146914126033949
15794,-146177463633383,23898,87100,-30653.5,33482.7,9.0,-0.186,83335844,39755937,LOCKED,1.000030654000,146915126176605
15795,-146177463662685,21872,85074,-30523.9,32862.6,9.2,-0.189,83335843,39828847,LOCKED,1.000030524000,146916126328132
15796,-146177463774415,-57371,5831,-30524.8,32878.4,9.2,-0.189,83335844,39907011,LOCKED,1.000030525000,146917126470660
15797,-146177463810616,-58226,4976,-30664.8,33687.9,9.2,-0.188,83335844,39979195,LOCKED,1.000030665000,146918126632328
15798,-146177463846720,-59884,3318,-30751.0,34624.7,9.1,-0.191,83335844,40096336,LOCKED,1.000030751000,146919126666079
15799,-146177463805649,10237,73439,-30684.4,34447.2,9.1,-0.190,83335844,40175536,LOCKED,1.000030684000,146920126698763
15800,-146177463887202,-39228,23974,-30688.0,34489.7,9.1,-0.190,83335844,40132952,LOCKED,1.000030688000,146921126846454
15801,-146177463939316,-58594,4608,-30691.6,34553.4,8.9,-0.186,83335844,40205219,LOCKED,1.000030692000,146922127004149
15802,-146177463947506,-35655,27547,-30653.7,34012.2,8.8,-0.183,83335843,40294080,LOCKED,1.000030654000,146923127161806
15803,-146177463955269,-11112,52090,-30716.5,33880.1,8.8,-0.182,83335844,40382767,LOCKED,1.000030716000,146924127338526
15804,-146177463947774,25939,89141,-30702.6,33974.5,8.6,-0.176,83335844,40484398,LOCKED,1.000030703000,146925127367228
15805,-146177463965355,36593,99795,-30642.3,34334.7,8.4,-0.169,83335844,40451367,LOCKED,1.000030642000,146926127533874
15806,-146177464079001,-43754,19448,-30700.0,34813.9,8.3,-0.174,83335844,40536513,LOCKED,1.000030700000,146927127685577
15807,-146177464083403,-17314,45888,-30678.1,34657.9,8.3,-0.172,83335844,40627061,LOCKED,1.000030678000,146928127844259
15808,-146177464061287,34546,97748,-30689.7,34523.9,8.2,-0.165,83335843,40741858,LOCKED,1.000030690000,146929127861948
15809,-146177464088648,36257,99459,-30670.6,34702.8,8.0,-0.156,83335844,40804512,LOCKED,1.000030671000,146930127897618
15810,-146177464217425,-57298,5904,-30799.0,35498.9,8.1,-0.154,83335843,40771605,LOCKED,1.000030799000,146931128046420
15811,-146177464218180,-25243,37959,-30855.8,35650.7,7.9,-0.143,83335844,40864244,LOCKED,1.000030856000,146932128206279
15812,-146177464217329,6039,69241,-30844.9,35660.2,7.5,-0.132,83335844,40959150,LOCKED,1.000030845000,146933128354127
15813,-146177464226428,25016,88218,-30750.5,35606.8,7.7,-0.127,83335843,41043102,LOCKED,1.000030751000,146934128495880
15814,-146177464250202,29288,92490,-30666.3,35737.8,7.3,-0.112,83335844,41109529,LOCKED,1.000030666000,146935128635549
15815,-146177464272531,36013,99215,-30647.1,35910.1,7.4,-0.105,83335843,41181007,LOCKED,1.000030647000,146936128666196
15816,-146177464398890,-54596,8606,-30807.0,36328.5,7.3,-0.098,83335844,41148989,LOCKED,1.000030807000,146937128801006
15817,-146177464417671,-38975,24227,-30918.8,36557.3,7.2,-0.090,83335844,41222787,LOCKED,1.000030919000,146938128957928
15818,-146177464375968,29923,93125,-30785.6,36246.0,7.2,-0.094,83335844,41358221,LOCKED,1.000030786000,146939128984713
15819,-146177464402956,32888,96090,-30799.4,36097.3,6.7,-0.076,83335843,41423218,LOCKED,1.000030799000,146940129007512
15820,-146177464438527,27423,90625,-30811.1,35993.1,6.7,-0.084,83335843,41374487,LOCKED,1.000030811000,146941129149326
15821,-146177464456264,38755,101957,-30790.0,36194.0,6.6,-0.078,83335843,41554670,LOCKED,1.000030790000,146942129183116
15822,-146177464587006,-56843,6359,-30909.4,36976.5,6.6,-0.057,83335844,41520115,LOCKED,1.000030909000,146943129328028
15823,-146177464601947,-38766,24436,-30948.5,37282.3,6.4,-0.050,83335843,41596678,LOCKED,1.000030948000,146944129481980
15824,-146177464617462,-23350,36534,-30908.7,36890.8,6.8,-0.070,83335842,41678115,LOCKED,1.000030909000,146945129630892
15825,-146177464640397,-12830,47054,-31012.5,36390.5,6.7,-0.060,83335843,41744534,LOCKED,1.000031013000,146946129771907
15826,-146177464659545,-463,59421,-31036.4,36346.5,6.4,-0.084,83335843,41821179,LOCKED,1.000031036000,146947129922947
15827,-146177464677871,10908,70792,-30988.7,36309.3,6.7,-0.106,83335842,41898316,LOCKED,1.000030989000,146948129943935
15828,-146177464692783,27307,87191,-31050.2,35503.1,6.8,-0.122,83335842,41870408,LOCKED,1.000031050000,146949130087988
15829,-146177464704976,44930,104814,-31064.3,35296.7,6.8,-0.121,83335843,42058127,LOCKED,1.000031064000,146950130116052
15830,-146177464741509,37854,97738,-31048.4,35454.5,6.7,-0.123,83335843,42009433,LOCKED,1.000031048000,146951130256103
15831,-146177464865871,-52343,7541,-31114.4,36104.9,6.9,-0.134,83335842,42080700,LOCKED,1.000031114000,146952130406221
15832,-146177464876626,-31170,28714,-31102.4,35983.9,7.0,-0.142,83335842,42163325,LOCKED,1.000031102000,146953130547326
15833,-146177464902960,-25620,34264,-31098.2,35950.4,6.6,-0.143,83335843,42233114,LOCKED,1.000031098000,146954130693427
15834,-146177464916864,-9228,50656,-31043.3,35549.5,6.7,-0.151,83335842,42310852,LOCKED,1.000031043000,146955130842474
# STATS: PDUs=777 CSV=776 Gaps=0 Dups=0 Skip=0 d_min=-59884 ns drift=-31043.3 ns/s sigma=35549.5 ns state=LOCKED clk_err=+0 ns
15835,-146177464947283,-6356,53528,-31143.3,34888.1,6.7,-0.157,83335842,42390905,LOCKED,1.000031143000,146956130927618
15836,-146177465023157,-47982,11902,-31216.0,35480.2,6.4,-0.163,83335842,42395933,LOCKED,1.000031216000,146957131069837
15837,-146177465040215,-32397,27487,-31232.2,35613.4,7.0,-0.175,83335841,42477769,LOCKED,1.000031232000,146958131208072
15838,-146177465089063,-45232,14652,-31391.9,35598.3,7.0,-0.180,83335842,42570681,LOCKED,1.000031392000,146959131242463
15839,-146177465054015,21045,80929,-31419.0,35367.7,7.1,-0.184,83335842,42642285,LOCKED,1.000031419000,146960131383885
15840,-146177465098989,7470,67354,-31430.4,35331.0,7.1,-0.187,83335842,42714257,LOCKED,1.000031430000,146961131537319
15841,-146177465170147,-29946,29938,-31494.2,35553.6,7.1,-0.190,83335842,42800112,LOCKED,1.000031494000,146962131568813
15842,-146177465111361,56170,116054,-31383.0,36349.3,7.1,-0.193,83335842,42763536,LOCKED,1.000031383000,146963131696199
15843,-146177465152878,42564,102448,-31283.2,36754.3,7.2,-0.197,83335842,42816136,LOCKED,1.000031283000,146964131867486
15844,-146177465252384,-25005,34879,-31273.7,36679.0,7.6,-0.202,83335841,42916018,LOCKED,1.000031274000,146965132029763
15845,-146177465253567,3542,63426,-31203.7,36347.8,7.6,-0.206,83335842,43008166,LOCKED,1.000031204000,146966132196970
15846,-146177465255724,32094,91978,-31232.9,36005.1,7.6,-0.207,83335842,43104644,LOCKED,1.000031233000,146967132342206
15847,-146177465268230,48485,108369,-31198.8,36388.9,7.7,-0.207,83335842,43179207,LOCKED,1.000031199000,146968132374404
15848,-146177465375981,-26632,33252,-31225.0,36533.6,7.7,-0.208,83335842,43167069,LOCKED,1.000031225000,146969132395628
15849,-146177465407758,-25344,34540,-31273.3,36694.2,8.1,-0.214,83335841,43226428,LOCKED,1.000031273000,146970132551905
15850,-146177465413301,-204,59680,-31243.9,36621.7,8.0,-0.211,83335843,43317895,LOCKED,1.000031244000,146971132579148
15851,-146177465448240,-4701,55183,-31196.6,36374.3,8.1,-0.214,83335842,43375622,LOCKED,1.000031197000,146972132738348
15852,-146177465465366,7264,67148,-31105.2,35873.2,8.4,-0.215,83335841,43451433,LOCKED,1.000031105000,146973132885456
15853,-146177465484137,17330,77214,-31022.5,35721.7,8.4,-0.214,83335842,43529591,LOCKED,1.000031023000,146974133036482
15854,-146177465499106,29954,89838,-30903.8,35585.1,8.4,-0.212,83335842,43607570,LOCKED,1.000030904000,146975133180389
15855,-146177465528244,28222,88106,-30778.8,35310.2,9.4,-0.218,83335840,43673727,LOCKED,1.000030779000,146976133213167
15856,-146177465556620,29763,89647,-30786.1,35241.4,9.4,-0.216,83335842,43632316,LOCKED,1.000030786000,146977133361956
15857,-146177465677299,-54866,5018,-30953.5,35595.7,9.7,-0.214,83335841,43711810,LOCKED,1.000030953000,146978133517913
15858,-146177465655640,-422,59462,-31042.8,34927.8,9.6,-0.211,83335842,43828617,LOCKED,1.000031043000,146979133538955
15859,-146177465689419,-3554,56330,-31017.4,34845.1,9.6,-0.207,83335842,43885711,LOCKED,1.000031017000,146980133685976
15860,-146177465706733,10534,70418,-31053.9,34613.4,9.9,-0.203,83335841,43962460,LOCKED,1.000031054000,146981133826033
15861,-146177465728528,20314,80198,-31113.4,33933.2,10.6,-0.198,83335840,44033428,LOCKED,1.000031113000,146982133980150
15862,-146177465739415,39049,98933,-31105.2,34026.8,10.9,-0.199,83335841,44117955,LOCKED,1.000031105000,146983134119258
15863,-146177465765972,41163,101047,-31054.1,34444.2,11.5,-0.191,83335840,44184098,LOCKED,1.000031054000,146984134141311
15864,-146177465804539,30556,90440,-30952.8,34496.5,11.5,-0.184,83335842,44135587,LOCKED,1.000030953000,146985134287267
15865,-146177465928650,-59982,0,-30981.7,34948.9,11.6,-0.173,83335841,44208002,LOCKED,1.000030982000,146986134444252
15866,-146177465936757,-33419,26563,-31107.4,34857.4,11.7,-0.161,83335841,44297082,LOCKED,1.000031107000,146987134587362
15867,-146177465960303,-23663,36319,-31175.9,34942.6,11.8,-0.147,83335841,44366882,LOCKED,1.000031176000,146988134736541
15868,-146177465936207,28354,88336,-31063.1,34813.0,12.4,-0.139,83335840,44485962,LOCKED,1.000031063000,146989134755603
15869,-146177465971169,21425,81407,-30949.8,34438.4,12.4,-0.120,83335841,44542167,LOCKED,1.000030950000,146990134911556
15870,-146177465979957,42448,102430,-30964.5,34227.5,12.9,-0.107,83335840,44632700,LOCKED,1.000030965000,146991134921519
15871,-146177466028128,24356,84338,-30961.6,34248.7,12.7,-0.093,83335841,44568141,LOCKED,1.000030962000,146992135086484
15872,-146177466134045,-47590,12392,-31030.3,34834.3,12.6,-0.096,83335840,44663922,LOCKED,1.000031030000,146993135230517
15873,-146177466156776,-37710,22272,-31045.1,34984.0,12.6,-0.094,83335841,44732892,LOCKED,1.000031045000,146994135386565
15874,-146177466166717,-16767,43215,-31009.3,34692.1,12.4,-0.076,83335841,44818582,LOCKED,1.000031009000,146995135540578
15875,-146177466202834,-22048,37934,-30964.0,34208.8,12.5,-0.087,83335840,44894291,LOCKED,1.000030964000,146996135691545
15876,-146177466199813,12660,72642,-31020.7,33703.0,12.3,-0.064,83335841,44972453,LOCKED,1.000031021000,146997135727565
15877,-146177466220958,22251,82233,-31043.7,33494.7,12.1,-0.051,83335840,44940375,LOCKED,1.000031044000,146998135894612
15878,-146177466302298,-27410,32572,-31029.3,33351.1,11.9,-0.031,83335840,45054671,LOCKED,1.000031029000,146999135934641
15879,-146177466333247,-26926,33056,-31004.2,33081.1,11.9,-0.056,83335840,45119144,LOCKED,1.000031004000,147000135963645
15880,-146177466384806,-45678,14304,-31016.7,33248.1,11.9,-0.077,83335840,45130544,LOCKED,1.000031017000,147001135985661
15881,-146177466338247,28061,88043,-30874.8,32686.4,11.6,-0.083,83335841,45199714,LOCKED,1.000030875000,147002136151539
15882,-146177466441992,-40485,19497,-31020.0,32643.7,10.9,-0.089,83335841,45292157,LOCKED,1.000031020000,147003136295562
15883,-146177466470522,-34504,25478,-31134.2,32715.0,10.7,-0.102,83335840,45357511,LOCKED,1.000031134000,147004136440699
15884,-146177466488977,-19794,40188,-31201.1,32730.4,10.6,-0.103,83335841,45430024,LOCKED,1.000031201000,147005136602904
15885,-146177466490309,9823,69805,-31205.0,32716.5,10.3,-0.104,83335841,45523696,LOCKED,1.000031205000,147006136762113
15886,-146177466490799,37919,97901,-31139.4,33119.2,10.0,-0.105,83335841,45619606,LOCKED,1.000031139000,147007136813253
15887,-146177466606757,-44304,15678,-31193.2,33610.3,10.0,-0.097,83335842,45595793,LOCKED,1.000031193000,147008136974450
15888,-146177466570424,20736,80718,-31105.6,33493.1,10.1,-0.090,83335842,45729108,LOCKED,1.000031106000,147009137015555
15889,-146177466581045,36842,96824,-30951.6,33150.2,9.8,-0.089,83335841,45810106,LOCKED,1.000030952000,147010137057506
15890,-146177466706571,-55653,4329,-30961.1,33309.4,9.5,-0.082,83335842,45777945,LOCKED,1.000030961000,147011137223471
15891,-146177466706484,-21616,38366,-31072.1,32956.5,9.5,-0.082,83335841,45873969,LOCKED,1.000031072000,147012137391547
15892,-146177466708435,7851,67833,-31102.1,32798.4,9.5,-0.076,83335842,45962909,LOCKED,1.000031102000,147013137534652
15893,-146177466728964,17949,77931,-31108.7,32756.5,9.3,-0.069,83335842,46039322,LOCKED,1.000031109000,147014137696764
15894,-146177466729914,45158,105140,-31039.0,33317.6,9.2,-0.068,83335841,46133256,LOCKED,1.000031039000,147015137709802
# STATS: PDUs=837 CSV=836 Gaps=0 Dups=0 Skip=0 d_min=-59982 ns drift=-31039.0 ns/s sigma=33317.6 ns state=LOCKED clk_err=+0 ns
15895,-146177466776637,27674,87656,-30996.6,33525.5,9.3,-0.063,83335842,46072555,LOCKED,1.000030997000,147016137932804
15896,-146177466832149,4542,64524,-31072.2,32901.1,9.3,-0.057,83335842,46219161,LOCKED,1.000031072000,147017138088880
15897,-146177466833675,33097,93079,-31078.6,32828.9,9.3,-0.058,83335841,46310509,LOCKED,1.000031079000,147018138109958
15898,-146177466950756,-47601,12381,-31260.1,32585.9,9.3,-0.053,83335842,46282707,LOCKED,1.000031260000,147019138146218
15899,-146177466968967,-32465,27517,-31308.6,32876.3,9.4,-0.049,83335842,46363509,LOCKED,1.000031309000,147020138287530
15900,-146177466992709,-22956,37026,-31365.9,32997.5,9.3,-0.047,83335841,46431576,LOCKED,1.000031366000,147021138438899
15901,-146177467002808,120,60102,-31455.1,32263.1,9.3,-0.042,83335842,46518142,LOCKED,1.000031455000,147022138582357
15902,-146177467027329,5405,65387,-31383.0,31904.8,9.3,-0.040,83335841,46587175,LOCKED,1.000031383000,147023138730743
15903,-146177467041040,20634,80616,-31297.2,31796.9,9.3,-0.035,83335842,46665947,LOCKED,1.000031297000,147024138874043
15904,-146177467069988,22730,82712,-31322.7,31543.4,9.3,-0.037,83335841,46735241,LOCKED,1.000031323000,147025139030369
15905,-146177467074727,46404,106386,-31256.9,32144.0,9.3,-0.032,83335842,46823065,LOCKED,1.000031257000,147026139044625
15906,-146177467124660,25216,85198,-31175.4,32196.9,9.3,-0.029,83335841,46758018,LOCKED,1.000031175000,147027139205804
15907,-146177467235847,-52642,7340,-31193.6,32476.9,9.4,-0.027,83335840,46846382,LOCKED,1.000031194000,147028139351001
15908,-146177467225151,-8947,51035,-31267.5,32185.5,9.3,-0.023,83335841,46950539,LOCKED,1.000031267000,147029139381268
15909,-146177467249111,-322,59660,-31331.7,31805.1,9.3,-0.025,83335841,47019727,LOCKED,1.000031332000,147030139525603
15910,-146177467271061,8907,68889,-31339.1,31778.4,8.8,-0.014,83335841,47094077,LOCKED,1.000031339000,147031139558942
15911,-146177467293866,16883,76865,-31339.7,31774.6,8.7,-0.009,83335841,47166036,LOCKED,1.000031340000,147032139696285
15912,-146177467316416,24125,84107,-31303.9,31939.1,8.7,-0.010,83335841,47233604,LOCKED,1.000031304000,147033139849592
15913,-146177467330761,38096,98078,-31220.5,32329.8,8.8,-0.003,83335840,47313967,LOCKED,1.000031220000,147034139994816
15914,-146177467355096,41132,101114,-31099.7,32591.7,8.8,0.004,83335840,47383839,LOCKED,1.000031100000,147035140031915
15915,-146177467481050,-51332,8650,-31131.6,33024.3,8.6,-0.004,83335841,47351970,LOCKED,1.000031132000,147036140175050
15916,-146177467501799,-39498,20484,-31137.2,33091.2,8.5,0.005,83335841,47424959,LOCKED,1.000031137000,147037140332191
15917,-146177467510377,-14101,45881,-31253.3,32383.0,8.5,0.005,83335841,47509100,LOCKED,1.000031253000,147038140472447
15918,-146177467521104,6118,66100,-31248.3,32390.5,8.5,0.017,83335840,47609519,LOCKED,1.000031248000,147039140517695
15919,-146177467518662,37414,97396,-31193.0,32777.0,8.4,0.027,83335842,47686442,LOCKED,1.000031193000,147040140660891
15920,-146177467555257,29632,89614,-31125.3,33000.6,8.4,0.028,83335841,47758089,LOCKED,1.000031125000,147041140677015
15921,-146177467621068,-5391,54591,-31099.8,32897.2,8.5,0.020,83335840,47702387,LOCKED,1.000031100000,147042140832118
15922,-146177467695699,-47120,12862,-31109.8,33039.3,8.6,0.038,83335842,47788061,LOCKED,1.000031110000,147043140975231
15923,-146177467715859,-35389,24593,-31089.2,32767.9,8.6,0.006,83335840,47862986,LOCKED,1.000031089000,147044141127324
15924,-146177467733431,-21838,38144,-31054.5,32411.6,8.5,0.019,83335841,47939297,LOCKED,1.000031054000,147045141283382
15925,-146177467740164,3964,63946,-31133.9,31718.1,8.5,0.019,83335840,48026777,LOCKED,1.000031134000,147046141446520
15926,-146177467744391,29848,89830,-31133.4,31723.6,8.6,0.005,83335842,48117093,LOCKED,1.000031133000,147047141473653
15927,-146177467772666,31344,91326,-31118.6,31856.0,8.7,0.019,83335841,48077179,LOCKED,1.000031119000,147048141648776
15928,-146177467861746,-25947,34035,-31108.3,31757.9,8.7,0.020,83335840,48185564,LOCKED,1.000031108000,147049141686884
15929,-146177467883332,-16331,43651,-31085.7,31586.7,8.8,-0.008,83335841,48260826,LOCKED,1.000031086000,147050141847973
15930,-146177467884909,10554,70536,-30974.3,30789.6,8.8,-0.008,83335840,48350963,LOCKED,1.000030974000,147051141997950
15931,-146177467899488,23868,83850,-30862.6,30483.0,8.7,-0.042,83335841,48429614,LOCKED,1.000030863000,147052142137815
15932,-146177467929360,24295,84277,-30875.3,30359.7,8.7,-0.040,83335841,48497907,LOCKED,1.000030875000,147053142284693
15933,-146177467951322,31874,91856,-30862.9,30481.7,8.6,-0.035,83335840,48568651,LOCKED,1.000030863000,147054142299555
15934,-146177467989873,22761,82743,-30830.7,30632.1,8.7,-0.044,83335841,48515138,LOCKED,1.000030831000,147055142451389
15935,-146177468106010,-58171,1811,-30948.9,31609.5,8.7,-0.042,83335841,48595175,LOCKED,1.000030949000,147056142595341
15936,-146177468132184,-50659,9323,-30999.0,32210.6,8.5,-0.039,83335841,48668171,LOCKED,1.000030999000,147057142749343
15937,-146177468136490,-23461,36521,-30984.7,32081.7,8.4,-0.036,83335841,48756663,LOCKED,1.000030985000,147058142890331
15938,-146177468134601,9379,69361,-30998.7,32020.2,8.4,-0.028,83335842,48851168,LOCKED,1.000030999000,147059142928329
15939,-146177468152420,21698,81680,-30992.6,32060.5,8.2,-0.027,83335841,48928071,LOCKED,1.000030993000,147060143069324
15940,-146177468210487,-3718,56264,-31067.9,31618.3,8.1,-0.028,83335841,48964348,LOCKED,1.000031068000,147061143106392
15941,-146177468225892,9984,69966,-30988.1,31277.8,8.1,-0.028,83335841,49043272,LOCKED,1.000030988000,147062143250383
15942,-146177468244001,22524,82506,-31009.0,31077.5,8.1,-0.028,83335841,49120226,LOCKED,1.000031009000,147063143399395
15943,-146177468260539,35706,95688,-31005.2,31122.3,7.9,-0.029,83335841,49191963,LOCKED,1.000031005000,147064143412399
15944,-146177468304317,22177,82159,-31004.9,31124.1,7.9,-0.029,83335841,49138398,LOCKED,1.000031005000,147065143569407
15945,-146177468416619,-55506,4476,-31090.1,32010.1,7.9,-0.029,83335841,49228569,LOCKED,1.000031090000,147066143709500
15946,-146177468438973,-44928,15054,-31105.8,32217.6,7.9,-0.030,83335841,49298582,LOCKED,1.000031106000,147067143867609
15947,-146177468449915,-21556,38426,-31227.7,31688.1,7.7,-0.028,83335841,49387567,LOCKED,1.000031228000,147068144017840
15948,-146177468428830,28240,88222,-31151.0,31849.8,7.8,-0.022,83335842,49497724,LOCKED,1.000031151000,147069144048990
15949,-146177468451378,33177,93159,-31026.0,31747.7,7.9,-0.026,83335840,49567877,LOCKED,1.000031026000,147070144189019
15950,-146177468483170,32055,92037,-31061.9,31240.1,7.8,-0.024,83335841,49631118,LOCKED,1.000031062000,147071144339084
15951,-146177468500534,43575,103557,-31027.4,31629.3,7.8,-0.024,83335841,49703622,LOCKED,1.000031027000,147072144356110
15952,-146177468549108,24167,84149,-30976.2,31791.7,7.7,-0.021,83335841,49644321,LOCKED,1.000030976000,147073144509089
15953,-146177468660218,-52885,7097,-31039.6,32513.6,7.5,-0.018,83335841,49730715,LOCKED,1.000031040000,147074144645131
15954,-146177468688328,-48243,11739,-31043.4,32571.3,7.5,-0.018,83335841,49797268,LOCKED,1.000031043000,147075144794178
# STATS: PDUs=897 CSV=896 Gaps=0 Dups=0 Skip=0 d_min=-59982 ns drift=-31043.4 ns/s sigma=32571.3 ns state=LOCKED clk_err=+0 ns
15955,-146177468704046,-31840,28142,-31043.3,32570.5,7.4,-0.014,83335841,49877180,LOCKED,1.000031043000,147076144993226
15956,-146177468717048,-13185,46797,-31051.5,32599.2,7.4,-0.012,83335840,50004822,LOCKED,1.000031052000,147077145036277
15957,-146177468793555,-56099,3883,-31083.0,33074.2,7.5,-0.014,83335840,49978046,LOCKED,1.000031083000,147078145184363
15958,-146177468803890,-31479,28503,-31220.9,32727.7,7.5,-0.010,83335840,50073154,LOCKED,1.000031221000,147079145230584
15959,-146177468791191,12919,72901,-31265.9,32353.0,7.4,-0.006,83335840,50166467,LOCKED,1.000031266000,147080145379853
15960,-146177468823172,12520,72502,-31302.4,32080.7,7.5,-0.006,83335840,50240232,LOCKED,1.000031302000,147081145532159
15961,-146177468892134,-23040,36942,-31367.2,32177.1,7.4,-0.000,83335840,50324548,LOCKED,1.000031367000,147082145580526
15962,-146177468947928,-44084,15898,-31460.1,32706.9,7.6,0.000,83335840,50291065,LOCKED,1.000031460000,147083145747990
15963,-146177468945846,-10078,49904,-31466.1,32723.0,7.4,0.008,83335840,50385323,LOCKED,1.000031466000,147084145905460
15964,-146177468958831,7547,67529,-31436.6,32714.8,7.4,0.010,83335841,50465454,LOCKED,1.000031437000,147085146052900
15965,-146177468975208,19907,79889,-31337.0,32441.8,7.2,0.020,83335840,50543117,LOCKED,1.000031337000,147086146207240
15966,-146177468990939,32485,92467,-31242.3,32609.1,7.7,0.024,83335839,50623161,LOCKED,1.000031242000,147087146348485
15967,-146177469005734,47607,107589,-31256.5,32371.3,7.7,0.018,83335841,50701170,LOCKED,1.000031256000,147088146378741
15968,-146177469101827,-15577,44405,-31311.7,32368.1,7.6,0.021,83335841,50699560,LOCKED,1.000031312000,147089146391052
15969,-146177469135556,-16483,43499,-31358.6,32415.5,7.6,0.024,83335841,50759624,LOCKED,1.000031359000,147090146557414
15970,-146177469139295,10484,70466,-31344.0,32445.4,7.7,0.030,83335840,50849196,LOCKED,1.000031344000,147091146573757
15971,-146177469167884,12158,72140,-31311.1,32475.0,7.7,0.034,83335841,50913376,LOCKED,1.000031311000,147092146745072
15972,-146177469161621,45955,105937,-31202.0,32995.2,7.7,0.039,83335841,51013920,LOCKED,1.000031202000,147093146764273
15973,-146177469188979,45364,105346,-31059.5,33209.5,7.7,0.034,83335840,50973003,LOCKED,1.000031059000,147094146924336
15974,-146177469304098,-37737,22245,-31043.7,32997.6,8.1,-0.012,83335839,51058304,LOCKED,1.000031044000,147095147070383
15975,-146177469330245,-29163,30819,-31175.9,32635.2,8.2,-0.019,83335840,51123825,LOCKED,1.000031176000,147096147224562
15976,-146177469339622,-5548,54434,-31256.0,32186.5,8.5,-0.042,83335839,51209836,LOCKED,1.000031256000,147097147364821
15977,-146177469363153,2715,62697,-31287.0,32069.2,8.7,-0.062,83335839,51278360,LOCKED,1.000031287000,147098147516111
15978,-146177469354056,40336,100318,-31218.3,32533.2,8.7,-0.096,83335839,51383912,LOCKED,1.000031218000,147099147540329
15979,-146177469376969,44349,104331,-31081.2,32765.1,8.6,-0.083,83335840,51453240,LOCKED,1.000031081000,147100147559409
15980,-146177469415314,33598,93580,-30965.7,32789.7,8.6,-0.087,83335840,51405188,LOCKED,1.000030966000,147101147711378
15981,-146177469534052,-50680,9302,-31053.1,33503.9,8.4,-0.113,83335840,51483953,LOCKED,1.000031053000,147102147860434
15982,-146177469547858,-29777,30205,-31183.2,33202.7,8.1,-0.132,83335839,51567557,LOCKED,1.000031183000,147103148005620
15983,-146177469555421,-4504,55478,-31257.0,32813.7,8.1,-0.130,83335840,51648689,LOCKED,1.000031257000,147104148153880
15984,-146177469574521,8045,68027,-31289.7,32631.4,8.1,-0.130,83335840,51726665,LOCKED,1.000031290000,147105148297173
15985,-146177469594519,18202,76373,-31264.2,32721.1,8.0,-0.128,83335840,51798357,LOCKED,1.000031264000,147106148447440
15986,-146177469621037,20665,78836,-31186.4,32682.6,7.7,-0.140,83335839,51862120,LOCKED,1.000031186000,147107148583629
15987,-146177469640000,29781,87952,-31083.2,32694.9,7.7,-0.139,83335840,51936755,LOCKED,1.000031083000,147108148611712
15988,-146177469747322,-42574,15597,-31203.2,33015.6,7.7,-0.138,83335840,51924889,LOCKED,1.000031203000,147109148641915
15989,-146177469773499,-34454,23717,-31298.0,33239.4,7.6,-0.137,83335840,51991032,LOCKED,1.000031298000,147110148795216
15990,-146177469778869,-8223,49948,-31299.1,33242.3,7.7,-0.144,83335839,52078348,LOCKED,1.000031299000,147111148940518
15991,-146177469788228,12008,70179,-31235.1,33115.4,7.6,-0.143,83335840,52162765,LOCKED,1.000031235000,147112149083756
15992,-146177469798809,29605,87776,-31134.1,33141.1,7.6,-0.142,83335840,52245035,LOCKED,1.000031134000,147113149228893
15993,-146177469817723,37766,95937,-30997.4,33088.7,7.6,-0.141,83335840,52323247,LOCKED,1.000030997000,147114149248890
15994,-146177469852057,30965,89136,-30878.7,32979.0,7.5,-0.140,83335840,52276269,LOCKED,1.000030879000,147115149397772
15995,-146177469965243,-46510,11661,-31038.8,33021.9,7.6,-0.144,83335839,52356116,LOCKED,1.000031039000,147116149563815
15996,-146177469960338,-8388,49783,-31132.0,32478.1,7.6,-0.148,83335839,52458504,LOCKED,1.000031132000,147117149706950
15997,-146177469998500,-13704,44467,-31193.4,32402.2,7.7,-0.151,83335839,52528321,LOCKED,1.000031193000,147118149849146
15998,-146177470033775,-16955,41216,-31206.0,32456.7,7.3,-0.152,83335839,52635414,LOCKED,1.000031206000,147119149879351
15999,-146177470004793,39646,97817,-31095.7,32748.4,7.8,-0.158,83335838,52590806,LOCKED,1.000031096000,147120150024450
16000,-146177470129336,-50279,7892,-31185.1,33452.5,7.8,-0.159,83335839,52663428,LOCKED,1.000031185000,147121150066635
16001,-146177470145184,-33112,25059,-31219.9,33705.3,7.8,-0.160,83335839,52739857,LOCKED,1.000031220000,147122150208858
16002,-146177470165877,-21986,36185,-31212.7,33651.2,7.8,-0.161,83335839,52813270,LOCKED,1.000031213000,147123150375074
16003,-146177470168811,4490,62661,-31131.5,33174.5,7.8,-0.161,83335839,52908543,LOCKED,1.000031132000,147124150541209
16004,-146177470164905,35883,94054,-31012.1,33243.7,7.8,-0.161,83335839,53004181,LOCKED,1.000031012000,147125150574221
16005,-146177470190899,39759,97930,-31022.2,33106.5,7.8,-0.158,83335840,52968025,LOCKED,1.000031022000,147126150740247
16006,-146177470296624,-31384,26787,-31145.0,32965.0,7.7,-0.154,83335840,53059301,LOCKED,1.000031145000,147127150904396
16007,-146177470300746,-3336,54835,-31189.8,32829.7,7.7,-0.153,83335839,53149363,LOCKED,1.000031190000,147128151051589
16008,-146177470278854,45565,103736,-31060.2,33184.6,7.3,-0.147,83335839,53264678,LOCKED,1.000031060000,147129151076648
16009,-146177470318808,32937,91108,-30931.4,33030.1,7.3,-0.148,83335840,53213870,LOCKED,1.000030931000,147130151216582
16010,-146177470342756,35870,94041,-30792.0,32857.7,7.2,-0.144,83335840,53285975,LOCKED,1.000030792000,147131151386378
16011,-146177470442270,-32761,25410,-30741.9,32093.3,7.2,-0.141,83335839,53383623,LOCKED,1.000030742000,147132151538123
16012,-146177470455433,-15749,42422,-30687.7,31535.0,7.1,-0.136,83335840,53468868,LOCKED,1.000030688000,147133151678814
16013,-146177470470774,660,58831,-30741.1,31250.9,7.0,-0.131,83335840,53541162,LOCKED,1.000030741000,147134151827558
16014,-146177470489932,12468,70639,-30772.9,31019.3,6.9,-0.126,83335840,53618017,LOCKED,1.000030773000,147135151979334
# STATS: PDUs=957 CSV=956 Gaps=0 Dups=0 Skip=0 d_min=-58171 ns drift=-30772.9 ns/s sigma=31019.3 ns state=LOCKED clk_err=+0 ns
16015,-146177470500454,31166,89337,-30748.5,31218.9,6.8,-0.120,83335839,53700612,LOCKED,1.000030749000,147136152051083
16016,-146177470601041,-36171,22000,-30811.2,31602.9,6.8,-0.121,83335840,53697783,LOCKED,1.000030811000,147137152198897
16017,-146177470615957,-17406,40765,-30923.4,31054.4,6.8,-0.123,83335840,53772358,LOCKED,1.000030923000,147138152350824
16018,-146177470580661,46633,104804,-30893.9,31433.8,6.8,-0.124,83335840,53901671,LOCKED,1.000030894000,147139152246713
16019,-146177470627678,28081,86252,-30821.2,31612.2,6.9,-0.126,83335839,53841857,LOCKED,1.000030821000,147140152403538
16020,-146177470730225,-41278,16893,-30868.8,32047.9,6.9,-0.128,83335840,53933701,LOCKED,1.000030869000,147141152538410
16021,-146177470766978,-43281,14890,-30987.6,32412.8,7.0,-0.129,83335839,53995032,LOCKED,1.000030988000,147142152695401
16022,-146177470779265,-21232,36939,-31116.8,31750.3,7.1,-0.130,83335839,54077189,LOCKED,1.000031117000,147143152847521
16023,-146177470786999,2801,60972,-31153.5,31588.9,7.1,-0.134,83335840,54160705,LOCKED,1.000031153000,147144152998678
16024,-146177470801559,18370,76541,-31133.7,31672.7,7.1,-0.122,83335839,54242762,LOCKED,1.000031134000,147145153148815
16025,-146177470819510,29240,87411,-31068.7,31902.9,7.2,-0.122,83335839,54315337,LOCKED,1.000031069000,147146153307887
16026,-146177470828232,47407,105578,-30942.2,32371.8,7.2,-0.115,83335840,54407448,LOCKED,1.000030942000,147147153329828
16027,-146177470863765,38554,96725,-30796.9,32235.5,7.3,-0.084,83335840,54358090,LOCKED,1.000030797000,147148153488628
16028,-146177470926265,6956,65127,-30813.6,32171.2,7.3,-0.055,83335840,54492501,LOCKED,1.000030814000,147149153511441
16029,-146177470954810,9303,67474,-30833.0,32077.3,7.1,-0.043,83335839,54558962,LOCKED,1.000030833000,147150153674278
16030,-146177470958961,33456,91627,-30764.4,32388.3,7.1,-0.029,83335840,54646981,LOCKED,1.000030764000,147151153703042
16031,-146177470991892,28940,87111,-30697.1,32600.7,6.8,-0.014,83335839,54708843,LOCKED,1.000030697000,147152153743739
16032,-146177471108663,-55021,3150,-30709.3,32802.4,6.5,0.020,83335840,54681531,LOCKED,1.000030709000,147153153878451
16033,-146177471139640,-53454,4717,-30710.4,32821.5,6.7,0.054,83335841,54744135,LOCKED,1.000030710000,147154154037165
16034,-146177471148949,-28974,29197,-30813.5,32807.4,6.6,0.059,83335840,54829879,LOCKED,1.000030813000,147155154165981
16035,-146177471181552,-27821,30350,-30911.8,32800.4,6.7,0.048,83335839,54891418,LOCKED,1.000030912000,147156154310896
16036,-146177471231279,-43281,14890,-31004.7,33296.8,6.6,0.052,83335840,54966923,LOCKED,1.000031005000,147157154472904
16037,-146177471197628,20133,78304,-30977.2,33403.4,6.6,0.055,83335840,55059140,LOCKED,1.000030977000,147158154512881
16038,-146177471286095,-36130,22041,-30977.3,33405.0,6.6,0.048,83335839,55066502,LOCKED,1.000030977000,147159154555858
16039,-146177471303437,-22543,35628,-30937.3,32975.2,6.9,0.059,83335841,55142773,LOCKED,1.000030937000,147160154694798
16040,-146177471347212,-34423,23748,-30927.1,32852.6,7.0,0.052,83335839,55207974,LOCKED,1.000030927000,147161154838728
16041,-146177471359716,-13427,44744,-31031.2,32305.9,7.2,0.061,83335841,55274478,LOCKED,1.000031031000,147162154997763
16042,-146177471363864,13661,71832,-31064.1,32058.4,7.3,0.070,83335841,55365415,LOCKED,1.000031064000,147163155152830
16043,-146177471374062,32638,90809,-31025.6,32330.9,7.5,0.078,83335841,55450328,LOCKED,1.000031026000,147164155187855
16044,-146177471394744,40131,98302,-30952.3,32786.2,7.5,0.079,83335840,55419014,LOCKED,1.000030952000,147165155355811
16045,-146177471497491,-30077,28094,-30980.1,32983.5,7.7,0.086,83335841,55516013,LOCKED,1.000030980000,147166155504794
16046,-146177471517779,-18743,39428,-30980.5,32985.5,7.6,0.086,83335840,55589919,LOCKED,1.000030980000,147167155648777
16047,-146177471541918,-12167,46004,-30947.1,32754.2,7.8,0.092,83335841,55657535,LOCKED,1.000030947000,147168155794727
16048,-146177471543904,17150,75321,-30993.3,32302.4,7.9,0.098,83335841,55748505,LOCKED,1.000030993000,147169155818720
16049,-146177471573665,18555,76726,-31032.7,31917.5,8.1,0.103,83335841,55811020,LOCKED,1.000031033000,147170155969756
16050,-146177471582831,38379,96550,-30996.2,32252.0,8.1,0.098,83335839,55898442,LOCKED,1.000030996000,147171155985751
16051,-146177471624195,26050,84221,-30943.2,32440.4,8.1,0.099,83335840,55843933,LOCKED,1.000030943000,147172156141698
16052,-146177471735472,-51614,6557,-30988.4,33003.6,8.1,0.100,83335840,55929507,LOCKED,1.000030988000,147173156281689
16053,-146177471771361,-54100,4071,-31017.0,33419.1,8.1,0.101,83335840,55992219,LOCKED,1.000031017000,147174156437709
16054,-146177471786163,-36595,21576,-31019.4,33446.6,8.0,0.102,83335840,56070222,LOCKED,1.000031019000,147175156576731
16055,-146177471808489,-24560,33611,-31142.8,33031.6,8.0,0.101,83335840,56138300,LOCKED,1.000031143000,147176156723877
16056,-146177471832419,-15758,42413,-31194.7,33047.4,7.9,0.100,83335840,56209907,LOCKED,1.000031195000,147177156864075
16057,-146177471853160,-4215,53956,-31241.3,32913.0,8.0,0.095,83335839,56280791,LOCKED,1.000031241000,147178157016320
16058,-146177471834725,43440,101611,-31214.3,33219.7,8.0,0.093,83335840,56395232,LOCKED,1.000031214000,147179157035533
16059,-146177471870841,34975,93146,-31097.3,33279.7,7.6,0.087,83335840,56453539,LOCKED,1.000031097000,147180157177633
16060,-146177471899383,37032,95203,-31134.6,32714.4,7.7,0.083,83335839,56521907,LOCKED,1.000031135000,147181157198767
16061,-146177471924957,41346,99517,-31142.2,32607.2,7.6,0.081,83335840,56586265,LOCKED,1.000031142000,147182157215908
16062,-146177471971833,25179,83350,-31162.9,32399.5,7.5,0.078,83335840,56531484,LOCKED,1.000031163000,147183157368074
16063,-146177472086143,-53852,4319,-31275.5,33184.4,7.5,0.075,83335840,56613810,LOCKED,1.000031276000,147184157513353
16064,-146177472104677,-39175,18996,-31305.4,33473.5,7.4,0.071,83335840,56692831,LOCKED,1.000031305000,147185157650661
16065,-146177472134019,-35711,22460,-31319.7,33614.9,7.4,0.074,83335840,56762172,LOCKED,1.000031320000,147186157782983
16066,-146177472162129,-28849,29322,-31451.2,33256.4,7.4,0.076,83335840,56822152,LOCKED,1.000031451000,147187157936438
16067,-146177472178859,-12439,45732,-31513.5,33151.4,7.3,0.072,83335840,56905091,LOCKED,1.000031513000,147188158076954
16068,-146177472145387,48187,106358,-31379.4,33572.2,7.2,0.067,83335840,57029485,LOCKED,1.000031379000,147189158000330
16069,-146177472282688,-54760,3411,-31434.5,34239.0,7.4,0.070,83335841,56991059,LOCKED,1.000031434000,147190158141767
16070,-146177472302856,-41683,16488,-31454.0,34455.0,7.4,0.073,83335840,57061480,LOCKED,1.000031454000,147191158291224
16071,-146177472314587,-19303,38868,-31552.5,34189.7,7.3,0.067,83335840,57145598,LOCKED,1.000031552000,147192158443780
16072,-146177472333133,-5162,53009,-31599.7,34069.1,7.5,0.069,83335841,57219276,LOCKED,1.000031600000,147193158601383
16073,-146177472335310,22923,81094,-31572.1,34197.2,7.5,0.072,83335840,57314326,LOCKED,1.000031572000,147194158745958
16074,-146177472371317,17100,75271,-31532.4,34267.6,7.5,0.076,83335840,57387556,LOCKED,1.000031532000,147195158781490
# STATS: PDUs=1017 CSV=1016 Gaps=0 Dups=0 Skip=0 d_min=-58171 ns drift=-31532.4 ns/s sigma=34267.6 ns state=LOCKED clk_err=+0 ns
16075,-146177472440655,-20277,37894,-31519.6,34173.8,7.4,0.068,83335840,57349498,LOCKED,1.000031520000,147196159039016
16076,-146177472405965,44289,102460,-31512.6,34264.4,7.6,0.069,83335841,57527204,LOCKED,1.000031513000,147197159083529
16077,-146177472522885,-37613,20558,-31622.3,34476.9,7.6,0.065,83335840,57505122,LOCKED,1.000031622000,147198159243155
16078,-146177472499946,14550,72721,-31528.6,34127.2,7.6,0.062,83335840,57618679,LOCKED,1.000031529000,147199159282683
16079,-146177472523946,19755,77926,-31447.3,34040.9,7.6,0.063,83335841,57690975,LOCKED,1.000031447000,147200159439134
16080,-146177472530711,42945,101116,-31445.5,34064.6,7.9,0.047,83335839,57776224,LOCKED,1.000031445000,147201159466579
16081,-146177472565103,39018,97189,-31462.3,33836.5,7.9,0.046,83335841,57732750,LOCKED,1.000031462000,147202159635045
16082,-146177472666215,-27593,30578,-31565.8,33774.9,7.9,0.044,83335841,57828841,LOCKED,1.000031566000,147203159808615
16083,-146177472655208,14364,72535,-31559.4,33799.6,7.9,0.057,83335841,57935095,LOCKED,1.000031559000,147204159963178
16084,-146177472674142,25035,83206,-31505.0,33960.4,7.8,0.039,83335840,58012386,LOCKED,1.000031505000,147205159996683
16085,-146177472693269,34284,92455,-31408.3,34160.6,7.8,0.032,83335841,57980936,LOCKED,1.000031408000,147206160149095
16086,-146177472809574,-48863,9308,-31412.9,34228.1,7.9,0.041,83335841,58063829,LOCKED,1.000031413000,147207160282511
16087,-146177472836356,-42808,15363,-31411.6,34210.0,7.9,0.049,83335841,58129298,LOCKED,1.000031412000,147208160422925
16088,-146177472825287,-773,57398,-31388.4,34157.3,8.0,0.046,83335840,58235948,LOCKED,1.000031388000,147209160447313
16089,-146177472859209,-3685,54486,-31363.6,34075.4,7.8,0.054,83335841,58296547,LOCKED,1.000031364000,147210160588680
16090,-146177472880330,4594,62765,-31274.7,33501.0,7.8,0.050,83335840,58365322,LOCKED,1.000031275000,147211160604954
16091,-146177472925668,-10447,47724,-31209.2,32896.1,7.6,0.056,83335841,58417258,LOCKED,1.000031209000,147212160757166
16092,-146177472942845,4511,62682,-31262.3,32561.0,7.6,0.061,83335841,58498035,LOCKED,1.000031262000,147213160896431
16093,-146177472964175,14729,72900,-31300.9,32238.2,7.6,0.057,83335840,58565387,LOCKED,1.000031301000,147214161045735
16094,-146177472978166,30516,88687,-31276.8,32423.4,7.6,0.061,83335841,58645486,LOCKED,1.000031277000,147215161182015
16095,-146177473004275,33970,92141,-31249.2,32656.5,7.4,0.057,83335840,58714280,LOCKED,1.000031249000,147216161331267
16096,-146177473020086,47420,105591,-31230.5,32909.3,7.4,0.061,83335841,58791105,LOCKED,1.000031230000,147217161344496
16097,-146177473069250,26659,84830,-31135.9,32900.0,7.5,0.063,83335841,58730317,LOCKED,1.000031136000,147218161498635
16098,-146177473156325,-26469,31702,-31230.0,32888.9,7.2,0.065,83335841,58841809,LOCKED,1.000031230000,147219161518864
16099,-146177473195102,-31266,26905,-31313.1,33089.2,7.2,0.068,83335841,58898416,LOCKED,1.000031313000,147220161675181
16100,-146177473203056,-6364,51807,-31378.4,32834.4,6.9,0.068,83335841,58983937,LOCKED,1.000031378000,147221161816562
16101,-146177473215394,12330,70501,-31381.9,32819.2,6.9,0.067,83335840,59066331,LOCKED,1.000031382000,147222161964947
16102,-146177473234305,22777,80948,-31320.3,32922.1,6.8,0.071,83335841,59143190,LOCKED,1.000031320000,147223162103270
16103,-146177473258270,27002,85173,-31211.4,32780.6,6.8,0.074,83335841,59211970,LOCKED,1.000031211000,147224162258485
16104,-146177473276407,35836,94007,-31062.6,32463.5,6.8,0.075,83335841,59287431,LOCKED,1.000031063000,147225162395550
16105,-146177473307381,34186,89207,-31034.1,32703.1,6.7,0.076,83335840,59349718,LOCKED,1.000031034000,147226162550587
16106,-146177473328508,41467,96488,-30974.1,33169.9,6.8,0.077,83335841,59424844,LOCKED,1.000030974000,147227162577560
16107,-146177473461649,-56773,0,-31072.6,34053.9,6.7,0.078,83335840,59381243,LOCKED,1.000031073000,147228162717635
16108,-146177473440574,-5248,51525,-31033.2,33853.1,6.6,0.079,83335840,59497587,LOCKED,1.000031033000,147229162743668
16109,-146177473468922,-3419,53354,-30985.4,33598.6,6.9,0.079,83335839,59561769,LOCKED,1.000030985000,147230162879656
16110,-146177473493090,1359,58132,-30887.4,32772.8,6.7,0.076,83335841,59633518,LOCKED,1.000030887000,147231163041547
16111,-146177473497389,24534,81307,-30760.4,32293.1,6.7,0.074,83335840,59720916,LOCKED,1.000030760000,147232163184310
16112,-146177473529228,22877,79650,-30770.1,32212.0,6.7,0.073,83335840,59793273,LOCKED,1.000030770000,147233163317083
16113,-146177473596486,-11570,45203,-30851.2,31904.4,6.8,0.073,83335841,59855115,LOCKED,1.000030851000,147234163356934
16114,-146177473673371,-53142,3631,-30982.0,32580.2,6.9,0.073,83335841,59824518,LOCKED,1.000030982000,147235163500919
16115,-146177473702961,-47845,8928,-31094.3,33148.9,7.2,0.071,83335839,59902231,LOCKED,1.000031094000,147236163654017
16116,-146177473696921,-9619,47154,-31131.9,33135.4,7.2,0.070,83335840,59989763,LOCKED,1.000031132000,147237163816153
16117,-146177473699298,17980,74753,-31105.1,33223.3,7.0,0.062,83335840,60083553,LOCKED,1.000031105000,147238163851258
16118,-146177473797601,-47596,9177,-31105.5,33229.7,7.0,0.061,83335840,60078588,LOCKED,1.000031105000,147239163889363
16119,-146177473810638,-29072,27701,-31079.4,32927.1,7.4,0.060,83335839,60159585,LOCKED,1.000031079000,147240164054446
16120,-146177473807878,2840,59613,-30989.4,32264.0,7.2,0.052,83335840,60256738,LOCKED,1.000030989000,147241164091435
16121,-146177473875209,-33236,23537,-30947.0,31632.3,7.5,0.051,83335839,60326200,LOCKED,1.000030947000,147242164247385
16122,-146177473843392,26133,82906,-30823.6,31258.0,7.5,0.050,83335840,60407868,LOCKED,1.000030824000,147243164292209
16123,-146177473959900,-54506,2267,-30980.9,31764.5,7.8,0.051,83335839,60386800,LOCKED,1.000030981000,147244164451193
16124,-146177473960656,-21797,34976,-31066.7,31688.3,7.8,0.050,83335840,60475704,LOCKED,1.000031067000,147245164614263
16125,-146177473963448,6993,63766,-31103.7,31472.1,8.0,0.051,83335839,60570426,LOCKED,1.000031104000,147246164772370
16126,-146177473969395,30953,87726,-31096.5,31542.2,8.0,0.051,83335840,60658182,LOCKED,1.000031096000,147247164789466
16127,-146177474010348,20165,76938,-31084.3,31610.0,8.3,0.054,83335839,60605153,LOCKED,1.000031084000,147248164957554
16128,-146177474089621,-27907,28866,-31043.5,31069.2,8.3,0.055,83335840,60725477,LOCKED,1.000031043000,147249164995597
16129,-146177474096592,-1834,54939,-31138.8,30240.0,8.2,0.055,83335840,60811726,LOCKED,1.000031139000,147250165159739
16130,-146177474102926,22987,79760,-31177.9,29772.1,8.6,0.026,83335839,60900342,LOCKED,1.000031178000,147251165315920
16131,-146177474117317,38126,94899,-31160.5,29975.8,8.6,0.033,83335841,60980740,LOCKED,1.000031160000,147252165326079
16132,-146177474163444,22192,78965,-31149.9,30046.9,8.5,0.040,83335840,60924953,LOCKED,1.000031150000,147253165486232
16133,-146177474273367,-53317,3456,-31221.5,30860.4,8.8,0.017,83335839,61011540,LOCKED,1.000031221000,147254165637457
16134,-146177474293091,-39323,17450,-31278.8,31305.9,8.8,0.009,83335840,61090686,LOCKED,1.000031279000,147255165781739
# STATS: PDUs=1077 CSV=1076 Gaps=0 Dups=0 Skip=0 d_min=-56773 ns drift=-31278.8 ns/s sigma=31305.9 ns state=LOCKED clk_err=+0 ns
16135,-146177474317403,-29174,27599,-31386.6,31248.6,8.8,0.001,83335840,61159578,LOCKED,1.000031387000,147256165920128
16136,-146177474354765,-33879,22894,-31392.6,31313.5,9.4,-0.016,83335838,61221519,LOCKED,1.000031393000,147257166074524
16137,-146177474350513,3456,60229,-31481.5,30441.1,9.5,-0.030,83335839,61315985,LOCKED,1.000031482000,147258166095005
16138,-146177474352416,30999,87772,-31433.1,30727.4,9.7,-0.043,83335839,61301212,LOCKED,1.000031433000,147259166258442
16139,-146177474463569,-45716,11057,-31504.6,31341.1,9.7,-0.056,83335839,61390001,LOCKED,1.000031505000,147260166398950
16140,-146177474482535,-31966,24807,-31510.9,31404.9,10.0,-0.073,83335838,61463787,LOCKED,1.000031511000,147261166556464
16141,-146177474482302,-1085,55688,-31466.7,31201.2,9.9,-0.083,83335839,61556956,LOCKED,1.000031467000,147262166699934
16142,-146177474507231,6482,63255,-31528.1,30699.8,10.1,-0.099,83335838,61626487,LOCKED,1.000031528000,147263166856466
16143,-146177474513382,29843,86616,-31478.7,30965.3,10.1,-0.106,83335839,61714286,LOCKED,1.000031479000,147264166998948
16144,-146177474536318,35495,92268,-31395.7,31297.0,10.1,-0.102,83335840,61782875,LOCKED,1.000031396000,147265167020343
16145,-146177474568467,31609,88382,-31294.4,31389.0,10.0,-0.107,83335839,61742335,LOCKED,1.000031294000,147266167169641
16146,-146177474682014,-45488,11285,-31472.1,31078.6,9.9,-0.104,83335840,61827220,LOCKED,1.000031472000,147267167319116
16147,-146177474695347,-23681,33092,-31613.0,30281.5,9.8,-0.108,83335839,61905035,LOCKED,1.000031613000,147268167458732
16148,-146177474683680,18950,75723,-31612.7,30283.4,9.8,-0.111,83335839,62010319,LOCKED,1.000031613000,147269167494344
16149,-146177474699077,33603,90376,-31591.9,30482.9,9.7,-0.113,83335839,62092447,LOCKED,1.000031592000,147270167641939
16150,-146177474718607,43081,99854,-31536.6,30999.4,9.7,-0.116,83335839,62165465,LOCKED,1.000031537000,147271167553471
16151,-146177474759188,32645,89418,-31522.6,31135.5,9.9,-0.122,83335838,62114434,LOCKED,1.000031523000,147272167692996
16152,-146177474781919,39103,95876,-31473.0,31550.8,9.7,-0.123,83335839,62185531,LOCKED,1.000031473000,147273167862473
16153,-146177474874444,-20519,36254,-31509.1,31673.6,9.8,-0.124,83335839,62288654,LOCKED,1.000031509000,147274168002985
16154,-146177474904037,-17951,38822,-31511.2,31686.0,9.6,-0.120,83335840,62357840,LOCKED,1.000031511000,147275168167500
16155,-146177474900554,15180,71953,-31444.9,31603.7,9.7,-0.117,83335840,62453424,LOCKED,1.000031445000,147276168311948
16156,-146177474927992,16593,73366,-31345.0,31205.3,9.6,-0.113,83335840,62534506,LOCKED,1.000031345000,147277168455296
16157,-146177474991714,-15624,41149,-31326.8,31077.8,9.4,-0.111,83335839,62616906,LOCKED,1.000031327000,147278168502623
16158,-146177475011435,-2806,53967,-31381.8,30837.9,9.3,-0.106,83335840,62633754,LOCKED,1.000031382000,147279168523004
16159,-146177475037711,3416,60189,-31442.4,30406.7,9.1,-0.104,83335839,62694510,LOCKED,1.000031442000,147280168667449
16160,-146177475055110,16892,73665,-31442.6,30405.3,9.2,-0.104,83335838,62771543,LOCKED,1.000031443000,147281168809895
16161,-146177475097833,5197,61970,-31430.9,30412.8,9.2,-0.104,83335839,62843201,LOCKED,1.000031431000,147282168953329
16162,-146177475160558,-24877,31896,-31449.4,30538.2,9.1,-0.100,83335839,62923878,LOCKED,1.000031449000,147283168995778
16163,-146177475204916,-36058,20715,-31474.3,30785.0,8.9,-0.096,83335839,62902288,LOCKED,1.000031474000,147284169147256
16164,-146177475224514,-23792,32981,-31453.8,30577.0,8.7,-0.089,83335840,62971340,LOCKED,1.000031454000,147285169306713
16165,-146177475226690,3877,60650,-31381.1,30153.0,8.7,-0.087,83335840,63067223,LOCKED,1.000031381000,147286169479098
16166,-146177475212580,44472,101245,-31214.5,29975.2,8.5,-0.080,83335840,63174694,LOCKED,1.000031214000,147287169500312
16167,-146177475242158,44652,101425,-31217.3,29930.4,8.6,-0.078,83335839,63134984,LOCKED,1.000031217000,147288169669533
16168,-146177475286248,29565,86338,-31157.7,30192.6,8.6,-0.076,83335840,63289062,LOCKED,1.000031158000,147289169705690
16169,-146177475327543,17878,74651,-31111.3,30267.6,8.5,-0.081,83335839,63343719,LOCKED,1.000031111000,147290169873805
16170,-146177475324094,48470,105243,-30996.9,30891.2,8.3,-0.072,83335840,63442801,LOCKED,1.000030997000,147291169920802
16171,-146177475435439,-31351,25422,-30970.6,30541.1,8.4,-0.070,83335840,63418469,LOCKED,1.000030971000,147292170081776
16172,-146177475446528,-12310,44463,-30908.7,29896.1,8.4,-0.067,83335840,63507170,LOCKED,1.000030909000,147293170228688
16173,-146177475467306,-2508,54265,-30888.4,29836.5,8.4,-0.056,83335838,63581304,LOCKED,1.000030888000,147294170369579
16174,-146177475492630,3890,60663,-30935.9,29543.0,8.2,-0.044,83335840,63647566,LOCKED,1.000030936000,147295170521518
16175,-146177475510586,16828,73601,-30961.9,29317.8,8.4,-0.047,83335838,63725017,LOCKED,1.000030962000,147296170668483
16176,-146177475530350,26079,82852,-30909.6,29526.6,8.4,-0.042,83335839,63795607,LOCKED,1.000030910000,147297170812396
16177,-146177475551910,32009,88782,-30794.8,29496.8,8.4,-0.036,83335839,63870386,LOCKED,1.000030795000,147298170839190
16178,-146177475655226,-36859,19914,-30913.0,29628.9,8.4,-0.029,83335839,63858283,LOCKED,1.000030913000,147299170862102
16179,-146177475690191,-37713,19060,-31007.4,29988.3,8.4,-0.033,83335839,63917365,LOCKED,1.000031007000,147300171008112
16180,-146177475731904,-45775,10998,-31061.1,30556.5,8.4,-0.009,83335840,63969214,LOCKED,1.000031061000,147301171041173
16181,-146177475760299,-39583,17190,-31168.5,30885.6,8.4,-0.017,83335839,64034688,LOCKED,1.000031169000,147302171192345
16182,-146177475777690,-25407,31366,-31145.8,30637.5,8.4,-0.012,83335839,64110967,LOCKED,1.000031146000,147303171331494
16183,-146177475811408,-24653,32120,-31268.3,30202.0,8.9,-0.049,83335837,64168868,LOCKED,1.000031268000,147304171471765
16184,-146177475835728,-15929,40844,-31329.0,30172.4,9.0,-0.056,83335838,64241215,LOCKED,1.000031329000,147305171620097
16185,-146177475863057,-11418,45355,-31335.1,30193.0,9.1,-0.076,83335838,64305819,LOCKED,1.000031335000,147306171756435
16186,-146177475889442,-7163,49610,-31289.0,29864.7,9.1,-0.082,83335838,64368383,LOCKED,1.000031289000,147307171906727
16187,-146177475903412,8633,65406,-31228.5,29680.3,9.1,-0.104,83335838,64453121,LOCKED,1.000031228000,147308171926955
16188,-146177475910920,30918,87691,-31209.4,29851.8,9.1,-0.097,83335839,64433631,LOCKED,1.000031209000,147309172084168
16189,-146177475914683,54439,111212,-31107.2,30749.1,9.0,-0.096,83335839,64625556,LOCKED,1.000031107000,147310172220278
16190,-146177475945197,50425,107198,-30964.6,31222.0,9.0,-0.092,83335839,64691563,LOCKED,1.000030965000,147311172261242
16191,-146177476069379,-41723,15050,-30947.6,30955.0,8.5,-0.104,83335838,64661326,LOCKED,1.000030948000,147312172399192
16192,-146177476093106,-33536,23237,-30939.3,30852.8,8.4,-0.101,83335839,64725195,LOCKED,1.000030939000,147313172556135
16193,-146177476110282,-17179,39594,-31038.2,30479.2,8.4,-0.098,83335839,64805921,LOCKED,1.000031038000,147314172694176
16194,-146177476139816,-13615,43158,-31116.8,30239.1,8.5,-0.087,83335840,64868473,LOCKED,1.000031117000,147315172854296
# STATS: PDUs=1137 CSV=1136 Gaps=0 Dups=0 Skip=0 d_min=-56773 ns drift=-31116.8 ns/s sigma=30239.1 ns state=LOCKED clk_err=+0 ns
16195,-146177476156964,1234,58007,-31162.1,30014.9,8.6,-0.078,83335840,64947002,LOCKED,1.000031162000,147316172990461
16196,-146177476196538,-5540,51233,-31233.5,29642.8,8.5,-0.076,83335839,65007773,LOCKED,1.000031233000,147317173129697
16197,-146177476238905,-15513,41260,-31264.7,29716.0,8.5,-0.074,83335839,65074817,LOCKED,1.000031265000,147318173277965
16198,-146177476284204,-28505,28268,-31268.4,29752.4,8.5,-0.073,83335839,65182950,LOCKED,1.000031268000,147319173184229
16199,-146177476249781,36526,93299,-31296.8,29301.6,8.5,-0.072,83335839,65130032,LOCKED,1.000031297000,147320173343529
16200,-146177476353711,-32335,24438,-31428.4,29054.7,8.4,-0.078,83335838,65219666,LOCKED,1.000031428000,147321173488961
16201,-146177476373306,-18662,38111,-31487.8,29091.9,8.6,-0.072,83335840,65293431,LOCKED,1.000031488000,147322173649452
16202,-146177476377065,8823,65596,-31490.5,29082.5,8.4,-0.073,83335839,65382580,LOCKED,1.000031491000,147323173812946
16203,-146177476378205,36141,92914,-31401.6,29427.3,8.6,-0.068,83335840,65476950,LOCKED,1.000031402000,147324173979351
16204,-146177476384549,56374,113147,-31258.3,30211.5,8.6,-0.061,83335840,65566059,LOCKED,1.000031258000,147325174013609
16205,-146177476513319,-39403,17370,-31278.0,30441.5,8.6,-0.062,83335839,65531741,LOCKED,1.000031278000,147326174182891
16206,-146177476513854,-6314,50459,-31382.8,29574.4,8.5,-0.060,83335839,65624889,LOCKED,1.000031383000,147327174331277
16207,-146177476529820,9824,66597,-31434.7,29117.2,8.7,-0.056,83335840,65698560,LOCKED,1.000031435000,147328174490715
16208,-146177476507102,59773,116546,-31327.6,30226.9,8.8,-0.054,83335840,65816085,LOCKED,1.000031328000,147329174505042
16209,-146177476545850,48299,105072,-31208.7,30817.0,8.8,-0.054,83335839,65871550,LOCKED,1.000031209000,147330174545251
16210,-146177476623940,185,56958,-31148.4,30464.5,8.9,-0.052,83335840,65890617,LOCKED,1.000031148000,147331174563398
16211,-146177476662103,-7292,49481,-31113.5,30256.3,8.8,-0.054,83335840,65945660,LOCKED,1.000031114000,147332174737515
16212,-146177476655273,27418,84191,-31000.2,30063.2,8.9,-0.053,83335840,66045341,LOCKED,1.000031000000,147333174882518
16213,-146177476669963,41577,98350,-30963.7,30458.5,9.0,-0.053,83335840,66123048,LOCKED,1.000030964000,147334174907481
16214,-146177476709332,31660,88433,-30942.2,30647.9,9.0,-0.048,83335840,66074302,LOCKED,1.000030942000,147335175054426
16215,-146177476825074,-50179,6594,-31004.1,31331.5,9.0,-0.045,83335839,66154042,LOCKED,1.000031004000,147336175204433
16216,-146177476840197,-32657,24116,-31030.4,31552.7,9.0,-0.041,83335840,66234771,LOCKED,1.000031030000,147337175349466
16217,-146177476866966,-26050,30723,-31102.3,31685.3,9.1,-0.041,83335840,66305038,LOCKED,1.000031102000,147338175498571
16218,-146177476862897,8713,65486,-31096.8,31698.4,9.0,-0.038,83335839,66401123,LOCKED,1.000031097000,147339175512667
16219,-146177476892671,9411,66184,-31081.7,31724.0,9.1,-0.039,83335840,66460873,LOCKED,1.000031082000,147340175672752
16220,-146177476904216,26626,83399,-31012.0,31879.4,8.9,-0.047,83335840,66545579,LOCKED,1.000031012000,147341175816767
16221,-146177476920801,38274,95047,-30939.0,32297.2,9.0,-0.050,83335840,66623444,LOCKED,1.000030939000,147342175837705
16222,-146177476957143,31629,88402,-30930.7,32376.3,9.0,-0.053,83335839,66574779,LOCKED,1.000030931000,147343175978639
16223,-146177476983054,35634,92407,-30940.2,32257.7,9.0,-0.057,83335840,66640057,LOCKED,1.000030940000,147344176138583
16224,-146177477089971,-36676,20097,-31059.4,32362.0,9.0,-0.053,83335839,66731626,LOCKED,1.000031059000,147345176281645
16225,-146177477114970,-28428,28345,-31119.6,32581.5,9.3,-0.050,83335841,66801352,LOCKED,1.000031120000,147346176430768
16226,-146177477132897,-15508,41265,-31080.3,32241.2,9.7,-0.047,83335841,66878563,LOCKED,1.000031080000,147347176564851
16227,-146177477162855,-14833,39673,-31033.6,31808.9,9.7,-0.053,83335840,66939143,LOCKED,1.000031034000,147348176728888
16228,-146177477137652,37684,92190,-30913.5,31945.4,9.7,-0.048,83335839,67058375,LOCKED,1.000030914000,147349176630797
16229,-146177477177950,25663,80169,-30826.6,31970.7,9.7,-0.056,83335840,67009179,LOCKED,1.000030827000,147350176777627
16230,-146177477198106,31946,86452,-30664.1,31191.2,9.7,-0.049,83335839,67080160,LOCKED,1.000030664000,147351176929294
16231,-146177477321293,-56152,0,-30788.1,32048.8,9.7,-0.045,83335840,67157284,LOCKED,1.000030788000,147352177077085
16232,-146177477336214,-37736,18416,-30850.6,32454.6,9.8,-0.018,83335840,67236007,LOCKED,1.000030851000,147353177218938
16233,-146177477356000,-25303,30849,-30875.7,32601.8,9.5,-0.041,83335839,67306912,LOCKED,1.000030876000,147354177380817
16234,-146177477357911,2876,59028,-30841.8,32528.0,9.6,-0.019,83335840,67400245,LOCKED,1.000030842000,147355177527662
16235,-146177477388896,1538,57690,-30785.6,32263.3,9.3,-0.044,83335839,67477552,LOCKED,1.000030786000,147356177667450
16236,-146177477456843,-34765,21387,-30769.9,32061.5,9.2,-0.055,83335839,67545564,LOCKED,1.000030770000,147357177709220
16237,-146177477417037,31657,87809,-30618.4,31482.6,9.1,-0.067,83335839,67513855,LOCKED,1.000030618000,147358177859842
16238,-146177477536068,-52631,3521,-30733.5,32235.2,9.0,-0.081,83335839,67627889,LOCKED,1.000030733000,147359177893575
16239,-146177477521837,-6500,49652,-30780.0,32132.4,9.0,-0.114,83335838,67705087,LOCKED,1.000030780000,147360178038358
16240,-146177477558976,-10937,45215,-30856.3,31860.8,9.1,-0.100,83335840,67772788,LOCKED,1.000030856000,147361178076214
16241,-146177477555855,22635,78787,-30874.1,31697.7,9.1,-0.097,83335839,67859207,LOCKED,1.000030874000,147362178223091
16242,-146177477591078,17789,73941,-30879.3,31664.2,9.1,-0.095,83335839,67933915,LOCKED,1.000030879000,147363178250970
16243,-146177477665364,-23137,33015,-30962.7,31646.4,8.5,-0.100,83335838,67886837,LOCKED,1.000030963000,147364178403936
16244,-146177477716723,-40026,16126,-31068.5,31991.2,8.3,-0.097,83335839,67974522,LOCKED,1.000031069000,147365178561008
16245,-146177477725095,-15556,40596,-31129.8,31952.4,8.0,-0.095,83335839,68059347,LOCKED,1.000031130000,147366178715141
16246,-146177477735205,5660,61812,-31148.9,31882.5,7.7,-0.094,83335839,68144363,LOCKED,1.000031149000,147367178880294
16247,-146177477741399,28636,84788,-31099.3,32118.7,7.4,-0.094,83335839,68232343,LOCKED,1.000031099000,147368178904393
16248,-146177477844867,-41698,14454,-31129.9,32447.2,7.4,-0.094,83335839,68224735,LOCKED,1.000031130000,147369178947523
16249,-146177477864671,-30125,26027,-31091.8,31937.9,7.4,-0.094,83335839,68300757,LOCKED,1.000031092000,147370179097618
16250,-146177477871361,-7182,48970,-31008.1,31069.8,7.5,-0.088,83335840,68382143,LOCKED,1.000031008000,147371179260630
16251,-146177477879725,15613,71765,-31041.5,30784.0,7.2,-0.084,83335840,68470572,LOCKED,1.000031042000,147372179411675
16252,-146177477897839,27658,83810,-31044.2,30757.4,7.2,-0.085,83335839,68549522,LOCKED,1.000031044000,147373179546722
16253,-146177477923402,31531,87683,-31017.7,30974.1,7.3,-0.082,83335840,68615393,LOCKED,1.000031018000,147374179690743
16254,-146177477959923,24833,80985,-31000.3,31091.2,7.2,-0.082,83335839,68674258,LOCKED,1.000031000000,147375179841747
# STATS: PDUs=1197 CSV=1196 Gaps=0 Dups=0 Skip=0 d_min=-56152 ns drift=-31000.3 ns/s sigma=31091.2 ns state=LOCKED clk_err=+0 ns
16255,-146177477979442,33993,90145,-30942.9,31431.6,7.3,-0.078,83335840,68749062,LOCKED,1.000030943000,147376179975693
16256,-146177478023826,19507,75659,-30924.0,31520.7,7.7,-0.071,83335841,68801616,LOCKED,1.000030924000,147377180123620
16257,-146177478038507,34095,90247,-30899.4,31741.9,8.1,-0.065,83335841,68879148,LOCKED,1.000030899000,147378180153519
16258,-146177478137666,-30788,25364,-31014.2,31668.1,8.4,-0.060,83335841,68871822,LOCKED,1.000031014000,147379180173532
16259,-146177478169803,-30744,25408,-31020.3,31726.8,8.4,-0.059,83335840,68933895,LOCKED,1.000031020000,147380180319555
16260,-146177478191746,-18763,37389,-31131.8,31240.9,8.1,-0.062,83335840,69006035,LOCKED,1.000031132000,147381180460690
16261,-146177478215880,-9764,46388,-31214.0,30860.5,8.1,-0.060,83335840,69075254,LOCKED,1.000031214000,147382180616907
16262,-146177478222641,14153,70305,-31211.2,30873.1,8.0,-0.060,83335840,69162512,LOCKED,1.000031211000,147383180761121
16263,-146177478245975,20027,76179,-31146.1,30905.2,8.1,-0.058,83335840,69234021,LOCKED,1.000031146000,147384180911270
16264,-146177478255557,37425,93577,-31003.6,30749.5,8.1,-0.056,83335840,69318014,LOCKED,1.000031004000,147385180926273
16265,-146177478296703,27160,83312,-31042.9,30230.1,8.0,-0.058,83335840,69262728,LOCKED,1.000031043000,147386181091320
16266,-146177478402609,-43884,12268,-31157.5,30673.0,8.0,-0.061,83335840,69352207,LOCKED,1.000031158000,147387181232480
16267,-146177478428407,-35706,20446,-31236.6,31027.7,8.0,-0.061,83335839,69423851,LOCKED,1.000031237000,147388181379720
16268,-146177478421512,846,56998,-31160.3,30482.8,8.0,-0.059,83335840,69524357,LOCKED,1.000031160000,147389181391879
16269,-146177478459255,-6632,49520,-31105.3,30055.2,8.0,-0.064,83335839,69578476,LOCKED,1.000031105000,147390181551988
16270,-146177478453407,28567,84719,-31066.6,30291.6,8.0,-0.064,83335839,69683752,LOCKED,1.000031067000,147391181572054
16271,-146177478486556,25198,81350,-31045.3,30432.6,8.1,-0.063,83335839,69742584,LOCKED,1.000031045000,147392181599099
16272,-146177478514457,25672,81824,-30956.8,30445.9,8.4,-0.063,83335838,69701411,LOCKED,1.000030957000,147393181734059
16273,-146177478546820,21231,77383,-30842.9,30000.4,8.5,-0.061,83335839,69761431,LOCKED,1.000030843000,147394181901906
16274,-146177478660945,-59316,0,-30878.6,30608.4,8.5,-0.059,83335839,69844710,LOCKED,1.000030879000,147395182045788
16275,-146177478681307,-44116,15200,-31035.3,30577.0,8.8,-0.065,83335838,69919045,LOCKED,1.000031035000,147396182201827
16276,-146177478688618,-17930,41386,-31126.5,30322.5,8.8,-0.063,83335840,70007976,LOCKED,1.000031127000,147397182342956
16277,-146177478722793,-18523,40793,-31216.4,30100.0,8.8,-0.061,83335839,70077960,LOCKED,1.000031216000,147398182480175
16278,-146177478747081,-10827,48489,-31236.1,30135.8,8.8,-0.068,83335840,70166656,LOCKED,1.000031236000,147399182520411
16279,-146177478735393,29988,89304,-31182.4,30409.6,8.8,-0.065,83335839,70238318,LOCKED,1.000031182000,147400182665596
16280,-146177478774984,19462,78778,-31110.7,30385.5,8.8,-0.062,83335839,70310370,LOCKED,1.000031111000,147401182795709
16281,-146177478847530,-21815,37501,-31082.1,30087.6,8.9,-0.060,83335840,70372307,LOCKED,1.000031082000,147402182837791
16282,-146177478910194,-51082,8234,-31110.8,30514.6,8.8,-0.069,83335839,70344554,LOCKED,1.000031111000,147403182982905
16283,-146177478928614,-37245,22071,-31105.0,30437.5,8.9,-0.047,83335840,70424006,LOCKED,1.000031105000,147404183141013
16284,-146177478932790,-8519,50797,-31179.2,30111.7,8.9,-0.043,83335840,70513125,LOCKED,1.000031179000,147405183300196
16285,-146177478933328,21693,81009,-31194.3,29974.9,8.7,-0.029,83335839,70609454,LOCKED,1.000031194000,147406183468394
16286,-146177478935271,48243,107559,-31141.9,30581.2,8.4,-0.014,83335839,70700916,LOCKED,1.000031142000,147407183498535
16287,-146177479064629,-46167,13149,-31252.1,31134.6,8.4,-0.012,83335839,70662315,LOCKED,1.000031252000,147408183673791
16288,-146177479032392,14965,74281,-31161.1,30795.0,8.4,-0.011,83335840,70790413,LOCKED,1.000031161000,147409183692951
16289,-146177479063936,12603,71919,-31084.8,30555.7,8.4,-0.008,83335839,70851970,LOCKED,1.000031085000,147410183853039
16290,-146177479070307,33410,92726,-30948.3,30295.8,8.4,-0.008,83335840,70936644,LOCKED,1.000030948000,147411183990990
16291,-146177479089656,43533,102849,-30948.3,30296.0,8.4,0.010,83335840,71014227,LOCKED,1.000030948000,147412184026938
16292,-146177479213974,-45630,13686,-31079.1,30671.8,8.4,0.003,83335839,70982672,LOCKED,1.000031079000,147413184172020
16293,-146177479220757,-19236,40080,-31150.3,30646.3,8.4,-0.001,83335839,71068596,LOCKED,1.000031150000,147414184328174
16294,-146177479236475,-3748,55568,-31146.8,30640.6,8.6,-0.017,83335838,71146427,LOCKED,1.000031147000,147415184461323
16295,-146177479257970,5314,64630,-31126.6,30637.6,8.7,-0.010,83335840,71219861,LOCKED,1.000031127000,147416184615453
16296,-146177479260902,32331,91647,-31122.6,30680.8,8.7,-0.003,83335840,71310211,LOCKED,1.000031123000,147417184762579
16297,-146177479276868,43067,102383,-30977.0,30758.1,9.0,-0.015,83335838,71390307,LOCKED,1.000030977000,147418184793555
16298,-146177479388562,-33742,25574,-31112.9,30524.1,9.2,-0.025,83335838,71369079,LOCKED,1.000031113000,147419184816667
16299,-146177479411326,-23653,35663,-31159.1,30690.5,9.1,-0.034,83335838,71442497,LOCKED,1.000031159000,147420184975830
16300,-146177479420113,-875,58441,-31177.6,30662.5,9.1,-0.036,83335839,71525334,LOCKED,1.000031178000,147421185005007
16301,-146177479460416,-10147,49169,-31153.5,30521.3,9.7,-0.051,83335837,71582156,LOCKED,1.000031153000,147422185154164
16302,-146177479470780,9246,68562,-31100.2,30411.9,10.3,-0.064,83335837,71663340,LOCKED,1.000031100000,147423185294267
16303,-146177479492714,17890,77206,-31104.3,30384.7,10.6,-0.077,83335837,71736262,LOCKED,1.000031104000,147424185448375
16304,-146177479511592,29534,88850,-31124.9,30131.3,11.6,-0.094,83335836,71808946,LOCKED,1.000031125000,147425185596503
16305,-146177479524799,45044,104360,-31081.6,30621.6,11.6,-0.099,83335838,71896411,LOCKED,1.000031082000,147426185624584
16306,-146177479654111,-49756,9560,-31167.4,31358.0,11.6,-0.100,83335839,71857184,LOCKED,1.000031167000,147427185766754
16307,-146177479674463,-37211,22105,-31190.4,31593.7,11.7,-0.104,83335838,71930222,LOCKED,1.000031190000,147428185921948
16308,-146177479652768,16250,75566,-31245.8,30997.0,11.8,-0.109,83335838,72042517,LOCKED,1.000031246000,147429185938193
16309,-146177479687701,13051,72367,-31291.6,30589.0,11.8,-0.109,83335839,72106524,LOCKED,1.000031292000,147430186093488
16310,-146177479700465,30086,89402,-31268.3,30776.0,11.7,-0.108,83335839,72185001,LOCKED,1.000031268000,147431186235759
16311,-146177479724595,34603,93919,-31197.1,31122.1,11.7,-0.106,83335839,72258559,LOCKED,1.000031197000,147432186264956
16312,-146177479746177,40652,99968,-31089.5,31482.3,11.7,-0.106,83335839,72221966,LOCKED,1.000031089000,147433186408048
16313,-146177479863887,-43951,15365,-31115.4,31797.6,11.6,-0.104,83335839,72304929,LOCKED,1.000031115000,147434186564167
16314,-146177479878021,-26022,33294,-31118.6,31824.1,11.7,-0.108,83335838,72386116,LOCKED,1.000031119000,147435186705289
# STATS: PDUs=1257 CSV=1256 Gaps=0 Dups=0 Skip=0 d_min=-59316 ns drift=-31118.6 ns/s sigma=31824.1 ns state=LOCKED clk_err=+0 ns
16315,-146177479896168,-13421,45895,-31078.1,31487.2,11.7,-0.105,83335839,72461665,LOCKED,1.000031078000,147436186901372
16316,-146177479874477,35946,95262,-30970.6,31677.4,11.5,-0.101,83335838,72581387,LOCKED,1.000030971000,147437186928342
16317,-146177480000832,-57062,2254,-30992.4,32042.7,11.1,-0.093,83335839,72547029,LOCKED,1.000030992000,147438187082338
16318,-146177479972362,2993,62309,-31026.5,31900.0,10.8,-0.085,83335839,72668702,LOCKED,1.000031027000,147439187098364
16319,-146177480000543,6292,65608,-31059.3,31730.2,10.7,-0.081,83335839,72730487,LOCKED,1.000031059000,147440187257427
16320,-146177480007653,28855,88171,-31039.3,31883.7,10.7,-0.078,83335838,72817377,LOCKED,1.000031039000,147441187399469
16321,-146177480041032,25148,84464,-31013.9,32033.2,11.0,-0.075,83335837,72893089,LOCKED,1.000031014000,147442187435483
16322,-146177480156124,-55556,3760,-31087.3,32856.8,11.0,-0.070,83335839,72861092,LOCKED,1.000031087000,147443187579573
16323,-146177480182283,-48017,11299,-31135.6,33382.3,11.2,-0.065,83335837,72932105,LOCKED,1.000031136000,147444187721712
16324,-146177480198471,-32309,27007,-31119.1,33189.6,11.2,-0.059,83335838,73002856,LOCKED,1.000031119000,147445187891835
16325,-146177480186028,9407,68723,-31044.0,32902.4,11.1,-0.052,83335838,73110247,LOCKED,1.000031044000,147446188053883
16326,-146177480184774,40285,99601,-31041.4,32936.0,11.0,-0.043,83335839,73202360,LOCKED,1.000031041000,147447188087924
16327,-146177480314318,-53272,6044,-31195.8,33388.5,11.0,-0.043,83335839,73163541,LOCKED,1.000031196000,147448188246123
16328,-146177480288674,3370,62686,-31191.6,33391.4,10.9,-0.033,83335839,73286391,LOCKED,1.000031192000,147449188288314
16329,-146177480297435,24373,83689,-31162.1,33539.5,10.9,-0.032,83335839,73368111,LOCKED,1.000031162000,147450188452480
16330,-146177480311165,38092,97408,-31043.0,33693.3,10.9,-0.031,83335839,73453324,LOCKED,1.000031043000,147451188358519
16331,-146177480355557,22095,81411,-30949.6,33560.8,11.1,-0.032,83335840,73392617,LOCKED,1.000030950000,147452188527472
16332,-146177480460458,-49723,9593,-30971.6,33859.1,11.0,-0.044,83335839,73485188,LOCKED,1.000030972000,147453188689447
16333,-146177480471029,-28635,30681,-30957.7,33717.5,11.0,-0.041,83335838,73572032,LOCKED,1.000030958000,147454188857408
16334,-146177480468556,5985,65301,-31026.2,33167.8,11.1,-0.040,83335839,73665210,LOCKED,1.000031026000,147455189009437
16335,-146177480487504,18132,77448,-31059.8,32870.9,11.0,-0.043,83335839,73741793,LOCKED,1.000031060000,147456189158500
16336,-146177480505870,29338,88654,-31035.5,33044.5,10.9,-0.036,83335838,73815480,LOCKED,1.000031036000,147457189306539
16337,-146177480525421,38791,98107,-31000.3,33365.4,10.9,-0.026,83335839,73890378,LOCKED,1.000031000000,147458189344539
16338,-146177480608931,-12431,46885,-31042.9,33369.1,10.8,-0.018,83335838,73899827,LOCKED,1.000031043000,147459189368581
16339,-146177480640565,-13161,46155,-31014.1,33174.7,10.8,-0.008,83335839,73960930,LOCKED,1.000031014000,147460189519598
16340,-146177480651106,6084,65400,-30963.8,33042.9,10.8,-0.013,83335838,74044217,LOCKED,1.000030964000,147461189665565
16341,-146177480666013,21274,80590,-30956.7,33086.5,10.6,0.017,83335839,74120242,LOCKED,1.000030957000,147462189814525
16342,-146177480685773,32005,91321,-30987.1,32690.9,10.6,0.031,83335839,74193351,LOCKED,1.000030987000,147463189956515
16343,-146177480709747,37783,97099,-30989.4,32662.9,10.5,0.015,83335838,74265674,LOCKED,1.000030989000,147464189978504
16344,-146177480751882,25360,84676,-30968.8,32791.7,10.2,0.015,83335839,74209723,LOCKED,1.000030969000,147465190118476
16345,-146177480779751,26050,85366,-30893.8,32903.4,10.3,0.007,83335838,74277129,LOCKED,1.000030894000,147466190279373
16346,-146177480881714,-43685,15631,-30886.6,32797.8,10.3,0.010,83335839,74370678,LOCKED,1.000030887000,147467190421262
16347,-146177480902679,-29937,29379,-31024.8,32374.6,10.3,0.003,83335838,74442915,LOCKED,1.000031025000,147468190576290
16348,-146177480883000,19086,78402,-30974.0,32450.4,10.1,0.005,83335839,74559412,LOCKED,1.000030974000,147469190598263
16349,-146177480909579,21598,80914,-30917.4,32550.4,10.1,0.000,83335838,74623355,LOCKED,1.000030917000,147470190748184
16350,-146177480924770,33673,92989,-30793.9,32489.1,9.8,-0.005,83335838,74701442,LOCKED,1.000030794000,147471190773977
16351,-146177481056308,-64441,0,-30815.8,32899.2,9.8,-0.016,83335837,74661309,LOCKED,1.000030816000,147472190919796
16352,-146177481075435,-47981,16460,-30970.5,33090.0,9.8,-0.019,83335838,74737223,LOCKED,1.000030971000,147473191053769
16353,-146177481103964,-41893,22548,-31080.0,33459.1,9.8,-0.021,83335838,74802447,LOCKED,1.000031080000,147474191207852
16354,-146177481111910,-17268,47173,-31124.6,33523.0,9.8,-0.023,83335838,74882989,LOCKED,1.000031125000,147475191347979
16355,-146177481134448,-8128,56313,-31138.2,33541.1,9.6,-0.030,83335837,74962991,LOCKED,1.000031138000,147476191500121
16356,-146177481146603,9208,73649,-31072.5,33344.3,9.4,-0.024,83335839,75042732,LOCKED,1.000031073000,147477191646197
16357,-146177481167922,16206,80647,-30964.1,32836.5,9.4,-0.026,83335838,75118904,LOCKED,1.000030964000,147478191675160
16358,-146177481265463,-46052,18389,-31099.7,33155.1,9.3,-0.028,83335838,75112546,LOCKED,1.000031100000,147479191712259
16359,-146177481276204,-23129,41312,-31187.2,33104.1,9.3,-0.030,83335838,75191000,LOCKED,1.000031187000,147480191852449
16360,-146177481298326,-12913,51528,-31222.3,33136.6,9.3,-0.030,83335838,75268656,LOCKED,1.000031222000,147481191897671
16361,-146177481310887,5945,70386,-31241.9,33064.8,9.3,-0.038,83335837,75343881,LOCKED,1.000031242000,147482192046916
16362,-146177481325438,21071,85512,-31200.1,33186.2,9.0,-0.042,83335838,75427550,LOCKED,1.000031200000,147483192207120
16363,-146177481326235,47694,112135,-31093.7,33766.3,8.7,-0.047,83335838,75520790,LOCKED,1.000031094000,147484192229213
16364,-146177481372900,29107,93548,-30993.9,33786.4,8.1,-0.058,83335837,75461983,LOCKED,1.000030994000,147485192392210
16365,-146177481475252,-41123,23318,-30980.8,33603.6,8.0,-0.060,83335838,75557986,LOCKED,1.000030981000,147486192540194
16366,-146177481507868,-38383,26058,-31132.0,33378.9,8.2,-0.062,83335837,75634255,LOCKED,1.000031132000,147487192686329
16367,-146177481509848,-7238,57203,-31217.9,32908.2,8.9,-0.069,83335836,75709802,LOCKED,1.000031218000,147488192845550
16368,-146177481483312,46965,111406,-31121.6,33502.9,9.1,-0.074,83335837,75827972,LOCKED,1.000031122000,147489192766668
16369,-146177481581032,-18571,45870,-31142.9,33586.5,9.3,-0.074,83335837,75789244,LOCKED,1.000031143000,147490192913814
16370,-146177481634485,-39041,25400,-31168.3,33838.3,9.4,-0.074,83335837,75867048,LOCKED,1.000031168000,147491193053985
16371,-146177481658411,-30795,33646,-31166.3,33819.1,9.4,-0.071,83335838,75937601,LOCKED,1.000031166000,147492193218155
16372,-146177481659728,-2305,62136,-31095.6,33321.5,9.5,-0.070,83335837,76027425,LOCKED,1.000031096000,147493193378254
16373,-146177481671127,17631,82072,-31136.8,32937.7,9.4,-0.066,83335838,76116354,LOCKED,1.000031137000,147494193536394
16374,-146177481674611,43217,107658,-31107.2,33264.8,9.4,-0.069,83335838,76202810,LOCKED,1.000031107000,147495193555500
# STATS: PDUs=1317 CSV=1316 Gaps=0 Dups=0 Skip=0 d_min=-64441 ns drift=-31107.2 ns/s sigma=33264.8 ns state=LOCKED clk_err=+0 ns
16375,-146177481712597,34430,98871,-31070.8,33540.5,9.5,-0.065,83335837,76151977,LOCKED,1.000031071000,147496193716574
16376,-146177481833668,-53269,11172,-31095.1,33892.5,9.5,-0.068,83335838,76235275,LOCKED,1.000031095000,147497193865672
16377,-146177481848641,-32896,31545,-31249.3,33358.4,9.5,-0.063,83335838,76312303,LOCKED,1.000031249000,147498194012924
16378,-146177481833728,12414,76855,-31228.1,33400.9,9.6,-0.058,83335837,76416282,LOCKED,1.000031228000,147499194031151
16379,-146177481867066,9530,73971,-31205.9,33423.3,9.5,-0.052,83335838,76478674,LOCKED,1.000031206000,147500194172360
16380,-146177481892427,13448,77889,-31133.6,33259.7,9.5,-0.054,83335838,76547863,LOCKED,1.000031134000,147501194315497
16381,-146177481915609,19076,83517,-31051.1,33143.6,9.4,-0.065,83335837,76618824,LOCKED,1.000031051000,147502194462551
16382,-146177481930936,34319,98760,-31084.7,32673.0,9.4,-0.058,83335838,76696290,LOCKED,1.000031085000,147503194611639
16383,-146177481947844,47043,111484,-31091.7,32562.7,9.1,-0.073,83335838,76778905,LOCKED,1.000031092000,147504194622730
16384,-146177481994582,30622,95063,-31104.6,32419.2,9.1,-0.077,83335838,76715197,LOCKED,1.000031105000,147505194777838
16385,-146177482114464,-54508,9933,-31193.1,33249.0,9.2,-0.085,83335839,76795913,LOCKED,1.000031193000,147506194918034
16386,-146177482138168,-45121,19320,-31211.3,33477.2,9.4,-0.051,83335839,76866657,LOCKED,1.000031211000,147507195070249
16387,-146177482147926,-20037,44404,-31356.4,32489.2,9.3,-0.037,83335838,76951736,LOCKED,1.000031356000,147508195215608
16388,-146177482142819,15718,80159,-31347.8,32526.1,9.4,-0.009,83335839,77049408,LOCKED,1.000031348000,147509195247955
16389,-146177482160994,26626,91067,-31280.8,32688.7,9.3,0.003,83335838,77127470,LOCKED,1.000031281000,147510195388239
16390,-146177482184918,30743,95184,-31172.7,32686.1,9.6,0.043,83335840,77195224,LOCKED,1.000031173000,147511195416411
16391,-146177482208256,35372,99813,-31074.0,32914.9,8.9,0.086,83335839,77269243,LOCKED,1.000031074000,147512195434484
16392,-146177482248223,26431,90872,-31115.7,32400.8,8.5,0.117,83335839,77214068,LOCKED,1.000031116000,147513195586603
16393,-146177482362153,-51644,12797,-31262.7,32861.4,8.4,0.135,83335839,77299456,LOCKED,1.000031263000,147514195725869
16394,-146177482386119,-41379,23062,-31339.7,33336.5,7.8,0.177,83335839,77369003,LOCKED,1.000031340000,147515195872212
16395,-146177482411445,-33338,31103,-31383.8,33624.1,7.8,0.164,83335838,77441038,LOCKED,1.000031384000,147516196019599
16396,-146177482424776,-14978,49463,-31374.0,33569.3,7.8,0.167,83335839,77518067,LOCKED,1.000031374000,147517196168976
16397,-146177482437317,2494,66935,-31311.2,33264.8,7.9,0.178,83335840,77598269,LOCKED,1.000031311000,147518196300290
16398,-146177482435043,34282,98723,-31280.0,33514.4,7.9,0.179,83335839,77697678,LOCKED,1.000031280000,147519196319569
16399,-146177482477981,21711,86152,-31271.3,33566.8,7.8,0.180,83335839,77749519,LOCKED,1.000031271000,147520196458843
16400,-146177482507567,21756,86197,-31226.8,33693.0,7.8,0.181,83335839,77812133,LOCKED,1.000031227000,147521196596073
16401,-146177482530324,27563,92004,-31141.8,33781.0,7.8,0.174,83335838,77883397,LOCKED,1.000031142000,147522196635215
16402,-146177482545296,39730,104171,-31011.2,33882.1,7.8,0.169,83335838,77856983,LOCKED,1.000031011000,147523196769229
16403,-146177482678186,-59628,4813,-31035.8,34281.0,7.8,0.171,83335839,77926678,LOCKED,1.000031036000,147524196919268
16404,-146177482691154,-40043,24398,-31043.7,34372.0,7.7,0.167,83335838,78002949,LOCKED,1.000031044000,147525197069315
16405,-146177482702902,-20724,43717,-31010.2,34061.2,7.8,0.163,83335838,78087009,LOCKED,1.000031010000,147526197211328
16406,-146177482743880,-27725,36716,-31109.9,34039.4,7.7,0.160,83335838,78160698,LOCKED,1.000031110000,147527197368441
16407,-146177482722298,24077,88518,-31106.3,34065.2,8.0,0.152,83335837,78251836,LOCKED,1.000031106000,147528197407547
16408,-146177482808799,-30218,34223,-31110.0,34098.5,7.9,0.151,83335838,78263304,LOCKED,1.000031110000,147529197448657
16409,-146177482820714,-11423,53018,-31071.3,33829.1,7.9,0.153,83335839,78346767,LOCKED,1.000031071000,147530197594731
16410,-146177482859335,-19450,44991,-31015.4,33208.8,8.0,0.152,83335838,78420663,LOCKED,1.000031015000,147531197750750
16411,-146177482841630,28912,93353,-31046.0,32842.9,7.9,0.152,83335839,78511340,LOCKED,1.000031046000,147532197787796
16412,-146177482861615,38593,103034,-31042.5,32884.8,7.9,0.151,83335838,78477882,LOCKED,1.000031042000,147533197946842
16413,-146177482970926,-35920,28521,-31167.3,32898.0,8.0,0.150,83335838,78570171,LOCKED,1.000031167000,147534198114013
16414,-146177482965708,961,65402,-31193.2,32828.4,8.0,0.149,83335838,78667792,LOCKED,1.000031193000,147535198276210
16415,-146177482964826,31160,95601,-31152.9,33081.4,7.9,0.145,83335838,78763726,LOCKED,1.000031153000,147536198290362
16416,-146177483000040,24958,89399,-31089.3,33218.8,7.7,0.148,83335838,78715914,LOCKED,1.000031089000,147537198452455
16417,-146177483101118,-42862,21579,-31124.4,33582.3,7.7,0.150,83335839,78811628,LOCKED,1.000031124000,147538198603583
16418,-146177483090024,849,65290,-31199.3,33057.7,8.0,0.148,83335837,78917115,LOCKED,1.000031199000,147539198628782
16419,-146177483120611,2236,66677,-31241.1,32868.8,8.1,0.151,83335839,78982040,LOCKED,1.000031241000,147540198784026
16420,-146177483136907,16687,81128,-31244.6,32848.7,8.1,0.153,83335839,79057150,LOCKED,1.000031245000,147541198807270
16421,-146177483163891,19610,84051,-31211.5,32956.4,8.1,0.149,83335838,79126795,LOCKED,1.000031212000,147542198964485
16422,-146177483173239,38224,102665,-31115.4,33286.5,8.1,0.150,83335838,79210631,LOCKED,1.000031115000,147543199101603
16423,-146177483198173,39870,104311,-30958.9,33049.6,8.1,0.151,83335838,79279642,LOCKED,1.000030959000,147544199131561
16424,-146177483331698,-59905,4536,-30996.3,33630.5,8.0,0.147,83335838,79238684,LOCKED,1.000030996000,147545199272560
16425,-146177483352068,-44999,19442,-31131.7,33899.7,8.0,0.149,83335838,79312075,LOCKED,1.000031132000,147546199429695
16426,-146177483356830,-16166,48275,-31225.9,33585.4,7.9,0.145,83335838,79403306,LOCKED,1.000031226000,147547199573924
16427,-146177483366180,5722,70163,-31236.1,33558.0,7.5,0.133,83335838,79487154,LOCKED,1.000031236000,147548199603159
16428,-146177483458268,-53067,11374,-31249.0,33758.2,7.5,0.128,83335839,79489725,LOCKED,1.000031249000,147549199622407
16429,-146177483388432,45547,109988,-31203.4,34217.6,7.6,0.123,83335837,79546766,LOCKED,1.000031203000,147550199777614
16430,-146177483506396,-37150,27291,-31341.3,34125.1,7.5,0.117,83335838,79630187,LOCKED,1.000031341000,147551199920958
16431,-146177483523753,-20383,44058,-31444.2,33839.8,7.5,0.119,83335838,79706351,LOCKED,1.000031444000,147552200070405
16432,-146177483534311,856,65297,-31463.0,33803.5,7.4,0.112,83335838,79788035,LOCKED,1.000031463000,147553200213871
16433,-146177483554625,10967,75408,-31430.2,33820.0,7.4,0.114,83335838,79860615,LOCKED,1.000031430000,147554200363304
16434,-146177483570390,23680,88121,-31324.5,33607.1,7.6,0.119,83335837,79939091,LOCKED,1.000031325000,147555200505632
# STATS: PDUs=1377 CSV=1376 Gaps=0 Dups=0 Skip=0 d_min=-64441 ns drift=-31324.5 ns/s sigma=33607.1 ns state=LOCKED clk_err=+0 ns
16435,-146177483598326,24198,88639,-31223.7,33462.7,7.6,0.111,83335838,80006911,LOCKED,1.000031224000,147556200649859
16436,-146177483629694,24267,88708,-31274.7,32835.1,7.5,0.115,83335838,80074109,LOCKED,1.000031275000,147557200794137
16437,-146177483639828,43785,108226,-31267.8,32926.7,7.5,0.120,83335838,80152434,LOCKED,1.000031268000,147558200828404
16438,-146177483733184,-17283,47158,-31289.2,33003.0,8.0,0.069,83335837,80154375,LOCKED,1.000031289000,147559200971696
16439,-146177483754502,-6929,57512,-31296.5,33014.2,8.4,0.040,83335837,80224273,LOCKED,1.000031296000,147560201120996
16440,-146177483766716,11075,75516,-31261.9,33027.6,8.7,0.015,83335837,80304524,LOCKED,1.000031262000,147561201264261
16441,-146177483777446,28961,93402,-31180.0,33173.6,8.7,-0.024,83335837,80386457,LOCKED,1.000031180000,147562201422444
16442,-146177483794576,39019,103460,-31048.8,33239.5,8.8,-0.046,83335837,80463690,LOCKED,1.000031049000,147563201433492
16443,-146177483834958,25959,90400,-30908.8,32615.5,8.9,-0.069,83335837,80416189,LOCKED,1.000030909000,147564201597404
16444,-146177483946068,-52139,12302,-30925.3,32867.1,9.2,-0.108,83335836,80498924,LOCKED,1.000030925000,147565201749333
16445,-146177483962679,-33861,30580,-31063.8,32616.5,9.2,-0.100,83335838,80589093,LOCKED,1.000031064000,147566201895400
16446,-146177483963222,-1719,62722,-31140.6,32112.1,9.4,-0.126,83335836,80667655,LOCKED,1.000031141000,147567202056544
16447,-146177483962399,29069,93510,-31131.3,32193.1,9.4,-0.132,83335837,80763436,LOCKED,1.000031131000,147568202107675
16448,-146177484029730,-7064,57377,-31122.8,32166.8,9.3,-0.140,83335837,80793087,LOCKED,1.000031123000,147569202260801
16449,-146177484033659,17973,82414,-31046.7,32073.9,9.3,-0.145,83335837,80877027,LOCKED,1.000031047000,147570202417851
16450,-146177484059405,20595,85036,-30949.3,31843.7,8.8,-0.152,83335837,80948138,LOCKED,1.000030949000,147571202443800
16451,-146177484070166,36606,101047,-30804.9,31625.2,8.6,-0.147,83335838,81028099,LOCKED,1.000030805000,147572202485605
16452,-146177484189155,-49592,14849,-30819.8,31849.9,8.5,-0.151,83335837,81003522,LOCKED,1.000030820000,147573202634428
16453,-146177484198290,-24728,39713,-30935.0,31539.7,8.4,-0.147,83335838,81088367,LOCKED,1.000030935000,147574202796367
16454,-146177484212218,-5961,58480,-31011.6,31131.4,8.2,-0.142,83335838,81170629,LOCKED,1.000031012000,147575202969383
16455,-146177484197360,38476,102917,-31005.3,31209.6,8.2,-0.145,83335837,81278678,LOCKED,1.000031005000,147576203013388
16456,-146177484312536,-42115,22326,-31111.1,31632.3,8.1,-0.141,83335838,81255358,LOCKED,1.000031111000,147577203153502
16457,-146177484324673,-21555,42886,-31153.2,31765.7,7.4,-0.142,83335837,81339383,LOCKED,1.000031153000,147578203315659
16458,-146177484288398,41889,106330,-31027.1,32012.2,7.3,-0.137,83335838,81467439,LOCKED,1.000031027000,147579203214682
16459,-146177484331565,27091,91532,-30941.6,32087.8,7.5,-0.127,83335839,81412223,LOCKED,1.000030942000,147580203378627
16460,-146177484437093,-45258,19183,-30976.1,32486.5,7.7,-0.118,83335839,81504932,LOCKED,1.000030976000,147581203523606
16461,-146177484457247,-33327,31114,-30975.1,32475.2,7.7,-0.115,83335838,81579393,LOCKED,1.000030975000,147582203669584
16462,-146177484467207,-13215,51226,-30908.7,31776.0,7.8,-0.113,83335838,81663378,LOCKED,1.000030909000,147583203825496
16463,-146177484478921,7185,71626,-30979.9,31121.1,7.6,-0.109,83335838,81748957,LOCKED,1.000030980000,147584203973479
16464,-146177484495655,21132,85573,-31000.5,30933.0,7.6,-0.107,83335838,81829405,LOCKED,1.000031000000,147585204112482
16465,-146177484519973,26511,90952,-30980.5,31073.8,7.7,-0.108,83335837,81893685,LOCKED,1.000030981000,147586204129462
16466,-146177484556720,20237,84678,-30989.3,31006.1,8.0,-0.103,83335839,81846070,LOCKED,1.000030989000,147587204283455
16467,-146177484666455,-55581,8860,-31040.7,31711.2,8.2,-0.102,83335839,81933843,LOCKED,1.000031041000,147588204430499
16468,-146177484667146,-22613,41828,-31131.7,31609.7,8.4,-0.098,83335839,82026109,LOCKED,1.000031132000,147589204456630
16469,-146177484691147,-14044,50397,-31179.0,31618.3,8.4,-0.096,83335837,82096144,LOCKED,1.000031179000,147590204602812
16470,-146177484704104,4633,69074,-31209.1,31485.7,8.4,-0.095,83335838,82176381,LOCKED,1.000031209000,147591204749024
16471,-146177484719444,18310,78215,-31131.9,31389.3,8.3,-0.093,83335837,82254006,LOCKED,1.000031132000,147592204902159
16472,-146177484740203,25506,85411,-31018.1,31124.2,8.3,-0.092,83335838,82327841,LOCKED,1.000031018000,147593205042180
16473,-146177484760704,34857,94762,-31018.9,31115.3,8.3,-0.092,83335838,82401330,LOCKED,1.000031019000,147594205181202
16474,-146177484791046,33231,93136,-30961.1,31440.9,8.3,-0.091,83335838,82465639,LOCKED,1.000030961000,147595205329166
16475,-146177484810387,40843,100748,-30832.0,31615.1,8.4,-0.091,83335838,82537061,LOCKED,1.000030832000,147596205361998
16476,-146177484941957,-57070,2835,-30875.8,32257.8,8.4,-0.091,83335838,82500558,LOCKED,1.000030876000,147597205505877
16477,-146177484962095,-42056,17849,-31016.0,32352.6,8.3,-0.086,83335837,82572646,LOCKED,1.000031016000,147598205665896
16478,-146177484933980,15962,75867,-30987.9,32425.2,8.2,-0.092,83335838,82694044,LOCKED,1.000030988000,147599205691883
16479,-146177484964563,15268,75173,-30959.3,32491.1,8.0,-0.086,83335838,82759364,LOCKED,1.000030959000,147600205845846
16480,-146177484985105,23471,83376,-30889.5,32571.6,8.0,-0.079,83335837,82834553,LOCKED,1.000030889000,147601205865735
16481,-146177485015899,21294,81199,-30813.2,32560.4,8.0,-0.079,83335838,82891249,LOCKED,1.000030813000,147602206016551
16482,-146177485031040,33030,92935,-30674.7,32269.6,8.0,-0.079,83335838,82972280,LOCKED,1.000030675000,147603206149228
16483,-146177485063218,27606,87511,-30528.0,31581.1,8.1,-0.078,83335837,83035225,LOCKED,1.000030528000,147604206162755
16484,-146177485113561,8685,68590,-30586.4,31083.6,8.3,-0.080,83335839,82979353,LOCKED,1.000030586000,147605206311345
16485,-146177485216300,-58193,1712,-30748.8,31730.0,8.5,-0.083,83335839,83059942,LOCKED,1.000030749000,147606206457097
16486,-146177485239514,-46934,12971,-30853.7,32316.3,8.5,-0.084,83335838,83136369,LOCKED,1.000030854000,147607206601954
16487,-146177485252425,-27307,32598,-30891.0,32518.0,8.7,-0.089,83335839,83215084,LOCKED,1.000030891000,147608206760848
16488,-146177485227339,28663,88568,-30938.4,31864.1,8.8,-0.081,83335839,83333696,LOCKED,1.000030938000,147609206670782
16489,-146177485340320,-51315,8590,-30954.4,32109.8,8.7,-0.080,83335838,83284967,LOCKED,1.000030954000,147610206821740
16490,-146177485285271,33889,93794,-30971.6,31890.4,8.8,-0.069,83335838,83359789,LOCKED,1.000030972000,147611206980715
16491,-146177485399417,-45016,14889,-31106.5,32180.4,9.2,-0.044,83335839,83444929,LOCKED,1.000031107000,147612207141825
16492,-146177485404761,-17495,42410,-31163.8,32202.0,9.2,-0.051,83335837,83534525,LOCKED,1.000031164000,147613207305992
16493,-146177485407270,10634,70539,-31155.7,32224.0,9.2,-0.044,83335838,83623605,LOCKED,1.000031156000,147614207459151
16494,-146177485418470,28290,88195,-31089.8,32427.4,9.1,-0.053,83335838,83707593,LOCKED,1.000031090000,147615207481240
# STATS: PDUs=1437 CSV=1436 Gaps=0 Dups=0 Skip=0 d_min=-59905 ns drift=-31089.8 ns/s sigma=32427.4 ns state=LOCKED clk_err=+0 ns
16495,-146177485449596,25945,85850,-31019.5,32561.7,9.2,-0.048,83335838,83665582,LOCKED,1.000031020000,147616207624262
16496,-146177485480746,23613,83518,-30950.6,32649.7,9.2,-0.056,83335837,83729983,LOCKED,1.000030951000,147617207770216
16497,-146177485597874,-59778,127,-30988.0,33236.1,9.2,-0.052,83335838,83808539,LOCKED,1.000030988000,147618207921207
16498,-146177485566964,2762,62667,-31024.1,33086.3,9.2,-0.044,83335838,83932282,LOCKED,1.000031024000,147619207946230
16499,-146177485596533,4449,64354,-31043.0,33027.4,9.2,-0.048,83335837,84001049,LOCKED,1.000031043000,147620208096276
16500,-146177485609480,20988,80893,-31001.4,33148.1,9.1,-0.042,83335838,84079097,LOCKED,1.000031001000,147621208238280
16501,-146177485636384,22656,82561,-30919.7,33131.4,9.1,-0.037,83335838,84145978,LOCKED,1.000030920000,147622208272199
16502,-146177485658502,28072,87977,-30800.0,32900.1,9.0,-0.042,83335837,84112159,LOCKED,1.000030800000,147623208420002
16503,-146177485780494,-60163,0,-30845.1,33575.6,9.0,-0.038,83335838,84189568,LOCKED,1.000030845000,147624208571850
16504,-146177485807002,-50675,9488,-31013.9,33709.5,8.5,-0.035,83335838,84257499,LOCKED,1.000031014000,147625208706867
16505,-146177485833987,-42408,17755,-31151.7,33843.2,8.6,-0.040,83335837,84322359,LOCKED,1.000031152000,147626208859022
16506,-146177485848879,-24128,36035,-31210.8,33976.5,8.1,-0.038,83335838,84401957,LOCKED,1.000031211000,147627209004236
16507,-146177485869255,-13126,47037,-31197.2,33904.5,8.0,-0.037,83335838,84477238,LOCKED,1.000031197000,147628209152436
16508,-146177485848507,36770,96933,-31157.6,34215.7,7.8,-0.036,83335838,84588395,LOCKED,1.000031158000,147629209175593
16509,-146177485882927,30884,91047,-31080.1,34424.3,8.2,-0.047,83335836,84649905,LOCKED,1.000031080000,147630209204673
16510,-146177486009037,-60664,0,-31150.3,35284.7,8.1,-0.052,83335837,84617653,LOCKED,1.000031150000,147631209218822
16511,-146177485961600,15413,76077,-31052.5,34919.6,8.2,-0.055,83335837,84653828,LOCKED,1.000031052000,147632209362878
16512,-146177485982085,25766,86430,-31084.9,34576.4,8.5,-0.065,83335836,84725274,LOCKED,1.000031085000,147633209496966
16513,-146177486016653,21649,82313,-31089.8,34542.0,8.6,-0.068,83335837,84786008,LOCKED,1.000031090000,147634209657059
16514,-146177486124577,-51323,9341,-31194.2,35220.5,8.6,-0.070,83335837,84874761,LOCKED,1.000031194000,147635209804256
16515,-146177486153163,-46729,13935,-31214.0,35462.5,8.9,-0.079,83335836,84941621,LOCKED,1.000031214000,147636209962473
16516,-146177486157122,-16616,44048,-31326.8,34938.2,9.0,-0.081,83335837,85030720,LOCKED,1.000031327000,147637210104803
16517,-146177486187014,-13113,47551,-31406.7,34704.9,8.9,-0.085,83335837,85097976,LOCKED,1.000031407000,147638210241212
16518,-146177486182714,20041,80705,-31314.5,34530.4,9.0,-0.087,83335837,85196478,LOCKED,1.000031315000,147639210280526
16519,-146177486194502,36207,96871,-31209.6,34730.7,9.1,-0.088,83335836,85275704,LOCKED,1.000031210000,147640210420739
16520,-146177486215266,45210,105874,-31214.1,34668.0,9.0,-0.086,83335837,85350521,LOCKED,1.000031214000,147641210461953
16521,-146177486342554,-46276,14388,-31362.5,34844.9,9.0,-0.087,83335837,85317266,LOCKED,1.000031363000,147642210609319
16522,-146177486350720,-20868,39796,-31436.5,34839.9,9.4,-0.090,83335836,85402082,LOCKED,1.000031436000,147643210769759
16523,-146177486358251,2967,63631,-31438.0,34838.4,9.4,-0.090,83335837,85490962,LOCKED,1.000031438000,147644210917200
16524,-146177486399612,-6861,53803,-31431.2,34820.4,9.4,-0.090,83335837,85559498,LOCKED,1.000031431000,147645211059634
16525,-146177486467365,-40986,19678,-31470.9,35174.4,9.4,-0.095,83335837,85630532,LOCKED,1.000031471000,147646211221109
16526,-146177486409331,44934,105598,-31369.6,35656.9,9.5,-0.091,83335836,85724166,LOCKED,1.000031370000,147647211261478
16527,-146177486537651,-46534,14130,-31561.6,35187.6,9.3,-0.085,83335837,85690913,LOCKED,1.000031562000,147648211417043
16528,-146177486507981,15014,75678,-31602.2,34863.6,9.1,-0.078,83335837,85808814,LOCKED,1.000031602000,147649211464645
16529,-146177486518577,34767,95431,-31598.5,34900.8,9.4,-0.084,83335836,85895935,LOCKED,1.000031599000,147650211496243
16530,-146177486547153,35835,96499,-31562.1,35179.0,9.4,-0.082,83335837,85854941,LOCKED,1.000031562000,147651211660809
16531,-146177486654893,-37766,22898,-31625.9,35550.3,9.3,-0.087,83335837,85943372,LOCKED,1.000031626000,147652211829439
16532,-146177486658687,-9654,51010,-31623.6,35543.1,9.4,-0.086,83335838,86036880,LOCKED,1.000031624000,147653212001066
16533,-146177486661235,17407,78071,-31553.5,35489.9,9.6,-0.083,83335836,86128381,LOCKED,1.000031554000,147654212140622
16534,-146177486700175,8504,69168,-31493.1,35333.6,9.6,-0.080,83335837,86186185,LOCKED,1.000031493000,147655212294118
16535,-146177486708716,28071,88735,-31373.4,35116.9,9.7,-0.077,83335837,86269074,LOCKED,1.000031373000,147656212429494
16536,-146177486733462,34315,94979,-31411.8,34592.8,9.7,-0.074,83335837,86339524,LOCKED,1.000031412000,147657212476906
16537,-146177486851160,-47004,13660,-31577.7,34577.4,9.9,-0.078,83335836,86314603,LOCKED,1.000031578000,147658212623487
16538,-146177486849092,-12726,47938,-31587.6,34607.2,9.9,-0.073,83335837,86412897,LOCKED,1.000031588000,147659212654074
16539,-146177486868887,-1144,59520,-31575.3,34589.9,9.9,-0.068,83335837,86487409,LOCKED,1.000031575000,147660212792652
16540,-146177486886882,10971,71635,-31521.6,34518.5,9.8,-0.076,83335837,86558374,LOCKED,1.000031522000,147661212826173
16541,-146177486932986,-4116,56548,-31489.9,34391.3,9.8,-0.067,83335837,86609773,LOCKED,1.000031490000,147662212978666
16542,-146177486945188,12854,73518,-31397.3,34006.1,9.8,-0.059,83335837,86691006,LOCKED,1.000031397000,147663213125066
16543,-146177486965274,21181,81845,-31285.9,33638.7,9.9,-0.050,83335838,86764109,LOCKED,1.000031286000,147664213267355
16544,-146177486986842,27989,88653,-31189.4,33653.2,9.7,-0.012,83335838,86838616,LOCKED,1.000031189000,147665213421548
16545,-146177487003372,41263,101927,-31190.1,33644.6,9.3,0.011,83335837,86915012,LOCKED,1.000031190000,147666213440737
16546,-146177487037963,36570,97234,-31187.5,33673.6,9.3,0.021,83335837,86866858,LOCKED,1.000031187000,147667213590928
16547,-146177487157709,-48009,12655,-31303.1,34212.1,8.7,0.052,83335837,86944473,LOCKED,1.000031303000,147668213737234
16548,-146177487139880,-133,60531,-31241.2,33871.3,8.0,0.091,83335837,87058255,LOCKED,1.000031241000,147669213889478
16549,-146177487156978,14559,75223,-31292.5,33403.5,8.2,0.067,83335836,87132102,LOCKED,1.000031292000,147670214029773
16550,-146177487179973,20037,80701,-31187.2,33070.7,8.2,0.059,83335837,87206249,LOCKED,1.000031187000,147671214179963
16551,-146177487192073,37895,98559,-31189.9,33037.2,7.6,0.050,83335837,87285424,LOCKED,1.000031190000,147672214328156
16552,-146177487218611,40280,100944,-31145.6,33425.0,7.7,0.047,83335837,87356682,LOCKED,1.000031146000,147673214361301
16553,-146177487246921,39844,100508,-31051.1,33806.4,7.8,0.033,83335836,87314296,LOCKED,1.000031051000,147674214495355
16554,-146177487278884,35191,95855,-30925.8,33785.1,7.6,0.031,83335837,87378777,LOCKED,1.000030926000,147675214655284
# STATS: PDUs=1497 CSV=1496 Gaps=0 Dups=0 Skip=0 d_min=-60664 ns drift=-30925.8 ns/s sigma=33785.1 ns state=LOCKED clk_err=+0 ns
16555,-146177487386385,-40022,20642,-30926.1,33788.7,7.5,0.028,83335837,87468769,LOCKED,1.000030926000,147676214795213
16556,-146177487418915,-40285,20379,-30924.8,33773.3,7.7,0.020,83335836,87531590,LOCKED,1.000030925000,147677214939141
16557,-146177487451286,-37557,23107,-31067.5,33634.1,7.5,0.019,83335837,87605120,LOCKED,1.000031068000,147678215075211
16558,-146177487487188,-40095,20569,-31113.6,34020.5,8.0,0.005,83335835,87704065,LOCKED,1.000031114000,147679215115324
16559,-146177487442928,32490,93154,-31030.6,34246.0,8.1,-0.002,83335836,87787654,LOCKED,1.000031031000,147680215245357
16560,-146177487493256,11163,71827,-30949.4,33945.9,8.1,-0.006,83335836,87854424,LOCKED,1.000030949000,147681215381309
16561,-146177487558014,-22573,38091,-30915.4,33603.1,8.0,-0.010,83335836,87916364,LOCKED,1.000030915000,147682215411224
16562,-146177487621352,-53184,7480,-30915.8,33610.4,8.0,-0.009,83335837,87867642,LOCKED,1.000030916000,147683215544142
16563,-146177487572700,25880,86544,-30934.2,33431.0,7.9,-0.012,83335836,87929322,LOCKED,1.000030934000,147684215696079
16564,-146177487690631,-56025,4639,-31091.2,33981.9,7.7,-0.014,83335836,88004646,LOCKED,1.000031091000,147685215859174
16565,-146177487705581,-36165,24499,-31213.8,34027.5,7.7,-0.012,83335837,88091988,LOCKED,1.000031214000,147686216021391
16566,-146177487708305,-6473,54191,-31262.1,33918.3,7.6,-0.013,83335836,88183060,LOCKED,1.000031262000,147687216181657
16567,-146177487713849,18390,79054,-31250.7,33971.8,7.8,-0.017,83335835,88273395,LOCKED,1.000031251000,147688216206907
16568,-146177487808202,-43137,17527,-31256.3,34043.7,7.6,-0.016,83335836,88271700,LOCKED,1.000031256000,147689216235163
16569,-146177487822197,-25460,35204,-31234.3,33827.2,7.6,-0.020,83335836,88346908,LOCKED,1.000031234000,147690216404401
16570,-146177487831059,-1050,59614,-31332.8,32988.9,7.6,-0.021,83335836,88438844,LOCKED,1.000031333000,147691216448734
16571,-146177487830248,28413,89077,-31248.3,33105.0,7.7,-0.022,83335836,88532999,LOCKED,1.000031248000,147692216498982
16572,-146177487941402,-49242,11422,-31276.9,33476.3,7.6,-0.023,83335837,88517057,LOCKED,1.000031277000,147693216652262
16573,-146177487949343,-25227,35437,-31268.2,33400.7,7.7,-0.024,83335836,88600202,LOCKED,1.000031268000,147694216810534
16574,-146177487961438,-4151,56513,-31354.9,32834.6,7.7,-0.021,83335837,88686744,LOCKED,1.000031355000,147695216966892
16575,-146177487961635,26778,87442,-31388.3,32444.2,7.6,-0.026,83335836,88777962,LOCKED,1.000031388000,147696217106283
16576,-146177487986566,31761,92425,-31368.7,32609.7,8.0,-0.027,83335835,88849816,LOCKED,1.000031369000,147697217247655
16577,-146177488010117,37653,98317,-31336.8,32902.4,8.1,-0.026,83335836,88918053,LOCKED,1.000031337000,147698217270991
16578,-146177488108823,-28323,32341,-31358.1,33053.4,8.1,-0.025,83335836,88915224,LOCKED,1.000031358000,147699217418352
16579,-146177488128973,-17198,43466,-31325.3,32775.8,8.1,-0.029,83335836,88984914,LOCKED,1.000031325000,147700217563680
16580,-146177488146543,-4829,55835,-31249.1,32119.1,8.4,-0.028,83335835,89063078,LOCKED,1.000031249000,147701217708932
16581,-146177488160282,13341,74005,-31303.8,31596.6,8.4,-0.026,83335836,89146586,LOCKED,1.000031304000,147702217860239
16582,-146177488170835,32675,93339,-31288.6,31739.5,8.7,-0.031,83335835,89225545,LOCKED,1.000031289000,147703217998530
16583,-146177488193750,38405,99069,-31222.6,32164.9,9.0,-0.028,83335835,89297363,LOCKED,1.000031223000,147704218132755
16584,-146177488216560,44093,104757,-31162.1,32691.6,9.8,-0.024,83335834,89366793,LOCKED,1.000031162000,147705218168917
16585,-146177488351472,-54268,6396,-31336.7,32943.1,9.7,-0.019,83335836,89328973,LOCKED,1.000031337000,147706218312257
16586,-146177488374602,-44367,16297,-31346.0,33067.8,10.0,-0.022,83335835,89398720,LOCKED,1.000031346000,147707218463606
16587,-146177488389978,-24656,36008,-31488.9,32328.5,9.9,-0.017,83335836,89477595,LOCKED,1.000031489000,147708218606098
16588,-146177488384487,11540,72204,-31469.6,32366.3,10.1,-0.008,83335835,89576200,LOCKED,1.000031470000,147709218631567
16589,-146177488419033,7221,67885,-31420.5,32258.4,10.3,-0.010,83335835,89632817,LOCKED,1.000031421000,147710218774991
16590,-146177488442175,13649,74313,-31352.3,32128.6,10.3,-0.001,83335836,89703280,LOCKED,1.000031352000,147711218928347
16591,-146177488454547,32136,92800,-31381.6,31737.7,10.2,0.009,83335836,89787044,LOCKED,1.000031382000,147712219071732
16592,-146177488466745,48766,109430,-31337.3,32263.6,9.8,0.026,83335836,89867089,LOCKED,1.000031337000,147713219119069
16593,-146177488584316,-35211,25453,-31389.6,32607.8,10.1,0.000,83335835,89847897,LOCKED,1.000031390000,147714219252461
16594,-146177488613595,-30846,29818,-31449.1,32873.1,10.5,-0.024,83335834,89909246,LOCKED,1.000031449000,147715219410914
16595,-146177488616970,-3209,57455,-31422.2,32779.4,10.6,-0.030,83335835,90000652,LOCKED,1.000031422000,147716219563339
16596,-146177488647539,-3083,57581,-31381.3,32585.6,10.7,-0.034,83335835,90091591,LOCKED,1.000031381000,147717219717724
16597,-146177488708477,-28577,32087,-31533.5,31849.9,10.7,-0.051,83335835,90182979,LOCKED,1.000031533000,147718219755257
16598,-146177488731605,-17871,42793,-31616.8,31687.2,10.8,-0.052,83335835,90200344,LOCKED,1.000031617000,147719219799874
16599,-146177488718502,25788,86452,-31607.6,31757.8,10.8,-0.052,83335835,90279428,LOCKED,1.000031608000,147720219950485
16600,-146177488747056,27214,87878,-31572.9,31956.2,11.1,-0.064,83335834,90353974,LOCKED,1.000031573000,147721220090061
16601,-146177488786859,18466,79130,-31578.3,31920.9,11.7,-0.100,83335833,90424124,LOCKED,1.000031578000,147722220132639
16602,-146177488874994,-35514,25150,-31645.8,32280.6,11.7,-0.120,83335834,90402831,LOCKED,1.000031646000,147723220279288
16603,-146177488897967,-25333,35331,-31677.7,32449.1,11.3,-0.138,83335834,90489417,LOCKED,1.000031678000,147724220441969
16604,-146177488882241,20076,80740,-31613.1,32483.3,10.9,-0.153,83335834,90581196,LOCKED,1.000031613000,147725220602586
16605,-146177488884663,44937,105601,-31475.1,32731.8,10.8,-0.165,83335834,90675659,LOCKED,1.000031475000,147726220633061
16606,-146177489007177,-44258,16406,-31492.0,32945.4,10.6,-0.174,83335834,90646437,LOCKED,1.000031492000,147727220799557
16607,-146177489003755,-6976,53688,-31596.8,32169.2,10.5,-0.183,83335834,90743757,LOCKED,1.000031597000,147728220854154
16608,-146177489064071,-33130,27534,-31667.7,32467.1,10.3,-0.190,83335834,90776906,LOCKED,1.000031668000,147729220894822
16609,-146177489094447,-29953,30711,-31710.5,32712.2,10.4,-0.195,83335834,90842595,LOCKED,1.000031710000,147730221050536
16610,-146177489099077,-3140,57524,-31692.1,32662.7,10.2,-0.200,83335834,90929704,LOCKED,1.000031692000,147731221212232
16611,-146177489100443,24284,84948,-31589.9,32501.9,10.0,-0.204,83335834,91026459,LOCKED,1.000031590000,147732221363825
16612,-146177489104365,47163,107827,-31433.0,32624.8,9.7,-0.207,83335834,91116142,LOCKED,1.000031433000,147733221378257
16613,-146177489139495,38971,99635,-31276.9,32344.6,9.8,-0.210,83335834,91067631,LOCKED,1.000031277000,147734221546538
16614,-146177489245025,-34796,25868,-31242.8,31847.1,9.8,-0.217,83335833,91161556,LOCKED,1.000031243000,147735221697784
# STATS: PDUs=1557 CSV=1556 Gaps=0 Dups=0 Skip=0 d_min=-60664 ns drift=-31242.8 ns/s sigma=31847.1 ns state=LOCKED clk_err=+0 ns
16615,-146177489260013,-16686,43978,-31306.2,31817.8,9.8,-0.222,83335833,91248441,LOCKED,1.000031306000,147736221823093
16616,-146177489290339,-13929,46735,-31370.3,31725.2,10.1,-0.228,83335833,91308270,LOCKED,1.000031370000,147737221965466
16617,-146177489299721,8392,69056,-31400.7,31552.8,10.0,-0.232,83335833,91391621,LOCKED,1.000031401000,147738221990866
16618,-146177489299397,38566,99230,-31388.7,31693.2,10.3,-0.238,83335833,91378338,LOCKED,1.000031389000,147739222021254
16619,-146177489309802,54240,114904,-31218.1,32007.1,10.5,-0.242,83335833,91461748,LOCKED,1.000031218000,147740222164475
16620,-146177489436744,-39750,20914,-31237.0,32220.6,11.2,-0.249,83335832,91535681,LOCKED,1.000031237000,147741222309715
16621,-146177489450479,-20668,39996,-31280.3,32338.0,11.3,-0.252,83335833,91614357,LOCKED,1.000031280000,147742222444998
16622,-146177489471832,-8806,51858,-31360.7,31966.0,11.2,-0.250,83335833,91686179,LOCKED,1.000031361000,147743222592362
16623,-146177489481742,10487,71151,-31272.2,31532.3,11.4,-0.251,83335833,91772531,LOCKED,1.000031272000,147744222729637
16624,-146177489508096,15852,76516,-31320.6,31049.9,11.5,-0.252,83335833,91836977,LOCKED,1.000031321000,147745222882961
16625,-146177489526065,28290,88954,-31322.8,31028.3,11.8,-0.250,83335832,91915563,LOCKED,1.000031323000,147746223023287
16626,-146177489549985,33438,94102,-31267.6,31357.7,11.9,-0.250,83335833,91983963,LOCKED,1.000031268000,147747223174558
16627,-146177489561337,49058,109722,-31138.1,31880.3,12.1,-0.253,83335833,92066100,LOCKED,1.000031138000,147748223197695
16628,-146177489666069,-21775,38889,-31237.6,31663.3,12.2,-0.251,83335833,92054316,LOCKED,1.000031238000,147749223228932
16629,-146177489684618,-7798,52866,-31288.0,31553.4,12.1,-0.247,83335834,92133103,LOCKED,1.000031288000,147750223371223
16630,-146177489703534,4284,60309,-31280.9,31558.7,12.0,-0.243,83335834,92207286,LOCKED,1.000031281000,147751223411504
16631,-146177489725915,11260,67285,-31205.0,31295.5,12.1,-0.239,83335833,92274983,LOCKED,1.000031205000,147752223552712
16632,-146177489747078,21427,77452,-31246.9,30822.0,11.8,-0.227,83335834,92353038,LOCKED,1.000031247000,147753223701962
16633,-146177489758183,39679,95704,-31220.1,31113.4,11.7,-0.221,83335834,92431381,LOCKED,1.000031220000,147754223844185
16634,-146177489785553,40884,96909,-31158.2,31595.9,11.4,-0.207,83335833,92501059,LOCKED,1.000031158000,147755223869343
16635,-146177489821592,32780,88805,-31054.3,31704.8,11.5,-0.199,83335833,92453900,LOCKED,1.000031054000,147756224018400
16636,-146177489942142,-54214,1811,-31086.9,32187.3,11.5,-0.198,83335834,92533998,LOCKED,1.000031087000,147757224167490
16637,-146177489958918,-38765,17260,-31078.3,32070.9,11.4,-0.189,83335834,92610119,LOCKED,1.000031078000,147758224303571
16638,-146177489951042,920,56945,-31115.8,31928.0,11.2,-0.178,83335834,92710886,LOCKED,1.000031116000,147759224334686
16639,-146177489973822,9082,65107,-31122.4,31904.2,11.2,-0.164,83335833,92782155,LOCKED,1.000031122000,147760224479811
16640,-146177489999189,13868,69893,-31097.8,31959.7,11.4,-0.158,83335833,92847884,LOCKED,1.000031098000,147761224639912
16641,-146177490005935,35134,91159,-31004.6,32221.3,11.3,-0.140,83335833,92936030,LOCKED,1.000031005000,147762224784920
16642,-146177490051301,18057,74082,-30901.2,31832.1,11.7,-0.128,83335832,93001088,LOCKED,1.000030901000,147763224830821
16643,-146177490157600,-55360,665,-30906.3,31923.2,11.8,-0.117,83335833,92973589,LOCKED,1.000030906000,147764224980730
16644,-146177490191528,-56659,0,-30896.6,31732.1,11.8,-0.124,83335833,93046837,LOCKED,1.000030897000,147765225138630
16645,-146177490186290,-17874,38785,-30997.1,31369.5,11.6,-0.084,83335834,93132134,LOCKED,1.000030997000,147766225297631
16646,-146177490183635,15920,72579,-31030.6,31082.3,11.6,-0.078,83335833,93226239,LOCKED,1.000031031000,147767225460665
16647,-146177490186754,41689,98348,-30994.8,31461.8,11.2,-0.040,83335834,93318758,LOCKED,1.000030995000,147768225495659
16648,-146177490277060,-16985,39674,-30997.8,31478.0,11.1,-0.031,83335833,93326435,LOCKED,1.000030998000,147769225651660
16649,-146177490285827,4498,61157,-30968.5,31440.5,11.0,-0.006,83335834,93409182,LOCKED,1.000030969000,147770225805632
16650,-146177490298199,20893,77552,-30895.1,31439.1,10.3,0.042,83335834,93489182,LOCKED,1.000030895000,147771225943530
16651,-146177490322549,24263,80922,-30779.4,31099.1,9.3,0.099,83335834,93560694,LOCKED,1.000030779000,147772226088312
16652,-146177490340671,32383,89042,-30610.2,30178.8,8.6,0.090,83335834,93634153,LOCKED,1.000030610000,147773226227925
16653,-146177490369421,32592,89251,-30583.3,30411.4,8.4,0.074,83335833,93702409,LOCKED,1.000030583000,147774226262508
16654,-146177490500152,-62630,0,-30721.2,31503.4,8.9,0.051,83335832,93661251,LOCKED,1.000030721000,147775226402232
16655,-146177490524876,-53217,9413,-30800.5,32303.3,8.7,0.040,83335833,93730230,LOCKED,1.000030800000,147776226556036
16656,-146177490538640,-34057,28573,-30848.1,32619.3,8.4,0.032,83335833,93805881,LOCKED,1.000030848000,147777226694887
16657,-146177490563794,-25721,36909,-30935.2,32644.4,8.1,0.024,83335833,93871965,LOCKED,1.000030935000,147778226843825
16658,-146177490539081,28605,91235,-30917.8,32776.4,7.8,0.019,83335833,93993913,LOCKED,1.000030918000,147779226868742
16659,-146177490572114,23932,86562,-30831.9,32761.2,7.7,0.006,83335832,94054661,LOCKED,1.000030832000,147780227015577
16660,-146177490595014,28795,91425,-30729.0,32742.9,7.6,0.003,83335833,94126629,LOCKED,1.000030729000,147781227039305
16661,-146177490620597,30936,93566,-30632.8,32850.8,7.9,-0.006,83335832,94191151,LOCKED,1.000030633000,147782227057937
16662,-146177490667944,14324,76954,-30661.7,32641.6,8.0,-0.014,83335832,94133145,LOCKED,1.000030662000,147783227199602
16663,-146177490686258,25762,88392,-30659.9,32656.2,8.2,-0.021,83335832,94207719,LOCKED,1.000030660000,147784227357265
16664,-146177490799808,-54109,8521,-30718.2,33352.7,8.3,-0.028,83335832,94293399,LOCKED,1.000030718000,147785227506986
16665,-146177490818154,-40644,21986,-30704.1,33154.1,8.8,-0.038,83335831,94369070,LOCKED,1.000030704000,147786227639693
16666,-146177490851693,-39278,23352,-30845.3,33110.8,9.3,-0.047,83335831,94427654,LOCKED,1.000030845000,147787227781541
16667,-146177490882463,-36280,26350,-30928.5,33440.7,9.3,-0.051,83335832,94491305,LOCKED,1.000030929000,147788227926473
16668,-146177490879961,-1242,61388,-31005.5,32935.2,9.3,-0.053,83335832,94588344,LOCKED,1.000031006000,147789227956478
16669,-146177490900321,10294,72924,-31066.5,32392.1,9.7,-0.060,83335831,94661336,LOCKED,1.000031066000,147790228091547
16670,-146177490927677,13806,76436,-31079.8,32316.2,10.0,-0.065,83335831,94728405,LOCKED,1.000031080000,147791228243630
16671,-146177490945014,25513,88143,-31022.2,32486.1,10.0,-0.065,83335832,94806155,LOCKED,1.000031022000,147792228377655
16672,-146177490968363,29833,92463,-30907.0,32373.6,10.2,-0.069,83335831,94875441,LOCKED,1.000030907000,147793228418562
16673,-146177491087466,-55741,6889,-30943.0,32901.6,10.2,-0.068,83335832,94849031,LOCKED,1.000030943000,147794228568508
16674,-146177491111435,-44298,18332,-31089.0,33026.3,10.2,-0.070,83335832,94920221,LOCKED,1.000031089000,147795228726600
# STATS: PDUs=1617 CSV=1616 Gaps=0 Dups=0 Skip=0 d_min=-62630 ns drift=-31089.0 ns/s sigma=33026.3 ns state=LOCKED clk_err=+0 ns
16675,-146177491117756,-17355,45275,-31167.0,32904.8,10.3,-0.072,83335832,95007627,LOCKED,1.000031167000,147796228869770
16676,-146177491150154,-16418,46212,-31246.2,32747.7,10.3,-0.073,83335832,95073218,LOCKED,1.000031246000,147797229015019
16677,-146177491219464,-50622,12008,-31351.7,33436.5,10.4,-0.074,83335832,95155096,LOCKED,1.000031352000,147798229059371
16678,-146177491261083,-57587,5043,-31418.1,34234.4,10.7,-0.077,83335831,95150870,LOCKED,1.000031418000,147799229065788
16679,-146177491206913,24846,87476,-31304.3,33968.2,10.8,-0.078,83335832,95198048,LOCKED,1.000031304000,147800229229096
16680,-146177491309042,-41257,21373,-31467.8,33696.8,10.7,-0.084,83335832,95287548,LOCKED,1.000031468000,147801229381567
16681,-146177491336764,-33763,28867,-31595.8,33586.1,10.8,-0.084,83335832,95371368,LOCKED,1.000031596000,147802229526166
16682,-146177491338894,-2918,59712,-31658.8,33288.4,10.8,-0.085,83335832,95448208,LOCKED,1.000031659000,147803229687828
16683,-146177491339836,26446,89076,-31636.3,33430.4,10.9,-0.085,83335832,95543141,LOCKED,1.000031636000,147804229849468
16684,-146177491346385,48460,111090,-31566.0,34053.0,10.9,-0.085,83335832,95631441,LOCKED,1.000031566000,147805229889034
16685,-146177491469731,-40715,21915,-31626.2,34488.1,11.1,-0.091,83335831,95603861,LOCKED,1.000031626000,147806230054664
16686,-146177491465907,-5359,57271,-31612.6,34449.9,11.1,-0.091,83335832,95701745,LOCKED,1.000031613000,147807230208280
16687,-146177491474263,15598,78228,-31525.6,34203.6,11.2,-0.091,83335832,95786846,LOCKED,1.000031526000,147808230227805
16688,-146177491477331,42398,105028,-31514.7,34334.4,11.2,-0.090,83335832,95772109,LOCKED,1.000031515000,147809230274320
16689,-146177491598915,-43763,18867,-31634.0,34688.8,11.1,-0.080,83335832,95850731,LOCKED,1.000031634000,147810230436958
16690,-146177491615309,-26175,36455,-31705.8,34812.6,11.0,-0.068,83335832,95929201,LOCKED,1.000031706000,147811230476664
16691,-146177491622214,-1038,61592,-31720.6,34798.3,11.1,-0.065,83335832,96012781,LOCKED,1.000031721000,147812230648389
16692,-146177491624168,26775,89405,-31669.2,34985.9,10.9,-0.051,83335832,96110753,LOCKED,1.000031669000,147813230803062
16693,-146177491630150,48241,110871,-31542.0,35441.0,10.7,-0.033,83335832,96196875,LOCKED,1.000031542000,147814230844604
16694,-146177491753700,-41983,20647,-31559.8,35634.9,10.7,-0.030,83335833,96166883,LOCKED,1.000031560000,147815230985167
16695,-146177491780208,-35466,27164,-31572.7,35755.8,10.7,-0.022,83335832,96234509,LOCKED,1.000031573000,147816231147743
16696,-146177491787103,-8081,54549,-31692.4,34826.5,10.7,-0.025,83335831,96329111,LOCKED,1.000031692000,147817231289438
16697,-146177491810615,1751,64381,-31776.5,34165.8,10.4,0.011,83335833,96396507,LOCKED,1.000031777000,147818231323214
16698,-146177491802915,38997,101627,-31731.8,34525.3,10.0,0.029,83335832,96391558,LOCKED,1.000031732000,147819231458949
16699,-146177491835062,36209,98839,-31675.5,34869.2,10.0,0.034,83335832,96454599,LOCKED,1.000031675000,147820231628628
16700,-146177491946020,-40380,22250,-31740.6,35295.0,9.9,0.056,83335833,96546888,LOCKED,1.000031741000,147821231769372
16701,-146177491966764,-28373,34257,-31743.0,35314.8,9.8,0.066,83335832,96618126,LOCKED,1.000031743000,147822231923118
16702,-146177491975983,-5944,56686,-31728.5,35270.9,10.1,0.045,83335831,96703481,LOCKED,1.000031728000,147823232072850
16703,-146177491988695,14207,76837,-31807.9,34385.9,9.9,0.075,83335833,96785037,LOCKED,1.000031808000,147824232228661
16704,-146177491994054,40189,102819,-31852.0,33668.3,9.9,0.064,83335832,96875764,LOCKED,1.000031852000,147825232379516
16705,-146177492013545,50176,112806,-31818.9,34086.7,9.6,0.052,83335832,96950091,LOCKED,1.000031819000,147826232411334
16706,-146177492033347,58056,120686,-31712.2,34984.6,9.6,0.045,83335832,96919552,LOCKED,1.000031712000,147827232557049
16707,-146177492152877,-28947,33683,-31704.0,34907.2,9.8,0.017,83335830,96995938,LOCKED,1.000031704000,147828232704756
16708,-146177492128388,26263,88893,-31699.5,34941.5,9.9,0.004,83335831,97112188,LOCKED,1.000031699000,147829232725455
16709,-146177492167571,17606,80236,-31671.1,35022.6,9.4,0.000,83335832,97170648,LOCKED,1.000031671000,147830232870129
16710,-146177492188891,25527,88157,-31594.1,35105.1,8.9,-0.002,83335832,97241174,LOCKED,1.000031594000,147831233005726
16711,-146177492226833,17004,79634,-31515.5,34977.6,8.3,-0.003,83335832,97296205,LOCKED,1.000031516000,147832233159245
16712,-146177492235191,36092,98722,-31375.5,34816.1,7.7,-0.003,83335832,97386704,LOCKED,1.000031376000,147833233301624
16713,-146177492272313,26682,89312,-31239.9,34320.2,7.7,-0.010,83335831,97456402,LOCKED,1.000031240000,147834233441867
16714,-146177492317716,13182,75812,-31294.4,33836.1,7.7,-0.009,83335832,97524198,LOCKED,1.000031294000,147835233480161
16715,-146177492402392,-36241,26389,-31428.7,33750.2,7.5,-0.008,83335832,97499718,LOCKED,1.000031429000,147836233622593
16716,-146177492429991,-29411,33219,-31527.3,33790.5,7.3,-0.007,83335832,97578839,LOCKED,1.000031527000,147837233763123
16717,-146177492432973,-32,62598,-31568.2,33641.8,7.2,-0.010,83335831,97660408,LOCKED,1.000031568000,147838233804691
16718,-146177492508914,-42562,20068,-31587.9,33868.4,7.0,-0.008,83335832,97677860,LOCKED,1.000031588000,147839233941282
16719,-146177492471421,23776,86406,-31492.6,33768.0,7.0,-0.007,83335832,97834869,LOCKED,1.000031493000,147840233984774
16720,-146177492489654,33223,95853,-31360.5,33584.5,6.7,-0.004,83335832,97886719,LOCKED,1.000031361000,147841234016134
16721,-146177492500431,48574,111204,-31184.1,33489.4,6.7,-0.003,83335832,97969679,LOCKED,1.000031184000,147842234056318
16722,-146177492630380,-48300,14330,-31196.6,33664.0,6.7,-0.002,83335832,97932318,LOCKED,1.000031197000,147843234191517
16723,-146177492651122,-37225,25405,-31165.0,33205.1,6.9,-0.004,83335831,98005927,LOCKED,1.000031165000,147844234346685
16724,-146177492667438,-20100,42530,-31243.5,33148.6,6.9,-0.003,83335832,98082339,LOCKED,1.000031244000,147845234495932
16725,-146177492681914,-2643,59987,-31273.0,33094.5,7.0,-0.002,83335833,98170271,LOCKED,1.000031273000,147846234630208
16726,-146177492755590,-41532,21098,-31376.6,33487.2,6.9,-0.004,83335832,98236992,LOCKED,1.000031377000,147847234800588
16727,-146177492691326,51244,113874,-31321.1,34098.6,6.9,-0.003,83335832,98338723,LOCKED,1.000031321000,147848234843909
16728,-146177492773650,-264,62366,-31295.9,34040.4,6.9,-0.003,83335832,98353410,LOCKED,1.000031296000,147849235005208
16729,-146177492778803,23309,85939,-31208.3,33995.8,6.7,-0.006,83335832,98440659,LOCKED,1.000031208000,147850235168420
16730,-146177492780533,48250,110880,-31065.6,34327.6,6.6,-0.010,83335832,98535526,LOCKED,1.000031066000,147851235200485
16731,-146177492904095,-43066,19564,-31051.9,34129.4,6.8,-0.007,83335833,98504837,LOCKED,1.000031052000,147852235359540
16732,-146177492901259,-10601,52029,-30964.2,33153.5,6.6,-0.012,83335832,98600963,LOCKED,1.000030964000,147853235512507
16733,-146177492906427,14997,77627,-30979.5,33059.7,6.8,-0.010,83335833,98690600,LOCKED,1.000030979000,147854235643489
16734,-146177492933944,17852,80482,-30979.4,33060.3,7.5,-0.008,83335834,98752510,LOCKED,1.000030979000,147855235798472
# STATS: PDUs=1677 CSV=1676 Gaps=0 Dups=0 Skip=0 d_min=-62630 ns drift=-30979.4 ns/s sigma=33060.3 ns state=LOCKED clk_err=+0 ns
16735,-146177492947284,32975,95605,-30910.6,33351.3,7.5,-0.008,83335832,98835504,LOCKED,1.000030911000,147856235938385
16736,-146177492968837,39367,101997,-30830.4,33766.0,7.7,-0.008,83335833,98910273,LOCKED,1.000030830000,147857235977215
16737,-146177493077178,-34655,27975,-30944.2,33843.9,7.9,-0.008,83335833,98894709,LOCKED,1.000030944000,147858236118162
16738,-146177493065277,9133,71763,-31005.8,33328.9,7.8,-0.015,83335833,98999323,LOCKED,1.000031006000,147859236151167
16739,-146177493084630,18162,80792,-30907.0,33015.9,8.0,-0.016,83335833,99070784,LOCKED,1.000030907000,147860236302077
16740,-146177493095176,37010,99640,-30894.3,33150.8,8.1,-0.018,83335833,99153848,LOCKED,1.000030894000,147861236331971
16741,-146177493225346,-57305,5325,-31042.7,33848.9,8.1,-0.019,83335832,99116837,LOCKED,1.000031043000,147862236478017
16742,-146177493233722,-32307,30323,-31103.5,34130.5,8.6,-0.023,83335834,99202310,LOCKED,1.000031104000,147863236629124
16743,-146177493253032,-20062,42568,-31092.3,34049.8,8.6,-0.025,83335832,99277343,LOCKED,1.000031092000,147864236768219
16744,-146177493275637,-12560,50070,-31022.9,33349.1,8.7,-0.030,83335833,99346869,LOCKED,1.000031023000,147865236921245
16745,-146177493281510,13005,75635,-31065.0,33015.6,8.6,-0.047,83335833,99435001,LOCKED,1.000031065000,147866237068313
16746,-146177493300304,23773,86403,-31030.7,33168.1,9.0,-0.058,83335834,99509119,LOCKED,1.000031031000,147867237210347
16747,-146177493319404,32748,95378,-30939.9,33365.3,9.5,-0.024,83335834,99582437,LOCKED,1.000030940000,147868237231286
16748,-146177493414660,-31161,31469,-30908.0,32957.7,9.6,-0.013,83335833,99582493,LOCKED,1.000030908000,147869237261193
16749,-146177493459450,-40814,21816,-31047.9,32998.4,10.0,0.011,83335834,99634492,LOCKED,1.000031048000,147870237278240
16750,-146177493419225,29428,92058,-31046.3,33013.4,10.0,0.003,83335832,99660575,LOCKED,1.000031046000,147871237439290
16751,-146177493527141,-44180,18450,-31133.1,33546.4,10.0,0.009,83335833,99753323,LOCKED,1.000031133000,147872237597427
16752,-146177493531310,-16828,45802,-31124.1,33491.9,10.3,0.028,83335834,99843774,LOCKED,1.000031124000,147873237744554
16753,-146177493540590,3089,65719,-31034.5,32853.8,10.6,0.045,83335834,99929629,LOCKED,1.000031034000,147874237891592
16754,-146177493566564,8988,71618,-31090.7,32400.3,10.5,0.067,83335833,99996145,LOCKED,1.000031091000,147875238043686
16755,-146177493577511,28538,91168,-31109.1,32198.5,10.6,0.087,83335834,100079095,LOCKED,1.000031109000,147876238186798
16756,-146177493592440,42360,104990,-31063.7,32631.6,10.5,0.106,83335834,100155076,LOCKED,1.000031064000,147877238227862
16757,-146177493715622,-46237,16393,-31159.8,33209.7,10.5,0.106,83335833,100129177,LOCKED,1.000031160000,147878238376025
16758,-146177493694739,4493,67123,-31102.8,32996.3,10.6,0.118,83335834,100242842,LOCKED,1.000031103000,147879238409127
16759,-146177493717298,11219,73849,-31032.0,32794.1,10.5,0.119,83335833,100311490,LOCKED,1.000031032000,147880238554162
16760,-146177493736829,22856,85486,-31076.8,32278.5,10.5,0.118,83335833,100386144,LOCKED,1.000031077000,147881238711242
16761,-146177493750995,38534,101164,-31080.5,32231.5,10.5,0.119,83335833,100464503,LOCKED,1.000031080000,147882238844325
16762,-146177493797821,21980,84610,-31077.3,32253.0,10.3,0.128,83335834,100524393,LOCKED,1.000031077000,147883238982405
16763,-146177493871941,-19611,43019,-31116.0,32361.0,10.4,0.135,83335834,100589119,LOCKED,1.000031116000,147884239028521
16764,-146177493942831,-56271,6359,-31175.4,33111.2,10.3,0.134,83335833,100560159,LOCKED,1.000031175000,147885239165699
16765,-146177493960222,-40846,21784,-31187.9,33259.7,10.4,0.127,83335832,100630350,LOCKED,1.000031188000,147886239321890
16766,-146177493972410,-21957,40673,-31145.9,32805.2,10.5,0.133,83335834,100711748,LOCKED,1.000031146000,147887239481039
16767,-146177493973132,9251,71881,-31199.9,32376.0,9.8,0.136,83335834,100801801,LOCKED,1.000031200000,147888239631242
16768,-146177493976423,34303,96933,-31116.6,32660.3,9.5,0.139,83335834,100898109,LOCKED,1.000031117000,147889239656358
16769,-146177494001204,37753,100383,-31037.6,33045.4,9.5,0.137,83335833,100968137,LOCKED,1.000031038000,147890239700396
16770,-146177494123960,-51084,11546,-31094.1,33668.5,9.4,0.136,83335833,100940358,LOCKED,1.000031094000,147891239860494
16771,-146177494126281,-21243,41387,-31111.2,33755.9,9.5,0.138,83335834,101031352,LOCKED,1.000031111000,147892240022609
16772,-146177494131254,3434,66064,-31045.1,33436.5,9.5,0.140,83335834,101121510,LOCKED,1.000031045000,147893240173657
16773,-146177494142012,21154,83784,-30954.1,33299.5,9.1,0.136,83335833,101202443,LOCKED,1.000030954000,147894240308614
16774,-146177494171947,20093,77680,-30885.3,33309.7,9.0,0.134,83335833,101263826,LOCKED,1.000030885000,147895240460503
16775,-146177494191105,30837,88424,-30888.4,33279.0,9.1,0.134,83335834,101337902,LOCKED,1.000030888000,147896240471390
16776,-146177494235873,16871,74458,-30912.2,33100.2,9.1,0.135,83335834,101281694,LOCKED,1.000030912000,147897240613305
16777,-146177494259011,23177,80764,-30878.7,33245.0,8.7,0.129,83335833,101350798,LOCKED,1.000030879000,147898240762187
16778,-146177494361971,-44105,13482,-31041.2,33130.1,8.7,0.128,83335834,101444353,LOCKED,1.000031041000,147899240795228
16779,-146177494384091,-33397,24190,-31073.4,33376.8,8.7,0.127,83335834,101520406,LOCKED,1.000031073000,147900240935304
16780,-146177494415821,-32762,24825,-31082.3,33461.1,8.6,0.124,83335833,101581447,LOCKED,1.000031082000,147901240964386
16781,-146177494455955,-40721,16866,-31068.1,33261.9,8.5,0.120,83335833,101637318,LOCKED,1.000031068000,147902241106457
16782,-146177494486716,-36180,21407,-31216.0,32980.4,8.4,0.116,83335833,101698607,LOCKED,1.000031216000,147903241259676
16783,-146177494491690,-7881,49706,-31304.1,32493.2,7.9,0.107,83335833,101784058,LOCKED,1.000031304000,147904241402983
16784,-146177494522232,-5637,51950,-31367.6,32236.1,7.8,0.102,83335833,101850239,LOCKED,1.000031368000,147905241553354
16785,-146177494536602,11155,68742,-31376.1,32198.4,7.8,0.102,83335833,101927628,LOCKED,1.000031376000,147906241684733
16786,-146177494574143,6633,64220,-31467.9,31198.0,7.7,0.097,83335833,101984473,LOCKED,1.000031468000,147907241839204
16787,-146177494591509,18292,75879,-31378.2,30977.3,7.8,0.091,83335832,102058263,LOCKED,1.000031378000,147908241973585
16788,-146177494592074,46417,104004,-31323.4,31544.9,7.7,0.085,83335833,102154209,LOCKED,1.000031323000,147909241881904
16789,-146177494637821,29526,87113,-31251.3,31759.7,7.6,0.079,83335833,102097470,LOCKED,1.000031251000,147910242027158
16790,-146177494660387,34294,91881,-31115.8,31564.0,7.4,0.072,83335833,102170555,LOCKED,1.000031116000,147911242177277
16791,-146177494771493,-41216,16371,-31267.4,31462.1,7.4,0.072,83335833,102256152,LOCKED,1.000031267000,147912242315547
16792,-146177494798059,-33615,23972,-31354.0,31719.4,7.5,0.065,83335832,102325313,LOCKED,1.000031354000,147913242453904
16793,-146177494830174,-32412,25175,-31396.6,32004.2,7.5,0.066,83335833,102387551,LOCKED,1.000031397000,147914242600304
16794,-146177494843934,-14195,43392,-31401.4,32024.7,7.3,0.077,83335833,102468383,LOCKED,1.000031401000,147915242743708
# STATS: PDUs=1737 CSV=1736 Gaps=0 Dups=0 Skip=0 d_min=-57587 ns drift=-31401.4 ns/s sigma=32024.7 ns state=LOCKED clk_err=+0 ns
16795,-146177494865848,-5394,52193,-31358.7,31776.9,7.2,0.067,83335833,102543039,LOCKED,1.000031359000,147916242898070
16796,-146177494886198,3868,61455,-31279.2,31278.8,7.4,0.071,83335832,102616666,LOCKED,1.000031279000,147917243051353
16797,-146177494903598,17679,75266,-31305.4,31057.1,7.4,0.073,83335833,102706990,LOCKED,1.000031305000,147918243090658
16798,-146177494982079,-27878,29709,-31338.5,31263.2,7.4,0.076,83335833,102703989,LOCKED,1.000031338000,147919243110996
16799,-146177495017404,-30479,27108,-31355.8,31411.6,7.5,0.063,83335833,102761130,LOCKED,1.000031356000,147920243261355
16800,-146177495032930,-15089,42498,-31309.1,30963.5,7.9,0.036,83335832,102846504,LOCKED,1.000031309000,147921243402667
16801,-146177495065733,-13680,43907,-31429.0,30115.3,7.7,0.014,83335833,102912872,LOCKED,1.000031429000,147922243545099
16802,-146177495077306,6974,64561,-31479.9,29731.4,7.6,0.023,83335833,102985329,LOCKED,1.000031480000,147923243710583
16803,-146177495082071,32367,89954,-31468.8,29845.4,7.4,0.000,83335833,103078061,LOCKED,1.000031469000,147924243869055
16804,-146177495098381,45031,102618,-31421.2,30368.8,7.4,-0.007,83335833,103156601,LOCKED,1.000031421000,147925243896476
16805,-146177495136323,35737,93324,-31344.4,30734.6,7.4,-0.014,83335833,103105308,LOCKED,1.000031344000,147926244065824
16806,-146177495226081,-21950,35637,-31343.5,30728.1,7.5,-0.016,83335832,103212248,LOCKED,1.000031344000,147927244223171
16807,-146177495237188,-2784,54803,-31286.2,30350.9,7.4,-0.021,83335833,103300116,LOCKED,1.000031286000,147928244247457
16808,-146177495218026,45436,103023,-31252.4,30767.5,7.4,-0.021,83335833,103305336,LOCKED,1.000031252000,147929244282709
16809,-146177495341443,-42360,15227,-31396.6,30828.6,7.3,-0.024,83335833,103381908,LOCKED,1.000031397000,147930244442109
16810,-146177495354530,-23402,34185,-31389.5,30766.8,7.1,-0.022,83335833,103463779,LOCKED,1.000031390000,147931244474498
16811,-146177495367726,-3270,54317,-31479.4,30071.9,7.3,-0.032,83335832,103545855,LOCKED,1.000031479000,147932244641981
16812,-146177495363838,30815,88402,-31467.7,30184.2,7.3,-0.043,83335832,103643673,LOCKED,1.000031468000,147933244797452
16813,-146177495377808,45255,102842,-31392.8,30801.6,7.3,-0.051,83335832,103726815,LOCKED,1.000031393000,147934244809844
16814,-146177495421514,30655,88242,-31331.4,31076.1,7.3,-0.050,83335833,103668708,LOCKED,1.000031331000,147935244977179
16815,-146177495524534,-39235,18352,-31354.5,31329.6,7.3,-0.057,83335832,103765394,LOCKED,1.000031354000,147936245110536
16816,-146177495555670,-37911,19676,-31345.6,31209.5,7.1,-0.056,83335833,103826499,LOCKED,1.000031346000,147937245266885
16817,-146177495566454,-14646,42941,-31454.2,30607.4,7.1,-0.055,83335833,103913256,LOCKED,1.000031454000,147938245409342
16818,-146177495555373,26033,83620,-31406.3,30810.4,7.1,-0.060,83335832,104014628,LOCKED,1.000031406000,147939245453748
16819,-146177495569324,40289,97876,-31316.1,31255.8,7.6,-0.070,83335831,104100368,LOCKED,1.000031316000,147940245596067
16820,-146177495590067,46717,104304,-31190.1,31710.0,7.7,-0.074,83335832,104169330,LOCKED,1.000031190000,147941245627257
16821,-146177495722583,-52577,5010,-31202.4,31909.2,8.1,-0.083,83335831,104131351,LOCKED,1.000031202000,147942245777463
16822,-146177495738319,-35739,21848,-31210.3,31996.1,8.1,-0.084,83335832,104211043,LOCKED,1.000031210000,147943245926676
16823,-146177495753459,-18031,39556,-31260.8,32056.3,8.3,-0.090,83335831,104285073,LOCKED,1.000031261000,147944246067940
16824,-146177495782442,-13002,44585,-31374.4,31325.2,8.3,-0.092,83335832,104353659,LOCKED,1.000031374000,147945246220318
16825,-146177495796399,5524,63111,-31438.1,30814.0,8.3,-0.097,83335832,104435365,LOCKED,1.000031438000,147946246363759
16826,-146177495813116,19773,77360,-31447.9,30738.8,8.1,-0.096,83335832,104511495,LOCKED,1.000031448000,147947246514210
16827,-146177495830222,31752,89339,-31384.6,31034.2,8.3,-0.099,83335831,104588178,LOCKED,1.000031385000,147948246538594
16828,-146177495945355,-49744,7843,-31412.4,31426.2,8.2,-0.094,83335833,104566862,LOCKED,1.000031412000,147949246567006
16829,-146177495971100,-42580,15007,-31415.1,31463.2,8.2,-0.093,83335833,104634802,LOCKED,1.000031415000,147950246713424
16830,-146177495993658,-29899,27688,-31553.3,31020.4,8.3,-0.094,83335832,104707023,LOCKED,1.000031553000,147951246862981
16831,-146177496010042,-12966,44621,-31618.4,30896.6,8.1,-0.091,83335832,104785416,LOCKED,1.000031618000,147952247012603
16832,-146177496032139,-3232,54355,-31623.5,30899.7,8.0,-0.088,83335832,104855942,LOCKED,1.000031623000,147953247153229
16833,-146177496056121,3419,61006,-31580.5,30769.9,8.0,-0.088,83335832,104928611,LOCKED,1.000031580000,147954247296812
16834,-146177496075827,13487,71074,-31514.1,30646.5,8.0,-0.088,83335832,104999264,LOCKED,1.000031514000,147955247445329
16835,-146177496096973,21008,78595,-31409.1,30322.9,7.9,-0.083,83335832,105072986,LOCKED,1.000031409000,147956247588741
16836,-146177496139943,7867,65454,-31344.5,30085.6,7.7,-0.078,83335832,105143827,LOCKED,1.000031345000,147957247734089
16837,-146177496212468,-32463,25124,-31332.2,29930.7,7.7,-0.076,83335833,105218153,LOCKED,1.000031332000,147958247771421
16838,-146177496245582,-30999,26588,-31440.2,29938.8,7.5,-0.068,83335833,105223067,LOCKED,1.000031440000,147959247792860
16839,-146177496263127,-15175,42412,-31509.7,29825.0,7.2,-0.060,83335832,105287361,LOCKED,1.000031510000,147960247939373
16840,-146177496277483,2748,60335,-31552.1,29602.1,7.3,-0.058,83335833,105366328,LOCKED,1.000031552000,147961247969925
16841,-146177496313214,-95,57492,-31617.7,29165.5,7.3,-0.056,83335833,105423704,LOCKED,1.000031618000,147962248121546
16842,-146177496328944,16067,73654,-31658.0,28762.5,7.3,-0.054,83335833,105504512,LOCKED,1.000031658000,147963248263207
16843,-146177496375909,1194,58781,-31681.3,28695.5,7.3,-0.051,83335832,105566605,LOCKED,1.000031681000,147964248440892
16844,-146177496353497,52170,109757,-31615.0,29493.0,7.4,-0.048,83335833,105667272,LOCKED,1.000031615000,147965248482507
16845,-146177496474861,-35262,22325,-31670.1,29874.8,7.4,-0.044,83335832,105640380,LOCKED,1.000031670000,147966248641181
16846,-146177496475605,-3951,53636,-31682.5,29876.7,7.4,-0.042,83335833,105729740,LOCKED,1.000031682000,147967248806867
16847,-146177496472781,28206,85793,-31613.9,30085.0,7.4,-0.050,83335833,105829265,LOCKED,1.000031614000,147968248847481
16848,-146177496562837,-29726,27861,-31589.5,29769.1,7.4,-0.045,83335832,105834412,LOCKED,1.000031589000,147969248894070
16849,-146177496568439,-4546,53041,-31542.2,29466.4,7.4,-0.042,83335833,105928908,LOCKED,1.000031542000,147970249061616
16850,-146177496565399,26665,84252,-31420.9,29121.2,7.5,-0.022,83335833,106021884,LOCKED,1.000031421000,147971249214040
16851,-146177496574297,47098,104685,-31396.6,29471.2,7.5,-0.004,83335833,106106400,LOCKED,1.000031397000,147972249242436
16852,-146177496611023,40022,97609,-31377.4,29707.1,7.5,-0.017,83335832,106058117,LOCKED,1.000031377000,147973249415817
16853,-146177496714206,-28704,28883,-31481.0,29676.1,7.5,-0.001,83335833,106151474,LOCKED,1.000031481000,147974249567301
16854,-146177496732946,-14398,43189,-31534.0,29662.8,7.5,0.000,83335832,106230251,LOCKED,1.000031534000,147975249717838
# STATS: PDUs=1797 CSV=1796 Gaps=0 Dups=0 Skip=0 d_min=-57587 ns drift=-31534.0 ns/s sigma=29662.8 ns state=LOCKED clk_err=+0 ns
16855,-146177496747286,2874,60461,-31542.6,29646.4,7.5,0.003,83335832,106314419,LOCKED,1.000031543000,147976249850383
16856,-146177496784852,-3043,54544,-31542.8,29646.6,7.8,-0.022,83335831,106370018,LOCKED,1.000031543000,147977249996929
16857,-146177496801395,10607,68194,-31494.1,29589.7,7.7,-0.018,83335832,106450765,LOCKED,1.000031494000,147978250151426
16858,-146177496779509,60767,118354,-31437.0,30478.7,7.7,-0.012,83335832,106562122,LOCKED,1.000031437000,147979250046858
16859,-146177496828286,41666,99253,-31419.9,30695.1,7.6,-0.017,83335832,106500329,LOCKED,1.000031420000,147980250204281
16860,-146177496941611,-37064,20523,-31514.3,31021.7,7.6,-0.020,83335832,106583959,LOCKED,1.000031514000,147981250346798
16861,-146177496968757,-29885,27702,-31602.6,31161.6,7.8,-0.034,83335831,106653171,LOCKED,1.000031603000,147982250503404
16862,-146177496976725,-5744,51843,-31618.0,31168.7,7.7,-0.037,83335832,106736154,LOCKED,1.000031618000,147983250645025
16863,-146177496996885,4560,62147,-31568.8,31011.8,7.6,-0.039,83335832,106808660,LOCKED,1.000031569000,147984250798597
16864,-146177497011239,19009,76596,-31464.5,30629.1,7.5,-0.041,83335832,106892103,LOCKED,1.000031464000,147985250944065
16865,-146177497023029,34917,92504,-31337.5,30572.3,7.6,-0.050,83335831,106972804,LOCKED,1.000031337000,147986251100406
16866,-146177497032737,53438,111025,-31273.7,31336.4,7.6,-0.050,83335832,107055408,LOCKED,1.000031274000,147987251237682
16867,-146177497061881,51826,109413,-31176.1,32112.7,7.7,-0.044,83335833,107123021,LOCKED,1.000031176000,147988251276858
16868,-146177497153034,-9497,48090,-31094.0,31216.2,7.6,-0.044,83335832,107124629,LOCKED,1.000031094000,147989251294951
16869,-146177497184409,-8061,49526,-31165.0,30923.0,7.7,-0.050,83335831,107183684,LOCKED,1.000031165000,147990251452119
16870,-146177497191961,15105,72692,-31168.2,30905.7,7.6,-0.049,83335832,107272307,LOCKED,1.000031168000,147991251591290
16871,-146177497212921,23653,81240,-31126.0,31072.1,7.6,-0.050,83335832,107342938,LOCKED,1.000031126000,147992251739419
16872,-146177497227635,36250,93837,-30998.8,31071.0,7.5,-0.050,83335832,107421342,LOCKED,1.000030999000,147993251875421
16873,-146177497251820,38358,95945,-30831.4,30533.9,7.7,-0.055,83335831,107493588,LOCKED,1.000030831000,147994251915252
16874,-146177497274708,41637,99224,-30671.4,30313.2,7.6,-0.054,83335832,107456508,LOCKED,1.000030671000,147995252055926
16875,-146177497390912,-40448,17139,-30773.5,30711.9,7.6,-0.054,83335832,107538142,LOCKED,1.000030773000,147996252203703
16876,-146177497400099,-16940,40647,-30839.7,30667.6,7.5,-0.053,83335832,107623830,LOCKED,1.000030840000,147997252338545
16877,-146177497423421,-8715,48872,-30860.0,30688.0,7.5,-0.054,83335831,107698155,LOCKED,1.000030860000,147998252479408
16878,-146177497425574,17405,74992,-30761.8,30329.4,7.5,-0.054,83335832,107810290,LOCKED,1.000030762000,147999252522170
16879,-146177497429697,39223,96810,-30590.1,29743.6,7.3,-0.058,83335832,107876727,LOCKED,1.000030590000,148000252548759
16880,-146177497552051,-51592,5995,-30550.7,28856.2,7.3,-0.059,83335832,107844392,LOCKED,1.000030551000,148001252706313
16881,-146177497556601,-23107,34480,-30634.4,28833.2,7.0,-0.063,83335832,107930628,LOCKED,1.000030634000,148002252855951
16882,-146177497589567,-23376,34211,-30696.9,28959.6,7.2,-0.061,83335833,108015364,LOCKED,1.000030697000,148003252999651
16883,-146177497651919,-51506,6081,-30784.4,29791.5,7.0,-0.064,83335833,108093666,LOCKED,1.000030784000,148004253161439
16884,-146177497586465,41767,99354,-30708.2,30325.7,7.0,-0.066,83335832,108184819,LOCKED,1.000030708000,148005253198147
16885,-146177497712365,-50619,6968,-30761.8,30975.5,7.1,-0.066,83335833,108153722,LOCKED,1.000030762000,148006253353912
16886,-146177497710713,-18145,39442,-30734.5,30734.8,7.2,-0.066,83335833,108245358,LOCKED,1.000030734000,148007253516650
16887,-146177497706879,13722,71309,-30624.5,30063.3,7.0,-0.073,83335833,108346371,LOCKED,1.000030625000,148008253553274
16888,-146177497787591,-32947,24640,-30737.7,30090.0,7.0,-0.070,83335832,108357689,LOCKED,1.000030738000,148009253596012
16889,-146177497792542,-5696,51891,-30800.2,29823.4,7.0,-0.066,83335833,108445797,LOCKED,1.000030800000,148010253756816
16890,-146177497792094,24692,82279,-30799.1,29833.4,7.1,-0.068,83335833,108540459,LOCKED,1.000030799000,148011253797615
