# seq,elapsed_s,d_total_ns,d_detrended_ns,offset_ns,drift_ns_per_s,drift_sigma_ns,gm_sigma_ns,gm_a1_ppb,clock_error_ns,sync_state
51766,0.482,-51731880991417,0,0,0.0,999999.0,7.9,-0.234,0,INIT
51767,1.482,-51731880933215,0,0,58202.0,inf,7.8,-0.233,0,ACQUIRING
51768,2.486,-51731880959116,0,0,16150.5,34334.9,7.8,-0.232,0,ACQUIRING
51769,3.482,-51731880829258,0,0,46057.6,45608.9,7.8,-0.233,0,ACQUIRING
51770,4.482,-51731880885533,0,0,31572.5,45674.6,7.7,-0.231,0,ACQUIRING
51771,5.482,-51731880874715,0,0,24469.0,43115.9,7.7,-0.227,0,ACQUIRING
51772,6.482,-51731880835256,0,0,23538.1,38668.7,7.6,-0.224,0,ACQUIRING
51773,7.483,-51731880720349,0,0,30764.3,44464.7,7.6,-0.224,0,ACQUIRING
51774,8.483,-51731880685683,0,0,34396.6,44255.5,7.6,-0.219,0,ACQUIRING
51775,9.482,-51731880645821,0,0,36543.9,42901.4,7.5,-0.216,0,ACQUIRING
51776,10.483,-51731880707167,0,0,33265.6,45056.5,7.5,-0.211,0,ACQUIRING
51777,11.483,-51731880639712,0,0,32689.3,42929.1,7.4,-0.207,0,ACQUIRING
51778,12.483,-51731880566242,0,0,33685.4,41660.1,7.3,-0.202,0,ACQUIRING
51779,13.483,-51731880600364,0,0,32374.1,41488.8,7.3,-0.196,0,ACQUIRING
51780,14.483,-51731880493299,0,0,33389.1,41049.5,7.3,-0.198,0,ACQUIRING
51781,15.483,-51731880506220,0,0,33046.7,39723.9,7.2,-0.191,0,ACQUIRING
51782,16.483,-51731880504549,0,0,32196.5,39637.0,7.5,-0.186,0,ACQUIRING
51783,17.484,-51731880463919,0,0,31747.8,38799.6,7.4,-0.179,0,ACQUIRING
51784,18.485,-51731880371825,0,0,32379.5,38635.1,7.5,-0.182,0,ACQUIRING
51785,19.483,-51731880347131,0,0,32729.9,37907.3,7.4,-0.174,0,ACQUIRING
51786,20.484,-51731880304869,0,0,33113.1,37403.6,7.3,-0.166,0,ACQUIRING
51787,21.483,-51731880365619,0,0,32287.9,39116.2,7.3,-0.170,0,ACQUIRING
51788,22.487,-51731880317336,0,0,31833.9,39073.7,7.4,-0.171,0,ACQUIRING
51789,23.484,-51731880249650,0,0,31842.8,38175.8,7.3,-0.161,0,ACQUIRING
51790,24.484,-51731880253774,0,0,31517.7,37944.8,7.6,-0.115,0,ACQUIRING
51791,25.483,-51731880181731,0,0,31608.5,37199.9,7.9,-0.090,0,ACQUIRING
51792,26.483,-51731880214685,0,0,31168.1,37873.0,7.9,-0.100,0,ACQUIRING
51793,27.484,-51731880124171,0,0,31254.1,37198.1,8.0,-0.094,0,ACQUIRING
51794,28.484,-51731880140537,0,0,30995.1,37119.4,8.0,-0.089,0,ACQUIRING
51795,29.484,-51731880035662,0,0,31261.2,37171.0,7.9,-0.115,0,ACQUIRING
51796,30.484,-51731880032772,0,0,31307.4,36548.6,7.9,-0.112,0,ACQUIRING
51797,31.484,-51731880028506,0,0,31191.9,36102.9,7.9,-0.108,0,ACQUIRING
51798,32.487,-51731880009056,0,0,31033.3,35867.3,7.7,-0.100,0,ACQUIRING
51799,33.484,-51731879981350,0,0,30884.3,35643.6,7.8,-0.110,0,ACQUIRING
51800,34.495,-51731879901481,0,0,30992.7,35298.1,7.8,-0.106,0,ACQUIRING
51801,35.484,-51731879847235,0,0,31188.8,35483.6,7.7,-0.106,0,ACQUIRING
51802,36.484,-51731879807988,0,0,31389.1,35770.6,7.7,-0.092,0,ACQUIRING
51803,37.484,-51731879837909,0,0,31311.2,35401.1,7.7,-0.091,0,ACQUIRING
51804,38.485,-51731879762223,0,0,31415.3,35174.3,7.7,-0.090,0,ACQUIRING
51805,39.484,-51731879790981,0,0,31284.5,35143.8,7.6,-0.096,0,ACQUIRING
51806,40.485,-51731879735347,0,0,31256.7,34711.6,7.8,-0.088,0,ACQUIRING
51807,41.486,-51731879713789,0,0,31200.5,34369.7,7.8,-0.088,0,ACQUIRING
51808,42.485,-51731879708979,0,0,31068.1,34513.3,7.9,-0.094,0,ACQUIRING
51809,43.485,-51731879592721,0,0,31211.1,34801.7,7.9,-0.094,0,ACQUIRING
51810,44.484,-51731879651964,0,0,31073.6,35082.4,7.9,-0.094,0,ACQUIRING
51811,45.484,-51731879525509,0,0,31218.1,35485.0,7.8,-0.094,0,ACQUIRING
51812,46.485,-51731879491507,0,0,31352.2,35820.3,7.9,-0.099,0,ACQUIRING
51813,47.485,-51731879547993,0,0,31246.2,35912.4,8.1,-0.094,0,ACQUIRING
51814,48.486,-51731879499118,0,0,31195.9,35644.7,8.2,-0.090,0,ACQUIRING
51815,49.486,-51731879443672,0,0,31208.4,35279.1,8.0,-0.089,0,ACQUIRING
51816,50.485,-51731879374786,0,0,31304.7,35403.3,8.0,-0.090,0,ACQUIRING
51817,51.486,-51731879422936,0,0,31217.4,35469.9,8.1,-0.088,0,ACQUIRING
51818,52.485,-51731879387698,0,0,31148.0,35402.7,7.9,-0.089,0,ACQUIRING
51819,53.486,-51731879368968,0,0,31060.9,35530.0,7.8,-0.091,0,ACQUIRING
51820,54.489,-51731879248699,0,0,31156.8,35791.7,7.9,-0.091,0,ACQUIRING
51821,55.486,-51731879245832,0,0,31189.6,35532.6,8.0,-0.087,0,ACQUIRING
51822,56.485,-51731879241593,0,0,31170.2,35235.7,7.9,-0.090,0,ACQUIRING
51823,57.486,-51731879219327,0,0,31137.1,35004.7,8.0,-0.086,0,ACQUIRING
51824,58.486,-51731879195417,0,0,31095.0,34841.7,8.0,-0.083,0,ACQUIRING
51825,59.488,-51731879163959,-21353,0,31057.5,34661.5,8.0,-0.082,0,ACQUIRING
51826,60.487,-51731879118125,-5602,15751,31018.9,34598.1,7.6,-0.090,73767,ACQUIRING
51827,61.487,-51731879159623,-73353,0,30906.8,35980.7,7.6,-0.093,-685820,ACQUIRING
51828,62.486,-51731879148600,-85529,0,30670.3,37210.4,7.5,-0.097,-646415,ACQUIRING
51829,63.488,-51731879152814,-114028,0,30546.4,39871.2,7.7,-0.102,-620856,ACQUIRING
51830,64.487,-51731879252326,-226731,0,30070.9,50011.5,7.7,-0.107,-694826,LOCKED
51831,65.487,-51731879286340,-269407,0,29467.1,61122.9,7.7,-0.105,-695090,LOCKED
51832,66.487,-51731879244097,-237284,32123,28911.2,68241.9,7.9,-0.110,-619284,LOCKED
51833,67.487,-51731879278434,-280730,0,28405.3,78160.9,7.9,-0.108,-620128,LOCKED
51834,68.486,-51731879313012,-320960,0,27821.4,89476.9,8.1,-0.104,-626086,LOCKED
51835,69.487,-51731879362806,-372247,0,27147.2,102755.0,8.8,-0.108,-641026,LOCKED
51836,70.487,-51731879401380,-405658,0,26234.4,115540.3,9.5,-0.102,-644276,LOCKED
51837,71.489,-51731879440118,-436821,0,25299.9,129219.7,10.1,-0.104,-646139,LOCKED
51838,72.488,-51731879481868,-468763,0,24354.8,143731.8,10.7,-0.095,-654053,LOCKED
51839,73.488,-51731879527618,-498816,0,23216.6,157576.8,10.8,-0.086,-659588,LOCKED
51840,74.492,-51731879521553,-479258,19558,22210.2,170001.7,11.3,-0.072,-618396,LOCKED
51841,75.487,-51731879574518,-513263,0,21041.1,182548.4,11.4,-0.104,-630099,LOCKED
51842,76.487,-51731879617472,-532991,0,19752.6,194450.5,11.7,-0.123,-631696,LOCKED
51843,77.488,-51731879645242,-535630,0,18438.2,205564.6,11.8,-0.134,-619977,LOCKED
51844,78.487,-51731879686967,-551238,0,17165.9,217484.7,11.9,-0.143,-617237,LOCKED
51845,79.488,-51731879624357,-466283,84955,16000.1,224903.4,12.2,-0.164,-623361,LOCKED
51846,80.487,-51731879647995,-466263,84975,14827.0,232017.7,12.3,-0.171,-600708,LOCKED
51847,81.488,-51731879779957,-562884,0,13298.2,240651.4,12.3,-0.177,-574739,LOCKED
51848,82.490,-51731879751539,-501622,61262,11865.1,246405.4,12.3,-0.202,-570769,LOCKED
51849,83.489,-51731879820669,-534741,28143,10402.1,253638.4,12.9,-0.237,-536135,LOCKED
51850,84.488,-51731879850633,-525906,36978,8859.1,259075.6,12.7,-0.259,-478346,LOCKED
51851,85.488,-51731879866050,-503261,59623,7390.5,264063.5,12.4,-0.267,-458724,LOCKED
51852,86.488,-51731879891384,-487270,75614,5807.0,266305.9,12.5,-0.279,-427196,LOCKED
51853,87.488,-51731879914374,-469927,92957,4321.2,269005.5,12.6,-0.291,-396946,LOCKED
51854,88.488,-51731879929348,-442704,120180,2771.5,269053.0,12.5,-0.293,-354570,LOCKED
51855,89.490,-51731879954698,-427359,135525,1346.3,270216.6,12.5,-0.294,-322597,LOCKED
51856,90.489,-51731879987084,-416908,145976,-131.6,269954.9,12.5,-0.303,-292634,LOCKED
51857,91.489,-51731880012686,-398075,164809,-1646.8,267939.7,12.5,-0.304,-255978,LOCKED
51858,92.489,-51731880054624,-393474,169410,-3198.7,264933.9,12.4,-0.305,-236748,LOCKED
51859,93.489,-51731880092781,-383608,179276,-4763.6,261012.4,12.4,-0.305,-211789,LOCKED
51860,94.489,-51731880111697,-356116,206768,-6218.0,257554.0,12.5,-0.312,-160403,LOCKED
51861,95.489,-51731880146831,-344711,218173,-7626.4,254260.4,12.4,-0.311,-130261,LOCKED
51862,96.496,-51731880191400,-341641,221243,-9024.6,250936.8,12.1,-0.310,-101595,LOCKED
51863,97.489,-51731880223010,-323189,239695,-10504.1,244739.7,12.0,-0.309,-63787,LOCKED
51864,98.489,-51731880248196,-299828,263056,-11875.2,239308.5,11.9,-0.309,-14987,LOCKED
51865,99.489,-51731880277782,-278782,284102,-13316.5,230780.5,12.1,-0.314,28995,LOCKED
51866,100.489,-51731880310356,-261258,301626,-14689.8,222470.7,11.7,-0.311,69839,LOCKED
51867,101.489,-51731880340286,-240805,322079,-16043.8,212967.9,11.8,-0.314,115039,LOCKED
51868,102.491,-51731880358472,-208613,354271,-17384.6,201135.7,11.8,-0.315,173697,LOCKED
51869,103.490,-51731880381650,-184846,378038,-18530.2,192450.5,11.9,-0.317,228501,LOCKED
51870,104.489,-51731880365382,-122009,440875,-19705.7,178227.3,12.0,-0.318,324255,LOCKED
51871,105.489,-51731880408991,-121598,441286,-20698.8,168492.3,11.9,-0.316,361705,LOCKED
51872,106.489,-51731880452376,-120724,442160,-21656.3,159129.5,11.9,-0.317,400770,LOCKED
51873,107.489,-51731880482142,-103987,458897,-22704.9,144983.9,11.7,-0.314,451661,LOCKED
51874,108.489,-51731880518508,-94646,468238,-23678.3,131431.2,11.4,-0.307,500470,LOCKED
51875,109.490,-51731880559426,-90716,472168,-24568.2,119255.7,11.2,-0.302,544673,LOCKED
51876,110.489,-51731880571820,-61581,501303,-25299.7,109361.8,11.1,-0.299,617697,LOCKED
51877,111.490,-51731880599362,-46160,516724,-26091.4,94704.3,10.8,-0.290,676994,LOCKED
51878,112.491,-51731880636760,-41267,521617,-26819.3,80140.1,10.5,-0.282,729777,LOCKED
51879,113.491,-51731880659498,-22907,539977,-27483.4,64011.3,10.4,-0.278,794104,LOCKED
51880,114.490,-51731880668493,3657,566541,-27886.6,55598.4,10.0,-0.267,888474,LOCKED
51881,115.489,-51731880690838,15900,578784,-28242.7,47026.3,9.5,-0.255,942211,LOCKED
51882,116.490,-51731880731452,10005,572889,-28577.9,38301.6,9.5,-0.248,994073,LOCKED
51883,117.490,-51731880752606,21761,584645,-28827.2,31304.5,9.1,-0.234,1062888,LOCKED
51884,118.489,-51731880807412,118,563002,-29040.7,26573.4,8.6,-0.217,1110612,LOCKED
51885,119.490,-51731880856002,-15840,547044,-29190.9,24917.0,8.6,-0.207,1179889,LOCKED
51886,120.490,-51731880919796,-47155,515729,-29274.0,25726.7,8.5,-0.195,1261712,LOCKED
51887,121.489,-51731880953342,-47611,515273,-29382.2,26457.0,8.7,-0.180,1221282,LOCKED
51888,122.492,-51731880967308,-30887,531997,-29395.1,26595.4,8.4,-0.165,1301241,LOCKED
51889,123.490,-51731880981458,-16268,546616,-29337.2,25833.7,8.4,-0.160,1375756,LOCKED
51890,124.492,-51731880980165,14028,576912,-29344.2,25787.9,8.0,-0.142,1465208,LOCKED
51891,125.490,-51731880995159,27314,590198,-29337.4,25857.9,7.6,-0.121,1544440,LOCKED
51892,126.490,-51731881051551,-1340,561544,-29256.5,25042.2,7.6,-0.108,1575582,LOCKED
51893,127.490,-51731881071345,6073,568957,-29165.8,24277.0,7.0,-0.080,1653689,LOCKED
51894,128.491,-51731881088135,15795,578679,-29061.6,23640.7,6.8,-0.067,1720461,LOCKED
51895,129.491,-51731881108041,22445,585329,-28975.9,23563.5,7.0,-0.052,1792576,LOCKED
51896,130.491,-51731881125207,31377,594261,-28886.6,23798.2,7.0,-0.039,1867518,LOCKED
51897,131.492,-51731881152553,30371,593255,-28812.0,24096.5,7.1,-0.041,1930437,LOCKED
51898,132.491,-51731881187715,22421,585305,-28770.7,24287.6,7.1,-0.029,1988851,LOCKED
51899,133.491,-51731881220093,18089,580973,-28765.2,24326.9,6.8,0.004,2043369,LOCKED
51900,134.491,-51731881343664,-72378,490506,-28857.9,26103.6,6.8,0.020,2011706,LOCKED
51901,135.491,-51731881360817,-56532,506352,-28967.3,27197.5,6.8,0.023,2087884,LOCKED
51902,136.491,-51731881380995,-43897,518987,-29083.3,27678.5,6.8,0.017,2155219,LOCKED
51903,137.491,-51731881402361,-33025,529859,-29183.4,27848.5,6.8,0.020,2223320,LOCKED
51904,138.492,-51731881427323,-25615,537269,-29297.5,27548.8,6.8,0.023,2289688,LOCKED
51905,139.491,-51731881450676,-20018,542866,-29247.0,26877.7,6.8,0.027,2356585,LOCKED
51906,140.491,-51731881474630,-15671,547213,-29174.4,25823.2,6.7,0.030,2422021,LOCKED
51907,141.492,-51731881492408,-2587,560297,-29253.1,25179.1,6.7,0.032,2497411,LOCKED
51908,142.492,-51731881508190,9765,572649,-29214.3,25158.1,6.8,0.026,2569285,LOCKED
51909,143.491,-51731881535517,11773,574657,-29239.9,24953.5,6.4,0.022,2634860,LOCKED
51910,144.492,-51731881545876,29610,592494,-29237.9,24977.4,6.4,0.024,2715052,LOCKED
51911,145.491,-51731881577505,25969,588853,-29219.7,25136.1,6.3,0.027,2662071,LOCKED
51912,146.491,-51731881589382,40891,603775,-29168.8,25691.6,6.3,0.028,2740341,LOCKED
51913,147.491,-51731881724380,-60547,502337,-29283.9,26966.4,6.3,0.024,2808331,LOCKED
51914,148.492,-51731881757730,-60636,502248,-29378.4,28180.6,6.8,0.015,2867685,LOCKED
51915,149.492,-51731881770364,-41340,521544,-29435.0,28707.9,6.8,0.013,2944828,LOCKED
51916,150.491,-51731881788698,-28449,534435,-29475.6,28957.8,6.8,0.009,3014318,LOCKED
51917,151.491,-51731881823468,-31832,531052,-29516.5,29255.8,6.9,0.007,3073633,LOCKED
51918,152.492,-51731881855846,-32289,530595,-29580.9,29576.4,6.9,0.006,3140762,LOCKED
51919,153.492,-51731881901468,-44704,518180,-29684.7,30128.7,7.2,0.001,3206924,LOCKED
51920,154.492,-51731881925984,-36754,526130,-29760.3,30527.2,7.2,-0.002,3211596,LOCKED
51921,155.493,-51731881874354,42183,605067,-29709.9,31006.2,7.2,-0.002,3389589,LOCKED
51922,156.492,-51731881969742,-21043,541841,-29795.4,30908.8,7.5,-0.005,3444391,LOCKED
51923,157.492,-51731881922548,53383,616267,-29758.4,31444.2,7.5,-0.004,3520840,LOCKED
51924,158.493,-51731881952277,50873,613757,-29718.3,31968.7,7.7,-0.006,3582170,LOCKED
51925,159.492,-51731881986455,44329,607213,-29689.7,32307.4,8.0,-0.011,3637084,LOCKED
51926,160.491,-51731882020805,38131,601015,-29677.6,32443.1,8.8,-0.014,3586139,LOCKED
51927,161.492,-51731882141967,-48807,514077,-29819.9,32820.9,9.4,-0.020,3670194,LOCKED
51928,162.493,-51731882152097,-26401,536483,-29909.4,32845.5,10.0,-0.020,3748912,LOCKED
51929,163.493,-51731882182075,-24061,538823,-29987.8,32888.7,10.6,-0.025,3809667,LOCKED
51930,164.493,-51731882168050,17876,580760,-29915.5,32825.4,10.8,-0.028,3915094,LOCKED
51931,165.493,-51731882187815,25806,588690,-29849.3,32972.2,10.8,-0.025,3989546,LOCKED
51932,166.493,-51731882211997,29422,592306,-29797.5,33213.4,10.9,-0.021,4056790,LOCKED
51933,167.493,-51731882231587,37012,599896,-29730.4,33591.1,11.4,-0.024,4131145,LOCKED
51934,168.493,-51731882253141,42383,605267,-29663.1,34076.3,11.4,-0.018,4199920,LOCKED
51935,169.493,-51731882287747,35473,598357,-29625.5,34362.3,11.6,-0.019,4141368,LOCKED
51936,170.493,-51731882311921,38147,601031,-29552.5,34747.4,11.6,-0.012,4208596,LOCKED
51937,171.493,-51731882435850,-52810,510074,-29632.7,35466.6,11.6,-0.003,4288782,LOCKED
51938,172.494,-51731882458044,-42353,520531,-29710.5,35928.8,12.0,-0.001,4358254,LOCKED
51939,173.493,-51731882478402,-30963,531921,-29759.1,36171.2,11.9,0.010,4430956,LOCKED
51940,174.493,-51731882457713,17446,580330,-29687.8,36112.0,11.9,0.024,4538012,LOCKED
51941,175.494,-51731882480739,21448,584332,-29592.8,35955.5,12.0,0.042,4612185,LOCKED
51942,176.493,-51731882510913,18685,581569,-29516.7,35887.8,12.3,0.051,4673582,LOCKED
51943,177.493,-51731882535259,21121,584005,-29417.4,35677.8,12.6,0.062,4735312,LOCKED
51944,178.493,-51731882560836,22893,585777,-29353.8,35767.1,13.0,0.029,4801166,LOCKED
51945,179.494,-51731882615254,-1892,560992,-29364.4,35763.6,13.0,0.019,4860861,LOCKED
51946,180.494,-51731882685392,-38593,524291,-29500.4,35756.8,13.7,-0.019,4932579,LOCKED
51947,181.494,-51731882642002,33636,596520,-29523.9,35476.3,13.7,-0.037,4881528,LOCKED
51948,182.494,-51731882663939,39661,602545,-29513.2,35591.9,13.5,-0.027,5064977,LOCKED
51949,183.494,-51731882796097,-58250,504634,-29648.9,36367.5,13.6,-0.028,5021750,LOCKED
51950,184.493,-51731882792665,-23812,539072,-29676.0,36493.2,13.5,-0.013,5116252,LOCKED
51951,185.494,-51731882823034,-23672,539212,-29677.5,36503.2,13.8,-0.020,5179847,LOCKED
51952,186.494,-51731882840619,-10721,552163,-29701.8,36529.7,14.0,-0.031,5251332,LOCKED
51953,187.493,-51731882852613,6327,569211,-29679.9,36530.3,13.9,-0.036,5329992,LOCKED
51954,188.494,-51731882865323,21126,584010,-29608.4,36545.1,14.0,-0.052,5409172,LOCKED
51955,189.495,-51731882902713,11426,574310,-29533.1,36326.8,13.9,-0.067,5464990,LOCKED
51956,190.494,-51731882939290,2548,565432,-29447.1,35775.9,13.9,-0.089,5521332,LOCKED
51957,191.494,-51731882958256,10451,573335,-29337.8,35103.4,13.9,-0.098,5588395,LOCKED
51958,192.494,-51731882997578,-1232,561652,-29252.1,34439.1,13.7,-0.107,5646593,LOCKED
51959,193.494,-51731883021144,2485,565369,-29159.5,33754.5,13.4,-0.114,5711398,LOCKED
51960,194.494,-51731883128495,-69435,493449,-29352.1,34613.8,13.1,-0.120,5694385,LOCKED
51961,195.494,-51731883154284,-60471,502413,-29516.9,35281.9,12.9,-0.110,5761815,LOCKED
51962,196.495,-51731883080237,41247,604131,-29494.9,35510.8,12.9,-0.114,5811801,LOCKED
51963,197.494,-51731883195384,-40815,522069,-29603.4,35826.6,12.5,-0.111,5902491,LOCKED
51964,198.494,-51731883238377,-50035,512849,-29725.1,36370.3,12.2,-0.113,5946941,LOCKED
51965,199.494,-51731883261883,-40430,522454,-29824.2,36717.2,11.8,-0.109,6015090,LOCKED
51966,200.494,-51731883289437,-35251,527633,-29908.5,36987.1,11.4,-0.104,6080141,LOCKED
51967,201.495,-51731883319407,-32922,0,-29971.2,37254.3,10.9,-0.104,6141877,LOCKED
51968,202.495,-51731883341997,-24214,8708,-29996.1,37374.5,10.8,-0.100,6210863,LOCKED
51969,203.495,-51731883347786,-423,32499,-29974.9,37336.0,10.9,-0.092,6299279,LOCKED
51970,204.495,-51731883338941,34801,67723,-29856.1,37366.7,10.4,-0.085,6397544,LOCKED
51971,205.495,-51731883370534,29757,62679,-29743.0,37287.5,9.9,-0.079,6452672,LOCKED
51972,206.496,-51731883398472,27640,60562,-29596.2,36694.2,9.4,-0.075,6514630,LOCKED
51973,207.496,-51731883425870,29380,62302,-29622.6,36413.7,9.2,-0.073,6577257,LOCKED
51974,208.494,-51731883452212,32210,65132,-29654.2,36035.9,9.2,-0.074,6647516,LOCKED
51975,209.495,-51731883466993,45206,78128,-29637.3,36235.1,9.1,-0.069,6720770,LOCKED
51976,210.495,-51731883524015,17499,50421,-29650.6,36152.7,8.9,-0.063,6783236,LOCKED
51977,211.496,-51731883619149,-43819,0,-29782.4,36391.1,8.7,-0.057,6752871,LOCKED
51978,212.497,-51731883545199,57273,101092,-29748.0,36859.6,8.5,-0.053,6804950,LOCKED
51979,213.495,-51731883666969,-30685,13134,-29896.7,36358.8,8.8,-0.054,6885466,LOCKED
51980,214.496,-51731883657492,9910,53729,-29973.3,35648.0,8.6,-0.048,6989604,LOCKED
51981,215.496,-51731883660446,33707,77526,-29871.0,35784.9,8.4,-0.040,7079058,LOCKED
51982,216.496,-51731883678814,43537,87356,-29861.3,35901.4,8.4,-0.037,7149092,LOCKED
51983,217.496,-51731883706432,41537,85356,-29721.9,35973.8,8.1,-0.029,7100243,LOCKED
51984,218.496,-51731883822770,-43552,267,-29724.4,36005.6,8.1,-0.026,7189308,LOCKED
51985,219.496,-51731883830916,-21845,21974,-29694.3,35736.9,8.1,-0.023,7274116,LOCKED
51986,220.496,-51731883838906,-1342,42477,-29633.0,35395.7,8.1,-0.027,7355224,LOCKED
51987,221.496,-51731883855668,12538,56357,-29703.5,34705.1,8.1,-0.031,7429913,LOCKED
51988,222.497,-51731883868453,28754,72573,-29716.9,34572.5,8.1,-0.035,7507071,LOCKED
51989,223.496,-51731883890607,35227,79046,-29722.0,34515.0,8.3,-0.039,7578447,LOCKED
51990,224.496,-51731883982727,-25543,18276,-29759.5,34684.2,8.3,-0.034,7575205,LOCKED
51991,225.497,-51731884017663,-29174,14645,-29786.9,34861.1,8.3,-0.029,7634531,LOCKED
51992,226.496,-51731884031021,-12552,31267,-29775.4,34806.6,8.3,-0.022,7710518,LOCKED
51993,227.496,-51731884051787,-4317,39502,-29730.2,34570.3,8.3,-0.027,7780353,LOCKED
51994,228.497,-51731884063177,11770,55589,-29639.0,34172.9,8.3,-0.019,7861902,LOCKED
51995,229.497,-51731884076971,24536,68355,-29528.4,33934.5,8.2,-0.009,7937979,LOCKED
51996,230.496,-51731884087668,38967,82786,-29377.0,33735.8,8.4,-0.025,8019157,LOCKED
51997,231.497,-51731884124307,31058,74877,-29397.0,33506.0,8.3,-0.019,7961935,LOCKED
51998,232.498,-51731884138892,44124,87943,-29384.7,33662.7,8.3,-0.027,8038362,LOCKED
51999,233.497,-51731884261634,-45062,0,-29514.7,33985.7,8.3,-0.021,8116000,LOCKED
52000,234.496,-51731884233549,11139,56201,-29464.5,33936.3,8.2,-0.013,8237629,LOCKED
52001,235.497,-51731884250186,21556,66618,-29381.9,33885.2,8.2,-0.021,8310812,LOCKED
52002,236.497,-51731884263112,34630,79692,-29273.3,34008.5,8.2,-0.031,8278668,LOCKED
52003,237.497,-51731884368038,-39533,5529,-29280.6,34093.1,8.3,-0.027,8377582,LOCKED
52004,238.496,-51731884376023,-18389,26673,-29242.5,33747.7,8.3,-0.028,8459325,LOCKED
52005,239.497,-51731884393969,-7200,37862,-29225.2,33682.1,8.2,-0.032,8532410,LOCKED
52006,240.497,-51731884407127,9054,54116,-29249.5,33560.7,7.9,-0.030,8608607,LOCKED
52007,241.497,-51731884411657,29962,75024,-29112.0,33159.8,7.8,-0.033,8694452,LOCKED
52008,242.500,-51731884453323,14273,59335,-28981.6,32199.1,7.7,-0.035,8645103,LOCKED
52009,243.497,-51731884538413,-37834,7228,-29115.3,32186.3,7.7,-0.036,8754295,LOCKED
52010,244.498,-51731884546189,-15092,29970,-29159.1,32223.5,7.8,-0.046,8752770,LOCKED
52011,245.498,-51731884612695,-48618,0,-29266.0,32850.3,7.6,-0.045,8855436,LOCKED
52012,246.497,-51731884638100,-41739,6879,-29344.9,33332.8,7.6,-0.045,8926825,LOCKED
52013,247.497,-51731884645729,-19135,29483,-29356.7,33391.5,7.5,-0.046,9006372,LOCKED
52014,248.499,-51731884692515,-35161,13457,-29367.1,33496.8,7.5,-0.046,9089817,LOCKED
52015,249.497,-51731884748449,-58447,0,-29431.0,34294.5,7.5,-0.047,9065392,LOCKED
52016,250.497,-51731884771887,-49519,8928,-29492.8,34893.6,7.4,-0.054,9152954,LOCKED
52017,251.498,-51731884761809,-10103,48344,-29468.3,34767.7,7.4,-0.054,9251679,LOCKED
52018,252.497,-51731884742603,35547,93994,-29378.8,35038.0,7.4,-0.055,9362423,LOCKED
52019,253.498,-51731884850193,-40678,17769,-29408.7,35325.0,7.4,-0.055,9346858,LOCKED
52020,254.498,-51731884799296,38853,97300,-29435.4,34953.4,7.5,-0.060,9484815,LOCKED
52021,255.498,-51731884827977,38793,97240,-29460.0,34612.7,7.2,-0.061,9438169,LOCKED
52022,256.497,-51731884926519,-29933,28514,-29427.6,34225.3,7.2,-0.062,9540852,LOCKED
52023,257.498,-51731884917237,9374,67821,-29472.6,33917.1,7.1,-0.060,9641159,LOCKED
52024,258.498,-51731884920606,34859,93306,-29500.3,33548.1,7.1,-0.060,9732356,LOCKED
52025,259.498,-51731885038372,-48370,10077,-29667.4,33585.7,7.1,-0.061,9705267,LOCKED
52026,260.498,-51731885035514,-13154,45293,-29777.8,32945.9,7.0,-0.058,9799213,LOCKED
52027,261.498,-51731885028080,24291,82738,-29829.7,32290.5,7.0,-0.059,9898061,LOCKED
52028,262.499,-51731885042062,39182,97629,-29848.0,32025.8,6.9,-0.056,9862954,LOCKED
52029,263.498,-51731885154191,-39378,19069,-29965.4,32252.6,6.4,-0.051,9953446,LOCKED
52030,264.499,-51731885109559,32665,91112,-29894.2,32538.4,6.4,-0.049,10090544,LOCKED
52031,265.498,-51731885219413,-44483,13964,-29958.3,33076.8,6.2,-0.044,10071173,LOCKED
52032,266.500,-51731885224154,-18311,40136,-29974.8,33148.1,6.3,-0.045,10158422,LOCKED
52033,267.498,-51731885205716,27763,86210,-29906.0,33325.4,6.4,-0.046,10264647,LOCKED
52034,268.498,-51731885211678,47784,106231,-29792.7,33874.4,6.4,-0.046,10354652,LOCKED
52035,269.499,-51731885333056,-42110,16337,-29805.7,34029.0,6.2,-0.041,10327482,LOCKED
52036,270.499,-51731885325794,-4994,53453,-29799.8,34016.7,6.1,-0.035,10423980,LOCKED
52037,271.498,-51731885334623,16822,75269,-29869.4,33217.7,5.8,-0.028,10507161,LOCKED
52038,272.499,-51731885328153,48239,106686,-29707.7,33327.2,5.9,-0.028,10605992,LOCKED
52039,273.499,-51731885454291,-43613,14834,-29860.2,33333.9,6.4,-0.035,10572737,LOCKED
52040,274.500,-51731885422007,17612,76059,-29844.3,33399.4,7.0,-0.034,10694123,LOCKED
52041,275.498,-51731885420881,44811,103258,-29733.6,33857.5,6.9,-0.024,10672661,LOCKED
52042,276.498,-51731885550993,-53041,5406,-29769.4,34331.0,6.8,-0.012,10746301,LOCKED
52043,277.499,-51731885555527,-27168,31279,-29755.4,34197.6,6.6,0.001,10834566,LOCKED
52044,278.499,-51731885550140,9122,67569,-29827.1,33540.1,7.1,0.008,10931742,LOCKED
52045,279.499,-51731885595170,-4637,53810,-29890.4,33273.0,7.6,0.017,11006688,LOCKED
52046,280.499,-51731885661436,-37949,20498,-29977.8,33630.9,8.0,0.028,11000809,LOCKED
52047,281.499,-51731885663286,-9154,49293,-29995.3,33653.7,8.3,0.041,11092133,LOCKED
52048,282.499,-51731885650180,31208,89655,-29912.6,33850.2,8.4,0.033,11197247,LOCKED
52049,283.500,-51731885747202,-34431,24016,-29927.5,33989.6,8.7,-0.005,11192818,LOCKED
52050,284.499,-51731885693898,46816,105263,-29908.0,34237.9,9.0,-0.024,11223312,LOCKED
52051,285.499,-51731885782951,-10143,48304,-29998.6,33798.5,9.7,-0.056,11339406,LOCKED
52052,286.499,-51731885761886,39197,97644,-29979.2,34001.2,9.8,-0.071,11450904,LOCKED
52053,287.500,-51731885766451,61059,119506,-29906.3,34897.5,10.0,-0.084,11424988,LOCKED
52054,288.499,-51731885885205,-25977,32470,-29952.1,35075.3,10.0,-0.083,11513749,LOCKED
52055,289.500,-51731885877743,10190,68637,-29907.8,35042.8,10.1,-0.097,11614601,LOCKED
52056,290.500,-51731885868917,44553,103000,-29767.0,35229.1,10.1,-0.108,11712376,LOCKED
52057,291.500,-51731885988267,-43199,15248,-29785.1,35433.5,10.1,-0.121,11686065,LOCKED
52058,292.499,-51731885979393,-5874,52573,-29709.7,34815.9,10.1,-0.131,11784721,LOCKED
52059,293.500,-51731885975391,27394,85841,-29733.5,34568.9,10.4,-0.151,11879706,LOCKED
52060,294.500,-51731886070694,-36192,22255,-29770.8,34857.4,10.3,-0.158,11878417,LOCKED
52061,295.500,-51731886058943,4056,62503,-29714.8,34656.1,10.2,-0.164,11978690,LOCKED
52062,296.500,-51731886061877,27274,85721,-29585.1,34271.4,10.2,-0.169,12069748,LOCKED
52063,297.500,-51731886174227,-51069,7378,-29717.4,34808.5,9.7,-0.173,12044608,LOCKED
52064,298.499,-51731886185588,-30379,28068,-29781.6,35042.0,9.8,-0.184,12125274,LOCKED
52065,299.501,-51731886187018,-2033,56414,-29777.9,35038.6,9.8,-0.180,12216877,LOCKED
52066,300.500,-51731886163764,46984,105431,-29658.8,35500.9,9.7,-0.176,12330357,LOCKED
52067,301.501,-51731886282538,-41033,17414,-29644.4,35308.3,9.6,-0.171,12303953,LOCKED
52068,302.501,-51731886284940,-14199,44248,-29600.6,34958.7,9.5,-0.167,12392274,LOCKED
52069,303.500,-51731886268074,30640,89087,-29571.6,35153.3,9.7,-0.174,12497938,LOCKED
52070,304.500,-51731886365410,-34971,23476,-29619.3,35456.8,9.7,-0.176,12489514,LOCKED
52071,305.500,-51731886356628,4201,62648,-29664.2,35229.8,9.6,-0.177,12595022,LOCKED
52072,306.500,-51731886350408,38393,96840,-29645.0,35417.8,9.5,-0.172,12688081,LOCKED
52073,307.501,-51731886465778,-44054,14393,-29732.7,35910.3,9.4,-0.172,12659596,LOCKED
52074,308.501,-51731886472100,-18467,39980,-29809.0,35837.1,9.3,-0.172,12747835,LOCKED
52075,309.501,-51731886472070,12417,70864,-29881.1,35132.2,9.2,-0.167,12840829,LOCKED
52076,310.501,-51731886478012,35671,94118,-29906.9,34798.4,9.3,-0.165,12927927,LOCKED
52077,311.501,-51731886517050,25235,83682,-29884.8,34924.6,9.2,-0.161,12895305,LOCKED
52078,312.500,-51731886590344,-18208,40239,-29852.7,34659.7,9.4,-0.153,13000811,LOCKED
52079,313.501,-51731886633365,-28024,30423,-29970.9,34455.8,9.3,-0.151,13087716,LOCKED
52080,314.501,-51731886663346,-27470,30977,-29952.8,34275.6,9.6,-0.148,13122924,LOCKED
52081,315.501,-51731886611906,49060,107507,-29795.5,34477.3,9.9,-0.145,13248625,LOCKED
52082,316.501,-51731886725664,-31850,26597,-29892.5,34600.8,9.8,-0.140,13228958,LOCKED
52083,317.501,-51731886721418,1709,60156,-29866.8,34557.1,9.7,-0.135,13323030,LOCKED
52084,318.501,-51731886705024,43504,101951,-29719.8,34627.0,9.6,-0.132,13426385,LOCKED
52085,319.501,-51731886732590,44133,102580,-29718.3,34646.2,9.6,-0.131,13382032,LOCKED
52086,320.502,-51731886823584,-15622,42825,-29767.0,34671.7,9.8,-0.125,13493795,LOCKED
52087,321.502,-51731886828909,7458,65905,-29712.5,34537.8,9.7,-0.119,13581758,LOCKED
52088,322.501,-51731886832855,29689,88136,-29588.1,34317.8,9.6,-0.113,13670995,LOCKED
52089,323.502,-51731886836817,52963,111410,-29560.7,34694.7,9.8,-0.113,13645235,LOCKED
52090,324.503,-51731886912960,4761,63208,-29489.0,34352.0,9.9,-0.113,13773535,LOCKED
52091,325.502,-51731886910394,35807,94254,-29499.1,34232.6,9.8,-0.106,13867191,LOCKED
52092,326.502,-51731887029907,-50069,8378,-29619.1,34811.7,9.9,-0.099,13837063,LOCKED
52093,327.503,-51731887037473,-27080,31367,-29620.0,34818.7,9.9,-0.100,13918569,LOCKED
52094,328.501,-51731887041639,-3225,55222,-29536.0,34122.0,9.8,-0.091,14008113,LOCKED
52095,329.502,-51731887037197,29995,88442,-29548.7,33989.6,9.7,-0.081,14100755,LOCKED
52096,330.502,-51731887047982,45654,104101,-29472.2,34549.4,9.5,-0.070,14072607,LOCKED
52097,331.502,-51731887152344,-28006,30441,-29485.9,34650.1,9.4,-0.058,14169573,LOCKED
52098,332.502,-51731887144914,6446,64893,-29375.5,33800.9,9.4,-0.047,14264347,LOCKED
52099,333.502,-51731887154083,26122,84569,-29393.0,33631.4,9.7,-0.025,14349457,LOCKED
52100,334.502,-51731887236403,-25862,32585,-29396.2,33656.6,9.7,-0.025,14359774,LOCKED
52101,335.503,-51731887219418,17342,75789,-29268.9,32893.1,9.7,-0.013,14466345,LOCKED
52102,336.502,-51731887232590,32634,91081,-29283.7,32717.8,9.9,0.013,14545133,LOCKED
52103,337.502,-51731887349920,-51207,7240,-29405.2,33358.7,10.1,0.037,14517693,LOCKED
52104,338.502,-51731887339298,-10909,47538,-29400.3,33339.9,10.2,0.046,14618008,LOCKED
52105,339.503,-51731887352527,4967,63414,-29394.1,33346.2,10.2,0.040,14699693,LOCKED
52106,340.502,-51731887348661,37014,95461,-29396.1,33321.8,10.3,0.047,14791935,LOCKED
52107,341.503,-51731887392691,21324,79771,-29379.7,33407.8,10.4,0.053,14744887,LOCKED
52108,342.502,-51731887472813,-28519,29928,-29376.4,33376.6,10.5,0.064,14851131,LOCKED
52109,343.504,-51731887506647,-29629,28818,-29491.6,33258.6,10.5,0.077,14936276,LOCKED
52110,344.502,-51731887549922,-42026,16421,-29489.7,33232.9,10.4,0.077,14953498,LOCKED
52111,345.504,-51731887564943,-25267,33180,-29560.3,33347.9,10.1,0.088,15032271,LOCKED
52112,346.503,-51731887564325,3467,61914,-29495.0,33035.1,10.0,0.096,15120952,LOCKED
52113,347.503,-51731887607370,-11465,46982,-29407.9,32012.8,10.0,0.102,15203565,LOCKED
52114,348.503,-51731887684460,-54489,3958,-29546.2,32689.7,10.0,0.107,15182429,LOCKED
52115,349.503,-51731887690894,-29636,28811,-29582.4,32913.8,9.9,0.105,15269351,LOCKED
52116,350.504,-51731887688664,468,58915,-29499.2,32289.6,9.8,0.109,15360242,LOCKED
52117,351.503,-51731887683430,34232,92679,-29508.6,32176.6,10.0,0.119,15455854,LOCKED
52118,352.503,-51731887793363,-43097,15350,-29588.9,32702.4,9.9,0.122,15438905,LOCKED
52119,353.504,-51731887781173,-2204,56243,-29541.7,32463.7,9.4,0.123,15542205,LOCKED
52120,354.503,-51731887859297,-46327,12120,-29683.8,32730.4,9.2,0.125,15557299,LOCKED
52121,355.503,-51731887852074,-8898,49549,-29694.7,32750.7,9.1,0.120,15653193,LOCKED
52122,356.503,-51731887859848,11199,69646,-29623.6,32543.4,9.2,0.126,15742824,LOCKED
52123,357.504,-51731887848017,50929,109376,-29623.7,32542.1,9.3,0.130,15842516,LOCKED
52124,358.503,-51731887957779,-26162,32285,-29729.9,32399.7,8.9,0.131,15823271,LOCKED
52125,359.504,-51731887970129,-7896,50551,-29760.4,32391.9,8.9,0.132,15898100,LOCKED
52126,360.505,-51731887975467,14032,72479,-29661.1,31927.9,9.1,0.136,15987161,LOCKED
52127,361.504,-51731887983232,35026,93473,-29675.1,31746.7,9.2,0.137,16066758,LOCKED
52128,362.504,-51731888005190,40548,98995,-29634.7,32132.8,9.4,0.140,16024725,LOCKED
52129,363.506,-51731888109772,-33136,25311,-29641.6,32202.9,8.9,0.137,16119620,LOCKED
52130,364.504,-51731888079515,26276,84723,-29661.5,31994.5,8.9,0.136,16247651,LOCKED
52131,365.504,-51731888082493,49545,107992,-29576.2,32694.0,8.8,0.134,16221089,LOCKED
52132,366.504,-51731888198262,-35486,22961,-29574.2,32670.6,8.9,0.131,16309154,LOCKED
52133,367.504,-51731888195088,-964,57483,-29659.8,32017.4,8.9,0.127,16405406,LOCKED
52134,368.504,-51731888192209,30452,88899,-29655.3,32060.2,8.7,0.120,16498037,LOCKED
52135,369.505,-51731888292432,-37538,16951,-29719.5,32462.7,8.7,0.118,16488728,LOCKED
52136,370.505,-51731888295601,-11054,43435,-29697.8,32341.2,8.7,0.117,16574397,LOCKED
52137,371.504,-51731888284963,26866,81355,-29623.8,32479.8,8.6,0.115,16677783,LOCKED
52138,372.505,-51731888284529,54100,108589,-29575.1,33107.9,8.6,0.118,16657064,LOCKED
52139,373.505,-51731888397091,-25686,28803,-29689.7,32852.4,8.3,0.110,16747816,LOCKED
52140,374.505,-51731888369630,30873,85362,-29712.1,32584.5,8.4,0.114,16863187,LOCKED
52141,375.505,-51731888379223,46490,100979,-29568.2,32836.8,8.4,0.118,16833979,LOCKED
52142,376.505,-51731888463221,-5941,48548,-29656.6,32286.7,8.4,0.116,16952472,LOCKED
52143,377.505,-51731888467959,18206,72695,-29649.0,32326.4,8.4,0.113,17037745,LOCKED
52144,378.505,-51731888467904,43733,98222,-29516.5,32581.5,8.2,0.102,17131097,LOCKED
52145,379.505,-51731888589287,-46256,8233,-29531.7,32786.8,8.2,0.099,17099931,LOCKED
52146,380.505,-51731888592076,-17481,37008,-29602.5,32724.9,8.2,0.105,17190693,LOCKED
52147,381.505,-51731888631290,-25302,29187,-29648.4,32904.6,8.2,0.101,17275649,LOCKED
52148,382.505,-51731888686736,-48572,5917,-29691.7,33402.1,8.2,0.096,17378972,LOCKED
52149,383.505,-51731888690850,-23151,31338,-29645.4,32868.4,8.2,0.106,17364633,LOCKED
52150,384.505,-51731888653426,40874,95363,-29563.8,33325.0,8.0,0.090,17382196,LOCKED
52151,385.505,-51731888747894,-23789,30700,-29536.1,33045.6,8.2,0.056,17489392,LOCKED
52152,386.505,-51731888794108,-36221,18268,-29684.5,32756.0,8.2,0.059,17578875,LOCKED
52153,387.505,-51731888743306,42419,96908,-29664.4,32991.7,8.2,0.048,17564961,LOCKED
52154,388.505,-51731888844240,-26771,27718,-29722.0,33181.0,8.1,0.037,17670404,LOCKED
52155,389.506,-51731888834001,11444,65933,-29655.2,33019.3,8.0,0.025,17769871,LOCKED
52156,390.506,-51731888832183,38533,93022,-29503.8,32795.0,8.1,-0.003,17750057,LOCKED
52157,391.506,-51731888921150,-18824,35665,-29576.0,32754.1,7.9,-0.018,17868414,LOCKED
52158,392.506,-51731888918891,11750,66239,-29533.6,32749.5,8.1,-0.001,17959813,LOCKED
52159,393.506,-51731888920909,35577,90066,-29411.5,32779.0,8.1,-0.000,17938832,LOCKED
52160,394.506,-51731888993388,-6497,47992,-29449.6,32725.9,8.0,0.004,18070980,LOCKED
52161,395.506,-51731888993379,20470,74959,-29361.2,32590.9,8.0,-0.005,18047682,LOCKED
52162,396.506,-51731889094584,-49665,4824,-29362.4,32610.8,8.0,-0.004,18150513,LOCKED
52163,397.506,-51731889093542,-16762,37727,-29457.3,32293.6,8.0,-0.003,18242807,LOCKED
52164,398.506,-51731889076952,27398,81887,-29410.2,32507.2,8.0,-0.003,18348945,LOCKED
52165,399.506,-51731889185494,-48924,5565,-29466.8,33102.2,7.9,-0.001,18331119,LOCKED
52166,400.506,-51731889185056,-19428,35061,-29414.3,32523.5,8.0,-0.009,18422495,LOCKED
52167,401.506,-51731889182190,10767,65256,-29329.7,32155.7,8.0,-0.008,18518244,LOCKED
52168,402.506,-51731889184207,35947,90436,-29284.7,32494.0,8.0,-0.007,18492977,LOCKED
52169,403.506,-51731889283957,-31798,22691,-29365.6,32722.1,8.0,-0.007,18597044,LOCKED
52170,404.506,-51731889264077,17324,71813,-29388.4,32547.0,7.9,-0.007,18707931,LOCKED
52171,405.507,-51731889367878,-52794,1695,-29511.5,33242.9,8.0,-0.012,18692341,LOCKED
52172,406.507,-51731889362076,-16663,37826,-29523.9,33294.4,8.0,-0.011,18793146,LOCKED
52173,407.507,-51731889347654,25638,80127,-29485.8,33471.8,8.0,-0.011,18897758,LOCKED
52174,408.507,-51731889455028,-47159,7330,-29657.6,33372.6,8.0,-0.010,18880292,LOCKED
52175,409.507,-51731889452202,-12627,41862,-29737.3,33118.0,8.0,-0.016,18975745,LOCKED
52176,410.507,-51731889448556,19526,74015,-29709.3,33220.4,8.1,-0.020,19067576,LOCKED
52177,411.507,-51731889455334,38637,93126,-29585.8,33353.8,7.9,-0.017,19041395,LOCKED
52178,412.507,-51731889550456,-23652,30837,-29706.1,32947.3,7.9,-0.016,19151110,LOCKED
52179,413.507,-51731889538666,16918,71407,-29688.8,33013.5,8.0,-0.019,19249541,LOCKED
52180,414.507,-51731889630350,-40301,14188,-29856.5,32609.0,8.1,-0.021,19251443,LOCKED
52181,415.507,-51731889640583,-18548,35941,-29930.3,32549.3,8.1,-0.026,19331057,LOCKED
52182,416.507,-51731889647117,4657,59146,-29928.6,32551.5,7.9,-0.022,19419699,LOCKED
52183,417.507,-51731889636102,41369,95858,-29789.5,32627.9,7.7,-0.018,19522897,LOCKED
52184,418.507,-51731889745044,-34063,20426,-29915.7,32550.0,7.5,-0.013,19501854,LOCKED
52185,419.507,-51731889747214,-5101,49388,-29967.0,32391.5,7.5,-0.012,19591715,LOCKED
52186,420.507,-51731889747800,22748,77237,-29929.6,32537.9,7.4,-0.008,19680750,LOCKED
52187,421.507,-51731889781851,16700,71189,-29862.7,32486.2,7.5,-0.008,19771332,LOCKED
52188,422.507,-51731889853549,-24550,29939,-29850.5,32376.1,7.3,-0.003,19759250,LOCKED
52189,423.507,-51731889882339,-20564,33925,-29960.1,31993.0,7.2,0.004,19852460,LOCKED
52190,424.508,-51731889914619,-21883,32606,-29972.9,32069.4,6.9,0.011,19881935,LOCKED
52191,425.509,-51731889938061,-15748,38741,-29927.1,31634.3,7.0,0.019,19983189,LOCKED
52192,426.508,-51731889921198,30412,84901,-29946.8,31397.4,7.4,0.015,20060550,LOCKED
52193,427.508,-51731889979387,2373,56862,-29960.8,31367.7,7.1,0.025,20130469,LOCKED
52194,428.508,-51731890046705,-33438,21051,-29981.1,31555.2,7.1,0.022,20113213,LOCKED
52195,429.508,-51731890055559,-9909,44580,-30082.7,30902.6,7.1,0.026,20197978,LOCKED
52196,430.508,-51731890052128,22898,77387,-30086.1,30875.0,7.5,0.033,20294401,LOCKED
52197,431.508,-51731890039091,61228,115717,-29952.5,31910.2,7.4,0.039,20397202,LOCKED
52198,432.508,-51731890150284,-20331,34158,-29902.9,31342.3,7.4,0.047,20377679,LOCKED
52199,433.508,-51731890139606,19980,74469,-29923.0,31169.0,7.6,0.058,20479528,LOCKED
52200,434.508,-51731890230390,-39039,15450,-29948.5,31441.0,7.7,0.054,20478390,LOCKED
52201,435.508,-51731890232966,-12414,42075,-29891.0,30883.0,8.0,0.056,20569537,LOCKED
52202,436.509,-51731890224564,24404,78893,-29859.2,31048.7,8.4,0.033,20667473,LOCKED
52203,437.508,-51731890230334,44696,99185,-29746.9,31527.5,8.6,0.015,20758128,LOCKED
52204,438.508,-51731890344712,-39073,15416,-29724.2,31179.5,8.9,-0.012,20733158,LOCKED
52205,439.509,-51731890350069,-12504,41985,-29811.6,30810.5,8.9,-0.022,20817607,LOCKED
52206,440.508,-51731890347851,18702,73191,-29802.3,30861.4,9.0,-0.032,20909913,LOCKED
52207,441.510,-51731890333401,59630,114119,-29738.2,31751.9,9.0,-0.027,21017230,LOCKED
52208,442.510,-51731890455171,-28686,25803,-29873.1,31311.5,9.0,-0.021,20981629,LOCKED
52209,443.509,-51731890458553,-1156,53333,-29922.3,31098.4,9.1,-0.044,21070300,LOCKED
52210,444.509,-51731890430512,51828,106317,-29763.8,31452.0,9.1,-0.057,21192541,LOCKED
52211,445.509,-51731890441897,66362,120851,-29685.4,32585.6,9.0,-0.057,21157488,LOCKED
52212,446.509,-51731890547287,-7493,46996,-29763.9,32205.9,9.0,-0.059,21260859,LOCKED
52213,447.509,-51731890538432,27755,82244,-29644.3,31957.8,8.9,-0.061,21358485,LOCKED
52214,448.510,-51731890537030,55880,110369,-29593.8,32640.0,8.9,-0.071,21450920,LOCKED
52215,449.509,-51731890655989,-31737,22752,-29626.9,32876.8,8.8,-0.072,21423038,LOCKED
52216,450.510,-51731890652330,-21,54468,-29549.6,32327.3,8.9,-0.079,21520412,LOCKED
52217,451.509,-51731890651700,28606,83095,-29521.0,32517.2,8.9,-0.087,21612053,LOCKED
52218,452.512,-51731890661654,44384,98873,-29408.7,32962.9,8.4,-0.086,21579931,LOCKED
52219,453.510,-51731890757616,-22395,32094,-29360.2,32398.5,8.4,-0.091,21686225,LOCKED
52220,454.511,-51731890739903,22754,77243,-29303.5,32519.5,8.3,-0.096,21795582,LOCKED
52221,455.510,-51731890793875,-3135,51354,-29238.2,32056.9,8.4,-0.100,21832493,LOCKED
52222,456.510,-51731890820452,520,55009,-29288.0,31815.9,8.4,-0.104,21897323,LOCKED
52223,457.510,-51731890823853,24709,79198,-29245.7,31992.2,8.3,-0.106,21987083,LOCKED
52224,458.510,-51731890933435,-53548,941,-29258.7,32205.0,8.5,-0.113,21965034,LOCKED
52225,459.510,-51731890934058,-22230,32259,-29353.5,32055.3,8.4,-0.110,22054802,LOCKED
52226,460.510,-51731890927810,12672,67161,-29340.2,32094.1,8.8,-0.117,22155913,LOCKED
52227,461.510,-51731890955649,12344,66833,-29270.9,31924.6,8.7,-0.117,22244934,LOCKED
52228,462.512,-51731891042359,-44056,10433,-29248.5,31551.0,8.6,-0.117,22219679,LOCKED
52229,463.510,-51731891065605,-35202,19287,-29330.1,31874.0,8.4,-0.117,22315258,LOCKED
52230,464.510,-51731891109996,-48190,6299,-29351.7,32172.6,8.3,-0.116,22337990,LOCKED
52231,465.511,-51731891119025,-24794,29695,-29461.5,31937.9,8.4,-0.117,22415544,LOCKED
52232,466.511,-51731891121191,2541,57030,-29467.7,31929.1,8.5,-0.118,22507098,LOCKED
52233,467.510,-51731891172261,-19071,35418,-29435.4,31627.0,8.4,-0.115,22591899,LOCKED
52234,468.511,-51731891230986,-43932,10557,-29580.0,31756.6,8.2,-0.112,22559392,LOCKED
52235,469.511,-51731891253036,-33689,20800,-29657.2,32053.6,8.2,-0.113,22646760,LOCKED
52236,470.511,-51731891241026,6759,61248,-29608.5,31939.5,8.2,-0.113,22753678,LOCKED
52237,471.512,-51731891230544,42284,96773,-29454.5,31856.6,8.3,-0.110,22853454,LOCKED
52238,472.512,-51731891351082,-45111,9378,-29560.7,32372.4,8.2,-0.105,22824015,LOCKED
52239,473.511,-51731891340044,-4993,49496,-29528.7,32225.5,8.2,-0.104,22926333,LOCKED
52240,474.511,-51731891412019,-43105,11384,-29670.0,32354.6,8.2,-0.104,22943213,LOCKED
52241,475.511,-51731891402220,-2659,51830,-29713.6,32215.9,8.5,-0.103,23043673,LOCKED
52242,476.511,-51731891426587,2535,57024,-29710.3,32217.6,8.2,-0.096,23117704,LOCKED
52243,477.511,-51731891407524,46634,101123,-29558.3,32379.2,8.3,-0.087,23224268,LOCKED
52244,478.511,-51731891529282,-41442,13047,-29692.0,32522.6,8.0,-0.077,23189381,LOCKED
52245,479.511,-51731891529476,-10794,43695,-29730.5,32520.1,7.9,-0.066,23286165,LOCKED
52246,480.511,-51731891518430,27474,81963,-29652.9,32654.0,8.1,-0.061,23388020,LOCKED
52247,481.511,-51731891523404,48277,102766,-29542.8,33247.1,8.3,-0.055,23474391,LOCKED
52248,482.512,-51731891634185,-29988,24501,-29639.0,33324.5,8.4,-0.048,23455362,LOCKED
52249,483.511,-51731891631919,2687,57176,-29681.4,33126.6,8.6,-0.039,23547612,LOCKED
52250,484.511,-51731891718063,-49238,5251,-29822.5,33527.7,8.5,-0.031,23551751,LOCKED
52251,485.512,-51731891713832,-13239,41250,-29896.1,33348.0,8.7,-0.031,23646876,LOCKED
52252,486.512,-51731891727973,1835,56324,-29865.6,33282.2,8.7,-0.033,23724859,LOCKED
52253,487.512,-51731891728391,29637,84126,-29834.1,33487.3,8.6,-0.022,23815790,LOCKED
52254,488.512,-51731891728352,57270,111759,-29819.4,33731.4,8.6,-0.027,23905856,LOCKED
52255,489.512,-51731891844951,-26615,26933,-29917.4,33690.6,8.6,-0.031,23881656,LOCKED
52256,490.512,-51731891846508,1596,55144,-29912.7,33690.9,8.7,-0.046,23972071,LOCKED
52257,491.513,-51731891841914,32283,85831,-29778.7,33441.5,9.0,-0.061,24069853,LOCKED
52258,492.513,-51731891840840,60131,113679,-29731.2,34130.5,8.9,-0.058,24048994,LOCKED
52259,493.513,-51731891932626,-2040,51508,-29722.1,34117.6,8.9,-0.071,24160833,LOCKED
52260,494.512,-51731892000942,-36211,17337,-29879.2,33698.5,8.6,-0.047,24183985,LOCKED
52261,495.512,-51731892003179,-6975,46573,-29946.0,33446.1,8.6,-0.045,24272828,LOCKED
52262,496.513,-51731892013336,11820,65368,-29916.8,33478.2,8.6,-0.040,24356291,LOCKED
52263,497.513,-51731892016998,34608,88156,-29804.0,33564.5,8.8,-0.024,24451105,LOCKED
52264,498.512,-51731892116032,-30653,22895,-29948.1,33089.5,8.8,-0.022,24436183,LOCKED
52265,499.513,-51731892141402,-23325,30223,-30044.4,32962.2,8.7,-0.021,24530511,LOCKED
52266,500.513,-51731892095588,49197,102745,-29962.4,33630.8,8.7,-0.019,24641806,LOCKED
52267,501.513,-51731892203758,-28578,24970,-29936.0,33332.1,8.5,-0.018,24624924,LOCKED
52268,502.512,-51731892186351,19086,72634,-29983.6,32838.4,8.3,-0.017,24734800,LOCKED
52269,503.512,-51731892181329,51312,104860,-29932.5,33434.5,8.3,-0.015,24717320,LOCKED
52270,504.513,-51731892230913,28398,81946,-29819.3,33297.0,8.0,-0.013,24872199,LOCKED
52271,505.513,-51731892250314,34356,87904,-29657.3,32684.3,7.9,-0.018,24947036,LOCKED
52272,506.513,-51731892354044,-36721,16827,-29743.4,33019.6,7.9,-0.009,24934176,LOCKED
52273,507.513,-51731892348585,-2221,51327,-29705.2,32859.4,7.7,-0.013,25030291,LOCKED
52274,508.512,-51731892342199,29777,83325,-29553.5,32198.5,7.7,-0.011,25127682,LOCKED
52275,509.513,-51731892458353,-52206,1342,-29693.5,32754.9,7.5,-0.013,25100379,LOCKED
52276,510.513,-51731892466319,-28560,24988,-29740.3,32982.7,7.5,-0.011,25184386,LOCKED
52277,511.512,-51731892464088,2143,55691,-29681.5,32707.5,7.5,-0.009,25277422,LOCKED
52278,512.512,-51731892466046,26145,79693,-29542.1,32091.4,7.3,-0.005,25365607,LOCKED
52279,513.513,-51731892479464,39801,93349,-29487.0,32523.4,7.3,-0.003,25329211,LOCKED
52280,514.513,-51731892570751,-21889,31659,-29455.9,32212.5,7.3,-0.005,25445087,LOCKED
52281,515.514,-51731892573181,4233,57781,-29418.5,32133.9,7.6,0.001,25529072,LOCKED
52282,516.513,-51731892595928,9486,63034,-29364.6,32029.8,7.7,-0.000,25600902,LOCKED
52283,517.514,-51731892601087,29866,83414,-29226.2,31590.9,7.7,0.002,25687671,LOCKED
52284,518.513,-51731892715652,-50971,2577,-29362.6,32134.5,7.6,0.001,25663400,LOCKED
52285,519.513,-51731892711006,-15801,37747,-29393.4,32205.1,7.3,0.006,25758294,LOCKED
52286,520.514,-51731892716360,6597,60145,-29323.7,31900.9,7.3,0.005,25842018,LOCKED
52287,521.513,-51731892721374,27656,81204,-29210.0,31721.3,7.3,0.005,25927608,LOCKED
52288,522.515,-51731892744100,32477,86025,-29182.3,31945.9,7.4,0.005,25885283,LOCKED
52289,523.514,-51731892841918,-33448,20100,-29259.9,32233.9,7.4,0.007,25990357,LOCKED
52290,524.514,-51731892809641,27191,80739,-29261.0,32223.4,7.4,0.008,26113364,LOCKED
52291,525.515,-51731892837458,27060,80608,-29228.7,32411.3,7.4,0.010,26065856,LOCKED
52292,526.514,-51731892930224,-34733,18815,-29256.5,32652.6,7.4,0.007,26178516,LOCKED
52293,527.515,-51731892929181,-4049,49499,-29268.7,32654.9,7.4,0.009,26268335,LOCKED
52294,528.514,-51731892932727,21355,74903,-29288.6,32481.1,7.4,0.012,26355833,LOCKED
52295,529.514,-51731892977129,6735,60283,-29324.1,32286.7,7.4,0.015,26429135,LOCKED
52296,530.515,-51731893054242,-38808,14740,-29369.9,32668.4,7.5,0.018,26416631,LOCKED
52297,531.514,-51731893081657,-36192,17356,-29342.0,32270.5,7.4,0.014,26516207,LOCKED
52298,532.516,-51731893134078,-54191,0,-29501.6,32719.5,7.4,0.018,26495413,LOCKED
52299,533.514,-51731893155420,-43013,11178,-29578.3,33236.6,7.4,0.021,26588353,LOCKED
52300,534.514,-51731893127499,15036,69227,-29630.4,32740.5,7.4,0.025,26709442,LOCKED
52301,535.514,-51731893182152,-9075,45116,-29660.1,32746.3,7.4,0.020,26678833,LOCKED
52302,536.514,-51731893252614,-46518,7673,-29747.7,33346.7,7.4,0.024,26751348,LOCKED
52303,537.518,-51731893263812,-27599,26592,-29719.9,33033.7,7.4,0.019,26850428,LOCKED
52304,538.514,-51731893259566,7505,61696,-29788.4,32439.4,7.4,0.024,26948056,LOCKED
52305,539.515,-51731893261291,33919,88110,-29763.8,32652.9,7.3,0.022,26923983,LOCKED
52306,540.515,-51731893356885,-30527,23664,-29781.0,32794.6,7.3,0.018,27033809,LOCKED
52307,541.515,-51731893335815,17474,71665,-29669.9,32284.8,7.3,0.015,27140202,LOCKED
52308,542.515,-51731893349053,32748,86939,-29667.6,32309.1,7.3,-0.005,27111770,LOCKED
52309,543.515,-51731893440172,-26820,27371,-29715.5,32513.6,7.5,0.004,27224735,LOCKED
52310,544.515,-51731893410110,32745,86936,-29759.7,31859.6,7.6,-0.000,27344422,LOCKED
52311,545.516,-51731893514654,-38412,15779,-29874.0,32078.0,7.5,-0.007,27335197,LOCKED
52312,546.516,-51731893508402,-1661,52530,-29902.0,32020.0,7.5,0.002,27434381,LOCKED
52313,547.515,-51731893492420,40876,95067,-29805.6,32440.8,7.5,0.012,27541342,LOCKED
52314,548.516,-51731893604354,-40117,14074,-29794.5,32285.5,7.5,0.005,27518898,LOCKED
52315,549.517,-51731893589349,5664,59855,-29852.2,31866.7,7.6,0.021,27625612,LOCKED
52316,550.516,-51731893584890,37802,91993,-29808.3,32230.8,7.7,0.014,27723406,LOCKED
52317,551.515,-51731893707869,-52504,1687,-29861.7,32873.5,7.1,0.018,27688307,LOCKED
52318,552.515,-51731893710062,-24977,29214,-29813.1,32264.3,7.0,0.021,27777058,LOCKED
52319,553.515,-51731893705009,9463,63654,-29807.9,32277.7,6.9,0.022,27873606,LOCKED
52320,554.515,-51731893785552,-37084,17107,-29952.1,32088.0,6.8,0.024,27886367,LOCKED
52321,555.515,-51731893807517,-26475,27716,-30036.9,32151.7,6.9,0.017,27957796,LOCKED
52322,556.515,-51731893793315,16758,70949,-30015.3,32226.5,6.9,0.018,28060070,LOCKED
52323,557.515,-51731893796673,39853,94044,-29906.6,32538.7,6.7,0.019,28038793,LOCKED
52324,558.515,-51731893897463,-27546,26645,-30032.0,32203.6,6.7,0.020,28142756,LOCKED
52325,559.516,-51731893897381,3846,58037,-30101.3,31664.7,6.8,0.016,28233224,LOCKED
52326,560.516,-51731893887771,39737,93928,-29979.6,31867.6,6.8,0.017,28334163,LOCKED
52327,561.516,-51731894010937,-48473,5718,-30143.6,31960.1,6.9,0.013,28301899,LOCKED
52328,562.517,-51731894005496,-11971,42220,-30168.7,31999.8,7.0,0.010,28401766,LOCKED
52329,563.516,-51731894005470,15964,70155,-30084.2,31773.0,7.1,0.007,28494078,LOCKED
52330,564.517,-51731894072162,-19820,34371,-30091.7,31816.7,7.1,0.005,28513336,LOCKED
52331,565.562,-51731894080375,1037,55228,-30043.2,31611.0,7.1,0.004,28599099,LOCKED
52332,566.516,-51731894089336,22187,76378,-30083.5,31156.0,6.9,0.005,28681408,LOCKED
52333,567.516,-51731894089950,48697,102888,-30019.2,31808.4,6.8,0.004,28659977,LOCKED
52334,568.516,-51731894185488,-16572,37619,-30003.8,31702.0,6.9,0.003,28766507,LOCKED
52335,569.516,-51731894192447,8041,62232,-30094.3,30668.7,6.9,-0.002,28854082,LOCKED
52336,570.524,-51731894184261,44689,98880,-30088.6,30753.9,6.9,-0.002,28954048,LOCKED
52337,571.517,-51731894211239,45037,99228,-30027.8,31324.5,7.0,-0.003,28914666,LOCKED
52338,572.516,-51731894290345,-4399,49792,-30002.9,31228.3,7.0,-0.003,29032747,LOCKED
52339,573.517,-51731894320155,-5143,49048,-29948.2,30844.4,7.1,-0.002,29126728,LOCKED
52340,574.516,-51731894356786,-10301,43890,-30006.0,30722.1,7.5,-0.008,29150171,LOCKED
52341,575.517,-51731894404041,-25856,28335,-30046.2,30919.4,7.5,-0.004,29250832,LOCKED
52342,576.517,-51731894369402,35986,90177,-29966.4,31276.5,7.9,-0.009,29224672,LOCKED
52343,577.516,-51731894447740,-12789,41402,-29925.2,30934.7,7.9,-0.007,29332349,LOCKED
52344,578.516,-51731894482177,-14633,39558,-30032.0,30354.5,7.9,-0.004,29421217,LOCKED
52345,579.516,-51731894539703,-38876,15315,-30127.1,30739.5,7.9,-0.001,29399935,LOCKED
52346,580.516,-51731894560713,-28056,26135,-30164.1,30960.3,7.9,0.002,29497063,LOCKED
52347,581.521,-51731894545299,15329,69520,-30081.8,30732.0,8.2,-0.001,29604875,LOCKED
52348,582.518,-51731894540918,45164,99355,-29929.5,30822.1,8.2,-0.005,29588674,LOCKED
52349,583.517,-51731894626408,-8998,45193,-29983.3,30705.5,8.1,0.000,29708679,LOCKED
52350,584.517,-51731894693895,-44770,9421,-29993.8,30855.9,8.1,-0.003,29730321,LOCKED
52351,585.517,-51731894692496,-13908,40283,-29944.5,30382.2,8.4,-0.006,29826937,LOCKED
52352,586.518,-51731894673043,33793,87984,-29917.4,30625.5,9.2,0.004,29938346,LOCKED
52353,587.517,-51731894778617,-39559,14632,-29964.8,31046.4,9.1,0.012,29924020,LOCKED
52354,588.517,-51731894768390,-688,53503,-29898.7,30605.3,9.4,0.012,30026514,LOCKED
52355,589.518,-51731894758540,35635,89826,-29789.6,30775.1,9.5,0.026,30128544,LOCKED
52356,590.517,-51731894862138,-35102,19089,-29882.1,31049.6,9.7,0.029,30111958,LOCKED
52357,591.518,-51731894868484,-10225,43966,-29931.1,30987.9,9.9,0.012,30197269,LOCKED
52358,592.519,-51731894865634,22481,76672,-29964.8,30617.4,10.0,0.001,30295657,LOCKED
52359,593.518,-51731894867216,48730,102921,-29941.2,30956.9,10.5,-0.024,30382622,LOCKED
52360,594.517,-51731894963748,-17430,36761,-29933.3,30904.2,10.5,-0.029,30378668,LOCKED
52361,595.517,-51731894961944,13440,67631,-29913.1,30957.0,10.9,-0.048,30470554,LOCKED
52362,596.518,-51731894990895,14869,69060,-29960.8,30491.5,10.9,-0.049,30539075,LOCKED
52363,597.518,-51731894988292,45206,99397,-29926.7,30906.4,10.9,-0.067,30516759,LOCKED
52364,598.517,-51731895096218,-30936,23255,-29966.4,31170.4,11.0,-0.067,30614001,LOCKED
52365,599.517,-51731895100532,-6139,48052,-29914.1,30796.5,11.1,-0.093,30698715,LOCKED
52366,600.518,-51731895083118,39425,93616,-29893.1,31035.8,11.0,-0.103,30808303,LOCKED
52367,601.518,-51731895199268,-44555,9636,-29930.8,31464.9,10.8,-0.111,30785979,LOCKED
52368,602.521,-51731895200646,-16286,37905,-29889.7,31077.3,10.8,-0.115,30874428,LOCKED
52369,603.518,-51731895190980,22400,76591,-29884.2,31115.7,10.3,-0.122,30975407,LOCKED
52370,604.519,-51731895275263,-31255,22936,-29868.7,30928.0,10.3,-0.125,30985512,LOCKED
52371,605.518,-51731895281469,-6002,48189,-29936.9,30614.5,10.3,-0.137,31070148,LOCKED
52372,606.518,-51731895278446,25179,79370,-29891.4,30804.7,10.1,-0.139,31164789,LOCKED
52373,607.518,-51731895279179,49216,103407,-29721.6,30851.1,9.8,-0.141,31254632,LOCKED
52374,608.518,-51731895404157,-42062,12129,-29847.1,31118.0,9.8,-0.142,31222076,LOCKED
52375,609.519,-51731895407547,-14982,39209,-29852.8,31143.5,9.1,-0.143,31306414,LOCKED
52376,610.518,-51731895420140,584,54775,-29770.5,30500.6,9.1,-0.143,31382177,LOCKED
52377,611.519,-51731895435022,15920,70111,-29819.0,29998.4,8.9,-0.143,31465293,LOCKED
52378,612.518,-51731895495640,-13297,40894,-29874.6,29948.2,8.6,-0.142,31552163,LOCKED
52379,613.519,-51731895563194,-48152,6039,-29933.2,30588.4,8.3,-0.141,31537824,LOCKED
52380,614.519,-51731895511701,32329,86520,-29940.7,30500.2,8.1,-0.135,31665023,LOCKED
52381,615.518,-51731895625441,-47124,7067,-30075.9,30897.0,8.1,-0.135,31643180,LOCKED
52382,616.518,-51731895634700,-24947,29244,-30101.2,31049.3,7.9,-0.128,31726879,LOCKED
52383,617.519,-51731895636865,1558,55749,-30033.4,30638.3,7.7,-0.122,31810145,LOCKED
52384,618.519,-51731895634667,32625,86816,-30030.5,30669.3,7.5,-0.115,31904660,LOCKED
52385,619.519,-51731895642821,51021,105212,-29944.4,31441.1,7.5,-0.115,31878428,LOCKED
52386,620.519,-51731895734783,-11593,42598,-29895.7,31023.6,7.7,-0.105,31990070,LOCKED
52387,621.519,-51731895729928,23371,77562,-29945.2,30388.3,7.7,-0.104,32087343,LOCKED
52388,622.520,-51731895730943,49532,103723,-29891.6,31017.1,7.8,-0.101,32176355,LOCKED
52389,623.519,-51731895858484,-45368,8823,-29951.2,31585.1,7.8,-0.097,32142389,LOCKED
52390,624.520,-51731895812427,29520,83711,-29945.3,31639.6,8.3,-0.092,32280847,LOCKED
52391,625.519,-51731895826868,42269,96460,-29880.3,32148.3,8.0,-0.085,32245804,LOCKED
52392,626.520,-51731895929199,-28781,25410,-29901.2,32303.9,8.1,-0.081,32348977,LOCKED
52393,627.520,-51731895925149,3291,57482,-29814.2,31689.3,7.9,-0.074,32443013,LOCKED
52394,628.519,-51731895923975,32586,86777,-29785.3,31922.1,7.9,-0.071,32537297,LOCKED
52395,629.520,-51731895944312,39075,93266,-29704.9,32347.1,7.9,-0.067,32493639,LOCKED
52396,630.520,-51731896041066,-27706,26485,-29671.9,31946.0,8.0,-0.064,32600414,LOCKED
52397,631.520,-51731896045212,-3755,50436,-29588.2,31175.9,8.4,-0.061,32689860,LOCKED
52398,632.522,-51731896040421,28453,82644,-29528.8,31405.8,8.7,-0.058,32783273,LOCKED
52399,633.520,-51731896063983,31964,86155,-29461.3,31692.0,9.1,-0.055,32737988,LOCKED
52400,634.520,-51731896146926,-20150,34041,-29495.0,31809.6,9.3,-0.060,32859294,LOCKED
52401,635.520,-51731896149888,6550,60741,-29514.2,31733.5,9.3,-0.066,32949290,LOCKED
52402,636.520,-51731896164245,18772,72963,-29401.1,31225.0,9.3,-0.072,33024042,LOCKED
52403,637.520,-51731896178859,31357,85548,-29345.1,31513.9,9.3,-0.071,32988337,LOCKED
52404,638.520,-51731896268204,-26670,27521,-29397.6,31718.1,9.3,-0.069,33101832,LOCKED
52405,639.520,-51731896268334,3516,57707,-29448.7,31410.7,9.3,-0.068,33192326,LOCKED
52406,640.520,-51731896284088,16970,71161,-29465.1,31291.4,9.4,-0.066,33270594,LOCKED
52407,641.520,-51731896332062,-2017,52174,-29438.3,31204.1,9.5,-0.081,33229699,LOCKED
52408,642.521,-51731896409011,-48049,6142,-29430.9,31078.8,10.0,-0.042,33327564,LOCKED
52409,643.520,-51731896454625,-59993,0,-29539.3,32127.8,10.1,-0.025,33414565,LOCKED
52410,644.520,-51731896491549,-61594,0,-29721.1,32703.1,10.3,0.005,33424056,LOCKED
52411,645.521,-51731896484673,-22835,38759,-29789.3,32777.1,10.5,0.019,33523085,LOCKED
52412,646.520,-51731896525559,-32766,28828,-29792.0,32804.8,10.3,0.003,33610144,LOCKED
52413,647.520,-51731896476325,44704,106298,-29790.0,32833.4,10.4,0.028,33712832,LOCKED
52414,648.521,-51731896587510,-34140,27454,-29858.6,33152.2,10.5,0.010,33692026,LOCKED
52415,649.521,-51731896597113,-14087,47507,-29825.1,32900.3,10.4,0.005,33776802,LOCKED
52416,650.521,-51731896588430,24126,85720,-29850.9,32640.7,10.4,-0.003,33878932,LOCKED
52417,651.522,-51731896599844,40366,101960,-29810.1,33015.9,10.4,0.003,33847518,LOCKED
52418,652.522,-51731896695766,-24598,36996,-29825.6,33115.2,10.3,0.009,33956421,LOCKED
52419,653.522,-51731896697336,1945,63539,-29744.6,32566.7,10.0,0.015,34045187,LOCKED
52420,654.521,-51731896777204,-44399,17195,-29856.4,33015.1,9.9,0.018,34054716,LOCKED
52421,655.521,-51731896771449,-8527,53067,-29855.0,33011.1,9.7,0.031,34152310,LOCKED
52422,656.521,-51731896792958,-522,61072,-29837.4,32979.9,9.7,0.041,34226897,LOCKED
52423,657.521,-51731896780936,37192,98786,-29695.5,32831.5,9.8,0.049,34327348,LOCKED
52424,658.521,-51731896902914,-50504,11090,-29836.9,33289.7,9.7,0.049,34294170,LOCKED
52425,659.521,-51731896909300,-25011,36583,-29895.6,33442.6,9.2,0.049,34378921,LOCKED
52426,660.521,-51731896899282,12689,74283,-29807.9,33101.1,9.2,0.055,34481088,LOCKED
52427,661.521,-51731896898811,41706,103300,-29815.4,32997.0,9.2,0.059,34573889,LOCKED
52428,662.522,-51731897021401,-47107,14487,-29931.7,33509.6,9.2,0.063,34540595,LOCKED
52429,663.521,-51731897020391,-15692,45902,-29928.8,33494.6,9.0,0.061,34634604,LOCKED
52430,664.521,-51731896985327,47307,108901,-29909.6,33745.8,8.9,0.059,34761899,LOCKED
52431,665.522,-51731897097121,-31879,29715,-29989.2,33972.8,8.3,0.055,34738606,LOCKED
52432,666.522,-51731897106513,-11129,50465,-29978.1,33923.9,8.2,0.052,34818276,LOCKED
52433,667.521,-51731897111650,11237,72831,-29875.1,33340.1,8.0,0.049,34908588,LOCKED
52434,668.521,-51731897119628,32443,94037,-29895.2,33097.2,7.9,0.046,34988148,LOCKED
52435,669.522,-51731897132018,47343,108937,-29846.0,33613.9,7.9,0.039,34953698,LOCKED
52436,670.522,-51731897245768,-34127,27467,-29908.9,33931.1,7.8,0.035,35044034,LOCKED
52437,671.522,-51731897250301,-8582,53012,-29902.9,33912.0,7.6,0.032,35132438,LOCKED
52438,672.525,-51731897252059,18897,80491,-29901.6,33919.1,7.4,0.028,35223827,LOCKED
52439,673.522,-51731897265033,35376,96970,-29938.5,33389.5,7.2,0.023,35298313,LOCKED
52440,674.522,-51731897367180,-35182,26412,-29961.1,33592.9,7.2,0.022,35288210,LOCKED
52441,675.522,-51731897374553,-9736,51858,-30085.4,32577.4,7.2,0.015,35372780,LOCKED
52442,676.522,-51731897381916,13639,75233,-30140.2,32054.8,7.2,0.014,35457960,LOCKED
52443,677.522,-51731897383093,40484,102078,-30103.5,32413.9,7.2,0.013,35547180,LOCKED
52444,678.522,-51731897426115,25347,86941,-30036.7,32549.8,7.2,0.012,35634580,LOCKED
52445,679.522,-51731897501845,-20240,41354,-30008.2,32287.8,7.0,0.006,35613037,LOCKED
52446,680.523,-51731897535827,-21850,39744,-30088.0,32264.3,6.9,0.010,35705237,LOCKED
52447,681.523,-51731897490845,49464,111058,-29985.7,32934.1,6.6,0.003,35806610,LOCKED
52448,682.523,-51731897600590,-29666,31928,-29967.2,32727.2,6.6,0.002,35790805,LOCKED
52449,683.523,-51731897600148,2549,64143,-30060.3,31845.4,6.6,0.000,35882694,LOCKED
52450,684.522,-51731897668112,-33613,27981,-30089.9,32090.7,6.5,0.006,35902855,LOCKED
52451,685.522,-51731897667297,-3609,57985,-30039.6,31792.8,6.5,0.005,35998407,LOCKED
52452,686.523,-51731897656067,36473,98067,-30042.0,31763.2,6.7,0.004,36099304,LOCKED
52453,687.523,-51731897650097,67941,129535,-29931.8,33068.8,6.7,0.003,36084295,LOCKED
52454,688.522,-51731897751202,-3959,57635,-29889.5,32852.5,6.7,0.002,36188938,LOCKED
52455,689.523,-51731897753744,20553,82147,-29784.2,32532.7,7.0,0.002,36277586,LOCKED
52456,690.522,-51731897757147,44683,106277,-29748.0,32932.3,7.2,0.003,36366217,LOCKED
52457,691.523,-51731897769152,58317,119911,-29643.2,33870.5,7.1,0.014,36335288,LOCKED
52458,692.523,-51731897861114,-5011,56583,-29585.2,33479.9,6.9,0.027,36445190,LOCKED
52459,693.523,-51731897862672,19966,81560,-29468.5,32988.2,7.4,0.050,36534737,LOCKED
52460,694.522,-51731897952777,-37928,23666,-29540.1,33385.5,7.5,0.040,36532751,LOCKED
52461,695.523,-51731897995356,-48389,13205,-29586.2,33893.4,7.7,0.020,36586083,LOCKED
52462,696.523,-51731897995769,-19204,42390,-29554.8,33617.5,7.7,-0.012,36673450,LOCKED
52463,697.523,-51731897990539,12768,74362,-29437.7,32854.5,7.8,-0.027,36769487,LOCKED
52464,698.523,-51731897984133,45508,107102,-29361.0,33429.8,7.9,-0.042,36864812,LOCKED
52465,699.523,-51731898107079,-45918,15676,-29390.6,33777.4,8.3,-0.071,36838318,LOCKED
52466,700.523,-51731898095034,-5625,55969,-29325.0,33277.0,8.6,-0.101,36938023,LOCKED
52467,701.523,-51731898089240,26670,88264,-29230.6,33269.5,8.8,-0.113,37034017,LOCKED
52468,702.524,-51731898197174,-48059,13535,-29345.9,33818.2,8.6,-0.122,37020710,LOCKED
52469,703.523,-51731898180187,-383,61211,-29411.3,33444.5,8.6,-0.125,37126425,LOCKED
52470,704.524,-51731898236111,-23580,38014,-29535.1,32985.3,8.5,-0.142,37162143,LOCKED
52471,705.523,-51731898234489,7575,69169,-29547.6,32940.8,8.2,-0.146,37250809,LOCKED
52472,706.523,-51731898214470,54319,115913,-29499.4,33559.8,8.2,-0.148,37364459,LOCKED
52473,707.524,-51731898321400,-23342,38252,-29449.1,32961.2,8.0,-0.159,37349233,LOCKED
52474,708.524,-51731898315755,11886,73480,-29475.6,32797.1,8.1,-0.167,37442492,LOCKED
52475,709.524,-51731898322324,32815,94409,-29433.0,33078.2,8.1,-0.167,37528301,LOCKED
52476,710.524,-51731898429318,-42842,18752,-29455.2,33335.2,8.2,-0.175,37509781,LOCKED
52477,711.524,-51731898421488,-6821,54773,-29381.6,32683.7,8.3,-0.181,37609161,LOCKED
52478,712.523,-51731898415062,27588,89182,-29358.9,32837.8,8.8,-0.194,37709236,LOCKED
52479,713.524,-51731898426041,42541,104135,-29261.3,33294.3,8.9,-0.198,37676533,LOCKED
52480,714.524,-51731898477897,19817,81411,-29287.9,33062.3,9.0,-0.203,37831934,LOCKED
52481,715.524,-51731898588274,-57230,4364,-29391.3,33962.6,8.7,-0.206,37808848,LOCKED
52482,716.524,-51731898518056,39490,101084,-29315.1,34379.1,8.5,-0.208,37871588,LOCKED
52483,717.524,-51731898595810,-9935,51659,-29250.0,33807.8,8.2,-0.209,37983684,LOCKED
52484,718.524,-51731898628412,-10996,50598,-29344.3,33338.2,8.6,-0.216,38074969,LOCKED
52485,719.525,-51731898700578,-49545,12049,-29471.9,33864.0,8.6,-0.213,38060339,LOCKED
52486,720.524,-51731898735815,-52144,9450,-29540.7,34552.0,8.7,-0.217,38142156,LOCKED
52487,721.525,-51731898693170,17340,78934,-29436.7,34160.1,8.7,-0.219,38250957,LOCKED
52488,722.525,-51731898690104,48190,109784,-29435.7,34173.9,8.7,-0.220,38234600,LOCKED
52489,723.525,-51731898799434,-29016,32578,-29519.6,34305.4,8.7,-0.220,38326138,LOCKED
52490,724.524,-51731898761168,34801,96395,-29382.4,34123.4,9.0,-0.223,38454027,LOCKED
52491,725.524,-51731898787203,36825,98419,-29378.7,34164.2,9.3,-0.225,38408990,LOCKED
52492,726.525,-51731898884344,-28398,33196,-29456.3,34313.8,9.5,-0.226,38515623,LOCKED
52493,727.524,-51731898867166,16838,78432,-29415.6,34379.0,9.8,-0.227,38621967,LOCKED
52494,728.525,-51731898894083,17117,78711,-29334.9,34234.0,9.7,-0.225,38686927,LOCKED
52495,729.524,-51731898900424,35888,97482,-29187.1,33948.2,9.8,-0.227,38662526,LOCKED
52496,730.525,-51731898999834,-31052,30542,-29296.8,33940.7,10.0,-0.226,38766345,LOCKED
52497,731.525,-51731899002577,-3871,57723,-29321.2,33917.4,10.2,-0.225,38856188,LOCKED
52498,732.525,-51731898995759,29613,91207,-29240.0,34079.6,10.4,-0.222,38953600,LOCKED
52499,733.524,-51731899109901,-52867,8727,-29271.0,34498.3,10.4,-0.218,38930399,LOCKED
52500,734.525,-51731899071600,14987,76581,-29309.8,34188.5,10.5,-0.215,39057798,LOCKED
52501,735.525,-51731899088290,26386,87980,-29293.8,34295.9,10.8,-0.216,39019006,LOCKED
52502,736.525,-51731899200807,-53289,8305,-29379.4,35045.8,11.0,-0.211,39109989,LOCKED
52503,737.525,-51731899190549,-13798,47796,-29349.2,34841.8,11.1,-0.204,39210285,LOCKED
52504,738.525,-51731899197351,7546,69140,-29302.6,34761.0,11.2,-0.196,39299527,LOCKED
52505,739.525,-51731899212489,21158,82752,-29310.7,34703.1,11.2,-0.188,39262284,LOCKED
52506,740.525,-51731899306450,-39613,21981,-29435.5,34855.8,11.3,-0.177,39369731,LOCKED
52507,741.525,-51731899307420,-11733,49861,-29387.1,34481.6,11.1,-0.166,39457667,LOCKED
52508,742.525,-51731899308633,16663,78257,-29425.8,34153.0,11.0,-0.153,39554402,LOCKED
52509,743.525,-51731899413419,-54514,7080,-29540.7,34914.2,10.9,-0.139,39534739,LOCKED
52510,744.525,-51731899391482,-1102,60492,-29633.9,34190.1,10.7,-0.122,39649280,LOCKED
52511,745.525,-51731899399875,19673,81267,-29643.8,34121.5,10.5,-0.090,39733703,LOCKED
52512,746.525,-51731899517232,-64099,0,-29730.8,35159.2,10.5,-0.075,39708617,LOCKED
52513,747.525,-51731899520554,-36870,27229,-29709.7,34887.0,10.3,-0.062,39800888,LOCKED
52514,748.525,-51731899527132,-12165,51934,-29766.8,34816.2,9.9,-0.034,39881275,LOCKED
52515,749.525,-51731899514898,27729,91828,-29709.4,35012.7,10.2,-0.047,39985377,LOCKED
52516,750.526,-51731899558249,12084,76183,-29631.0,34770.0,10.1,-0.043,39942013,LOCKED
52517,751.526,-51731899640410,-39581,24518,-29607.6,34440.4,9.7,-0.021,40037884,LOCKED
52518,752.526,-51731899688016,-53597,10502,-29714.0,35187.7,9.2,0.006,40129222,LOCKED
52519,753.526,-51731899632386,29062,93161,-29630.4,35317.9,9.2,0.014,40228428,LOCKED
52520,754.526,-51731899721672,-27287,36812,-29747.6,35103.8,9.0,0.012,40234499,LOCKED
52521,755.526,-51731899721090,4714,68813,-29837.7,34273.8,8.9,-0.000,40324616,LOCKED
52522,756.526,-51731899722099,32374,96473,-29834.2,34307.4,8.7,-0.010,40412644,LOCKED
52523,757.526,-51731899834229,-46799,17300,-29909.7,34887.4,8.5,-0.009,40395594,LOCKED
52524,758.526,-51731899818806,-2659,61440,-29846.6,34492.7,8.6,-0.026,40502415,LOCKED
52525,759.526,-51731899800766,44016,108115,-29860.4,34290.5,8.6,-0.030,40612016,LOCKED
52526,760.526,-51731899923303,-45096,19003,-29960.6,34794.8,8.6,-0.034,40578995,LOCKED
52527,761.526,-51731899916644,-8635,55464,-29938.4,34694.2,8.6,-0.038,40682104,LOCKED
52528,762.526,-51731899909574,28380,92479,-29986.0,34083.4,8.3,-0.041,40779771,LOCKED
52529,763.526,-51731900022808,-50920,13179,-30095.2,34743.3,8.0,-0.043,40755637,LOCKED
52530,764.526,-51731899983648,18471,82570,-30132.7,34411.0,8.0,-0.045,40884950,LOCKED
52531,765.526,-51731899983933,45516,109615,-30070.8,34934.2,7.7,-0.046,40868678,LOCKED
52532,766.526,-51731900089219,-29128,34971,-30050.3,34718.1,7.3,-0.046,40965710,LOCKED
52533,767.527,-51731900090221,1068,65167,-30108.6,34404.9,7.3,-0.047,41059888,LOCKED
52534,768.527,-51731900078175,40441,104540,-30039.2,34840.3,7.7,-0.038,41163136,LOCKED
52535,769.526,-51731900198143,-47069,17030,-30079.6,35271.7,7.3,-0.037,41132119,LOCKED
52536,770.526,-51731900195514,-11662,52437,-30192.9,34567.5,7.3,-0.037,41228657,LOCKED
52537,771.527,-51731900203676,10329,74428,-30208.2,34499.4,7.2,-0.037,41308983,LOCKED
52538,772.527,-51731900213429,28227,92326,-30129.4,34637.9,7.2,-0.039,41390708,LOCKED
52539,773.528,-51731900227386,40246,104345,-29992.3,34685.1,7.2,-0.038,41466950,LOCKED
52540,774.527,-51731900330677,-31577,32522,-30012.3,34841.5,7.2,-0.034,41457269,LOCKED
52541,775.527,-51731900345886,-13686,50413,-30141.3,33929.7,7.2,-0.033,41535443,LOCKED
52542,776.527,-51731900372060,-10280,53819,-30096.5,33608.4,7.1,-0.032,41605892,LOCKED
52543,777.527,-51731900354622,35156,99255,-30051.9,33920.1,7.1,-0.028,41710771,LOCKED
52544,778.527,-51731900370207,46786,110885,-29990.4,34473.4,7.4,-0.032,41674626,LOCKED
52545,779.527,-51731900472934,-22496,41603,-30122.8,33851.3,6.9,-0.025,41776842,LOCKED
52546,780.528,-51731900478475,4037,68136,-30225.5,32770.4,6.9,-0.027,41864373,LOCKED
52547,781.527,-51731900468817,40863,104962,-30143.3,33226.8,6.9,-0.029,41963034,LOCKED
52548,782.527,-51731900491419,43886,107985,-29994.2,33291.9,6.9,-0.032,41922963,LOCKED
52549,783.527,-51731900593397,-25144,38955,-30097.6,33150.6,6.8,-0.028,42023998,LOCKED
52550,784.527,-51731900560120,34700,98799,-29981.8,33212.4,6.8,-0.030,42037089,LOCKED
52551,785.527,-51731900674482,-47739,16360,-29997.6,33428.8,7.1,-0.033,42127103,LOCKED
52552,786.527,-51731900693847,-33778,30321,-30105.0,33535.3,7.1,-0.036,42200960,LOCKED
52553,787.527,-51731900704040,-13522,50577,-30099.4,33508.8,7.0,-0.038,42281969,LOCKED
52554,788.528,-51731900716854,2833,66932,-30058.4,33394.4,7.0,-0.033,42366390,LOCKED
52555,789.528,-51731900786072,-35491,28608,-30040.3,33161.7,7.2,-0.027,42470854,LOCKED
52556,790.528,-51731900811058,-27737,36362,-30126.8,33245.4,7.1,-0.029,42448269,LOCKED
52557,791.528,-51731900798587,13786,77885,-30097.0,33295.2,7.1,-0.032,42552947,LOCKED
52558,792.528,-51731900787813,49739,113838,-29938.0,33516.5,7.1,-0.035,42542347,LOCKED
52559,793.528,-51731900882963,-13177,50922,-30029.0,33150.4,7.3,-0.025,42652420,LOCKED
52560,794.528,-51731900846474,48990,113089,-29896.7,33619.6,7.5,-0.025,42782835,LOCKED
52561,795.528,-51731900965911,-39356,24743,-29889.8,33530.8,7.6,-0.031,42753091,LOCKED
52562,796.528,-51731900950844,6495,70594,-29944.6,33148.3,7.8,-0.031,42857094,LOCKED
52563,797.528,-51731900954383,30759,94858,-29890.6,33410.5,7.8,-0.033,42944382,LOCKED
52564,798.528,-51731901066556,-48981,15118,-29933.9,33906.6,7.8,-0.036,42926352,LOCKED
52565,799.528,-51731901073358,-25468,38631,-29910.2,33668.8,7.7,-0.024,43008582,LOCKED
52566,800.528,-51731901074140,4198,68297,-29943.6,33525.2,7.7,-0.028,43100169,LOCKED
52567,801.529,-51731901069482,36135,100234,-29872.9,33877.5,7.6,-0.016,43195910,LOCKED
52568,802.529,-51731901089879,41495,105594,-29739.6,34022.1,7.5,-0.002,43157857,LOCKED
52569,803.529,-51731901186037,-22080,42019,-29842.7,33788.8,7.5,-0.000,43265265,LOCKED
52570,804.529,-51731901144797,45424,109523,-29742.4,34310.1,7.5,0.034,43396499,LOCKED
52571,805.529,-51731901267789,-45900,18199,-29760.5,34536.0,7.5,0.015,43367426,LOCKED
52572,806.529,-51731901270536,-15951,48148,-29878.3,33897.7,7.6,-0.002,43451888,LOCKED
52573,807.529,-51731901256094,27484,91583,-29880.6,33877.7,7.6,-0.001,43559269,LOCKED
52574,808.529,-51731901267295,43379,107478,-29816.0,34374.7,7.4,-0.003,43527636,LOCKED
52575,809.529,-51731901375833,-34266,29833,-29811.8,34329.6,7.2,-0.001,43626720,LOCKED
52576,810.530,-51731901362727,7275,71374,-29756.2,34183.3,7.2,-0.001,43729917,LOCKED
52577,811.529,-51731901358301,39629,103728,-29732.4,34423.4,7.2,-0.001,43824719,LOCKED
52578,812.532,-51731901481286,-48661,15438,-29895.4,34531.9,7.2,-0.001,43791207,LOCKED
52579,813.530,-51731901466672,-5095,59004,-29840.4,34183.0,7.0,-0.001,43899101,LOCKED
52580,814.530,-51731901548800,-52962,11137,-29969.6,34818.3,6.8,-0.000,43909203,LOCKED
52581,815.530,-51731901547942,-20913,43186,-29994.8,34922.6,6.8,-0.000,44001425,LOCKED
52582,816.530,-51731901555735,30,64129,-29932.9,34593.2,6.8,0.000,44085695,LOCKED
52583,817.530,-51731901565704,20177,84276,-29975.6,34171.2,6.8,-0.004,44165334,LOCKED
52584,818.530,-51731901573939,39242,103341,-29909.4,34583.7,6.6,-0.005,44245961,LOCKED
52585,819.530,-51731901617368,22457,86556,-29786.2,34106.6,6.8,-0.009,44206590,LOCKED
52586,820.530,-51731901693470,-20945,43154,-29894.6,33772.1,6.9,-0.013,44311047,LOCKED
52587,821.530,-51731901743264,-37925,26174,-29975.0,34145.7,7.0,-0.017,44391127,LOCKED
52588,822.531,-51731901695226,36573,100672,-29863.1,34306.1,7.1,-0.016,44492940,LOCKED
52589,823.530,-51731901804635,-38414,25685,-30023.2,33947.9,7.2,-0.019,44474175,LOCKED
52590,824.530,-51731901787751,7567,71666,-29990.3,33929.3,7.3,-0.022,44580789,LOCKED
52591,825.531,-51731901783587,37610,101709,-29850.8,33835.2,7.8,-0.028,44679321,LOCKED
52592,826.530,-51731901893977,-39164,24935,-29970.7,34020.0,7.8,-0.027,44658061,LOCKED
52593,827.531,-51731901878506,5992,70091,-29966.7,34026.1,7.9,-0.029,44766620,LOCKED
52594,828.531,-51731901868272,41913,106012,-29826.0,34104.7,7.2,-0.023,44869520,LOCKED
52595,829.530,-51731901888838,49435,113534,-29823.0,34150.4,7.2,-0.022,44827265,LOCKED
52596,830.530,-51731901987395,-17484,46615,-29883.1,34156.8,7.2,-0.020,44931745,LOCKED
52597,831.531,-51731901979561,18813,82912,-29844.6,34249.6,7.2,-0.019,45032174,LOCKED
52598,832.531,-51731901976131,47896,111995,-29718.3,34707.5,7.3,-0.019,45131095,LOCKED
52599,833.531,-51731902087298,-32812,31287,-29700.0,34495.8,7.3,-0.018,45109706,LOCKED
52600,834.531,-51731902068425,15685,79784,-29722.5,34344.2,7.3,-0.010,45218738,LOCKED
52601,835.531,-51731902074829,36981,101080,-29684.6,34646.4,7.3,-0.008,45301995,LOCKED
52602,836.531,-51731902196764,-51287,12812,-29795.0,35304.0,7.6,-0.006,45280133,LOCKED
52603,837.531,-51731902180325,-5823,58276,-29747.4,35028.2,7.6,0.003,45380395,LOCKED
52604,838.531,-51731902179883,21142,85241,-29624.1,34504.9,7.7,-0.002,45474697,LOCKED
52605,839.531,-51731902180825,47242,111341,-29575.8,34993.8,8.0,-0.001,45561822,LOCKED
52606,840.531,-51731902308803,-47988,16111,-29651.9,35589.8,8.2,0.001,45524932,LOCKED
52607,841.532,-51731902305397,-15377,48722,-29604.3,35179.9,8.4,0.001,45620041,LOCKED
52608,842.533,-51731902310711,6602,70701,-29501.6,34477.0,8.6,0.002,45705998,LOCKED
52609,843.531,-51731902310529,34482,98581,-29470.4,34719.8,8.6,0.003,45687132,LOCKED
52610,844.531,-51731902404545,-29647,34452,-29441.5,34386.2,8.6,0.004,45794623,LOCKED
52611,845.532,-51731902403963,1573,65672,-29502.9,34025.2,8.6,-0.003,45890024,LOCKED
52612,846.532,-51731902405144,28917,93016,-29503.0,34024.2,8.6,-0.002,45979227,LOCKED
52613,847.531,-51731902415385,45401,109500,-29442.1,34548.0,8.7,0.003,45947582,LOCKED
52614,848.531,-51731902516976,-25236,38863,-29474.4,34705.1,8.8,-0.010,46044646,LOCKED
52615,849.532,-51731902518278,3856,67955,-29526.0,34412.9,8.7,-0.034,46137072,LOCKED
52616,850.531,-51731902521480,29249,93348,-29529.0,34385.3,8.7,-0.043,46113553,LOCKED
52617,851.532,-51731902622198,-39544,24555,-29580.9,34775.9,8.8,-0.051,46216965,LOCKED
52618,852.532,-51731902619588,-8527,55572,-29509.0,34137.9,8.8,-0.059,46312282,LOCKED
52619,853.532,-51731902624526,15432,79531,-29504.6,34157.1,8.7,-0.069,46407156,LOCKED
52620,854.532,-51731902698848,-29232,34867,-29463.4,33633.7,8.5,-0.081,46416419,LOCKED
52621,855.532,-51731902710465,-9491,54608,-29540.8,33328.1,8.4,-0.061,46493094,LOCKED
52622,856.532,-51731902700271,28037,92136,-29479.0,33530.5,8.2,-0.079,46594490,LOCKED
52623,857.532,-51731902820837,-60106,3993,-29523.6,34187.0,8.6,-0.060,46565113,LOCKED
52624,858.532,-51731902811379,-18160,45939,-29639.1,33657.9,8.8,-0.044,46664753,LOCKED
52625,859.532,-51731902858980,-32812,31287,-29747.2,33724.8,8.9,-0.041,46737955,LOCKED
52626,860.532,-51731902816179,37254,101353,-29687.2,34099.6,9.2,-0.057,46841502,LOCKED
52627,861.533,-51731902923298,-38645,25454,-29698.1,34219.3,9.2,-0.063,46827342,LOCKED
52628,862.533,-51731902916692,-3608,60491,-29629.8,33730.7,9.3,-0.067,46924967,LOCKED
52629,863.532,-51731902907274,33839,97938,-29607.5,33921.3,9.2,-0.063,47027454,LOCKED
52630,864.532,-51731902996324,-25588,38511,-29565.6,33430.4,9.0,-0.060,47031496,LOCKED
52631,865.533,-51731902995301,6056,70155,-29627.6,32964.0,9.0,-0.057,47123248,LOCKED
52632,866.533,-51731902991131,37836,97942,-29591.5,33280.1,8.9,-0.061,47104139,LOCKED
52633,867.533,-51731903074518,-15821,44285,-29571.9,33147.5,9.0,-0.058,47226222,LOCKED
52634,868.532,-51731903068651,16787,76893,-29460.6,32616.1,9.0,-0.056,47330404,LOCKED
52635,869.532,-51731903173593,-53926,6180,-29605.3,33202.0,9.0,-0.059,47310591,LOCKED
52636,870.533,-51731903175391,-24761,35345,-29630.8,33342.9,9.1,-0.062,47398326,LOCKED
52637,871.534,-51731903153369,23673,83779,-29511.9,32957.6,9.1,-0.064,47511274,LOCKED
52638,872.532,-51731903251379,-40396,19710,-29662.4,32836.0,9.1,-0.062,47505501,LOCKED
52639,873.533,-51731903239909,881,60987,-29671.0,32826.9,9.4,-0.056,47607903,LOCKED
52640,874.534,-51731903322984,-47154,12952,-29856.4,32485.1,9.6,-0.050,47612817,LOCKED
52641,875.534,-51731903308938,-1919,58187,-29918.8,32163.4,9.8,-0.045,47718894,LOCKED
52642,876.534,-51731903314183,21739,81845,-29905.1,32243.2,9.9,-0.043,47803271,LOCKED
52643,877.532,-51731903337921,25898,86004,-29849.5,32424.8,9.8,-0.045,47874681,LOCKED
52644,878.533,-51731903346499,43143,103249,-29723.4,32717.5,10.0,-0.041,47844978,LOCKED
52645,879.533,-51731903447848,-27250,32856,-29738.6,32829.2,9.9,-0.043,47949550,LOCKED
52646,880.534,-51731903439403,11137,71243,-29767.2,32651.9,9.9,-0.044,48047727,LOCKED
52647,881.534,-51731903428392,50172,110278,-29765.1,32685.2,10.0,-0.045,48037512,LOCKED
52648,882.535,-51731903539938,-30460,29646,-29770.8,32738.1,10.2,-0.043,48132897,LOCKED
52649,883.533,-51731903527088,13091,73197,-29838.4,32027.9,10.0,-0.047,48235089,LOCKED
52650,884.534,-51731903521812,45339,105445,-29773.0,32596.0,10.0,-0.051,48217317,LOCKED
52651,885.534,-51731903626448,-28503,31603,-29775.7,32620.2,9.4,-0.062,48319967,LOCKED
52652,886.534,-51731903619207,9720,69826,-29851.2,31850.0,9.4,-0.063,48413483,LOCKED
52653,887.534,-51731903619576,37013,97119,-29805.2,32210.8,9.4,-0.069,48507056,LOCKED
52654,888.534,-51731903737734,-48995,11111,-29838.9,32640.7,9.3,-0.077,48480985,LOCKED
52655,889.535,-51731903731081,-13004,47102,-29792.6,32247.4,9.3,-0.079,48576749,LOCKED
52656,890.534,-51731903721642,25425,85531,-29795.5,32222.6,9.3,-0.082,48680220,LOCKED
52657,891.534,-51731903832428,-52272,7834,-29870.3,32969.5,9.4,-0.085,48658560,LOCKED
52658,892.535,-51731903820946,-11599,48507,-29817.6,32518.3,9.1,-0.096,48764220,LOCKED
52659,893.535,-51731903844992,-4209,55897,-29890.2,32128.9,9.2,-0.101,48856338,LOCKED
52660,894.534,-51731903870459,-94,60012,-29874.8,32106.4,9.2,-0.097,48894557,LOCKED
52661,895.535,-51731903914965,-14865,45241,-29843.2,31857.7,9.3,-0.104,48974453,LOCKED
52662,896.534,-51731903955339,-21831,38275,-29982.1,31030.9,9.4,-0.101,49074146,LOCKED
52663,897.534,-51731903971945,-7379,52727,-30022.7,30973.2,9.3,-0.095,49070732,LOCKED
52664,898.534,-51731903947496,43585,103691,-29922.9,31481.6,9.3,-0.088,49183878,LOCKED
52665,899.534,-51731903959285,56212,116318,-29745.8,31817.2,9.3,-0.080,49151137,LOCKED
52666,900.534,-51731904046667,279,60385,-29830.0,31133.7,9.5,-0.043,49265749,LOCKED
52667,901.535,-51731904039776,35207,95313,-29800.5,31399.2,9.4,-0.028,49367969,LOCKED
52668,902.535,-51731904048591,52337,112443,-29698.2,32183.1,9.3,-0.014,49336648,LOCKED
52669,903.535,-51731904148273,-17773,42333,-29662.3,31853.7,9.3,-0.014,49441457,LOCKED
52670,904.535,-51731904124568,34084,94190,-29644.9,32021.1,9.3,-0.015,49558077,LOCKED
52671,905.535,-51731904213162,-23436,36670,-29676.1,32169.7,9.1,-0.033,49563074,LOCKED
52672,906.535,-51731904216488,1601,61707,-29614.2,31843.4,9.1,-0.036,49645915,LOCKED
52673,907.536,-51731904216865,26984,87090,-29469.6,31156.0,8.9,-0.061,49735208,LOCKED
52674,908.535,-51731904237443,33937,94043,-29430.8,31453.9,9.3,-0.027,49695174,LOCKED
52675,909.535,-51731904341972,-39040,21066,-29470.0,31817.0,9.3,-0.011,49793509,LOCKED
52676,910.535,-51731904326958,3666,63772,-29388.7,31287.7,9.1,-0.010,49900286,LOCKED
52677,911.535,-51731904331573,27440,87546,-29385.3,31317.8,9.0,0.002,49873781,LOCKED
52678,912.535,-51731904430066,-39148,20958,-29444.0,31756.4,8.9,0.012,49980326,LOCKED
52679,913.536,-51731904427004,-7183,52923,-29405.4,31523.0,9.0,0.019,50077330,LOCKED
52680,914.535,-51731904424772,23329,83435,-29388.9,31625.2,9.0,0.016,50056243,LOCKED
52681,915.536,-51731904522953,-42630,17476,-29457.2,32146.7,9.0,0.014,50160997,LOCKED
52682,916.535,-51731904506355,1800,61906,-29380.3,31635.8,9.0,0.012,50269548,LOCKED
52683,917.535,-51731904504541,32386,92492,-29404.4,31320.0,8.9,0.010,50361862,LOCKED
52684,918.535,-51731904622091,-51823,8283,-29511.5,32076.0,8.9,0.009,50336795,LOCKED
52685,919.537,-51731904615681,-13871,46235,-29588.3,31873.8,8.9,0.007,50429229,LOCKED
52686,920.535,-51731904605631,22760,82866,-29478.4,31561.1,8.4,-0.002,50533065,LOCKED
52687,921.536,-51731904720610,-57523,2583,-29639.1,32181.3,8.4,-0.010,50510315,LOCKED
52688,922.537,-51731904712164,-18097,42009,-29674.8,32273.5,8.3,-0.017,50608282,LOCKED
52689,923.536,-51731904721754,660,60766,-29610.6,31901.7,8.3,-0.018,50696690,LOCKED
52690,924.536,-51731904793424,-38010,22096,-29714.0,32191.2,8.5,-0.024,50712651,LOCKED
52691,925.536,-51731904821283,-34037,26069,-29761.4,32507.5,8.5,-0.025,50793930,LOCKED
52692,926.536,-51731904790016,23896,84002,-29649.0,32209.9,8.5,-0.032,50896806,LOCKED
52693,927.536,-51731904896838,-49482,10624,-29753.1,32875.8,8.7,-0.037,50880972,LOCKED
52694,928.535,-51731904888196,-11142,48964,-29731.8,32758.6,8.8,-0.041,50976914,LOCKED
52695,929.536,-51731904878550,28090,88196,-29771.5,32252.8,8.6,-0.045,51083810,LOCKED
52696,930.536,-51731904889495,44708,104814,-29737.4,32639.3,8.4,-0.050,51048343,LOCKED
52697,931.537,-51731904981117,-16937,43169,-29721.0,32524.4,8.2,-0.052,51164521,LOCKED
52698,932.537,-51731904977022,17139,77245,-29762.3,32134.9,8.2,-0.054,51256467,LOCKED
52699,933.536,-51731904989417,32320,92426,-29708.7,32432.4,8.1,-0.051,51334543,LOCKED
52700,934.537,-51731905078552,-23542,36564,-29844.8,31752.0,8.1,-0.049,51337600,LOCKED
52701,935.537,-51731905040323,42129,102235,-29796.8,32200.9,8.1,-0.044,51468048,LOCKED
52702,936.537,-51731905172263,-56454,3652,-29877.8,33071.5,8.1,-0.046,51431633,LOCKED
52703,937.537,-51731905156881,-10970,49136,-29870.5,33041.5,8.1,-0.048,51533531,LOCKED
52704,938.537,-51731905174479,-17,60089,-29805.6,32656.2,8.0,-0.044,51605480,LOCKED
52705,939.536,-51731905187581,16665,76771,-29832.3,32446.3,8.1,-0.046,51688400,LOCKED
52706,940.537,-51731905198594,33019,93125,-29766.1,32748.4,8.0,-0.042,51768324,LOCKED
52707,941.537,-51731905209532,46909,107015,-29601.5,32745.4,8.1,-0.037,51737397,LOCKED
52708,942.537,-51731905314897,-25979,34127,-29699.6,32682.3,8.1,-0.032,51835099,LOCKED
52709,943.537,-51731905321439,-2957,57149,-29688.0,32659.0,8.1,-0.034,51919565,LOCKED
52710,944.537,-51731905317871,26826,86932,-29561.9,32286.3,8.0,-0.029,51900947,LOCKED
52711,945.537,-51731905423584,-45254,14852,-29686.7,32677.2,8.0,-0.031,52000035,LOCKED
52712,946.537,-51731905421758,-13101,47005,-29696.3,32709.3,8.0,-0.033,52096480,LOCKED
52713,947.538,-51731905415104,20504,80610,-29595.5,32440.8,8.1,-0.024,52194689,LOCKED
52714,948.538,-51731905520094,-49712,10394,-29767.3,32481.2,7.9,-0.038,52178553,LOCKED
52715,949.537,-51731905523436,-21207,38899,-29834.2,32527.1,7.9,-0.041,52263894,LOCKED
52716,950.538,-51731905531025,291,60397,-29798.0,32409.3,7.9,-0.045,52349819,LOCKED
52717,951.537,-51731905532607,28627,88733,-29851.6,31636.5,7.8,-0.035,52437906,LOCKED
52718,952.537,-51731905547365,41576,101682,-29815.4,32010.1,8.0,-0.018,52518101,LOCKED
52719,953.537,-51731905648138,-26966,33140,-29889.3,32153.0,8.0,0.010,52503790,LOCKED
52720,954.539,-51731905667485,-14931,45175,-29937.8,32170.3,7.9,0.036,52601249,LOCKED
52721,955.538,-51731905632094,48079,108185,-29903.9,32593.3,7.7,0.062,52702935,LOCKED
52722,956.538,-51731905663115,45225,105331,-29893.9,32730.3,7.5,0.089,52770539,LOCKED
52723,957.537,-51731905752033,-11991,48115,-29962.8,32559.7,7.5,0.102,52766408,LOCKED
52724,958.537,-51731905789055,-18636,41470,-29952.1,32484.7,7.4,0.115,52855289,LOCKED
52725,959.537,-51731905844589,-42808,17298,-29950.1,32456.3,7.3,0.132,52837935,LOCKED
52726,960.539,-51731905857795,-23971,36135,-30013.1,32578.8,7.8,0.105,52937282,LOCKED
52727,961.539,-51731905855990,6561,66667,-29960.8,32437.3,7.8,0.097,53030622,LOCKED
52728,962.538,-51731905844083,43737,103843,-29802.9,32372.3,7.9,0.091,53138118,LOCKED
52729,963.538,-51731905966233,-44821,15285,-29914.5,32840.1,7.9,0.096,53106044,LOCKED
52730,964.538,-51731905911208,36446,96552,-29794.7,32927.5,8.3,0.081,53247691,LOCKED
52731,965.538,-51731906030755,-49060,11046,-29921.8,33444.1,9.1,0.058,53223506,LOCKED
52732,966.538,-51731906044161,-30422,29684,-29975.4,33698.3,9.8,0.039,53299742,LOCKED
52733,967.538,-51731906039526,2972,63078,-29920.5,33480.5,9.8,0.037,53395010,LOCKED
52734,968.539,-51731906043498,25715,85821,-29805.8,33226.6,9.5,0.027,53484055,LOCKED
52735,969.539,-51731906060625,36940,97046,-29795.9,33333.3,9.6,0.019,53559156,LOCKED
52736,970.539,-51731906180402,-50014,10092,-29861.4,33974.7,9.7,0.012,53526046,LOCKED
52737,971.539,-51731906183400,-22878,37228,-29836.6,33744.6,9.6,0.013,53617785,LOCKED
52738,972.538,-51731906179738,10927,71033,-29869.9,33532.2,9.9,0.002,53713325,LOCKED
52739,973.539,-51731906169277,47880,107986,-29783.6,34156.3,9.9,-0.002,53814542,LOCKED
52740,974.539,-51731906280608,-32650,27456,-29779.2,34110.4,9.9,-0.001,53793093,LOCKED
52741,975.539,-51731906296584,-16556,43550,-29864.3,33907.7,9.9,-0.001,53871190,LOCKED
52742,976.539,-51731906299985,8874,68980,-29828.2,33892.0,10.0,-0.005,53958139,LOCKED
52743,977.539,-51731906291732,42420,102526,-29675.9,33843.9,10.1,-0.008,54053525,LOCKED
52744,978.539,-51731906411118,-42921,17185,-29819.2,33935.1,10.2,-0.011,54027108,LOCKED
52745,979.539,-51731906416856,-17388,42718,-29861.7,34004.6,10.5,-0.017,54113061,LOCKED
52746,980.539,-51731906406458,20318,80424,-29769.9,33838.5,10.5,-0.022,54213381,LOCKED
52747,981.539,-51731906406987,48012,108118,-29773.9,33778.2,10.5,-0.027,54305328,LOCKED
52748,982.540,-51731906532325,-44000,16106,-29875.3,34251.2,10.5,-0.032,54271591,LOCKED
52749,983.540,-51731906521695,-3398,56708,-29874.3,34250.1,10.6,-0.034,54377547,LOCKED
52750,984.539,-51731906498431,47763,107869,-29856.7,34480.7,10.5,-0.039,54378000,LOCKED
52751,985.540,-51731906602008,-23049,37057,-29961.3,34263.2,10.5,-0.038,54475640,LOCKED
52752,986.540,-51731906602053,5714,63237,-29914.1,34150.5,10.5,-0.041,54568830,LOCKED
52753,987.539,-51731906607011,30475,87998,-29955.4,33609.6,10.4,-0.045,54655717,LOCKED
52754,988.539,-51731906709357,-38587,18936,-30054.7,33927.0,10.3,-0.051,54644635,LOCKED
52755,989.540,-51731906716351,-15150,42373,-30048.0,33891.3,10.4,-0.052,54730028,LOCKED
52756,990.539,-51731906721085,8207,65730,-29965.4,33496.1,10.5,-0.052,54816596,LOCKED
52757,991.540,-51731906764323,-4077,53446,-30007.2,33392.8,10.7,-0.048,54903614,LOCKED
52758,992.539,-51731906826513,-34328,23195,-30045.0,33671.8,10.8,-0.047,54880675,LOCKED
52759,993.540,-51731906846691,-23874,33649,-30034.1,33579.4,11.1,-0.047,54966533,LOCKED
52760,994.540,-51731906810187,40814,98337,-30011.1,33824.6,11.4,-0.046,55092899,LOCKED
52761,995.540,-51731906924980,-42443,15080,-30015.4,33878.9,11.3,-0.037,55068506,LOCKED
52762,996.540,-51731906947964,-31087,26436,-30176.2,33133.2,11.6,-0.034,55165670,LOCKED
52763,997.540,-51731906908743,36499,94022,-30148.0,33387.2,11.6,-0.031,55270303,LOCKED
52764,998.541,-51731907010500,-32562,24961,-30219.0,33661.3,11.8,-0.026,55259627,LOCKED
52765,999.540,-51731907006054,1719,59242,-30203.0,33647.0,11.9,-0.009,55354556,LOCKED
52766,1000.540,-51731906996448,37920,95443,-30088.8,33837.7,12.1,-0.001,55459028,LOCKED
52767,1001.540,-51731906996410,61969,119492,-29893.2,34211.7,11.9,0.019,55548849,LOCKED
52768,1002.541,-51731907119175,-28220,29303,-29978.1,34316.0,11.6,0.042,55520202,LOCKED
52769,1003.541,-51731907101569,18078,75601,-29945.0,34403.6,11.8,0.021,55631090,LOCKED
52770,1004.540,-51731907083885,60267,117790,-29777.9,35042.4,11.7,0.022,55626820,LOCKED
52771,1005.540,-51731907195310,-18779,38744,-29874.5,34787.0,11.9,0.009,55717283,LOCKED
52772,1006.540,-51731907191908,13816,71339,-29864.0,34821.3,11.8,0.014,55810484,LOCKED
52773,1007.540,-51731907196245,35830,93353,-29751.0,34943.8,11.9,0.005,55897686,LOCKED
52774,1008.540,-51731907212219,47825,105348,-29743.1,35051.8,12.0,-0.002,55862948,LOCKED
52775,1009.540,-51731907317778,-25563,31960,-29819.9,35136.2,12.1,-0.006,55959007,LOCKED
52776,1010.542,-51731907316584,5036,62559,-29807.9,35142.0,12.2,-0.009,56054892,LOCKED
52777,1011.542,-51731907304917,42475,99998,-29680.2,35372.9,12.2,-0.009,56156039,LOCKED
52778,1012.540,-51731907417716,-39631,17892,-29663.9,35158.4,12.0,-0.029,56129999,LOCKED
52779,1013.541,-51731907413250,-4469,53054,-29707.2,35056.2,11.7,-0.044,56228997,LOCKED
52780,1014.541,-51731907469218,-28351,29172,-29777.0,35232.8,11.3,-0.057,56261269,LOCKED
52781,1015.542,-51731907475251,-6038,51485,-29696.5,34529.6,10.9,-0.068,56349169,LOCKED
52782,1016.541,-51731907508209,-10495,47028,-29620.2,33771.9,10.4,-0.077,56413804,LOCKED
52783,1017.541,-51731907492939,32222,89745,-29567.1,34053.2,10.1,-0.067,56510850,LOCKED
52784,1018.540,-51731907498507,52843,110366,-29489.1,34782.6,9.6,-0.073,56600813,LOCKED
52785,1019.541,-51731907628483,-43442,14081,-29623.3,34991.9,9.0,-0.070,56561307,LOCKED
52786,1020.541,-51731907622424,-6571,50952,-29670.8,34892.2,9.0,-0.067,56658348,LOCKED
52787,1021.541,-51731907616442,26881,84404,-29607.3,35059.9,9.1,-0.057,56754680,LOCKED
52788,1022.543,-51731907642275,26915,84438,-29468.3,34524.0,8.9,-0.054,56725992,LOCKED
52789,1023.542,-51731907711354,-10681,46842,-29549.5,34213.3,8.3,-0.056,56842165,LOCKED
52790,1024.542,-51731907785119,-52862,4661,-29561.5,34394.6,8.5,-0.048,56859301,LOCKED
52791,1025.542,-51731907766692,-3136,54387,-29641.7,33906.7,8.5,-0.048,56970518,LOCKED
52792,1026.542,-51731907841506,-44184,13339,-29770.9,34200.2,8.4,-0.047,57053281,LOCKED
52793,1027.542,-51731907772680,50830,108353,-29679.4,34889.3,8.6,-0.053,57035829,LOCKED
52794,1028.543,-51731907864647,-11677,45846,-29649.2,34703.7,8.6,-0.051,57147113,LOCKED
52795,1029.545,-51731907842588,35994,93517,-29510.6,34555.4,8.6,-0.053,57258736,LOCKED
52796,1030.541,-51731907929347,-18441,39082,-29618.2,34151.7,8.7,-0.054,57261953,LOCKED
52797,1031.542,-51731907901085,37540,95063,-29587.4,34423.4,8.8,-0.056,57381339,LOCKED
52798,1032.545,-51731908014667,-43875,13648,-29641.2,34889.0,8.8,-0.057,57360047,LOCKED
52799,1033.542,-51731908012852,-13367,44156,-29572.2,34195.7,8.8,-0.058,57455602,LOCKED
52800,1034.542,-51731907981192,45615,103138,-29537.6,34574.0,8.6,-0.056,57464933,LOCKED
52801,1035.542,-51731908093797,-34600,22923,-29620.2,34850.5,8.4,-0.050,57553611,LOCKED
52802,1036.544,-51731908088970,-531,56992,-29600.7,34814.8,8.7,-0.046,57653516,LOCKED
52803,1037.543,-51731908091903,22762,80285,-29472.7,34278.8,8.7,-0.044,57736453,LOCKED
52804,1038.543,-51731908108697,34314,91837,-29474.5,34259.6,8.8,-0.044,57814824,LOCKED
52805,1039.544,-51731908226068,-49670,7853,-29584.1,34873.7,8.7,-0.047,57787974,LOCKED
52806,1040.543,-51731908226985,-20453,37070,-29577.0,34825.8,8.7,-0.045,57881685,LOCKED
52807,1041.543,-51731908224631,8915,66438,-29465.9,34051.9,8.8,-0.043,57969128,LOCKED
52808,1042.542,-51731908217752,43559,101082,-29454.8,34189.4,8.8,-0.042,58069753,LOCKED
52809,1043.543,-51731908342975,-48874,8649,-29537.4,34826.7,8.8,-0.041,58032060,LOCKED
52810,1044.543,-51731908321078,629,58152,-29443.4,34076.1,8.9,-0.039,58147780,LOCKED
52811,1045.543,-51731908315102,34286,91809,-29413.9,34310.8,8.7,-0.030,58244160,LOCKED
52812,1046.550,-51731908331057,44243,101766,-29315.5,34795.3,8.7,-0.019,58205494,LOCKED
52813,1047.543,-51731908438592,-33056,24467,-29305.6,34688.3,8.5,-0.008,58302907,LOCKED
52814,1048.542,-51731908427352,8097,65620,-29349.0,34417.8,8.5,-0.003,58405535,LOCKED
52815,1049.544,-51731908433570,29614,87137,-29319.0,34610.4,8.5,0.002,58486796,LOCKED
52816,1050.544,-51731908453360,36188,93711,-29234.0,34917.7,8.5,0.007,58446806,LOCKED
52817,1051.543,-51731908558913,-37535,19988,-29299.1,35287.7,8.8,-0.001,58547098,LOCKED
52818,1052.544,-51731908559226,-6867,50656,-29370.3,35000.7,8.8,0.006,58633698,LOCKED
52819,1053.543,-51731908555653,25286,82809,-29373.7,34974.5,8.8,-0.002,58727222,LOCKED
52820,1054.543,-51731908655956,-43932,13591,-29384.6,35108.2,8.8,-0.011,58720540,LOCKED
52821,1055.544,-51731908660998,-16761,40762,-29495.8,34607.0,8.8,0.006,58806058,LOCKED
52822,1056.543,-51731908673754,1446,58969,-29570.3,34088.4,8.8,0.007,58883273,LOCKED
52823,1057.544,-51731908686924,15959,73482,-29504.1,34028.6,8.7,0.021,58958285,LOCKED
52824,1058.543,-51731908719186,13955,71478,-29564.4,33442.7,8.7,0.020,59042503,LOCKED
52825,1059.544,-51731908800484,-34748,22775,-29655.5,33693.0,8.8,0.003,59033331,LOCKED
52826,1060.543,-51731908840322,-42663,14860,-29695.9,34083.5,8.7,-0.014,59112374,LOCKED
52827,1061.543,-51731908806072,18259,75782,-29577.7,33514.5,8.8,-0.000,59205550,LOCKED
52828,1062.545,-51731908795681,55773,113296,-29549.9,33929.1,8.7,0.016,59195066,LOCKED
52829,1063.543,-51731908904403,-22093,35430,-29577.3,34050.2,8.7,0.023,59289575,LOCKED
52830,1064.544,-51731908863806,43176,100699,-29408.1,33782.9,8.7,0.014,59311487,LOCKED
52831,1065.546,-51731908962936,-24039,33484,-29491.3,33791.1,8.7,0.019,59415691,LOCKED
52832,1066.545,-51731908952517,14605,72128,-29453.4,33835.9,8.7,0.012,59515933,LOCKED
52833,1067.546,-51731909055100,-55823,1700,-29493.2,34381.6,8.7,0.015,59503076,LOCKED
52834,1068.544,-51731909044837,-16587,40936,-29439.9,33860.0,8.7,0.019,59604743,LOCKED
52835,1069.544,-51731909057198,1342,58865,-29484.0,33669.0,8.7,0.014,59681866,LOCKED
52836,1070.545,-51731909053309,32378,89901,-29423.0,33953.3,8.7,0.009,59781265,LOCKED
52837,1071.545,-51731909069491,41158,98681,-29272.3,33867.9,8.7,0.005,59743192,LOCKED
52838,1072.545,-51731909179261,-35644,21879,-29394.6,33896.6,8.7,0.001,59838131,LOCKED
52839,1073.545,-51731909195663,-21048,36475,-29438.4,34012.7,8.7,-0.003,59912446,LOCKED
52840,1074.544,-51731909171950,31065,88588,-29439.1,34006.0,8.7,-0.007,59913652,LOCKED
52841,1075.545,-51731909286363,-50099,7424,-29542.9,34657.6,8.7,-0.004,60002669,LOCKED
52842,1076.545,-51731909320943,-51051,6472,-29658.7,35285.6,8.7,-0.008,60063500,LOCKED
52843,1077.544,-51731909307314,-8162,49361,-29625.5,35110.8,8.5,-0.009,60162359,LOCKED
52844,1078.544,-51731909292468,32190,89713,-29476.6,34649.4,8.5,-0.012,60272159,LOCKED
52845,1079.545,-51731909314846,38166,95689,-29485.0,34546.1,8.7,-0.018,60227961,LOCKED
52846,1080.545,-51731909414261,-29398,28125,-29552.3,34754.4,9.0,-0.024,60329449,LOCKED
52847,1081.545,-51731909414007,-446,57077,-29509.6,34590.5,9.0,-0.026,60417780,LOCKED
52848,1082.546,-51731909412564,27515,85038,-29408.3,34548.8,8.9,-0.026,60513391,LOCKED
52849,1083.545,-51731909532709,-58898,0,-29522.8,35452.0,8.9,-0.028,60484660,LOCKED
52850,1084.545,-51731909511852,-6193,52705,-29626.8,34719.7,8.6,-0.025,60598392,LOCKED
52851,1085.544,-51731909521002,13656,72554,-29618.7,34747.6,8.6,-0.024,60680842,LOCKED
52852,1086.545,-51731909522963,40439,99337,-29643.1,34395.9,8.5,-0.023,60656980,LOCKED
52853,1087.545,-51731909623897,-30239,28659,-29622.8,34172.4,8.5,-0.031,60762564,LOCKED
52854,1088.545,-51731909613864,9429,68327,-29639.2,34101.6,8.7,-0.032,60865848,LOCKED
52855,1089.545,-51731909619029,30632,89530,-29529.3,34078.5,8.9,-0.036,60952633,LOCKED
52856,1090.545,-51731909742739,-58686,212,-29670.7,34871.1,9.1,-0.040,60918691,LOCKED
52857,1091.546,-51731909742113,-27623,31275,-29662.3,34795.2,9.0,-0.049,61012324,LOCKED
52858,1092.546,-51731909782323,-34013,24885,-29810.0,34430.7,9.2,-0.047,61094553,LOCKED
52859,1093.545,-51731909744725,32001,90899,-29794.8,34558.9,9.4,-0.051,61190389,LOCKED
52860,1094.545,-51731909863421,-54455,4443,-29824.3,34969.6,9.5,-0.054,61221219,LOCKED
52861,1095.546,-51731909824842,14524,73422,-29876.8,34500.8,10.1,-0.051,61316930,LOCKED
52862,1096.545,-51731909912996,-40497,18401,-29969.5,34896.1,9.9,-0.040,61297977,LOCKED
52863,1097.546,-51731909951581,-46332,12566,-30029.0,35418.8,9.8,-0.035,61385321,LOCKED
52864,1098.545,-51731909916974,16285,75183,-29956.8,35327.0,9.8,-0.036,61477974,LOCKED
52865,1099.546,-51731909913700,48305,107203,-29977.8,34986.6,9.9,-0.029,61574512,LOCKED
52866,1100.546,-51731910018822,-23972,34926,-30078.9,34838.9,9.8,-0.022,61562604,LOCKED
52867,1101.546,-51731910014991,9440,68338,-30070.1,34857.3,9.7,-0.014,61653597,LOCKED
52868,1102.545,-51731910024505,26960,85858,-29965.8,34769.3,9.7,-0.015,61741002,LOCKED
52869,1103.546,-51731910033339,46948,105846,-29987.8,34413.5,9.7,-0.016,61710433,LOCKED
52870,1104.546,-51731910103830,6361,65259,-29994.3,34397.2,9.6,-0.005,61843343,LOCKED
52871,1105.547,-51731910106224,30905,89803,-29895.5,34479.8,9.6,-0.005,61931535,LOCKED
52872,1106.546,-51731910226198,-56733,2165,-29920.9,34861.3,9.4,-0.018,61904142,LOCKED
52873,1107.546,-51731910236515,-33566,25332,-30040.2,34845.2,9.3,-0.005,61990137,LOCKED
52874,1108.546,-51731910223509,8756,67654,-30019.2,34862.7,9.3,-0.006,62089856,LOCKED
52875,1109.546,-51731910227235,31851,90749,-29915.0,34930.0,9.3,-0.006,62178457,LOCKED
52876,1110.547,-51731910244645,40113,99011,-29773.2,34916.6,9.2,0.008,62138833,LOCKED
52877,1111.546,-51731910345783,-28193,30705,-29876.6,34876.4,8.5,0.039,62241866,LOCKED
52878,1112.547,-51731910340572,6591,65489,-29872.7,34882.9,8.7,0.028,62337885,LOCKED
52879,1113.546,-51731910356107,18600,77498,-29789.2,34751.5,8.5,0.049,62411300,LOCKED
52880,1114.547,-51731910436458,-28589,30309,-29907.4,34568.2,8.1,0.075,62426198,LOCKED
52881,1115.547,-51731910432080,5914,64812,-29928.0,34494.2,8.0,0.069,62517261,LOCKED
52882,1116.547,-51731910451816,15109,74007,-29904.1,34554.6,7.8,0.064,62590723,LOCKED
52883,1117.547,-51731910456374,37303,96201,-29811.2,34859.1,7.6,0.060,62680457,LOCKED
52884,1118.547,-51731910471384,48195,107093,-29699.3,35404.6,7.4,0.057,62642316,LOCKED
52885,1119.547,-51731910583121,-30537,28361,-29811.0,35361.0,7.4,0.056,62736461,LOCKED
52886,1120.547,-51731910575071,8401,67299,-29878.0,34809.1,7.6,0.064,62833242,LOCKED
52887,1121.547,-51731910590560,20821,79719,-29815.9,34867.5,7.3,0.062,62916362,LOCKED
52888,1122.549,-51731910696187,-53300,5598,-29810.2,34772.5,7.1,0.062,62893124,LOCKED
52889,1123.547,-51731910721825,-45256,13642,-29925.1,35203.5,7.1,0.054,62985471,LOCKED
52890,1124.547,-51731910752785,-44853,14045,-29921.0,35147.3,7.7,0.067,63117283,LOCKED
52891,1125.548,-51731910775723,-34729,24169,-30017.6,35354.5,7.6,0.074,63090529,LOCKED
52892,1126.547,-51731910778866,-7925,50973,-30000.9,35291.5,7.6,0.074,63176255,LOCKED
52893,1127.547,-51731910829325,-24731,34167,-30139.3,34678.1,7.5,0.080,63266746,LOCKED
52894,1128.548,-51731910783094,48897,107795,-30086.0,35218.9,7.4,0.086,63247745,LOCKED
52895,1129.548,-51731910907079,-42066,16832,-30160.2,35679.2,7.4,0.086,63328828,LOCKED
52896,1130.548,-51731910885638,7840,66738,-30089.9,35425.4,7.4,0.087,63439461,LOCKED
52897,1131.547,-51731910884588,34822,93720,-29943.5,35122.9,7.4,0.087,63536297,LOCKED
52898,1132.547,-51731910992750,-39690,19208,-30059.6,35351.1,7.4,0.088,63515547,LOCKED
52899,1133.548,-51731910988716,-4695,54203,-30096.1,35289.0,7.4,0.088,63612146,LOCKED
52900,1134.548,-51731910959448,49900,108798,-29944.8,35592.1,7.5,0.092,63733157,LOCKED
52901,1135.548,-51731911077247,-34027,24871,-30081.2,35395.5,7.4,0.099,63708847,LOCKED
52902,1136.548,-51731911103173,-26179,32719,-30219.1,34851.5,7.3,0.100,63778246,LOCKED
52903,1137.548,-51731911084524,21655,80553,-30204.4,34929.1,7.5,0.104,63884676,LOCKED
52904,1138.547,-51731911089297,42969,101867,-30073.6,35151.3,7.6,0.108,63971839,LOCKED
52905,1139.548,-51731911104646,52506,111404,-29906.0,35386.9,7.6,0.105,63933635,LOCKED
52906,1140.548,-51731911209045,-19838,39060,-29978.5,35368.3,7.6,0.104,64034359,LOCKED
52907,1141.547,-51731911217986,906,59804,-29965.6,35357.6,7.7,0.103,64116900,LOCKED
52908,1142.548,-51731911229572,16753,75651,-29869.0,35045.8,7.8,0.106,64198348,LOCKED
52909,1143.548,-51731911232925,42077,100975,-29880.5,34888.4,7.9,0.109,64283520,LOCKED
52910,1144.548,-51731911309073,-3925,54973,-29887.1,34892.5,8.1,0.111,64299320,LOCKED
52911,1145.548,-51731911303619,28680,87578,-29800.3,34995.2,8.2,0.114,64397225,LOCKED
52912,1146.548,-51731911327412,30727,89625,-29656.8,34552.7,8.3,0.117,64465309,LOCKED
52913,1147.549,-51731911349829,36015,94913,-29620.8,34833.5,8.2,0.112,64421398,LOCKED
52914,1148.548,-51731911442992,-26549,32349,-29624.7,34863.1,8.3,0.107,64538705,LOCKED
52915,1149.548,-51731911444541,-224,58674,-29538.2,34207.4,8.3,0.102,64621308,LOCKED
52916,1150.549,-51731911450923,22813,81711,-29570.4,33889.2,8.4,0.095,64708134,LOCKED
52917,1151.549,-51731911458641,42195,101093,-29519.2,34324.7,8.4,0.087,64678631,LOCKED
52918,1152.549,-51731911552459,-19896,39002,-29594.6,34287.4,8.3,0.078,64790599,LOCKED
52919,1153.549,-51731911548417,11456,70354,-29501.3,33851.1,8.3,0.067,64882072,LOCKED
52920,1154.548,-51731911644320,-49902,8996,-29666.2,33998.6,8.2,0.055,64876011,LOCKED
52921,1155.549,-51731911654077,-28685,30213,-29682.7,34120.9,7.6,0.028,64960790,LOCKED
52922,1156.548,-51731911647611,8274,67172,-29736.4,33728.5,7.4,0.010,65058995,LOCKED
52923,1157.549,-51731911648920,35987,94885,-29761.2,33393.6,7.5,0.002,65148332,LOCKED
52924,1158.549,-51731911771530,-53565,5333,-29834.0,34137.6,7.5,0.008,65114080,LOCKED
52925,1159.549,-51731911779656,-31254,27644,-29811.6,33876.2,7.2,-0.003,65198907,LOCKED
52926,1160.549,-51731911797270,-16841,42057,-29892.5,33719.3,7.2,-0.017,65272975,LOCKED
52927,1161.549,-51731911843464,-31046,27852,-29943.8,33981.0,7.2,-0.015,65351798,LOCKED
52928,1162.549,-51731911792873,45563,104461,-29826.7,34419.2,7.2,-0.029,65459354,LOCKED
52929,1163.549,-51731911901816,-32882,26016,-29804.9,34157.6,7.2,-0.031,65442791,LOCKED
52930,1164.549,-51731911871951,24825,83723,-29749.8,34311.8,7.1,-0.034,65565925,LOCKED
52931,1165.549,-51731911868799,52796,111694,-29595.3,34723.2,7.1,-0.039,65547841,LOCKED
52932,1166.549,-51731911987345,-32113,26785,-29740.5,34311.4,7.2,-0.029,65635365,LOCKED
52933,1167.550,-51731911961367,23270,82168,-29762.8,34108.5,7.2,-0.020,65747979,LOCKED
52934,1168.549,-51731912059489,-42328,16570,-29828.0,34582.5,7.2,-0.012,65742299,LOCKED
52935,1169.549,-51731912052867,-6499,52399,-29786.7,34351.9,7.1,-0.006,65846277,LOCKED
52936,1170.550,-51731912043610,28952,87850,-29658.3,34048.6,7.4,0.009,65943391,LOCKED
52937,1171.549,-51731912153559,-47232,11666,-29781.5,34505.6,7.4,0.013,65920743,LOCKED
52938,1172.549,-51731912148766,-12123,46775,-29787.6,34524.9,6.9,0.017,66015269,LOCKED
52939,1173.549,-51731912142940,21194,80092,-29710.0,34502.7,6.8,0.019,66114156,LOCKED
52940,1174.549,-51731912222860,-26288,32610,-29800.3,34517.5,6.8,0.021,66126209,LOCKED
52941,1175.550,-51731912222826,3106,62004,-29783.8,34509.6,6.7,0.023,66213647,LOCKED
52942,1176.550,-51731912244162,10240,69138,-29736.3,34461.5,6.6,0.024,66289509,LOCKED
52943,1177.549,-51731912243892,36176,95074,-29596.4,34303.0,6.5,0.024,66377718,LOCKED
52944,1178.550,-51731912254502,49492,108390,-29400.1,33909.4,6.4,0.025,66349157,LOCKED
52945,1179.550,-51731912358880,-23371,35527,-29465.1,34006.5,6.3,0.025,66442619,LOCKED
52946,1180.550,-51731912360254,3680,62578,-29420.1,33878.7,6.3,0.026,66535831,LOCKED
52947,1181.550,-51731912348652,40543,99441,-29283.1,33941.5,6.2,0.025,66639339,LOCKED
52948,1182.550,-51731912469002,-46082,12816,-29424.7,34190.4,6.0,0.024,66609548,LOCKED
52949,1183.550,-51731912473356,-18480,40418,-29518.4,33952.0,5.5,0.017,66692732,LOCKED
52950,1184.550,-51731912450936,32599,91497,-29530.5,33816.7,5.3,0.016,66692497,LOCKED
52951,1185.550,-51731912569709,-51810,7088,-29681.9,34221.8,5.5,0.014,66781684,LOCKED
52952,1186.550,-51731912581846,-31631,27267,-29758.7,34450.5,5.5,0.009,66859605,LOCKED
52953,1187.550,-51731912580384,779,59677,-29818.5,34123.7,5.5,0.011,66948287,LOCKED
52954,1188.551,-51731912604177,5069,63967,-29741.6,33721.9,5.5,0.012,67019896,LOCKED
52955,1189.550,-51731912606915,31740,90638,-29778.1,33237.8,5.4,0.010,67108188,LOCKED
52956,1190.550,-51731912629304,36715,95613,-29720.6,33605.5,5.2,0.007,67067663,LOCKED
52957,1191.550,-51731912732658,-35449,23449,-29733.8,33736.2,5.1,0.004,67169863,LOCKED
52958,1192.550,-51731912746016,-16172,42726,-29849.5,33123.4,5.2,0.003,67243740,LOCKED
52959,1193.550,-51731912758533,1752,60650,-29881.5,33012.8,5.0,-0.001,67327717,LOCKED
52960,1194.550,-51731912846877,-54284,4614,-29910.4,33433.4,5.0,0.000,67329110,LOCKED
52961,1195.551,-51731912865674,-38718,20180,-30064.8,33173.8,5.0,0.001,67405774,LOCKED
52962,1196.551,-51731912874660,-14824,44074,-30178.5,32532.7,4.8,-0.004,67489114,LOCKED
52963,1197.551,-51731912876154,13133,72031,-30164.6,32573.9,4.8,-0.003,67586335,LOCKED
52964,1198.551,-51731912945696,-25214,33684,-30173.3,32637.4,4.8,-0.003,67582630,LOCKED
52965,1199.551,-51731912965189,-14775,44123,-30136.8,32339.4,4.8,-0.009,67672414,LOCKED
52966,1200.551,-51731912949756,30015,88913,-30148.5,32212.0,4.8,-0.009,67776990,LOCKED
52967,1201.551,-51731912944945,61315,120213,-30070.7,33190.8,4.8,-0.008,67870488,LOCKED
52968,1202.551,-51731913051523,-14288,44610,-30091.4,33245.7,4.8,-0.008,67858230,LOCKED
52969,1203.551,-51731913042053,22666,81352,-30000.9,33156.1,4.8,-0.007,67958469,LOCKED
52970,1204.551,-51731913127549,-30214,28472,-30079.2,33351.7,4.8,-0.006,67966213,LOCKED
52971,1205.551,-51731913172540,-42826,15860,-30120.9,33756.0,4.8,-0.006,68014497,LOCKED
52972,1206.552,-51731913162257,-3104,55582,-30082.2,33585.1,4.8,-0.005,68118469,LOCKED
52973,1207.552,-51731913157859,28187,86873,-29972.3,33476.8,4.6,-0.017,68211585,LOCKED
52974,1208.551,-51731913157620,55444,114130,-29919.5,34140.4,4.6,-0.017,68303444,LOCKED
52975,1209.551,-51731913281150,-35794,22892,-29976.5,34481.8,4.6,-0.013,68271936,LOCKED
52976,1210.551,-51731913270152,3983,62669,-29924.2,34307.3,4.6,-0.010,68374364,LOCKED
52977,1211.552,-51731913266498,33453,92139,-29778.0,33935.1,4.6,-0.007,68470623,LOCKED
52978,1212.551,-51731913379848,-46546,12140,-29876.1,34495.1,4.9,0.010,68447693,LOCKED
52979,1213.552,-51731913403600,-38534,20152,-29904.7,34759.2,4.9,0.012,68516340,LOCKED
52980,1214.551,-51731913383536,12146,70832,-29959.9,34290.3,4.9,0.014,68626965,LOCKED
52981,1215.552,-51731913400125,24725,83411,-29962.2,34272.5,4.9,0.016,68702273,LOCKED
52982,1216.552,-51731913393907,56629,115315,-29846.3,35101.1,4.9,0.019,68795658,LOCKED
52983,1217.553,-51731913521685,-39973,18713,-29845.0,35086.0,4.9,0.023,68762412,LOCKED
52984,1218.552,-51731913521615,-7715,50971,-29947.4,34420.5,4.9,0.022,68855981,LOCKED
52985,1219.552,-51731913515204,27869,86555,-29955.8,34342.8,4.9,0.022,68949803,LOCKED
52986,1220.552,-51731913522938,47553,106239,-29910.3,34821.5,4.6,0.023,69034298,LOCKED
52987,1221.552,-51731913537932,59663,118349,-29871.7,35383.6,4.6,0.023,68998636,LOCKED
52988,1222.552,-51731913649886,-22371,36315,-29836.8,35046.4,4.6,0.033,69089698,LOCKED
52989,1223.552,-51731913659255,-623,58063,-29898.7,34728.8,4.6,0.032,69171166,LOCKED
52990,1224.552,-51731913637831,46647,105333,-29777.2,35167.4,4.6,0.031,69173376,LOCKED
52991,1225.552,-51731913752580,-37793,20893,-29740.3,34630.5,4.8,0.037,69264131,LOCKED
52992,1226.552,-51731913753141,-7146,51540,-29800.6,34446.1,4.8,0.037,69353397,LOCKED
52993,1227.552,-51731913759548,14311,72997,-29729.2,34314.2,5.0,0.042,69435857,LOCKED
52994,1228.552,-51731913765328,37094,95780,-29733.7,34261.4,5.2,0.047,69521345,LOCKED
52995,1229.552,-51731913782090,46968,105654,-29659.6,34844.1,5.3,0.052,69484633,LOCKED
52996,1230.552,-51731913886244,-26921,31765,-29644.5,34701.5,5.1,0.052,69582765,LOCKED
52997,1231.552,-51731913882399,7583,66269,-29707.1,34216.1,5.2,0.056,69684767,LOCKED
52998,1232.552,-51731913913220,6432,65118,-29716.0,34191.6,5.4,0.060,69763795,LOCKED
52999,1233.553,-51731914000146,-48258,10428,-29759.4,34667.7,5.5,0.063,69745562,LOCKED
53000,1234.553,-51731914023517,-38254,20432,-29873.5,34865.6,5.5,0.062,69843919,LOCKED
53001,1235.553,-51731914023426,-7748,50938,-29887.2,34881.5,5.7,0.065,69904889,LOCKED
53002,1236.553,-51731914058793,-12640,46046,-29895.1,34906.1,5.8,0.068,69964678,LOCKED
53003,1237.553,-51731914060747,13025,71711,-29804.8,34558.6,5.9,0.070,70048800,LOCKED
53004,1238.553,-51731914107781,-5957,52729,-29708.7,33568.0,5.9,0.070,70125288,LOCKED
53005,1239.553,-51731914167664,-33453,25233,-29784.6,33847.5,5.9,0.069,70099024,LOCKED
53006,1240.553,-51731914198557,-32870,25816,-29813.0,34065.5,5.9,0.068,70186211,LOCKED
53007,1241.553,-51731914203911,-9799,48887,-29728.4,33167.0,6.0,0.068,70270689,LOCKED
53008,1242.553,-51731914192285,30465,89151,-29725.6,33193.4,6.0,0.067,70373929,LOCKED
53009,1243.553,-51731914206395,43232,101918,-29657.5,33703.2,5.8,0.063,70342394,LOCKED
53010,1244.553,-51731914277350,178,58864,-29571.5,33042.7,5.6,0.058,70477133,LOCKED
53011,1245.554,-51731914271123,34867,93553,-29575.1,33002.0,5.3,0.052,70571305,LOCKED
53012,1246.553,-51731914380721,-41526,17160,-29684.3,33361.1,5.1,0.047,70553370,LOCKED
53013,1247.553,-51731914371467,-2668,56018,-29676.0,33347.8,5.1,0.046,70654582,LOCKED
53014,1248.553,-51731914370441,25753,84439,-29606.7,33478.7,5.1,0.046,70746361,LOCKED
53015,1249.554,-51731914477406,-49666,9020,-29619.3,33660.5,5.2,0.046,70734656,LOCKED
53016,1250.554,-51731914486323,-28777,29909,-29580.5,33174.2,5.3,0.045,70815408,LOCKED
53017,1251.554,-51731914488702,-794,57892,-29617.6,33058.9,5.4,0.045,70905408,LOCKED
53018,1252.553,-51731914505035,11863,70549,-29606.5,33089.6,5.2,0.052,70978992,LOCKED
53019,1253.554,-51731914503810,39532,98218,-29516.9,33485.3,5.2,0.052,71069452,LOCKED
53020,1254.554,-51731914591777,-16187,42499,-29624.2,32995.5,5.2,0.052,71077276,LOCKED
53021,1255.554,-51731914605594,909,59595,-29689.1,32591.6,5.2,0.053,71147866,LOCKED
53022,1256.554,-51731914628175,8156,66842,-29709.6,32499.2,5.4,0.051,71223600,LOCKED
53023,1257.554,-51731914628948,34437,93123,-29636.3,32818.9,5.5,0.049,71310376,LOCKED
53024,1258.554,-51731914744154,-46779,11907,-29772.5,33164.4,5.5,0.050,71284464,LOCKED
53025,1259.555,-51731914745937,-16755,41931,-29844.6,33077.0,5.3,0.037,71373244,LOCKED
53026,1260.554,-51731914741291,15962,74648,-29784.0,33051.6,5.3,0.036,71466982,LOCKED
53027,1261.555,-51731914753880,29166,87852,-29636.3,32437.8,5.3,0.025,71551273,LOCKED
53028,1262.555,-51731914767698,42627,101313,-29591.4,32869.1,5.4,0.033,71511389,LOCKED
53029,1263.554,-51731914872247,-30974,27712,-29606.5,32997.5,5.5,0.023,71611677,LOCKED
53030,1264.556,-51731914832111,37349,96035,-29599.0,33081.7,5.5,0.014,71745899,LOCKED
53031,1265.555,-51731914862573,35761,94447,-29623.0,32755.8,5.6,0.021,71692466,LOCKED
53032,1266.555,-51731914972117,-40899,17787,-29715.1,33185.5,5.6,0.026,71782262,LOCKED
53033,1267.555,-51731914959055,1083,59769,-29677.9,33072.6,5.7,0.031,71887955,LOCKED
53034,1268.555,-51731914962237,24068,82754,-29545.3,32488.9,5.7,0.036,71978551,LOCKED
53035,1269.556,-51731914976182,38356,97042,-29544.7,32496.2,5.7,0.044,72056406,LOCKED
53036,1270.556,-51731915027352,15602,74288,-29515.2,32564.8,5.7,0.050,72007420,LOCKED
53037,1271.556,-51731915112542,-38636,20050,-29521.5,32639.3,5.7,0.056,72102945,LOCKED
53038,1272.556,-51731915159560,-50892,7794,-29694.4,32727.8,5.7,0.058,72184048,LOCKED
53039,1273.556,-51731915118141,20470,79156,-29740.7,32222.3,5.7,0.062,72284362,LOCKED
53040,1274.556,-51731915187053,-17498,41188,-29770.7,32309.8,5.6,0.066,72303893,LOCKED
53041,1275.556,-51731915221226,-20908,37778,-29784.7,32386.5,5.6,0.069,72394868,LOCKED
53042,1276.556,-51731915176420,48554,107240,-29613.4,32370.9,5.6,0.071,72495458,LOCKED
53043,1277.557,-51731915295021,-36341,22345,-29754.1,32197.6,5.5,0.073,72469629,LOCKED
53044,1278.556,-51731915290383,-1208,57478,-29788.5,32100.7,5.5,0.075,72561676,LOCKED
53045,1279.556,-51731915291729,24915,83601,-29716.0,32201.1,5.4,0.076,72651005,LOCKED
53046,1280.556,-51731915304082,38180,96866,-29578.1,32149.7,5.4,0.078,72734401,LOCKED
53047,1281.556,-51731915418428,-45532,13154,-29554.1,31735.7,5.3,0.078,72711867,LOCKED
53048,1282.557,-51731915414622,-10691,47995,-29609.1,31644.5,5.3,0.080,72804488,LOCKED
53049,1283.556,-51731915407024,24867,83553,-29569.5,31822.7,5.2,0.080,72905007,LOCKED
53050,1284.556,-51731915479119,-18159,40527,-29514.6,31203.3,5.2,0.081,72924145,LOCKED
53051,1285.556,-51731915477097,13607,72293,-29548.5,30935.5,5.1,0.083,73017853,LOCKED
53052,1286.556,-51731915478063,39639,98325,-29489.2,31390.5,5.1,0.082,73106526,LOCKED
53053,1287.556,-51731915582833,-33934,24752,-29516.6,31629.5,5.0,0.084,73089882,LOCKED
53054,1288.556,-51731915579995,-2879,55807,-29447.9,31111.2,5.0,0.086,73185325,LOCKED
53055,1289.556,-51731915584141,19044,77730,-29313.5,30222.7,4.9,0.089,73273487,LOCKED
53056,1290.556,-51731915688519,-51959,6727,-29426.6,30988.6,4.9,0.088,73261060,LOCKED
53057,1291.556,-51731915682913,-16425,42261,-29423.9,30972.5,5.2,0.093,73356209,LOCKED
53058,1292.557,-51731915684902,9718,68404,-29376.6,30911.9,5.1,0.096,73443551,LOCKED
53059,1293.556,-51731915697037,26498,85184,-29398.0,30672.7,5.1,0.099,73523412,LOCKED
53060,1294.557,-51731915778720,-22961,35725,-29498.7,30473.5,5.2,0.095,73533202,LOCKED
53061,1295.558,-51731915768919,15546,74232,-29485.6,30526.7,5.4,0.100,73635766,LOCKED
53062,1296.557,-51731915779255,32905,91591,-29452.5,30793.6,5.4,0.103,73604377,LOCKED
53063,1297.557,-51731915873418,-30195,28491,-29481.3,31009.4,5.3,0.107,73714842,LOCKED
53064,1298.557,-51731915867984,4546,63232,-29480.3,31010.9,5.3,0.105,73809267,LOCKED
53065,1299.557,-51731915914605,-10627,48059,-29559.4,30689.5,5.3,0.104,73880784,LOCKED
53066,1300.557,-51731915975731,-38164,20522,-29693.9,30679.9,5.3,0.101,73864698,LOCKED
53067,1301.558,-51731916003934,-33679,25007,-29785.1,30919.3,5.4,0.098,73947113,LOCKED
53068,1302.557,-51731915992732,6145,64831,-29738.1,30803.2,5.4,0.096,74047727,LOCKED
53069,1303.558,-51731915992684,32330,91016,-29614.9,30685.0,5.4,0.094,74140819,LOCKED
53070,1304.557,-51731916063828,-8614,50072,-29629.3,30707.3,5.4,0.091,74161730,LOCKED
53071,1305.558,-51731916055765,25988,84674,-29520.7,30521.2,5.5,0.088,74261441,LOCKED
53072,1306.558,-51731916172927,-56288,2398,-29690.7,30974.8,5.5,0.084,74237475,LOCKED
53073,1307.557,-51731916174508,-26126,32560,-29748.0,31164.5,5.4,0.080,74322682,LOCKED
53074,1308.559,-51731916170702,6184,64870,-29697.2,31021.6,5.5,0.077,74423728,LOCKED
53075,1309.557,-51731916172637,33494,92180,-29730.8,30527.1,5.5,0.083,74510558,LOCKED
53076,1310.558,-51731916288006,-47610,11076,-29874.4,30854.4,5.5,0.080,74485196,LOCKED
53077,1311.558,-51731916288588,-16763,41923,-29922.9,30902.9,5.5,0.090,74574754,LOCKED
53078,1312.558,-51731916288718,12138,70824,-29899.3,30946.3,5.9,0.060,74672218,LOCKED
53079,1313.559,-51731916281072,45353,104039,-29761.9,31233.6,6.6,0.018,74771982,LOCKED
53080,1314.558,-51731916382189,-23601,35085,-29840.7,31264.0,6.6,-0.004,74758293,LOCKED
53081,1315.559,-51731916386620,1944,60630,-29850.6,31248.0,6.6,-0.025,74846470,LOCKED
53082,1316.558,-51731916396374,20634,79320,-29815.8,31373.2,7.6,-0.059,74932415,LOCKED
53083,1317.558,-51731916405346,37817,96503,-29698.8,31547.1,7.7,-0.064,74898663,LOCKED
53084,1318.557,-51731916508070,-31145,27541,-29846.7,30998.1,7.5,-0.073,74998860,LOCKED
53085,1319.558,-51731916507863,-22,58664,-29899.3,30729.8,7.3,-0.098,75090408,LOCKED
53086,1320.559,-51731916505642,29928,88614,-29842.4,30995.5,6.9,-0.129,75185807,LOCKED
53087,1321.559,-51731916610772,-43109,15577,-29881.2,31414.5,7.0,-0.116,75168557,LOCKED
53088,1322.558,-51731916606309,-9428,49258,-29832.9,31037.1,7.0,-0.107,75265380,LOCKED
53089,1323.559,-51731916597671,28338,84626,-29845.5,30900.8,7.1,-0.098,75366302,LOCKED
53090,1324.558,-51731916672039,-16232,40056,-29816.1,30653.2,7.1,-0.090,75384907,LOCKED
53091,1325.559,-51731916636381,44903,101191,-29677.6,30909.2,7.1,-0.094,75511579,LOCKED
53092,1326.559,-51731916757631,-42241,14047,-29824.9,30920.0,7.1,-0.097,75477492,LOCKED
53093,1327.559,-51731916749353,-3758,52530,-29837.4,30920.9,7.1,-0.100,75577081,LOCKED
53094,1328.560,-51731916748739,24193,80481,-29754.7,30938.3,7.1,-0.102,75668250,LOCKED
53095,1329.559,-51731916751133,46827,103115,-29600.3,31085.0,7.1,-0.104,75758101,LOCKED
53096,1330.559,-51731916877147,-47169,9119,-29640.6,31567.6,7.1,-0.106,75722567,LOCKED
53097,1331.559,-51731916878457,-16568,39720,-29724.6,31359.9,7.1,-0.107,75818247,LOCKED
53098,1332.559,-51731916870650,21315,77603,-29777.4,30709.2,7.3,-0.114,75912310,LOCKED
53099,1333.559,-51731916902269,17642,73930,-29716.8,30716.3,7.3,-0.115,75997735,LOCKED
53100,1334.559,-51731916948916,1346,57634,-29750.2,30591.3,7.5,-0.121,76024179,LOCKED
53101,1335.559,-51731916954498,24729,81017,-29752.9,30568.3,7.7,-0.126,76107016,LOCKED
53102,1336.560,-51731916959431,44748,101036,-29591.3,30494.8,7.7,-0.126,76080215,LOCKED
53103,1337.561,-51731917078592,-40683,15605,-29727.0,30587.2,7.7,-0.126,76165593,LOCKED
53104,1338.559,-51731917085378,-16376,39912,-29766.9,30655.8,7.7,-0.126,76256213,LOCKED
53105,1339.559,-51731917151244,-49764,6524,-29817.3,31261.6,7.6,-0.126,76366457,LOCKED
53106,1340.560,-51731917166405,-34097,22191,-29810.1,31174.5,7.8,-0.128,76353659,LOCKED
53107,1341.560,-51731917157172,6122,62410,-29878.2,30583.3,8.0,-0.131,76450936,LOCKED
53108,1342.559,-51731917145958,44615,100903,-29824.7,31118.4,8.0,-0.130,76550941,LOCKED
53109,1343.560,-51731917267859,-45172,11116,-29862.0,31550.9,8.6,-0.134,76524926,LOCKED
53110,1344.560,-51731917229377,22275,78563,-29855.1,31598.1,8.8,-0.135,76655343,LOCKED
53111,1345.559,-51731917242184,36329,92617,-29768.4,31931.3,8.9,-0.136,76732775,LOCKED
53112,1346.559,-51731917348950,-39494,16794,-29760.3,31819.5,9.5,-0.138,76714230,LOCKED
53113,1347.559,-51731917333913,5933,62221,-29801.1,31581.2,9.6,-0.138,76820937,LOCKED
53114,1348.559,-51731917336710,30742,87030,-29744.4,31855.2,9.7,-0.137,76913260,LOCKED
53115,1349.560,-51731917352856,40511,96799,-29623.6,32096.0,9.6,-0.135,76875543,LOCKED
53116,1350.560,-51731917449401,-23262,33026,-29739.7,31719.4,9.7,-0.133,76980630,LOCKED
53117,1351.560,-51731917459767,-3255,53033,-29765.4,31684.6,9.5,-0.125,77062713,LOCKED
53118,1352.561,-51731917448121,35161,91449,-29676.7,31973.6,9.5,-0.121,77168795,LOCKED
53119,1353.560,-51731917569890,-54407,1881,-29710.2,32463.7,9.6,-0.117,77136573,LOCKED
53120,1354.562,-51731917529799,14931,71219,-29712.3,32453.0,9.7,-0.120,77266223,LOCKED
53121,1355.560,-51731917536965,34281,90569,-29612.2,32638.9,9.4,-0.107,77241961,LOCKED
53122,1356.560,-51731917650517,-47926,8362,-29617.6,32718.9,9.5,-0.101,77329851,LOCKED
53123,1357.560,-51731917662475,-27689,28599,-29698.1,32840.7,9.5,-0.093,77410976,LOCKED
53124,1358.560,-51731917645693,17082,73370,-29642.6,32862.7,9.5,-0.085,77518349,LOCKED
53125,1359.560,-51731917654983,35025,91313,-29582.5,33204.9,9.8,-0.073,77600969,LOCKED
53126,1360.560,-51731917774586,-50383,5905,-29725.3,33638.6,10.2,-0.070,77570521,LOCKED
53127,1361.561,-51731917758532,-3187,53101,-29789.7,33331.9,10.6,-0.065,77678285,LOCKED
53128,1362.562,-51731917760106,23234,79522,-29740.1,33474.0,10.8,-0.046,77766558,LOCKED
53129,1363.561,-51731917771511,37666,93954,-29611.0,33508.0,11.0,-0.023,77735387,LOCKED
53130,1364.560,-51731917835223,3390,59678,-29608.0,33510.4,11.0,-0.032,77875114,LOCKED
53131,1365.561,-51731917848396,17337,73625,-29514.6,33235.9,11.1,-0.051,77953991,LOCKED
53132,1366.561,-51731917854941,39303,95591,-29530.8,33009.7,11.1,-0.052,78036018,LOCKED
53133,1367.561,-51731917981899,-53592,2696,-29664.3,33663.0,11.1,-0.050,78004025,LOCKED
53134,1368.562,-51731917987865,-28196,28092,-29700.8,33865.1,11.2,-0.062,78085582,LOCKED
53135,1369.561,-51731917982247,5503,61791,-29630.3,33544.3,11.1,-0.055,78183365,LOCKED
53136,1370.561,-51731918014673,4146,60434,-29708.0,32897.7,11.2,-0.064,78271900,LOCKED
53137,1371.561,-51731918091602,-39523,16765,-29816.8,33191.8,11.3,-0.072,78254259,LOCKED
53138,1372.562,-51731918127964,-43211,13077,-29885.2,33701.7,11.3,-0.087,78337878,LOCKED
53139,1373.561,-51731918085382,26005,82293,-29768.7,33438.0,11.4,-0.097,78448378,LOCKED
53140,1374.561,-51731918163501,-19987,36301,-29851.4,33344.7,11.3,-0.107,78463397,LOCKED
53141,1375.562,-51731918216886,-40546,15742,-29930.1,33791.1,11.3,-0.116,78559036,LOCKED
53142,1376.562,-51731918164467,38615,94903,-29837.6,34142.0,11.4,-0.131,78646961,LOCKED
53143,1377.561,-51731918268858,-34846,21442,-29833.3,34093.8,11.4,-0.137,78629935,LOCKED
53144,1378.561,-51731918268395,-3113,53175,-29898.8,33778.2,11.0,-0.135,78724927,LOCKED
53145,1379.561,-51731918254184,38551,94839,-29842.8,34169.7,10.9,-0.139,78825719,LOCKED
53146,1380.562,-51731918279510,39388,95676,-29727.5,34400.0,10.8,-0.143,78783901,LOCKED
53147,1381.562,-51731918379240,-27097,29191,-29855.3,34032.7,10.5,-0.153,78888309,LOCKED
53148,1382.562,-51731918363623,17701,73989,-29851.6,34051.5,10.0,-0.155,78994122,LOCKED
53149,1383.562,-51731918369608,38118,94406,-29745.5,34308.0,9.5,-0.156,79077895,LOCKED
53150,1384.562,-51731918434700,3234,59522,-29773.7,34210.6,9.1,-0.162,79101811,LOCKED
53151,1385.562,-51731918424691,38723,95011,-29627.0,34070.9,9.5,-0.172,79205643,LOCKED
53152,1386.562,-51731918555053,-56573,0,-29800.2,34452.7,9.3,-0.172,79167603,LOCKED
53153,1387.562,-51731918548613,-18707,37866,-29849.0,34524.1,9.3,-0.175,79266271,LOCKED
53154,1388.562,-51731918557748,1207,57780,-29811.6,34416.7,9.3,-0.178,79348256,LOCKED
53155,1389.562,-51731918564114,21418,77991,-29688.3,33894.1,9.2,-0.180,79432371,LOCKED
53156,1390.562,-51731918574696,39330,95903,-29695.1,33806.6,9.1,-0.182,79401351,LOCKED
53157,1391.562,-51731918684249,-37345,19228,-29789.4,34111.8,8.9,-0.179,79494887,LOCKED
53158,1392.563,-51731918683358,-6853,49720,-29768.7,34030.1,8.9,-0.178,79586043,LOCKED
53159,1393.563,-51731918687368,17080,73653,-29707.4,34022.5,8.8,-0.177,79674904,LOCKED
53160,1394.564,-51731918769881,-33496,23077,-29761.2,34323.1,8.8,-0.176,79682071,LOCKED
53161,1395.563,-51731918783684,-17263,39310,-29745.9,34221.7,8.8,-0.175,79760490,LOCKED
53162,1396.562,-51731918782834,10733,67306,-29636.0,33517.5,8.5,-0.171,79851338,LOCKED
53163,1397.562,-51731918784020,37753,94326,-29628.6,33599.9,8.2,-0.165,79947054,LOCKED
53164,1398.562,-51731918814174,35196,91769,-29587.4,33901.0,8.0,-0.160,79894410,LOCKED
53165,1399.563,-51731918923495,-40057,16516,-29740.9,33722.6,7.6,-0.154,79986218,LOCKED
53166,1400.563,-51731918928813,-13361,43212,-29830.4,33381.4,7.6,-0.152,80075990,LOCKED
53167,1401.564,-51731918932419,12084,68657,-29812.2,33420.9,7.7,-0.148,80163645,LOCKED
53168,1402.564,-51731918938156,32487,89060,-29685.8,33278.7,7.6,-0.140,80250004,LOCKED
53169,1403.563,-51731918980581,20086,76659,-29735.9,32729.4,7.5,-0.143,80212009,LOCKED
53170,1404.563,-51731919046493,-15606,40967,-29733.7,32717.9,7.5,-0.141,80321559,LOCKED
53171,1405.563,-51731919073078,-12794,43779,-29695.8,32429.0,8.0,-0.138,80388319,LOCKED
53172,1406.562,-51731919064406,25268,81841,-29722.9,32137.8,8.0,-0.142,80487898,LOCKED
53173,1407.563,-51731919187374,-63627,0,-29830.8,33277.7,7.9,-0.140,80460124,LOCKED
53174,1408.562,-51731919188944,-33967,29660,-29842.9,33394.9,8.0,-0.138,80545491,LOCKED
53175,1409.564,-51731919232945,-46376,17251,-29851.7,33515.5,7.9,-0.127,80627060,LOCKED
53176,1410.563,-51731919181547,33409,97036,-29835.3,33662.8,7.9,-0.125,80738673,LOCKED
53177,1411.563,-51731919285497,-37889,25738,-29910.7,34046.6,7.9,-0.121,80724748,LOCKED
53178,1412.563,-51731919269836,6025,69652,-29839.2,33727.8,7.7,-0.107,80834587,LOCKED
53179,1413.564,-51731919254596,49599,113226,-29847.9,33586.8,7.7,-0.101,80825782,LOCKED
53180,1414.563,-51731919321133,11624,75251,-29804.0,33574.9,7.7,-0.095,80963781,LOCKED
53181,1415.563,-51731919336399,23216,86843,-29697.8,33338.8,7.7,-0.077,80928979,LOCKED
53182,1416.563,-51731919435107,-41381,22246,-29845.9,33299.3,7.9,-0.044,81033981,LOCKED
53183,1417.564,-51731919442268,-16492,47135,-29926.8,33130.6,7.8,-0.030,81117550,LOCKED
53184,1418.563,-51731919440175,14038,77665,-29877.0,33127.7,8.3,0.013,81213181,LOCKED
53185,1419.564,-51731919440550,39493,103120,-29743.7,33191.2,8.4,0.026,81190594,LOCKED
53186,1420.564,-51731919539137,-25795,37832,-29875.6,32693.7,8.5,0.038,81296405,LOCKED
53187,1421.564,-51731919548279,-4470,59157,-29897.2,32682.0,8.6,0.051,81378429,LOCKED
53188,1422.564,-51731919541065,29859,93486,-29810.2,32823.0,8.6,0.064,81478046,LOCKED
53189,1423.563,-51731919662431,-59038,4589,-29842.5,33334.8,8.6,0.066,81446571,LOCKED
53190,1424.565,-51731919628595,4090,67717,-29822.2,33324.0,8.6,0.061,81573705,LOCKED
53191,1425.564,-51731919636792,23217,86844,-29738.1,33303.3,8.9,0.046,81654951,LOCKED
53192,1426.564,-51731919653199,32487,96114,-29592.5,32886.2,9.1,0.032,81617974,LOCKED
53193,1427.565,-51731919757377,-37955,25672,-29733.0,32791.3,9.1,0.031,81719201,LOCKED
53194,1428.564,-51731919761334,-10631,52996,-29791.5,32678.1,9.1,0.029,81804646,LOCKED
53195,1429.565,-51731919768299,11044,74671,-29753.2,32679.9,9.1,0.027,81887538,LOCKED
53196,1430.565,-51731919762685,43086,106713,-29661.5,33175.8,9.1,0.026,81873566,LOCKED
53197,1431.564,-51731919870431,-31528,32099,-29779.7,33094.6,9.1,0.025,81969327,LOCKED
53198,1432.564,-51731919876829,-6081,57546,-29871.1,32508.7,9.1,0.024,82051686,LOCKED
53199,1433.564,-51731919861819,35511,99138,-29768.5,32716.0,9.3,0.016,82161770,LOCKED
53200,1434.564,-51731919945864,-16795,46832,-29837.5,32652.6,9.3,0.016,82168424,LOCKED
53201,1435.565,-51731919954675,5564,69191,-29912.3,31998.0,9.3,0.015,82248831,LOCKED
53202,1436.565,-51731919962053,25240,88867,-29813.7,31905.4,9.1,0.013,82338334,LOCKED
53203,1437.564,-51731919976231,39570,103197,-29815.5,31882.2,9.1,0.013,82298523,LOCKED
53204,1438.564,-51731920079969,-31729,31898,-29891.7,32132.7,9.2,0.009,82404264,LOCKED
53205,1439.565,-51731920078732,-1576,62051,-29841.0,31866.2,9.3,0.004,82492873,LOCKED
53206,1440.565,-51731920083726,20524,84151,-29740.1,31590.3,9.3,0.004,82580619,LOCKED
53207,1441.565,-51731920126526,7967,71594,-29778.2,31351.2,9.2,0.002,82658032,LOCKED
53208,1442.568,-51731920207216,-40618,23009,-29824.9,31776.2,9.3,-0.002,82634901,LOCKED
53209,1443.566,-51731920246480,-48046,15581,-29843.7,32040.7,9.5,-0.006,82719472,LOCKED
53210,1444.565,-51731920280895,-49294,14333,-29924.9,32730.0,9.4,-0.012,82722229,LOCKED
53211,1445.565,-51731920315213,-51574,12053,-29942.9,32996.8,9.0,-0.021,82839033,LOCKED
53212,1446.565,-51731920276146,18237,81864,-30012.7,32137.1,9.1,-0.024,82935839,LOCKED
53213,1447.565,-51731920316540,8177,71804,-30042.1,31976.9,9.1,-0.030,83031197,LOCKED
53214,1448.565,-51731920370082,-14142,49485,-30076.6,32025.7,9.1,-0.036,83024070,LOCKED
53215,1449.565,-51731920418104,-30578,33049,-30099.9,32208.2,9.0,-0.043,83101746,LOCKED
53216,1450.565,-51731920376493,37227,100854,-29969.8,32214.3,8.9,-0.048,83204468,LOCKED
53217,1451.567,-51731920475458,-28411,35216,-30087.6,32015.0,9.0,-0.050,83195791,LOCKED
53218,1452.565,-51731920467421,9465,73092,-30091.1,32002.8,9.0,-0.051,83291639,LOCKED
53219,1453.566,-51731920449958,52839,116466,-29973.7,32741.1,8.8,-0.057,83402491,LOCKED
53220,1454.565,-51731920534666,-587,63040,-30037.0,32383.7,8.8,-0.058,83407837,LOCKED
53221,1455.565,-51731920528431,34090,97717,-30015.4,32578.9,8.9,-0.060,83508229,LOCKED
53222,1456.565,-51731920629698,-35037,28590,-30061.5,32902.9,9.1,-0.061,83501718,LOCKED
53223,1457.565,-51731920609054,13416,77043,-29973.1,32567.7,9.1,-0.063,83615740,LOCKED
53224,1458.565,-51731920611405,37040,100667,-29838.2,32505.7,9.2,-0.065,83589832,LOCKED
53225,1459.565,-51731920695556,-14967,48660,-29926.7,32210.3,9.3,-0.066,83711722,LOCKED
53226,1460.565,-51731920685158,24172,87799,-29908.7,32322.1,9.4,-0.069,83811402,LOCKED
53227,1461.565,-51731920794494,-52072,11555,-29978.4,33044.4,9.5,-0.061,83793053,LOCKED
53228,1462.565,-51731920803270,-30047,33580,-29968.8,32943.7,9.5,-0.051,83879727,LOCKED
53229,1463.565,-51731920799052,3054,66681,-29920.5,32778.0,9.5,-0.053,83973964,LOCKED
53230,1464.566,-51731920884739,-48961,14666,-30023.3,33419.6,9.7,-0.053,83976416,LOCKED
53231,1465.566,-51731920888753,-21171,42456,-30075.6,33522.4,9.3,-0.025,84064438,LOCKED
53232,1466.568,-51731920883903,11903,75530,-30004.4,33334.0,9.4,-0.022,84162553,LOCKED
53233,1467.566,-51731920894877,30983,94610,-30058.5,32532.6,9.4,-0.034,84245670,LOCKED
53234,1468.566,-51731920906839,47106,110733,-30040.0,32782.2,9.4,-0.031,84210222,LOCKED
53235,1469.568,-51731920996973,-10432,53195,-30148.3,32063.1,9.3,-0.025,84324756,LOCKED
53236,1470.566,-51731920985391,28389,92016,-30052.5,32096.8,9.1,-0.018,84429939,LOCKED
53237,1471.566,-51731921001976,40628,104255,-30059.8,31993.9,9.2,-0.025,84390610,LOCKED
53238,1472.571,-51731921098130,-23785,39842,-30102.9,32156.3,9.0,0.001,84498569,LOCKED
53239,1473.567,-51731921094675,7682,71309,-30012.8,31621.7,9.0,0.011,84594055,LOCKED
53240,1474.567,-51731921185170,-49716,13911,-30081.6,32303.1,9.0,0.023,84596266,LOCKED
53241,1475.567,-51731921173405,-8166,55461,-30053.5,32154.1,9.0,0.024,84697542,LOCKED
53242,1476.568,-51731921184938,11115,74742,-30109.4,31654.9,8.7,0.023,84779114,LOCKED
53243,1477.567,-51731921171736,51643,115270,-30058.6,32276.0,8.7,0.024,84885942,LOCKED
53244,1478.567,-51731921286714,-31437,32190,-30096.6,32530.2,7.9,0.022,84862317,LOCKED
53245,1479.567,-51731921295496,-10765,52862,-30047.1,32128.9,7.7,0.013,84945713,LOCKED
53246,1480.568,-51731921300667,14099,77726,-30070.0,31973.5,7.7,0.023,85032269,LOCKED
53247,1481.567,-51731921307123,35516,99143,-30021.1,32318.5,7.5,0.016,85119061,LOCKED
53248,1482.568,-51731921415054,-40648,22979,-30039.2,32526.9,7.4,0.026,85100927,LOCKED
53249,1483.567,-51731921443674,-34667,28960,-30205.8,31827.9,7.7,0.036,85186514,LOCKED
53250,1484.567,-51731921475334,-33715,29912,-30268.0,32154.7,7.9,0.045,85195415,LOCKED
53251,1485.568,-51731921491335,-18817,44810,-30267.6,32152.5,8.1,0.052,85299183,LOCKED
53252,1486.567,-51731921502080,-458,63169,-30209.6,31828.5,8.2,0.059,85380711,LOCKED
53253,1487.567,-51731921555930,-21261,42366,-30313.7,31537.1,8.2,0.060,85466347,LOCKED
53254,1488.567,-51731921503093,58371,121998,-30238.0,32452.6,8.4,0.067,85451316,LOCKED
53255,1489.568,-51731921602666,-10555,53072,-30240.5,32460.6,8.3,0.068,85553745,LOCKED
53256,1490.567,-51731921589666,29052,92679,-30110.3,32117.3,8.3,0.069,85658875,LOCKED
53257,1491.568,-51731921586027,59658,123285,-30055.1,32901.0,8.3,0.070,85750945,LOCKED
53258,1492.569,-51731921718785,-40099,23528,-30133.1,33343.2,8.5,0.075,85716127,LOCKED
53259,1493.568,-51731921696334,10373,74000,-30046.5,32949.7,8.6,0.078,85827162,LOCKED
53260,1494.567,-51731921672710,60275,123902,-29961.7,33912.7,8.7,0.083,85830180,LOCKED
53261,1495.568,-51731921771710,-8545,55082,-29958.2,33902.2,8.9,0.088,85936701,LOCKED
53262,1496.568,-51731921796876,-4628,58999,-29907.4,33600.0,8.8,0.089,86003798,LOCKED
53263,1497.567,-51731921790035,28315,91942,-29767.5,33088.9,8.8,0.090,86100173,LOCKED
53264,1498.567,-51731921898773,-46765,16862,-29880.9,33604.9,9.3,0.094,86083248,LOCKED
53265,1499.568,-51731921901956,-19105,44522,-29896.3,33675.9,9.3,0.091,86171265,LOCKED
53266,1500.568,-51731921902532,8376,72003,-29819.8,33353.5,9.4,0.095,86260659,LOCKED
53267,1501.568,-51731921910933,27024,90651,-29728.6,33382.4,9.5,0.099,86343757,LOCKED
53268,1502.569,-51731921916299,48820,112447,-29683.8,33887.6,9.6,0.097,86427114,LOCKED
53269,1503.568,-51731921935493,56543,120170,-29642.0,34461.7,9.6,0.094,86388749,LOCKED
53270,1504.568,-51731922008841,13260,76887,-29684.9,34126.1,9.5,0.091,86519007,LOCKED
53271,1505.568,-51731922016979,34027,97654,-29703.3,33902.7,9.4,0.087,86603649,LOCKED
53272,1506.568,-51731922031616,45155,108782,-29584.9,34318.7,9.5,0.084,86679319,LOCKED
53273,1507.569,-51731922161756,-52288,11339,-29650.7,34988.4,9.4,0.079,86643057,LOCKED
53274,1508.569,-51731922153495,-13108,50519,-29691.3,35007.3,9.5,0.074,86742924,LOCKED
53275,1509.569,-51731922164456,6240,69867,-29732.1,34787.6,9.5,0.068,86819047,LOCKED
53276,1510.569,-51731922160618,35888,99515,-29599.0,34704.6,9.6,0.069,86916000,LOCKED
53277,1511.568,-51731922279783,-49345,14282,-29729.8,35178.3,9.7,0.063,86889184,LOCKED
53278,1512.569,-51731922275983,-15085,48542,-29740.6,35216.9,9.6,0.065,86981621,LOCKED
53279,1513.569,-51731922285748,2697,66324,-29637.2,34380.6,9.6,0.066,87060496,LOCKED
53280,1514.569,-51731922281863,33692,97319,-29569.1,34676.5,9.6,0.068,87045504,LOCKED
53281,1515.569,-51731922389288,-42711,20916,-29569.4,34680.2,9.6,0.060,87141773,LOCKED
53282,1516.569,-51731922389469,-11532,52095,-29638.2,34510.9,9.4,0.074,87231272,LOCKED
53283,1517.568,-51731922392991,12961,76588,-29580.0,34446.4,9.5,0.074,87319480,LOCKED
53284,1518.569,-51731922403564,28245,91872,-29443.9,34005.8,9.7,0.033,87401573,LOCKED
53285,1519.569,-51731922445828,14453,78080,-29420.2,34062.1,9.6,0.015,87358086,LOCKED
53286,1520.569,-51731922536309,-44888,18739,-29430.0,34188.6,9.4,0.024,87450804,LOCKED
53287,1521.569,-51731922575718,-49984,13643,-29586.8,34441.9,9.5,-0.008,87535216,LOCKED
53288,1522.569,-51731922522469,31487,95114,-29572.2,34563.6,9.3,-0.025,87646472,LOCKED
53289,1523.569,-51731922638846,-52059,11568,-29645.7,35252.2,9.4,-0.016,87625203,LOCKED
53290,1524.569,-51731922602193,14882,78509,-29702.1,34727.3,9.3,-0.025,87755397,LOCKED
53291,1525.569,-51731922603977,40820,104447,-29672.7,35014.4,9.1,-0.037,87727476,LOCKED
53292,1526.569,-51731922729499,-51791,11836,-29745.7,35686.8,8.9,-0.054,87806484,LOCKED
53293,1527.569,-51731922724501,-16867,42171,-29726.4,35559.8,8.7,-0.050,87899713,LOCKED
53294,1528.569,-51731922732459,3019,62057,-29638.8,34986.4,8.6,-0.036,87987921,LOCKED
53295,1529.570,-51731922716396,45892,104930,-29576.2,35510.1,8.5,-0.025,88094843,LOCKED
53296,1530.570,-51731922849138,-54613,4425,-29616.1,36016.7,8.3,-0.015,88050800,LOCKED
53297,1531.570,-51731922852116,-27663,31375,-29585.3,35688.0,8.1,-0.007,88139512,LOCKED
53298,1532.569,-51731922855873,-1075,57963,-29620.9,35592.9,8.1,-0.002,88229994,LOCKED
53299,1533.569,-51731922861859,20677,79715,-29562.7,35663.1,8.1,0.003,88312718,LOCKED
53300,1534.570,-51731922875814,35486,94524,-29582.6,35420.8,8.2,0.007,88279619,LOCKED
53301,1535.569,-51731922911943,27307,86345,-29547.8,35599.9,8.2,0.004,88335738,LOCKED
53302,1536.570,-51731923021908,-50023,9015,-29616.3,36211.5,8.2,0.001,88428936,LOCKED
53303,1537.571,-51731923028098,-26627,32411,-29570.4,35678.5,8.2,0.004,88511846,LOCKED
53304,1538.570,-51731923036859,-4443,54595,-29630.6,35451.9,8.2,0.001,88597928,LOCKED
53305,1539.570,-51731923046610,14809,73847,-29624.4,35475.8,7.9,0.002,88677649,LOCKED
53306,1540.570,-51731923045551,42104,101142,-29528.0,35890.8,7.9,0.000,88771751,LOCKED
53307,1541.570,-51731923156894,-38408,20630,-29528.0,35891.3,7.6,-0.004,88753166,LOCKED
53308,1542.570,-51731923154028,-4332,54706,-29603.5,35508.9,7.6,-0.006,88846807,LOCKED
53309,1543.571,-51731923160005,19392,78430,-29640.7,35177.4,7.6,-0.002,88930934,LOCKED
53310,1544.572,-51731923250711,-37472,21566,-29784.8,35020.5,7.6,0.001,88927467,LOCKED
53311,1545.571,-51731923274952,-28672,30366,-29897.1,34906.9,7.5,0.000,88996488,LOCKED
53312,1546.571,-51731923275339,1441,60479,-29929.2,34804.4,7.5,0.000,89089614,LOCKED
53313,1547.571,-51731923281724,24860,83898,-29964.5,34430.4,7.5,-0.003,89175614,LOCKED
53314,1548.572,-51731923287650,44532,103570,-29824.0,34621.7,7.5,-0.002,89262993,LOCKED
53315,1549.570,-51731923415608,-49113,9925,-29962.9,35020.6,7.5,-0.005,89224623,LOCKED
53316,1550.573,-51731923421970,-24154,34884,-29989.4,35152.5,7.5,-0.007,89307308,LOCKED
53317,1551.572,-51731923431548,-4913,54125,-29923.6,34683.8,7.8,-0.012,89393003,LOCKED
53318,1552.571,-51731923428695,27973,87011,-29975.7,34001.8,7.8,-0.011,89487432,LOCKED
53319,1553.571,-51731923466263,19330,78368,-29956.2,34084.6,7.7,-0.009,89560701,LOCKED
53320,1554.571,-51731923528138,-13286,45752,-29899.8,33569.3,7.7,-0.006,89572565,LOCKED
53321,1555.571,-51731923539971,5168,64206,-29927.4,33455.9,7.7,-0.004,89653641,LOCKED
53322,1556.572,-51731923517361,54535,113573,-29862.4,34183.7,7.7,-0.006,89653470,LOCKED
53323,1557.571,-51731923624303,-21745,37293,-29865.5,34203.6,7.7,-0.008,89752663,LOCKED
53324,1558.571,-51731923658713,-22637,36401,-30007.4,33417.1,7.2,0.002,89834277,LOCKED
53325,1559.572,-51731923721122,-50249,8789,-30159.2,33748.2,7.2,-0.001,89936741,LOCKED
53326,1560.572,-51731923735088,-31473,27565,-30233.7,33984.6,7.4,0.004,89917896,LOCKED
53327,1561.572,-51731923739063,-5172,53866,-30227.2,33970.4,7.6,0.011,90004199,LOCKED
53328,1562.571,-51731923730229,30546,89584,-30113.7,33906.4,7.7,0.018,90102093,LOCKED
53329,1563.572,-51731923747587,38867,97905,-29960.4,33674.8,7.9,0.018,90070507,LOCKED
53330,1564.571,-51731923791110,23327,82365,-29902.0,33796.4,8.2,0.018,90230969,LOCKED
53331,1565.572,-51731923809908,31084,90122,-29789.3,33758.6,8.2,0.017,90189766,LOCKED
53332,1566.572,-51731923926072,-53422,5616,-29792.1,33804.9,8.2,0.030,90278402,LOCKED
53333,1567.572,-51731923916446,-11532,47506,-29894.4,33238.1,8.3,0.027,90374888,LOCKED
53334,1568.572,-51731923920598,13698,72736,-29892.1,33247.8,8.8,0.047,90460306,LOCKED
53335,1569.572,-51731923923559,37780,96818,-29814.9,33630.7,8.8,0.067,90554898,LOCKED
53336,1570.572,-51731924043384,-50222,8816,-29830.0,33846.1,8.6,0.074,90523746,LOCKED
53337,1571.572,-51731924048313,-22121,36917,-29950.5,33385.0,8.6,0.054,90611531,LOCKED
53338,1572.572,-51731924037487,18004,77042,-29948.5,33396.0,8.6,0.050,90714777,LOCKED
53339,1573.572,-51731924040024,42370,101408,-29869.3,33885.9,8.8,0.032,90801870,LOCKED
53340,1574.572,-51731924127601,-15616,43422,-29829.6,33552.6,8.8,0.030,90807816,LOCKED
53341,1575.572,-51731924133817,8720,67758,-29879.6,33190.3,9.0,0.014,90889562,LOCKED
53342,1576.572,-51731924144156,26750,85788,-29850.0,33361.8,9.0,0.013,90969980,LOCKED
53343,1577.572,-51731924151133,45837,104875,-29740.2,33861.0,9.0,0.019,91053516,LOCKED
53344,1578.573,-51731924277323,-48613,10425,-29757.5,34095.1,9.0,0.007,91018325,LOCKED
53345,1579.572,-51731924291061,-31380,27658,-29764.9,34161.4,9.2,-0.006,91100769,LOCKED
53346,1580.573,-51731924292399,-1669,57369,-29825.2,33871.4,9.2,-0.005,91190149,LOCKED
53347,1581.573,-51731924289180,30824,89862,-29849.5,33585.5,9.2,-0.014,91283120,LOCKED
53348,1582.572,-51731924294955,50115,109153,-29697.8,33909.4,9.3,-0.023,91256815,LOCKED
53349,1583.573,-51731924394917,-17308,41730,-29808.7,33413.2,9.2,-0.032,91361286,LOCKED
53350,1584.572,-51731924381633,23551,82589,-29738.1,33489.2,9.5,-0.048,91354675,LOCKED
53351,1585.572,-51731924491906,-54833,4205,-29752.4,33716.8,9.4,-0.054,91447925,LOCKED
53352,1586.572,-51731924499059,-28544,30494,-29886.3,33311.9,9.3,-0.060,91531023,LOCKED
53353,1587.573,-51731924494009,6553,65591,-29905.1,33241.0,9.3,-0.064,91630196,LOCKED
53354,1588.572,-51731924488991,38655,97693,-29830.9,33649.2,9.2,-0.067,91723809,LOCKED
53355,1589.573,-51731924602745,-44032,15006,-29818.3,33460.8,9.3,-0.076,91704335,LOCKED
53356,1590.573,-51731924588536,1652,60690,-29902.5,32773.8,9.3,-0.084,91810500,LOCKED
53357,1591.573,-51731924611166,9217,68255,-29932.2,32604.6,9.4,-0.090,91901311,LOCKED
53358,1592.576,-51731924687097,-34340,24698,-29995.1,32935.7,9.4,-0.095,91892307,LOCKED
53359,1593.572,-51731924721515,-36949,22089,-30022.7,33191.2,9.2,-0.094,91977238,LOCKED
53360,1594.573,-51731924760569,-44237,14801,-30034.6,33345.6,8.9,-0.093,92007190,LOCKED
53361,1595.574,-51731924779635,-32184,26854,-30034.4,33342.7,8.9,-0.094,92078410,LOCKED
53362,1596.574,-51731924772824,5908,64946,-30105.5,32749.6,8.9,-0.094,92172815,LOCKED
53363,1597.574,-51731924752790,53256,112294,-30057.0,33358.1,8.6,-0.092,92284459,LOCKED
53364,1598.573,-51731924863680,-25645,33393,-30109.3,33534.6,8.6,-0.091,92265877,LOCKED
53365,1599.574,-51731924858246,8756,67794,-30067.7,33493.9,9.0,-0.094,92362499,LOCKED
53366,1600.574,-51731924859018,33995,93033,-29924.8,33190.7,9.1,-0.090,92455020,LOCKED
53367,1601.573,-51731924876192,44687,103725,-29898.1,33503.1,9.7,-0.095,92417464,LOCKED
53368,1602.573,-51731924972318,-20235,38803,-29928.6,33613.3,9.7,-0.093,92528435,LOCKED
53369,1603.574,-51731924960870,18890,77928,-29849.4,33521.5,9.4,-0.088,92628730,LOCKED
53370,1604.574,-51731925050817,-37459,21579,-29971.3,33624.5,9.0,-0.081,92632318,LOCKED
53371,1605.575,-51731925049394,-4674,54364,-30031.9,33384.5,9.0,-0.079,92726859,LOCKED
53372,1606.573,-51731925034144,38051,97089,-29969.5,33780.3,9.0,-0.077,92834358,LOCKED
53373,1607.574,-51731925152898,-48177,10861,-30015.0,34274.9,8.9,-0.074,92809240,LOCKED
53374,1608.574,-51731925166416,-31160,27878,-29988.6,33960.7,9.0,-0.072,92883184,LOCKED
53375,1609.574,-51731925174599,-7090,51948,-30088.1,33297.8,9.0,-0.068,92964845,LOCKED
53376,1610.574,-51731925170991,25865,84903,-30094.8,33239.4,9.1,-0.064,93061995,LOCKED
53377,1611.574,-51731925171574,52118,111156,-30021.4,33955.8,9.1,-0.067,93155775,LOCKED
53378,1612.574,-51731925289119,-33894,25144,-30039.3,34114.5,9.0,-0.062,93129515,LOCKED
53379,1613.574,-51731925282281,2234,61272,-30006.2,34040.8,9.1,-0.056,93227852,LOCKED
53380,1614.574,-51731925361398,-43362,15676,-30106.7,34494.1,9.0,-0.050,93241949,LOCKED
53381,1615.574,-51731925355198,-6656,52382,-30115.3,34505.1,8.9,-0.043,93337097,LOCKED
53382,1616.575,-51731925358564,16974,76012,-29990.2,33784.4,8.8,-0.035,93431502,LOCKED
53383,1617.575,-51731925449318,-40336,18702,-30092.8,34136.3,8.7,-0.027,93427024,LOCKED
53384,1618.574,-51731925441928,-1827,57211,-30140.2,33965.2,8.6,-0.017,93525458,LOCKED
53385,1619.575,-51731925453214,17896,76934,-30212.7,33086.5,8.5,-0.005,93606291,LOCKED
53386,1620.574,-51731925460780,39457,98495,-30225.1,32916.6,8.6,-0.002,93688107,LOCKED
53387,1621.575,-51731925478263,49542,108580,-30177.0,33462.7,8.8,-0.005,93668153,LOCKED
53388,1622.574,-51731925568342,-10257,48781,-30165.0,33410.8,8.9,0.016,93766419,LOCKED
53389,1623.575,-51731925605720,-17360,41678,-30141.5,33232.3,9.0,0.034,93852382,LOCKED
53390,1624.576,-51731925665607,-44672,14366,-30186.7,33683.7,9.1,0.050,93852156,LOCKED
53391,1625.575,-51731925677105,-25295,33743,-30178.4,33612.2,8.8,0.081,93930827,LOCKED
53392,1626.575,-51731925669234,13752,72790,-30250.3,32831.7,8.8,0.096,94031062,LOCKED
53393,1627.575,-51731925699656,13305,72343,-30259.0,32788.0,7.8,0.133,94120633,LOCKED
53394,1628.575,-51731925759627,-15577,43461,-30273.9,32842.1,7.8,0.121,94092965,LOCKED
53395,1629.576,-51731925793777,-19332,39706,-30247.6,32615.3,7.7,0.145,94185458,LOCKED
53396,1630.576,-51731925772550,31837,90875,-30285.6,32087.0,7.6,0.146,94297909,LOCKED
53397,1631.576,-51731925772355,59291,118329,-30235.6,32816.7,7.6,0.135,94277730,LOCKED
53398,1632.576,-51731925865703,-3915,55123,-30224.5,32791.5,7.5,0.125,94388474,LOCKED
53399,1633.576,-51731925854660,33640,92678,-30098.0,32692.3,7.5,0.120,94490075,LOCKED
53400,1634.575,-51731925941008,-20637,38401,-30160.6,32748.2,7.7,0.104,94495720,LOCKED
53401,1635.576,-51731925930618,18383,77421,-30116.0,32829.2,7.8,0.100,94596462,LOCKED
53402,1636.575,-51731925923195,51352,110390,-29976.8,33345.5,7.6,0.097,94696692,LOCKED
53403,1637.576,-51731926039553,-34578,24460,-29941.4,32842.5,7.9,0.086,94669353,LOCKED
53404,1638.575,-51731926022132,13250,72288,-29986.4,32465.0,7.9,0.084,94781196,LOCKED
53405,1639.576,-51731926030085,33818,92856,-29970.7,32613.8,8.0,0.090,94863096,LOCKED
53406,1640.576,-51731926037233,52850,111888,-29872.4,33391.2,8.0,0.082,94837164,LOCKED
53407,1641.576,-51731926123018,-4145,54893,-29812.2,32985.6,8.1,0.087,94953302,LOCKED
53408,1642.575,-51731926124985,19992,79030,-29663.2,31898.6,8.1,0.086,95044264,LOCKED
53409,1643.577,-51731926125137,46287,105325,-29582.2,32512.0,8.1,0.085,95134048,LOCKED
53410,1644.576,-51731926207036,-7119,51919,-29516.7,31961.5,8.0,0.083,95145223,LOCKED
53411,1645.576,-51731926201281,27438,86476,-29527.3,31855.2,8.1,0.088,95242043,LOCKED
53412,1646.576,-51731926219678,36475,95513,-29485.2,32193.7,8.1,0.087,95203093,LOCKED
53413,1647.576,-51731926314813,-28028,26805,-29494.9,32273.3,8.1,0.087,95308264,LOCKED
53414,1648.576,-51731926310203,3762,58595,-29387.3,31315.4,8.1,0.086,95405676,LOCKED
53415,1649.576,-51731926300953,40396,95229,-29356.1,31643.4,8.2,0.080,95506615,LOCKED
53416,1650.577,-51731926408140,-35694,19139,-29382.2,31887.6,8.3,0.074,95485860,LOCKED
53417,1651.577,-51731926413270,-11622,43211,-29354.0,31703.8,8.4,0.068,95574630,LOCKED
53418,1652.577,-51731926406664,23333,78166,-29343.5,31774.7,8.4,0.063,95674832,LOCKED
53419,1653.577,-51731926427474,30554,85387,-29329.9,31894.7,8.6,0.060,95629744,LOCKED
53420,1654.576,-51731926484154,4095,58928,-29380.5,31583.2,8.7,0.059,95779152,LOCKED
53421,1655.577,-51731926478920,37021,91854,-29359.2,31802.5,8.7,0.060,95761659,LOCKED
53422,1656.576,-51731926590751,-42860,11973,-29415.2,32296.6,9.2,0.057,95854431,LOCKED
53423,1657.576,-51731926606679,-29450,25383,-29362.3,31520.5,9.3,0.056,95930384,LOCKED
53424,1658.577,-51731926601016,5841,60674,-29385.1,31426.7,9.4,0.056,96025278,LOCKED
53425,1659.576,-51731926604358,29314,84147,-29307.6,31613.2,9.2,0.046,96109596,LOCKED
53426,1660.577,-51731926625548,33480,88313,-29169.1,31334.9,9.0,0.052,96069790,LOCKED
53427,1661.578,-51731926747057,-57094,0,-29160.7,31167.5,8.7,0.042,96153654,LOCKED
53428,1662.578,-51731926758479,-36702,20392,-29230.0,31561.1,9.2,0.043,96231061,LOCKED
53429,1663.577,-51731926801086,-48034,9060,-29250.5,31848.1,9.3,0.045,96313246,LOCKED
53430,1664.577,-51731926840604,-53725,3369,-29386.0,32516.2,9.3,0.047,96334936,LOCKED
53431,1665.577,-51731926858729,-39826,17268,-29449.3,32959.0,9.4,0.051,96408625,LOCKED
53432,1666.577,-51731926853547,-6432,50662,-29377.8,32340.3,9.4,0.055,96501716,LOCKED
53433,1667.578,-51731926903801,-24230,32864,-29488.7,32071.3,9.5,0.060,96584619,LOCKED
53434,1668.577,-51731926974119,-59940,0,-29640.6,32889.1,9.5,0.056,96573567,LOCKED
53435,1669.578,-51731926960692,-15468,44472,-29683.9,32932.3,9.5,0.062,96666990,LOCKED
53436,1670.578,-51731926960502,12706,72646,-29621.5,32830.8,9.9,0.061,96762567,LOCKED
53437,1671.578,-51731926949857,47729,107669,-29443.2,32652.2,10.1,0.073,96746704,LOCKED
53438,1672.578,-51731927056851,-26926,33014,-29540.7,32624.6,10.1,0.083,96843853,LOCKED
53439,1673.578,-51731927062227,-2740,57200,-29537.2,32620.4,10.6,0.039,96928718,LOCKED
53440,1674.578,-51731927157359,-62405,0,-29724.8,33154.4,11.0,0.014,96921808,LOCKED
53441,1675.578,-51731927177984,-49372,13033,-29835.9,33772.0,11.2,-0.006,96996100,LOCKED
53442,1676.578,-51731927189357,-29223,33182,-29870.1,33978.6,11.2,-0.008,97079214,LOCKED
53443,1677.577,-51731927191510,309,62714,-29959.9,33250.6,11.4,-0.023,97162379,LOCKED
53444,1678.577,-51731927198489,22367,84772,-29951.8,33302.0,12.0,-0.050,97249271,LOCKED
53445,1679.578,-51731927210060,38082,100487,-29884.1,33701.1,12.1,-0.062,97329329,LOCKED
53446,1680.577,-51731927319641,-39716,22689,-29911.4,33971.3,12.1,-0.066,97310079,LOCKED
53447,1681.578,-51731927314200,-5309,57096,-29856.0,33607.6,12.1,-0.059,97407308,LOCKED
53448,1682.579,-51731927320929,17357,79762,-29862.3,33569.8,11.8,-0.065,97494249,LOCKED
53449,1683.578,-51731927324905,41408,103813,-29841.1,33804.0,11.5,-0.070,97580041,LOCKED
53450,1684.578,-51731927409016,-10028,52377,-29963.7,32838.5,11.3,-0.063,97587339,LOCKED
53451,1685.578,-51731927418389,11408,73813,-30024.3,32276.8,10.9,-0.066,97668161,LOCKED
53452,1686.578,-51731927422779,34996,97401,-29982.0,32591.4,10.7,-0.078,97756429,LOCKED
53453,1687.578,-51731927438322,46581,108986,-29919.3,33167.0,10.6,-0.078,97723527,LOCKED
53454,1688.578,-51731927543914,-25868,36537,-30034.7,32908.1,10.5,-0.077,97821658,LOCKED
53455,1689.578,-51731927549068,670,63075,-30117.3,32262.3,10.2,-0.084,97910508,LOCKED
53456,1690.578,-51731927549012,28828,91233,-30066.3,32498.9,9.9,-0.090,97999265,LOCKED
53457,1691.578,-51731927554990,48423,110828,-29926.0,32879.1,9.8,-0.088,98089667,LOCKED
53458,1692.578,-51731927671538,-34784,27621,-30036.0,32999.5,9.7,-0.093,98062103,LOCKED
53459,1693.578,-51731927683497,-15953,46452,-30046.5,33042.8,9.7,-0.096,98140901,LOCKED
53460,1694.579,-51731927655017,41345,103750,-30055.0,32923.9,9.7,-0.095,98149686,LOCKED
53461,1695.579,-51731927762440,-33430,28975,-30126.8,33219.8,9.6,-0.092,98246868,LOCKED
53462,1696.579,-51731927772578,-13512,48893,-30100.8,33047.1,9.5,-0.090,98330353,LOCKED
53463,1697.579,-51731927766936,22666,85071,-30160.0,32293.4,9.6,-0.093,98428185,LOCKED
53464,1698.579,-51731927798591,20193,82598,-30145.5,32368.8,9.5,-0.094,98513432,LOCKED
53465,1699.579,-51731927848737,-157,62248,-30128.1,32339.7,9.0,-0.089,98530458,LOCKED
53466,1700.579,-51731927895146,-16495,45910,-30097.8,32090.8,9.1,-0.091,98622387,LOCKED
53467,1701.579,-51731927950657,-38512,23893,-30200.6,32398.9,8.5,-0.085,98610503,LOCKED
53468,1702.579,-51731927946198,-3780,58625,-30197.9,32394.9,8.4,-0.081,98705805,LOCKED
53469,1703.579,-51731927927576,40924,103329,-30063.7,32510.6,8.3,-0.077,98815914,LOCKED
53470,1704.579,-51731927999151,-139,62266,-30085.5,32467.7,8.1,-0.072,98831714,LOCKED
53471,1705.579,-51731928007544,19396,81801,-30011.7,32428.3,7.4,-0.064,98920820,LOCKED
53472,1706.579,-51731928108714,-49616,12789,-30034.6,32746.4,7.3,-0.059,98909905,LOCKED
53473,1707.579,-51731928110244,-18813,43592,-30116.2,32628.9,7.1,-0.054,99002293,LOCKED
53474,1708.579,-51731928110189,10474,72879,-30090.2,32654.5,6.8,-0.048,99092553,LOCKED
53475,1709.579,-51731928100195,45790,108195,-29932.1,32690.2,6.9,-0.047,99193324,LOCKED
53476,1710.579,-51731928206097,-27279,35126,-30029.2,32676.6,6.9,-0.045,99179435,LOCKED
53477,1711.580,-51731928213683,-4315,58090,-30047.6,32671.1,7.2,-0.043,99261598,LOCKED
53478,1712.579,-51731928218252,18791,81196,-29962.3,32518.2,7.3,-0.043,99353307,LOCKED
53479,1713.580,-51731928214392,47799,110204,-29805.2,32670.4,7.3,-0.042,99446613,LOCKED
53480,1714.579,-51731928306110,-13848,48557,-29795.2,32616.8,7.5,-0.041,99446536,LOCKED
53481,1715.580,-51731928308143,11162,73567,-29678.5,31772.8,7.3,-0.033,99534334,LOCKED
53482,1716.580,-51731928332252,16393,78798,-29689.1,31704.1,7.2,-0.039,99602343,LOCKED
53483,1717.580,-51731928336862,39098,101503,-29637.6,32118.6,7.5,-0.039,99688466,LOCKED
53484,1718.580,-51731928356790,44756,107161,-29512.9,32492.5,7.5,-0.038,99646409,LOCKED
53485,1719.580,-51731928459777,-28714,33691,-29465.2,31832.3,7.5,-0.038,99745596,LOCKED
53486,1720.580,-51731928469955,-11050,51355,-29367.0,30538.5,7.7,-0.039,99829353,LOCKED
53487,1721.580,-51731928463508,23847,86252,-29361.7,30579.5,7.7,-0.039,99927789,LOCKED
53488,1722.581,-51731928473691,40344,102749,-29297.0,31062.8,7.6,-0.051,99895483,LOCKED
53489,1723.580,-51731928594633,-47446,14959,-29407.5,31653.4,7.6,-0.052,99978196,LOCKED
53490,1724.581,-51731928556332,19893,82298,-29422.5,31532.5,7.8,-0.057,100108909,LOCKED
53491,1725.581,-51731928576319,28036,90441,-29405.7,31662.8,7.9,-0.046,100177983,LOCKED
53492,1726.580,-51731928596738,34086,96491,-29318.1,31926.6,7.9,-0.038,100138017,LOCKED
53493,1727.580,-51731928712092,-48480,13925,-29407.9,32596.2,7.9,-0.030,100227627,LOCKED
53494,1728.580,-51731928708450,-12908,49497,-29510.4,32051.3,8.7,0.007,100319266,LOCKED
53495,1729.580,-51731928717365,7396,69801,-29508.5,32055.7,8.7,0.013,100403401,LOCKED
53496,1730.581,-51731928756237,-2615,59790,-29472.3,31901.7,8.8,0.015,100475384,LOCKED
53497,1731.581,-51731928841942,-57184,5221,-29458.7,31628.1,8.8,0.016,100460294,LOCKED
53498,1732.581,-51731928877947,-59248,3157,-29580.4,32606.3,8.8,0.021,100549344,LOCKED
53499,1733.581,-51731928830751,16015,78420,-29532.6,32643.1,8.7,0.024,100656148,LOCKED
53500,1734.581,-51731928901050,-21375,41030,-29663.1,31971.3,8.6,0.026,100673708,LOCKED
53501,1735.581,-51731928938651,-25792,36613,-29793.2,31483.0,8.5,0.039,100764168,LOCKED
53502,1736.581,-51731928989799,-42938,19467,-29928.6,31677.8,8.5,0.038,100841176,LOCKED
53503,1737.584,-51731929029186,-48641,13764,-30032.2,32328.0,8.4,0.038,100820500,LOCKED
53504,1738.581,-51731929017768,-7062,55343,-30026.8,32312.8,7.8,0.039,100926966,LOCKED
53505,1739.581,-51731929006926,30639,93044,-29922.1,32339.7,7.6,0.039,101026112,LOCKED
53506,1740.581,-51731929020552,45466,107871,-29925.6,32286.3,7.6,0.045,100992127,LOCKED
53507,1741.581,-51731929109496,-12211,50194,-29971.2,32274.5,7.5,0.051,101109321,LOCKED
53508,1742.581,-51731929107034,18639,81044,-29924.4,32355.1,7.5,0.049,101202876,LOCKED
53509,1743.581,-51731929107193,44082,106487,-29785.4,32554.7,7.5,0.047,101294905,LOCKED
53510,1744.581,-51731929205952,-22770,39635,-29851.7,32637.0,7.3,0.047,101288600,LOCKED
53511,1745.581,-51731929221482,-8017,54388,-29859.6,32651.6,7.3,0.045,101361879,LOCKED
53512,1746.581,-51731929218055,22661,85066,-29769.1,32559.5,7.4,0.038,101454772,LOCKED
53513,1747.581,-51731929234078,32505,94910,-29631.4,32257.6,7.6,0.032,101419020,LOCKED
53514,1748.581,-51731929335596,-35968,26437,-29739.3,32439.8,7.8,0.027,101526305,LOCKED
53515,1749.582,-51731929338745,-8632,53773,-29761.6,32456.3,7.8,0.020,101612609,LOCKED
53516,1750.582,-51731929342719,15200,77605,-29690.8,32341.8,7.8,0.022,101697225,LOCKED
53517,1751.582,-51731929355827,28011,90416,-29551.9,31814.6,7.8,0.022,101663445,LOCKED
53518,1752.582,-51731929469794,-51695,10710,-29697.4,32302.0,7.8,0.015,101754645,LOCKED
53519,1753.582,-51731929463537,-14132,48273,-29752.9,32271.2,7.7,0.012,101851478,LOCKED
53520,1754.582,-51731929440623,34730,97135,-29623.7,32181.9,7.8,0.008,101966779,LOCKED
53521,1755.582,-51731929574021,-63391,0,-29796.0,32974.7,7.8,0.008,101924737,LOCKED
53522,1756.582,-51731929573838,-30576,32815,-29884.5,33124.9,8.0,0.005,102017202,LOCKED
53523,1757.582,-51731929571789,831,64222,-29860.0,33077.0,8.5,-0.004,102110762,LOCKED
53524,1758.583,-51731929571144,28889,92280,-29787.8,33267.1,8.5,-0.010,102204731,LOCKED
53525,1759.582,-51731929693477,-59311,4080,-29902.7,34217.8,9.0,-0.014,102173818,LOCKED
53526,1760.582,-51731929712436,-44381,19010,-30024.7,34575.0,9.4,-0.022,102248122,LOCKED
53527,1761.582,-51731929708602,-8036,55355,-30133.6,33804.3,9.5,-0.024,102343145,LOCKED
53528,1762.582,-51731929705139,24683,88074,-30131.6,33819.6,9.6,-0.025,102441506,LOCKED
53529,1763.582,-51731929719909,36624,100015,-30024.4,34021.3,10.1,-0.027,102407338,LOCKED
53530,1764.583,-51731929802465,-14404,48987,-30074.3,34024.0,10.5,-0.028,102525687,LOCKED
53531,1765.582,-51731929818678,-712,62679,-30064.8,34013.9,10.9,-0.029,102601983,LOCKED
53532,1766.583,-51731929812632,35249,98640,-30116.3,33211.0,11.3,-0.029,102698717,LOCKED
53533,1767.582,-51731929933198,-50304,13087,-30273.2,33485.3,11.6,-0.028,102674357,LOCKED
53534,1768.582,-51731929923756,-9453,53938,-30313.3,33460.3,11.7,-0.027,102772154,LOCKED
53535,1769.582,-51731929966585,-21394,41997,-30305.9,33405.5,12.0,-0.024,102858591,LOCKED
53536,1770.583,-51731929912368,60655,124046,-30285.4,33757.7,12.3,-0.021,102855970,LOCKED
53537,1771.583,-51731930000966,3107,66498,-30328.1,33553.2,12.4,-0.007,102969031,LOCKED
53538,1772.583,-51731929990504,41161,104552,-30262.2,34012.2,12.6,-0.011,103072338,LOCKED
53539,1773.583,-51731930092110,-29281,34110,-30257.7,33970.4,12.9,-0.004,103063671,LOCKED
53540,1774.583,-51731930047613,43467,106858,-30231.5,34261.7,12.7,0.015,103200920,LOCKED
53541,1775.583,-51731930159578,-35755,27636,-30295.4,34603.8,13.2,0.030,103184560,LOCKED
53542,1776.583,-51731930150149,3574,66965,-30281.9,34602.7,13.5,0.007,103283339,LOCKED
53543,1777.583,-51731930148121,32542,95933,-30171.8,34641.4,13.4,0.002,103376111,LOCKED
53544,1778.583,-51731930164247,42101,105492,-30021.3,34604.0,13.6,-0.012,103341389,LOCKED
53545,1779.583,-51731930252585,-14338,49053,-30089.8,34496.2,13.5,-0.009,103456670,LOCKED
53546,1780.584,-51731930247594,19627,83018,-30067.6,34586.0,13.5,-0.005,103553119,LOCKED
53547,1781.583,-51731930258713,35076,98467,-29954.0,34678.3,13.4,0.001,103633102,LOCKED
53548,1782.584,-51731930372461,-47310,16081,-29944.4,34531.5,13.5,-0.004,103610531,LOCKED
53549,1783.584,-51731930375800,-18152,45239,-30039.7,34268.6,13.6,-0.008,103697208,LOCKED
53550,1784.583,-51731930350355,33939,97330,-29929.4,34352.5,13.5,0.011,103816552,LOCKED
53551,1785.584,-51731930367572,42213,105604,-29781.4,34354.1,13.5,-0.007,103889653,LOCKED
53552,1786.583,-51731930495486,-54148,9243,-29778.3,34301.0,13.6,-0.021,103852914,LOCKED
53553,1787.584,-51731930497088,-23360,40031,-29867.8,34241.8,13.5,-0.023,103940513,LOCKED
53554,1788.584,-51731930497644,5462,68853,-29852.8,34247.3,12.7,-0.028,104031715,LOCKED
53555,1789.584,-51731930495610,34106,97497,-29750.2,34399.5,12.6,-0.028,104125882,LOCKED
53556,1790.584,-51731930599760,-38281,25110,-29785.3,34702.0,12.2,-0.029,104114530,LOCKED
53557,1791.584,-51731930594714,-1966,61425,-29855.1,34321.3,11.9,-0.022,104209166,LOCKED
53558,1792.584,-51731930586275,35521,98912,-29874.6,34074.9,11.8,-0.021,104306597,LOCKED
53653,1887.590,-51783472879099,-48190575336,0,-84525281.2,6500000000.0,9.7,0.021,110270775,LOCKED
53654,1888.589,-51783472822719,-44923336752,3267238584,-166156360.6,8900000000.0,9.7,0.026,110190633,LOCKED
53655,1889.589,-51783472912777,-41740735729,6449839607,-244923304.5,11000000000.0,9.7,0.030,8222546690,LOCKED
53656,1890.590,-51783472905355,-38642534322,9548041014,-320825973.2,12000000000.0,9.4,0.032,8470383994,LOCKED
53657,1891.590,-51783473010797,-35628935831,12561639505,-393864535.0,13000000000.0,9.3,0.036,8793998504,LOCKED
53658,1892.589,-51783473005502,-32699725659,15490849677,-464038718.5,13000000000.0,9.3,0.041,9190792767,LOCKED
53659,1893.590,-51783472992508,-29855007335,18335568001,-531348511.9,14000000000.0,9.3,0.044,9657790447,LOCKED
53660,1894.590,-51783473071604,-27094873840,21095701496,-595794107.6,14000000000.0,9.3,0.040,10191960732,LOCKED
53661,1895.590,-51783473095998,-24419179536,23771395800,-657375540.0,15000000000.0,9.3,0.036,10790631377,LOCKED
53662,1896.590,-51783473089770,-21827953436,26362621900,-716092607.5,15000000000.0,9.3,0.033,11450915709,LOCKED
53663,1897.590,-51783473087748,-19321230001,28869345335,-771945321.8,15000000000.0,9.3,0.037,12169795804,LOCKED
53664,1898.590,-51783473164049,-16899074963,31291500373,-824933978.4,15000000000.0,9.3,0.040,12944785411,LOCKED
53665,1899.590,-51783473168042,-14561345133,33629230203,-875058319.0,15000000000.0,9.3,0.044,13772719700,LOCKED
53666,1900.590,-51783473274036,-12308208798,35882366538,-922318479.3,15000000000.0,9.2,0.042,14650590253,LOCKED
53667,1901.591,-51783473255612,-10139447161,38051128175,-966714282.3,15000000000.0,9.2,0.041,15575940164,LOCKED
53668,1902.591,-51783473237950,-8055182447,40135392889,-1000000000.0,15000000000.0,9.1,0.040,16545711944,LOCKED
53669,1903.590,-51783473351084,-6055539268,42135036068,-1000000000.0,15000000000.0,9.2,0.042,17556766178,LOCKED
53670,1904.590,-51783473296577,-4140230241,44050345095,-1100000000.0,15000000000.0,9.1,0.042,18606563635,LOCKED
53671,1905.592,-51783473381080,-2309552577,45881022759,-1100000000.0,14000000000.0,9.2,0.043,19692267924,LOCKED
53672,1906.591,-51783473349280,-563255281,47627320055,-1100000000.0,14000000000.0,9.2,0.041,20811039126,LOCKED
53673,1907.591,-51783473427855,1098438379,49289013715,-1200000000.0,14000000000.0,9.1,0.042,21959653140,LOCKED
53674,1908.590,-51783473509049,2675635632,50866210968,-1200000000.0,14000000000.0,9.1,0.040,23135475993,LOCKED
53675,1909.591,-51783473468051,4168458386,52359033722,-1200000000.0,14000000000.0,9.2,0.038,24335915839,LOCKED
53676,1910.591,-51783473544641,5576670339,53767245675,-1200000000.0,14000000000.0,8.7,0.043,25557582704,LOCKED
53677,1911.591,-51783473504427,6900498100,55091073436,-1300000000.0,13000000000.0,8.7,0.042,26798145246,LOCKED
53678,1912.590,-51783473576209,8139720261,56330295597,-1300000000.0,13000000000.0,8.6,0.045,28054199625,LOCKED
53679,1913.591,-51783473644703,9294455873,57485031209,-1300000000.0,13000000000.0,8.9,0.041,29323151648,LOCKED
53680,1914.592,-51783473681876,10364727575,58555302911,-1300000000.0,13000000000.0,9.0,0.043,30602144096,LOCKED
53681,1915.591,-51783473640077,11350577092,59541152428,-1300000000.0,13000000000.0,9.1,0.046,31888403074,LOCKED
53682,1916.591,-51783473705275,12251825487,60442400823,-1300000000.0,13000000000.0,9.1,0.049,33178848023,LOCKED
53683,1917.593,-51783473670909,13068673344,61259248680,-1300000000.0,13000000000.0,8.7,0.060,34470692633,LOCKED
53684,1918.591,-51783473713191,13800951774,61991527110,-1300000000.0,13000000000.0,8.5,0.066,35761467518,LOCKED
53685,1919.592,-51783473783359,14448709206,62639284542,-1300000000.0,13000000000.0,8.5,0.073,37047620130,LOCKED
53686,1920.591,-51783473861735,15011965023,63202540359,-1300000000.0,13000000000.0,8.4,0.081,38326601194,LOCKED
53687,1921.592,-51783473813481,15490849910,63681425246,-1300000000.0,13000000000.0,8.3,0.090,39595824194,LOCKED
53688,1922.595,-51783473897615,15885109400,64075684736,-1200000000.0,14000000000.0,8.4,0.093,40851865563,LOCKED
53689,1923.591,-51783473853625,16194997264,64385572600,-1200000000.0,14000000000.0,8.2,0.105,42092455268,LOCKED
53690,1924.591,-51783473899752,16420298028,64610873364,-1200000000.0,14000000000.0,8.3,0.111,43314173951,LOCKED
53691,1925.591,-51783473968510,16561085245,64751660581,-1200000000.0,14000000000.0,8.4,0.117,44514398372,LOCKED
53692,1926.592,-51783474044703,16617371326,64807946662,-1100000000.0,14000000000.0,8.3,0.123,45690136423,LOCKED
53693,1927.591,-51783474006427,16589274324,64779849660,-1100000000.0,14000000000.0,8.3,0.132,46839049285,LOCKED
53694,1928.592,-51783474039586,16476608340,64667183676,-1100000000.0,15000000000.0,8.3,0.143,47957736046,LOCKED
53695,1929.592,-51783474104880,16279419851,64469995187,-1000000000.0,15000000000.0,8.3,0.156,49043410952,LOCKED
53696,1930.592,-51783474168058,15997739001,64188314337,-1000000000.0,15000000000.0,7.7,0.187,50093275790,LOCKED
53697,1931.592,-51783474122472,15631665494,63822240830,-966714192.1,15000000000.0,7.9,0.166,51104703616,LOCKED
53698,1932.593,-51783474194428,15180981342,63371556678,-922318281.4,15000000000.0,7.9,0.168,52074346213,LOCKED
53699,1933.592,-51783474163777,14645902339,62836477675,-875058117.3,15000000000.0,8.0,0.153,52999797999,LOCKED
53700,1934.592,-51783474235093,14026227625,62216802961,-824933715.4,15000000000.0,8.1,0.141,53877773183,LOCKED
53701,1935.592,-51783474215938,13322144166,61512719502,-771944950.4,15000000000.0,8.5,0.115,54705481428,LOCKED
53702,1936.592,-51783474280706,12533486498,60724061834,-716092135.6,15000000000.0,8.4,0.121,55480592917,LOCKED
53703,1937.592,-51783474269058,11660406389,59850981725,-657374961.2,15000000000.0,8.5,0.112,56199549607,LOCKED
53704,1938.593,-51783474354012,10702736168,58893311504,-595793537.6,14000000000.0,8.5,0.117,56860039980,LOCKED
53705,1939.592,-51783474325740,9660679543,57851254879,-531347745.5,14000000000.0,8.4,0.114,57458922951,LOCKED
53706,1940.592,-51783474408127,8534023587,56724598923,-464037956.4,13000000000.0,8.2,0.111,57993178586,LOCKED
53707,1941.592,-51783474387681,7322970971,55513546307,-393863790.1,13000000000.0,8.2,0.106,58460103208,LOCKED
53708,1942.592,-51783474466387,6027326158,54217901494,-320825408.7,12000000000.0,8.2,0.110,58857053436,LOCKED
53709,1943.592,-51783474541728,4647191232,52837766568,-244922797.8,11000000000.0,8.2,0.106,59180781625,LOCKED
53710,1944.592,-51783474483653,3182690982,51373266318,-166155914.5,8900000000.0,8.2,0.102,59428631466,LOCKED
53711,1945.593,-51783474558834,1633564025,49824139361,-84524801.2,6500000000.0,8.2,0.099,59597814941,LOCKED
53712,1946.593,-51783474529763,40847,48190616183,-29276.6,34132.1,8.3,0.096,59685233440,LOCKED
53713,1947.593,-51783474585497,14647,48190589983,-29313.7,33842.4,8.1,0.094,59688323805,LOCKED
53714,1948.592,-51783474607991,18474,48190593810,-29197.3,33305.6,8.2,0.085,59603912879,LOCKED
53715,1949.593,-51783474672814,-15738,48190559598,-29240.6,33352.0,8.0,0.084,59603949821,LOCKED
53716,1950.593,-51783474743159,-54030,48190521306,-29288.9,33959.0,7.8,0.083,59603986071,LOCKED
53717,1951.593,-51783474768329,-45009,48190530327,-29454.9,33837.8,7.6,0.083,59604020170,LOCKED
53718,1952.593,-51783474715803,35235,48190610571,-29428.3,34066.1,7.3,0.084,59604051143,LOCKED
53719,1953.593,-51783474767785,11115,48190586451,-29369.7,33965.3,7.3,0.080,59604202960,LOCKED
53720,1954.593,-51783474805130,3786,48190579122,-29407.8,33792.0,7.3,0.080,59604256189,LOCKED
53721,1955.593,-51783474874234,-32837,48190542499,-29504.2,33952.0,7.3,0.081,59604279482,LOCKED
53722,1956.593,-51783474840843,27741,48190603077,-29436.5,34128.4,7.4,0.077,59604290736,LOCKED
53723,1957.593,-51783474882774,12786,48190588122,-29336.8,33644.1,7.3,0.076,59604452523,LOCKED
53724,1958.593,-51783474940284,-14408,48190560928,-29360.9,33700.9,7.1,0.076,59604488892,LOCKED
53725,1959.593,-51783475004258,-46685,48190528651,-29398.0,34116.2,6.8,0.080,59604513324,LOCKED
53726,1960.593,-51783474955027,31565,48190606901,-29432.0,33681.2,7.0,0.085,59604652905,LOCKED
53727,1961.593,-51783475027543,-10586,48190564750,-29460.2,33703.6,6.9,0.087,59604669394,LOCKED
53728,1962.593,-51783475091675,-43677,48190531659,-29465.2,33768.8,7.0,0.086,59604695641,LOCKED
53729,1963.594,-51783475045038,31701,48190607037,-29482.4,33571.7,6.6,0.092,59604835748,LOCKED
53730,1964.593,-51783475081604,21660,48190596996,-29373.1,33244.0,6.6,0.094,59604776853,LOCKED
53731,1965.593,-51783475155757,-21256,48190554080,-29429.3,33336.6,6.2,0.099,59604906321,LOCKED
53732,1966.593,-51783475228308,-61821,48190513515,-29452.0,33730.2,6.2,0.102,59604928980,LOCKED
53733,1967.594,-51783475184220,10925,48190586261,-29431.1,33762.5,6.2,0.104,59605060659,LOCKED
53734,1968.594,-51783475253608,-25466,48190549870,-29564.1,33243.6,6.1,0.108,59605082943,LOCKED
53735,1969.594,-51783475320608,-59339,48190515997,-29640.4,34138.8,6.1,0.112,59605103535,LOCKED
53736,1970.594,-51783475266150,24221,48190599557,-29654.3,34017.8,6.0,0.116,59605252863,LOCKED
53737,1971.594,-51783475338892,-18851,48190556485,-29623.6,33755.1,5.9,0.121,59605269198,LOCKED
53738,1972.594,-51783475306738,40267,48190615603,-29559.9,34190.9,5.8,0.126,59605279437,LOCKED
53739,1973.594,-51783475356164,20465,48190595801,-29597.2,33832.3,5.8,0.125,59605434265,LOCKED
53740,1974.594,-51783475400095,7449,48190582785,-29674.4,33117.5,5.8,0.123,59605483372,LOCKED
53741,1975.594,-51783475469064,-30331,48190545005,-29698.4,33295.7,5.8,0.121,59605505760,LOCKED
53742,1976.594,-51783475427774,38639,48190613975,-29663.5,33610.4,5.8,0.119,59605640962,LOCKED
53743,1977.594,-51783475497316,-2671,48190572665,-29588.7,33043.2,6.2,0.115,59605660679,LOCKED
53744,1978.594,-51783475573300,-47067,48190528269,-29608.5,33304.2,6.1,0.122,59605677313,LOCKED
53745,1979.594,-51783475513079,40116,48190615452,-29545.3,33742.4,6.1,0.119,59605831409,LOCKED
53746,1980.594,-51783475580061,4229,48190579565,-29628.5,33008.6,6.1,0.115,59605852237,LOCKED
53747,1981.594,-51783475639007,-24215,48190551121,-29631.1,33028.1,6.2,0.114,59605884539,LOCKED
53748,1982.594,-51783475707719,-58144,48190517192,-29787.5,33695.8,6.6,0.082,59605911064,LOCKED
53749,1983.595,-51783475649760,26394,48190601730,-29673.8,33480.5,6.6,0.071,59606055898,LOCKED
53750,1984.595,-51783475676274,26777,48190602113,-29581.8,33496.8,6.8,0.046,59606121293,LOCKED
53751,1985.595,-51783475748621,-14589,48190560747,-29626.3,33523.3,6.9,0.022,59606140055,LOCKED
53752,1986.595,-51783475818430,-49256,48190526080,-29815.5,33244.1,7.1,0.014,59606165910,LOCKED
53753,1987.595,-51783475777387,20077,48190595413,-29773.9,33352.1,7.1,-0.008,59606297145,LOCKED
53754,1988.595,-51783475845561,-17172,48190558164,-29801.9,33433.1,7.0,-0.032,59606319552,LOCKED
53755,1989.595,-51783475908135,-45537,48190529799,-29942.7,33670.1,6.8,-0.058,59606353888,LOCKED
53756,1990.595,-51783475850289,41907,48190617243,-29995.7,32714.7,6.9,-0.103,59606498325,LOCKED
53757,1991.595,-51783475921084,1037,48190576373,-29993.9,32715.0,7.1,-0.119,59606517199,LOCKED
53758,1992.595,-51783475988994,-33083,48190542253,-30125.4,32527.0,7.0,-0.136,59606542691,LOCKED
53759,1993.595,-51783475940600,41990,48190617326,-30026.0,32962.4,7.1,-0.148,59606683254,LOCKED
53760,1994.595,-51783475994615,17632,48190592968,-30037.2,32887.7,7.1,-0.149,59606720589,LOCKED
53761,1995.595,-51783476068234,-25066,48190550270,-30038.9,32900.8,7.0,-0.148,59606738834,LOCKED
53762,1996.595,-51783476020168,49917,48190625253,-29968.6,33565.3,7.0,-0.149,59606878537,LOCKED
53763,1997.595,-51783476089574,8702,48190584038,-29895.6,33288.0,7.0,-0.150,59606898941,LOCKED
53764,1998.596,-51783476165500,-34248,48190541088,-29990.0,33505.9,6.6,-0.150,59606917491,LOCKED
53765,1999.595,-51783476116090,41012,48190616348,-29854.8,33610.0,6.5,-0.150,59607052501,LOCKED
53766,2000.595,-51783476198287,-10178,48190565158,-29894.5,33595.9,6.7,-0.144,59607063365,LOCKED
53767,2001.596,-51783476266040,-46135,48190529201,-29911.1,33810.6,6.8,-0.150,59607088913,LOCKED
53768,2002.595,-51783476222848,25589,48190600925,-29886.0,33954.4,6.7,-0.155,59607222613,LOCKED
53769,2003.596,-51783476294382,-13129,48190562207,-30008.2,33122.3,6.6,-0.154,59607241988,LOCKED
53770,2004.596,-51783476352716,-39663,48190535673,-30030.2,33354.6,6.6,-0.154,59607275687,LOCKED
53771,2005.596,-51783476320721,21493,48190596829,-30023.3,33397.1,6.7,-0.158,59607398969,LOCKED
53772,2006.596,-51783476396508,-24062,48190551274,-29993.4,33089.6,6.7,-0.157,59607410416,LOCKED
53773,2007.596,-51783476353876,44828,0,-29884.4,33562.4,6.8,-0.152,59607553445,LOCKED
53774,2008.595,-51783476406049,20156,0,-29800.8,33465.6,6.8,-0.153,59607585409,LOCKED
53775,2009.596,-51783476456408,-214,0,-29809.7,33459.2,6.7,-0.153,59607629391,LOCKED
53776,2010.596,-51783476511978,-22761,0,-29929.8,33022.6,6.7,-0.152,59607663493,LOCKED
53777,2011.596,-51783476460100,56706,79467,-29909.2,33354.2,6.7,-0.151,59607806734,LOCKED
53778,2012.596,-51783476529650,14743,37504,-29819.6,33047.4,6.7,-0.150,59607828412,LOCKED
53779,2013.596,-51783476606059,-30350,0,-29842.6,33220.9,6.6,-0.152,59607842081,LOCKED
53780,2014.596,-51783476648763,-40731,0,-29896.7,33651.5,6.6,-0.151,59607890672,LOCKED
53781,2015.596,-51783476688233,-46029,0,-30030.2,33982.0,6.5,-0.150,59608043513,LOCKED
53782,2016.596,-51783476676057,-4561,41468,-29986.3,33749.5,6.6,-0.151,59608049254,LOCKED
53783,2017.597,-51783476740273,-36919,9110,-30016.8,34016.6,6.6,-0.152,59608074783,LOCKED
53784,2018.597,-51783476684459,45995,92024,-29950.0,34568.5,6.5,-0.156,59608223573,LOCKED
53785,2019.596,-51783476753478,7838,53867,-30007.9,34137.0,6.5,-0.155,59608245791,LOCKED
53786,2020.597,-51783476817460,-25631,20398,-29990.1,33967.4,6.4,-0.147,59608271878,LOCKED
53787,2021.597,-51783476767200,51238,97267,-29909.2,34665.8,6.4,-0.146,59608413572,LOCKED
53788,2022.596,-51783476840160,8918,54947,-29960.0,34303.4,6.3,-0.151,59608432961,LOCKED
53789,2023.597,-51783476916158,-35920,10109,-29959.1,34294.0,6.3,-0.149,59608450565,LOCKED
53790,2024.597,-51783476839273,65277,111306,-29790.2,35169.4,6.4,-0.148,59608616045,LOCKED
53791,2025.597,-51783476919061,14580,60609,-29780.2,35204.7,6.3,-0.154,59608627360,LOCKED
53792,2026.597,-51783476989863,-22999,23030,-29911.1,34638.7,6.3,-0.153,59608647761,LOCKED
53793,2027.597,-51783476950618,42559,88588,-29805.1,35033.4,6.2,-0.160,59608778160,LOCKED
53794,2028.597,-51783477017800,5477,51506,-29828.7,34946.9,6.2,-0.159,59608804194,LOCKED
53795,2029.597,-51783477087354,-30114,15915,-29981.9,34316.4,6.3,-0.157,59608828897,LOCKED
53796,2030.597,-51783477047723,36192,82221,-29879.6,34535.7,6.3,-0.156,59608956769,LOCKED
53797,2031.598,-51783477122069,-7141,38888,-29923.4,34464.0,6.4,-0.156,59608970922,LOCKED
53798,2032.597,-51783477083873,55589,101618,-29751.1,34801.1,6.4,-0.154,59609102265,LOCKED
53799,2033.598,-51783477159621,8036,54065,-29687.9,34610.2,6.4,-0.152,59609118261,LOCKED
53800,2034.598,-51783477203116,-5929,40100,-29670.3,34551.5,6.5,-0.133,59609165711,LOCKED
53801,2035.598,-51783477172005,52033,98062,-29618.4,35134.9,6.6,-0.117,59609285639,LOCKED
53802,2036.598,-51783477262914,-10282,35747,-29550.9,34533.0,6.7,-0.104,59609292340,LOCKED
53803,2037.598,-51783477230512,47917,93946,-29446.1,35104.1,6.4,-0.091,59609300285,LOCKED
53804,2038.597,-51783477292075,15846,61875,-29474.8,34897.2,6.4,-0.078,59609442758,LOCKED
53805,2039.598,-51783477383799,-45247,782,-29456.2,34613.4,6.7,-0.050,59609443561,LOCKED
53806,2040.598,-51783477326820,37824,83853,-29353.8,34880.8,6.6,-0.035,59609591248,LOCKED
53807,2041.598,-51783477392999,1142,47171,-29362.8,34870.8,6.6,-0.038,59609615080,LOCKED
53808,2042.598,-51783477448145,-21506,24523,-29481.1,34431.3,6.6,-0.036,59609650743,LOCKED
53809,2043.598,-51783477506755,-48592,0,-29500.6,34686.2,6.4,-0.037,59609683687,LOCKED
53810,2044.598,-51783477541066,-51309,0,-29518.0,34930.5,6.4,-0.036,59609737565,LOCKED
53811,2045.598,-51783477565253,-42974,8335,-29594.1,35414.5,6.4,-0.034,59609908039,LOCKED
53812,2046.598,-51783477529601,22231,73540,-29629.1,35077.9,6.4,-0.033,59609931385,LOCKED
53813,2047.598,-51783477613251,-30600,20709,-29636.6,35141.8,6.5,-0.041,59609957442,LOCKED
53814,2048.598,-51783477650947,-35764,15545,-29719.4,35441.5,6.5,-0.040,59609988868,LOCKED
53815,2049.598,-51783477613415,30987,82296,-29746.4,35130.0,6.6,-0.038,59610137573,LOCKED
53816,2050.598,-51783477679173,-6001,45308,-29688.4,34736.5,6.5,-0.044,59610166579,LOCKED
53817,2051.599,-51783477737156,-32081,19228,-29743.9,35008.5,6.4,-0.050,59610197335,LOCKED
53818,2052.599,-51783477692342,41009,92318,-29740.0,35054.8,6.4,-0.056,59610222985,LOCKED
53819,2053.599,-51783477730684,29030,80339,-29622.3,34894.5,6.3,-0.062,59610389592,LOCKED
53820,2054.598,-51783477767656,19691,71000,-29557.3,34917.1,6.3,-0.061,59610442722,LOCKED
53821,2055.599,-51783477848623,-28831,22478,-29651.3,34974.5,6.4,-0.065,59610452805,LOCKED
53822,2056.599,-51783477908767,-57139,0,-29663.5,35170.4,6.4,-0.064,59610488504,LOCKED
53823,2057.599,-51783477846707,31938,89077,-29586.6,35399.9,6.4,-0.063,59610638254,LOCKED
53824,2058.599,-51783477925237,-14817,42322,-29669.5,35181.9,6.4,-0.062,59610650761,LOCKED
53825,2059.599,-51783477998623,-56188,951,-29691.2,35504.3,6.7,-0.058,59610668074,LOCKED
53826,2060.599,-51783477950607,20374,77513,-29668.8,35596.9,6.5,-0.055,59610806220,LOCKED
53827,2061.599,-51783478012627,-9681,47458,-29765.6,35080.8,6.3,-0.057,59610834502,LOCKED
53828,2062.599,-51783478081929,-46815,10324,-29805.7,35503.8,6.1,-0.060,59610856191,LOCKED
53829,2063.599,-51783478036127,27514,84653,-29788.7,35617.8,6.3,-0.057,59610996033,LOCKED
53830,2064.600,-51783478094361,683,57822,-29869.2,35051.1,6.3,-0.057,59611033369,LOCKED
53831,2065.600,-51783478166555,-39336,17803,-29917.1,35418.1,6.0,-0.061,59611050308,LOCKED
53832,2066.600,-51783478119749,36103,93242,-29914.1,35449.4,6.2,-0.059,59611187649,LOCKED
53833,2067.600,-51783478205338,-19534,37605,-29883.4,35190.8,6.3,-0.053,59611199206,LOCKED
53834,2068.600,-51783478255136,-37438,19701,-29919.9,35484.2,6.3,-0.054,59611231489,LOCKED
53835,2069.600,-51783478211455,33944,91083,-29867.3,35778.3,6.5,-0.054,59611371992,LOCKED
53836,2070.601,-51783478279412,-2918,54221,-29922.8,35566.9,6.6,-0.053,59611393568,LOCKED
53837,2071.600,-51783478344534,-37337,19802,-29899.0,35254.0,6.8,-0.053,59611420983,LOCKED
53838,2072.601,-51783478287920,45528,102667,-29795.5,35745.0,7.4,-0.053,59611566344,LOCKED
53839,2073.600,-51783478352480,11082,68221,-29829.6,35535.4,7.4,-0.055,59611593241,LOCKED
53840,2074.600,-51783478402395,-6913,50226,-29920.9,35015.2,7.4,-0.057,59611634375,LOCKED
53841,2075.600,-51783478371540,52296,109435,-29931.0,34846.6,7.5,-0.059,59611646239,LOCKED
53842,2076.601,-51783478429583,23216,80355,-29922.1,34902.0,8.0,-0.055,59611789610,LOCKED
53843,2077.600,-51783478509119,-22918,34221,-30055.0,34296.9,7.9,-0.050,59611804957,LOCKED
53844,2078.600,-51783478560328,-42156,14983,-30079.0,34555.3,7.9,-0.053,59611843835,LOCKED
53845,2079.600,-51783478510062,36037,93176,-30033.3,34873.9,7.9,-0.056,59611986470,LOCKED
53846,2080.600,-51783478576219,1363,58502,-30106.8,34374.6,7.9,-0.051,59612008782,LOCKED
53847,2081.601,-51783478643995,-35081,22058,-30108.6,34393.2,8.4,-0.059,59612032175,LOCKED
53848,2082.601,-51783478597980,38629,95768,-30054.3,34775.4,9.4,-0.070,59612178763,LOCKED
53849,2083.601,-51783478657152,10651,67790,-30128.1,34060.3,10.2,-0.084,59612207287,LOCKED
53850,2084.601,-51783478667112,27116,84255,-29991.2,33552.2,10.5,-0.085,59612288909,LOCKED
53851,2085.600,-51783478753806,-27853,29286,-30030.0,33755.9,11.0,-0.039,59612299499,LOCKED
53852,2086.607,-51783478695272,57953,115092,-29991.0,34320.8,11.1,-0.030,59612334945,LOCKED
53853,2087.601,-51783478742060,37375,94514,-29867.3,34400.9,11.1,-0.024,59612493384,LOCKED
53854,2088.604,-51783478794790,13586,70725,-29844.5,34450.3,11.4,-0.005,59612530324,LOCKED
53855,2089.601,-51783478862098,-20998,36141,-29951.1,34143.0,11.7,0.012,59612558705,LOCKED
53856,2090.602,-51783478922652,-49121,8018,-29991.1,34605.1,11.9,0.026,59612587323,LOCKED
53857,2091.600,-51783478881038,21622,78761,-29984.8,34643.2,11.8,0.043,59612724379,LOCKED
53858,2092.601,-51783478946773,-14865,42274,-29923.7,34039.8,12.0,0.057,59612744057,LOCKED
53859,2093.601,-51783478910329,47927,105066,-29827.8,34644.1,12.1,0.072,59612876040,LOCKED
53860,2094.602,-51783478960716,25745,82884,-29790.9,34814.2,12.2,0.087,59612912893,LOCKED
53861,2095.602,-51783479042469,-26405,30734,-29737.6,34138.1,12.2,0.101,59612923418,LOCKED
53862,2096.602,-51783478995239,47320,104459,-29657.1,34737.1,12.3,0.112,59613060375,LOCKED
53863,2097.602,-51783479074364,-4084,53055,-29555.0,33696.4,12.3,0.133,59613077087,LOCKED
53864,2098.601,-51783479148701,-46837,10302,-29576.7,33970.6,12.3,0.141,59613089264,LOCKED
53865,2099.602,-51783479104908,25706,82845,-29578.9,33952.7,12.3,0.146,59613227682,LOCKED
53866,2100.601,-51783479181430,-21811,35328,-29514.4,33138.4,12.3,0.152,59613242320,LOCKED
53867,2101.602,-51783479148872,36801,93940,-29405.5,33336.9,12.3,0.157,59613252660,LOCKED
53868,2102.601,-51783479210825,3890,61029,-29394.1,33339.2,12.2,0.154,59613395918,LOCKED
53869,2103.602,-51783479293357,-45169,11970,-29519.4,33710.2,12.2,0.152,59613402252,LOCKED
53870,2104.602,-51783479330284,-48007,9132,-29664.1,34013.1,12.1,0.149,59613455477,LOCKED
53871,2105.601,-51783479273886,36686,93825,-29658.0,34079.9,12.1,0.152,59613601665,LOCKED
53872,2106.601,-51783479356182,-15953,41186,-29631.3,33885.6,12.0,0.149,59613616295,LOCKED
53873,2107.602,-51783479320773,46604,103743,-29586.9,34350.3,11.7,0.145,59613627157,LOCKED
53874,2108.602,-51783479378147,18566,75705,-29605.5,34213.8,11.6,0.142,59613775141,LOCKED
53875,2109.601,-51783479439869,-13888,43251,-29565.7,33903.9,11.6,0.139,59613806515,LOCKED
53876,2110.602,-51783479514251,-54968,2171,-29657.9,34714.3,11.2,0.134,59613819938,LOCKED
53877,2111.602,-51783479453049,34481,91620,-29645.9,34826.3,11.1,0.136,59613971831,LOCKED
53878,2112.602,-51783479516391,-802,56337,-29566.6,34259.8,10.7,0.130,59614001601,LOCKED
53879,2113.602,-51783479594948,-47904,9235,-29579.6,34435.9,10.3,0.127,59614011851,LOCKED
53880,2114.603,-51783479544970,28455,85594,-29469.7,34339.5,10.2,0.126,59614051769,LOCKED
53881,2115.602,-51783479618711,-14324,42815,-29519.2,34342.7,9.8,0.121,59614170538,LOCKED
53882,2116.602,-51783479600516,32753,89892,-29542.5,34061.1,9.7,0.119,59614295322,LOCKED
53883,2117.603,-51783479678886,-16481,40658,-29495.0,33618.2,9.6,0.117,59614312494,LOCKED
53884,2118.603,-51783479731520,-36943,20196,-29565.1,33987.9,9.5,0.114,59614332228,LOCKED
53885,2119.602,-51783479683650,39472,96611,-29580.7,33774.8,9.5,0.114,59614472926,LOCKED
53886,2120.602,-51783479749275,2297,59436,-29528.9,33572.9,9.4,0.110,59614499117,LOCKED
53887,2121.602,-51783479810225,-27122,30017,-29582.2,33771.4,9.3,0.106,59614521145,LOCKED
53888,2122.603,-51783479764231,46776,103915,-29577.6,33835.9,9.4,0.102,59614660196,LOCKED
53889,2123.602,-51783479844731,-4870,52269,-29533.9,33599.6,9.4,0.100,59614674469,LOCKED
53890,2124.602,-51783479878710,-8809,48330,-29544.1,33618.4,9.2,0.093,59614733625,LOCKED
53891,2125.602,-51783479956303,-51836,5303,-29704.7,33920.4,9.1,0.085,59614745691,LOCKED
53892,2126.602,-51783479926441,6157,63296,-29637.6,33648.9,9.1,0.083,59614866487,LOCKED
53893,2127.603,-51783479918809,41314,98453,-29602.6,33989.9,9.1,0.082,59614856373,LOCKED
53894,2128.602,-51783479965176,24339,81478,-29632.8,33680.5,9.0,0.072,59615010137,LOCKED
53895,2129.603,-51783480031742,-12766,44373,-29603.0,33482.7,9.0,0.070,59615036885,LOCKED
53896,2130.603,-51783480104876,-52403,4736,-29707.2,34217.2,9.0,0.069,59615055762,LOCKED
53897,2131.603,-51783480066030,16593,73732,-29756.6,33747.7,9.0,0.067,59615186354,LOCKED
53898,2132.603,-51783480151600,-37972,19167,-29754.7,33724.8,9.0,0.075,59615191377,LOCKED
53899,2133.603,-51783480106366,34422,91561,-29684.5,34038.6,8.8,0.063,59615324586,LOCKED
53900,2134.603,-51783480163101,7326,64465,-29694.5,34007.4,8.6,0.049,59615360348,LOCKED
53901,2135.603,-51783480258022,-55700,1439,-29709.9,34251.0,8.6,0.046,59615351587,LOCKED
53902,2136.603,-51783480231382,-54,57085,-29675.1,34144.6,8.6,0.058,59615478449,LOCKED
53903,2137.603,-51783480295748,-31531,25608,-29780.6,34191.8,8.3,0.040,59615501790,LOCKED
53904,2138.603,-51783480264148,29680,86819,-29821.8,33663.0,8.0,0.023,59615628406,LOCKED
53905,2139.603,-51783480333298,-9830,47309,-29796.5,33527.8,7.7,-0.012,59615648715,LOCKED
53906,2140.603,-51783480404442,-47491,9648,-29898.6,34111.2,7.6,-0.016,59615667395,LOCKED
53907,2141.604,-51783480357978,28696,85835,-29937.8,33625.7,7.7,-0.005,59615809784,LOCKED
53908,2142.604,-51783480404392,10679,67818,-29879.8,33519.6,7.3,0.024,59615856933,LOCKED
53909,2143.605,-51783480472886,-25952,31187,-29934.1,33697.5,6.9,0.056,59615876553,LOCKED
53910,2144.606,-51783480518221,-39121,18018,-29978.6,34062.9,6.7,0.074,59615924630,LOCKED
53911,2145.604,-51783480458462,48773,105912,-29969.3,34195.6,6.7,0.073,59616076959,LOCKED
53912,2146.605,-51783480517236,17211,74350,-29862.3,33756.0,6.6,0.076,59616108189,LOCKED
53913,2147.604,-51783480591390,-26337,30802,-29855.0,33691.1,6.5,0.078,59616126169,LOCKED
53914,2148.605,-51783480547631,43909,101048,-29762.6,34193.7,6.5,0.077,59616260889,LOCKED
53915,2149.606,-51783480614605,7147,64286,-29796.6,34017.0,6.5,0.077,59616284144,LOCKED
53916,2150.605,-51783480683555,-27962,29177,-29948.9,33280.6,6.5,0.077,59616304630,LOCKED
53917,2151.605,-51783480729001,-40885,16254,-30007.3,33724.9,6.6,0.086,59616447263,LOCKED
53918,2152.607,-51783480682345,34421,91560,-29998.0,33817.4,6.7,0.094,59616489982,LOCKED
53919,2153.605,-51783480752299,-6394,50745,-29945.1,33462.3,6.9,0.101,59616515263,LOCKED
53920,2154.605,-51783480789051,-12957,44182,-29935.5,33414.9,7.0,0.107,59616569669,LOCKED
53921,2155.604,-51783480847176,-37385,19754,-30058.1,33507.7,7.1,0.113,59616601142,LOCKED
53922,2156.605,-51783480799266,36573,93712,-29921.9,33410.3,7.3,0.118,59616738863,LOCKED
53923,2157.604,-51783480865251,607,57746,-29927.7,33406.2,7.0,0.119,59616762032,LOCKED
53924,2158.604,-51783480931443,-31719,25420,-30068.5,33030.5,7.0,0.118,59616789815,LOCKED
53925,2159.606,-51783480879221,46590,103729,-29950.4,33512.4,6.9,0.118,59616936363,LOCKED
53926,2160.605,-51783480942595,13067,70206,-29967.2,33417.6,6.9,0.119,59616962388,LOCKED
53927,2161.605,-51783481003581,-18076,39063,-29931.0,33092.5,7.0,0.123,59616989412,LOCKED
53928,2162.606,-51783480953557,57564,114703,-29814.7,33982.4,7.1,0.126,59617020410,LOCKED
53929,2163.607,-51783481011283,29101,86240,-29836.1,33748.5,7.0,0.124,59617163731,LOCKED
53930,2164.606,-51783481072419,-381,56758,-29924.9,33052.0,7.1,0.126,59617192439,LOCKED
53931,2165.605,-51783481054967,42853,99992,-29792.6,33267.4,7.2,0.130,59617191526,LOCKED
53932,2166.605,-51783481129556,-1279,55860,-29823.1,33195.7,7.3,0.131,59617323292,LOCKED
53933,2167.605,-51783481106921,46253,103392,-29658.0,33151.6,7.2,0.128,59617323952,LOCKED
53934,2168.606,-51783481167889,13131,70270,-29590.8,33022.5,7.1,0.125,59617467995,LOCKED
53935,2169.605,-51783481246854,-33730,23409,-29658.1,33332.6,7.1,0.123,59617479900,LOCKED
53936,2170.606,-51783481215196,27491,84630,-29699.3,32819.4,7.1,0.122,59617601822,LOCKED
53937,2171.607,-51783481292912,-20437,36702,-29669.6,32543.0,7.0,0.125,59617617993,LOCKED
53938,2172.607,-51783481256701,42302,99441,-29585.6,33037.5,7.1,0.124,59617632322,LOCKED
53939,2173.606,-51783481320240,9189,66328,-29642.3,32577.3,7.3,0.124,59617769952,LOCKED
53940,2174.606,-51783481365519,-7214,49925,-29592.5,32232.2,7.2,0.126,59617822323,LOCKED
53941,2175.606,-51783481438926,-47498,9641,-29687.0,32859.8,7.4,0.129,59617837181,LOCKED
53942,2176.607,-51783481394134,23914,80102,-29576.0,32584.0,7.3,0.132,59617975909,LOCKED
53943,2177.606,-51783481462877,-14067,42121,-29610.9,32630.3,7.3,0.135,59617996917,LOCKED
53944,2178.606,-51783481426243,49776,105964,-29575.8,33077.3,7.3,0.138,59618010989,LOCKED
53945,2179.606,-51783481481001,21415,77603,-29455.1,32575.1,7.2,0.142,59618160030,LOCKED
53946,2180.606,-51783481559567,-26405,29783,-29474.6,32706.0,7.2,0.146,59618172987,LOCKED
53947,2181.606,-51783481523037,37560,93748,-29436.9,33029.3,7.1,0.150,59618193096,LOCKED
53948,2182.606,-51783481602623,-13757,42431,-29356.5,32077.2,6.8,0.164,59618336185,LOCKED
53949,2183.607,-51783481675963,-54389,1799,-29430.7,32875.4,6.8,0.161,59618363802,LOCKED
53950,2184.606,-51783481687508,-34344,21844,-29479.6,33193.0,7.0,0.155,59618409499,LOCKED
53951,2185.606,-51783481681511,2473,58661,-29549.7,32690.7,7.2,0.149,59618427594,LOCKED
53952,2186.606,-51783481737053,-22460,33728,-29564.3,32776.7,7.3,0.154,59618573917,LOCKED
53953,2187.607,-51783481798227,-52271,3917,-29565.7,32799.5,7.5,0.145,59618604337,LOCKED
53954,2188.606,-51783481820565,-43327,12861,-29577.8,32954.2,7.5,0.137,59618644728,LOCKED
53955,2189.607,-51783481763147,40815,97003,-29505.5,33417.0,7.4,0.129,59618789681,LOCKED
53956,2190.607,-51783481834289,623,56811,-29577.6,32932.9,7.4,0.122,59618811495,LOCKED
53957,2191.606,-51783481897031,-31219,24969,-29590.6,33046.9,7.3,0.114,59618838908,LOCKED
53958,2192.606,-51783481848773,44652,100840,-29567.8,33322.9,7.3,0.107,59618978188,LOCKED
53959,2193.607,-51783481915351,5726,61914,-29483.1,32827.1,7.2,0.099,59619004794,LOCKED
53960,2194.606,-51783481969846,-18647,37541,-29483.4,32828.9,7.1,0.089,59619037582,LOCKED
53961,2195.606,-51783481952467,27925,84113,-29515.7,32442.4,7.0,0.078,59619150740,LOCKED
53962,2196.607,-51783482019260,-8997,47191,-29518.2,32449.1,6.9,0.064,59619174801,LOCKED
53963,2197.608,-51783481989813,47621,103809,-29482.1,32882.5,6.9,0.069,59619292573,LOCKED
53964,2198.607,-51783482074555,-8270,47918,-29437.3,32579.2,7.1,0.085,59619299921,LOCKED
53965,2199.607,-51783482151751,-52258,3930,-29535.6,33339.1,6.6,0.089,59619312544,LOCKED
53966,2200.608,-51783482103463,25488,81676,-29574.3,32890.4,6.8,0.101,59619450756,LOCKED
53967,2201.607,-51783482189399,-29736,26452,-29580.7,32947.4,6.9,0.093,59619459011,LOCKED
53968,2202.608,-51783482145984,40113,96301,-29492.8,33367.0,7.0,0.086,59619594591,LOCKED
53969,2203.607,-51783482224538,-7471,48717,-29553.0,33182.5,6.9,0.087,59619607177,LOCKED
53970,2204.607,-51783482278440,-28258,27930,-29681.1,32845.5,7.0,0.095,59619644062,LOCKED
53971,2205.607,-51783482236475,39215,95403,-29541.2,32815.9,7.1,0.089,59619778205,LOCKED
53972,2206.608,-51783482306048,-1281,54907,-29516.2,32748.6,7.1,0.090,59619796602,LOCKED
53973,2207.607,-51783482377020,-39022,17166,-29633.9,32954.6,7.0,0.090,59619816401,LOCKED
53974,2208.607,-51783482332910,31065,87253,-29505.8,32731.1,7.0,0.090,59619954555,LOCKED
53975,2209.608,-51783482410868,-16540,39648,-29519.9,32787.6,6.9,0.090,59619968901,LOCKED
53976,2210.608,-51783482371674,49811,105999,-29486.7,33214.1,6.8,0.089,59619983691,LOCKED
53977,2211.608,-51783482427036,23953,80141,-29527.6,32750.8,6.8,0.090,59620131995,LOCKED
53978,2212.608,-51783482510974,-29360,26828,-29532.5,32795.4,6.8,0.092,59620140888,LOCKED
53979,2213.608,-51783482477168,32205,88393,-29499.1,33037.9,6.7,0.093,59620153851,LOCKED
53980,2214.608,-51783482503935,33336,89524,-29475.9,33234.5,6.9,0.098,59620325983,LOCKED
53981,2215.608,-51783482589918,-20031,36157,-29596.9,32675.5,7.1,0.103,59620330643,LOCKED
53982,2216.608,-51783482548468,46884,103072,-29471.9,33124.6,7.3,0.108,59620350715,LOCKED
53983,2217.608,-51783482614450,9991,66179,-29469.7,33131.1,7.4,0.110,59620489003,LOCKED
53984,2218.607,-51783482690180,-32387,23801,-29606.6,32840.2,7.5,0.111,59620506801,LOCKED
53985,2219.608,-51783482654630,29579,85767,-29499.0,32802.2,7.7,0.112,59620523219,LOCKED
53986,2220.608,-51783482704740,8346,64534,-29482.4,32821.4,7.6,0.110,59620673570,LOCKED
53987,2221.608,-51783482770548,-25162,31026,-29579.0,32747.2,8.2,0.116,59620698383,LOCKED
53988,2222.608,-51783482834518,-57236,0,-29597.5,33054.8,8.3,0.120,59620725472,LOCKED
53989,2223.608,-51783482771550,32374,89610,-29506.1,33237.9,8.4,0.116,59620879565,LOCKED
53990,2224.609,-51783482803769,28044,85280,-29473.4,33431.2,8.4,0.118,59620942156,LOCKED
53991,2225.609,-51783482869933,-9348,47888,-29423.3,33056.7,8.9,0.123,59620961768,LOCKED
53992,2226.610,-51783482957614,-63045,0,-29542.5,34140.7,9.1,0.126,59620978642,LOCKED
53993,2227.609,-51783482889102,31245,94290,-29409.4,33865.0,9.0,0.123,59621129580,LOCKED
53994,2228.609,-51783482956809,-7171,55874,-29391.6,33797.4,10.1,0.121,59621152068,LOCKED
53995,2229.609,-51783483015958,-33483,29562,-29505.3,33835.6,10.5,0.117,59621182366,LOCKED
53996,2230.609,-51783482977062,31765,94810,-29403.2,33919.6,10.9,0.120,59621205145,LOCKED
53997,2231.611,-51783483019056,18557,81602,-29403.7,33916.4,11.0,0.106,59621366943,LOCKED
53998,2232.609,-51783483093782,-26562,36483,-29369.5,33528.4,12.6,0.106,59621383676,LOCKED
53999,2233.609,-51783483168360,-67576,0,-29463.1,34708.1,12.3,0.089,59621401092,LOCKED
54000,2234.609,-51783483194353,-59835,7741,-29573.4,35644.1,12.5,0.078,59621464595,LOCKED
54001,2235.610,-51783483151961,12982,80558,-29636.9,35055.7,12.8,0.075,59621599140,LOCKED
54002,2236.610,-51783483221254,-25680,41896,-29643.0,35099.2,12.9,0.059,59621619668,LOCKED
54003,2237.610,-51783483182852,40151,107727,-29601.0,35451.6,13.0,0.041,59621751359,LOCKED
54004,2238.610,-51783483256002,-4854,62722,-29521.4,34793.6,13.1,0.019,59621768232,LOCKED
54005,2239.610,-51783483338408,-54930,12646,-29567.9,35374.8,13.1,-0.007,59621775962,LOCKED
54006,2240.610,-51783483300538,12381,79957,-29582.3,35304.1,13.0,-0.002,59621903842,LOCKED
54007,2241.610,-51783483366508,-23930,43646,-29546.2,34933.9,12.9,-0.000,59621928852,LOCKED
54008,2242.611,-51783483331473,38117,105693,-29485.1,35312.5,13.0,0.012,59621943673,LOCKED
54009,2243.610,-51783483382655,16885,84461,-29536.1,34831.4,12.8,-0.010,59622095562,LOCKED
54010,2244.610,-51783483437380,-6744,60832,-29601.6,34594.8,12.9,-0.003,59622132426,LOCKED
54011,2245.610,-51783483516591,-52777,14799,-29689.5,35327.5,13.0,0.002,59622144355,LOCKED
54012,2246.610,-51783483472325,20632,88208,-29697.0,35276.6,13.0,0.004,59622278465,LOCKED
54013,2247.611,-51783483578547,-50345,17231,-29885.9,35077.5,13.1,0.004,59622267608,LOCKED
54014,2248.610,-51783483536089,22423,89999,-29944.1,34389.4,13.4,0.035,59622397751,LOCKED
54015,2249.611,-51783483605645,-17027,50549,-29923.7,34246.6,13.4,0.049,59622421618,LOCKED
54016,2250.611,-51783483558049,56932,124508,-29843.5,35075.6,13.3,0.050,59622449218,LOCKED
54017,2251.611,-51783483632040,13380,80956,-29895.1,34638.1,13.5,0.071,59622581711,LOCKED
54018,2252.612,-51783483692578,-17235,50341,-29867.8,34429.5,13.4,0.079,59622608914,LOCKED
54019,2253.612,-51783483750966,-42706,24870,-29946.5,34913.2,13.3,0.086,59622644654,LOCKED
54020,2254.611,-51783483787925,-45538,22038,-30076.2,35245.8,13.2,0.083,59622696913,LOCKED
54021,2255.612,-51783483820141,-45092,22484,-30128.2,35712.4,13.3,0.096,59622858931,LOCKED
54022,2256.612,-51783483790450,14496,82072,-30141.0,35644.1,13.2,0.100,59622881338,LOCKED
54023,2257.611,-51783483859430,-23988,43588,-30118.5,35441.8,13.1,0.103,59622907523,LOCKED
54024,2258.612,-51783483809880,52597,120173,-30054.5,36088.2,13.1,0.099,59622932045,LOCKED
54025,2259.611,-51783483863179,29527,97103,-30112.3,35304.7,13.0,0.101,59623081587,LOCKED
54026,2260.611,-51783483920759,1504,69080,-30087.5,35263.7,13.0,0.098,59623115967,LOCKED
54027,2261.611,-51783483991299,-35005,32571,-30223.1,35116.0,12.6,0.092,59623138931,LOCKED
54028,2262.612,-51783483946205,36785,104361,-30111.0,35277.4,12.1,0.087,59623277025,LOCKED
54029,2263.612,-51783484022778,-8444,59132,-30157.5,35210.4,11.9,0.087,59623285972,LOCKED
54030,2264.612,-51783484095308,-46066,21510,-30314.4,35272.8,12.0,0.084,59623311614,LOCKED
54031,2265.613,-51783484054514,22607,90183,-30232.3,35253.0,11.4,0.077,59623443198,LOCKED
54032,2266.611,-51783484132527,-23116,44460,-30294.9,35350.9,11.3,0.076,59623455634,LOCKED
54033,2267.612,-51783484089884,48416,115992,-30306.5,35172.6,11.1,0.070,59623590407,LOCKED
54034,2268.612,-51783484164879,2908,70484,-30271.1,35096.2,10.9,0.068,59623605355,LOCKED
54035,2269.611,-51783484137043,58017,125593,-30220.3,35752.3,10.7,0.065,59623614687,LOCKED
54036,2270.612,-51783484194569,27368,94944,-30101.5,35524.1,10.7,0.065,59623761525,LOCKED
54037,2271.612,-51783484273329,-20537,47039,-30104.4,35540.7,10.7,0.063,59623774908,LOCKED
54038,2272.612,-51783484233483,47345,114921,-30081.6,35815.3,10.4,0.059,59623907885,LOCKED
54039,2273.612,-51783484308831,982,68558,-30029.3,35600.6,10.4,0.056,59623924234,LOCKED
54040,2274.612,-51783484349780,-10430,57146,-29987.7,35325.7,10.3,0.054,59623972505,LOCKED
54041,2275.612,-51783484311195,55023,122599,-29926.0,36006.6,10.5,0.053,59624104033,LOCKED
54042,2276.612,-51783484393531,706,68282,-29833.3,35304.3,10.4,0.051,59624111820,LOCKED
54043,2277.612,-51783484470122,-43711,23865,-29875.6,35700.5,10.6,0.049,59624129243,LOCKED
54044,2278.611,-51783484420246,34577,102153,-29861.3,35828.7,10.7,0.047,59624264628,LOCKED
54045,2279.613,-51783484502636,-18063,49513,-29825.7,35532.4,10.6,0.043,59624280321,LOCKED
54046,2280.612,-51783484458416,51671,119247,-29699.8,36115.5,10.8,0.033,59624413972,LOCKED
54047,2281.612,-51783484535955,4008,71584,-29715.1,36078.0,10.9,0.035,59624427788,LOCKED
54048,2282.612,-51783484609554,-35691,31885,-29861.4,35820.0,11.0,0.029,59624446149,LOCKED
54049,2283.612,-51783484548952,49861,117437,-29703.0,36037.3,10.0,0.007,59624595082,LOCKED
54050,2284.612,-51783484587474,36954,104530,-29563.6,35923.0,9.4,-0.009,59624537550,LOCKED
54051,2285.613,-51783484647695,5546,73122,-29535.9,35903.9,9.4,-0.010,59624679663,LOCKED
54052,2286.613,-51783484723064,-36101,31475,-29681.6,35670.8,9.4,-0.021,59624698299,LOCKED
54053,2287.613,-51783484678484,34124,101700,-29540.0,35408.4,8.7,-0.043,59624719985,LOCKED
54054,2288.613,-51783484726615,14091,81667,-29492.6,35416.5,8.6,-0.035,59624878402,LOCKED
54055,2289.613,-51783484796569,-24145,43431,-29561.8,35507.1,8.6,-0.038,59624899028,LOCKED
54056,2290.613,-51783484860715,-56617,10959,-29571.2,35657.9,8.8,-0.038,59624922497,LOCKED
54057,2291.613,-51783484811398,19478,87054,-29466.3,35333.8,8.9,-0.045,59625064097,LOCKED
54058,2292.614,-51783484875993,-14586,52990,-29494.4,35388.7,8.4,-0.016,59625090672,LOCKED
54059,2293.613,-51783484923744,-29136,38440,-29628.1,35029.5,8.4,-0.014,59625132637,LOCKED
54060,2294.613,-51783484953634,-25893,41683,-29757.3,34601.9,8.4,-0.016,59625191839,LOCKED
54061,2295.613,-51783484913661,40317,107893,-29651.4,34925.9,8.4,-0.018,59625213159,LOCKED
54062,2296.614,-51783484954779,27531,95107,-29632.4,35052.1,8.4,-0.021,59625379457,LOCKED
54063,2297.614,-51783485029141,-17785,49791,-29573.9,34441.8,8.5,-0.010,59625392782,LOCKED
54064,2298.615,-51783484998269,39537,107113,-29486.2,34828.7,8.7,0.001,59625407636,LOCKED
54065,2299.613,-51783485065823,2716,70292,-29552.1,34398.3,8.8,0.012,59625542334,LOCKED
54066,2300.613,-51783485139380,-39418,28158,-29578.3,34653.8,8.8,0.023,59625562329,LOCKED
54067,2301.614,-51783485097330,30505,98081,-29545.3,34864.6,8.9,0.033,59625694577,LOCKED
54068,2302.614,-51783485171128,-14627,52949,-29477.7,34166.0,9.3,0.052,59625713165,LOCKED
54069,2303.613,-51783485238892,-50628,16948,-29505.7,34531.5,9.3,0.071,59625734879,LOCKED
54070,2304.614,-51783485282436,-60796,6780,-29594.7,35478.5,9.3,0.076,59625779314,LOCKED
54071,2305.614,-51783485233218,18213,85789,-29634.7,35125.3,9.6,0.089,59625919247,LOCKED
54072,2306.614,-51783485307567,-25800,41776,-29626.2,35053.2,9.6,0.084,59625939887,LOCKED
54073,2307.613,-51783485335296,-20858,46718,-29741.2,34639.0,9.6,0.087,59626008592,LOCKED
54074,2308.613,-51783485307092,33888,101464,-29640.3,34795.8,9.8,0.097,59626009602,LOCKED
54075,2309.614,-51783485368208,2704,70280,-29659.1,34749.9,9.8,0.092,59626150308,LOCKED
54076,2310.614,-51783485439206,-38222,29354,-29615.7,34078.8,9.6,0.094,59626174434,LOCKED
54077,2311.614,-51783485392982,34451,102027,-29517.4,34273.0,9.6,0.096,59626196910,LOCKED
54078,2312.614,-51783485432000,23550,91126,-29487.8,34409.9,9.8,0.103,59626362658,LOCKED
54079,2313.614,-51783485495108,-8242,59334,-29564.0,34094.7,9.8,0.099,59626391130,LOCKED
54080,2314.614,-51783485536459,-17215,50361,-29673.7,33615.7,9.6,0.099,59626440819,LOCKED
54081,2315.614,-51783485603456,-49271,18305,-29850.6,33549.9,9.8,0.106,59626463843,LOCKED
54082,2316.615,-51783485572223,10960,78536,-29826.9,33581.1,10.1,0.098,59626587396,LOCKED
54083,2317.614,-51783485643210,-27035,40541,-29937.5,33424.9,10.3,0.103,59626607630,LOCKED
54084,2318.614,-51783485596739,44830,112406,-29788.8,33538.1,10.1,0.101,59626739849,LOCKED
54085,2319.615,-51783485680318,-9073,58503,-29768.2,33441.1,10.1,0.101,59626752499,LOCKED
54086,2320.615,-51783485662936,35796,103372,-29715.6,33783.2,9.9,0.098,59626761746,LOCKED
54087,2321.614,-51783485733318,-3027,64549,-29801.2,33208.6,9.6,0.095,59626899684,LOCKED
54088,2322.615,-51783485803892,-41813,25763,-29829.3,33507.7,9.4,0.091,59626927759,LOCKED
54089,2323.615,-51783485839254,-43579,23997,-29941.8,33910.8,9.3,0.090,59626958869,LOCKED
54090,2324.615,-51783485868222,-37628,29948,-30123.9,33094.3,9.1,0.085,59627021732,LOCKED
54091,2325.615,-51783485875227,-13525,54051,-30149.8,33144.8,8.8,0.080,59627162575,LOCKED
54092,2326.615,-51783485872428,19816,87392,-30202.1,32562.9,8.7,0.078,59627204058,LOCKED
54093,2327.615,-51783485939206,-16351,51225,-30194.9,32520.3,8.4,0.071,59627226045,LOCKED
54094,2328.615,-51783485988724,-32570,35006,-30293.3,32663.8,8.3,0.069,59627270923,LOCKED
54095,2329.615,-51783485934718,47305,114881,-30154.6,33008.1,8.5,0.068,59627416310,LOCKED
54096,2330.615,-51783486008250,3394,70970,-30134.0,32991.9,8.7,0.071,59627435127,LOCKED
54097,2331.615,-51783486058284,-14113,53463,-30228.2,32607.3,8.8,0.074,59627473691,LOCKED
54098,2332.615,-51783486009638,59642,127218,-30075.8,33394.0,9.0,0.071,59627501808,LOCKED
54099,2333.615,-51783486058973,38225,105801,-30033.4,33741.4,9.1,0.074,59627659361,LOCKED
54100,2334.615,-51783486103864,22666,90242,-30036.7,33717.0,9.2,0.069,59627708523,LOCKED
54101,2335.615,-51783486184389,-27452,40124,-30009.2,33412.1,9.8,0.071,59627714111,LOCKED
54102,2336.615,-51783486135017,48790,116366,-29936.1,34048.9,10.8,0.064,59627856100,LOCKED
54103,2337.615,-51783486214345,1189,68765,-30026.2,33293.2,10.9,0.065,59627868927,LOCKED
54104,2338.615,-51783486286362,-38940,28636,-30052.8,33556.0,11.9,0.063,59627886950,LOCKED
54105,2339.615,-51783486245889,30476,98052,-30049.0,33590.7,12.2,0.051,59628020091,LOCKED
54106,2340.615,-51783486321612,-15712,51864,-29997.6,33097.6,12.4,0.059,59628035816,LOCKED
54107,2341.616,-51783486285026,47561,115137,-29914.0,33721.8,12.8,0.055,59628052812,LOCKED
54108,2342.615,-51783486338136,24177,91753,-29945.1,33400.2,13.1,0.050,59628207786,LOCKED
54109,2343.615,-51783486398294,-7197,60379,-29876.0,32809.8,13.0,0.045,59628233624,LOCKED
54110,2344.615,-51783486431420,-11132,56444,-29823.8,32370.7,13.0,0.039,59628294042,LOCKED
54111,2345.616,-51783486402978,43636,111212,-29724.5,32861.3,12.9,0.032,59628301252,LOCKED
54112,2346.616,-51783486447611,27865,95441,-29728.5,32823.4,12.9,0.037,59628460989,LOCKED
54113,2347.617,-51783486516792,-12267,55309,-29674.6,32342.5,12.8,0.027,59628481614,LOCKED
54114,2348.615,-51783486482770,47182,114758,-29544.4,32764.9,12.6,0.015,59628494542,LOCKED
54115,2349.617,-51783486539924,18624,86200,-29528.8,32835.8,12.7,0.014,59628640006,LOCKED
54116,2350.616,-51783486605765,-15059,52517,-29633.0,32343.0,12.1,-0.023,59628664768,LOCKED
54117,2351.616,-51783486564532,51146,118722,-29489.0,32812.1,12.1,-0.028,59628684075,LOCKED
54118,2352.616,-51783486629906,14274,81850,-29464.3,32869.3,11.9,-0.016,59628826823,LOCKED
54119,2353.617,-51783486688653,-13434,47362,-29519.3,32829.4,11.9,-0.009,59628858195,LOCKED
54120,2354.617,-51783486752772,-44242,16554,-29632.1,33263.3,11.6,-0.001,59628884861,LOCKED
54121,2355.617,-51783486708513,26169,86965,-29504.5,32849.2,11.5,0.015,59629020820,LOCKED
54122,2356.616,-51783486787289,-22905,37891,-29476.1,32565.4,11.2,0.020,59629035342,LOCKED
54123,2357.617,-51783486751257,39961,100757,-29412.7,33010.3,11.2,0.014,59629045752,LOCKED
54124,2358.617,-51783486802600,14938,75734,-29285.6,32134.4,11.2,0.016,59629194410,LOCKED
54125,2359.619,-51783486873569,-25802,34994,-29289.0,32161.9,11.3,0.026,59629220164,LOCKED
54126,2360.618,-51783486936757,-55163,5633,-29420.2,32914.7,11.2,0.027,59629243312,LOCKED
54127,2361.619,-51783486880932,26510,87306,-29288.7,32450.0,11.2,0.028,59629391622,LOCKED
54128,2362.617,-51783486931518,4597,65393,-29266.1,32436.5,11.3,0.035,59629433765,LOCKED
54129,2363.619,-51783486989275,-21357,39439,-29355.2,32319.0,11.4,0.041,59629465150,LOCKED
54130,2364.619,-51783487030262,-29295,31501,-29488.1,31945.4,11.5,0.046,59629516576,LOCKED
54131,2365.618,-51783486981051,45260,106056,-29359.7,32309.1,11.6,0.052,59629543226,LOCKED
54132,2366.618,-51783487026813,27430,88226,-29335.2,32471.6,11.3,0.054,59629704650,LOCKED
54133,2367.617,-51783487101371,-16241,44555,-29384.5,32506.7,11.4,0.056,59629723857,LOCKED
54134,2368.616,-51783487148757,-33494,27302,-29365.4,32266.0,11.4,0.060,59629760171,LOCKED
54135,2369.618,-51783487108943,32881,93677,-29282.3,32513.9,11.1,0.060,59629779224,LOCKED
54136,2370.617,-51783487159912,11301,72097,-29306.4,32372.0,11.1,0.061,59629928778,LOCKED
54137,2371.618,-51783487236090,-34896,25900,-29281.4,32028.9,11.2,0.054,59629944977,LOCKED
54138,2372.619,-51783487199656,27429,88225,-29160.4,31746.3,11.2,0.057,59630069711,LOCKED
54139,2373.617,-51783487274614,-17558,43238,-29171.0,31797.3,10.8,0.050,59630086594,LOCKED
54140,2374.617,-51783487313719,-25688,35108,-29216.9,31988.0,10.8,0.049,59630138077,LOCKED
54141,2375.619,-51783487384536,-61605,0,-29393.7,32632.0,10.9,0.051,59630157007,LOCKED
54142,2376.618,-51783487338517,12361,73966,-29343.1,32598.4,9.8,0.041,59630294085,LOCKED
54143,2377.620,-51783487409883,-26948,34657,-29431.7,32646.6,9.9,0.042,59630317831,LOCKED
54144,2378.619,-51783487364657,42950,104555,-29269.2,32468.7,9.8,0.038,59630340150,LOCKED
54145,2379.620,-51783487427607,8653,70258,-29253.3,32489.9,9.7,0.033,59630476865,LOCKED
54146,2380.619,-51783487494017,-28229,33376,-29219.8,32076.5,9.8,0.029,59630504155,LOCKED
54147,2381.619,-51783487561973,-62895,0,-29315.1,33173.9,9.9,0.024,59630527010,LOCKED
54148,2382.619,-51783487509352,18950,81845,-29342.2,32943.9,9.8,0.017,59630670202,LOCKED
54149,2383.620,-51783487594043,-32627,30268,-29473.3,32744.2,9.6,0.008,59630677463,LOCKED
54150,2384.619,-51783487652038,-55648,7247,-29651.1,33026.1,9.3,-0.001,59630709426,LOCKED
54151,2385.618,-51783487622991,3793,66688,-29694.0,32806.5,9.0,-0.012,59630827238,LOCKED
54152,2386.619,-51783487705589,-45998,16897,-29770.4,33394.3,8.7,-0.024,59630836442,LOCKED
54153,2387.619,-51783487665374,23630,86525,-29792.2,33188.7,8.6,-0.039,59630967978,LOCKED
54154,2388.620,-51783487732146,-10566,52329,-29911.5,32290.3,8.4,-0.056,59630993022,LOCKED
54155,2389.618,-51783487703908,43753,106648,-29796.0,32695.1,8.5,-0.066,59631002848,LOCKED
54156,2390.620,-51783487749658,26609,89504,-29781.9,32797.6,8.6,-0.078,59631156686,LOCKED
54157,2391.619,-51783487821172,-12834,50061,-29873.0,32410.8,8.4,-0.090,59631183002,LOCKED
54158,2392.620,-51783487873567,-34264,28631,-29869.6,32372.1,8.4,-0.107,59631222128,LOCKED
54159,2393.619,-51783487914112,-42618,20277,-29912.8,32794.1,8.1,-0.125,59631250141,LOCKED
54160,2394.619,-51783487955601,-50762,12133,-29996.9,33508.7,7.8,-0.145,59631324036,LOCKED
54161,2395.618,-51783487903401,31036,93931,-30029.0,33100.6,8.4,-0.109,59631465746,LOCKED
54162,2396.619,-51783487969813,-5923,56972,-29990.8,32895.9,8.8,-0.066,59631493404,LOCKED
54163,2397.620,-51783488031363,-34381,28514,-30086.0,33115.3,8.7,-0.074,59631520465,LOCKED
54164,2398.618,-51783487980147,46019,108914,-30118.4,32543.3,8.9,-0.037,59631662870,LOCKED
54165,2399.619,-51783488036487,18400,81295,-30080.3,32636.0,9.1,-0.017,59631700861,LOCKED
54166,2400.618,-51783488093497,-6593,56302,-30164.6,32159.1,9.3,0.002,59631735787,LOCKED
54167,2401.619,-51783488158055,-39060,23835,-30194.2,32454.2,9.5,0.021,59631760233,LOCKED
54168,2402.619,-51783488105565,40807,103702,-30123.7,32923.9,9.4,0.027,59631908117,LOCKED
54169,2403.618,-51783488178564,-960,61935,-30176.6,32684.1,9.4,0.043,59631928916,LOCKED
54170,2404.620,-51783488204098,4585,67480,-30228.6,32357.8,9.4,0.057,59631989608,LOCKED
54171,2405.619,-51783488276005,-35422,27473,-30251.8,32573.9,9.6,0.079,59632012076,LOCKED
54172,2406.619,-51783488240587,28010,90905,-30188.4,32776.7,9.5,0.088,59632142936,LOCKED
54173,2407.619,-51783488318999,-17922,44973,-30271.2,32625.0,9.4,0.096,59632152392,LOCKED
54174,2408.619,-51783488282569,44530,107425,-30136.5,32889.5,9.3,0.093,59632284096,LOCKED
54175,2409.620,-51783488352508,4116,67011,-30113.3,32870.9,9.3,0.097,59632304065,LOCKED
54176,2410.619,-51783488419288,-29573,33322,-30210.4,32929.1,9.4,0.110,59632329872,LOCKED
54177,2411.619,-51783488370649,44647,107542,-30057.2,32975.0,9.5,0.121,59632470750,LOCKED
54178,2412.620,-51783488443983,880,63775,-30034.6,32934.9,9.5,0.130,59632487681,LOCKED
54179,2413.620,-51783488418764,53011,115906,-29969.4,33643.8,9.5,0.138,59632490956,LOCKED
54180,2414.620,-51783488449836,50173,113068,-29967.6,33670.6,9.5,0.145,59632665250,LOCKED
54181,2415.619,-51783488516229,12073,74968,-29905.4,33560.3,9.7,0.152,59632689315,LOCKED
54182,2416.621,-51783488606946,-44789,18106,-30025.0,33958.6,9.6,0.156,59632692505,LOCKED
54183,2417.620,-51783488564144,24901,87796,-29912.2,33703.9,8.9,0.154,59632823347,LOCKED
54184,2418.620,-51783488646703,-26663,36232,-29921.1,33770.4,8.6,0.152,59632834286,LOCKED
54185,2419.620,-51783488604053,43552,106447,-29877.8,34188.5,8.6,0.152,59632970504,LOCKED
54186,2420.620,-51783488670423,8332,71227,-29954.2,33472.2,8.5,0.154,59632994418,LOCKED
54187,2421.620,-51783488753367,-42771,20124,-29975.7,33718.5,8.3,0.155,59633001849,LOCKED
54188,2422.620,-51783488710325,27929,90824,-29908.3,33901.1,8.5,0.157,59633133506,LOCKED
54189,2423.621,-51783488782835,-13198,49697,-29958.8,33882.2,8.6,0.159,59633158124,LOCKED
54190,2424.620,-51783488800602,-1,62894,-30008.3,33665.2,8.6,0.158,59633228963,LOCKED
54191,2425.620,-51783488872597,-40893,22002,-29993.9,33463.3,8.7,0.160,59633250351,LOCKED
54192,2426.620,-51783488822977,35028,97923,-29870.7,33459.0,8.8,0.161,59633388810,LOCKED
54193,2427.621,-51783488903319,-14248,48647,-29905.8,33505.8,9.3,0.164,59633405009,LOCKED
54194,2428.620,-51783488864319,51908,114803,-29857.0,34082.2,9.4,0.164,59633418138,LOCKED
54195,2429.621,-51783488916042,26564,89459,-29730.3,33705.5,9.4,0.164,59633572293,LOCKED
54196,2430.620,-51783488982168,-10146,52749,-29697.9,33509.3,9.5,0.163,59633600125,LOCKED
54197,2431.621,-51783489044342,-39309,23586,-29795.3,33860.0,8.7,0.151,59633625724,LOCKED
54198,2432.621,-51783489081586,-45299,17596,-29791.6,33805.5,8.6,0.148,59633775775,LOCKED
54199,2433.621,-51783489044175,20347,83242,-29748.9,33913.9,8.8,0.141,59633809684,LOCKED
54200,2434.621,-51783489087903,6100,68995,-29745.9,33918.8,8.8,0.138,59633857929,LOCKED
54201,2435.621,-51783489141075,-14681,48214,-29851.5,33409.8,8.7,0.134,59633898228,LOCKED
54202,2436.621,-51783489091910,59263,122158,-29700.9,34174.5,8.8,0.130,59633927114,LOCKED
54203,2437.621,-51783489156642,23025,85920,-29679.9,34284.4,9.2,0.125,59634061512,LOCKED
54204,2438.621,-51783489230638,-22036,40859,-29606.5,33302.9,9.3,0.119,59634082432,LOCKED
54205,2439.621,-51783489192613,41490,104385,-29473.8,33455.1,9.2,0.113,59634096672,LOCKED
54206,2440.621,-51783489247777,14734,77629,-29445.9,33514.5,9.3,0.115,59634244827,LOCKED
54207,2441.622,-51783489323957,-28693,34202,-29560.7,33368.7,9.4,0.116,59634261166,LOCKED
54208,2442.621,-51783489281731,38897,101792,-29419.2,33303.2,9.3,0.108,59634393202,LOCKED
54209,2443.622,-51783489355887,-5155,57740,-29444.2,33287.4,9.2,0.100,59634413274,LOCKED
54210,2444.621,-51783489406369,-23206,39689,-29552.5,33024.6,9.1,0.090,59634454027,LOCKED
54211,2445.623,-51783489364618,44417,107312,-29445.5,33495.4,9.0,0.080,59634584417,LOCKED
54212,2446.621,-51783489425380,13377,76272,-29481.4,33228.4,9.0,0.051,59634614485,LOCKED
54213,2447.623,-51783489509750,-39945,22950,-29491.8,33350.5,9.0,0.038,59634619043,LOCKED
54214,2448.622,-51783489472316,25305,88200,-29451.6,33525.5,9.0,0.043,59634750568,LOCKED
54215,2449.622,-51783489558900,-31627,31268,-29408.8,32930.8,9.0,0.047,59634754462,LOCKED
54216,2450.622,-51783489513858,38622,101517,-29266.5,32842.6,9.1,0.051,59634889088,LOCKED
54217,2451.623,-51783489604383,-21317,41578,-29295.9,32964.1,8.9,0.039,59634890290,LOCKED
54218,2452.623,-51783489673145,-56199,6696,-29427.6,33737.8,9.0,0.028,59634910810,LOCKED
54219,2453.622,-51783489631101,15393,78288,-29459.2,33496.9,8.7,0.011,59635043740,LOCKED
54220,2454.622,-51783489686822,-8589,54306,-29557.0,32898.7,8.5,-0.010,59635080711,LOCKED
54221,2455.622,-51783489762627,-52303,10592,-29594.4,33392.9,8.5,-0.014,59635095563,LOCKED
54222,2456.624,-51783489727394,11895,74790,-29583.3,33423.4,8.5,-0.007,59635220843,LOCKED
54223,2457.622,-51783489798374,-26334,36561,-29695.2,33226.4,8.2,0.002,59635240468,LOCKED
54224,2458.622,-51783489754132,43179,106074,-29549.6,33302.4,8.2,-0.002,59635377664,LOCKED
54225,2459.622,-51783489829675,-3212,59683,-29524.7,33221.4,8.2,-0.007,59635395469,LOCKED
54226,2460.623,-51783489887277,-28955,33940,-29591.2,33431.0,8.2,-0.002,59635426457,LOCKED
54227,2461.624,-51783489935445,-42920,19975,-29746.5,33365.1,8.1,0.002,59635448166,LOCKED
54228,2462.622,-51783489891019,28156,91051,-29641.1,33302.6,7.8,0.005,59635608259,LOCKED
54229,2463.624,-51783489949585,-445,62450,-29656.3,33283.9,7.8,0.001,59635640969,LOCKED
54230,2464.622,-51783489975502,3236,66131,-29658.9,33280.8,7.8,-0.003,59635702749,LOCKED
54231,2465.622,-51783489965514,41666,104561,-29668.5,33145.8,7.8,-0.000,59635803782,LOCKED
54232,2466.622,-51783490055265,-17758,45137,-29671.3,33161.0,7.7,0.001,59635821830,LOCKED
54233,2467.622,-51783490101475,-30996,31899,-29781.9,33141.7,7.7,-0.003,59635851312,LOCKED
54234,2468.623,-51783490053458,42733,105628,-29653.0,33385.3,7.3,-0.003,59635988980,LOCKED
54235,2469.623,-51783490124418,1528,64423,-29660.6,33376.5,7.3,-0.002,59636012494,LOCKED
54236,2470.623,-51783490189176,-29943,32952,-29789.0,33104.7,7.6,0.004,59636037393,LOCKED
54237,2471.624,-51783490145940,39246,102141,-29665.8,33265.1,7.8,0.011,59636060286,LOCKED
54238,2472.625,-51783490195538,18361,81256,-29649.5,33335.7,8.0,0.016,59636215415,LOCKED
54239,2473.623,-51783490263924,-20578,42317,-29605.2,32869.0,8.0,0.018,59636234736,LOCKED
54240,2474.623,-51783490315834,-41654,21241,-29596.2,32741.0,8.1,0.016,59636276013,LOCKED
54241,2475.623,-51783490273260,28139,91034,-29526.2,32924.4,8.3,0.021,59636410517,LOCKED
54242,2476.623,-51783490348010,-14387,48508,-29634.9,32342.9,8.3,0.023,59636426508,LOCKED
54243,2477.623,-51783490419122,-52932,9963,-29690.9,33008.8,8.3,0.021,59636450565,LOCKED
54244,2478.624,-51783490366464,28580,91475,-29697.3,32946.0,8.2,0.019,59636592315,LOCKED
54245,2479.623,-51783490447790,-22845,40050,-29669.3,32668.5,8.2,0.015,59636604306,LOCKED
54246,2480.624,-51783490507974,-50025,12870,-29749.9,33362.8,8.2,0.016,59636633987,LOCKED
54247,2481.624,-51783490458118,29346,92241,-29787.3,32888.1,8.4,0.020,59636775445,LOCKED
54248,2482.624,-51783490519307,-2578,60317,-29757.3,32781.1,8.4,0.022,59636805265,LOCKED
54249,2483.624,-51783490588866,-38898,23997,-29863.7,33071.9,8.4,0.023,59636828107,LOCKED
54250,2484.623,-51783490541802,35977,98872,-29822.7,33387.0,8.5,0.021,59636852296,LOCKED
54251,2485.624,-51783490598793,10048,72943,-29900.4,32589.4,8.7,0.023,59637001205,LOCKED
54252,2486.623,-51783490678527,-37924,24971,-29928.8,32861.4,8.7,0.025,59637012217,LOCKED
54253,2487.623,-51783490658542,12161,75056,-29957.4,32674.3,8.5,0.034,59637126777,LOCKED
54254,2488.623,-51783490709736,-9782,53113,-29906.4,32271.9,8.5,0.036,59637162709,LOCKED
54255,2489.624,-51783490677438,48365,111260,-29787.5,32827.5,8.5,0.038,59637176143,LOCKED
54256,2490.624,-51783490726588,27578,90473,-29763.4,32987.1,8.5,0.041,59637331590,LOCKED
54257,2491.624,-51783490797978,-11595,51300,-29864.7,32422.8,8.4,0.035,59637349854,LOCKED
54258,2492.626,-51783490765380,49467,112362,-29878.3,32186.7,8.3,0.028,59637361601,LOCKED
54259,2493.624,-51783490822321,20686,83581,-29828.3,32291.5,8.3,0.040,59637511175,LOCKED
54260,2494.624,-51783490877231,-3951,58944,-29843.6,32289.4,8.3,0.043,59637548730,LOCKED
54261,2495.624,-51783490864046,37489,100384,-29827.9,32457.3,8.4,0.032,59637535861,LOCKED
54262,2496.624,-51783490922437,6686,69581,-29728.9,31758.6,8.6,0.032,59637682143,LOCKED
54263,2497.624,-51783490995655,-35026,27869,-29758.0,32014.7,8.6,0.046,59637701319,LOCKED
54264,2498.625,-51783490942216,45896,108791,-29722.6,32428.0,8.2,0.037,59637845969,LOCKED
54265,2499.625,-51783491006158,9522,72417,-29632.5,31952.0,8.2,0.041,59637873367,LOCKED
54266,2500.625,-51783491069540,-23305,39590,-29639.0,31997.9,8.3,0.057,59637903662,LOCKED
54267,2501.625,-51783491123310,-43471,12728,-29761.6,32339.4,8.3,0.073,59637936007,LOCKED
54268,2502.629,-51783491159780,-48322,7877,-29772.3,32497.6,8.6,0.087,59638090444,LOCKED
54269,2503.625,-51783491098720,39779,95978,-29704.3,32943.2,8.9,0.100,59638147322,LOCKED
54270,2504.625,-51783491120036,45716,101915,-29660.0,33408.1,9.1,0.111,59638216743,LOCKED
54271,2505.625,-51783491200833,-6775,49424,-29582.1,32689.7,9.1,0.108,59638240336,LOCKED
54272,2506.625,-51783491268393,-42621,13578,-29615.9,33046.5,8.8,0.116,59638271377,LOCKED
54273,2507.625,-51783491306003,-46279,9920,-29752.0,33368.9,8.6,0.123,59638305460,LOCKED
54274,2508.625,-51783491246741,38887,95086,-29627.6,33502.8,8.7,0.137,59638455540,LOCKED
54275,2509.625,-51783491329477,-12586,43613,-29687.0,33421.4,8.9,0.149,59638460658,LOCKED
54276,2510.626,-51783491379823,-32800,23399,-29654.2,32983.7,8.8,0.150,59638503161,LOCKED
54277,2511.625,-51783491333247,40838,97037,-29594.8,33433.3,8.8,0.151,59638527685,LOCKED
54278,2512.625,-51783491376813,26625,82824,-29627.3,33064.5,8.6,0.161,59638687293,LOCKED
54279,2513.625,-51783491447797,-14585,41614,-29610.2,32958.6,8.7,0.169,59638709437,LOCKED
54280,2514.626,-51783491481693,-17623,38576,-29642.2,33045.3,8.8,0.176,59638764743,LOCKED
54281,2515.625,-51783491452517,40098,96297,-29655.1,32865.3,8.6,0.182,59638887101,LOCKED
54282,2516.625,-51783491530635,-8340,47859,-29642.4,32816.7,8.6,0.181,59638896622,LOCKED
54283,2517.625,-51783491493859,55134,111333,-29589.5,33488.6,8.6,0.180,59638915443,LOCKED
54284,2518.625,-51783491555185,20240,76439,-29468.0,32933.6,8.3,0.184,59639057512,LOCKED
54285,2519.626,-51783491635953,-29278,26921,-29506.8,33158.5,8.1,0.187,59639068057,LOCKED
54286,2520.626,-51783491590319,43597,99796,-29468.1,33556.1,8.1,0.190,59639089983,LOCKED
54287,2521.625,-51783491635085,27797,83996,-29489.7,33324.8,8.2,0.193,59639248543,LOCKED
54288,2522.627,-51783491706083,-13885,42314,-29458.0,33094.6,8.2,0.195,59639266544,LOCKED
54289,2523.626,-51783491773365,-48500,7699,-29535.0,33737.8,7.9,0.196,59639292094,LOCKED
54290,2524.626,-51783491808121,-50454,5745,-29611.5,34414.1,7.6,0.191,59639346330,LOCKED
54291,2525.626,-51783491746289,36821,93020,-29467.9,34232.5,7.6,0.192,59639504950,LOCKED
54292,2526.626,-51783491825896,-12093,44106,-29508.0,34240.7,7.6,0.193,59639511205,LOCKED
54293,2527.626,-51783491894210,-46634,9565,-29640.0,34603.5,7.3,0.191,59639536549,LOCKED
54294,2528.626,-51783491843348,30153,86352,-29507.6,34296.2,7.2,0.188,59639678115,LOCKED
54295,2529.626,-51783491937751,-32754,23445,-29550.8,34565.8,7.2,0.185,59639678666,LOCKED
54296,2530.626,-51783491892889,39872,96071,-29529.4,34784.9,7.2,0.186,59639701252,LOCKED
54297,2531.626,-51783491942675,16854,73053,-29421.6,34330.2,7.2,0.187,59639856821,LOCKED
54298,2532.627,-51783492019209,-29228,26971,-29423.6,34347.3,7.2,0.191,59639870972,LOCKED
54299,2533.626,-51783491983985,33447,89646,-29382.4,34620.1,7.2,0.188,59639881487,LOCKED
54300,2534.626,-51783492016674,29246,85445,-29387.1,34575.8,6.8,0.181,59640058365,LOCKED
54301,2535.626,-51783492105863,-29863,26336,-29371.4,34411.3,6.7,0.183,59640056271,LOCKED
54302,2536.626,-51783492067237,35819,92018,-29317.2,34747.0,6.8,0.181,59640190237,LOCKED
54303,2537.627,-51783492135204,-1121,55078,-29399.5,34186.6,6.8,0.178,59640207599,LOCKED
54304,2538.627,-51783492194780,-30364,25835,-29394.8,34140.6,7.3,0.175,59640237260,LOCKED
54305,2539.628,-51783492146098,45199,101398,-29346.5,34604.9,7.0,0.165,59640267190,LOCKED
54306,2540.626,-51783492196494,24183,80382,-29388.5,34140.7,6.9,0.161,59640419582,LOCKED
54307,2541.627,-51783492269858,-19460,36739,-29372.4,34021.2,6.9,0.164,59640437869,LOCKED
54308,2542.626,-51783492348871,-64545,0,-29488.8,35131.2,6.8,0.159,59640450484,LOCKED
54309,2543.627,-51783492311889,3280,67825,-29560.9,34613.3,6.9,0.153,59640577467,LOCKED
54310,2544.627,-51783492354246,-9873,54672,-29526.9,34410.3,6.9,0.156,59640623305,LOCKED
54311,2545.627,-51783492430613,-53142,11403,-29613.9,35155.7,6.8,0.161,59640638484,LOCKED
54312,2546.627,-51783492373815,32716,97261,-29641.2,34823.6,6.8,0.155,59640790621,LOCKED
54313,2547.627,-51783492446217,-9364,55181,-29659.1,34846.6,6.7,0.148,59640812285,LOCKED
54314,2548.626,-51783492480943,-12733,51812,-29721.3,34752.2,6.8,0.138,59640865605,LOCKED
54315,2549.627,-51783492532527,-33587,30958,-29715.0,34684.0,6.7,0.123,59640904068,LOCKED
54316,2550.628,-51783492482953,42091,106636,-29607.6,35055.3,6.6,0.109,59640933027,LOCKED
54317,2551.627,-51783492530290,23437,87982,-29601.2,35096.9,6.7,0.081,59641089372,LOCKED
54318,2552.627,-51783492605082,-21735,42810,-29565.8,34758.6,6.7,0.083,59641105045,LOCKED
54319,2553.628,-51783492578200,31901,96446,-29480.7,34954.5,6.8,0.070,59641110295,LOCKED
54320,2554.627,-51783492610175,27711,92256,-29443.5,35145.5,6.7,0.042,59641280019,LOCKED
54321,2555.627,-51783492709524,-40673,23872,-29450.5,35226.6,6.7,0.043,59641274648,LOCKED
54322,2556.627,-51783492670967,25262,89807,-29390.8,35372.9,6.7,0.042,59641401992,LOCKED
54323,2557.627,-51783492743533,-15632,48913,-29476.9,35143.6,6.7,0.042,59641419637,LOCKED
54324,2558.627,-51783492810846,-51543,13002,-29485.6,35271.9,6.7,0.047,59641442789,LOCKED
54325,2559.627,-51783492759809,26645,91190,-29415.3,35409.6,6.7,0.039,59641586565,LOCKED
54326,2560.627,-51783492832808,-15218,49327,-29474.5,35380.0,6.7,0.044,59641603437,LOCKED
54327,2561.628,-51783492908952,-56372,8173,-29651.8,35685.7,6.9,0.057,59641624208,LOCKED
54328,2562.628,-51783492872928,10587,75132,-29732.5,34876.2,6.8,0.058,59641744742,LOCKED
54329,2563.627,-51783492957476,-42372,22173,-29753.2,35103.0,6.8,0.059,59641757605,LOCKED
54330,2564.628,-51783492982043,-36088,28457,-29747.0,35032.5,6.8,0.060,59641820808,LOCKED
54331,2565.628,-51783492946608,27533,92078,-29716.2,35205.5,6.7,0.061,59641949598,LOCKED
54332,2566.628,-51783493026594,-19674,44871,-29834.0,34712.4,6.8,0.055,59641959901,LOCKED
54333,2567.628,-51783492981410,53721,118266,-29843.7,34544.9,6.8,0.050,59641984188,LOCKED
54334,2568.628,-51783493049936,13140,77685,-29772.3,34387.2,6.9,0.045,59642119578,LOCKED
54335,2569.627,-51783493127722,-31840,32705,-29868.4,34517.3,7.0,0.042,59642134807,LOCKED
54336,2570.629,-51783493081271,43126,107671,-29873.7,34444.6,7.0,0.037,59642270935,LOCKED
54337,2571.628,-51783493150477,2593,67138,-29819.0,34226.7,7.4,0.028,59642289683,LOCKED
54338,2572.628,-51783493219461,-34758,29787,-29850.3,34474.0,7.8,0.021,59642315127,LOCKED
54339,2573.628,-51783493163391,48644,113189,-29807.5,34946.2,7.8,0.019,59642463942,LOCKED
54340,2574.628,-51783493219317,22004,86549,-29818.5,34862.6,8.2,0.014,59642498275,LOCKED
54341,2575.628,-51783493306739,-34268,30277,-29826.9,34942.7,8.2,0.013,59642501195,LOCKED
54342,2576.628,-51783493279143,22247,86792,-29819.3,34988.3,8.2,0.013,59642618210,LOCKED
54343,2577.629,-51783493369815,-37701,26844,-29801.0,34750.0,8.5,0.007,59642621073,LOCKED
54344,2578.628,-51783493348256,12148,76693,-29746.9,34696.6,8.5,0.007,59642742464,LOCKED
54345,2579.629,-51783493417424,-24479,40066,-29843.5,34606.7,8.4,0.008,59642775676,LOCKED
54346,2580.629,-51783493461818,-37887,26658,-29836.5,34522.1,8.7,0.006,59642802345,LOCKED
54347,2581.629,-51783493418742,31798,96343,-29730.8,34575.4,8.7,0.007,59642938930,LOCKED
54348,2582.628,-51783493488502,-7374,57171,-29760.7,34565.0,8.6,0.009,59642958165,LOCKED
54349,2583.629,-51783493461027,48223,112768,-29760.5,34567.7,8.6,0.011,59642966601,LOCKED
54350,2584.629,-51783493597771,-53114,11431,-29949.6,34520.9,8.6,0.009,59643039818,LOCKED
54351,2585.629,-51783493532133,38667,103212,-29826.9,34657.6,8.5,0.012,59643195793,LOCKED
54352,2586.628,-51783493618530,-16243,48302,-29881.5,34668.9,8.5,0.015,59643198705,LOCKED
54353,2587.629,-51783493682723,-45436,19109,-30057.4,34414.6,8.4,0.019,59643227785,LOCKED
54354,2588.628,-51783493629145,35030,99575,-29960.0,34629.5,8.4,0.017,59643370104,LOCKED
54355,2589.629,-51783493712675,-15961,48584,-30060.2,34242.9,8.4,0.015,59643379977,LOCKED
54356,2590.629,-51783493666881,54990,119535,-29910.7,34805.8,8.4,0.013,59643516214,LOCKED
54357,2591.629,-51783493735223,15000,79545,-29859.1,34809.9,8.4,0.012,59643539006,LOCKED
54358,2592.629,-51783493806797,-23956,40589,-29954.8,34712.6,8.3,0.018,59643554766,LOCKED
54359,2593.629,-51783493768003,40829,105374,-29828.0,34891.1,8.3,0.016,59643684352,LOCKED
54360,2594.629,-51783493814914,21125,85670,-29734.3,34732.8,8.4,0.014,59643731080,LOCKED
54361,2595.629,-51783493892715,-24385,40160,-29819.4,34735.9,8.4,0.012,59643746134,LOCKED
54362,2596.629,-51783493842701,50451,114996,-29657.7,34948.2,8.5,0.023,59643887174,LOCKED
54363,2597.629,-51783493916105,5998,70543,-29632.9,34940.2,8.6,0.019,59643904251,LOCKED
54364,2598.632,-51783493995023,-39772,24773,-29739.5,35239.7,8.0,0.042,59643916198,LOCKED
54365,2599.629,-51783493943410,37059,101604,-29578.9,34818.8,8.1,0.059,59644057188,LOCKED
54366,2600.630,-51783494024778,-15066,49479,-29537.3,34478.2,8.1,0.060,59644065639,LOCKED
54367,2601.629,-51783493998158,38514,103059,-29474.8,34870.5,8.1,0.049,59644070654,LOCKED
54368,2602.629,-51783494056948,10308,74853,-29546.5,34198.7,8.5,0.023,59644218545,LOCKED
54369,2603.630,-51783494131464,-32812,31733,-29582.7,34448.4,8.6,0.015,59644235591,LOCKED
54370,2604.630,-51783494167807,-36967,27578,-29649.3,34812.0,8.6,0.026,59644290419,LOCKED
54371,2605.629,-51783494118576,40824,105369,-29663.7,34614.9,8.7,0.021,59644430807,LOCKED
54372,2606.630,-51783494205952,-16971,47574,-29631.4,34356.4,8.7,0.016,59644429728,LOCKED
54373,2607.630,-51783494187529,29245,93790,-29589.7,34577.1,8.7,0.011,59644546205,LOCKED
54374,2608.629,-51783494240691,5636,70181,-29597.3,34559.1,8.6,0.042,59644584017,LOCKED
54375,2609.630,-51783494296467,-18126,46419,-29686.0,34365.5,8.7,0.021,59644614370,LOCKED
54376,2610.630,-51783494254441,48638,113183,-29523.7,34482.5,8.7,0.028,59644635398,LOCKED
54377,2611.630,-51783494302167,27427,91972,-29421.4,34428.4,8.7,0.025,59644795392,LOCKED
54378,2612.630,-51783494362963,-3313,61232,-29447.1,34396.8,8.3,0.030,59644822751,LOCKED
54379,2613.630,-51783494428131,-37965,26580,-29436.4,34262.3,8.3,0.028,59644847448,LOCKED
54380,2614.630,-51783494480620,-58491,6054,-29463.2,34677.2,8.3,0.026,59644887957,LOCKED
54381,2615.630,-51783494423869,26778,91323,-29461.3,34692.0,8.2,0.023,59645036375,LOCKED
54382,2616.630,-51783494506998,-26523,38022,-29435.1,34421.0,8.1,0.021,59645041250,LOCKED
54383,2617.630,-51783494552372,-39710,24835,-29504.3,34840.8,8.0,0.020,59645072729,LOCKED
54384,2618.630,-51783494514585,27085,91630,-29525.0,34633.2,7.8,0.019,59645220522,LOCKED
54385,2619.630,-51783494580775,-10286,54259,-29473.1,34235.5,7.9,0.025,59645243083,LOCKED
54386,2620.630,-51783494637507,-35062,29483,-29536.8,34564.6,7.8,0.024,59645273878,LOCKED
54387,2621.631,-51783494582859,47567,112112,-29539.6,34523.1,7.2,0.025,59645424113,LOCKED
54388,2622.631,-51783494651249,7661,72206,-29500.5,34481.3,7.0,0.026,59645445889,LOCKED
54389,2623.631,-51783494726203,-34032,30513,-29628.7,34382.2,6.9,0.032,59645463054,LOCKED
54390,2624.631,-51783494761172,-35546,28999,-29757.6,34334.5,6.9,0.038,59645517136,LOCKED
54391,2625.631,-51783494718981,33258,97803,-29658.4,34485.2,6.9,0.044,59645649045,LOCKED
54392,2626.631,-51783494795939,-12322,52223,-29722.4,34369.0,6.9,0.043,59645662343,LOCKED
54393,2627.631,-51783494763347,45122,109667,-29558.1,34281.8,7.0,0.047,59645673488,LOCKED
54394,2628.631,-51783494821499,14966,79511,-29506.2,34284.7,7.1,0.050,59645819892,LOCKED
54395,2629.631,-51783494902056,-32667,31878,-29619.8,34294.1,7.1,0.050,59645830302,LOCKED
54396,2630.631,-51783494860012,35109,99654,-29487.2,34183.3,7.3,0.053,59645963788,LOCKED
54397,2631.631,-51783494930228,-5418,59127,-29488.1,34184.8,7.2,0.052,59645982282,LOCKED
54398,2632.631,-51783495011158,-52014,12531,-29639.7,34592.0,7.2,0.051,59645988276,LOCKED
54399,2633.631,-51783494962112,23370,87915,-29516.3,34145.6,7.2,0.050,59646131575,LOCKED
54400,2634.631,-51783495001249,12032,76577,-29451.9,34019.6,7.1,0.048,59646183610,LOCKED
54401,2635.631,-51783495072289,-26597,37948,-29553.1,33948.8,7.2,0.050,59646201130,LOCKED
54402,2636.631,-51783495029418,42083,106628,-29439.1,34285.5,7.0,0.054,59646339952,LOCKED
54403,2637.631,-51783495105198,-2807,61738,-29505.8,33952.4,7.0,0.050,59646353964,LOCKED
54404,2638.631,-51783495178166,-43704,20841,-29559.1,34419.9,7.0,0.049,59646373306,LOCKED
54405,2639.631,-51783495136534,26598,91143,-29559.7,34414.9,7.0,0.049,59646502887,LOCKED
54406,2640.632,-51783495217323,-21606,42939,-29672.5,34049.4,6.8,0.043,59646515296,LOCKED
54407,2641.632,-51783495172645,48438,112983,-29541.4,34494.5,6.8,0.042,59646652287,LOCKED
54408,2642.631,-51783495252027,-966,63579,-29561.3,34466.0,6.8,0.042,59646668271,LOCKED
54409,2643.632,-51783495325805,-43775,20770,-29557.5,34414.5,6.8,0.041,59646682885,LOCKED
54410,2644.632,-51783495368780,-51486,13059,-29752.3,34171.1,6.8,0.041,59646731685,LOCKED
54411,2645.632,-51783495316950,27147,91692,-29652.5,34130.7,6.8,0.041,59646872654,LOCKED
54412,2646.632,-51783495387523,-12080,52465,-29715.7,34015.2,6.8,0.041,59646893602,LOCKED
54413,2647.632,-51783495452704,-42437,22108,-29896.2,33507.3,6.8,0.041,59646921516,LOCKED
54414,2648.632,-51783495401282,35778,100323,-29803.2,33776.6,6.9,0.041,59647065697,LOCKED
54415,2649.632,-51783495471392,-3101,61444,-29868.3,33462.1,6.9,0.041,59647087221,LOCKED
54416,2650.632,-51783495539602,-40054,24491,-29869.8,33481.1,7.0,0.038,59647111483,LOCKED
54417,2651.632,-51783495571398,-39317,25228,-29935.2,33903.0,7.0,0.038,59647264838,LOCKED
54418,2652.632,-51783495527174,33939,98484,-29947.4,33761.2,7.0,0.029,59647304095,LOCKED
54419,2653.632,-51783495595092,-4643,59902,-29909.6,33578.9,7.0,0.021,59647329547,LOCKED
54420,2654.632,-51783495636003,-14990,49555,-29916.8,33608.2,7.1,0.014,59647379345,LOCKED
54421,2655.632,-51783495587200,60812,125357,-29874.7,34245.3,7.1,0.008,59647407982,LOCKED
54422,2656.632,-51783495652157,22633,87178,-29760.1,33890.4,6.8,-0.013,59647546894,LOCKED
54423,2657.632,-51783495707943,-3267,61278,-29760.8,33891.1,6.7,-0.004,59647584527,LOCKED
54424,2658.633,-51783495777305,-38539,26006,-29909.5,33713.1,6.7,-0.011,59647603980,LOCKED
54425,2659.633,-51783495727503,37472,102017,-29790.0,33839.2,6.3,-0.037,59647746520,LOCKED
54426,2660.632,-51783495794645,692,65237,-29819.3,33756.6,6.5,-0.034,59647765618,LOCKED
54427,2661.633,-51783495870225,-43399,21146,-29829.0,33879.7,6.6,-0.022,59647786694,LOCKED
54428,2662.633,-51783495821791,32264,90755,-29755.0,34135.0,6.6,-0.032,59647927752,LOCKED
54429,2663.633,-51783495889184,-3926,54565,-29819.6,33844.6,6.9,-0.010,59647948380,LOCKED
54430,2664.633,-51783495923118,-6120,52371,-29903.8,33373.1,6.9,-0.004,59648007696,LOCKED
54431,2665.633,-51783495886289,55534,114025,-29746.7,33899.9,6.9,-0.006,59648021778,LOCKED
54432,2666.633,-51783495938077,31955,90446,-29724.3,34077.1,6.9,-0.000,59648178139,LOCKED
54433,2667.633,-51783496032629,-31695,26796,-29729.4,34124.9,7.0,0.005,59648175346,LOCKED
54434,2668.633,-51783495980387,46801,105292,-29636.5,34701.4,7.0,0.010,59648314870,LOCKED
54435,2669.633,-51783496055973,1390,59881,-29665.3,34617.3,6.7,0.014,59648327176,LOCKED
54436,2670.633,-51783496129927,-41865,16626,-29646.4,34344.2,6.7,0.018,59648346734,LOCKED
54437,2671.633,-51783496073705,39917,98408,-29511.9,34409.1,6.7,0.021,59648490824,LOCKED
54438,2672.633,-51783496144511,-1603,56888,-29498.1,34385.8,6.7,0.025,59648519834,LOCKED
54439,2673.633,-51783496211425,-35628,22863,-29605.5,34549.9,6.7,0.022,59648539439,LOCKED
54440,2674.633,-51783496244578,-34910,23581,-29757.1,34163.8,6.7,0.024,59648597968,LOCKED
54441,2675.634,-51783496204534,31618,90109,-29648.8,34188.6,6.7,0.021,59648728882,LOCKED
54442,2676.634,-51783496318724,-48811,9680,-29769.7,34717.8,6.8,0.023,59648706962,LOCKED
54443,2677.633,-51783496270900,28207,86698,-29788.4,34527.3,6.8,0.020,59648845491,LOCKED
54444,2678.634,-51783496331516,-3350,55141,-29746.9,34335.0,7.1,0.025,59648872955,LOCKED
54445,2679.634,-51783496306254,48555,107046,-29675.3,34946.8,7.1,0.028,59648877817,LOCKED
54446,2680.634,-51783496346178,36933,95424,-29669.3,35009.9,7.1,0.028,59649042516,LOCKED
54447,2681.634,-51783496412568,-1460,57031,-29584.6,34352.1,7.5,0.032,59649067923,LOCKED
54448,2682.634,-51783496469068,-27009,31482,-29606.8,34492.2,7.7,0.034,59649101203,LOCKED
54449,2683.634,-51783496510098,-34902,23589,-29722.2,34561.8,7.7,0.037,59649127302,LOCKED
54450,2684.634,-51783496559152,-49387,9104,-29878.2,34793.6,7.7,0.040,59649194195,LOCKED
54451,2685.634,-51783496495225,40597,99088,-29758.0,35022.4,8.0,0.045,59649349941,LOCKED
54452,2686.634,-51783496555545,9910,68401,-29768.4,34982.1,8.0,0.044,59649383405,LOCKED
54453,2687.634,-51783496617097,-21977,36514,-29726.7,34554.6,7.9,0.047,59649414472,LOCKED
54454,2688.634,-51783496655054,-28901,29590,-29742.7,34673.2,7.9,0.050,59649439027,LOCKED
54455,2689.634,-51783496621092,33565,92056,-29737.7,34721.7,8.2,0.050,59649594328,LOCKED
54456,2690.634,-51783496690844,-7368,51123,-29680.3,34306.3,8.4,0.054,59649618496,LOCKED
54457,2691.635,-51783496749802,-34333,24158,-29736.8,34620.4,8.6,0.058,59649648440,LOCKED
54458,2692.634,-51783496701176,42839,101330,-29749.6,34438.6,8.8,0.062,59649790246,LOCKED
54459,2693.635,-51783496762525,9619,68110,-29686.0,34272.5,9.0,0.059,59649816860,LOCKED
54460,2694.634,-51783496783457,16531,75022,-29623.0,34244.5,9.2,0.063,59649887847,LOCKED
54461,2695.635,-51783496859075,-26879,31612,-29705.3,34330.7,9.9,0.066,59649905429,LOCKED
54462,2696.635,-51783496820647,36899,95390,-29552.6,34019.0,10.0,0.061,59649924002,LOCKED
54463,2697.635,-51783496867026,18476,76967,-29504.9,34090.7,10.0,0.065,59650079588,LOCKED
54464,2698.635,-51783496944366,-26335,32156,-29609.7,33975.4,10.6,0.057,59650092209,LOCKED
54465,2699.635,-51783496907056,36794,95285,-29484.6,34019.3,11.1,0.047,59650222889,LOCKED
54466,2700.635,-51783496988466,-13712,44779,-29531.6,34024.0,11.1,0.037,59650232378,LOCKED
54467,2701.636,-51783496966969,32899,91390,-29369.1,33343.2,11.6,0.023,59650235344,LOCKED
54468,2702.636,-51783497034897,-5794,52697,-29352.9,33289.7,11.6,0.008,59650372368,LOCKED
54469,2703.636,-51783497100437,-38301,20190,-29470.1,33470.1,11.6,-0.010,59650395576,LOCKED
54470,2704.637,-51783497143653,-47150,11341,-29632.3,33515.3,11.8,0.014,59650443874,LOCKED
54471,2705.636,-51783497100556,22875,81366,-29537.4,33390.4,12.1,0.031,59650579134,LOCKED
54472,2706.638,-51783497173153,-18646,39845,-29582.0,33473.5,12.2,0.044,59650595113,LOCKED
54473,2707.636,-51783497142943,39922,98413,-29588.3,33390.4,12.4,0.054,59650606719,LOCKED
54474,2708.636,-51783497202485,8124,66615,-29511.2,33051.6,12.5,0.061,59650749752,LOCKED
54475,2709.636,-51783497272659,-30358,28133,-29567.8,33306.6,12.6,0.065,59650772358,LOCKED
54476,2710.636,-51783497238493,32599,91090,-29584.0,33116.5,12.7,0.086,59650785379,LOCKED
54477,2711.636,-51783497300851,1361,59852,-29661.8,32528.8,12.8,0.088,59650928798,LOCKED
54478,2712.637,-51783497374784,-40953,17538,-29689.8,32825.8,12.7,0.108,59650944043,LOCKED
54479,2713.637,-51783497355982,7481,65972,-29699.4,32794.4,12.5,0.126,59651070389,LOCKED
54480,2714.636,-51783497400377,-5919,52572,-29753.3,32630.8,12.5,0.151,59651136113,LOCKED
54481,2715.637,-51783497436293,-13023,45468,-29685.2,31912.2,12.3,0.162,59651156232,LOCKED
54482,2716.636,-51783497424552,25900,84391,-29605.3,31993.9,12.0,0.171,59651167037,LOCKED
54483,2717.637,-51783497506946,-25000,33491,-29656.5,32168.5,11.7,0.170,59651297817,LOCKED
54484,2718.639,-51783497549522,-33951,24540,-29795.1,31915.0,11.6,0.185,59651316359,LOCKED
54485,2719.637,-51783497503096,38516,97007,-29674.7,32080.4,11.2,0.190,59651340694,LOCKED
54486,2720.636,-51783497547891,22002,80493,-29642.8,32215.1,11.2,0.193,59651501994,LOCKED
54487,2721.637,-51783497606893,-5236,53255,-29738.4,31521.0,11.1,0.196,59651534744,LOCKED
54488,2722.637,-51783497688995,-54698,3793,-29789.9,32201.5,10.1,0.198,59651542606,LOCKED
54489,2723.637,-51783497642213,20868,79359,-29775.3,32281.4,10.1,0.200,59651681207,LOCKED
54490,2724.637,-51783497678336,14135,72626,-29779.9,32258.1,10.3,0.207,59651735510,LOCKED
54491,2725.638,-51783497774515,-50504,7987,-29782.2,32296.1,9.8,0.207,59651729265,LOCKED
54492,2726.637,-51783497726695,24376,82867,-29689.0,32229.1,9.7,0.207,59651867430,LOCKED
54493,2727.637,-51783497820248,-35813,22678,-29810.0,32280.5,9.8,0.212,59651871815,LOCKED
54494,2728.636,-51783497772172,37829,96320,-29664.3,32103.8,9.7,0.212,59652008627,LOCKED
54495,2729.638,-51783497844572,-4716,53775,-29665.9,32105.9,9.6,0.211,59652026136,LOCKED
54496,2730.637,-51783497916170,-42269,16222,-29810.8,32151.2,9.5,0.210,59652041642,LOCKED
54497,2731.638,-51783497874100,26307,84798,-29692.1,31857.8,9.4,0.205,59652178340,LOCKED
54498,2732.638,-51783497957652,-25896,32595,-29730.4,32046.5,9.3,0.200,59652185113,LOCKED
54499,2733.637,-51783497916045,43612,102103,-29713.1,32265.0,8.9,0.192,59652315262,LOCKED
54500,2734.637,-51783497946769,41097,99588,-29707.7,32335.1,8.8,0.189,59652374492,LOCKED
54501,2735.638,-51783498068707,-48828,9663,-29739.7,32745.6,8.2,0.181,59652347387,LOCKED
54502,2736.637,-51783498047310,3942,62433,-29826.6,31934.5,8.1,0.175,59652458651,LOCKED
54503,2737.638,-51783498123675,-40513,17978,-29861.5,32284.1,7.5,0.168,59652473623,LOCKED
54504,2738.638,-51783498073855,36961,95452,-29814.6,32642.6,7.5,0.168,59652614946,LOCKED
54505,2739.638,-51783498153645,-13685,44806,-29758.8,32106.3,7.3,0.164,59652623245,LOCKED
54506,2740.638,-51783498121227,44071,102562,-29614.8,32248.7,7.1,0.159,59652747398,LOCKED
54507,2741.638,-51783498199573,-4539,53952,-29613.2,32246.1,7.2,0.159,59652761928,LOCKED
54508,2742.641,-51783498279363,-50450,8041,-29738.9,32839.7,7.2,0.158,59652773978,LOCKED
54509,2743.639,-51783498233139,25046,83537,-29757.7,32655.9,7.0,0.152,59652909986,LOCKED
54510,2744.638,-51783498270492,18205,76696,-29825.1,31832.3,6.8,0.145,59652965079,LOCKED
54511,2745.639,-51783498352262,-32672,25819,-29823.2,31810.8,6.9,0.144,59652973267,LOCKED
54512,2746.638,-51783498331285,16800,75291,-29785.9,31886.7,6.7,0.136,59653109369,LOCKED
54513,2747.638,-51783498409657,-28840,29651,-29882.7,31926.0,6.5,0.127,59653143580,LOCKED
54514,2748.638,-51783498422281,-9584,48907,-29964.9,31548.2,6.8,0.118,59653180107,LOCKED
54515,2749.638,-51783498390824,47677,106168,-29839.8,32044.8,7.1,0.115,59653191921,LOCKED
54516,2750.639,-51783498440960,26030,84521,-29816.8,32191.6,7.1,0.114,59653344962,LOCKED
54517,2751.638,-51783498518510,-18892,39599,-29923.5,31786.0,7.1,0.111,59653359295,LOCKED
54518,2752.639,-51783498477898,47187,105678,-29783.0,32115.2,7.2,0.110,59653490878,LOCKED
54519,2753.639,-51783498553042,1529,60020,-29770.9,32107.6,7.3,0.108,59653507949,LOCKED
54520,2754.639,-51783498594777,-10245,48246,-29763.2,32076.3,7.3,0.107,59653557030,LOCKED
54521,2755.639,-51783498572045,40522,99013,-29745.8,32279.0,7.3,0.108,59653558514,LOCKED
54522,2756.639,-51783498624761,15180,73671,-29654.5,31953.8,7.6,0.081,59653711703,LOCKED
54523,2757.639,-51783498694941,-24474,34017,-29656.5,31970.0,7.5,0.044,59653729632,LOCKED
54524,2758.638,-51783498662571,35898,94389,-29635.0,32179.9,7.5,0.065,59653742559,LOCKED
54525,2759.639,-51783498716445,9469,67960,-29543.1,31673.1,7.7,0.057,59653890681,LOCKED
54526,2760.639,-51783498791011,-33055,25436,-29610.9,31980.5,7.8,0.037,59653909286,LOCKED
54527,2761.639,-51783498754996,28988,87479,-29483.0,31664.4,7.9,0.032,59654037513,LOCKED
54528,2762.638,-51783498820786,-7163,51328,-29478.7,31652.6,8.0,0.011,59654060795,LOCKED
54529,2763.639,-51783498899304,-51679,6812,-29615.0,32227.5,8.0,-0.013,59654072781,LOCKED
54530,2764.639,-51783498922028,-40432,18059,-29761.8,32158.4,8.0,-0.010,59654145893,LOCKED
54531,2765.641,-51783498891450,17777,76268,-29686.7,32068.4,8.0,-0.018,59654264400,LOCKED
54532,2766.639,-51783498968193,-26861,31630,-29760.8,32207.0,8.1,-0.025,59654281111,LOCKED
54533,2767.639,-51783498926127,40625,99116,-29615.1,32162.3,8.1,-0.032,59654414317,LOCKED
54534,2768.640,-51783498996277,-481,58010,-29586.2,32079.7,8.1,-0.028,59654433783,LOCKED
54535,2769.640,-51783499083852,-53920,4571,-29720.1,32763.2,8.5,-0.042,59654439227,LOCKED
54536,2770.640,-51783499027618,28686,87177,-29603.2,32588.9,8.5,-0.038,59654584411,LOCKED
54537,2771.640,-51783499103968,-17182,41309,-29617.8,32650.1,8.5,-0.034,59654601256,LOCKED
54538,2772.641,-51783499064942,49297,107788,-29593.5,32979.9,8.5,-0.031,59654620733,LOCKED
54539,2773.640,-51783499117476,24235,82726,-29529.6,33102.0,8.5,-0.028,59654772984,LOCKED
54540,2774.641,-51783499154135,16023,74514,-29503.1,33173.2,8.3,-0.024,59654827023,LOCKED
54541,2775.640,-51783499249788,-46640,11851,-29596.8,33759.7,8.3,-0.021,59654819990,LOCKED
54542,2776.641,-51783499196350,32949,91440,-29482.2,33769.8,8.3,-0.019,59654967690,LOCKED
54543,2777.641,-51783499264724,-4987,53504,-29521.0,33696.6,8.3,-0.017,59654992380,LOCKED
54544,2778.640,-51783499349701,-55462,3029,-29673.5,34261.7,8.0,-0.013,59654996344,LOCKED
54545,2779.640,-51783499328687,-5811,52680,-29612.8,33828.6,8.0,-0.011,59655126746,LOCKED
54546,2780.640,-51783499404497,-49554,8937,-29650.9,34283.7,8.0,-0.009,59655159744,LOCKED
54547,2781.640,-51783499424247,-37029,21462,-29718.2,34650.0,8.1,-0.010,59655194123,LOCKED
54548,2782.640,-51783499377811,38419,93881,-29747.5,34230.9,8.1,-0.008,59655331805,LOCKED
54549,2783.640,-51783499444963,318,55780,-29713.8,34134.5,8.1,-0.005,59655356416,LOCKED
54550,2784.641,-51783499477678,-2969,52493,-29694.8,34085.1,7.8,-0.000,59655412639,LOCKED
54551,2785.640,-51783499450471,52152,107614,-29694.2,34095.1,7.8,-0.001,59655421076,LOCKED
54552,2786.640,-51783499511250,18898,74360,-29619.0,34036.2,7.8,0.002,59655566363,LOCKED
54553,2787.643,-51783499613638,-49114,6348,-29771.1,34305.2,7.5,0.008,59655557836,LOCKED
54554,2788.640,-51783499550968,39314,94776,-29639.3,34374.9,7.5,0.011,59655706212,LOCKED
54555,2789.640,-51783499630898,-10163,45299,-29662.3,34400.2,7.5,0.014,59655721326,LOCKED
54556,2790.641,-51783499709228,-53488,1974,-29835.9,34611.2,7.5,0.017,59655733644,LOCKED
54557,2791.641,-51783499666181,17423,72885,-29768.0,34570.9,7.5,0.015,59655866933,LOCKED
54558,2792.641,-51783499746955,-30387,25075,-29874.5,34571.4,7.4,0.012,59655876729,LOCKED
54559,2793.641,-51783499712881,30115,85577,-29755.2,34429.3,7.5,0.009,59656007668,LOCKED
54560,2794.642,-51783499766058,4902,60364,-29675.3,33989.9,7.4,0.012,59656042833,LOCKED
54561,2795.641,-51783499770465,29828,85290,-29708.2,33588.5,7.4,0.008,59656018047,LOCKED
54562,2796.641,-51783499835021,-4700,50762,-29716.1,33594.6,7.4,0.004,59656156244,LOCKED
54563,2797.642,-51783499913739,-48657,6805,-29883.1,33648.3,7.4,0.007,59656167421,LOCKED
54564,2798.642,-51783499868165,24120,79582,-29791.5,33590.9,7.4,0.010,59656304303,LOCKED
54565,2799.641,-51783499951885,-27235,28227,-29872.6,33694.6,7.7,0.013,59656309186,LOCKED
54566,2800.641,-51783499915838,34805,90267,-29739.8,33567.3,7.7,0.017,59656439278,LOCKED
54567,2801.641,-51783499986776,-5859,49603,-29756.4,33573.2,7.7,0.021,59656464042,LOCKED
54568,2802.642,-51783500059916,-44238,11224,-29928.8,33306.6,7.7,0.015,59656474658,LOCKED
54569,2803.642,-51783500025714,18041,73503,-29867.8,33319.1,8.0,0.017,59656605614,LOCKED
54570,2804.641,-51783500074591,-1274,54188,-29850.6,33285.6,8.2,0.018,59656647975,LOCKED
54571,2805.641,-51783500046584,54242,109704,-29825.8,33652.6,8.2,0.009,59656655951,LOCKED
54572,2806.642,-51783500100996,27400,82862,-29760.6,33831.4,8.2,0.013,59656802949,LOCKED
54573,2807.641,-51783500170150,-9976,45486,-29843.2,33480.8,8.1,0.009,59656826753,LOCKED
54574,2808.642,-51783500135324,51899,107361,-29792.3,34073.5,7.7,-0.011,59656838448,LOCKED
54575,2809.642,-51783500203458,11387,66849,-29704.5,33702.2,7.4,0.012,59656977200,LOCKED
54576,2810.642,-51783500281631,-35381,20081,-29729.2,33919.7,7.3,0.006,59656991130,LOCKED
54577,2811.642,-51783500242738,31956,87418,-29719.2,34009.4,7.4,-0.001,59657123156,LOCKED
54578,2812.642,-51783500308886,-5628,49834,-29653.1,33504.5,7.3,-0.009,59657146932,LOCKED
54579,2813.642,-51783500374454,-38864,16598,-29720.0,33917.5,7.2,-0.020,59657177651,LOCKED
54580,2814.643,-51783500410005,-41366,14096,-29814.7,34336.4,7.1,-0.033,59657229868,LOCKED
54581,2815.641,-51783500357390,37142,92604,-29683.8,34328.8,7.1,-0.029,59657373819,LOCKED
54582,2816.642,-51783500411724,11066,66528,-29632.1,34270.4,7.1,-0.035,59657414548,LOCKED
54583,2817.642,-51783500470084,-15832,39630,-29695.7,34225.4,7.0,-0.028,59657446286,LOCKED
54584,2818.641,-51783500538236,-52079,3383,-29717.6,34531.5,6.8,-0.038,59657471296,LOCKED
54585,2819.643,-51783500575088,-55909,0,-29786.9,35286.3,6.8,-0.042,59657619233,LOCKED
54586,2820.642,-51783500544213,5419,61328,-29828.7,35069.6,6.7,-0.047,59657647205,LOCKED
54587,2821.642,-51783500618815,-37954,17955,-29834.3,35130.9,6.7,-0.051,59657662832,LOCKED
54588,2822.642,-51783500565933,41857,97766,-29761.2,35587.7,6.6,-0.047,59657806541,LOCKED
54589,2823.643,-51783500615305,22380,78289,-29805.1,35131.9,6.6,-0.051,59657851587,LOCKED
54590,2824.643,-51783500666682,2183,58092,-29876.4,34648.2,6.6,-0.048,59657891267,LOCKED
54591,2825.643,-51783500748214,-46746,9163,-29932.5,35168.1,6.5,-0.046,59657900150,LOCKED
54592,2826.643,-51783500728574,3735,59644,-29983.4,34889.6,6.5,-0.050,59658009319,LOCKED
54593,2827.644,-51783500805190,-41347,14562,-29990.7,34976.3,6.4,-0.049,59658030257,LOCKED
54594,2828.643,-51783500752689,38532,94441,-29926.5,35364.6,6.4,-0.047,59658168337,LOCKED
54595,2829.644,-51783500830239,-6558,49351,-30040.2,34478.8,5.8,-0.052,59658188719,LOCKED
54596,2830.643,-51783500894439,-38860,17049,-30066.8,34731.6,5.8,-0.051,59658211967,LOCKED
54597,2831.643,-51783500835803,47346,103255,-30022.9,35191.3,5.9,-0.053,59658363734,LOCKED
54598,2832.645,-51783500897995,12628,68537,-29918.6,34653.7,5.9,-0.052,59658393817,LOCKED
54599,2833.643,-51783500977343,-35340,20569,-29931.5,34777.9,5.9,-0.050,59658401821,LOCKED
54600,2834.643,-51783501023882,-49300,6609,-29979.6,35291.2,5.9,-0.049,59658444274,LOCKED
54601,2835.643,-51783500995675,9776,65685,-30039.6,34807.1,6.3,-0.044,59658566363,LOCKED
54602,2836.643,-51783501072603,-35925,19984,-30038.1,34790.9,6.6,-0.040,59658583620,LOCKED
54603,2837.643,-51783501036168,28571,84480,-29988.5,35006.5,6.8,-0.036,59658711528,LOCKED
54604,2838.643,-51783501113526,-15766,40143,-30111.3,34288.5,6.9,-0.035,59658726567,LOCKED
54605,2839.643,-51783501075670,49056,104965,-30038.5,34914.8,6.9,-0.034,59658852715,LOCKED
54606,2840.644,-51783501164028,-6926,48983,-30141.8,34205.1,6.9,-0.034,59658859145,LOCKED
54607,2841.644,-51783501133449,51814,107723,-30130.8,34370.0,7.3,-0.041,59658866695,LOCKED
54608,2842.643,-51783501188559,24098,80007,-30036.4,34288.5,7.4,-0.042,59659011959,LOCKED
54609,2843.643,-51783501277351,-32255,23654,-30100.8,34561.9,7.5,-0.043,59659021448,LOCKED
54610,2844.644,-51783501316063,-37925,17984,-30182.2,34924.3,7.6,-0.044,59659073859,LOCKED
54611,2845.644,-51783501260492,43154,99063,-30024.3,34834.7,7.5,-0.049,59659219761,LOCKED
54612,2846.644,-51783501329581,3125,59034,-29982.1,34720.8,8.0,-0.050,59659242469,LOCKED
54613,2847.644,-51783501404165,-37118,18791,-30134.6,34424.8,8.1,-0.050,59659263917,LOCKED
54614,2848.643,-51783501340953,51301,107210,-29977.8,34738.7,8.2,-0.050,59659303278,LOCKED
54615,2849.644,-51783501387107,33085,88994,-29932.6,35013.9,8.2,-0.049,59659462144,LOCKED
54616,2850.644,-51783501440683,10663,66572,-30010.4,34237.0,8.2,-0.048,59659496559,LOCKED
54617,2851.644,-51783501508209,-25591,30318,-30029.8,34356.1,8.3,-0.047,59659522293,LOCKED
54618,2852.645,-51783501551437,-35064,20845,-30154.6,34336.4,8.3,-0.045,59659668775,LOCKED
54619,2853.644,-51783501517783,26063,81972,-30066.1,34359.3,8.2,-0.054,59659694436,LOCKED
54620,2854.644,-51783501540720,30904,86813,-30005.1,34610.6,8.2,-0.054,59659764927,LOCKED
54621,2855.644,-51783501607502,-6520,49389,-29962.5,34367.4,8.5,-0.056,59659791501,LOCKED
54622,2856.644,-51783501680477,-46250,9659,-30046.7,34935.7,8.7,-0.059,59659811429,LOCKED
54623,2857.644,-51783501621222,41994,97903,-30064.8,34679.1,9.3,-0.066,59659959189,LOCKED
54624,2858.645,-51783501688766,3513,59422,-30021.4,34562.4,10.0,-0.030,59659985314,LOCKED
54625,2859.645,-51783501755096,-29634,26275,-30127.4,34542.5,10.1,0.007,59660011183,LOCKED
54626,2860.644,-51783501702672,48406,104315,-29986.3,34891.1,10.2,0.014,59660157559,LOCKED
54627,2861.645,-51783501775826,5061,60970,-29986.0,34891.5,10.3,0.032,59660177388,LOCKED
54628,2862.644,-51783501858747,-43154,12755,-30146.2,34769.5,10.3,0.050,59660182877,LOCKED
54629,2863.645,-51783501804161,38499,94408,-30058.9,35127.1,10.1,0.083,59660329037,LOCKED
54630,2864.644,-51783501859068,12943,68852,-30045.7,35163.4,9.8,0.119,59660367614,LOCKED
54631,2865.646,-51783501942045,-39145,16764,-30021.9,34834.5,9.7,0.142,59660374134,LOCKED
54632,2866.645,-51783501908195,22098,78007,-29929.5,34715.5,9.5,0.170,59660504185,LOCKED
54633,2867.645,-51783501982181,-20341,35568,-29975.1,34816.6,9.5,0.174,59660517158,LOCKED
54634,2868.646,-51783501937170,49159,105068,-29787.2,34565.3,9.5,0.177,59660655184,LOCKED
54635,2869.645,-51783502027676,-11656,44253,-29763.1,34428.8,9.5,0.180,59660659244,LOCKED
54636,2870.645,-51783502000822,42759,98668,-29726.1,34791.2,9.5,0.183,59660663657,LOCKED
54637,2871.645,-51783502060963,9974,65883,-29626.1,34227.4,9.3,0.186,59660806813,LOCKED
54638,2872.646,-51783502135757,-33375,22534,-29659.9,34473.0,9.4,0.188,59660821069,LOCKED
54639,2873.646,-51783502090735,39354,95263,-29629.5,34756.5,9.4,0.182,59660958005,LOCKED
54640,2874.645,-51783502127280,31264,87173,-29623.9,34807.0,9.4,0.184,59661013340,LOCKED
54641,2875.645,-51783502226407,-37530,18379,-29596.1,34424.2,9.4,0.186,59661005942,LOCKED
54642,2876.646,-51783502187184,28221,84130,-29492.3,34380.4,9.4,0.181,59661137956,LOCKED
54643,2877.646,-51783502266180,-20074,35835,-29518.3,34480.8,9.6,0.189,59661146518,LOCKED
54644,2878.645,-51783502221982,51278,107187,-29487.5,34877.8,9.5,0.184,59661170281,LOCKED
54645,2879.645,-51783502277928,24591,80500,-29517.3,34579.2,9.4,0.185,59661317657,LOCKED
54646,2880.646,-51783502355536,-22531,33378,-29527.4,34639.3,9.2,0.185,59661332874,LOCKED
54647,2881.645,-51783502407878,-41466,14443,-29649.0,34888.5,9.2,0.180,59661371249,LOCKED
54648,2882.646,-51783502358422,33485,89394,-29500.6,34490.2,9.2,0.177,59661510800,LOCKED
54649,2883.646,-51783502425348,-4886,51023,-29445.9,34147.1,9.1,0.176,59661535782,LOCKED
54650,2884.646,-51783502447857,1368,57277,-29414.6,34074.2,9.1,0.173,59661603179,LOCKED
54651,2885.646,-51783502550272,-65826,0,-29590.4,34915.2,9.2,0.171,59661590330,LOCKED
54652,2886.646,-51783502506472,6738,72564,-29561.0,34900.5,9.1,0.170,59661726683,LOCKED
54653,2887.646,-51783502573032,-27091,38735,-29671.8,34750.2,9.1,0.171,59661748466,LOCKED
54654,2888.646,-51783502533774,37698,103524,-29531.0,34645.2,9.4,0.175,59661770222,LOCKED
54655,2889.646,-51783502575742,23655,89481,-29491.4,34793.5,9.2,0.173,59661932578,LOCKED
54656,2890.646,-51783502644710,-13625,52201,-29576.7,34516.3,9.5,0.176,59661953173,LOCKED
54657,2891.646,-51783502715277,-52739,13087,-29581.1,34584.6,9.4,0.173,59661975048,LOCKED
54658,2892.646,-51783502661677,27820,93646,-29498.5,34691.8,9.4,0.174,59662122527,LOCKED
54659,2893.646,-51783502722455,-2293,63533,-29552.1,34480.4,9.6,0.176,59662149919,LOCKED
54660,2894.646,-51783502750085,1230,67056,-29632.8,33877.4,9.7,0.176,59662214291,LOCKED
54661,2895.647,-51783502816200,-33203,32623,-29678.3,34161.8,9.5,0.182,59662247108,LOCKED
54662,2896.647,-51783502768793,42383,108209,-29675.2,34201.2,9.4,0.187,59662266054,LOCKED
54663,2897.647,-51783502826965,12177,78003,-29611.4,34083.4,9.3,0.194,59662412975,LOCKED
54664,2898.647,-51783502899344,-27886,37940,-29697.9,34169.1,9.3,0.195,59662434245,LOCKED
54665,2899.647,-51783502861286,35823,101649,-29558.7,34001.8,9.6,0.196,59662562196,LOCKED
54666,2900.647,-51783502934448,-6911,58915,-29589.9,33982.7,9.6,0.198,59662577991,LOCKED
54667,2901.647,-51783503012028,-52941,12885,-29598.0,34110.3,9.3,0.184,59662591008,LOCKED
54668,2902.647,-51783502964601,21710,87536,-29517.5,34078.8,9.4,0.178,59662727225,LOCKED
54669,2903.647,-51783503041581,-22993,42833,-29614.9,33934.5,9.4,0.172,59662740425,LOCKED
54670,2904.647,-51783503085867,-33723,32103,-29752.5,33698.5,9.3,0.165,59662788525,LOCKED
54671,2905.647,-51783503048696,29833,95659,-29636.6,33582.2,9.5,0.158,59662918986,LOCKED
54672,2906.647,-51783503129295,-19768,46058,-29670.6,33689.2,9.0,0.139,59662927462,LOCKED
54673,2907.647,-51783503115815,23368,89194,-29708.8,33277.0,8.9,0.128,59663041419,LOCKED
54674,2908.647,-51783503176573,-8695,57131,-29644.5,32722.0,8.8,0.117,59663063519,LOCKED
54675,2909.647,-51783503249139,-49318,16508,-29675.3,33120.9,9.1,0.122,59663082874,LOCKED
54676,2910.648,-51783503205291,22354,88180,-29621.5,33240.6,9.4,0.093,59663216447,LOCKED
54677,2911.647,-51783503283378,-23472,42354,-29712.2,33172.3,9.3,0.056,59663232191,LOCKED
54678,2912.647,-51783503245564,42674,108500,-29715.5,33126.8,9.2,0.020,59663248330,LOCKED
54679,2913.647,-51783503297354,18685,84511,-29652.5,33141.2,9.2,0.000,59663401132,LOCKED
54680,2914.647,-51783503336106,8102,73928,-29593.0,32973.5,9.2,-0.019,59663456688,LOCKED
54681,2915.647,-51783503415271,-38464,27362,-29676.7,33360.9,9.4,-0.037,59663464462,LOCKED
54682,2916.648,-51783503379862,26710,92536,-29725.6,32728.3,9.5,-0.040,59663590994,LOCKED
54683,2917.647,-51783503456026,-19497,46329,-29704.5,32554.6,9.3,-0.022,59663607759,LOCKED
54684,2918.648,-51783503428999,34973,100799,-29651.6,32892.8,9.2,-0.046,59663611950,LOCKED
54685,2919.648,-51783503494387,639,66465,-29721.6,32428.3,9.2,-0.051,59663748614,LOCKED
54686,2920.647,-51783503565343,-39249,26577,-29722.4,32438.7,9.1,-0.055,59663771417,LOCKED
54687,2921.648,-51783503517865,35596,101422,-29665.9,32793.7,9.3,-0.069,59663910648,LOCKED
54688,2922.649,-51783503580801,4027,69853,-29756.2,31918.3,9.2,-0.072,59663941748,LOCKED
54689,2923.648,-51783503649541,-33519,32307,-29771.1,32061.3,9.2,-0.073,59663964995,LOCKED
54690,2924.648,-51783503674433,-26793,39033,-29817.3,32267.0,9.3,-0.083,59664031675,LOCKED
54691,2925.648,-51783503633696,42703,108529,-29836.4,31965.0,9.2,-0.084,59664049572,LOCKED
54692,2926.648,-51783503677043,27032,92858,-29775.2,32157.4,9.3,-0.092,59664213066,LOCKED
54693,2927.648,-51783503737439,-2194,63632,-29840.2,31808.8,9.2,-0.092,59664241891,LOCKED
54694,2928.648,-51783503788384,-23034,42792,-29814.8,31553.8,9.3,-0.098,59664283626,LOCKED
54695,2929.648,-51783503836171,-37626,28200,-29918.3,31832.5,9.3,-0.103,59664299350,LOCKED
54696,2930.648,-51783503789797,35067,100893,-29799.7,31881.8,9.3,-0.102,59664461331,LOCKED
54697,2931.649,-51783503854565,-99,65727,-29789.9,31872.4,9.3,-0.106,59664490970,LOCKED
54698,2932.648,-51783503908881,-21727,44099,-29896.2,31569.9,9.2,-0.104,59664528885,LOCKED
54699,2933.649,-51783503859853,52393,118219,-29747.2,32058.5,9.3,-0.109,59664557239,LOCKED
54700,2934.649,-51783503994591,-50174,15652,-29782.8,32522.4,9.3,-0.111,59664627073,LOCKED
54701,2935.649,-51783503933168,39670,105496,-29781.9,32533.4,9.3,-0.113,59664781645,LOCKED
54702,2936.649,-51783503990517,10365,76191,-29713.8,32332.8,9.4,-0.117,59664812684,LOCKED
54703,2937.649,-51783504056099,-23231,42595,-29786.8,32390.0,9.4,-0.119,59664839440,LOCKED
54704,2938.648,-51783504017647,40299,106125,-29622.4,32036.6,9.4,-0.119,59664857891,LOCKED
54705,2939.649,-51783504079197,6750,72576,-29553.9,31748.2,9.4,-0.119,59665001765,LOCKED
54706,2940.649,-51783504147161,-29159,36667,-29628.3,31943.3,9.3,-0.116,59665024044,LOCKED
54707,2941.649,-51783504112973,33668,99494,-29635.8,31854.8,9.4,-0.118,59665037106,LOCKED
54708,2942.651,-51783504179929,-4738,61088,-29574.5,31401.7,9.6,-0.116,59665175818,LOCKED
54709,2943.649,-51783504248023,-40610,25216,-29637.0,31875.2,9.7,-0.110,59665198912,LOCKED
54710,2944.650,-51783504209381,25504,91330,-29573.0,32028.1,9.9,-0.109,59665216433,LOCKED
54711,2945.649,-51783504266547,54,65880,-29678.5,30967.4,9.9,-0.110,59665365544,LOCKED
54712,2946.649,-51783504361534,-61315,4511,-29770.0,32043.4,9.9,-0.104,59665357403,LOCKED
54713,2947.649,-51783504327433,3365,69191,-29815.4,31799.7,9.9,-0.100,59665485237,LOCKED
54714,2948.649,-51783504404053,-41879,23947,-29822.4,31891.2,9.6,-0.089,59665501056,LOCKED
54715,2949.648,-51783504355625,33109,98935,-29717.1,31998.6,9.6,-0.085,59665640934,LOCKED
54716,2950.649,-51783504436600,-16659,49167,-29762.6,32053.7,9.3,-0.073,59665649357,LOCKED
54717,2951.651,-51783504407728,40957,106783,-29780.8,31777.1,9.2,-0.067,59665658182,LOCKED
54718,2952.650,-51783504461716,14663,80489,-29702.6,31578.8,9.2,-0.061,59665805787,LOCKED
54719,2953.650,-51783504539875,-31645,34181,-29755.5,31869.2,8.9,-0.046,59665818384,LOCKED
54720,2954.650,-51783504568379,-28503,37323,-29801.0,32101.5,8.8,-0.039,59665882674,LOCKED
54721,2955.650,-51783504529574,38648,104474,-29793.8,32186.9,8.8,-0.031,59665899253,LOCKED
54722,2956.649,-51783504593142,3170,68996,-29715.4,31690.4,9.0,-0.032,59666041313,LOCKED
54723,2957.650,-51783504673523,-44945,20881,-29765.9,32198.2,9.0,-0.024,59666052696,LOCKED
54724,2958.650,-51783504639253,18748,84574,-29780.2,32090.7,8.9,-0.013,59666179141,LOCKED
54725,2959.650,-51783504722817,-34080,31746,-29770.4,31971.8,8.8,-0.021,59666189143,LOCKED
54726,2960.651,-51783504711628,6504,72330,-29762.8,31982.6,8.8,-0.021,59666310330,LOCKED
54727,2961.650,-51783504796380,-43669,22157,-29926.9,31814.1,8.8,-0.021,59666330125,LOCKED
54728,2962.651,-51783504830749,-45730,20096,-29967.7,32271.1,8.9,-0.010,59666354488,LOCKED
54729,2963.650,-51783504779341,34150,99976,-29951.1,32430.2,9.0,-0.023,59666494548,LOCKED
54730,2964.650,-51783504819665,23547,89373,-29979.1,32143.2,9.2,-0.002,59666547394,LOCKED
54731,2965.650,-51783504907621,-33050,32776,-29991.8,32266.0,9.3,0.002,59666550554,LOCKED
54732,2966.651,-51783504856410,45830,111656,-29954.0,32695.4,9.4,0.020,59666693558,LOCKED
54733,2967.650,-51783504943584,-11287,54539,-29940.2,32628.0,9.5,0.037,59666701957,LOCKED
54734,2968.650,-51783505004162,-38841,26985,-30027.2,33019.3,9.6,0.055,59666730477,LOCKED
54735,2969.651,-51783504945736,48234,114060,-30039.8,32810.6,9.6,0.053,59666879999,LOCKED
54736,2970.651,-51783505029302,-5493,60333,-30020.8,32744.1,9.7,0.064,59666886699,LOCKED
54737,2971.650,-51783504995863,55224,121050,-29977.9,33330.6,9.7,0.060,59666901152,LOCKED
54738,2972.651,-51783505054607,23510,89336,-29872.1,33107.6,9.7,0.068,59667044991,LOCKED
54739,2973.650,-51783505127599,-18945,46881,-29873.3,33114.2,9.7,0.065,59667062499,LOCKED
54740,2974.651,-51783505188329,-46898,18928,-29937.9,33693.5,9.8,0.072,59667095121,LOCKED
54741,2975.651,-51783505123509,46087,111913,-29927.5,33832.8,9.7,0.079,59667137996,LOCKED
54742,2976.651,-51783505190909,7254,73080,-29872.7,33689.7,9.7,0.084,59667272355,LOCKED
54743,2977.651,-51783505265267,-34132,31694,-29968.3,33894.6,9.8,0.089,59667292872,LOCKED
54744,2978.652,-51783505218633,38575,104401,-29841.0,33984.6,9.6,0.093,59667429497,LOCKED
54745,2979.651,-51783505297171,-9537,56289,-29853.8,34007.9,9.9,0.083,59667436799,LOCKED
54746,2980.652,-51783505366177,-44220,21606,-29999.9,34123.7,9.9,0.086,59667461085,LOCKED
54747,2981.652,-51783505332307,17235,83061,-29909.9,33889.0,9.8,0.089,59667586394,LOCKED
54748,2982.652,-51783505406061,-25014,40812,-29946.6,34054.4,10.1,0.098,59667608722,LOCKED
54749,2983.651,-51783505358420,50333,116159,-29920.4,34400.3,10.1,0.095,59667746336,LOCKED
54750,2984.653,-51783505408148,29573,95399,-29922.8,34377.5,10.0,0.096,59667786968,LOCKED
54751,2985.652,-51783505495951,-27752,38074,-29903.8,34184.3,10.0,0.093,59667787032,LOCKED
54752,2986.652,-51783505452743,41516,107342,-29784.0,34454.0,9.9,0.089,59667925726,LOCKED
54753,2987.652,-51783505532897,-8264,57562,-29799.3,34472.2,9.9,0.086,59667936022,LOCKED
54754,2988.652,-51783505605707,-47210,18616,-29920.5,34936.8,9.7,0.082,59667953470,LOCKED
54755,2989.651,-51783505563236,24976,90802,-29952.0,34612.4,9.8,0.074,59668086727,LOCKED
54756,2990.652,-51783505650028,-30833,34993,-29951.3,34605.6,9.9,0.072,59668089566,LOCKED
54757,2991.653,-51783505626632,21133,86959,-29918.6,34722.7,9.9,0.064,59668225578,LOCKED
54758,2992.655,-51783505700624,-20571,45255,-30000.8,34651.2,10.0,0.062,59668250902,LOCKED
54759,2993.652,-51783505741556,-31126,34700,-29967.5,34237.2,9.8,0.057,59668271209,LOCKED
54760,2994.653,-51783505776315,-31840,33986,-30114.9,33772.1,9.9,0.049,59668332299,LOCKED
54761,2995.653,-51783505724039,46112,111938,-29973.5,34026.2,9.7,0.044,59668477230,LOCKED
54762,2996.652,-51783505790014,9080,74906,-29937.9,34014.5,9.5,0.038,59668504079,LOCKED
54763,2997.652,-51783505869944,-37473,28353,-30044.6,34246.7,8.9,0.029,59668515138,LOCKED
54764,2998.651,-51783505809312,48337,114163,-29885.8,34396.1,9.1,0.025,59668671430,LOCKED
54765,2999.652,-51783505892298,-4960,60866,-29867.9,34340.8,8.9,0.019,59668677164,LOCKED
54766,3000.652,-51783505864831,49704,115530,-29819.4,34869.8,9.0,0.018,59668683343,LOCKED
54767,3001.652,-51783505934169,8115,73941,-29731.1,34412.9,8.7,0.010,59668822396,LOCKED
54768,3002.652,-51783506015743,-41158,24668,-29788.9,34845.9,8.7,0.014,59668830754,LOCKED
54769,3003.652,-51783505978947,24806,90632,-29799.7,34754.6,8.7,0.018,59668957181,LOCKED
54770,3004.652,-51783506017020,14251,80077,-29711.3,34459.8,8.9,0.023,59669010100,LOCKED
54771,3005.652,-51783506098398,-35375,25940,-29752.7,34756.3,9.2,0.021,59669021474,LOCKED
54772,3006.652,-51783506069955,23134,84449,-29806.6,34121.3,9.4,0.027,59669141113,LOCKED
54773,3007.652,-51783506139920,-16153,45162,-29822.6,34178.3,9.6,0.026,59669163707,LOCKED
54774,3008.652,-51783506097670,53611,114926,-29798.4,34524.2,9.7,0.036,59669297567,LOCKED
54775,3009.652,-51783506170256,8868,70183,-29717.0,34166.8,9.7,0.035,59669311568,LOCKED
54776,3010.654,-51783506254184,-42036,19279,-29809.6,34609.4,9.6,0.045,59669318783,LOCKED
54777,3011.652,-51783506213941,24673,85988,-29686.3,34214.0,9.8,0.047,59669451430,LOCKED
54778,3012.652,-51783506285537,-16963,44352,-29671.5,34117.4,9.7,0.060,59669470109,LOCKED
54779,3013.653,-51783506250721,45165,106480,-29630.7,34536.3,9.6,0.061,59669484057,LOCKED
54780,3014.653,-51783506387469,-57234,4081,-29767.3,35288.2,9.7,0.051,59669552556,LOCKED
54781,3015.652,-51783506342006,15347,76662,-29662.6,34832.0,10.3,0.025,59669689153,LOCKED
54782,3016.653,-51783506420844,-32100,29215,-29694.1,35051.3,10.2,0.033,59669702005,LOCKED
54783,3017.655,-51783506375565,41310,102625,-29686.1,35145.2,10.3,0.029,59669839218,LOCKED
54784,3018.654,-51783506442557,2872,64187,-29635.2,34967.6,10.5,0.012,59669861337,LOCKED
54785,3019.653,-51783506504127,-26310,35005,-29726.7,34973.7,10.8,-0.034,59669891623,LOCKED
54786,3020.654,-51783506454723,48975,110290,-29619.3,35561.1,10.9,-0.052,59669917597,LOCKED
54787,3021.653,-51783506493447,38618,99933,-29622.1,35528.4,10.9,-0.072,59670083228,LOCKED
54788,3022.654,-51783506558029,4966,66281,-29694.7,34972.1,10.8,-0.072,59670111920,LOCKED
54789,3023.654,-51783506594405,-2659,58656,-29643.8,34708.6,11.0,-0.089,59670161759,LOCKED
54790,3024.655,-51783506600728,18548,79863,-29570.8,34658.2,10.9,-0.098,59670249189,LOCKED
54791,3025.653,-51783506664751,-13769,47546,-29652.8,34417.8,10.8,-0.105,59670277110,LOCKED
54792,3026.654,-51783506640665,35869,97184,-29510.9,34218.0,10.7,-0.102,59670284051,LOCKED
54793,3027.654,-51783506711813,-5120,56195,-29534.3,34207.0,10.6,-0.099,59670420002,LOCKED
54794,3028.653,-51783506762831,-23541,37774,-29645.7,33924.1,10.7,-0.088,59670452331,LOCKED
54795,3029.656,-51783506805394,-35569,25746,-29630.1,33730.2,10.6,-0.085,59670478512,LOCKED
54796,3030.654,-51783506774790,23316,84631,-29602.6,33862.5,10.4,-0.083,59670627649,LOCKED
54797,3031.654,-51783506852360,-24905,36410,-29548.7,33180.1,10.5,-0.080,59670641079,LOCKED
54798,3032.654,-51783506903698,-44640,16675,-29575.2,33490.9,10.5,-0.071,59670677290,LOCKED
54799,3033.655,-51783506848249,38207,99522,-29531.9,33841.0,10.7,-0.063,59670827382,LOCKED
54800,3034.655,-51783506879981,35141,96456,-29547.9,33643.3,10.6,-0.061,59670885625,LOCKED
54801,3035.655,-51783506970528,-25787,35528,-29508.4,33183.3,10.5,-0.063,59670885308,LOCKED
54802,3036.654,-51783506936387,34973,96288,-29424.6,33476.1,10.4,-0.060,59670900798,LOCKED
54803,3037.654,-51783506982503,18091,79406,-29445.4,33318.7,10.3,-0.057,59671059712,LOCKED
54804,3038.659,-51783507045677,-16110,45205,-29395.3,32834.4,10.3,-0.049,59671085249,LOCKED
54805,3039.655,-51783507122625,-59459,1856,-29502.9,33811.6,10.2,-0.050,59671099948,LOCKED
54806,3040.654,-51783507068821,23753,85068,-29537.8,33443.1,10.1,-0.046,59671239670,LOCKED
54807,3041.655,-51783507150179,-26826,34489,-29554.1,33556.6,10.0,-0.046,59671254100,LOCKED
54808,3042.654,-51783507118563,32991,94306,-29542.6,33663.9,9.4,-0.038,59671262645,LOCKED
54809,3043.654,-51783507165491,12920,74235,-29432.0,33015.3,9.4,-0.037,59671419061,LOCKED
54810,3044.655,-51783507214450,-7303,54012,-29385.6,32710.3,9.5,-0.030,59671462590,LOCKED
54811,3045.656,-51783507287641,-47034,14281,-29507.7,33186.9,9.5,-0.031,59671477482,LOCKED
54812,3046.655,-51783507257359,10363,71678,-29407.2,32600.1,9.6,-0.029,59671600244,LOCKED
54813,3047.654,-51783507335334,-35714,25601,-29470.2,32958.9,9.6,-0.028,59671614475,LOCKED
54814,3048.655,-51783507295668,32743,94058,-29491.4,32695.6,9.6,-0.027,59671747004,LOCKED
54815,3049.655,-51783507368266,-10529,50786,-29465.7,32547.7,9.7,-0.029,59671760713,LOCKED
54816,3050.655,-51783507446957,-54843,6472,-29615.8,33126.4,9.7,-0.029,59671779064,LOCKED
54817,3051.655,-51783507395371,24040,85355,-29541.8,33195.5,9.7,-0.034,59671917263,LOCKED
54818,3052.655,-51783507480311,-28514,32801,-29634.2,33258.8,9.7,-0.034,59671926642,LOCKED
54819,3053.656,-51783507437415,42427,103742,-29626.8,33353.7,9.9,-0.032,59672065923,LOCKED
54820,3054.655,-51783507474946,33759,95074,-29645.5,33121.8,10.0,-0.038,59672119280,LOCKED
54821,3055.655,-51783507554543,-16325,44990,-29611.7,32842.3,10.0,-0.038,59672126868,LOCKED
54822,3056.656,-51783507530927,34466,95781,-29549.4,33173.8,10.0,-0.037,59672130541,LOCKED
54823,3057.656,-51783507584277,11570,72885,-29613.2,32566.1,9.9,-0.028,59672277314,LOCKED
54824,3058.655,-51783507673013,-45772,15543,-29624.4,32720.3,10.0,-0.037,59672283614,LOCKED
54825,3059.655,-51783507644874,11641,72956,-29626.6,32711.6,9.9,-0.028,59672408518,LOCKED
54826,3060.656,-51783507713622,-27151,34164,-29597.6,32379.0,9.9,-0.019,59672457712,LOCKED
54827,3061.655,-51783507741178,-23678,37637,-29628.5,32527.9,9.7,-0.007,59672491151,LOCKED
54828,3062.656,-51783507797726,-45763,15552,-29789.9,32513.3,10.3,-0.010,59672527341,LOCKED
54829,3063.656,-51783507742856,35854,97169,-29700.0,32809.1,10.3,0.001,59672671639,LOCKED
54830,3064.657,-51783507796609,10720,72035,-29664.8,32816.7,10.4,-0.015,59672710211,LOCKED
54831,3065.656,-51783507858355,-18595,42720,-29769.8,32432.6,10.3,-0.024,59672734032,LOCKED
54832,3066.657,-51783507830582,35968,97283,-29683.2,32747.9,10.4,-0.015,59672740023,LOCKED
54833,3067.656,-51783507888362,8182,69497,-29712.2,32594.9,10.3,-0.043,59672888667,LOCKED
54834,3068.656,-51783507953552,-27049,34266,-29679.2,32204.7,10.1,-0.055,59672918651,LOCKED
54835,3069.656,-51783507906248,46515,107830,-29588.6,32810.7,10.2,-0.067,59672943050,LOCKED
54836,3070.656,-51783507963616,19088,80403,-29637.8,32284.3,10.2,-0.081,59673091494,LOCKED
54837,3071.656,-51783508030162,-17332,43983,-29632.8,32254.3,10.2,-0.085,59673114399,LOCKED
54838,3072.656,-51783508100972,-54003,7312,-29764.4,32953.8,10.2,-0.088,59673138102,LOCKED
54839,3073.656,-51783508063168,11345,72660,-29674.1,32536.2,10.2,-0.082,59673262098,LOCKED
54840,3074.656,-51783508108835,-2222,59093,-29789.8,31365.5,10.3,-0.089,59673308868,LOCKED
54841,3075.656,-51783508187674,-48171,13144,-29861.9,32026.2,9.9,-0.079,59673322190,LOCKED
54842,3076.657,-51783508142373,26677,87992,-29890.9,31692.2,9.9,-0.085,59673461534,LOCKED
54843,3077.657,-51783508202782,-4589,56726,-29846.5,31436.8,9.8,-0.080,59673494229,LOCKED
54844,3078.657,-51783508257777,-27627,33688,-29904.2,31651.7,9.8,-0.084,59673527939,LOCKED
54845,3079.657,-51783508211317,46846,108161,-29889.3,31862.4,9.5,-0.070,59673663586,LOCKED
54846,3080.657,-51783508292651,-5632,55683,-29829.1,31405.9,9.4,-0.068,59673673971,LOCKED
54847,3081.657,-51783508373014,-53636,7679,-29864.1,31913.8,9.5,-0.058,59673689052,LOCKED
54848,3082.657,-51783508323802,23807,85122,-29823.5,32077.0,9.5,-0.057,59673827385,LOCKED
54849,3083.657,-51783508387950,-9621,51694,-29851.5,32091.9,8.9,-0.057,59673856698,LOCKED
54850,3084.657,-51783508438077,-28498,32817,-29872.8,32248.0,8.9,-0.050,59673897531,LOCKED
54851,3085.657,-51783508400864,36668,97983,-29839.5,32541.8,8.7,-0.051,59673915978,LOCKED
54852,3086.657,-51783508464416,1552,62867,-29773.1,32166.2,8.7,-0.051,59674060665,LOCKED
54853,3087.657,-51783508550342,-50969,10346,-29866.7,32900.7,8.9,-0.056,59674068087,LOCKED
54854,3088.657,-51783508485522,41728,103043,-29838.4,33203.8,8.8,-0.054,59674218798,LOCKED
54855,3089.658,-51783508557081,1294,62609,-29903.9,32787.6,8.8,-0.054,59674238369,LOCKED
54856,3090.657,-51783508615891,-26459,34856,-29916.5,32880.1,8.9,-0.050,59674268755,LOCKED
54857,3091.657,-51783508675031,-51128,10187,-30055.2,33389.3,9.0,-0.047,59674298766,LOCKED
54858,3092.659,-51783508617889,35492,96807,-30086.0,32957.1,9.5,-0.038,59674451478,LOCKED
54859,3093.658,-51783508685825,-3206,58109,-30038.9,32706.3,9.5,-0.032,59674472097,LOCKED
54860,3094.657,-51783508703383,7660,68975,-29972.3,32462.4,9.6,-0.030,59674547841,LOCKED
54861,3095.658,-51783508718570,21914,83229,-29982.7,32378.4,9.4,-0.034,59674627228,LOCKED
54862,3096.658,-51783508817952,-45568,15747,-30001.0,32617.6,9.4,-0.035,59674635466,LOCKED
54863,3097.658,-51783508752774,45724,107039,-29886.1,33094.1,9.4,-0.036,59674661671,LOCKED
54864,3098.658,-51783508803872,23267,84582,-29863.7,33214.2,9.5,-0.036,59674816326,LOCKED
54865,3099.658,-51783508869676,-9935,51380,-29981.8,32313.5,9.6,-0.035,59674842658,LOCKED
54866,3100.658,-51783508934437,-42539,18776,-30017.8,32689.6,9.7,-0.034,59674870307,LOCKED
54867,3101.658,-51783508874391,45412,106727,-29989.6,33026.9,9.5,-0.041,59675021414,LOCKED
54868,3102.660,-51783508943364,4948,66263,-29925.1,32749.3,9.6,-0.044,59675045088,LOCKED
54869,3103.658,-51783509012528,-32635,28680,-29952.1,32964.7,9.6,-0.046,59675067251,LOCKED
54870,3104.659,-51783509061193,-47952,13363,-30039.2,33600.9,9.7,-0.042,59675110788,LOCKED
54871,3105.658,-51783509017228,25915,87230,-30075.6,33183.8,9.5,-0.050,59675243909,LOCKED
54872,3106.658,-51783509090204,-16258,45057,-30084.3,33221.6,9.6,-0.053,59675262632,LOCKED
54873,3107.658,-51783509059392,42948,104263,-30072.7,33366.3,9.8,-0.055,59675275533,LOCKED
54874,3108.658,-51783509108130,21624,82939,-29978.1,33205.4,9.8,-0.058,59675431246,LOCKED
54875,3109.658,-51783509185906,-24231,37084,-30033.2,33353.7,9.7,-0.052,59675442508,LOCKED
54876,3110.658,-51783509140864,49446,110761,-30046.9,33123.0,9.5,-0.064,59675581990,LOCKED
54877,3111.658,-51783509211014,7996,69311,-29994.0,33003.7,9.5,-0.067,59675599882,LOCKED
54878,3112.658,-51783509280768,-28667,32648,-30098.5,32965.8,9.4,-0.079,59675626349,LOCKED
54879,3113.659,-51783509227920,49454,110769,-29943.6,33226.1,9.4,-0.073,59675767315,LOCKED
54880,3114.659,-51783509261073,42045,103360,-29807.2,33361.6,9.3,-0.066,59675825550,LOCKED
54881,3115.659,-51783509331066,2073,63388,-29821.2,33334.9,9.3,-0.070,59675847504,LOCKED
54882,3116.659,-51783509404044,-39837,21478,-29816.0,33267.9,9.5,-0.050,59675864982,LOCKED
54883,3117.659,-51783509358036,32954,94269,-29721.8,33448.7,9.5,-0.046,59676004385,LOCKED
54884,3118.659,-51783509444937,-21463,39852,-29821.9,33225.4,9.4,-0.035,59676006452,LOCKED
54885,3119.659,-51783509426557,24363,85678,-29745.7,33288.7,9.5,-0.023,59676114849,LOCKED
54886,3120.659,-51783509486705,-5057,56258,-29785.6,33209.0,9.5,-0.013,59676147204,LOCKED
54887,3121.659,-51783509560485,-45299,16016,-29894.6,33696.0,9.6,-0.003,59676168446,LOCKED
54888,3122.659,-51783509513461,31107,92422,-29921.2,33372.2,9.1,0.026,59676303476,LOCKED
54889,3123.659,-51783509595796,-21133,40182,-29894.5,33129.4,8.9,0.042,59676312122,LOCKED
54890,3124.659,-51783509649316,-42324,18991,-29943.7,33568.3,8.7,0.077,59676352899,LOCKED
54891,3125.659,-51783509657509,-18634,40825,-30008.0,33574.3,8.7,0.084,59676433727,LOCKED
54892,3126.659,-51783509629082,35952,95411,-29878.7,33536.4,8.7,0.088,59676555740,LOCKED
54893,3127.659,-51783509684896,8905,68364,-29838.8,33505.6,8.5,0.095,59676594985,LOCKED
54894,3128.660,-51783509757858,-31319,28140,-29929.2,33662.4,8.5,0.100,59676606949,LOCKED
54895,3129.660,-51783509714036,37858,97317,-29767.3,33239.8,8.3,0.105,59676739759,LOCKED
54896,3130.660,-51783509781590,-1001,58458,-29713.0,32954.7,8.4,0.118,59676768594,LOCKED
54897,3131.660,-51783509851365,-38305,21154,-29784.8,33360.7,8.3,0.112,59676787402,LOCKED
54898,3132.659,-51783509798251,43201,102660,-29788.3,33311.6,8.4,0.115,59676935420,LOCKED
54899,3133.659,-51783509852415,16909,76368,-29722.2,33271.2,8.4,0.117,59676969098,LOCKED
54900,3134.660,-51783509874555,22669,82128,-29670.4,33400.3,8.2,0.113,59677038315,LOCKED
54901,3135.660,-51783509959346,-28974,30485,-29793.1,33167.1,8.2,0.115,59677057538,LOCKED
54902,3136.662,-51783510003497,-41521,17938,-29812.9,33391.9,8.0,0.110,59677090976,LOCKED
54903,3137.661,-51783509943874,44791,104250,-29734.0,33941.4,8.4,0.101,59677243480,LOCKED
54904,3138.660,-51783510018234,935,60394,-29773.4,33792.3,8.2,0.096,59677261114,LOCKED
54905,3139.660,-51783510077561,-28465,30994,-29733.5,33293.9,8.2,0.095,59677291407,LOCKED
54906,3140.660,-51783510031499,44180,103639,-29652.2,33828.8,8.5,0.088,59677430039,LOCKED
54907,3141.660,-51783510106495,473,59932,-29733.5,33226.1,8.5,0.088,59677442913,LOCKED
54908,3142.660,-51783510187023,-48013,11446,-29767.0,33631.7,8.5,0.085,59677455901,LOCKED
54909,3143.661,-51783510143384,23915,83374,-29734.2,33780.8,8.8,0.080,59677588516,LOCKED
54910,3144.660,-51783510187366,9875,69334,-29760.9,33635.2,8.9,0.078,59677637912,LOCKED
54911,3145.660,-51783510178983,43547,103006,-29613.5,33705.7,8.9,0.076,59677627393,LOCKED
54912,3146.660,-51783510244150,7110,66569,-29581.9,33686.9,9.0,0.075,59677765178,LOCKED
54913,3147.660,-51783510331288,-45685,13774,-29739.9,33718.2,9.0,0.068,59677772083,LOCKED
54914,3148.660,-51783510272852,38213,97672,-29593.3,33552.9,9.0,0.067,59677920218,LOCKED
54915,3149.660,-51783510346612,-5832,53627,-29589.5,33544.7,9.3,0.064,59677939905,LOCKED
54916,3150.661,-51783510415564,-41560,17899,-29699.0,33897.6,9.1,0.068,59677960557,LOCKED
54917,3151.660,-51783510369524,33732,93191,-29733.2,33432.2,9.2,0.070,59678099540,LOCKED
54918,3152.661,-51783510441480,-8975,50484,-29694.4,33186.6,9.2,0.077,59678119974,LOCKED
54919,3153.660,-51783510517480,-51510,7949,-29794.0,33908.1,9.2,0.082,59678133326,LOCKED
54920,3154.661,-51783510531953,-33993,25466,-29845.3,34214.8,9.2,0.087,59678207451,LOCKED
54921,3155.661,-51783510508114,17793,77252,-29781.7,34207.8,9.3,0.088,59678327352,LOCKED
54922,3156.661,-51783510601319,-41024,18435,-29939.8,34009.4,9.3,0.090,59678324209,LOCKED
54923,3157.661,-51783510565426,21826,81285,-29829.5,33679.5,9.3,0.092,59678450565,LOCKED
54924,3158.661,-51783510652995,-34359,25100,-29848.6,33851.9,9.3,0.088,59678457438,LOCKED
54925,3159.661,-51783510606179,39958,99417,-29799.8,34244.5,9.2,0.098,59678593975,LOCKED
54926,3160.662,-51783510693733,-15089,44370,-29907.8,33719.9,8.9,0.110,59678597837,LOCKED
54927,3161.661,-51783510670109,34619,94078,-29777.5,33616.7,9.0,0.115,59678723165,LOCKED
54928,3162.664,-51783510737893,-3317,56142,-29775.4,33614.1,9.0,0.111,59678755814,LOCKED
54929,3163.661,-51783510808256,-39893,19566,-29906.2,33720.2,8.9,0.116,59678784268,LOCKED
54930,3164.662,-51783510834236,-31718,27741,-30062.3,33091.8,9.0,0.114,59678867239,LOCKED
54931,3165.662,-51783510849371,-16086,43373,-30070.1,33126.2,8.9,0.120,59678901251,LOCKED
54932,3166.661,-51783510841359,21601,81060,-30086.7,32987.4,9.0,0.118,59679032713,LOCKED
54933,3167.662,-51783510918339,-24596,34863,-30079.9,32930.1,9.1,0.116,59679052789,LOCKED
54934,3168.662,-51783510940709,-16151,43308,-30089.1,32969.9,9.1,0.110,59679083488,LOCKED
54935,3169.662,-51783510893300,58578,118037,-30050.6,33549.7,9.4,0.090,59679110172,LOCKED
54936,3170.661,-51783510928704,48496,107955,-29898.9,33797.7,10.1,0.057,59679279840,LOCKED
54937,3171.662,-51783511003868,2949,62408,-29890.0,33798.8,10.1,0.060,59679297657,LOCKED
54938,3172.661,-51783511057054,-17775,41684,-29986.8,33500.9,10.2,0.033,59679333812,LOCKED
54939,3173.662,-51783511017070,47397,106856,-29829.8,33630.3,10.6,0.009,59679351478,LOCKED
54940,3174.662,-51783511032332,56487,115946,-29654.6,33986.0,10.6,0.014,59679428806,LOCKED
54941,3175.662,-51783511101125,15950,75409,-29612.4,34037.0,10.6,0.020,59679565275,LOCKED
54942,3176.662,-51783511171894,-22431,37028,-29711.5,33857.8,10.5,0.017,59679584183,LOCKED
54943,3177.662,-51783511127288,47231,106690,-29561.3,34062.2,10.3,0.015,59679718720,LOCKED
54944,3178.661,-51783511196262,7794,67253,-29573.1,34021.4,10.4,0.004,59679742545,LOCKED
54945,3179.663,-51783511270026,-35120,24339,-29577.4,34066.1,10.2,0.004,59679761970,LOCKED
54946,3180.662,-51783511226962,34977,94436,-29510.6,34393.0,10.2,0.006,59679894775,LOCKED
54947,3181.663,-51783511305163,-11499,47960,-29600.3,34004.4,10.1,-0.003,59679906541,LOCKED
54948,3182.662,-51783511379748,-53937,5522,-29635.6,34480.3,10.2,-0.010,59679922569,LOCKED
54949,3183.662,-51783511331065,23412,82871,-29627.0,34535.5,10.2,-0.007,59680061099,LOCKED
54950,3184.662,-51783511380371,4918,64377,-29693.4,34048.8,10.0,-0.005,59680104004,LOCKED
54951,3185.662,-51783511460764,-42000,17459,-29809.4,34367.3,9.8,-0.003,59680114619,LOCKED
54952,3186.663,-51783511430993,15406,74865,-29728.1,34173.8,9.8,0.006,59680233723,LOCKED
54953,3187.662,-51783511499504,-22108,37351,-29753.7,34290.1,9.6,0.008,59680258287,LOCKED
54954,3188.662,-51783511466056,39619,99078,-29747.2,34365.0,9.4,0.011,59680388099,LOCKED
54955,3189.662,-51783511538222,-3836,55623,-29689.8,34008.6,9.1,0.014,59680408290,LOCKED
54956,3190.663,-51783511591156,-25356,34103,-29732.4,34182.1,8.3,0.019,59680444466,LOCKED
54957,3191.663,-51783511548526,45275,104734,-29722.7,34308.1,8.4,0.016,59680467083,LOCKED
54958,3192.663,-51783511592682,27440,86899,-29601.1,34037.4,8.1,0.016,59680627863,LOCKED
54959,3193.663,-51783511660836,-11099,48360,-29583.4,33948.4,8.1,0.025,59680647976,LOCKED
54960,3194.663,-51783511697559,-18045,41414,-29562.8,33795.9,8.1,0.027,59680701929,LOCKED
54961,3195.662,-51783511759574,-46412,13047,-29686.3,34223.2,7.8,0.032,59680731642,LOCKED
54962,3196.662,-51783511708911,33125,92584,-29701.6,34047.0,7.7,0.035,59680871996,LOCKED
54963,3197.663,-51783511795481,-23725,35734,-29662.9,33629.6,7.7,0.035,59680879025,LOCKED
54964,3198.663,-51783511825531,-22658,36801,-29696.7,33766.9,7.7,0.037,59680893941,LOCKED
54965,3199.663,-51783511802329,29167,88626,-29692.5,33803.2,7.7,0.037,59681055521,LOCKED
54966,3200.663,-51783511868689,-8617,50842,-29623.2,33185.7,7.7,0.034,59681080465,LOCKED
54967,3201.663,-51783511944231,-51183,8276,-29702.8,33896.5,7.7,0.037,59681093788,LOCKED
54968,3202.663,-51783511892387,29937,89396,-29731.7,33552.0,7.7,0.038,59681237159,LOCKED
54969,3203.664,-51783511954407,-3024,56435,-29693.6,33385.5,7.8,0.035,59681267099,LOCKED
54970,3204.663,-51783511988282,-7140,52319,-29684.9,33359.1,7.8,0.034,59681325130,LOCKED
54971,3205.663,-51783511955881,49681,109140,-29508.8,33329.4,7.7,0.037,59681337152,LOCKED
54972,3206.663,-51783512006622,25919,85378,-29427.6,33400.2,7.7,0.041,59681490225,LOCKED
54973,3207.663,-51783512097824,-32358,27101,-29545.7,33351.5,8.0,0.039,59681495944,LOCKED
54974,3208.663,-51783512150388,-53423,6036,-29552.7,33465.1,8.0,0.043,59681529896,LOCKED
54975,3209.664,-51783512109502,15685,75144,-29513.3,33520.3,8.0,0.040,59681665382,LOCKED
54976,3210.663,-51783512187470,-29584,29875,-29620.7,33485.2,8.0,0.044,59681677539,LOCKED
54977,3211.665,-51783512147007,36508,95967,-29485.3,33395.1,8.2,0.040,59681808406,LOCKED
54978,3212.663,-51783512223367,-9772,49687,-29498.2,33419.8,8.0,0.028,59681819962,LOCKED
54979,3213.664,-51783512197157,44425,103884,-29497.9,33423.4,7.9,0.023,59681827691,LOCKED
54980,3214.664,-51783512225474,43665,103124,-29475.3,33687.5,7.9,0.018,59681890466,LOCKED
54981,3215.664,-51783512281276,15478,74937,-29409.6,33620.8,7.9,0.013,59682039114,LOCKED
54982,3216.664,-51783512373691,-43112,16347,-29554.9,33697.5,8.0,0.018,59682036737,LOCKED
54983,3217.664,-51783512332821,24822,84281,-29473.8,33740.5,7.9,0.023,59682170116,LOCKED
54984,3218.664,-51783512405617,-16153,43306,-29562.3,33489.3,8.0,0.018,59682186988,LOCKED
54985,3219.664,-51783512480141,-58445,1014,-29596.2,34004.6,7.9,0.014,59682205839,LOCKED
54986,3220.664,-51783512432140,18514,77973,-29595.6,34007.6,8.1,0.040,59682346048,LOCKED
54987,3221.664,-51783512498704,-18401,41058,-29567.6,33777.8,8.0,0.035,59682367091,LOCKED
54988,3222.664,-51783512571260,-57328,2131,-29671.7,34662.1,8.1,0.028,59682385707,LOCKED
54989,3223.664,-51783512518441,25025,84484,-29706.7,34289.1,8.3,0.051,59682532247,LOCKED
54990,3224.664,-51783512568720,5612,65071,-29773.0,33785.9,8.2,0.045,59682576289,LOCKED
54991,3225.664,-51783512643523,-35800,23659,-29891.3,33862.2,8.3,0.042,59682589393,LOCKED
54992,3226.664,-51783512596275,38558,98017,-29818.8,34262.6,8.3,0.035,59682729441,LOCKED
54993,3227.664,-51783512659266,6463,65922,-29882.6,33777.0,8.3,0.027,59682756437,LOCKED
54994,3228.664,-51783512716229,-18008,41451,-29980.9,33468.9,8.3,0.028,59682790378,LOCKED
54995,3229.664,-51783512686406,37876,97335,-29851.2,33506.1,8.2,0.032,59682801552,LOCKED
54996,3230.664,-51783512724164,26875,86334,-29743.9,33379.8,7.7,0.036,59682965230,LOCKED
54997,3231.665,-51783512785942,-4566,54893,-29765.4,33369.1,7.8,0.046,59682992551,LOCKED
54998,3232.664,-51783512846334,-31843,27616,-29877.1,33369.2,7.7,0.047,59683027385,LOCKED
54999,3233.664,-51783512879167,-33692,25767,-29875.3,33350.6,7.1,0.049,59683055568,LOCKED
55000,3234.665,-51783512924290,-47440,12019,-29870.0,33267.7,7.3,0.056,59683129575,LOCKED
55001,3235.664,-51783512863457,40003,99462,-29776.4,33659.2,7.4,0.063,59683283655,LOCKED
55002,3236.665,-51783512916475,16512,75971,-29791.7,33559.3,7.4,0.062,59683320288,LOCKED
55003,3237.665,-51783512979467,-17203,42256,-29737.7,33003.2,7.4,0.062,59683348964,LOCKED
55004,3238.665,-51783513033065,-38775,20684,-29785.5,33384.2,7.4,0.067,59683385363,LOCKED
55005,3239.665,-51783512979417,42857,102316,-29768.4,33588.6,7.4,0.066,59683531903,LOCKED
55006,3240.665,-51783513034409,15187,74646,-29673.4,33233.0,7.5,0.071,59683568119,LOCKED
55007,3241.665,-51783513108984,-27572,31887,-29732.8,33432.3,7.6,0.064,59683586476,LOCKED
55008,3242.665,-51783513052563,56525,115984,-29725.9,33551.0,7.7,0.057,59683619050,LOCKED
55009,3243.665,-51783513102449,33193,92652,-29625.2,33692.6,7.7,0.057,59683771869,LOCKED
55010,3244.665,-51783513150582,13484,72943,-29588.7,33727.5,7.8,0.061,59683816635,LOCKED
55011,3245.665,-51783513216789,-20215,38230,-29698.5,33344.9,8.0,0.057,59683841518,LOCKED
55012,3246.665,-51783513190567,32938,91383,-29617.3,33594.5,7.8,0.060,59683846250,LOCKED
55013,3247.665,-51783513223938,28067,86512,-29609.2,33660.1,7.8,0.060,59684014660,LOCKED
55014,3248.665,-51783513300684,-19130,39315,-29574.3,33342.1,7.9,0.058,59684032032,LOCKED
55015,3249.665,-51783513373436,-58205,240,-29679.1,34265.4,8.1,0.056,59684048838,LOCKED
55016,3250.666,-51783513339634,5833,64278,-29716.2,34078.1,8.1,0.056,59684177764,LOCKED
55017,3251.666,-51783513415170,-38843,19602,-29707.7,33969.7,8.0,0.054,59684192554,LOCKED
55018,3252.666,-51783513372524,30302,88747,-29600.4,33959.9,7.9,0.051,59684327529,LOCKED
55019,3253.666,-51783513444078,-10746,47699,-29627.0,33985.9,7.7,0.056,59684346423,LOCKED
55020,3254.666,-51783513485017,-20217,38228,-29683.9,34056.2,7.6,0.057,59684398551,LOCKED
55021,3255.666,-51783513455862,37648,96093,-29698.7,33863.5,7.8,0.060,59684405965,LOCKED
55022,3256.666,-51783513518178,3624,62069,-29635.6,33580.5,7.8,0.061,59684548134,LOCKED
55023,3257.666,-51783513594138,-39184,19261,-29743.2,33865.8,7.8,0.063,59684562837,LOCKED
55024,3258.667,-51783513545320,37664,96109,-29721.7,34075.4,7.8,0.064,59684704601,LOCKED
55025,3259.666,-51783513619893,-7623,50822,-29687.6,33892.3,7.9,0.060,59684715868,LOCKED
55026,3260.666,-51783513694873,-49208,9237,-29787.9,34527.7,7.8,0.055,59684733557,LOCKED
55027,3261.666,-51783513645645,29738,88183,-29834.0,33919.6,7.8,0.057,59684874208,LOCKED
55028,3262.666,-51783513714403,-9348,49097,-29810.5,33801.9,7.7,0.051,59684893899,LOCKED
55029,3263.666,-51783513787737,-49162,9283,-29911.0,34437.0,7.6,0.045,59684917227,LOCKED
55030,3264.666,-51783513722504,43474,101919,-29860.1,34884.2,7.6,0.046,59685076416,LOCKED
55031,3265.667,-51783513796297,-2041,56404,-29778.9,34261.8,7.6,0.048,59685087192,LOCKED
55032,3266.666,-51783513869643,-43665,14780,-29801.7,34520.6,8.2,0.047,59685106841,LOCKED
55033,3267.666,-51783513848764,7564,66009,-29841.2,34292.5,8.1,0.057,59685224537,LOCKED
55034,3268.667,-51783513895736,-7121,51324,-29949.6,33492.5,8.0,0.048,59685265532,LOCKED
55035,3269.667,-51783513956041,-35443,23002,-29990.6,33796.7,8.2,0.047,59685298229,LOCKED
55036,3270.667,-51783513903816,44942,103387,-29975.4,33987.4,8.2,0.049,59685441889,LOCKED
55037,3271.667,-51783513972337,4874,63319,-29908.7,33693.6,8.0,0.058,59685465548,LOCKED
55038,3272.667,-51783514035914,-26563,31882,-29974.1,33854.6,7.9,0.040,59685494113,LOCKED
55039,3273.667,-51783514080344,-39809,18636,-29967.3,33765.5,8.0,0.053,59685638334,LOCKED
55040,3274.667,-51783514120593,-48400,10045,-29969.8,33802.1,8.0,0.065,59685595235,LOCKED
55041,3275.667,-51783514073987,25587,84032,-29885.1,33840.1,7.9,0.047,59685729814,LOCKED
55042,3276.667,-51783514149566,-17555,40890,-29981.3,33542.9,7.8,0.027,59685748325,LOCKED
55043,3277.667,-51783514198068,-34740,23705,-29989.1,33622.3,7.9,0.038,59685770117,LOCKED
55044,3278.667,-51783514157151,34203,92648,-29949.6,33904.8,7.8,0.029,59685926421,LOCKED
55045,3279.667,-51783514227297,-3743,54702,-30054.0,33050.7,7.9,0.039,59685946426,LOCKED
55046,3280.667,-51783514290871,-35448,22997,-30084.2,33307.6,7.8,0.032,59685974120,LOCKED
55047,3281.667,-51783514236023,46875,105320,-30034.0,33819.7,7.9,0.040,59686007904,LOCKED
55048,3282.667,-51783514282382,30575,89020,-30086.2,33072.8,7.6,0.038,59686162829,LOCKED
55049,3283.667,-51783514356718,-13433,45012,-30075.7,33017.8,7.6,0.043,59686180627,LOCKED
55050,3284.667,-51783514397871,-22920,35525,-30115.7,33164.2,7.6,0.040,59686232390,LOCKED
55051,3285.668,-51783514361875,41897,100342,-30121.9,33079.1,7.4,0.038,59686357800,LOCKED
55052,3286.667,-51783514446024,-12352,46093,-30090.4,32864.9,7.4,0.035,59686365380,LOCKED
55053,3287.668,-51783514403758,56133,114578,-29993.6,33737.1,7.4,0.032,59686501519,LOCKED
55054,3288.668,-51783514478184,11805,70250,-30018.4,33590.7,7.7,0.023,59686518733,LOCKED
55055,3289.668,-51783514561936,-40285,18160,-30032.1,33745.9,7.7,0.021,59686525443,LOCKED
55056,3290.668,-51783514517471,31134,89579,-29932.6,33831.6,8.0,0.013,59686657499,LOCKED
55057,3291.668,-51783514599016,-19035,39410,-29971.8,33927.2,7.9,0.012,59686670573,LOCKED
55058,3292.668,-51783514557179,50499,108944,-29944.1,34291.2,7.9,0.011,59686804817,LOCKED
55059,3293.668,-51783514632341,6210,64655,-30000.2,33907.2,7.9,0.010,59686822835,LOCKED
55060,3294.668,-51783514676476,-5551,52894,-30107.7,33059.8,7.8,0.010,59686866166,LOCKED
55061,3295.668,-51783514640221,55820,114265,-29955.3,33653.5,7.7,0.010,59686995406,LOCKED
55062,3296.668,-51783514713031,11715,70160,-29913.3,33650.3,7.9,0.005,59687019380,LOCKED
55063,3297.668,-51783514784131,-26901,31544,-29994.9,33743.1,8.1,0.001,59687034225,LOCKED
55064,3298.669,-51783514741505,44264,102709,-29997.1,33712.0,8.1,-0.001,59687172075,LOCKED
55065,3299.669,-51783514812503,1834,60279,-29929.8,33346.1,8.1,-0.002,59687191743,LOCKED
55066,3300.669,-51783514789066,51142,109587,-29815.5,34008.0,8.0,0.001,59687192980,LOCKED
55067,3301.668,-51783514830372,38002,96447,-29797.7,34188.2,7.8,-0.003,59687356455,LOCKED
55068,3302.669,-51783514909158,-12196,46249,-29717.9,33318.0,7.6,-0.007,59687370943,LOCKED
55069,3303.669,-51783514883360,39131,97576,-29577.1,33272.9,7.6,-0.008,59687380154,LOCKED
55070,3304.668,-51783514917879,31070,89515,-29475.5,33340.4,7.6,-0.002,59687435215,LOCKED
55071,3305.669,-51783514993655,-14010,44435,-29512.2,33381.5,7.4,-0.007,59687575280,LOCKED
55072,3306.670,-51783515056010,-45402,13043,-29507.9,33318.1,7.4,-0.008,59687590220,LOCKED
55073,3307.669,-51783515035436,2852,61297,-29422.7,32737.2,7.4,-0.009,59687721571,LOCKED
55074,3308.670,-51783515108234,-37943,20502,-29486.3,33139.4,7.3,-0.013,59687758246,LOCKED
55075,3309.670,-51783515130401,-27205,31240,-29609.2,32833.3,7.1,-0.020,59687784802,LOCKED
55076,3310.670,-51783515090197,39284,97729,-29511.1,33187.2,7.1,-0.022,59687806153,LOCKED
55077,3311.670,-51783515134355,23930,82375,-29516.2,33146.0,7.1,-0.023,59687965688,LOCKED
55078,3312.670,-51783515212561,-24627,33818,-29481.7,32766.6,7.2,-0.025,59687978285,LOCKED
55079,3313.669,-51783515168533,45556,104001,-29394.1,33340.0,7.2,-0.027,59688001199,LOCKED
55080,3314.670,-51783515199307,41476,99921,-29330.4,33805.1,7.1,-0.029,59688059882,LOCKED
55081,3315.669,-51783515271704,-3301,55144,-29240.8,32990.4,7.6,-0.024,59688190964,LOCKED
55082,3316.669,-51783515347833,-47760,10685,-29280.7,33449.7,7.6,-0.027,59688205452,LOCKED
55083,3317.669,-51783515305219,23286,81731,-29277.8,33470.3,7.6,-0.029,59688340993,LOCKED
55084,3318.670,-51783515380533,-23130,35315,-29220.5,32752.3,7.6,-0.032,59688356352,LOCKED
55085,3319.670,-51783515458319,-67484,0,-29315.1,33960.7,8.0,-0.029,59688369194,LOCKED
55086,3320.670,-51783515418276,2873,70357,-29369.1,33654.5,8.1,-0.035,59688502581,LOCKED
55087,3321.669,-51783515497604,-45448,22036,-29373.8,33720.1,8.1,-0.043,59688515192,LOCKED
55088,3322.671,-51783515461606,18471,85955,-29333.2,33807.2,8.2,-0.029,59688642209,LOCKED
55089,3323.670,-51783515530344,-18295,49189,-29432.5,33496.7,8.7,-0.002,59688664795,LOCKED
55090,3324.670,-51783515574665,-32793,34691,-29397.0,33015.1,8.8,0.005,59688709943,LOCKED
55091,3325.670,-51783515538040,30696,98180,-29323.6,33242.7,8.8,-0.004,59688839841,LOCKED
55092,3326.670,-51783515613832,-13714,53770,-29402.0,33027.7,8.4,0.029,59688851984,LOCKED
55093,3327.670,-51783515592036,34492,101976,-29312.3,33281.6,8.3,0.037,59688852823,LOCKED
55094,3328.670,-51783515641356,13497,80981,-29286.3,33331.5,8.3,0.029,59689006345,LOCKED
55095,3329.670,-51783515707106,-20504,46980,-29373.2,33213.7,8.2,0.040,59689031179,LOCKED
55096,3330.671,-51783515681316,30747,98231,-29232.0,32785.8,8.2,0.048,59689036410,LOCKED
55097,3331.671,-51783515745891,-4799,62685,-29214.1,32728.6,8.3,0.055,59689174284,LOCKED
55098,3332.673,-51783515814401,-40612,26872,-29317.6,33095.3,8.3,0.049,59689199402,LOCKED
55099,3333.671,-51783515873777,-64865,2619,-29495.0,33890.9,8.3,0.043,59689232196,LOCKED
55100,3334.671,-51783515807532,30597,98081,-29532.3,33409.8,8.2,0.047,59689389427,LOCKED
55101,3335.671,-51783515892660,-24098,43386,-29536.5,33439.6,8.2,0.043,59689395541,LOCKED
55102,3336.671,-51783515869243,27768,95252,-29529.3,33497.9,8.3,0.039,59689395073,LOCKED
55103,3337.671,-51783515932640,-4261,63223,-29612.6,32983.2,8.2,0.035,59689534794,LOCKED
55104,3338.672,-51783516004214,-44019,23465,-29647.6,33360.6,8.1,0.032,59689554923,LOCKED
55105,3339.672,-51783515981844,8022,75506,-29662.1,33304.8,8.1,0.030,59689694230,LOCKED
55106,3340.671,-51783516063206,-39135,28349,-29820.3,33005.4,8.1,0.028,59689720336,LOCKED
55107,3341.672,-51783516091816,-36414,31070,-29833.9,33146.2,8.2,0.020,59689741776,LOCKED
55108,3342.676,-51783516041171,40772,108256,-29739.9,33560.3,8.3,0.018,59689881969,LOCKED
55109,3343.671,-51783516130099,-16237,51247,-29820.0,33394.4,8.2,0.018,59689882457,LOCKED
55110,3344.671,-51783516170246,-23391,44093,-29937.1,33023.6,8.2,0.016,59689935718,LOCKED
55111,3345.672,-51783516130303,42843,110327,-29829.2,33436.0,8.4,0.010,59689955942,LOCKED
55112,3346.672,-51783516176439,25904,93388,-29841.3,33324.2,8.4,0.009,59690113826,LOCKED
55113,3347.671,-51783516245779,-13976,53508,-29799.2,32977.9,8.4,0.008,59690135781,LOCKED
55114,3348.672,-51783516317133,-51768,15716,-29898.0,33713.3,8.2,0.005,59690156634,LOCKED
55115,3349.673,-51783516267331,28134,95618,-29954.8,32917.6,8.2,0.004,59690292365,LOCKED
55116,3350.671,-51783516328709,-3431,64053,-29942.1,32889.1,8.2,-0.004,59690322958,LOCKED
55117,3351.672,-51783516388261,-29548,37936,-30064.6,32677.3,8.2,-0.005,59690355582,LOCKED
55118,3352.672,-51783516335605,48791,116275,-29930.5,33129.1,8.2,-0.006,59690498940,LOCKED
55119,3353.671,-51783516405163,9029,76513,-29938.9,33098.4,8.3,-0.004,59690521726,LOCKED
55120,3354.671,-51783516444712,412,67896,-29988.5,32868.5,8.4,-0.003,59690573351,LOCKED
55121,3355.673,-51783516414306,55667,123151,-29828.5,33378.7,8.6,-0.007,59690582661,LOCKED
55122,3356.672,-51783516476892,21517,89001,-29795.9,33504.0,8.4,-0.010,59690725105,LOCKED
55123,3357.672,-51783516545842,-15034,52450,-29898.9,33037.8,8.2,-0.017,59690746601,LOCKED
55124,3358.671,-51783516511482,45181,112665,-29775.3,33427.0,7.9,-0.023,59690759333,LOCKED
55125,3359.672,-51783516578176,8145,75629,-29783.1,33401.7,8.0,-0.024,59690896978,LOCKED
55126,3360.673,-51783516654559,-37289,30195,-29778.3,33342.6,8.1,-0.025,59690914224,LOCKED
55127,3361.672,-51783516602729,40437,107921,-29654.8,33545.6,8.1,-0.027,59691054029,LOCKED
55128,3362.675,-51783516670908,2310,69794,-29678.1,33479.9,8.1,-0.030,59691079601,LOCKED
55129,3363.672,-51783516742460,-38286,29198,-29677.1,33468.0,8.1,-0.033,59691099129,LOCKED
55130,3364.673,-51783516777972,-42430,25054,-29689.6,33619.5,8.1,-0.029,59691153688,LOCKED
55131,3365.672,-51783516726622,36425,103909,-29642.9,33955.4,8.1,-0.032,59691184915,LOCKED
55132,3366.673,-51783516780548,12749,80233,-29694.0,33520.2,8.1,-0.036,59691335824,LOCKED
55133,3367.673,-51783516866935,-41284,26200,-29756.0,33976.2,8.1,-0.040,59691339603,LOCKED
55134,3368.672,-51783516845757,10295,77779,-29804.9,33607.3,8.1,-0.036,59691467754,LOCKED
55135,3369.674,-51783516919903,-30737,36747,-29916.4,33570.6,8.2,-0.043,59691498787,LOCKED
55136,3370.674,-51783516951460,-31403,36081,-29912.0,33525.7,8.2,-0.050,59691529478,LOCKED
55137,3371.673,-51783516902414,43766,111250,-29798.6,33930.0,8.5,-0.061,59691669517,LOCKED
55138,3372.673,-51783516970430,6005,73489,-29831.0,33776.4,8.8,-0.062,59691692390,LOCKED
55139,3373.675,-51783517041172,-34232,33252,-29807.1,33469.3,8.8,-0.075,59691713690,LOCKED
55140,3374.673,-51783517077317,-39566,27918,-29790.5,33237.9,8.8,-0.065,59691766974,LOCKED
55141,3375.674,-51783517025235,39276,106760,-29706.9,33643.8,9.0,-0.012,59691912772,LOCKED
55142,3376.673,-51783517098398,-2708,64776,-29774.9,33288.1,9.0,-0.010,59691929952,LOCKED
55143,3377.673,-51783517160643,-34015,33469,-29775.3,33293.0,9.3,0.007,59691959512,LOCKED
55144,3378.674,-51783517112942,40990,108474,-29722.1,33724.1,9.3,0.007,59692096028,LOCKED
55145,3379.674,-51783517194318,-8038,59446,-29837.9,32809.9,9.0,0.040,59692107993,LOCKED
55146,3380.673,-51783517261712,-42881,24603,-29899.8,33306.8,9.0,0.044,59692130833,LOCKED
55147,3381.673,-51783517212685,35130,102614,-29913.4,33139.4,8.8,0.066,59692269206,LOCKED
55148,3382.673,-51783517281672,-4398,63086,-29883.7,33018.1,8.8,0.067,59692293141,LOCKED
55149,3383.674,-51783517240646,62727,130211,-29802.1,34028.1,8.5,0.065,59692313084,LOCKED
55150,3384.674,-51783517282770,48115,115599,-29769.7,34415.5,8.5,0.067,59692363787,LOCKED
55151,3385.674,-51783517343735,14605,82089,-29680.2,34115.7,8.5,0.070,59692504916,LOCKED
55152,3386.673,-51783517415313,-25298,42186,-29736.2,34276.4,8.6,0.081,59692525600,LOCKED
55153,3387.674,-51783517380060,35659,103143,-29597.3,34108.0,8.6,0.083,59692653636,LOCKED
55154,3388.673,-51783517438881,5079,72563,-29539.1,33900.5,8.7,0.093,59692682193,LOCKED
55155,3389.674,-51783517514220,-37874,29610,-29615.9,34278.9,8.7,0.094,59692697877,LOCKED
55156,3390.674,-51783517465613,36135,103619,-29468.9,34017.4,8.8,0.102,59692841345,LOCKED
55157,3391.674,-51783517536164,-5198,62286,-29447.9,33944.5,8.9,0.109,59692858664,LOCKED
55158,3392.675,-51783517603918,-39980,27504,-29554.6,34259.0,9.0,0.116,59692881602,LOCKED
55159,3393.674,-51783517556273,36584,104068,-29584.3,33844.7,9.0,0.115,59693021814,LOCKED
55160,3394.674,-51783517598006,21518,89002,-29476.7,33536.8,9.0,0.116,59693071119,LOCKED
55161,3395.674,-51783517679192,-27819,39665,-29547.0,33707.8,9.0,0.120,59693080109,LOCKED
55162,3396.675,-51783517648158,29336,96820,-29427.4,33529.8,9.0,0.119,59693201865,LOCKED
55163,3397.674,-51783517725719,-17863,49621,-29443.6,33596.9,9.1,0.123,59693211679,LOCKED
55164,3398.675,-51783517696850,38937,106421,-29434.1,33704.3,9.1,0.126,59693334429,LOCKED
55165,3399.674,-51783517780812,-15154,52330,-29430.3,33685.0,9.2,0.129,59693340099,LOCKED
55166,3400.674,-51783517841573,-42331,25153,-29564.1,33859.7,9.2,0.131,59693371913,LOCKED
55167,3401.675,-51783517876795,-43640,23844,-29705.2,34008.1,8.9,0.126,59693518922,LOCKED
55168,3402.675,-51783517858715,2563,70047,-29631.7,33586.9,8.8,0.124,59693540057,LOCKED
55169,3403.674,-51783517921261,-27808,39676,-29710.4,33718.8,8.8,0.125,59693565919,LOCKED
55170,3404.675,-51783517937606,-12513,54971,-29784.4,33519.7,8.9,0.125,59693642898,LOCKED
55171,3405.675,-51783517997059,-40689,26795,-29790.0,33588.0,8.5,0.121,59693673832,LOCKED
55172,3406.674,-51783517935009,47080,114564,-29668.3,34056.4,8.9,0.123,59693826686,LOCKED
55173,3407.676,-51783517996561,14679,82163,-29667.3,34060.8,8.9,0.122,59693855115,LOCKED
55174,3408.676,-51783518067153,-22664,44820,-29805.7,33335.2,8.9,0.120,59693879831,LOCKED
55175,3409.675,-51783518122319,-45522,21962,-29852.8,33809.1,9.2,0.119,59693911697,LOCKED
55176,3410.675,-51783518063475,40808,108292,-29804.5,34213.1,8.8,0.111,59694065666,LOCKED
55177,3411.677,-51783518145655,-9400,58084,-29895.4,33748.3,8.8,0.107,59694071963,LOCKED
55178,3412.675,-51783518107821,53309,120793,-29737.3,34151.9,8.7,0.103,59694091923,LOCKED
55179,3413.675,-51783518162967,26037,93521,-29689.1,34333.8,8.7,0.103,59694240321,LOCKED
55180,3414.675,-51783518195081,22322,89806,-29662.9,34452.9,8.7,0.103,59694301335,LOCKED
55181,3415.675,-51783518278418,-31080,36404,-29624.5,33956.4,8.2,0.090,59694309192,LOCKED
55182,3416.676,-51783518235005,38476,105960,-29517.4,34218.7,8.2,0.090,59694444815,LOCKED
55183,3417.676,-51783518302613,823,68307,-29540.3,34166.9,8.1,0.082,59694465794,LOCKED
55184,3418.675,-51783518380807,-46356,21128,-29535.5,34096.7,7.9,0.074,59694477604,LOCKED
55185,3419.676,-51783518329769,31536,99020,-29456.3,34314.4,8.0,0.074,59694619162,LOCKED
55186,3420.676,-51783518411527,-18376,49108,-29543.1,34143.6,8.0,0.072,59694633483,LOCKED
55187,3421.677,-51783518381654,36792,104276,-29395.5,33902.1,8.1,0.070,59694639107,LOCKED
55188,3422.675,-51783518446440,870,68354,-29370.9,33854.9,7.9,0.056,59694779300,LOCKED
55189,3423.676,-51783518516610,-36398,31086,-29483.8,34001.4,7.7,0.043,59694798743,LOCKED
55190,3424.676,-51783518564696,-50180,17304,-29637.2,34305.5,7.5,0.025,59694840977,LOCKED
55191,3425.676,-51783518570673,-26105,41379,-29614.1,34072.8,7.2,0.013,59694927161,LOCKED
55192,3426.676,-51783518556909,15590,83074,-29557.3,34062.3,7.2,0.014,59695030105,LOCKED
55193,3427.676,-51783518642871,-36883,30601,-29689.2,34033.0,7.2,-0.002,59695037287,LOCKED
55194,3428.676,-51783518598208,34747,102231,-29613.2,34338.9,7.2,-0.017,59695173623,LOCKED
55195,3429.676,-51783518673993,-9545,57939,-29689.8,34049.4,7.1,-0.032,59695188644,LOCKED
55196,3430.676,-51783518746795,-47942,19542,-29841.7,34265.3,7.0,-0.048,59695208352,LOCKED
55197,3431.676,-51783518698573,26970,94454,-29731.7,34116.3,7.1,-0.036,59695344933,LOCKED
55198,3432.677,-51783518778532,-21776,45708,-29768.3,34244.0,7.2,-0.023,59695357536,LOCKED
55199,3433.677,-51783518738690,46082,113566,-29758.9,34368.6,7.1,-0.043,59695376373,LOCKED
55200,3434.676,-51783518775460,38140,105624,-29776.7,34131.7,7.1,-0.045,59695430177,LOCKED
55201,3435.676,-51783518831809,9765,77249,-29704.3,33887.8,7.0,-0.050,59695578935,LOCKED
55202,3436.676,-51783518903822,-30115,37369,-29773.6,34109.9,7.0,-0.052,59695595695,LOCKED
55203,3437.678,-51783518853548,48138,115622,-29765.6,34222.9,7.1,-0.046,59695739750,LOCKED
55204,3438.676,-51783518918116,11382,78866,-29688.5,33970.9,7.0,-0.049,59695764618,LOCKED
55205,3439.676,-51783518977492,-16567,48298,-29746.4,33972.1,7.0,-0.051,59695797157,LOCKED
55206,3440.677,-51783519036010,-40530,24335,-29915.3,33569.8,6.6,-0.053,59695833376,LOCKED
55207,3441.677,-51783518972056,49278,114143,-29797.7,34144.9,6.6,-0.055,59695876784,LOCKED
55208,3442.676,-51783519011586,37588,102453,-29764.1,34433.7,6.5,-0.057,59696039891,LOCKED
55209,3443.677,-51783519087575,-9824,55041,-29689.3,33715.5,6.5,-0.060,59696058968,LOCKED
55210,3444.677,-51783519114295,-7853,57012,-29627.1,33215.6,6.5,-0.062,59696119559,LOCKED
55211,3445.677,-51783519085375,46908,111773,-29519.1,33761.9,6.4,-0.064,59696129892,LOCKED
55212,3446.677,-51783519140481,20756,85621,-29526.0,33713.5,6.4,-0.066,59696277496,LOCKED
55213,3447.678,-51783519234891,-42563,22302,-29531.9,33789.7,6.4,-0.063,59696277678,LOCKED
55214,3448.677,-51783519182058,36845,101710,-29447.9,34125.1,6.4,-0.064,59696307217,LOCKED
55215,3449.677,-51783519235386,13213,78078,-29482.2,33881.7,6.4,-0.067,59696457164,LOCKED
55216,3450.678,-51783519311948,-33116,31749,-29463.9,33663.6,6.4,-0.067,59696470143,LOCKED
55217,3451.678,-51783519277942,28237,93102,-29406.9,33876.3,6.7,-0.072,59696482062,LOCKED
55218,3452.677,-51783519343270,-6093,58772,-29475.0,33593.4,6.7,-0.072,59696620324,LOCKED
55219,3453.679,-51783519424258,-55256,9609,-29498.4,33948.1,6.7,-0.071,59696629663,LOCKED
55220,3454.678,-51783519449031,-48264,16601,-29529.4,34324.5,6.7,-0.071,59696698026,LOCKED
55221,3455.679,-51783519453735,-21226,43639,-29602.8,34330.9,7.1,-0.065,59696787577,LOCKED
55222,3456.678,-51783519426174,32341,97206,-29479.9,34228.2,7.1,-0.065,59696791893,LOCKED
55223,3457.678,-51783519491674,-3222,61643,-29497.0,34219.6,7.5,-0.060,59696927194,LOCKED
55224,3458.677,-51783519573857,-53982,10883,-29501.7,34296.1,8.5,-0.053,59696937525,LOCKED
55225,3459.678,-51783519534016,14413,79278,-29479.1,34351.3,8.5,-0.051,59697068861,LOCKED
55226,3460.678,-51783519615403,-33977,30888,-29595.5,34379.1,8.8,-0.047,59697075949,LOCKED
55227,3461.678,-51783519569170,40514,105379,-29597.3,34357.4,8.8,-0.050,59697213827,LOCKED
55228,3462.679,-51783519650875,-10998,53867,-29608.3,34383.8,9.0,-0.052,59697225371,LOCKED
55229,3463.678,-51783519721434,-47628,17237,-29741.3,34775.5,9.7,-0.048,59697243780,LOCKED
55230,3464.678,-51783519665575,36121,100986,-29710.5,35029.4,9.9,-0.046,59697280216,LOCKED
55231,3465.678,-51783519732958,159,65024,-29794.9,34410.4,10.6,-0.044,59697415884,LOCKED
55232,3466.678,-51783519806505,-42099,22766,-29798.2,34452.0,10.6,-0.036,59697434566,LOCKED
55233,3467.678,-51783519758338,33209,98074,-29722.9,34720.6,11.2,-0.035,59697572801,LOCKED
55234,3468.678,-51783519833669,-10618,54247,-29792.8,34522.7,11.7,-0.035,59697589857,LOCKED
55235,3469.678,-51783519795611,55412,120277,-29795.6,34473.8,12.1,-0.027,59697605308,LOCKED
55236,3470.678,-51783519851217,26690,91555,-29696.9,34429.9,12.3,-0.028,59697755753,LOCKED
55237,3471.678,-51783519923205,-13924,50941,-29756.2,34376.1,12.4,-0.029,59697769121,LOCKED
55238,3472.678,-51783519897379,37421,102286,-29610.2,34187.4,12.8,-0.032,59697776934,LOCKED
55239,3473.678,-51783519946122,16271,81136,-29538.1,34092.3,12.9,-0.046,59697932588,LOCKED
55240,3474.678,-51783519984060,6540,71405,-29483.5,33940.3,12.8,-0.062,59697985099,LOCKED
55241,3475.679,-51783520057309,-33893,30972,-29590.9,34049.1,12.9,-0.068,59698003107,LOCKED
55242,3476.678,-51783520004102,44306,109171,-29438.6,34090.4,12.8,-0.090,59698036117,LOCKED
55243,3477.678,-51783520056644,19527,84392,-29388.8,34172.0,12.9,-0.079,59698187447,LOCKED
55244,3478.679,-51783520118222,-10553,54312,-29474.9,33798.5,12.9,-0.072,59698213741,LOCKED
55245,3479.678,-51783520186024,-46998,17867,-29489.1,33988.1,12.9,-0.070,59698236463,LOCKED
55246,3480.678,-51783520223242,-50756,14109,-29599.8,34639.3,13.0,-0.057,59698267243,LOCKED
55247,3481.678,-51783520181620,17653,82518,-29490.9,34193.6,13.1,-0.045,59698424150,LOCKED
55248,3482.679,-51783520245406,-15989,48876,-29496.4,34217.8,13.2,-0.036,59698455864,LOCKED
55249,3483.678,-51783520292580,-30561,34304,-29598.1,34266.0,13.0,-0.061,59698496249,LOCKED
55250,3484.679,-51783520315498,-20696,44169,-29720.3,33731.9,13.1,-0.056,59698565767,LOCKED
55251,3485.679,-51783520376629,-47739,17126,-29855.5,34117.0,13.2,-0.041,59698595689,LOCKED
55252,3486.679,-51783520319614,36236,101101,-29773.5,34440.4,13.6,-0.016,59698746920,LOCKED
55253,3487.679,-51783520393198,-5627,59238,-29859.9,33935.0,13.4,-0.014,59698765292,LOCKED
55254,3488.679,-51783520366380,46811,111676,-29729.4,34320.7,13.3,-0.014,59698767802,LOCKED
55255,3489.679,-51783520423690,18474,83339,-29723.0,34353.3,13.2,-0.014,59698916363,LOCKED
55256,3490.679,-51783520505052,-29065,35800,-29876.2,33661.2,13.0,-0.005,59698925342,LOCKED
55257,3491.679,-51783520465027,37690,102555,-29784.3,33989.3,13.1,0.001,59699059656,LOCKED
55258,3492.679,-51783520537325,-3408,61457,-29848.3,33694.2,13.1,-0.001,59699080533,LOCKED
55259,3493.679,-51783520614926,-48973,15892,-29874.2,34029.1,12.9,-0.003,59699092790,LOCKED
55260,3494.679,-51783520655085,-56335,8530,-29924.0,34671.8,12.8,-0.006,59699143132,LOCKED
55261,3495.679,-51783520621658,6513,71378,-29910.1,34682.5,12.6,-0.002,59699263024,LOCKED
55262,3496.679,-51783520705837,-43306,21559,-30056.8,34748.2,12.5,0.001,59699271999,LOCKED
55263,3497.680,-51783520659403,29839,94704,-29942.0,34647.5,12.5,-0.001,59699411722,LOCKED
55264,3498.680,-51783520726771,-7245,57620,-29946.7,34655.9,12.3,-0.005,59699437123,LOCKED
55265,3499.680,-51783520692997,53630,118495,-29896.2,35252.1,12.1,-0.004,59699448117,LOCKED
55266,3500.680,-51783520747313,29086,93951,-29938.6,34727.6,11.9,-0.009,59699597526,LOCKED
55267,3501.680,-51783520823697,-17496,47369,-29902.7,34424.8,11.7,-0.013,59699610369,LOCKED
55268,3502.680,-51783520884079,-45867,18998,-29929.9,34740.0,11.4,-0.018,59699645329,LOCKED
55269,3503.680,-51783520821033,44553,109418,-29878.5,35202.3,11.2,-0.020,59699796399,LOCKED
55270,3504.680,-51783520887546,7788,72653,-29885.1,35183.3,11.0,-0.026,59699823004,LOCKED
55271,3505.680,-51783520963565,-37411,27454,-29868.7,34976.9,10.7,-0.032,59699838386,LOCKED
55272,3506.680,-51783520923531,29599,94464,-29775.7,35063.1,10.4,-0.038,59699969088,LOCKED
55273,3507.680,-51783520996037,-10994,53871,-29862.6,34702.7,10.4,-0.039,59699994559,LOCKED
55274,3508.680,-51783521047784,-32110,32755,-29846.8,34527.5,10.3,-0.049,59700031441,LOCKED
55275,3509.680,-51783520999787,42116,106981,-29739.1,34899.4,10.0,-0.057,59700057364,LOCKED
55276,3510.681,-51783521041111,29367,94232,-29730.8,34966.6,9.6,-0.065,59700219609,LOCKED
55277,3511.680,-51783521096489,2197,67062,-29659.6,34576.5,8.8,-0.074,59700254451,LOCKED
55278,3512.680,-51783521147078,-17697,47168,-29681.0,34651.9,8.5,-0.081,59700296346,LOCKED
55279,3513.681,-51783521198852,-35668,29197,-29824.3,34425.3,8.4,-0.085,59700336338,LOCKED
55280,3514.680,-51783521218586,-22399,42466,-29943.3,34003.1,8.2,-0.090,59700407884,LOCKED
55281,3515.680,-51783521276124,-45936,18929,-30066.2,34414.0,8.2,-0.090,59700534702,LOCKED
55282,3516.681,-51783521235488,22152,87017,-29974.6,34302.5,8.1,-0.097,59700574103,LOCKED
55283,3517.680,-51783521301665,-13052,51813,-30001.9,34346.5,8.2,-0.099,59700599669,LOCKED
55284,3518.680,-51783521360251,-37083,27782,-30164.0,33890.0,8.2,-0.093,59700634148,LOCKED
55285,3519.681,-51783521305833,44094,108959,-30070.1,34390.8,8.0,-0.101,59700780208,LOCKED
55286,3520.681,-51783521360616,19441,84306,-30105.4,34070.0,8.1,-0.101,59700816337,LOCKED
55287,3521.681,-51783521412185,-3046,61819,-30050.0,33745.8,8.3,-0.110,59700856326,LOCKED
55288,3522.680,-51783521469161,-27534,37331,-30124.0,33893.6,8.8,-0.109,59700891048,LOCKED
55289,3523.681,-51783521417975,52183,117048,-30132.7,33746.4,8.8,-0.100,59700921843,LOCKED
55290,3524.681,-51783521450879,45307,110172,-30006.3,34109.7,8.8,-0.102,59701093894,LOCKED
55291,3525.681,-51783521524298,2009,66874,-30015.3,34097.0,8.7,-0.090,59701110198,LOCKED
55292,3526.681,-51783521581290,-21640,43225,-30142.9,33512.5,8.8,-0.089,59701142259,LOCKED
55293,3527.681,-51783521524012,60740,125605,-29996.3,34372.5,8.7,-0.074,59701290339,LOCKED
55294,3528.681,-51783521598606,15716,80581,-30001.5,34344.9,8.6,-0.042,59701312188,LOCKED
55295,3529.681,-51783521672577,-28037,36828,-29965.4,33918.6,8.4,-0.031,59701329257,LOCKED
55296,3530.681,-51783521623302,47028,111893,-29838.5,34342.3,8.4,-0.032,59701472484,LOCKED
55297,3531.681,-51783521680288,19033,83898,-29828.5,34391.7,8.4,-0.032,59701503000,LOCKED
55298,3532.681,-51783521757050,-27489,37376,-29802.9,34118.9,8.2,-0.004,59701520691,LOCKED
55299,3533.682,-51783521709837,45471,110336,-29679.3,34505.7,8.2,0.011,59701546524,LOCKED
55300,3534.681,-51783521738893,42425,107290,-29569.5,34875.9,8.1,0.027,59701721382,LOCKED
55301,3535.682,-51783521811298,302,65167,-29605.1,34763.7,8.1,0.031,59701740682,LOCKED
55302,3536.683,-51783521881446,-39651,25214,-29568.0,34195.6,8.0,0.051,59701760163,LOCKED
55303,3537.682,-51783521828222,38981,103846,-29428.4,34160.0,8.1,0.041,59701907405,LOCKED
55304,3538.682,-51783521900282,-3837,61028,-29412.8,34120.3,8.1,0.033,59701921049,LOCKED
55305,3539.682,-51783521974604,-44745,20120,-29535.0,34491.3,8.1,0.026,59701941388,LOCKED
55306,3540.682,-51783521929890,28784,93649,-29547.6,34367.1,8.1,0.029,59702074644,LOCKED
55307,3541.683,-51783522008665,-20239,44626,-29523.9,34170.9,8.1,0.024,59702085692,LOCKED
55308,3542.683,-51783521969645,45127,109992,-29442.8,34715.7,8.0,0.019,59702216261,LOCKED
55309,3543.682,-51783522046223,-1380,63485,-29471.4,34656.9,8.1,0.024,59702230556,LOCKED
55310,3544.682,-51783522093968,-18060,46805,-29519.7,34719.8,8.0,0.027,59702272126,LOCKED
55311,3545.685,-51783522149331,-39636,25229,-29663.5,34659.9,8.0,0.024,59702307444,LOCKED
55312,3546.683,-51783522107115,28816,93681,-29542.9,34455.9,7.6,0.028,59702444813,LOCKED
55313,3547.683,-51783522185726,-18925,45940,-29576.7,34551.6,7.7,0.025,59702454182,LOCKED
55314,3548.683,-51783522163850,28565,93430,-29429.4,33945.1,7.7,0.022,59702571853,LOCKED
55315,3549.683,-51783522237080,-15324,49541,-29399.5,33723.2,7.7,0.019,59702600651,LOCKED
55316,3550.683,-51783522279474,-25882,38983,-29476.2,33818.9,8.0,0.028,59702635097,LOCKED
55317,3551.682,-51783522230375,47618,112483,-29306.0,33769.9,8.0,0.032,59702664903,LOCKED
55318,3552.685,-51783522283715,21663,86528,-29247.6,33861.1,8.0,0.033,59702816281,LOCKED
55319,3553.683,-51783522347113,-10503,54362,-29327.7,33553.1,8.3,0.039,59702842200,LOCKED
55320,3554.683,-51783522397266,-27664,37201,-29461.8,33105.8,8.3,0.040,59702881629,LOCKED
55321,3555.684,-51783522360461,35769,100634,-29382.1,33434.3,8.3,0.043,59703004599,LOCKED
55322,3556.684,-51783522438011,-10154,54711,-29475.5,32945.8,8.3,0.046,59703023391,LOCKED
55323,3557.683,-51783522509757,-49996,14869,-29511.6,33400.3,8.6,0.050,59703039924,LOCKED
55324,3558.683,-51783522458536,29011,93876,-29475.1,33613.4,8.6,0.050,59703180283,LOCKED
55325,3559.685,-51783522529101,-13144,43191,-29400.8,32805.6,8.5,0.053,59703204239,LOCKED
55326,3560.684,-51783522601499,-53623,2712,-29435.3,33285.5,8.5,0.053,59703224453,LOCKED
55327,3561.684,-51783522552833,23303,79638,-29416.3,33392.4,8.5,0.052,59703368830,LOCKED
55328,3562.683,-51783522619447,-11541,44794,-29512.8,32903.0,8.8,0.053,59703388067,LOCKED
55329,3563.683,-51783522690762,-51395,4940,-29523.0,33059.7,8.8,0.056,59703407087,LOCKED
55330,3564.684,-51783522729544,-57042,0,-29605.5,33928.1,9.0,0.056,59703460499,LOCKED
55331,3565.683,-51783522694722,8164,65206,-29657.4,33556.1,9.0,0.054,59703586032,LOCKED
55332,3566.684,-51783522774682,-40384,16658,-29676.4,33763.4,9.0,0.052,59703598137,LOCKED
55333,3567.684,-51783522762244,2040,59082,-29695.0,33720.8,9.2,0.056,59703707629,LOCKED
55334,3568.683,-51783522818756,-21983,35059,-29795.8,33507.6,8.9,0.047,59703738950,LOCKED
55335,3569.684,-51783522773372,48437,105479,-29642.4,33733.1,9.1,0.044,59703872640,LOCKED
55336,3570.683,-51783522847867,2291,59333,-29582.7,33457.1,9.0,0.040,59703890991,LOCKED
55337,3571.684,-51783522920628,-38505,18537,-29635.6,33844.5,9.0,0.050,59703909257,LOCKED
55338,3572.686,-51783522868403,40985,98027,-29587.4,34250.4,8.7,0.062,59704054598,LOCKED
55339,3573.684,-51783522948227,-7479,49563,-29662.1,33931.9,8.7,0.067,59704065455,LOCKED
55340,3574.685,-51783523007558,-33803,23239,-29770.2,34030.8,8.6,0.072,59704097844,LOCKED
55341,3575.685,-51783522964668,38291,95333,-29806.2,33486.5,8.6,0.077,59704234023,LOCKED
55342,3576.684,-51783523039925,-6991,50051,-29802.9,33478.2,8.6,0.072,59704249434,LOCKED
55343,3577.686,-51783523108731,-42100,14942,-29924.2,33762.8,8.6,0.066,59704271652,LOCKED
55344,3578.685,-51783523052045,43587,100629,-29951.5,33323.5,8.6,0.059,59704422694,LOCKED
55345,3579.685,-51783523133606,-8256,48786,-29926.2,33200.0,8.8,0.062,59704429752,LOCKED
55346,3580.686,-51783523190758,-33144,23898,-29985.9,33503.4,8.9,0.031,59704463132,LOCKED
55347,3581.684,-51783523133325,51537,108579,-29937.2,34074.4,8.5,0.008,59704613800,LOCKED
55348,3582.688,-51783523202420,13260,70302,-30002.6,33423.2,8.2,0.001,59704640288,LOCKED
55349,3583.685,-51783523261596,-15797,41245,-29982.0,33282.3,8.1,-0.026,59704668982,LOCKED
55350,3584.685,-51783523288321,-12590,44452,-29958.5,33138.9,8.2,-0.037,59704737490,LOCKED
55351,3585.685,-51783523349345,-40280,16762,-30057.4,33515.9,8.0,-0.051,59704765417,LOCKED
55352,3586.685,-51783523298697,39317,96359,-30068.5,33368.5,7.8,-0.082,59704907742,LOCKED
55353,3587.686,-51783523364873,1669,58711,-29995.5,32925.0,7.4,-0.119,59704934091,LOCKED
55354,3588.685,-51783523439391,-40007,17035,-30068.8,33369.3,7.5,-0.111,59704954206,LOCKED
55355,3589.684,-51783523474218,-40279,16763,-30222.2,33200.3,7.4,-0.113,59705103535,LOCKED
55356,3590.685,-51783523430383,30664,87706,-30120.2,33251.0,7.4,-0.104,59705146262,LOCKED
55357,3591.686,-51783523489566,1375,58417,-30111.4,33247.8,7.3,-0.106,59705176232,LOCKED
55358,3592.685,-51783523553958,-29343,27699,-30237.7,32980.3,7.3,-0.101,59705204044,LOCKED
55359,3593.687,-51783523497138,52936,109978,-30090.9,33495.3,7.4,-0.096,59705355344,LOCKED
55360,3594.685,-51783523538237,38008,95050,-29961.5,33539.8,7.4,-0.092,59705408958,LOCKED
55361,3595.685,-51783523615402,-8505,48537,-29981.3,33557.5,7.3,-0.088,59705423279,LOCKED
55362,3596.685,-51783523673568,-32856,24186,-30115.0,33334.8,7.7,-0.078,59705454326,LOCKED
55363,3597.686,-51783523610731,54998,112040,-29956.0,33815.4,7.5,-0.075,59705611134,LOCKED
55364,3598.685,-51783523694276,1382,58424,-29957.0,33814.9,7.7,-0.067,59705617983,LOCKED
55365,3599.686,-51783523760663,-31222,25820,-30093.1,33491.9,7.7,-0.060,59705643958,LOCKED
55366,3600.686,-51783523717033,38936,95978,-29982.7,33748.9,7.7,-0.059,59705780715,LOCKED
55367,3601.685,-51783523787209,-453,56589,-30021.5,33620.4,7.8,-0.053,59705800550,LOCKED
55368,3602.686,-51783523853965,-36298,20744,-30004.7,33404.6,7.7,-0.059,59705822439,LOCKED
55369,3603.686,-51783523810508,34708,91750,-29941.8,33735.1,7.8,-0.064,59705959122,LOCKED
55370,3604.686,-51783523861863,12941,69983,-29946.0,33716.8,7.8,-0.063,59706000320,LOCKED
55371,3605.686,-51783523953590,-44286,12756,-30096.1,33785.7,7.6,-0.065,59705998833,LOCKED
55372,3606.686,-51783523910579,26063,83105,-30003.9,33779.2,7.8,-0.068,59706131727,LOCKED
55373,3607.687,-51783523999547,-30118,26924,-30090.6,33924.6,7.8,-0.067,59706132770,LOCKED
55374,3608.686,-51783523958072,37745,94787,-29971.4,34063.1,7.5,-0.070,59706267714,LOCKED
55375,3609.686,-51783524028060,-1805,55237,-29991.4,34039.1,7.5,-0.070,59706293072,LOCKED
55376,3610.686,-51783524099779,-39945,17097,-30101.2,34330.4,7.4,-0.068,59706309763,LOCKED
55377,3611.687,-51783524054620,31236,88278,-29952.7,33820.3,7.4,-0.068,59706445138,LOCKED
55378,3612.690,-51783524133386,-17599,39443,-29922.3,33571.1,7.5,-0.067,59706462765,LOCKED
55379,3613.686,-51783524089957,52018,109060,-29825.3,34303.4,7.4,-0.064,59706594003,LOCKED
55380,3614.686,-51783524118871,49987,107029,-29764.0,34909.3,7.4,-0.065,59706658118,LOCKED
55381,3615.686,-51783524194032,2548,59590,-29667.8,34180.3,7.6,-0.064,59706677008,LOCKED
55382,3616.686,-51783524264235,-35790,21252,-29716.2,34506.2,7.6,-0.066,59706693301,LOCKED
55383,3617.686,-51783524224195,32910,89952,-29719.1,34476.4,8.1,-0.059,59706827661,LOCKED
55384,3618.687,-51783524290308,-4762,52280,-29648.3,33933.2,8.2,-0.060,59706853282,LOCKED
55385,3619.687,-51783524355308,-37745,19297,-29701.9,34304.2,8.3,-0.061,59706875610,LOCKED
55386,3620.686,-51783524300682,44765,101807,-29687.1,34487.2,8.3,-0.064,59707024359,LOCKED
55387,3621.686,-51783524368042,5261,62303,-29605.8,34040.7,8.4,-0.066,59707051936,LOCKED
55388,3622.686,-51783524397858,4486,61528,-29585.5,34032.4,8.8,-0.062,59707114627,LOCKED
55389,3623.686,-51783524468221,-32800,24242,-29702.6,34011.4,8.8,-0.065,59707146142,LOCKED
55390,3624.686,-51783524521571,-51224,5818,-29874.0,34134.4,8.9,-0.061,59707198539,LOCKED
55391,3625.687,-51783524482383,16243,73285,-29822.7,34159.6,8.9,-0.066,59707221324,LOCKED
55392,3626.687,-51783524548753,-17798,39244,-29916.3,33902.2,9.0,-0.072,59707361560,LOCKED
55393,3627.687,-51783524607703,-43908,13134,-29986.9,34419.0,9.3,-0.070,59707378363,LOCKED
55394,3628.687,-51783524542290,48950,105992,-29943.4,34900.8,9.4,-0.078,59707516960,LOCKED
55395,3629.687,-51783524609822,8915,65957,-29838.0,34222.5,9.7,-0.077,59707540423,LOCKED
55396,3630.687,-51783524675565,-25582,31460,-29864.6,34369.2,10.0,-0.091,59707567765,LOCKED
55397,3631.687,-51783524630971,46787,103829,-29839.8,34669.1,10.3,-0.094,59707590090,LOCKED
55398,3632.688,-51783524673929,29852,86894,-29701.9,34270.3,10.4,-0.079,59707754989,LOCKED
55399,3633.687,-51783524743934,-9876,47166,-29713.7,34293.9,10.8,-0.052,59707770580,LOCKED
55400,3634.687,-51783524789839,-23485,33557,-29801.5,34251.8,10.9,-0.046,59707816193,LOCKED
55401,3635.687,-51783524757227,34950,91992,-29664.2,34073.2,11.2,-0.027,59707941503,LOCKED
55402,3636.687,-51783524845201,-21909,35133,-29699.0,34201.7,11.2,-0.026,59707945975,LOCKED
55403,3637.687,-51783524809949,41499,98541,-29692.3,34283.2,11.2,-0.026,59707959912,LOCKED
55404,3638.687,-51783524864723,13764,70806,-29584.7,33721.2,11.5,-0.014,59708108452,LOCKED
55405,3639.688,-51783524943290,-32908,24134,-29643.5,34015.9,11.7,0.018,59708118548,LOCKED
55406,3640.688,-51783524897420,40813,97855,-29623.4,34233.3,11.6,0.042,59708259440,LOCKED
55407,3641.688,-51783524969626,-3558,53484,-29529.5,33346.2,11.6,0.047,59708278309,LOCKED
55408,3642.688,-51783525035326,-37859,19183,-29558.3,33614.7,11.7,0.059,59708301550,LOCKED
55409,3643.688,-51783524988542,36250,93292,-29508.9,33955.6,11.5,0.074,59708445339,LOCKED
55410,3644.687,-51783525022657,29738,86780,-29464.8,34189.3,11.2,0.077,59708498184,LOCKED
55411,3645.687,-51783525095489,-11564,45478,-29547.1,33886.6,11.2,0.069,59708514993,LOCKED
55412,3646.688,-51783525157657,-42710,14332,-29548.4,33904.1,11.0,0.062,59708542835,LOCKED
55413,3647.688,-51783525100619,40799,97841,-29465.1,34341.7,10.7,0.064,59708692075,LOCKED
55414,3648.688,-51783525173003,-769,56273,-29530.3,33984.0,10.6,0.064,59708708410,LOCKED
55415,3649.688,-51783525251725,-45236,11806,-29687.2,34007.5,10.2,0.064,59708723823,LOCKED
55416,3650.688,-51783525201114,31963,89005,-29588.1,34120.7,10.3,0.057,59708861990,LOCKED
55417,3651.688,-51783525268471,-5355,51687,-29601.3,34127.2,10.0,0.050,59708889855,LOCKED
55418,3652.689,-51783525343445,-46185,10857,-29747.7,34326.6,9.9,0.050,59708904951,LOCKED
55419,3653.689,-51783525304192,19832,76874,-29634.0,33885.3,10.0,0.044,59709034190,LOCKED
55420,3654.688,-51783525359522,-6729,50313,-29580.3,33515.4,10.0,0.038,59709069931,LOCKED
55421,3655.689,-51783525435291,-49215,7827,-29680.3,34158.7,10.0,0.032,59709088788,LOCKED
55422,3656.688,-51783525386685,28468,85510,-29698.1,33974.1,10.4,0.024,59709229109,LOCKED
55423,3657.689,-51783525458854,-14833,42209,-29632.6,33286.4,10.4,0.019,59709245294,LOCKED
55424,3658.688,-51783525436269,34906,91948,-29568.9,33621.7,10.5,0.017,59709371815,LOCKED
55425,3659.689,-51783525506267,-4029,53013,-29635.6,33306.7,10.6,0.014,59709406774,LOCKED
55426,3660.689,-51783525577661,-44034,13008,-29648.5,33470.1,10.9,0.006,59709434879,LOCKED
55427,3661.689,-51783525597614,-32010,25032,-29709.6,33749.0,11.2,0.002,59709473606,LOCKED
55428,3662.689,-51783525544204,49160,106202,-29695.7,33944.4,11.2,-0.009,59709501874,LOCKED
55429,3663.689,-51783525591778,28220,85262,-29592.2,33902.8,11.7,-0.022,59709659048,LOCKED
55430,3664.689,-51783525632735,15353,72395,-29543.9,33926.4,11.6,-0.026,59709711347,LOCKED
55431,3665.689,-51783525709680,-28345,28697,-29678.8,33500.5,11.6,-0.030,59709723660,LOCKED
55432,3666.689,-51783525669497,38160,95202,-29577.3,33793.1,11.3,-0.037,59709855508,LOCKED
55433,3667.689,-51783525739664,-1040,56002,-29643.9,33418.8,11.6,-0.039,59709875323,LOCKED
55434,3668.689,-51783525806819,-37096,19946,-29653.6,33523.4,11.6,-0.044,59709899005,LOCKED
55435,3669.689,-51783525777562,20659,77701,-29631.2,33623.5,11.6,-0.044,59710026541,LOCKED
55436,3670.689,-51783525852060,-20974,36068,-29755.3,33059.3,11.8,-0.050,59710043823,LOCKED
55437,3671.690,-51783525822077,35547,92589,-29656.3,33289.1,12.0,-0.056,59710051980,LOCKED
55438,3672.689,-51783525882643,5185,62227,-29691.9,33116.2,12.1,-0.055,59710195882,LOCKED
55439,3673.689,-51783525959206,-40510,16532,-29682.2,32982.4,12.3,-0.061,59710209837,LOCKED
55440,3674.689,-51783525984316,-35220,21822,-29658.8,32668.1,12.2,-0.067,59710274628,LOCKED
55441,3675.689,-51783525945874,30569,87611,-29596.1,32923.2,12.5,-0.065,59710409688,LOCKED
55442,3676.689,-51783526016663,-8801,48241,-29671.1,32620.6,12.4,-0.072,59710425111,LOCKED
55443,3677.689,-51783525990466,42904,99946,-29537.8,32831.0,12.5,-0.060,59710430650,LOCKED
55444,3678.690,-51783526055610,6812,63854,-29525.3,32844.0,12.8,-0.055,59710570197,LOCKED
55445,3679.690,-51783526137208,-41155,15887,-29658.6,32977.6,12.8,-0.052,59710579573,LOCKED
55446,3680.689,-51783526094147,27995,85037,-29529.7,32615.6,12.8,-0.058,59710710543,LOCKED
55447,3681.690,-51783526160325,-8485,48557,-29523.8,32596.3,12.8,-0.054,59710737314,LOCKED
55448,3682.690,-51783526234671,-50243,6799,-29590.8,33262.3,12.6,-0.035,59710753727,LOCKED
55449,3683.690,-51783526200457,13668,70710,-29618.8,33069.9,12.6,-0.032,59710881027,LOCKED
55450,3684.690,-51783526264996,-18039,33185,-29746.8,32309.9,12.6,-0.030,59710906330,LOCKED
55451,3685.690,-51783526228221,45013,96237,-29651.2,32857.6,12.6,-0.026,59711035737,LOCKED
55452,3686.690,-51783526288371,14402,65626,-29669.6,32741.1,12.6,-0.008,59711065647,LOCKED
55453,3687.690,-51783526377738,-40502,10722,-29837.8,32335.0,12.3,0.024,59711072405,LOCKED
55454,3688.691,-51783526332107,31542,82766,-29722.0,32279.0,12.3,0.043,59711203901,LOCKED
55455,3689.690,-51783526408885,-14513,36711,-29747.1,32339.1,11.9,0.067,59711219313,LOCKED
55456,3690.690,-51783526386154,36706,87930,-29746.3,32348.2,11.4,0.097,59711227892,LOCKED
55457,3691.691,-51783526463132,-11070,40154,-29701.1,31994.0,11.1,0.123,59711371670,LOCKED
55458,3692.690,-51783526533308,-49052,2172,-29741.9,32492.2,11.4,0.098,59711413198,LOCKED
55459,3693.691,-51783526547686,-31016,20208,-29821.6,32705.2,11.1,0.087,59711447053,LOCKED
55460,3694.691,-51783526560195,-11724,39500,-29899.4,32442.4,11.2,0.069,59711523505,LOCKED
55461,3695.690,-51783526518803,54788,106012,-29755.7,33079.4,10.9,0.072,59711544008,LOCKED
55462,3696.690,-51783526578499,24138,75362,-29761.1,33035.6,11.0,0.058,59711688982,LOCKED
55463,3697.691,-51783526641306,-9555,41669,-29713.3,32681.5,11.1,0.046,59711721173,LOCKED
55464,3698.691,-51783526713276,-48907,2317,-29774.6,33295.7,10.7,0.043,59711740147,LOCKED
55465,3699.691,-51783526651835,40745,91969,-29765.7,33403.8,10.4,0.034,59711892619,LOCKED
55466,3700.692,-51783526707440,12637,63861,-29675.1,33026.2,10.0,0.027,59711928399,LOCKED
55467,3701.693,-51783526776738,-25219,26005,-29720.0,33203.2,10.0,0.021,59711949427,LOCKED
55468,3702.691,-51783526738756,40964,92188,-29713.6,33283.0,9.4,0.022,59711968776,LOCKED
55469,3703.691,-51783526797263,10110,61334,-29629.1,32907.6,8.8,0.019,59712114794,LOCKED
55470,3704.690,-51783526832409,3074,54298,-29559.5,32532.8,8.6,0.021,59712170921,LOCKED
55471,3705.691,-51783526901628,-34073,17151,-29626.3,32855.6,8.7,0.017,59712190816,LOCKED
55472,3706.691,-51783526862356,33830,85054,-29633.7,32770.3,8.8,0.013,59712322543,LOCKED
55473,3707.692,-51783526930142,-5614,45610,-29560.8,32147.0,8.6,0.017,59712344019,LOCKED
55474,3708.692,-51783526998885,-42131,9093,-29621.7,32636.5,8.3,0.020,59712366882,LOCKED
55475,3709.691,-51783526943647,41371,92595,-29623.9,32606.2,8.1,0.024,59712509789,LOCKED
55476,3710.691,-51783527019257,-5518,45706,-29570.3,32244.4,8.1,0.022,59712527030,LOCKED
55477,3711.691,-51783527092234,-45764,5460,-29649.4,32837.7,8.2,0.021,59712547245,LOCKED
55478,3712.692,-51783527057400,19045,70269,-29697.2,32334.0,7.9,0.026,59712670188,LOCKED
55479,3713.692,-51783527132695,-25496,25728,-29706.6,32403.8,8.0,0.025,59712687159,LOCKED
55480,3714.691,-51783527170093,-30863,20361,-29769.5,32666.6,8.0,0.025,59712739079,LOCKED
55481,3715.692,-51783527126646,41349,92573,-29789.0,32371.0,8.0,0.027,59712875783,LOCKED
55482,3716.692,-51783527204197,-6788,44436,-29759.3,32223.0,8.0,0.023,59712890242,LOCKED
55483,3717.692,-51783527181345,43418,94642,-29713.4,32674.2,8.0,0.026,59712893059,LOCKED
55484,3718.692,-51783527244877,7795,59019,-29637.6,32335.9,8.0,0.027,59713034002,LOCKED
55485,3719.692,-51783527319665,-34853,16371,-29702.6,32679.0,8.0,0.030,59713050450,LOCKED
55486,3720.692,-51783527290540,23926,75150,-29740.1,32258.8,8.0,0.028,59713183782,LOCKED
55487,3721.692,-51783527365286,-18449,32775,-29838.8,31945.8,8.0,0.025,59713205581,LOCKED
55488,3722.692,-51783527397276,-20665,30559,-29801.1,31554.0,7.9,0.022,59713244350,LOCKED
55489,3723.692,-51783527453218,-44648,6576,-29832.8,31928.0,7.6,0.012,59713284716,LOCKED
55490,3724.692,-51783527464584,-25002,26222,-29849.1,32037.1,7.6,0.014,59713361707,LOCKED
55491,3725.692,-51783527513526,-40188,11036,-29974.3,32221.3,7.7,0.017,59713401799,LOCKED
55492,3726.692,-51783527463143,36379,87603,-29848.5,32242.2,7.4,0.028,59713544401,LOCKED
55493,3727.692,-51783527542094,-11857,39367,-29871.4,32282.0,7.3,0.023,59713560919,LOCKED
55494,3728.693,-51783527610052,-45396,5828,-30019.3,32436.0,7.4,0.028,59713582261,LOCKED
55495,3729.692,-51783527548209,42913,94137,-29916.1,32884.0,7.3,0.032,59713737148,LOCKED
55496,3730.692,-51783527616196,5394,56618,-29952.2,32702.3,7.4,0.028,59713757706,LOCKED
55497,3731.693,-51783527679789,-27488,23736,-29943.7,32620.5,7.3,0.022,59713788311,LOCKED
55498,3732.693,-51783527626904,51643,102867,-29848.0,33363.4,7.4,0.029,59713932745,LOCKED
55499,3733.692,-51783527701940,7424,58648,-29908.0,32895.0,7.4,0.022,59713947834,LOCKED
55500,3734.693,-51783527747637,-6503,44721,-29988.7,32466.2,7.4,0.031,59713994042,LOCKED
55501,3735.693,-51783527714044,52503,103727,-29851.2,33052.9,7.5,0.047,59714115781,LOCKED
55502,3736.692,-51783527786197,9915,61139,-29853.7,33044.5,7.6,0.038,59714138462,LOCKED
55503,3737.707,-51783527861564,-34759,16465,-29837.0,32833.9,7.7,0.017,59714156178,LOCKED
55504,3738.693,-51783527817338,36388,87612,-29754.3,33171.1,7.7,-0.002,59714288821,LOCKED
55505,3739.693,-51783527896300,-10687,40537,-29841.4,32778.1,7.7,-0.006,59714303628,LOCKED
55506,3740.693,-51783527961066,-43673,7551,-29863.9,33046.2,7.8,-0.008,59714329915,LOCKED
55507,3741.693,-51783527911439,33652,84876,-29813.5,33354.1,7.8,0.005,59714471647,LOCKED
55508,3742.693,-51783527977567,-870,50354,-29900.2,32695.6,8.0,0.034,59714497972,LOCKED
55509,3743.693,-51783528051090,-42004,9220,-29952.5,33148.5,8.1,0.022,59714515345,LOCKED
55510,3744.693,-51783528084439,-41678,9546,-30066.1,33481.4,8.1,0.013,59714573140,LOCKED
55511,3745.693,-51783528059611,11002,62226,-29975.6,33057.3,8.1,0.016,59714689542,LOCKED
55512,3746.694,-51783528145750,-42681,8543,-30026.4,33510.0,8.2,-0.004,59714698323,LOCKED
55513,3747.693,-51783528127805,6487,57711,-30096.1,32928.6,7.9,-0.012,59714808982,LOCKED
55514,3748.693,-51783528192365,-27041,24183,-30097.0,32936.4,7.5,-0.018,59714834673,LOCKED
55515,3749.693,-51783528151966,41272,92496,-30058.5,33307.1,7.5,-0.013,59714965626,LOCKED
55516,3750.694,-51783528215474,6193,57417,-29988.6,33003.2,7.5,-0.016,59714995382,LOCKED
55517,3751.694,-51783528278718,-24943,26281,-30051.3,33144.1,7.5,-0.019,59715022155,LOCKED
55518,3752.693,-51783528221624,59909,111133,-30038.4,33373.3,7.5,-0.022,59715170309,LOCKED
55519,3753.694,-51783528292606,19013,70237,-30072.4,33063.9,7.5,-0.024,59715193598,LOCKED
55520,3754.694,-51783528327941,13618,64842,-30088.6,32969.9,7.4,-0.027,59715245270,LOCKED
55521,3755.694,-51783528381707,-10990,40234,-30024.6,32366.5,7.1,-0.022,59715288180,LOCKED
55522,3756.694,-51783528341886,54336,105560,-29892.9,33076.9,7.1,-0.018,59715303692,LOCKED
55523,3757.694,-51783528397055,27463,78687,-29860.1,33265.2,7.1,-0.021,59715455225,LOCKED
55524,3758.694,-51783528461012,-4520,46704,-29956.6,32556.3,7.1,-0.017,59715483195,LOCKED
55525,3759.694,-51783528526567,-38750,12474,-29959.2,32589.2,7.2,-0.015,59715506649,LOCKED
55526,3760.694,-51783528471621,42728,93952,-29861.9,33056.2,7.2,-0.014,59715655065,LOCKED
55527,3761.694,-51783528530791,13355,64579,-29881.0,32941.8,7.2,-0.017,59715685430,LOCKED
55528,3762.696,-51783528601967,-27537,23687,-29854.9,32649.3,7.2,-0.013,59715705196,LOCKED
55529,3763.694,-51783528550902,49387,100611,-29740.7,33262.5,7.2,-0.016,59715852737,LOCKED
55530,3764.694,-51783528612676,15786,67010,-29690.0,33283.4,7.2,-0.013,59715881161,LOCKED
55531,3765.694,-51783528699242,-37589,13635,-29799.5,33502.7,7.2,-0.013,59715885396,LOCKED
55532,3766.695,-51783528642840,44081,95305,-29650.1,33571.9,7.5,-0.018,59716028613,LOCKED
55533,3767.694,-51783528717843,-1437,49787,-29639.6,33557.3,7.5,-0.018,59716051905,LOCKED
55534,3768.695,-51783528773794,-24904,26320,-29738.0,33459.9,7.5,-0.014,59716083037,LOCKED
55535,3769.695,-51783528730345,43453,94677,-29572.9,33271.2,7.5,-0.013,59716218276,LOCKED
55536,3770.695,-51783528797694,4983,56207,-29547.1,33251.8,7.5,-0.016,59716246317,LOCKED
55537,3771.695,-51783528869472,-33731,17493,-29663.8,33268.4,7.8,-0.020,59716263696,LOCKED
55538,3772.695,-51783528823248,38476,89700,-29546.9,33458.1,7.8,-0.018,59716398033,LOCKED
55539,3773.695,-51783528894819,-2843,48381,-29576.8,33404.4,7.8,-0.020,59716420827,LOCKED
55540,3774.695,-51783528939312,-15833,35391,-29645.2,33325.6,7.8,-0.022,59716466146,LOCKED
55541,3775.695,-51783528914341,34669,85893,-29500.6,33025.5,7.8,-0.019,59716471681,LOCKED
55542,3776.695,-51783528970515,7333,58557,-29480.3,33035.4,7.8,-0.022,59716618982,LOCKED
55543,3777.695,-51783529051032,-42767,8457,-29455.0,32631.2,7.8,-0.019,59716633166,LOCKED
55544,3778.695,-51783529008813,26176,77400,-29364.4,32640.5,7.8,-0.023,59716764425,LOCKED
55545,3779.695,-51783529082972,-16836,34388,-29424.0,32637.3,7.8,-0.019,59716782046,LOCKED
55546,3780.695,-51783529151341,-53473,0,-29448.3,33000.4,7.8,-0.014,59716806112,LOCKED
55547,3781.696,-51783529103278,22638,76111,-29417.2,33136.7,7.8,-0.010,59716944211,LOCKED
55548,3782.695,-51783529177838,-20809,32664,-29465.9,33243.5,7.8,-0.003,59716960093,LOCKED
55549,3783.695,-51783529245998,-54478,0,-29622.2,33729.6,7.8,-0.009,59716982492,LOCKED
55550,3784.696,-51783529174935,43895,98373,-29581.7,34135.8,7.8,-0.016,59717144630,LOCKED
55551,3785.696,-51783529236273,12683,67161,-29629.6,33744.6,7.8,-0.022,59717175440,LOCKED
55552,3786.696,-51783529309524,-30182,24296,-29616.5,33605.5,7.8,-0.002,59717193916,LOCKED
55553,3787.696,-51783529265668,40812,95290,-29562.7,34031.7,7.8,0.015,59717214622,LOCKED
55554,3788.696,-51783529308858,27010,81488,-29599.1,33608.5,7.8,0.002,59717375197,LOCKED
55555,3789.696,-51783529393006,-27126,27352,-29574.2,33341.0,7.8,0.018,59717380707,LOCKED
55556,3790.696,-51783529356341,36410,90888,-29501.9,33699.3,7.8,0.005,59717399189,LOCKED
55557,3791.696,-51783529397926,23666,78144,-29508.9,33643.4,7.8,0.022,59717563115,LOCKED
55558,3792.696,-51783529456673,-6998,47480,-29427.1,32858.4,7.8,0.023,59717592579,LOCKED
55559,3793.696,-51783529523807,-42183,12295,-29480.8,33317.1,7.8,0.028,59717619494,LOCKED
55560,3794.696,-51783529545993,-32440,22038,-29547.1,33599.1,7.8,0.029,59717685043,LOCKED
55561,3795.696,-51783529595024,-50422,4056,-29536.9,33428.7,7.5,0.030,59717822562,LOCKED
55562,3796.696,-51783529552834,19395,73873,-29475.3,33464.2,7.5,0.025,59717863567,LOCKED
55563,3797.696,-51783529605158,-2283,52195,-29529.1,33243.0,7.5,0.030,59717898936,LOCKED
55564,3798.696,-51783529666534,-33354,21124,-29511.6,33030.4,7.5,0.025,59717933540,LOCKED
55565,3799.697,-51783529722910,-56159,0,-29617.6,33894.3,7.5,0.030,59717962736,LOCKED
55566,3800.697,-51783529666301,29504,85663,-29639.1,33655.9,7.5,0.025,59718109408,LOCKED
55567,3801.696,-51783529738246,-13158,43001,-29599.7,33353.7,7.5,0.021,59718127352,LOCKED
55568,3802.696,-51783529806408,-48395,7764,-29682.5,33994.6,7.1,0.024,59718153216,LOCKED
55569,3803.697,-51783529751391,35422,91581,-29698.2,33801.0,7.5,0.013,59718298982,LOCKED
55570,3804.697,-51783529780921,34936,91095,-29724.3,33455.2,7.5,0.010,59718359374,LOCKED
55571,3805.697,-51783529853119,-7131,49028,-29732.4,33467.4,7.5,0.008,59718379047,LOCKED
55572,3806.698,-51783529927657,-46761,9398,-29909.0,33266.7,7.2,0.010,59718394436,LOCKED
55573,3807.697,-51783529909296,1796,57955,-29926.0,33230.7,7.2,0.007,59718510366,LOCKED
55574,3808.697,-51783529971861,-27274,28885,-30056.1,32824.1,7.2,0.009,59718534428,LOCKED
55575,3809.702,-51783529929176,41867,98026,-29948.9,33209.4,7.2,0.008,59718670633,LOCKED
55576,3810.697,-51783529988796,11783,67942,-29948.2,33211.8,7.2,0.009,59718700573,LOCKED
55577,3811.697,-51783530060916,-26910,29249,-30074.4,32846.6,7.5,0.015,59718722863,LOCKED
55578,3812.697,-51783530002139,56647,112806,-29908.5,33338.5,7.5,0.012,59718868373,LOCKED
55579,3813.697,-51783530077075,10811,66970,-29886.8,33370.2,7.5,0.012,59718886195,LOCKED
55580,3814.697,-51783530117600,274,56433,-29892.2,33367.0,7.5,0.013,59718938341,LOCKED
55581,3815.697,-51783530198550,-46566,9593,-30022.0,33755.4,7.5,0.015,59718951605,LOCKED
55582,3816.699,-51783530173874,6310,62469,-29942.9,33352.6,7.5,0.018,59719068731,LOCKED
55583,3817.697,-51783530248604,-36525,19634,-29978.0,33644.9,7.5,0.018,59719083078,LOCKED
55584,3818.697,-51783530197582,42171,98330,-29935.0,34044.7,7.5,0.021,59719228149,LOCKED
55585,3819.698,-51783530267184,4107,60266,-30020.7,33280.5,7.5,0.022,59719250138,LOCKED
55586,3820.698,-51783530329572,-27371,28788,-30018.8,33263.8,7.5,0.025,59719276424,LOCKED
55587,3821.698,-51783530275919,52630,108789,-29926.0,34022.9,7.5,0.024,59719425944,LOCKED
55588,3822.697,-51783530334829,23410,79569,-29953.4,33757.1,7.5,0.025,59719458193,LOCKED
55589,3823.698,-51783530398430,-10908,45251,-29902.3,33348.3,7.5,0.022,59719486807,LOCKED
55590,3824.697,-51783530432701,-14637,41522,-29909.3,33376.3,7.5,0.025,59719542262,LOCKED
55591,3825.698,-51783530496174,-43539,12620,-30066.0,33319.8,7.8,0.030,59719572219,LOCKED
55592,3826.698,-51783530436930,41598,97757,-29930.1,33441.7,7.8,0.021,59719720753,LOCKED
55593,3827.697,-51783530507492,1076,57235,-29937.4,33434.6,8.1,0.018,59719744995,LOCKED
55594,3828.698,-51783530570802,-29145,27014,-30043.7,33394.7,8.3,0.022,59719767621,LOCKED
55595,3829.699,-51783530528216,39366,95525,-29906.8,33408.4,8.6,0.017,59719908189,LOCKED
55596,3830.698,-51783530596809,456,56615,-29896.6,33400.4,8.6,0.013,59719929295,LOCKED
55597,3831.698,-51783530655797,-25570,30589,-30004.7,33220.6,8.2,-0.002,59719963259,LOCKED
55598,3832.698,-51783530602948,52335,108494,-29848.6,33604.7,8.2,-0.008,59719994984,LOCKED
55599,3833.699,-51783530649736,33114,89273,-29791.6,33904.2,8.2,-0.005,59720148077,LOCKED
55600,3834.698,-51783530698833,13383,69542,-29792.9,33898.3,8.2,-0.003,59720195238,LOCKED
55601,3835.698,-51783530767598,-25262,30897,-29766.9,33633.6,8.2,0.003,59720216337,LOCKED
55602,3836.698,-51783530718035,50033,106192,-29651.9,34247.8,8.2,0.006,59720244476,LOCKED
55603,3837.699,-51783530774694,22610,78769,-29669.1,34102.1,8.2,-0.000,59720394266,LOCKED
55604,3838.699,-51783530847039,-20029,36130,-29637.6,33818.7,8.3,-0.008,59720411024,LOCKED
55605,3839.699,-51783530809997,43770,99929,-29568.9,34331.4,8.2,-0.029,59720536720,LOCKED
55606,3840.699,-51783530885362,-490,55669,-29643.6,33851.3,8.2,-0.032,59720557102,LOCKED
55607,3841.699,-51783530955482,-39390,16769,-29655.5,33983.7,8.2,-0.021,59720578428,LOCKED
55608,3842.699,-51783530920704,23796,79955,-29633.8,34101.8,8.1,-0.042,59720705905,LOCKED
55609,3843.699,-51783530992848,-15835,40324,-29749.0,33491.2,8.2,-0.033,59720724025,LOCKED
55610,3844.699,-51783531039145,-31840,24319,-29722.6,33163.4,8.2,-0.023,59720769681,LOCKED
55611,3845.699,-51783531024701,10945,67104,-29672.9,33112.5,8.1,-0.034,59720875539,LOCKED
55612,3846.699,-51783531091334,-23504,32655,-29757.2,33098.1,8.1,-0.029,59720899948,LOCKED
55613,3847.699,-51783531051924,41144,97303,-29603.6,32967.4,8.2,-0.037,59720919786,LOCKED
55614,3848.699,-51783531109193,11349,67508,-29517.7,32606.1,8.1,-0.029,59721066064,LOCKED
55615,3849.699,-51783531184780,-31996,24163,-29598.4,32839.2,8.4,-0.015,59721083087,LOCKED
55616,3850.699,-51783531141135,36894,93053,-29445.8,32514.0,8.4,-0.010,59721105358,LOCKED
55617,3851.699,-51783531183755,20751,76910,-29334.4,32114.1,8.4,-0.008,59721264402,LOCKED
55618,3852.699,-51783531259437,-24502,31657,-29347.3,32202.4,8.4,-0.014,59721285535,LOCKED
55619,3853.700,-51783531335870,-66254,0,-29499.2,33321.0,8.4,-0.011,59721300562,LOCKED
55620,3854.699,-51783531369611,-65351,903,-29643.3,34406.7,8.4,-0.016,59721357534,LOCKED
55621,3855.700,-51783531329191,5730,71984,-29702.9,33990.2,8.4,-0.013,59721486753,LOCKED
55622,3856.700,-51783531414326,-47457,18797,-29734.2,34361.2,8.4,-0.018,59721494755,LOCKED
55623,3857.701,-51783531398367,-1896,64358,-29724.5,34347.5,8.4,-0.021,59721622705,LOCKED
55624,3858.700,-51783531467685,-37998,28256,-29832.9,34582.1,8.4,-0.025,59721662299,LOCKED
55625,3859.700,-51783531484062,-21167,45087,-29963.6,33936.2,8.8,-0.034,59721702634,LOCKED
55626,3860.700,-51783531545035,-49742,16512,-30000.4,34381.1,8.8,-0.037,59721730364,LOCKED
55627,3861.701,-51783531476590,45969,112223,-29942.6,34898.7,8.7,-0.041,59721893284,LOCKED
55628,3862.700,-51783531557172,-2685,63569,-30035.7,34221.4,9.0,-0.047,59721900685,LOCKED
55629,3863.700,-51783531631341,-44806,21448,-30060.0,34502.4,8.7,-0.053,59721914986,LOCKED
55630,3864.700,-51783531565869,46358,112612,-29922.4,34800.5,8.9,-0.060,59721965144,LOCKED
55631,3865.700,-51783531632477,9254,75508,-29917.3,34812.6,8.9,-0.060,59722104794,LOCKED
55632,3866.701,-51783531723405,-46690,19564,-30088.7,34699.6,8.9,-0.061,59722107023,LOCKED
55633,3867.700,-51783531676550,28547,94801,-30052.3,34899.4,9.1,-0.068,59722240339,LOCKED
55634,3868.700,-51783531756750,-18868,47386,-30155.3,34572.3,9.2,-0.069,59722255188,LOCKED
55635,3869.700,-51783531722933,41186,107440,-30031.2,34791.2,9.4,-0.075,59722265985,LOCKED
55636,3870.700,-51783531779690,13404,79658,-30001.6,34835.6,9.4,-0.075,59722415275,LOCKED
55637,3871.701,-51783531856241,-29726,36528,-30120.2,34688.6,9.4,-0.073,59722429196,LOCKED
55638,3872.700,-51783531805854,45903,112157,-29956.8,34654.5,9.4,-0.077,59722573133,LOCKED
55639,3873.701,-51783531882005,-513,65741,-29945.1,34640.6,9.4,-0.076,59722589382,LOCKED
55640,3874.701,-51783531921361,-9183,57071,-29966.2,34660.9,9.4,-0.074,59722640396,LOCKED
55641,3875.701,-51783531993700,-46391,19863,-30142.9,34446.1,9.5,-0.073,59722661359,LOCKED
55642,3876.701,-51783531954080,22019,88273,-30113.0,34569.0,9.7,-0.072,59722790536,LOCKED
55643,3877.701,-51783532030872,-21418,44836,-30236.8,34042.4,10.0,-0.069,59722806644,LOCKED
55644,3878.701,-51783531979058,55760,122014,-30090.1,34667.9,10.0,-0.067,59722949322,LOCKED
55645,3879.701,-51783532057001,7649,73903,-30090.2,34667.8,10.0,-0.072,59722961109,LOCKED
55646,3880.701,-51783532137008,-38178,28076,-30227.7,34624.7,10.0,-0.069,59722973639,LOCKED
55647,3881.702,-51783532087553,37490,103744,-30092.7,34583.9,10.0,-0.067,59723114728,LOCKED
55648,3882.701,-51783532167087,-11666,54588,-30087.3,34562.2,10.0,-0.072,59723130104,LOCKED
55649,3883.701,-51783532133257,49459,115713,-30032.4,35122.3,9.9,-0.078,59723140477,LOCKED
55650,3884.702,-51783532180399,30976,97230,-30016.5,35248.1,9.9,-0.084,59723298378,LOCKED
55651,3885.701,-51783532262248,-17641,48613,-30145.2,34508.1,10.0,-0.069,59723306695,LOCKED
55652,3886.702,-51783532216193,53781,120035,-29999.9,35050.2,9.7,-0.053,59723444315,LOCKED
55653,3887.702,-51783532292116,7597,73851,-29999.7,35050.6,9.7,-0.033,59723465020,LOCKED
55654,3888.702,-51783532359128,-26134,40120,-30117.6,34785.5,9.3,-0.011,59723486431,LOCKED
55655,3889.702,-51783532319088,40233,106487,-29998.2,35008.3,9.0,0.026,59723616664,LOCKED
55656,3890.701,-51783532384187,5045,71299,-30002.3,35000.7,9.0,0.018,59723643737,LOCKED
55657,3891.704,-51783532446995,-24732,41522,-30110.0,34806.4,8.9,0.024,59723671978,LOCKED
55658,3892.701,-51783532492797,-39223,27031,-30103.7,34728.1,9.1,0.003,59723813416,LOCKED
55659,3893.702,-51783532448830,31657,97911,-29999.6,34790.1,9.1,0.026,59723854406,LOCKED
55660,3894.702,-51783532475564,32263,98517,-29922.6,35029.0,9.0,0.049,59723918340,LOCKED
55661,3895.702,-51783532557741,-17852,48402,-29998.0,34945.6,9.0,0.058,59723944004,LOCKED
55662,3896.703,-51783532600087,-29968,36286,-29959.5,34466.7,8.8,0.086,59723975684,LOCKED
55663,3897.702,-51783532557656,38736,104990,-29842.8,34660.6,9.2,0.072,59724109741,LOCKED
55664,3898.702,-51783532624020,2450,68704,-29858.4,34627.8,9.2,0.066,59724137879,LOCKED
55665,3899.702,-51783532692383,-35538,30716,-29824.6,34160.5,9.2,0.061,59724163196,LOCKED
55666,3900.702,-51783532633093,49699,115953,-29716.7,34783.7,9.2,0.054,59724311309,LOCKED
55667,3901.702,-51783532701870,10812,77066,-29743.3,34635.5,9.1,0.059,59724329492,LOCKED
55668,3902.702,-51783532782025,-38262,27992,-29745.3,34658.3,9.4,0.046,59724344511,LOCKED
55669,3903.702,-51783532735793,35398,101652,-29690.3,34985.7,9.3,0.042,59724480078,LOCKED
