# seq,elapsed_s,d_total_ns,d_detrended_ns,offset_ns,drift_ns_per_s,drift_sigma_ns,gm_sigma_ns,gm_a1_ppb,clock_error_ns,sync_state
12783,0.051,-12748680745669,0,0,0.0,999999.0,9.2,0.009,0,INIT
12784,1.041,-12748680667795,0,0,77874.0,inf,9.2,-0.021,0,ACQUIRING
12785,2.041,-12748680696741,0,0,24464.0,43609.1,9.0,-0.040,0,ACQUIRING
12786,3.041,-12748680672098,0,0,19176.7,31582.7,9.0,-0.057,0,ACQUIRING
12787,4.041,-12748680655237,0,0,17656.1,25936.2,8.9,-0.050,0,ACQUIRING
12788,5.041,-12748680530978,0,0,32450.6,42205.5,9.0,-0.059,0,ACQUIRING
12789,6.041,-12748680501481,0,0,37417.9,40685.8,8.9,-0.054,0,ACQUIRING
12790,7.041,-12748680557372,0,0,31711.9,42840.0,9.0,-0.062,0,ACQUIRING
12791,8.041,-12748680519546,0,0,29456.7,40924.4,9.0,-0.059,0,ACQUIRING
12792,9.041,-12748680464283,0,0,29716.2,38305.5,8.9,-0.067,0,ACQUIRING
12793,10.041,-12748680400402,0,0,31410.7,37544.1,8.8,-0.071,0,ACQUIRING
12794,11.041,-12748680331356,0,0,33835.8,39356.5,8.8,-0.069,0,ACQUIRING
12795,12.041,-12748680367245,0,0,33002.9,38081.6,8.9,-0.074,0,ACQUIRING
12796,13.041,-12748680285992,0,0,33857.9,37212.9,8.8,-0.078,0,ACQUIRING
12797,14.041,-12748680311118,0,0,32939.1,36838.4,9.2,-0.089,0,ACQUIRING
12798,15.042,-12748680220868,0,0,33588.5,36165.4,9.1,-0.093,0,ACQUIRING
12799,16.042,-12748680210373,0,0,33581.4,34939.2,9.4,-0.102,0,ACQUIRING
12800,17.042,-12748680191921,0,0,33310.9,34003.8,9.5,-0.105,0,ACQUIRING
12801,18.042,-12748680186469,0,0,32677.5,34124.6,9.7,-0.114,0,ACQUIRING
12802,19.042,-12748680159800,0,0,32130.1,34149.7,9.7,-0.116,0,ACQUIRING
12803,20.042,-12748680119325,0,0,31833.3,33577.3,9.7,-0.118,0,ACQUIRING
12804,21.042,-12748680077239,0,0,31732.0,32773.4,9.9,-0.122,0,ACQUIRING
12805,22.042,-12748680035974,0,0,31758.5,31987.2,9.9,-0.124,0,ACQUIRING
12806,23.042,-12748679984906,0,0,31972.0,31530.2,10.0,-0.126,0,ACQUIRING
12807,24.042,-12748680034064,0,0,31389.4,33136.8,9.8,-0.121,0,ACQUIRING
12808,25.042,-12748679958929,0,0,31305.1,32492.5,9.3,-0.116,0,ACQUIRING
12809,26.042,-12748679869088,0,0,31702.8,33164.4,9.3,-0.116,0,ACQUIRING
12810,27.042,-12748679849584,0,0,31931.0,33004.4,9.3,-0.116,0,ACQUIRING
12811,28.042,-12748679860540,0,0,31819.3,32517.4,9.6,-0.119,0,ACQUIRING
12812,29.042,-12748679874895,0,0,31430.7,33656.7,9.4,-0.115,0,ACQUIRING
12813,30.042,-12748679748252,0,0,31688.4,33891.5,9.8,-0.114,0,ACQUIRING
12814,31.042,-12748679732959,0,0,31807.6,33515.2,9.6,-0.108,0,ACQUIRING
12815,32.043,-12748679712492,0,0,31845.8,32992.2,9.6,-0.103,0,ACQUIRING
12816,33.043,-12748679678422,0,0,31888.8,32503.7,9.6,-0.102,0,ACQUIRING
12817,34.042,-12748679623160,0,0,32036.2,32408.6,9.3,-0.094,0,ACQUIRING
12818,35.043,-12748679581626,0,0,32203.1,32488.4,9.9,-0.093,0,ACQUIRING
12819,36.043,-12748679636425,0,0,31973.1,33162.1,9.8,-0.084,0,ACQUIRING
12820,37.043,-12748679545075,0,0,32017.9,32745.1,9.9,-0.081,0,ACQUIRING
12821,38.043,-12748679595272,0,0,31740.0,34211.9,9.7,-0.070,0,ACQUIRING
12822,39.043,-12748679506194,0,0,31711.5,33780.1,9.5,-0.056,0,ACQUIRING
12823,40.043,-12748679527912,0,0,31500.8,34594.4,9.6,-0.050,0,ACQUIRING
12824,41.043,-12748679427829,0,0,31546.7,34222.4,9.6,-0.041,0,ACQUIRING
12825,42.043,-12748679439567,0,0,31449.1,34111.6,10.1,-0.040,0,ACQUIRING
12826,43.043,-12748679443909,0,0,31255.9,34989.1,10.1,-0.029,0,ACQUIRING
12827,44.043,-12748679313439,0,0,31374.8,35093.7,10.2,-0.027,0,ACQUIRING
12828,45.043,-12748679292176,0,0,31450.9,34917.1,10.5,-0.010,0,ACQUIRING
12829,46.043,-12748679263307,0,0,31510.7,34676.2,10.6,-0.006,0,ACQUIRING
12830,47.043,-12748679310014,0,0,31363.9,35249.3,10.7,-0.024,0,ACQUIRING
12831,48.043,-12748679272743,0,0,31248.8,35487.6,10.6,-0.019,0,ACQUIRING
12832,49.043,-12748679220692,0,0,31195.9,35254.0,10.7,-0.026,0,ACQUIRING
12833,50.044,-12748679164846,0,0,31204.7,34896.5,10.9,-0.047,0,ACQUIRING
12834,51.044,-12748679091388,0,0,31304.6,35104.8,10.8,-0.038,0,ACQUIRING
12835,52.044,-12748679150686,0,0,31203.6,35360.0,11.0,-0.055,0,ACQUIRING
12836,53.044,-12748679102844,0,0,31147.1,35217.4,10.9,-0.042,0,ACQUIRING
12837,54.044,-12748679054749,0,0,31129.5,34904.0,11.1,-0.058,0,ACQUIRING
12838,55.044,-12748678962279,0,0,31229.0,35271.0,11.1,-0.054,0,ACQUIRING
12839,56.044,-12748679023029,0,0,31151.5,35388.2,11.1,-0.058,0,ACQUIRING
12840,57.044,-12748678952116,0,0,31151.5,35070.8,10.8,-0.064,0,ACQUIRING
12841,58.044,-12748678943857,0,0,31112.6,34885.3,10.9,-0.078,0,ACQUIRING
12842,59.045,-12748678926243,-32631,0,31055.4,34866.0,10.7,-0.091,0,ACQUIRING
12843,60.044,-12748678896137,-30737,1894,30966.8,35012.0,10.5,-0.102,58042,ACQUIRING
12844,61.044,-12748678941870,-101272,0,30832.5,37466.9,10.5,-0.110,-703990,ACQUIRING
12845,62.044,-12748678918628,-100549,723,30591.3,39559.1,10.2,-0.118,-651692,ACQUIRING
12846,63.045,-12748678917962,-120352,0,30294.1,42278.9,10.2,-0.124,-623593,ACQUIRING
12847,64.044,-12748678930316,-150058,0,29907.8,45952.9,9.9,-0.129,-607157,LOCKED
12848,65.045,-12748678971778,-207490,0,29568.2,53870.7,9.8,-0.127,-729316,LOCKED
12849,66.045,-12748679018939,-265982,0,29114.7,64851.1,9.7,-0.136,-626834,LOCKED
12850,67.045,-12748679029300,-282706,0,28467.1,74438.1,9.6,-0.133,-722687,LOCKED
12851,68.045,-12748679054388,-311282,0,27757.5,84658.2,9.2,-0.135,-600323,LOCKED
12852,69.045,-12748679084762,-342609,0,27010.5,95932.6,9.4,-0.141,-597976,LOCKED
12853,70.045,-12748679132493,-388057,0,26216.7,109100.7,9.3,-0.143,-608223,LOCKED
12854,71.045,-12748679174246,-425034,0,25401.1,123307.0,8.8,-0.137,-618306,LOCKED
12855,72.045,-12748679206379,-447209,0,24407.7,136491.4,9.0,-0.142,-617113,LOCKED
12856,73.045,-12748679248334,-477284,0,23418.7,150638.1,8.9,-0.141,-617336,LOCKED
12857,74.045,-12748679279416,-491925,0,22278.5,163376.2,8.9,-0.139,-611501,LOCKED
12858,75.045,-12748679312373,-507615,0,21179.9,176585.8,9.1,-0.142,-608747,LOCKED
12859,76.045,-12748679359740,-533496,0,19971.0,189689.9,9.1,-0.143,-613323,LOCKED
12860,77.045,-12748679381195,-531290,2206,18710.9,201345.3,9.0,-0.141,-593326,LOCKED
12861,78.045,-12748679426983,-549292,0,17339.9,212381.7,9.3,-0.145,-599325,LOCKED
12862,79.045,-12748679464298,-556039,0,15910.8,222643.0,9.2,-0.143,-589170,LOCKED
12863,80.045,-12748679403451,-468789,87250,14611.3,228593.2,9.3,-0.141,-590342,LOCKED
12864,81.045,-12748679475449,-509932,46107,13225.4,235794.3,9.3,-0.142,-589037,LOCKED
12865,82.046,-12748679543307,-542911,13128,11764.7,243888.9,9.4,-0.139,-567338,LOCKED
12866,83.046,-12748679515036,-482495,73544,10409.6,249438.8,10.2,-0.143,-446176,LOCKED
12867,84.046,-12748679573023,-502156,53883,8849.9,253185.2,9.8,-0.133,-441321,LOCKED
12868,85.046,-12748679626740,-515803,40236,7303.9,257953.2,9.8,-0.128,-428951,LOCKED
12869,86.046,-12748679679442,-527459,28580,5805.4,263999.5,10.4,-0.128,-416441,LOCKED
12870,87.046,-12748679687730,-494500,61539,4315.8,268104.4,10.2,-0.120,-354989,LOCKED
12871,88.046,-12748679671234,-437200,118839,2825.6,268820.1,10.8,-0.118,-333288,LOCKED
12872,89.046,-12748679728865,-449490,106549,1206.1,268037.8,10.7,-0.108,-313183,LOCKED
12873,90.048,-12748679786338,-461867,94172,-301.0,269928.0,10.7,-0.113,-300281,LOCKED
12874,91.046,-12748679840459,-467945,88094,-1868.9,271198.6,10.6,-0.100,-274846,LOCKED
12875,92.046,-12748679823430,-404839,151200,-3368.1,269875.5,10.6,-0.096,-240034,LOCKED
12876,93.046,-12748679855559,-390119,165920,-4856.2,267883.9,10.3,-0.081,-208395,LOCKED
12877,94.046,-12748679879137,-367447,188592,-6279.3,265730.1,10.1,-0.063,-166158,LOCKED
12878,95.046,-12748679910259,-352100,203939,-7668.9,263290.3,10.1,-0.066,-130817,LOCKED
12879,96.046,-12748679936949,-329297,226742,-9176.8,257152.0,10.2,-0.055,-86881,LOCKED
12880,97.046,-12748679936057,-282507,273532,-10511.8,251734.9,10.1,-0.045,-16588,LOCKED
12881,98.046,-12748679972833,-269962,286077,-11970.4,242676.2,10.1,-0.029,21464,LOCKED
12882,99.046,-12748679998772,-248482,307557,-13299.5,235036.0,10.0,-0.011,68515,LOCKED
12883,100.046,-12748680029933,-230280,325759,-14689.2,224475.8,10.0,-0.011,115103,LOCKED
12884,101.047,-12748680063471,-216434,339605,-15936.3,216189.2,9.9,-0.008,155333,LOCKED
12885,102.047,-12748680094789,-198983,357056,-17219.3,205508.2,10.0,-0.019,197234,LOCKED
12886,103.047,-12748680124103,-178550,377489,-18521.4,192236.1,9.8,0.002,249624,LOCKED
12887,104.047,-12748680158233,-166178,389861,-19620.4,183169.2,9.7,0.011,295705,LOCKED
12888,105.047,-12748680185383,-147154,408885,-20681.0,173455.3,9.8,0.004,349927,LOCKED
12889,106.047,-12748680212709,-128956,427083,-21687.8,163516.0,9.7,0.019,398450,LOCKED
12890,107.047,-12748680224393,-94356,461683,-22740.2,148940.1,9.7,0.021,473860,LOCKED
12891,108.047,-12748680247157,-72096,483943,-23715.9,133986.8,9.5,0.019,536937,LOCKED
12892,109.047,-12748680274483,-55954,500085,-24594.0,119836.0,9.3,0.007,594312,LOCKED
12893,110.047,-12748680301666,-41491,514548,-25363.5,107148.0,9.3,0.009,655962,LOCKED
12894,111.047,-12748680327591,-28396,527643,-25987.8,97548.9,9.4,-0.010,716063,LOCKED
12895,112.047,-12748680370303,-29360,526679,-26713.9,82471.9,9.7,-0.024,761222,LOCKED
12896,113.047,-12748680406864,-25391,530648,-27351.1,68604.0,10.2,-0.047,808788,LOCKED
12897,114.047,-12748680437402,-17153,538886,-27884.4,56507.7,10.4,-0.058,868432,LOCKED
12898,115.047,-12748680466760,-11175,544864,-28232.2,50489.1,10.4,-0.060,928611,LOCKED
12899,116.047,-12748680526441,-32081,523958,-28697.2,39569.8,10.3,-0.068,965486,LOCKED
12900,117.047,-12748680610205,-76451,479588,-29095.8,35407.5,10.0,-0.069,967649,LOCKED
12901,118.047,-12748680636510,-64645,491394,-29431.4,32163.0,9.9,-0.070,1034228,LOCKED
12902,119.047,-12748680562868,38958,594997,-29522.4,30171.2,9.9,-0.070,1083698,LOCKED
12903,120.047,-12748680583802,45659,601698,-29505.7,30408.3,9.9,-0.065,1153874,LOCKED
12904,121.047,-12748680716160,-51699,504340,-29689.7,30359.1,9.9,-0.065,1223288,LOCKED
12905,122.048,-12748680738910,-41654,514385,-29773.0,30871.3,9.9,-0.060,1290581,LOCKED
12906,123.048,-12748680762583,-33998,522041,-29792.8,31062.2,9.9,-0.056,1360684,LOCKED
12907,124.048,-12748680797913,-38315,517724,-29789.0,31011.3,10.0,-0.051,1422732,LOCKED
12908,125.048,-12748680815667,-25580,530459,-29780.8,30933.3,9.7,-0.049,1490937,LOCKED
12909,126.048,-12748680858186,-36296,519743,-29819.8,31265.1,9.8,-0.054,1565354,LOCKED
12910,127.048,-12748680897702,-44109,511930,-29838.8,31512.4,9.5,-0.050,1676567,LOCKED
12911,128.049,-12748680836939,42179,598218,-29697.0,31594.3,9.6,-0.052,1632968,LOCKED
12912,129.048,-12748680869685,35178,591217,-29561.3,31434.5,9.6,-0.053,1691414,LOCKED
12913,130.048,-12748680975627,-39465,516574,-29580.9,31656.4,9.5,-0.051,1787574,LOCKED
12914,131.048,-12748680992125,-25222,530817,-29596.0,31760.8,9.3,-0.043,1865029,LOCKED
12915,132.048,-12748681013858,-16709,539330,-29600.1,31782.0,9.3,-0.042,1934039,LOCKED
12916,133.048,-12748681028764,-1964,554075,-29599.3,31781.4,9.3,-0.040,2009868,LOCKED
12917,134.048,-12748681055503,804,556843,-29596.1,31781.3,9.0,-0.031,2076063,LOCKED
12918,135.048,-12748681075029,10241,566280,-29582.1,31810.3,9.1,-0.034,2145483,LOCKED
12919,136.048,-12748681096552,17771,573810,-29585.6,31788.1,9.1,-0.030,2215655,LOCKED
12920,137.048,-12748681209223,-60653,495386,-29713.8,32794.4,9.0,-0.026,2196896,LOCKED
12921,138.049,-12748681232400,-49547,506492,-29855.9,33202.6,9.1,-0.026,2264243,LOCKED
12922,139.049,-12748681252374,-35654,520385,-29993.7,33043.1,9.0,-0.022,2336257,LOCKED
12923,140.049,-12748681261900,-15653,540386,-29944.7,32576.8,9.1,-0.023,2415244,LOCKED
12924,141.049,-12748681289974,-13022,543017,-29960.4,32620.1,9.0,-0.017,2482620,LOCKED
12925,142.049,-12748681315888,-7258,548781,-30032.7,32306.4,9.2,-0.018,2548712,LOCKED
12926,143.049,-12748681341018,-2924,553115,-29999.9,32174.6,9.1,-0.029,2615080,LOCKED
12927,144.049,-12748681364767,3274,559313,-30002.8,32170.8,9.1,-0.031,2682383,LOCKED
12928,145.049,-12748681383514,14547,570586,-30027.9,31992.2,9.1,-0.033,2756146,LOCKED
12929,146.049,-12748681405584,22809,578848,-30080.8,31324.9,8.8,-0.046,2828192,LOCKED
12930,147.049,-12748681510071,-47105,508934,-30223.2,31634.1,9.0,-0.037,2814273,LOCKED
12931,148.049,-12748681426229,62320,618359,-30098.9,32725.9,8.7,-0.052,2875340,LOCKED
12932,149.049,-12748681543182,-22400,533639,-30166.5,32793.7,8.7,-0.057,2960915,LOCKED
12933,150.049,-12748681568880,-15253,540786,-30272.8,32276.0,8.7,-0.063,3027727,LOCKED
12934,151.049,-12748681601019,-13575,542464,-30424.5,30774.3,8.7,-0.080,3089968,LOCKED
12935,152.049,-12748681627969,-8409,547630,-30493.7,30505.8,8.8,-0.082,3151136,LOCKED
12936,153.049,-12748681654523,-3008,553031,-30560.5,30133.3,8.7,-0.069,3216696,LOCKED
12937,154.049,-12748681681244,1801,557840,-30611.2,29844.7,8.8,-0.084,3283464,LOCKED
12938,155.049,-12748681717135,-2144,553895,-30673.3,29502.1,8.7,-0.071,3339735,LOCKED
12939,156.050,-12748681746132,619,556658,-30727.8,29186.9,8.8,-0.087,3404599,LOCKED
12940,157.050,-12748681802004,-22856,533183,-30771.8,29349.8,8.8,-0.074,3496577,LOCKED
12941,158.050,-12748681750164,56177,612216,-30689.4,30299.2,9.0,-0.106,3582136,LOCKED
12942,159.050,-12748681809171,26152,582191,-30649.0,30503.7,8.9,-0.115,3644503,LOCKED
12943,160.050,-12748681877500,-10682,545357,-30672.8,30535.6,9.1,-0.131,3735729,LOCKED
12944,161.050,-12748681914251,-15459,540580,-30711.1,30595.6,9.3,-0.145,3696345,LOCKED
12945,162.050,-12748681930769,-918,555121,-30726.6,30576.8,9.9,-0.167,3772651,LOCKED
12946,163.050,-12748681946331,13557,569596,-30715.3,30616.9,9.8,-0.179,3851405,LOCKED
12947,164.050,-12748681939493,48139,604178,-30649.4,31274.2,9.9,-0.188,3949141,LOCKED
12948,165.050,-12748681961247,53527,609566,-30566.2,32097.2,10.0,-0.195,4018626,LOCKED
12949,166.050,-12748681990197,51602,607641,-30478.1,32852.8,10.4,-0.210,4082806,LOCKED
12950,167.050,-12748681987297,78814,634853,-30306.2,34453.7,10.3,-0.216,4065132,LOCKED
12951,168.050,-12748682118822,-21977,534062,-30290.6,34327.4,10.1,-0.221,4142305,LOCKED
12952,169.050,-12748682128176,-2147,553892,-30232.6,33993.8,10.1,-0.219,4220628,LOCKED
12953,170.050,-12748682130125,23083,579122,-30120.9,33689.0,9.9,-0.223,4310118,LOCKED
12954,171.050,-12748682150264,29298,585337,-29984.5,33278.1,10.3,-0.233,4383276,LOCKED
12955,172.050,-12748682187514,19261,575300,-29880.3,32931.9,10.2,-0.233,4438155,LOCKED
12956,173.050,-12748682228841,6073,562112,-29804.8,32557.3,9.9,-0.234,4489012,LOCKED
12957,174.050,-12748682238211,23483,579522,-29695.2,32280.9,9.9,-0.239,4569577,LOCKED
12958,175.050,-12748682264574,23641,579680,-29578.5,31912.4,9.9,-0.238,4634078,LOCKED
12959,176.050,-12748682301839,14362,570401,-29524.1,31891.9,10.0,-0.243,4693709,LOCKED
12960,177.050,-12748682389375,-39614,516425,-29656.6,31972.3,10.0,-0.242,4689778,LOCKED
12961,178.051,-12748682424188,-40643,515396,-29791.8,32064.6,10.0,-0.241,4748390,LOCKED
12962,179.050,-12748682442137,-29026,527013,-29732.3,31154.1,10.0,-0.243,4820381,LOCKED
12963,180.051,-12748682473608,-31267,524772,-29655.4,29742.0,10.0,-0.236,4884156,LOCKED
12964,181.051,-12748682501740,-27027,529012,-29744.0,29797.4,10.0,-0.235,4945843,LOCKED
12965,182.051,-12748682533487,-26506,529533,-29824.0,29901.8,9.8,-0.230,5003590,LOCKED
12966,183.051,-12748682557593,-18929,537110,-29883.8,29940.8,9.6,-0.225,5072051,LOCKED
12967,184.051,-12748682581571,-11430,544609,-29943.1,29826.4,9.5,-0.222,5140936,LOCKED
12968,185.051,-12748682609889,-8761,547278,-29979.8,29804.3,9.5,-0.221,5204673,LOCKED
12969,186.051,-12748682624978,6593,562632,-30013.6,29610.1,9.5,-0.224,5281910,LOCKED
12970,187.051,-12748682615077,44715,600754,-30000.0,29807.3,9.4,-0.223,5382378,LOCKED
12971,188.051,-12748682632642,51672,607711,-29816.7,29769.1,9.4,-0.228,5457183,LOCKED
12972,189.051,-12748682668760,40572,596611,-29648.4,29323.5,9.5,-0.228,5508186,LOCKED
12973,190.051,-12748682701739,35338,591377,-29613.7,29638.5,9.5,-0.227,5569375,LOCKED
12974,191.052,-12748682729024,35292,591331,-29555.8,30021.9,9.3,-0.220,5629112,LOCKED
12975,192.051,-12748682772785,19494,575533,-29509.9,30124.8,9.3,-0.211,5679497,LOCKED
12976,193.051,-12748682798759,20784,576823,-29434.1,30103.0,9.3,-0.210,5742571,LOCKED
12977,194.052,-12748682837669,9659,565698,-29369.1,29900.4,9.1,-0.200,5796628,LOCKED
12978,195.051,-12748682900463,-23538,532501,-29341.0,29587.9,9.0,-0.207,5847226,LOCKED
12979,196.052,-12748682950249,-42765,513274,-29329.7,29401.4,9.1,-0.204,5904702,LOCKED
12980,197.051,-12748682979729,-39052,516987,-29454.6,29554.3,9.1,-0.203,5908867,LOCKED
12981,198.052,-12748682937937,31086,587125,-29451.9,29583.5,8.9,-0.189,5967756,LOCKED
12982,199.052,-12748683043443,-41344,0,-29561.2,29976.0,8.9,-0.187,6045924,LOCKED
12983,200.052,-12748683078129,-43316,0,-29644.0,30543.0,8.9,-0.167,6103798,LOCKED
12984,201.052,-12748683095131,-28541,14775,-29701.3,30782.8,8.8,-0.162,6182030,LOCKED
12985,202.052,-12748683143347,-43940,0,-29781.3,31354.9,9.0,-0.145,6209616,LOCKED
12986,203.052,-12748683097392,29686,73626,-29727.0,31612.5,9.2,-0.087,6391933,LOCKED
12987,204.052,-12748683186508,-28052,15888,-29761.4,31820.7,9.1,-0.080,6437616,LOCKED
12988,205.052,-12748683123299,60063,104003,-29622.8,32747.7,9.1,-0.058,6517070,LOCKED
12989,206.052,-12748683252437,-37888,6052,-29636.6,32897.5,9.0,-0.035,6473271,LOCKED
12990,207.052,-12748683239924,5453,49393,-29704.3,32356.9,9.3,-0.013,6579003,LOCKED
12991,208.052,-12748683271672,968,44908,-29585.8,31067.7,9.1,0.013,6639225,LOCKED
12992,209.052,-12748683286618,15130,59070,-29587.5,31058.6,8.8,0.044,6715586,LOCKED
12993,210.052,-12748683295524,33909,77849,-29550.5,31350.0,8.8,0.044,6796694,LOCKED
12994,211.052,-12748683309858,46433,90373,-29495.5,31912.3,8.9,0.057,6872884,LOCKED
12995,212.052,-12748683330595,52000,95940,-29425.2,32644.2,8.9,0.056,6941984,LOCKED
12996,213.052,-12748683365738,43539,87479,-29362.9,33157.5,8.8,0.043,6888624,LOCKED
12997,214.052,-12748683481684,-40099,3841,-29440.9,33596.3,8.8,0.044,6977796,LOCKED
12998,215.052,-12748683496849,-23725,20215,-29504.5,33707.3,8.7,0.034,7051470,LOCKED
12999,216.053,-12748683515980,-12024,31916,-29549.8,33695.0,8.9,0.044,7120201,LOCKED
13000,217.053,-12748683493218,39051,82991,-29554.0,33641.3,8.6,0.044,7238638,LOCKED
13001,218.053,-12748683526559,31690,75630,-29431.1,33511.8,8.6,0.045,7296831,LOCKED
13002,219.053,-12748683543517,40870,84810,-29337.3,33924.9,8.6,0.046,7368966,LOCKED
13003,220.053,-12748683571291,40474,84414,-29308.4,34212.2,8.5,0.047,7434043,LOCKED
13004,221.053,-12748683599820,39627,83567,-29294.5,34364.5,8.6,0.053,7382285,LOCKED
13005,222.053,-12748683631905,35097,79037,-29267.5,34590.2,8.1,0.052,7441187,LOCKED
13006,223.053,-12748683758444,-57928,0,-29379.7,35463.7,8.1,0.052,7518695,LOCKED
13007,224.053,-12748683784421,-51900,6028,-29422.3,35962.2,8.1,0.046,7582102,LOCKED
13008,225.053,-12748683794540,-31656,26272,-29415.8,35898.5,8.2,0.050,7663398,LOCKED
13009,226.053,-12748683817024,-24355,33573,-29393.4,35695.7,7.7,0.047,7731501,LOCKED
13010,227.053,-12748683791928,25803,83731,-29223.4,34540.9,7.6,0.045,7850114,LOCKED
13011,228.053,-12748683813673,31959,89887,-29211.6,34642.9,7.6,0.040,7920056,LOCKED
13012,229.053,-12748683937588,-58463,0,-29324.7,35531.5,7.8,0.044,7885738,LOCKED
13013,230.053,-12748683948948,-38493,19970,-29359.1,35822.7,7.8,0.045,7965729,LOCKED
13014,231.053,-12748683966462,-25848,32615,-29355.4,35792.8,7.2,0.039,8037188,LOCKED
13015,232.053,-12748683987365,-16969,41494,-29348.1,35751.9,7.4,0.042,8108017,LOCKED
13016,233.053,-12748684000521,-1061,57402,-29332.4,35726.3,7.4,0.043,8187728,LOCKED
13017,234.053,-12748684009064,17424,75887,-29248.1,35562.0,7.4,0.042,8267681,LOCKED
13018,235.053,-12748684019625,32554,91017,-29127.4,35495.5,7.4,0.042,8346980,LOCKED
13019,236.053,-12748684063943,15173,73636,-29045.0,35291.6,7.4,0.040,8407980,LOCKED
13020,237.054,-12748684151454,-39680,18783,-29156.5,35552.6,7.4,0.040,8395011,LOCKED
13021,238.054,-12748684169456,-25583,32880,-29258.6,35445.8,7.5,0.041,8470118,LOCKED
13022,239.054,-12748684183205,-8601,49862,-29316.7,35308.4,7.4,0.036,8544844,LOCKED
13023,240.054,-12748684182740,20760,79223,-29330.6,35205.9,7.2,0.042,8636372,LOCKED
13024,241.054,-12748684193841,37412,95875,-29315.4,35355.8,7.2,0.042,8607558,LOCKED
13025,242.054,-12748684297035,-33034,25429,-29429.1,35376.0,7.2,0.043,8707668,LOCKED
13026,243.054,-12748684290097,4113,62576,-29474.3,35146.5,7.2,0.043,8803629,LOCKED
13027,244.054,-12748684288271,33989,92452,-29460.9,35267.3,7.0,0.037,8898754,LOCKED
13028,245.054,-12748684413593,-56988,1475,-29606.1,35935.6,7.0,0.037,8863487,LOCKED
13029,246.054,-12748684409739,-21494,36969,-29670.3,35995.4,7.0,0.038,8958948,LOCKED
13030,247.054,-12748684384010,30947,89410,-29576.4,36109.5,7.2,0.039,9075940,LOCKED
13031,248.054,-12748684405775,34994,93457,-29449.6,36066.8,7.2,0.040,9033233,LOCKED
13032,249.054,-12748684517153,-45031,13432,-29468.1,36280.6,7.1,0.031,9130890,LOCKED
13033,250.054,-12748684523494,-21539,36924,-29450.2,36141.8,7.3,0.034,9213615,LOCKED
13034,251.055,-12748684527257,2700,61163,-29383.5,35823.1,7.4,0.038,9298729,LOCKED
13035,252.055,-12748684538599,18608,77071,-29309.6,35769.5,7.4,0.056,9382935,LOCKED
13036,253.055,-12748684649117,-59503,0,-29362.7,36456.0,7.7,0.033,9364255,LOCKED
13037,254.055,-12748684653247,-32693,26810,-29385.8,36629.3,8.3,-0.002,9447512,LOCKED
13038,255.055,-12748684664345,-13013,46490,-29432.6,36624.9,8.3,-0.001,9526937,LOCKED
13039,256.055,-12748684664870,16042,75545,-29466.6,36372.7,8.3,-0.028,9620140,LOCKED
13040,257.055,-12748684763157,-48102,11401,-29616.4,36604.9,8.3,-0.027,9609876,LOCKED
13041,258.055,-12748684766353,-21263,38240,-29601.5,36495.7,8.4,-0.040,9698729,LOCKED
13042,259.055,-12748684754284,20575,80078,-29644.0,36092.4,8.4,-0.040,9804304,LOCKED
13043,260.055,-12748684766853,36944,96447,-29670.9,35741.5,8.2,-0.072,9879869,LOCKED
13044,261.055,-12748684888187,-49764,9739,-29831.6,35926.6,8.2,-0.090,9849773,LOCKED
13045,262.055,-12748684898858,-26447,33056,-29992.0,35010.4,8.2,-0.096,9930315,LOCKED
13046,263.055,-12748684913382,-10448,49055,-30000.7,35031.2,8.0,-0.104,10008499,LOCKED
13047,264.055,-12748684899148,33377,92880,-30036.1,34564.8,8.2,-0.118,10115433,LOCKED
13048,265.055,-12748685010543,-46099,13404,-30051.9,34764.1,8.2,-0.122,10097003,LOCKED
13049,266.056,-12748685003228,-6129,53374,-30169.7,33771.2,8.2,-0.125,10194893,LOCKED
13050,267.055,-12748684975100,49538,109041,-30122.9,34294.7,8.0,-0.129,10314248,LOCKED
13051,268.055,-12748685100461,-41919,17584,-30239.0,34607.2,8.0,-0.131,10279702,LOCKED
13052,269.055,-12748685091003,-1672,57831,-30263.3,34568.4,8.1,-0.126,10382571,LOCKED
13053,270.056,-12748685126556,-6785,52718,-30260.6,34562.4,8.1,-0.128,10461525,LOCKED
13054,271.056,-12748685190131,-38309,21194,-30284.8,34792.5,7.9,-0.123,10566994,LOCKED
13055,272.056,-12748685198256,-16247,43256,-30252.9,34547.6,8.0,-0.119,10554079,LOCKED
13056,273.056,-12748685170630,37880,97383,-30131.5,34668.0,7.9,-0.122,10673370,LOCKED
13057,274.056,-12748685262513,-20622,38881,-30257.0,34086.3,8.0,-0.119,10673417,LOCKED
13058,275.056,-12748685239638,31734,91237,-30271.7,33922.9,7.9,-0.122,10787442,LOCKED
13059,276.056,-12748685240365,58315,117818,-30223.2,34585.6,7.7,-0.117,10880045,LOCKED
13060,277.056,-12748685315652,11646,71149,-30163.7,34489.1,7.7,-0.119,10893372,LOCKED
13061,278.056,-12748685317881,36304,95807,-30063.0,34721.8,7.8,-0.120,10983457,LOCKED
13062,279.056,-12748685428419,-42530,16973,-30072.8,34839.4,7.8,-0.121,10964559,LOCKED
13063,280.056,-12748685418905,-4095,55408,-30009.3,34411.4,7.8,-0.123,11068568,LOCKED
13064,281.056,-12748685413619,27690,87193,-29882.9,34086.1,7.6,-0.121,11161856,LOCKED
13065,282.056,-12748685415997,50062,109565,-29713.9,34183.7,7.6,-0.122,11251559,LOCKED
13066,283.056,-12748685539739,-39591,19912,-29863.1,34047.7,7.7,-0.122,11218713,LOCKED
13067,284.056,-12748685538828,-6704,52799,-29955.8,33477.2,7.6,-0.124,11307913,LOCKED
13068,285.057,-12748685523154,37389,96892,-29942.5,33617.2,7.4,-0.121,11415150,LOCKED
13069,286.056,-12748685533149,54377,113880,-29887.7,34275.5,7.4,-0.121,11386540,LOCKED
13070,287.056,-12748685619440,-2968,56535,-29836.4,33997.4,7.5,-0.119,11500318,LOCKED
13071,288.056,-12748685629252,14532,74035,-29736.5,33563.1,7.4,-0.124,11584753,LOCKED
13072,289.057,-12748685631167,41208,100711,-29748.8,33389.5,7.2,-0.118,11562332,LOCKED
13073,290.057,-12748685725320,-20630,38873,-29840.7,33228.1,7.0,-0.112,11671351,LOCKED
13074,291.057,-12748685713451,20455,79958,-29844.0,33205.4,7.1,-0.111,11772741,LOCKED
13075,292.057,-12748685814993,-47436,12067,-29952.2,33768.9,6.9,-0.105,11761480,LOCKED
13076,293.057,-12748685811751,-13311,46192,-29975.8,33817.3,6.9,-0.103,11859116,LOCKED
13077,294.057,-12748685820284,6910,66413,-29927.2,33712.1,6.7,-0.095,11941596,LOCKED
13078,295.057,-12748685821441,31964,91467,-29797.8,33511.6,6.8,-0.094,12032594,LOCKED
13079,296.057,-12748685833552,45376,104879,-29663.1,33805.6,6.5,-0.084,12115293,LOCKED
13080,297.057,-12748685920875,-10730,48773,-29721.7,33696.9,6.5,-0.082,12114166,LOCKED
13081,298.057,-12748685928220,11319,70822,-29724.4,33686.5,7.3,-0.068,12198874,LOCKED
13082,299.057,-12748685923163,43016,102519,-29644.5,34187.4,7.3,-0.064,12296022,LOCKED
13083,300.057,-12748686051671,-53363,6140,-29677.7,34633.1,7.2,-0.059,12260381,LOCKED
13084,301.057,-12748686041605,-14517,44986,-29609.3,33920.3,7.2,-0.054,12357135,LOCKED
13085,302.057,-12748686043931,12500,72003,-29617.1,33885.1,7.5,-0.044,12447883,LOCKED
13086,303.057,-12748686083098,2127,61630,-29580.1,33788.7,7.7,-0.033,12525020,LOCKED
13087,304.057,-12748686161576,-45454,14049,-29569.1,33622.0,7.6,-0.023,12516059,LOCKED
13088,305.058,-12748686195585,-45248,14255,-29722.2,33698.4,7.7,-0.033,12608565,LOCKED
13089,306.058,-12748686146731,31595,91098,-29689.6,33924.5,7.6,-0.023,12710158,LOCKED
13090,307.058,-12748686225370,-17647,41856,-29645.8,33512.7,7.6,-0.027,12722098,LOCKED
13091,308.058,-12748686220559,13955,73458,-29528.7,32790.2,7.5,-0.016,12816722,LOCKED
13092,309.058,-12748686219077,42870,102373,-29497.1,33131.8,7.6,-0.019,12796326,LOCKED
13093,310.058,-12748686302052,-9856,49647,-29517.6,33157.8,7.6,-0.022,12918327,LOCKED
13094,311.058,-12748686292377,26649,86152,-29429.9,33203.0,7.7,-0.012,13015399,LOCKED
13095,312.059,-12748686296650,46968,106471,-29270.3,33276.4,7.7,-0.017,12992355,LOCKED
13096,313.058,-12748686400829,-25042,34461,-29371.1,33158.3,7.7,-0.018,13089466,LOCKED
13097,314.058,-12748686399926,5237,64740,-29380.0,33136.1,7.7,-0.027,13183616,LOCKED
13098,315.058,-12748686401093,31028,90531,-29312.6,33387.8,7.6,-0.029,13161664,LOCKED
13099,316.058,-12748686507443,-44278,15225,-29324.0,33534.2,7.6,-0.029,13258242,LOCKED
13100,317.058,-12748686473710,18562,78065,-29344.2,33379.3,7.6,-0.020,13383780,LOCKED
13101,318.058,-12748686485858,33612,93115,-29294.8,33682.0,7.6,-0.020,13350279,LOCKED
13102,319.059,-12748686586065,-36101,23402,-29293.5,33668.1,7.6,-0.013,13454413,LOCKED
13103,320.058,-12748686585590,-7747,51756,-29211.0,32852.5,7.7,-0.005,13544668,LOCKED
13104,321.058,-12748686571508,34361,93864,-29210.1,32863.3,7.7,-0.006,13648366,LOCKED
13105,322.058,-12748686712382,-71730,0,-29364.5,34204.2,7.9,0.000,13602733,LOCKED
13106,323.059,-12748686712351,-39407,32323,-29442.8,34613.0,7.9,-0.000,13691929,LOCKED
13107,324.059,-12748686700877,189,71919,-29378.2,34252.9,7.7,-0.002,13795846,LOCKED
13108,325.058,-12748686699815,30064,101794,-29400.5,34002.4,7.8,0.003,13886745,LOCKED
13109,326.059,-12748686824704,-60904,10826,-29521.3,34977.0,7.8,0.002,13854686,LOCKED
13110,327.059,-12748686805424,-12881,58849,-29461.6,34435.7,7.9,0.006,13966496,LOCKED
13111,328.058,-12748686813776,9232,80962,-29526.3,33883.8,8.0,0.009,14046941,LOCKED
13112,329.059,-12748686812686,37592,109322,-29478.0,34239.0,7.9,0.010,14026365,LOCKED
13113,330.059,-12748686916040,-33409,38321,-29563.7,34474.3,8.0,0.013,14125158,LOCKED
13114,331.059,-12748686911354,2511,74241,-29650.0,33751.9,7.9,0.014,14220805,LOCKED
13115,332.059,-12748686906128,36081,107811,-29645.9,33796.5,7.8,0.018,14317816,LOCKED
13116,333.059,-12748687019629,-45416,26314,-29686.2,34218.8,7.8,0.017,14293164,LOCKED
13117,334.059,-12748687018568,-12389,59341,-29777.7,33831.5,7.7,0.019,14387198,LOCKED
13118,335.059,-12748687014654,19595,91325,-29726.4,33910.6,7.8,0.021,14484558,LOCKED
13119,336.059,-12748687052839,9078,80808,-29640.3,33494.8,7.7,0.023,14563416,LOCKED
13120,337.059,-12748687106851,-14216,57514,-29669.6,33548.7,7.7,0.023,14575371,LOCKED
13121,338.059,-12748687125084,-3407,68323,-29633.0,33389.9,7.7,0.022,14648444,LOCKED
13122,339.059,-12748687120438,30701,102431,-29675.8,32807.0,7.9,0.019,14743944,LOCKED
13123,340.059,-12748687157585,22341,94071,-29669.3,32849.6,8.0,0.018,14701937,LOCKED
13124,341.059,-12748687247042,-35539,36191,-29703.9,33132.7,8.2,0.016,14801106,LOCKED
13125,342.060,-12748687278845,-36623,35107,-29692.8,32991.6,8.3,0.016,14892733,LOCKED
13126,343.059,-12748687327173,-50019,21711,-29867.1,33009.1,8.5,0.015,15004512,LOCKED
13127,344.060,-12748687329165,-19910,51820,-29943.7,32961.2,8.4,0.021,14989774,LOCKED
13128,345.059,-12748687323273,14243,85973,-29884.7,32912.4,8.4,0.020,15090646,LOCKED
13129,346.060,-12748687415664,-46497,25233,-29894.1,33043.0,8.4,0.020,15086832,LOCKED
13130,347.059,-12748687369727,27894,99624,-29869.7,33204.8,8.3,0.027,15226702,LOCKED
13131,348.060,-12748687384456,40034,111764,-29788.9,33636.9,8.3,0.027,15191393,LOCKED
13132,349.061,-12748687473638,-19293,52437,-29760.0,33387.1,8.3,0.034,15305808,LOCKED
13133,350.060,-12748687462171,21402,93132,-29769.5,33315.0,8.3,0.034,15407936,LOCKED
13134,351.060,-12748687470290,39795,111525,-29675.7,33698.9,8.2,0.043,15380276,LOCKED
13135,352.060,-12748687536464,4942,76672,-29764.8,32843.7,8.2,0.044,15518049,LOCKED
13136,353.060,-12748687553161,17721,89451,-29780.1,32735.0,8.2,0.054,15591053,LOCKED
13137,354.060,-12748687560482,37781,109511,-29725.2,33123.2,8.0,0.068,15680317,LOCKED
13138,355.060,-12748687686212,-55206,16524,-29781.6,33816.5,8.0,0.070,15641319,LOCKED
13139,356.060,-12748687694602,-32960,38770,-29768.6,33668.6,8.0,0.062,15729766,LOCKED
13140,357.060,-12748687654865,34689,106419,-29735.1,33930.6,8.1,0.056,15744861,LOCKED
13141,358.060,-12748687774266,-51634,20096,-29813.4,34634.6,7.6,0.040,15830948,LOCKED
13142,359.060,-12748687781943,-28929,42801,-29793.2,34420.6,7.6,0.035,15913684,LOCKED
13143,360.061,-12748687792897,-7552,64178,-29905.4,33571.7,7.6,0.045,15994749,LOCKED
13144,361.060,-12748687787811,26344,98074,-29895.5,33644.8,7.7,0.041,16090940,LOCKED
13145,362.060,-12748687789913,50404,122134,-29795.9,34323.0,7.6,0.034,16066768,LOCKED
13146,363.061,-12748687903255,-30962,40768,-29851.5,34579.4,7.5,0.025,16161442,LOCKED
13147,364.061,-12748687904920,-911,70819,-29941.6,33892.3,7.5,0.032,16249793,LOCKED
13148,365.061,-12748687906674,27440,99170,-29995.5,33170.1,7.3,0.043,16339498,LOCKED
13149,366.061,-12748687925384,35619,107349,-29902.1,33435.1,7.3,0.039,16299935,LOCKED
13150,367.061,-12748687983328,8037,79767,-29938.1,33226.9,7.3,0.045,16447204,LOCKED
13151,368.061,-12748687987893,31089,102819,-29875.8,33488.6,7.4,0.050,16532600,LOCKED
13152,369.061,-12748688005042,39726,111456,-29740.8,33541.3,7.1,0.056,16493328,LOCKED
13153,370.061,-12748688118944,-41146,30584,-29834.0,33964.5,7.1,0.052,16584783,LOCKED
13154,371.061,-12748688109106,-2219,69511,-29793.7,33792.8,7.1,0.055,16686378,LOCKED
13155,372.061,-12748688122827,11206,82936,-29682.1,33069.8,7.1,0.051,16760332,LOCKED
13156,373.061,-12748688128358,33659,105389,-29654.7,33294.2,7.1,0.054,16735650,LOCKED
13157,374.061,-12748688241711,-47201,24529,-29715.6,33863.3,6.8,0.050,16827031,LOCKED
13158,375.061,-12748688242406,-18338,53392,-29677.3,33513.1,6.9,0.053,16918287,LOCKED
13159,376.061,-12748688239583,14386,86116,-29712.3,33244.6,6.9,0.049,17012446,LOCKED
13160,377.061,-12748688321099,-35892,35838,-29727.5,33395.8,7.2,0.058,17022321,LOCKED
13161,378.061,-12748688326791,-12600,59130,-29669.9,32865.7,7.2,0.059,17106476,LOCKED
13162,379.061,-12748688334757,9258,80988,-29693.0,32748.8,7.4,0.067,17192784,LOCKED
13163,380.061,-12748688347630,24164,95894,-29639.1,32900.8,7.4,0.070,17270018,LOCKED
13164,381.061,-12748688421085,-20093,51637,-29583.9,32262.2,7.4,0.070,17223530,LOCKED
13165,382.061,-12748688498775,-61870,9860,-29792.0,32432.3,7.4,0.073,17302328,LOCKED
13166,383.061,-12748688492884,-23378,48352,-29891.2,32274.4,7.6,0.077,17396272,LOCKED
13167,384.062,-12748688521485,-20820,50910,-29918.9,32390.8,7.9,0.081,17484646,LOCKED
13168,385.062,-12748688584203,-51320,20410,-29946.4,32776.6,8.1,0.087,17589847,LOCKED
13169,386.062,-12748688596568,-29590,42140,-30101.1,32047.0,8.1,0.086,17569993,LOCKED
13170,387.062,-12748688577300,18973,90703,-30093.1,32090.8,8.3,0.092,17678782,LOCKED
13171,388.062,-12748688574800,47980,119710,-29996.7,32731.7,8.2,0.095,17775062,LOCKED
13172,389.062,-12748688681179,-27899,43831,-29974.9,32492.8,8.5,0.096,17759512,LOCKED
13173,390.062,-12748688673328,10324,82054,-30011.7,32244.4,8.4,0.099,17862411,LOCKED
13174,391.062,-12748688658459,51561,123291,-29918.4,32995.2,8.6,0.100,17969798,LOCKED
13175,392.062,-12748688782200,-40803,30927,-29922.1,33041.8,8.8,0.105,17933241,LOCKED
13176,393.062,-12748688773137,-245,71485,-29999.1,32506.1,8.8,0.103,18034085,LOCKED
13177,394.062,-12748688768080,33068,104798,-29968.5,32746.2,8.8,0.101,18130207,LOCKED
13178,395.062,-12748688775642,51255,122985,-29846.4,33384.8,8.7,0.105,18215873,LOCKED
13179,396.062,-12748688896364,-37482,34248,-29889.1,33723.5,8.7,0.103,18184625,LOCKED
13180,397.062,-12748688886063,2913,74643,-29904.1,33690.1,8.9,0.101,18287205,LOCKED
13181,398.062,-12748688903447,14445,86175,-29879.5,33747.1,9.0,0.098,18359284,LOCKED
13182,399.062,-12748688893802,49308,121038,-29732.5,34083.3,8.9,0.087,18461772,LOCKED
13183,400.062,-12748689010718,-36457,35273,-29741.5,34177.5,8.9,0.083,18435055,LOCKED
13184,401.062,-12748689014813,-9190,62540,-29805.9,33995.4,8.6,0.069,18523881,LOCKED
13185,402.062,-12748689005759,28800,100530,-29811.1,33946.6,8.7,0.072,18624233,LOCKED
13186,403.063,-12748689015112,47770,119500,-29817.5,33846.9,8.4,0.056,18591686,LOCKED
13187,404.063,-12748689117863,-22676,49054,-29902.0,33809.6,8.4,0.061,18693703,LOCKED
13188,405.063,-12748689108409,15338,87068,-29861.7,33857.6,8.4,0.054,18792533,LOCKED
13189,406.063,-12748689105967,46336,118066,-29874.7,33654.8,8.3,0.044,18889704,LOCKED
13190,407.063,-12748689203826,-20907,50823,-29876.3,33665.2,8.4,0.030,18881006,LOCKED
13191,408.063,-12748689194994,15452,87182,-29786.5,33379.1,8.3,0.015,18984266,LOCKED
13192,409.063,-12748689194156,43767,115497,-29745.9,33788.6,8.4,0.033,19072541,LOCKED
13193,410.063,-12748689317278,-47075,24655,-29792.0,34272.4,8.3,0.018,19041628,LOCKED
13194,411.064,-12748689309024,-9848,61882,-29735.3,33816.7,8.3,0.018,19139711,LOCKED
13195,412.063,-12748689323882,4425,76155,-29713.0,33803.2,8.3,-0.013,19214007,LOCKED
13196,413.063,-12748689334268,21471,93201,-29636.6,33795.9,8.3,-0.013,19295051,LOCKED
13197,414.063,-12748689349205,32262,103992,-29498.2,33483.5,8.1,-0.033,19262932,LOCKED
13198,415.063,-12748689449771,-34778,36952,-29638.3,33254.8,7.9,-0.072,19363478,LOCKED
13199,416.063,-12748689468506,-21380,50350,-29725.3,33159.8,7.8,-0.064,19443454,LOCKED
13200,417.063,-12748689440013,33161,104891,-29599.7,33054.0,7.7,-0.070,19448266,LOCKED
13201,418.063,-12748689542334,-35405,36325,-29745.1,32773.7,7.7,-0.067,19542889,LOCKED
13202,419.063,-12748689549127,-10644,61086,-29816.3,32552.1,7.7,-0.073,19632522,LOCKED
13203,420.063,-12748689546054,21251,92981,-29802.8,32627.7,7.7,-0.070,19732628,LOCKED
13204,421.064,-12748689636019,-37085,34645,-29830.8,32889.2,7.6,-0.076,19729495,LOCKED
13205,422.064,-12748689673350,-43320,28410,-29820.8,32741.7,7.6,-0.073,19814533,LOCKED
13206,423.064,-12748689627107,31703,103433,-29822.5,32724.5,7.7,-0.079,19916382,LOCKED
13207,424.064,-12748689733450,-41715,30015,-29905.5,33202.4,7.7,-0.077,19906954,LOCKED
13208,425.064,-12748689722167,-1180,70550,-29871.4,33084.3,7.7,-0.075,20007385,LOCKED
13209,426.064,-12748689723481,24491,96221,-29770.3,32944.2,7.6,-0.081,20099007,LOCKED
13210,427.064,-12748689796397,-17715,54015,-29787.0,33013.1,7.7,-0.079,20119472,LOCKED
13211,428.064,-12748689786362,19557,91287,-29694.2,32808.5,7.7,-0.084,20219728,LOCKED
13212,429.064,-12748689786309,44468,116198,-29530.4,32691.5,7.8,-0.088,20311540,LOCKED
13213,430.064,-12748689905075,-40841,30889,-29655.5,32899.5,7.7,-0.088,20283719,LOCKED
13214,431.064,-12748689895184,-1393,70337,-29648.3,32891.7,7.8,-0.091,20383116,LOCKED
13215,432.064,-12748689901723,19581,91311,-29575.9,32867.0,7.6,-0.092,20466708,LOCKED
13216,433.064,-12748689908812,37733,109463,-29425.7,32620.1,7.6,-0.091,20555372,LOCKED
13217,434.064,-12748690039182,-58058,13672,-29582.3,33289.4,7.5,-0.097,20514644,LOCKED
13218,435.064,-12748690029896,-17721,54009,-29625.0,33364.1,7.6,-0.100,20611717,LOCKED
13219,436.064,-12748690019046,20451,92181,-29545.8,33310.8,7.5,-0.106,20713454,LOCKED
13220,437.064,-12748690118093,-45034,26696,-29668.3,33699.6,7.4,-0.106,20708794,LOCKED
13221,438.065,-12748690131058,-26350,45380,-29721.8,33884.3,7.9,-0.111,20781443,LOCKED
13222,439.065,-12748690134652,-753,70977,-29694.4,33811.5,7.9,-0.110,20871192,LOCKED
13223,440.065,-12748690151549,10118,81848,-29616.5,33517.3,8.3,-0.115,20946805,LOCKED
13224,441.065,-12748690160700,28821,100551,-29577.9,33732.4,8.7,-0.119,21027643,LOCKED
13225,442.065,-12748690178778,39510,101380,-29603.9,33349.5,8.8,-0.121,20990408,LOCKED
13226,443.065,-12748690295074,-43406,18464,-29717.2,33743.5,8.7,-0.118,21079768,LOCKED
13227,444.065,-12748690275396,6371,68241,-29746.6,33608.1,9.0,-0.116,21190588,LOCKED
13228,445.065,-12748690278563,32724,94594,-29790.0,32989.6,8.9,-0.112,21279590,LOCKED
13229,446.065,-12748690391868,-46058,15812,-29946.0,33068.2,9.3,-0.114,21259173,LOCKED
13230,447.065,-12748690339176,34144,96014,-29883.2,33390.9,9.2,-0.108,21400810,LOCKED
13231,448.065,-12748690357264,41772,103642,-29747.8,33526.1,9.5,-0.109,21361736,LOCKED
13232,449.065,-12748690456851,-25000,36870,-29857.0,33315.4,9.4,-0.102,21463545,LOCKED
13233,450.065,-12748690443788,16856,78726,-29832.8,33391.4,9.4,-0.101,21570164,LOCKED
13234,451.065,-12748690446902,39339,101209,-29690.1,33330.4,9.3,-0.093,21658940,LOCKED
13235,452.065,-12748690483791,31639,93509,-29718.2,32976.8,9.2,-0.083,21602755,LOCKED
13236,453.065,-12748690579197,-31465,30405,-29792.8,33218.4,9.2,-0.081,21711880,LOCKED
13237,454.065,-12748690608127,-29342,32528,-29805.9,33324.3,9.2,-0.078,21802271,LOCKED
13238,455.065,-12748690657521,-47235,14635,-29810.5,33391.2,9.2,-0.075,21910488,LOCKED
13239,456.065,-12748690656059,-13428,48442,-29912.7,32880.5,9.5,-0.069,21907342,LOCKED
13240,457.065,-12748690634739,35623,97493,-29864.8,33215.5,9.3,-0.055,21906393,LOCKED
13241,458.065,-12748690739207,-36609,25261,-29920.4,33578.8,9.3,-0.062,22005613,LOCKED
13242,459.066,-12748690751477,-19175,42695,-29877.8,33157.8,9.0,-0.044,22086383,LOCKED
13243,460.066,-12748690753394,9588,71458,-29933.2,32708.2,9.0,-0.039,22175794,LOCKED
13244,461.066,-12748690742332,47890,109760,-29880.6,33259.8,9.0,-0.034,22276238,LOCKED
13245,462.066,-12748690856086,-34361,27509,-29903.1,33458.3,8.7,-0.000,22253789,LOCKED
13246,463.066,-12748690843375,6306,68176,-29817.9,32971.9,8.7,0.005,22359667,LOCKED
13247,464.066,-12748690839350,38453,100323,-29798.6,33174.3,8.7,0.011,22454973,LOCKED
13248,465.066,-12748690957459,-46992,14878,-29861.2,33747.7,8.6,0.019,22426124,LOCKED
13249,466.066,-12748690954398,-14578,47292,-29811.9,33304.9,8.6,0.042,22524700,LOCKED
13250,467.066,-12748690928509,39212,101082,-29783.3,33584.2,7.9,0.077,22529008,LOCKED
13251,468.066,-12748691025275,-26482,35388,-29802.5,33710.4,7.9,0.079,22633589,LOCKED
13252,469.066,-12748691024020,2735,64605,-29716.6,33121.2,7.4,0.068,22727954,LOCKED
13253,470.066,-12748691022995,32760,94630,-29735.9,32885.1,7.4,0.062,22822349,LOCKED
13254,471.066,-12748691044444,38634,100504,-29681.6,33284.6,7.3,0.066,22777426,LOCKED
13255,472.066,-12748691160406,-44814,17056,-29746.2,33819.0,7.4,0.071,22866778,LOCKED
13256,473.066,-12748691160127,-14704,47166,-29725.9,33689.2,7.6,0.057,22957820,LOCKED
13257,474.066,-12748691178478,-4526,57344,-29659.5,33199.4,7.6,0.062,23031827,LOCKED
13258,475.066,-12748691173410,29096,90966,-29653.6,33250.7,7.6,0.059,23125344,LOCKED
13259,476.066,-12748691191917,38144,100014,-29614.0,33585.3,7.5,0.063,23204929,LOCKED
13260,477.066,-12748691261408,-3048,58822,-29544.3,33080.6,7.6,0.060,23223230,LOCKED
13261,478.066,-12748691262561,24598,86468,-29548.6,33044.8,7.7,0.052,23313172,LOCKED
13262,479.066,-12748691283292,31421,93291,-29502.9,33311.2,7.8,0.056,23270403,LOCKED
13263,480.067,-12748691389468,-43243,18627,-29529.6,33610.6,7.7,0.055,23367167,LOCKED
13264,481.067,-12748691375027,1749,63619,-29582.8,33328.6,7.8,0.058,23471613,LOCKED
13265,482.067,-12748691371700,33803,95673,-29597.0,33157.3,7.7,0.058,23566604,LOCKED
13266,483.067,-12748691392626,38640,100510,-29472.9,33284.5,7.7,0.061,23523061,LOCKED
13267,484.067,-12748691476395,-13269,48601,-29568.2,32863.0,7.6,0.062,23645452,LOCKED
13268,485.067,-12748691471330,20094,81964,-29539.2,32972.6,7.5,0.063,23741185,LOCKED
13269,486.067,-12748691491244,26949,88819,-29447.9,32999.0,7.5,0.062,23701055,LOCKED
13270,487.067,-12748691557971,-9137,52733,-29491.3,32954.1,7.4,0.063,23835010,LOCKED
13271,488.067,-12748691589696,-11381,50489,-29471.8,32848.7,8.1,0.056,23895952,LOCKED
13272,489.067,-12748691590227,14645,76515,-29352.9,32107.1,8.4,0.053,23989080,LOCKED
13273,490.067,-12748691622600,11937,73807,-29388.2,31852.5,8.8,0.051,23949531,LOCKED
13274,491.067,-12748691714563,-47527,14343,-29461.9,32491.3,8.8,0.051,24047734,LOCKED
13275,492.067,-12748691751471,-52300,9570,-29506.2,33054.8,9.2,0.051,24146821,LOCKED
13276,493.067,-12748691693675,31076,92946,-29364.9,32638.3,9.2,0.054,24248921,LOCKED
13277,494.067,-12748691801172,-42431,19439,-29521.7,32523.7,9.7,0.051,24235118,LOCKED
13278,495.067,-12748691791534,-2627,59243,-29548.9,32478.2,9.8,0.051,24333496,LOCKED
13279,496.068,-12748691789644,26056,87926,-29456.8,32472.0,10.2,0.050,24315392,LOCKED
13280,497.068,-12748691845104,1394,63264,-29525.1,32007.0,10.6,0.050,24462240,LOCKED
13281,498.068,-12748691851697,23629,85499,-29530.2,31964.8,11.5,0.044,24550144,LOCKED
13282,499.068,-12748691954027,-45920,15950,-29613.6,32566.7,11.8,0.045,24537927,LOCKED
13283,500.068,-12748691947536,-9489,52381,-29613.8,32567.4,12.1,0.041,24636498,LOCKED
13284,501.068,-12748691939934,24919,86789,-29517.3,32486.0,12.4,0.037,24732348,LOCKED
13285,502.068,-12748691961232,29498,91368,-29387.4,32167.9,12.4,0.040,24804399,LOCKED
13286,503.068,-12748692087740,-61951,0,-29563.0,32842.6,13.1,0.046,24766429,LOCKED
13287,504.068,-12748692092127,-34590,27361,-29612.9,33166.2,13.1,0.042,24856651,LOCKED
13288,505.068,-12748692092623,-6178,55773,-29567.9,32894.3,13.3,0.049,24944233,LOCKED
13289,506.068,-12748692091966,24148,86099,-29613.1,32354.6,13.3,0.046,25036108,LOCKED
13290,507.068,-12748692186700,-39301,22650,-29629.8,32541.7,13.5,0.056,25029044,LOCKED
13291,508.068,-12748692204622,-27198,34753,-29603.9,32250.8,13.5,0.054,25104897,LOCKED
13292,509.068,-12748692204399,3326,65277,-29643.8,32059.3,13.7,0.067,25198914,LOCKED
13293,510.068,-12748692204881,29877,91828,-29565.2,32251.1,13.6,0.080,25286929,LOCKED
13294,511.068,-12748692331414,-64179,0,-29601.4,32881.2,13.7,0.067,25256619,LOCKED
13295,512.068,-12748692336745,-38545,25634,-29604.2,32914.6,13.9,0.045,25339906,LOCKED
13296,513.069,-12748692323279,5152,69331,-29643.6,32707.4,14.1,0.028,25442946,LOCKED
13297,514.068,-12748692321213,35420,99599,-29631.8,32829.2,14.1,0.030,25532946,LOCKED
13298,515.068,-12748692450758,-58661,5518,-29820.8,33115.6,14.3,0.019,25496816,LOCKED
13299,516.069,-12748692439064,-15251,48928,-29888.6,33027.9,14.4,-0.007,25598069,LOCKED
13300,517.069,-12748692417580,32917,97096,-29785.9,33146.5,14.2,0.019,25599895,LOCKED
13301,518.069,-12748692521740,-37225,26954,-29931.9,32940.8,14.1,0.031,25699455,LOCKED
13302,519.069,-12748692541066,-23790,40389,-30031.4,32795.1,14.2,0.009,25774340,LOCKED
13303,520.069,-12748692554192,-6171,58008,-30056.2,32788.0,14.2,0.015,25848819,LOCKED
13304,521.069,-12748692544953,29891,94070,-29947.0,32744.5,14.2,0.010,25954945,LOCKED
13305,522.069,-12748692558711,44687,108866,-29953.0,32654.8,14.1,-0.007,25917607,LOCKED
13306,523.069,-12748692665438,-29760,34419,-30017.8,32889.3,14.1,-0.000,26014046,LOCKED
13307,524.069,-12748692667114,-2169,62010,-29977.3,32711.1,13.8,-0.004,26107457,LOCKED
13308,525.069,-12748692693073,3768,67947,-30078.0,31642.8,13.8,0.002,26191924,LOCKED
13309,526.069,-12748692780358,-48892,15287,-30220.1,32035.6,13.5,0.008,26178072,LOCKED
13310,527.069,-12748692786509,-23874,40305,-30226.9,32084.7,13.5,0.014,26294067,LOCKED
13311,528.069,-12748692746046,45305,109484,-30228.2,32065.8,13.2,0.012,26396224,LOCKED
13312,529.069,-12748692791777,28402,92581,-30206.7,32222.6,13.1,0.012,26346254,LOCKED
13313,530.069,-12748692873342,-21963,42216,-30218.9,32296.2,13.1,0.017,26452086,LOCKED
13314,531.069,-12748692902320,-20175,44004,-30212.1,32247.6,12.8,0.024,26547841,LOCKED
13315,532.069,-12748692873221,38617,102796,-30251.0,31611.6,12.5,0.025,26634934,LOCKED
13316,533.069,-12748692988967,-42727,21452,-30383.9,31823.8,12.5,0.024,26611282,LOCKED
13317,534.069,-12748693015145,-35186,28993,-30489.3,32002.5,12.2,0.022,26704778,LOCKED
13318,535.069,-12748692976919,31093,95272,-30421.3,32263.0,12.2,0.019,26807092,LOCKED
13319,536.070,-12748693057429,-18469,45710,-30416.4,32231.5,11.7,0.024,26824530,LOCKED
13320,537.070,-12748693010531,55586,119765,-30348.8,33022.9,11.6,0.026,26957941,LOCKED
13321,538.070,-12748693128172,-30077,34102,-30378.8,33227.8,11.7,0.030,26932864,LOCKED
13322,539.070,-12748693118713,8378,72557,-30324.7,33107.1,11.2,0.036,27033168,LOCKED
13323,540.070,-12748693111216,44913,109092,-30336.3,32928.8,11.1,0.039,27135609,LOCKED
13324,541.070,-12748693222362,-33271,30908,-30410.0,33216.1,10.5,0.047,27113266,LOCKED
13325,542.070,-12748693225303,-6198,57981,-30380.2,33077.0,10.3,0.051,27202400,LOCKED
13326,543.070,-12748693223833,22849,87028,-30280.4,32898.9,9.6,0.060,27298898,LOCKED
13327,544.070,-12748693222795,51187,115366,-30219.2,33552.7,9.6,0.068,27391430,LOCKED
13328,545.070,-12748693344916,-38725,25454,-30252.5,33856.5,9.3,0.074,27359625,LOCKED
13329,546.070,-12748693345227,-9214,54965,-30215.9,33633.0,9.2,0.082,27452812,LOCKED
13330,547.070,-12748693312182,50689,114868,-30135.3,34324.2,8.9,0.090,27463491,LOCKED
13331,548.070,-12748693413332,-18844,45335,-30176.8,34413.2,8.9,0.087,27564660,LOCKED
13332,549.070,-12748693413822,9343,73522,-30118.6,34284.2,8.9,0.090,27659336,LOCKED
13333,550.070,-12748693415952,34119,98298,-30017.5,34447.5,8.9,0.086,27749140,LOCKED
13334,551.071,-12748693424670,52999,117178,-29986.8,34859.2,8.8,0.096,27719794,LOCKED
13335,552.071,-12748693515979,-6348,57831,-30073.4,34376.9,8.8,0.093,27834549,LOCKED
13336,553.071,-12748693512081,24439,88618,-29957.5,34071.0,9.0,0.097,27926735,LOCKED
13337,554.071,-12748693508822,54978,119157,-29917.5,34605.1,8.9,0.093,28021301,LOCKED
13338,555.071,-12748693620417,-25201,38978,-29949.2,34760.4,8.9,0.098,28002092,LOCKED
13339,556.071,-12748693625143,-1265,62914,-29883.8,34364.0,8.9,0.094,28086784,LOCKED
13340,557.071,-12748693594383,54997,119176,-29759.9,35102.0,8.8,0.089,28099641,LOCKED
13341,558.071,-12748693690144,-11684,52495,-29707.1,34675.3,8.5,0.073,28208630,LOCKED
13342,559.071,-12748693695330,12945,77124,-29733.9,34506.8,8.6,0.069,28292212,LOCKED
13343,560.071,-12748693698868,36381,100560,-29658.9,34847.7,8.5,0.061,28384511,LOCKED
13344,561.071,-12748693814129,-47535,16644,-29662.5,34899.1,8.4,0.052,28356884,LOCKED
13345,562.071,-12748693857088,-58718,5461,-29668.6,35002.7,8.4,0.051,28438480,LOCKED
13346,563.071,-12748693813260,15145,79324,-29711.8,34643.7,8.1,0.041,28542502,LOCKED
13347,564.071,-12748693843994,13761,77940,-29717.0,34619.7,8.1,0.040,28640415,LOCKED
13348,565.071,-12748693910557,-21978,42201,-29734.8,34711.0,8.0,0.026,28623127,LOCKED
13349,566.071,-12748693945487,-26815,37364,-29707.7,34426.4,8.2,0.012,28707890,LOCKED
13350,567.071,-12748693970955,-20414,43765,-29780.0,34422.3,8.2,0.011,28747699,LOCKED
13351,568.071,-12748693979131,1482,65661,-29796.8,34389.9,8.2,0.011,28827747,LOCKED
13352,569.071,-12748693981494,26429,90608,-29718.6,34488.2,8.0,-0.007,28917163,LOCKED
13353,570.072,-12748694026615,8655,72834,-29616.3,33843.2,8.2,-0.022,28994415,LOCKED
13354,571.072,-12748694102774,-33974,30205,-29752.2,33641.4,8.0,-0.018,28979825,LOCKED
13355,572.072,-12748694137523,-35659,28520,-29855.6,33840.2,7.8,-0.015,29053741,LOCKED
13356,573.072,-12748694096477,32380,96559,-29768.9,34045.5,7.7,-0.013,29167059,LOCKED
13357,574.072,-12748694108627,45039,109218,-29600.0,33882.3,7.7,-0.013,29134204,LOCKED
13358,575.072,-12748694203393,-17369,46810,-29706.7,33446.9,7.5,-0.012,29242681,LOCKED
13359,576.072,-12748694192167,22222,86401,-29677.8,33573.7,7.3,-0.011,29348922,LOCKED
13360,577.072,-12748694298245,-52182,11997,-29688.9,33744.5,7.5,-0.020,29337001,LOCKED
13361,578.072,-12748694292823,-15050,49129,-29763.2,33602.1,7.5,-0.020,29431605,LOCKED
13362,579.072,-12748694279768,26606,90785,-29750.4,33693.7,7.3,-0.020,29535099,LOCKED
13363,580.072,-12748694289270,43911,108090,-29678.9,34214.8,7.1,-0.020,29504143,LOCKED
13364,581.072,-12748694382044,-19176,45003,-29647.3,33940.3,7.3,-0.014,29616862,LOCKED
13365,582.072,-12748694382333,7688,71867,-29537.4,33125.8,7.2,-0.009,29707296,LOCKED
13366,583.072,-12748694381623,36073,100252,-29506.0,33395.5,7.1,-0.009,29800158,LOCKED
13367,584.072,-12748694499582,-49299,14880,-29575.4,34034.2,7.2,-0.005,29771582,LOCKED
13368,585.072,-12748694501163,-20328,43851,-29589.5,34105.3,7.2,0.001,29860623,LOCKED
13369,586.072,-12748694512436,-370,63809,-29669.6,33545.9,7.1,0.002,29940518,LOCKED
13370,587.072,-12748694505777,34451,98630,-29652.9,33700.8,7.1,0.007,29927729,LOCKED
13371,588.073,-12748694608721,-37803,26376,-29640.9,33545.6,7.1,0.007,30029671,LOCKED
13372,589.073,-12748694607915,-7889,56290,-29601.5,33309.1,7.2,0.009,30118464,LOCKED
13373,590.072,-12748694609188,19771,83950,-29601.6,33308.7,7.1,0.011,30210747,LOCKED
13374,591.073,-12748694612935,43320,107499,-29560.4,33716.6,7.0,0.017,30183870,LOCKED
13375,592.073,-12748694711057,-24899,39280,-29535.8,33469.9,7.1,0.016,30290129,LOCKED
13376,593.073,-12748694721638,-4044,60135,-29622.5,32901.3,7.2,0.018,30371003,LOCKED
13377,594.073,-12748694734711,13202,77381,-29678.7,32371.4,7.1,0.016,30449941,LOCKED
13378,595.073,-12748694741477,33101,97280,-29585.7,32569.5,7.0,0.013,30531631,LOCKED
13379,596.073,-12748694860195,-51441,12738,-29725.7,33086.1,7.0,0.012,30508188,LOCKED
13380,597.073,-12748694795908,38324,102503,-29580.7,32945.6,7.5,0.014,30657912,LOCKED
13381,598.073,-12748694915271,-46806,17373,-29731.5,33128.1,7.5,0.019,30628556,LOCKED
13382,599.073,-12748694913805,-14447,49732,-29764.5,33180.8,8.0,0.021,30724585,LOCKED
13383,600.073,-12748694890159,35362,99541,-29646.3,33243.0,8.0,0.020,30839273,LOCKED
13384,601.073,-12748695005910,-45910,18269,-29807.4,33241.4,8.1,0.019,30814447,LOCKED
13385,602.074,-12748695011828,-19791,44388,-29884.1,33191.0,8.2,0.018,30896412,LOCKED
13386,603.073,-12748694989602,30049,94228,-29822.6,33433.9,8.2,0.017,31012955,LOCKED
13387,604.073,-12748694996312,48461,112640,-29672.2,33696.3,8.1,0.022,31096345,LOCKED
13388,605.073,-12748695115062,-36282,27897,-29824.9,33348.5,8.2,0.020,31070472,LOCKED
13389,606.073,-12748695113360,-3576,60603,-29876.9,33163.0,8.1,0.026,31163231,LOCKED
13390,607.073,-12748695100075,35850,100029,-29752.9,33182.4,8.1,0.024,31266625,LOCKED
13391,608.073,-12748695213820,-43917,20262,-29887.5,33418.0,8.2,0.022,31241325,LOCKED
13392,609.073,-12748695217942,-16729,47450,-29929.6,33480.5,8.2,0.021,31330359,LOCKED
13393,610.073,-12748695221488,8380,72559,-29880.9,33395.9,8.2,0.010,31417770,LOCKED
13394,611.074,-12748695232191,24358,88537,-29764.1,33065.8,8.1,0.019,31498162,LOCKED
13395,612.074,-12748695273552,12448,76627,-29769.5,33041.9,8.1,0.018,31582381,LOCKED
13396,613.074,-12748695352646,-35062,29117,-29800.3,33298.3,8.0,0.030,31564246,LOCKED
13397,614.074,-12748695392396,-43770,20409,-29788.4,33120.8,8.0,0.038,31643842,LOCKED
13398,615.074,-12748695349757,27771,91950,-29791.1,33096.5,8.1,0.026,31748896,LOCKED
13399,616.074,-12748695354704,49370,113549,-29713.8,33761.0,8.1,0.033,31721853,LOCKED
13400,617.074,-12748695410603,19791,83970,-29579.9,32984.8,8.4,0.007,31866307,LOCKED
13401,618.074,-12748695419605,37909,102088,-29522.1,33377.3,8.5,0.013,31950866,LOCKED
13402,619.074,-12748695525709,-36838,27341,-29550.9,33636.4,8.2,-0.014,31936356,LOCKED
13403,620.074,-12748695522280,-5157,59022,-29478.5,33045.9,8.2,-0.026,32029813,LOCKED
13404,621.074,-12748695520817,25316,89495,-29497.6,32857.9,8.2,-0.040,32121411,LOCKED
13405,622.074,-12748695533588,41019,105198,-29515.6,32590.1,8.1,-0.041,32088189,LOCKED
13406,623.074,-12748695659896,-52811,11368,-29573.3,33259.9,8.1,-0.045,32164334,LOCKED
13407,624.074,-12748695650489,-13540,50639,-29565.0,33218.2,8.1,-0.045,32264422,LOCKED
13408,625.074,-12748695651583,14558,78737,-29571.0,33187.6,8.0,-0.046,32357511,LOCKED
13409,626.074,-12748695650513,43061,107240,-29537.6,33540.5,7.8,-0.045,32445876,LOCKED
13410,627.074,-12748695730469,-6209,57970,-29583.7,33439.9,7.9,-0.056,32459041,LOCKED
13411,628.074,-12748695759462,-5243,58936,-29593.5,33447.4,8.0,-0.048,32520103,LOCKED
13412,629.075,-12748695758322,22943,87122,-29506.4,33395.8,8.0,-0.049,32618388,LOCKED
13413,630.074,-12748695765789,41598,105777,-29409.3,33818.5,7.8,-0.042,32586392,LOCKED
13414,631.075,-12748695871194,-31143,27575,-29517.4,33828.7,7.8,-0.044,32686386,LOCKED
13415,632.075,-12748695871533,-537,58181,-29586.8,33411.6,7.9,-0.039,32774095,LOCKED
13416,633.075,-12748695862442,34697,93415,-29475.3,33513.2,8.0,-0.034,32876963,LOCKED
13417,634.075,-12748695982604,-53998,4720,-29483.2,33641.8,8.0,-0.036,32846797,LOCKED
13418,635.075,-12748695986506,-26092,32626,-29554.0,33772.1,8.0,-0.033,32932781,LOCKED
13419,636.075,-12748695991823,-2553,56165,-29515.4,33608.8,8.0,-0.035,33023098,LOCKED
13420,637.075,-12748696063144,-39795,18923,-29673.5,33345.8,7.7,-0.034,33035954,LOCKED
13421,638.075,-12748696067936,-13270,45448,-29732.2,33281.5,7.7,-0.036,33124986,LOCKED
13422,639.075,-12748696069459,13278,71996,-29672.7,33211.6,7.7,-0.034,33213030,LOCKED
13423,640.075,-12748696069796,38417,97135,-29530.3,33113.1,8.0,-0.041,33302627,LOCKED
13424,641.075,-12748696186940,-45461,13257,-29638.3,33612.4,8.0,-0.041,33280808,LOCKED
13425,642.075,-12748696182437,-10933,47785,-29639.1,33615.0,7.9,-0.040,33379803,LOCKED
13426,643.075,-12748696162967,34321,93039,-29506.7,33472.7,8.0,-0.040,33486559,LOCKED
13427,644.075,-12748696283488,-51567,7151,-29672.8,33690.7,8.0,-0.039,33456818,LOCKED
13428,645.075,-12748696287026,-23114,35604,-29748.3,33728.1,8.0,-0.036,33545181,LOCKED
13429,646.075,-12748696287535,5849,64567,-29744.5,33733.8,8.0,-0.038,33635450,LOCKED
13430,647.075,-12748696372300,-47063,11655,-29769.7,34045.8,8.0,-0.035,33640453,LOCKED
13431,648.076,-12748696382208,-24103,34615,-29881.9,33770.9,8.2,-0.039,33725233,LOCKED
13432,649.076,-12748696390367,-1797,56921,-29907.6,33726.8,8.3,-0.036,33806409,LOCKED
13433,650.076,-12748696391347,24872,83590,-29838.0,33835.5,8.2,-0.039,33895578,LOCKED
13434,651.076,-12748696432302,11432,70150,-29742.8,33367.7,8.3,-0.035,33980916,LOCKED
13435,652.076,-12748696430614,40814,99532,-29710.1,33690.9,8.3,-0.037,34040763,LOCKED
13436,653.076,-12748696544559,-40494,18224,-29786.5,34134.1,8.3,-0.035,34015546,LOCKED
13437,654.076,-12748696568078,-32400,26318,-29822.3,34378.2,8.2,-0.032,34101260,LOCKED
13438,655.076,-12748696536484,25974,84692,-29716.0,34236.2,8.2,-0.028,34207705,LOCKED
13439,656.076,-12748696551617,39619,98337,-29735.9,33957.9,8.3,-0.032,34290382,LOCKED
13440,657.076,-12748696604120,14392,73110,-29638.9,33557.3,7.9,-0.020,34323000,LOCKED
13441,658.076,-12748696694858,-42154,16564,-29792.6,33477.8,7.9,-0.015,34415318,LOCKED
13442,659.076,-12748696712383,-27315,31403,-29873.5,33585.1,7.7,0.000,34398295,LOCKED
13443,660.076,-12748696699931,12956,71674,-29794.0,33342.6,7.7,0.007,34502621,LOCKED
13444,661.076,-12748696684864,55753,114471,-29785.5,33486.2,7.6,0.016,34610194,LOCKED
13445,662.076,-12748696808382,-34558,24160,-29896.1,33590.4,7.7,0.028,34576519,LOCKED
13446,663.076,-12748696789920,12224,70942,-29839.0,33517.7,7.7,0.027,34688273,LOCKED
13447,664.076,-12748696798841,29476,88194,-29707.9,33189.8,7.9,0.030,34770910,LOCKED
13448,665.076,-12748696809216,46952,105670,-29694.8,33368.1,7.8,0.044,34738648,LOCKED
13449,666.076,-12748696898337,-11357,47361,-29730.8,33380.4,8.1,0.016,34851845,LOCKED
13450,667.076,-12748696873997,38843,97561,-29605.2,33500.1,7.9,0.024,34855770,LOCKED
13451,668.077,-12748696980982,-34441,24277,-29749.2,33199.3,8.2,0.002,34949736,LOCKED
13452,669.077,-12748696997956,-19370,39348,-29829.8,33106.7,8.2,-0.002,35025797,LOCKED
13453,670.077,-12748697003285,4893,63611,-29826.3,33111.1,8.1,-0.037,35113720,LOCKED
13454,671.077,-12748696994024,40579,99297,-29726.7,33494.1,8.2,-0.057,35213027,LOCKED
13455,672.077,-12748697117790,-50224,8494,-29802.1,34167.5,8.2,-0.078,35178220,LOCKED
13456,673.077,-12748697121344,-20969,37749,-29915.0,33775.4,8.2,-0.102,35265448,LOCKED
13457,674.077,-12748697119834,11676,70394,-29994.5,32914.5,8.1,-0.100,35359970,LOCKED
13458,675.077,-12748697119983,38419,97137,-29906.0,33285.1,8.4,-0.120,35455969,LOCKED
13459,676.077,-12748697230706,-40950,17768,-29908.9,33322.9,8.2,-0.128,35432636,LOCKED
13460,677.077,-12748697208361,10085,68803,-29865.8,33292.6,8.4,-0.141,35551338,LOCKED
13461,678.077,-12748697206995,37405,96123,-29735.8,33305.9,8.2,-0.147,35644176,LOCKED
13462,679.077,-12748697319503,-41227,17491,-29870.7,33423.0,8.3,-0.150,35621639,LOCKED
13463,680.077,-12748697308049,304,59022,-29881.3,33411.8,8.5,-0.161,35722638,LOCKED
13464,681.077,-12748697310388,25217,83935,-29794.1,33421.1,8.5,-0.163,35813248,LOCKED
13465,682.077,-12748697316870,43901,102619,-29639.6,33414.6,8.7,-0.173,35895781,LOCKED
13466,683.077,-12748697338879,49776,108494,-29636.3,33466.2,8.9,-0.181,35965034,LOCKED
13467,684.078,-12748697447349,-26822,31896,-29701.5,33634.3,9.5,-0.195,35950942,LOCKED
13468,685.077,-12748697445260,4094,62812,-29665.3,33563.7,9.7,-0.202,36044972,LOCKED
13469,686.079,-12748697470636,6218,64936,-29569.2,32919.6,9.8,-0.208,36125942,LOCKED
13470,687.078,-12748697533963,-25809,32909,-29611.3,33104.7,10.3,-0.220,36141561,LOCKED
13471,688.078,-12748697544521,-6371,52347,-29619.6,33115.3,10.1,-0.219,36217632,LOCKED
13472,689.078,-12748697542209,22823,81541,-29523.0,32970.0,10.6,-0.228,36310913,LOCKED
13473,690.078,-12748697585221,6814,65532,-29410.4,32049.2,10.4,-0.226,36394112,LOCKED
13474,691.078,-12748697664269,-39560,19158,-29505.0,32437.6,10.5,-0.230,36373378,LOCKED
13475,692.078,-12748697708252,-50936,7782,-29572.6,33124.2,10.3,-0.227,36455073,LOCKED
13476,693.078,-12748697659829,23630,82348,-29443.3,32576.7,10.3,-0.227,36559067,LOCKED
13477,694.078,-12748697667759,43418,102136,-29430.9,32736.9,10.3,-0.227,36530117,LOCKED
13478,695.078,-12748697776492,-33159,25559,-29509.6,33006.6,10.1,-0.223,36628461,LOCKED
13479,696.078,-12748697747222,23606,82324,-29449.9,33131.5,10.2,-0.225,36746481,LOCKED
13480,697.078,-12748697829950,-26747,31971,-29549.2,33082.5,10.1,-0.218,36754485,LOCKED
13481,698.078,-12748697827666,5026,63744,-29554.6,33071.1,10.1,-0.218,36848875,LOCKED
13482,699.078,-12748697831428,28164,86882,-29471.0,33185.9,10.0,-0.213,36931689,LOCKED
13483,700.078,-12748697941338,-50576,8142,-29470.3,33173.7,9.9,-0.216,36920456,LOCKED
13484,701.079,-12748697948064,-24858,33860,-29575.1,33006.0,9.9,-0.216,37000656,LOCKED
13485,702.078,-12748697942374,9869,68587,-29565.1,33028.4,10.0,-0.217,37100943,LOCKED
13486,703.078,-12748697943353,34457,93175,-29425.8,32795.3,10.0,-0.212,37188987,LOCKED
13487,704.079,-12748698060087,-48021,10697,-29583.3,32951.9,10.1,-0.212,37163956,LOCKED
13488,705.079,-12748698054988,-11792,46926,-29639.7,32874.6,10.4,-0.206,37256661,LOCKED
13489,706.079,-12748698050711,20455,79173,-29591.7,32978.3,10.5,-0.205,37353807,LOCKED
13490,707.079,-12748698134038,-29548,29170,-29726.0,32601.5,10.8,-0.197,37366716,LOCKED
13491,708.079,-12748698144400,-8470,50248,-29796.2,32339.1,10.7,-0.202,37442037,LOCKED
13492,709.079,-12748698154348,11052,69770,-29798.6,32330.0,10.7,-0.192,37526493,LOCKED
13493,710.079,-12748698155862,36248,94966,-29707.1,32630.9,10.6,-0.190,37613988,LOCKED
13494,711.079,-12748698273967,-48995,9723,-29780.6,33288.4,10.5,-0.179,37587612,LOCKED
13495,712.079,-12748698289497,-33729,24989,-29774.3,33217.9,10.3,-0.166,37664645,LOCKED
13496,713.079,-12748698296242,-8488,50230,-29868.9,32659.3,10.4,-0.163,37746298,LOCKED
13497,714.079,-12748698302606,15460,74178,-29916.5,32211.6,10.4,-0.159,37833253,LOCKED
13498,715.079,-12748698298941,45302,104020,-29808.1,32717.0,10.4,-0.153,37926613,LOCKED
13499,716.079,-12748698321415,48082,106800,-29664.3,33042.2,10.1,-0.134,37883195,LOCKED
13500,717.079,-12748698381555,15955,74673,-29609.7,33048.9,10.1,-0.124,38028126,LOCKED
13501,718.079,-12748698390768,35465,94183,-29625.2,32851.2,9.8,-0.085,37995966,LOCKED
13502,719.079,-12748698485689,-26756,31962,-29731.8,32726.8,9.8,-0.090,38103552,LOCKED
13503,720.079,-12748698493028,-4241,54477,-29730.8,32725.3,9.8,-0.066,38184793,LOCKED
13504,721.080,-12748698505357,10645,69363,-29624.8,32051.3,10.0,-0.030,38266434,LOCKED
13505,722.079,-12748698521278,24107,82825,-29653.1,31751.2,10.0,-0.035,38353786,LOCKED
13506,723.080,-12748698622189,-44283,14435,-29720.3,32305.6,9.9,-0.010,38336490,LOCKED
13507,724.080,-12748698652762,-43053,15665,-29751.0,32646.2,9.9,-0.014,38417781,LOCKED
13508,725.080,-12748698616125,20311,79029,-29636.1,32182.8,9.7,0.018,38523757,LOCKED
13509,726.080,-12748698719038,-49174,9544,-29740.6,32837.7,9.7,0.020,38513178,LOCKED
13510,727.080,-12748698681553,15506,74224,-29641.2,32426.7,9.5,0.020,38642356,LOCKED
13511,728.080,-12748698783954,-52439,6279,-29790.6,32900.0,9.5,0.012,38629532,LOCKED
13512,729.080,-12748698770533,-7825,50893,-29846.6,32754.2,9.5,0.023,38732639,LOCKED
13513,730.081,-12748698759973,30514,89232,-29795.7,33014.7,9.7,0.034,38839634,LOCKED
13514,731.080,-12748698866535,-44529,14189,-29806.3,33153.8,9.7,0.036,38818506,LOCKED
13515,732.080,-12748698855834,-1948,56770,-29905.0,32322.8,9.8,0.045,38926092,LOCKED
13516,733.080,-12748698838551,43360,102078,-29884.8,32568.8,9.8,0.047,39032500,LOCKED
13517,734.080,-12748698943466,-29573,29145,-29938.7,32815.1,9.8,0.055,39018909,LOCKED
13518,735.080,-12748698930415,11626,70344,-29870.0,32639.7,9.7,0.056,39122956,LOCKED
13519,736.080,-12748698931138,39822,98540,-29889.6,32351.8,9.9,0.063,39213781,LOCKED
13520,737.080,-12748698999869,946,59664,-29889.5,32351.8,10.0,0.069,39235999,LOCKED
13521,738.080,-12748699007546,20641,79359,-29800.1,32210.6,9.9,0.070,39319738,LOCKED
13522,739.080,-12748699012685,44007,102725,-29809.8,32062.6,10.1,0.076,39406816,LOCKED
13523,740.080,-12748699141046,-50660,8058,-29916.3,32763.5,10.0,0.076,39371714,LOCKED
13524,741.081,-12748699140777,-19641,39077,-29924.6,32809.2,10.0,0.076,39460950,LOCKED
13525,742.081,-12748699119731,28002,86720,-29807.6,32607.7,10.1,0.071,39572146,LOCKED
13526,743.081,-12748699149689,24367,83085,-29676.9,32058.3,10.0,0.070,39636657,LOCKED
13527,744.081,-12748699156385,45076,103794,-29640.3,32471.2,9.8,0.070,39720787,LOCKED
13528,745.081,-12748699271906,-38398,20320,-29694.6,32871.8,9.7,0.068,39693924,LOCKED
13529,746.081,-12748699269409,-6166,52552,-29686.3,32849.1,9.7,0.066,39789164,LOCKED
13530,747.081,-12748699235745,54206,112924,-29630.2,33528.4,9.3,0.061,39802916,LOCKED
13531,748.081,-12748699329506,-9188,49530,-29651.2,33549.5,9.3,0.062,39911953,LOCKED
13532,749.081,-12748699330440,17303,76021,-29570.5,33405.2,8.9,0.056,40000748,LOCKED
13533,750.081,-12748699340714,33624,92342,-29480.2,33628.5,9.0,0.054,39972243,LOCKED
13534,751.081,-12748699431077,-24510,29488,-29574.5,33558.3,8.9,0.051,40086117,LOCKED
13535,752.081,-12748699432410,5041,59039,-29647.4,32963.8,9.0,0.051,40172333,LOCKED
13536,753.081,-12748699429345,34351,88349,-29537.3,33067.7,8.9,0.047,40278807,LOCKED
13537,754.082,-12748699523706,-30266,23732,-29497.0,32528.5,8.9,0.048,40263515,LOCKED
13538,755.081,-12748699557839,-31853,22145,-29593.9,32660.9,9.0,0.049,40349564,LOCKED
13539,756.082,-12748699518666,33422,87420,-29477.9,32673.9,9.0,0.045,40451190,LOCKED
13540,757.081,-12748699649937,-63356,0,-29618.9,33708.1,8.8,0.052,40472722,LOCKED
13541,758.082,-12748699602919,12037,75393,-29577.8,33712.2,8.8,0.054,40577046,LOCKED
13542,759.082,-12748699682984,-37231,26125,-29575.6,33687.2,8.9,0.057,40561625,LOCKED
13543,760.082,-12748699722979,-43201,20155,-29722.5,33747.9,8.9,0.059,40646950,LOCKED
13544,761.082,-12748699679927,28381,91737,-29711.1,33836.7,9.0,0.063,40748535,LOCKED
13545,762.082,-12748699789678,-48732,14624,-29773.8,34432.7,8.9,0.058,40728594,LOCKED
13546,763.082,-12748699782423,-12307,51049,-29723.6,34022.0,8.9,0.052,40829700,LOCKED
13547,764.082,-12748699763705,35240,98596,-29738.4,33841.4,8.9,0.046,40935779,LOCKED
13548,765.082,-12748699782700,43347,106703,-29681.0,34319.3,8.7,0.025,40898233,LOCKED
13549,766.082,-12748699886807,-29863,33493,-29691.0,34402.0,8.7,0.018,40994419,LOCKED
13550,767.082,-12748699851341,33961,97317,-29682.0,34487.8,8.2,-0.006,41122456,LOCKED
13551,768.082,-12748699970869,-51907,11449,-29791.2,35172.7,8.2,-0.006,41093333,LOCKED
13552,769.082,-12748699961191,-11860,51496,-29799.8,35196.9,8.2,0.001,41195820,LOCKED
13553,770.082,-12748699969735,7609,70965,-29724.6,34884.6,8.2,0.001,41277139,LOCKED
13554,771.082,-12748699968514,37727,101083,-29746.8,34588.9,8.0,0.016,41369728,LOCKED
13555,772.082,-12748700085653,-45159,18197,-29893.2,34740.8,8.1,0.033,41342394,LOCKED
13556,773.082,-12748700093001,-20495,42861,-29963.2,34751.9,7.9,0.050,41425362,LOCKED
13557,774.082,-12748700092379,9365,72721,-29943.1,34774.0,7.9,0.067,41517368,LOCKED
13558,775.082,-12748700094288,33762,97118,-29820.5,34729.6,7.9,0.071,41608655,LOCKED
13559,776.083,-12748700112831,40536,103892,-29666.7,34573.4,7.9,0.076,41686547,LOCKED
13560,777.082,-12748700182147,113,63469,-29628.8,34450.2,8.0,0.062,41702457,LOCKED
13561,778.083,-12748700192117,17040,80396,-29522.8,34021.2,8.0,0.059,41782748,LOCKED
13562,779.083,-12748700196825,39746,103102,-29485.4,34356.2,7.8,0.058,41872171,LOCKED
13563,780.083,-12748700217343,45415,108771,-29398.9,34901.3,8.1,0.045,41828793,LOCKED
13564,781.083,-12748700333094,-39037,24319,-29427.2,35164.7,7.9,0.042,41917642,LOCKED
13565,782.084,-12748700324263,-1948,61408,-29366.5,34813.3,7.9,0.033,42015140,LOCKED
13566,783.083,-12748700335169,16522,79878,-29394.5,34605.2,7.9,0.032,42099017,LOCKED
13567,784.083,-12748700350666,29620,92976,-29404.6,34505.9,8.0,0.024,42060934,LOCKED
13568,785.083,-12748700447809,-36616,26740,-29417.4,34634.7,8.0,0.023,42169153,LOCKED
13569,786.084,-12748700457346,-14198,49158,-29518.5,34182.3,8.0,0.023,42249182,LOCKED
13570,787.084,-12748700444681,25499,88855,-29438.8,34249.7,8.1,0.029,42238617,LOCKED
13571,788.084,-12748700556821,-51794,11562,-29618.4,34280.9,8.1,0.034,42328452,LOCKED
13572,789.084,-12748700562159,-25292,38064,-29685.5,34407.4,7.9,0.034,42422777,LOCKED
13573,790.084,-12748700555450,9532,72888,-29624.2,34257.8,7.9,0.040,42519396,LOCKED
13574,791.084,-12748700553563,40021,103377,-29640.6,34031.9,7.9,0.040,42610563,LOCKED
13575,792.084,-12748700678689,-51490,11866,-29750.2,34710.4,7.8,0.046,42575135,LOCKED
13576,793.084,-12748700672666,-15808,47548,-29719.4,34479.9,8.0,0.041,42677370,LOCKED
13577,794.084,-12748700696626,-8060,55296,-29803.8,34065.9,7.9,0.043,42768233,LOCKED
13578,795.084,-12748700774927,-52870,10486,-29896.9,34814.2,7.9,0.042,42754506,LOCKED
13579,796.085,-12748700784893,-31697,31659,-29905.2,34887.1,7.7,0.045,42835639,LOCKED
13580,797.085,-12748700756400,25334,88690,-29880.2,35024.0,7.5,0.048,42957642,LOCKED
13581,798.085,-12748700829096,-16720,46636,-29889.8,35064.2,7.6,0.045,43040147,LOCKED
13582,799.085,-12748700880527,-36980,26376,-29891.1,35079.3,7.4,0.049,43015967,LOCKED
13583,800.085,-12748700867680,7419,70775,-29985.2,34099.7,7.4,0.050,43122069,LOCKED
13584,801.085,-12748700851569,51196,114552,-29956.5,34478.7,7.5,0.053,43226605,LOCKED
13585,802.085,-12748700976479,-41432,21924,-30001.8,34870.5,7.4,0.050,43191306,LOCKED
13586,803.085,-12748700977668,-12308,51048,-29996.6,34849.0,7.6,0.053,43283788,LOCKED
13587,804.085,-12748700972185,20359,83715,-29892.2,34551.3,7.5,0.056,43381250,LOCKED
13588,805.085,-12748700972721,47916,111272,-29883.6,34670.3,7.7,0.059,43362049,LOCKED
13589,806.085,-12748701066025,-14100,49256,-29929.2,34685.5,7.8,0.061,43471433,LOCKED
13590,807.085,-12748701138945,-55057,8299,-29937.4,34816.9,7.8,0.063,43487936,LOCKED
13591,808.087,-12748701138491,-22664,40692,-29998.1,34915.1,7.8,0.064,43579505,LOCKED
13592,809.085,-12748701128405,15771,79127,-29943.2,34917.3,7.8,0.066,43683248,LOCKED
13593,810.085,-12748701121122,48324,111680,-29794.0,35175.2,7.9,0.061,43782725,LOCKED
13594,811.085,-12748701239267,-36776,26580,-29892.6,35429.3,7.9,0.063,43759993,LOCKED
13595,812.086,-12748701231618,502,63858,-29880.4,35418.7,7.8,0.057,43854838,LOCKED
13596,813.086,-12748701230932,27721,91077,-29762.0,35205.1,7.8,0.059,43948851,LOCKED
13597,814.086,-12748701251242,35456,98812,-29736.7,35418.1,7.8,0.061,43907521,LOCKED
13598,815.086,-12748701354600,-34830,28526,-29842.6,35562.9,7.7,0.054,44006162,LOCKED
13599,816.086,-12748701361525,-12484,50872,-29793.7,35178.3,7.8,0.054,44091488,LOCKED
13600,817.086,-12748701333820,44045,107401,-29819.4,34780.7,7.7,0.045,44211897,LOCKED
13601,818.086,-12748701354201,49485,112841,-29705.3,35360.5,7.7,0.047,44167604,LOCKED
13602,819.086,-12748701463147,-26757,36599,-29808.2,35281.6,7.8,0.039,44264404,LOCKED
13603,820.086,-12748701474070,-5851,57505,-29897.8,34750.9,7.8,0.053,44343999,LOCKED
13604,821.086,-12748701476977,18955,82311,-29821.9,34689.3,8.0,0.019,44433559,LOCKED
13605,822.086,-12748701473529,50603,113959,-29826.6,34616.4,8.0,0.016,44415903,LOCKED
13606,823.086,-12748701576486,-20460,42896,-29894.1,34641.0,8.2,-0.000,44513471,LOCKED
13607,824.086,-12748701574221,9986,73342,-29826.5,34449.8,8.1,-0.002,44605711,LOCKED
13608,825.086,-12748701570529,39284,102640,-29684.4,34396.4,8.1,0.024,44703900,LOCKED
13609,826.086,-12748701603875,34252,97608,-29674.1,34494.9,8.1,-0.007,44648673,LOCKED
13610,827.086,-12748701691599,-23451,39905,-29652.1,34294.7,8.1,-0.010,44764631,LOCKED
13611,828.087,-12748701702163,-2340,61016,-29747.7,33555.8,8.1,-0.014,44840871,LOCKED
13612,829.087,-12748701703113,25287,88643,-29732.3,33656.7,8.0,-0.017,44935098,LOCKED
13613,830.087,-12748701718643,36773,100129,-29660.0,34019.7,8.1,-0.028,44898527,LOCKED
13614,831.087,-12748701818806,-32769,30587,-29652.6,33940.4,8.1,-0.027,45004045,LOCKED
13615,832.087,-12748701863090,-42681,20675,-29813.6,33779.4,8.1,-0.038,45050284,LOCKED
13616,833.087,-12748701874047,-21222,42134,-29906.2,33629.5,8.1,-0.036,45128704,LOCKED
13617,834.087,-12748701866396,15407,78763,-29886.2,33690.1,7.9,-0.036,45230489,LOCKED
13618,835.087,-12748701896166,13706,77062,-29819.7,33580.7,8.0,-0.043,45325865,LOCKED
13619,836.087,-12748701979865,-38817,24539,-29821.7,33604.6,8.1,-0.042,45302156,LOCKED
13620,837.087,-12748701979988,-8506,54850,-29837.6,33624.3,8.0,-0.047,45415766,LOCKED
13621,838.087,-12748701958333,39560,102916,-29735.1,33953.5,8.0,-0.046,45388933,LOCKED
13622,839.087,-12748702068130,-39425,23931,-29722.3,33782.9,8.5,-0.057,45480965,LOCKED
13623,840.087,-12748702078058,-20279,43077,-29656.6,32975.3,8.4,-0.063,45567788,LOCKED
13624,841.087,-12748702062235,24397,87753,-29657.8,32966.3,8.5,-0.067,45670913,LOCKED
13625,842.087,-12748702072497,40526,103882,-29564.7,33378.9,8.5,-0.072,45640145,LOCKED
13626,843.087,-12748702162062,-19326,44030,-29539.8,33170.7,8.5,-0.075,45750808,LOCKED
13627,844.087,-12748702151596,17694,81050,-29422.4,32578.9,9.4,-0.089,45852853,LOCKED
13628,845.087,-12748702166524,30577,93933,-29394.1,32783.9,9.5,-0.092,45819943,LOCKED
13629,846.088,-12748702260236,-31730,31626,-29440.1,33057.4,10.3,-0.102,45929116,LOCKED
13630,847.087,-12748702237957,17127,80483,-29327.9,32522.4,10.5,-0.105,46040900,LOCKED
13631,848.088,-12748702248957,34219,97575,-29324.2,32562.5,10.4,-0.104,46010322,LOCKED
13632,849.088,-12748702331254,-17231,46125,-29370.4,32623.1,10.6,-0.109,46133161,LOCKED
13633,850.088,-12748702320409,20633,83989,-29289.1,32556.3,10.5,-0.107,46233682,LOCKED
13634,851.088,-12748702440338,-67436,0,-29303.1,32842.9,10.6,-0.107,46205509,LOCKED
13635,852.088,-12748702427464,-22460,44976,-29403.3,32646.5,10.7,-0.107,46309739,LOCKED
13636,853.088,-12748702422439,11271,78707,-29387.8,32680.6,10.6,-0.111,46406400,LOCKED
13637,854.088,-12748702527572,-60388,7048,-29488.1,33691.0,10.6,-0.112,46391115,LOCKED
13638,855.088,-12748702526062,-25894,41542,-29616.9,33253.1,10.6,-0.112,46484505,LOCKED
13639,856.088,-12748702527364,3334,70770,-29667.3,32968.9,10.7,-0.112,46577931,LOCKED
13640,857.088,-12748702618267,-54934,12502,-29721.7,33645.8,10.9,-0.113,46574717,LOCKED
13641,858.088,-12748702615665,-20495,46941,-29791.6,33658.3,10.8,-0.118,46670996,LOCKED
13642,859.088,-12748702616238,9591,77027,-29850.2,33172.1,11.1,-0.119,46759747,LOCKED
13643,860.088,-12748702614545,38560,105996,-29787.9,33580.4,11.1,-0.118,46849433,LOCKED
13644,861.088,-12748702638858,39703,107139,-29641.1,33480.3,11.0,-0.110,46805748,LOCKED
13645,862.088,-12748702767395,-53785,13651,-29817.3,33674.8,11.0,-0.109,46877116,LOCKED
13646,863.088,-12748702771388,-25367,42069,-29902.6,33702.5,10.9,-0.100,46967162,LOCKED
13647,864.088,-12748702780952,-5021,62415,-29894.6,33684.3,11.0,-0.106,47047962,LOCKED
13648,865.088,-12748702792640,11014,78450,-29806.2,33289.7,10.9,-0.095,47127178,LOCKED
13649,866.089,-12748702789577,41727,109163,-29769.7,33648.6,10.7,-0.082,47219871,LOCKED
13650,867.089,-12748702901068,-35258,32178,-29943.9,32855.7,10.7,-0.078,47201429,LOCKED
13651,868.089,-12748702909652,-11682,55754,-30033.4,32456.6,10.7,-0.073,47283306,LOCKED
13652,869.089,-12748702902006,24387,91823,-29994.8,32623.5,10.7,-0.068,47384630,LOCKED
13653,870.089,-12748702904504,47324,114760,-29849.5,32897.6,10.6,-0.045,47472382,LOCKED
13654,871.089,-12748703017247,-31638,35798,-29990.1,32515.1,11.1,-0.028,47452920,LOCKED
13655,872.089,-12748703017610,-1366,66070,-30019.5,32448.1,11.1,-0.017,47542404,LOCKED
13656,873.089,-12748703026090,18389,85825,-29962.4,32487.2,11.1,-0.025,47635178,LOCKED
13657,874.089,-12748703116061,-39761,27675,-29987.5,32750.9,11.1,-0.013,47628224,LOCKED
13658,875.089,-12748703139642,-29601,37835,-30122.8,32358.3,11.1,-0.016,47732121,LOCKED
13659,876.089,-12748703085825,51763,119199,-30082.4,32882.4,10.7,0.014,47841926,LOCKED
13660,877.089,-12748703166959,-298,67138,-30032.3,32647.3,10.7,0.016,47848606,LOCKED
13661,878.089,-12748703160126,32837,100273,-29903.6,32486.9,11.0,0.007,47951641,LOCKED
13662,879.090,-12748703267864,-40921,26515,-30035.8,32624.2,11.1,-0.005,47935393,LOCKED
13663,880.089,-12748703254397,3055,70491,-30064.2,32522.0,10.7,-0.025,48041775,LOCKED
13664,881.089,-12748703260671,24876,92312,-30008.8,32684.4,10.7,-0.022,48124597,LOCKED
13665,882.090,-12748703256828,53526,120962,-29842.2,33005.3,10.6,-0.034,48220868,LOCKED
13666,883.090,-12748703379734,-36073,31363,-29952.5,33167.4,10.6,-0.041,48186455,LOCKED
13667,884.090,-12748703377873,-4057,63379,-29955.7,33170.6,10.1,-0.042,48281695,LOCKED
13668,885.090,-12748703356218,43265,110701,-29816.9,33332.2,9.5,-0.050,48394553,LOCKED
13669,886.090,-12748703474145,-43143,24293,-29828.7,33479.9,9.5,-0.046,48372936,LOCKED
13670,887.090,-12748703435627,24247,91683,-29822.1,33526.2,9.3,-0.043,48499676,LOCKED
13671,888.090,-12748703438860,47590,115026,-29741.8,34142.6,9.1,-0.041,48474248,LOCKED
13672,889.090,-12748703539798,-23023,44413,-29732.0,34065.1,8.9,-0.038,48579256,LOCKED
13673,890.090,-12748703539124,5438,72874,-29645.4,33546.6,8.9,-0.035,48668759,LOCKED
13674,891.090,-12748703520458,51032,118468,-29596.9,34108.1,8.9,-0.025,48777295,LOCKED
13675,892.090,-12748703653916,-48134,19302,-29747.6,34347.0,9.0,-0.023,48737515,LOCKED
13676,893.090,-12748703665521,-27262,40174,-29836.3,34399.8,9.0,-0.014,48815802,LOCKED
13677,894.090,-12748703654074,12726,80162,-29793.8,34407.7,9.0,-0.006,48918699,LOCKED
13678,895.090,-12748703642604,50052,117488,-29683.6,35029.5,9.0,-0.008,49022446,LOCKED
13679,896.090,-12748703671964,48385,115821,-29666.4,35254.0,8.8,-0.004,49088360,LOCKED
13680,897.090,-12748703741635,8167,75603,-29669.5,35245.5,8.8,-0.002,49105790,LOCKED
13681,898.090,-12748703741939,33726,101162,-29538.5,35103.7,8.8,0.006,49199027,LOCKED
13682,899.090,-12748703850456,-41135,26301,-29672.4,35221.8,8.8,0.005,49186471,LOCKED
13683,900.090,-12748703849591,-9262,58174,-29722.7,35145.5,8.8,0.007,49275483,LOCKED
13684,901.090,-12748703864729,4162,71598,-29672.5,34992.9,8.8,0.009,49350498,LOCKED
13685,902.090,-12748703863687,31085,98521,-29537.9,34695.6,8.8,0.011,49441865,LOCKED
13686,903.090,-12748703982000,-53605,13831,-29649.5,35424.8,8.8,0.013,49412494,LOCKED
13687,904.091,-12748703992910,-33514,33922,-29660.0,35520.4,8.4,0.005,49495139,LOCKED
13688,905.091,-12748704009909,-20928,46508,-29621.5,35153.8,8.6,0.009,49570852,LOCKED
13689,906.091,-12748704020565,-1205,66231,-29656.7,35060.2,8.4,0.005,49648982,LOCKED
13690,907.091,-12748704112872,-60758,6678,-29707.8,35760.5,8.4,0.001,49649366,LOCKED
13691,908.091,-12748704105382,-23708,43728,-29661.0,35246.7,8.4,0.003,49747860,LOCKED
13692,909.091,-12748704095940,14380,81816,-29635.0,35300.8,8.4,-0.002,49852404,LOCKED
13693,910.091,-12748704137702,725,68161,-29561.1,34849.3,8.6,0.000,49928000,LOCKED
13694,911.091,-12748704227778,-54369,13067,-29737.1,35070.5,8.6,0.002,49903657,LOCKED
13695,912.091,-12748704235369,-29842,37594,-29804.4,35284.8,8.5,-0.003,49987712,LOCKED
13696,913.091,-12748704234075,353,67789,-29760.6,35126.0,8.7,-0.002,50083035,LOCKED
13697,914.091,-12748704220983,42030,109466,-29772.8,34958.6,8.7,-0.001,50185538,LOCKED
13698,915.091,-12748704338766,-42335,25101,-29881.5,35327.6,8.7,0.000,50159616,LOCKED
13699,916.091,-12748704321656,4151,71587,-29863.6,35322.5,8.7,0.002,50268047,LOCKED
13700,917.091,-12748704417155,-55672,11764,-30056.6,35358.7,8.6,-0.006,50265658,LOCKED
13701,918.091,-12748704422696,-28213,39223,-30154.3,35368.8,8.8,-0.006,50346890,LOCKED
13702,919.091,-12748704423396,1189,68625,-30153.7,35369.0,8.6,-0.016,50440964,LOCKED
13703,920.091,-12748704427963,24002,91438,-30057.3,35269.0,8.6,-0.015,50527204,LOCKED
13704,921.092,-12748704429501,47782,115218,-29903.9,35452.8,9.1,-0.010,50505111,LOCKED
13705,922.091,-12748704533650,-22928,44508,-30039.6,34812.9,9.2,-0.005,50607106,LOCKED
13706,923.092,-12748704539829,1972,69408,-30094.0,34524.3,9.4,-0.024,50692822,LOCKED
13707,924.092,-12748704541172,29215,96651,-30068.5,34694.2,9.6,-0.062,50778997,LOCKED
13708,925.091,-12748704541074,55397,122833,-29964.9,35496.8,10.2,-0.100,50872783,LOCKED
13709,926.092,-12748704660817,-33445,33991,-29955.2,35392.8,10.3,-0.120,50843219,LOCKED
13710,927.092,-12748704639151,18363,85799,-29995.0,35039.9,10.3,-0.124,50954098,LOCKED
13711,928.092,-12748704652483,33476,100912,-29974.6,35208.8,10.4,-0.144,51035232,LOCKED
13712,929.092,-12748704664233,47824,115260,-29863.6,35741.2,10.3,-0.151,51002844,LOCKED
13713,930.093,-12748704768546,-26414,41022,-29830.0,35383.0,10.0,-0.192,51106594,LOCKED
13714,931.092,-12748704765645,7076,74512,-29879.1,35074.0,8.7,-0.247,51199403,LOCKED
13715,932.092,-12748704758606,41391,108827,-29820.1,35505.9,8.6,-0.254,51296573,LOCKED
13716,933.092,-12748704884137,-51271,16165,-29884.6,36128.3,8.6,-0.247,51259090,LOCKED
13717,934.092,-12748704890630,-24521,42915,-30008.9,35730.5,8.6,-0.253,51351482,LOCKED
13718,935.092,-12748704890757,6481,73917,-30074.8,35237.0,8.9,-0.238,51441047,LOCKED
13719,936.092,-12748704902080,22359,89795,-29970.7,35008.8,9.1,-0.225,51518805,LOCKED
13720,937.092,-12748704992607,-35354,32082,-30051.6,35306.1,9.1,-0.222,51518966,LOCKED
13721,938.092,-12748704995545,-8507,58929,-30024.3,35173.3,9.0,-0.211,51609831,LOCKED
13722,939.092,-12748704999138,18500,85936,-30083.5,34541.4,9.0,-0.210,51697938,LOCKED
13723,940.092,-12748705001521,43586,111022,-30027.5,35008.9,9.1,-0.202,51674896,LOCKED
13724,941.093,-12748705104614,-27990,39446,-30054.2,35171.7,9.1,-0.201,51774494,LOCKED
13725,942.093,-12748705112949,-7416,60020,-29985.4,34612.3,9.0,-0.201,51857269,LOCKED
13726,943.093,-12748705106891,28210,95646,-30012.0,34322.7,9.1,-0.196,51954327,LOCKED
13727,944.093,-12748705117836,44652,112088,-29957.3,34806.1,9.1,-0.195,52039650,LOCKED
13728,945.093,-12748705236571,-42549,24887,-29963.9,34887.0,9.5,-0.186,52008881,LOCKED
13729,946.093,-12748705242454,-15667,51769,-30075.5,34338.8,9.5,-0.187,52094432,LOCKED
13730,947.093,-12748705250440,5448,72884,-30036.7,34271.8,9.9,-0.178,52210592,LOCKED
13731,948.093,-12748705227698,52945,120381,-29865.2,34483.8,10.0,-0.174,52180810,LOCKED
13732,949.093,-12748705343413,-30059,37377,-29955.1,34605.0,10.0,-0.175,52269996,LOCKED
13733,950.093,-12748705348372,-4963,62473,-29951.7,34598.9,10.0,-0.175,52363286,LOCKED
13734,951.093,-12748705422718,-48008,19428,-29938.0,34382.7,9.9,-0.173,52462116,LOCKED
13735,952.093,-12748705453512,-44168,23268,-30095.3,34349.4,9.9,-0.170,52437255,LOCKED
13736,953.093,-12748705474556,-31773,35663,-30206.8,34348.9,10.0,-0.170,52534623,LOCKED
13737,954.093,-12748705438736,31809,99245,-30139.6,34608.2,9.8,-0.167,52631656,LOCKED
13738,955.093,-12748705444680,50706,118142,-29963.6,34635.0,9.8,-0.168,52607154,LOCKED
13739,956.093,-12748705556817,-31273,36163,-29921.0,34068.6,9.8,-0.168,52702050,LOCKED
13740,957.093,-12748705500734,50553,117989,-29799.8,34661.7,9.8,-0.168,52734053,LOCKED
13741,958.094,-12748705598655,-18132,49304,-29741.9,34047.4,9.6,-0.164,52839930,LOCKED
13742,959.093,-12748705590165,19617,87053,-29750.8,33986.4,9.7,-0.164,52939218,LOCKED
13743,960.093,-12748705590510,45671,113107,-29662.1,34541.2,9.9,-0.165,52919905,LOCKED
13744,961.094,-12748705679861,-13819,53617,-29648.8,34470.0,9.9,-0.164,53036026,LOCKED
13745,962.094,-12748705687174,6194,73630,-29544.9,33718.6,10.1,-0.165,53120621,LOCKED
13746,963.094,-12748705690909,30982,98418,-29546.3,33704.9,10.1,-0.163,53203837,LOCKED
13747,964.094,-12748705810996,-55211,12225,-29668.1,34474.4,10.1,-0.169,53173727,LOCKED
13748,965.094,-12748705801550,-14899,52537,-29702.2,34528.2,10.0,-0.162,53279868,LOCKED
13749,966.094,-12748705796481,18125,85561,-29646.5,34566.1,9.9,-0.153,53373074,LOCKED
13750,967.094,-12748705903791,-54087,13349,-29824.4,34746.5,9.9,-0.153,53355249,LOCKED
13751,968.094,-12748705904376,-22721,44715,-29891.1,34821.1,9.9,-0.152,53447794,LOCKED
13752,969.094,-12748705911534,-727,66709,-29853.6,34691.2,9.9,-0.161,53531574,LOCKED
13753,970.094,-12748705916035,22633,90069,-29793.3,34790.6,9.7,-0.150,53621182,LOCKED
13754,971.094,-12748705923562,43543,104301,-29799.2,34709.7,9.8,-0.149,53591403,LOCKED
13755,972.095,-12748706019124,-19894,40864,-29880.4,34629.3,9.8,-0.147,53699538,LOCKED
13756,973.094,-12748705991086,35478,96236,-29814.3,34961.6,9.8,-0.128,53819533,LOCKED
13757,974.094,-12748706100257,-42577,18181,-29807.4,34868.4,9.9,-0.128,53795455,LOCKED
13758,975.095,-12748706100917,-11232,49526,-29896.7,34482.4,9.9,-0.111,53887254,LOCKED
13759,976.094,-12748706104268,14180,74938,-29864.6,34531.6,10.2,-0.079,53980040,LOCKED
13760,977.094,-12748706182714,-30140,30618,-30023.9,33781.6,10.2,-0.067,53991287,LOCKED
13761,978.095,-12748706188900,-4508,56250,-30104.6,33313.1,10.0,-0.025,54073078,LOCKED
13762,979.095,-12748706192869,20727,81485,-30094.9,33368.2,10.0,-0.014,54162452,LOCKED
13763,980.095,-12748706180564,58688,119446,-29974.4,34279.7,10.3,0.029,54267074,LOCKED
13764,981.095,-12748706304663,-34508,26250,-29962.6,34141.8,10.5,0.036,54233176,LOCKED
13765,982.095,-12748706308570,-6860,53898,-30029.5,33889.2,10.5,0.032,54320650,LOCKED
13766,983.095,-12748706330145,1819,62577,-30043.5,33863.7,10.6,0.058,54391554,LOCKED
13767,984.095,-12748706328256,30950,91708,-29957.3,34033.6,10.7,0.081,54485451,LOCKED
13768,985.095,-12748706341102,43247,104005,-29792.7,33844.8,10.0,0.090,54454934,LOCKED
13769,986.095,-12748706449889,-32281,28477,-29909.3,33809.4,9.9,0.106,54549393,LOCKED
13770,987.095,-12748706428399,17415,78173,-29854.6,33840.1,9.9,0.108,54663039,LOCKED
13771,988.095,-12748706460321,13285,74043,-29775.3,33609.9,9.7,0.121,54723250,LOCKED
13772,989.095,-12748706465641,33532,94290,-29624.3,33155.5,9.8,0.130,54807269,LOCKED
13773,990.095,-12748706508595,19462,80220,-29620.3,33178.5,9.5,0.131,54777787,LOCKED
13774,991.095,-12748706587530,-28405,32353,-29644.1,33341.3,9.6,0.138,54866245,LOCKED
13775,992.095,-12748706632935,-43011,17747,-29629.2,33118.2,9.4,0.145,54949647,LOCKED
13776,993.095,-12748706586281,32520,93278,-29646.4,32913.0,9.4,0.144,55052125,LOCKED
13777,994.096,-12748706685624,-34061,26697,-29742.9,33114.2,9.1,0.148,55044541,LOCKED
13778,995.095,-12748706671181,9268,70026,-29716.2,33128.2,9.1,0.148,55152199,LOCKED
13779,996.095,-12748706666708,39794,100552,-29602.4,33392.4,9.2,0.153,55135252,LOCKED
13780,997.096,-12748706727226,9389,70147,-29643.1,33121.4,9.6,0.162,55277759,LOCKED
13781,998.096,-12748706735558,28966,89724,-29606.2,33337.0,9.6,0.166,55361263,LOCKED
13782,999.096,-12748706836121,-39881,20877,-29643.4,33679.2,10.0,0.173,55350921,LOCKED
13783,1000.096,-12748706826257,-1874,58884,-29566.5,33102.0,10.1,0.177,55453898,LOCKED
13784,1001.096,-12748706829572,23614,84372,-29568.3,33088.0,10.4,0.183,55538215,LOCKED
13785,1002.096,-12748706847441,33160,93918,-29517.7,33387.9,10.3,0.180,55500303,LOCKED
13786,1003.096,-12748706947677,-36188,24570,-29524.8,33463.8,10.4,0.184,55603841,LOCKED
13787,1004.096,-12748706952982,-12914,47844,-29456.8,32766.2,10.4,0.185,55694110,LOCKED
13788,1005.096,-12748706962675,7553,68311,-29503.9,32446.7,10.2,0.191,55771656,LOCKED
13789,1006.096,-12748706968809,29344,90102,-29475.2,32643.1,10.3,0.191,55855650,LOCKED
13790,1007.096,-12748707036717,-8787,51971,-29475.4,32643.7,10.1,0.199,55878213,LOCKED
13791,1008.096,-12748707043794,10687,71445,-29349.4,31601.9,10.1,0.202,55966894,LOCKED
13792,1009.096,-12748707046972,35146,95904,-29323.8,31838.3,10.2,0.202,56052930,LOCKED
13793,1010.096,-12748707152858,-38845,21913,-29385.5,32268.5,10.2,0.201,56038384,LOCKED
13794,1011.096,-12748707164996,-18778,41980,-29492.8,31851.7,10.2,0.198,56118087,LOCKED
13795,1012.096,-12748707172495,4586,65344,-29567.8,31201.6,10.2,0.200,56201566,LOCKED
13796,1013.097,-12748707173256,32620,93378,-29584.2,30994.7,10.3,0.194,56180713,LOCKED
13797,1014.096,-12748707277992,-40488,20270,-29617.2,31340.7,10.2,0.190,56279396,LOCKED
13798,1015.096,-12748707287544,-20608,40150,-29573.7,30855.3,10.2,0.193,56359956,LOCKED
13799,1016.097,-12748707311025,-12414,48344,-29656.4,30539.2,10.2,0.190,56433044,LOCKED
13800,1017.097,-12748707289301,34828,95586,-29510.9,30203.7,10.2,0.186,56431594,LOCKED
13801,1018.097,-12748707389428,-32939,27819,-29596.2,30458.8,10.4,0.183,56533122,LOCKED
13802,1019.097,-12748707390388,-4695,56063,-29569.1,30342.4,10.5,0.179,56624467,LOCKED
13803,1020.097,-12748707390550,21418,82176,-29442.8,29696.6,10.2,0.166,56714525,LOCKED
13804,1021.097,-12748707507635,-61750,0,-29559.8,30850.2,10.3,0.160,56689910,LOCKED
13805,1022.097,-12748707499971,-23421,38329,-29575.1,30949.6,10.1,0.146,56791022,LOCKED
13806,1023.097,-12748707504159,481,62231,-29502.9,30452.0,10.6,0.155,56876874,LOCKED
13807,1024.097,-12748707569087,-31104,30646,-29639.9,30072.9,10.6,0.160,56964104,LOCKED
13808,1025.097,-12748707613454,-42440,19310,-29735.9,30574.4,10.7,0.157,56948328,LOCKED
13809,1026.097,-12748707598953,1009,62759,-29698.9,30452.5,11.3,0.120,57054730,LOCKED
13810,1027.097,-12748707675260,-40765,20985,-29868.7,30000.6,11.7,0.090,57072591,LOCKED
13811,1028.097,-12748707708817,-40491,21259,-29996.0,30186.6,11.9,0.052,57178180,LOCKED
13812,1029.097,-12748707654411,41488,103238,-29946.0,30657.3,11.9,0.045,57159212,LOCKED
13813,1030.097,-12748707750104,-23117,38633,-29963.7,30766.6,11.8,0.025,57267379,LOCKED
13814,1031.097,-12748707732254,21905,83655,-29862.9,30530.3,11.9,-0.010,57377481,LOCKED
13815,1032.098,-12748707736797,45050,106800,-29831.0,30922.6,11.8,-0.047,57353843,LOCKED
13816,1033.098,-12748707817307,-6288,55462,-29788.2,30651.6,11.0,-0.094,57474616,LOCKED
13817,1034.098,-12748707814276,26364,88114,-29823.9,30200.3,10.8,-0.110,57570605,LOCKED
13818,1035.098,-12748707825746,42473,104223,-29784.3,30627.3,10.9,-0.091,57537788,LOCKED
13819,1036.098,-12748707930091,-30224,31526,-29825.5,30887.7,10.8,-0.089,57639079,LOCKED
13820,1037.098,-12748707912191,17782,79532,-29869.0,30438.3,10.7,-0.086,57747659,LOCKED
13821,1038.098,-12748707910404,46930,108680,-29823.9,30964.8,10.7,-0.085,57727274,LOCKED
13822,1039.098,-12748708016554,-27647,34103,-29863.8,31184.6,10.5,-0.083,57826175,LOCKED
13823,1040.098,-12748708008084,8446,70196,-29767.7,30563.6,10.4,-0.084,57923563,LOCKED
13824,1041.098,-12748708013010,32604,94354,-29788.4,30287.6,10.4,-0.084,58010684,LOCKED
13825,1042.098,-12748708125804,-46442,15308,-29905.7,30812.1,10.3,-0.076,57992137,LOCKED
13826,1043.098,-12748708128348,-17332,44418,-29962.8,30832.6,10.2,-0.076,58081546,LOCKED
13827,1044.098,-12748708131903,7987,69737,-29922.6,30784.8,10.2,-0.077,58166158,LOCKED
13828,1045.098,-12748708128605,37416,99166,-29798.5,30870.7,10.1,-0.077,58259583,LOCKED
13829,1046.098,-12748708236303,-36452,25298,-29936.0,30741.0,10.1,-0.077,58246099,LOCKED
13830,1047.098,-12748708190438,36616,98366,-29862.6,31132.4,10.2,-0.072,58383371,LOCKED
13831,1048.098,-12748708313918,-53456,8294,-29947.9,31960.8,10.1,-0.072,58354465,LOCKED
13832,1049.098,-12748708302077,-11838,49912,-29919.7,31776.1,10.2,-0.076,58453435,LOCKED
13833,1050.098,-12748708303396,15127,76877,-29864.5,31764.7,10.2,-0.077,58545245,LOCKED
13834,1051.098,-12748708306873,39848,101598,-29849.0,31945.9,10.1,-0.075,58635191,LOCKED
13835,1052.098,-12748708419823,-38863,22887,-30000.1,31735.3,10.1,-0.074,58611402,LOCKED
13836,1053.099,-12748708412973,-2705,59045,-29961.5,31560.1,10.2,-0.072,58708805,LOCKED
13837,1054.098,-12748708408698,30917,92667,-29982.9,31295.9,10.1,-0.070,58808771,LOCKED
13838,1055.098,-12748708522001,-48977,12773,-30069.7,31994.7,10.1,-0.071,58784511,LOCKED
13839,1056.099,-12748708536507,-32314,29436,-30069.9,31996.7,10.2,-0.067,58863921,LOCKED
13840,1057.099,-12748708514016,18836,80586,-30031.9,32096.5,9.8,-0.061,58980104,LOCKED
13841,1058.099,-12748708529398,30461,92211,-29933.9,32177.4,9.8,-0.059,59053335,LOCKED
13842,1059.099,-12748708538464,49404,111154,-29921.6,32362.0,9.5,-0.050,59025962,LOCKED
13843,1060.099,-12748708637621,-18417,43333,-29960.5,32454.5,9.4,-0.047,59132398,LOCKED
13844,1061.099,-12748708630400,16812,78562,-29892.5,32397.7,9.1,-0.041,59226072,LOCKED
13845,1062.099,-12748708637879,35471,97221,-29767.0,32384.6,9.1,-0.042,59314912,LOCKED
13846,1063.099,-12748708686603,16460,78210,-29791.7,32195.0,9.0,-0.038,59262544,LOCKED
13847,1064.099,-12748708771117,-35520,26230,-29867.4,32537.8,8.9,-0.033,59363399,LOCKED
13848,1065.099,-12748708817487,-48998,12752,-29934.5,33179.0,9.0,-0.029,59441801,LOCKED
13849,1066.099,-12748708773702,21996,83746,-29837.1,33000.3,9.0,-0.024,59545745,LOCKED
13850,1067.099,-12748708856821,-29205,32545,-29890.8,33237.2,8.9,-0.018,59553167,LOCKED
13851,1068.099,-12748708877293,-19175,42575,-29888.8,33225.2,8.9,-0.010,59651695,LOCKED
13852,1069.099,-12748708931848,-42581,19169,-29879.9,33096.6,8.8,-0.002,59637005,LOCKED
13853,1070.099,-12748708949834,-27808,33942,-29975.1,33116.3,9.1,0.008,59736329,LOCKED
13854,1071.099,-12748708940353,11274,73024,-29975.5,33114.9,9.6,0.012,59836205,LOCKED
13855,1072.100,-12748708945447,33452,95202,-29898.3,33394.1,9.6,0.013,59810090,LOCKED
13856,1073.100,-12748709035862,-26693,35057,-29872.1,33110.8,8.9,0.038,59926032,LOCKED
13857,1074.099,-12748709026193,13055,74805,-29904.0,32885.2,9.0,0.044,60023670,LOCKED
13858,1075.100,-12748709031719,35420,97170,-29864.1,33190.8,9.0,0.049,59997130,LOCKED
13859,1076.100,-12748709138460,-38566,23184,-29942.0,33591.9,9.0,0.057,60099884,LOCKED
13860,1077.100,-12748709187809,-55670,6080,-29962.4,33909.3,8.6,0.078,60138688,LOCKED
13861,1078.100,-12748709178293,-14304,47446,-30031.4,33793.8,8.8,0.049,60241516,LOCKED
13862,1079.100,-12748709154644,36758,98508,-29963.9,34159.6,8.9,0.024,60355104,LOCKED
13863,1080.100,-12748709266213,-43030,18720,-29981.5,34365.2,8.9,0.032,60334771,LOCKED
13864,1081.100,-12748709261530,-6043,55707,-30085.7,33602.5,8.7,0.040,60426494,LOCKED
13865,1082.100,-12748709260473,24119,85869,-30077.6,33657.4,8.7,0.019,60518290,LOCKED
13866,1083.100,-12748709268783,42707,104457,-29992.5,34144.1,8.4,-0.005,60492474,LOCKED
13867,1084.100,-12748709385323,-40084,21666,-30110.4,34378.1,8.4,-0.010,60579971,LOCKED
13868,1085.100,-12748709375843,1029,62779,-30187.0,33837.6,8.3,-0.021,60679898,LOCKED
13869,1086.100,-12748709381063,24409,86159,-30149.7,33996.9,8.3,-0.027,60769717,LOCKED
13870,1087.100,-12748709475164,-35350,26400,-30296.9,33693.4,8.3,-0.032,60765031,LOCKED
13871,1088.100,-12748709485549,-12550,49200,-30418.0,32851.8,8.3,-0.026,60848894,LOCKED
13872,1089.100,-12748709490673,11117,72867,-30356.6,32725.6,8.3,-0.033,60932774,LOCKED
13873,1090.100,-12748709502444,29083,90833,-30374.6,32527.1,8.3,-0.039,61011468,LOCKED
13874,1091.100,-12748709513182,45312,107062,-30282.5,33089.6,8.3,-0.034,61093177,LOCKED
13875,1092.101,-12748709532691,51271,113021,-30131.2,33477.9,8.2,-0.030,61053192,LOCKED
13876,1093.101,-12748709631873,-16254,45496,-30179.1,33516.8,8.2,-0.027,61159361,LOCKED
13877,1094.101,-12748709634982,9420,71170,-30126.2,33422.4,8.3,-0.032,61249547,LOCKED
13878,1095.109,-12748709636734,33963,95713,-29994.4,33271.8,8.1,-0.036,61336578,LOCKED
13879,1096.101,-12748709638459,59154,120904,-29941.6,33999.5,8.4,-0.026,61315883,LOCKED
13880,1097.101,-12748709704741,20701,82451,-29872.2,34019.1,8.4,-0.024,61452395,LOCKED
13881,1098.101,-12748709718519,32650,94400,-29722.8,33555.7,8.4,-0.021,61530642,LOCKED
13882,1099.101,-12748709823693,-39383,22367,-29825.2,33880.8,8.6,-0.014,61517631,LOCKED
13883,1100.101,-12748709825165,-10864,50886,-29815.3,33838.5,8.6,-0.012,61605448,LOCKED
13884,1101.101,-12748709834148,7914,69664,-29727.4,33367.3,8.6,-0.010,61690531,LOCKED
13885,1102.101,-12748709839611,31341,93091,-29738.5,33246.6,8.4,-0.006,61664786,LOCKED
13886,1103.101,-12748709940384,-36713,25037,-29823.9,33579.0,8.4,-0.004,61769409,LOCKED
13887,1104.101,-12748709925938,6660,68410,-29790.9,33550.5,8.4,-0.002,61871156,LOCKED
13888,1105.101,-12748709930035,28705,90455,-29659.3,33185.1,8.4,-0.000,61959691,LOCKED
13889,1106.101,-12748709941405,44854,106604,-29628.8,33532.7,8.4,0.001,61937047,LOCKED
13890,1107.101,-12748710018529,-4060,57690,-29552.2,32905.2,8.2,0.003,62053386,LOCKED
13891,1108.101,-12748710035906,9022,70772,-29611.9,32405.3,8.3,0.002,62127766,LOCKED
13892,1109.101,-12748710044660,28078,89828,-29570.1,32623.8,8.2,0.001,62208843,LOCKED
13893,1110.101,-12748710084453,15871,77621,-29498.9,32522.3,8.6,-0.002,62168909,LOCKED
13894,1111.101,-12748710165329,-34965,26785,-29467.3,32069.0,8.7,-0.002,62270450,LOCKED
13895,1112.102,-12748710212914,-48696,13054,-29601.8,32521.7,9.0,-0.003,62357252,LOCKED
13896,1113.102,-12748710164489,27265,89015,-29545.7,32725.4,9.0,0.000,62452097,LOCKED
13897,1114.102,-12748710262239,-39606,22144,-29545.3,32719.7,9.8,-0.001,62448031,LOCKED
13898,1115.102,-12748710263170,-8859,52891,-29635.4,32228.3,10.1,-0.000,62535929,LOCKED
13899,1116.102,-12748710259510,23870,85620,-29647.3,32121.8,10.0,0.007,62630870,LOCKED
13900,1117.102,-12748710361805,-46278,15472,-29693.1,32615.9,10.6,0.009,62619440,LOCKED
13901,1118.102,-12748710357359,-12491,49259,-29655.0,32327.3,10.8,0.013,62716681,LOCKED
13902,1119.102,-12748710347668,23217,84967,-29514.7,31552.9,10.4,0.024,62819231,LOCKED
13903,1120.102,-12748710361177,36942,98692,-29464.2,31930.2,10.4,0.030,62783211,LOCKED
13904,1121.102,-12748710459146,-30488,31262,-29466.2,31950.2,10.6,0.029,62888609,LOCKED
13905,1122.102,-12748710452697,3332,65082,-29368.7,31154.9,10.5,0.036,62985211,LOCKED
13906,1123.102,-12748710447214,34478,96228,-29244.0,31108.7,10.5,0.046,63083094,LOCKED
13907,1124.102,-12748710570321,-55029,6721,-29366.4,31930.3,10.4,0.055,63051573,LOCKED
13908,1125.102,-12748710578038,-30049,31701,-29480.1,31840.9,10.4,0.056,63131503,LOCKED
13909,1126.102,-12748710594751,-17323,44427,-29449.2,31572.8,10.9,0.062,63208018,LOCKED
13910,1127.102,-12748710579861,25822,87572,-29433.6,31683.9,10.8,0.076,63311448,LOCKED
13911,1128.102,-12748710595035,37748,99498,-29381.7,32076.7,10.9,0.082,63387217,LOCKED
13912,1129.102,-12748710710590,-44190,17560,-29516.4,32331.7,10.9,0.072,63363016,LOCKED
13913,1130.102,-12748710718091,-19903,41847,-29594.9,32267.8,11.1,0.035,63444600,LOCKED
13914,1131.103,-12748710729842,-2316,59434,-29578.4,32229.9,11.0,0.018,63526032,LOCKED
13915,1132.102,-12748710747974,7305,69055,-29500.8,31852.3,10.9,0.027,63595136,LOCKED
13916,1133.103,-12748710759359,24472,86222,-29494.9,31896.4,11.0,0.038,63678245,LOCKED
13917,1134.103,-12748710780423,30182,91932,-29411.4,32071.4,11.1,0.021,63633512,LOCKED
13918,1135.103,-12748710890388,-48550,13200,-29420.1,32201.9,11.0,0.035,63731187,LOCKED
13919,1136.103,-12748710909712,-34873,26877,-29538.1,32249.4,11.1,0.047,63804142,LOCKED
13920,1137.103,-12748710872170,31970,93720,-29579.7,31648.6,10.9,0.067,63817437,LOCKED
13921,1138.103,-12748710981420,-43954,17796,-29690.7,32099.0,10.9,0.075,63914595,LOCKED
13922,1139.103,-12748710983097,-15939,45811,-29664.1,31894.0,10.9,0.070,64000855,LOCKED
13923,1140.103,-12748710973036,23881,85631,-29708.6,31353.4,10.9,0.074,64102253,LOCKED
13924,1141.103,-12748710988764,35980,91650,-29676.1,31643.5,10.9,0.070,64064703,LOCKED
13925,1142.103,-12748711092479,-36030,19640,-29715.8,31967.9,11.0,0.076,64168656,LOCKED
13926,1143.103,-12748711072816,11333,67003,-29635.5,31661.5,10.9,0.080,64281519,LOCKED
13927,1144.104,-12748711112774,2600,58270,-29718.1,30936.7,10.9,0.084,64360276,LOCKED
13928,1145.103,-12748711203879,-54503,1167,-29837.9,31754.2,10.9,0.081,64332839,LOCKED
13929,1146.104,-12748711213090,-31936,23734,-29880.1,32031.1,10.9,0.078,64408043,LOCKED
13930,1147.103,-12748711168254,41896,97566,-29906.4,31600.4,10.9,0.075,64551984,LOCKED
13931,1148.104,-12748711278187,-34322,21348,-30036.5,31479.9,11.0,0.067,64529326,LOCKED
13932,1149.104,-12748711278526,-3692,51978,-30076.2,31378.4,11.2,0.060,64619644,LOCKED
13933,1150.104,-12748711271492,31316,86986,-30025.0,31664.0,11.7,0.047,64720180,LOCKED
13934,1151.104,-12748711281443,47443,103113,-29910.0,32218.6,12.1,0.038,64805292,LOCKED
13935,1152.104,-12748711399753,-39344,16326,-29923.8,32377.2,12.0,0.039,64775115,LOCKED
13936,1153.104,-12748711401084,-8820,46850,-30004.0,32008.1,11.9,0.040,64867719,LOCKED
13937,1154.104,-12748711401610,19747,75417,-29992.1,32072.0,11.9,0.040,64956274,LOCKED
13938,1155.106,-12748711408324,39724,95394,-29896.0,32457.9,11.9,0.040,64926924,LOCKED
13939,1156.104,-12748711513238,-34523,21147,-29876.4,32201.6,11.4,0.045,65027542,LOCKED
13940,1157.104,-12748711481905,24575,80245,-29813.5,32337.9,11.3,0.048,65153403,LOCKED
13941,1158.104,-12748711482498,49332,105002,-29676.3,32789.4,11.2,0.055,65129779,LOCKED
13942,1159.104,-12748711595459,-30319,25351,-29804.4,32532.7,10.7,0.062,65219757,LOCKED
13943,1160.104,-12748711585822,9145,64815,-29820.8,32459.5,10.5,0.066,65321056,LOCKED
13944,1161.104,-12748711584152,37947,93617,-29751.8,32865.5,10.3,0.071,65415206,LOCKED
13945,1162.104,-12748711609835,38379,94049,-29636.9,33071.5,10.2,0.074,65367680,LOCKED
13946,1163.105,-12748711697833,-17324,38346,-29738.7,32690.1,10.0,0.078,65483137,LOCKED
13947,1164.104,-12748711693359,15791,71461,-29711.1,32760.4,9.9,0.083,65580680,LOCKED
13948,1165.104,-12748711707281,28654,84324,-29615.0,32798.8,9.7,0.089,65542098,LOCKED
13949,1166.105,-12748711815627,-48395,7275,-29617.0,32829.6,9.4,0.098,65638415,LOCKED
13950,1167.105,-12748711780306,15423,71093,-29587.7,32895.9,9.3,0.101,65766178,LOCKED
13951,1168.105,-12748711787302,35071,90741,-29501.4,33183.3,9.3,0.104,65850941,LOCKED
13952,1169.105,-12748711910193,-55764,0,-29534.0,33660.7,9.0,0.114,65817731,LOCKED
13953,1170.105,-12748711912759,-27839,27925,-29534.7,33666.3,9.2,0.113,65909120,LOCKED
13954,1171.105,-12748711901671,12717,68481,-29552.6,33566.2,9.2,0.118,66009714,LOCKED
13955,1172.105,-12748711912778,30541,86305,-29572.9,33334.0,9.2,0.116,66090654,LOCKED
13956,1173.105,-12748712031744,-56160,0,-29611.7,33881.6,9.2,0.114,66061202,LOCKED
13957,1174.105,-12748712035871,-27555,28605,-29719.2,33778.2,9.1,0.104,66147604,LOCKED
13958,1175.105,-12748712048365,-9382,46778,-29750.2,33783.5,9.1,0.102,66227668,LOCKED
13959,1176.105,-12748712110906,-40238,15922,-29778.3,34064.2,9.1,0.099,66315128,LOCKED
13960,1177.105,-12748712149945,-44678,11482,-29940.9,33979.3,9.3,0.088,66319746,LOCKED
13961,1178.105,-12748712137756,-1762,54398,-29976.6,33886.1,9.3,0.086,66415097,LOCKED
13962,1179.105,-12748712169944,-4372,51788,-29949.7,33785.5,9.3,0.093,66493584,LOCKED
13963,1180.105,-12748712231997,-35349,20811,-29946.2,33745.5,9.2,0.106,66479036,LOCKED
13964,1181.105,-12748712264976,-34908,21252,-30058.8,33843.4,9.3,0.094,66561743,LOCKED
13965,1182.106,-12748712255705,4004,60164,-30044.9,33843.6,9.2,0.098,66662501,LOCKED
13966,1183.106,-12748712239031,46096,102256,-29894.2,33989.6,9.2,0.089,66771470,LOCKED
13967,1184.106,-12748712355368,-36091,20069,-30043.4,33691.6,9.1,0.096,66749117,LOCKED
13968,1185.106,-12748712351526,-1019,55141,-30100.1,33422.4,9.0,0.105,66841846,LOCKED
13969,1186.106,-12748712362852,17272,73432,-30105.1,33392.7,8.9,0.081,66922668,LOCKED
13970,1187.106,-12748712440416,-29026,27134,-30113.8,33465.3,8.8,0.092,66935604,LOCKED
13971,1188.106,-12748712447548,-6972,49188,-30056.5,33043.1,8.8,0.085,67018930,LOCKED
13972,1189.106,-12748712438514,31475,87635,-30077.3,32794.3,8.8,0.082,67117239,LOCKED
13973,1190.106,-12748712453236,44540,100700,-30039.0,33205.1,8.8,0.095,67198463,LOCKED
13974,1191.106,-12748712479600,45225,101385,-29967.3,33763.0,8.8,0.091,67152541,LOCKED
13975,1192.106,-12748712606131,-48293,7867,-30036.6,34373.3,8.8,0.099,67225163,LOCKED
13976,1193.106,-12748712624667,-35277,20883,-30052.3,34521.0,8.8,0.105,67302663,LOCKED
13977,1194.106,-12748712631224,-12212,43948,-30010.8,34215.6,8.6,0.103,67387751,LOCKED
13978,1195.106,-12748712628943,20175,76335,-30049.1,33847.7,8.7,0.101,67482627,LOCKED
13979,1196.106,-12748712637865,39733,95893,-30038.2,33972.0,8.5,0.098,67569202,LOCKED
13980,1197.107,-12748712705197,1174,57334,-29977.9,33672.3,8.7,0.089,67586497,LOCKED
13981,1198.106,-12748712706719,29162,85322,-30003.5,33379.9,8.7,0.081,67675734,LOCKED
13982,1199.106,-12748712720249,43248,99408,-29958.2,33809.9,8.7,0.081,67756461,LOCKED
13983,1200.106,-12748712844801,-48771,7389,-30003.5,34311.5,8.4,0.081,67723478,LOCKED
13984,1201.106,-12748712845143,-19102,37058,-29972.0,34039.4,8.4,0.081,67813588,LOCKED
13985,1202.106,-12748712844285,12125,68285,-30011.8,33750.2,8.2,0.082,67907631,LOCKED
13986,1203.107,-12748712853211,30621,86781,-29935.5,33960.2,7.9,0.084,67983588,LOCKED
13987,1204.107,-12748712858085,51899,108059,-29835.9,34677.6,7.6,0.086,68074889,LOCKED
13988,1205.107,-12748712972627,-28866,27294,-29981.6,34113.0,7.8,0.082,68053738,LOCKED
13989,1206.107,-12748712973778,1241,57401,-30046.5,33715.8,7.9,0.088,68144463,LOCKED
13990,1207.107,-12748712948271,51968,108128,-29895.7,34135.2,8.0,0.085,68258244,LOCKED
13991,1208.107,-12748713079438,-44704,11456,-30047.4,34203.1,8.0,0.084,68219101,LOCKED
13992,1209.107,-12748713085339,-18668,37492,-30109.2,34222.9,7.9,0.082,68303265,LOCKED
13993,1210.107,-12748713083856,11459,67619,-30056.2,34163.6,7.5,0.078,68402474,LOCKED
13994,1211.107,-12748713087434,34118,90278,-29925.3,34033.7,7.0,0.073,68491219,LOCKED
13995,1212.107,-12748713198928,-42905,13255,-30077.3,34012.8,7.2,0.077,68469848,LOCKED
13996,1213.107,-12748713209837,-21539,34621,-30149.5,34034.1,7.4,0.080,68550852,LOCKED
13997,1214.107,-12748713213751,4129,60289,-30128.5,34022.0,7.5,0.084,68640295,LOCKED
13998,1215.107,-12748713284533,-35216,20944,-30134.1,34080.9,7.7,0.088,68752303,LOCKED
13999,1216.107,-12748713302663,-20308,35852,-30243.1,33717.0,8.3,0.093,68736608,LOCKED
14000,1217.107,-12748713263769,45117,101277,-30135.8,34199.3,8.3,0.094,68866781,LOCKED
14001,1218.107,-12748713378280,-38318,17842,-30118.1,33963.3,8.1,0.103,68844099,LOCKED
14002,1219.107,-12748713403828,-30471,25689,-30228.5,33929.2,8.3,0.106,68912162,LOCKED
14003,1220.108,-12748713395782,7161,63321,-30208.8,33938.7,8.8,0.110,69007636,LOCKED
14004,1221.107,-12748713381859,46741,102901,-30062.9,34170.1,8.8,0.112,69120426,LOCKED
14005,1222.107,-12748713508780,-48360,7800,-30068.7,34253.2,8.8,0.108,69084610,LOCKED
14006,1223.108,-12748713508744,-16686,39474,-30118.0,34292.8,8.7,0.104,69177320,LOCKED
14007,1224.108,-12748713504290,15999,72159,-30051.9,34234.5,8.7,0.099,69274172,LOCKED
14008,1225.108,-12748713498596,47048,103208,-29899.3,34400.5,8.6,0.094,69374321,LOCKED
14009,1226.108,-12748713631522,-51204,4956,-30048.8,34790.4,8.6,0.097,69333933,LOCKED
14010,1227.108,-12748713599821,8956,65116,-29985.5,34616.1,8.7,0.102,69455924,LOCKED
14011,1228.108,-12748713616743,18843,75003,-29860.7,33975.3,8.6,0.096,69529496,LOCKED
14012,1229.108,-12748713626876,37276,93436,-29859.2,33993.1,8.6,0.089,69501185,LOCKED
14013,1230.108,-12748713727418,-30891,25269,-29931.4,34222.3,8.5,0.102,69605562,LOCKED
14014,1231.108,-12748713731334,-5522,50638,-29890.4,34004.8,8.6,0.111,69690655,LOCKED
14015,1232.108,-12748713732526,20019,76179,-29768.5,33444.5,9.0,0.084,69781414,LOCKED
14016,1233.108,-12748713744664,36386,92546,-29767.0,33461.2,9.2,0.049,69747678,LOCKED
14017,1234.108,-12748713838214,-25246,30914,-29830.7,33602.8,9.1,0.034,69858522,LOCKED
14018,1235.108,-12748713840135,2337,58497,-29818.6,33598.5,9.0,0.019,69944314,LOCKED
14019,1236.108,-12748713842497,28781,84941,-29816.7,33614.8,9.0,0.017,70031982,LOCKED
14020,1237.108,-12748713944960,-39751,16409,-29952.8,33655.1,8.4,-0.015,70019465,LOCKED
14021,1238.108,-12748713946533,-10640,45520,-29971.0,33686.1,8.3,-0.047,70110442,LOCKED
14022,1239.108,-12748713953728,11425,67585,-29955.1,33720.3,8.3,-0.066,70195888,LOCKED
14023,1240.109,-12748713959042,34860,91020,-29953.9,33732.9,8.0,-0.107,70280114,LOCKED
14024,1241.108,-12748713972388,49400,105560,-29934.6,33996.8,8.0,-0.114,70359258,LOCKED
14025,1242.109,-12748714101733,-46756,9404,-30016.7,34584.6,8.1,-0.120,70321401,LOCKED
14026,1243.109,-12748714105475,-20649,35511,-29974.0,34156.6,8.1,-0.115,70407298,LOCKED
14027,1244.109,-12748714109188,6548,62708,-30030.9,33755.1,8.4,-0.101,70499231,LOCKED
14028,1245.109,-12748714120888,23515,79675,-30003.1,33890.0,8.4,-0.097,70577750,LOCKED
14029,1246.109,-12748714127219,43739,99899,-29906.4,34371.9,8.4,-0.094,70665682,LOCKED
14030,1247.109,-12748714216875,-13838,42322,-29990.2,34113.3,8.4,-0.092,70667892,LOCKED
14031,1248.109,-12748714231192,2180,58340,-30010.8,34062.1,9.2,-0.075,70747469,LOCKED
14032,1249.109,-12748714235903,24886,81046,-29924.7,34071.0,9.3,-0.067,70835167,LOCKED
14033,1250.109,-12748714248498,38070,94230,-29784.3,33985.8,9.4,-0.059,70913555,LOCKED
14034,1251.109,-12748714378172,-59456,0,-29801.4,34273.7,9.4,-0.058,70873427,LOCKED
14035,1252.109,-12748714367540,-16262,43194,-29910.1,33779.4,9.4,-0.063,70979643,LOCKED
14036,1253.109,-12748714387886,-4993,54463,-29985.6,33388.1,9.4,-0.067,71048255,LOCKED
14037,1254.109,-12748714395011,17288,76744,-29985.9,33386.2,9.4,-0.066,71132688,LOCKED
14038,1255.109,-12748714425620,15109,74565,-29934.6,33393.7,9.5,-0.070,71223920,LOCKED
14039,1256.109,-12748714512723,-40549,18907,-29941.3,33475.2,9.6,-0.065,71198515,LOCKED
14040,1257.109,-12748714497784,4035,63491,-29933.4,33479.6,9.5,-0.067,71329869,LOCKED
14041,1258.110,-12748714586710,-52351,7105,-29974.3,33998.3,9.4,-0.073,71304407,LOCKED
14042,1259.113,-12748714574853,-11357,48099,-29914.2,33464.6,9.6,-0.069,71411314,LOCKED
14043,1260.109,-12748714591597,3237,62693,-29989.7,32873.0,9.7,-0.073,71498156,LOCKED
14044,1261.109,-12748714668161,-39863,19593,-30094.1,33208.2,9.7,-0.073,71596990,LOCKED
14045,1262.110,-12748714676521,-17232,42224,-30109.5,33270.7,9.7,-0.073,71586656,LOCKED
14046,1263.110,-12748714659051,27387,86843,-30009.5,33235.4,9.7,-0.074,71693460,LOCKED
14047,1264.110,-12748714754565,-37565,21891,-29974.0,32695.9,9.7,-0.075,71688587,LOCKED
14048,1265.110,-12748714741908,5539,64995,-30006.6,32540.4,9.5,-0.079,71794486,LOCKED
14049,1266.110,-12748714742833,32260,91716,-29944.3,32831.0,9.4,-0.076,71885859,LOCKED
14050,1267.110,-12748714809313,-6001,53455,-29849.4,31810.4,9.2,-0.082,71909710,LOCKED
14051,1268.110,-12748714813878,19270,78726,-29880.9,31514.8,9.2,-0.083,71999567,LOCKED
14052,1269.110,-12748714821756,39095,98551,-29838.9,31892.4,9.3,-0.086,71969147,LOCKED
14053,1270.110,-12748714911203,-19729,39727,-29844.6,31926.2,9.4,-0.089,72083412,LOCKED
14054,1271.110,-12748714911097,8116,67572,-29754.6,31401.7,9.5,-0.091,72173630,LOCKED
14055,1272.110,-12748714907835,39633,99089,-29746.9,31498.3,9.6,-0.088,72268486,LOCKED
14056,1273.110,-12748715020585,-39969,19487,-29847.5,31874.7,10.0,-0.083,72246548,LOCKED
14057,1274.110,-12748715020301,-9393,50063,-29853.7,31890.2,9.9,-0.078,72340683,LOCKED
14058,1275.110,-12748715006464,33234,92690,-29856.8,31855.5,9.8,-0.071,72446632,LOCKED
14059,1276.110,-12748715018290,48748,108204,-29814.3,32365.3,9.4,-0.056,72412553,LOCKED
14060,1277.110,-12748715089230,5653,65109,-29726.9,31812.5,9.4,-0.057,72547245,LOCKED
14061,1278.110,-12748715085243,38049,97505,-29725.5,31829.2,9.3,-0.049,72637744,LOCKED
14062,1279.110,-12748715213596,-55494,3962,-29883.0,32375.0,9.1,-0.039,72604186,LOCKED
14063,1280.110,-12748715213298,-23641,35815,-29925.9,32533.6,8.6,-0.018,72695356,LOCKED
14064,1281.111,-12748715218224,-136,59320,-29852.1,32025.6,8.6,-0.017,72781981,LOCKED
14065,1282.111,-12748715226934,21373,80829,-29905.8,31372.9,8.6,-0.016,72862975,LOCKED
14066,1283.111,-12748715229455,46416,105872,-29868.0,31821.0,8.6,-0.014,72840305,LOCKED
14067,1284.111,-12748715337201,-29728,29728,-29903.7,32050.8,8.6,-0.007,72938066,LOCKED
14068,1285.111,-12748715332755,2836,62292,-29820.6,31476.9,8.6,-0.000,73034497,LOCKED
14069,1286.111,-12748715342861,22929,82385,-29877.5,30724.6,8.7,-0.010,73114278,LOCKED
14070,1287.111,-12748715446801,-47915,11541,-29955.9,31403.0,8.6,-0.019,73100223,LOCKED
14071,1288.111,-12748715447704,-18127,41329,-29961.8,31435.6,8.6,-0.013,73188782,LOCKED
14072,1289.111,-12748715457938,331,59787,-29899.9,31075.2,8.6,-0.007,73273374,LOCKED
14073,1290.111,-12748715460184,27273,86729,-29910.4,30967.8,8.3,0.019,73365183,LOCKED
14074,1291.111,-12748715469326,45204,104660,-29846.2,31548.8,8.4,-0.008,73334386,LOCKED
14075,1292.111,-12748715576685,-30910,28546,-29863.4,31697.8,8.3,-0.002,73428503,LOCKED
14076,1293.112,-12748715571190,2853,62309,-29789.8,31250.7,8.2,0.003,73526920,LOCKED
14077,1294.111,-12748715557536,44012,103468,-29750.7,31679.5,8.2,0.004,73631199,LOCKED
14078,1295.111,-12748715592070,36474,95930,-29676.1,32053.6,8.2,0.006,73589928,LOCKED
14079,1296.111,-12748715688196,-29199,30257,-29665.6,31943.1,8.2,0.007,73686829,LOCKED
14080,1297.111,-12748715685907,3784,63240,-29722.5,31566.0,8.3,-0.001,73808867,LOCKED
14081,1298.111,-12748715763477,-40849,18607,-29812.5,32018.2,8.3,-0.007,73790461,LOCKED
14082,1299.111,-12748715756551,-4175,55281,-29802.3,31994.6,8.2,-0.005,73892474,LOCKED
14083,1300.111,-12748715771680,8649,68105,-29725.8,31661.5,8.1,-0.003,73976358,LOCKED
14084,1301.112,-12748715850226,-39363,20093,-29699.9,31257.2,8.1,-0.009,73954784,LOCKED
14085,1302.112,-12748715883985,-39160,20296,-29844.3,31159.8,8.4,-0.021,74040634,LOCKED
14086,1303.112,-12748715868780,6222,65678,-29871.0,31034.7,8.7,-0.013,74146661,LOCKED
14087,1304.112,-12748715867806,34542,93998,-29804.4,31383.7,8.6,-0.017,74126919,LOCKED
14088,1305.112,-12748715960767,-27520,31936,-29812.4,31450.7,8.6,-0.020,74239608,LOCKED
14089,1306.112,-12748715935288,24395,83851,-29687.0,30971.2,8.7,-0.024,74357748,LOCKED
14090,1307.112,-12748716028592,-36380,23076,-29766.1,31340.4,8.8,-0.027,74353413,LOCKED
14091,1308.112,-12748716030337,-7976,51480,-29771.6,31352.3,8.4,-0.030,74442746,LOCKED
14092,1309.112,-12748716021528,27616,87072,-29670.7,31313.1,8.5,-0.034,74542944,LOCKED
14093,1310.112,-12748716138226,-57217,2239,-29683.2,31537.9,8.3,-0.033,74516558,LOCKED
14094,1311.112,-12748716125578,-12302,47154,-29789.8,30888.5,8.6,-0.038,74623325,LOCKED
14095,1312.112,-12748716136470,6562,66018,-29799.1,30859.3,8.6,-0.038,74700467,LOCKED
14096,1313.112,-12748716146012,25176,84632,-29760.2,31045.5,8.9,-0.045,74782329,LOCKED
14097,1314.112,-12748716261164,-56978,2478,-29824.5,31875.8,8.9,-0.045,74761138,LOCKED
14098,1315.112,-12748716263261,-27979,31477,-29840.4,31998.5,8.8,-0.049,74850273,LOCKED
14099,1316.112,-12748716280587,-13192,46264,-29930.2,31629.9,8.6,-0.045,74931331,LOCKED
14100,1317.112,-12748716259854,34910,94366,-29862.4,31979.2,8.6,-0.044,74926017,LOCKED
14101,1318.112,-12748716361843,-33002,26454,-30014.6,31453.5,8.9,-0.050,75027224,LOCKED
14102,1319.112,-12748716346214,12382,71838,-30022.5,31415.0,8.6,-0.044,75133588,LOCKED
14103,1320.112,-12748716344895,41025,100481,-29958.2,31899.7,8.6,-0.047,75112793,LOCKED
14104,1321.112,-12748716444649,-25241,34215,-30089.7,31363.3,8.6,-0.046,75216805,LOCKED
14105,1322.113,-12748716438567,11300,70756,-30126.7,31090.9,8.8,-0.045,75317929,LOCKED
14106,1323.113,-12748716438914,37964,97420,-30036.8,31463.3,9.0,-0.043,75409743,LOCKED
14107,1324.113,-12748716556836,-45014,14442,-30203.1,31328.4,9.0,-0.040,75380532,LOCKED
14108,1325.113,-12748716555384,-12088,47368,-30245.5,31328.5,9.2,-0.037,75475087,LOCKED
14109,1326.113,-12748716553899,17833,77289,-30186.2,31346.9,9.2,-0.033,75567257,LOCKED
14110,1327.113,-12748716646630,-41186,18270,-30290.9,31742.0,9.2,-0.028,75567970,LOCKED
14111,1328.113,-12748716651414,-14806,44650,-30309.2,31800.0,9.8,-0.022,75651268,LOCKED
14112,1329.113,-12748716653983,11206,70662,-30242.9,31630.6,10.0,-0.023,75740643,LOCKED
14113,1330.113,-12748716653327,40378,99834,-30225.3,31836.8,10.1,-0.025,75835761,LOCKED
14114,1331.113,-12748716667605,52686,112142,-30134.1,32630.7,10.7,-0.024,75799996,LOCKED
14115,1332.113,-12748716777776,-26724,32732,-30120.4,32495.0,10.8,-0.024,75894196,LOCKED
14116,1333.113,-12748716764121,17497,76953,-30171.5,31960.4,10.8,-0.036,75995049,LOCKED
14117,1334.113,-12748716769287,40365,99821,-30133.6,32326.4,10.9,-0.024,76085933,LOCKED
14118,1335.113,-12748716777589,57309,116765,-29988.8,33072.0,11.0,-0.008,76055786,LOCKED
14119,1336.113,-12748716889123,-24236,35220,-29948.4,32609.6,10.9,0.004,76145695,LOCKED
14120,1337.113,-12748716866437,26261,85717,-29887.1,32782.7,10.9,-0.001,76270356,LOCKED
14121,1338.113,-12748716963187,-39432,20024,-29878.9,32672.4,10.9,-0.004,76255627,LOCKED
14122,1339.113,-12748716959341,-3579,55877,-29977.6,31882.9,10.8,0.011,76349638,LOCKED
14123,1340.114,-12748716961050,23957,83413,-29981.5,31850.2,10.6,0.028,76440939,LOCKED
14124,1341.114,-12748717023376,-7771,51685,-29998.9,31866.3,10.5,0.047,76529832,LOCKED
14125,1342.114,-12748717091327,-43374,16082,-30042.1,32306.0,10.2,0.070,76513419,LOCKED
14126,1343.114,-12748717073039,3099,62555,-29955.9,31698.7,9.9,0.099,76605052,LOCKED
14127,1344.114,-12748717100425,6249,65705,-29994.9,31473.7,9.8,0.104,76687130,LOCKED
14128,1345.114,-12748717165562,-27155,32301,-30035.1,31683.7,9.7,0.108,76675403,LOCKED
14129,1346.114,-12748717186144,-17333,42123,-30024.3,31610.7,9.8,0.115,76769842,LOCKED
14130,1347.114,-12748717148811,48419,107875,-30026.1,31582.0,9.7,0.108,76895971,LOCKED
14131,1348.114,-12748717262313,-32044,27412,-30120.9,31739.9,9.6,0.113,76873938,LOCKED
14132,1349.114,-12748717293493,-30790,28666,-30183.3,32007.5,9.5,0.108,76956358,LOCKED
14133,1350.114,-12748717265873,24533,83989,-30102.2,32045.1,9.3,0.104,77057169,LOCKED
14134,1351.114,-12748717267782,47795,107251,-29939.4,32118.3,9.3,0.102,77033990,LOCKED
14135,1352.114,-12748717372704,-24502,34954,-30030.6,32073.1,9.4,0.092,77136257,LOCKED
14136,1353.114,-12748717358051,18696,78152,-29988.7,32165.6,9.3,0.098,77241242,LOCKED
14137,1354.115,-12748717361182,40929,100385,-29829.5,31931.8,9.2,0.104,77331953,LOCKED
14138,1355.114,-12748717475472,-42371,17085,-29815.9,31724.7,9.0,0.103,77309133,LOCKED
14139,1356.118,-12748717465807,-2228,57228,-29844.8,31667.2,8.9,0.109,77410576,LOCKED
14140,1357.115,-12748717536618,-40946,18510,-29887.1,32070.3,8.9,0.108,77431064,LOCKED
14141,1358.114,-12748717539032,-11559,47897,-29961.9,31829.0,9.1,0.103,77523060,LOCKED
14142,1359.114,-12748717541779,14532,73988,-29930.9,31887.2,8.9,0.109,77612377,LOCKED
14143,1360.114,-12748717536470,45912,105368,-29817.6,32391.6,8.7,0.111,77704238,LOCKED
14144,1361.115,-12748717649221,-33711,25745,-29924.2,32506.1,8.7,0.111,77688523,LOCKED
14145,1362.115,-12748717650755,-3842,55614,-29990.5,32180.7,8.6,0.110,77778233,LOCKED
14146,1363.115,-12748717652857,22193,81649,-29936.4,32299.9,7.8,0.115,77865297,LOCKED
14147,1364.115,-12748717664771,36234,95690,-29801.0,32194.8,7.8,0.116,77947755,LOCKED
14148,1365.115,-12748717774685,-40425,19031,-29903.5,32567.6,7.7,0.118,77928244,LOCKED
14149,1366.115,-12748717777663,-13777,45679,-29866.8,32279.8,7.7,0.119,78013883,LOCKED
14150,1367.116,-12748717764490,28254,87710,-29864.4,32301.9,7.7,0.121,78118541,LOCKED
14151,1368.115,-12748717776042,43525,102981,-29787.3,32838.2,7.6,0.119,78200371,LOCKED
14152,1369.115,-12748717901960,-50538,8918,-29804.8,33091.8,7.6,0.117,78166223,LOCKED
14153,1370.115,-12748717897742,-13932,45524,-29908.6,32570.4,7.5,0.119,78262299,LOCKED
14154,1371.115,-12748717900268,12789,70006,-29897.3,32605.2,7.5,0.117,78354146,LOCKED
14155,1372.115,-12748717920978,20125,77342,-29839.9,32674.4,7.3,0.122,78423000,LOCKED
14156,1373.115,-12748718026735,-53315,3902,-29872.8,33136.6,7.2,0.120,78409470,LOCKED
14157,1374.115,-12748718028060,-21482,35735,-29998.6,32557.7,7.4,0.124,78496455,LOCKED
14158,1375.115,-12748718025816,10947,68164,-30026.0,32390.8,7.4,0.127,78591748,LOCKED
14159,1376.115,-12748718052741,13647,70864,-30029.0,32376.7,7.4,0.131,78659874,LOCKED
14160,1377.115,-12748718143383,-45073,12144,-30047.0,32609.1,7.3,0.135,78659409,LOCKED
14161,1378.115,-12748718128372,1196,58413,-30108.5,32234.7,7.4,0.133,78766185,LOCKED
14162,1379.115,-12748718128479,28937,86154,-30045.6,32459.6,7.3,0.138,78858450,LOCKED
14163,1380.116,-12748718146003,37435,94652,-29910.1,32407.0,7.3,0.144,78820820,LOCKED
14164,1381.116,-12748718255717,-38750,18467,-30023.5,32642.4,7.2,0.150,78919616,LOCKED
14165,1382.116,-12748718264619,-16716,40501,-30040.5,32707.3,7.2,0.148,79007180,LOCKED
14166,1383.116,-12748718243241,31226,88443,-29921.6,32604.4,7.2,0.145,79116495,LOCKED
14167,1384.116,-12748718356131,-46787,10430,-30087.3,32578.9,7.1,0.153,79091390,LOCKED
14168,1385.116,-12748718346885,-6262,50955,-30135.4,32462.7,7.1,0.151,79195359,LOCKED
14169,1386.116,-12748718344415,24339,81556,-30077.5,32608.9,7.0,0.164,79289029,LOCKED
14170,1387.116,-12748718457287,-52906,4311,-30262.2,32622.6,7.1,0.157,79264269,LOCKED
14171,1388.116,-12748718452034,-15177,42040,-30345.8,32388.3,7.0,0.128,79366657,LOCKED
14172,1389.116,-12748718450375,15984,73201,-30330.9,32444.9,7.4,0.098,79455887,LOCKED
14173,1390.116,-12748718448691,44095,101312,-30212.4,32838.0,7.4,0.086,79550348,LOCKED
14174,1391.116,-12748718470611,47559,104776,-30054.2,32962.2,7.3,0.046,79506848,LOCKED
14175,1392.116,-12748718580354,-28947,28270,-30162.5,32895.4,7.3,0.034,79601730,LOCKED
14176,1393.116,-12748718589015,-7218,49999,-30161.7,32893.4,7.2,0.021,79690269,LOCKED
14177,1394.116,-12748718594545,15182,72399,-30077.2,32652.4,7.0,0.005,79773117,LOCKED
14178,1395.117,-12748718602422,33032,90249,-29918.4,32018.2,6.9,-0.014,79860521,LOCKED
14179,1396.117,-12748718617372,45507,102724,-29871.6,32508.4,6.9,-0.013,79822707,LOCKED
14180,1397.117,-12748718693520,-1853,55364,-29815.2,32179.6,6.8,-0.021,79948266,LOCKED
14181,1398.117,-12748718698286,22709,79926,-29829.1,32058.5,6.8,-0.028,80038849,LOCKED
14182,1399.117,-12748718712612,35669,92886,-29763.5,32421.5,6.9,-0.037,80114841,LOCKED
14183,1400.117,-12748718840365,-59307,0,-29812.8,33137.3,7.5,-0.053,80077871,LOCKED
14184,1401.117,-12748718841080,-28203,31104,-29864.5,33357.4,7.5,-0.059,80169993,LOCKED
14185,1402.117,-12748718877393,-31049,28258,-29989.9,33171.0,8.0,-0.073,80224685,LOCKED
14186,1403.117,-12748718890771,-13629,45678,-30006.9,33218.4,8.9,-0.092,80301743,LOCKED
14187,1404.117,-12748718901038,5503,64810,-29986.2,33215.7,9.0,-0.102,80383707,LOCKED
14188,1405.117,-12748718909194,26496,85803,-29989.2,33189.7,8.8,-0.105,80470895,LOCKED
14189,1406.117,-12748718912835,50069,109376,-29936.2,33772.0,8.9,-0.113,80446103,LOCKED
14190,1407.117,-12748718995347,-3939,55368,-29859.2,33145.1,8.9,-0.109,80568718,LOCKED
14191,1408.117,-12748719005481,15846,75153,-29888.5,32918.6,8.7,-0.109,80648412,LOCKED
14192,1409.117,-12748719007016,42512,101819,-29876.4,33069.7,8.8,-0.106,80627567,LOCKED
14193,1410.117,-12748719121169,-39747,19560,-29909.4,33386.3,8.8,-0.107,80718472,LOCKED
14194,1411.117,-12748719117688,-7577,51730,-29836.8,32733.0,9.0,-0.113,80810961,LOCKED
14195,1412.117,-12748719115847,23299,82606,-29836.2,32737.4,9.0,-0.116,80904708,LOCKED
14196,1413.117,-12748719146960,19898,79205,-29764.9,32727.5,9.0,-0.118,80982090,LOCKED
14197,1414.118,-12748719232351,-35056,24251,-29739.5,32380.2,9.5,-0.123,80971466,LOCKED
14198,1415.117,-12748719287298,-55252,4055,-29893.9,32938.2,9.7,-0.127,81062972,LOCKED
14199,1416.118,-12748719226059,33465,92772,-29830.8,33248.5,9.6,-0.126,81047886,LOCKED
14200,1417.117,-12748719282742,7419,66726,-29882.9,32879.8,9.8,-0.129,81196619,LOCKED
14201,1418.118,-12748719343703,-21722,37585,-29941.9,32971.9,9.7,-0.131,81177714,LOCKED
14202,1419.118,-12748719391671,-37618,21689,-29984.0,33313.9,9.7,-0.129,81267053,LOCKED
14203,1420.118,-12748719387379,-4742,54565,-29907.2,32661.9,9.6,-0.128,81364285,LOCKED
14204,1421.118,-12748719380679,30830,90137,-29907.7,32657.0,9.8,-0.129,81464531,LOCKED
14205,1422.118,-12748719493038,-48138,11169,-29998.7,33300.8,9.8,-0.127,81441547,LOCKED
14206,1423.118,-12748719478863,-4444,54863,-29967.7,33170.6,9.8,-0.124,81550242,LOCKED
14207,1424.118,-12748719479783,21619,80926,-29857.0,32818.7,9.8,-0.122,81639552,LOCKED
14208,1425.118,-12748719589719,-53497,5810,-30011.9,33278.4,9.9,-0.119,81622092,LOCKED
14209,1426.118,-12748719590611,-22387,36920,-30072.4,33376.3,10.0,-0.116,81710078,LOCKED
14210,1427.118,-12748719552347,41979,101286,-29947.1,33622.4,9.9,-0.114,81840044,LOCKED
14211,1428.118,-12748719571481,47646,106953,-29773.5,33520.2,10.0,-0.112,81801935,LOCKED
14212,1429.118,-12748719681238,-28919,30388,-29893.4,33321.2,10.0,-0.109,81895567,LOCKED
14213,1430.118,-12748719671165,10633,69940,-29890.8,33329.4,10.1,-0.106,81997188,LOCKED
14214,1431.118,-12748719676293,32495,91802,-29802.3,33531.5,10.0,-0.103,82084797,LOCKED
14215,1432.118,-12748719705760,29713,89020,-29698.5,33535.4,10.1,-0.109,82034297,LOCKED
14216,1433.118,-12748719821699,-51403,7904,-29864.8,33741.6,10.1,-0.106,82123224,LOCKED
14217,1434.118,-12748719810059,-8595,50712,-29914.6,33654.7,9.8,-0.091,82224975,LOCKED
14218,1435.118,-12748719805789,23569,82876,-29854.5,33775.4,9.8,-0.099,82320416,LOCKED
14219,1436.118,-12748719831657,25257,84564,-29783.6,33886.3,10.0,-0.091,82395795,LOCKED
14220,1437.118,-12748719914523,-24559,34748,-29903.3,33528.9,10.0,-0.085,82393236,LOCKED
14221,1438.119,-12748719927463,-7012,52295,-29920.3,33540.4,10.0,-0.092,82479500,LOCKED
14222,1439.119,-12748719920380,27152,86459,-29825.9,33547.5,10.0,-0.076,82575945,LOCKED
14223,1440.119,-12748720039894,-59863,0,-29857.6,34048.4,10.0,-0.062,82545268,LOCKED
14224,1441.119,-12748720038228,-25254,34609,-29967.2,33844.1,10.2,-0.081,82637217,LOCKED
14225,1442.119,-12748720035613,7509,67372,-29988.6,33753.5,10.2,-0.082,82732661,LOCKED
14226,1443.119,-12748720044526,25707,85570,-29890.0,33678.9,10.2,-0.067,82813948,LOCKED
14227,1444.119,-12748720159010,-53411,6452,-30070.3,33791.4,10.2,-0.066,82793574,LOCKED
14228,1445.119,-12748720158166,-20519,39344,-30133.3,33841.3,10.2,-0.050,82888357,LOCKED
14229,1446.119,-12748720155062,11379,71242,-30086.4,33812.2,10.2,-0.066,82981855,LOCKED
14230,1447.119,-12748720233151,-32044,27819,-30258.2,32894.0,10.1,-0.065,82995091,LOCKED
14231,1448.119,-12748720232327,306,60169,-30321.1,32525.4,10.2,-0.088,83087494,LOCKED
14232,1449.119,-12748720229900,31127,90990,-30278.2,32786.4,10.2,-0.094,83179902,LOCKED
14233,1450.119,-12748720245740,41738,101601,-30159.6,33085.9,10.3,-0.111,83145338,LOCKED
14234,1451.119,-12748720363487,-44116,15747,-30171.3,33237.1,10.3,-0.105,83232558,LOCKED
14235,1452.120,-12748720359430,-7875,51988,-30257.1,32782.9,10.1,-0.110,83331196,LOCKED
14236,1453.119,-12748720368641,13069,72932,-30273.9,32686.7,10.0,-0.105,83422987,LOCKED
14237,1454.120,-12748720456666,-41811,18052,-30345.4,33175.9,9.8,-0.108,83417901,LOCKED
14238,1455.120,-12748720458442,-13115,46748,-30329.7,33088.4,9.6,-0.104,83508215,LOCKED
14239,1456.120,-12748720454786,18230,78093,-30230.3,32766.4,9.4,-0.106,83603839,LOCKED
14240,1457.122,-12748720537495,-31885,27978,-30293.3,33046.5,9.4,-0.101,83610968,LOCKED
14241,1458.120,-12748720558254,-21565,38298,-30296.0,33064.5,9.5,-0.103,83717068,LOCKED
14242,1459.121,-12748720607350,-38961,20902,-30300.2,33114.0,9.5,-0.104,83707441,LOCKED
14243,1460.120,-12748720624948,-22561,37302,-30444.4,32252.6,9.4,-0.107,83801721,LOCKED
14244,1461.120,-12748720619578,13555,73418,-30481.8,31955.3,9.4,-0.108,83899480,LOCKED
14245,1462.121,-12748720629511,33309,93172,-30498.3,31749.0,9.3,-0.111,83983695,LOCKED
14246,1463.121,-12748720638432,52229,112092,-30454.6,32318.9,9.2,-0.120,83955393,LOCKED
14247,1464.121,-12748720727400,-5636,54227,-30477.1,32313.2,9.3,-0.127,84073065,LOCKED
14248,1465.120,-12748720714514,34793,94656,-30390.9,32598.1,9.3,-0.127,84173514,LOCKED
14249,1466.121,-12748720713782,60183,120046,-30209.2,33085.8,9.5,-0.134,84157022,LOCKED
14250,1467.121,-12748720777155,25386,85249,-30171.2,33261.1,9.3,-0.132,84296337,LOCKED
14251,1468.121,-12748720785278,43784,103647,-30064.7,33709.8,9.5,-0.135,84382758,LOCKED
14252,1469.121,-12748720899425,-39285,20578,-30049.1,33495.0,9.3,-0.132,84359464,LOCKED
14253,1470.120,-12748720883946,6968,66831,-30096.3,33190.2,9.3,-0.131,84462849,LOCKED
14254,1471.121,-12748720888120,30833,90696,-30046.6,33451.6,9.4,-0.137,84553068,LOCKED
14255,1472.121,-12748720998255,-47064,12799,-30075.8,33806.2,9.6,-0.139,84530805,LOCKED
14256,1473.121,-12748720999021,-17592,42271,-30054.5,33648.8,9.5,-0.143,84623191,LOCKED
14257,1474.122,-12748720990114,20785,80648,-30060.4,33607.5,9.3,-0.153,84721347,LOCKED
14258,1475.122,-12748720990457,48883,108746,-30062.3,33578.2,9.3,-0.157,84702337,LOCKED
14259,1476.121,-12748721075370,-6900,52963,-30004.9,33157.9,9.4,-0.163,84824454,LOCKED
14260,1477.122,-12748721151255,-49862,10001,-30065.3,33777.2,9.5,-0.169,84837969,LOCKED
14261,1478.121,-12748721147637,-14588,45275,-30119.2,33764.0,10.1,-0.170,84933862,LOCKED
14262,1479.122,-12748721141216,21713,81576,-30143.7,33544.9,10.2,-0.177,85031552,LOCKED
14263,1480.121,-12748721150904,39524,99387,-30079.5,33969.2,10.2,-0.176,85111569,LOCKED
14264,1481.122,-12748721158440,56863,116726,-29918.3,34508.9,10.8,-0.182,85084145,LOCKED
14265,1482.122,-12748721274381,-25833,34030,-30038.8,34193.7,10.9,-0.181,85172171,LOCKED
14266,1483.121,-12748721276269,2254,62117,-30039.5,34193.3,11.3,-0.171,85265543,LOCKED
14267,1484.122,-12748721275081,30424,90287,-29939.8,34254.7,11.9,-0.167,85355258,LOCKED
14268,1485.122,-12748721290119,44067,103930,-29951.4,34086.1,12.2,-0.153,85320332,LOCKED
14269,1486.122,-12748721391256,-24570,35293,-30035.8,34099.3,12.1,-0.137,85424774,LOCKED
14270,1487.122,-12748721372350,21379,81242,-29924.2,33738.8,12.5,-0.128,85534786,LOCKED
14271,1488.122,-12748721381729,37307,97170,-29759.4,33236.2,12.3,-0.110,85614471,LOCKED
14272,1489.124,-12748721499664,-46960,12903,-29873.3,33754.1,12.2,-0.102,85590065,LOCKED
14273,1490.122,-12748721492206,-9637,50226,-29856.8,33680.6,12.0,-0.084,85684664,LOCKED
14274,1491.122,-12748721483141,25890,85753,-29733.0,33314.5,11.9,-0.061,85786452,LOCKED
14275,1492.122,-12748721512210,23193,83056,-29606.4,32794.2,11.6,-0.043,85866546,LOCKED
14276,1493.123,-12748721610764,-41677,18186,-29737.4,32974.5,11.5,-0.022,85843105,LOCKED
14277,1494.122,-12748721617845,-17934,41929,-29761.0,33058.6,11.4,-0.014,85926620,LOCKED
14278,1495.121,-12748721623804,4212,64075,-29686.6,32653.5,10.8,0.011,86029701,LOCKED
14279,1496.122,-12748721681786,-24013,35850,-29650.0,32245.8,10.8,0.021,86008652,LOCKED
14280,1497.123,-12748721706832,-17943,41920,-29692.2,32327.1,10.6,0.037,86146742,LOCKED
14281,1498.123,-12748721678402,37247,97110,-29610.1,32694.5,10.2,0.073,86119309,LOCKED
14282,1499.122,-12748721777951,-32176,27687,-29581.8,32327.1,10.0,0.070,86223447,LOCKED
14283,1500.123,-12748721794981,-17033,42830,-29680.9,31964.0,9.8,0.067,86307188,LOCKED
14284,1501.123,-12748721865663,-53879,5984,-29795.4,32753.8,9.8,0.070,86398339,LOCKED
14285,1502.123,-12748721786204,51167,111030,-29673.7,33390.9,9.7,0.070,86377526,LOCKED
14286,1503.123,-12748721883346,-16645,43218,-29629.1,32975.5,9.7,0.079,86483861,LOCKED
14287,1504.122,-12748721871687,24388,84251,-29657.2,32683.6,9.6,0.079,86586611,LOCKED
14288,1505.123,-12748721884654,38803,98666,-29609.9,33066.4,9.5,0.087,86553985,LOCKED
14289,1506.123,-12748721971007,-17488,42375,-29603.1,33023.8,9.5,0.087,86669865,LOCKED
14290,1507.122,-12748722044696,-56696,3167,-29748.4,33722.1,9.4,0.095,86687279,LOCKED
14291,1508.123,-12748722052903,-32886,26977,-29805.2,34016.4,9.4,0.095,86771016,LOCKED
14292,1509.122,-12748722031822,15776,75639,-29722.1,33812.4,9.4,0.096,86882926,LOCKED
14293,1510.123,-12748722040076,33214,93077,-29579.3,33476.6,9.5,0.102,86854614,LOCKED
14294,1511.123,-12748722138885,-32495,27368,-29698.3,33422.8,9.3,0.109,86957232,LOCKED
14295,1512.123,-12748722138995,-2543,57320,-29711.9,33417.0,9.4,0.114,87052070,LOCKED
14296,1513.123,-12748722139913,24050,83913,-29643.8,33515.9,9.3,0.122,87141120,LOCKED
14297,1514.123,-12748722246611,-48168,11695,-29801.3,33675.8,9.3,0.122,87128052,LOCKED
14298,1515.124,-12748722241774,-12041,47822,-29854.5,33624.0,9.1,0.130,87226568,LOCKED
14299,1516.123,-12748722247218,11114,70977,-29811.2,33607.6,9.2,0.135,87311586,LOCKED
14300,1517.123,-12748722245110,41503,101366,-29805.1,33683.4,9.5,0.146,87292510,LOCKED
14301,1518.124,-12748722357333,-37250,22613,-29923.3,33814.3,9.6,0.151,87386039,LOCKED
14302,1519.123,-12748722349676,2067,61930,-30012.1,33048.3,9.5,0.152,87480242,LOCKED
14303,1520.123,-12748722348027,32999,92862,-30031.3,32813.0,9.6,0.157,87574876,LOCKED
14304,1521.124,-12748722367336,41225,101088,-29977.2,33257.2,9.6,0.159,87647192,LOCKED
14305,1522.124,-12748722485820,-44554,15309,-30037.1,33773.6,9.5,0.162,87619887,LOCKED
14306,1523.123,-12748722502584,-30268,29595,-30036.5,33767.3,9.6,0.162,87697166,LOCKED
14307,1524.124,-12748722500304,2823,62686,-30079.3,33566.4,9.8,0.163,87788078,LOCKED
14308,1525.123,-12748722503434,27372,87235,-30006.9,33718.5,9.8,0.167,87880312,LOCKED
14309,1526.125,-12748722516688,39701,99564,-29855.5,33554.8,9.8,0.166,87845075,LOCKED
14310,1527.124,-12748722576241,8761,68624,-29809.0,33489.2,9.9,0.170,87993021,LOCKED
14311,1528.124,-12748722580540,30676,90539,-29683.3,33285.0,9.9,0.168,88078530,LOCKED
14312,1529.124,-12748722594136,45040,104903,-29673.7,33413.9,10.0,0.173,88042640,LOCKED
14313,1530.124,-12748722697848,-27262,32601,-29713.6,33612.9,10.1,0.178,88138846,LOCKED
14314,1531.124,-12748722697210,1910,61773,-29658.8,33376.5,10.6,0.176,88236079,LOCKED
14315,1532.124,-12748722697147,31208,91071,-29690.0,32979.9,10.5,0.174,88323451,LOCKED
14316,1533.124,-12748722823471,-60426,0,-29835.2,33849.2,10.6,0.179,88291058,LOCKED
14317,1534.124,-12748722828564,-33785,26641,-29872.2,34115.4,10.6,0.176,88374202,LOCKED
14318,1535.125,-12748722823703,-509,59917,-29799.7,33638.6,11.0,0.181,88471179,LOCKED
14319,1536.124,-12748722864246,-10175,50251,-29835.7,33637.5,11.1,0.176,88540512,LOCKED
14320,1537.124,-12748722943142,-53467,6959,-30030.2,33514.9,11.6,0.170,88536040,LOCKED
14321,1538.125,-12748722954877,-31893,28533,-30138.3,33551.3,11.5,0.152,88617720,LOCKED
14322,1539.125,-12748722957044,-3787,56639,-30138.6,33551.7,11.9,0.141,88704933,LOCKED
14323,1540.124,-12748723001409,-17648,42778,-30127.2,33476.6,12.2,0.141,88792370,LOCKED
14324,1541.124,-12748723050559,-35880,24546,-30106.3,33200.3,12.0,0.114,88784116,LOCKED
14325,1542.125,-12748723056750,-9988,50438,-30186.8,32867.0,12.0,0.121,88879007,LOCKED
14326,1543.125,-12748723062218,14124,74550,-30180.5,32891.8,11.7,0.093,88969140,LOCKED
14327,1544.125,-12748723049794,52353,112779,-30052.6,33534.8,11.3,0.065,89071183,LOCKED
14328,1545.125,-12748723162892,-29994,30432,-30037.0,33365.1,10.9,0.051,89045779,LOCKED
14329,1546.125,-12748723152032,11211,71637,-30070.8,33141.4,10.8,0.019,89151904,LOCKED
14330,1547.125,-12748723147326,42441,102867,-29967.1,33562.1,10.0,-0.018,89244751,LOCKED
14331,1548.126,-12748723180469,35379,95805,-29835.0,33466.8,10.0,-0.024,89196813,LOCKED
14332,1549.125,-12748723274403,-25383,35043,-29956.8,33107.1,9.9,-0.032,89304502,LOCKED
14333,1550.125,-12748723267932,10681,71107,-29956.7,33107.3,9.9,-0.006,89399423,LOCKED
14334,1551.126,-12748723275893,29617,90043,-29855.6,33132.9,9.8,0.000,89487081,LOCKED
14335,1552.125,-12748723399585,-61104,0,-29907.0,33881.6,9.5,0.008,89452889,LOCKED
14336,1553.125,-12748723420321,-47329,13775,-30054.5,34122.0,9.6,0.023,89525435,LOCKED
14337,1554.125,-12748723438693,-32727,28377,-30143.5,34322.6,9.2,0.027,89601161,LOCKED
14338,1555.125,-12748723444220,-7706,53398,-30150.6,34334.9,8.9,0.039,89682955,LOCKED
14339,1556.126,-12748723471697,-3900,57204,-30199.7,34181.9,8.9,0.048,89755238,LOCKED
14340,1557.126,-12748723548216,-46260,14844,-30317.4,34639.2,8.9,0.064,89764621,LOCKED
14341,1558.126,-12748723557399,-24652,36452,-30299.5,34477.6,9.2,0.078,89845635,LOCKED
14342,1559.125,-12748723568101,-3630,57474,-30363.5,34190.9,9.4,0.090,89929307,LOCKED
14343,1560.126,-12748723556459,36612,97716,-30337.8,34421.6,9.3,0.094,90031783,LOCKED
14344,1561.126,-12748723569230,52739,113843,-30355.0,34118.2,9.5,0.103,90111586,LOCKED
14345,1562.126,-12748723588143,58514,119618,-30173.8,34498.4,9.7,0.111,90070889,LOCKED
14346,1563.126,-12748723683052,-5252,55852,-30212.7,34429.0,9.9,0.119,90183516,LOCKED
14347,1564.127,-12748723679014,26327,87431,-30125.2,34465.9,9.8,0.120,90276095,LOCKED
14348,1565.126,-12748723677362,52883,113987,-29956.6,34711.7,10.0,0.127,90366150,LOCKED
14349,1566.126,-12748723804094,-40765,20339,-30042.4,35132.7,9.9,0.126,90334380,LOCKED
14350,1567.126,-12748723763567,29662,90766,-30084.9,34597.9,9.9,0.128,90462826,LOCKED
14351,1568.126,-12748723774500,46796,107900,-30063.7,34859.9,10.0,0.130,90547133,LOCKED
14352,1569.126,-12748723801840,45775,106879,-29955.8,35345.4,9.8,0.129,90498048,LOCKED
14353,1570.126,-12748723906635,-28512,32592,-29935.4,35136.4,9.8,0.129,90596071,LOCKED
14354,1571.127,-12748723911549,-2365,58739,-29986.8,34946.8,9.8,0.130,90686540,LOCKED
14355,1572.126,-12748723907091,29961,91065,-29932.6,35182.6,10.0,0.133,90779060,LOCKED
14356,1573.126,-12748723917599,45137,106241,-29798.9,35461.7,10.0,0.133,90749518,LOCKED
14357,1574.126,-12748724010763,-15642,45462,-29900.0,35064.2,10.1,0.132,90859189,LOCKED
14358,1575.127,-12748724018543,6415,67519,-29907.6,35044.6,10.1,0.131,90950834,LOCKED
14359,1576.127,-12748724094871,-37844,23260,-29950.8,35374.1,10.1,0.131,91053851,LOCKED
14360,1577.126,-12748724133750,-45225,15879,-29951.5,35383.6,10.1,0.133,91079020,LOCKED
14361,1578.127,-12748724087497,30164,91268,-29961.7,35283.8,10.3,0.134,91178779,LOCKED
14362,1579.127,-12748724161180,-12684,48420,-29983.5,35325.8,10.1,0.128,91167353,LOCKED
14363,1580.126,-12748724201163,-22257,38847,-29967.4,35196.8,10.1,0.127,91259493,LOCKED
14364,1581.127,-12748724158357,45782,106886,-29810.8,35250.2,10.0,0.120,91351088,LOCKED
14365,1582.127,-12748724265665,-28303,32801,-29931.5,35029.6,9.8,0.111,91340275,LOCKED
14366,1583.127,-12748724309217,-38158,22946,-30053.1,35156.7,9.8,0.109,91410078,LOCKED
14367,1584.127,-12748724289146,11268,72372,-30037.5,35188.5,9.9,0.107,91498188,LOCKED
14368,1585.126,-12748724278301,47933,109037,-29910.0,35627.1,9.9,0.105,91600144,LOCKED
14369,1586.127,-12748724395385,-38184,22920,-29898.3,35483.4,9.7,0.094,91576589,LOCKED
14370,1587.128,-12748724344088,39649,100753,-29799.1,35815.6,9.7,0.092,91718820,LOCKED
14371,1588.127,-12748724362231,46467,107571,-29638.6,35848.9,9.5,0.080,91679628,LOCKED
14372,1589.127,-12748724449201,-12354,48750,-29544.7,34755.0,9.5,0.075,91795542,LOCKED
14373,1590.127,-12748724450902,14620,75724,-29526.4,34807.1,9.8,0.074,91890435,LOCKED
14374,1591.129,-12748724455239,36346,97450,-29416.6,34974.0,10.1,0.085,91860657,LOCKED
14375,1592.128,-12748724555004,-33754,27350,-29372.6,34355.6,10.2,0.073,91966179,LOCKED
14376,1593.127,-12748724552906,-961,60143,-29436.0,34021.7,10.4,0.046,92059703,LOCKED
14377,1594.127,-12748724550031,29756,90860,-29407.2,34212.8,10.2,0.009,92152046,LOCKED
14378,1595.127,-12748724664185,-52117,8987,-29461.7,34819.9,10.2,0.001,92131523,LOCKED
14379,1596.128,-12748724666747,-23897,37207,-29486.7,34946.6,10.2,-0.020,92214494,LOCKED
14380,1597.128,-12748724658842,13951,75055,-29532.4,34573.6,10.2,-0.012,92313063,LOCKED
14381,1598.128,-12748724666621,34199,95303,-29515.4,34725.1,10.2,-0.032,92396344,LOCKED
14382,1599.128,-12748724691348,36373,97477,-29447.5,35073.2,10.2,-0.038,92350326,LOCKED
14383,1600.127,-12748724787666,-28145,32959,-29516.3,35248.7,10.2,-0.031,92457254,LOCKED
14384,1601.128,-12748724789614,544,61648,-29572.3,34971.4,10.1,-0.057,92548221,LOCKED
14385,1602.128,-12748724794126,24318,85422,-29549.6,35093.1,10.2,-0.051,92631237,LOCKED
14386,1603.128,-12748724800642,43846,104950,-29450.3,35552.1,10.1,-0.055,92604481,LOCKED
14387,1604.128,-12748724911821,-37324,23780,-29415.5,35063.6,10.1,-0.048,92698589,LOCKED
14388,1605.128,-12748724915722,-10244,50860,-29475.4,34940.7,10.1,-0.053,92786347,LOCKED
14389,1606.128,-12748724925665,8204,69308,-29435.8,34903.7,9.8,-0.055,92871140,LOCKED
14390,1607.129,-12748725004364,-40050,21054,-29418.6,34670.7,9.8,-0.059,92878511,LOCKED
14391,1608.130,-12748725014746,-21252,39852,-29371.5,34170.7,9.7,-0.063,92959869,LOCKED
14392,1609.129,-12748725027299,-3684,57420,-29402.2,34122.8,9.7,-0.066,93044253,LOCKED
14393,1610.128,-12748725101853,-46359,14745,-29446.7,34581.8,9.7,-0.069,93034984,LOCKED
14394,1611.130,-12748725127407,-41113,19991,-29444.7,34556.6,9.7,-0.072,93120242,LOCKED
14395,1612.128,-12748725120537,-2802,58302,-29538.3,33870.6,9.7,-0.076,93220532,LOCKED
14396,1613.129,-12748725188862,-37373,23731,-29683.3,33690.7,9.7,-0.078,93310158,LOCKED
14397,1614.129,-12748725233188,-47349,13755,-29833.8,33897.6,9.6,-0.076,93283795,LOCKED
14398,1615.128,-12748725228088,-10989,50115,-29885.7,33836.5,9.7,-0.078,93385267,LOCKED
14399,1616.130,-12748725241064,6131,67235,-29906.2,33759.8,9.7,-0.080,93466635,LOCKED
14400,1617.128,-12748725298543,-17865,43239,-30052.4,32657.7,9.5,-0.075,93499202,LOCKED
14401,1618.129,-12748725295270,16116,77220,-30111.5,32024.4,9.3,-0.074,93591522,LOCKED
14402,1619.129,-12748725288058,51074,112178,-30080.3,32453.4,9.1,-0.069,93692881,LOCKED
14403,1620.129,-12748725395382,-24733,36371,-30109.7,32609.0,9.1,-0.070,93676267,LOCKED
14404,1621.129,-12748725387297,11755,72859,-30045.4,32471.8,8.9,-0.068,93774550,LOCKED
14405,1622.129,-12748725385675,39324,100428,-29909.4,32495.8,8.7,-0.062,93867859,LOCKED
14406,1623.130,-12748725500971,-42310,18794,-30023.4,32855.5,8.5,-0.059,93844684,LOCKED
14407,1624.129,-12748725506539,-16969,44135,-30038.6,32917.0,8.5,-0.059,93929841,LOCKED
14408,1625.131,-12748725514892,3079,64183,-29963.2,32470.1,8.2,-0.052,94012165,LOCKED
14409,1626.129,-12748725506185,40832,101936,-29986.2,32115.0,8.2,-0.051,94114662,LOCKED
14410,1627.130,-12748725597513,-19651,41453,-29995.7,32167.4,8.3,-0.048,94108762,LOCKED
14411,1628.130,-12748725611289,-4329,56775,-29944.3,31847.3,8.0,-0.043,94189922,LOCKED
14412,1629.130,-12748725605172,28389,89493,-29827.2,31653.0,8.0,-0.039,94286556,LOCKED
14413,1630.130,-12748725618888,42702,103806,-29810.0,31868.5,8.0,-0.037,94254657,LOCKED
14414,1631.129,-12748725722056,-28371,32733,-29875.1,32078.6,8.0,-0.035,94354758,LOCKED
14415,1632.130,-12748725699374,21815,82919,-29794.8,32050.3,7.7,-0.026,94471146,LOCKED
14416,1633.130,-12748725697082,48873,109977,-29629.0,32136.6,7.6,-0.022,94563921,LOCKED
14417,1634.130,-12748725819194,-40344,20760,-29722.4,32553.0,7.2,-0.012,94532051,LOCKED
14418,1635.130,-12748725793564,13810,74914,-29686.4,32594.3,7.2,-0.007,94645301,LOCKED
14419,1636.130,-12748725795480,40176,101280,-29684.4,32620.7,7.2,-0.002,94737539,LOCKED
14420,1637.130,-12748725872552,-5093,56011,-29780.0,31929.0,7.3,-0.005,94749238,LOCKED
14421,1638.130,-12748725856133,37668,98772,-29673.8,32185.7,6.8,0.009,94856479,LOCKED
14422,1639.130,-12748725972072,-44833,16271,-29784.2,32663.8,6.7,0.017,94833341,LOCKED
14423,1640.130,-12748725977830,-18414,42690,-29871.1,32484.4,6.6,0.025,94923298,LOCKED
14424,1641.131,-12748725971580,15267,76371,-29776.6,32124.3,6.9,0.027,95020975,LOCKED
14425,1642.130,-12748725997847,18743,79847,-29806.2,31859.6,7.0,0.023,95084189,LOCKED
14426,1643.130,-12748726009429,36270,97374,-29832.3,31479.6,6.8,0.035,95163428,LOCKED
14427,1644.130,-12748726033144,39749,100853,-29768.9,31935.4,6.9,0.030,95120052,LOCKED
14428,1645.130,-12748726133032,-29669,31435,-29753.9,31767.2,6.8,0.034,95225967,LOCKED
14429,1646.130,-12748726125388,8809,69913,-29821.7,31128.4,6.7,0.056,95321468,LOCKED
14430,1647.130,-12748726213286,-47084,14020,-29850.6,31504.9,6.8,0.047,95327232,LOCKED
14431,1648.130,-12748726236096,-38866,22238,-29843.7,31411.0,6.8,0.039,95394467,LOCKED
14432,1649.131,-12748726241590,-13148,47956,-29889.1,31414.1,6.6,0.063,95478788,LOCKED
14433,1650.132,-12748726243714,13197,74301,-29841.3,31407.0,6.5,0.039,95568641,LOCKED
14434,1651.130,-12748726289506,-3942,57162,-29776.2,30913.2,6.3,0.013,95645350,LOCKED
14435,1652.131,-12748726364019,-44639,16465,-29900.5,31299.8,6.1,-0.003,95630758,LOCKED
14436,1653.131,-12748726398956,-46524,14580,-29977.9,31929.4,6.2,0.007,95712079,LOCKED
14437,1654.131,-12748726370346,10156,71260,-29901.0,31629.8,6.2,0.016,95807098,LOCKED
14438,1655.131,-12748726354296,54054,115158,-29890.1,31813.8,6.2,0.012,95915935,LOCKED
14439,1656.131,-12748726473383,-32128,28976,-29984.9,31973.3,6.2,0.009,95887388,LOCKED
14440,1657.131,-12748726462898,7356,68460,-29948.7,31937.8,6.2,0.004,95988867,LOCKED
14441,1658.131,-12748726472066,25085,86189,-29840.4,31730.8,6.5,-0.008,96074130,LOCKED
14442,1659.131,-12748726481570,40961,102065,-29689.3,31624.0,6.6,-0.002,96042850,LOCKED
14443,1660.131,-12748726575928,-21606,39498,-29756.6,31677.7,6.5,-0.005,96148184,LOCKED
14444,1661.132,-12748726577440,5904,67008,-29730.4,31663.9,6.6,0.001,96244550,LOCKED
14445,1662.131,-12748726584956,25119,86223,-29624.8,31487.9,6.5,-0.002,96326981,LOCKED
14446,1663.131,-12748726588479,45838,106942,-29436.4,30989.0,6.5,-0.004,96302086,LOCKED
14447,1664.131,-12748726684057,-18508,42596,-29493.9,31030.5,6.5,0.001,96411583,LOCKED
14448,1665.132,-12748726679342,14356,75460,-29451.7,31063.8,6.8,-0.007,96506274,LOCKED
14449,1666.132,-12748726693695,26527,87631,-29351.9,30998.6,6.9,-0.003,96468007,LOCKED
14450,1667.131,-12748726759791,-9023,52081,-29395.6,30947.5,6.9,-0.005,96610273,LOCKED
14451,1668.131,-12748726763757,15284,76388,-29365.9,31016.2,7.1,-0.012,96692491,LOCKED
14452,1669.132,-12748726770720,34598,95702,-29271.6,31262.0,7.1,-0.014,96776526,LOCKED
14453,1670.131,-12748726887065,-48278,12826,-29397.6,31781.4,7.4,-0.020,96752869,LOCKED
14454,1671.132,-12748726898616,-27683,33421,-29486.6,31849.1,7.4,-0.021,96830003,LOCKED
14455,1672.132,-12748726895093,4624,56741,-29459.7,31822.2,7.4,-0.023,96925209,LOCKED
14456,1673.132,-12748726913865,15225,67342,-29480.8,31673.6,7.6,-0.028,96997932,LOCKED
14457,1674.132,-12748727025024,-60683,0,-29663.5,32191.3,7.5,-0.027,96977159,LOCKED
14458,1675.132,-12748727032961,-35961,24722,-29750.9,32504.9,7.7,-0.031,97063659,LOCKED
14459,1676.132,-12748727053884,-25390,35293,-29794.3,32687.1,7.7,-0.033,97133129,LOCKED
14460,1677.131,-12748727012206,44016,104699,-29766.0,33012.3,7.9,-0.033,97263201,LOCKED
14461,1678.132,-12748727127744,-39199,21484,-29826.4,33432.4,7.9,-0.034,97237426,LOCKED
14462,1679.132,-12748727132285,-14366,46317,-29780.2,33029.4,8.0,-0.033,97322750,LOCKED
14463,1680.132,-12748727132840,15042,75725,-29814.3,32759.3,8.0,-0.035,97417650,LOCKED
14464,1681.132,-12748727135968,38964,99647,-29743.3,33183.2,8.2,-0.038,97390004,LOCKED
14465,1682.132,-12748727250288,-43794,16889,-29759.7,33386.6,8.7,-0.036,97484236,LOCKED
14466,1683.132,-12748727251207,-12304,48379,-29869.5,32723.1,8.9,-0.039,97573504,LOCKED
14467,1684.133,-12748727249743,18790,79473,-29889.1,32569.7,9.0,-0.041,97665272,LOCKED
14468,1685.132,-12748727257105,38957,99640,-29838.0,32969.6,8.9,-0.036,97754477,LOCKED
14469,1686.133,-12748727360369,-33209,27474,-29844.6,33035.6,8.9,-0.037,97739785,LOCKED
14470,1687.132,-12748727357901,202,60885,-29898.9,32763.1,9.0,-0.031,97863419,LOCKED
14471,1688.132,-12748727440451,-48465,12218,-30014.1,33335.7,9.0,-0.032,97839225,LOCKED
14472,1689.132,-12748727442967,-20136,40547,-30021.3,33377.1,8.9,-0.025,97929398,LOCKED
14473,1690.132,-12748727449673,1883,62566,-29960.7,33081.7,9.0,-0.025,98014124,LOCKED
14474,1691.133,-12748727505480,-21133,39550,-30064.7,32798.6,9.0,-0.025,98088536,LOCKED
14475,1692.133,-12748727454633,55520,116203,-29947.8,33619.9,9.0,-0.018,98190055,LOCKED
14476,1693.133,-12748727574365,-33574,27109,-29925.8,33343.8,9.2,-0.016,98162224,LOCKED
14477,1694.133,-12748727573118,-778,59905,-30004.3,32803.7,9.3,-0.014,98254642,LOCKED
14478,1695.133,-12748727561280,38110,98793,-29922.5,33189.2,9.2,-0.001,98360791,LOCKED
14479,1696.133,-12748727575416,49109,109792,-29769.0,33446.9,9.0,0.014,98438285,LOCKED
14480,1697.133,-12748727657511,-2861,57822,-29781.7,33443.8,8.8,0.029,98447571,LOCKED
14481,1698.133,-12748727669064,12988,73671,-29686.3,33015.1,8.8,0.030,98524777,LOCKED
14482,1699.134,-12748727674450,36247,96930,-29695.6,32900.5,8.8,0.033,98609713,LOCKED
14483,1700.133,-12748727699783,38608,99291,-29661.5,33213.8,8.8,0.036,98677110,LOCKED
14484,1701.133,-12748727821893,-50899,9784,-29721.3,33848.7,8.8,0.010,98647644,LOCKED
14485,1702.134,-12748727810641,-9933,50750,-29704.4,33770.9,8.6,0.030,98748675,LOCKED
14486,1703.133,-12748727830960,-1803,58880,-29639.6,33360.0,8.6,0.035,98819477,LOCKED
14487,1704.134,-12748727839950,16045,76728,-29528.6,32808.9,8.3,0.062,98900717,LOCKED
14488,1705.133,-12748727848692,35078,95761,-29500.8,33049.9,8.3,0.060,98982689,LOCKED
14489,1706.134,-12748727977214,-60380,303,-29575.4,33965.6,8.1,0.056,98945109,LOCKED
14490,1707.133,-12748727945849,1904,62587,-29644.7,33498.1,8.2,0.065,99070866,LOCKED
14491,1708.135,-12748727967992,10040,70723,-29692.6,33139.3,8.2,0.064,99139485,LOCKED
14492,1709.134,-12748727976551,29660,90343,-29667.6,33317.5,8.0,0.061,99222171,LOCKED
14493,1710.134,-12748727997077,35875,96558,-29583.5,33631.6,8.0,0.060,99181909,LOCKED
14494,1711.134,-12748728108843,-43230,17453,-29662.8,34139.0,8.2,0.052,99277153,LOCKED
14495,1712.134,-12748728091558,5093,65776,-29738.9,33504.6,8.0,0.051,99382857,LOCKED
14496,1713.134,-12748728099102,27410,88093,-29790.6,32813.3,7.8,0.051,99467599,LOCKED
14497,1714.134,-12748728105564,47488,108171,-29709.9,33440.4,7.5,0.052,99441059,LOCKED
14498,1715.134,-12748728200134,-17771,42912,-29660.6,32943.6,7.7,0.058,99546259,LOCKED
14499,1716.134,-12748728211810,1566,62249,-29729.8,32470.5,7.7,0.059,99632548,LOCKED
14500,1717.134,-12748728301939,-54888,5795,-29832.3,33311.4,7.8,0.064,99631566,LOCKED
14501,1718.135,-12748728307499,-29121,31562,-29857.3,33484.4,7.7,0.063,99721760,LOCKED
14502,1719.134,-12748728302654,4044,64727,-29788.4,33145.4,7.5,0.065,99813679,LOCKED
14503,1720.134,-12748728293832,40772,101455,-29763.8,33407.9,7.5,0.066,99912924,LOCKED
14504,1721.135,-12748728409538,-42270,18413,-29836.0,33897.0,7.2,0.068,99888885,LOCKED
14505,1722.134,-12748728416664,-19021,41662,-29830.8,33863.9,7.3,0.065,99972646,LOCKED
14506,1723.135,-12748728419451,5863,66546,-29734.3,33209.2,7.5,0.063,100060102,LOCKED
14507,1724.134,-12748728435378,18827,79510,-29724.2,33260.2,7.3,0.063,100145760,LOCKED
14508,1725.135,-12748728523524,-37725,22958,-29753.3,33529.8,7.8,0.056,100142564,LOCKED
14509,1726.135,-12748728557655,-40587,20096,-29760.2,33613.1,7.5,0.061,100226686,LOCKED
14510,1727.134,-12748728609267,-58426,2257,-29860.1,34536.2,7.4,0.063,100239324,LOCKED
14511,1728.135,-12748728618016,-35733,24950,-29878.4,34705.3,7.4,0.061,100322503,LOCKED
14512,1729.135,-12748728620398,-9326,51357,-29809.3,34091.8,7.5,0.061,100410824,LOCKED
14513,1730.134,-12748728656181,-13147,47536,-29893.2,33811.0,7.5,0.057,100489113,LOCKED
14514,1731.135,-12748728715155,-38839,21844,-29995.1,34119.6,7.6,0.058,100468891,LOCKED
14515,1732.135,-12748728738222,-30219,30464,-30027.9,34329.9,7.6,0.059,100567864,LOCKED
14516,1733.136,-12748728755142,-16748,43935,-30017.8,34269.3,8.0,0.054,100644541,LOCKED
14517,1734.135,-12748728789726,-18006,42677,-30150.6,33451.6,8.4,0.056,100727589,LOCKED
14518,1735.134,-12748728757284,43025,103708,-30145.5,33518.0,8.8,0.052,100827610,LOCKED
14519,1736.135,-12748728765405,61891,122574,-30093.3,34278.7,9.1,0.054,100798700,LOCKED
14520,1737.135,-12748728843268,11884,72567,-30003.1,33893.0,9.1,0.052,100924518,LOCKED
14521,1738.136,-12748728846823,37265,97948,-30012.7,33772.9,9.4,0.056,101009132,LOCKED
14522,1739.135,-12748728957979,-40394,20289,-30116.8,34118.5,9.7,0.054,100991421,LOCKED
14523,1740.135,-12748728947285,128,60811,-30102.8,34101.8,9.6,0.060,101089453,LOCKED
14524,1741.135,-12748728949233,25264,85947,-29996.5,33935.6,9.6,0.058,101184661,LOCKED
14525,1742.136,-12748728956739,46169,106852,-29995.4,33950.2,9.7,0.048,101156588,LOCKED
14526,1743.136,-12748729045282,-10973,49710,-30046.3,33894.6,9.7,0.045,101271867,LOCKED
14527,1744.136,-12748729050585,12480,73163,-30003.6,33898.9,9.7,0.042,101355094,LOCKED
14528,1745.136,-12748729063936,26047,86730,-29895.3,33735.5,9.7,0.051,101433784,LOCKED
14529,1746.136,-12748729071874,46023,106706,-29874.6,33993.6,9.7,0.063,101517547,LOCKED
14530,1747.136,-12748729171993,-22560,38123,-29918.7,34129.5,9.7,0.062,101506951,LOCKED
14531,1748.136,-12748729173306,7527,68210,-30004.1,33280.4,9.6,0.075,101599799,LOCKED
14532,1749.136,-12748729170866,38451,99134,-29993.4,33399.4,9.6,0.070,101691738,LOCKED
14533,1750.136,-12748729184189,51869,112552,-29919.9,34107.2,9.6,0.070,101659627,LOCKED
14534,1751.136,-12748729290510,-21780,38903,-30019.0,33909.4,9.6,0.070,101754044,LOCKED
14535,1752.136,-12748729292437,4469,65152,-29935.8,33408.9,9.1,0.089,101844091,LOCKED
14536,1753.136,-12748729290379,35547,96230,-29950.0,33230.9,9.3,0.077,101937814,LOCKED
14537,1754.136,-12748729411713,-51731,8952,-30065.7,33910.1,9.3,0.066,101911272,LOCKED
14538,1755.137,-12748729414439,-23633,37050,-30063.6,33894.4,9.3,0.077,101996434,LOCKED
14539,1756.136,-12748729425968,-6155,54528,-30001.4,33429.9,9.3,0.064,102079194,LOCKED
14540,1757.137,-12748729412668,34990,95673,-29953.7,33749.4,9.3,0.054,102071903,LOCKED
14541,1758.136,-12748729527253,-46791,13892,-30015.8,34307.8,9.3,0.057,102163397,LOCKED
14542,1759.136,-12748729518565,-8730,51953,-29969.6,33996.2,9.3,0.049,102261131,LOCKED
14543,1760.136,-12748729519088,17974,78657,-29864.8,33606.7,9.6,0.033,102349622,LOCKED
14544,1761.136,-12748729530872,35272,95955,-29885.1,33344.8,9.6,0.038,102432309,LOCKED
14545,1762.136,-12748729651146,-51276,9407,-29988.5,34047.9,9.6,0.033,102402743,LOCKED
14546,1763.136,-12748729672361,-39725,20958,-30058.9,34472.6,9.5,0.037,102472984,LOCKED
14547,1764.136,-12748729668057,-5654,55029,-30035.1,34382.3,9.5,0.041,102568920,LOCKED
14548,1765.136,-12748729653043,35446,96129,-29899.9,34253.9,9.5,0.038,102675618,LOCKED
14549,1766.137,-12748729679374,38238,98921,-29925.5,33894.7,9.4,0.035,102643870,LOCKED
14550,1767.138,-12748729724890,20970,81653,-29877.9,34003.8,9.1,0.040,102784024,LOCKED
14551,1768.137,-12748729742013,31029,91712,-29797.1,34202.7,9.0,0.038,102860959,LOCKED
14552,1769.137,-12748729756373,42163,102846,-29655.7,34283.0,9.0,0.042,102825360,LOCKED
14553,1770.137,-12748729864645,-35809,24874,-29627.7,33904.9,9.0,0.046,102921556,LOCKED
14554,1771.137,-12748729882206,-21264,39419,-29714.2,33813.9,9.0,0.049,102998257,LOCKED
14555,1772.136,-12748729872968,15997,76680,-29657.7,33811.7,9.0,0.048,103095070,LOCKED
14556,1773.137,-12748729885719,29428,90111,-29535.8,33609.6,8.9,0.048,103062432,LOCKED
14557,1774.137,-12748729981817,-36952,23731,-29483.2,32742.6,8.9,0.053,103169468,LOCKED
14558,1775.140,-12748729975378,-1137,59546,-29476.0,32735.3,8.4,0.056,103263476,LOCKED
14559,1776.137,-12748729965697,34770,95453,-29374.1,32921.7,8.5,0.054,103370524,LOCKED
14560,1777.137,-12748730052654,-20178,40505,-29470.1,32700.8,8.0,0.058,103370576,LOCKED
14561,1778.138,-12748730054333,7576,68259,-29480.9,32663.6,7.8,0.061,103465877,LOCKED
14562,1779.137,-12748730156495,-61534,0,-29553.9,33607.2,7.7,0.064,103450837,LOCKED
14563,1780.137,-12748730152393,-27980,33554,-29502.2,32909.3,7.5,0.067,103546330,LOCKED
14564,1781.138,-12748730150139,4389,65923,-29539.7,32728.3,7.6,0.069,103641346,LOCKED
14565,1782.138,-12748730164635,18335,79869,-29516.3,32815.9,7.6,0.069,103717216,LOCKED
14566,1783.137,-12748730173799,35436,96970,-29415.5,33031.3,7.8,0.067,103796173,LOCKED
14567,1784.138,-12748730287494,-46945,14589,-29430.6,33235.5,8.0,0.066,103777074,LOCKED
14568,1785.139,-12748730288588,-16753,44781,-29493.9,33209.1,8.5,0.059,103867611,LOCKED
14569,1786.144,-12748730300940,1229,62763,-29537.3,33021.9,8.4,0.065,103944852,LOCKED
14570,1787.137,-12748730406082,-67879,0,-29743.6,33610.8,8.4,0.071,103936399,LOCKED
14571,1788.138,-12748730416182,-43943,23936,-29881.5,33809.9,8.2,0.079,104016575,LOCKED
14572,1789.138,-12748730415548,-12182,55697,-29922.4,33816.3,8.2,0.081,104102714,LOCKED
14573,1790.138,-12748730429804,3865,71744,-29947.6,33729.6,8.7,0.084,104186589,LOCKED
14574,1791.138,-12748730429005,33974,101853,-29972.9,33403.4,9.2,0.088,104272698,LOCKED
14575,1792.138,-12748730459683,32561,100440,-29992.3,33169.5,9.2,0.092,104336517,LOCKED
14576,1793.138,-12748730482378,38347,106226,-29982.0,33285.5,9.6,0.090,104292500,LOCKED
14577,1794.138,-12748730586397,-32104,35775,-30104.8,33172.2,10.0,0.088,104395289,LOCKED
14578,1795.138,-12748730599543,-14855,53024,-30094.3,33112.9,10.0,0.085,104471662,LOCKED
14579,1796.138,-12748730630031,-15715,52164,-30045.2,32646.1,10.4,0.084,104538720,LOCKED
14580,1797.138,-12748730608732,33367,101246,-29989.5,32958.3,10.4,0.094,104535042,LOCKED
14581,1798.138,-12748730725687,-50977,16902,-30033.5,33493.3,10.4,0.091,104617816,LOCKED
14582,1799.138,-12748730719032,-11518,56361,-30150.5,32679.8,10.6,0.061,104718557,LOCKED
14583,1800.139,-12748730714954,21856,89735,-30144.9,32716.4,10.6,0.065,104817044,LOCKED
14598,1815.139,-12748731107981,-319151,0,-30688.7,54287.8,10.4,0.060,105768809,LOCKED
14599,1816.139,-12748731152338,-311893,7258,-31197.9,68793.2,10.5,0.054,105819932,LOCKED
14600,1817.139,-12748731183263,-289839,29312,-31785.9,79015.3,10.5,0.055,105893990,LOCKED
14601,1818.140,-12748731199946,-255786,63365,-32291.4,86199.8,10.3,0.051,105854526,LOCKED
14602,1819.140,-12748731297170,-299031,20120,-32859.5,95225.3,10.7,0.041,105966860,LOCKED
14603,1820.139,-12748731301281,-252292,66859,-33323.7,101186.7,10.7,0.037,106056094,LOCKED
14604,1821.140,-12748731308461,-208473,110678,-33845.4,104373.3,10.7,0.030,106146309,LOCKED
14605,1822.140,-12748731324141,-175592,143559,-34276.4,106637.2,11.0,0.024,106220936,LOCKED
14606,1823.140,-12748731344486,-149661,169490,-34617.0,108387.3,11.0,0.020,106300281,LOCKED
14607,1824.140,-12748731470023,-223878,95273,-35065.3,112487.5,10.7,0.021,106269995,LOCKED
14608,1825.139,-12748731470968,-173644,145507,-35568.3,113899.5,11.3,0.013,106365964,LOCKED
14609,1826.140,-12748731481969,-136261,182890,-35971.4,114690.0,11.9,0.006,106453020,LOCKED
14610,1827.140,-12748731566064,-170162,148989,-36387.2,116640.5,11.5,0.009,106468523,LOCKED
14611,1828.140,-12748731574658,-127690,191461,-36896.2,115835.2,12.0,0.004,106557699,LOCKED
14612,1829.142,-12748731574991,-80389,238762,-37290.3,114685.4,12.2,0.004,106654717,LOCKED
14613,1830.140,-12748731576137,-36985,282166,-37585.7,113398.1,11.9,0.007,106754105,LOCKED
14614,1831.140,-12748731592053,-11284,307867,-37765.1,112732.1,12.0,0.009,106722789,LOCKED
14615,1832.140,-12748731694376,-65089,254062,-38185.4,110563.7,12.3,0.009,106834299,LOCKED
14616,1833.141,-12748731688738,-15142,304009,-38461.3,108883.4,12.3,0.011,106939006,LOCKED
14617,1834.140,-12748731691455,23086,342237,-38622.0,107808.9,11.9,0.019,107036251,LOCKED
14618,1835.142,-12748731803952,-44319,274832,-38866.3,107202.9,11.9,0.024,107020019,LOCKED
14619,1836.140,-12748731801910,2966,322117,-39184.8,104230.8,11.9,0.023,107127197,LOCKED
14620,1837.140,-12748731778665,67123,386274,-39381.7,101753.2,11.8,0.029,107247301,LOCKED
14621,1838.141,-12748731797158,87148,406299,-39484.5,100507.9,11.8,0.038,107332835,LOCKED
14622,1839.141,-12748731908277,17782,336933,-39625.7,99646.4,11.6,0.046,107321415,LOCKED
14623,1840.140,-12748731918452,47202,366353,-39702.9,99080.8,11.4,0.055,107413380,LOCKED
14624,1841.140,-12748731922998,80394,399545,-39740.3,98719.0,11.5,0.058,107509137,LOCKED
14625,1842.140,-12748731926901,111449,430600,-39690.9,99229.7,11.3,0.070,107608543,LOCKED
14626,1843.140,-12748731941371,129776,448927,-39568.2,100455.0,11.3,0.074,107586131,LOCKED
14627,1844.140,-12748732038315,71959,391110,-39666.5,99420.6,11.5,0.081,107700978,LOCKED
14628,1845.141,-12748732077108,71838,390989,-39737.3,98728.2,11.6,0.078,107789199,LOCKED
14629,1846.140,-12748732035077,145902,465053,-39601.7,100265.8,11.8,0.088,107905968,LOCKED
14630,1847.141,-12748732113178,101793,420944,-39495.5,101059.1,12.0,0.099,107928416,LOCKED
14631,1848.141,-12748732138259,111887,431038,-39469.5,101341.0,11.9,0.111,108031089,LOCKED
14632,1849.141,-12748732221795,65208,384359,-39449.8,101463.2,11.6,0.137,108022855,LOCKED
14633,1850.141,-12748732239341,81655,400806,-39317.5,102063.8,11.6,0.136,108104724,LOCKED
14634,1851.141,-12748732228901,124580,443731,-39189.2,103220.7,11.6,0.145,108218744,LOCKED
14635,1852.141,-12748732223350,158743,477894,-38933.7,105432.9,11.5,0.150,108322004,LOCKED
14636,1853.141,-12748732237836,173662,492813,-38754.5,107601.1,11.5,0.143,108301631,LOCKED
14637,1854.141,-12748732337054,106751,425902,-38615.4,108509.3,11.6,0.137,108414076,LOCKED
14638,1855.141,-12748732324724,146930,466081,-38330.9,110308.8,11.4,0.149,108525483,LOCKED
14639,1856.141,-12748732348873,149118,468269,-37989.6,111981.7,11.5,0.146,108608762,LOCKED
14640,1857.141,-12748732447008,80427,399578,-37703.4,111949.8,11.3,0.164,108605613,LOCKED
14641,1858.141,-12748732456161,101376,420527,-37498.6,112773.5,11.0,0.202,108695432,LOCKED
14642,1859.141,-12748732444733,138645,457796,-37156.4,114076.3,11.1,0.192,108804843,LOCKED
14643,1860.141,-12748732448833,157529,476680,-36722.0,115416.4,11.0,0.182,108897961,LOCKED
14644,1861.141,-12748732562923,73825,392976,-36533.5,115760.7,10.8,0.173,108889206,LOCKED
14645,1862.141,-12748732566692,97489,416640,-36248.4,116179.4,10.9,0.156,108978877,LOCKED
14646,1863.141,-12748732568208,119957,439108,-35845.3,116361.5,10.9,0.152,109075851,LOCKED
14647,1864.142,-12748732584948,125237,444388,-35374.1,115972.1,10.9,0.150,109155427,LOCKED
14648,1865.142,-12748732607062,123020,442171,-34818.1,114165.8,10.7,0.146,109118270,LOCKED
14649,1866.142,-12748732705204,48610,367761,-34353.9,110525.9,10.8,0.137,109229185,LOCKED
14650,1867.142,-12748732692744,81067,400218,-33782.9,105991.7,10.6,0.136,109337851,LOCKED
14651,1868.142,-12748732693488,100212,419363,-33266.7,103555.9,10.4,0.135,109432938,LOCKED
14652,1869.142,-12748732806225,11678,330829,-32840.4,98685.0,10.5,0.129,109414953,LOCKED
14653,1870.142,-12748732821553,18950,338101,-32368.4,92683.2,10.4,0.129,109492500,LOCKED
14654,1871.142,-12748732823325,35590,354741,-31741.3,81860.3,9.7,0.132,109582686,LOCKED
14655,1872.142,-12748732829271,48710,367861,-31199.2,74118.6,9.6,0.133,109672192,LOCKED
14656,1873.142,-12748732841352,52811,371962,-30548.7,60645.7,9.4,0.140,109637953,LOCKED
14657,1874.142,-12748732939105,-26019,293132,-29933.6,32736.8,9.2,0.138,109746606,LOCKED
14658,1875.142,-12748732938850,2598,321749,-29860.6,32306.9,8.9,0.138,109840082,LOCKED
14659,1876.142,-12748732930168,37554,356705,-29746.8,32495.6,8.8,0.140,109940619,LOCKED
14660,1877.142,-12748733005670,-8648,310503,-29710.4,32270.8,8.4,0.145,109957216,LOCKED
14661,1878.142,-12748733024227,870,320021,-29631.4,31708.9,8.3,0.148,110027420,LOCKED
14662,1879.142,-12748733035324,18821,337972,-29634.1,31691.7,8.6,0.151,110107136,LOCKED
14663,1880.142,-12748733053825,27857,347008,-29577.4,31911.0,8.5,0.154,110068104,LOCKED
14664,1881.142,-12748733162736,-49067,270084,-29614.1,32374.2,8.7,0.158,110169338,LOCKED
14665,1882.142,-12748733138289,3259,322410,-29534.2,31863.7,8.7,0.158,110279857,LOCKED
14666,1883.142,-12748733150448,17474,336625,-29408.0,31081.6,8.8,0.155,110361897,LOCKED
14667,1884.142,-12748733163963,32437,351588,-29416.3,30983.8,8.7,0.159,110324948,LOCKED
14668,1885.142,-12748733272707,-43504,275647,-29510.3,31512.0,8.6,0.153,110418245,LOCKED
14669,1886.142,-12748733283459,-23341,295810,-29540.5,31660.0,8.4,0.148,110497468,LOCKED
14670,1887.143,-12748733296745,-4998,314153,-29634.9,30965.2,8.3,0.153,110497534,LOCKED
14671,1888.143,-12748733368546,-43052,276099,-29765.3,31223.0,8.1,0.147,110593019,LOCKED
14672,1889.143,-12748733368863,-12531,306620,-29797.2,31259.9,8.1,0.142,110688559,LOCKED
14673,1890.143,-12748733378356,6529,325680,-29746.9,31127.4,8.1,0.141,110770085,LOCKED
14674,1891.143,-12748733452587,-36745,282406,-29745.1,31104.9,7.9,0.133,110753319,LOCKED
14675,1892.143,-12748733509245,-58402,260749,-29906.2,31776.1,7.9,0.125,110846021,LOCKED
14676,1893.143,-12748733479365,1373,320524,-29908.0,31775.0,7.9,0.123,110945773,LOCKED
14677,1894.143,-12748733468721,38375,357526,-29797.4,32024.1,7.9,0.121,110937812,LOCKED
14678,1895.143,-12748733559255,-19078,300073,-29927.1,31251.8,8.1,0.117,111050136,LOCKED
14679,1896.143,-12748733551999,17842,336993,-29943.9,31123.5,8.1,0.114,111150858,LOCKED
14680,1897.143,-12748733628113,-27302,291849,-29948.8,31166.6,8.1,0.110,111165737,LOCKED
14681,1898.143,-12748733609890,18290,337441,-29852.5,30866.3,7.9,0.124,111273649,LOCKED
14682,1899.143,-12748733704042,-41638,277513,-29998.0,30872.4,7.8,0.132,111275395,LOCKED
14683,1900.143,-12748733677157,15118,334269,-30017.0,30739.6,8.0,0.137,111391576,LOCKED
14684,1901.143,-12748733782058,-55822,263329,-30117.9,31659.5,8.0,0.133,111377343,LOCKED
14685,1902.143,-12748733773613,-16883,302268,-30108.3,31596.6,8.0,0.133,111477972,LOCKED
14686,1903.144,-12748733772138,12445,331596,-30018.1,31196.1,8.0,0.129,111572201,LOCKED
14687,1904.143,-12748733767313,45040,364191,-29982.6,31611.1,7.8,0.100,111668272,LOCKED
14688,1905.143,-12748733894019,-47198,271953,-30124.5,31927.5,7.8,0.101,111625646,LOCKED
14689,1906.144,-12748733914171,-35952,283199,-30127.2,31959.0,7.8,0.059,111700784,LOCKED
14690,1907.144,-12748733881682,25346,344497,-30104.6,32099.2,7.3,0.029,111824284,LOCKED
14691,1908.144,-12748733894853,39777,358928,-30047.9,32535.0,7.2,0.013,111905194,LOCKED
14692,1909.144,-12748734009607,-40008,279143,-30223.2,31963.8,7.2,-0.020,111879246,LOCKED
14693,1910.144,-12748733999766,1816,320967,-30312.8,31146.7,7.2,-0.023,111980230,LOCKED
14694,1911.144,-12748733999335,30968,350119,-30286.1,31356.3,7.1,-0.037,112073427,LOCKED
14695,1912.144,-12748734107243,-44289,274862,-30328.6,31811.3,7.1,-0.036,112056253,LOCKED
14696,1913.144,-12748734114119,-20672,298479,-30302.2,31564.1,7.3,-0.024,112138340,LOCKED
14697,1914.145,-12748734116267,8043,327194,-30343.2,31293.2,7.5,-0.013,112233110,LOCKED
14698,1915.144,-12748734100237,50567,369718,-30238.2,32012.6,7.7,-0.022,112340551,LOCKED
14699,1916.144,-12748734119131,57289,376440,-30106.4,32854.8,7.7,-0.022,112413981,LOCKED
14700,1917.145,-12748734198996,8603,327754,-30173.5,32253.7,7.8,-0.013,112425368,LOCKED
14701,1918.144,-12748734197388,38718,357869,-30156.1,32444.7,7.7,-0.014,112518503,LOCKED
14702,1919.144,-12748734314135,-45166,273985,-30213.9,32977.9,7.9,-0.007,112493720,LOCKED
14703,1920.144,-12748734309467,-10865,308286,-30167.2,32615.4,8.0,-0.013,112587454,LOCKED
14704,1921.144,-12748734323948,5980,325131,-30234.2,32069.1,8.2,-0.019,112667948,LOCKED
14705,1922.145,-12748734330478,28440,347591,-30220.4,32179.6,8.1,-0.026,112751066,LOCKED
14706,1923.145,-12748734329024,55948,375099,-30108.8,33047.8,8.3,-0.031,112844176,LOCKED
14707,1924.145,-12748734445594,-29316,289835,-30118.8,33132.0,8.4,-0.035,112819557,LOCKED
14708,1925.145,-12748734441728,3292,322443,-30056.6,32845.1,8.4,-0.035,112913560,LOCKED
14709,1926.145,-12748734478044,-1657,317494,-30118.2,32528.9,8.3,-0.041,113002920,LOCKED
14710,1927.145,-12748734522553,-15227,303924,-30133.2,32582.0,8.5,-0.044,113018125,LOCKED
14711,1928.146,-12748734533314,2677,321828,-30065.5,32215.7,8.9,-0.052,113097484,LOCKED
14712,1929.145,-12748734545049,21111,340262,-30105.8,31783.8,9.2,-0.061,113175041,LOCKED
14713,1930.145,-12748734584031,12493,331644,-30139.3,31537.9,9.3,-0.063,113261008,LOCKED
14714,1931.145,-12748734665479,-36124,283027,-30211.5,31909.8,9.4,-0.066,113241199,LOCKED
14715,1932.146,-12748734674041,-14120,305031,-30205.3,31877.8,9.4,-0.065,113327185,LOCKED
14716,1933.146,-12748734663385,23787,342938,-30099.7,31656.3,9.7,-0.067,113428285,LOCKED
14717,1934.146,-12748734656362,57876,377027,-30047.0,32397.9,10.5,-0.077,113520838,LOCKED
14718,1935.146,-12748734765082,-19532,292361,-30076.7,32504.4,10.4,-0.082,113510261,LOCKED
14719,1936.146,-12748734754812,18099,329992,-29973.3,32121.5,10.7,-0.086,113609857,LOCKED
14720,1937.146,-12748734844757,-39110,272783,-30043.9,32557.2,10.8,-0.087,113614583,LOCKED
14721,1938.147,-12748734846692,-10580,301313,-30047.0,32566.8,11.6,-0.090,113701054,LOCKED
14722,1939.146,-12748734843213,20520,332413,-29961.9,32463.6,12.2,-0.088,113796163,LOCKED
14723,1940.146,-12748734847963,41353,353246,-29815.5,32444.6,12.2,-0.088,113884595,LOCKED
14724,1941.146,-12748734960477,-37573,274320,-29938.4,32544.8,12.7,-0.084,113861311,LOCKED
14725,1942.146,-12748734977439,-23605,288288,-29947.8,32608.3,12.9,-0.083,113937986,LOCKED
14726,1943.147,-12748734982038,415,312308,-29883.1,32230.1,13.1,-0.089,114026604,LOCKED
14727,1944.146,-12748734969164,38518,350411,-29718.5,31773.8,13.6,-0.088,114128767,LOCKED
14728,1945.146,-12748734987483,47285,359178,-29667.9,32319.5,13.8,-0.093,114090587,LOCKED
14729,1946.147,-12748735095611,-29178,282715,-29717.4,32561.2,14.8,-0.089,114187960,LOCKED
14730,1947.147,-12748735057861,35254,347147,-29626.9,32836.2,14.9,-0.085,114318835,LOCKED
14731,1948.147,-12748735179379,-52173,259720,-29759.5,33441.0,15.4,-0.079,114285584,LOCKED
14732,1949.148,-12748735182534,-23991,287902,-29797.1,33597.5,15.6,-0.061,114376101,LOCKED
14733,1950.148,-12748735164708,21357,333250,-29720.8,33587.9,15.7,-0.052,114481967,LOCKED
14734,1951.147,-12748735173192,40492,352385,-29684.9,33926.0,16.1,-0.039,114565833,LOCKED
14735,1952.147,-12748735295360,-47044,264849,-29849.8,33927.9,15.9,-0.016,114538653,LOCKED
14736,1953.147,-12748735300078,-20748,291145,-29872.4,34028.1,15.9,-0.000,114621328,LOCKED
14737,1954.147,-12748735304198,3074,314967,-29782.7,33397.0,15.9,-0.007,114708766,LOCKED
14738,1955.148,-12748735300172,34790,346683,-29737.7,33706.6,15.6,0.021,114802243,LOCKED
14739,1956.147,-12748735312272,48070,359963,-29603.6,34115.0,15.6,0.018,114880975,LOCKED
14740,1957.147,-12748735403165,-11880,300013,-29649.6,34097.3,15.5,0.035,114880298,LOCKED
14741,1958.150,-12748735399932,18568,330461,-29560.8,33911.9,15.1,0.054,114977900,LOCKED
14742,1959.148,-12748735404684,41544,353437,-29539.9,34141.7,15.1,0.061,115066984,LOCKED
14743,1960.148,-12748735521142,-43298,268595,-29569.9,34460.9,14.9,0.078,115037522,LOCKED
14744,1961.149,-12748735511521,-2212,309681,-29659.4,33818.0,14.7,0.097,115139193,LOCKED
14745,1962.148,-12748735522233,16121,328014,-29656.0,33833.8,14.7,0.060,115220200,LOCKED
14746,1963.147,-12748735532577,32578,344471,-29570.0,34048.1,14.7,0.044,115305745,LOCKED
14747,1964.148,-12748735638909,-43084,268809,-29552.2,33782.9,14.6,0.031,115286821,LOCKED
14748,1965.147,-12748735668843,-39247,272646,-29694.3,33727.0,14.1,0.018,115369298,LOCKED
14749,1966.147,-12748735640017,19238,331131,-29724.6,33462.2,14.2,0.011,115471030,LOCKED
14750,1967.148,-12748735734488,-43344,268549,-29758.8,33821.5,14.2,-0.005,115468915,LOCKED
14751,1968.147,-12748735749246,-27850,284043,-29736.6,33584.5,14.2,-0.019,115556816,LOCKED
14752,1969.147,-12748735721956,28701,340594,-29761.1,33309.7,14.3,-0.030,115667048,LOCKED
14753,1970.147,-12748735831094,-47213,264680,-29852.7,33914.2,14.5,-0.048,115646944,LOCKED
14754,1971.148,-12748735826629,-12832,299061,-29834.4,33812.0,14.5,-0.049,115744322,LOCKED
14755,1972.148,-12748735815913,27706,339599,-29880.0,33230.7,14.4,-0.056,115841529,LOCKED
14756,1973.148,-12748735833051,38931,350824,-29870.3,33341.2,13.8,-0.061,115919931,LOCKED
14757,1974.147,-12748735937200,-32828,279065,-29939.5,33625.8,13.5,-0.071,115907836,LOCKED
14758,1975.147,-12748735932796,160,312053,-29873.1,33233.7,13.4,-0.069,116001885,LOCKED
14759,1976.148,-12748735952890,7582,319475,-29769.8,32511.3,13.2,-0.072,116081934,LOCKED
14760,1977.149,-12748736029635,-37000,274893,-29825.8,32890.1,12.3,-0.067,116091545,LOCKED
14761,1978.148,-12748736042202,-19641,292252,-29798.0,32643.5,12.0,-0.067,116166188,LOCKED
14762,1979.148,-12748736043545,9896,321789,-29867.7,31967.8,11.1,-0.060,116258262,LOCKED
14763,1980.148,-12748736050653,31139,343032,-29845.0,32151.2,11.1,-0.061,116342472,LOCKED
14764,1981.149,-12748736067801,41086,352979,-29778.3,32629.1,11.0,-0.061,116305577,LOCKED
14765,1982.148,-12748736172747,-32582,279311,-29797.7,32798.2,10.9,-0.058,116402405,LOCKED
14766,1983.148,-12748736175883,-7304,304589,-29717.5,32011.8,10.8,-0.057,116492540,LOCKED
14767,1984.148,-12748736167847,29481,341374,-29719.0,31996.9,10.7,-0.055,116589933,LOCKED
14768,1985.149,-12748736287945,-57011,254882,-29815.1,32918.8,10.2,-0.050,116562584,LOCKED
14769,1986.149,-12748736285431,-22870,289023,-29866.1,33054.3,10.1,-0.047,116655754,LOCKED
14770,1987.149,-12748736245534,44580,356473,-29826.7,33469.9,10.0,-0.044,116784298,LOCKED
14771,1988.149,-12748736373143,-49644,262249,-29918.9,34139.7,10.0,-0.042,116750147,LOCKED
14772,1989.149,-12748736373423,-19145,292748,-29929.3,34191.3,10.0,-0.042,116843166,LOCKED
14773,1990.149,-12748736356355,25894,337787,-29876.1,34366.4,9.9,-0.037,116950564,LOCKED
14774,1991.149,-12748736366049,44610,356503,-29878.4,34334.5,10.0,-0.032,117033921,LOCKED
14775,1992.149,-12748736488204,-43693,268200,-30001.0,34661.2,9.6,-0.021,116998733,LOCKED
14776,1993.149,-12748736494334,-18902,292991,-30014.7,34723.6,10.3,-0.020,117086427,LOCKED
14777,1994.149,-12748736494522,8608,320501,-29915.1,34121.1,10.3,-0.023,117175502,LOCKED
14778,1995.148,-12748736491248,39977,351870,-29892.3,34356.0,10.2,-0.014,117265964,LOCKED
14779,1996.149,-12748736513544,44054,355947,-29792.6,34829.8,10.3,-0.010,117227770,LOCKED
14780,1997.149,-12748736574600,13456,325349,-29847.8,34340.0,10.2,0.003,117371720,LOCKED
14781,1998.149,-12748736576012,39823,351716,-29812.5,34660.6,10.2,0.000,117461148,LOCKED
14782,1999.151,-12748736693316,-45025,266868,-29867.4,35146.6,10.2,-0.003,117436291,LOCKED
14783,2000.149,-12748736697114,-18995,292898,-29833.8,34858.3,9.9,0.012,117522837,LOCKED
14784,2001.149,-12748736701279,7659,319552,-29895.0,34391.7,9.9,0.010,117614003,LOCKED
14785,2002.150,-12748736723098,15788,327681,-29924.0,34178.1,9.9,0.016,117687783,LOCKED
14786,2003.149,-12748736817374,-45117,266776,-30018.3,34702.9,9.8,0.026,117680764,LOCKED
14787,2004.149,-12748736824701,-22035,289858,-30000.8,34559.3,9.9,0.021,117763717,LOCKED
14788,2005.149,-12748736838829,-7266,304627,-29934.3,34025.6,9.8,0.034,117850825,LOCKED
14789,2006.150,-12748736916353,-50283,261610,-30075.4,34461.2,9.6,0.026,117957820,LOCKED
14790,2007.150,-12748736950483,-51929,259964,-30107.3,34875.3,9.6,0.045,117974298,LOCKED
14791,2008.150,-12748736910227,19140,331033,-30173.9,34099.9,9.6,0.033,118063519,LOCKED
14792,2009.150,-12748737005771,-42109,269784,-30306.4,34276.8,9.9,0.006,118040230,LOCKED
14793,2010.150,-12748737018182,-23002,288891,-30327.6,34387.1,9.8,0.012,118121243,LOCKED
14794,2011.150,-12748737022054,2140,314033,-30266.6,34101.1,10.0,-0.012,118207941,LOCKED
14795,2012.150,-12748737024214,30177,342070,-30313.4,33466.2,9.7,0.030,118297658,LOCKED
14796,2013.150,-12748737029148,53083,364976,-30280.3,33917.6,9.8,0.028,118274877,LOCKED
14797,2014.150,-12748737121637,-8249,303644,-30309.7,33916.5,9.8,0.021,118384860,LOCKED
14798,2015.150,-12748737122578,18915,330808,-30232.8,33844.5,9.6,-0.001,118479313,LOCKED
14799,2016.150,-12748737111505,54788,366681,-30057.0,34097.6,9.5,-0.005,118581049,LOCKED
14800,2017.150,-12748737182999,12824,324717,-30052.4,34113.8,9.1,0.001,118601855,LOCKED
14801,2018.150,-12748737186975,35611,347504,-29950.0,34315.5,9.0,-0.002,118687300,LOCKED
14802,2019.150,-12748737291914,-38513,273380,-29928.4,34017.9,9.0,0.005,118675917,LOCKED
14803,2020.150,-12748737286203,-1569,310324,-29989.9,33712.7,9.0,0.004,118774603,LOCKED
14804,2021.151,-12748737299138,14355,326248,-29958.2,33765.3,9.0,0.010,118854110,LOCKED
14805,2022.150,-12748737302722,37290,349183,-29851.2,33990.5,9.0,0.009,118943381,LOCKED
14806,2023.150,-12748737425878,-53913,257980,-29864.7,34199.0,9.4,0.021,118911900,LOCKED
14807,2024.150,-12748737420424,-16420,295473,-29944.3,34045.2,9.3,0.020,119006645,LOCKED
14808,2025.150,-12748737420178,13927,325820,-29975.2,33827.4,9.2,0.019,119096905,LOCKED
14809,2026.150,-12748737421312,39135,351028,-29861.8,34066.1,9.2,0.025,119183734,LOCKED
14810,2027.150,-12748737495373,-3539,308354,-29930.9,33719.2,9.4,0.018,119209991,LOCKED
14811,2028.150,-12748737497342,23613,335506,-29930.4,33722.8,9.4,0.023,119297090,LOCKED
14812,2029.150,-12748737504061,42676,354569,-29797.5,33920.5,9.4,0.022,119377898,LOCKED
14813,2030.150,-12748737537200,38190,350083,-29804.9,33827.9,9.4,0.023,119328032,LOCKED
14814,2031.151,-12748737635080,-27618,284275,-29870.4,34009.5,9.3,0.024,119431940,LOCKED
14815,2032.151,-12748737638196,-1780,310113,-29822.3,33778.5,9.3,0.023,119524756,LOCKED
14816,2033.151,-12748737656557,7590,319483,-29732.1,33265.5,9.4,0.026,119597871,LOCKED
14817,2034.151,-12748737651461,40568,352461,-29708.8,33514.9,9.3,0.026,119695669,LOCKED
14818,2035.151,-12748737777795,-52626,259267,-29789.8,34257.3,9.2,0.027,119656509,LOCKED
14819,2036.151,-12748737796711,-39526,272367,-29833.4,34617.9,9.3,0.029,119735197,LOCKED
14820,2037.151,-12748737790048,-1746,310147,-29893.6,34334.1,9.2,0.032,119858710,LOCKED
14821,2038.151,-12748737866575,-44646,267247,-30002.8,34783.1,9.2,0.033,119842141,LOCKED
14822,2039.151,-12748737884107,-30357,281536,-30041.6,35008.7,9.1,0.036,119918098,LOCKED
14823,2040.151,-12748737888634,-5549,306344,-29997.6,34768.7,9.2,0.038,120004014,LOCKED
14824,2041.151,-12748737932755,-19907,291986,-29952.9,34323.7,9.2,0.037,120078536,LOCKED
14825,2042.151,-12748737995894,-48737,263156,-30085.9,34761.4,9.2,0.042,120181679,LOCKED
14826,2043.152,-12748737993446,-15023,296870,-30118.9,34817.4,9.2,0.042,120173988,LOCKED
14827,2044.151,-12748737981398,24260,336153,-30017.5,34674.7,9.3,0.042,120279394,LOCKED
14828,2045.151,-12748737975175,58343,370236,-30008.7,34823.6,9.4,0.042,120264533,LOCKED
14829,2046.151,-12748738067477,-2946,308947,-30053.1,34692.5,9.4,0.042,120376675,LOCKED
14830,2047.152,-12748738136598,-40810,271083,-30044.3,34575.9,9.4,0.042,120399295,LOCKED
14831,2048.152,-12748738135525,-7397,304496,-30144.9,33918.5,9.3,0.048,120491800,LOCKED
14832,2049.152,-12748738140097,17789,329682,-30155.5,33849.9,9.4,0.048,120578407,LOCKED
14833,2050.152,-12748738138617,45465,357358,-30036.6,34274.1,9.4,0.047,120673680,LOCKED
14834,2051.153,-12748738161133,48011,359904,-29871.9,34328.0,9.3,0.037,120628842,LOCKED
14835,2052.152,-12748738268857,-26518,285375,-29991.2,34053.1,9.2,0.027,120728159,LOCKED
14836,2053.153,-12748738264560,7981,319874,-30014.9,33945.3,8.5,0.005,120821083,LOCKED
14837,2054.152,-12748738261702,37959,349852,-29935.8,34320.8,8.7,0.005,120916003,LOCKED
14838,2055.153,-12748738380886,-49361,0,-29948.3,34496.4,8.7,-0.007,120888201,LOCKED
14839,2056.153,-12748738382027,-20918,28443,-29895.5,33912.3,9.4,0.009,120975477,LOCKED
14840,2057.153,-12748738353520,34291,83652,-29795.6,34091.8,9.3,-0.031,121101885,LOCKED
14841,2058.152,-12748738376719,36434,85795,-29637.3,33663.6,9.4,-0.053,121167676,LOCKED
14842,2059.152,-12748738489841,-43032,6329,-29763.2,33943.0,9.4,-0.058,121143589,LOCKED
14843,2060.152,-12748738489005,-11414,37947,-29794.3,33967.5,9.4,-0.065,121234451,LOCKED
14844,2061.152,-12748738500896,5453,54814,-29752.4,33883.1,9.4,-0.084,121313756,LOCKED
14845,2062.152,-12748738529006,5705,55066,-29693.6,33680.2,9.5,-0.089,121375627,LOCKED
14846,2063.152,-12748738540391,23605,72966,-29712.8,33504.8,9.4,-0.097,121456104,LOCKED
14847,2064.152,-12748738639755,-42593,6768,-29811.6,33949.0,9.4,-0.088,121447919,LOCKED
14848,2065.153,-12748738654081,-25327,24034,-29857.0,34122.7,9.6,-0.086,121524472,LOCKED
14849,2066.152,-12748738651377,8403,57764,-29928.5,33482.7,9.7,-0.074,121622198,LOCKED
14850,2067.153,-12748738714217,-21032,28329,-30064.4,32717.3,9.6,-0.085,121646168,LOCKED
14851,2068.153,-12748738720413,2346,51707,-30044.2,32695.2,9.6,-0.082,121733120,LOCKED
14852,2069.153,-12748738723986,28798,78159,-30091.2,32050.3,9.6,-0.088,121820294,LOCKED
14853,2070.153,-12748738747093,34814,84175,-30101.7,31920.3,9.7,-0.077,121894522,LOCKED
14854,2071.153,-12748738757595,51414,100775,-30039.9,32601.3,9.6,-0.074,121860498,LOCKED
14855,2072.153,-12748738864551,-24259,25102,-30060.6,32723.7,9.5,-0.073,121958798,LOCKED
14856,2073.153,-12748738881465,-11642,37719,-30015.1,32362.1,9.3,-0.072,122043973,LOCKED
14857,2074.153,-12748738860067,37942,87303,-29988.4,32624.4,9.4,-0.078,122145484,LOCKED
14858,2075.153,-12748738974222,-43423,5938,-30053.8,33142.6,9.3,-0.078,122121839,LOCKED
14859,2076.153,-12748738978358,-17904,31457,-30004.3,32636.1,9.2,-0.077,122211584,LOCKED
14860,2077.153,-12748738944806,42443,91804,-29917.3,33126.7,9.3,-0.070,122223174,LOCKED
14861,2078.153,-12748739044537,-26762,22599,-29902.6,32981.8,9.3,-0.070,122330127,LOCKED
14862,2079.153,-12748739033096,14913,64274,-29943.7,32630.1,9.2,-0.069,122434926,LOCKED
14863,2080.153,-12748739034638,40660,90021,-29881.0,33087.3,9.3,-0.074,122410607,LOCKED
14864,2081.153,-12748739125582,-19515,29846,-29892.1,33145.0,9.4,-0.076,122526373,LOCKED
14865,2082.154,-12748739125512,8444,57805,-29807.7,32723.4,9.4,-0.076,122616220,LOCKED
14866,2083.154,-12748739125820,37162,86523,-29831.2,32390.2,9.0,-0.076,122595116,LOCKED
14867,2084.154,-12748739224363,-28916,20445,-29912.5,32540.8,9.1,-0.079,122696268,LOCKED
14868,2085.155,-12748739226345,-1269,48092,-29896.5,32510.5,9.2,-0.082,122789284,LOCKED
14869,2086.157,-12748739235255,17106,66467,-29796.6,32140.4,9.2,-0.082,122870315,LOCKED
14870,2087.154,-12748739340718,-54719,0,-29894.3,32987.9,9.1,-0.088,122857853,LOCKED
14871,2088.154,-12748739349063,-31842,22877,-29906.4,33097.9,9.0,-0.085,122938724,LOCKED
14872,2089.155,-12748739360603,-14222,40497,-29846.0,32488.4,9.1,-0.087,123022303,LOCKED
14873,2090.154,-12748739370182,4043,58762,-29754.3,31825.2,9.1,-0.086,123102790,LOCKED
14874,2091.154,-12748739365692,36343,91062,-29719.3,32128.9,9.2,-0.088,123196609,LOCKED
14875,2092.155,-12748739396410,32699,87418,-29643.7,32403.5,9.2,-0.090,123146874,LOCKED
14876,2093.154,-12748739513767,-52223,2496,-29693.9,33015.6,9.1,-0.085,123232949,LOCKED
14877,2094.154,-12748739516091,-25175,29544,-29636.1,32239.4,9.4,-0.082,123321720,LOCKED
14878,2095.154,-12748739522040,-211,54508,-29698.6,31878.8,9.5,-0.083,123407070,LOCKED
14879,2096.156,-12748739539372,12268,66987,-29724.6,31709.5,9.8,-0.079,123489827,LOCKED
14880,2097.155,-12748739612429,-29305,25414,-29762.2,31940.5,9.8,-0.079,123506659,LOCKED
14881,2098.154,-12748739611769,2358,57077,-29827.2,31490.3,10.0,-0.073,123594010,LOCKED
14882,2099.155,-12748739603937,38408,93127,-29812.1,31662.0,10.1,-0.072,123580578,LOCKED
14883,2100.155,-12748739706089,-31552,23167,-29876.5,31942.8,10.0,-0.064,123680445,LOCKED
14884,2101.155,-12748739719823,-13710,41009,-29937.2,31870.5,10.0,-0.062,123761656,LOCKED
14885,2102.156,-12748739728172,9235,63954,-30019.4,30972.8,9.9,-0.052,123842803,LOCKED
14886,2103.155,-12748739740868,25738,80457,-30021.9,30950.0,9.9,-0.051,123920432,LOCKED
14887,2104.156,-12748739788458,7174,61893,-29984.9,30907.6,9.7,-0.037,123997911,LOCKED
14888,2105.156,-12748739870126,-43326,11393,-29970.9,30680.3,9.5,-0.024,123979576,LOCKED
14889,2106.156,-12748739889361,-30172,24547,-30039.5,30928.7,9.6,-0.018,124050700,LOCKED
14890,2107.156,-12748739862671,26488,81207,-30080.2,30395.8,9.6,0.005,124165490,LOCKED
14891,2108.155,-12748739919169,769,55488,-30115.9,30260.7,9.6,0.015,124142949,LOCKED
14892,2109.156,-12748739997729,-44675,10044,-30188.9,30860.1,9.2,0.028,124233481,LOCKED
14893,2110.156,-12748739969107,12107,66826,-30109.3,30571.4,9.5,0.010,124335034,LOCKED
14894,2111.156,-12748739980418,27441,82160,-29984.7,30222.4,9.4,0.011,124415937,LOCKED
14895,2112.156,-12748740088132,-46015,8704,-30118.2,30589.8,9.3,0.015,124400769,LOCKED
14896,2113.156,-12748740076496,-4003,50716,-30124.2,30594.5,9.2,0.022,124500433,LOCKED
14897,2114.156,-12748740084206,16098,70817,-30037.3,30334.0,9.3,0.013,124587494,LOCKED
14898,2115.157,-12748740079336,49448,104167,-30043.1,30230.3,9.3,0.004,124686010,LOCKED
14899,2116.158,-12748740209694,-46700,8019,-30170.2,30689.2,9.2,-0.043,124647155,LOCKED
14900,2117.156,-12748740176567,14537,69256,-30093.1,30491.8,9.2,-0.043,124771870,LOCKED
14901,2118.157,-12748740189114,28701,83420,-29974.6,30282.8,9.2,-0.044,124848736,LOCKED
14902,2119.156,-12748740205248,41126,95845,-29973.5,30297.7,9.2,-0.058,124813941,LOCKED
14903,2120.156,-12748740303200,-24738,29981,-30036.3,30446.2,9.2,-0.058,124918593,LOCKED
14904,2121.156,-12748740299512,8221,62940,-30012.4,30457.8,9.2,-0.057,125015369,LOCKED
14905,2122.157,-12748740310802,24925,79644,-29954.7,30626.1,9.2,-0.057,125098133,LOCKED
14906,2123.157,-12748740314958,46492,101211,-29824.0,31037.8,9.1,-0.058,125184506,LOCKED
14907,2124.156,-12748740349908,39940,94659,-29820.5,31084.4,9.2,-0.067,125127773,LOCKED
14908,2125.156,-12748740458852,-35848,18871,-29924.8,31299.1,8.9,-0.074,125223465,LOCKED
14909,2126.157,-12748740446785,5543,60262,-29904.5,31297.3,8.4,-0.073,125329885,LOCKED
14910,2127.157,-12748740537251,-50566,4153,-30039.1,31842.8,8.4,-0.073,125332560,LOCKED
14911,2128.156,-12748740534433,-16356,38363,-30078.4,31909.6,8.4,-0.078,125422805,LOCKED
14912,2129.157,-12748740523576,22332,77051,-30005.1,31944.2,8.4,-0.077,125527169,LOCKED
14913,2130.156,-12748740539092,33476,88195,-29896.4,32032.9,8.0,-0.069,125491297,LOCKED
14914,2131.157,-12748740633368,-30597,24122,-29860.5,31547.5,7.9,-0.067,125601478,LOCKED
14915,2132.157,-12748740639556,-5689,49030,-29911.8,31394.5,8.0,-0.060,125687237,LOCKED
14916,2133.157,-12748740668924,-4398,50321,-29941.2,31355.1,8.0,-0.054,125770864,LOCKED
14917,2134.158,-12748740731798,-36167,18552,-29938.1,31316.7,8.2,-0.050,125756854,LOCKED
14918,2135.157,-12748740750956,-22238,32481,-30055.9,30864.4,8.1,-0.048,125849234,LOCKED
14919,2136.158,-12748740729888,27772,82491,-30047.4,30937.5,8.1,-0.042,125960586,LOCKED
14920,2137.158,-12748740813557,-25504,29215,-30021.9,30651.9,7.6,-0.037,125967395,LOCKED
14921,2138.159,-12748740850868,-29735,24984,-30122.8,30685.7,7.6,-0.037,126060823,LOCKED
14922,2139.157,-12748740816527,32111,86830,-30047.5,30959.3,7.6,-0.037,126151544,LOCKED
14923,2140.158,-12748740821413,52175,106894,-29883.8,31263.1,7.8,-0.034,126125210,LOCKED
14924,2141.158,-12748740923795,-18497,36222,-29942.8,31296.4,7.9,-0.031,126226981,LOCKED
14925,2142.158,-12748740915109,18384,73103,-29887.5,31344.9,7.8,-0.028,126324539,LOCKED
14926,2143.158,-12748740923028,36251,90970,-29746.2,31153.3,7.9,-0.030,126409133,LOCKED
14927,2144.158,-12748741037824,-44955,9764,-29860.3,31628.1,7.9,-0.030,126388321,LOCKED
14928,2145.158,-12748741038740,-15129,39590,-29878.5,31688.2,8.1,-0.031,126478553,LOCKED
14929,2146.158,-12748741040260,11519,66238,-29813.5,31536.8,8.1,-0.032,126566751,LOCKED
14930,2147.158,-12748741050837,30353,85072,-29844.3,31131.8,8.2,-0.033,126536471,LOCKED
14931,2148.158,-12748741173971,-57888,0,-29996.1,31871.7,8.1,-0.027,126616181,LOCKED
14932,2149.158,-12748741175119,-26675,31213,-30068.0,32018.1,8.1,-0.027,126704051,LOCKED
14933,2150.157,-12748741184861,-6078,51810,-30071.2,32023.5,8.2,-0.027,126789805,LOCKED
14934,2151.159,-12748741188981,17284,75172,-29972.7,31672.1,8.2,-0.027,126875368,LOCKED
14935,2152.159,-12748741198501,33901,91789,-29840.5,31505.6,8.4,-0.028,126847063,LOCKED
14936,2153.159,-12748741301000,-34839,23049,-29975.2,31345.2,8.3,-0.020,126948971,LOCKED
14937,2154.159,-12748741305368,-8016,49872,-30021.6,31263.8,8.1,-0.029,127033250,LOCKED
14938,2155.158,-12748741301718,23853,81741,-29972.7,31426.3,8.3,-0.031,127129165,LOCKED
14939,2156.158,-12748741320034,32606,90494,-29884.3,31644.4,8.2,-0.044,127208248,LOCKED
14940,2157.159,-12748741387561,-3944,53944,-29931.4,31495.0,8.3,-0.048,127228581,LOCKED
14941,2158.159,-12748741392302,19669,77557,-29886.6,31597.9,8.1,-0.063,127314351,LOCKED
14942,2159.159,-12748741404266,33656,91544,-29749.2,31343.8,8.2,-0.070,127392921,LOCKED
14943,2160.159,-12748741414374,50610,108498,-29701.4,31931.1,8.5,-0.048,127360767,LOCKED
14944,2161.159,-12748741530144,-32912,24976,-29771.8,32227.5,8.7,-0.031,127447384,LOCKED
14945,2162.159,-12748741539637,-12229,45659,-29771.3,32225.4,8.6,-0.019,127531453,LOCKED
14946,2163.159,-12748741546561,8927,66815,-29703.0,31989.2,8.5,-0.007,127612522,LOCKED
14947,2164.160,-12748741556731,26124,84012,-29631.6,32124.6,8.5,-0.009,127702265,LOCKED
14948,2165.160,-12748741668701,-51375,6513,-29784.0,32517.2,8.5,-0.008,127678078,LOCKED
14949,2166.159,-12748741690232,-39341,18547,-29904.4,32712.2,8.6,-0.022,127764051,LOCKED
14950,2167.160,-12748741734676,-51172,6716,-29952.2,33284.7,8.4,-0.042,127887072,LOCKED
14951,2168.159,-12748741753198,-37063,20825,-30022.2,33660.9,8.4,-0.045,127864675,LOCKED
14952,2169.160,-12748741772416,-22788,35100,-30154.9,33030.6,8.4,-0.043,127951028,LOCKED
14953,2170.160,-12748741748734,28984,86872,-30101.7,33263.7,8.3,-0.050,128055519,LOCKED
14954,2171.160,-12748741753446,50128,108016,-29976.5,33829.7,8.2,-0.046,128030442,LOCKED
14955,2172.160,-12748741856618,-19795,38093,-30104.4,33159.3,8.2,-0.044,128131263,LOCKED
14956,2173.160,-12748741837340,28191,86079,-30082.7,33310.3,8.2,-0.043,128239736,LOCKED
14957,2174.159,-12748741842294,49637,107525,-29984.4,33974.2,8.3,-0.050,128217366,LOCKED
14958,2175.163,-12748741936034,-14651,43237,-29933.8,33515.4,8.3,-0.049,128328415,LOCKED
14959,2176.159,-12748741944118,8544,66432,-30014.2,32711.6,8.2,-0.047,128411753,LOCKED
14960,2177.160,-12748742028013,-42564,15324,-30079.6,33210.7,8.2,-0.046,128417677,LOCKED
14961,2178.161,-12748742030986,-15174,42714,-30068.2,33144.5,8.2,-0.046,128507746,LOCKED
14962,2179.160,-12748742031148,12557,70445,-29982.2,32815.3,8.0,-0.046,128596868,LOCKED
14963,2180.160,-12748742026078,45461,103349,-29952.3,33166.9,8.1,-0.051,128695319,LOCKED
14964,2181.160,-12748742154862,-50062,7826,-30031.6,33850.0,8.2,-0.056,128655567,LOCKED
14965,2182.161,-12748742166068,-29943,27945,-30045.3,33960.6,8.2,-0.055,128735995,LOCKED
14966,2183.160,-12748742183151,-17493,40395,-29990.9,33400.5,8.2,-0.054,128813895,LOCKED
14967,2184.161,-12748742180921,12228,70116,-29888.3,32845.7,8.1,-0.056,128908719,LOCKED
14968,2185.160,-12748742170435,50152,108040,-29851.4,33310.6,8.0,-0.053,129009669,LOCKED
14969,2186.162,-12748742293563,-40739,17149,-29900.8,33723.7,8.2,-0.050,128977459,LOCKED
14970,2187.162,-12748742261227,21719,79607,-29947.9,33203.5,8.2,-0.050,129103144,LOCKED
14971,2188.161,-12748742268217,42385,100273,-29905.9,33605.8,8.0,-0.053,129076425,LOCKED
14972,2189.160,-12748742368155,-26602,31286,-29913.0,33660.0,8.1,-0.050,129179601,LOCKED
14973,2190.161,-12748742368035,1955,59843,-29843.6,33271.6,8.2,-0.045,129274697,LOCKED
14974,2191.160,-12748742374581,24415,82303,-29843.1,33275.2,8.3,-0.043,129356642,LOCKED
14975,2192.161,-12748742383311,42611,100499,-29770.7,33774.1,8.2,-0.040,129436617,LOCKED
14976,2193.160,-12748742497475,-39083,18805,-29838.3,34188.5,8.3,-0.035,129419824,LOCKED
14977,2194.161,-12748742494363,-4605,53283,-29905.8,33883.5,8.3,-0.030,129509570,LOCKED
14978,2195.161,-12748742493073,25716,83604,-29905.6,33884.6,8.3,-0.031,129605869,LOCKED
14979,2196.161,-12748742508225,37023,94911,-29797.8,34094.0,8.2,-0.027,129568238,LOCKED
14980,2197.160,-12748742574925,992,58880,-29842.3,33905.6,8.4,-0.030,129708351,LOCKED
14981,2198.161,-12748742574444,30467,88355,-29851.4,33812.3,8.1,-0.036,129687798,LOCKED
14982,2199.161,-12748742680172,-43362,14526,-29879.8,34122.6,8.0,-0.043,129786120,LOCKED
14983,2200.161,-12748742695020,-28237,29651,-29837.3,33589.4,7.9,-0.038,129859615,LOCKED
14984,2201.161,-12748742749623,-48976,8912,-29953.7,34159.8,8.0,-0.033,129944728,LOCKED
14985,2202.161,-12748742701160,26917,84805,-29874.5,34265.1,8.1,-0.035,129928534,LOCKED
14986,2203.162,-12748742795537,-36557,21331,-29864.1,34139.4,7.9,-0.045,130038779,LOCKED
14987,2204.161,-12748742778623,10918,68806,-29916.6,33718.9,7.9,-0.047,130147617,LOCKED
14988,2205.163,-12748742785591,32140,90028,-29885.2,33944.8,7.7,-0.060,130119027,LOCKED
14989,2206.162,-12748742882079,-32697,25191,-29917.6,34179.3,7.7,-0.064,130226039,LOCKED
14990,2207.161,-12748742845793,30214,88102,-29806.0,34124.5,7.3,-0.079,130241699,LOCKED
14991,2208.162,-12748742938754,-28915,28973,-29955.8,33481.2,7.3,-0.087,130354397,LOCKED
14992,2209.161,-12748742932226,8166,66054,-29998.8,33204.4,7.3,-0.093,130453951,LOCKED
14993,2210.161,-12748742926393,41617,99505,-29951.1,33625.1,7.6,-0.085,130549045,LOCKED
14994,2211.162,-12748743041173,-40799,17089,-30001.7,34040.1,8.3,-0.085,130526851,LOCKED
14995,2212.161,-12748743048473,-17980,39908,-29977.5,33853.7,8.3,-0.089,130607001,LOCKED
14996,2213.161,-12748743062872,-939,56949,-30047.9,33433.2,8.6,-0.125,130684402,LOCKED
14997,2214.162,-12748743068960,22066,79954,-30037.7,33494.5,8.5,-0.141,130771591,LOCKED
14998,2215.162,-12748743079300,38478,96366,-29940.3,33820.2,8.6,-0.158,130738688,LOCKED
14999,2216.162,-12748743192231,-42660,15228,-29960.3,34049.0,8.6,-0.159,130832936,LOCKED
15000,2217.162,-12748743160757,17741,75629,-29939.0,34125.5,8.6,-0.161,130954604,LOCKED
15001,2218.163,-12748743176254,29431,87319,-29852.7,34253.5,8.5,-0.182,130915383,LOCKED
15002,2219.162,-12748743288652,-50998,6890,-29871.8,34519.5,8.4,-0.187,131009454,LOCKED
15003,2220.162,-12748743289157,-22252,35636,-29804.2,33652.1,8.2,-0.191,131102047,LOCKED
15004,2221.164,-12748743284275,12348,70236,-29820.5,33564.9,8.0,-0.207,131199359,LOCKED
15005,2222.162,-12748743286063,37835,95723,-29758.4,33954.3,8.0,-0.207,131284851,LOCKED
15006,2223.182,-12748743413347,-56528,1360,-29819.7,34687.5,8.1,-0.217,131246552,LOCKED
15007,2224.165,-12748743420887,-33379,24509,-29806.8,34542.5,8.2,-0.226,131336408,LOCKED
15008,2225.163,-12748743423189,-4166,53722,-29883.9,34121.8,8.2,-0.232,131423902,LOCKED
15009,2226.162,-12748743418875,29224,87112,-29892.9,34033.5,8.2,-0.238,131519121,LOCKED
15010,2227.163,-12748743515982,-33844,24044,-30040.4,33657.5,8.2,-0.237,131516511,LOCKED
15011,2228.164,-12748743525101,-10634,47254,-30135.2,33167.9,8.3,-0.243,131598410,LOCKED
15012,2229.162,-12748743524252,20224,78112,-30162.7,32922.0,8.4,-0.248,131692371,LOCKED
15013,2230.163,-12748743531982,39345,97233,-30065.4,33280.6,8.4,-0.254,131665774,LOCKED
15014,2231.163,-12748743646716,-43844,14044,-30065.1,33276.2,8.4,-0.252,131755390,LOCKED
15015,2232.163,-12748743640052,-5733,52155,-30123.5,33073.9,8.4,-0.251,131853578,LOCKED
15016,2233.163,-12748743648194,14536,72424,-30063.5,33024.6,8.4,-0.249,131939044,LOCKED
15017,2234.163,-12748743646984,41274,99162,-29909.3,32891.3,8.4,-0.255,132030608,LOCKED
15018,2235.163,-12748743773087,-50934,6954,-30020.4,33568.4,8.4,-0.254,131993840,LOCKED
15019,2236.163,-12748743776827,-23279,34609,-30049.2,33704.1,8.4,-0.253,132082619,LOCKED
15020,2237.162,-12748743784375,852,58740,-30130.7,33084.9,8.9,-0.260,132204958,LOCKED
15021,2238.165,-12748743862319,-43125,14763,-30247.5,33447.6,9.0,-0.263,132181989,LOCKED
15022,2239.163,-12748743862483,-12309,45579,-30263.0,33486.1,9.1,-0.266,132271596,LOCKED
15023,2240.163,-12748743899029,-18668,39220,-30228.1,33170.8,9.4,-0.274,132356577,LOCKED
15024,2241.164,-12748743953541,-38227,19661,-30396.8,32638.9,9.8,-0.282,132458647,LOCKED
15025,2242.164,-12748743974915,-25833,32055,-30519.5,32274.4,9.9,-0.284,132431247,LOCKED
15026,2243.165,-12748743990870,-9379,48509,-30596.8,31953.5,10.3,-0.289,132521817,LOCKED
15027,2244.163,-12748743965361,43843,101731,-30528.1,32497.3,11.2,-0.295,132628673,LOCKED
15028,2245.164,-12748744062741,-22766,35122,-30502.1,32242.0,11.1,-0.292,132623508,LOCKED
15029,2246.164,-12748744051219,19779,77667,-30560.7,31536.5,11.0,-0.289,132726637,LOCKED
15030,2247.163,-12748744043379,54174,112062,-30454.0,32370.4,11.1,-0.289,132714709,LOCKED
15031,2248.164,-12748744139679,-11998,45890,-30417.9,32108.6,11.1,-0.289,132825746,LOCKED
15032,2249.165,-12748744121453,35434,93322,-30417.4,32114.7,11.3,-0.286,132932251,LOCKED
15033,2250.164,-12748744120793,62379,120267,-30318.2,33203.8,11.2,-0.280,133024437,LOCKED
15034,2251.164,-12748744240512,-25926,31962,-30328.9,33281.3,11.1,-0.273,132996271,LOCKED
15035,2252.164,-12748744232166,10524,68412,-30237.0,32823.1,11.1,-0.271,133099536,LOCKED
15036,2253.164,-12748744227522,43745,101633,-30228.3,32938.2,11.3,-0.263,133195459,LOCKED
15037,2254.164,-12748744239428,58250,116138,-30137.6,33863.0,11.1,-0.254,133163010,LOCKED
15038,2255.166,-12748744355212,-26498,31390,-30137.7,33863.2,11.2,-0.251,133250221,LOCKED
15039,2256.165,-12748744360774,-3209,54679,-30069.0,33373.8,11.5,-0.247,133334049,LOCKED
15040,2257.164,-12748744334999,48926,106814,-29968.2,34008.8,11.5,-0.252,133342862,LOCKED
15041,2258.164,-12748744426043,-12738,45150,-29918.0,33586.4,11.5,-0.247,133453811,LOCKED
15042,2259.164,-12748744424565,18512,76400,-29941.7,33398.3,11.6,-0.230,133547879,LOCKED
15043,2260.165,-12748744428676,42076,99964,-29900.4,33790.3,11.7,-0.224,133636768,LOCKED
15044,2261.165,-12748744550392,-45072,12816,-30054.8,33840.2,11.7,-0.201,133606157,LOCKED
15045,2262.165,-12748744556140,-20446,37442,-30036.4,33693.1,11.4,-0.177,133692167,LOCKED
15046,2263.165,-12748744557652,8620,66508,-30077.4,33432.4,11.1,-0.137,133782224,LOCKED
15047,2264.166,-12748744567982,26086,83974,-30008.7,33572.6,11.0,-0.113,133863431,LOCKED
15048,2265.168,-12748744576916,42829,100717,-29867.1,33680.4,10.8,-0.109,133833944,LOCKED
15049,2266.165,-12748744680049,-27642,30246,-29958.5,33725.3,10.6,-0.085,133933499,LOCKED
15050,2267.164,-12748744657529,21920,79808,-29851.5,33438.2,10.4,-0.061,134052084,LOCKED
15051,2268.164,-12748744665714,41437,97965,-29814.9,33793.4,9.6,-0.034,134133093,LOCKED
15052,2269.165,-12748744780457,-41192,15336,-29859.3,34185.5,9.3,-0.017,134106822,LOCKED
15053,2270.164,-12748744772587,-4943,51585,-29778.3,33478.6,9.2,-0.000,134206818,LOCKED
15054,2271.165,-12748744788771,9104,65632,-29815.7,33245.3,9.7,-0.027,134294301,LOCKED
15055,2272.169,-12748744885693,-53907,2621,-29927.3,34016.0,9.5,-0.028,134278010,LOCKED
15056,2273.166,-12748744907630,-43037,13491,-29997.1,34511.7,9.6,-0.038,134344073,LOCKED
15057,2274.165,-12748744903749,-9424,47104,-29968.4,34357.2,9.5,-0.048,134437737,LOCKED
15058,2275.166,-12748744947107,-22893,33635,-29926.3,33904.8,9.5,-0.045,134523765,LOCKED
15059,2276.166,-12748744997655,-39563,16965,-30054.7,34021.9,9.4,-0.044,134623917,LOCKED
15060,2277.168,-12748745030511,-40413,16115,-30083.3,34305.9,9.2,-0.042,134642881,LOCKED
15061,2278.165,-12748744979532,36708,93236,-29950.7,34260.7,9.1,-0.049,134746184,LOCKED
15062,2279.166,-12748745074592,-25237,31291,-30064.2,34011.2,8.9,-0.046,134728536,LOCKED
15063,2280.165,-12748745114359,-32215,24313,-30144.5,34241.7,8.8,-0.051,134805947,LOCKED
15064,2281.165,-12748745079363,30140,86668,-30057.7,34385.3,8.8,-0.048,134904492,LOCKED
15065,2282.165,-12748745083867,50404,106932,-29881.6,34395.3,8.6,-0.045,134882160,LOCKED
15066,2283.166,-12748745176613,-10247,46281,-29973.4,33945.5,8.6,-0.043,134992553,LOCKED
15067,2284.166,-12748745156751,37779,94307,-29947.4,34189.3,8.6,-0.046,135104258,LOCKED
15068,2285.166,-12748745176743,44482,101010,-29861.6,34713.5,8.7,-0.044,135062491,LOCKED
15069,2286.165,-12748745266659,-15910,40618,-29818.5,34342.8,8.7,-0.042,135178016,LOCKED
15070,2287.165,-12748745248338,30951,87479,-29807.2,34438.4,8.5,-0.042,135285665,LOCKED
15071,2288.165,-12748745269136,37510,94038,-29749.2,34807.9,8.8,-0.036,135244775,LOCKED
15072,2289.165,-12748745356846,-20028,36500,-29736.7,34718.2,8.8,-0.034,135359832,LOCKED
15073,2290.165,-12748745356242,7963,64491,-29634.4,34054.8,8.8,-0.036,135454054,LOCKED
15074,2291.165,-12748745361366,31393,87921,-29633.6,34062.5,8.6,-0.031,135537214,LOCKED
15075,2292.166,-12748745475470,-49770,6758,-29713.3,34721.5,8.5,-0.030,135513734,LOCKED
15076,2293.166,-12748745477806,-21751,34777,-29708.6,34688.7,8.3,-0.027,135605158,LOCKED
15077,2294.165,-12748745482072,1576,58104,-29607.2,33837.4,8.3,-0.025,135695604,LOCKED
15078,2295.166,-12748745479968,32331,88859,-29614.0,33763.9,8.0,-0.019,135786896,LOCKED
15079,2296.166,-12748745507682,32397,88925,-29577.9,34011.9,7.8,-0.013,135739795,LOCKED
15080,2297.166,-12748745566973,2156,58684,-29555.5,33982.6,7.8,-0.017,135886493,LOCKED
15081,2298.166,-12748745563176,34431,90959,-29559.9,33933.6,7.8,-0.014,135981955,LOCKED
15082,2299.166,-12748745687248,-55877,651,-29673.5,34750.5,7.8,-0.014,135946932,LOCKED
15083,2300.166,-12748745673208,-10759,45769,-29724.6,34691.4,7.8,-0.016,136049852,LOCKED
15084,2301.167,-12748745681092,11855,68383,-29782.4,34190.7,7.7,-0.019,136135303,LOCKED
15085,2302.167,-12748745696659,25680,82208,-29806.0,33954.8,7.7,-0.017,136100839,LOCKED
15086,2303.167,-12748745798992,-42898,13630,-29928.7,34253.9,7.7,-0.022,136203502,LOCKED
15087,2304.167,-12748745803535,-17205,39323,-29915.2,34166.1,7.2,-0.033,136290332,LOCKED
15088,2305.168,-12748745789115,26746,83274,-29940.9,33895.4,7.2,-0.032,136396363,LOCKED
15089,2306.167,-12748745803205,39890,96418,-29874.2,34324.6,7.3,-0.030,136359494,LOCKED
15090,2307.167,-12748745868143,3274,59802,-29803.4,33955.0,7.3,-0.028,136500302,LOCKED
15091,2308.168,-12748745888930,12380,68908,-29828.4,33803.3,7.3,-0.026,136568234,LOCKED
15092,2309.168,-12748745894400,33683,90211,-29734.3,34003.3,7.2,-0.033,136655217,LOCKED
15093,2310.168,-12748745998198,-39520,17008,-29710.7,33664.3,7.3,-0.032,136642428,LOCKED
15094,2311.167,-12748746006092,-15394,41134,-29798.7,33397.1,7.3,-0.030,136725693,LOCKED
15095,2312.167,-12748746010221,9594,66122,-29781.1,33422.5,7.1,-0.014,136812791,LOCKED
15096,2313.167,-12748746057797,-8841,47687,-29734.9,33100.5,7.0,-0.024,136887265,LOCKED
15097,2314.167,-12748746136297,-55699,829,-29735.8,33116.9,7.0,-0.021,136872836,LOCKED
15098,2315.169,-12748746150683,-36758,19770,-29851.2,33258.2,7.0,-0.008,136948742,LOCKED
15099,2316.168,-12748746144613,-514,56014,-29866.2,33240.2,7.0,-0.010,137043088,LOCKED
15100,2317.168,-12748746212704,-37786,18742,-29850.1,33022.9,7.0,0.001,137068512,LOCKED
15101,2318.168,-12748746231281,-24379,32149,-29914.3,33146.5,7.0,-0.004,137160924,LOCKED
15102,2319.168,-12748746293049,-53156,3372,-29977.0,33841.1,7.0,-0.008,137267342,LOCKED
15103,2320.167,-12748746291201,-21363,35165,-29939.9,33469.6,7.0,0.003,137261924,LOCKED
15104,2321.167,-12748746286111,14345,70873,-29997.1,32913.0,7.2,0.010,137357609,LOCKED
15105,2322.168,-12748746282423,45757,102285,-29961.6,33314.7,7.2,0.022,137456927,LOCKED
15106,2323.168,-12748746402795,-41843,14685,-30030.1,33793.7,7.4,0.037,137425166,LOCKED
15107,2324.168,-12748746397255,-6571,49957,-30004.5,33682.7,7.6,0.050,137524527,LOCKED
15108,2325.169,-12748746389013,28165,84693,-29878.8,33380.4,7.1,0.055,137623415,LOCKED
15109,2326.170,-12748746403321,41749,98277,-29850.7,33677.8,7.0,0.055,137589198,LOCKED
15110,2327.168,-12748746464856,8532,65060,-29789.5,33507.2,7.2,0.064,137733184,LOCKED
15111,2328.168,-12748746474275,25353,81881,-29657.2,32989.6,7.2,0.074,137817144,LOCKED
15112,2329.168,-12748746591957,-57576,0,-29811.8,33647.8,7.3,0.065,137788698,LOCKED
15113,2330.167,-12748746597735,-31457,26119,-29861.9,33915.5,7.3,0.065,137872792,LOCKED
15114,2331.169,-12748746615243,-18383,39193,-29866.7,33940.8,6.7,0.065,137951402,LOCKED
15115,2332.169,-12748746610357,17004,74580,-29926.3,33307.7,6.9,0.058,138049739,LOCKED
15116,2333.168,-12748746642875,15006,72582,-29980.5,32782.2,6.8,0.057,138106176,LOCKED
15117,2334.168,-12748746646795,38886,96462,-29938.1,33144.7,6.7,0.057,138194781,LOCKED
15118,2335.169,-12748746767301,-47395,10181,-30069.9,33552.5,6.7,0.057,138163034,LOCKED
15119,2336.169,-12748746791419,-37019,20557,-30225.7,33187.7,6.8,0.051,138238323,LOCKED
15120,2337.169,-12748746737564,45982,103558,-30249.3,32791.5,6.8,0.052,138378323,LOCKED
15121,2338.168,-12748746763671,46221,103797,-30134.4,33283.8,6.7,0.050,138331521,LOCKED
15122,2339.169,-12748746872269,-28725,28851,-30259.5,33007.7,6.7,0.051,138428352,LOCKED
15123,2340.168,-12748746865787,9366,66942,-30341.5,32140.9,6.6,0.049,138526005,LOCKED
15124,2341.168,-12748746882121,21666,79242,-30293.6,32266.2,6.6,0.050,138599374,LOCKED
15125,2342.169,-12748746888422,41603,99179,-30163.5,32456.6,6.8,0.047,138574629,LOCKED
15126,2343.170,-12748746990794,-27741,29835,-30258.2,32479.7,6.9,0.044,138674859,LOCKED
15127,2344.169,-12748746989300,3048,60624,-30215.9,32356.1,7.4,0.036,138769898,LOCKED
15128,2345.170,-12748746980252,38465,96041,-30090.8,32469.6,7.5,0.034,138872630,LOCKED
15129,2346.169,-12748747012132,35067,92643,-30070.2,32664.1,7.6,0.033,138819816,LOCKED
15130,2347.168,-12748747091431,-14065,43511,-30051.5,32547.2,7.7,0.028,138944046,LOCKED
15131,2348.169,-12748747090656,14499,72075,-29964.4,32254.6,7.5,0.032,139037435,LOCKED
15132,2349.169,-12748747089998,42840,100416,-29923.6,32666.9,7.5,0.033,139129268,LOCKED
15133,2350.169,-12748747202722,-37732,19844,-29970.3,33031.9,7.4,0.031,139110802,LOCKED
15134,2351.170,-12748747199876,-5776,51800,-29918.4,32690.1,7.4,0.033,139204687,LOCKED
15135,2352.170,-12748747210206,14466,72042,-29974.6,32133.1,7.3,0.029,139285709,LOCKED
15136,2353.169,-12748747274216,-17575,40001,-30043.4,32087.4,7.3,0.026,139372140,LOCKED
15137,2354.169,-12748747329749,-40332,17244,-30110.6,32550.3,7.3,0.028,139344975,LOCKED
15138,2355.171,-12748747338647,-18973,38603,-30086.1,32344.5,7.2,0.029,139425705,LOCKED
15139,2356.169,-12748747339757,8122,65698,-30007.1,31972.8,7.2,0.032,139519712,LOCKED
15140,2357.169,-12748747348463,27160,84736,-29941.1,32153.3,7.3,0.027,139492979,LOCKED
15141,2358.170,-12748747447214,-40472,17104,-29931.6,32018.0,7.3,0.029,139599497,LOCKED
15142,2359.170,-12748747450586,-11459,46117,-30033.2,31428.6,7.2,0.023,139685356,LOCKED
15143,2360.169,-12748747439332,28090,85666,-29994.5,31648.6,7.3,0.026,139784668,LOCKED
15144,2361.170,-12748747452795,41165,98741,-29893.1,32058.8,7.4,0.030,139756047,LOCKED
15145,2362.171,-12748747499567,21586,79162,-29796.3,31867.4,7.4,0.035,139910387,LOCKED
15146,2363.170,-12748747516292,33598,91174,-29800.2,31822.7,7.5,0.030,139989586,LOCKED
15147,2364.170,-12748747645005,-60672,0,-29927.4,32832.5,7.5,0.036,139950696,LOCKED
15148,2365.170,-12748747632343,-17891,42781,-29907.0,32677.6,7.9,0.048,140057698,LOCKED
15149,2366.169,-12748747639123,3338,64010,-29819.3,32058.7,8.0,0.022,140137723,LOCKED
15150,2367.169,-12748747717233,-42529,18143,-29867.5,32511.1,8.1,0.012,140151044,LOCKED
15151,2368.170,-12748747725969,-20792,39880,-29862.6,32475.9,8.2,0.005,140234555,LOCKED
15152,2369.170,-12748747731863,1340,62012,-29774.6,31790.8,8.2,0.014,140320093,LOCKED
15153,2370.172,-12748747735571,26348,87020,-29766.4,31855.6,8.2,0.023,140406758,LOCKED
15154,2371.171,-12748747850125,-54626,6046,-29862.9,32707.8,8.2,0.019,140380038,LOCKED
15155,2372.170,-12748747862477,-35481,25191,-29884.1,32908.1,8.2,0.013,140459795,LOCKED
15156,2373.169,-12748747861413,-4439,56233,-29881.3,32903.4,8.2,0.024,140555190,LOCKED
15157,2374.170,-12748747874967,12526,73198,-29933.6,32442.3,8.2,0.023,140629477,LOCKED
15158,2375.170,-12748747870107,45218,105890,-29905.6,32778.2,8.3,0.012,140729963,LOCKED
15159,2376.171,-12748747989596,-41690,18982,-29967.7,33252.5,8.3,0.003,140697567,LOCKED
15160,2377.171,-12748747954984,22498,83170,-29985.9,33092.5,8.4,-0.004,140827616,LOCKED
15161,2378.170,-12748747966077,39465,100137,-29957.0,33378.3,8.4,-0.009,140793845,LOCKED
15162,2379.171,-12748748077403,-37347,23325,-30118.9,32925.8,8.4,-0.006,140887638,LOCKED
15163,2380.171,-12748748089294,-16938,43734,-30197.9,32783.8,8.7,-0.019,140971219,LOCKED
15164,2381.171,-12748748076660,24058,84730,-30147.7,32940.4,8.4,-0.024,141076669,LOCKED
15165,2382.171,-12748748080412,45854,106526,-29997.9,33090.1,8.4,-0.028,141162342,LOCKED
15166,2383.172,-12748748203718,-42822,17850,-30154.4,33000.8,8.4,-0.037,141130285,LOCKED
15167,2384.171,-12748748193458,-1735,58937,-30184.5,32934.7,8.0,-0.039,141232725,LOCKED
15168,2385.175,-12748748199222,20483,81155,-30110.4,32918.9,8.2,-0.047,141314827,LOCKED
15169,2386.171,-12748748204170,41348,102020,-29967.9,32952.4,8.4,-0.054,141406250,LOCKED
15170,2387.170,-12748748309109,-31855,28817,-30001.8,33191.4,8.0,-0.053,141393091,LOCKED
15171,2388.172,-12748748311056,-4649,56023,-29952.3,32895.9,7.8,-0.057,141478498,LOCKED
15172,2389.172,-12748748320919,16194,76866,-30016.4,32182.1,8.5,-0.068,141563958,LOCKED
15173,2390.170,-12748748331431,34430,95102,-30011.4,32235.9,8.4,-0.067,141642463,LOCKED
15174,2391.171,-12748748368941,25848,86520,-30001.2,32311.9,8.5,-0.070,141601557,LOCKED
15175,2392.172,-12748748487457,-59070,1602,-30079.6,33235.5,8.5,-0.071,141675572,LOCKED
15176,2393.173,-12748748500599,-39753,20919,-30130.4,33639.0,8.5,-0.070,141753557,LOCKED
15177,2394.171,-12748748505357,-14658,46014,-30092.3,33334.1,8.5,-0.071,141839304,LOCKED
15178,2395.172,-12748748544885,-20792,39880,-30220.0,32698.3,8.5,-0.069,141928912,LOCKED
15179,2396.172,-12748748594409,-35812,24860,-30371.0,32344.4,8.5,-0.070,142009574,LOCKED
15180,2397.171,-12748748637728,-46561,14111,-30401.6,32718.1,8.5,-0.070,142026151,LOCKED
15181,2398.172,-12748748594891,23816,84488,-30300.5,32555.5,8.4,-0.068,142117638,LOCKED
15182,2399.171,-12748748671278,-19446,41226,-30407.0,32177.5,8.4,-0.065,142210247,LOCKED
15183,2400.171,-12748748706988,-22874,37798,-30461.1,32309.0,8.4,-0.063,142188084,LOCKED
15184,2401.172,-12748748696536,16707,77379,-30423.4,32382.0,8.9,-0.063,142293593,LOCKED
15185,2402.172,-12748748685088,53774,114446,-30276.8,32946.9,9.0,-0.065,142397080,LOCKED
15186,2403.172,-12748748807016,-34139,26533,-30403.7,32863.2,9.5,-0.069,142368874,LOCKED
15187,2404.173,-12748748798967,4375,65047,-30414.0,32839.2,9.4,-0.076,142463401,LOCKED
15188,2405.172,-12748748802843,27947,88619,-30314.8,32827.8,9.5,-0.078,142554176,LOCKED
15189,2406.172,-12748748811573,45308,105980,-30182.6,33148.5,10.0,-0.080,142638422,LOCKED
15190,2407.172,-12748748911682,-22507,38165,-30248.9,33224.1,10.1,-0.081,142631640,LOCKED
15191,2408.172,-12748748917437,1397,62069,-30222.2,33171.4,10.2,-0.083,142718475,LOCKED
15192,2409.172,-12748748909807,35172,95844,-30080.3,32933.2,10.2,-0.076,142816764,LOCKED
15193,2410.172,-12748748925101,47793,108465,-30053.5,33275.6,10.1,-0.069,142779769,LOCKED
15194,2411.172,-12748749039652,-34314,26358,-30113.9,33600.2,10.0,-0.060,142867740,LOCKED
15195,2412.173,-12748749025224,8949,69621,-30065.9,33529.1,10.3,-0.048,142973331,LOCKED
15196,2413.172,-12748749029580,32870,93542,-30032.7,33771.9,10.2,-0.038,143063093,LOCKED
15197,2414.172,-12748749045022,45682,106354,-30021.4,33921.2,10.1,-0.024,143025972,LOCKED
15198,2415.172,-12748749137374,-14926,45746,-30081.2,33881.5,9.9,-0.007,143137375,LOCKED
15199,2416.172,-12748749134724,16384,77056,-30038.6,33937.6,9.7,0.009,143233591,LOCKED
15200,2417.172,-12748749228641,-45418,15254,-30065.0,34246.1,9.7,0.018,143234950,LOCKED
15201,2418.172,-12748749221588,-6500,54172,-30142.8,33870.1,9.4,0.044,143334535,LOCKED
15202,2419.172,-12748749238136,7098,67770,-30154.7,33831.1,9.0,0.069,143407042,LOCKED
15203,2420.172,-12748749238694,33416,94088,-30049.2,33939.8,9.5,0.047,143497236,LOCKED
15204,2421.173,-12748749257860,39871,100543,-29897.9,33786.1,9.5,0.045,143456792,LOCKED
15205,2422.173,-12748749289383,34619,95291,-29777.2,33794.2,9.5,0.045,143517940,LOCKED
15206,2423.172,-12748749401708,-46507,14165,-29769.6,33678.6,9.5,0.047,143609898,LOCKED
15207,2424.172,-12748749412238,-23954,36718,-29892.6,33248.3,9.5,0.052,143688179,LOCKED
15208,2425.172,-12748749410988,6979,67651,-29893.9,33245.2,9.5,0.038,143785143,LOCKED
15209,2426.173,-12748749424109,21704,82376,-29829.4,33312.6,9.5,0.041,143862156,LOCKED
15210,2427.172,-12748749505623,-26986,33686,-29931.7,33241.9,9.5,0.031,143871877,LOCKED
15211,2428.173,-12748749507794,1168,61840,-29953.0,33193.2,9.5,0.034,143957619,LOCKED
15212,2429.173,-12748749506118,30335,91007,-29882.5,33420.9,9.2,0.035,144051845,LOCKED
15213,2430.173,-12748749529840,32862,93534,-29758.6,33324.2,8.9,0.027,144010013,LOCKED
15214,2431.173,-12748749649575,-51962,8710,-29925.4,33554.6,8.9,0.031,144094618,LOCKED
15215,2432.173,-12748749653931,-23661,37011,-30020.3,33453.3,8.6,0.033,144188472,LOCKED
15216,2433.173,-12748749640425,18652,79324,-29991.7,33547.6,8.3,0.028,144290010,LOCKED
15217,2434.173,-12748749646181,39612,100284,-29896.6,33918.2,8.3,0.032,144376517,LOCKED
15218,2435.173,-12748749756305,-39701,20971,-29875.4,33616.3,8.2,0.029,144356459,LOCKED
15219,2436.173,-12748749748441,-646,60026,-29939.0,33266.2,8.2,0.026,144459677,LOCKED
15220,2437.173,-12748749830156,-49893,10779,-29980.2,33759.2,8.1,0.024,144466752,LOCKED
15221,2438.173,-12748749830929,-20853,39819,-29937.2,33313.2,8.1,0.022,144559902,LOCKED
15222,2439.173,-12748749824227,15881,76553,-29968.4,33069.2,7.7,0.027,144659181,LOCKED
15223,2440.174,-12748749831958,36217,96889,-29935.2,33350.1,7.7,0.025,144630264,LOCKED
15224,2441.173,-12748749926146,-27058,33614,-29938.2,33375.0,7.7,0.029,144741851,LOCKED
15225,2442.173,-12748749930494,-3116,57556,-29852.0,32612.7,7.6,0.034,144824557,LOCKED
15226,2443.173,-12748749933387,23546,84218,-29876.6,32368.7,7.7,0.032,144912145,LOCKED
15227,2444.174,-12748750035983,-46001,14671,-29955.9,32965.8,7.6,0.036,144901867,LOCKED
15228,2445.173,-12748750030911,-11038,49634,-29934.3,32847.0,7.7,0.038,145002364,LOCKED
15229,2446.174,-12748750035793,11450,72122,-29827.3,32187.3,7.7,0.036,145088044,LOCKED
15230,2447.174,-12748750118055,-37597,23075,-29931.3,32456.4,7.7,0.040,145097611,LOCKED
15231,2448.174,-12748750122826,-11743,48929,-29945.8,32492.2,7.7,0.038,145183088,LOCKED
15232,2449.174,-12748750121582,17403,78075,-29874.3,32423.2,7.5,0.036,145279515,LOCKED
15233,2450.174,-12748750130446,34417,95089,-29735.1,32184.1,7.4,0.037,145247678,LOCKED
15234,2451.174,-12748750239858,-43702,16970,-29738.9,32236.6,7.4,0.036,145344261,LOCKED
15235,2452.174,-12748750212968,13616,74288,-29795.5,31682.4,7.4,0.038,145459907,LOCKED
15236,2453.174,-12748750222325,32905,93577,-29793.8,31700.4,7.3,0.041,145543621,LOCKED
15237,2454.174,-12748750244683,37983,98655,-29741.2,32099.1,7.3,0.040,145497870,LOCKED
15238,2455.174,-12748750349417,-34039,26633,-29830.6,32348.4,7.2,0.044,145595655,LOCKED
15239,2456.174,-12748750382151,-33239,27433,-29957.3,32228.8,7.0,0.048,145660149,LOCKED
15240,2457.174,-12748750343034,35382,96054,-29993.9,31675.6,7.1,0.048,145781940,LOCKED
15241,2458.174,-12748750371211,34317,94989,-29909.4,31961.0,7.0,0.054,145736743,LOCKED
15242,2459.175,-12748750462143,-23955,36717,-30004.8,31859.7,6.9,0.060,145848601,LOCKED
15243,2460.174,-12748750466045,3310,63982,-30067.5,31417.8,7.2,0.060,145938255,LOCKED
15244,2461.174,-12748750468838,28635,89307,-30019.3,31657.2,7.0,0.052,146023910,LOCKED
15245,2462.174,-12748750578182,-48769,11903,-30032.5,31853.7,7.3,0.053,146009040,LOCKED
15246,2463.174,-12748750571118,-9263,51409,-30135.5,31161.3,7.2,0.043,146105222,LOCKED
15247,2464.174,-12748750569852,21203,81875,-30124.9,31226.7,7.3,0.041,146195881,LOCKED
15248,2465.174,-12748750573930,43816,104488,-30029.0,31754.4,7.3,0.040,146286161,LOCKED
15249,2466.175,-12748750699278,-49303,11369,-30055.0,32113.3,7.1,0.029,146252467,LOCKED
15250,2467.175,-12748750678357,2729,63401,-30111.5,31762.7,7.1,0.027,146364233,LOCKED
15251,2468.175,-12748750688730,21438,82110,-30096.6,31847.5,7.1,0.026,146444080,LOCKED
15252,2469.175,-12748750690456,45748,106420,-29973.2,32274.5,7.1,0.015,146423814,LOCKED
15253,2470.175,-12748750792574,-26104,34568,-29944.1,31946.9,7.3,0.001,146526706,LOCKED
15254,2471.175,-12748750806874,-8450,52222,-30028.8,31505.4,7.6,-0.022,146603395,LOCKED
15255,2472.175,-12748750845056,-15573,45099,-30053.5,31575.7,7.2,-0.042,146693095,LOCKED
15256,2473.175,-12748750902764,-41308,19364,-30079.1,31863.7,7.3,-0.049,146668017,LOCKED
15257,2474.175,-12748750946548,-52828,7844,-30098.4,32165.0,7.4,-0.070,146762475,LOCKED
15258,2475.175,-12748750935894,-10642,50030,-30151.2,32088.8,7.3,-0.079,146862197,LOCKED
15259,2476.175,-12748750939649,14343,75015,-30105.7,32109.2,7.4,-0.085,146948920,LOCKED
15260,2477.175,-12748751012751,-25094,35578,-30238.9,31541.4,7.4,-0.112,146967134,LOCKED
15261,2478.175,-12748751012308,5826,66498,-30260.3,31456.2,7.2,-0.110,147058969,LOCKED
15262,2479.175,-12748751015204,31210,91882,-30215.0,31732.1,7.4,-0.097,147149589,LOCKED
15263,2480.175,-12748751124736,-45813,14859,-30251.5,32157.0,7.2,-0.092,147134451,LOCKED
15264,2481.175,-12748751130860,-21483,39189,-30225.6,31912.1,7.4,-0.080,147216856,LOCKED
15265,2482.175,-12748751158160,-18573,42099,-30193.8,31621.6,7.4,-0.078,147284375,LOCKED
15266,2483.176,-12748751164907,6008,66680,-30259.7,31074.2,7.4,-0.077,147369376,LOCKED
15267,2484.176,-12748751162636,36921,95991,-30241.7,31267.4,7.4,-0.076,147462929,LOCKED
15268,2485.175,-12748751277978,-45190,13880,-30313.3,31858.6,7.4,-0.075,147440448,LOCKED
15269,2486.176,-12748751265508,-2923,56147,-30283.0,31742.8,7.4,-0.081,147546458,LOCKED
15270,2487.176,-12748751351014,-53374,5696,-30428.8,32308.4,7.4,-0.081,147550865,LOCKED
15271,2488.176,-12748751343140,-13910,45160,-30462.7,32355.1,7.5,-0.073,147651307,LOCKED
15272,2489.176,-12748751344100,13719,72789,-30393.4,32218.5,7.4,-0.072,147743057,LOCKED
15273,2490.176,-12748751343200,40926,99996,-30260.7,32351.7,7.6,-0.066,147833585,LOCKED
15274,2491.176,-12748751459720,-40691,18379,-30421.2,32086.1,7.7,-0.060,147812926,LOCKED
15275,2492.176,-12748751455050,-4244,54826,-30480.8,31836.0,7.6,-0.059,147909276,LOCKED
15276,2493.176,-12748751450662,28233,87303,-30410.2,32024.5,7.7,-0.055,148004597,LOCKED
15277,2494.176,-12748751464902,40232,99302,-30272.1,32063.4,7.6,-0.053,147969776,LOCKED
15278,2495.176,-12748751569659,-30785,28285,-30391.4,31937.2,7.8,-0.050,148070483,LOCKED
15279,2496.176,-12748751565950,3188,62258,-30390.4,31938.1,7.9,-0.047,148165882,LOCKED
15280,2497.176,-12748751650842,-46175,12895,-30566.2,31709.3,8.0,-0.044,148176005,LOCKED
15281,2498.176,-12748751652142,-14820,44250,-30644.2,31516.8,8.0,-0.045,148267203,LOCKED
15282,2499.176,-12748751633490,32064,91134,-30579.0,31808.6,8.0,-0.040,148376516,LOCKED
15283,2500.176,-12748751651442,40804,99874,-30455.9,32039.2,8.0,-0.042,148340018,LOCKED
15284,2501.177,-12748751766302,-39739,19331,-30579.5,32220.3,8.1,-0.037,148433564,LOCKED
15285,2502.177,-12748751742618,13851,72921,-30569.5,32256.3,8.1,-0.032,148546708,LOCKED
15286,2503.176,-12748751736792,46330,105400,-30454.1,32757.4,8.2,-0.031,148644973,LOCKED
15287,2504.177,-12748751866518,-47845,11225,-30625.0,32707.8,8.1,-0.028,148607142,LOCKED
15288,2505.176,-12748751869674,-18413,40657,-30690.8,32700.4,8.1,-0.023,148698081,LOCKED
15289,2506.177,-12748751882190,-380,58690,-30683.2,32694.2,8.1,-0.025,148787920,LOCKED
15290,2507.177,-12748751921868,-7213,51857,-30777.5,32092.0,8.5,-0.019,148830706,LOCKED
15291,2508.177,-12748751950461,-3900,55170,-30826.5,31929.9,9.0,-0.019,148925368,LOCKED
15292,2509.177,-12748752019175,-39278,19792,-30884.5,32361.3,9.0,-0.014,148920806,LOCKED
15293,2510.177,-12748752018143,-7792,51278,-30850.3,32166.2,9.0,-0.016,149013109,LOCKED
15294,2511.177,-12748752023715,18005,77075,-30905.9,31545.8,9.4,-0.018,149096231,LOCKED
15295,2512.177,-12748752015729,53020,112090,-30803.6,32349.0,9.8,-0.022,149203125,LOCKED
15296,2513.177,-12748752130878,-30255,28815,-30805.8,32370.0,9.8,-0.025,149176854,LOCKED
15297,2514.177,-12748752118068,11212,70282,-30718.8,31983.4,9.8,-0.029,149280514,LOCKED
15298,2515.177,-12748752100960,56284,115354,-30677.1,32585.7,10.1,-0.035,149387970,LOCKED
15299,2516.177,-12748752123832,61084,120154,-30631.2,33290.1,10.4,-0.043,149467225,LOCKED
15300,2517.177,-12748752221926,-7119,51951,-30582.9,32970.2,10.4,-0.051,149455059,LOCKED
15301,2518.178,-12748752223877,18807,77877,-30481.2,32637.6,10.6,-0.051,149549834,LOCKED
15302,2519.177,-12748752227561,43233,102303,-30436.7,33072.7,10.7,-0.048,149523952,LOCKED
15303,2520.178,-12748752325116,-22631,36439,-30460.6,33192.8,10.6,-0.078,149630537,LOCKED
15304,2521.178,-12748752332024,-354,58716,-30397.3,32821.2,10.9,-0.049,149720565,LOCKED
15305,2522.178,-12748752332546,28933,88003,-30416.6,32607.3,10.9,-0.042,149809846,LOCKED
15306,2523.178,-12748752346056,42999,102069,-30348.6,33121.1,11.0,-0.027,149774558,LOCKED
15307,2524.178,-12748752457243,-36333,22737,-30362.1,33260.0,11.0,-0.013,149865791,LOCKED
15308,2525.178,-12748752451925,-2465,56605,-30268.9,32392.8,11.0,-0.015,149964512,LOCKED
15309,2526.178,-12748752453871,25366,84436,-30287.0,32213.1,11.0,-0.019,150052078,LOCKED
15310,2527.178,-12748752526611,-16441,42629,-30291.3,32234.7,11.2,-0.011,150072849,LOCKED
15311,2528.178,-12748752531962,6805,65875,-30219.3,31910.8,11.3,-0.004,150158363,LOCKED
15312,2529.178,-12748752534912,29680,88750,-30052.7,30915.1,11.3,-0.011,150247052,LOCKED
15313,2530.178,-12748752648858,-50652,8418,-30143.4,31670.6,11.0,-0.001,150226390,LOCKED
15314,2531.178,-12748752648546,-19312,39758,-30154.7,31730.9,10.7,0.007,150320116,LOCKED
15315,2532.178,-12748752649480,9096,68166,-30129.9,31747.5,10.7,0.000,150407959,LOCKED
15316,2533.179,-12748752655628,31655,90725,-30112.7,31899.5,10.4,0.006,150493513,LOCKED
15317,2534.178,-12748752667148,48177,107247,-30091.2,32196.2,10.0,0.010,150577017,LOCKED
15318,2535.178,-12748752770730,-23803,35267,-30125.8,32353.4,9.9,0.012,150565687,LOCKED
15319,2536.179,-12748752765404,9897,68967,-30056.1,32126.5,9.5,0.014,150659418,LOCKED
15320,2537.178,-12748752760659,42150,101220,-30001.1,32599.7,9.0,0.015,150644419,LOCKED
15321,2538.179,-12748752881476,-46183,12887,-30046.2,33081.2,8.9,0.016,150727161,LOCKED
15322,2539.179,-12748752883246,-18321,40749,-29995.3,32545.2,9.1,0.023,150816284,LOCKED
15323,2540.179,-12748752877781,17009,76079,-30017.3,32379.7,9.0,0.022,150915989,LOCKED
15324,2541.179,-12748752905745,18059,77129,-29998.0,32458.1,9.1,0.028,151003144,LOCKED
15325,2542.179,-12748752971370,-16284,42786,-30034.0,32528.3,9.1,0.033,151003431,LOCKED
15326,2543.179,-12748753012156,-25884,33186,-30047.5,32624.4,9.1,0.026,151085359,LOCKED
15327,2544.179,-12748752974918,37015,96085,-29893.5,32279.6,9.0,0.024,151183650,LOCKED
15328,2545.179,-12748753086881,-41132,17938,-30017.8,32509.0,8.9,0.022,151166284,LOCKED
15329,2546.180,-12748753069595,5464,64534,-29992.1,32493.5,8.5,0.014,151272270,LOCKED
15330,2547.180,-12748753131721,-23420,35650,-30112.9,32059.0,8.3,0.012,151302395,LOCKED
15331,2548.180,-12748753140656,-1713,57357,-30136.1,32021.8,8.3,0.011,151382578,LOCKED
15332,2549.179,-12748753140577,26089,85159,-30060.9,32136.2,8.8,0.002,151471822,LOCKED
15333,2550.180,-12748753146035,45733,104803,-29893.3,32022.4,8.9,-0.002,151564935,LOCKED
15334,2551.181,-12748753268151,-42412,16658,-30023.1,32251.0,9.4,-0.007,151531921,LOCKED
15335,2552.181,-12748753261651,-5483,53587,-30033.9,32259.5,10.4,-0.019,151631086,LOCKED
15336,2553.181,-12748753275455,8931,68001,-29959.5,31960.0,10.5,-0.021,151707998,LOCKED
15337,2554.181,-12748753290788,20296,79366,-29833.0,31295.7,10.8,-0.029,151784265,LOCKED
15338,2555.181,-12748753292516,45878,104948,-29785.4,31808.4,11.2,-0.032,151872769,LOCKED
15339,2556.180,-12748753417070,-46215,12855,-29839.9,32356.6,11.5,-0.035,151841062,LOCKED
15340,2557.180,-12748753375778,24648,83718,-29867.8,32060.0,11.9,-0.038,151970030,LOCKED
15341,2558.181,-12748753391722,36527,95597,-29828.1,32386.4,13.2,-0.047,152047924,LOCKED
15342,2559.181,-12748753514460,-53880,5190,-29861.4,32862.6,13.5,-0.048,152013205,LOCKED
15343,2560.181,-12748753511978,-21713,37357,-29816.5,32362.9,14.0,-0.055,152113404,LOCKED
15344,2561.181,-12748753518734,2433,61503,-29874.0,32009.5,14.3,-0.055,152192493,LOCKED
15345,2562.181,-12748753519261,29181,88251,-29794.8,32180.7,14.5,-0.055,152284290,LOCKED
15346,2563.182,-12748753632407,-52440,6630,-29792.5,32140.5,14.5,-0.053,152263231,LOCKED
15347,2564.181,-12748753631159,-18531,40539,-29902.6,31672.5,14.7,-0.059,152355726,LOCKED
15348,2565.180,-12748753626115,16058,75128,-29911.8,31615.4,14.9,-0.056,152453712,LOCKED
15349,2566.183,-12748753621165,47769,106839,-29836.5,32267.4,15.0,-0.061,152434954,LOCKED
15350,2567.180,-12748753688309,10224,69294,-29841.9,32246.9,14.9,-0.049,152575919,LOCKED
15351,2568.182,-12748753690283,36035,95105,-29800.8,32571.1,14.8,-0.035,152661830,LOCKED
15352,2569.181,-12748753801617,-40836,18234,-29962.0,32302.9,14.8,-0.030,152641892,LOCKED
15353,2570.180,-12748753794571,-2742,56328,-30010.8,32124.4,15.0,-0.033,152741041,LOCKED
15354,2571.181,-12748753785475,34084,93154,-29955.5,32454.3,14.8,-0.012,152843368,LOCKED
15355,2572.183,-12748753891376,-40355,18715,-29962.3,32539.3,14.7,-0.016,152828075,LOCKED
15356,2573.182,-12748753912786,-28147,30923,-30095.2,32118.1,14.7,-0.026,152900109,LOCKED
15357,2574.181,-12748753919898,-4526,54544,-30119.0,32100.5,14.7,-0.022,152980097,LOCKED
15358,2575.183,-12748753931600,11741,70811,-30032.8,31736.4,14.5,-0.004,153063523,LOCKED
15359,2576.182,-12748753948517,21655,80725,-29911.4,31210.8,14.7,-0.011,153139084,LOCKED
15360,2577.181,-12748754022013,-19953,39117,-29975.4,31247.7,14.7,-0.016,153150478,LOCKED
15361,2578.182,-12748754041172,-8864,50206,-29974.1,31243.5,14.9,-0.016,153227017,LOCKED
15362,2579.182,-12748754032296,26827,85897,-29863.4,31067.0,14.8,-0.003,153330268,LOCKED
15363,2580.182,-12748754059254,28730,87800,-29862.0,31080.4,14.5,0.033,153296478,LOCKED
15364,2581.182,-12748754139768,-20300,38770,-29907.9,31192.1,14.1,0.025,153404417,LOCKED
15365,2582.182,-12748754199534,-47641,11429,-29952.3,31711.0,13.9,0.007,153496679,LOCKED
15366,2583.181,-12748754128694,48406,107476,-29799.6,31956.9,13.8,0.005,153595224,LOCKED
15367,2584.183,-12748754242233,-31758,27312,-29922.5,31823.9,13.8,-0.006,153575242,LOCKED
15368,2585.183,-12748754240965,-302,58768,-29935.1,31810.3,13.8,-0.016,153669893,LOCKED
15369,2586.183,-12748754231503,35866,94936,-29836.0,32058.9,13.7,-0.016,153772352,LOCKED
15370,2587.182,-12748754314188,-15227,43843,-29897.0,32015.4,13.3,-0.023,153777939,LOCKED
15371,2588.183,-12748754305592,21651,80721,-29853.7,32147.4,12.9,-0.022,153879424,LOCKED
15372,2589.183,-12748754400319,-41444,17626,-29872.1,32364.3,12.9,-0.020,153877799,LOCKED
15373,2590.182,-12748754384093,6099,65169,-29953.3,31582.2,12.8,-0.025,153980991,LOCKED
15374,2591.183,-12748754387265,31596,90666,-29942.8,31682.2,12.7,-0.028,154069649,LOCKED
15375,2592.182,-12748754401943,43721,102791,-29861.3,32231.5,12.7,-0.032,154034933,LOCKED
15376,2593.182,-12748754510633,-33765,25305,-29871.0,32329.7,12.8,-0.039,154128691,LOCKED
15377,2594.183,-12748754510789,-5364,53706,-29797.4,31692.7,12.7,-0.040,154222259,LOCKED
15378,2595.187,-12748754503948,30019,89089,-29785.7,31796.1,12.5,-0.041,154317135,LOCKED
15379,2596.182,-12748754618474,-51537,7533,-29856.5,32521.6,12.4,-0.041,154296273,LOCKED
15380,2597.182,-12748754588634,6138,65208,-29767.2,31959.7,12.2,-0.036,154415439,LOCKED
15381,2598.182,-12748754589517,34177,93247,-29782.7,31763.4,12.0,-0.031,154506787,LOCKED
15382,2599.182,-12748754608446,42660,101730,-29737.2,32207.3,11.4,-0.026,154467451,LOCKED
15383,2600.183,-12748754706994,-25078,33992,-29748.1,32285.8,11.2,-0.024,154573449,LOCKED
15384,2601.183,-12748754715916,-4677,54393,-29719.5,32165.5,10.5,-0.018,154651726,LOCKED
15385,2602.183,-12748754726239,14215,73285,-29718.4,32170.6,9.7,-0.008,154735305,LOCKED
15386,2603.182,-12748754733925,34727,93797,-29701.4,32335.4,9.7,-0.004,154823222,LOCKED
15387,2604.183,-12748754859639,-58679,0,-29731.8,32826.0,9.4,0.004,154786538,LOCKED
15388,2605.184,-12748754868181,-33715,24964,-29861.3,32693.4,9.1,0.009,154870595,LOCKED
15389,2606.183,-12748754873157,-8357,50322,-29870.5,32710.4,9.1,0.014,154963197,LOCKED
15390,2607.183,-12748754948094,-48974,9705,-30007.8,33141.9,8.7,0.021,154973798,LOCKED
15391,2608.184,-12748754951453,-20473,38206,-30064.7,33218.4,8.6,0.032,155064450,LOCKED
15392,2609.183,-12748754956579,3622,62301,-30029.2,33145.6,8.7,0.032,155150597,LOCKED
15393,2610.183,-12748754960939,25972,84651,-29909.3,32830.7,8.7,0.037,155237917,LOCKED
15394,2611.184,-12748754972072,43368,102047,-29913.7,32767.5,8.7,0.035,155203519,LOCKED
15395,2612.183,-12748755071596,-24165,34514,-29975.6,32896.7,8.5,0.028,155307928,LOCKED
15396,2613.183,-12748755081364,-3814,54865,-29976.3,32897.5,8.5,0.033,155393818,LOCKED
15397,2614.183,-12748755074266,30492,89171,-29891.0,33065.3,8.5,0.031,155489305,LOCKED
15398,2615.185,-12748755114604,17119,75798,-29775.6,32481.1,8.6,0.029,155566095,LOCKED
15399,2616.183,-12748755202561,-36989,21690,-29914.3,32366.0,9.0,0.026,155543064,LOCKED
15400,2617.184,-12748755214238,-18361,40318,-29902.9,32286.0,9.3,0.022,155649215,LOCKED
15401,2618.184,-12748755180995,40543,99222,-29761.9,32301.1,8.5,-0.000,155747834,LOCKED
15402,2619.184,-12748755304969,-48550,10129,-29932.7,32292.2,8.5,-0.006,155715291,LOCKED
15403,2620.184,-12748755309485,-20909,37770,-30007.2,32283.9,8.4,-0.027,155803740,LOCKED
15404,2621.184,-12748755348260,-27728,30951,-30056.8,32502.7,8.6,-0.039,155882824,LOCKED
15405,2622.184,-12748755306646,40155,98834,-29937.5,32738.1,8.6,-0.050,155987312,LOCKED
15406,2623.184,-12748755403602,-23386,35293,-30069.5,32127.3,8.8,-0.053,155979599,LOCKED
15407,2624.184,-12748755391958,17970,76649,-30081.9,32039.9,9.1,-0.031,156083629,LOCKED
15408,2625.184,-12748755387480,48815,107494,-29980.6,32695.7,9.3,-0.015,156184476,LOCKED
15409,2626.184,-12748755403158,57471,116150,-29798.7,33021.6,9.5,-0.004,156145384,LOCKED
15410,2627.184,-12748755465093,23214,81893,-29733.1,33115.7,9.7,0.021,156284896,LOCKED
15411,2628.184,-12748755481494,32710,91389,-29599.0,32879.3,9.8,0.044,156357260,LOCKED
15412,2629.184,-12748755603648,-54828,3851,-29754.3,33398.7,9.7,0.053,156328922,LOCKED
15413,2630.184,-12748755576932,1577,60256,-29753.7,33398.9,9.8,0.060,156448599,LOCKED
15414,2631.184,-12748755584232,21216,79895,-29650.7,33132.6,9.8,0.087,156530531,LOCKED
15415,2632.185,-12748755590566,42814,101493,-29637.5,33295.2,9.8,0.100,156505458,LOCKED
15416,2633.185,-12748755708503,-41594,17085,-29759.6,33555.9,9.9,0.109,156593597,LOCKED
15417,2634.184,-12748755694461,2358,61037,-29770.9,33536.1,10.1,0.093,156698419,LOCKED
15418,2635.185,-12748755688587,35240,93919,-29693.8,33855.0,10.1,0.090,156793710,LOCKED
15419,2636.185,-12748755738535,13232,71911,-29629.6,33753.7,9.6,0.091,156840094,LOCKED
15420,2637.185,-12748755821590,-36967,21712,-29726.6,34033.4,9.7,0.081,156842167,LOCKED
15421,2638.185,-12748755825198,-9795,48884,-29762.1,34030.0,9.2,0.081,156931264,LOCKED
15422,2639.185,-12748755830261,13030,71709,-29691.6,33876.0,9.2,0.079,157019144,LOCKED
15423,2640.185,-12748755842815,27131,85810,-29587.6,33793.6,9.3,0.085,157095143,LOCKED
15424,2641.185,-12748755865946,31920,90599,-29558.8,34005.5,9.3,0.084,157052941,LOCKED
15425,2642.186,-12748755962494,-31268,27411,-29693.6,33704.6,9.3,0.088,157156460,LOCKED
15426,2643.187,-12748755959018,91,58770,-29604.7,32996.4,9.4,0.093,157252377,LOCKED
15427,2644.186,-12748755958724,29033,87712,-29606.0,32983.8,9.3,0.096,157233799,LOCKED
15428,2645.186,-12748756056111,-36230,22449,-29669.5,33348.7,9.2,0.094,157337912,LOCKED
15429,2646.186,-12748756055459,-6787,51892,-29615.0,32962.5,9.3,0.097,157430323,LOCKED
15430,2647.186,-12748756130336,-48237,10442,-29722.0,33562.1,9.2,0.099,157447511,LOCKED
15431,2648.186,-12748756141905,-28892,29787,-29732.5,33647.1,9.2,0.098,157523038,LOCKED
15432,2649.186,-12748756137073,6688,65367,-29793.5,33183.7,9.3,0.101,157622851,LOCKED
15433,2650.186,-12748756139977,31332,90011,-29735.4,33454.5,9.2,0.101,157596826,LOCKED
15434,2651.186,-12748756252307,-48918,9761,-29769.1,33869.0,9.1,0.098,157692058,LOCKED
15435,2652.187,-12748756248651,-15987,42692,-29718.1,33382.1,9.2,0.091,157785534,LOCKED
15436,2653.186,-12748756251755,10980,69659,-29753.8,33143.3,8.7,0.084,157871968,LOCKED
15437,2654.188,-12748756252439,37564,96243,-29694.2,33530.1,8.5,0.079,157965650,LOCKED
15438,2655.186,-12748756368045,-46341,12338,-29715.6,33799.8,8.4,0.075,157939201,LOCKED
15439,2656.188,-12748756400999,-44689,13990,-29881.6,33662.5,8.2,0.070,158012449,LOCKED
15440,2657.187,-12748756439007,-49536,9143,-29960.3,34322.2,8.3,0.072,158050467,LOCKED
15441,2658.186,-12748756466590,-45169,13510,-29982.9,34589.1,8.3,0.071,158145291,LOCKED
15442,2659.187,-12748756423194,24909,83588,-29862.1,34237.0,8.2,0.067,158251086,LOCKED
15443,2660.186,-12748756527334,-45466,13213,-29978.2,34674.9,8.0,0.061,158236892,LOCKED
15444,2661.188,-12748756519466,-7033,51646,-29995.4,34686.0,8.1,0.054,158341649,LOCKED
15445,2662.187,-12748756537958,3631,62310,-29960.1,34617.4,8.1,0.053,158409394,LOCKED
15446,2663.187,-12748756535725,32161,90840,-29833.6,34466.0,8.1,0.052,158506984,LOCKED
15447,2664.188,-12748756632087,-30402,28277,-29978.0,33988.4,8.2,0.051,158496895,LOCKED
15448,2665.187,-12748756638820,-5518,53161,-30049.3,33659.1,8.0,0.044,158582801,LOCKED
15449,2666.188,-12748756635334,26621,85300,-30025.0,33808.2,8.0,0.043,158677533,LOCKED
15450,2667.187,-12748756727426,-31221,27458,-30180.8,33162.5,7.8,0.034,158675498,LOCKED
15451,2668.188,-12748756733966,-5890,52789,-30254.1,32811.7,7.7,0.041,158759486,LOCKED
15452,2669.188,-12748756740496,17124,75803,-30247.7,32842.9,7.7,0.040,158847028,LOCKED
15453,2670.188,-12748756736622,47511,106190,-30143.3,33430.5,8.0,0.040,158942761,LOCKED
15454,2671.187,-12748756754966,54334,113013,-29989.1,33929.5,8.5,0.033,158901578,LOCKED
15455,2672.188,-12748756861526,-19736,38943,-30079.2,33762.7,8.7,0.034,159001797,LOCKED
15456,2673.187,-12748756857078,14304,72983,-30079.1,33763.2,9.4,0.039,159095427,LOCKED
15457,2674.188,-12748756867422,31077,89756,-29985.2,33889.0,9.4,0.039,159177000,LOCKED
15458,2675.188,-12748756977699,-46507,12172,-30040.9,34414.1,9.6,0.043,159160314,LOCKED
15459,2676.188,-12748756980251,-16322,42357,-30146.3,33969.0,9.7,0.029,159246592,LOCKED
15460,2677.188,-12748756957514,35149,93828,-30135.4,34076.9,10.2,0.001,159360965,LOCKED
15461,2678.188,-12748756963050,54740,113419,-29980.3,34577.1,10.2,-0.034,159333361,LOCKED
15462,2679.188,-12748757063405,-12751,45928,-30100.9,33774.3,10.5,-0.068,159435106,LOCKED
15463,2680.188,-12748757066369,14610,73289,-30136.3,33501.2,10.6,-0.070,159527523,LOCKED
15464,2681.188,-12748757053105,55749,114428,-30118.0,33790.1,10.6,-0.071,159631544,LOCKED
15465,2682.188,-12748757180267,-39452,19227,-30142.9,34039.9,10.6,-0.089,159594693,LOCKED
15466,2683.189,-12748757180381,-7436,51243,-30228.2,33591.8,10.8,-0.104,159685831,LOCKED
15467,2684.189,-12748757176925,24624,83303,-30189.4,33756.1,10.7,-0.114,159781014,LOCKED
15468,2685.188,-12748757178661,48529,107208,-30046.6,34102.0,10.5,-0.122,159873931,LOCKED
15469,2686.189,-12748757302439,-43972,14707,-30033.8,33913.2,10.3,-0.129,159838464,LOCKED
15470,2687.189,-12748757265514,20779,79458,-29959.9,33906.3,10.2,-0.124,159969804,LOCKED
15471,2688.189,-12748757273417,38811,97490,-29826.6,33940.3,10.0,-0.128,160059237,LOCKED
15472,2689.189,-12748757380414,-34158,24521,-29976.3,33543.0,10.1,-0.122,160035070,LOCKED
15473,2690.189,-12748757404529,-26481,32198,-30021.4,33735.1,9.9,-0.126,160128608,LOCKED
15474,2691.189,-12748757369498,35311,93990,-29920.0,33936.3,9.7,-0.128,160235725,LOCKED
15475,2692.189,-12748757389796,40379,99058,-29763.3,33727.2,9.5,-0.123,160190997,LOCKED
15476,2693.189,-12748757498510,-34918,23761,-29884.8,33737.7,9.3,-0.125,160295402,LOCKED
15477,2694.189,-12748757474062,17955,76634,-29842.9,33816.1,9.3,-0.120,160404053,LOCKED
15478,2695.189,-12748757461222,55271,113950,-29671.2,34150.4,9.3,-0.122,160393256,LOCKED
15479,2696.190,-12748757592406,-44146,14533,-29700.6,34472.9,9.3,-0.124,160472432,LOCKED
15480,2697.189,-12748757549517,27449,86128,-29697.5,34498.3,9.3,-0.126,160599156,LOCKED
15481,2698.191,-12748757564290,39631,98310,-29628.6,34915.5,9.3,-0.122,160563649,LOCKED
15482,2699.190,-12748757665406,-30637,28042,-29637.5,34990.6,9.3,-0.123,160664779,LOCKED
15483,2700.190,-12748757654126,8167,66846,-29547.2,34509.9,9.1,-0.122,160768146,LOCKED
15484,2701.189,-12748757644872,42145,100824,-29380.3,34231.1,9.2,-0.119,160867166,LOCKED
15485,2702.190,-12748757778179,-57467,1212,-29496.7,35088.5,9.0,-0.118,160827848,LOCKED
15486,2703.190,-12748757789319,-37280,21399,-29524.5,35332.6,9.1,-0.108,160906073,LOCKED
15487,2704.190,-12748757783849,-3849,54830,-29441.2,34641.1,8.9,-0.106,161000519,LOCKED
15488,2705.191,-12748757787991,20493,79172,-29428.3,34706.9,9.0,-0.103,161090061,LOCKED
15489,2706.190,-12748757803903,31239,89918,-29344.2,34891.1,8.8,-0.097,161053423,LOCKED
15490,2707.190,-12748757858598,6389,65068,-29379.4,34715.9,8.6,-0.094,161200875,LOCKED
15491,2708.190,-12748757868361,24658,83337,-29354.3,34848.9,8.6,-0.091,161284472,LOCKED
15492,2709.190,-12748757878229,40472,99151,-29241.1,35128.2,8.5,-0.085,161250922,LOCKED
15493,2710.190,-12748757982851,-34422,24257,-29207.7,34685.2,8.2,-0.080,161350821,LOCKED
15494,2711.191,-12748757987743,-8545,50134,-29270.2,34508.5,8.3,-0.077,161436969,LOCKED
15495,2712.191,-12748757981859,24759,83438,-29220.5,34668.4,8.5,-0.083,161531154,LOCKED
15496,2713.191,-12748758013005,20320,78999,-29130.8,34524.8,8.5,-0.081,161481889,LOCKED
15497,2714.190,-12748758118188,-54180,4499,-29116.8,34275.6,8.5,-0.079,161578432,LOCKED
15498,2715.190,-12748758123900,-28043,30636,-29204.4,34357.8,8.5,-0.077,161660108,LOCKED
15499,2716.190,-12748758124428,1532,60211,-29251.2,34144.3,8.6,-0.074,161750622,LOCKED
15500,2717.190,-12748758189701,-30952,27727,-29373.6,33994.8,8.3,-0.065,161775386,LOCKED
15501,2718.190,-12748758199909,-9657,49022,-29462.2,33564.0,8.3,-0.063,161857022,LOCKED
15502,2719.191,-12748758208855,9193,67872,-29395.6,33358.9,8.0,-0.052,161941696,LOCKED
15503,2720.190,-12748758211009,35520,94199,-29409.8,33181.2,8.0,-0.047,162029640,LOCKED
15504,2721.190,-12748758333931,-53951,4728,-29518.6,33962.5,8.2,-0.050,161996978,LOCKED
15505,2722.191,-12748758317988,-7951,50728,-29531.8,33979.6,8.4,-0.044,162106682,LOCKED
15506,2723.191,-12748758332769,5293,63972,-29466.5,33709.4,9.1,-0.034,162183079,LOCKED
15507,2724.191,-12748758340685,26183,83650,-29477.7,33606.9,9.1,-0.028,162152008,LOCKED
15508,2725.192,-12748758445016,-45134,12333,-29576.4,34127.8,9.0,-0.020,162253821,LOCKED
15509,2726.192,-12748758463212,-32211,25256,-29598.6,34304.4,9.1,-0.006,162350894,LOCKED
15510,2727.191,-12748758508617,-43470,13997,-29749.7,34321.3,9.1,0.021,162370017,LOCKED
15511,2728.191,-12748758525362,-27682,29785,-29840.4,34371.7,9.0,0.028,162445820,LOCKED
15512,2729.191,-12748758538534,-10184,47283,-29864.3,34396.4,9.1,0.021,162527289,LOCKED
15513,2730.191,-12748758578886,-20319,37148,-29847.8,34269.8,9.1,0.018,162605639,LOCKED
15514,2731.191,-12748758548285,36101,93568,-29709.8,34132.3,9.0,0.015,162697316,LOCKED
15515,2732.191,-12748758662993,-44717,12750,-29840.8,34427.8,9.0,0.011,162671584,LOCKED
15516,2733.192,-12748758662349,-13327,44140,-29863.2,34475.2,9.0,0.005,162764347,LOCKED
15517,2734.192,-12748758659256,17697,75164,-29797.6,34455.4,8.8,0.018,162861551,LOCKED
15518,2735.192,-12748758668196,38008,95475,-29834.1,33912.4,8.9,0.027,162830605,LOCKED
15519,2736.192,-12748758770124,-30728,26739,-29948.0,33849.9,8.9,0.024,162933164,LOCKED
15520,2737.191,-12748758749837,17741,75208,-29890.7,33874.8,8.7,0.024,163045265,LOCKED
15521,2738.191,-12748758759434,34195,91662,-29758.9,33735.8,9.0,0.011,163124877,LOCKED
15522,2739.192,-12748758879170,-51303,6164,-29893.7,34272.4,8.8,0.020,163096330,LOCKED
15523,2740.192,-12748758880327,-21024,36443,-29934.5,34389.8,8.8,0.018,163186544,LOCKED
15524,2741.194,-12748758894619,-6368,51099,-29875.4,33967.6,8.9,0.024,163262987,LOCKED
15525,2742.193,-12748758892735,25563,83030,-29926.4,33328.0,9.0,0.030,163359167,LOCKED
15526,2743.193,-12748758903252,42972,100439,-29899.7,33624.6,9.0,0.020,163440021,LOCKED
15527,2744.192,-12748759018243,-39554,17913,-29959.9,34043.6,9.0,0.025,163412940,LOCKED
15528,2745.193,-12748759017532,-9385,48082,-29919.5,33782.2,9.0,0.023,163503068,LOCKED
15529,2746.194,-12748759030484,9074,66541,-30008.0,32823.4,9.1,0.021,163588467,LOCKED
15530,2747.192,-12748759014395,51464,108931,-29911.5,33555.6,9.0,0.019,163579387,LOCKED
15531,2748.192,-12748759152140,-53626,3841,-29957.1,34130.6,9.0,0.018,163648258,LOCKED
15532,2749.193,-12748759148486,-17068,40399,-30073.5,33545.9,9.0,0.022,163742287,LOCKED
15533,2750.192,-12748759153641,8922,66389,-30141.1,32943.6,9.0,0.025,163830278,LOCKED
15534,2751.192,-12748759160535,29586,87053,-30063.4,33127.3,9.0,0.023,163914093,LOCKED
15535,2752.192,-12748759269656,-47141,10326,-30099.4,33546.4,9.0,0.028,163897725,LOCKED
15536,2753.192,-12748759289778,-33019,24448,-30248.2,33103.9,9.0,0.026,163968896,LOCKED
15537,2754.192,-12748759301322,-13319,44148,-30275.0,33152.3,9.0,0.027,164049818,LOCKED
15538,2755.193,-12748759322452,-5254,52213,-30213.1,32699.4,9.0,0.029,164123601,LOCKED
15539,2756.192,-12748759341763,7207,64674,-30301.8,31759.1,9.0,0.027,164201523,LOCKED
15540,2757.193,-12748759338404,37821,95288,-30215.0,32132.8,9.1,0.029,164180112,LOCKED
15541,2758.193,-12748759448239,-40056,17411,-30234.0,32347.0,9.0,0.031,164276648,LOCKED
15542,2759.193,-12748759441195,-1229,56238,-30308.0,31864.1,9.0,0.029,164370768,LOCKED
15543,2760.193,-12748759445713,23041,80508,-30271.7,32015.8,9.1,0.030,164457835,LOCKED
15544,2761.193,-12748759450832,43798,101265,-30128.6,32155.3,9.0,0.033,164545061,LOCKED
15545,2762.192,-12748759491385,33242,90709,-30177.5,31391.4,9.1,0.033,164509487,LOCKED
15546,2763.193,-12748759572332,-14883,42584,-30282.8,30852.8,8.7,0.043,164604261,LOCKED
15547,2764.193,-12748759618502,-28333,29134,-30355.4,31040.9,8.7,0.042,164686088,LOCKED
15548,2765.193,-12748759571854,45132,102599,-30256.6,31603.5,8.6,0.047,164792272,LOCKED
15549,2766.193,-12748759682356,-33762,23705,-30266.8,31708.1,8.5,0.053,164773726,LOCKED
15550,2767.193,-12748759661073,16489,73956,-30230.4,31781.8,8.5,0.053,164887703,LOCKED
15551,2768.194,-12748759655844,47717,105184,-30101.9,32248.7,8.5,0.059,164870930,LOCKED
15552,2769.193,-12748759773539,-38927,18540,-30083.6,31985.3,8.3,0.066,164958996,LOCKED
15553,2770.193,-12748759762948,2406,59873,-30120.0,31831.8,8.4,0.066,165060708,LOCKED
15554,2771.194,-12748759763639,29747,87214,-30067.0,32087.1,8.4,0.074,165150622,LOCKED
15555,2772.194,-12748759875389,-49811,7656,-30088.4,32392.8,8.2,0.066,165130985,LOCKED
15556,2773.195,-12748759870913,-15500,41967,-30050.1,32062.2,8.2,0.066,165225994,LOCKED
15557,2774.194,-12748759876279,9777,67244,-30095.6,31720.8,8.2,0.076,165313485,LOCKED
15558,2775.194,-12748759886170,28482,85949,-30069.3,31903.2,8.2,0.077,165396149,LOCKED
15559,2776.194,-12748759897110,43977,101444,-29963.9,32383.3,8.0,0.091,165365862,LOCKED
15560,2777.193,-12748759977610,-5583,51884,-30002.6,32314.8,8.0,0.094,165489372,LOCKED
15561,2778.194,-12748759983799,16979,74446,-29969.3,32395.8,8.1,0.093,165573557,LOCKED
15562,2779.194,-12748759985746,41284,98751,-29855.3,32719.0,8.1,0.098,165664199,LOCKED
15563,2780.193,-12748760105468,-47242,10225,-29842.5,32508.5,8.2,0.085,165637341,LOCKED
15564,2781.194,-12748760099208,-9201,48266,-29922.5,32154.5,8.1,0.076,165732478,LOCKED
15565,2782.194,-12748760101473,17036,74503,-29881.1,32225.2,8.0,0.066,165821578,LOCKED
15566,2783.194,-12748760108029,36978,94445,-29776.3,32467.3,7.3,0.024,165904148,LOCKED
15567,2784.194,-12748760231366,-54487,2980,-29788.5,32668.5,7.5,0.060,165872394,LOCKED
15568,2785.194,-12748760226531,-17717,39750,-29864.6,32571.1,7.5,0.064,165967064,LOCKED
15569,2786.195,-12748760220067,17949,75416,-29861.9,32586.1,7.6,0.063,166067065,LOCKED
15570,2787.194,-12748760305361,-33964,23503,-29978.3,32614.5,7.6,0.064,166072055,LOCKED
15571,2788.194,-12748760303748,-1463,56004,-30020.7,32469.3,7.7,0.057,166166671,LOCKED
15572,2789.195,-12748760287513,42129,99596,-29959.9,32953.8,7.3,0.063,166276333,LOCKED
15573,2790.194,-12748760402260,-39321,18146,-30058.4,33304.9,7.2,0.067,166250801,LOCKED
15574,2791.195,-12748760410170,-17430,40037,-30016.8,32916.6,7.2,0.068,166332142,LOCKED
15575,2792.195,-12748760404128,18792,76259,-30056.1,32537.0,7.3,0.062,166431489,LOCKED
15576,2793.195,-12748760400460,49526,106993,-29991.6,33179.7,7.3,0.055,166527691,LOCKED
15577,2794.195,-12748760508378,-27261,30206,-30002.2,33260.9,7.7,0.042,166510389,LOCKED
15578,2795.195,-12748760513511,-3663,53804,-29933.6,32753.2,7.7,0.037,166596303,LOCKED
15579,2796.195,-12748760528830,11118,68585,-29960.3,32592.0,7.8,0.033,166673511,LOCKED
15580,2797.195,-12748760613318,-41335,16132,-29993.4,32931.0,7.8,0.029,166683028,LOCKED
15581,2798.195,-12748760606708,-5855,51612,-29928.4,32420.4,7.5,0.031,166777169,LOCKED
15582,2799.195,-12748760653671,-19932,37535,-30040.7,31977.5,7.5,0.028,166850411,LOCKED
15583,2800.195,-12748760709407,-42027,15440,-30147.6,32380.3,7.5,0.025,166957295,LOCKED
15584,2801.195,-12748760721801,-22497,34970,-30197.5,32514.0,7.5,0.028,166940026,LOCKED
15585,2802.195,-12748760711337,16153,73620,-30125.5,32411.8,7.5,0.031,167040888,LOCKED
15586,2803.195,-12748760695643,56381,113848,-29944.5,32690.9,7.1,0.030,167148137,LOCKED
15587,2804.196,-12748760808125,-23357,34110,-30043.2,32538.3,7.1,0.033,167124220,LOCKED
15588,2805.196,-12748760784267,28735,86202,-30002.2,32763.5,7.1,0.030,167245177,LOCKED
15589,2806.196,-12748760787979,51034,108501,-29891.0,33446.2,7.4,0.034,167330934,LOCKED
15590,2807.196,-12748760864707,1889,59356,-29780.6,32403.4,7.4,0.034,167344282,LOCKED
15591,2808.195,-12748760870062,26023,83490,-29809.7,32078.1,7.7,0.037,167433659,LOCKED
15592,2809.196,-12748760885758,37899,95366,-29762.8,32452.9,7.9,0.042,167394129,LOCKED
15593,2810.195,-12748760978536,-23950,33517,-29780.2,32559.9,7.9,0.045,167503973,LOCKED
15594,2811.196,-12748760986036,-2795,54672,-29720.2,32171.7,8.1,0.046,167587133,LOCKED
15595,2812.196,-12748760977953,34062,91529,-29730.5,32047.6,8.4,0.051,167689356,LOCKED
15596,2813.196,-12748760999898,40188,97655,-29715.9,32219.8,8.3,0.049,167644598,LOCKED
15597,2814.196,-12748761101262,-28932,28535,-29792.0,32398.9,8.5,0.049,167747923,LOCKED
15598,2815.196,-12748761083790,17402,74869,-29775.2,32467.4,8.5,0.052,167856239,LOCKED
15599,2816.196,-12748761101730,27246,84713,-29722.7,32675.5,8.7,0.050,167936683,LOCKED
15600,2817.196,-12748761187607,-28260,29207,-29707.5,32515.6,8.9,0.054,167939104,LOCKED
15601,2818.196,-12748761188196,2191,59658,-29776.7,32021.7,8.8,0.050,168028133,LOCKED
15602,2819.196,-12748761185517,32648,90115,-29732.8,32310.5,9.0,0.047,168119040,LOCKED
15603,2820.196,-12748761296892,-46416,11051,-29782.3,32826.5,9.1,0.050,168100466,LOCKED
15604,2821.196,-12748761298558,-18526,38941,-29740.2,32413.1,9.1,0.045,168191005,LOCKED
15605,2822.197,-12748761304279,4004,61471,-29673.6,32087.7,9.3,0.048,168273635,LOCKED
15606,2823.196,-12748761309218,27363,84830,-29651.6,32239.6,9.2,0.050,168358937,LOCKED
15607,2824.196,-12748761331646,33383,90850,-29648.1,32277.0,9.4,0.043,168318420,LOCKED
15608,2825.197,-12748761435090,-39250,18217,-29639.8,32165.3,9.5,0.035,168418789,LOCKED
15609,2826.197,-12748761434028,-6817,50650,-29713.6,31820.3,9.6,0.035,168509839,LOCKED
15610,2827.197,-12748761409923,43511,100978,-29614.5,32315.8,10.1,0.022,168515063,LOCKED
15611,2828.198,-12748761519518,-35776,21691,-29589.0,31956.1,10.6,0.018,168613639,LOCKED
15612,2829.197,-12748761530032,-14430,43037,-29676.6,31650.1,10.6,0.003,168696984,LOCKED
15613,2830.197,-12748761606784,-57564,0,-29774.5,32600.3,10.9,0.038,168801139,LOCKED
15614,2831.197,-12748761615348,-34952,22612,-29785.1,32709.6,11.2,0.067,168786723,LOCKED
15615,2832.197,-12748761616870,-4511,53053,-29884.7,31934.7,11.1,0.063,168880013,LOCKED
15616,2833.198,-12748761610726,30194,87758,-29869.9,32061.1,11.3,0.073,168972164,LOCKED
15617,2834.198,-12748761626969,40894,98458,-29794.2,32536.9,11.4,0.096,168939193,LOCKED
15618,2835.198,-12748761720555,-22204,35360,-29791.3,32515.6,11.4,0.089,169049639,LOCKED
15619,2836.197,-12748761727867,-1194,56370,-29717.0,31973.6,11.5,0.094,169135568,LOCKED
15620,2837.197,-12748761726928,27687,85251,-29675.9,32188.7,11.5,0.084,169113399,LOCKED
15621,2838.197,-12748761830527,-43894,13670,-29717.9,32623.8,11.5,0.092,169214000,LOCKED
15622,2839.200,-12748761829249,-13643,43921,-29658.5,32032.5,11.6,0.108,169305052,LOCKED
15623,2840.197,-12748761834976,10943,68507,-29708.9,31610.3,11.4,0.124,169391216,LOCKED
15624,2841.198,-12748761834130,39003,96567,-29651.3,32040.2,11.4,0.125,169483793,LOCKED
15625,2842.198,-12748761968447,-62134,0,-29721.2,32994.6,11.5,0.136,169441167,LOCKED
15626,2843.198,-12748761968225,-31589,30545,-29698.2,32713.1,11.2,0.137,169530542,LOCKED
15627,2844.198,-12748761966545,1367,63501,-29778.1,32087.1,11.3,0.144,169626941,LOCKED
15628,2845.198,-12748761967445,28796,90930,-29754.8,32255.7,11.6,0.159,169715851,LOCKED
15629,2846.198,-12748762073788,-45372,16762,-29798.2,32719.0,11.6,0.165,169698718,LOCKED
15630,2847.198,-12748762027115,30244,92378,-29806.6,32630.8,11.7,0.171,169837246,LOCKED
15631,2848.198,-12748762047396,37350,99484,-29749.8,33015.7,11.4,0.175,169797098,LOCKED
15632,2849.198,-12748762144769,-29705,32429,-29728.2,32768.6,11.4,0.173,169904500,LOCKED
15633,2850.199,-12748762144509,1637,63771,-29797.5,32289.2,11.4,0.177,169994601,LOCKED
15634,2851.198,-12748762142081,32396,94530,-29779.5,32449.3,11.4,0.180,170089471,LOCKED
15635,2852.198,-12748762246367,-39817,22317,-29825.8,32846.6,11.1,0.181,170072184,LOCKED
15636,2853.198,-12748762236929,-2063,60071,-29748.2,32238.7,10.8,0.177,170173127,LOCKED
15637,2854.198,-12748762233245,30284,92418,-29745.3,32266.2,10.0,0.170,170268622,LOCKED
15638,2855.199,-12748762244759,45526,107660,-29674.2,32846.2,9.6,0.166,170237083,LOCKED
15639,2856.199,-12748762350905,-29290,32844,-29706.8,33054.4,9.2,0.160,170335839,LOCKED
15640,2857.200,-12748762316628,33918,96052,-29725.2,32824.5,8.8,0.158,170460262,LOCKED
15641,2858.200,-12748762444403,-59630,2504,-29847.2,33781.6,8.8,0.158,170423763,LOCKED
15642,2859.199,-12748762448117,-30323,31811,-29952.7,33788.8,8.3,0.152,170513328,LOCKED
15643,2860.200,-12748762447445,2243,64377,-30051.9,32832.5,7.9,0.148,170606285,LOCKED
15644,2861.199,-12748762431708,46414,108548,-30049.7,32864.4,7.8,0.146,170710584,LOCKED
15645,2862.199,-12748762560694,-48902,13232,-30146.3,33518.2,7.7,0.142,170679105,LOCKED
15646,2863.199,-12748762558862,-17074,45060,-30110.4,33209.7,7.6,0.140,170771140,LOCKED
15647,2864.199,-12748762592182,-17536,44598,-30216.3,32782.5,7.5,0.137,170856622,LOCKED
15648,2865.199,-12748762648200,-40773,21361,-30274.4,33230.7,6.9,0.128,170842291,LOCKED
15649,2866.200,-12748762668884,-30264,31870,-30269.2,33177.9,7.3,0.126,170934829,LOCKED
15650,2867.199,-12748762613222,52446,114580,-30198.2,33894.7,7.1,0.121,171083944,LOCKED
15651,2868.199,-12748762721933,-24835,37299,-30217.3,34009.7,7.2,0.121,171062841,LOCKED
15652,2869.199,-12748762711479,13856,75990,-30143.0,33840.8,7.5,0.120,171167966,LOCKED
15653,2870.199,-12748762706427,46916,109050,-30116.3,34166.2,7.3,0.114,171262005,LOCKED
15654,2871.199,-12748762826171,-39616,22518,-30202.5,34562.8,7.4,0.115,171236274,LOCKED
15655,2872.199,-12748762819465,-3420,58714,-30161.7,34375.9,7.6,0.116,171333181,LOCKED
15656,2873.199,-12748762844628,256,62390,-30097.1,34014.6,7.5,0.109,171396657,LOCKED
15657,2874.199,-12748762844172,29875,92009,-30101.0,33977.1,7.5,0.110,171493398,LOCKED
15658,2875.200,-12748762849321,50786,112920,-29986.9,34615.5,7.7,0.104,171582217,LOCKED
15659,2876.199,-12748762886013,40242,102376,-29865.2,34820.0,7.9,0.107,171521898,LOCKED
15660,2877.202,-12748762951529,5073,67207,-29897.3,34681.5,8.1,0.111,171660423,LOCKED
15661,2878.199,-12748762960305,24342,86476,-29846.8,34833.4,8.7,0.107,171743538,LOCKED
15662,2879.200,-12748762975413,35267,97401,-29718.1,34777.0,8.9,0.113,171707635,LOCKED
15663,2880.199,-12748763072165,-28382,33752,-29837.2,34574.7,9.5,0.123,171812451,LOCKED
15664,2881.199,-12748763081113,-6499,55635,-29875.2,34524.5,9.6,0.119,171897232,LOCKED
15665,2882.200,-12748763085860,17161,79295,-29831.7,34587.3,10.0,0.085,171980989,LOCKED
15666,2883.200,-12748763094550,34687,96821,-29711.7,34604.7,10.2,0.043,171953948,LOCKED
15667,2884.200,-12748763195092,-35280,26854,-29695.3,34405.7,10.5,0.020,172054142,LOCKED
15668,2885.200,-12748763185658,4509,66643,-29735.3,34210.8,10.5,0.014,172152711,LOCKED
15669,2886.200,-12748763180778,36522,98656,-29668.2,34567.6,10.6,-0.006,172249818,LOCKED
15670,2887.200,-12748763297895,-49514,12620,-29655.1,34355.6,10.6,0.007,172222028,LOCKED
15671,2888.200,-12748763303821,-23415,38719,-29732.6,34386.8,10.5,0.022,172308615,LOCKED
15672,2889.200,-12748763300203,9418,71552,-29722.9,34406.6,10.6,0.004,172403435,LOCKED
15673,2890.200,-12748763298139,40219,102353,-29741.5,34147.2,10.5,-0.000,172499256,LOCKED
15674,2891.200,-12748763421659,-49019,13115,-29883.0,34522.0,10.4,-0.004,172466596,LOCKED
15675,2892.200,-12748763422804,-18718,43416,-29928.7,34601.1,10.5,-0.016,172559727,LOCKED
15676,2893.201,-12748763425737,6821,68955,-29868.4,34410.5,10.5,-0.007,172643170,LOCKED
15677,2894.204,-12748763410842,46785,108919,-29710.4,34493.3,10.4,-0.009,172749775,LOCKED
15678,2895.201,-12748763546762,-55033,7101,-29834.6,35228.0,10.4,-0.008,172704779,LOCKED
15679,2896.200,-12748763545624,-22616,39518,-29867.9,35358.2,10.4,-0.001,172801541,LOCKED
15680,2897.201,-12748763544125,7053,69187,-29796.2,35070.8,10.4,-0.001,172914746,LOCKED
15681,2898.200,-12748763637096,-51229,10905,-29951.5,35393.0,10.4,-0.001,172892393,LOCKED
15682,2899.202,-12748763638034,-20420,41714,-30005.7,35472.7,10.3,-0.001,172981702,LOCKED
15683,2900.200,-12748763650372,-2984,59150,-29989.4,35435.7,10.2,-0.001,173066434,LOCKED
15684,2901.200,-12748763723322,-44419,17715,-29990.3,35447.9,10.3,-0.007,173169696,LOCKED
15685,2902.201,-12748763762722,-48363,13771,-30178.5,35150.5,10.2,-0.006,173131653,LOCKED
15686,2903.201,-12748763786796,-38364,23770,-30306.1,35226.1,10.3,-0.011,173219851,LOCKED
15687,2904.201,-12748763752760,24494,86628,-30273.9,35372.9,10.2,-0.009,173326202,LOCKED
15688,2905.201,-12748763745900,56832,118966,-30132.8,36062.3,9.6,-0.006,173426835,LOCKED
15689,2906.201,-12748763854178,-18297,43837,-30250.6,35532.9,9.6,-0.008,173409524,LOCKED
15690,2907.201,-12748763815692,46360,108494,-30127.3,35939.1,9.4,-0.005,173427350,LOCKED
15691,2908.201,-12748763922462,-29552,32582,-30114.0,35808.9,9.2,-0.002,173525705,LOCKED
15692,2909.201,-12748763923643,374,62508,-30163.4,35597.9,9.3,-0.004,173615080,LOCKED
15693,2910.201,-12748763917791,34028,96162,-30104.0,35896.6,9.1,-0.000,173713393,LOCKED
15694,2911.202,-12748763927310,49941,112075,-29957.5,36245.5,9.0,0.001,173792826,LOCKED
15695,2912.201,-12748763942834,61409,123543,-29914.0,36858.7,8.8,0.005,173756646,LOCKED
15696,2913.202,-12748764040222,-5750,56384,-29919.9,36865.6,8.8,0.007,173862461,LOCKED
15697,2914.204,-12748764046139,15867,78001,-29829.1,36604.3,8.8,0.009,173947366,LOCKED
15698,2915.202,-12748764052241,35108,97242,-29667.0,36083.1,8.9,0.008,174029509,LOCKED
15699,2916.202,-12748764171813,-50770,11364,-29780.4,36687.3,8.9,0.010,174004023,LOCKED
15700,2917.201,-12748764148159,912,63046,-29695.7,36119.1,8.7,0.014,174118729,LOCKED
15701,2918.202,-12748764152694,25957,88091,-29733.3,35715.8,8.4,0.021,174208200,LOCKED
15702,2919.202,-12748764169393,37246,99380,-29709.6,35928.0,8.4,0.024,174169020,LOCKED
15703,2920.202,-12748764286723,-47309,14825,-29781.4,36487.7,8.4,0.033,174260416,LOCKED
15704,2921.202,-12748764273671,-5872,56262,-29703.0,35843.7,8.3,0.042,174361090,LOCKED
15705,2922.202,-12748764281760,16231,78365,-29754.1,35378.9,8.3,0.045,174448378,LOCKED
15706,2923.202,-12748764280921,44325,106459,-29705.1,35818.4,8.2,0.055,174537788,LOCKED
15707,2924.202,-12748764387636,-29909,32225,-29791.7,35950.2,7.9,0.066,174517414,LOCKED
15708,2925.202,-12748764391013,-1661,60473,-29879.1,35350.5,7.9,0.071,174603636,LOCKED
15709,2926.202,-12748764396939,22256,84390,-29914.5,35009.1,8.1,0.067,174691128,LOCKED
15710,2927.202,-12748764486432,-36263,25871,-29906.1,34912.1,8.1,0.071,174693942,LOCKED
15711,2928.204,-12748764498175,-15715,46419,-29997.2,34629.6,8.1,0.078,174773276,LOCKED
15712,2929.203,-12748764485159,25485,87619,-29950.5,34801.8,8.1,0.074,174880142,LOCKED
15713,2930.202,-12748764487110,48768,110902,-29799.9,35065.5,8.1,0.082,174962846,LOCKED
15714,2931.202,-12748764619203,-48428,13706,-29969.8,35064.1,8.0,0.089,174923573,LOCKED
15715,2932.203,-12748764616751,-14402,47732,-30024.7,35043.4,8.4,0.091,175019822,LOCKED
15716,2933.202,-12748764617713,14165,76299,-30023.9,35046.6,8.5,0.076,175113143,LOCKED
15717,2934.202,-12748764610028,47958,110092,-29911.3,35577.8,8.5,0.083,175210040,LOCKED
15718,2935.203,-12748764730308,-41117,21017,-29906.4,35516.4,8.6,0.062,175181883,LOCKED
15719,2936.203,-12748764758864,-38470,23664,-29906.0,35511.8,8.8,0.042,175250681,LOCKED
15720,2937.202,-12748764753603,-3236,58898,-29903.9,35509.4,8.7,0.038,175361014,LOCKED
15721,2938.203,-12748764826594,-44168,17966,-29936.2,35842.5,8.5,0.004,175459072,LOCKED
15722,2939.202,-12748764842958,-29966,32168,-29917.3,35645.2,8.4,-0.003,175430779,LOCKED
15723,2940.203,-12748764841314,2302,64436,-29955.8,35493.6,7.9,-0.043,175526135,LOCKED
15724,2941.203,-12748764841178,30450,92584,-29911.0,35727.5,7.8,-0.058,175617689,LOCKED
15725,2942.203,-12748764849509,47946,110080,-29790.1,36203.6,7.8,-0.049,175590036,LOCKED
15726,2943.203,-12748764937835,-11411,50723,-29730.7,35711.1,7.7,-0.053,175704357,LOCKED
15727,2944.203,-12748764925004,29884,92018,-29718.3,35807.5,7.7,-0.047,175812204,LOCKED
15728,2945.204,-12748765038692,-51097,11037,-29780.1,36410.0,7.7,-0.043,175787887,LOCKED
15729,2946.203,-12748765021834,-5829,56305,-29703.0,35785.4,7.6,-0.038,175891975,LOCKED
15730,2947.203,-12748764998261,45507,107641,-29683.4,36014.0,7.9,-0.027,175898289,LOCKED
15731,2948.203,-12748765093480,-18347,43787,-29735.5,36067.0,7.9,-0.025,176004484,LOCKED
15732,2949.204,-12748765084437,18419,80553,-29667.2,36045.9,7.8,-0.022,176107718,LOCKED
15733,2950.204,-12748765084799,42809,104943,-29496.9,35757.9,7.8,-0.020,176200091,LOCKED
15734,2951.204,-12748765206489,-45027,17107,-29636.1,35975.5,7.8,-0.019,176166740,LOCKED
15735,2952.204,-12748765209427,-16808,45326,-29682.9,36022.9,7.8,-0.024,176253676,LOCKED
15736,2953.204,-12748765209183,11746,73880,-29634.9,35996.0,7.6,-0.021,176343634,LOCKED
15737,2954.204,-12748765208107,37641,99775,-29460.9,35380.9,7.7,-0.025,176324952,LOCKED
15738,2955.204,-12748765305639,-27144,34990,-29577.2,35171.7,7.7,-0.023,176430546,LOCKED
15739,2956.204,-12748765303515,4667,66801,-29590.4,35138.5,7.5,-0.020,176522684,LOCKED
15740,2957.204,-12748765394038,-53215,8919,-29651.7,35788.4,7.5,-0.018,176525191,LOCKED
15741,2958.204,-12748765396599,-22901,39233,-29772.1,35382.6,7.7,-0.013,176614530,LOCKED
15742,2959.204,-12748765396870,6867,69001,-29796.6,35281.0,7.7,-0.011,176706107,LOCKED
15743,2960.203,-12748765388055,42676,104810,-29729.9,35748.3,7.7,-0.010,176694750,LOCKED
15744,2961.205,-12748765493409,-29250,32884,-29863.0,35405.8,7.6,-0.011,176790577,LOCKED
15745,2962.205,-12748765504899,-8154,51476,-29983.4,34457.9,7.7,-0.013,176871289,LOCKED
15746,2963.204,-12748765492706,33779,93409,-30027.7,33823.7,7.6,-0.015,176972422,LOCKED
15747,2964.204,-12748765494394,58009,117639,-29922.3,34727.8,7.6,-0.014,176952746,LOCKED
15748,2965.205,-12748765592348,-10740,48890,-29869.1,34307.7,7.6,-0.013,177060015,LOCKED
15749,2966.205,-12748765578254,32224,91854,-29873.7,34260.3,7.6,-0.018,177166078,LOCKED
15750,2967.204,-12748765678227,-36487,23143,-29881.2,34338.8,7.6,-0.017,177156469,LOCKED
15751,2968.204,-12748765679766,-6158,53472,-29968.6,33832.3,7.6,-0.016,177246951,LOCKED
15752,2969.205,-12748765706904,-2505,57125,-30004.9,33743.8,7.7,-0.018,177337877,LOCKED
15753,2970.206,-12748765772124,-35811,23819,-30039.1,34020.3,8.0,-0.016,177314301,LOCKED
15754,2971.205,-12748765790782,-24065,35565,-30016.9,33811.6,7.9,-0.022,177414560,LOCKED
15755,2972.205,-12748765777736,16000,75630,-29896.1,33111.4,7.9,-0.021,177517839,LOCKED
15756,2973.205,-12748765778900,42168,101798,-29840.3,33573.5,8.1,-0.020,177494014,LOCKED
15757,2974.205,-12748765875632,-23594,36036,-29856.6,33669.7,8.3,-0.020,177597802,LOCKED
15758,2975.205,-12748765851182,27440,87070,-29741.4,33474.4,8.1,-0.026,177717180,LOCKED
15759,2976.206,-12748765871418,36140,95770,-29762.0,33200.3,8.3,-0.027,177674905,LOCKED
15760,2977.205,-12748765907987,27311,86941,-29708.1,33403.5,8.2,-0.035,177841146,LOCKED
15761,2978.209,-12748765917935,43016,102646,-29580.4,33667.7,8.3,-0.034,177812697,LOCKED
15762,2979.208,-12748766016056,-25408,34222,-29543.7,33254.5,8.3,-0.035,177921526,LOCKED
15763,2980.205,-12748766007108,13538,73168,-29588.6,32878.1,8.3,-0.023,178023018,LOCKED
15764,2981.205,-12748766017628,30444,90074,-29533.1,33136.6,8.2,-0.009,178104540,LOCKED
15765,2982.207,-12748766143990,-62863,0,-29601.5,34064.7,8.7,-0.003,178066955,LOCKED
15766,2983.206,-12748766146102,-34864,27999,-29568.4,33609.6,8.5,0.016,178155840,LOCKED
15767,2984.206,-12748766156653,-14118,48745,-29629.9,33544.0,8.6,0.023,178237303,LOCKED
15768,2985.206,-12748766158767,12414,75277,-29602.2,33583.2,8.6,0.011,178326872,LOCKED
15769,2986.206,-12748766173873,24237,87100,-29511.1,33533.6,8.5,0.017,178290348,LOCKED
15770,2987.206,-12748766251972,-21785,41078,-29601.0,33425.0,8.4,0.026,178415788,LOCKED
15771,2988.206,-12748766245331,13998,76861,-29601.8,33421.5,8.5,0.005,178512189,LOCKED
15772,2989.207,-12748766263675,22691,85554,-29513.5,33352.3,8.5,-0.000,178472631,LOCKED
15773,2990.205,-12748766371417,-53858,9005,-29506.3,33225.2,8.8,-0.036,178569863,LOCKED
15774,2991.206,-12748766356157,-7083,55780,-29593.2,32733.9,8.8,-0.041,178675688,LOCKED
15775,2992.206,-12748766370673,7930,70793,-29603.3,32698.9,8.2,-0.088,178754190,LOCKED
15776,2993.206,-12748766387614,18777,81640,-29545.3,32740.7,8.4,-0.102,178716250,LOCKED
15777,2994.206,-12748766490322,-52622,10241,-29544.3,32723.8,8.3,-0.105,178816084,LOCKED
15778,2995.207,-12748766497870,-27444,35419,-29655.1,32576.1,8.3,-0.106,178901158,LOCKED
15779,2996.206,-12748766508791,-6874,55989,-29733.9,32176.4,8.3,-0.096,178983708,LOCKED
15780,2997.206,-12748766491052,38159,101022,-29677.5,32580.8,8.4,-0.089,178975125,LOCKED
15781,2998.206,-12748766596237,-33308,29555,-29820.7,32231.2,8.4,-0.090,179074329,LOCKED
15782,2999.206,-12748766567421,24996,87859,-29846.0,31963.6,8.4,-0.085,179196114,LOCKED
15783,3000.206,-12748766686317,-59561,3302,-29967.7,32944.1,8.4,-0.079,179168713,LOCKED
15784,3001.207,-12748766687471,-29331,33532,-29988.5,33098.9,8.4,-0.081,179258378,LOCKED
15785,3002.207,-12748766687787,-991,61872,-29921.3,32665.8,8.5,-0.077,179345691,LOCKED
15786,3003.207,-12748766700919,15317,78180,-29923.1,32656.2,8.5,-0.073,179428887,LOCKED
15787,3004.207,-12748766748653,-3190,59673,-29883.6,32471.1,8.5,-0.075,179507546,LOCKED
15788,3005.210,-12748766821181,-40976,21887,-30054.2,32043.1,8.5,-0.072,179492643,LOCKED
15789,3006.207,-12748766867072,-52624,10239,-30172.5,32768.5,8.5,-0.068,179569947,LOCKED
15790,3007.207,-12748766895780,-49033,13830,-30195.3,33078.6,8.3,-0.068,179697788,LOCKED
15791,3008.207,-12748766922115,-41294,21569,-30317.3,33330.4,8.6,-0.060,179668464,LOCKED
15792,3009.207,-12748766935040,-22603,40260,-30343.5,33455.2,8.7,-0.057,179747668,LOCKED
15793,3010.207,-12748766981188,-37156,25707,-30343.1,33450.7,8.7,-0.055,179830542,LOCKED
15794,3011.207,-12748766939170,34673,97536,-30374.7,33013.8,8.7,-0.052,179927890,LOCKED
15795,3012.207,-12748767048692,-40660,22203,-30494.5,33260.4,8.7,-0.052,179908459,LOCKED
15796,3013.208,-12748767039462,-863,62000,-30496.6,33260.6,8.7,-0.049,180012419,LOCKED
15797,3014.207,-12748767020188,44687,107550,-30363.5,33543.3,8.7,-0.050,180123251,LOCKED
15798,3015.207,-12748767134106,-35266,27597,-30481.9,33599.8,8.7,-0.048,180101948,LOCKED
15799,3016.207,-12748767126227,2997,65860,-30482.0,33599.7,8.9,-0.043,180202586,LOCKED
15800,3017.207,-12748767207128,-42230,20633,-30667.0,32985.5,9.0,-0.041,180212617,LOCKED
15801,3018.208,-12748767210264,-12375,50488,-30760.7,32554.3,8.8,-0.036,180301475,LOCKED
15802,3019.208,-12748767211581,16421,79284,-30756.2,32576.3,8.8,-0.034,180392962,LOCKED
15803,3020.207,-12748767216703,38476,101339,-30644.3,32812.8,8.8,-0.032,180482217,LOCKED
15804,3021.208,-12748767220681,62448,125311,-30615.9,33304.1,8.8,-0.030,180566743,LOCKED
15805,3022.208,-12748767246967,63372,126235,-30554.1,34185.6,9.0,-0.032,180522134,LOCKED
15806,3023.209,-12748767372720,-30255,32608,-30580.9,34371.7,9.0,-0.031,180599516,LOCKED
15807,3024.208,-12748767374692,-2999,59864,-30509.4,33855.7,9.0,-0.029,180689184,LOCKED
15808,3025.208,-12748767375794,25381,88244,-30501.2,33914.3,9.0,-0.027,180782217,LOCKED
15809,3026.208,-12748767380516,47055,109918,-30377.7,34365.0,9.1,-0.032,180871448,LOCKED
15810,3027.208,-12748767472417,-12096,50767,-30474.2,33906.4,9.1,-0.031,180868971,LOCKED
15811,3028.208,-12748767481188,9563,72426,-30488.0,33848.7,9.2,-0.030,180952403,LOCKED
15812,3029.208,-12748767493706,26241,89104,-30468.2,33975.2,9.0,-0.021,181034355,LOCKED
15813,3030.208,-12748767485608,62253,125116,-30446.4,34351.8,8.8,-0.010,181132474,LOCKED
15814,3031.208,-12748767613778,-31856,31007,-30571.0,34210.3,8.7,-0.017,181100308,LOCKED
15815,3032.208,-12748767612095,356,63219,-30569.5,34210.2,8.9,-0.017,181190355,LOCKED
15816,3033.209,-12748767601611,37718,100581,-30450.9,34351.7,8.9,-0.007,181295671,LOCKED
15817,3034.208,-12748767612533,54621,117484,-30412.8,34858.1,9.1,-0.019,181263437,LOCKED
15818,3035.208,-12748767716047,-17999,44864,-30406.5,34820.2,9.1,-0.018,181362392,LOCKED
15819,3036.208,-12748767708023,18015,80878,-30317.7,34623.3,8.9,0.004,181462314,LOCKED
15820,3037.209,-12748767790263,-32680,30183,-30323.6,34678.9,8.9,0.012,181473417,LOCKED
15821,3038.210,-12748767797460,-10617,52246,-30253.5,34023.0,8.9,-0.009,181561789,LOCKED
15822,3039.208,-12748767785236,30261,93124,-30225.3,34216.2,8.9,-0.002,181660902,LOCKED
15823,3040.209,-12748767791560,49804,112667,-30094.0,34711.4,8.8,-0.023,181744896,LOCKED
15824,3041.209,-12748767913704,-41106,21757,-30081.6,34542.9,8.8,-0.030,181713261,LOCKED
15825,3042.209,-12748767916855,-11713,51150,-30183.1,34005.5,8.2,-0.057,181801828,LOCKED
15826,3043.210,-12748767924965,10412,73275,-30203.0,33906.3,8.0,-0.072,181888123,LOCKED
15827,3044.209,-12748767969567,-3620,59243,-30215.1,33907.0,8.1,-0.077,181971012,LOCKED
15828,3045.211,-12748768020003,-23107,39756,-30212.6,33889.1,8.0,-0.069,181947462,LOCKED
15829,3046.209,-12748768058003,-30234,32629,-30194.7,33691.4,7.9,-0.061,182030309,LOCKED
15830,3047.209,-12748768026926,29209,92072,-30153.4,33915.3,8.0,-0.057,182153940,LOCKED
15831,3048.209,-12748768077895,6789,69652,-30085.9,33652.7,7.9,-0.052,182129248,LOCKED
15832,3049.209,-12748768155401,-39521,23342,-30074.6,33502.0,7.8,-0.048,182212194,LOCKED
15833,3050.209,-12748768147178,-146,62717,-30127.3,33254.4,7.3,-0.053,182308994,LOCKED
15834,3051.209,-12748768137091,37018,99881,-30039.0,33583.2,7.1,-0.050,182410280,LOCKED
15835,3052.209,-12748768155398,44542,107405,-29906.3,33860.7,7.0,-0.048,182372685,LOCKED
15836,3053.209,-12748768258771,-28639,34224,-29872.6,33458.0,6.3,-0.047,182476187,LOCKED
15837,3054.210,-12748768251641,8575,71438,-29897.4,33336.4,6.1,-0.046,182575587,LOCKED
15838,3055.213,-12748768244998,42235,105098,-29826.1,33825.5,6.0,-0.051,182672417,LOCKED
15839,3056.210,-12748768256726,55787,118650,-29695.5,34570.3,6.0,-0.051,182642951,LOCKED
15840,3057.210,-12748768327219,11700,74563,-29553.2,33297.8,6.2,-0.055,182776365,LOCKED
15841,3058.210,-12748768328991,36946,99809,-29490.1,33673.4,6.0,-0.056,182868261,LOCKED
15842,3059.210,-12748768449530,-52538,10325,-29479.5,33488.5,6.1,-0.060,182837077,LOCKED
15843,3060.210,-12748768437399,-9263,53600,-29545.9,33286.0,6.1,-0.059,182942147,LOCKED
15844,3061.210,-12748768437958,18526,81389,-29517.9,33379.2,5.9,-0.060,183033208,LOCKED
15845,3062.210,-12748768553908,-64395,0,-29583.2,34308.2,6.0,-0.064,183008407,LOCKED
15846,3063.209,-12748768545192,-25838,38557,-29552.8,33984.9,6.0,-0.064,183106124,LOCKED
15847,3064.210,-12748768543944,3737,68132,-29498.8,33789.1,5.8,-0.066,183198572,LOCKED
15848,3065.210,-12748768544838,30703,95098,-29469.4,33992.8,5.9,-0.069,183290508,LOCKED
15849,3066.210,-12748768661602,-51904,12491,-29613.4,34472.4,5.9,-0.069,183265129,LOCKED
15850,3067.210,-12748768622467,16858,81253,-29642.1,34251.6,5.8,-0.075,183398047,LOCKED
15851,3068.210,-12748768634838,32965,97360,-29639.9,34274.1,5.7,-0.072,183472549,LOCKED
15852,3069.210,-12748768756385,-54576,9819,-29763.6,34998.9,5.8,-0.074,183446005,LOCKED
15853,3070.210,-12748768759466,-24899,39496,-29869.4,34831.1,6.0,-0.076,183532057,LOCKED
15854,3071.212,-12748768767448,-3919,60476,-29818.2,34543.9,6.0,-0.077,183616106,LOCKED
15855,3072.210,-12748768759683,32956,97351,-29838.3,34305.9,6.2,-0.076,183718138,LOCKED
15856,3073.212,-12748768868995,-43250,21145,-29926.9,34791.0,6.2,-0.077,183699081,LOCKED
15857,3074.210,-12748768865931,-10921,53474,-29876.2,34399.1,6.4,-0.076,183794551,LOCKED
15858,3075.211,-12748768880634,5369,69764,-29940.0,33935.6,6.4,-0.078,183871614,LOCKED
15859,3076.211,-12748768894571,20205,84600,-29916.3,34034.3,6.5,-0.073,183949434,LOCKED
15860,3077.210,-12748768984317,-35134,29261,-30078.6,33471.0,6.5,-0.074,183953220,LOCKED
15861,3078.211,-12748769001467,-19571,44824,-30175.5,33224.1,6.5,-0.076,184027902,LOCKED
15862,3079.211,-12748769000336,11307,75702,-30173.3,33231.6,6.6,-0.077,184120782,LOCKED
15863,3080.210,-12748768997893,40577,104972,-30076.4,33626.0,6.6,-0.079,184216645,LOCKED
15864,3081.211,-12748769123656,-52969,11426,-30093.4,33880.7,6.8,-0.080,184180393,LOCKED
15865,3082.211,-12748769130988,-29851,34544,-30061.2,33488.3,6.7,-0.073,184264608,LOCKED
15866,3083.211,-12748769147555,-13787,50608,-30164.6,32974.5,6.7,-0.075,184337286,LOCKED
15867,3084.211,-12748769141417,21740,86135,-30162.6,32987.6,6.8,-0.075,184436557,LOCKED
15868,3085.210,-12748769178805,13311,77706,-30125.7,33020.2,6.8,-0.078,184524609,LOCKED
15869,3086.211,-12748769260124,-36558,27837,-30129.8,33067.0,6.7,-0.068,184504567,LOCKED
15870,3087.211,-12748769268680,-13126,51269,-30199.3,32918.8,6.8,-0.067,184623271,LOCKED
15871,3088.211,-12748769244147,39147,103542,-30143.6,33330.1,6.9,-0.057,184591198,LOCKED
15872,3089.211,-12748769350506,-35029,29366,-30185.6,33634.0,6.9,-0.049,184690052,LOCKED
15873,3090.211,-12748769367500,-22048,42347,-30138.4,33107.0,7.0,-0.059,184772572,LOCKED
15874,3091.211,-12748769342240,32732,97127,-30162.6,32802.0,7.0,-0.053,184878168,LOCKED
15875,3092.212,-12748769457548,-48448,15947,-30276.8,33378.2,6.9,-0.046,184857303,LOCKED
15876,3093.212,-12748769452692,-13155,51240,-30262.8,33302.2,6.8,-0.023,184953885,LOCKED
15877,3094.212,-12748769444976,21826,86221,-30151.8,32955.5,6.6,-0.012,185055504,LOCKED
15878,3095.214,-12748769450564,44313,108708,-30123.5,33280.9,6.6,-0.003,185027513,LOCKED
15879,3096.211,-12748769527472,-2629,61766,-30111.3,33257.4,6.6,-0.000,185156383,LOCKED
15880,3097.212,-12748769503175,49811,114206,-30097.6,33455.9,6.7,-0.010,185159883,LOCKED
15881,3098.212,-12748769618347,-32295,32100,-30189.7,33630.1,6.6,-0.005,185249362,LOCKED
15882,3099.212,-12748769610022,5161,69556,-30146.3,33531.7,6.6,-0.002,185350294,LOCKED
15883,3100.212,-12748769613980,27811,92206,-30018.6,33185.9,6.6,-0.008,185438361,LOCKED
15884,3101.212,-12748769729089,-52121,12274,-30185.4,33425.8,6.6,-0.006,185417683,LOCKED
15885,3102.212,-12748769726424,-17324,47071,-30252.3,33388.9,6.7,-0.012,185508562,LOCKED
15886,3103.212,-12748769734360,4693,69088,-30245.4,33394.9,6.8,-0.017,185593490,LOCKED
15887,3104.212,-12748769727114,39941,104336,-30201.6,33771.2,6.5,-0.022,185692607,LOCKED
15888,3105.212,-12748769753012,42529,106924,-30188.2,33933.1,6.9,-0.033,185648267,LOCKED
15889,3106.212,-12748769857904,-28631,35764,-30314.7,33638.9,7.0,-0.036,185745033,LOCKED
15890,3107.212,-12748769825514,31399,95794,-30235.5,33856.4,7.3,-0.045,185760265,LOCKED
15891,3108.213,-12748769934885,-44470,19925,-30322.1,34384.4,7.3,-0.042,185854884,LOCKED
15892,3109.213,-12748769935814,-12297,52098,-30438.3,33635.2,7.3,-0.044,185947231,LOCKED
15893,3110.212,-12748769931794,21371,85766,-30435.0,33656.0,7.3,-0.042,186042007,LOCKED
15894,3111.226,-12748769941905,38303,102698,-30332.1,33942.6,7.3,-0.039,186125778,LOCKED
15895,3112.213,-12748770060968,-48322,16073,-30355.1,34238.7,7.4,-0.040,186098874,LOCKED
15896,3113.212,-12748770077559,-31075,33320,-30474.5,34128.4,7.4,-0.037,186171648,LOCKED
15897,3114.212,-12748770077694,-583,63812,-30481.1,34125.8,7.4,-0.038,186265255,LOCKED
15898,3115.214,-12748770067823,36059,100454,-30358.7,34169.7,7.4,-0.038,186366056,LOCKED
15899,3116.214,-12748770096386,33527,97922,-30201.8,33622.7,7.4,-0.035,186437531,LOCKED
15900,3117.212,-12748770162941,-3336,61059,-30171.2,33507.0,7.4,-0.038,186454373,LOCKED
15901,3118.213,-12748770177645,9659,74054,-30065.7,32823.5,7.4,-0.036,186532222,LOCKED
15902,3119.212,-12748770185416,31079,95474,-30074.5,32728.7,7.4,-0.039,186615747,LOCKED
15903,3120.212,-12748770202724,40837,105232,-29994.6,33189.0,7.4,-0.037,186691930,LOCKED
15904,3121.213,-12748770225879,43379,107774,-29855.6,33352.9,7.4,-0.037,186651607,LOCKED
15905,3122.213,-12748770334360,-31417,32978,-29991.5,33036.1,7.4,-0.038,186743344,LOCKED
15906,3123.214,-12748770373707,-37729,26666,-30078.3,33392.9,7.7,-0.034,186825277,LOCKED
15907,3124.214,-12748770335410,28073,92468,-29998.5,33526.5,7.7,-0.033,186924417,LOCKED
15908,3125.213,-12748770441781,-46783,17612,-29995.1,33475.2,7.7,-0.036,186908143,LOCKED
15909,3126.213,-12748770438912,-11804,52591,-30079.5,33148.8,7.7,-0.035,187002679,LOCKED
15910,3127.213,-12748770418414,35254,99649,-29965.1,33244.8,8.0,-0.038,187124117,LOCKED
15911,3128.214,-12748770543370,-57549,6846,-29976.8,33444.5,8.0,-0.037,187088864,LOCKED
15912,3129.214,-12748770541364,-22597,41798,-30085.2,33160.5,8.0,-0.041,187179864,LOCKED
15913,3130.214,-12748770527247,20724,85119,-30076.4,33211.2,7.9,-0.047,187286110,LOCKED
15914,3131.213,-12748770529217,45455,109850,-29986.2,33770.1,7.9,-0.045,187375092,LOCKED
15915,3132.214,-12748770645939,-40123,24272,-29976.2,33636.5,7.7,-0.036,187347574,LOCKED
15916,3133.214,-12748770631297,5262,69657,-30022.7,33366.2,7.7,-0.034,187452256,LOCKED
15917,3134.214,-12748770639251,25577,89972,-29979.1,33546.4,7.5,-0.022,187537011,LOCKED
15918,3135.213,-12748770649537,41812,106207,-29878.7,33958.9,7.5,-0.018,187507126,LOCKED
15919,3136.214,-12748770731513,-10748,53647,-29838.1,33676.5,7.4,-0.026,187624622,LOCKED
15920,3137.214,-12748770713574,35421,99816,-29818.0,33861.8,7.5,-0.021,187624879,LOCKED
15921,3138.213,-12748770832969,-50243,14152,-29926.7,34505.5,7.5,-0.017,187708842,LOCKED
15922,3139.215,-12748770823529,-10726,53669,-29916.2,34461.6,7.5,-0.016,187810631,LOCKED
15923,3140.213,-12748770824479,15392,79787,-29801.8,33854.6,7.5,-0.019,187900848,LOCKED
15924,3141.214,-12748770832575,36088,100483,-29812.3,33726.6,7.4,-0.035,187870970,LOCKED
15925,3142.214,-12748770951677,-49034,15361,-29935.5,34256.3,7.4,-0.037,187952291,LOCKED
15926,3143.214,-12748770962430,-27540,36855,-30003.3,34426.8,7.5,-0.024,188032277,LOCKED
15927,3144.214,-12748770964925,-805,63590,-29963.9,34281.5,7.4,-0.040,188124964,LOCKED
15928,3145.214,-12748770968281,23543,87938,-29892.0,34348.7,7.5,-0.028,188209822,LOCKED
15929,3146.215,-12748770980217,39865,104260,-29878.1,34501.3,7.8,-0.042,188291174,LOCKED
15930,3147.214,-12748771077173,-25063,39332,-29942.1,34634.1,7.7,-0.049,188288817,LOCKED
15931,3148.215,-12748771078729,1727,66122,-29866.5,34176.0,7.8,-0.042,188378274,LOCKED
15932,3149.214,-12748771078895,30457,94852,-29869.5,34147.0,7.7,-0.047,188472649,LOCKED
15933,3150.214,-12748771199831,-55987,8408,-30003.5,34872.8,7.8,-0.039,188441644,LOCKED
15934,3151.215,-12748771203183,-28475,35920,-29998.4,34826.5,7.8,-0.033,188527311,LOCKED
15935,3152.217,-12748771190088,15426,79821,-30063.8,34146.3,7.8,-0.036,188633892,LOCKED
15936,3153.215,-12748771190005,43308,107703,-30024.6,34532.2,7.8,-0.032,188729479,LOCKED
15937,3154.215,-12748771307552,-41903,22492,-30068.4,34922.7,7.8,-0.027,188697593,LOCKED
15938,3155.215,-12748771301898,-7147,57248,-30009.0,34488.6,7.8,-0.030,188797184,LOCKED
15939,3156.216,-12748771340687,-14783,49612,-30040.6,34544.1,8.1,-0.019,188867274,LOCKED
15940,3157.216,-12748771389273,-32839,31556,-30009.9,34153.6,8.1,-0.016,188894898,LOCKED
15941,3158.215,-12748771406093,-17288,47107,-30097.2,33948.5,8.1,-0.013,188969310,LOCKED
15942,3159.215,-12748771409746,8460,72855,-30077.1,33965.4,8.1,-0.010,189061120,LOCKED
15943,3160.216,-12748771451896,-4368,60027,-30032.7,33730.6,8.1,-0.008,189132318,LOCKED
15944,3161.215,-12748771509862,-28418,35977,-30176.3,33164.6,8.1,-0.005,189120349,LOCKED
15945,3162.215,-12748771537412,-23268,41127,-30261.6,33136.0,8.4,0.001,189209163,LOCKED
15946,3163.215,-12748771529959,13695,78090,-30247.5,33179.3,8.6,0.006,189307084,LOCKED
15947,3164.215,-12748771517049,52091,116486,-30100.2,33646.6,8.5,0.006,189412656,LOCKED
15948,3165.218,-12748771629857,-29967,34428,-30082.2,33448.8,8.4,0.007,189392049,LOCKED
15949,3166.217,-12748771628756,2233,66628,-30135.9,33151.2,8.3,0.006,189484839,LOCKED
15950,3167.215,-12748771605614,50986,115381,-29998.3,33660.6,8.1,0.006,189487765,LOCKED
15951,3168.217,-12748771723164,-32582,31813,-30139.9,33313.5,8.1,0.007,189572725,LOCKED
15952,3169.216,-12748771707313,13320,77715,-30157.8,33209.8,8.2,0.008,189677561,LOCKED
15953,3170.215,-12748771705640,41897,106292,-30067.6,33668.8,8.2,0.009,189777039,LOCKED
15954,3171.215,-12748771823197,-43683,20712,-30088.7,33916.2,8.4,0.013,189749590,LOCKED
15955,3172.216,-12748771839460,-26026,38369,-30233.7,33219.6,8.3,0.010,189826644,LOCKED
15956,3173.216,-12748771848239,-2677,61718,-30322.4,32578.2,8.3,0.011,189907727,LOCKED
15957,3174.215,-12748771862145,13551,77946,-30335.8,32503.4,8.2,0.008,189986724,LOCKED
15958,3175.216,-12748771868518,34473,98868,-30243.7,32747.0,8.3,0.007,190070305,LOCKED
15959,3176.217,-12748771903271,27274,91669,-30156.9,32817.3,8.3,0.008,190134436,LOCKED
15960,3177.216,-12748771976964,-14817,49578,-30203.3,32840.8,8.2,0.004,190144643,LOCKED
15961,3178.217,-12748771977725,13591,77986,-30175.0,32890.9,8.2,0.005,190239480,LOCKED
15962,3179.217,-12748771982826,35298,99693,-30068.3,33056.4,8.2,-0.001,190323724,LOCKED
15963,3180.216,-12748771991927,51228,115623,-29905.9,33310.0,8.2,-0.000,190295881,LOCKED
15964,3181.216,-12748772093118,-20514,43881,-29849.3,32647.4,8.2,-0.007,190399836,LOCKED
15965,3182.217,-12748772088998,13342,70891,-29866.0,32550.0,8.2,-0.006,190492039,LOCKED
15966,3183.216,-12748772093938,36895,94444,-29859.9,32618.4,8.2,0.002,190578419,LOCKED
15967,3184.217,-12748772192234,-30613,26936,-29854.6,32562.5,8.1,-0.006,190575119,LOCKED
15968,3185.216,-12748772203214,-9589,47960,-29944.3,32095.6,8.2,-0.004,190654944,LOCKED
15969,3186.217,-12748772203942,18751,76300,-29932.4,32155.2,8.3,-0.016,190744581,LOCKED
15970,3187.218,-12748772295833,-41674,15875,-29938.4,32233.2,8.1,-0.005,190746868,LOCKED
15971,3188.217,-12748772299824,-12851,44698,-30058.4,31385.8,8.1,-0.013,190832341,LOCKED
15972,3189.216,-12748772306912,10389,67938,-30089.0,31189.3,8.1,-0.013,190917728,LOCKED
15973,3190.217,-12748772299836,43968,101517,-29985.9,31692.0,8.2,-0.009,191014915,LOCKED
15974,3191.217,-12748772420428,-45119,12430,-29985.4,31684.1,8.3,-0.025,190985582,LOCKED
15975,3192.218,-12748772415930,-8619,48930,-30070.2,31242.4,8.4,-0.037,191084899,LOCKED
15976,3193.217,-12748772410680,24903,82452,-30023.3,31423.8,8.4,-0.049,191182466,LOCKED
15977,3194.217,-12748772425382,36776,94325,-29915.0,31637.2,8.5,-0.059,191145262,LOCKED
15978,3195.217,-12748772518340,-26146,31403,-29877.4,31171.7,8.3,-0.086,191249017,LOCKED
15979,3196.218,-12748772561098,-36420,21129,-29944.9,31560.3,8.2,-0.097,191323029,LOCKED
15980,3197.216,-12748772618949,-61622,0,-29975.1,32090.4,8.0,-0.144,191339313,LOCKED
15981,3198.216,-12748772623897,-32742,28880,-30110.0,31836.7,7.9,-0.162,191422497,LOCKED
15982,3199.217,-12748772624852,-3059,58563,-30130.9,31816.7,7.9,-0.163,191510307,LOCKED
15983,3200.217,-12748772669038,-16654,44968,-30125.8,31785.8,8.0,-0.149,191586541,LOCKED
15984,3201.217,-12748772728757,-44653,16969,-30129.7,31842.9,7.9,-0.149,191691129,LOCKED
15985,3202.217,-12748772748066,-30125,31497,-30261.8,31511.7,8.0,-0.138,191664085,LOCKED
15986,3203.217,-12748772772592,-21805,39817,-30352.6,31388.3,8.0,-0.140,191751993,LOCKED
15987,3204.217,-12748772728788,49112,110734,-30275.1,32082.0,8.0,-0.132,191870572,LOCKED
15988,3205.219,-12748772817320,-9330,52292,-30250.4,31949.5,8.0,-0.126,191873624,LOCKED
15989,3206.218,-12748772806614,28137,89759,-30125.7,31643.0,7.6,-0.120,191976031,LOCKED
15990,3207.218,-12748772884953,-18110,43512,-30192.3,31623.9,7.7,-0.115,191986666,LOCKED
15991,3208.217,-12748772878938,16695,78317,-30151.1,31691.7,7.7,-0.111,192087235,LOCKED
15992,3209.218,-12748772867468,53263,114885,-29991.4,32098.3,7.6,-0.108,192187511,LOCKED
15993,3210.217,-12748772978370,-24230,37392,-30119.1,31584.5,7.7,-0.111,192171648,LOCKED
15994,3211.218,-12748772966350,17613,79235,-30133.9,31476.5,7.7,-0.108,192275064,LOCKED
15995,3212.218,-12748772964858,45505,107127,-30026.1,32003.9,7.6,-0.112,192368318,LOCKED
15996,3213.220,-12748773080374,-39012,22610,-30008.9,31754.9,7.7,-0.109,192342282,LOCKED
15997,3214.218,-12748773074141,-1366,60256,-30075.7,31361.5,7.7,-0.111,192440777,LOCKED
15998,3215.219,-12748773073086,27949,89571,-30033.0,31586.6,7.6,-0.111,192535552,LOCKED
15999,3216.218,-12748773073165,54524,116146,-29957.7,32404.5,7.5,-0.111,192514539,LOCKED
16000,3217.218,-12748773136883,20383,82005,-29973.0,32281.8,7.5,-0.109,192655579,LOCKED
16001,3218.218,-12748773138682,45974,107596,-29922.6,32796.5,7.9,-0.115,192740790,LOCKED
16002,3219.218,-12748773251561,-34893,26729,-29967.2,33112.1,7.9,-0.117,192724392,LOCKED
16003,3220.218,-12748773253528,-6335,55287,-29984.0,33120.2,8.0,-0.118,192811437,LOCKED
16004,3221.219,-12748773262630,14658,76280,-30014.0,32899.1,8.0,-0.119,192895274,LOCKED
16005,3222.219,-12748773254012,50856,112478,-29979.1,33352.4,7.9,-0.117,192995452,LOCKED
16006,3223.218,-12748773382117,-44401,17221,-30046.1,33882.7,7.7,-0.114,192959331,LOCKED
16007,3224.220,-12748773377643,-10836,50786,-29981.1,33283.8,7.8,-0.113,193055297,LOCKED
16008,3225.218,-12748773366599,29290,90912,-29985.7,33239.0,7.6,-0.109,193154394,LOCKED
16009,3226.219,-12748773378715,44161,105783,-29911.8,33774.5,7.6,-0.108,193236322,LOCKED
16010,3227.218,-12748773454620,-3462,58160,-29825.9,33017.9,7.5,-0.103,193248547,LOCKED
16011,3228.219,-12748773457183,23311,84933,-29840.7,32888.1,7.5,-0.102,193338162,LOCKED
16012,3229.219,-12748773466879,40210,101832,-29748.1,33294.5,7.7,-0.097,193423114,LOCKED
16013,3230.218,-12748773574066,-36352,25270,-29730.6,33065.7,7.7,-0.097,193404922,LOCKED
16014,3231.219,-12748773581581,-11897,49725,-29820.9,32665.7,7.8,-0.090,193485610,LOCKED
16015,3232.219,-12748773573270,25502,87124,-29827.4,32608.5,7.8,-0.089,193587178,LOCKED
16016,3233.219,-12748773583833,42165,103787,-29769.7,33083.4,7.9,-0.087,193666041,LOCKED
16017,3234.219,-12748773708714,-49751,11871,-29843.9,33751.0,7.9,-0.085,193635310,LOCKED
16018,3235.219,-12748773698030,-9612,52010,-29808.8,33535.3,8.1,-0.091,193740021,LOCKED
16019,3236.219,-12748773708773,7958,69580,-29748.5,33360.3,8.2,-0.089,193822328,LOCKED
16020,3237.220,-12748773779616,-30469,31153,-29828.9,33550.8,8.5,-0.085,193842754,LOCKED
16021,3238.220,-12748773793598,-14055,47567,-29833.4,33568.6,8.5,-0.082,193918992,LOCKED
16022,3239.220,-12748773793561,13569,75191,-29745.5,33250.8,8.4,-0.089,194012077,LOCKED
16023,3240.219,-12748773899327,-60398,1224,-29745.8,33256.7,8.5,-0.085,193997709,LOCKED
16024,3241.220,-12748773897621,-26758,34864,-29808.8,33431.3,8.5,-0.064,194091817,LOCKED
16025,3242.219,-12748773898610,1157,62779,-29766.2,33283.6,8.6,-0.074,194181125,LOCKED
16026,3243.219,-12748773927120,602,62224,-29678.2,32594.5,8.4,-0.069,194285598,LOCKED
16027,3244.220,-12748773994414,-34090,27532,-29765.1,32854.0,8.4,-0.075,194277932,LOCKED
16028,3245.220,-12748773964452,23938,85560,-29721.5,33014.2,8.4,-0.094,194390908,LOCKED
16029,3246.220,-12748773980726,33925,95547,-29607.8,33069.2,8.2,-0.070,194351374,LOCKED
16030,3247.220,-12748774035467,9155,70777,-29641.0,32872.7,8.2,-0.073,194502486,LOCKED
16031,3248.220,-12748774143179,-64301,0,-29760.8,34008.3,8.2,-0.078,194484761,LOCKED
16032,3249.220,-12748774131091,-21528,42773,-29770.3,34063.7,8.2,-0.081,194589654,LOCKED
16033,3250.220,-12748774157619,-18873,45428,-29710.0,33385.0,8.2,-0.102,194653962,LOCKED
16034,3251.220,-12748774158977,10015,74316,-29753.0,33081.3,8.5,-0.122,194743111,LOCKED
16035,3252.220,-12748774164321,32264,96565,-29700.6,33368.6,8.6,-0.127,194718949,LOCKED
16036,3253.220,-12748774267868,-39997,24304,-29711.9,33499.0,8.6,-0.132,194820953,LOCKED
16037,3254.220,-12748774260015,-3924,60377,-29632.0,32822.3,8.6,-0.126,194918798,LOCKED
16038,3255.223,-12748774256510,27665,91966,-29601.9,33005.6,8.7,-0.122,194900538,LOCKED
16039,3256.220,-12748774364404,-46554,17747,-29724.7,33454.5,8.7,-0.126,194997935,LOCKED
16040,3257.220,-12748774328738,19440,83741,-29786.7,32721.4,8.6,-0.121,195125301,LOCKED
16041,3258.219,-12748774444040,-60674,3627,-29951.2,33441.4,8.6,-0.125,195100171,LOCKED
16042,3259.220,-12748774451797,-35691,28610,-30028.9,33770.5,8.7,-0.122,195185810,LOCKED
16043,3260.219,-12748774444732,2133,66434,-30068.4,33605.6,8.6,-0.125,195282325,LOCKED
16044,3261.220,-12748774453269,23990,88291,-30124.3,32898.0,8.6,-0.122,195358830,LOCKED
16045,3262.221,-12748774482200,25150,89451,-30164.7,32422.3,8.5,-0.124,195429162,LOCKED
16046,3263.220,-12748774489807,46104,110405,-30162.6,32452.0,8.5,-0.122,195509931,LOCKED
16047,3264.220,-12748774612739,-44548,19753,-30192.5,32798.7,8.4,-0.123,195481724,LOCKED
16048,3265.220,-12748774609495,-9373,54928,-30262.4,32561.3,8.3,-0.124,195576288,LOCKED
16049,3266.220,-12748774613829,15211,79512,-30221.6,32608.5,8.1,-0.124,195662307,LOCKED
16050,3267.221,-12748774695137,-32243,32058,-30346.5,32472.4,8.0,-0.120,195675660,LOCKED
16051,3268.222,-12748774706699,-12367,51934,-30379.6,32503.8,7.9,-0.120,195758019,LOCKED
16052,3269.221,-12748774706583,15801,80102,-30291.4,32236.5,7.7,-0.115,195848129,LOCKED
16053,3270.221,-12748774701335,49441,113742,-30280.5,32401.9,7.8,-0.113,195942133,LOCKED
16054,3271.222,-12748774830440,-46102,18199,-30365.0,32999.9,7.6,-0.111,195903960,LOCKED
16055,3272.221,-12748774834833,-19752,44549,-30350.6,32890.5,7.6,-0.110,195995175,LOCKED
16056,3273.222,-12748774822324,23471,87772,-30407.6,32158.3,7.5,-0.107,196099266,LOCKED
16057,3274.221,-12748774817681,55462,119763,-30349.7,32888.2,7.5,-0.106,196191593,LOCKED
16058,3275.221,-12748774840116,58942,123243,-30229.8,33824.0,7.4,-0.103,196153098,LOCKED
16059,3276.221,-12748774948292,-19180,45121,-30189.2,33433.4,7.4,-0.101,196247181,LOCKED
16060,3277.223,-12748774931661,25474,89775,-30125.1,33578.3,7.2,-0.097,196370885,LOCKED
16061,3278.223,-12748775031829,-43040,21261,-30128.6,33623.7,7.1,-0.102,196349198,LOCKED
16062,3279.221,-12748775038554,-17014,47287,-30229.1,33254.4,7.2,-0.102,196434894,LOCKED
16063,3280.221,-12748775051288,966,65267,-30254.6,33187.9,7.2,-0.101,196523408,LOCKED
16064,3281.221,-12748775125831,-40658,23643,-30317.9,33638.3,7.3,-0.100,196627183,LOCKED
16065,3282.222,-12748775144577,-28609,35692,-30293.7,33368.6,7.3,-0.100,196605673,LOCKED
16066,3283.222,-12748775134338,12931,77232,-30364.8,32616.2,7.3,-0.099,196709429,LOCKED
16067,3284.222,-12748775127445,47655,111956,-30319.6,33118.8,7.2,-0.091,196805923,LOCKED
16068,3285.223,-12748775251413,-43657,20644,-30361.7,33539.3,7.2,-0.090,196777722,LOCKED
16069,3286.221,-12748775238940,-2026,62275,-30299.1,33147.4,7.0,-0.081,196879822,LOCKED
16070,3287.221,-12748775217646,46522,110823,-30226.9,33736.2,7.1,-0.079,196880856,LOCKED
16071,3288.222,-12748775322969,-27502,36799,-30233.8,33790.7,6.9,-0.067,196978282,LOCKED
16072,3289.223,-12748775321709,2239,66540,-30151.3,33240.1,6.8,-0.076,197075225,LOCKED
16073,3290.221,-12748775331788,21828,86129,-30164.0,33138.1,6.8,-0.075,197156897,LOCKED
16074,3291.223,-12748775333485,47279,111580,-30094.5,33738.4,6.7,-0.084,197245381,LOCKED
16075,3292.222,-12748775460043,-47050,17251,-30121.0,34063.3,6.8,-0.083,197212123,LOCKED
16076,3293.223,-12748775469373,-26285,38016,-30075.9,33513.3,6.8,-0.083,197289974,LOCKED
16077,3294.222,-12748775469678,4596,68897,-30138.1,33073.8,6.7,-0.046,197386936,LOCKED
16078,3295.225,-12748775481840,21167,85468,-30104.4,33197.5,6.7,-0.041,197462344,LOCKED
16079,3296.222,-12748775514966,16363,80664,-30044.0,33181.1,6.5,-0.009,197526540,LOCKED
16080,3297.222,-12748775597457,-33041,31260,-30138.5,33362.8,6.5,-0.008,197532072,LOCKED
16081,3298.222,-12748775609642,-13862,50439,-30175.7,33400.9,6.8,0.023,197610018,LOCKED
16082,3299.222,-12748775615585,8968,73269,-30121.7,33291.1,6.8,0.039,197693251,LOCKED
16083,3300.222,-12748775614093,39675,103976,-30143.2,32978.1,6.9,0.073,197789076,LOCKED
16084,3301.223,-12748775634193,47228,111529,-30099.5,33459.2,6.9,0.074,197746155,LOCKED
16085,3302.223,-12748775726397,-14140,50161,-30112.1,33501.0,6.8,0.078,197857896,LOCKED
16086,3303.223,-12748775728499,12684,76985,-30074.9,33525.2,6.7,0.080,197948388,LOCKED
16087,3304.223,-12748775719077,49709,114010,-30036.3,33991.3,6.8,0.094,198050483,LOCKED
16088,3305.223,-12748775841596,-41065,23236,-30051.8,34167.1,6.8,0.095,198016538,LOCKED
16089,3306.223,-12748775851944,-21531,42770,-30007.6,33699.2,6.9,0.104,198099135,LOCKED
16090,3307.223,-12748775838629,19558,83859,-29930.3,33639.6,6.8,0.104,198201657,LOCKED
16091,3308.222,-12748775840612,46112,110413,-29938.7,33512.6,6.9,0.112,198291769,LOCKED
16092,3309.223,-12748775960723,-40837,23464,-30029.1,33936.9,7.0,0.119,198264651,LOCKED
16093,3310.223,-12748775958257,-7484,56817,-30058.8,33927.9,7.0,0.126,198358991,LOCKED
16094,3311.223,-12748775961939,17053,81354,-29996.8,33915.7,7.0,0.138,198448528,LOCKED
16095,3312.224,-12748775970466,34523,98824,-29857.6,33691.8,7.0,0.143,198529209,LOCKED
16096,3313.223,-12748776014835,19526,83827,-29866.3,33632.2,6.9,0.140,198488966,LOCKED
16097,3314.224,-12748776090763,-25218,39083,-29889.1,33765.2,7.0,0.144,198595044,LOCKED
16098,3315.223,-12748776134670,-38204,26097,-29876.1,33596.0,7.0,0.143,198685151,LOCKED
16099,3316.223,-12748776084239,40386,104687,-29859.0,33785.6,7.0,0.146,198671642,LOCKED
16100,3317.223,-12748776155955,-2515,61786,-29803.5,33466.5,7.0,0.149,198805169,LOCKED
16101,3318.223,-12748776217476,-30373,33928,-29942.6,33056.6,6.9,0.147,198905562,LOCKED
16102,3319.223,-12748776251841,-31489,32812,-30052.7,33059.7,7.0,0.150,198890333,LOCKED
16103,3320.223,-12748776243164,6686,70987,-30036.6,33070.5,6.9,0.147,198990620,LOCKED
16104,3321.223,-12748776244304,32455,96756,-29936.9,33197.6,7.0,0.150,199085770,LOCKED
16105,3322.224,-12748776363424,-53982,10319,-29982.0,33779.7,6.9,0.147,199058595,LOCKED
16106,3323.224,-12748776362723,-23474,40827,-29934.2,33223.9,7.0,0.150,199148662,LOCKED
16107,3324.223,-12748776361446,8554,72855,-29988.7,32806.2,7.0,0.150,199241073,LOCKED
16108,3325.224,-12748776353372,43880,108181,-29927.2,33321.4,6.9,0.147,199343962,LOCKED
16109,3326.223,-12748776479516,-49525,14776,-29983.0,33908.1,6.9,0.145,199313009,LOCKED
16110,3327.224,-12748776432046,27250,91551,-29995.1,33792.8,7.0,0.148,199447696,LOCKED
16111,3328.224,-12748776435162,51180,115481,-29935.3,34421.8,6.9,0.144,199424915,LOCKED
16112,3329.224,-12748776540335,-22946,41355,-29951.7,34513.4,7.0,0.146,199521941,LOCKED
16113,3330.224,-12748776539250,5935,70236,-29855.6,33878.1,7.0,0.147,199615229,LOCKED
16114,3331.224,-12748776537178,36958,101259,-29872.7,33654.6,6.9,0.144,199709396,LOCKED
16115,3332.224,-12748776561082,40908,105209,-29841.7,33964.4,7.0,0.146,199663167,LOCKED
16116,3333.224,-12748776659023,-26057,38244,-29854.0,34050.5,7.4,0.143,199769463,LOCKED
16117,3334.224,-12748776663766,-2681,61620,-29764.2,33256.6,7.5,0.145,199854262,LOCKED
16118,3335.224,-12748776674487,13136,77437,-29627.4,32117.9,7.5,0.140,199935955,LOCKED
16119,3336.224,-12748776680837,34335,98636,-29582.5,32433.1,7.5,0.141,200021023,LOCKED
16120,3337.224,-12748776770982,-25794,38507,-29560.8,32207.8,7.5,0.135,200018705,LOCKED
16121,3338.224,-12748776785313,-8853,55448,-29630.2,31958.9,7.4,0.128,200095255,LOCKED
16122,3339.224,-12748776791650,13844,78145,-29623.9,31983.8,7.7,0.119,200183593,LOCKED
16123,3340.224,-12748776793566,38637,102938,-29545.0,32399.6,7.8,0.118,200271308,LOCKED
16124,3341.225,-12748776904514,-38759,25542,-29677.4,32442.1,7.8,0.120,200252322,LOCKED
16125,3342.225,-12748776906283,-9152,55149,-29745.7,32212.8,7.8,0.108,200340150,LOCKED
16126,3343.225,-12748776911386,14223,78524,-29707.1,32253.3,7.8,0.110,200427793,LOCKED
16127,3344.224,-12748776912718,38314,102615,-29560.3,32082.1,7.7,0.095,200515818,LOCKED
16128,3345.226,-12748777036861,-51129,13172,-29727.8,32265.4,7.7,0.096,200484688,LOCKED
16129,3346.226,-12748777040630,-23295,41006,-29781.2,32405.6,7.5,0.078,200570672,LOCKED
16130,3347.225,-12748777023498,20662,84963,-29670.3,32008.3,7.5,0.075,200678042,LOCKED
16131,3348.225,-12748777034087,38138,102439,-29654.9,32178.6,7.4,0.041,200758224,LOCKED
16132,3349.226,-12748777160419,-54762,9539,-29749.4,33026.5,7.4,0.038,200720403,LOCKED
16133,3350.224,-12748777160358,-23951,40350,-29758.6,33089.4,7.8,0.006,200814251,LOCKED
16134,3351.226,-12748777167337,-2668,61633,-29680.6,32465.7,7.4,-0.030,200893859,LOCKED
16135,3352.225,-12748777258415,-58348,5953,-29864.5,32815.8,7.3,-0.051,200897281,LOCKED
16136,3353.225,-12748777274143,-40293,24008,-29990.1,32996.0,7.2,-0.075,200973675,LOCKED
16137,3354.225,-12748777276317,-11491,52810,-30019.4,33025.2,7.2,-0.063,201059897,LOCKED
16138,3355.226,-12748777322440,-26195,38106,-30044.5,33177.3,7.2,-0.065,201136456,LOCKED
16139,3356.225,-12748777308040,16775,81076,-30000.0,33234.6,7.6,-0.045,201215891,LOCKED
16140,3357.226,-12748777377306,-19608,44693,-30109.1,32834.5,7.9,-0.027,201238827,LOCKED
16141,3358.225,-12748777365692,21623,85924,-30121.0,32739.4,7.9,-0.033,201339552,LOCKED
16142,3359.226,-12748777367071,47270,111571,-30047.6,33354.7,7.9,-0.028,201317536,LOCKED
16143,3360.226,-12748777461806,-17199,47102,-30029.6,33228.1,7.9,-0.024,201425465,LOCKED
16144,3361.226,-12748777434336,36391,100692,-29898.0,33180.6,8.1,-0.013,201542249,LOCKED
16145,3362.226,-12748777439387,57911,122212,-29830.9,33995.2,8.1,-0.010,201519698,LOCKED
16146,3363.225,-12748777532344,-5169,59132,-29824.6,33981.6,8.2,-0.001,201633648,LOCKED
16147,3364.226,-12748777517304,35499,99800,-29677.4,33685.3,8.4,0.007,201740995,LOCKED
16148,3365.227,-12748777620230,-33969,30332,-29806.7,33568.3,8.4,0.008,201728439,LOCKED
16149,3366.226,-12748777627538,-9916,54385,-29866.6,33433.2,8.6,0.015,201810597,LOCKED
16150,3367.226,-12748777609035,35391,99692,-29775.0,33699.1,8.5,0.015,201806563,LOCKED
16151,3368.226,-12748777713399,-38219,22455,-29759.4,33491.4,8.5,0.016,201907053,LOCKED
16152,3369.226,-12748777705377,969,61643,-29830.2,33017.6,8.5,0.017,202003926,LOCKED
16153,3370.226,-12748777694887,39001,99675,-29782.7,33400.7,8.5,0.018,201995264,LOCKED
16154,3371.229,-12748777794845,-29639,31035,-29808.8,33582.5,8.3,0.017,202099783,LOCKED
16155,3372.227,-12748777794001,-253,60421,-29746.0,33224.3,8.3,0.018,202190506,LOCKED
16156,3373.228,-12748777789124,31338,92012,-29649.2,33338.1,8.3,0.017,202288753,LOCKED
16157,3374.227,-12748777908282,-53735,6939,-29777.8,34023.4,8.3,0.015,202261813,LOCKED
16158,3375.228,-12748777881823,3573,64247,-29836.4,33653.6,8.3,0.013,202374361,LOCKED
16159,3376.227,-12748777890538,21728,82402,-29726.7,33325.1,8.3,0.014,202459696,LOCKED
16160,3377.226,-12748777974850,-30802,29872,-29776.5,33584.9,8.5,0.018,202467819,LOCKED
16161,3378.227,-12748777969804,4767,65441,-29821.1,33339.2,8.4,0.016,202562633,LOCKED
16162,3379.226,-12748777962337,40545,101219,-29814.4,33420.9,8.6,0.019,202660062,LOCKED
16163,3380.226,-12748778075261,-39819,20855,-29883.1,33855.4,8.5,0.016,202639536,LOCKED
16164,3381.227,-12748778061401,2734,63408,-29829.1,33642.7,8.6,0.018,202748147,LOCKED
16165,3382.227,-12748778077708,17173,77847,-29902.8,32751.0,8.5,0.014,202821743,LOCKED
16166,3383.226,-12748778086852,36535,97209,-29895.1,32836.4,8.6,0.014,202901506,LOCKED
16167,3384.227,-12748778096617,53043,113717,-29805.3,33616.2,8.6,0.015,202875013,LOCKED
16168,3385.229,-12748778200560,-20983,39691,-29775.9,33344.5,8.5,0.010,202977937,LOCKED
16169,3386.227,-12748778189690,20275,80949,-29839.8,32559.5,8.7,0.012,203077071,LOCKED
16170,3387.227,-12748778301159,-57943,2731,-29910.9,33413.6,8.9,0.013,203051495,LOCKED
16171,3388.227,-12748778305575,-31782,28892,-29890.7,33173.8,8.7,0.006,203141746,LOCKED
16172,3389.227,-12748778305348,-553,60121,-29944.4,32921.3,8.7,0.007,203233287,LOCKED
16173,3390.227,-12748778312878,20479,81153,-29910.6,33038.1,8.6,-0.001,203326579,LOCKED
16174,3391.227,-12748778411788,-46414,14260,-29936.8,33361.6,8.6,-0.001,203307196,LOCKED
16175,3392.228,-12748778417018,-21563,39111,-29908.0,33089.5,8.8,-0.002,203397042,LOCKED
16176,3393.228,-12748778402917,21924,82598,-29918.9,33002.7,8.6,0.009,203502217,LOCKED
16177,3394.228,-12748778495238,-37708,22966,-29992.2,33392.9,8.8,0.007,203501916,LOCKED
16178,3395.228,-12748778477969,8482,69156,-29953.7,33362.4,8.9,0.005,203606850,LOCKED
16179,3396.227,-12748778464483,47267,107941,-29803.6,33572.8,8.9,-0.005,203710346,LOCKED
16180,3397.228,-12748778538596,3353,64027,-29828.6,33490.3,9.0,0.014,203731272,LOCKED
16181,3398.227,-12748778527768,41256,101930,-29762.0,33952.8,9.0,0.013,203832086,LOCKED
16182,3399.228,-12748778648881,-47551,13123,-29807.8,34438.8,9.0,0.041,203803342,LOCKED
16183,3400.228,-12748778647040,-16505,44169,-29750.6,33861.3,9.0,0.039,203895042,LOCKED
16184,3401.228,-12748778655189,5741,66415,-29791.9,33636.3,9.0,0.011,203980086,LOCKED
16185,3402.228,-12748778650917,37319,97993,-29731.8,34013.4,9.0,0.010,204071207,LOCKED
16186,3403.229,-12748778765077,-44802,15872,-29770.6,34415.7,8.9,-0.006,204048415,LOCKED
16187,3404.228,-12748778746215,1879,62553,-29677.8,33710.2,8.9,-0.008,204155093,LOCKED
16188,3405.228,-12748778745125,31849,92523,-29691.6,33555.0,8.7,-0.030,204250937,LOCKED
16189,3406.228,-12748778761063,43152,103826,-29643.1,33998.0,8.7,-0.029,204214107,LOCKED
16190,3407.228,-12748778829750,2782,63456,-29582.5,33725.2,8.7,-0.028,204353073,LOCKED
16191,3408.229,-12748778820148,37468,98142,-29423.7,33336.5,8.7,-0.014,204452205,LOCKED
16192,3409.229,-12748778934019,-42631,18043,-29566.5,33422.6,8.7,-0.014,204428372,LOCKED
16193,3410.228,-12748778934216,-11953,48721,-29610.9,33412.6,8.2,-0.003,204515596,LOCKED
16194,3411.229,-12748778943311,7744,68418,-29583.5,33412.0,8.1,0.005,204603754,LOCKED
16195,3412.228,-12748779044438,-57892,2782,-29777.6,33567.5,7.9,0.004,204586818,LOCKED
16196,3413.228,-12748779045993,-26257,34417,-29901.6,33211.6,7.7,0.003,204682762,LOCKED
16197,3414.229,-12748779045919,4169,64843,-29930.7,33096.4,7.7,0.002,204772935,LOCKED
16198,3415.232,-12748779031261,46863,107537,-29915.7,33299.7,7.4,-0.000,204879967,LOCKED
16199,3416.229,-12748779063167,41786,102460,-29833.5,33772.8,7.3,-0.001,204939727,LOCKED
16200,3417.229,-12748779129455,6069,66743,-29879.9,33492.7,7.2,-0.001,204964492,LOCKED
16201,3418.229,-12748779126824,35840,96514,-29804.9,33831.5,7.1,0.002,205056383,LOCKED
16202,3419.229,-12748779246351,-51615,9059,-29830.4,34180.6,7.1,0.000,205026914,LOCKED
16203,3420.229,-12748779248883,-21833,38841,-29916.1,34111.5,7.3,-0.006,205118052,LOCKED
16204,3421.229,-12748779253828,2012,62686,-29864.1,33905.1,7.2,-0.005,205205082,LOCKED
16205,3422.229,-12748779251531,30135,90809,-29715.7,33340.5,7.4,-0.010,205299724,LOCKED
16206,3423.229,-12748779352480,-38296,22378,-29789.7,33739.4,7.3,-0.009,205286931,LOCKED
16207,3424.231,-12748779375859,-31121,29553,-29775.4,33581.9,7.4,-0.011,205373287,LOCKED
16208,3425.229,-12748779344023,29582,90256,-29780.1,33536.8,7.6,-0.015,205481542,LOCKED
16209,3426.229,-12748779445525,-39034,21640,-29867.7,33920.5,7.7,-0.016,205469942,LOCKED
16210,3427.229,-12748779393253,39127,99801,-29737.3,33998.6,7.7,-0.016,205612345,LOCKED
16211,3428.229,-12748779509143,-42784,17890,-29874.6,34152.5,7.6,-0.017,205589079,LOCKED
16212,3429.230,-12748779507573,-10548,50126,-29895.9,34181.8,7.8,-0.020,205679063,LOCKED
16213,3430.229,-12748779495494,28107,88781,-29779.5,33999.2,8.0,-0.022,205785470,LOCKED
16214,3431.229,-12748779602632,-45107,15567,-29908.1,34333.1,8.4,-0.031,205771790,LOCKED
16215,3432.231,-12748779592920,-5095,55579,-29918.9,34339.8,8.4,-0.031,205868489,LOCKED
16216,3433.229,-12748779579629,34520,95194,-29799.6,34358.6,8.5,-0.033,205978957,LOCKED
16217,3434.229,-12748779698590,-49345,11329,-29977.9,34277.6,8.5,-0.040,205945245,LOCKED
16218,3435.233,-12748779700499,-19850,40824,-30014.9,34383.0,8.6,-0.042,206038748,LOCKED
16219,3436.230,-12748779700609,8760,69434,-29965.8,34304.3,8.8,-0.043,206134318,LOCKED
16220,3437.229,-12748779784533,-41144,19530,-30096.6,34457.9,8.6,-0.038,206139978,LOCKED
16221,3438.230,-12748779793051,-18222,42452,-30132.3,34545.5,8.8,-0.038,206220709,LOCKED
16222,3439.230,-12748779796032,7192,67866,-30058.9,34236.8,8.6,-0.032,206311495,LOCKED
16223,3440.229,-12748779791739,40360,101034,-30067.9,34117.5,8.6,-0.032,206404711,LOCKED
16224,3441.230,-12748779794461,63413,124087,-29962.5,35184.6,8.5,-0.024,206380702,LOCKED
16225,3442.230,-12748779890819,-3201,57473,-29946.4,35147.1,8.6,-0.023,206487985,LOCKED
16226,3443.230,-12748779930010,-12767,47907,-29909.3,34886.9,8.6,-0.034,206541987,LOCKED
16227,3444.230,-12748779927122,16862,77536,-29781.6,34125.7,8.6,-0.035,206635765,LOCKED
16228,3445.231,-12748779931231,40225,100899,-29735.1,34510.0,8.6,-0.036,206725043,LOCKED
16229,3446.230,-12748780046013,-42821,17853,-29762.1,34798.2,8.5,-0.025,206695663,LOCKED
16230,3447.230,-12748779999724,32867,93541,-29799.1,34310.3,8.5,-0.009,206835180,LOCKED
16231,3448.231,-12748780022864,37994,98668,-29787.0,34437.6,8.5,-0.008,206791962,LOCKED
16232,3449.230,-12748780127999,-34861,25813,-29851.5,34760.5,8.6,-0.022,206888422,LOCKED
16233,3450.230,-12748780118580,3489,64163,-29812.1,34667.6,8.6,-0.016,206986964,LOCKED
16234,3451.230,-12748780121731,29810,90484,-29845.1,34272.7,8.6,-0.011,207076893,LOCKED
16235,3452.231,-12748780134629,44594,105268,-29813.0,34619.4,8.4,0.009,207041087,LOCKED
16236,3453.231,-12748780234443,-24332,36342,-29825.3,34697.0,8.4,0.014,207145931,LOCKED
16237,3454.231,-12748780238753,2600,63274,-29899.3,34160.8,8.2,0.052,207234725,LOCKED
16238,3455.232,-12748780244464,25069,85743,-29856.6,34329.9,7.8,0.079,207320403,LOCKED
16239,3456.231,-12748780250640,44129,104803,-29702.9,34344.4,8.0,0.055,207405144,LOCKED
16240,3457.231,-12748780326155,-1697,58977,-29699.4,34341.5,7.8,0.050,207421575,LOCKED
16241,3458.232,-12748780321102,29425,90099,-29569.9,34042.7,8.4,0.025,207518521,LOCKED
16242,3459.231,-12748780343573,35581,96255,-29582.9,33885.0,8.3,0.012,207476242,LOCKED
16243,3460.231,-12748780440396,-29158,31516,-29657.3,34067.9,8.3,0.014,207576251,LOCKED
16244,3461.231,-12748780479919,-36695,23979,-29710.6,34419.8,8.3,0.007,207655499,LOCKED
16245,3462.231,-12748780451284,18930,79604,-29608.4,34098.9,8.3,0.009,207753433,LOCKED
16246,3463.232,-12748780462203,36565,97239,-29617.5,33988.8,8.4,0.002,207718797,LOCKED
16247,3464.231,-12748780561955,-31557,29117,-29663.8,34250.8,8.4,0.004,207823503,LOCKED
16248,3465.234,-12748780549126,9054,69728,-29586.4,33939.7,8.4,0.006,207929114,LOCKED
16249,3466.233,-12748780551056,32606,93280,-29438.9,33504.6,8.4,0.001,208012838,LOCKED
16250,3467.231,-12748780639314,-25076,35598,-29453.0,33597.8,8.4,0.003,208020613,LOCKED
16251,3468.232,-12748780644892,-3002,57672,-29359.4,32716.9,8.2,-0.000,208103870,LOCKED
16252,3469.231,-12748780638469,31460,92134,-29346.9,32828.7,8.3,-0.004,208199913,LOCKED
16253,3470.231,-12748780664843,32052,92726,-29283.3,33111.0,8.4,-0.011,208153964,LOCKED
16254,3471.232,-12748780770163,-41986,18688,-29311.6,33414.1,8.1,-0.012,208254314,LOCKED
16255,3472.232,-12748780761691,-2408,58266,-29395.8,32835.9,8.1,-0.014,208351557,LOCKED
16256,3473.232,-12748780784223,4868,65542,-29424.2,32717.8,8.2,-0.016,208422296,LOCKED
16257,3474.233,-12748780784929,31164,91838,-29357.0,32976.1,8.4,-0.021,208510982,LOCKED
16258,3475.233,-12748780909085,-61256,0,-29371.9,33245.6,8.4,-0.022,208476807,LOCKED
16259,3476.232,-12748780932580,-53502,7754,-29375.0,33297.5,8.7,-0.026,208549533,LOCKED
16260,3477.232,-12748780891531,15272,76528,-29319.3,33286.7,8.7,-0.026,208676116,LOCKED
16261,3478.233,-12748781006488,-67461,0,-29349.7,33846.3,8.6,-0.025,208649891,LOCKED
16262,3479.231,-12748781012841,-40275,27186,-29488.6,33874.7,8.6,-0.024,208735341,LOCKED
16263,3480.232,-12748781009980,-6872,60589,-29529.0,33816.6,8.8,-0.029,208827525,LOCKED
16264,3481.233,-12748781011505,19522,86983,-29482.4,33906.8,8.8,-0.028,208918763,LOCKED
16265,3482.232,-12748781026224,30722,98183,-29358.3,33727.0,8.7,-0.030,208994740,LOCKED
16266,3483.233,-12748781140942,-50163,17298,-29494.8,34202.2,8.9,-0.030,208973985,LOCKED
16267,3484.233,-12748781150070,-27016,40445,-29586.4,34226.8,8.9,-0.032,209056227,LOCKED
16268,3485.232,-12748781151013,407,67868,-29527.1,33924.4,8.9,-0.035,209145450,LOCKED
16269,3486.232,-12748781155739,24776,92237,-29547.1,33734.5,8.9,-0.037,209230958,LOCKED
16270,3487.233,-12748781237875,-27471,39990,-29518.2,33410.5,9.1,-0.035,209238442,LOCKED
16271,3488.233,-12748781230866,9811,77272,-29571.7,32985.9,9.0,-0.032,209340154,LOCKED
16272,3489.232,-12748781238101,30445,97906,-29538.7,33206.5,9.1,-0.033,209309692,LOCKED
16273,3490.233,-12748781341081,-41209,26252,-29557.8,33422.9,9.1,-0.036,209412108,LOCKED
16274,3491.233,-12748781330021,1003,68464,-29637.9,32816.8,8.8,-0.046,209508825,LOCKED
16275,3492.233,-12748781333564,25686,93147,-29611.4,32970.6,9.0,-0.042,209600398,LOCKED
16276,3493.233,-12748781355096,30485,97946,-29500.8,32934.2,9.2,-0.044,209557311,LOCKED
16277,3494.233,-12748781450025,-30886,36575,-29648.9,32393.7,9.2,-0.048,209667719,LOCKED
16278,3495.233,-12748781489424,-36972,30489,-29767.4,32515.3,9.3,-0.053,209743090,LOCKED
16279,3496.233,-12748781461167,19831,87292,-29740.4,32621.1,9.2,-0.058,209839320,LOCKED
16280,3497.233,-12748781536689,-22322,45139,-29881.7,31793.3,9.2,-0.052,209852428,LOCKED
16281,3498.234,-12748781570242,-22913,44548,-29995.0,31439.3,9.2,-0.057,209935112,LOCKED
16282,3499.233,-12748781628608,-47336,20125,-30110.2,31992.2,9.2,-0.049,209920110,LOCKED
16283,3500.234,-12748781655153,-41359,26102,-30159.9,32433.2,9.2,-0.058,210005248,LOCKED
16284,3501.233,-12748781659302,-15680,51781,-30117.4,32048.2,9.2,-0.048,210097873,LOCKED
16285,3502.233,-12748781639357,32951,100412,-30101.9,32192.8,9.2,-0.052,210207163,LOCKED
16286,3503.233,-12748781752590,-45793,21668,-30241.3,32466.7,8.8,-0.029,210186762,LOCKED
16287,3504.234,-12748781750716,-12636,54825,-30271.5,32506.1,8.9,-0.033,210275261,LOCKED
16288,3505.233,-12748781747268,19018,86479,-30201.6,32485.6,8.8,-0.021,210373242,LOCKED
16289,3506.234,-12748781739795,55060,122521,-30213.1,32267.5,8.7,-0.008,210471368,LOCKED
16290,3507.234,-12748781828111,-3264,64197,-30196.9,32225.5,8.8,-0.025,210474136,LOCKED
16291,3508.237,-12748781833302,19649,87110,-30126.7,32217.2,8.7,-0.009,210563710,LOCKED
16292,3509.234,-12748781828221,53041,120502,-30125.8,32232.9,8.9,-0.021,210656107,LOCKED
16293,3510.234,-12748781953574,-38952,28509,-30219.9,32602.7,8.7,-0.023,210622746,LOCKED
16294,3511.234,-12748781944917,-401,67060,-30203.2,32574.9,8.7,-0.034,210726879,LOCKED
16295,3512.234,-12748781951246,21017,88478,-30117.5,32479.5,8.5,-0.034,210808380,LOCKED
16296,3513.235,-12748781959357,41529,108990,-30113.2,32534.9,8.8,-0.052,210895775,LOCKED
16297,3514.234,-12748782083388,-48497,18964,-30223.8,33135.9,8.2,-0.060,210866192,LOCKED
16298,3515.234,-12748782088715,-22306,45155,-30250.2,33259.6,8.4,-0.073,210950905,LOCKED
16299,3516.234,-12748782080284,14276,81737,-30170.8,33048.9,8.4,-0.077,211050842,LOCKED
16300,3517.235,-12748782076909,45101,112562,-30112.2,33574.2,8.5,-0.088,211031785,LOCKED
16301,3518.234,-12748782187748,-34119,33342,-30129.4,33731.5,8.7,-0.097,211127209,LOCKED
16302,3519.234,-12748782176266,5925,73386,-30062.2,33452.6,9.0,-0.106,211227876,LOCKED
16303,3520.234,-12748782161816,48220,115681,-30033.5,33811.5,9.5,-0.118,211334013,LOCKED
16304,3521.234,-12748782192132,46215,113676,-30025.9,33916.0,9.7,-0.125,211284603,LOCKED
16305,3522.235,-12748782292259,-22851,44610,-30038.7,33992.2,10.1,-0.134,211391637,LOCKED
16306,3523.234,-12748782287000,10474,77935,-29959.1,33689.8,10.1,-0.134,211481034,LOCKED
16307,3524.235,-12748782299492,27193,94654,-29967.6,33610.7,10.0,-0.137,211565945,LOCKED
16308,3525.238,-12748782401253,-42016,25445,-30024.7,34067.2,9.7,-0.135,211556999,LOCKED
16309,3526.235,-12748782402600,-13695,53766,-29984.3,33751.5,9.7,-0.134,211643772,LOCKED
16310,3527.235,-12748782479080,-55627,11834,-30116.0,34485.2,9.6,-0.135,211658493,LOCKED
16311,3528.235,-12748782481652,-26314,41147,-30159.2,34669.0,9.6,-0.134,211748421,LOCKED
16312,3529.235,-12748782489990,-5450,62011,-30103.0,34301.4,9.7,-0.136,211832466,LOCKED
16313,3530.234,-12748782493295,18505,85966,-29994.1,33879.4,9.7,-0.138,211918907,LOCKED
16314,3531.236,-12748782505858,34533,101994,-29982.6,33990.2,9.8,-0.140,211999318,LOCKED
16315,3532.234,-12748782521203,45649,113110,-29885.5,34525.6,9.8,-0.138,212082045,LOCKED
16316,3533.235,-12748782632701,-34271,33190,-29911.6,34738.3,10.3,-0.141,212058419,LOCKED
16317,3534.236,-12748782624892,1602,69063,-29823.4,34103.3,10.2,-0.144,212155760,LOCKED
16318,3535.237,-12748782627921,27955,95416,-29848.3,33832.7,10.2,-0.142,212239956,LOCKED
16319,3536.236,-12748782672727,13411,80872,-29891.0,33491.5,10.3,-0.146,212308088,LOCKED
16320,3537.236,-12748782731845,-15822,51639,-29864.4,33294.6,10.3,-0.144,212324355,LOCKED
16321,3538.236,-12748782749387,-1523,65938,-29959.0,32524.2,10.4,-0.149,212394878,LOCKED
16322,3539.235,-12748782755567,21894,89355,-29977.7,32359.2,10.4,-0.147,212479896,LOCKED
16323,3540.236,-12748782822914,-14429,53032,-30005.1,32418.0,10.8,-0.152,212569769,LOCKED
16324,3541.236,-12748782871293,-31559,35902,-30013.7,32498.7,10.8,-0.149,212547759,LOCKED
16325,3542.235,-12748782862010,5811,73272,-29928.6,31986.9,10.8,-0.146,212647233,LOCKED
16326,3543.236,-12748782852576,43533,110994,-29920.5,32096.6,10.9,-0.151,212747025,LOCKED
16327,3544.235,-12748782963684,-34564,32897,-30014.9,32332.3,11.0,-0.147,212732493,LOCKED
16328,3545.235,-12748782942462,15348,82809,-29975.3,32384.5,11.0,-0.143,212840971,LOCKED
16329,3546.235,-12748782954177,30305,97766,-29863.4,32325.9,11.1,-0.138,212924709,LOCKED
16330,3547.235,-12748783027044,-11362,56099,-29910.2,32295.6,11.2,-0.142,212941906,LOCKED
16331,3548.238,-12748783030837,13125,80586,-29851.9,32229.2,11.6,-0.132,213026205,LOCKED
16332,3549.237,-12748783029357,40080,107541,-29703.4,32119.6,11.4,-0.114,213010554,LOCKED
16333,3550.236,-12748783100910,-850,66611,-29747.3,31952.0,11.4,-0.103,213142371,LOCKED
16334,3551.236,-12748783102447,25083,92544,-29677.1,32068.8,11.1,-0.079,213227728,LOCKED
16335,3552.236,-12748783117346,35835,103296,-29538.8,31905.5,11.1,-0.067,213194517,LOCKED
16336,3553.237,-12748783216892,-33794,33667,-29501.1,31347.0,11.1,-0.075,213299749,LOCKED
16337,3554.236,-12748783211077,1673,69134,-29511.3,31331.3,11.1,-0.052,213392112,LOCKED
16338,3555.236,-12748783213616,27377,94838,-29494.6,31458.0,10.6,-0.013,213368176,LOCKED
16339,3556.237,-12748783319314,-46973,20488,-29507.4,31643.4,10.5,0.011,213466951,LOCKED
16340,3557.235,-12748783286262,14749,82210,-29490.8,31698.6,10.3,0.023,213591412,LOCKED
16341,3558.238,-12748783394649,-59669,7792,-29611.6,32694.0,10.0,0.054,213572098,LOCKED
16342,3559.236,-12748783400952,-32639,34822,-29740.2,32526.7,9.6,0.091,213656016,LOCKED
16343,3560.236,-12748783402091,-2392,65069,-29817.1,32036.2,9.7,0.075,213746953,LOCKED
16344,3561.237,-12748783415279,13938,81399,-29825.7,31990.2,9.5,0.072,213824036,LOCKED
16345,3562.236,-12748783433162,23193,90654,-29732.2,31883.1,9.3,0.069,213898986,LOCKED
16346,3563.236,-12748783444559,40509,107970,-29749.6,31621.1,9.1,0.057,213866764,LOCKED
16347,3564.237,-12748783549108,-31365,36096,-29841.1,31780.5,9.1,0.058,213965989,LOCKED
16348,3565.238,-12748783551631,-4112,63349,-29831.1,31757.3,8.8,0.058,214056389,LOCKED
16349,3566.237,-12748783551965,22145,89606,-29708.6,31235.0,8.5,0.059,214145527,LOCKED
16350,3567.237,-12748783652284,-45087,22374,-29799.6,31816.0,8.5,0.061,214136933,LOCKED
16351,3568.237,-12748783657429,-19628,47833,-29806.5,31856.0,8.3,0.055,214225542,LOCKED
16352,3569.237,-12748783643614,20733,88194,-29680.7,31221.4,8.5,0.064,214330587,LOCKED
16353,3570.237,-12748783659086,34016,101477,-29691.9,31081.1,8.2,0.059,214295412,LOCKED
16354,3571.238,-12748783774074,-47824,19637,-29782.1,31748.5,8.4,0.068,214383562,LOCKED
16355,3572.237,-12748783771806,-15344,52117,-29777.7,31724.2,8.3,0.076,214473884,LOCKED
16356,3573.237,-12748783772708,11311,78772,-29687.3,31288.2,8.3,0.077,214565757,LOCKED
16357,3574.239,-12748783838873,-21832,45629,-29814.9,30658.2,8.3,0.079,214656961,LOCKED
16358,3575.237,-12748783882675,-32465,34996,-29925.7,30690.7,8.5,0.085,214640148,LOCKED
16359,3576.238,-12748783878378,1500,68961,-29915.6,30685.8,8.5,0.082,214733931,LOCKED
16360,3577.238,-12748783967923,-55615,11846,-29946.5,31178.4,8.5,0.082,214739767,LOCKED
16361,3578.238,-12748783992089,-45184,22277,-30099.9,31253.3,8.7,0.086,214841015,LOCKED
16362,3579.237,-12748783939412,35323,102784,-30047.2,31611.2,8.7,0.082,214951033,LOCKED
16363,3580.237,-12748784050348,-43940,23521,-30053.8,31704.4,8.5,0.076,214931099,LOCKED
16364,3581.237,-12748784062469,-25686,41775,-30026.8,31403.6,8.5,0.075,215007487,LOCKED
16365,3582.237,-12748784054064,12819,80280,-30051.8,31236.4,8.1,0.071,215109776,LOCKED
16366,3583.239,-12748784056606,37478,104939,-29974.1,31634.8,8.2,0.071,215200586,LOCKED
16367,3584.237,-12748784170755,-44531,22930,-30006.4,32011.6,8.2,0.070,215180457,LOCKED
16368,3585.239,-12748784165486,-7140,60321,-30098.5,31427.2,8.2,0.070,215272570,LOCKED
16369,3586.239,-12748784171687,16337,83798,-30105.1,31387.3,8.4,0.075,215357563,LOCKED
16370,3587.237,-12748784164128,52731,120192,-30130.5,30871.2,8.4,0.073,215456652,LOCKED
16371,3588.238,-12748784196899,48250,115711,-30120.4,31026.8,8.6,0.078,215402920,LOCKED
16372,3589.238,-12748784297890,-20419,47042,-30194.7,31007.6,8.5,0.076,215505661,LOCKED
16373,3590.237,-12748784294243,12461,79922,-30168.1,31051.6,8.7,0.080,215600354,LOCKED
16374,3591.239,-12748784299746,34014,101475,-30071.8,31264.4,8.8,0.077,215688435,LOCKED
16375,3592.238,-12748784405270,-40021,27440,-30074.8,31303.6,8.7,0.080,215673601,LOCKED
16376,3593.238,-12748784409220,-11597,55864,-30168.5,30823.3,8.4,0.070,215760970,LOCKED
16377,3594.239,-12748784414582,12591,80052,-30159.1,30855.2,8.5,0.074,215849830,LOCKED
16378,3595.240,-12748784407943,45515,112976,-30044.5,31352.3,8.5,0.078,215949287,LOCKED
16379,3596.239,-12748784425862,53622,121083,-29936.2,32167.9,8.4,0.074,216024277,LOCKED
16380,3597.238,-12748784499593,9808,77269,-29951.6,32096.3,8.5,0.080,216036400,LOCKED
16381,3598.239,-12748784515549,22493,82162,-29924.7,32226.8,8.4,0.076,216109804,LOCKED
16382,3599.238,-12748784520272,44030,103699,-29817.8,32696.1,8.8,0.084,216199587,LOCKED
16383,3600.239,-12748784620651,-24211,35458,-29891.6,32771.3,8.6,0.071,216190253,LOCKED
16384,3601.238,-12748784621754,5562,65231,-29949.3,32361.4,8.6,0.077,216276989,LOCKED
16385,3602.240,-12748784625273,29969,89638,-29899.7,32615.5,8.5,0.084,216365575,LOCKED
16386,3603.239,-12748784640431,40517,100186,-29761.0,32658.7,8.7,0.055,216330968,LOCKED
16387,3604.239,-12748784750915,-36304,23365,-29892.4,32609.3,8.7,0.047,216423854,LOCKED
16388,3605.239,-12748784758038,-12938,46731,-29900.2,32636.2,9.2,0.022,216509693,LOCKED
16389,3606.239,-12748784747994,24357,84026,-29810.5,32600.7,9.2,0.001,216607909,LOCKED
16390,3607.240,-12748784844502,-39137,20532,-29902.8,32980.1,9.2,-0.005,216607049,LOCKED
16391,3608.239,-12748784855088,-18874,40795,-29917.9,33050.1,8.7,-0.028,216688519,LOCKED
16392,3609.239,-12748784863798,792,60461,-29843.4,32561.5,9.0,-0.048,216765956,LOCKED
16393,3610.239,-12748784865025,27399,87068,-29790.2,32771.0,8.9,-0.074,216858821,LOCKED
16394,3611.239,-12748784902565,17293,76962,-29703.2,32559.9,8.9,-0.084,216822406,LOCKED
16395,3612.241,-12748784986671,-36364,23305,-29679.2,32224.0,8.9,-0.089,216919373,LOCKED
16396,3613.239,-12748785024677,-41197,18472,-29782.4,32617.9,8.9,-0.080,217014803,LOCKED
16397,3614.240,-12748784968612,41239,100908,-29683.4,33030.4,8.9,-0.074,217119299,LOCKED
16398,3615.242,-12748785075153,-34800,24869,-29665.6,32804.5,8.9,-0.078,217105172,LOCKED
16399,3616.240,-12748785071118,-53,59616,-29717.0,32563.4,8.9,-0.082,217199523,LOCKED
16400,3617.239,-12748785148817,-45962,13707,-29742.3,32879.0,8.9,-0.076,217213004,LOCKED
16401,3618.240,-12748785152715,-17256,42413,-29854.3,32349.6,8.9,-0.079,217302210,LOCKED
16402,3619.240,-12748785145504,19417,79086,-29867.4,32250.7,8.9,-0.075,217396324,LOCKED
16403,3620.244,-12748785138643,52473,112142,-29774.2,33028.4,8.9,-0.071,217495703,LOCKED
16404,3621.241,-12748785266328,-43122,16547,-29816.2,33442.4,8.9,-0.067,217463210,LOCKED
16405,3622.240,-12748785234271,16503,76172,-29733.1,33254.0,9.2,-0.076,217584480,LOCKED
16406,3623.240,-12748785266085,11752,71421,-29621.4,32536.0,9.2,-0.073,217648124,LOCKED
16407,3624.239,-12748785270201,35466,95135,-29592.5,32789.8,9.2,-0.070,217735001,LOCKED
16408,3625.241,-12748785387727,-49325,10344,-29664.8,33449.0,9.5,-0.077,217706925,LOCKED
16409,3626.240,-12748785391927,-23516,36153,-29642.5,33239.2,9.5,-0.074,217793036,LOCKED
16410,3627.240,-12748785362932,33930,93599,-29640.5,33260.5,9.6,-0.071,217915911,LOCKED
16411,3628.240,-12748785386549,37667,97336,-29590.8,33627.5,9.5,-0.074,217868230,LOCKED
16412,3629.240,-12748785489346,-34386,25283,-29590.2,33620.7,9.6,-0.077,217967048,LOCKED
16413,3630.240,-12748785486866,-3834,55835,-29509.2,32930.7,9.5,-0.081,218064009,LOCKED
16414,3631.240,-12748785485773,26097,85766,-29519.7,32833.0,9.6,-0.082,218154215,LOCKED
16415,3632.240,-12748785497542,41050,100719,-29450.5,33302.2,9.4,-0.079,218233810,LOCKED
16416,3633.241,-12748785613669,-43603,16066,-29477.3,33605.3,9.4,-0.079,218209354,LOCKED
16417,3634.240,-12748785601807,-1851,57818,-29494.5,33588.9,9.4,-0.077,218313136,LOCKED
16418,3635.240,-12748785598102,30073,89742,-29481.9,33693.1,9.4,-0.075,218405060,LOCKED
16419,3636.241,-12748785719441,-58112,1557,-29565.7,34576.2,9.4,-0.078,218373377,LOCKED
16420,3637.241,-12748785695314,-2433,57236,-29659.3,33878.0,9.6,-0.079,218491505,LOCKED
16421,3638.241,-12748785691514,30646,90315,-29691.7,33474.9,9.3,-0.073,218586507,LOCKED
16422,3639.241,-12748785801885,-47811,11858,-29721.2,33838.9,9.3,-0.077,218566840,LOCKED
16423,3640.241,-12748785799207,-12749,46920,-29831.0,33200.7,9.5,-0.082,218659790,LOCKED
16424,3641.241,-12748785802740,13869,73538,-29869.8,32892.0,9.5,-0.080,218747942,LOCKED
16425,3642.241,-12748785799275,44127,103796,-29792.1,33433.4,9.5,-0.078,218840287,LOCKED
16426,3643.241,-12748785918569,-43393,16276,-29817.2,33718.5,9.4,-0.081,218815809,LOCKED
16427,3644.241,-12748785909539,-2424,57245,-29917.5,32888.9,9.4,-0.079,218913101,LOCKED
16428,3645.244,-12748785903265,32355,92024,-29902.0,33027.2,9.4,-0.083,219009569,LOCKED
16429,3646.241,-12748785915352,46917,106586,-29820.2,33636.1,9.4,-0.072,218977012,LOCKED
16430,3647.241,-12748785965333,23725,83394,-29710.7,33377.9,9.4,-0.069,219132297,LOCKED
16431,3648.242,-12748785981273,33750,93419,-29582.7,33267.2,9.2,-0.056,219103644,LOCKED
16432,3649.241,-12748786067034,-20029,39640,-29667.4,33157.1,9.1,-0.051,219214228,LOCKED
16433,3650.241,-12748786111604,-32739,26930,-29720.6,33452.2,8.8,-0.034,219295868,LOCKED
16434,3651.242,-12748786068166,36937,96606,-29610.9,33647.0,8.8,-0.038,219392250,LOCKED
16435,3652.241,-12748786104823,29521,89190,-29642.0,33273.0,8.7,-0.029,219336442,LOCKED
16436,3653.242,-12748786222384,-53809,5860,-29777.9,33912.8,8.7,-0.023,219440307,LOCKED
16437,3654.243,-12748786198727,-253,59416,-29783.5,33910.6,8.8,-0.030,219539012,LOCKED
16438,3655.243,-12748786193049,31809,91478,-29669.3,33884.1,8.7,-0.021,219635753,LOCKED
16439,3656.243,-12748786215410,34957,94626,-29523.0,33574.9,8.8,0.006,219593120,LOCKED
16440,3657.242,-12748786269322,9583,69252,-29490.5,33578.3,8.8,0.000,219743131,LOCKED
16441,3658.241,-12748786269526,35561,95230,-29387.1,33774.4,8.7,0.026,219717612,LOCKED
16442,3659.241,-12748786375433,-39994,19675,-29367.9,33500.5,8.6,0.019,219817935,LOCKED
16443,3660.242,-12748786356779,8103,67772,-29385.1,33430.2,8.6,0.013,219925821,LOCKED
16444,3661.242,-12748786368564,23718,83387,-29327.0,33560.7,8.5,0.025,219891537,LOCKED
16445,3662.242,-12748786465050,-41840,17829,-29336.0,33671.0,8.4,0.055,220001173,LOCKED
16446,3663.242,-12748786471621,-19567,40102,-29279.2,33030.5,8.4,0.050,220083822,LOCKED
16447,3664.242,-12748786481765,474,60143,-29324.5,32836.5,8.4,0.055,220166166,LOCKED
16448,3665.242,-12748786493860,16750,76419,-29305.5,32905.3,8.2,0.053,220132205,LOCKED
16449,3666.242,-12748786592613,-50390,9279,-29335.0,33298.3,8.2,0.059,220235177,LOCKED
16450,3667.243,-12748786557870,13899,73568,-29368.6,33048.5,8.2,0.063,220361342,LOCKED
16451,3668.242,-12748786583067,17431,77100,-29366.2,33061.3,8.1,0.067,220315817,LOCKED
16452,3669.242,-12748786675037,-42372,17297,-29433.3,33553.6,7.9,0.072,220423421,LOCKED
16453,3670.244,-12748786676535,-14534,45135,-29404.3,33345.6,8.2,0.083,220515814,LOCKED
16454,3671.242,-12748786685678,4536,64205,-29353.2,33183.8,8.5,0.094,220602311,LOCKED
16455,3672.243,-12748786697192,21863,81532,-29364.5,33094.0,8.5,0.096,220566124,LOCKED
16456,3673.242,-12748786799785,-46755,12914,-29513.3,33297.4,8.7,0.105,220666393,LOCKED
16457,3674.243,-12748786788732,-7224,52445,-29450.4,32792.9,8.6,0.107,220770365,LOCKED
16458,3675.243,-12748786782629,27528,87197,-29456.8,32731.9,8.8,0.114,220870058,LOCKED
16459,3676.243,-12748786905348,-61496,0,-29562.7,33780.1,8.9,0.110,220830870,LOCKED
16460,3677.242,-12748786876873,-1595,59901,-29651.7,33114.4,9.0,0.117,220950547,LOCKED
16461,3678.243,-12748786900020,5487,66983,-29689.3,32920.9,9.2,0.122,221020008,LOCKED
16462,3679.243,-12748786900969,31724,93220,-29619.0,33182.3,9.2,0.125,221107743,LOCKED
16463,3680.242,-12748787017590,-53235,8261,-29630.8,33367.7,9.3,0.131,221083868,LOCKED
16464,3681.243,-12748787028297,-30407,31089,-29772.1,32924.2,9.4,0.138,221165841,LOCKED
16465,3682.244,-12748787054467,-25297,36199,-29804.0,33089.0,9.4,0.139,221226665,LOCKED
16466,3683.243,-12748787073947,-14154,47342,-29820.7,33138.8,9.9,0.148,221301610,LOCKED
16467,3684.243,-12748787079310,8628,70124,-29752.7,32905.4,10.1,0.154,221383211,LOCKED
16468,3685.243,-12748787088031,29570,91066,-29797.6,32291.0,10.0,0.153,221468671,LOCKED
16469,3686.243,-12748787111525,34621,96117,-29793.7,32333.7,10.1,0.158,221425749,LOCKED
16470,3687.244,-12748787178848,-3566,57930,-29755.4,32153.1,10.2,0.163,221566024,LOCKED
16471,3688.243,-12748787189421,13496,74992,-29673.6,31888.9,10.2,0.162,221642572,LOCKED
16472,3689.243,-12748787290966,-53340,8156,-29832.3,32309.2,10.1,0.159,221634489,LOCKED
16473,3690.243,-12748787283857,-15021,46475,-29875.1,32348.6,10.1,0.158,221729329,LOCKED
16474,3691.243,-12748787296650,1246,62742,-29837.0,32229.8,10.0,0.153,221810674,LOCKED
16475,3692.244,-12748787334777,-7919,53577,-29780.8,31787.7,10.1,0.152,221891820,LOCKED
16476,3693.244,-12748787402671,-41576,19920,-29930.7,31730.5,10.3,0.151,221885629,LOCKED
16477,3694.245,-12748787424245,-30838,30658,-29996.4,31993.0,10.4,0.156,221983931,LOCKED
16478,3695.243,-12748787480407,-54148,7348,-30046.6,32643.7,10.6,0.148,222091029,LOCKED
16479,3696.243,-12748787489514,-28851,32645,-30212.7,31635.6,10.7,0.145,222074912,LOCKED
16480,3697.244,-12748787450021,38771,100267,-30174.9,31985.5,10.6,0.135,222207246,LOCKED
16481,3698.244,-12748787560706,-39590,21906,-30214.6,32352.3,10.6,0.130,222185588,LOCKED
16482,3699.244,-12748787603348,-46521,14975,-30407.4,31818.0,10.7,0.125,222294090,LOCKED
16483,3700.245,-12748787526694,57818,119314,-30369.9,32397.2,10.5,0.110,222403566,LOCKED
16484,3701.244,-12748787641572,-24620,36876,-30430.6,32540.7,10.4,0.103,222383996,LOCKED
16485,3702.244,-12748787628940,16501,77997,-30362.7,32477.2,10.4,0.094,222486508,LOCKED
16486,3703.244,-12748787627256,47542,109038,-30392.4,31932.4,10.4,0.086,222468815,LOCKED
16487,3704.244,-12748787716785,-9911,51585,-30458.7,31735.5,10.4,0.073,222584697,LOCKED
16488,3705.245,-12748787710288,25068,86564,-30403.3,31905.1,10.4,0.075,222682167,LOCKED
16489,3706.245,-12748787710248,51028,112524,-30267.9,32454.4,9.9,0.054,222774860,LOCKED
16490,3707.244,-12748787795345,-3892,57604,-30256.9,32429.5,9.9,0.043,222780434,LOCKED
16491,3708.246,-12748787798689,20689,82185,-30176.8,32373.1,9.8,0.019,222870167,LOCKED
16492,3709.246,-12748787809443,38440,99936,-30158.6,32568.7,9.7,0.011,222838174,LOCKED
16493,3710.244,-12748787914938,-33061,28435,-30292.1,32352.1,9.5,0.000,222937736,LOCKED
16494,3711.244,-12748787912892,-1559,59937,-30248.4,32152.4,9.3,-0.012,223028453,LOCKED
16495,3712.245,-12748787926218,13636,75132,-30186.2,32068.6,8.9,-0.042,223107708,LOCKED
16496,3713.244,-12748787940765,29489,90985,-30245.8,31145.5,8.9,-0.044,223185302,LOCKED
16497,3714.245,-12748787952888,44948,106444,-30189.8,31689.0,8.8,-0.063,223261238,LOCKED
16498,3715.246,-12748788081053,-50365,11131,-30236.7,32260.0,8.6,-0.048,223226914,LOCKED
16499,3716.245,-12748788095584,-33450,28046,-30240.5,32299.6,8.7,-0.039,223306875,LOCKED
16500,3717.245,-12748788049511,39789,101285,-30155.6,32727.4,8.4,-0.040,223441380,LOCKED
16501,3718.245,-12748788060435,53829,115325,-29990.0,33077.6,8.4,-0.032,223410004,LOCKED
16502,3719.245,-12748788167634,-20840,40656,-30080.2,32937.7,8.6,-0.045,223507259,LOCKED
16503,3720.246,-12748788163050,12416,73912,-30031.6,32915.5,8.3,-0.046,223603484,LOCKED
16504,3721.246,-12748788175565,26818,88314,-29923.1,32772.7,8.0,-0.048,223685282,LOCKED
16505,3722.246,-12748788272527,-36668,24828,-30036.8,32928.0,8.0,-0.043,223680824,LOCKED
16506,3723.246,-12748788272434,-5849,55647,-30060.9,32919.9,7.7,-0.039,223771887,LOCKED
16507,3724.245,-12748788278960,16162,77658,-30012.9,32957.8,7.6,-0.043,223857847,LOCKED
16508,3725.246,-12748788283944,37496,98992,-29893.7,33090.6,7.2,-0.040,223940495,LOCKED
16509,3726.246,-12748788320655,29847,91343,-29902.5,32999.3,7.2,-0.038,223908908,LOCKED
16510,3727.246,-12748788374527,4549,66045,-29844.8,32779.3,7.5,-0.031,224034530,LOCKED
16511,3728.247,-12748788393288,13444,74940,-29759.6,32480.9,7.7,-0.025,224108816,LOCKED
16512,3729.246,-12748788398250,36559,98055,-29737.7,32694.5,7.6,-0.024,224194992,LOCKED
16513,3730.245,-12748788521583,-53453,8043,-29824.9,33486.7,7.6,-0.022,224160265,LOCKED
16514,3731.245,-12748788537913,-38119,23377,-29851.8,33742.8,7.6,-0.020,224235590,LOCKED
16515,3732.246,-12748788582075,-50398,11098,-29867.7,33968.9,7.6,-0.021,224306299,LOCKED
16516,3733.246,-12748788543824,17578,79074,-29890.0,33803.2,7.6,-0.019,224411600,LOCKED
16517,3734.247,-12748788551390,37002,98498,-29809.0,34152.0,7.5,-0.024,224382250,LOCKED
16518,3735.246,-12748788642503,-24290,37206,-29769.1,33711.2,7.5,-0.022,224498789,LOCKED
16519,3736.246,-12748788627654,20457,81953,-29809.6,33305.4,7.1,-0.030,224599526,LOCKED
16520,3737.245,-12748788715392,-35451,26045,-29849.8,33608.8,7.1,-0.029,224607657,LOCKED
16521,3738.246,-12748788723770,-13696,47800,-29840.9,33563.5,7.1,-0.027,224688269,LOCKED
16522,3739.246,-12748788732079,5710,67206,-29745.9,32920.3,7.0,-0.030,224771990,LOCKED
16523,3740.245,-12748788739405,27461,88957,-29758.8,32792.0,7.1,-0.031,224857043,LOCKED
16524,3741.246,-12748788855958,-54902,6594,-29885.2,33547.6,7.1,-0.030,224830269,LOCKED
16525,3742.246,-12748788873081,-38845,22651,-29982.5,33884.5,7.4,-0.027,224904869,LOCKED
16526,3743.246,-12748788888607,-22513,38983,-30037.1,34001.8,7.1,-0.021,224979503,LOCKED
16527,3744.247,-12748788900959,-5001,56495,-30020.3,33950.8,7.4,-0.019,225059785,LOCKED
16528,3745.248,-12748788897730,25187,86683,-29911.8,33756.2,7.4,-0.018,225152449,LOCKED
16529,3746.247,-12748788899055,48724,110220,-29744.6,33811.5,7.6,-0.016,225243663,LOCKED
16530,3747.246,-12748788977952,-867,60629,-29721.6,33758.2,7.7,-0.015,225255717,LOCKED
16531,3748.247,-12748788983143,20988,82484,-29625.0,33560.5,7.8,-0.021,225341648,LOCKED
16532,3749.247,-12748789090863,-52236,9260,-29777.5,33976.6,7.8,-0.021,225324163,LOCKED
16533,3750.247,-12748789099828,-29310,32186,-29832.5,34207.7,7.9,-0.029,225405853,LOCKED
16534,3751.247,-12748789108518,-8095,53401,-29822.6,34174.4,8.1,-0.030,225488409,LOCKED
16535,3752.247,-12748789111848,16998,78494,-29782.1,34242.2,8.3,-0.031,225578121,LOCKED
16536,3753.247,-12748789110206,46305,107801,-29755.2,34559.8,8.3,-0.031,225672124,LOCKED
16537,3754.248,-12748789222379,-32988,28508,-29853.9,34705.1,8.5,-0.034,225652244,LOCKED
16538,3755.247,-12748789215882,4891,66387,-29937.2,33974.4,8.3,-0.023,225747597,LOCKED
16539,3756.248,-12748789219007,30809,92305,-29944.6,33898.8,8.5,-0.026,225835767,LOCKED
16540,3757.247,-12748789297127,-17339,44157,-29917.0,33682.6,8.5,-0.027,225849400,LOCKED
16541,3758.247,-12748789297507,12939,74435,-29975.0,33144.3,8.5,-0.022,225940312,LOCKED
16542,3759.248,-12748789301017,38889,100385,-30014.6,32509.2,8.5,-0.018,226021435,LOCKED
16543,3760.247,-12748789324799,40776,102272,-29868.8,32472.0,8.6,-0.030,225982261,LOCKED
16544,3761.247,-12748789437171,-37739,23757,-30002.0,32460.8,8.4,-0.042,226072115,LOCKED
16545,3762.248,-12748789439514,-9437,52059,-30017.9,32486.1,8.5,-0.039,226157238,LOCKED
16546,3763.247,-12748789442596,15303,76799,-29935.4,32265.4,8.3,-0.054,226248398,LOCKED
16547,3764.248,-12748789450562,35684,97180,-29916.8,32449.1,8.5,-0.040,226335609,LOCKED
16548,3765.249,-12748789490669,23474,84970,-29856.6,32571.9,8.5,-0.047,226294911,LOCKED
16549,3766.248,-12748789584011,-38822,22674,-29850.4,32490.6,8.6,-0.057,226381786,LOCKED
16550,3767.247,-12748789590208,-13804,47692,-29894.5,32508.2,8.7,-0.038,226501969,LOCKED
16551,3768.248,-12748789563447,39600,101096,-29800.6,32895.6,8.7,-0.045,226474247,LOCKED
16552,3769.248,-12748789678046,-43438,18058,-29814.7,33073.3,8.7,-0.043,226566966,LOCKED
16553,3770.247,-12748789693393,-25773,35723,-29929.0,32824.8,8.7,-0.051,226646677,LOCKED
16554,3771.249,-12748789672566,23727,85223,-29906.8,32948.2,8.8,-0.048,226755921,LOCKED
16555,3772.248,-12748789776502,-47216,14280,-29979.9,33557.7,8.7,-0.054,226741564,LOCKED
16556,3773.248,-12748789785198,-24903,36593,-29989.0,33621.3,8.7,-0.052,226824232,LOCKED
16557,3774.248,-12748789829988,-38391,23105,-29989.6,33628.3,8.6,-0.050,226906275,LOCKED
16558,3775.248,-12748789785706,35509,97005,-30030.5,33019.3,8.6,-0.049,227007130,LOCKED
16559,3776.248,-12748789800072,49384,110880,-30024.8,33105.0,8.6,-0.048,227087705,LOCKED
16560,3777.249,-12748789878991,-491,61005,-29975.7,32878.4,8.6,-0.053,227097402,LOCKED
16561,3778.248,-12748789882167,22948,84444,-29848.7,32334.5,8.6,-0.052,227181398,LOCKED
16562,3779.248,-12748789893873,39205,100701,-29821.3,32612.9,7.9,-0.054,227149535,LOCKED
16563,3780.248,-12748789989087,-24837,36659,-29846.4,32755.4,8.3,-0.064,227256418,LOCKED
16564,3781.249,-12748789983627,8863,70359,-29782.2,32560.2,8.2,-0.070,227354416,LOCKED
16565,3782.249,-12748789977774,42844,104340,-29772.2,32688.2,8.2,-0.069,227452288,LOCKED
16566,3783.250,-12748790081293,-28614,32882,-29837.1,32898.7,8.3,-0.073,227442623,LOCKED
16567,3784.251,-12748790072218,9184,70680,-29797.6,32872.5,8.2,-0.075,227540003,LOCKED
16568,3785.251,-12748790069969,37236,98732,-29663.2,32826.0,8.3,-0.078,227635505,LOCKED
16569,3786.249,-12748790173466,-35432,26064,-29661.5,32806.0,8.3,-0.078,227621287,LOCKED
16570,3787.249,-12748790129779,35002,96498,-29576.5,33098.0,8.1,-0.074,227758463,LOCKED
16571,3788.249,-12748790246575,-49705,11791,-29617.2,33587.3,8.0,-0.071,227728863,LOCKED
16572,3789.249,-12748790242865,-17019,44477,-29557.3,32940.8,8.1,-0.074,227825580,LOCKED
16573,3790.249,-12748790245206,10854,72350,-29607.7,32531.9,8.6,-0.078,227912832,LOCKED
16574,3791.248,-12748790244935,39041,100537,-29589.6,32729.8,8.7,-0.080,228002331,LOCKED
16575,3792.249,-12748790370502,-51771,9725,-29757.3,32941.6,8.8,-0.082,227970958,LOCKED
16576,3793.249,-12748790371036,-21723,39773,-29761.7,32970.2,8.9,-0.084,228060139,LOCKED
16577,3794.249,-12748790361738,14810,76306,-29662.1,32535.7,9.1,-0.092,228159297,LOCKED
16578,3795.250,-12748790364087,39918,101414,-29620.2,32912.4,9.2,-0.093,228251233,LOCKED
16579,3796.249,-12748790490398,-54040,862,-29664.5,33493.6,9.1,-0.100,228219400,LOCKED
16580,3797.249,-12748790442470,22996,77898,-29675.5,33403.8,9.2,-0.101,228354057,LOCKED
16581,3798.249,-12748790455030,37808,92710,-29625.2,33773.1,9.3,-0.103,228322714,LOCKED
16582,3799.249,-12748790552580,-28587,26315,-29652.8,33950.6,9.3,-0.104,228428419,LOCKED
16583,3800.249,-12748790546954,5087,59989,-29582.3,33621.9,9.2,-0.112,228530160,LOCKED
16584,3801.249,-12748790547657,33400,88302,-29610.2,33260.0,9.2,-0.114,228613500,LOCKED
16585,3802.249,-12748790574327,35278,90180,-29616.8,33182.8,9.2,-0.107,228568038,LOCKED
16586,3803.250,-12748790705754,-61326,0,-29770.5,34023.6,9.2,-0.108,228639009,LOCKED
16587,3804.249,-12748790718501,-40989,20337,-29865.2,34430.7,9.2,-0.100,228718437,LOCKED
16588,3805.250,-12748790729210,-21004,40322,-29870.9,34464.6,9.2,-0.100,228802772,LOCKED
16589,3806.249,-12748790737535,-1052,60274,-29790.8,33874.7,9.2,-0.088,228878962,LOCKED
16590,3807.251,-12748790815855,-46387,14939,-29870.6,34455.2,9.5,-0.097,228893659,LOCKED
16591,3808.250,-12748790818471,-18687,42639,-29861.3,34394.9,9.4,-0.082,228982097,LOCKED
16592,3809.250,-12748790819206,11524,72850,-29933.9,33672.9,9.5,-0.101,229077460,LOCKED
16593,3810.251,-12748790873363,-10700,50626,-30014.3,33363.6,9.4,-0.087,229068303,LOCKED
16594,3811.251,-12748790927690,-32180,29146,-30100.0,33572.1,9.4,-0.089,229149574,LOCKED
16595,3812.250,-12748790912463,12034,73360,-30065.3,33595.3,9.3,-0.074,229256224,LOCKED
16596,3813.250,-12748790906950,43168,104494,-29918.7,33657.9,9.3,-0.073,229353054,LOCKED
16597,3814.250,-12748791012716,-29305,32021,-30035.8,33508.3,9.2,-0.070,229338655,LOCKED
16598,3815.250,-12748791007001,6179,67505,-30033.0,33513.1,9.2,-0.068,229434662,LOCKED
16599,3816.250,-12748791006908,33203,94529,-29935.8,33680.0,9.0,-0.047,229526847,LOCKED
16600,3817.251,-12748791081012,-9478,51848,-29993.2,33556.7,9.1,-0.029,229546306,LOCKED
16601,3818.252,-12748791081566,18516,79842,-29952.9,33645.4,9.0,-0.034,229638714,LOCKED
16602,3819.250,-12748791083675,42284,103610,-29822.9,33856.8,9.1,-0.026,229611944,LOCKED
16603,3820.250,-12748791177430,-21628,39698,-29787.9,33511.0,9.1,-0.028,229724874,LOCKED
16604,3821.251,-12748791175374,10847,72173,-29837.0,33125.8,9.1,-0.021,229816166,LOCKED
16605,3822.252,-12748791184493,29968,91294,-29808.5,33323.1,9.1,-0.015,229897739,LOCKED
16606,3823.251,-12748791193603,46933,108259,-29703.1,33880.0,9.2,-0.026,229869818,LOCKED
16607,3824.250,-12748791290239,-19949,41377,-29672.3,33604.6,8.8,-0.029,229976546,LOCKED
16608,3825.250,-12748791283330,14586,75912,-29596.0,33432.5,8.4,-0.030,230073784,LOCKED
16609,3826.251,-12748791297832,28825,90151,-29602.0,33374.6,8.5,-0.024,230151035,LOCKED
16610,3827.250,-12748791381753,-23501,37825,-29660.9,33499.0,8.0,-0.025,230157766,LOCKED
16611,3828.251,-12748791383077,3028,64354,-29577.0,32944.1,8.1,-0.020,230248589,LOCKED
16612,3829.251,-12748791379220,35323,96649,-29579.9,32910.5,8.0,-0.020,230339309,LOCKED
16613,3830.250,-12748791499625,-51091,10235,-29711.6,33474.8,8.0,-0.021,230315005,LOCKED
16614,3831.252,-12748791510179,-30623,30703,-29725.0,33587.4,7.9,-0.021,230395173,LOCKED
16615,3832.251,-12748791491093,18696,80022,-29781.2,32971.4,8.1,-0.027,230503446,LOCKED
16616,3833.251,-12748791505597,32848,94174,-29780.6,32977.8,8.0,-0.026,230469765,LOCKED
16617,3834.251,-12748791603576,-31432,29894,-29920.9,32591.5,8.1,-0.029,230576175,LOCKED
16618,3835.251,-12748791592901,7864,69190,-29870.1,32482.8,8.0,-0.027,230676973,LOCKED
16619,3836.253,-12748791618168,10378,71704,-29784.6,32093.4,8.0,-0.029,230747681,LOCKED
16620,3837.252,-12748791687291,-26819,34507,-29845.2,32282.3,8.0,-0.029,230766914,LOCKED
16621,3838.251,-12748791683269,6008,67334,-29804.1,32205.7,8.1,-0.030,230860179,LOCKED
16622,3839.251,-12748791676434,38642,99968,-29671.6,32242.0,8.1,-0.030,230958868,LOCKED
16623,3840.252,-12748791790520,-41975,19351,-29788.4,32570.7,7.9,-0.033,230937477,LOCKED
16624,3841.253,-12748791793463,-14392,46934,-29800.6,32613.8,8.1,-0.036,231025013,LOCKED
16625,3842.251,-12748791791228,15060,76386,-29698.7,32150.4,7.9,-0.033,231117708,LOCKED
16626,3843.252,-12748791828027,8350,69676,-29731.8,31957.2,8.1,-0.035,231095906,LOCKED
16627,3844.251,-12748791896320,-28579,32747,-29764.4,32163.4,7.9,-0.030,231196714,LOCKED
16628,3845.251,-12748791937879,-39138,22188,-29759.9,32104.6,8.5,-0.034,231286895,LOCKED
16629,3846.253,-12748791884299,42346,103672,-29739.3,32350.5,8.4,-0.028,231391660,LOCKED
16630,3847.252,-12748791955573,-649,60677,-29666.3,31837.8,8.3,-0.024,231411686,LOCKED
16631,3848.252,-12748792003324,-16117,45209,-29768.2,31400.0,8.2,-0.017,231506157,LOCKED
16632,3849.253,-12748792076015,-54801,6525,-29885.3,32228.7,8.3,-0.017,231479563,LOCKED
16633,3850.252,-12748792055816,-4836,56490,-29871.3,32188.7,8.2,-0.024,231585836,LOCKED
16634,3851.252,-12748792043734,33249,94575,-29736.5,31959.1,8.2,-0.023,231688464,LOCKED
16635,3852.252,-12748792150889,-39698,21628,-29890.3,31749.1,8.4,-0.022,231672706,LOCKED
16636,3853.252,-12748792139810,1967,63293,-29927.8,31591.2,8.4,-0.022,231772723,LOCKED
16637,3854.253,-12748792137369,31627,92953,-29847.3,31822.6,8.2,-0.030,231867972,LOCKED
16638,3855.251,-12748792254878,-53855,7471,-29864.7,32102.8,8.4,-0.031,231839964,LOCKED
16639,3856.253,-12748792264629,-29835,31491,-30007.1,31595.9,8.5,-0.030,231922331,LOCKED
16640,3857.252,-12748792250538,12606,73932,-29946.6,31502.1,8.7,-0.032,232026848,LOCKED
16641,3858.252,-12748792259713,29831,91157,-29821.9,31263.3,8.9,-0.035,232110950,LOCKED
16642,3859.252,-12748792280415,37169,98495,-29796.2,31520.0,9.0,-0.033,232067446,LOCKED
16643,3860.252,-12748792377394,-28484,32842,-29824.0,31709.9,8.8,-0.019,232177940,LOCKED
16644,3861.253,-12748792376117,1059,62385,-29749.1,31202.1,8.8,-0.018,232268327,LOCKED
16645,3862.253,-12748792382843,20928,82254,-29628.9,30655.7,8.8,-0.011,232353588,LOCKED
16646,3863.253,-12748792401348,31637,92963,-29661.2,30198.8,8.7,-0.007,232312669,LOCKED
16647,3864.253,-12748792515957,-48660,12666,-29808.8,30534.5,8.8,0.015,232401736,LOCKED
16648,3865.254,-12748792513468,-14610,46716,-29870.6,30470.3,8.8,0.022,232493871,LOCKED
16649,3866.254,-12748792508205,19224,80550,-29838.8,30581.6,9.0,0.043,232589233,LOCKED
16650,3867.253,-12748792587526,-26661,34665,-29971.3,30070.3,8.9,0.033,232601976,LOCKED
16651,3868.253,-12748792594494,-2556,58770,-30021.2,29865.8,8.9,0.041,232687155,LOCKED
16652,3869.253,-12748792599439,21006,82332,-29981.7,30001.0,8.9,0.030,232771465,LOCKED
16653,3870.253,-12748792612984,35736,97062,-29957.4,30245.9,8.9,0.030,232850126,LOCKED
16654,3871.253,-12748792624687,52028,113354,-29947.6,30412.8,8.9,0.021,232816673,LOCKED
16655,3872.254,-12748792734576,-26009,35317,-29997.9,30615.1,8.9,0.022,232911036,LOCKED
16656,3873.253,-12748792745895,-7912,53414,-29956.1,30329.1,9.4,0.003,232993198,LOCKED
16657,3874.254,-12748792753491,14913,76239,-30003.8,29853.1,9.4,-0.004,233076810,LOCKED
16658,3875.254,-12748792763014,33387,94713,-29960.8,30171.7,9.8,-0.019,233157736,LOCKED
16659,3876.254,-12748792878207,-49201,12125,-30008.8,30760.3,9.8,-0.017,233135563,LOCKED
16660,3877.254,-12748792854260,5196,66522,-30039.2,30616.0,9.6,-0.015,233246355,LOCKED
16661,3878.254,-12748792856037,31097,92423,-29974.9,30896.6,9.7,-0.020,233339178,LOCKED
16662,3879.254,-12748792864173,48328,109654,-29828.9,31227.5,9.5,-0.017,233310648,LOCKED
16663,3880.254,-12748792967252,-22474,38852,-29911.8,31194.5,9.5,-0.021,233415179,LOCKED
16664,3881.254,-12748792958193,15271,76597,-29876.9,31257.1,9.3,-0.018,233514256,LOCKED
16665,3882.254,-12748792997716,4385,65711,-29823.3,31059.2,9.1,-0.020,233596275,LOCKED
16666,3883.254,-12748793073845,-40826,20500,-29809.1,30842.6,9.1,-0.018,233580696,LOCKED
16667,3884.254,-12748793114392,-47679,13647,-29920.6,31440.3,9.4,-0.026,233661481,LOCKED
16668,3885.255,-12748793154964,-55140,6186,-29985.6,32226.4,9.4,-0.028,233786260,LOCKED
16669,3886.255,-12748793156147,-25719,35607,-29973.1,32106.8,9.2,-0.023,233774282,LOCKED
16670,3887.254,-12748793135211,24210,85536,-29965.3,32163.2,9.2,-0.024,233887996,LOCKED
16671,3888.254,-12748793146942,39404,100730,-29881.5,32585.3,9.0,-0.019,233852542,LOCKED
16672,3889.254,-12748793265949,-47959,13367,-29888.2,32685.2,9.0,-0.020,233936671,LOCKED
16673,3890.254,-12748793257442,-7440,53886,-29980.2,32123.8,9.0,-0.017,234038484,LOCKED
16674,3891.255,-12748793248989,29945,91271,-29978.6,32139.6,9.0,-0.017,234137556,LOCKED
16675,3892.254,-12748793259298,45751,107077,-29864.9,32631.6,9.0,-0.018,234110055,LOCKED
16676,3893.255,-12748793367996,-32178,29148,-29855.7,32528.3,9.0,-0.017,234204855,LOCKED
16677,3894.255,-12748793363156,3328,64654,-29901.1,32288.1,9.3,-0.016,234299385,LOCKED
16678,3895.255,-12748793365668,28406,89732,-29834.8,32492.6,9.5,-0.012,234385667,LOCKED
16679,3896.255,-12748793400974,20922,82248,-29770.7,32547.2,9.5,-0.014,234451406,LOCKED
16680,3897.254,-12748793498884,-43418,17908,-29885.1,32943.4,9.7,-0.010,234436004,LOCKED
16681,3898.255,-12748793512453,-25639,35687,-29914.4,33104.5,9.7,-0.013,234515681,LOCKED
16682,3899.255,-12748793516998,-1767,59559,-29837.8,32525.3,9.9,-0.015,234603487,LOCKED
16683,3900.255,-12748793514745,29543,90869,-29848.6,32410.9,9.9,-0.013,234695828,LOCKED
16684,3901.255,-12748793533426,38405,99731,-29799.2,32798.3,9.8,-0.018,234656803,LOCKED
16685,3902.255,-12748793637968,-34723,26603,-29820.8,32995.0,10.0,-0.016,234758668,LOCKED
16686,3903.257,-12748793641482,-8396,52930,-29807.8,32945.0,10.0,-0.021,234846435,LOCKED
