# seq,elapsed_s,d_total_ns,d_detrended_ns,offset_ns,drift_ns_per_s,drift_sigma_ns,gm_sigma_ns,gm_a1_ppb,clock_error_ns,sync_state
36965,0.099,-233635856266683,0,0,0.0,999999.0,31.9,-0.291,0,INIT
36966,1.070,-233635856270612,0,0,-3929.0,inf,31.1,-0.287,0,ACQUIRING
36967,2.070,-233635856185770,0,0,40456.5,36240.6,29.9,-0.284,0,ACQUIRING
36968,3.070,-233635856182700,0,0,33679.1,27078.5,28.7,-0.293,0,ACQUIRING
36969,4.071,-233635856154844,0,0,31159.0,22583.2,27.8,-0.303,0,ACQUIRING
36970,5.072,-233635856130354,0,0,29486.3,19970.5,26.8,-0.307,0,ACQUIRING
36971,6.071,-233635856098461,0,0,29146.7,17892.3,25.9,-0.319,0,ACQUIRING
36972,7.071,-233635856056187,0,0,30099.2,16717.6,24.1,-0.326,0,ACQUIRING
36973,8.071,-233635856024925,0,0,30621.2,15652.6,23.7,-0.332,0,ACQUIRING
36974,9.071,-233635855984066,0,0,31445.4,15266.2,23.9,-0.351,0,ACQUIRING
36975,10.071,-233635855912802,0,0,33704.8,19858.4,23.9,-0.356,0,ACQUIRING
36976,11.071,-233635855959310,0,0,31923.3,22499.2,23.9,-0.363,0,ACQUIRING
36977,12.071,-233635855870439,0,0,32723.9,22340.1,23.4,-0.362,0,ACQUIRING
36978,13.071,-233635855894582,0,0,31602.4,23513.3,23.1,-0.365,0,ACQUIRING
36979,14.071,-233635855792075,0,0,32646.0,24738.6,23.4,-0.374,0,ACQUIRING
36980,15.072,-233635855796815,0,0,32519.7,23876.7,22.6,-0.377,0,ACQUIRING
36981,16.071,-233635855799180,0,0,31748.9,24756.4,22.3,-0.379,0,ACQUIRING
36982,17.072,-233635855762256,0,0,31298.8,24643.3,21.0,-0.373,0,ACQUIRING
36983,18.072,-233635855746809,0,0,30726.4,25176.0,19.8,-0.367,0,ACQUIRING
36984,19.072,-233635855713162,0,0,30351.0,25096.8,19.3,-0.362,0,ACQUIRING
36985,20.072,-233635855677877,0,0,30137.2,24666.4,19.1,-0.358,0,ACQUIRING
36986,21.072,-233635855629598,0,0,30191.8,24060.1,18.9,-0.354,0,ACQUIRING
36987,22.072,-233635855565729,0,0,30599.4,24644.7,18.5,-0.345,0,ACQUIRING
36988,23.072,-233635855506435,0,0,31200.2,26797.6,18.9,-0.343,0,ACQUIRING
36989,24.072,-233635855548947,0,0,30987.4,26580.1,18.6,-0.334,0,ACQUIRING
36990,25.073,-233635855463478,0,0,31285.8,26841.5,18.9,-0.329,0,ACQUIRING
36991,26.072,-233635855493435,0,0,31036.6,26936.3,18.5,-0.316,0,ACQUIRING
36992,27.072,-233635855370947,0,0,31512.8,28909.8,19.1,-0.308,0,ACQUIRING
36993,28.072,-233635855385917,0,0,31576.5,28417.7,19.3,-0.298,0,ACQUIRING
36994,29.072,-233635855378632,0,0,31471.6,28053.1,18.8,-0.278,0,ACQUIRING
36995,30.072,-233635855268680,0,0,31860.3,29745.4,19.2,-0.263,0,ACQUIRING
36996,31.072,-233635855233478,0,0,32199.6,30983.5,19.5,-0.252,0,ACQUIRING
36997,32.072,-233635855200357,0,0,32485.8,31791.2,19.4,-0.231,0,ACQUIRING
36998,33.073,-233635855257923,0,0,32270.3,32089.8,19.6,-0.216,0,ACQUIRING
36999,34.073,-233635855204053,0,0,32192.5,31713.4,19.4,-0.188,0,ACQUIRING
37000,35.073,-233635855138362,0,0,32277.9,31394.4,19.8,-0.165,0,ACQUIRING
37001,36.073,-233635855096111,0,0,32392.8,31240.8,19.8,-0.138,0,ACQUIRING
37002,37.072,-233635855135380,0,0,32200.3,31706.7,20.0,-0.105,0,ACQUIRING
37003,38.073,-233635855082959,0,0,32113.7,31472.0,20.1,-0.080,0,ACQUIRING
37004,39.073,-233635855020450,0,0,32150.7,31094.3,20.1,-0.051,0,ACQUIRING
37005,40.073,-233635855032784,0,0,32027.5,31162.4,20.3,-0.012,0,ACQUIRING
37006,41.073,-233635854924129,0,0,32175.7,31495.6,19.8,0.003,0,ACQUIRING
37007,42.073,-233635854921052,0,0,32211.8,31155.5,19.6,0.008,0,ACQUIRING
37008,43.073,-233635854914361,0,0,32165.9,30863.2,18.9,0.033,0,ACQUIRING
37009,44.073,-233635854900687,0,0,32072.3,30863.7,19.2,0.017,0,ACQUIRING
37010,45.074,-233635854873028,0,0,31978.1,30901.3,19.2,0.022,0,ACQUIRING
37011,46.073,-233635854838759,0,0,31901.5,30831.4,19.5,-0.001,0,ACQUIRING
37012,47.073,-233635854768873,0,0,31931.0,30538.2,19.1,0.031,0,ACQUIRING
37013,48.074,-233635854743420,0,0,31941.2,30217.2,19.2,0.037,0,ACQUIRING
37014,49.074,-233635854659928,0,0,32071.5,30870.4,19.1,0.013,0,ACQUIRING
37015,50.074,-233635854705463,0,0,32011.5,30770.2,19.6,-0.029,0,ACQUIRING
37016,51.074,-233635854644803,0,0,32020.5,30466.1,19.3,-0.058,0,ACQUIRING
37017,52.074,-233635854667733,0,0,31913.3,30943.0,19.2,-0.080,0,ACQUIRING
37018,53.074,-233635854561619,0,0,31967.5,30852.9,18.5,-0.091,0,ACQUIRING
37019,54.074,-233635854567782,0,0,31941.7,30610.6,18.3,-0.107,0,ACQUIRING
37020,55.074,-233635854570919,0,0,31852.7,30956.9,17.6,-0.112,0,ACQUIRING
37021,56.074,-233635854439194,0,0,31953.9,31522.0,16.8,-0.116,0,ACQUIRING
37022,57.074,-233635854403677,0,0,32051.3,32051.1,16.4,-0.126,0,ACQUIRING
37023,58.074,-233635854368813,0,0,32143.9,32528.9,16.0,-0.126,0,ACQUIRING
37024,59.075,-233635854432580,-41980,0,32070.3,32747.3,15.6,-0.133,0,ACQUIRING
37025,60.074,-233635854349543,7867,49847,32112.3,32692.1,15.1,-0.137,120957,ACQUIRING
37026,61.075,-233635854345091,-17887,24093,32048.3,32684.9,14.9,-0.147,-744285,ACQUIRING
37027,62.075,-233635854436836,-133544,0,31870.8,37120.8,14.4,-0.148,-690478,ACQUIRING
37028,63.075,-233635854446559,-163781,0,31585.3,43273.4,14.4,-0.155,-678654,ACQUIRING
37029,64.074,-233635854464084,-198763,0,31221.8,50988.0,14.2,-0.156,-667364,LOCKED
37030,65.075,-233635854490607,-239063,0,30762.4,60365.3,13.6,-0.155,-662651,LOCKED
37031,66.075,-233635854560717,-316766,0,30151.0,73996.6,13.5,-0.158,-699090,LOCKED
37032,67.075,-233635854566439,-328597,0,29516.5,86291.1,13.0,-0.158,-679591,LOCKED
37033,68.075,-233635854618616,-382090,0,28766.6,100498.6,12.8,-0.160,-698767,LOCKED
37034,69.075,-233635854661329,-422398,0,27937.7,115513.9,12.9,-0.163,-709826,LOCKED
37035,70.075,-233635854678875,-436605,0,27127.4,129794.6,12.6,-0.161,-697860,LOCKED
37036,71.075,-233635854720992,-469071,0,26100.6,143713.9,12.4,-0.159,-705546,LOCKED
37037,72.075,-233635854742935,-480869,0,25119.7,157492.6,11.9,-0.154,-691274,LOCKED
37038,73.075,-233635854764876,-488584,0,23999.3,169671.8,11.4,-0.147,-677761,LOCKED
37039,74.075,-233635854793984,-503139,0,22942.0,182408.8,11.6,-0.149,-670471,LOCKED
37040,75.075,-233635854813497,-505036,0,21789.3,193773.6,12.1,-0.152,-651351,LOCKED
37041,76.075,-233635854847474,-517497,0,20522.3,204231.6,12.2,-0.153,-644684,LOCKED
37042,77.075,-233635854859730,-507110,10387,19244.8,213420.4,12.5,-0.150,-616052,LOCKED
37043,78.075,-233635854895498,-516944,553,17884.8,221904.5,12.6,-0.150,-611556,LOCKED
37044,79.076,-233635854924853,-518183,0,16486.3,229681.3,12.9,-0.145,-599342,LOCKED
37045,80.075,-233635854951622,-514979,3204,15059.9,236644.7,13.0,-0.143,-584094,LOCKED
37046,81.075,-233635854976145,-508353,9830,13634.8,243017.0,13.7,-0.136,-559160,LOCKED
37047,82.075,-233635855035709,-533952,0,12184.1,250452.5,13.4,-0.120,-550192,LOCKED
37048,83.076,-233635855052467,-516763,17189,10776.8,257185.6,13.7,-0.115,-542990,LOCKED
37049,84.076,-233635855068201,-495366,38586,9246.5,260850.3,14.2,-0.101,-506745,LOCKED
37050,85.076,-233635855083106,-474232,59720,7810.0,264563.7,14.4,-0.094,-475494,LOCKED
37051,86.075,-233635855110017,-461731,72221,6257.4,265732.6,14.4,-0.076,-440627,LOCKED
37052,87.076,-233635855097873,-414419,119533,4911.0,267351.4,14.7,-0.074,-487354,LOCKED
37053,88.076,-233635855216663,-489371,44581,3329.3,269725.6,14.8,-0.060,-440083,LOCKED
37054,89.076,-233635855228857,-456898,77054,1730.5,269787.5,14.6,-0.033,-397295,LOCKED
37055,90.076,-233635855265730,-450126,83826,249.4,271385.2,15.2,-0.023,-372389,LOCKED
37056,91.076,-233635855211066,-356541,177411,-1082.6,270179.3,15.2,0.000,-255350,LOCKED
37057,92.076,-233635855230921,-337251,196701,-2392.3,268325.9,15.2,-0.007,-323683,LOCKED
37058,93.076,-233635855368487,-424857,109095,-4023.4,265738.8,15.4,-0.026,-282307,LOCKED
37059,94.076,-233635855392592,-399412,134540,-5596.6,262658.0,15.3,-0.024,-245395,LOCKED
37060,95.077,-233635855411107,-369672,164280,-7078.2,259503.3,15.6,-0.048,-198733,LOCKED
37061,96.076,-233635855454820,-364142,169810,-8544.8,256269.0,16.1,-0.068,-175749,LOCKED
37062,97.076,-233635855449934,-309611,224341,-10050.0,248770.2,16.3,-0.085,-98776,LOCKED
37063,98.076,-233635855484720,-294752,239200,-11505.9,241244.7,16.4,-0.085,-64000,LOCKED
37064,99.076,-233635855523250,-283874,250078,-12896.7,234310.2,16.7,-0.095,-28448,LOCKED
37065,100.077,-233635855558594,-267925,266027,-14338.3,224853.2,16.9,-0.107,7686,LOCKED
37066,101.077,-233635855595469,-255593,278359,-15627.1,218002.7,16.9,-0.143,47631,LOCKED
37067,102.077,-233635855621858,-232262,301690,-16916.6,209406.5,16.5,-0.162,97557,LOCKED
37068,103.077,-233635855638549,-199520,334432,-18183.1,198857.2,16.4,-0.188,156311,LOCKED
37069,104.077,-233635855666878,-178216,355736,-19432.7,186714.6,16.3,-0.199,211701,LOCKED
37070,105.076,-233635855691561,-153840,380112,-20633.3,173497.2,16.0,-0.218,264988,LOCKED
37071,106.077,-233635855732510,-145550,388402,-21797.5,159800.5,15.8,-0.225,309258,LOCKED
37072,107.077,-233635855739402,-106551,427401,-22804.8,147333.8,15.3,-0.231,381737,LOCKED
37073,108.077,-233635855763959,-86058,447894,-23755.3,134195.8,15.3,-0.243,439672,LOCKED
37074,109.077,-233635855800143,-79296,454656,-24566.9,124141.4,14.9,-0.253,489838,LOCKED
37075,110.077,-233635855837701,-71817,462135,-25453.9,109689.5,15.0,-0.262,536779,LOCKED
37076,111.077,-233635855869243,-60149,473803,-26226.9,97086.9,14.9,-0.269,590149,LOCKED
37077,112.077,-233635855905213,-51813,482139,-27029.6,80220.4,14.8,-0.276,644061,LOCKED
37078,113.077,-233635855936354,-42189,491763,-27634.8,69104.9,14.5,-0.285,701474,LOCKED
37079,114.077,-233635855963299,-28665,505287,-28218.2,55548.4,14.4,-0.288,757891,LOCKED
37080,115.077,-233635855995270,-20271,513681,-28781.8,37691.9,13.7,-0.289,815774,LOCKED
37081,116.078,-233635855925340,78751,612703,-28928.4,32390.7,13.4,-0.293,865007,LOCKED
37082,117.077,-233635856013538,21760,555712,-29076.7,29142.5,13.4,-0.298,978125,LOCKED
37083,118.078,-233635856072619,-6074,527878,-29173.3,28383.4,12.9,-0.299,1040210,LOCKED
37084,119.078,-233635856058389,37811,571763,-29260.0,26297.6,12.5,-0.297,1113836,LOCKED
37085,120.078,-233635856071948,49355,583307,-29137.9,26997.6,12.2,-0.294,1192105,LOCKED
37086,121.078,-233635856116852,29502,563454,-28986.1,26169.6,12.1,-0.294,1235079,LOCKED
37087,122.078,-233635856132186,40370,574322,-28916.4,26737.5,12.0,-0.293,1311292,LOCKED
37088,123.078,-233635856139939,56868,590820,-28781.8,27698.5,12.0,-0.291,1389916,LOCKED
37089,124.078,-233635856173062,47958,581910,-28637.1,28063.2,11.8,-0.287,1337560,LOCKED
37090,125.078,-233635856279219,-29000,504952,-28616.3,27790.6,11.3,-0.278,1428789,LOCKED
37091,126.078,-233635856290335,-10791,523161,-28633.2,27828.8,11.1,-0.273,1511704,LOCKED
37092,127.078,-233635856269018,35821,569773,-28528.8,28066.1,11.3,-0.270,1618167,LOCKED
37093,128.078,-233635856302601,28665,562617,-28473.2,28331.8,11.4,-0.270,1674774,LOCKED
37094,129.078,-233635856339080,19649,553601,-28456.3,28424.9,11.3,-0.264,1729218,LOCKED
37095,130.078,-233635856354417,30606,564558,-28401.0,28726.9,11.6,-0.265,1802817,LOCKED
37096,131.078,-233635856381338,30387,564339,-28368.1,28978.8,11.4,-0.257,1867858,LOCKED
37097,132.078,-233635856395465,41891,575843,-28303.3,29524.3,11.8,-0.256,1943600,LOCKED
37098,133.078,-233635856430806,32500,566452,-28241.8,29850.2,11.2,-0.241,1885110,LOCKED
37099,134.078,-233635856540917,-46261,487691,-28317.5,30501.3,11.3,-0.230,1974988,LOCKED
37100,135.078,-233635856568617,-43023,490929,-28374.7,31023.4,11.5,-0.226,2037983,LOCKED
37101,136.079,-233635856584367,-28555,505397,-28417.7,31260.1,11.5,-0.212,2110177,LOCKED
37102,137.078,-233635856581674,1741,535693,-28380.6,31149.3,11.5,-0.206,2203845,LOCKED
37103,138.079,-233635856595848,14462,548414,-28331.6,31157.6,11.3,-0.189,2275682,LOCKED
37104,139.079,-233635856619786,17166,551118,-28277.1,31187.6,11.5,-0.179,2340630,LOCKED
37105,140.079,-233635856631951,30548,564500,-28193.8,31377.7,11.1,-0.158,2419295,LOCKED
37106,141.078,-233635856653858,33676,567628,-28094.6,31556.1,11.3,-0.154,2487141,LOCKED
37107,142.078,-233635856780431,-60397,473555,-28210.5,32595.1,11.5,-0.137,2446222,LOCKED
37108,143.079,-233635856805157,-53316,480636,-28298.5,33386.8,11.5,-0.116,2511014,LOCKED
37109,144.079,-233635856811654,-29933,504019,-28326.4,33579.3,11.6,-0.101,2594374,LOCKED
37110,145.079,-233635856831025,-20526,513426,-28314.4,33489.4,11.4,-0.092,2660939,LOCKED
37111,146.079,-233635856844582,-6391,527561,-28273.1,33253.1,11.2,-0.064,2738288,LOCKED
37112,147.079,-233635856858926,4641,538593,-28138.4,31781.0,11.3,-0.068,2821284,LOCKED
37113,148.079,-233635856866633,23884,557836,-28119.8,31895.3,11.0,-0.038,2894045,LOCKED
37114,149.079,-233635856892749,24118,558070,-28072.9,32061.0,10.7,-0.019,2959452,LOCKED
37115,150.079,-233635856943018,1969,535921,-28078.5,32054.5,10.6,0.000,2898206,LOCKED
37116,151.079,-233635856944984,23679,557631,-27901.5,30457.8,10.1,0.030,3086602,LOCKED
37117,152.079,-233635856984349,8370,542322,-27726.3,27828.0,9.6,0.022,3026883,LOCKED
37118,153.079,-233635857094860,-69189,464763,-27868.0,29328.9,9.4,0.019,3109431,LOCKED
37119,154.079,-233635857128105,-69346,464606,-28009.1,30766.5,8.8,0.015,3164347,LOCKED
37120,155.079,-233635857163383,-71470,462482,-28143.0,32254.1,8.6,0.014,3220581,LOCKED
37121,156.079,-233635857179925,-55198,478754,-28280.7,32961.6,8.6,0.015,3291720,LOCKED
37122,157.079,-233635857135617,16052,550004,-28241.6,33022.7,8.4,0.006,3427821,LOCKED
37123,158.079,-233635857162373,16374,550326,-28211.7,33097.4,8.2,0.006,3376035,LOCKED
37124,159.079,-233635857190080,16081,550033,-28199.2,33146.8,8.2,0.008,3441214,LOCKED
37125,160.080,-233635857298618,-59540,474412,-28332.0,34047.8,8.0,0.009,3531608,LOCKED
37126,161.079,-233635857315555,-44082,489870,-28458.4,34360.6,8.2,0.018,3600401,LOCKED
37127,162.080,-233635857327850,-25122,508830,-28554.0,34297.5,8.2,0.026,3682105,LOCKED
37128,163.080,-233635857343016,-10287,523665,-28608.0,34212.8,8.3,0.021,3756058,LOCKED
37129,164.080,-233635857362148,-25,533927,-28646.7,34081.8,8.2,0.029,3825107,LOCKED
37130,165.079,-233635857386452,4690,538642,-28672.8,33983.8,8.2,0.030,3890996,LOCKED
37131,166.080,-233635857415169,5446,539398,-28721.2,33694.1,8.1,0.028,3953498,LOCKED
37132,167.080,-233635857507908,-54319,479633,-28839.8,34444.4,7.8,0.031,3949989,LOCKED
37133,168.080,-233635857529229,-43359,490593,-28936.7,34906.5,7.8,0.033,4013978,LOCKED
37134,169.080,-233635857541783,-24504,509448,-29017.5,34942.6,7.8,0.030,4094909,LOCKED
37135,170.080,-233635857560892,-12565,521387,-29096.4,34705.5,7.8,0.032,4164360,LOCKED
37136,171.080,-233635857571047,7215,541167,-29149.7,34341.8,7.9,0.030,4242842,LOCKED
37137,172.080,-233635857590995,16909,550861,-29202.1,33827.1,7.9,0.032,4311620,LOCKED
37138,173.080,-233635857611666,25498,559450,-29247.4,33280.6,7.9,0.028,4380674,LOCKED
37139,174.080,-233635857631811,34075,568027,-29278.4,32858.1,7.9,0.031,4453307,LOCKED
37140,175.080,-233635857648138,45862,579814,-29297.6,32541.3,7.9,0.030,4525787,LOCKED
37141,176.080,-233635857693495,26527,560479,-29180.7,32283.9,7.9,0.029,4573285,LOCKED
37142,177.080,-233635857797151,-44324,489628,-29285.1,32775.5,7.9,0.025,4559453,LOCKED
37143,178.080,-233635857815747,-29861,504091,-29420.9,32386.3,7.9,0.023,4628465,LOCKED
37144,179.081,-233635857837450,-20425,513527,-29471.3,32485.1,7.9,0.025,4699682,LOCKED
37145,180.080,-233635857868364,-20655,513297,-29496.6,32594.9,7.9,0.028,4754867,LOCKED
37146,181.080,-233635857905468,-26110,507842,-29558.9,32762.1,7.9,0.030,4809804,LOCKED
37147,182.081,-233635857931842,-21541,512411,-29591.1,32889.5,8.1,0.028,4873483,LOCKED
37148,183.081,-233635857952757,-12844,521108,-29570.6,32767.4,8.0,0.031,4946720,LOCKED
37149,184.081,-233635857970086,-1303,532649,-29534.0,32629.1,8.0,0.027,5019545,LOCKED
37150,185.081,-233635857996408,3549,537501,-29620.6,31830.9,7.7,0.037,5082296,LOCKED
37151,186.081,-233635858014529,15337,549289,-29660.3,31478.9,7.6,0.047,5152208,LOCKED
37152,187.081,-233635858034010,23494,557446,-29600.1,31605.6,7.9,0.042,5238601,LOCKED
37153,188.081,-233635858064982,20400,554352,-29549.4,31705.8,8.1,0.045,5286428,LOCKED
37154,189.081,-233635858089691,23503,557455,-29503.1,31863.6,8.1,0.049,5348765,LOCKED
37155,190.081,-233635858137860,3919,537871,-29464.5,31773.2,8.3,0.042,5406254,LOCKED
37156,191.081,-233635858189943,-18218,515734,-29457.8,31728.6,8.3,0.047,5470354,LOCKED
37157,192.081,-233635858162331,35051,569003,-29329.3,31660.4,8.3,0.040,5547527,LOCKED
37158,193.081,-233635858178646,43735,577687,-29189.2,31836.4,8.5,0.042,5623199,LOCKED
37159,194.081,-233635858194541,54677,588629,-29164.7,32220.2,8.4,0.033,5698039,LOCKED
37160,195.081,-233635858319674,-37269,496683,-29300.4,32157.0,8.4,0.023,5664491,LOCKED
37161,196.082,-233635858343239,-28460,505492,-29404.1,32119.2,8.3,0.012,5729593,LOCKED
37162,197.081,-233635858327939,15246,549198,-29380.4,32185.0,8.3,0.017,5834879,LOCKED
37163,198.081,-233635858365260,6367,540319,-29344.9,32141.3,8.4,0.037,5888565,LOCKED
37164,199.081,-233635858374566,24006,557958,-29266.9,32186.2,8.3,0.026,5969158,LOCKED
37165,200.082,-233635858408507,16745,550697,-29167.6,31808.8,8.3,0.030,6023665,LOCKED
37166,201.082,-233635858437824,13833,547785,-29054.8,31117.4,8.2,0.017,6087049,LOCKED
37167,202.082,-233635858463162,17842,0,-29098.9,30660.3,8.2,-0.013,6149309,LOCKED
37168,203.082,-233635858481059,28522,10680,-29120.8,30398.6,8.1,-0.046,6222868,LOCKED
37169,204.082,-233635858484557,51297,33455,-29066.3,31065.7,8.2,-0.042,6316013,LOCKED
37170,205.082,-233635858511128,50630,32788,-28995.2,31788.0,8.3,-0.024,6261128,LOCKED
37171,206.082,-233635858642851,-48925,0,-29069.6,32463.0,8.4,-0.033,6329160,LOCKED
37172,207.082,-233635858640960,-17459,31466,-29065.4,32437.1,7.8,-0.027,6422494,LOCKED
37173,208.082,-233635858661074,-9355,39570,-29008.1,31956.7,7.8,-0.026,6489059,LOCKED
37174,209.082,-233635858678028,940,49865,-28923.2,31299.5,7.7,-0.023,6564693,LOCKED
37175,210.082,-233635858699502,6861,55786,-28859.5,31056.3,7.9,-0.014,6632701,LOCKED
37176,211.082,-233635858730704,2269,51194,-28752.6,30018.5,7.8,-0.020,6693884,LOCKED
37177,212.082,-233635858743064,15707,64632,-28633.5,29246.8,7.8,-0.020,6769863,LOCKED
37178,213.082,-233635858768942,18111,67036,-28646.4,29145.6,7.8,-0.019,6836158,LOCKED
37179,214.082,-233635858781460,33052,81977,-28643.1,29183.4,8.0,-0.025,6910689,LOCKED
37180,215.082,-233635858802781,39043,87968,-28642.7,29189.1,8.0,-0.024,6979542,LOCKED
37181,216.082,-233635858827136,41447,90372,-28619.2,29482.2,8.0,-0.024,6932375,LOCKED
37182,217.082,-233635858891447,3900,52825,-28534.4,28863.0,7.8,-0.024,7067429,LOCKED
37183,218.083,-233635858896413,24034,72959,-28405.6,28260.3,8.0,-0.019,7152609,LOCKED
37184,219.082,-233635858920908,24313,73238,-28267.5,27475.4,8.0,-0.018,7107079,LOCKED
37185,220.083,-233635859030069,-52196,0,-28396.2,28228.8,8.0,-0.018,7199914,LOCKED
37186,221.082,-233635859046587,-37261,14935,-28484.4,28623.8,8.0,-0.020,7273672,LOCKED
37187,222.083,-233635859054508,-15641,36555,-28510.2,28702.2,7.8,-0.018,7353816,LOCKED
37188,223.083,-233635859093874,-25232,26964,-28530.4,28845.7,7.7,-0.020,7425169,LOCKED
37189,224.083,-233635859169576,-68469,0,-28609.7,30142.9,8.1,-0.024,7512727,LOCKED
37190,225.083,-233635859187176,-54612,13857,-28658.7,30829.6,8.2,-0.026,7487842,LOCKED
37191,226.083,-233635859200859,-37944,30525,-28678.7,31048.9,8.6,-0.035,7563367,LOCKED
37192,227.083,-233635859160342,30454,98923,-28690.3,30916.7,8.6,-0.034,7585115,LOCKED
37193,228.083,-233635859273845,-49785,18684,-28832.2,31363.1,8.6,-0.033,7675603,LOCKED
37194,229.083,-233635859261167,-7109,61360,-28877.7,31273.7,8.5,-0.039,7778507,LOCKED
37195,230.083,-233635859263340,18675,87144,-28863.5,31343.2,8.5,-0.039,7863855,LOCKED
37196,231.083,-233635859283967,24894,93363,-28805.8,31506.2,8.5,-0.045,7823631,LOCKED
37197,232.083,-233635859381736,-41814,26655,-28847.0,31916.9,8.6,-0.046,7928055,LOCKED
37198,233.083,-233635859383710,-14846,53623,-28826.9,31780.7,8.4,-0.051,8015376,LOCKED
37199,234.084,-233635859387976,7875,76344,-28749.6,31415.1,8.6,-0.052,8101530,LOCKED
37200,235.083,-233635859396741,24331,92800,-28616.6,30804.8,8.4,-0.058,8071119,LOCKED
37201,236.084,-233635859420392,26085,94554,-28502.1,30547.5,8.4,-0.058,8137807,LOCKED
37202,237.084,-233635859473548,2415,70884,-28554.5,30232.8,8.2,-0.066,8284894,LOCKED
37203,238.084,-233635859484092,19914,88383,-28562.6,30170.5,8.3,-0.066,8365274,LOCKED
37204,239.084,-233635859604241,-66391,2078,-28711.7,31386.9,8.3,-0.068,8332251,LOCKED
37205,240.084,-233635859588689,-19871,48598,-28789.5,31326.5,8.4,-0.068,8439881,LOCKED
37206,241.084,-233635859592681,5780,74249,-28841.1,30969.0,8.4,-0.069,8525293,LOCKED
37207,242.084,-233635859592779,33445,101914,-28843.8,30937.2,8.3,-0.061,8613598,LOCKED
37208,243.084,-233635859703121,-43984,24485,-28970.6,31272.9,8.5,-0.061,8592645,LOCKED
37209,244.084,-233635859700030,-10474,57995,-29024.4,31184.6,8.5,-0.062,8684098,LOCKED
37210,245.084,-233635859695537,22188,90657,-29019.3,31220.1,8.5,-0.064,8781236,LOCKED
37211,246.084,-233635859809495,-58372,10097,-29137.4,32187.7,8.4,-0.050,8755893,LOCKED
37212,247.084,-233635859763394,15836,84305,-29113.1,32258.4,8.3,-0.027,8892531,LOCKED
37213,248.084,-233635859773105,33061,101530,-29061.1,32566.0,8.1,-0.006,8860583,LOCKED
37214,249.084,-233635859853291,-16952,51517,-29087.6,32646.2,8.2,-0.015,8982254,LOCKED
37215,250.084,-233635859841400,23054,91523,-29078.2,32707.9,8.0,0.006,9080654,LOCKED
37216,251.084,-233635859961475,-62155,6314,-29259.2,33315.1,7.9,-0.001,9052233,LOCKED
37217,252.084,-233635859950453,-20808,47661,-29276.9,33403.2,8.0,-0.007,9151859,LOCKED
37218,253.085,-233635859942518,14549,83018,-29209.9,33306.9,7.7,0.017,9253726,LOCKED
37219,254.084,-233635859946849,35559,104028,-29079.0,33232.8,8.2,0.001,9341836,LOCKED
37220,255.085,-233635860043133,-27824,40645,-29220.6,32665.6,8.2,-0.002,9334148,LOCKED
37221,256.085,-233635860065252,-17643,50826,-29342.6,31984.9,8.3,-0.011,9418139,LOCKED
37222,257.085,-233635860095519,-16976,51493,-29392.6,32029.5,8.6,-0.030,9461327,LOCKED
37223,258.086,-233635860111903,-3013,65456,-29434.4,31906.4,8.3,-0.038,9534951,LOCKED
37224,259.085,-233635860113170,23595,92064,-29397.1,32065.4,8.3,-0.043,9625566,LOCKED
37225,260.085,-233635860219548,-49708,18761,-29495.1,32757.4,8.6,-0.056,9611257,LOCKED
37226,261.085,-233635860243665,-41174,27295,-29581.7,33212.6,8.6,-0.050,9702651,LOCKED
37227,262.085,-233635860197064,32931,101400,-29534.4,33502.4,8.6,-0.053,9810036,LOCKED
37228,263.085,-233635860310157,-47549,20920,-29606.6,34107.9,8.5,-0.055,9793123,LOCKED
37229,264.085,-233635860289891,1131,69600,-29549.8,33842.9,8.5,-0.057,9903412,LOCKED
37230,265.085,-233635860277409,39140,107609,-29417.2,33898.1,8.2,-0.059,10003101,LOCKED
37231,266.085,-233635860397555,-46170,22299,-29606.7,33432.0,8.2,-0.061,9975993,LOCKED
37232,267.085,-233635860348306,31773,100242,-29614.8,33345.5,8.2,-0.062,10113266,LOCKED
37233,268.085,-233635860348211,58426,126895,-29561.9,34060.8,8.1,-0.063,10093654,LOCKED
37234,269.086,-233635860430565,5786,74255,-29579.0,34004.4,8.1,-0.064,10210671,LOCKED
37235,270.086,-233635860427071,36609,105078,-29529.4,34347.4,7.8,-0.058,10307205,LOCKED
37236,271.086,-233635860438365,51587,120056,-29455.2,35031.9,7.8,-0.060,10387052,LOCKED
37237,272.085,-233635860546734,-25851,42618,-29484.6,35186.0,7.8,-0.060,10367678,LOCKED
37238,273.085,-233635860534852,14095,82564,-29438.3,35198.1,7.7,-0.060,10474473,LOCKED
37239,274.086,-233635860537406,37293,105762,-29319.2,35316.5,7.9,-0.065,10446988,LOCKED
37240,275.086,-233635860616559,-13128,55341,-29268.4,34896.5,7.9,-0.065,10566951,LOCKED
37241,276.086,-233635860607870,21566,90035,-29143.9,34369.1,7.9,-0.064,10669364,LOCKED
37242,277.086,-233635860679937,-20585,47884,-29147.5,34391.0,7.8,-0.063,10688039,LOCKED
37243,278.086,-233635860666526,19104,87573,-29038.2,33985.3,7.4,-0.058,10789020,LOCKED
37244,279.086,-233635860770024,-53472,14997,-29041.7,34042.3,7.4,-0.056,10777186,LOCKED
37245,280.086,-233635860763314,-15669,52800,-29116.5,33911.4,7.5,-0.056,10871336,LOCKED
37246,281.086,-233635860766067,10560,79029,-29127.5,33864.8,7.5,-0.058,10962179,LOCKED
37247,282.086,-233635860755174,47171,115640,-29038.5,34461.8,7.5,-0.056,10950764,LOCKED
37248,283.086,-233635860854776,-21711,46758,-29085.0,34581.6,7.6,-0.054,11055292,LOCKED
37249,284.086,-233635860859061,4639,73108,-29168.9,33843.9,7.3,-0.062,11140476,LOCKED
37250,285.086,-233635860849784,41764,110233,-29173.6,33781.0,7.5,-0.065,11239408,LOCKED
37251,286.086,-233635860960501,-36174,32295,-29290.6,33883.2,7.2,-0.073,11218863,LOCKED
37252,287.086,-233635860923009,27423,95892,-29179.7,33738.0,7.1,-0.070,11347065,LOCKED
37253,288.086,-233635861044946,-59585,8884,-29363.1,34152.0,7.1,-0.066,11315044,LOCKED
37254,289.087,-233635861033892,-17647,50822,-29408.4,34217.8,7.8,-0.069,11415710,LOCKED
37255,290.087,-233635861030044,14000,82469,-29352.7,34185.1,7.9,-0.063,11511641,LOCKED
37256,291.086,-233635861024547,44731,113200,-29224.7,34507.7,8.6,-0.065,11608127,LOCKED
37257,292.087,-233635861144684,-41954,26515,-29362.6,34617.7,8.7,-0.067,11575791,LOCKED
37258,293.087,-233635861150830,-17074,51395,-29416.0,34647.7,8.8,-0.059,11662289,LOCKED
37259,294.087,-233635861149164,12756,81225,-29375.7,34663.1,9.0,-0.060,11755047,LOCKED
37260,295.087,-233635861156062,31875,100344,-29263.6,34660.7,9.4,-0.047,11726111,LOCKED
37261,296.087,-233635861263007,-44194,24275,-29269.3,34733.2,9.5,-0.034,11828825,LOCKED
37262,297.087,-233635861206335,38420,106889,-29169.7,35034.1,9.8,-0.016,11967205,LOCKED
37263,298.087,-233635861334294,-57765,10704,-29201.4,35495.4,9.9,-0.011,11931853,LOCKED
37264,299.087,-233635861324965,-16298,52171,-29318.7,34894.3,10.1,-0.030,12031751,LOCKED
37265,300.087,-233635861320906,16297,84766,-29307.4,34939.0,10.4,-0.057,12125559,LOCKED
37266,301.087,-233635861326407,36982,105451,-29215.5,35236.2,10.5,-0.067,12102619,LOCKED
37267,302.087,-233635861421353,-28442,40027,-29183.2,34870.5,10.4,-0.057,12210689,LOCKED
37268,303.087,-233635861390283,30810,99279,-29185.3,34850.4,10.6,-0.078,12328427,LOCKED
37269,304.087,-233635861493973,-40825,27644,-29258.4,35288.4,10.5,-0.066,12316403,LOCKED
37270,305.087,-233635861477691,3364,71833,-29197.5,35033.4,10.6,-0.067,12422412,LOCKED
37271,306.087,-233635861479624,30339,98808,-29233.9,34585.8,10.6,-0.070,12511322,LOCKED
37272,307.087,-233635861552881,-13520,54949,-29219.4,34508.1,10.4,-0.092,12527713,LOCKED
37273,308.087,-233635861550417,15572,84041,-29117.9,34092.0,10.1,-0.097,12618951,LOCKED
37274,309.088,-233635861656956,-57652,10817,-29228.2,34972.1,10.2,-0.110,12603166,LOCKED
37275,310.088,-233635861646937,-18322,50147,-29201.7,34765.1,9.8,-0.113,12705741,LOCKED
37276,311.088,-233635861640800,17768,86237,-29268.3,34016.2,9.5,-0.115,12798736,LOCKED
37277,312.088,-233635861740541,-48653,19816,-29386.4,34558.5,9.5,-0.124,12793702,LOCKED
37278,313.088,-233635861740462,-18459,50010,-29391.5,34584.7,9.1,-0.124,12881628,LOCKED
37279,314.088,-233635861743497,6015,74484,-29309.0,34142.2,9.1,-0.122,12965721,LOCKED
37280,315.088,-233635861738587,38380,106849,-29281.8,34398.0,9.0,-0.121,13063559,LOCKED
37281,316.088,-233635861859536,-49292,19177,-29396.1,34976.6,9.0,-0.120,13034360,LOCKED
37282,317.088,-233635861834180,5760,74229,-29420.4,34883.5,9.0,-0.119,13151486,LOCKED
37283,318.088,-233635861836560,30926,99395,-29379.8,35119.6,9.0,-0.124,13236140,LOCKED
37284,319.088,-233635861942885,-43724,24745,-29419.8,35504.6,8.9,-0.122,13221799,LOCKED
37285,320.088,-233635861937432,-6404,62065,-29529.5,34686.9,9.0,-0.127,13318115,LOCKED
37286,321.088,-233635861932973,27620,96089,-29577.3,34084.0,8.7,-0.129,13412569,LOCKED
37287,322.088,-233635861937095,49009,117478,-29459.0,34637.0,9.0,-0.137,13387634,LOCKED
37288,323.088,-233635862025448,-7172,61297,-29580.5,33607.7,9.3,-0.143,13502634,LOCKED
37289,324.088,-233635862015138,31153,99622,-29555.4,33795.5,9.3,-0.144,13604797,LOCKED
37290,325.089,-233635862122445,-44405,24064,-29589.2,34159.4,9.3,-0.145,13587719,LOCKED
37291,326.088,-233635862133403,-21922,46547,-29742.1,33123.1,9.3,-0.145,13683431,LOCKED
37292,327.089,-233635862183970,-40247,28222,-29798.0,33551.7,9.4,-0.139,13709544,LOCKED
37293,328.089,-233635862194961,-21293,47176,-29769.7,33290.2,9.4,-0.138,13790992,LOCKED
37294,329.089,-233635862203745,156,68625,-29792.8,33241.1,9.6,-0.140,13869593,LOCKED
37295,330.089,-233635862210666,20895,89364,-29722.7,33261.5,9.2,-0.136,13956013,LOCKED
37296,331.089,-233635862245759,13197,81666,-29630.2,32873.8,9.4,-0.136,14052825,LOCKED
37297,332.089,-233635862316328,-24739,43730,-29736.7,32682.2,9.6,-0.136,14044657,LOCKED
37298,333.089,-233635862278110,40329,108798,-29662.0,33136.4,9.8,-0.135,14159561,LOCKED
37299,334.089,-233635862381836,-32574,35895,-29664.7,33164.6,10.1,-0.138,14144203,LOCKED
37300,335.089,-233635862363746,14778,83247,-29669.5,33140.0,10.3,-0.135,14252400,LOCKED
37301,336.089,-233635862352464,51434,119903,-29544.0,33757.3,10.1,-0.130,14351901,LOCKED
37302,337.089,-233635862423920,9540,78009,-29560.9,33682.0,10.0,-0.125,14374627,LOCKED
37303,338.089,-233635862411481,47427,115896,-29437.7,34151.7,9.9,-0.119,14482401,LOCKED
37304,339.089,-233635862499231,-8580,59889,-29536.7,33545.8,10.0,-0.112,14480777,LOCKED
37305,340.089,-233635862479584,38475,106944,-29496.2,33886.3,10.0,-0.111,14591258,LOCKED
37306,341.090,-233635862593067,-42943,25526,-29550.9,34347.6,9.8,-0.102,14569956,LOCKED
37307,342.089,-233635862577849,-8,68461,-29460.7,33629.6,9.9,-0.092,14674577,LOCKED
37308,343.089,-233635862567354,37854,106323,-29420.8,33958.2,9.9,-0.090,14772209,LOCKED
37309,344.089,-233635862679917,-42687,23704,-29477.6,34420.9,9.8,-0.076,14753545,LOCKED
37310,345.089,-233635862667014,-1896,64495,-29396.3,33792.0,9.8,-0.072,14852336,LOCKED
37311,346.090,-233635862642916,49235,115626,-29362.2,34209.2,9.6,-0.057,14972513,LOCKED
37312,347.089,-233635862698444,20344,86735,-29262.0,33955.3,9.2,-0.039,15003844,LOCKED
37313,348.090,-233635862704193,42759,109150,-29279.3,33699.0,9.0,-0.016,14975940,LOCKED
37314,349.090,-233635862792175,-14427,51964,-29329.9,33699.1,9.0,-0.018,15086876,LOCKED
37315,350.090,-233635862777245,27318,93709,-29251.7,33821.7,9.1,-0.026,15194626,LOCKED
37316,351.090,-233635862874375,-39728,26663,-29226.4,33450.1,9.1,-0.028,15188401,LOCKED
37317,352.090,-233635862868737,-3401,62990,-29292.7,33125.7,9.0,-0.017,15282752,LOCKED
37318,353.090,-233635862856207,36382,102773,-29253.0,33439.9,9.0,-0.020,15383991,LOCKED
37319,354.090,-233635862958761,-35102,31289,-29283.9,33694.2,9.0,-0.021,15373340,LOCKED
37320,355.090,-233635862946307,4876,71267,-29205.5,33263.5,9.1,-0.035,15480523,LOCKED
37321,356.090,-233635862957985,22112,88503,-29228.0,33059.9,9.0,-0.020,15561686,LOCKED
37322,357.090,-233635863036496,-27048,39343,-29188.9,32582.3,9.2,-0.007,15570835,LOCKED
37323,358.090,-233635863032830,6996,73387,-29259.0,31965.4,9.2,-0.001,15661263,LOCKED
37324,359.090,-233635863025378,41245,107636,-29206.8,32415.3,9.2,-0.000,15757392,LOCKED
37325,360.090,-233635863154065,-55199,11192,-29264.1,33129.8,9.3,-0.011,15719978,LOCKED
37326,361.090,-233635863168593,-39361,27030,-29252.6,32974.8,9.4,-0.021,15796129,LOCKED
37327,362.091,-233635863156719,2252,68643,-29280.3,32885.2,9.2,-0.021,15899832,LOCKED
37328,363.091,-233635863142445,41456,107847,-29135.4,32892.3,9.3,-0.029,16000874,LOCKED
37329,364.090,-233635863262007,-44818,21573,-29265.0,33216.9,9.2,-0.028,15977152,LOCKED
37330,365.090,-233635863252121,-5727,60664,-29252.5,33180.1,9.2,-0.034,16073580,LOCKED
37331,366.091,-233635863290267,-15032,51359,-29207.2,32776.1,9.1,-0.040,16167959,LOCKED
37332,367.091,-233635863318774,-13371,53020,-29232.1,32826.2,9.5,-0.051,16201429,LOCKED
37333,368.091,-233635863379343,-42811,23580,-29254.1,33082.2,9.3,-0.055,16313765,LOCKED
37334,369.091,-233635863377294,-9212,57179,-29351.6,32500.4,9.4,-0.058,16310236,LOCKED
37335,370.091,-233635863360632,34761,101152,-29309.2,32809.9,9.2,-0.055,16419693,LOCKED
37336,371.091,-233635863460755,-34553,31838,-29325.4,32964.4,9.0,-0.056,16408567,LOCKED
37337,372.091,-233635863445048,11282,77673,-29383.7,32441.1,9.0,-0.054,16512056,LOCKED
37338,373.091,-233635863435999,47075,113466,-29332.3,32976.8,8.9,-0.050,16612998,LOCKED
37339,374.091,-233635863542700,-28623,37768,-29366.7,33182.7,8.7,-0.050,16596259,LOCKED
37340,375.091,-233635863527886,13117,79508,-29268.6,32717.0,8.4,-0.045,16700905,LOCKED
37341,376.091,-233635863521957,46686,113077,-29266.3,32750.9,8.2,-0.040,16797746,LOCKED
37342,377.091,-233635863596488,1070,67461,-29250.8,32734.3,8.0,-0.039,16813938,LOCKED
37343,378.091,-233635863585644,37315,103706,-29123.7,32777.5,8.0,-0.036,16916566,LOCKED
37344,379.091,-233635863695575,-39390,27001,-29259.8,32802.9,7.7,-0.034,16892415,LOCKED
37345,380.091,-233635863702492,-15686,50705,-29300.6,32855.9,8.1,-0.028,16976029,LOCKED
37346,381.091,-233635863695627,18311,84702,-29224.5,32773.1,8.1,-0.026,17074829,LOCKED
37347,382.091,-233635863685372,52279,118670,-29040.6,32763.7,8.1,-0.027,17172969,LOCKED
37348,383.092,-233635863796118,-27473,38918,-29090.8,32975.0,8.0,-0.031,17152915,LOCKED
37349,384.092,-233635863786251,9499,75890,-29009.0,32612.3,8.1,-0.028,17254158,LOCKED
37350,385.092,-233635863779778,43331,109722,-29000.1,32729.8,8.1,-0.026,17348308,LOCKED
37351,386.092,-233635863893720,-38195,28196,-29104.4,33011.8,8.1,-0.024,17324833,LOCKED
37352,387.092,-233635863841596,41755,108146,-29111.1,32917.7,7.2,-0.011,17468488,LOCKED
37353,388.092,-233635863861308,48800,115191,-29076.7,33343.7,7.5,-0.007,17424485,LOCKED
37354,389.092,-233635863951319,-11040,55351,-29112.1,33354.2,7.5,-0.010,17535364,LOCKED
37355,390.092,-233635863945249,22172,88563,-29052.2,33450.2,7.5,-0.008,17632011,LOCKED
37356,391.092,-233635863956561,37064,103455,-28974.0,33811.1,7.4,-0.012,17599364,LOCKED
37357,392.092,-233635864043939,-18880,47511,-29063.5,33625.6,7.7,-0.016,17714742,LOCKED
37358,393.092,-233635864032626,19025,85416,-28973.6,33440.0,7.9,-0.022,17814479,LOCKED
37359,394.092,-233635864136984,-51373,15018,-29133.2,33733.4,7.9,-0.028,17798810,LOCKED
37360,395.092,-233635864126932,-11496,54895,-29148.1,33767.0,7.8,-0.035,17895289,LOCKED
37361,396.092,-233635864123059,18684,85075,-29039.5,33349.3,7.8,-0.034,17991978,LOCKED
37362,397.092,-233635864198922,-26459,39932,-29078.0,33536.7,7.9,-0.031,18004021,LOCKED
37363,398.092,-233635864208311,-7843,58548,-29012.2,32982.9,7.9,-0.029,18085907,LOCKED
37364,399.093,-233635864207637,20772,87163,-28994.1,33072.7,7.8,-0.040,18178234,LOCKED
37365,400.092,-233635864216567,36909,103300,-28862.5,33046.3,7.8,-0.039,18148385,LOCKED
37366,401.093,-233635864317513,-31472,34919,-28992.2,32818.4,7.9,-0.034,18249175,LOCKED
37367,402.092,-233635864322694,-7084,59307,-29008.7,32830.9,7.8,-0.035,18344892,LOCKED
37368,403.092,-233635864381632,-35831,30560,-29007.1,32812.3,7.8,-0.023,18331400,LOCKED
37369,404.092,-233635864399230,-21316,45075,-29124.3,32354.2,7.8,-0.044,18435611,LOCKED
37370,405.092,-233635864379780,25733,92124,-29092.2,32526.7,7.8,-0.049,18543614,LOCKED
37371,406.093,-233635864481478,-45363,21028,-29090.8,32506.1,7.8,-0.039,18534670,LOCKED
37372,407.093,-233635864418982,42507,108898,-28978.9,32887.6,7.9,-0.045,18686750,LOCKED
37373,408.093,-233635864532906,-41263,25128,-28967.9,32730.9,7.8,-0.054,18661433,LOCKED
37374,409.093,-233635864507425,12650,79041,-28962.7,32749.8,7.8,-0.061,18780321,LOCKED
37375,410.093,-233635864600382,-49140,17251,-28989.1,33101.6,7.8,-0.063,18775842,LOCKED
37376,411.093,-233635864583880,-2295,64096,-29051.9,32789.2,7.7,-0.069,18877837,LOCKED
37377,412.093,-233635864570650,37427,103818,-28988.4,33180.3,7.7,-0.073,18985638,LOCKED
37378,413.093,-233635864678344,-39980,26411,-28985.6,33144.6,7.7,-0.075,18962563,LOCKED
37379,414.093,-233635864666498,1815,68206,-29036.0,32884.9,7.6,-0.077,19066881,LOCKED
37380,415.093,-233635864665188,29773,96164,-28968.2,33110.6,7.6,-0.079,19158709,LOCKED
37381,416.094,-233635864677534,42450,108841,-28845.0,33395.1,7.7,-0.074,19239192,LOCKED
37382,417.093,-233635864760410,-10216,56175,-28895.1,33330.8,7.8,-0.061,19242737,LOCKED
37383,418.093,-233635864753383,23616,90007,-28831.6,33441.3,7.8,-0.057,19340022,LOCKED
37384,419.093,-233635864762724,38618,105009,-28675.3,33146.5,7.8,-0.060,19308154,LOCKED
37385,420.093,-233635864850878,-18018,48373,-28785.0,32681.1,7.7,-0.062,19419528,LOCKED
37386,421.093,-233635864854963,7382,73773,-28831.8,32367.9,7.7,-0.065,19505478,LOCKED
37387,422.093,-233635864854005,34603,100994,-28763.1,32701.4,8.0,-0.073,19597134,LOCKED
37388,423.093,-233635864970938,-51722,14669,-28767.6,32774.7,8.2,-0.081,19570619,LOCKED
37389,424.093,-233635864968044,-17420,48971,-28868.5,32406.1,8.2,-0.082,19664711,LOCKED
37390,425.093,-233635864966950,11885,78276,-28855.9,32439.9,8.2,-0.085,19755104,LOCKED
37391,426.093,-233635864976832,29317,95708,-28829.0,32628.4,8.2,-0.083,19726680,LOCKED
37392,427.094,-233635865040348,-4570,61821,-28860.7,32582.6,7.7,-0.088,19862771,LOCKED
37393,428.094,-233635865035133,29132,95523,-28890.9,32212.8,8.0,-0.095,19959320,LOCKED
37394,429.093,-233635865157066,-59168,7223,-29025.5,33113.7,7.9,-0.098,19925804,LOCKED
37395,430.094,-233635865148368,-20876,45515,-29018.6,33064.2,8.2,-0.102,20023959,LOCKED
37396,431.094,-233635865129909,26384,92775,-29051.9,32682.3,8.1,-0.105,20133101,LOCKED
37397,432.094,-233635865138984,43440,109831,-28980.7,33208.2,8.1,-0.105,20104522,LOCKED
37398,433.094,-233635865240738,-28645,37746,-28966.8,33064.5,8.2,-0.102,20200625,LOCKED
37399,434.094,-233635865228044,13491,79882,-29012.7,32674.7,8.1,-0.103,20305732,LOCKED
37400,435.094,-233635865236558,31716,98107,-28953.7,32956.3,8.2,-0.103,20275086,LOCKED
37401,436.094,-233635865335715,-37253,29138,-28952.3,32939.5,8.2,-0.101,20378754,LOCKED
37402,437.094,-233635865294756,30742,97133,-28909.3,33192.3,8.1,-0.105,20397104,LOCKED
37403,438.094,-233635865383600,-28435,37956,-28899.2,33091.7,8.2,-0.105,20508976,LOCKED
37404,439.094,-233635865379474,5807,72198,-28968.7,32520.3,8.1,-0.110,20605488,LOCKED
37405,440.094,-233635865386804,26540,92931,-28968.4,32523.0,7.9,-0.104,20575583,LOCKED
37406,441.094,-233635865470354,-26504,39887,-28999.8,32700.7,8.2,-0.104,20694820,LOCKED
37407,442.094,-233635865491547,-19064,47327,-28950.0,32162.9,8.2,-0.102,20787746,LOCKED
37408,443.094,-233635865548641,-43083,23308,-29081.1,32406.3,8.4,-0.108,20777232,LOCKED
37409,444.095,-233635865557407,-21405,44986,-29112.4,32532.9,8.4,-0.106,20872517,LOCKED
37410,445.094,-233635865536905,25089,91480,-29000.8,32288.2,8.4,-0.104,20984763,LOCKED
37411,446.095,-233635865647867,-51748,14643,-29166.5,32529.7,8.7,-0.102,20965489,LOCKED
37412,447.094,-233635865597153,25179,91570,-29063.2,32387.1,8.7,-0.099,21106588,LOCKED
37413,448.095,-233635865711891,-58105,8286,-29084.0,32736.3,8.5,-0.086,21083918,LOCKED
37414,449.095,-233635865706985,-22097,44294,-29146.3,32822.5,8.7,-0.080,21178860,LOCKED
37415,450.095,-233635865708294,4700,71091,-29103.0,32716.1,9.4,-0.071,21267196,LOCKED
37416,451.095,-233635865718246,20988,87379,-28997.2,32402.2,9.6,-0.062,21345352,LOCKED
37417,452.095,-233635865825376,-52911,13480,-29117.2,33122.1,9.4,-0.037,21331827,LOCKED
37418,453.095,-233635865824862,-22496,43895,-29118.2,33129.2,9.0,-0.012,21420752,LOCKED
37419,454.095,-233635865813156,18889,85280,-29177.3,32451.7,9.1,-0.031,21525211,LOCKED
37420,455.095,-233635865914701,-49456,16935,-29292.7,33064.9,9.1,-0.034,21511322,LOCKED
37421,456.095,-233635865909855,-14785,51606,-29294.2,33071.9,9.0,-0.021,21605352,LOCKED
37422,457.095,-233635865893347,30074,96465,-29298.0,33034.7,9.0,-0.021,21711811,LOCKED
37423,458.095,-233635865902931,46999,113390,-29239.2,33595.9,9.0,-0.020,21683040,LOCKED
37424,459.095,-233635866000676,-20681,45710,-29245.3,33632.2,8.9,-0.004,21783769,LOCKED
37425,460.095,-233635866003819,3804,70195,-29172.1,33238.9,8.7,0.015,21871337,LOCKED
37426,461.095,-233635865997149,38103,104494,-29159.7,33374.1,8.7,0.018,21968815,LOCKED
37427,462.095,-233635866110678,-42996,23395,-29248.9,33864.1,8.6,0.015,21944917,LOCKED
37428,463.095,-233635866112616,-13344,53047,-29341.8,33482.7,8.4,0.012,22034654,LOCKED
37429,464.096,-233635866098530,29165,88333,-29345.2,33450.1,8.5,0.002,22135613,LOCKED
37430,465.096,-233635866103259,49733,108901,-29229.0,34051.1,8.5,0.003,22218830,LOCKED
37431,466.096,-233635866214154,-28090,31078,-29371.2,33499.7,8.5,-0.007,22205828,LOCKED
37432,467.096,-233635866179057,32873,92041,-29253.6,33475.5,8.5,-0.006,22213554,LOCKED
37433,468.096,-233635866268638,-24104,35064,-29378.2,33025.6,8.4,-0.013,22325239,LOCKED
37434,469.096,-233635866270215,3330,62498,-29365.7,33024.7,8.5,-0.019,22415345,LOCKED
37435,470.096,-233635866271569,31284,90452,-29415.0,32304.6,8.5,-0.017,22506042,LOCKED
37436,471.096,-233635866274484,54577,113745,-29348.3,33067.9,8.5,-0.022,22479024,LOCKED
37437,472.096,-233635866378013,-19224,39944,-29334.9,32969.6,8.9,-0.032,22580691,LOCKED
37438,473.096,-233635866374986,13960,73128,-29398.6,32309.5,9.0,-0.036,22671535,LOCKED
37439,474.096,-233635866375685,40288,99456,-29349.2,32728.4,9.0,-0.039,22649685,LOCKED
37440,475.096,-233635866467382,-21265,37903,-29352.8,32752.1,9.0,-0.037,22760179,LOCKED
37441,476.096,-233635866488493,-13402,45766,-29311.8,32420.4,8.9,-0.033,22833898,LOCKED
37442,477.096,-233635866562784,-54094,5074,-29432.5,33182.0,8.1,-0.027,22849496,LOCKED
37443,478.096,-233635866569585,-30043,29125,-29452.2,33334.4,7.9,-0.027,22928495,LOCKED
37444,479.096,-233635866562690,4590,63758,-29375.6,32913.9,7.9,-0.025,23024482,LOCKED
37445,480.096,-233635866596229,957,60125,-29403.3,32835.4,8.0,-0.026,23117543,LOCKED
37446,481.097,-233635866676313,-46738,12430,-29472.2,33427.9,8.0,-0.024,23090847,LOCKED
37447,482.097,-233635866671391,-12765,46403,-29430.2,33099.5,8.0,-0.028,23193707,LOCKED
37448,483.097,-233635866664348,23790,82958,-29473.8,32592.8,7.9,-0.029,23295435,LOCKED
37449,484.097,-233635866761671,-40566,18602,-29578.0,32955.7,7.9,-0.030,23280617,LOCKED
37450,485.097,-233635866790264,-37309,21859,-29627.6,33320.1,8.0,-0.030,23369716,LOCKED
37451,486.097,-233635866747206,32140,91308,-29522.0,33387.5,7.8,-0.026,23472616,LOCKED
37452,487.097,-233635866830045,-19707,39461,-29561.4,33492.4,7.8,-0.023,23483958,LOCKED
37453,488.097,-233635866860419,-20221,38947,-29542.4,33338.7,7.7,-0.026,23586120,LOCKED
37454,489.097,-233635866809384,58427,117595,-29544.9,33291.5,7.7,-0.023,23683920,LOCKED
37455,490.097,-233635866920906,-21228,37940,-29623.7,33260.6,7.7,-0.028,23664470,LOCKED
37456,491.097,-233635866908263,18938,78106,-29552.0,33226.2,7.7,-0.025,23766216,LOCKED
37457,492.097,-233635866893550,57604,116772,-29372.7,33591.8,7.7,-0.023,23761335,LOCKED
37458,493.097,-233635866974704,6197,65365,-29401.4,33462.2,7.8,-0.016,23880410,LOCKED
37459,494.097,-233635866963852,42824,101992,-29294.4,33874.0,7.6,-0.006,23982987,LOCKED
37460,495.097,-233635867079199,-41809,17359,-29294.5,33875.4,7.9,-0.003,23955606,LOCKED
37461,496.097,-233635867067728,-86,59082,-29341.5,33680.8,7.5,0.009,24059804,LOCKED
37462,497.097,-233635867145000,-46285,12883,-29349.5,33790.2,7.8,0.015,24071371,LOCKED
37463,498.097,-233635867145768,-16002,43166,-29406.5,33785.7,7.8,0.021,24161502,LOCKED
37464,499.097,-233635867133075,23890,83058,-29337.7,33877.4,7.7,0.028,24265072,LOCKED
37465,500.098,-233635867125657,55394,114562,-29171.8,34291.1,7.6,0.036,24363509,LOCKED
37466,501.098,-233635867237395,-25057,34111,-29234.1,34430.3,7.6,0.035,24339580,LOCKED
37467,502.097,-233635867230464,10519,69687,-29222.7,34455.6,7.8,0.048,24437996,LOCKED
37468,503.098,-233635867215378,52323,111491,-29186.7,34914.6,7.8,0.047,24542315,LOCKED
37469,504.098,-233635867339088,-39066,20102,-29275.7,35279.5,7.7,0.061,24509336,LOCKED
37470,505.098,-233635867336434,-7867,51301,-29226.7,34958.3,7.5,0.080,24597675,LOCKED
37471,506.098,-233635867328729,28630,87798,-29253.0,34670.3,7.6,0.066,24699273,LOCKED
37472,507.098,-233635867410439,-23420,35748,-29234.0,34503.2,7.5,0.069,24702287,LOCKED
37473,508.098,-233635867411804,5816,64984,-29310.9,33846.6,7.4,0.075,24796714,LOCKED
37474,509.098,-233635867384926,58596,117764,-29241.0,34676.4,7.8,0.052,24914319,LOCKED
37475,510.098,-233635867488088,-14662,44506,-29249.1,34706.9,8.0,0.012,24900105,LOCKED
37476,511.098,-233635867500589,967,60135,-29195.7,34475.4,8.0,0.004,24979299,LOCKED
37477,512.098,-233635867491323,38411,97579,-29209.7,34294.6,8.0,-0.005,25078366,LOCKED
37478,513.098,-233635867591645,-29959,29209,-29294.6,34443.6,7.9,-0.011,25072694,LOCKED
37479,514.098,-233635867574395,14836,74004,-29233.3,34393.8,8.1,-0.025,25172719,LOCKED
37480,515.098,-233635867570893,46152,105320,-29240.4,34288.2,8.1,-0.026,25269120,LOCKED
37481,516.098,-233635867671047,-22551,36617,-29311.5,34337.8,8.0,-0.029,25257663,LOCKED
37482,517.098,-233635867624467,49013,108181,-29180.4,34801.4,8.1,-0.041,25283970,LOCKED
37483,518.098,-233635867731499,-28594,30574,-29144.8,34381.9,8.1,-0.040,25376094,LOCKED
37484,519.098,-233635867728022,4343,63511,-29167.5,34306.5,8.0,-0.041,25472160,LOCKED
37485,520.098,-233635867720124,38460,97628,-29086.7,34686.2,7.8,-0.042,25571110,LOCKED
37486,521.098,-233635867837081,-47708,11460,-29090.9,34745.1,7.9,-0.049,25542876,LOCKED
37487,522.098,-233635867822255,-2289,56879,-29160.9,34368.0,7.9,-0.056,25642250,LOCKED
37488,523.098,-233635867849813,-203,58965,-29184.3,34321.6,7.9,-0.061,25743946,LOCKED
37489,524.099,-233635867919075,-38635,20533,-29200.8,34493.0,7.9,-0.060,25729019,LOCKED
37490,525.099,-233635867920054,-11547,47621,-29125.8,33731.1,8.2,-0.070,25820835,LOCKED
37491,526.099,-233635867895198,40477,99645,-29097.1,34019.4,8.2,-0.069,25936416,LOCKED
37492,527.099,-233635867956863,6065,65233,-29016.5,33595.4,8.2,-0.072,25963346,LOCKED
37493,528.099,-233635867940012,49145,108313,-28961.3,34167.6,8.2,-0.071,26071789,LOCKED
37494,529.099,-233635868044523,-25028,34140,-28987.3,34308.2,8.2,-0.070,26060918,LOCKED
37495,530.099,-233635868017437,27770,86938,-28872.5,34133.4,8.2,-0.071,26175426,LOCKED
37496,531.099,-233635868111786,-37496,21672,-28820.3,33281.1,8.2,-0.070,26167626,LOCKED
37497,532.099,-233635868108917,-5292,53876,-28836.8,33284.1,8.0,-0.072,26263788,LOCKED
37498,533.099,-233635868098027,31287,90455,-28734.2,33349.3,8.0,-0.072,26364986,LOCKED
37499,534.099,-233635868197577,-38902,20266,-28700.1,32823.4,8.1,-0.074,26354821,LOCKED
37500,535.099,-233635868184478,2776,61944,-28698.8,32824.4,8.0,-0.071,26455067,LOCKED
37501,536.099,-233635868178221,35093,94261,-28627.6,33160.0,7.8,-0.067,26439527,LOCKED
37502,537.099,-233635868222460,19498,78666,-28660.9,32852.3,7.7,-0.063,26594697,LOCKED
37503,538.100,-233635868329238,-54186,4982,-28788.5,33571.2,7.8,-0.065,26580027,LOCKED
37504,539.100,-233635868304411,-995,58173,-28766.0,33518.8,7.7,-0.062,26693060,LOCKED
37505,540.099,-233635868317109,13760,72928,-28724.4,33543.4,7.8,-0.063,26771805,LOCKED
37506,541.099,-233635868329190,29765,88933,-28742.6,33342.6,7.7,-0.060,26737961,LOCKED
37507,542.100,-233635868428575,-37944,21224,-28823.6,33719.7,7.8,-0.060,26841034,LOCKED
37508,543.099,-233635868418865,-305,58863,-28779.1,33538.8,7.7,-0.055,26937012,LOCKED
37509,544.100,-233635868414827,31767,90935,-28795.4,33351.8,7.8,-0.055,26921491,LOCKED
37510,545.100,-233635868497513,-19265,39903,-28903.9,32950.3,8.2,-0.055,27039271,LOCKED
37511,546.100,-233635868489631,15525,74693,-28831.6,32832.6,8.3,-0.055,27139476,LOCKED
37512,547.100,-233635868552535,-16477,42691,-28906.0,32719.4,8.2,-0.046,27166109,LOCKED
37513,548.100,-233635868535281,28747,87915,-28907.9,32701.8,8.3,-0.037,27270654,LOCKED
37514,549.100,-233635868644022,-49400,9768,-28908.4,32710.7,8.1,-0.026,27252425,LOCKED
37515,550.100,-233635868639913,-14255,44913,-28989.3,32480.7,8.5,-0.021,27345963,LOCKED
37516,551.100,-233635868624670,27794,86962,-28928.3,32685.3,8.2,-0.007,27448663,LOCKED
37517,552.100,-233635868658821,19365,78533,-28802.9,32017.2,8.1,0.011,27422739,LOCKED
37518,553.100,-233635868735486,-26781,32387,-28842.6,32218.2,8.1,0.008,27523012,LOCKED
37519,554.100,-233635868769252,-31081,28087,-28821.5,31961.1,8.1,0.016,27609098,LOCKED
37520,555.100,-233635868821003,-49115,10053,-28980.3,32159.6,8.1,0.013,27594586,LOCKED
37521,556.100,-233635868833560,-30377,28791,-29043.6,32413.9,8.1,0.012,27693770,LOCKED
37522,557.100,-233635868899820,-61351,0,-29248.2,32611.4,8.3,-0.017,27716173,LOCKED
37523,558.101,-233635868887160,-17081,44270,-29336.0,32386.2,8.3,-0.015,27817400,LOCKED
37524,559.101,-233635868920651,-20061,41290,-29360.3,32489.7,8.3,-0.011,27900513,LOCKED
37525,560.101,-233635868888648,37194,98545,-29220.2,32365.2,8.2,-0.007,27997307,LOCKED
37526,561.101,-233635869002398,-43073,18278,-29358.1,32533.3,8.2,-0.001,27973486,LOCKED
37527,562.101,-233635868990512,-1601,59750,-29366.6,32531.0,8.4,-0.024,28078384,LOCKED
37528,563.101,-233635868965865,47641,108992,-29211.4,32699.7,8.5,-0.029,28191067,LOCKED
37529,564.101,-233635869072979,-26659,34692,-29344.1,32218.1,8.5,-0.020,28176853,LOCKED
37530,565.101,-233635869048878,25758,87109,-29336.5,32276.7,8.1,-0.015,28287941,LOCKED
37531,566.101,-233635869050192,49782,111133,-29222.8,32913.6,8.0,-0.019,28373619,LOCKED
37532,567.101,-233635869154482,-22487,38864,-29323.0,32719.1,7.9,-0.022,28362195,LOCKED
37533,568.101,-233635869157675,3734,65085,-29333.7,32695.6,7.8,-0.024,28449627,LOCKED
37534,569.101,-233635869147765,38657,100008,-29185.6,32525.1,8.0,-0.034,28551496,LOCKED
37535,570.101,-233635869254895,-35946,25405,-29290.1,32732.6,8.2,-0.042,28533222,LOCKED
37536,571.101,-233635869270035,-20053,41298,-29342.3,32819.0,8.0,-0.042,28612644,LOCKED
37537,572.101,-233635869264741,12719,74070,-29271.9,32652.1,8.5,-0.057,28704876,LOCKED
37538,573.101,-233635869260506,44594,105945,-29265.9,32733.7,8.4,-0.056,28799033,LOCKED
37539,574.101,-233635869367401,-31020,30331,-29313.3,32999.1,8.4,-0.056,28780876,LOCKED
37540,575.101,-233635869355967,7894,69245,-29236.3,32652.5,8.2,-0.054,28881113,LOCKED
37541,576.101,-233635869341517,49297,110648,-29206.2,33045.0,8.3,-0.047,28989480,LOCKED
37542,577.102,-233635869407778,10007,71358,-29113.0,32548.9,8.4,-0.052,29008898,LOCKED
37543,578.102,-233635869403542,41583,102934,-29095.1,32759.2,8.3,-0.050,29104858,LOCKED
37544,579.102,-233635869510300,-33751,27600,-29153.4,33078.1,8.3,-0.043,29085660,LOCKED
37545,580.102,-233635869507807,-3180,58171,-29095.2,32710.1,8.4,-0.037,29176761,LOCKED
37546,581.102,-233635869521325,13227,74578,-29158.0,32074.5,8.4,-0.037,29255975,LOCKED
37547,582.102,-233635869518830,42229,103580,-29098.0,32564.9,8.5,-0.040,29239022,LOCKED
37548,583.102,-233635869609176,-17598,43753,-29138.6,32643.8,8.7,-0.037,29351645,LOCKED
37549,584.102,-233635869601515,19509,80860,-29186.2,32131.9,9.1,-0.027,29446900,LOCKED
37550,585.102,-233635869596225,51175,112526,-29133.4,32750.7,9.5,-0.024,29432085,LOCKED
37551,586.102,-233635869689547,-13278,48073,-29098.2,32486.5,10.5,-0.013,29537716,LOCKED
37552,587.102,-233635869669600,33354,94705,-29035.1,32798.8,10.9,-0.008,29543859,LOCKED
37553,588.102,-233635869766788,-34198,27153,-29007.7,32426.3,10.8,-0.005,29639871,LOCKED
37554,589.102,-233635869776156,-12833,48518,-29071.2,32317.5,10.7,-0.002,29723998,LOCKED
37555,590.102,-233635869789286,1883,63234,-29014.0,32048.7,10.8,-0.001,29817015,LOCKED
37556,591.102,-233635869865612,-41393,19958,-29143.5,32238.2,10.8,0.005,29813941,LOCKED
37557,592.102,-233635869902730,-46018,15333,-29231.5,32833.4,10.8,0.010,29908936,LOCKED
37558,593.102,-233635869848296,34065,95416,-29112.1,32834.1,10.8,0.016,30013399,LOCKED
37559,594.103,-233635869961014,-45225,16126,-29249.0,33104.7,10.8,0.015,29989520,LOCKED
37560,595.102,-233635869939091,5373,66724,-29229.7,33103.9,10.7,0.021,30100923,LOCKED
37561,596.103,-233635869953256,17718,79069,-29125.5,32704.8,10.6,0.027,30183672,LOCKED
37562,597.103,-233635870015552,-15451,45900,-29099.8,32516.0,10.5,0.033,30207118,LOCKED
37563,598.103,-233635870011145,18416,79767,-29148.2,32007.5,10.5,0.033,30300893,LOCKED
37564,599.103,-233635870016235,39532,100883,-29069.4,32446.3,10.6,0.034,30276385,LOCKED
37565,600.103,-233635870130540,-43517,17834,-29104.4,32824.5,10.7,0.034,30362832,LOCKED
37566,601.103,-233635870142842,-26333,35018,-29079.3,32553.4,10.7,0.035,30445021,LOCKED
37567,602.103,-233635870138599,7459,68810,-29114.8,32350.6,10.8,0.034,30535935,LOCKED
37568,603.103,-233635870136270,36060,97411,-29035.1,32694.1,10.9,0.033,30626834,LOCKED
37569,604.103,-233635870255044,-51670,9681,-29047.8,32889.6,10.9,0.033,30602758,LOCKED
37570,605.103,-233635870242929,-9559,51792,-29078.5,32897.5,10.9,0.019,30703332,LOCKED
37571,606.103,-233635870239459,20558,81909,-28993.2,32794.4,11.2,0.012,30796381,LOCKED
37572,607.103,-233635870313911,-23178,38173,-29039.3,32942.3,11.3,0.007,30813571,LOCKED
37573,608.103,-233635870308879,8781,70132,-28950.0,32463.5,11.2,0.005,30907015,LOCKED
37574,609.104,-233635870302653,42245,103596,-28936.3,32633.6,11.2,-0.003,31003873,LOCKED
37575,610.103,-233635870422986,-45880,15471,-29020.7,33221.6,11.1,-0.008,30972933,LOCKED
37576,611.104,-233635870422072,-16249,45102,-28978.6,32843.9,11.1,-0.016,31064305,LOCKED
37577,612.104,-233635870424458,8429,69780,-28898.5,32471.9,11.0,-0.026,31147579,LOCKED
37578,613.103,-233635870421748,37687,99038,-28845.8,32856.5,11.0,-0.022,31129766,LOCKED
37579,614.104,-233635870526694,-35524,25827,-28928.6,33170.6,11.0,-0.034,31225374,LOCKED
37580,615.104,-233635870515447,5570,66921,-28983.1,32804.4,11.0,-0.033,31325962,LOCKED
37581,616.104,-233635870515977,32562,93913,-28965.5,32959.2,11.1,-0.020,31414178,LOCKED
37582,617.104,-233635870607073,-25638,35713,-29116.1,32117.0,10.9,-0.007,31416635,LOCKED
37583,618.104,-233635870612378,-922,60429,-29159.0,31957.3,11.0,0.001,31496986,LOCKED
37584,619.104,-233635870615495,24472,85823,-29168.0,31877.5,11.0,-0.003,31588623,LOCKED
37585,620.104,-233635870629968,35607,96958,-29052.2,31976.7,11.0,0.004,31555848,LOCKED
37586,621.104,-233635870733131,-34303,27048,-29201.6,31566.1,11.0,0.010,31652610,LOCKED
37587,622.104,-233635870763673,-32840,28511,-29284.8,31818.0,10.8,0.007,31743172,LOCKED
37588,623.104,-233635870727482,29275,90626,-29168.3,31665.7,10.6,0.012,31838897,LOCKED
37589,624.104,-233635870836156,-45726,15625,-29313.6,31872.0,10.6,0.015,31816119,LOCKED
37590,625.104,-233635870823886,-4275,57076,-29300.0,31835.2,10.6,0.011,31920777,LOCKED
37591,626.104,-233635870804859,39830,101181,-29158.7,31814.5,10.6,0.008,32032795,LOCKED
37592,627.104,-233635870886739,-11048,50303,-29231.0,31585.4,10.6,0.005,32038709,LOCKED
37593,628.104,-233635870882483,21201,82552,-29205.4,31703.6,10.6,0.007,32130718,LOCKED
37594,629.104,-233635870988794,-53363,7988,-29241.5,32214.8,10.3,0.003,32116242,LOCKED
37595,630.104,-233635870981743,-14470,46881,-29345.2,31698.4,10.1,0.003,32214001,LOCKED
37596,631.104,-233635870985873,11184,72535,-29385.5,31394.5,10.1,-0.001,32302089,LOCKED
37597,632.104,-233635870972374,50600,111951,-29299.2,32137.1,9.5,-0.012,32293549,LOCKED
37598,633.104,-233635871069751,-17468,43883,-29270.6,31895.7,9.8,-0.020,32400329,LOCKED
37599,634.105,-233635871068885,13247,74598,-29321.1,31431.2,9.8,-0.023,32490960,LOCKED
37600,635.104,-233635871063811,44670,106021,-29249.4,32007.1,9.8,-0.026,32586803,LOCKED
37601,636.105,-233635871176509,-37632,23719,-29243.1,31924.8,10.0,-0.030,32563989,LOCKED
37602,637.105,-233635871133592,32091,93442,-29176.7,32211.4,9.7,-0.036,32695623,LOCKED
37603,638.105,-233635871252582,-55326,6025,-29202.4,32610.6,9.7,-0.040,32667403,LOCKED
37604,639.105,-233635871243843,-15055,46296,-29291.8,32307.2,9.7,-0.039,32766771,LOCKED
37605,640.105,-233635871234353,22426,83777,-29265.2,32435.5,10.0,-0.041,32867993,LOCKED
37606,641.105,-233635871237711,44896,106247,-29171.1,32981.8,9.9,-0.045,32842561,LOCKED
37607,642.105,-233635871331857,-20196,41155,-29131.6,32584.1,9.6,-0.052,32949369,LOCKED
37608,643.105,-233635871320127,19865,81216,-29125.3,32620.7,9.9,-0.053,33050684,LOCKED
37609,644.105,-233635871339224,27280,88631,-29042.3,32716.9,9.6,-0.047,33013150,LOCKED
37610,645.105,-233635871437919,-41511,19840,-29015.5,32291.1,9.4,-0.040,33117314,LOCKED
37611,646.105,-233635871427440,-1717,59634,-29027.4,32284.6,8.5,-0.027,33214272,LOCKED
37612,647.105,-233635871515928,-58649,2702,-29053.9,32723.4,8.4,-0.018,33219305,LOCKED
37613,648.105,-233635871514336,-25393,35958,-29140.0,32746.9,8.4,-0.021,33308459,LOCKED
37614,649.105,-233635871498990,18067,79418,-29119.6,32826.9,8.6,-0.023,33415390,LOCKED
37615,650.105,-233635871515164,28672,90023,-29052.3,33030.7,9.3,-0.019,33377002,LOCKED
37616,651.105,-233635871612121,-35486,25865,-29177.4,33023.2,9.4,-0.013,33479871,LOCKED
37617,652.105,-233635871595407,11315,72666,-29241.0,32421.8,9.5,-0.006,33586110,LOCKED
37618,653.105,-233635871596777,35531,96882,-29120.5,32467.2,9.4,0.001,33673974,LOCKED
37619,654.106,-233635871721467,-54574,6777,-29298.2,32689.9,9.6,0.002,33641100,LOCKED
37620,655.106,-233635871714981,-17542,43809,-29330.4,32776.3,9.7,-0.001,33738117,LOCKED
37621,656.106,-233635871729492,-3002,58349,-29311.7,32726.1,9.7,-0.003,33834198,LOCKED
37622,657.106,-233635871769147,-11862,49489,-29364.8,32669.8,9.7,-0.004,33863398,LOCKED
37623,658.106,-233635871779324,6395,67746,-29329.7,32629.0,9.8,-0.003,33948049,LOCKED
37624,659.106,-233635871776641,34609,95960,-29200.6,32536.9,9.8,-0.038,34040658,LOCKED
37625,660.106,-233635871898911,-53255,8096,-29367.8,32836.3,9.7,-0.027,34012207,LOCKED
37626,661.106,-233635871914661,-36063,25288,-29483.5,32950.5,9.8,-0.045,34084064,LOCKED
37627,662.106,-233635871911578,-3285,58066,-29488.4,32953.4,9.7,-0.033,34180166,LOCKED
37628,663.106,-233635871933160,3247,64598,-29426.2,32664.8,9.8,-0.035,34255223,LOCKED
37629,664.106,-233635871996053,-26429,34922,-29568.6,32008.3,9.7,-0.037,34241687,LOCKED
37630,665.106,-233635872027372,-25751,35600,-29645.1,32107.3,9.8,-0.037,34333255,LOCKED
37631,666.107,-233635872012297,17298,78649,-29591.8,32143.9,9.3,-0.003,34437569,LOCKED
37632,667.106,-233635872086181,-24231,37120,-29687.2,32050.1,9.2,0.018,34455951,LOCKED
37633,668.106,-233635872116522,-23317,38034,-29725.5,32205.5,9.0,0.014,34552225,LOCKED
37634,669.106,-233635872072032,46363,107714,-29579.7,32433.4,9.1,0.025,34651013,LOCKED
37635,670.107,-233635872177674,-26108,35243,-29712.8,31918.2,9.5,0.043,34639623,LOCKED
37636,671.106,-233635872155380,25000,86351,-29710.3,31938.4,9.6,0.051,34752867,LOCKED
37637,672.107,-233635872157090,49453,110804,-29618.3,32634.2,9.4,0.048,34731495,LOCKED
37638,673.107,-233635872234687,135,61486,-29552.6,32238.4,9.4,0.054,34853573,LOCKED
37639,674.107,-233635872220830,41895,103246,-29541.4,32380.1,9.5,0.061,34958505,LOCKED
37640,675.106,-233635872330508,-35899,25452,-29596.7,32739.7,9.4,0.059,34941845,LOCKED
37641,676.107,-233635872325101,-1918,59433,-29543.2,32443.3,9.4,0.051,35034326,LOCKED
37642,677.107,-233635872398752,-42135,16514,-29664.3,32740.2,9.2,0.050,35053831,LOCKED
37643,678.107,-233635872396506,-9362,49287,-29691.2,32754.9,9.2,0.056,35144089,LOCKED
37644,679.107,-233635872378608,35079,93728,-29594.8,32989.4,9.2,0.056,35256289,LOCKED
37645,680.107,-233635872483558,-38911,19738,-29597.1,33016.8,9.0,0.056,35242593,LOCKED
37646,681.108,-233635872482488,-6551,52098,-29669.4,32690.7,8.8,0.058,35332697,LOCKED
37647,682.107,-233635872481362,23942,82591,-29694.5,32439.2,9.0,0.053,35425937,LOCKED
37648,683.107,-233635872470703,59253,117902,-29545.3,33237.4,8.9,0.050,35417831,LOCKED
37649,684.108,-233635872566449,-4850,53799,-29640.3,32560.9,8.7,0.053,35523552,LOCKED
37650,685.107,-233635872562143,27573,86222,-29611.4,32741.0,8.7,0.054,35615798,LOCKED
37651,686.107,-233635872566453,48176,106825,-29460.7,32991.6,8.8,0.051,35701735,LOCKED
37652,687.108,-233635872657568,-12259,46390,-29500.2,33004.0,8.9,0.048,35701738,LOCKED
37653,688.108,-233635872649557,22867,81516,-29421.0,33011.0,8.8,0.049,35800598,LOCKED
37654,689.108,-233635872654431,46071,104720,-29431.7,32842.1,8.9,0.048,35775160,LOCKED
37655,690.110,-233635872752706,-20702,37947,-29499.1,32874.4,9.1,0.048,35875934,LOCKED
37656,691.108,-233635872769878,-8019,50630,-29503.2,32883.3,9.1,0.047,35955745,LOCKED
37657,692.108,-233635872755796,31626,90275,-29362.1,32493.8,9.2,0.044,36056941,LOCKED
37658,693.108,-233635872790366,25190,83839,-29343.7,32612.3,9.1,0.042,36024018,LOCKED
37659,694.108,-233635872862477,-16947,41702,-29346.5,32626.6,9.1,0.044,36128252,LOCKED
37660,695.108,-233635872927047,-50454,8195,-29346.8,32631.6,9.2,0.045,36221170,LOCKED
37661,696.108,-233635872858968,44963,103612,-29322.9,32923.4,9.5,0.040,36202735,LOCKED
37662,697.108,-233635872915323,15422,74071,-29225.3,32533.2,9.5,0.043,36349087,LOCKED
37663,698.108,-233635872907825,50292,108941,-29218.0,32646.8,9.5,0.046,36335376,LOCKED
37664,699.108,-233635872978355,8716,67365,-29219.5,32642.3,9.5,0.049,36467735,LOCKED
37665,700.108,-233635872975817,36882,95531,-29104.4,32792.4,9.8,0.045,36449175,LOCKED
37666,701.108,-233635873058254,-17308,41341,-29033.3,31924.8,9.8,0.049,36567748,LOCKED
37667,702.109,-233635873045740,22792,81441,-29000.2,32070.2,9.8,0.053,36673175,LOCKED
37668,703.108,-233635873155643,-55579,3070,-29032.0,32552.6,9.8,0.050,36650750,LOCKED
37669,704.108,-233635873150788,-21879,36770,-28986.3,32032.8,10.0,0.053,36745108,LOCKED
37670,705.108,-233635873149279,8696,67345,-29004.8,31948.3,10.2,0.057,36838208,LOCKED
37671,706.108,-233635873154025,30170,88819,-28918.1,32103.6,10.4,0.060,36923914,LOCKED
37672,707.108,-233635873205901,8006,66655,-28970.5,31707.0,10.4,0.057,36960797,LOCKED
37673,708.109,-233635873218504,23112,81761,-28947.0,31834.8,10.4,0.063,37037561,LOCKED
37674,709.109,-233635873338339,-64528,0,-28999.2,32679.7,10.4,0.057,37010237,LOCKED
37675,710.110,-233635873328872,-25957,38571,-28961.1,32224.8,10.2,0.039,37110147,LOCKED
37676,711.109,-233635873334838,-2172,62356,-28996.3,32134.2,10.1,0.031,37192768,LOCKED
37677,712.109,-233635873338536,20740,85268,-28913.5,32056.4,10.2,0.006,37278491,LOCKED
37678,713.109,-233635873454657,-64032,496,-28926.5,32313.1,10.2,-0.002,37256926,LOCKED
37679,714.109,-233635873443007,-20680,43848,-29028.5,32032.5,10.2,-0.024,37353958,LOCKED
37680,715.109,-233635873446457,4757,69285,-29029.5,32030.8,10.1,-0.014,37445947,LOCKED
37681,716.109,-233635873457827,20660,85188,-28977.6,32130.3,10.1,-0.019,37525243,LOCKED
37682,717.109,-233635873526279,-17580,46948,-29009.0,32218.9,10.1,-0.023,37543354,LOCKED
37683,718.109,-233635873539283,-2067,62461,-28981.3,32128.8,10.1,-0.048,37620812,LOCKED
37684,719.109,-233635873536981,25627,90155,-28847.5,31575.5,10.0,-0.052,37601654,LOCKED
37685,720.109,-233635873650107,-53561,10967,-29008.6,31982.1,10.0,-0.058,37686209,LOCKED
37686,721.109,-233635873664592,-35511,29017,-29122.8,32092.5,10.0,-0.061,37762950,LOCKED
37687,722.110,-233635873656725,1407,65935,-29121.6,32092.9,10.0,-0.065,37863497,LOCKED
37688,723.109,-233635873652835,31954,96482,-29053.7,32371.8,10.0,-0.068,37954139,LOCKED
37689,724.110,-233635873776493,-57729,6799,-29199.5,33127.9,10.0,-0.062,37923082,LOCKED
37690,725.110,-233635873761616,-11719,52809,-29275.1,32891.3,10.0,-0.056,38030493,LOCKED
37691,726.110,-233635873787794,-8407,56121,-29271.6,32880.9,10.0,-0.060,38118815,LOCKED
37692,727.110,-233635873824073,-13285,51243,-29354.2,32608.6,10.2,-0.070,38145982,LOCKED
37693,728.110,-233635873832821,8100,72628,-29406.0,32224.5,10.3,-0.065,38229039,LOCKED
37694,729.110,-233635873832340,34385,98913,-29286.2,32233.2,10.0,-0.067,38321496,LOCKED
37695,730.110,-233635873954293,-53197,11331,-29447.5,32609.2,9.3,-0.062,38291548,LOCKED
37696,731.111,-233635873971668,-38727,25801,-29500.9,33011.2,9.0,-0.062,38374498,LOCKED
37697,732.110,-233635873932845,26495,91023,-29392.5,32858.9,9.0,-0.063,38490103,LOCKED
37698,733.110,-233635874036939,-44755,19773,-29487.7,33391.3,8.9,-0.068,38476103,LOCKED
37699,734.110,-233635874020920,-350,64178,-29432.9,33114.8,8.6,-0.067,38582938,LOCKED
37700,735.110,-233635873998463,49738,114266,-29427.2,33202.0,8.5,-0.067,38697542,LOCKED
37701,736.110,-233635874113157,-32782,31746,-29507.6,33451.8,8.6,-0.064,38669750,LOCKED
37702,737.110,-233635874064657,44262,108790,-29534.0,33018.9,8.8,-0.068,38810211,LOCKED
37703,738.110,-233635874190232,-47408,17120,-29669.9,33391.5,8.4,-0.065,38777725,LOCKED
37704,739.110,-233635874172938,-872,63656,-29647.5,33339.9,8.4,-0.064,38882127,LOCKED
37705,740.110,-233635874174668,27310,91838,-29706.0,32517.3,8.4,-0.059,38973734,LOCKED
37706,741.110,-233635874172790,56169,120697,-29665.6,33095.0,8.5,-0.055,39061781,LOCKED
37707,742.111,-233635874295756,-34627,29901,-29731.1,33425.4,8.4,-0.057,39031107,LOCKED
37708,743.111,-233635874299689,-9465,55063,-29684.0,33085.0,8.5,-0.057,39116347,LOCKED
37709,744.111,-233635874292191,26834,91362,-29685.3,33073.7,8.5,-0.055,39217164,LOCKED
37710,745.111,-233635874288333,56270,120798,-29577.1,33936.8,8.4,-0.053,39310211,LOCKED
37711,746.111,-233635874410671,-35222,29306,-29580.8,33976.2,8.4,-0.055,39278096,LOCKED
37712,747.111,-233635874389769,15182,79710,-29602.2,33834.9,8.5,-0.056,39388990,LOCKED
37713,748.110,-233635874384707,46309,110837,-29505.5,34393.3,8.5,-0.058,39488161,LOCKED
37714,749.111,-233635874503672,-41537,22991,-29515.6,34512.7,8.5,-0.060,39454348,LOCKED
37715,750.111,-233635874509926,-16020,48508,-29599.8,34307.3,8.2,-0.069,39540046,LOCKED
37716,751.111,-233635874508315,14948,79476,-29612.8,34232.9,8.2,-0.072,39633723,LOCKED
37717,752.111,-233635874504253,44784,109312,-29498.6,34659.3,8.2,-0.077,39724016,LOCKED
37718,753.111,-233635874524758,49672,114200,-29379.5,35222.5,8.2,-0.074,39685636,LOCKED
37719,754.111,-233635874618884,-13380,51148,-29440.6,35148.9,8.3,-0.071,39794639,LOCKED
37720,755.111,-233635874622646,13450,77978,-29519.7,34286.9,8.5,-0.076,39878673,LOCKED
37721,756.112,-233635874608207,52494,117022,-29365.4,34687.3,8.1,-0.091,39983153,LOCKED
37722,757.111,-233635874691503,-1771,62757,-29346.0,34644.4,8.1,-0.090,39988000,LOCKED
37723,758.111,-233635874701180,15051,79579,-29231.1,34020.6,8.2,-0.088,40074229,LOCKED
37724,759.111,-233635874703322,38959,103487,-29139.6,34382.6,8.2,-0.085,40047950,LOCKED
37725,760.111,-233635874801671,-29858,34670,-29109.1,34021.6,7.7,-0.107,40151461,LOCKED
37726,761.112,-233635874795382,5309,69837,-29106.6,34025.2,7.6,-0.117,40247297,LOCKED
37727,762.112,-233635874816307,11358,75886,-29020.7,33674.0,7.9,-0.090,40334599,LOCKED
37728,763.111,-233635874901197,-40277,24251,-29161.8,33675.7,8.0,-0.081,40324921,LOCKED
37729,764.112,-233635874935531,-42146,22382,-29253.9,34129.3,7.8,-0.064,40411661,LOCKED
37730,765.112,-233635874882732,36707,101235,-29157.8,34403.5,7.6,-0.031,40520931,LOCKED
37731,766.112,-233635874989443,-39693,24835,-29148.3,34280.3,7.3,0.001,40505098,LOCKED
37732,767.112,-233635874948930,27216,91744,-29058.3,34323.3,7.3,-0.009,40634209,LOCKED
37733,768.112,-233635874964482,36634,101162,-28918.4,34182.2,7.3,0.010,40599320,LOCKED
37734,769.112,-233635875032840,-1176,63352,-28996.5,33670.5,7.3,0.031,40733663,LOCKED
37735,770.112,-233635875025378,33255,97783,-28952.3,33954.6,7.3,0.035,40826447,LOCKED
37736,771.112,-233635875134892,-44751,19777,-29003.3,34429.0,7.3,0.026,40809520,LOCKED
37737,772.112,-233635875124421,-6281,58247,-28943.5,33999.6,7.3,0.033,40908638,LOCKED
37738,773.112,-233635875119567,27200,91728,-28973.3,33669.2,7.3,0.039,41000082,LOCKED
37739,774.112,-233635875237825,-57858,6670,-29084.7,34565.2,7.3,0.034,40976212,LOCKED
37740,775.112,-233635875222343,-13011,51517,-29076.8,34528.5,7.3,0.039,41084184,LOCKED
37741,776.112,-233635875220873,15196,79724,-28987.0,34243.4,7.3,0.043,41178381,LOCKED
37742,777.112,-233635875298924,-31651,32877,-29043.3,34512.0,7.3,0.047,41186931,LOCKED
37743,778.113,-233635875296281,-448,64080,-29018.8,34456.4,7.4,0.042,41279015,LOCKED
37744,779.113,-233635875295634,25760,90288,-28891.7,34046.8,7.4,0.045,41369286,LOCKED
37745,780.112,-233635875333135,17146,81674,-28920.0,33825.0,7.3,0.048,41423283,LOCKED
37746,781.112,-233635875345864,31855,96383,-28900.3,33985.7,7.3,0.050,41500811,LOCKED
37747,782.113,-233635875462138,-52438,12090,-28964.4,34656.6,7.4,0.046,41476977,LOCKED
37748,783.113,-233635875464683,-25925,38603,-28925.7,34220.5,7.4,0.047,41562868,LOCKED
37749,784.113,-233635875459601,9035,73563,-28987.6,33708.7,7.3,0.050,41657502,LOCKED
37750,785.112,-233635875469111,26767,91295,-28946.4,33901.2,7.3,0.047,41627391,LOCKED
37751,786.113,-233635875568480,-40825,23703,-29017.6,34351.5,7.3,0.048,41728826,LOCKED
37752,787.112,-233635875527325,27721,92249,-28983.8,34538.1,7.0,0.043,41747386,LOCKED
37753,788.113,-233635875623309,-37131,27397,-29027.5,34865.0,7.0,0.042,41851255,LOCKED
37754,789.112,-233635875622455,-8152,56376,-28969.5,34430.6,7.4,0.035,41941586,LOCKED
37755,790.113,-233635875618628,24682,89210,-29012.5,33942.3,7.4,0.035,42039040,LOCKED
37756,791.113,-233635875721107,-44276,20252,-29160.5,34037.9,7.4,0.032,42025965,LOCKED
37757,792.113,-233635875717797,-11822,52706,-29139.9,33925.7,7.8,0.026,42119830,LOCKED
37758,793.113,-233635875716546,19036,83564,-29194.6,33333.6,7.5,0.020,42211933,LOCKED
37759,794.113,-233635875820828,-52146,12382,-29299.8,34060.9,7.5,0.017,42192302,LOCKED
37760,795.113,-233635875816794,-18974,45554,-29260.2,33689.3,7.5,0.016,42291117,LOCKED
37761,796.113,-233635875817524,10325,74853,-29315.2,33239.9,7.8,0.016,42383335,LOCKED
37762,797.113,-233635875891199,-32942,31586,-29314.1,33227.8,7.5,0.009,42396396,LOCKED
37763,798.113,-233635875901176,-10670,53858,-29440.6,32193.6,7.5,0.006,42474318,LOCKED
37764,799.113,-233635875900242,19071,83599,-29441.2,32189.7,7.5,0.003,42566060,LOCKED
37765,800.114,-233635876001768,-49820,14708,-29515.2,32876.7,7.8,0.004,42558626,LOCKED
37766,801.113,-233635876000517,-19074,45454,-29482.5,32577.5,7.8,0.007,42647850,LOCKED
37767,802.113,-233635876000580,11466,75994,-29556.7,31786.6,7.8,0.005,42742888,LOCKED
37768,803.114,-233635876064974,-20802,43726,-29648.3,31624.2,8.1,0.008,42835331,LOCKED
37769,804.114,-233635876086171,-11639,52889,-29664.0,31661.5,8.1,0.006,42834897,LOCKED
37770,805.114,-233635876080050,21375,85903,-29563.3,31415.6,8.3,0.004,42934314,LOCKED
37771,806.114,-233635876068579,60134,124662,-29551.6,31636.7,8.6,0.002,42923973,LOCKED
37772,807.113,-233635876117303,38451,102979,-29492.3,32058.6,9.3,0.010,43077448,LOCKED
37773,808.114,-233635876222436,-35805,28723,-29500.7,32150.7,9.4,0.019,43062388,LOCKED
37774,809.114,-233635876203374,13848,78376,-29577.4,31242.0,9.5,0.029,43171435,LOCKED
37775,810.114,-233635876297733,-46363,18165,-29724.9,31454.6,9.7,0.031,43168122,LOCKED
37776,811.114,-233635876302429,-19590,44938,-29778.0,31533.3,10.1,0.048,43251604,LOCKED
37777,812.114,-233635876281219,28634,93162,-29689.8,31635.5,10.3,0.052,43362231,LOCKED
37778,813.114,-233635876278941,55548,120076,-29533.9,32204.6,10.3,0.072,43345856,LOCKED
37779,814.114,-233635876366055,-1004,63524,-29582.8,31997.1,10.4,0.058,43460104,LOCKED
37780,815.114,-233635876332585,58113,122641,-29486.1,32953.5,10.3,0.039,43584496,LOCKED
37781,816.114,-233635876443148,-22897,41631,-29451.2,32585.3,10.4,0.033,43563108,LOCKED
37782,817.114,-233635876404239,42802,107330,-29391.7,33077.7,10.4,0.030,43582351,LOCKED
37783,818.114,-233635876479616,-3368,61160,-29377.0,33042.3,10.4,0.031,43709114,LOCKED
37784,819.114,-233635876463946,37646,102174,-29241.4,32998.4,10.6,0.017,43812648,LOCKED
37785,820.114,-233635876577888,-43151,21377,-29361.5,33337.7,10.5,0.023,43788613,LOCKED
37786,821.115,-233635876561026,2639,67167,-29344.5,33326.0,11.0,-0.003,43896120,LOCKED
37787,822.114,-233635876557948,32247,96775,-29259.9,33541.9,10.9,-0.019,43992207,LOCKED
37788,823.115,-233635876663258,-39711,24817,-29394.9,33592.2,10.8,-0.032,43974725,LOCKED
37789,824.115,-233635876659152,-4263,60265,-29483.6,33004.0,10.9,-0.040,44065545,LOCKED
37790,825.115,-233635876651678,29481,94009,-29374.7,32949.4,11.0,-0.060,44171076,LOCKED
37791,826.115,-233635876660379,48273,112801,-29362.6,33121.6,10.8,-0.067,44138455,LOCKED
37792,827.115,-233635876714303,21259,85787,-29277.4,33039.4,11.1,-0.081,44284561,LOCKED
37793,828.116,-233635876721944,38648,103176,-29133.0,32922.8,10.9,-0.085,44257054,LOCKED
37794,829.115,-233635876813675,-22689,41343,-29157.2,33044.6,10.7,-0.089,44365259,LOCKED
37795,830.115,-233635876804201,13394,77426,-29054.2,32516.9,10.6,-0.099,44465266,LOCKED
37796,831.115,-233635876795134,49215,113247,-29023.1,32920.0,10.6,-0.100,44453055,LOCKED
37797,832.115,-233635876862469,9942,73974,-28992.4,32931.7,10.4,-0.101,44589404,LOCKED
37798,833.115,-233635876961999,-58065,5967,-29020.1,33371.9,10.1,-0.102,44578386,LOCKED
37799,834.116,-233635876959477,-23262,40770,-29141.7,32932.0,10.3,-0.108,44669393,LOCKED
37800,835.116,-233635876942066,21959,85991,-29112.8,33058.3,10.0,-0.107,44778391,LOCKED
37801,836.115,-233635876972800,18165,82197,-29036.2,32968.9,9.9,-0.111,44840459,LOCKED
37802,837.116,-233635877023092,-2187,61845,-29077.0,32845.6,9.7,-0.114,44878763,LOCKED
37803,838.116,-233635877019653,28054,92086,-29011.9,33042.8,9.8,-0.118,44972695,LOCKED
37804,839.116,-233635877133746,-54664,9368,-29037.0,33419.6,9.7,-0.119,44943243,LOCKED
37805,840.116,-233635877115869,-8338,55694,-28994.1,33141.5,9.4,-0.119,45055611,LOCKED
37806,841.117,-233635877124030,9982,74014,-28887.2,32437.7,9.1,-0.115,45137052,LOCKED
37807,842.117,-233635877125351,36189,100221,-28880.7,32510.2,9.0,-0.113,45224210,LOCKED
37808,843.116,-233635877235689,-42088,21944,-28966.9,32994.7,8.8,-0.111,45200197,LOCKED
37809,844.117,-233635877261863,-37572,26460,-28989.1,33214.5,8.5,-0.108,45293056,LOCKED
37810,845.117,-233635877224616,25306,89338,-28866.1,32832.2,8.5,-0.108,45393524,LOCKED
37811,846.117,-233635877324714,-42217,21815,-28978.1,33199.0,8.0,-0.101,45381946,LOCKED
37812,847.117,-233635877285414,22850,86882,-28858.3,32767.1,8.1,-0.100,45511541,LOCKED
37813,848.118,-233635877387991,-46971,17061,-28971.7,33295.7,8.0,-0.096,45501559,LOCKED
37814,849.118,-233635877371049,-1297,62735,-28957.7,33272.5,8.1,-0.099,45609752,LOCKED
37815,850.118,-233635877357966,36674,100706,-28818.7,33141.6,8.0,-0.095,45713428,LOCKED
37816,851.118,-233635877460921,-34134,29898,-28925.5,33266.2,7.9,-0.090,45698148,LOCKED
37817,852.118,-233635877437230,17201,81233,-28891.2,33346.5,8.4,-0.093,45811075,LOCKED
37818,853.118,-233635877450775,29321,93353,-28781.3,33277.4,8.4,-0.089,45777691,LOCKED
37819,854.118,-233635877552117,-39134,24898,-28918.0,33283.9,8.2,-0.083,45879129,LOCKED
37820,855.118,-233635877545200,-2752,61280,-28940.4,33258.4,7.7,-0.070,45975249,LOCKED
37821,856.119,-233635877551929,17613,81645,-28878.9,33260.1,7.7,-0.070,46059078,LOCKED
37822,857.118,-233635877625381,-24357,39675,-28966.3,33244.1,7.6,-0.063,46075113,LOCKED
37823,858.119,-233635877613753,15487,79519,-28955.2,33287.3,7.4,-0.054,46175082,LOCKED
37824,859.119,-233635877611475,42994,107026,-28843.7,33679.0,7.3,-0.045,46155955,LOCKED
37825,860.119,-233635877722369,-34881,29151,-28990.9,33351.2,7.3,-0.045,46249700,LOCKED
37826,861.119,-233635877723919,-6173,57859,-29042.9,33208.9,7.1,-0.034,46334429,LOCKED
37827,862.119,-233635877720621,24345,88377,-28993.8,33369.4,6.9,-0.020,46430356,LOCKED
37828,863.119,-233635877837994,-58849,5183,-29150.7,34059.7,6.9,-0.018,46402622,LOCKED
37829,864.119,-233635877832889,-22097,41935,-29236.7,33995.7,6.6,-0.002,46496215,LOCKED
37830,865.119,-233635877831831,7472,71504,-29213.4,34001.7,6.9,-0.002,46585124,LOCKED
37831,866.119,-233635877836533,28333,92365,-29081.1,33614.8,7.2,0.028,46675272,LOCKED
37832,867.119,-233635877897017,-3930,60102,-29032.3,33341.0,7.1,0.023,46703495,LOCKED
37833,868.120,-233635877897613,24321,88353,-29063.7,33009.2,7.3,0.048,46794383,LOCKED
37834,869.120,-233635878007159,-52636,11396,-29149.3,33770.2,7.3,0.072,46773365,LOCKED
37835,870.119,-233635878018069,-30059,33973,-29312.6,32921.9,7.3,0.081,46853081,LOCKED
37836,871.120,-233635878018793,87,64119,-29389.3,32378.7,7.2,0.074,46946117,LOCKED
37837,872.120,-233635878008943,36646,100678,-29318.6,32755.0,7.4,0.071,47038998,LOCKED
37838,873.120,-233635878121845,-45114,18918,-29333.1,32945.1,7.4,0.101,47021070,LOCKED
37839,874.120,-233635878102792,3725,67757,-29361.5,32837.1,7.4,0.111,47132907,LOCKED
37840,875.121,-233635878092906,38792,102824,-29220.6,32773.6,7.3,0.116,47228660,LOCKED
37841,876.120,-233635878210983,-45627,18405,-29362.8,33004.7,7.4,0.124,47200498,LOCKED
37842,877.120,-233635878163179,28532,92564,-29262.4,33001.8,7.5,0.130,47333937,LOCKED
37843,878.120,-233635878175512,42984,107016,-29212.2,33457.0,7.5,0.136,47414657,LOCKED
37844,879.120,-233635878301057,-50914,13118,-29247.1,33903.1,7.9,0.151,47380806,LOCKED
37845,880.120,-233635878291547,-9589,54443,-29357.4,33146.3,8.3,0.164,47480009,LOCKED
37846,881.120,-233635878314925,-3003,61029,-29382.2,33114.2,8.4,0.176,47561068,LOCKED
37847,882.120,-233635878372239,-29604,34428,-29398.3,33241.9,8.5,0.179,47551343,LOCKED
37848,883.120,-233635878394248,-18932,45100,-29528.2,32489.9,8.5,0.182,47648545,LOCKED
37849,884.120,-233635878380586,23547,87579,-29532.5,32455.5,8.5,0.184,47751165,LOCKED
37850,885.120,-233635878376920,52721,116753,-29422.4,33207.7,8.4,0.180,47846029,LOCKED
37851,886.121,-233635878486830,-27073,36959,-29411.4,33102.5,8.5,0.183,47825180,LOCKED
37852,887.120,-233635878436097,49281,113313,-29307.2,33743.9,8.6,0.189,47966753,LOCKED
37853,888.120,-233635878556663,-40391,23641,-29317.9,33867.8,8.6,0.191,47939096,LOCKED
37854,889.120,-233635878536804,9119,73151,-29349.5,33689.2,8.6,0.193,48046726,LOCKED
37855,890.120,-233635878516526,54590,118622,-29236.0,34467.8,8.5,0.193,48157857,LOCKED
37856,891.120,-233635878626888,-26512,37520,-29193.0,33954.7,8.6,0.195,48136408,LOCKED
37857,892.120,-233635878616010,12160,76192,-29144.5,33929.5,8.6,0.197,48234961,LOCKED
37858,893.121,-233635878612528,43652,107684,-29161.5,33672.8,8.6,0.199,48328116,LOCKED
37859,894.121,-233635878728050,-39137,24895,-29271.9,33935.8,8.5,0.194,48305227,LOCKED
37860,895.121,-233635878718399,-861,63171,-29238.7,33829.2,8.6,0.196,48403591,LOCKED
37861,896.121,-233635878734130,11169,75201,-29184.6,33757.8,8.5,0.195,48481773,LOCKED
37862,897.121,-233635878811997,-35084,28948,-29245.6,34092.3,8.4,0.193,48488640,LOCKED
37863,898.122,-233635878802406,2449,66481,-29185.6,33819.8,8.3,0.188,48587898,LOCKED
37864,899.121,-233635878793707,39406,103438,-29205.6,33537.4,8.3,0.183,48690403,LOCKED
37865,900.121,-233635878811221,47971,112003,-29131.8,34154.8,8.2,0.179,48649543,LOCKED
37866,901.121,-233635878924554,-34421,29611,-29163.4,34401.3,8.5,0.177,48736160,LOCKED
37867,902.121,-233635878925475,-7248,56784,-29098.8,33889.4,8.5,0.177,48826840,LOCKED
37868,903.121,-233635878921633,25165,89197,-29114.8,33741.5,8.5,0.172,48920413,LOCKED
37869,904.121,-233635878926727,47082,111114,-29089.8,34051.2,8.7,0.166,49006848,LOCKED
37870,905.121,-233635879045808,-41216,22816,-29104.4,34217.8,8.9,0.160,48977410,LOCKED
37871,906.121,-233635879034786,224,64256,-29169.3,33841.2,8.9,0.161,49080049,LOCKED
37872,907.121,-233635879109002,-42861,21171,-29194.3,34117.7,8.8,0.156,49097435,LOCKED
37873,908.122,-233635879117583,-19324,44708,-29305.9,33685.1,9.0,0.157,49174636,LOCKED
37874,909.121,-233635879113924,12815,76847,-29286.7,33729.1,9.0,0.151,49269042,LOCKED
37875,910.122,-233635879111270,40483,104515,-29144.0,33720.7,9.0,0.153,49366645,LOCKED
37876,911.122,-233635879227964,-43051,20981,-29269.8,34001.6,9.0,0.156,49338731,LOCKED
37877,912.122,-233635879219102,-5291,58741,-29242.6,33892.1,8.6,0.140,49433142,LOCKED
37878,913.122,-233635879219435,20825,84857,-29140.0,33621.9,8.7,0.134,49526731,LOCKED
37879,914.122,-233635879229785,38076,102108,-29127.8,33753.8,8.7,0.137,49498741,LOCKED
37880,915.122,-233635879315247,-17208,46824,-29150.7,33829.9,8.7,0.141,49611428,LOCKED
37881,916.122,-233635879353821,-25774,38258,-29149.9,33823.6,8.7,0.145,49695145,LOCKED
37882,917.122,-233635879394276,-34095,29937,-29239.8,34059.2,9.3,0.092,49711960,LOCKED
37883,918.122,-233635879401880,-12358,51674,-29224.2,33977.9,9.4,0.075,49793041,LOCKED
37884,919.122,-233635879399183,16497,80529,-29100.9,33258.1,9.5,0.062,49886599,LOCKED
37885,920.122,-233635879445336,269,64301,-29141.9,33102.8,9.6,0.050,49963822,LOCKED
37886,921.122,-233635879521674,-43953,20079,-29214.9,33635.1,9.7,0.039,49945170,LOCKED
37887,922.122,-233635879523452,-16556,47476,-29185.3,33403.3,9.7,0.000,50034190,LOCKED
37888,923.122,-233635879522217,14730,78762,-29252.5,32679.0,9.7,-0.011,50124461,LOCKED
37889,924.122,-233635879520324,43621,107653,-29214.3,33078.9,9.7,-0.024,50105014,LOCKED
37890,925.122,-233635879620018,-25395,38637,-29244.0,33238.3,9.7,-0.018,50206367,LOCKED
37891,926.122,-233635879603579,17879,81911,-29155.3,33029.7,9.6,-0.024,50314526,LOCKED
37892,927.122,-233635879676483,-24330,39702,-29190.4,33189.5,9.6,-0.026,50331428,LOCKED
37893,928.123,-233635879679824,344,64376,-29133.2,32898.3,9.6,-0.029,50416101,LOCKED
37894,929.123,-233635879659582,48014,112046,-29129.4,32955.2,9.5,-0.032,50526088,LOCKED
37895,930.123,-233635879779612,-39128,24904,-29249.0,33145.9,9.6,-0.025,50500630,LOCKED
37896,931.123,-233635879774169,-4014,60018,-29263.1,33146.0,9.6,-0.026,50594947,LOCKED
37897,932.123,-233635879757519,38018,102050,-29135.6,33213.2,9.4,-0.020,50700501,LOCKED
37898,933.123,-233635879875229,-45758,18274,-29295.3,33224.6,9.4,-0.015,50677592,LOCKED
37899,934.123,-233635879857979,794,64826,-29296.9,33223.9,9.4,-0.017,50784778,LOCKED
37900,935.123,-233635879846700,37435,101467,-29165.8,33225.7,9.4,-0.012,50887056,LOCKED
37901,936.123,-233635879958831,-40982,23050,-29321.2,33061.8,9.4,-0.007,50862740,LOCKED
37902,937.123,-233635879920946,23695,87727,-29236.3,33048.0,9.4,-0.009,50989195,LOCKED
37903,938.123,-233635879928883,40595,104627,-29087.6,32962.9,9.4,-0.004,50962247,LOCKED
37904,939.123,-233635880022381,-20675,43357,-29207.6,32440.6,9.0,0.002,51069637,LOCKED
37905,940.123,-233635880010287,19722,83754,-29196.0,32502.4,8.7,0.003,51174193,LOCKED
37906,941.123,-233635880013844,42660,106692,-29134.3,32999.0,8.3,0.009,51258507,LOCKED
37907,942.123,-233635880124358,-35046,28986,-29256.5,33006.5,8.2,0.009,51237701,LOCKED
37908,943.123,-233635880111316,7816,71848,-29297.3,32753.0,8.2,0.014,51342335,LOCKED
37909,944.123,-233635880112446,33310,97342,-29221.3,33035.9,8.2,0.018,51431127,LOCKED
37910,945.123,-233635880221760,-45233,18799,-29222.1,33047.3,8.2,0.017,51413664,LOCKED
37911,946.123,-233635880217693,-10020,54012,-29300.0,32743.6,8.2,0.021,51509420,LOCKED
37912,947.123,-233635880281957,-43488,20544,-29301.1,32758.6,7.8,0.029,51534875,LOCKED
37913,948.124,-233635880271942,-2336,61696,-29387.5,32133.4,7.7,0.031,51633812,LOCKED
37914,949.123,-233635880256664,39613,98462,-29320.0,32580.3,7.5,0.034,51739928,LOCKED
37915,950.124,-233635880366422,-39833,19016,-29302.3,32324.3,7.7,0.035,51719184,LOCKED
37916,951.124,-233635880346115,10112,68961,-29335.7,32110.6,7.6,0.040,51828275,LOCKED
37917,952.124,-233635880345077,37539,96388,-29253.4,32487.7,7.5,0.044,51922157,LOCKED
37918,953.124,-233635880362791,44416,103265,-29098.1,32494.6,7.3,0.048,51881315,LOCKED
37919,954.124,-233635880451525,-12976,45873,-29186.8,32138.6,7.5,0.047,51995488,LOCKED
37920,955.124,-233635880435654,30058,88907,-29137.4,32395.8,7.4,0.053,52097846,LOCKED
37921,956.124,-233635880455349,36516,95365,-29051.5,32729.3,7.2,0.059,52182521,LOCKED
37922,957.124,-233635880506424,14689,73538,-29085.7,32460.0,7.2,0.065,52208683,LOCKED
37923,958.124,-233635880539613,9809,68658,-29063.8,32485.4,7.1,0.066,52294011,LOCKED
37924,959.124,-233635880613335,-33948,24901,-29051.6,32336.2,7.3,0.068,52284505,LOCKED
37925,960.124,-233635880639902,-31222,27627,-29011.4,31773.9,7.5,0.070,52380143,LOCKED
37926,961.124,-233635880609390,27380,86229,-29011.7,31771.3,7.6,0.064,52465803,LOCKED
37927,962.125,-233635880676796,-10285,48564,-29030.4,31801.9,7.7,0.067,52431545,LOCKED
37928,963.125,-233635880748638,-50714,8135,-29063.1,32246.0,8.3,0.073,52531615,LOCKED
37929,964.125,-233635880715579,8784,67633,-28948.7,31343.5,8.3,0.068,52634827,LOCKED
37930,965.124,-233635880707501,43812,102661,-28923.4,31652.1,8.8,0.064,52620513,LOCKED
37931,966.125,-233635880800223,-19022,39827,-28939.2,31728.0,9.3,0.074,52728377,LOCKED
37932,967.124,-233635880873322,-57899,950,-29102.4,32336.1,9.3,0.082,52748692,LOCKED
37933,968.125,-233635880856299,-10368,48481,-29154.3,32261.5,9.7,0.082,52857435,LOCKED
37934,969.125,-233635880849620,23412,82261,-29092.3,32377.4,9.9,0.061,52954907,LOCKED
37935,970.125,-233635880952159,-48291,10558,-29097.5,32456.7,10.5,0.027,52940491,LOCKED
37936,971.125,-233635880950076,-14637,44212,-29194.8,32040.8,10.6,0.015,53036135,LOCKED
37937,972.125,-233635880937811,25284,84133,-29161.3,32213.4,10.6,0.005,53135046,LOCKED
37938,973.125,-233635880952733,36182,95031,-29057.3,32434.0,10.9,-0.035,53100920,LOCKED
37939,974.125,-233635881042066,-24019,34830,-29020.9,32026.1,10.9,-0.043,53211462,LOCKED
37940,975.125,-233635881043964,3217,62066,-29031.8,32003.5,10.9,-0.052,53296061,LOCKED
37941,976.125,-233635881051297,23946,82795,-29024.1,32058.9,11.0,-0.061,53386252,LOCKED
37942,977.125,-233635881120609,-14231,44618,-29104.2,31831.8,10.9,-0.065,53400510,LOCKED
37943,978.126,-233635881123390,11727,70576,-29105.8,31825.3,11.0,-0.059,53487285,LOCKED
37944,979.125,-233635881131964,29538,88387,-29021.2,31976.5,11.0,-0.065,53457455,LOCKED
37945,980.126,-233635881210294,-18616,40233,-29047.0,32071.9,11.0,-0.060,53580969,LOCKED
37946,981.125,-233635881208384,12998,71847,-29100.9,31565.8,11.0,-0.065,53672367,LOCKED
37947,982.126,-233635881212746,35917,94766,-29071.3,31835.7,11.0,-0.059,53645621,LOCKED
37948,983.126,-233635881301656,-22741,36108,-29091.5,31948.7,11.0,-0.054,53758978,LOCKED
37949,984.125,-233635881295223,10546,69395,-28999.0,31463.3,11.0,-0.059,53856996,LOCKED
37950,985.126,-233635881295720,37348,96197,-28977.7,31685.3,11.0,-0.055,53833122,LOCKED
37951,986.126,-233635881395678,-32106,26743,-28999.2,31870.6,11.1,-0.058,53934827,LOCKED
37952,987.126,-233635881365957,25679,84528,-28996.0,31896.6,11.1,-0.061,54056039,LOCKED
37953,988.126,-233635881481307,-56764,2085,-29093.7,32814.5,11.1,-0.064,54026242,LOCKED
37954,989.126,-233635881468081,-15119,43730,-29035.3,32214.1,11.1,-0.060,54131001,LOCKED
37955,990.126,-233635881467927,14479,73328,-29079.6,31819.9,11.2,-0.051,54222894,LOCKED
37956,991.126,-233635881485160,24863,83712,-29049.1,31982.4,11.2,-0.053,54295254,LOCKED
37957,992.126,-233635881592177,-50939,7910,-29070.7,32299.2,11.0,-0.048,54276909,LOCKED
37958,993.126,-233635881595487,-21902,36947,-29195.3,31741.4,10.8,-0.048,54364133,LOCKED
37959,994.126,-233635881611237,-7676,51173,-29220.9,31744.6,10.8,-0.045,54455650,LOCKED
37960,995.126,-233635881669519,-35443,23406,-29225.5,31796.4,10.7,-0.040,54438789,LOCKED
37961,996.126,-233635881706105,-38385,20464,-29378.8,31524.6,10.7,-0.031,54525216,LOCKED
37962,997.126,-233635881660965,33337,92186,-29296.8,31795.8,10.7,-0.028,54549099,LOCKED
37963,998.126,-233635881760501,-35733,23116,-29294.7,31771.0,10.5,-0.023,54647791,LOCKED
37964,999.126,-233635881778871,-22329,36520,-29379.5,31719.4,10.3,-0.020,54746808,LOCKED
37965,1000.126,-233635881831189,-42752,16097,-29431.9,32198.9,10.3,-0.019,54735698,LOCKED
37966,1001.127,-233635881865550,-45851,12998,-29445.4,32384.5,10.1,-0.013,54817577,LOCKED
37967,1002.127,-233635881840452,9525,68374,-29502.3,31906.0,10.3,-0.014,54937667,LOCKED
37968,1003.127,-233635881832801,43709,102558,-29429.1,32452.3,10.1,-0.006,55033297,LOCKED
37969,1004.127,-233635881940860,-33575,25274,-29439.3,32553.6,9.8,0.000,55014325,LOCKED
37970,1005.126,-233635881931446,6648,65497,-29517.8,31809.5,9.7,0.002,55114635,LOCKED
37971,1006.126,-233635881917771,47304,106153,-29471.9,32324.3,9.4,0.010,55217291,LOCKED
37972,1007.127,-233635882010683,-13229,45620,-29592.8,31477.4,9.0,0.019,55213523,LOCKED
37973,1008.127,-233635882014852,12084,70933,-29607.5,31397.5,9.0,0.024,55303329,LOCKED
37974,1009.127,-233635882003177,49115,107964,-29480.3,31940.0,8.9,0.028,55403241,LOCKED
37975,1010.127,-233635882120319,-34258,24591,-29634.1,31449.8,8.9,0.027,55378261,LOCKED
37976,1011.127,-233635882123037,-6582,52267,-29660.5,31441.4,8.5,0.040,55468416,LOCKED
37977,1012.127,-233635882106139,36663,95512,-29558.7,31700.2,8.4,0.047,55574650,LOCKED
37978,1013.127,-233635882219113,-44914,13935,-29574.2,31908.2,8.4,0.056,55548886,LOCKED
37979,1014.127,-233635882219670,-14123,44726,-29637.9,31823.2,8.4,0.056,55637338,LOCKED
37980,1015.127,-233635882219588,13874,72723,-29576.3,31748.0,8.5,0.067,55731550,LOCKED
37981,1016.127,-233635882230322,29486,88335,-29466.6,31682.0,8.3,0.079,55815065,LOCKED
37982,1017.127,-233635882306629,-16722,42127,-29469.8,31699.2,8.3,0.081,55825825,LOCKED
37983,1018.127,-233635882286802,30071,88920,-29396.8,31922.4,8.2,0.099,55933546,LOCKED
37984,1019.127,-233635882295484,48512,107361,-29365.9,32324.4,8.2,0.103,55904821,LOCKED
37985,1020.128,-233635882416850,-39710,19139,-29485.5,32541.9,8.3,0.091,55983554,LOCKED
37986,1021.128,-233635882409955,-4050,54799,-29443.3,32321.9,8.4,0.083,56082324,LOCKED
37987,1022.127,-233635882402917,30590,89439,-29403.7,32569.5,8.7,0.061,56177515,LOCKED
37988,1023.128,-233635882401670,58924,117773,-29388.0,32844.9,8.7,0.043,56268698,LOCKED
37989,1024.128,-233635882517801,-26381,32468,-29414.8,33005.1,8.7,0.039,56243464,LOCKED
37990,1025.128,-233635882508314,10092,68941,-29312.1,32371.8,8.6,0.020,56342871,LOCKED
37991,1026.128,-233635882512852,32973,91822,-29274.0,32644.4,8.5,0.013,56430302,LOCKED
37992,1027.128,-233635882595488,-17241,41608,-29400.1,31875.3,8.5,0.008,56435375,LOCKED
37993,1028.128,-233635882593480,13667,72516,-29398.3,31883.0,8.4,-0.004,56529155,LOCKED
37994,1029.128,-233635882591802,41066,99915,-29285.9,32215.6,8.4,0.006,56618898,LOCKED
37995,1030.128,-233635882610128,50215,109064,-29280.5,32300.7,8.2,0.006,56579501,LOCKED
37996,1031.128,-233635882703509,-12406,46443,-29332.6,32259.3,8.3,0.015,56687022,LOCKED
37997,1032.128,-233635882740615,-19623,39226,-29327.3,32222.5,8.3,0.012,56761362,LOCKED
37998,1033.129,-233635882797577,-45450,13399,-29340.4,32401.0,8.1,0.019,56872529,LOCKED
37999,1034.128,-233635882801767,-18279,40570,-29409.3,32370.3,8.4,0.008,56858649,LOCKED
38000,1035.128,-233635882787736,23380,82229,-29360.7,32520.2,8.4,0.006,56962581,LOCKED
38001,1036.128,-233635882786598,49457,108306,-29225.7,32995.2,8.6,-0.004,56944710,LOCKED
38002,1037.128,-233635882827966,35183,94032,-29179.5,33317.5,8.7,0.001,57107402,LOCKED
38003,1038.128,-233635882845671,43018,101867,-29072.2,33735.7,8.8,-0.007,57065100,LOCKED
38004,1039.129,-233635882948628,-30242,28607,-29052.5,33515.0,8.9,-0.002,57164020,LOCKED
38005,1040.129,-233635882930358,16170,75019,-29034.7,33577.0,9.0,-0.009,57275795,LOCKED
38006,1041.128,-233635882943195,29427,88276,-28939.1,33641.8,9.1,-0.005,57242447,LOCKED
38007,1042.129,-233635883026278,-24859,33990,-28890.7,33051.5,9.0,-0.005,57361485,LOCKED
38008,1043.128,-233635883025407,4744,63593,-28890.8,33051.3,8.9,-0.005,57453731,LOCKED
38009,1044.129,-233635883020549,34977,93826,-28776.2,33135.2,9.0,-0.002,57549975,LOCKED
38010,1045.129,-233635883137688,-51981,6868,-28758.6,32815.6,9.1,-0.005,57521262,LOCKED
38011,1046.129,-233635883124041,-8729,50120,-28785.7,32824.2,9.2,-0.003,57625106,LOCKED
38012,1047.129,-233635883190509,-45093,13756,-28775.4,32664.5,9.2,-0.004,57642919,LOCKED
38013,1048.129,-233635883189710,-13388,45461,-28857.8,32394.5,9.2,-0.005,57736087,LOCKED
38014,1049.129,-233635883187624,16227,75076,-28819.5,32460.4,9.2,-0.000,57828461,LOCKED
38015,1050.129,-233635883201554,27907,86756,-28708.2,32321.9,8.8,0.005,57902003,LOCKED
38016,1051.129,-233635883323294,-62574,0,-28729.4,32708.5,8.9,0.006,57870584,LOCKED
38017,1052.129,-233635883323764,-31200,31374,-28830.5,32785.1,8.8,0.009,57961211,LOCKED
38018,1053.130,-233635883314946,6160,68734,-28826.6,32791.4,8.8,0.010,58060311,LOCKED
38019,1054.129,-233635883316792,30682,93256,-28756.8,33031.9,8.8,0.015,58149908,LOCKED
38020,1055.129,-233635883439190,-58242,4332,-28891.7,33870.6,8.7,0.018,58116877,LOCKED
38021,1056.130,-233635883417508,-6177,56397,-28954.8,33638.9,8.2,0.027,58229789,LOCKED
38022,1057.130,-233635883503199,-60224,2350,-28986.6,34144.9,8.2,0.033,58233637,LOCKED
38023,1058.130,-233635883504524,-29520,33054,-29087.0,34172.4,8.1,0.038,58317838,LOCKED
38024,1059.130,-233635883499258,5185,67759,-29113.0,34071.6,8.2,0.039,58414666,LOCKED
38025,1060.130,-233635883494344,38143,100717,-29124.0,33931.2,8.2,0.039,58512255,LOCKED
38026,1061.129,-233635883617613,-50648,11926,-29302.9,33911.0,8.1,0.045,58477608,LOCKED
38027,1062.129,-233635883615731,-18119,44455,-29338.8,33998.6,8.1,0.038,58576133,LOCKED
38028,1063.130,-233635883651313,-23905,38669,-29321.4,33843.0,8.4,0.045,58659204,LOCKED
38029,1064.130,-233635883705983,-44604,17970,-29475.7,33871.5,8.9,0.044,58761637,LOCKED
38030,1065.130,-233635883716181,-23375,39199,-29532.7,33997.2,8.9,0.043,58743903,LOCKED
38031,1066.130,-233635883713306,7359,69933,-29462.7,33722.5,9.0,0.042,58836943,LOCKED
38032,1067.130,-233635883795954,-41903,20671,-29585.8,33982.4,9.0,0.041,58845409,LOCKED
38033,1068.130,-233635883789570,-5335,57239,-29606.3,33979.1,9.1,0.039,58941910,LOCKED
38034,1069.130,-233635883784260,26514,89088,-29499.7,33850.6,9.3,0.041,59038445,LOCKED
38035,1070.130,-233635883789597,49049,111623,-29501.4,33824.3,9.1,0.054,59014234,LOCKED
38036,1071.130,-233635883869315,-259,62315,-29545.6,33653.9,9.1,0.055,59134654,LOCKED
38037,1072.131,-233635883854869,40231,102805,-29440.5,33989.1,9.2,0.044,59237159,LOCKED
38038,1073.130,-233635883972939,-43218,19356,-29623.2,33482.5,9.1,0.020,59212158,LOCKED
38039,1074.131,-233635883964877,-3916,58658,-29696.2,33092.7,9.1,0.012,59312087,LOCKED
38040,1075.131,-233635883971323,18434,81008,-29682.7,33155.4,8.9,-0.012,59397938,LOCKED
38041,1076.131,-233635883997872,19893,82467,-29633.5,33246.8,8.9,-0.020,59466694,LOCKED
38042,1077.131,-233635884085971,-34823,27751,-29759.8,33198.5,8.8,-0.029,59464812,LOCKED
38043,1078.132,-233635884091952,-10610,51964,-29763.5,33209.6,8.6,-0.073,59545960,LOCKED
38044,1079.131,-233635884091905,16959,79533,-29681.5,33042.3,8.5,-0.088,59639425,LOCKED
38045,1080.133,-233635884091404,46049,108623,-29704.6,32653.9,8.5,-0.085,59731249,LOCKED
38046,1081.131,-233635884106929,57147,119721,-29648.3,33390.3,8.6,-0.095,59804827,LOCKED
38047,1082.131,-233635884223706,-28429,34145,-29677.3,33573.8,8.4,-0.090,59776313,LOCKED
38048,1083.131,-233635884219040,4108,66682,-29595.3,33075.2,8.5,-0.099,59870102,LOCKED
38049,1084.132,-233635884217974,33868,96442,-29607.4,32931.2,8.5,-0.097,59963406,LOCKED
38050,1085.131,-233635884321101,-36963,25611,-29678.0,33308.5,8.7,-0.086,59949332,LOCKED
38051,1086.131,-233635884324975,-11110,51464,-29661.9,33228.7,8.6,-0.086,60036609,LOCKED
38052,1087.132,-233635884298494,43161,105735,-29641.8,33466.4,8.7,-0.078,60043358,LOCKED
38053,1088.131,-233635884382660,-10602,51972,-29661.6,33497.2,8.7,-0.078,60160575,LOCKED
38054,1089.132,-233635884376590,22488,85062,-29569.1,33384.8,8.7,-0.070,60257806,LOCKED
38055,1090.131,-233635884367092,56074,118648,-29393.0,33707.9,8.7,-0.070,60357525,LOCKED
38056,1091.136,-233635884492429,-36793,25781,-29483.0,34018.9,8.8,-0.064,60324609,LOCKED
38057,1092.132,-233635884489155,-2958,59616,-29531.1,33858.5,8.9,-0.059,60418623,LOCKED
38058,1093.131,-233635884475705,39211,101785,-29556.6,33489.5,8.8,-0.058,60518182,LOCKED
38059,1094.131,-233635884503023,39777,102351,-29540.6,33665.4,8.7,-0.056,60499763,LOCKED
38060,1095.132,-233635884578754,-6402,56172,-29530.5,33636.0,8.7,-0.057,60598750,LOCKED
38061,1096.132,-233635884621739,-20014,42560,-29489.4,33225.7,8.5,-0.055,60693469,LOCKED
38062,1097.131,-233635884665663,-33338,29236,-29488.4,33215.5,8.5,-0.055,60709806,LOCKED
38063,1098.132,-233635884646955,12331,74905,-29384.7,32643.9,8.2,-0.059,60808059,LOCKED
38064,1099.132,-233635884684121,5022,67596,-29416.3,32500.7,8.3,-0.061,60896528,LOCKED
38065,1100.132,-233635884750830,-30946,31628,-29429.8,32619.2,8.2,-0.069,60882200,LOCKED
38066,1101.132,-233635884792572,-41790,20784,-29432.4,32653.1,8.2,-0.068,60970065,LOCKED
38067,1102.132,-233635884728906,48372,110946,-29368.6,33267.3,8.4,-0.072,61084150,LOCKED
38068,1103.133,-233635884835684,-27786,34788,-29383.8,33379.8,8.5,-0.077,61069355,LOCKED
38069,1104.132,-233635884815438,18633,81207,-29257.0,32671.5,8.5,-0.075,61181454,LOCKED
38070,1105.132,-233635884816556,44723,107297,-29230.8,32984.2,8.4,-0.083,61156275,LOCKED
38071,1106.132,-233635884900846,-10085,52489,-29226.3,32968.1,8.3,-0.080,61276835,LOCKED
38072,1107.133,-233635884962953,-39368,23206,-29337.6,33238.0,8.5,-0.084,61300445,LOCKED
38073,1108.132,-233635884955367,-2384,60190,-29336.6,33237.1,8.6,-0.085,61397808,LOCKED
38074,1109.133,-233635884945817,32979,95553,-29218.3,33208.7,8.5,-0.082,61500338,LOCKED
38075,1110.133,-233635884964559,38850,101424,-29056.6,32835.1,8.5,-0.085,61459467,LOCKED
38076,1111.133,-233635885083528,-46601,15973,-29198.3,33114.7,8.6,-0.082,61540335,LOCKED
38077,1112.133,-233635885071641,-4839,57735,-29223.5,33095.9,8.6,-0.085,61640660,LOCKED
38078,1113.132,-233635885075583,18191,80765,-29143.1,32974.6,8.6,-0.081,61730566,LOCKED
38079,1114.133,-233635885078657,39464,102038,-28973.0,32480.7,8.7,-0.077,61818232,LOCKED
38080,1115.133,-233635885194611,-43411,19163,-29102.6,32750.8,8.7,-0.080,61792872,LOCKED
38081,1116.133,-233635885188129,-7872,54702,-29087.2,32690.3,8.8,-0.083,61887705,LOCKED
38082,1117.133,-233635885261444,-47409,15165,-29238.9,32892.6,8.8,-0.077,61903162,LOCKED
38083,1118.133,-233635885260982,-16037,46537,-29294.3,32896.7,9.4,-0.078,61996207,LOCKED
38084,1119.133,-233635885256711,15811,78385,-29236.2,32882.6,9.4,-0.070,62091411,LOCKED
38085,1120.133,-233635885254021,42858,105432,-29067.7,32601.7,9.6,-0.071,62183963,LOCKED
38086,1121.133,-233635885374939,-44615,17959,-29208.6,32803.0,9.6,-0.059,62149751,LOCKED
38087,1122.133,-233635885365901,-5664,56910,-29233.8,32790.6,9.7,-0.046,62252224,LOCKED
38088,1123.133,-233635885357203,30698,93272,-29207.8,32984.2,9.3,-0.032,62347807,LOCKED
38089,1124.134,-233635885364125,50917,113491,-29191.0,33230.2,9.1,-0.034,62320676,LOCKED
38090,1125.133,-233635885471682,-24884,37690,-29275.7,33250.0,9.1,-0.043,62412032,LOCKED
38091,1126.134,-233635885460217,14618,77192,-29239.2,33298.4,9.3,-0.051,62515211,LOCKED
38092,1127.133,-233635885546280,-37920,24654,-29386.7,33104.3,9.3,-0.058,62522045,LOCKED
38093,1128.133,-233635885553825,-14532,48042,-29438.5,33100.2,9.4,-0.062,62600214,LOCKED
38094,1129.134,-233635885547170,19554,82128,-29372.4,33114.8,9.4,-0.097,62699539,LOCKED
38095,1130.134,-233635885561520,30856,93430,-29240.9,32835.9,9.4,-0.105,62793815,LOCKED
38096,1131.133,-233635885655783,-31873,30701,-29300.5,33118.6,9.5,-0.127,62772935,LOCKED
38097,1132.134,-233635885692116,-37719,24855,-29296.0,33062.3,9.5,-0.129,62856854,LOCKED
38098,1133.134,-233635885651306,31848,94422,-29322.6,32727.3,9.6,-0.142,62958200,LOCKED
38099,1134.134,-233635885751020,-35645,26929,-29405.7,33044.8,9.9,-0.163,62946327,LOCKED
38100,1135.134,-233635885730798,12769,75343,-29367.3,33067.1,10.3,-0.181,63059638,LOCKED
38101,1136.134,-233635885739699,30640,93214,-29290.7,33280.9,10.3,-0.188,63145761,LOCKED
38102,1137.134,-233635885822999,-20390,42184,-29403.3,32862.3,10.5,-0.203,63144334,LOCKED
38103,1138.134,-233635885823816,8468,71042,-29430.7,32718.6,10.5,-0.207,63237267,LOCKED
38104,1139.134,-233635885806074,51890,114464,-29332.8,33464.5,10.8,-0.219,63344020,LOCKED
38105,1140.134,-233635885933636,-44523,18051,-29347.9,33654.5,10.7,-0.222,63305456,LOCKED
38106,1141.134,-233635885924961,-7766,54808,-29272.7,32960.8,10.7,-0.226,63409890,LOCKED
38107,1142.135,-233635885905478,39444,102018,-29262.4,33080.0,10.7,-0.222,63514268,LOCKED
38108,1143.135,-233635886013372,-36620,25954,-29327.7,33451.6,10.7,-0.225,63500104,LOCKED
38109,1144.135,-233635886002322,2565,65139,-29273.3,33229.7,10.7,-0.228,63599929,LOCKED
38110,1145.135,-233635885985860,46604,109178,-29267.6,33311.1,10.4,-0.228,63704324,LOCKED
38111,1146.135,-233635886100010,-35146,27428,-29363.0,33549.1,10.4,-0.225,63680937,LOCKED
38112,1147.135,-233635886057846,32884,95458,-29245.8,33529.4,10.1,-0.224,63816866,LOCKED
38113,1148.134,-233635886062214,54587,117161,-29180.7,34257.4,10.0,-0.225,63901497,LOCKED
38114,1149.134,-233635886188336,-40219,22355,-29218.7,34598.4,10.0,-0.227,63866004,LOCKED
38115,1150.135,-233635886194493,-17946,44628,-29150.0,33805.6,9.9,-0.227,63952522,LOCKED
38116,1151.135,-233635886182223,23139,85713,-29172.1,33602.8,9.6,-0.224,64050576,LOCKED
38117,1152.135,-233635886185117,46368,108942,-29099.4,34181.0,9.2,-0.220,64140291,LOCKED
38118,1153.135,-233635886299059,-37269,25305,-29096.6,34147.2,9.1,-0.219,64118092,LOCKED
38119,1154.135,-233635886291401,-1884,60690,-29026.1,33666.9,8.7,-0.214,64212312,LOCKED
38120,1155.135,-233635886278487,37511,100085,-28963.4,34049.2,9.0,-0.207,64316836,LOCKED
38121,1156.135,-233635886399989,-50963,11611,-29078.4,34688.9,8.8,-0.196,64282813,LOCKED
38122,1157.135,-233635886358676,19240,81814,-29101.2,34510.2,8.8,-0.194,64418558,LOCKED
38123,1158.136,-233635886357648,45692,108266,-28996.6,35012.1,9.0,-0.193,64505292,LOCKED
38124,1159.135,-233635886476822,-41873,20701,-29055.2,35452.4,9.0,-0.194,64476769,LOCKED
38125,1160.135,-233635886464928,141,62715,-29107.8,35215.4,9.3,-0.197,64580087,LOCKED
38126,1161.135,-233635886461650,31907,94481,-29130.5,34954.0,9.2,-0.193,64670999,LOCKED
38127,1162.136,-233635886473344,44603,107177,-28971.7,34921.8,9.5,-0.195,64639973,LOCKED
38128,1163.135,-233635886571717,-22283,40291,-29058.3,34859.4,9.5,-0.197,64741492,LOCKED
38129,1164.136,-233635886572599,4858,67432,-29015.5,34764.3,9.7,-0.192,64833939,LOCKED
38130,1165.135,-233635886607321,-2427,60147,-28933.8,34123.5,10.0,-0.193,64922505,LOCKED
38131,1166.136,-233635886675994,-39322,23252,-29008.1,34536.2,9.9,-0.186,64911077,LOCKED
38132,1167.137,-233635886714734,-44606,17968,-29152.5,34686.5,9.9,-0.186,65032157,LOCKED
38133,1168.135,-233635886746847,-44299,18275,-29239.4,35197.0,9.7,-0.168,65022803,LOCKED
38134,1169.136,-233635886751368,-19361,43213,-29217.9,35033.1,9.8,-0.157,65108119,LOCKED
38135,1170.136,-233635886746598,12223,74797,-29120.0,34569.2,10.3,-0.142,65198831,LOCKED
38136,1171.136,-233635886795475,-5618,54606,-29204.9,34085.9,10.5,-0.137,65187232,LOCKED
38137,1172.136,-233635886864837,-42636,17588,-29288.2,34567.8,10.5,-0.119,65288644,LOCKED
38138,1173.136,-233635886798167,49234,109458,-29169.2,35117.6,10.5,-0.097,65420752,LOCKED
38139,1174.136,-233635886891873,-15899,44325,-29113.4,34581.0,10.6,-0.086,65416938,LOCKED
38140,1175.136,-233635886883018,21845,82069,-29138.8,34355.6,10.3,-0.072,65515403,LOCKED
38141,1176.136,-233635886883552,47251,107475,-29060.2,34948.1,10.3,-0.054,65602466,LOCKED
38142,1177.136,-233635886971635,-9500,50724,-29156.1,34429.2,10.2,-0.055,65606063,LOCKED
38143,1178.136,-233635886983239,8163,68387,-29175.2,34349.7,10.3,-0.067,65683600,LOCKED
38144,1179.136,-233635886973965,43136,103360,-29076.2,34798.4,10.2,-0.048,65784046,LOCKED
38145,1180.136,-233635887093883,-46190,14034,-29073.7,34763.6,10.4,-0.056,65754866,LOCKED
38146,1181.136,-233635887086260,-7456,52768,-29161.5,34294.0,10.4,-0.048,65851006,LOCKED
38147,1182.136,-233635887078575,27734,87958,-29126.2,34484.7,10.3,-0.038,65947285,LOCKED
38148,1183.136,-233635887189660,-51721,8503,-29163.1,34945.5,10.1,-0.050,65928970,LOCKED
38149,1184.136,-233635887188406,-21692,38532,-29107.9,34317.5,10.1,-0.057,66016826,LOCKED
38150,1185.136,-233635887199080,-2302,57922,-29151.1,34184.7,9.9,-0.054,66099884,LOCKED
38151,1186.137,-233635887184598,38089,98313,-29055.1,34499.8,9.9,-0.059,66201954,LOCKED
38152,1187.136,-233635887269693,-15522,44702,-29148.7,34179.9,9.8,-0.055,66209569,LOCKED
38153,1188.137,-233635887278018,5604,65828,-29172.9,34086.4,9.8,-0.060,66288723,LOCKED
38154,1189.137,-233635887283016,27334,87558,-29098.3,34225.4,9.8,-0.055,66376514,LOCKED
38155,1190.137,-233635887284674,50145,110369,-28954.2,34624.0,9.5,-0.059,66351561,LOCKED
38156,1191.137,-233635887397395,-30460,29764,-29058.9,34643.1,9.6,-0.054,66443571,LOCKED
38157,1192.137,-233635887395933,1379,61603,-29126.0,34222.5,9.4,-0.050,66529374,LOCKED
38158,1193.137,-233635887383075,39624,99848,-29008.2,34440.0,9.4,-0.053,66637927,LOCKED
38159,1194.137,-233635887499405,-43270,16954,-29153.8,34517.0,9.6,-0.061,66607306,LOCKED
38160,1195.137,-233635887498515,-12541,47683,-29166.6,34551.6,9.6,-0.058,66701614,LOCKED
38161,1196.137,-233635887524609,-9701,50523,-29139.0,34403.6,9.6,-0.060,66769338,LOCKED
38162,1197.137,-233635887592508,-44400,15824,-29264.7,34730.8,9.6,-0.057,66789163,LOCKED
38163,1198.138,-233635887581045,-3356,56868,-29274.6,34732.4,9.6,-0.059,66888061,LOCKED
38164,1199.137,-233635887574807,28585,88809,-29146.7,34424.3,9.5,-0.062,66985201,LOCKED
38165,1200.137,-233635887588737,42616,102840,-29159.4,34243.5,9.6,-0.058,66954708,LOCKED
38166,1201.137,-233635887683198,-20743,39481,-29220.4,34306.4,9.6,-0.059,67058562,LOCKED
38167,1202.138,-233635887679587,10203,70427,-29144.6,34041.1,9.4,-0.054,67152893,LOCKED
38168,1203.137,-233635887697473,21503,81727,-29182.5,33660.7,9.4,-0.050,67241408,LOCKED
38169,1204.137,-233635887773967,-23960,36264,-29233.5,33810.4,9.4,-0.051,67238091,LOCKED
38170,1205.138,-233635887807517,-27750,32474,-29213.1,33597.0,9.4,-0.050,67322873,LOCKED
38171,1206.138,-233635887767071,40645,100869,-29218.7,33523.4,9.2,-0.044,67425780,LOCKED
38172,1207.137,-233635887828538,6985,67209,-29160.9,33351.0,9.2,-0.043,67455042,LOCKED
38173,1208.138,-233635887868107,-4961,55263,-29077.0,32577.6,9.2,-0.040,67432790,LOCKED
38174,1209.137,-233635887943165,-46272,13952,-29229.6,32713.7,9.2,-0.043,67531527,LOCKED
38175,1210.138,-233635887920755,5757,65981,-29258.3,32584.6,9.2,-0.040,67634097,LOCKED
38176,1211.138,-233635887915441,37105,97329,-29161.6,32880.6,9.2,-0.037,67616309,LOCKED
38177,1212.138,-233635888008003,-26149,34075,-29125.2,32452.9,9.2,-0.034,67725770,LOCKED
38178,1213.138,-233635887975697,34174,94398,-29127.7,32424.8,9.5,-0.030,67849685,LOCKED
38179,1214.138,-233635888095239,-52581,7643,-29220.0,33201.7,9.5,-0.027,67819744,LOCKED
38180,1215.138,-233635888082553,-11320,48904,-29169.4,32786.0,8.7,-0.012,67923100,LOCKED
38181,1216.138,-233635888084706,16334,76558,-29228.0,32159.1,7.7,0.006,68010783,LOCKED
38182,1217.138,-233635888157610,-26161,34063,-29242.4,32263.1,7.7,0.010,68026525,LOCKED
38183,1218.138,-233635888154767,3922,64146,-29150.5,31588.3,7.7,0.008,68118171,LOCKED
38184,1219.138,-233635888179296,9255,69479,-29200.9,31189.0,7.7,0.013,68183446,LOCKED
38185,1220.138,-233635888181594,33781,94005,-29140.4,31524.4,7.8,0.009,68271718,LOCKED
38186,1221.138,-233635888294916,-48271,11953,-29164.6,31857.1,7.8,0.014,68248191,LOCKED
38187,1222.139,-233635888282866,-8351,51873,-29087.0,31067.0,7.8,0.010,68350880,LOCKED
38188,1223.139,-233635888270020,31843,92067,-29054.6,31314.2,7.8,0.018,68453451,LOCKED
38189,1224.139,-233635888276121,50732,110956,-28939.2,31997.9,7.8,0.015,68426856,LOCKED
38190,1225.139,-233635888364463,-8511,51713,-28932.9,31976.5,7.8,0.008,68535296,LOCKED
38191,1226.139,-233635888358582,25495,85719,-28935.7,31952.4,7.8,0.008,68636521,LOCKED
38192,1227.139,-233635888458788,-41536,18688,-29074.9,32036.4,8.0,-0.008,68628729,LOCKED
38193,1228.139,-233635888455813,-7369,52855,-29166.8,31463.7,8.1,-0.003,68720171,LOCKED
38194,1229.139,-233635888461711,15658,75882,-29181.0,31369.9,8.0,-0.014,68803043,LOCKED
38195,1230.139,-233635888480405,24142,84366,-29122.7,31516.6,7.8,-0.025,68763115,LOCKED
38196,1231.139,-233635888589982,-52345,7879,-29230.6,32284.2,7.7,-0.038,68856493,LOCKED
38197,1232.139,-233635888590307,-20189,40035,-29356.8,31627.5,7.6,-0.051,68943764,LOCKED
38198,1233.139,-233635888596061,1862,62086,-29283.6,31161.0,7.7,-0.054,69026900,LOCKED
38199,1234.139,-233635888595587,30286,90510,-29268.5,31293.0,7.7,-0.059,69116376,LOCKED
38200,1235.139,-233635888600509,50546,110770,-29151.8,31963.1,7.6,-0.060,69090213,LOCKED
38201,1236.139,-233635888715438,-34525,25699,-29128.9,31653.2,7.6,-0.064,69181233,LOCKED
38202,1237.139,-233635888677682,30566,90790,-29091.7,31899.1,7.3,-0.063,69194540,LOCKED
38203,1238.139,-233635888790263,-49768,10456,-29163.9,32586.2,7.3,-0.054,69281817,LOCKED
38204,1239.140,-233635888792397,-22788,37436,-29123.4,32134.9,7.3,-0.057,69369264,LOCKED
38205,1240.140,-233635888784163,15040,75264,-29171.7,31676.9,6.9,-0.057,69467265,LOCKED
38206,1241.140,-233635888797317,29311,89535,-29134.6,31906.7,7.2,-0.067,69559342,LOCKED
38207,1242.140,-233635888891450,-34337,25887,-29143.8,32002.4,7.4,-0.076,69542561,LOCKED
38208,1243.140,-233635888918204,-28136,32088,-29284.3,31445.6,7.3,-0.077,69638052,LOCKED
38209,1244.140,-233635888962307,-39291,20933,-29399.0,31697.3,7.5,-0.085,69632050,LOCKED
38210,1245.140,-233635888998653,-42877,17347,-29492.8,32195.4,7.5,-0.085,69740445,LOCKED
38211,1246.140,-233635888952787,29332,89556,-29386.8,32164.8,7.6,-0.092,69844989,LOCKED
38212,1247.140,-233635889017678,-5057,55167,-29433.2,32040.7,7.8,-0.097,69869217,LOCKED
38213,1248.140,-233635889007615,32265,92489,-29380.1,32337.8,7.8,-0.098,69970294,LOCKED
38214,1249.140,-233635889109961,-38836,21388,-29407.1,32610.0,7.9,-0.102,69954939,LOCKED
38215,1250.140,-233635889092131,6140,66364,-29306.1,31864.1,7.9,-0.103,70066640,LOCKED
38216,1251.140,-233635889090593,35519,95743,-29293.2,31999.0,8.0,-0.107,70155140,LOCKED
38217,1252.140,-233635889199735,-41510,18714,-29362.7,32490.7,7.9,-0.105,70138731,LOCKED
38218,1253.140,-233635889198865,-11969,48255,-29308.8,32009.2,7.9,-0.107,70230396,LOCKED
38219,1254.140,-233635889191767,24240,84464,-29339.4,31675.2,7.6,-0.111,70325466,LOCKED
38220,1255.140,-233635889189492,52673,112897,-29270.8,32420.7,7.6,-0.106,70419543,LOCKED
38221,1256.140,-233635889221802,46720,106944,-29205.4,33010.9,7.6,-0.108,70367095,LOCKED
38222,1257.141,-233635889290085,8716,68940,-29272.7,32406.9,7.6,-0.107,70500742,LOCKED
38223,1258.141,-233635889284034,41487,101711,-29216.3,32868.5,7.7,-0.106,70596436,LOCKED
38224,1259.141,-233635889391376,-35155,25069,-29230.7,33011.1,7.7,-0.107,70579955,LOCKED
38225,1260.141,-233635889392427,-7951,52273,-29169.5,32511.6,8.2,-0.101,70666587,LOCKED
38226,1261.141,-233635889388752,23932,84156,-29162.1,32563.7,8.2,-0.104,70765039,LOCKED
38227,1262.141,-233635889400745,38011,98235,-29073.5,32926.3,8.1,-0.102,70842690,LOCKED
38228,1263.141,-233635889519059,-48763,11461,-29113.5,33400.2,8.2,-0.099,70814054,LOCKED
38229,1264.141,-233635889505381,-4871,55353,-29159.5,33280.5,8.2,-0.102,70915253,LOCKED
38230,1265.141,-233635889498551,30008,90232,-29154.9,33321.7,8.2,-0.106,71014028,LOCKED
38231,1266.140,-233635889613493,-53530,6694,-29176.3,33640.0,8.2,-0.104,70987823,LOCKED
38232,1267.141,-233635889567052,20317,80541,-29123.1,33725.5,8.2,-0.108,71125983,LOCKED
38233,1268.141,-233635889574162,39544,99768,-29052.0,34150.1,8.4,-0.106,71208610,LOCKED
38234,1269.141,-233635889686307,-39266,20958,-29197.2,34054.7,8.4,-0.111,71184051,LOCKED
38235,1270.141,-233635889678069,-1834,58390,-29194.0,34052.0,8.4,-0.109,71285810,LOCKED
38236,1271.141,-233635889683019,19674,79898,-29092.2,33757.3,8.7,-0.105,71369985,LOCKED
38237,1272.141,-233635889685577,43929,104153,-29053.3,34152.9,8.7,-0.102,71457161,LOCKED
38238,1273.141,-233635889801719,-41675,18549,-29056.9,34197.0,8.6,-0.086,71431563,LOCKED
38239,1274.141,-233635889788860,1876,62100,-29140.4,33529.5,8.8,-0.078,71537383,LOCKED
38240,1275.141,-233635889806998,12411,72635,-29138.2,33538.0,8.8,-0.084,71635426,LOCKED
38241,1276.141,-233635889886448,-35954,24270,-29173.9,33825.6,8.7,-0.077,71619296,LOCKED
38242,1277.141,-233635889899996,-18061,42163,-29255.3,33694.8,8.8,-0.073,71753464,LOCKED
38243,1278.141,-233635889945333,-31959,28265,-29309.4,33972.8,8.8,-0.072,71740033,LOCKED
38244,1279.141,-233635889950070,-7067,53157,-29313.4,33980.0,8.8,-0.076,71826156,LOCKED
38245,1280.141,-233635889989188,-16838,43386,-29286.9,33779.9,8.8,-0.063,71918541,LOCKED
38246,1281.141,-233635889943118,56396,116620,-29276.6,33951.6,8.7,-0.049,71903049,LOCKED
38247,1282.141,-233635890051504,-20881,39343,-29331.9,34039.0,8.7,-0.036,71997707,LOCKED
38248,1283.142,-233635890040394,17289,77513,-29248.9,33875.4,8.7,-0.038,72097806,LOCKED
38249,1284.141,-233635890141920,-53275,6949,-29244.4,33798.1,9.1,-0.071,72089172,LOCKED
38250,1285.142,-233635890130249,-11515,48709,-29266.7,33833.8,9.1,-0.070,72187545,LOCKED
38251,1286.142,-233635890129579,16110,76334,-29179.9,33599.5,9.1,-0.079,72280966,LOCKED
38252,1287.142,-233635890202670,-24836,35388,-29284.3,33437.7,9.4,-0.096,72293704,LOCKED
38253,1288.142,-233635890199171,7622,67846,-29281.0,33444.6,9.2,-0.093,72387788,LOCKED
38254,1289.142,-233635890204301,29124,89348,-29199.3,33593.7,9.5,-0.109,72475586,LOCKED
38255,1290.142,-233635890270257,-8145,52079,-29160.5,33359.7,9.3,-0.115,72497440,LOCKED
38256,1291.142,-233635890269386,22074,75604,-29206.6,32844.5,9.3,-0.119,72590972,LOCKED
38257,1292.142,-233635890286295,32871,86401,-29187.6,33011.2,9.4,-0.122,72551269,LOCKED
38258,1293.142,-233635890357205,-8310,45220,-29200.3,33030.1,9.2,-0.126,72683357,LOCKED
38259,1294.142,-233635890344159,30713,84243,-29093.0,33034.0,9.2,-0.136,72788103,LOCKED
38260,1295.142,-233635890448089,-43184,10346,-29067.2,32616.9,9.3,-0.131,72774939,LOCKED
38261,1296.142,-233635890439443,-4265,49265,-29119.4,32437.7,9.3,-0.133,72870114,LOCKED
38262,1297.142,-233635890523878,-57021,0,-29150.2,32916.0,9.3,-0.134,72877221,LOCKED
38263,1298.142,-233635890522099,-22953,34068,-29266.4,32537.0,9.3,-0.141,72970720,LOCKED
38264,1299.142,-233635890515005,13201,70222,-29278.2,32473.3,9.3,-0.136,73065530,LOCKED
38265,1300.143,-233635890517127,37178,94199,-29183.9,32785.8,9.4,-0.132,73155302,LOCKED
38266,1301.142,-233635890623845,-38903,18118,-29190.5,32864.0,9.4,-0.130,73137410,LOCKED
38267,1302.143,-233635890618954,-3550,53471,-29247.1,32634.9,9.3,-0.129,73227926,LOCKED
38268,1303.143,-233635890611088,32327,89348,-29240.2,32702.6,9.4,-0.126,73328533,LOCKED
38269,1304.142,-233635890722430,-45070,11951,-29396.4,32727.9,9.3,-0.125,73308019,LOCKED
38270,1305.143,-233635890716764,-7500,49521,-29507.2,31858.7,9.4,-0.123,73399454,LOCKED
38271,1306.143,-233635890711646,24843,81864,-29436.4,31967.2,9.3,-0.124,73500640,LOCKED
38272,1307.143,-233635890784386,-16663,40358,-29497.1,31954.5,9.2,-0.128,73515050,LOCKED
38273,1308.143,-233635890775755,19410,76431,-29428.3,31950.3,9.2,-0.127,73613562,LOCKED
38274,1309.143,-233635890772813,50115,107136,-29430.0,31922.5,9.1,-0.129,73711581,LOCKED
38275,1310.143,-233635890888147,-33276,23745,-29498.1,32231.8,9.4,-0.125,73685143,LOCKED
38276,1311.143,-233635890900093,-15497,41524,-29483.4,32137.1,9.3,-0.131,73766172,LOCKED
38277,1312.143,-233635890911966,3798,60819,-29572.6,31272.4,9.3,-0.131,73854904,LOCKED
38278,1313.143,-233635890976176,-27905,29116,-29670.4,31272.8,9.4,-0.132,73841024,LOCKED
38279,1314.144,-233635890988178,-9769,47252,-29677.1,31290.5,9.6,-0.131,73945851,LOCKED
38280,1315.143,-233635890982860,22320,79341,-29571.4,31011.2,9.5,-0.126,74043489,LOCKED
38281,1316.144,-233635890990214,40352,97373,-29432.8,31050.8,9.5,-0.126,74128566,LOCKED
38282,1317.143,-233635891048766,10371,67392,-29407.7,31078.1,9.7,-0.126,74160021,LOCKED
38283,1318.143,-233635891037071,46792,103813,-29255.5,31251.4,10.3,-0.120,74147711,LOCKED
38284,1319.144,-233635891125616,-10566,46455,-29332.9,30950.1,10.4,-0.114,74262305,LOCKED
38285,1320.144,-233635891122498,20729,77750,-29310.6,31058.8,10.2,-0.101,74355071,LOCKED
38286,1321.144,-233635891131311,37708,94729,-29200.4,31292.3,10.3,-0.102,74324404,LOCKED
38287,1322.144,-233635891214405,-16648,40373,-29149.9,30760.7,10.5,-0.105,74444326,LOCKED
38288,1323.144,-233635891202367,24315,81336,-29179.4,30428.7,10.6,-0.099,74545998,LOCKED
38289,1324.144,-233635891212245,40790,97811,-29108.4,30928.7,10.7,-0.093,74514720,LOCKED
38290,1325.144,-233635891301979,-19782,37239,-29078.0,30633.9,10.7,-0.095,74628930,LOCKED
38291,1326.144,-233635891288773,22602,79623,-29120.6,30121.3,10.7,-0.098,74730985,LOCKED
38292,1327.144,-233635891372492,-30789,26232,-29128.7,30201.2,10.7,-0.092,74737830,LOCKED
38293,1328.145,-233635891379629,-9857,47164,-29060.1,29491.0,10.5,-0.108,74818396,LOCKED
38294,1329.144,-233635891387771,11378,68399,-29094.7,29228.2,10.9,-0.076,74902942,LOCKED
38295,1330.144,-233635891382081,43011,100032,-29011.4,29799.9,10.9,-0.054,75000127,LOCKED
38296,1331.144,-233635891487798,-32517,24504,-29015.1,29841.0,10.8,-0.061,74980063,LOCKED
38297,1332.144,-233635891470360,11102,68123,-28894.3,28829.2,11.0,-0.040,75088964,LOCKED
38298,1333.144,-233635891466834,41526,98547,-28865.3,29178.5,11.1,-0.037,75074017,LOCKED
38299,1334.145,-233635891562372,-24059,32962,-28878.7,29275.7,11.0,-0.049,75179005,LOCKED
38300,1335.144,-233635891550686,14516,71537,-28805.0,29103.8,11.0,-0.048,75279035,LOCKED
38301,1336.144,-233635891569408,23691,80712,-28799.9,29145.3,11.0,-0.047,75240721,LOCKED
38302,1337.145,-233635891643743,-20221,36800,-28846.0,29262.7,11.0,-0.041,75363869,LOCKED
38303,1338.145,-233635891645320,7381,64402,-28874.6,29102.1,11.1,-0.025,75450635,LOCKED
38304,1339.144,-233635891649826,29717,86738,-28824.2,29380.3,11.1,-0.020,75537553,LOCKED
38305,1340.145,-233635891761780,-49597,7424,-28929.2,30110.0,11.2,-0.008,75516026,LOCKED
38306,1341.145,-233635891758697,-18516,38505,-28852.5,29008.6,11.3,0.003,75608410,LOCKED
38307,1342.145,-233635891755991,12648,69669,-28854.3,29000.4,11.3,0.003,75700690,LOCKED
38308,1343.145,-233635891769345,25457,82478,-28764.3,28994.1,11.4,0.012,75667612,LOCKED
38309,1344.145,-233635891862251,-34696,22325,-28902.7,28754.3,11.1,0.021,75775329,LOCKED
38310,1345.145,-233635891886421,-27750,29271,-28965.3,28980.1,11.1,0.028,75862985,LOCKED
38311,1346.145,-233635891938935,-48634,8387,-29015.2,29596.9,11.0,0.034,75968252,LOCKED
38312,1347.145,-233635891981594,-57419,0,-29158.4,30428.9,10.6,0.032,75996309,LOCKED
38313,1348.145,-233635891934359,17585,75004,-29119.4,30515.9,10.6,0.037,75971314,LOCKED
38314,1349.145,-233635892009429,-27508,29911,-29115.8,30479.8,10.1,0.034,76079621,LOCKED
38315,1350.145,-233635891996443,13851,71270,-29102.3,30526.3,9.9,0.031,76179543,LOCKED
38316,1351.145,-233635892002173,34007,91426,-29000.8,30703.0,9.8,0.033,76152449,LOCKED
38317,1352.146,-233635892091539,-25939,31480,-28978.2,30451.0,9.7,0.035,76268716,LOCKED
38318,1353.145,-233635892065444,27283,84702,-28932.7,30675.1,9.6,0.036,76381266,LOCKED
38319,1354.145,-233635892177998,-54059,3360,-28954.6,31032.7,8.9,0.030,76358200,LOCKED
38320,1355.146,-233635892172704,-17440,39979,-29042.1,30808.9,8.9,0.028,76455897,LOCKED
38321,1356.146,-233635892156442,25974,83393,-28992.5,31008.6,8.8,0.027,76557674,LOCKED
38322,1357.145,-233635892233966,-19357,38062,-29117.6,30307.5,8.6,0.025,76572828,LOCKED
38323,1358.146,-233635892235279,8746,66165,-29146.9,30133.5,7.8,0.020,76659974,LOCKED
38324,1359.145,-233635892238208,32379,89798,-29073.7,30426.1,8.1,0.023,76636791,LOCKED
38325,1360.146,-233635892328174,-27930,29489,-29055.8,30221.7,8.1,0.023,76749769,LOCKED
38326,1361.146,-233635892331864,-1134,56285,-29124.3,29780.7,8.4,0.025,76834591,LOCKED
38327,1362.146,-233635892328786,29266,86685,-29084.5,30031.5,8.4,0.025,76817251,LOCKED
38328,1363.147,-233635892450687,-60451,0,-29136.1,30847.7,8.4,0.022,76898242,LOCKED
38329,1364.146,-233635892448281,-25321,35130,-29270.3,30249.2,8.7,0.022,76986224,LOCKED
38330,1365.146,-233635892446567,5987,66438,-29296.2,30128.6,8.7,0.020,77080682,LOCKED
38331,1366.146,-233635892450713,28698,89149,-29224.1,30332.7,8.9,0.019,77167480,LOCKED
38332,1367.146,-233635892554772,-42164,18287,-29349.2,30612.7,8.6,0.011,77156282,LOCKED
38333,1368.146,-233635892547568,-5421,55030,-29349.5,30613.2,8.6,0.008,77250154,LOCKED
38334,1369.146,-233635892527122,40232,100683,-29212.9,30672.3,8.8,0.005,77358619,LOCKED
38335,1370.146,-233635892642608,-41569,18882,-29363.5,30600.3,8.8,0.007,77336987,LOCKED
38336,1371.146,-233635892638938,-6930,53521,-29430.9,30314.5,8.6,-0.005,77427257,LOCKED
38337,1372.146,-233635892632024,28048,88499,-29410.4,30471.8,8.7,-0.011,77525225,LOCKED
38338,1373.146,-233635892636213,51516,111967,-29410.1,30477.9,8.4,-0.027,77609065,LOCKED
38339,1374.147,-233635892765935,-44435,16016,-29550.5,30690.1,8.6,-0.028,77573273,LOCKED
38340,1375.147,-233635892756453,-4890,55561,-29567.5,30690.3,8.5,-0.037,77673709,LOCKED
38341,1376.147,-233635892773363,6700,67151,-29526.2,30618.2,8.5,-0.049,77750992,LOCKED
38342,1377.147,-233635892834634,-23058,37393,-29585.5,30743.3,8.5,-0.051,77776863,LOCKED
38343,1378.147,-233635892843055,-2735,57716,-29539.5,30492.9,8.6,-0.043,77855447,LOCKED
38344,1379.147,-233635892846361,22908,83359,-29548.7,30412.3,8.7,-0.047,77944325,LOCKED
38345,1380.147,-233635892883091,14590,75041,-29517.1,30473.3,8.7,-0.049,78037244,LOCKED
38346,1381.147,-233635892960235,-31717,28734,-29529.1,30590.4,9.0,-0.023,78011959,LOCKED
38347,1382.147,-233635892957537,1414,61865,-29575.9,30352.0,9.0,-0.020,78102682,LOCKED
38348,1383.147,-233635892993111,-4673,55778,-29563.8,30317.7,9.2,-0.000,78187816,LOCKED
38349,1384.147,-233635893050445,-31398,29053,-29562.9,30307.4,9.2,0.002,78166625,LOCKED
38350,1385.147,-233635893056643,-6606,53845,-29622.0,30095.9,9.0,-0.012,78275759,LOCKED
38351,1386.147,-233635893043153,33680,94131,-29539.2,30385.7,8.9,-0.028,78377343,LOCKED
38352,1387.148,-233635893121032,-12424,48027,-29628.4,29980.7,8.9,-0.043,78389693,LOCKED
38353,1388.147,-233635893115641,21762,82213,-29623.7,30014.2,8.9,-0.051,78488077,LOCKED
38354,1389.147,-233635893105310,57643,118094,-29519.5,31017.1,9.0,-0.061,78590657,LOCKED
38355,1390.147,-233635893215280,-22632,37819,-29490.4,30710.5,9.1,-0.042,78565843,LOCKED
38356,1391.148,-233635893202834,19218,79669,-29518.2,30450.8,9.0,-0.038,78667239,LOCKED
38357,1392.148,-233635893196740,50928,111379,-29411.1,31196.0,9.1,-0.047,78763330,LOCKED
38358,1393.147,-233635893306278,-28820,31631,-29381.8,30825.4,9.1,-0.045,78744878,LOCKED
38359,1394.148,-233635893311816,-4038,56413,-29421.2,30728.4,8.9,-0.042,78829187,LOCKED
38360,1395.147,-233635893308302,26310,86761,-29337.8,30800.6,8.8,-0.040,78924561,LOCKED
38361,1396.148,-233635893304208,54714,115165,-29181.8,31340.4,8.8,-0.046,79018636,LOCKED
38362,1397.148,-233635893393935,-5234,55217,-29202.4,31335.9,8.1,-0.045,79020703,LOCKED
38363,1398.147,-233635893391496,24009,84460,-29124.5,31382.5,8.3,-0.051,79113704,LOCKED
38364,1399.147,-233635893386849,52446,112897,-28949.5,31532.0,8.1,-0.050,79095107,LOCKED
38365,1400.148,-233635893496179,-25102,35349,-29047.0,31444.0,8.2,-0.056,79190559,LOCKED
38366,1401.148,-233635893485525,13697,74148,-29025.4,31498.4,8.3,-0.061,79288531,LOCKED
38367,1402.148,-233635893484623,39763,100214,-28901.8,31684.2,8.2,-0.061,79378109,LOCKED
38368,1403.148,-233635893579589,-26252,34199,-28860.5,31157.8,8.3,-0.066,79372684,LOCKED
38369,1404.148,-233635893573926,8123,68574,-28866.7,31136.9,8.3,-0.065,79469665,LOCKED
38370,1405.148,-233635893574265,34518,94969,-28819.4,31471.2,8.4,-0.069,79447673,LOCKED
38371,1406.148,-233635893657750,-17821,42630,-28904.1,31291.3,8.8,-0.077,79562781,LOCKED
38372,1407.148,-233635893717642,-44068,16383,-29063.8,31212.3,8.7,-0.079,79591181,LOCKED
38373,1408.149,-233635893716828,-14083,46368,-29045.6,31094.1,8.8,-0.082,79686523,LOCKED
38374,1409.148,-233635893703926,26732,87183,-29034.5,31182.7,8.7,-0.088,79791133,LOCKED
38375,1410.148,-233635893800165,-38547,21904,-29064.9,31487.9,8.5,-0.091,79785413,LOCKED
38376,1411.148,-233635893825085,-33652,26799,-29045.7,31235.6,9.0,-0.097,79851036,LOCKED
38377,1412.149,-233635893815603,5018,65469,-29061.1,31186.8,9.4,-0.102,79950125,LOCKED
38378,1413.149,-233635893814360,31673,92124,-28934.4,30996.1,9.5,-0.104,80042921,LOCKED
38379,1414.149,-233635893823622,49310,109761,-28916.5,31263.6,9.4,-0.111,80013239,LOCKED
38380,1415.149,-233635893923584,-20128,40323,-28962.0,31372.8,9.3,-0.117,80115836,LOCKED
38381,1416.149,-233635893908390,21191,81642,-28857.8,31073.3,9.7,-0.121,80217724,LOCKED
38382,1417.149,-233635893977450,-17542,42909,-28900.8,31149.9,10.1,-0.125,80240199,LOCKED
38383,1418.149,-233635893974827,12423,72874,-28844.9,31083.2,10.4,-0.128,80331116,LOCKED
38384,1419.149,-233635893987201,25442,85893,-28717.5,30611.0,10.7,-0.126,80297230,LOCKED
38385,1420.149,-233635894078599,-34488,25963,-28795.3,30938.2,10.7,-0.126,80409437,LOCKED
38386,1421.149,-233635894059313,12265,72716,-28750.4,30930.1,10.7,-0.122,80518833,LOCKED
38387,1422.149,-233635894103898,-4888,55563,-28677.4,30285.4,11.0,-0.123,80479305,LOCKED
38388,1423.149,-233635894184396,-51566,8885,-28844.4,30514.2,11.7,-0.131,80585220,LOCKED
38389,1424.149,-233635894159770,2356,62807,-28870.5,30425.6,11.9,-0.124,80683630,LOCKED
38390,1425.149,-233635894157088,31297,91748,-28794.2,30676.3,12.1,-0.124,80667243,LOCKED
38391,1426.149,-233635894242798,-25247,35204,-28770.5,30414.0,12.1,-0.115,80782342,LOCKED
38392,1427.149,-233635894212677,32613,93064,-28774.1,30371.9,12.8,-0.111,80790697,LOCKED
38393,1428.150,-233635894306862,-30667,29784,-28827.8,30656.0,12.8,-0.110,80898179,LOCKED
38394,1429.149,-233635894289979,12457,72908,-28721.3,29995.8,12.9,-0.095,81002380,LOCKED
38395,1430.150,-233635894406097,-68908,0,-28903.1,31065.5,12.9,-0.092,80981672,LOCKED
38396,1431.149,-233635894390811,-22878,46030,-28955.5,31205.9,13.0,-0.072,81087114,LOCKED
38397,1432.150,-233635894385133,10073,78981,-28889.6,31011.2,12.9,-0.071,81176408,LOCKED
38398,1433.150,-233635894398670,21956,90864,-28755.5,30262.1,12.8,-0.067,81142395,LOCKED
38399,1434.150,-233635894493744,-40082,28826,-28899.2,30217.1,12.6,-0.046,81250848,LOCKED
38400,1435.150,-233635894480706,1996,70904,-28909.4,30199.5,12.6,-0.053,81354055,LOCKED
38401,1436.150,-233635894492376,17862,86770,-28871.7,30292.6,12.8,-0.058,81437920,LOCKED
38402,1437.150,-233635894576103,-33661,35247,-28979.5,30401.7,12.8,-0.061,81441649,LOCKED
38403,1438.150,-233635894578671,-6431,62477,-29009.0,30381.4,12.8,-0.059,81529435,LOCKED
38404,1439.150,-233635894581205,18262,87170,-28951.8,30420.1,12.6,-0.027,81614536,LOCKED
38405,1440.150,-233635894699495,-66728,2180,-29054.4,31721.3,12.8,-0.036,81585828,LOCKED
38406,1441.150,-233635894681648,-17148,51760,-29157.5,31299.1,12.4,-0.051,81693090,LOCKED
38407,1442.150,-233635894684018,9457,78365,-29164.3,31273.1,12.3,-0.062,81776429,LOCKED
38408,1443.150,-233635894678508,41939,110847,-29126.4,31667.4,12.1,-0.082,81762704,LOCKED
38409,1444.150,-233635894777238,-24250,44658,-29253.9,31150.7,12.1,-0.098,81865896,LOCKED
38410,1445.150,-233635894770007,12427,81335,-29284.1,30935.7,12.0,-0.094,81961747,LOCKED
38411,1446.150,-233635894778065,31080,99988,-29209.4,31183.1,11.8,-0.090,82045597,LOCKED
38412,1447.150,-233635894848561,-8368,60540,-29285.8,30834.7,12.0,-0.101,82067956,LOCKED
38413,1448.150,-233635894857802,11028,79936,-29272.3,30867.7,11.4,-0.103,82148626,LOCKED
38414,1449.150,-233635894858347,35955,104863,-29145.4,30856.9,11.4,-0.105,82236979,LOCKED
38415,1450.151,-233635894975685,-47489,21419,-29299.7,31038.9,10.9,-0.112,82203440,LOCKED
38416,1451.151,-233635894960251,-2465,66443,-29309.9,31037.4,10.7,-0.113,82315440,LOCKED
38417,1452.151,-233635894950785,32890,101798,-29196.5,31059.0,10.7,-0.113,82414904,LOCKED
38418,1453.151,-233635895072510,-54253,14655,-29370.9,31325.3,10.6,-0.118,82384035,LOCKED
38419,1454.151,-233635895082256,-31495,37413,-29472.5,31411.3,10.3,-0.116,82463719,LOCKED
38420,1455.151,-233635895084382,-3999,64909,-29473.2,31412.3,10.1,-0.115,82565281,LOCKED
38421,1456.151,-233635895141400,-30734,38174,-29461.8,31281.8,10.0,-0.114,82563446,LOCKED
38422,1457.151,-233635895163827,-21441,47467,-29537.1,31280.9,9.7,-0.111,82680353,LOCKED
38423,1458.151,-233635895127324,41425,110333,-29450.0,31763.2,9.7,-0.110,82783414,LOCKED
38424,1459.151,-233635895241842,-42283,26625,-29446.4,31711.2,9.4,-0.107,82758017,LOCKED
38425,1460.151,-233635895267180,-34560,34348,-29566.6,31723.2,9.5,-0.109,82846201,LOCKED
38426,1461.151,-233635895227149,32670,101578,-29504.6,32029.8,9.4,-0.107,82951827,LOCKED
38427,1462.151,-233635895340255,-48767,20141,-29529.7,32371.5,9.2,-0.100,82927940,LOCKED
38428,1463.151,-233635895330809,-8143,60765,-29597.3,32127.0,9.2,-0.098,83025368,LOCKED
38429,1464.151,-233635895315342,34437,103345,-29532.5,32463.8,9.0,-0.089,83133919,LOCKED
38430,1465.152,-233635895324240,50387,119295,-29386.1,32871.2,8.9,-0.087,83106217,LOCKED
38431,1466.152,-233635895419374,-13799,55109,-29439.9,32844.4,9.0,-0.091,83211486,LOCKED
38432,1467.151,-233635895385901,47555,116463,-29442.5,32804.6,8.7,-0.083,83223723,LOCKED
38433,1468.151,-233635895491238,-25814,43094,-29523.7,32874.0,8.7,-0.082,83318816,LOCKED
38434,1469.152,-233635895483572,9982,78890,-29471.8,32794.0,8.8,-0.079,83412651,LOCKED
38435,1470.152,-233635895483099,38845,107753,-29483.4,32637.2,8.4,-0.070,83397277,LOCKED
38436,1471.152,-233635895587428,-32237,36671,-29614.7,32416.0,8.5,-0.072,83492507,LOCKED
38437,1472.152,-233635895582582,2335,71243,-29624.1,32400.7,8.6,-0.074,83593388,LOCKED
38438,1473.152,-233635895564168,46339,115247,-29502.9,32861.4,8.6,-0.069,83697091,LOCKED
38439,1474.152,-233635895680842,-39717,29191,-29491.6,32704.4,8.6,-0.063,83673591,LOCKED
38440,1475.152,-233635895671804,-362,68546,-29531.6,32561.9,8.5,-0.057,83766542,LOCKED
38441,1476.152,-233635895669698,28552,97460,-29445.2,32671.4,8.6,-0.057,83863660,LOCKED
38442,1477.152,-233635895760625,-30239,38669,-29527.1,32852.4,8.6,-0.058,83864848,LOCKED
38443,1478.152,-233635895752162,6798,75706,-29491.6,32814.5,8.6,-0.060,83962178,LOCKED
38444,1479.152,-233635895743700,40783,109691,-29364.4,32998.0,8.6,-0.062,84061797,LOCKED
38445,1480.152,-233635895852462,-35216,33692,-29472.8,33146.3,8.1,-0.041,84044035,LOCKED
38446,1481.152,-233635895847184,-1070,67838,-29441.3,33045.6,7.9,-0.030,84138086,LOCKED
38447,1482.152,-233635895843309,29977,98885,-29379.7,33288.0,8.0,-0.027,84230077,LOCKED
38448,1483.152,-233635895848023,52573,121481,-29365.5,33504.1,7.9,-0.042,84205301,LOCKED
38449,1484.152,-233635895951389,-20309,48599,-29386.7,33598.7,7.9,-0.053,84303001,LOCKED
38450,1485.153,-233635895951114,7405,76313,-29303.2,33168.0,8.0,-0.045,84392167,LOCKED
38451,1486.153,-233635895949800,35989,104897,-29263.2,33478.4,7.8,-0.024,84484412,LOCKED
38452,1487.153,-233635895984555,26961,95869,-29134.3,33078.6,7.7,-0.034,84443049,LOCKED
38453,1488.153,-233635896080083,-36393,32515,-29223.1,33389.6,7.5,-0.013,84532861,LOCKED
38454,1489.152,-233635896062033,9188,78096,-29155.2,33171.1,7.6,-0.022,84642464,LOCKED
38455,1490.153,-233635896090847,10743,79651,-29232.8,32351.2,7.6,0.018,84731129,LOCKED
38456,1491.152,-233635896167317,-33655,35253,-29316.3,32617.4,7.8,0.041,84717455,LOCKED
38457,1492.153,-233635896198447,-33792,35116,-29342.5,32838.8,7.8,0.040,84806778,LOCKED
38458,1493.153,-233635896151237,38821,107729,-29213.4,32922.2,7.9,0.052,84911564,LOCKED
38459,1494.153,-233635896264791,-41650,27258,-29334.3,33198.5,7.9,0.060,84888931,LOCKED
38460,1495.153,-233635896251908,140,69048,-29313.5,33160.4,8.0,0.048,84990429,LOCKED
38461,1496.153,-233635896266406,12977,81885,-29237.9,32953.4,8.1,0.059,85071901,LOCKED
38462,1497.153,-233635896338862,-27550,41358,-29324.3,33033.3,8.1,0.058,85087251,LOCKED
38463,1498.154,-233635896324667,14847,83755,-29293.9,33093.0,8.1,0.066,85195156,LOCKED
38464,1499.153,-233635896308592,55302,124210,-29144.3,33689.4,7.9,0.065,85297174,LOCKED
38465,1500.153,-233635896439102,-41231,27677,-29313.3,33321.2,7.9,0.071,85255832,LOCKED
38466,1501.153,-233635896438611,-10242,58666,-29354.5,33301.6,7.9,0.070,85344842,LOCKED
38467,1502.153,-233635896440560,15633,84541,-29305.3,33326.4,8.1,0.063,85437899,LOCKED
38468,1503.153,-233635896434474,46084,114992,-29139.1,33258.5,7.9,0.062,85530916,LOCKED
38469,1504.153,-233635896550008,-37160,31748,-29232.1,33569.8,8.0,0.055,85507162,LOCKED
38470,1505.153,-233635896546358,-4605,64303,-29208.4,33485.1,8.0,0.050,85605317,LOCKED
38471,1506.153,-233635896543032,24767,93675,-29094.2,33203.6,7.9,0.047,85692488,LOCKED
38472,1507.154,-233635896631143,-32112,36796,-29145.8,33486.7,7.9,0.041,85700098,LOCKED
38473,1508.154,-233635896630096,-2516,66392,-29112.2,33359.4,7.9,0.042,85790652,LOCKED
38474,1509.153,-233635896625642,27311,96219,-28973.9,32825.0,8.5,0.034,85883827,LOCKED
38475,1510.154,-233635896634575,45346,114254,-28950.8,33110.3,8.5,0.029,85851529,LOCKED
38476,1511.154,-233635896739505,-29027,39881,-28981.4,33307.1,8.6,0.026,85946166,LOCKED
38477,1512.154,-233635896725023,11837,80745,-28873.3,32653.2,8.6,0.028,86049108,LOCKED
38478,1513.154,-233635896726389,38092,107000,-28875.2,32629.5,8.5,0.026,86139309,LOCKED
38479,1514.154,-233635896850275,-52504,16404,-29004.8,33272.6,8.5,0.027,86106697,LOCKED
38480,1515.154,-233635896861992,-32996,35912,-29059.0,33571.7,8.5,0.028,86183396,LOCKED
38481,1516.154,-233635896870350,-10599,58309,-29124.7,33403.6,8.5,0.030,86265699,LOCKED
38482,1517.154,-233635896849789,37292,106200,-29098.7,33647.7,8.5,0.031,86265897,LOCKED
38483,1518.154,-233635896954206,-36984,31924,-29088.2,33517.1,8.6,0.031,86362419,LOCKED
38484,1519.154,-233635896960544,-11948,56960,-29180.8,33095.2,8.8,0.034,86445697,LOCKED
38485,1520.155,-233635896957254,20530,89438,-29215.3,32759.6,8.8,0.029,86538597,LOCKED
38486,1521.154,-233635896955408,47339,116247,-29085.1,33183.5,8.8,0.031,86631243,LOCKED
38487,1522.154,-233635897057970,-22654,46254,-29218.7,32523.4,8.5,0.038,86618492,LOCKED
38488,1523.155,-233635897051676,12669,81577,-29230.5,32462.2,8.6,0.040,86715280,LOCKED
38489,1524.155,-233635897058470,32009,100917,-29131.6,32583.8,8.3,0.049,86812997,LOCKED
38490,1525.155,-233635897146540,-26761,42147,-29095.2,32145.6,8.3,0.051,86799286,LOCKED
38491,1526.155,-233635897179329,-27934,40974,-29172.6,32293.7,8.5,0.047,86882689,LOCKED
38492,1527.155,-233635897229961,-47658,21250,-29178.5,32381.5,8.7,0.050,86894236,LOCKED
38493,1528.155,-233635897227378,-13848,55060,-29256.2,32171.1,8.6,0.045,86985605,LOCKED
38494,1529.155,-233635897226327,15261,84169,-29222.7,32233.6,8.6,0.039,87079003,LOCKED
38495,1530.155,-233635897224649,42015,110923,-29088.8,32400.6,8.6,0.042,87171179,LOCKED
38496,1531.155,-233635897307329,-9590,59318,-29170.5,32035.0,8.6,0.036,87242777,LOCKED
38497,1532.155,-233635897342575,-14450,54458,-29206.2,32085.1,8.5,0.029,87231671,LOCKED
38498,1533.155,-233635897324725,29126,98034,-29083.6,31849.8,8.5,0.031,87341332,LOCKED
38499,1534.155,-233635897431439,-43920,24988,-29235.9,31874.9,8.5,0.022,87323392,LOCKED
38500,1535.155,-233635897417953,-813,68095,-29253.4,31850.6,8.4,0.024,87427359,LOCKED
38501,1536.155,-233635897402055,40739,109647,-29144.3,32195.4,8.5,-0.006,87533181,LOCKED
38502,1537.155,-233635897492610,-18083,50825,-29241.5,31888.2,8.5,-0.002,87532420,LOCKED
38503,1538.155,-233635897506498,-2456,66452,-29250.9,31887.6,8.6,-0.014,87609087,LOCKED
38504,1539.155,-233635897492848,36663,105571,-29126.0,31931.2,9.0,-0.040,87713616,LOCKED
38505,1540.155,-233635897596230,-33769,35139,-29257.8,31765.5,9.0,-0.035,87702026,LOCKED
38506,1541.156,-233635897578920,12331,81239,-29255.3,31775.0,9.0,-0.030,87806869,LOCKED
38507,1542.156,-233635897570062,46435,115343,-29135.5,32258.1,8.9,-0.044,87903659,LOCKED
38508,1543.156,-233635897681420,-35110,33798,-29110.3,31908.8,8.9,-0.056,87886115,LOCKED
38509,1544.155,-233635897676522,-277,68631,-29150.4,31761.0,8.9,-0.061,87979540,LOCKED
38510,1545.156,-233635897669479,33406,102314,-29082.6,32075.4,8.9,-0.056,88072216,LOCKED
38511,1546.156,-233635897681781,45683,114591,-28937.3,32276.7,8.9,-0.051,88039620,LOCKED
38512,1547.156,-233635897729697,23780,92688,-28833.2,32075.4,8.9,-0.048,88190476,LOCKED
38513,1548.156,-233635897751218,29996,98904,-28829.2,32112.5,9.0,-0.054,88149247,LOCKED
38514,1549.156,-233635897859903,-47226,21682,-28880.0,32652.6,8.9,-0.049,88242042,LOCKED
38515,1550.156,-233635897857821,-15803,50925,-28876.4,32632.6,8.7,-0.055,88333489,LOCKED
38516,1551.156,-233635897869995,1807,68535,-28924.0,32394.9,8.5,-0.053,88412785,LOCKED
38517,1552.156,-233635897853673,45099,111827,-28903.1,32659.8,8.9,-0.064,88521491,LOCKED
38518,1553.156,-233635897966394,-37610,29118,-28895.0,32554.9,8.7,-0.068,88497253,LOCKED
38519,1554.156,-233635897959328,-181,66547,-28966.8,32079.8,8.5,-0.064,88594717,LOCKED
38520,1555.156,-233635897943842,41453,108181,-28897.3,32569.0,8.4,-0.067,88703645,LOCKED
38521,1556.156,-233635898060252,-43530,23198,-28949.2,33046.8,8.2,-0.063,88676085,LOCKED
38522,1557.156,-233635898012932,31615,98343,-28946.6,33072.2,8.2,-0.065,88809749,LOCKED
38523,1558.156,-233635898033248,37228,103956,-28860.2,33416.5,8.0,-0.066,88769923,LOCKED
38524,1559.157,-233635898111850,-13671,53057,-28780.5,32490.5,8.0,-0.067,88891033,LOCKED
38525,1560.156,-233635898144931,-15504,51224,-28876.0,32125.6,8.0,-0.071,88952266,LOCKED
38526,1561.157,-233635898143892,13903,80631,-28874.2,32133.5,8.0,-0.072,89037526,LOCKED
38527,1562.157,-233635898252618,-62116,4612,-28959.2,33170.4,8.0,-0.071,89019291,LOCKED
38528,1563.156,-233635898242152,-22796,43932,-28916.0,32685.8,8.1,-0.068,89121169,LOCKED
38529,1564.157,-233635898237478,11315,78043,-28960.5,32340.2,8.0,-0.068,89216435,LOCKED
38530,1565.156,-233635898234236,40895,107623,-28899.7,32802.7,8.0,-0.071,89307097,LOCKED
38531,1566.156,-233635898359753,-52999,13729,-28945.3,33381.9,8.0,-0.072,89275097,LOCKED
38532,1567.157,-233635898341020,-3903,62825,-29008.5,33099.3,7.9,-0.075,89385784,LOCKED
38533,1568.156,-233635898329565,34332,101060,-28956.1,33420.5,7.9,-0.076,89487575,LOCKED
38534,1569.157,-233635898443139,-48010,18718,-28988.0,33808.4,7.5,-0.084,89458609,LOCKED
38535,1570.157,-233635898447609,-23640,43088,-28941.3,33267.5,7.4,-0.086,89546554,LOCKED
38536,1571.157,-233635898504178,-47165,19563,-29064.5,33733.3,7.3,-0.089,89639152,LOCKED
38537,1572.157,-233635898435924,46319,113047,-28953.1,34235.2,7.4,-0.089,89627429,LOCKED
38538,1573.157,-233635898539010,-27592,39136,-28918.0,33827.1,7.4,-0.088,89725667,LOCKED
38539,1574.157,-233635898518932,21512,88240,-28959.2,33398.1,7.5,-0.087,89841099,LOCKED
38540,1575.157,-233635898617030,-43525,23203,-29088.4,33669.1,7.5,-0.087,89831404,LOCKED
38541,1576.157,-233635898602975,79,66807,-29111.1,33622.4,7.9,-0.087,89932999,LOCKED
38542,1577.157,-233635898682503,-48255,18473,-29133.1,33910.1,7.9,-0.086,89946241,LOCKED
38543,1578.157,-233635898678272,-12629,54099,-29223.3,33541.8,8.2,-0.092,90033129,LOCKED
38544,1579.158,-233635898666809,26869,93597,-29209.7,33640.1,8.0,-0.082,90137287,LOCKED
38545,1580.157,-233635898682695,37144,103872,-29121.7,33969.9,7.9,-0.089,90099231,LOCKED
38546,1581.157,-233635898774465,-25388,41340,-29085.1,33561.7,7.9,-0.086,90212405,LOCKED
38547,1582.157,-233635898758575,19144,85872,-29095.2,33491.9,8.3,-0.083,90319849,LOCKED
38548,1583.157,-233635898770324,33803,100531,-29019.4,33780.7,8.2,-0.090,90284696,LOCKED
38549,1584.158,-233635898861210,-27356,39372,-29008.6,33678.3,8.2,-0.087,90395635,LOCKED
38550,1585.158,-233635898859944,3535,70263,-29044.8,33521.1,8.6,-0.080,90488360,LOCKED
38551,1586.158,-233635898861634,29864,96592,-29044.1,33527.2,8.3,-0.062,90464176,LOCKED
38552,1587.158,-233635898941145,-17527,49201,-29166.2,32859.5,8.2,-0.024,90588494,LOCKED
38553,1588.158,-233635898935310,17156,83884,-29179.2,32772.6,8.1,-0.019,90681904,LOCKED
38554,1589.158,-233635899043431,-57920,8808,-29272.7,33697.5,8.1,-0.014,90664607,LOCKED
38555,1590.158,-233635899063537,-46709,20019,-29295.4,33981.2,8.0,-0.008,90734213,LOCKED
38556,1591.158,-233635899072262,-23808,42920,-29370.3,34037.7,8.0,-0.015,90815366,LOCKED
38557,1592.158,-233635899067168,10862,77590,-29398.5,33872.2,7.9,-0.008,90915293,LOCKED
38558,1593.158,-233635899066145,37973,104701,-29299.0,34167.4,7.8,0.001,91003309,LOCKED
38559,1594.158,-233635899181459,-43053,23675,-29472.6,33820.6,7.8,0.025,90976958,LOCKED
38560,1595.158,-233635899174177,-5274,61454,-29514.2,33735.5,7.7,0.053,91075947,LOCKED
38561,1596.160,-233635899165499,29927,96655,-29417.0,33802.4,8.0,0.035,91174786,LOCKED
38562,1597.158,-233635899261746,-33410,33318,-29533.0,33813.6,7.9,0.029,91168627,LOCKED
38563,1598.159,-233635899267735,-8538,58190,-29584.2,33717.5,7.9,0.026,91250470,LOCKED
38564,1599.158,-233635899276237,11032,77760,-29528.2,33631.4,7.7,0.025,91338152,LOCKED
38565,1600.158,-233635899271979,43608,110336,-29541.4,33435.7,7.9,0.012,91431573,LOCKED
38566,1601.158,-233635899374725,-27463,39265,-29600.5,33632.2,7.8,0.010,91415835,LOCKED
38567,1602.159,-233635899365463,9633,76361,-29529.7,33397.3,7.9,-0.000,91517192,LOCKED
38568,1603.159,-233635899375201,29130,95858,-29563.8,32977.5,8.1,-0.009,91603265,LOCKED
38569,1604.159,-233635899472099,-35171,31557,-29654.3,33246.6,8.2,-0.016,91588946,LOCKED
38570,1605.159,-233635899499661,-31523,35205,-29678.3,33433.3,8.3,-0.023,91683133,LOCKED
38571,1606.159,-233635899455811,38096,104824,-29549.5,33489.1,8.3,-0.028,91785912,LOCKED
38572,1607.159,-233635899527922,-4868,61860,-29521.6,33376.4,8.3,-0.033,91806048,LOCKED
38573,1608.159,-233635899579838,-26492,40236,-29515.3,33320.6,8.4,-0.038,91893833,LOCKED
38574,1609.159,-233635899531984,49168,115896,-29513.2,33353.0,8.3,-0.041,91874305,LOCKED
38575,1610.159,-233635899615534,-3954,62774,-29551.6,33268.2,8.4,-0.045,91992036,LOCKED
38576,1611.159,-233635899603252,35481,102209,-29492.8,33614.2,8.7,-0.051,92093369,LOCKED
38577,1612.159,-233635899607398,55373,122101,-29316.9,33899.0,8.7,-0.056,92068313,LOCKED
38578,1613.159,-233635899695487,-2067,64661,-29378.9,33596.9,8.8,-0.059,92186410,LOCKED
38579,1614.159,-233635899683821,36418,103146,-29313.8,33958.8,8.7,-0.059,92284741,LOCKED
38580,1615.159,-233635899787355,-36906,29822,-29296.3,33731.0,8.7,-0.058,92269156,LOCKED
38581,1616.159,-233635899758861,20802,87530,-29326.9,33447.5,8.6,-0.057,92392447,LOCKED
38582,1617.159,-233635899822168,-13536,53192,-29286.8,33130.4,8.6,-0.056,92415960,LOCKED
38583,1618.159,-233635899827757,7919,74647,-29189.7,32515.1,8.7,-0.057,92498252,LOCKED
38584,1619.159,-233635899829047,33435,100163,-29128.2,32829.9,8.7,-0.056,92591736,LOCKED
38585,1620.159,-233635899940954,-46102,20626,-29210.8,33421.1,8.6,-0.061,92568654,LOCKED
38586,1621.159,-233635899940694,-16467,50261,-29191.4,33286.7,8.6,-0.060,92661508,LOCKED
38587,1622.159,-233635899929016,24505,91233,-29237.3,32737.0,8.5,-0.057,92758999,LOCKED
38588,1623.159,-233635899941402,39121,105849,-29192.6,33113.5,8.4,-0.051,92727333,LOCKED
38589,1624.160,-233635900029528,-19214,47514,-29190.0,33097.2,8.2,-0.045,92842246,LOCKED
38590,1625.159,-233635900030485,6637,73365,-29083.9,32291.2,8.3,-0.044,92929969,LOCKED
38591,1626.160,-233635900024995,39817,106545,-29081.7,32318.9,8.1,-0.037,93025169,LOCKED
38592,1627.160,-233635900115122,-20113,46615,-29103.0,32416.0,8.1,-0.036,93024560,LOCKED
38593,1628.160,-233635900123431,-976,65752,-29019.9,31744.0,8.1,-0.035,93103851,LOCKED
38594,1629.160,-233635900117169,33171,99899,-29019.4,31750.0,8.2,-0.033,93198773,LOCKED
38595,1630.160,-233635900233711,-50504,16224,-29124.4,32457.1,8.0,-0.024,93171703,LOCKED
38596,1631.160,-233635900228428,-13739,52989,-29217.5,32069.3,7.7,-0.014,93266537,LOCKED
38597,1632.160,-233635900232310,9011,75739,-29105.3,31213.6,7.8,-0.010,93356392,LOCKED
38598,1633.160,-233635900225832,42191,108919,-29057.5,31670.5,7.5,0.004,93453692,LOCKED
38599,1634.160,-233635900341142,-42353,24375,-29070.9,31841.7,7.5,0.009,93428888,LOCKED
38600,1635.162,-233635900337456,-7858,58870,-29143.3,31534.6,7.5,0.016,93522127,LOCKED
38601,1636.161,-233635900332230,24548,91276,-29087.7,31695.4,7.5,0.012,93618969,LOCKED
38602,1637.160,-233635900443532,-52520,14208,-29253.2,31985.8,7.5,0.017,93594622,LOCKED
38603,1638.161,-233635900450257,-27601,39127,-29324.8,32154.7,7.5,0.013,93675454,LOCKED
38604,1639.165,-233635900459159,-7568,59160,-29293.0,31981.5,7.5,0.008,93761482,LOCKED
38605,1640.168,-233635900469117,9648,76376,-29204.9,31529.7,7.6,0.006,93837435,LOCKED
38606,1641.160,-233635900545074,-34065,32663,-29297.5,31764.9,7.6,0.005,93913934,LOCKED
38607,1642.161,-233635900590452,-47681,19047,-29339.3,32255.5,7.5,-0.010,93899233,LOCKED
38608,1643.162,-233635900575558,-4604,62124,-29274.7,31767.2,7.8,-0.024,94004041,LOCKED
38609,1644.163,-233635900558520,39578,106306,-29235.9,32131.2,8.0,-0.036,94110012,LOCKED
38610,1645.163,-233635900675162,-45159,21569,-29291.9,32661.8,8.2,-0.067,94087672,LOCKED
38611,1646.163,-233635900658692,-775,65953,-29222.8,32203.7,8.3,-0.079,94191863,LOCKED
38612,1647.161,-233635900738179,-47474,19254,-29319.0,32827.3,8.3,-0.112,94203252,LOCKED
38613,1648.164,-233635900740932,-20401,46327,-29309.9,32760.5,8.3,-0.124,94288781,LOCKED
38614,1649.162,-233635900734105,16452,83180,-29372.6,32062.7,8.3,-0.134,94384763,LOCKED
38615,1650.161,-233635900746208,33061,99789,-29395.2,31768.2,8.5,-0.153,94470485,LOCKED
38616,1651.161,-233635900757704,48557,115285,-29358.0,32232.7,8.4,-0.149,94545911,LOCKED
38617,1652.167,-233635900871002,-33315,33413,-29404.1,32534.8,8.3,-0.146,94520551,LOCKED
38618,1653.162,-233635900866587,-752,65976,-29341.1,32151.1,7.7,-0.149,94619839,LOCKED
38619,1654.161,-233635900858069,36252,102980,-29359.5,31900.2,7.1,-0.146,94713338,LOCKED
38620,1655.161,-233635900954243,-28172,38556,-29430.1,32087.0,7.1,-0.149,94707975,LOCKED
38621,1656.161,-233635900952153,2323,69051,-29383.6,31919.9,7.0,-0.146,94799971,LOCKED
38622,1657.162,-233635901016833,-29466,37262,-29506.9,31686.6,6.9,-0.149,94828308,LOCKED
38623,1658.161,-233635901018210,-540,66188,-29545.2,31554.7,6.8,-0.145,94918812,LOCKED
38624,1659.162,-233635901004912,39610,106338,-29478.8,32009.0,6.8,-0.143,95020269,LOCKED
38625,1660.162,-233635901117714,-41980,24748,-29494.0,32196.7,6.7,-0.139,94995602,LOCKED
38626,1661.162,-233635901117999,-10636,56092,-29581.3,31787.9,6.7,-0.139,95087265,LOCKED
38627,1662.162,-233635901098117,36415,103143,-29523.4,32166.9,6.7,-0.137,95198205,LOCKED
38628,1663.162,-233635901201144,-35258,31470,-29554.6,32434.8,6.7,-0.135,95182374,LOCKED
38629,1664.162,-233635901187210,9360,76088,-29625.7,31743.6,6.8,-0.134,95288313,LOCKED
38630,1665.162,-233635901172760,51661,118389,-29624.6,31763.0,7.1,-0.129,95394908,LOCKED
38631,1666.162,-233635901293118,-37224,29504,-29653.5,32038.9,7.1,-0.128,95363798,LOCKED
38632,1667.162,-233635901242013,41423,108151,-29618.7,32396.7,7.9,-0.121,95504071,LOCKED
38633,1668.162,-233635901256166,54653,121381,-29599.8,32696.8,7.9,-0.121,95470120,LOCKED
38634,1669.162,-233635901352688,-12553,54175,-29564.9,32443.4,8.2,-0.118,95576910,LOCKED
38635,1670.162,-233635901352250,16973,79089,-29569.8,32414.7,8.3,-0.116,95664493,LOCKED
38636,1671.162,-233635901353819,41337,103453,-29459.9,32769.1,8.1,-0.120,95756001,LOCKED
38637,1672.162,-233635901456289,-31268,30848,-29427.7,32348.5,8.1,-0.121,95744611,LOCKED
38638,1673.162,-233635901455235,-512,61604,-29440.3,32335.8,8.2,-0.121,95835558,LOCKED
38639,1674.162,-233635901473781,8577,70693,-29365.8,32027.1,8.4,-0.121,95922543,LOCKED
38640,1675.162,-233635901542650,-27663,34453,-29480.2,31840.3,8.5,-0.116,95901412,LOCKED
38641,1676.162,-233635901580852,-34579,27537,-29511.4,32103.8,8.5,-0.118,95984124,LOCKED
38642,1677.162,-233635901613344,-34548,27568,-29601.8,32361.9,8.6,-0.114,96131323,LOCKED
38643,1678.163,-233635901628688,-19122,42994,-29627.4,32460.1,8.5,-0.117,96111634,LOCKED
38644,1679.162,-233635901653230,-14207,47909,-29595.3,32216.4,8.5,-0.113,96202956,LOCKED
38645,1680.163,-233635901642600,25928,88044,-29634.1,31744.4,8.5,-0.117,96281599,LOCKED
38646,1681.163,-233635901707088,-7659,54457,-29683.7,31638.3,8.4,-0.113,96382787,LOCKED
38647,1682.163,-233635901740050,-10862,51254,-29669.3,31566.5,8.5,-0.117,96362666,LOCKED
38648,1683.163,-233635901725184,30240,92356,-29550.8,31426.9,8.5,-0.113,96466969,LOCKED
38649,1684.163,-233635901723046,58488,120604,-29479.1,32326.8,8.5,-0.109,96452250,LOCKED
38650,1685.163,-233635901815380,-4475,57641,-29466.3,32292.9,8.7,-0.112,96561089,LOCKED
38651,1686.163,-233635901799930,36231,98347,-29319.7,32025.2,8.7,-0.107,96669674,LOCKED
38652,1687.163,-233635901846629,17920,80036,-29303.8,32095.2,8.6,-0.101,96710965,LOCKED
38653,1688.163,-233635901834167,55398,117514,-29185.2,32923.4,8.8,-0.104,96812103,LOCKED
38654,1689.163,-233635901937889,-19576,42540,-29131.1,32311.8,8.7,-0.110,96798205,LOCKED
38655,1690.163,-233635901923043,23952,86068,-29148.9,32142.6,8.8,-0.088,96901649,LOCKED
38656,1691.163,-233635901929720,43445,105561,-29074.9,32679.2,8.8,-0.070,96988588,LOCKED
38657,1692.166,-233635902047482,-43148,18968,-29105.9,33020.1,8.8,-0.066,96957529,LOCKED
38658,1693.163,-233635902044188,-12091,50025,-29019.7,31997.4,8.8,-0.078,97048351,LOCKED
38659,1694.163,-233635902031946,27981,90097,-29007.8,32093.3,9.1,-0.062,97153274,LOCKED
38660,1695.164,-233635902035832,49283,111399,-28902.1,32749.5,9.3,-0.049,97127849,LOCKED
38661,1696.164,-233635902146997,-32424,29692,-28875.4,32404.2,9.5,-0.036,97216419,LOCKED
38662,1697.164,-233635902129864,13788,75904,-28908.4,32154.8,9.5,-0.032,97326841,LOCKED
38663,1698.164,-233635902142017,28964,91080,-28879.0,32352.1,9.5,-0.033,97402064,LOCKED
38664,1699.164,-233635902156926,39877,101993,-28795.2,32784.3,9.7,-0.019,97365628,LOCKED
38665,1700.164,-233635902250828,-24549,37567,-28787.8,32720.9,9.8,-0.006,97470292,LOCKED
38666,1701.163,-233635902256382,-654,61462,-28819.2,32636.9,9.8,-0.006,97555973,LOCKED
38667,1702.164,-233635902254484,29277,91393,-28829.3,32531.7,10.0,0.004,97650162,LOCKED
38668,1703.164,-233635902370806,-54673,7443,-28912.4,33353.5,9.9,0.014,97621198,LOCKED
38669,1704.164,-233635902366940,-22197,39919,-28860.5,32742.9,9.8,0.015,97715439,LOCKED
38670,1705.164,-233635902360238,13603,75719,-28894.9,32483.8,9.8,0.022,97815659,LOCKED
38671,1706.164,-233635902423784,-20024,42092,-28911.8,32567.1,9.7,0.029,97902081,LOCKED
38672,1707.164,-233635902464491,-28410,33706,-29032.2,32336.8,9.2,0.034,97921447,LOCKED
38673,1708.164,-233635902422832,40123,102239,-28992.9,32703.9,9.0,0.038,98020747,LOCKED
38674,1709.164,-233635902541550,-46985,15131,-29043.3,33228.0,8.8,0.035,97991717,LOCKED
38675,1710.164,-233635902532685,-9647,52469,-28999.2,32916.3,8.2,0.037,98089076,LOCKED
38676,1711.164,-233635902543606,6070,68186,-28893.2,32087.8,8.2,0.040,98167788,LOCKED
38677,1712.164,-233635902540343,36608,98724,-28874.6,32277.7,8.3,0.043,98263542,LOCKED
38678,1713.164,-233635902651938,-43339,18777,-28938.8,32797.0,8.3,0.041,98237274,LOCKED
38679,1714.164,-233635902655831,-18542,43574,-28895.6,32367.5,8.1,0.041,98328765,LOCKED
38680,1715.165,-233635902721809,-51281,10835,-29023.7,32975.6,8.1,0.043,98432950,LOCKED
38681,1716.165,-233635902750343,-47687,14429,-29096.9,33595.6,7.9,0.042,98411436,LOCKED
38682,1717.165,-233635902729218,3399,65515,-29145.1,33335.9,7.9,0.043,98522233,LOCKED
38683,1718.165,-233635902717803,41273,103389,-29081.8,33796.5,7.7,0.038,98621353,LOCKED
38684,1719.165,-233635902827913,-38448,23668,-29081.9,33798.7,7.7,0.035,98603948,LOCKED
38685,1720.165,-233635902825679,-5199,56917,-29168.3,33271.9,7.7,0.033,98695757,LOCKED
38686,1721.165,-233635902821816,26637,88753,-29154.0,33374.0,7.7,0.030,98787250,LOCKED
38687,1722.165,-233635902823542,49541,111657,-29014.1,33796.6,7.7,0.028,98877326,LOCKED
38688,1723.165,-233635902929480,-24272,37844,-29126.6,33522.0,7.8,0.025,98863060,LOCKED
38689,1724.165,-233635902922606,10981,73097,-29108.2,33555.1,7.8,0.023,98954348,LOCKED
38690,1725.170,-233635902923948,34779,96895,-28971.0,33368.3,7.7,0.025,99048788,LOCKED
38691,1726.165,-233635902934866,50853,112969,-28958.4,33555.2,8.0,0.021,99011488,LOCKED
38692,1727.165,-233635903006557,6420,68536,-28885.5,33225.2,7.6,0.030,99140355,LOCKED
38693,1728.165,-233635903024338,14633,76749,-28767.7,32510.2,7.6,0.028,99215047,LOCKED
38694,1729.167,-233635903019255,45698,107814,-28706.9,33063.3,7.5,0.032,99197451,LOCKED
38695,1730.165,-233635903117573,-22992,39124,-28713.9,33110.1,7.4,0.037,99300551,LOCKED
38696,1731.165,-233635903113951,7182,69298,-28619.5,32513.2,7.4,0.035,99397358,LOCKED
38697,1732.165,-233635903112261,35844,97960,-28598.2,32717.5,7.5,0.034,99487284,LOCKED
38698,1733.166,-233635903212555,-33707,28409,-28647.5,33027.5,7.4,0.040,99475039,LOCKED
38699,1734.166,-233635903216049,-8492,53624,-28636.4,32985.9,7.2,0.048,99562633,LOCKED
38700,1735.166,-233635903216563,19175,81291,-28646.0,32918.9,7.4,0.057,99651323,LOCKED
38701,1736.166,-233635903238441,25430,87546,-28663.1,32752.1,7.4,0.057,99722569,LOCKED
38702,1737.166,-233635903305200,-10489,51627,-28752.7,32316.2,7.2,0.068,99741050,LOCKED
38703,1738.166,-233635903306597,16783,78899,-28776.6,32132.6,7.4,0.071,99830873,LOCKED
38704,1739.166,-233635903317487,33337,95453,-28766.6,32231.7,7.4,0.073,99800318,LOCKED
38705,1740.166,-233635903432565,-49896,12220,-28834.8,32902.3,7.4,0.075,99887796,LOCKED
38706,1741.166,-233635903433574,-19780,42336,-28914.5,32827.2,7.4,0.077,99973080,LOCKED
38707,1742.166,-233635903420079,22232,84348,-28932.0,32674.2,7.3,0.079,100079006,LOCKED
38708,1743.166,-233635903534445,-59430,2686,-29018.4,33628.0,7.7,0.051,100054186,LOCKED
38709,1744.166,-233635903539123,-34137,27979,-29008.4,33511.2,7.6,0.059,100137969,LOCKED
38710,1745.166,-233635903531069,3464,65580,-29040.7,33382.4,7.7,0.023,100236679,LOCKED
38711,1746.166,-233635903553434,8774,70890,-28988.1,33279.3,7.8,0.018,100321456,LOCKED
38712,1747.166,-233635903603298,-11491,50625,-28999.0,33308.2,8.0,-0.002,100343777,LOCKED
38713,1748.166,-233635903601051,16913,79029,-28887.4,32779.4,7.7,-0.026,100434504,LOCKED
38714,1749.166,-233635903619588,26300,88416,-28883.9,32808.1,7.9,-0.049,100395477,LOCKED
38715,1750.166,-233635903718346,-41363,20753,-28923.6,33188.5,7.9,-0.047,100494654,LOCKED
38716,1751.167,-233635903738904,-32211,29905,-28908.6,33014.6,8.0,-0.058,100577131,LOCKED
38717,1752.166,-233635903798350,-57121,4995,-29090.1,33323.1,8.1,-0.068,100688337,LOCKED
38718,1753.166,-233635903811732,-38078,24038,-29190.7,33620.1,8.0,-0.074,100672424,LOCKED
38719,1754.166,-233635903806846,-4389,57727,-29164.3,33521.5,8.0,-0.083,100771289,LOCKED
38720,1755.167,-233635903804376,23942,86058,-29041.8,33096.1,7.9,-0.091,100750570,LOCKED
38721,1756.167,-233635903890942,-30327,31789,-29151.3,33064.5,8.1,-0.106,100864913,LOCKED
38722,1757.167,-233635903859401,28030,90146,-29083.2,33250.4,8.0,-0.110,100877698,LOCKED
38723,1758.167,-233635903936554,-19720,42396,-29066.0,33116.6,8.1,-0.115,101002522,LOCKED
38724,1759.167,-233635903926304,16821,78937,-28957.6,32627.6,8.3,-0.126,101103323,LOCKED
38725,1760.167,-233635904040602,-63524,0,-29097.4,33676.9,8.1,-0.128,101079762,LOCKED
38726,1761.167,-233635904020868,-13869,49655,-29114.8,33725.2,8.2,-0.131,101189850,LOCKED
38727,1762.167,-233635904022430,11636,75160,-29033.5,33430.9,8.3,-0.139,101277060,LOCKED
38728,1763.167,-233635904127940,-58967,4557,-29224.0,33707.1,8.9,-0.150,101262226,LOCKED
38729,1764.167,-233635904136258,-34847,28677,-29324.0,33904.1,9.2,-0.157,101346348,LOCKED
38730,1765.167,-233635904132747,-2249,61275,-29308.6,33872.2,9.0,-0.157,101441801,LOCKED
38731,1766.168,-233635904126077,32285,95809,-29291.4,34018.0,9.0,-0.160,101535435,LOCKED
38732,1767.167,-233635904234784,-42921,20603,-29426.8,34197.6,8.8,-0.159,101517572,LOCKED
38733,1768.167,-233635904233597,-12602,50922,-29391.3,33948.5,8.7,-0.157,101612565,LOCKED
38734,1769.167,-233635904233690,17432,80956,-29456.6,33212.2,8.7,-0.158,101698574,LOCKED
38735,1770.167,-233635904280787,455,63979,-29489.9,33106.5,8.7,-0.159,101743345,LOCKED
38736,1771.167,-233635904274328,34112,97636,-29434.1,33427.6,8.4,-0.156,101838850,LOCKED
38737,1772.167,-233635904298425,35834,99358,-29316.1,33508.3,8.2,-0.152,101796780,LOCKED
38738,1773.168,-233635904398367,-30952,32572,-29453.3,33153.7,8.4,-0.155,101898928,LOCKED
38739,1774.167,-233635904383069,13774,77298,-29475.0,33015.8,8.9,-0.155,102005960,LOCKED
38740,1775.167,-233635904385019,40747,104271,-29515.8,32328.7,8.8,-0.152,101981132,LOCKED
38741,1776.167,-233635904483697,-24367,39157,-29674.3,31236.9,8.7,-0.149,102086663,LOCKED
38742,1777.168,-233635904460137,27679,91203,-29662.0,31336.8,9.0,-0.146,102088255,LOCKED
38743,1778.168,-233635904556933,-37555,25969,-29692.8,31633.2,9.6,-0.147,102194064,LOCKED
38744,1779.168,-233635904558071,-6401,57123,-29810.0,30563.3,10.0,-0.147,102282103,LOCKED
38745,1780.168,-233635904562404,18929,82453,-29834.3,30346.1,10.1,-0.146,102374025,LOCKED
38746,1781.168,-233635904657562,-43355,20169,-29911.5,30911.8,10.6,-0.144,102367339,LOCKED
38747,1782.168,-233635904655228,-11249,52275,-29885.9,30749.2,10.6,-0.141,102460036,LOCKED
38748,1783.168,-233635904643978,29569,93093,-29919.5,30294.9,11.5,-0.138,102559818,LOCKED
38749,1784.168,-233635904649936,50526,114050,-29856.1,31001.3,11.9,-0.134,102533265,LOCKED
38750,1785.169,-233635904747034,-16129,47395,-29858.0,31011.7,11.9,-0.129,102638440,LOCKED
38751,1786.168,-233635904761187,-1544,61980,-29800.4,30658.2,12.0,-0.131,102732243,LOCKED
38752,1787.169,-233635904809095,-18202,45322,-29841.3,30749.8,12.0,-0.124,102758307,LOCKED
38753,1788.169,-233635904822380,-1736,61788,-29834.0,30740.2,12.7,-0.113,102833245,LOCKED
38754,1789.168,-233635904832338,15587,79111,-29734.4,30301.1,12.9,-0.101,102934341,LOCKED
38755,1790.168,-233635904913424,-32639,30885,-29833.7,30450.0,13.1,-0.088,102929182,LOCKED
38756,1791.168,-233635904946389,-33666,29858,-29881.1,30778.0,13.3,-0.071,103019016,LOCKED
38757,1792.169,-233635904887747,50040,113564,-29727.6,31105.6,13.8,-0.048,103138723,LOCKED
38758,1793.169,-233635905000877,-30236,33288,-29830.9,31132.5,13.7,-0.052,103118249,LOCKED
38759,1794.169,-233635904978379,20837,84361,-29803.9,31252.1,13.6,-0.053,103225849,LOCKED
38760,1795.169,-233635904974117,50525,114049,-29672.9,31826.9,13.7,-0.064,103324589,LOCKED
38761,1796.169,-233635905089051,-33660,29864,-29669.6,31790.0,13.6,-0.060,103302977,LOCKED
38762,1797.169,-233635905055566,27587,91111,-29621.8,32009.9,13.6,-0.054,103421515,LOCKED
38763,1798.170,-233635905055531,52559,116083,-29479.0,32560.8,13.6,-0.060,103401764,LOCKED
38764,1799.169,-233635905141465,-5354,58170,-29398.4,31814.0,13.7,-0.062,103515149,LOCKED
38765,1800.169,-233635905140995,23952,87476,-29410.7,31702.3,13.4,-0.027,103606495,LOCKED
38766,1801.169,-233635905159111,33083,96607,-29359.5,32014.8,13.3,-0.056,103677248,LOCKED
38767,1802.169,-233635905276697,-52888,10636,-29382.2,32359.8,13.3,-0.067,103648614,LOCKED
38768,1803.169,-233635905263187,-7873,55651,-29473.5,31816.6,12.9,-0.078,103752923,LOCKED
38769,1804.169,-233635905262705,21405,84929,-29475.8,31799.4,12.8,-0.085,103846354,LOCKED
38770,1805.169,-233635905367427,-50806,12718,-29540.4,32483.9,12.5,-0.101,103833696,LOCKED
38771,1806.169,-233635905375113,-27745,35779,-29553.5,32585.2,12.4,-0.106,103915036,LOCKED
38772,1807.171,-233635905341216,33369,96893,-29494.2,32898.8,11.8,-0.110,104040070,LOCKED
38773,1808.169,-233635905443190,-37680,25844,-29501.8,32984.4,11.7,-0.112,104028186,LOCKED
38774,1809.169,-233635905423664,9100,72624,-29406.4,32428.8,11.2,-0.121,104136655,LOCKED
38775,1810.170,-233635905410998,48530,112054,-29357.3,32973.7,11.0,-0.122,104237362,LOCKED
38776,1811.170,-233635905535159,-42883,20641,-29452.6,33447.8,10.8,-0.122,104204056,LOCKED
38777,1812.170,-233635905524245,-894,62630,-29530.9,32915.5,10.6,-0.122,104306794,LOCKED
38778,1813.169,-233635905523787,28227,91751,-29535.3,32874.5,10.3,-0.121,104399343,LOCKED
38779,1814.170,-233635905531753,46472,109996,-29449.2,33472.9,10.1,-0.120,104488117,LOCKED
38780,1815.171,-233635905636031,-27725,35799,-29434.1,33320.5,10.0,-0.120,104466479,LOCKED
38781,1816.170,-233635905672557,-31911,31613,-29523.8,33499.2,9.8,-0.117,104557476,LOCKED
38782,1817.170,-233635905707036,-35780,27744,-29517.6,33425.5,9.6,-0.119,104583121,LOCKED
38783,1818.171,-233635905687777,12379,75903,-29507.9,33454.9,9.6,-0.118,104685105,LOCKED
38784,1819.170,-233635905715927,11748,75272,-29429.6,33193.8,9.3,-0.115,104784614,LOCKED
38785,1820.172,-233635905786805,-26127,37397,-29561.8,32705.4,9.0,-0.111,104767334,LOCKED
38786,1821.170,-233635905775862,13587,77111,-29545.6,32752.2,8.9,-0.109,104872249,LOCKED
38787,1822.171,-233635905768140,46754,110278,-29421.8,33204.6,8.9,-0.109,104857173,LOCKED
38788,1823.170,-233635905851626,-5204,58320,-29516.8,32540.5,8.9,-0.111,104975957,LOCKED
38789,1824.170,-233635905818044,55174,118698,-29474.9,33119.9,9.0,-0.107,105099985,LOCKED
38790,1825.170,-233635905934147,-29457,34067,-29524.0,33360.0,8.7,-0.101,105073025,LOCKED
38791,1826.172,-233635905926652,5847,69371,-29449.5,32995.3,8.7,-0.097,105174474,LOCKED
38792,1827.170,-233635905995804,-30327,33197,-29572.4,32809.1,8.5,-0.089,105194451,LOCKED
38793,1828.170,-233635906008928,-12547,50977,-29617.0,32806.6,8.2,-0.080,105271214,LOCKED
38794,1829.171,-233635906001458,22435,85959,-29550.9,32882.3,7.8,-0.072,105369911,LOCKED
38795,1830.174,-233635905996352,53393,116917,-29458.0,33672.1,7.9,-0.068,105463190,LOCKED
38796,1831.171,-233635906120665,-40013,23511,-29462.5,33727.5,7.6,-0.058,105434850,LOCKED
38797,1832.171,-233635906104327,3947,67471,-29378.6,33199.9,7.2,-0.047,105542037,LOCKED
38798,1833.170,-233635906092473,43022,106546,-29344.2,33559.5,7.1,-0.042,105643893,LOCKED
38799,1834.171,-233635906212383,-45156,18368,-29386.4,33994.4,7.1,-0.044,105611809,LOCKED
38800,1835.173,-233635906207145,-11460,52064,-29321.6,33388.9,7.0,-0.039,105707885,LOCKED
38801,1836.171,-233635906197667,26161,89685,-29307.2,33488.5,7.1,-0.033,105807331,LOCKED
38802,1837.171,-233635906266378,-13534,49990,-29270.4,33208.8,7.2,-0.035,105828413,LOCKED
38803,1838.171,-233635906272927,9625,73149,-29307.9,32966.1,7.2,-0.037,105911680,LOCKED
38804,1839.172,-233635906261801,46959,110483,-29233.8,33571.2,7.3,-0.041,106012543,LOCKED
38805,1840.171,-233635906380951,-40882,22642,-29267.7,33900.9,7.2,-0.033,105983279,LOCKED
38806,1841.171,-233635906381657,-10043,53481,-29362.9,33391.1,7.2,-0.036,106077252,LOCKED
38807,1842.173,-233635906378198,21832,85356,-29352.7,33451.8,7.2,-0.029,106169556,LOCKED
38808,1843.171,-233635906480548,-48647,14877,-29395.5,33938.5,7.1,-0.048,106154216,LOCKED
38809,1844.172,-233635906470898,-10564,52960,-29330.5,33347.4,7.0,-0.053,106254752,LOCKED
38810,1845.173,-233635906460825,27537,91061,-29312.4,33475.0,7.0,-0.040,106354791,LOCKED
38811,1846.171,-233635906469314,45291,108815,-29237.0,34033.9,6.9,-0.027,106325080,LOCKED
38812,1847.172,-233635906541629,2718,66242,-29266.3,33933.1,6.8,-0.015,106453835,LOCKED
38813,1848.172,-233635906549574,22634,86158,-29235.0,34065.9,6.5,-0.033,106538552,LOCKED
38814,1849.173,-233635906563940,34564,98088,-29148.1,34327.3,6.5,-0.036,106503013,LOCKED
38815,1850.172,-233635906642466,-12695,50829,-29231.1,34046.9,6.6,-0.055,106626439,LOCKED
38816,1851.173,-233635906634208,24557,88081,-29260.3,33748.1,6.5,-0.060,106719310,LOCKED
38817,1852.172,-233635906650118,33953,97477,-29122.5,33517.4,6.0,-0.089,106685237,LOCKED
38818,1853.172,-233635906728720,-13349,50175,-29207.3,33227.5,6.1,-0.098,106809097,LOCKED
38819,1854.172,-233635906757077,-12144,51380,-29204.5,33215.9,6.2,-0.093,106883480,LOCKED
38820,1855.174,-233635906822903,-47187,16337,-29203.5,33201.0,6.2,-0.089,106871786,LOCKED
38821,1856.172,-233635906849909,-40852,22672,-29338.9,33297.6,6.2,-0.086,106962017,LOCKED
38822,1857.172,-233635906888768,-47847,15677,-29383.3,33787.7,6.3,-0.093,107098460,LOCKED
38823,1858.173,-233635906903081,-32371,31153,-29349.3,33339.1,6.3,-0.090,107086703,LOCKED
38824,1859.172,-233635906907659,-7027,56497,-29365.7,33351.2,6.1,-0.086,107183704,LOCKED
38825,1860.172,-233635906889193,37250,100774,-29253.0,33531.9,6.1,-0.084,107280653,LOCKED
38826,1861.173,-233635906998874,-41751,21773,-29253.6,33539.8,6.2,-0.090,107261800,LOCKED
38827,1862.173,-233635907023424,-33120,30404,-29391.5,33270.3,6.1,-0.095,107348558,LOCKED
38828,1863.172,-233635906978166,39061,102585,-29335.3,33677.1,6.2,-0.100,107458242,LOCKED
38829,1864.172,-233635907079164,-31273,32251,-29348.5,33790.4,6.3,-0.104,107447325,LOCKED
38830,1865.172,-233635907070630,7883,71407,-29424.2,33087.7,6.3,-0.103,107546633,LOCKED
38831,1866.173,-233635907057739,48021,111545,-29397.2,33431.8,6.1,-0.103,107540414,LOCKED
38832,1867.173,-233635907131086,2803,66327,-29339.5,33183.0,6.1,-0.101,107670567,LOCKED
38833,1868.172,-233635907131055,31426,94950,-29355.1,33005.0,6.2,-0.105,107761496,LOCKED
38834,1869.173,-233635907239765,-45041,18483,-29422.1,33554.0,6.2,-0.104,107741577,LOCKED
38835,1870.173,-233635907229110,-6235,57289,-29349.2,32930.4,6.3,-0.102,107846122,LOCKED
38836,1871.173,-233635907226833,25202,88726,-29381.9,32567.0,6.2,-0.102,107937423,LOCKED
38837,1872.173,-233635907235578,43050,106574,-29316.5,33078.4,6.5,-0.098,107907495,LOCKED
38838,1873.173,-233635907330288,-21730,41794,-29310.5,33033.4,6.5,-0.098,108011952,LOCKED
38839,1874.173,-233635907331634,4246,67770,-29219.7,32403.0,6.5,-0.099,108098400,LOCKED
38840,1875.173,-233635907331356,32354,95878,-29205.3,32535.1,6.5,-0.099,108194522,LOCKED
38841,1876.173,-233635907436354,-39549,23975,-29330.7,32688.5,6.4,-0.100,108175813,LOCKED
38842,1877.173,-233635907400853,24997,88521,-29358.3,32395.3,6.4,-0.101,108303045,LOCKED
38843,1878.173,-233635907403822,47847,111371,-29264.0,33030.6,6.1,-0.106,108390080,LOCKED
38844,1879.173,-233635907511352,-28747,34777,-29298.3,33237.2,6.1,-0.107,108370459,LOCKED
38845,1880.173,-233635907514890,-1699,57268,-29358.8,32938.2,6.0,-0.109,108461634,LOCKED
38846,1881.173,-233635907507204,32875,91842,-29292.1,33232.0,6.0,-0.111,108554189,LOCKED
38847,1882.174,-233635907610509,-39919,19048,-29285.5,33144.0,6.0,-0.113,108545816,LOCKED
38848,1883.174,-233635907580483,18427,77394,-29268.7,33216.5,5.9,-0.116,108665607,LOCKED
38849,1884.173,-233635907586181,37466,96433,-29108.3,32793.7,6.0,-0.112,108747719,LOCKED
38850,1885.173,-233635907698899,-42213,16754,-29231.3,33074.7,6.0,-0.115,108727789,LOCKED
38851,1886.174,-233635907688225,-2337,56630,-29225.9,33068.2,5.9,-0.111,108826942,LOCKED
38852,1887.174,-233635907668904,44346,103313,-29208.2,33288.8,5.9,-0.108,108824121,LOCKED
38853,1888.173,-233635907779889,-34365,24602,-29301.7,33515.5,5.8,-0.104,108914120,LOCKED
38854,1889.174,-233635907774031,234,59201,-29274.5,33451.4,6.0,-0.107,109011713,LOCKED
38855,1890.174,-233635907803790,-1924,57043,-29189.0,32735.7,6.0,-0.102,109112512,LOCKED
38856,1891.174,-233635907785666,43802,102769,-29184.0,32803.8,5.9,-0.096,109187584,LOCKED
38857,1892.174,-233635907884983,-24728,34239,-29221.6,32972.2,5.8,-0.090,109169474,LOCKED
38858,1893.173,-233635907912381,-22872,36095,-29185.0,32581.9,5.8,-0.094,109262822,LOCKED
38859,1894.174,-233635907869131,47833,106800,-29179.7,32661.6,6.0,-0.096,109365292,LOCKED
38860,1895.173,-233635907965057,-17291,41676,-29230.7,32706.7,5.9,-0.101,109360071,LOCKED
38861,1896.174,-233635907954811,19893,78860,-29151.1,32635.1,6.0,-0.080,109460030,LOCKED
38862,1897.174,-233635908037150,-30743,28224,-29225.3,32863.3,5.9,-0.078,109463517,LOCKED
38863,1898.174,-233635908035107,184,59151,-29208.9,32839.7,6.0,-0.073,109560176,LOCKED
38864,1899.175,-233635908020840,39149,98116,-29052.3,32562.2,5.9,-0.056,109662282,LOCKED
38865,1900.174,-233635908044730,42598,101565,-29039.0,32727.8,5.9,-0.053,109619113,LOCKED
38866,1901.174,-233635908136088,-18184,40783,-29084.3,32804.5,6.0,-0.065,109729975,LOCKED
38867,1902.175,-233635908119829,24602,83569,-28999.5,32816.3,5.9,-0.047,109836807,LOCKED
38868,1903.174,-233635908125291,46579,105546,-29000.4,32802.9,5.8,-0.027,109809974,LOCKED
38869,1904.174,-233635908215053,-12926,46041,-29040.7,32821.4,5.8,-0.024,109920871,LOCKED
38870,1905.175,-233635908205195,23354,82321,-28950.9,32755.9,5.8,-0.021,110020269,LOCKED
38871,1906.175,-233635908318737,-58959,8,-28964.6,32997.5,5.9,-0.030,109995348,LOCKED
38872,1907.175,-233635908288816,-377,58590,-28949.0,32973.6,5.9,-0.028,110111653,LOCKED
38873,1908.176,-233635908291161,23492,82459,-28853.7,32861.3,5.9,-0.025,110201819,LOCKED
38874,1909.175,-233635908311283,28517,87484,-28718.9,32430.9,6.0,-0.032,110160158,LOCKED
38875,1910.175,-233635908417417,-45816,13151,-28794.2,33019.8,5.9,-0.029,110254525,LOCKED
38876,1911.176,-233635908415982,-15857,43110,-28754.4,32673.5,5.9,-0.026,110345324,LOCKED
38877,1912.175,-233635908414756,11421,70388,-28640.6,31893.4,5.9,-0.025,110435967,LOCKED
38878,1913.176,-233635908417066,35041,94008,-28565.7,32229.6,5.9,-0.030,110412912,LOCKED
38879,1914.176,-233635908527260,-43879,15088,-28625.7,32749.6,5.9,-0.028,110504988,LOCKED
38880,1915.175,-233635908521146,-7597,51370,-28688.9,32537.4,6.0,-0.032,110599145,LOCKED
38881,1916.176,-233635908533072,9536,68503,-28723.0,32324.1,6.0,-0.031,110680439,LOCKED
38882,1917.177,-233635908606411,-31438,27529,-28849.7,32130.2,5.9,-0.030,110695368,LOCKED
38883,1918.176,-233635908603356,1444,60411,-28900.2,31867.4,5.9,-0.029,110786712,LOCKED
38884,1919.176,-233635908596515,35033,94000,-28852.7,32202.3,6.5,-0.037,110883281,LOCKED
38885,1920.176,-233635908709389,-47138,11829,-28865.2,32378.9,6.5,-0.035,110858865,LOCKED
38886,1921.175,-233635908712738,-18893,40074,-28967.8,32030.6,6.4,-0.040,110945846,LOCKED
38887,1922.176,-233635908730655,-6043,52924,-29046.3,31607.6,6.4,-0.044,111018338,LOCKED
38888,1923.176,-233635908743789,8137,67104,-28974.6,31313.3,6.3,-0.049,111109438,LOCKED
38889,1924.176,-233635908836895,-51129,7838,-29128.7,31683.4,6.7,-0.057,111090565,LOCKED
38890,1925.176,-233635908875037,-56116,2851,-29233.1,32583.5,6.8,-0.059,111168437,LOCKED
38891,1926.176,-233635908828178,17463,76430,-29138.7,32293.0,6.9,-0.060,111280759,LOCKED
38892,1927.176,-233635908908274,-31162,27805,-29201.4,32563.0,7.3,-0.064,111292541,LOCKED
38893,1928.176,-233635908942022,-34159,24808,-29220.7,32740.9,7.2,-0.067,111394937,LOCKED
38894,1929.176,-233635908897780,38612,97579,-29251.0,32276.8,7.7,-0.070,111369620,LOCKED
38895,1930.176,-233635908986694,-19065,39902,-29316.9,32282.5,7.5,-0.066,111482654,LOCKED
38896,1931.176,-233635908971212,23691,82658,-29255.9,32407.4,7.6,-0.066,111589941,LOCKED
38897,1932.176,-233635909083702,-56779,2188,-29297.2,33005.1,7.7,-0.063,111569714,LOCKED
38898,1933.176,-233635909056676,637,59604,-29352.0,32719.6,7.8,-0.063,111687495,LOCKED
38899,1934.176,-233635909056765,28159,87126,-29313.3,32931.9,7.8,-0.062,111778284,LOCKED
38900,1935.176,-233635909059143,50709,109676,-29182.2,33484.9,7.9,-0.061,111752849,LOCKED
38901,1936.177,-233635909158013,-16136,42831,-29295.1,32910.6,7.9,-0.059,111857953,LOCKED
38902,1937.177,-233635909227201,-52806,6161,-29365.6,33639.1,8.2,-0.058,111878628,LOCKED
38903,1938.176,-233635909226361,-22398,36569,-29338.2,33379.8,8.3,-0.056,111968424,LOCKED
38904,1939.177,-233635909225711,8375,67342,-29390.8,32990.8,8.3,-0.053,112056058,LOCKED
38905,1940.177,-233635909225437,36061,95028,-29353.6,33291.1,8.3,-0.050,112037187,LOCKED
38906,1941.176,-233635909319755,-27772,31195,-29362.9,33365.3,8.6,-0.046,112146037,LOCKED
38907,1942.176,-233635909313316,9206,68173,-29436.1,32664.3,8.6,-0.041,112241332,LOCKED
38908,1943.177,-233635909311798,37372,96339,-29361.3,33048.3,8.6,-0.036,112333722,LOCKED
38909,1944.178,-233635909429168,-48367,10600,-29392.3,33436.2,8.3,-0.019,112302414,LOCKED
38910,1945.176,-233635909437234,-23541,35426,-29525.2,32830.9,8.2,-0.011,112390130,LOCKED
38911,1946.177,-233635909432376,10688,69655,-29535.4,32786.4,8.4,0.001,112485971,LOCKED
38912,1947.177,-233635909505455,-31772,27195,-29535.7,32789.9,8.3,0.016,112505066,LOCKED
38913,1948.177,-233635909511592,-6201,52766,-29632.2,32123.9,8.3,0.007,112586971,LOCKED
38914,1949.177,-233635909503973,29596,88563,-29610.0,32292.5,8.2,0.013,112687678,LOCKED
38915,1950.177,-233635909527051,34352,93319,-29580.0,32543.9,8.4,0.005,112752869,LOCKED
38916,1951.177,-233635909544232,42693,101660,-29451.6,32795.5,8.3,0.030,112828808,LOCKED
38917,1952.177,-233635909665317,-44568,14399,-29592.3,32994.9,8.2,0.041,112796781,LOCKED
38918,1953.177,-233635909664463,-11950,47017,-29679.2,32638.3,8.2,0.036,112886501,LOCKED
38919,1954.177,-233635909659161,20456,79423,-29586.6,32461.1,8.0,0.053,112980060,LOCKED
38920,1955.178,-233635909663467,43798,102765,-29564.3,32731.0,8.0,0.044,113072623,LOCKED
38921,1956.178,-233635909764001,-25677,33290,-29595.0,32897.5,8.0,0.040,113059723,LOCKED
38922,1957.177,-233635909770528,-942,58025,-29675.4,32327.0,7.9,0.035,113175906,LOCKED
38923,1958.178,-233635909741677,54386,113353,-29608.8,33085.3,7.8,0.030,113260490,LOCKED
38924,1959.178,-233635909872238,-44482,14485,-29637.1,33411.8,7.8,0.036,113220213,LOCKED
38925,1960.178,-233635909870740,-13627,45340,-29600.7,33134.7,7.8,0.033,113311812,LOCKED
38926,1961.178,-233635909872946,13720,72687,-29621.2,33007.1,7.7,0.030,113399855,LOCKED
38927,1962.178,-233635909860872,51172,110139,-29497.8,33629.9,8.3,0.012,113503041,LOCKED
38928,1963.178,-233635909965166,-23634,35333,-29457.9,33190.3,8.3,0.004,113488277,LOCKED
38929,1964.178,-233635909961500,9257,68224,-29461.9,33177.1,8.3,-0.003,113583857,LOCKED
38930,1965.177,-233635909956662,39814,98781,-29344.2,33409.6,8.5,-0.010,113679653,LOCKED
38931,1966.179,-233635910065791,-35586,23381,-29500.5,32964.1,8.3,-0.009,113660538,LOCKED
38932,1967.178,-233635910043618,15013,73980,-29472.7,33026.9,8.3,-0.013,113772441,LOCKED
38933,1968.178,-233635910043975,40306,99273,-29351.9,33251.6,8.3,-0.013,113863256,LOCKED
38934,1969.178,-233635910152761,-37958,21009,-29346.2,33179.6,8.1,-0.011,113847460,LOCKED
38935,1970.178,-233635910145683,-299,58668,-29406.4,32856.1,7.9,-0.009,113940308,LOCKED
38936,1971.178,-233635910141800,31031,89998,-29361.7,33116.6,7.9,-0.011,114036044,LOCKED
38937,1972.178,-233635910151691,46360,105327,-29235.3,33528.0,8.0,-0.014,114005139,LOCKED
38938,1973.179,-233635910258436,-30995,27972,-29191.3,32921.2,7.9,-0.014,114099430,LOCKED
38939,1974.178,-233635910266178,-8188,50779,-29244.4,32802.9,7.9,-0.017,114181357,LOCKED
38940,1975.179,-233635910259528,25524,84491,-29179.7,32949.1,7.8,-0.016,114280693,LOCKED
38941,1976.179,-233635910280006,30988,89955,-29072.1,32959.5,7.7,-0.015,114352031,LOCKED
38942,1977.180,-233635910345462,-4690,54277,-29099.0,32933.8,7.4,-0.010,114375195,LOCKED
38943,1978.179,-233635910346474,21190,80157,-29025.7,32941.0,7.3,-0.012,114464679,LOCKED
38944,1979.179,-233635910449768,-51581,7386,-29013.4,32722.8,7.3,-0.004,114450047,LOCKED
38945,1980.179,-233635910441726,-12815,46152,-29076.2,32619.9,7.3,-0.002,114545569,LOCKED
38946,1981.179,-233635910459447,-1388,57579,-29077.4,32620.4,7.3,-0.002,114619380,LOCKED
38947,1982.179,-233635910461477,23597,82564,-29015.3,32737.9,7.3,-0.001,114709989,LOCKED
38948,1983.180,-233635910570699,-53908,5059,-29058.3,33308.2,7.6,0.003,114689374,LOCKED
38949,1984.179,-233635910557473,-9717,49250,-29135.9,33002.7,7.5,-0.001,114791368,LOCKED
38950,1985.179,-233635910549023,27600,86567,-29168.7,32614.4,7.5,0.001,114891471,LOCKED
38951,1986.179,-233635910660153,-51743,7224,-29211.2,33153.1,7.6,0.001,114869103,LOCKED
38952,1987.179,-233635910614864,22055,81022,-29213.4,33137.1,7.5,-0.003,115007109,LOCKED
38953,1988.179,-233635910630201,34551,93518,-29203.1,33240.0,7.3,0.005,114968562,LOCKED
38954,1989.178,-233635910714747,-20906,38061,-29162.7,32821.9,7.2,0.000,115083956,LOCKED
38955,1990.180,-233635910706886,15518,74485,-29159.0,32838.8,7.3,0.002,115181554,LOCKED
38956,1991.179,-233635910709779,38040,97007,-29038.3,32978.2,7.3,0.004,115266286,LOCKED
38957,1992.179,-233635910820101,-38794,20173,-29192.5,32722.8,7.2,-0.003,115251655,LOCKED
38958,1993.179,-233635910798883,10785,69752,-29169.6,32754.1,7.2,-0.001,115362338,LOCKED
38959,1994.179,-233635910821042,15576,74543,-29086.4,32535.2,7.3,0.002,115454689,LOCKED
38960,1995.181,-233635910893136,-27694,31273,-29027.3,31673.5,7.3,0.006,115445862,LOCKED
38961,1996.179,-233635910929857,-32914,26053,-29094.1,31979.6,7.3,0.009,115526308,LOCKED
38962,1997.180,-233635910977937,-46965,12002,-29258.5,31983.8,7.3,-0.000,115542296,LOCKED
38963,1998.180,-233635910982102,-19728,39239,-29331.0,31960.9,7.3,0.002,115628827,LOCKED
38964,1999.180,-233635910977264,13298,72265,-29297.0,32001.1,7.3,-0.008,115724623,LOCKED
38965,2000.179,-233635911014029,4230,63189,-29225.4,31617.9,7.3,0.000,115815425,LOCKED
38966,2001.180,-233635911086556,-35671,23288,-29333.1,31794.5,7.3,-0.021,115805901,LOCKED
38967,2002.180,-233635911054321,23983,82942,-29279.0,31947.0,7.4,-0.028,115916485,LOCKED
38968,2003.180,-233635911057663,45372,104331,-29130.9,32100.8,7.4,-0.034,115888104,LOCKED
38969,2004.181,-233635911136966,-2993,55966,-29214.8,31520.1,8.3,-0.066,116013770,LOCKED
38970,2005.181,-233635911111932,48821,107780,-29176.5,32001.4,8.5,-0.084,116128339,LOCKED
38971,2006.180,-233635911222489,-30675,28284,-29218.0,32257.5,8.3,-0.108,116107625,LOCKED
38972,2007.180,-233635911168985,49913,108872,-29196.3,32566.1,8.3,-0.117,116139819,LOCKED
38973,2008.180,-233635911270766,-20688,38271,-29259.3,32621.2,8.3,-0.107,116237022,LOCKED
38974,2009.180,-233635911244876,31560,90519,-29169.3,32791.4,8.3,-0.109,116350622,LOCKED
38975,2010.180,-233635911272636,29879,88838,-29067.1,32815.7,8.4,-0.101,116415729,LOCKED
38976,2011.180,-233635911297745,30192,89151,-28938.2,32543.3,8.4,-0.101,116367199,LOCKED
38977,2012.180,-233635911399695,-38544,20415,-29084.2,32396.9,8.2,-0.113,116469969,LOCKED
38978,2013.180,-233635911381809,8521,67480,-29103.1,32311.7,8.3,-0.123,116576176,LOCKED
38979,2014.181,-233635911384115,32552,91511,-29021.3,32556.5,8.3,-0.123,116553204,LOCKED
38980,2015.181,-233635911472261,-26210,32749,-28995.5,32275.1,8.2,-0.124,116668924,LOCKED
38981,2016.181,-233635911474574,1398,60357,-29043.3,32039.8,8.3,-0.117,116751086,LOCKED
38982,2017.181,-233635911548502,-40389,18570,-29128.3,32487.1,8.4,-0.111,116772668,LOCKED
38983,2018.181,-233635911533407,1990,60949,-29040.9,31831.4,8.5,-0.105,116873370,LOCKED
38984,2019.181,-233635911524333,39172,98131,-29060.3,31543.0,8.6,-0.099,116974192,LOCKED
38985,2020.181,-233635911638315,-42048,16911,-29172.3,31918.7,8.2,-0.099,116949704,LOCKED
38986,2021.181,-233635911637201,-11069,47890,-29187.9,31952.8,8.2,-0.099,117040433,LOCKED
38987,2022.181,-233635911623563,28253,87212,-29062.7,31643.8,8.2,-0.099,117142903,LOCKED
38988,2023.180,-233635911736501,-51071,7888,-29201.4,32170.1,7.8,-0.102,117123685,LOCKED
38989,2024.180,-233635911716639,-1912,57047,-29202.9,32170.9,7.8,-0.104,117230027,LOCKED
38990,2025.181,-233635911706158,34146,93105,-29081.5,32152.0,7.9,-0.110,117331368,LOCKED
38991,2026.181,-233635911827427,-52891,6068,-29246.6,32463.7,7.9,-0.112,117305823,LOCKED
38992,2027.181,-233635911775358,26398,85357,-29190.9,32652.9,8.0,-0.108,117443387,LOCKED
38993,2028.181,-233635911884604,-51352,7607,-29218.7,33039.1,7.9,-0.110,117428357,LOCKED
38994,2029.182,-233635911875494,-10730,48229,-29313.6,32541.5,8.0,-0.106,117525121,LOCKED
38995,2030.181,-233635911870000,22860,81819,-29291.8,32658.6,8.0,-0.106,117620377,LOCKED
38996,2031.181,-233635911885738,33284,92243,-29193.4,32823.6,8.0,-0.102,117584591,LOCKED
38997,2032.182,-233635911991040,-41537,17422,-29187.5,32741.4,8.1,-0.103,117679287,LOCKED
38998,2033.181,-233635911982982,-2979,55980,-29247.1,32472.2,8.0,-0.106,117779960,LOCKED
38999,2034.181,-233635911977491,30085,89044,-29214.9,32689.3,8.0,-0.108,117873368,LOCKED
39000,2035.182,-233635912092626,-53016,5943,-29265.1,33308.7,8.0,-0.111,117853035,LOCKED
39001,2036.182,-233635912108124,-37796,21163,-29273.6,33403.3,8.0,-0.114,117928267,LOCKED
39002,2037.181,-233635912089012,9977,68936,-29260.1,33429.3,7.9,-0.119,118058822,LOCKED
39003,2038.182,-233635912166768,-36886,22073,-29278.9,33615.2,8.0,-0.117,118050461,LOCKED
39004,2039.182,-233635912146102,13788,72747,-29337.7,33047.8,8.0,-0.116,118158925,LOCKED
39005,2040.181,-233635912190075,-367,58592,-29360.8,33002.3,7.8,-0.108,118205790,LOCKED
39006,2041.182,-233635912197987,19778,78737,-29329.6,33110.3,7.9,-0.107,118286219,LOCKED
39007,2042.182,-233635912203753,39662,98621,-29214.8,33361.5,7.9,-0.105,118257748,LOCKED
39008,2043.182,-233635912303460,-27127,31832,-29351.7,32843.2,7.7,-0.095,118361087,LOCKED
39009,2044.182,-233635912290009,15086,74045,-29347.8,32860.5,7.7,-0.093,118463170,LOCKED
39010,2045.182,-233635912326963,6175,65134,-29294.0,32701.7,7.7,-0.090,118551879,LOCKED
39011,2046.182,-233635912396481,-29990,28969,-29443.6,32085.4,7.7,-0.097,118542029,LOCKED
39012,2047.182,-233635912395445,-24,58935,-29418.3,32025.3,8.0,-0.091,118667724,LOCKED
39013,2048.182,-233635912466806,-40222,18737,-29437.0,32239.1,8.0,-0.087,118652049,LOCKED
39014,2049.182,-233635912447328,8959,67918,-29465.1,32083.7,8.0,-0.082,118762656,LOCKED
39015,2050.182,-233635912475074,9618,68577,-29429.0,32075.7,7.9,-0.090,118853929,LOCKED
39016,2051.182,-233635912550184,-35004,23955,-29422.7,31999.5,8.0,-0.099,118835436,LOCKED
39017,2052.183,-233635912546222,-153,58806,-29494.6,31514.8,8.3,-0.123,118933399,LOCKED
39018,2053.182,-233635912538132,34764,93723,-29421.3,31852.2,8.3,-0.128,119028448,LOCKED
39019,2054.182,-233635912557497,41373,100332,-29320.7,32270.9,8.2,-0.147,118989177,LOCKED
39020,2055.182,-233635912647391,-17146,41813,-29393.2,32187.6,8.0,-0.168,119102363,LOCKED
39021,2056.183,-233635912641081,18478,77437,-29420.1,31957.1,8.1,-0.160,119203378,LOCKED
39022,2057.183,-233635912735748,-41922,17037,-29588.6,31615.9,8.1,-0.167,119196716,LOCKED
39023,2058.182,-233635912737325,-11873,47086,-29669.0,31318.5,8.1,-0.175,119285106,LOCKED
39024,2059.182,-233635912736250,17720,76679,-29641.9,31409.3,8.2,-0.165,119374474,LOCKED
39025,2060.184,-233635912736580,44271,103230,-29580.0,31956.5,8.0,-0.172,119468429,LOCKED
39026,2061.183,-233635912852114,-37275,21684,-29734.6,31607.2,8.0,-0.175,119439054,LOCKED
39027,2062.183,-233635912852283,-7414,51545,-29736.8,31612.1,8.1,-0.167,119529942,LOCKED
39028,2063.182,-233635912833402,37433,96392,-29613.7,31708.1,8.1,-0.170,119636236,LOCKED
39029,2064.183,-233635912847679,49783,108742,-29549.8,32370.2,7.6,-0.161,119604198,LOCKED
39030,2065.184,-233635912949813,-22721,36238,-29515.9,32010.6,7.5,-0.155,119703302,LOCKED
39031,2066.183,-233635912951955,5578,64537,-29570.7,31626.5,7.6,-0.150,119795390,LOCKED
39032,2067.183,-233635913036482,-47630,11329,-29577.3,31726.4,7.6,-0.146,119799877,LOCKED
39033,2068.183,-233635913046603,-25443,33516,-29669.2,31703.1,7.5,-0.150,119882898,LOCKED
39034,2069.183,-233635913031348,17354,76313,-29593.5,31596.8,7.5,-0.146,119989276,LOCKED
39035,2070.183,-233635913044631,30474,89433,-29487.4,31604.3,7.4,-0.143,120063297,LOCKED
39036,2071.183,-233635913053607,46416,105375,-29340.0,31819.6,7.4,-0.140,120148363,LOCKED
39037,2072.183,-233635913162557,-30011,28948,-29446.6,31806.8,7.3,-0.139,120125323,LOCKED
39038,2073.183,-233635913167674,-5758,53201,-29433.2,31764.4,7.1,-0.138,120213942,LOCKED
39039,2074.184,-233635913170241,18361,77320,-29328.7,31366.0,7.2,-0.141,120297479,LOCKED
39040,2075.184,-233635913170502,44813,103772,-29274.7,31893.9,7.2,-0.140,120391113,LOCKED
39041,2076.184,-233635913288228,-41252,17707,-29323.3,32329.9,7.1,-0.137,120365543,LOCKED
39042,2077.183,-233635913239919,35068,94027,-29317.2,32395.8,7.0,-0.134,120502604,LOCKED
39043,2078.184,-233635913353424,-46321,12638,-29377.7,32961.4,6.8,-0.130,120477972,LOCKED
39044,2079.185,-233635913354391,-18396,40563,-29323.1,32365.6,6.8,-0.130,120564852,LOCKED
39045,2080.184,-233635913354312,11370,70329,-29360.0,32102.6,6.8,-0.130,120658880,LOCKED
39046,2081.185,-233635913353398,39062,98021,-29298.1,32533.9,6.8,-0.129,120637599,LOCKED
39047,2082.184,-233635913463168,-40061,18898,-29297.7,32528.2,6.9,-0.132,120727969,LOCKED
39048,2083.184,-233635913471798,-16734,42225,-29400.6,32105.9,6.9,-0.132,120820607,LOCKED
39049,2084.184,-233635913452848,29434,88393,-29342.3,32349.7,7.0,-0.134,120920113,LOCKED
39050,2085.184,-233635913550970,-38285,20674,-29330.6,32191.7,6.8,-0.141,120915035,LOCKED
39051,2086.184,-233635913532283,10608,69567,-29391.4,31632.6,6.8,-0.141,121019534,LOCKED
39052,2087.185,-233635913600996,-27961,30998,-29381.8,31534.4,7.3,-0.140,121040692,LOCKED
39053,2088.184,-233635913593376,9956,68915,-29443.4,30963.7,7.3,-0.143,121141269,LOCKED
39054,2089.184,-233635913580698,49002,107961,-29373.8,31645.3,7.3,-0.139,121241854,LOCKED
39055,2090.184,-233635913694028,-33570,25389,-29385.9,31766.5,7.4,-0.141,121220577,LOCKED
39056,2091.185,-233635913685545,2655,61614,-29309.5,31278.1,7.3,-0.136,121316900,LOCKED
39057,2092.184,-233635913673887,41855,100814,-29292.4,31490.1,7.3,-0.131,121420693,LOCKED
39058,2093.184,-233635913786230,-38667,20292,-29352.3,31919.0,7.4,-0.132,121399094,LOCKED
39059,2094.185,-233635913779327,-3531,55428,-29291.3,31496.3,7.3,-0.126,121494824,LOCKED
39060,2095.186,-233635913773273,31246,90205,-29315.5,31187.3,7.6,-0.109,121589818,LOCKED
39061,2096.184,-233635913786171,45671,104630,-29293.6,31476.4,7.7,-0.108,121559846,LOCKED
39062,2097.184,-233635913827082,31356,90315,-29213.2,31702.0,7.6,-0.097,121721015,LOCKED
39063,2098.184,-233635913851619,34753,93712,-29208.2,31757.1,7.4,-0.084,121673294,LOCKED
39064,2099.185,-233635913944945,-28022,30937,-29227.6,31901.0,7.5,-0.081,121780816,LOCKED
39065,2100.185,-233635913942439,3390,62349,-29217.4,31902.6,7.6,-0.061,121873061,LOCKED
39066,2101.185,-233635913934196,37393,96352,-29109.7,32139.2,7.6,-0.057,121971083,LOCKED
39067,2102.185,-233635913965154,31555,90514,-28966.1,31694.1,7.6,-0.054,121918855,LOCKED
39068,2103.185,-233635914065679,-36878,22081,-29058.4,32015.9,7.3,-0.037,122018071,LOCKED
39069,2104.185,-233635914065285,-7754,51205,-29029.3,31862.1,7.3,-0.033,122108096,LOCKED
39070,2105.187,-233635914065039,19527,78486,-28963.7,31880.3,7.4,-0.042,122204032,LOCKED
39071,2106.185,-233635914172373,-54325,4634,-29095.4,32600.9,7.4,-0.052,122181251,LOCKED
39072,2107.185,-233635914135436,10747,69706,-29066.1,32623.4,7.5,-0.034,122308606,LOCKED
39073,2108.185,-233635914133560,40163,99122,-29058.0,32722.5,7.5,-0.014,122404213,LOCKED
39074,2109.186,-233635914253710,-48017,10942,-29121.2,33326.2,7.6,0.008,122371635,LOCKED
39075,2110.186,-233635914247208,-12003,46956,-29120.3,33323.0,7.6,0.017,122467699,LOCKED
39076,2111.185,-233635914240322,23545,82504,-29137.1,33173.3,7.3,0.016,122569277,LOCKED
39077,2112.186,-233635914252628,37798,96757,-29073.3,33567.5,7.3,0.022,122531614,LOCKED
39078,2113.185,-233635914357534,-36794,22165,-29073.0,33564.0,7.4,0.028,122627578,LOCKED
39079,2114.185,-233635914370084,-20550,38409,-29025.0,33044.7,7.4,0.033,122706577,LOCKED
39080,2115.186,-233635914382977,-3787,55172,-29049.7,33018.9,7.4,0.037,122782259,LOCKED
39081,2116.186,-233635914426947,-18296,40663,-29039.4,32949.1,7.4,0.040,122869410,LOCKED
39082,2117.186,-233635914470378,-29215,29744,-29161.5,32729.9,7.4,0.044,122883761,LOCKED
39083,2118.186,-233635914458315,11785,70744,-29170.1,32690.6,7.3,0.047,122978966,LOCKED
39084,2119.186,-233635914494281,4238,63197,-29140.2,32649.3,7.4,0.043,123066443,LOCKED
39085,2120.186,-233635914574383,-45108,9217,-29144.5,32709.8,7.4,0.045,123043620,LOCKED
39086,2121.186,-233635914609736,-46567,7758,-29300.4,32814.9,7.3,0.048,123130540,LOCKED
39087,2122.186,-233635914547134,42982,97307,-29256.4,33241.8,7.3,0.049,123256459,LOCKED
39088,2123.185,-233635914641992,-22169,32156,-29241.6,33118.4,7.3,0.047,123249561,LOCKED
39089,2124.187,-233635914632362,14054,68379,-29134.7,32556.5,7.3,0.050,123344955,LOCKED
39090,2125.188,-233635914635431,38255,92580,-29106.8,32828.4,7.3,0.053,123434588,LOCKED
39091,2126.187,-233635914749753,-44054,10271,-29176.3,33363.6,7.3,0.052,123411810,LOCKED
39092,2127.186,-233635914712445,22711,77036,-29228.0,32747.9,7.3,0.049,123539724,LOCKED
39093,2128.186,-233635914732758,30766,85091,-29237.0,32651.4,7.6,0.045,123499154,LOCKED
39094,2129.186,-233635914816920,-22827,31498,-29264.4,32783.7,7.6,0.045,123610043,LOCKED
39095,2130.186,-233635914822618,-71,54254,-29224.4,32636.3,7.5,0.046,123699134,LOCKED
39096,2131.186,-233635914829415,19412,73737,-29112.0,32175.1,7.5,0.047,123782173,LOCKED
39097,2132.186,-233635914845876,31023,85348,-29112.6,32169.5,7.7,0.045,123745376,LOCKED
39098,2133.186,-233635914953442,-44065,10260,-29204.6,32701.3,7.7,0.044,123840754,LOCKED
39099,2134.187,-233635914950584,-11758,42567,-29197.1,32667.5,7.9,0.044,123934260,LOCKED
39100,2135.187,-233635914947082,18056,72381,-29085.3,32166.2,8.0,0.045,124027574,LOCKED
39101,2136.187,-233635915060216,-60397,0,-29259.8,32767.6,7.9,0.048,124004166,LOCKED
39102,2137.187,-233635915033319,-5084,55313,-29209.8,32456.2,7.8,0.052,124118572,LOCKED
39103,2138.186,-233635915038247,19568,79965,-29260.6,31889.9,7.8,0.051,124206610,LOCKED
39104,2139.187,-233635915045561,39580,99977,-29231.5,32189.2,7.7,0.056,124175968,LOCKED
39105,2140.187,-233635915135959,-20388,40009,-29256.4,32297.1,7.5,0.062,124286645,LOCKED
39106,2141.187,-233635915136653,6441,66838,-29181.9,31936.1,7.5,0.062,124373704,LOCKED
39107,2142.187,-233635915135075,36176,96573,-29191.8,31809.0,7.8,0.062,124466107,LOCKED
39108,2143.186,-233635915257160,-52267,8130,-29323.5,32443.1,7.6,0.069,124430666,LOCKED
39109,2144.187,-233635915265458,-29942,30455,-29337.5,32560.6,7.6,0.069,124519061,LOCKED
39110,2145.189,-233635915246200,18986,79383,-29385.5,32049.9,7.8,0.071,124627322,LOCKED
39111,2146.187,-233635915253534,38397,98794,-29319.7,32471.1,7.6,0.080,124597883,LOCKED
39112,2147.187,-233635915319782,2671,63068,-29383.3,32040.0,7.7,0.074,124737768,LOCKED
39113,2148.188,-233635915316326,33352,93749,-29332.7,32352.6,7.7,0.076,124826386,LOCKED
39114,2149.187,-233635915435241,-53852,6545,-29359.9,32757.4,7.8,0.080,124800621,LOCKED
39115,2150.188,-233635915417359,-4685,55712,-29446.8,32192.0,8.0,0.085,124911285,LOCKED
39116,2151.187,-233635915405056,34996,95393,-29403.4,32511.2,7.8,0.103,125011500,LOCKED
39117,2152.187,-233635915522958,-51069,9328,-29437.9,32968.6,7.8,0.109,124985659,LOCKED
39118,2153.188,-233635915520712,-16419,43978,-29556.5,32304.8,7.9,0.119,125081808,LOCKED
39119,2154.188,-233635915553254,-17514,42883,-29620.2,32290.7,8.0,0.110,125185874,LOCKED
39120,2155.188,-233635915508328,52828,113225,-29501.5,33016.3,8.3,0.072,125160807,LOCKED
39121,2156.188,-233635915619469,-28084,32313,-29490.5,32906.0,8.3,0.069,125256073,LOCKED
39122,2157.188,-233635915577993,39281,99678,-29378.9,33171.0,8.6,0.052,125384459,LOCKED
39123,2158.188,-233635915694498,-45810,14587,-29402.5,33462.9,8.8,0.037,125372510,LOCKED
39124,2159.188,-233635915657272,20498,80895,-29421.0,33313.5,9.0,0.023,125486160,LOCKED
39125,2160.188,-233635915743974,-34374,26023,-29482.1,33638.8,9.0,0.025,125492432,LOCKED
39126,2161.188,-233635915796667,-55039,5358,-29515.6,34111.4,8.9,0.006,125575274,LOCKED
39127,2162.188,-233635915732273,35174,95571,-29392.4,34113.7,8.9,0.006,125683391,LOCKED
39128,2163.189,-233635915831563,-31386,29011,-29504.3,34096.4,8.9,0.006,125673170,LOCKED
39129,2164.188,-233635915823905,5596,65993,-29504.7,34095.6,9.0,-0.006,125770621,LOCKED
39130,2165.189,-233635915816642,38819,99216,-29395.1,34350.5,9.0,-0.006,125868832,LOCKED
39131,2166.188,-233635915937772,-47767,12630,-29568.7,34258.5,8.9,-0.004,125837158,LOCKED
39132,2167.188,-233635915874880,41453,101850,-29478.4,34691.3,8.9,-0.004,125989852,LOCKED
39133,2168.189,-233635915971206,-25194,35203,-29446.3,34354.4,8.8,-0.004,125988797,LOCKED
39134,2169.189,-233635915961156,14873,75270,-29499.1,33866.1,8.6,-0.005,126088783,LOCKED
39135,2170.189,-233635915966486,36891,97288,-29454.8,34198.2,8.6,-0.012,126061375,LOCKED
39136,2171.189,-233635916055828,-22342,38055,-29449.8,34161.3,8.5,-0.018,126173341,LOCKED
39137,2172.188,-233635916048502,12051,72448,-29352.7,33690.7,8.5,-0.017,126272593,LOCKED
39138,2173.188,-233635916053840,34680,95077,-29342.4,33792.9,8.8,-0.027,126246203,LOCKED
39139,2174.188,-233635916162386,-41203,19194,-29437.0,34209.1,8.7,-0.031,126338661,LOCKED
39140,2175.189,-233635916165215,-13693,46704,-29458.5,34259.0,8.5,-0.028,126425644,LOCKED
39141,2176.189,-233635916156954,22913,83310,-29442.0,34351.3,8.4,-0.030,126526980,LOCKED
39142,2177.189,-233635916222077,-11018,49379,-29509.7,34179.2,8.2,-0.031,126551872,LOCKED
39143,2178.189,-233635916220439,18432,78829,-29456.9,34234.0,8.0,-0.032,126643479,LOCKED
39144,2179.189,-233635916234373,31525,91922,-29390.0,34488.9,8.2,-0.036,126608642,LOCKED
39145,2180.189,-233635916329074,-30172,30225,-29517.4,34248.8,8.2,-0.038,126715090,LOCKED
39146,2181.190,-233635916315612,13719,74116,-29585.1,33554.4,8.0,-0.036,126820419,LOCKED
39147,2182.190,-233635916307354,46987,107384,-29438.4,33790.6,7.7,-0.031,126917869,LOCKED
39148,2183.189,-233635916426456,-39084,21313,-29549.9,34042.4,7.5,-0.029,126890920,LOCKED
39149,2184.190,-233635916420210,-3460,56937,-29535.7,34009.5,7.5,-0.029,126985985,LOCKED
39150,2185.190,-233635916454544,-9012,51385,-29483.6,33623.0,7.5,-0.028,127068671,LOCKED
39151,2186.190,-233635916517437,-38204,22193,-29627.4,33498.0,7.2,-0.021,127040180,LOCKED
39152,2187.190,-233635916540545,-30250,30147,-29647.5,33652.5,7.5,-0.022,127174087,LOCKED
39153,2188.190,-233635916485166,50270,110667,-29509.6,34121.6,7.4,-0.021,127282425,LOCKED
39154,2189.190,-233635916583504,-16600,43797,-29578.3,34058.5,7.4,-0.024,127272299,LOCKED
39155,2190.191,-233635916572451,22496,82893,-29540.3,34195.1,7.4,-0.022,127377267,LOCKED
39156,2191.192,-233635916576947,43694,104091,-29424.0,34569.4,7.4,-0.019,127351499,LOCKED
39157,2192.190,-233635916663525,-13877,46520,-29380.4,34218.5,7.4,-0.017,127464787,LOCKED
39158,2193.190,-233635916647060,31131,91528,-29391.1,34105.9,7.6,-0.020,127574112,LOCKED
39159,2194.190,-233635916753765,-42964,17433,-29477.7,34590.2,7.6,-0.017,127554275,LOCKED
39160,2195.190,-233635916726163,12380,72777,-29413.0,34470.4,7.6,-0.019,127674835,LOCKED
39161,2196.191,-233635916730845,36599,96996,-29448.8,33954.6,7.6,-0.022,127649202,LOCKED
39162,2197.190,-233635916774717,20846,81243,-29418.2,34069.3,7.5,-0.018,127809406,LOCKED
39163,2198.190,-233635916784010,37585,97982,-29314.3,34323.9,7.5,-0.012,127778090,LOCKED
39164,2199.190,-233635916877728,-26624,33773,-29279.5,33931.5,7.4,-0.006,127886071,LOCKED
39165,2200.190,-233635916872458,7821,68218,-29287.4,33906.7,7.3,0.001,127986079,LOCKED
39166,2201.191,-233635916879387,27695,88092,-29211.4,34048.2,7.3,0.007,127954898,LOCKED
39167,2202.191,-233635916980498,-42948,17449,-29201.6,33909.5,7.3,0.005,128058814,LOCKED
39168,2203.190,-233635916982943,-13722,46675,-29300.2,33466.6,7.3,0.012,128145988,LOCKED
39169,2204.190,-233635916971049,26517,86914,-29297.4,33488.9,7.7,0.017,128247585,LOCKED
39170,2205.192,-233635917091623,-61309,0,-29364.9,34368.8,7.8,0.011,128218950,LOCKED
39171,2206.191,-233635917091529,-31254,30055,-29342.1,34104.5,7.7,0.034,128308886,LOCKED
39172,2207.191,-233635917061228,26233,87542,-29279.8,34266.8,7.8,0.040,128316135,LOCKED
39173,2208.191,-233635917079589,33282,94591,-29145.0,34052.0,7.6,0.061,128389821,LOCKED
39174,2209.191,-233635917188542,-42104,19205,-29292.3,34056.1,7.7,0.066,128483814,LOCKED
39175,2210.191,-233635917184044,-7801,53508,-29304.5,34072.4,7.7,0.071,128577838,LOCKED
39176,2211.191,-233635917183578,19134,80443,-29196.9,33686.9,7.7,0.076,128668287,LOCKED
39177,2212.191,-233635917296056,-58547,2762,-29374.7,34119.4,7.4,0.101,128645610,LOCKED
39178,2213.191,-233635917286946,-18214,43095,-29435.3,34137.1,7.4,0.110,128747325,LOCKED
39179,2214.191,-233635917286679,11448,72757,-29452.4,34051.0,7.4,0.109,128836655,LOCKED
39180,2215.193,-233635917304482,19858,81167,-29326.2,33416.6,7.5,0.100,128921363,LOCKED
39181,2216.191,-233635917403879,-46102,15207,-29451.5,33822.9,7.4,0.100,128905665,LOCKED
39182,2217.191,-233635917419221,-31317,29992,-29432.5,33605.3,7.4,0.103,129001687,LOCKED
39183,2218.191,-233635917393534,23692,85001,-29466.5,33247.5,7.3,0.105,129090055,LOCKED
39184,2219.192,-233635917428492,16303,77612,-29400.4,33193.8,7.3,0.107,129168674,LOCKED
39185,2220.191,-233635917530378,-51403,9906,-29549.8,33607.8,7.4,0.099,129134401,LOCKED
39186,2221.192,-233635917538530,-26016,35293,-29702.6,32757.6,7.3,0.101,129215115,LOCKED
39187,2222.192,-233635917538701,2360,63669,-29649.7,32541.1,7.8,0.087,129310191,LOCKED
39188,2223.192,-233635917568615,3288,64597,-29713.8,32091.4,8.1,0.075,129397276,LOCKED
39189,2224.192,-233635917638769,-34566,26743,-29783.4,32425.4,8.5,0.065,129388831,LOCKED
39190,2225.193,-233635917647723,-13855,47454,-29754.5,32217.6,8.8,0.056,129468254,LOCKED
39191,2226.192,-233635917641456,22706,84015,-29818.8,31342.9,8.7,0.054,129568873,LOCKED
39192,2227.192,-233635917724932,-29938,31371,-29818.8,31342.3,9.4,0.041,129576643,LOCKED
39193,2228.193,-233635917760269,-31967,29342,-29937.1,31271.7,10.0,0.031,129669485,LOCKED
39194,2229.192,-233635917706626,48229,109538,-29851.0,31949.9,10.1,0.026,129775114,LOCKED
39195,2230.192,-233635917811328,-25796,35513,-29848.6,31929.1,10.3,0.020,129760000,LOCKED
39196,2231.192,-233635917802890,12723,74032,-29881.3,31690.9,10.8,0.011,129860747,LOCKED
39197,2232.192,-233635917790424,51353,112662,-29784.1,32444.2,11.2,0.005,129852779,LOCKED
39198,2233.192,-233635917870354,106,61415,-29730.1,32175.7,11.2,-0.002,129972503,LOCKED
39199,2234.192,-233635917862225,37029,98338,-29745.8,31961.5,12.2,-0.012,130075844,LOCKED
39200,2235.194,-233635917972381,-39861,21448,-29852.5,32291.4,12.1,-0.009,130052908,LOCKED
39201,2236.193,-233635917963348,-1388,59921,-29829.9,32233.7,12.2,-0.012,130151242,LOCKED
39202,2237.192,-233635918031627,-36577,24732,-29929.2,32500.0,12.3,-0.014,130176454,LOCKED
39203,2238.193,-233635918029216,-4254,57055,-29921.3,32483.2,12.4,-0.017,130266209,LOCKED
39204,2239.192,-233635918018546,33133,94442,-29819.0,32613.8,12.4,-0.022,130368466,LOCKED
39205,2240.193,-233635918021356,57455,118764,-29782.6,33161.4,12.4,-0.024,130456365,LOCKED
39206,2241.194,-233635918130678,-20849,40460,-29808.6,33272.0,12.5,-0.026,130439312,LOCKED
39207,2242.193,-233635918116440,20230,81539,-29696.4,32851.9,12.5,-0.022,130542832,LOCKED
39208,2243.193,-233635918116762,47774,109083,-29686.0,33000.1,12.6,-0.023,130634872,LOCKED
39209,2244.193,-233635918227680,-31044,30265,-29753.0,33254.1,12.9,-0.030,130612066,LOCKED
39210,2245.194,-233635918231410,-4250,57059,-29783.8,33209.8,12.8,-0.023,130701551,LOCKED
39211,2246.193,-233635918219892,36227,97536,-29803.6,32946.1,12.8,-0.029,130803405,LOCKED
39212,2247.194,-233635918289039,-1486,59823,-29881.3,32429.1,12.8,-0.028,130823625,LOCKED
39213,2248.193,-233635918290933,23465,84774,-29771.1,32143.3,12.9,-0.027,130917050,LOCKED
39214,2249.193,-233635918284470,56670,117979,-29716.7,32868.3,12.9,-0.026,131010988,LOCKED
39215,2250.193,-233635918409764,-36891,24418,-29754.3,33182.0,12.9,-0.025,130971879,LOCKED
39216,2251.193,-233635918413917,-11903,49406,-29704.3,32764.7,12.9,-0.024,131064928,LOCKED
39217,2252.193,-233635918417259,13988,75297,-29704.5,32764.1,12.9,-0.031,131151925,LOCKED
39218,2253.194,-233635918397393,58371,119680,-29546.7,33434.6,12.9,-0.031,131265949,LOCKED
39219,2254.193,-233635918522086,-33009,28300,-29676.9,33265.3,12.9,-0.030,131227468,LOCKED
39220,2255.194,-233635918514200,3859,65168,-29649.1,33229.7,12.9,-0.029,131325286,LOCKED
39221,2256.193,-233635918562186,-14801,46508,-29608.6,32889.8,12.9,-0.037,131407271,LOCKED
39222,2257.193,-233635918604838,-26892,34417,-29610.5,32906.4,12.9,-0.028,131416340,LOCKED
39223,2258.196,-233635918614990,-8514,52795,-29543.2,32304.5,13.0,-0.035,131498284,LOCKED
39224,2259.194,-233635918619136,16262,77571,-29539.8,32321.6,13.0,-0.026,131584298,LOCKED
39225,2260.194,-233635918663494,680,61989,-29503.3,32206.3,13.0,0.010,131683556,LOCKED
39226,2261.194,-233635918723819,-29652,31657,-29478.0,31900.1,13.1,0.032,131659903,LOCKED
39227,2262.194,-233635918710117,13500,74809,-29499.1,31764.0,13.0,0.071,131764604,LOCKED
39228,2263.193,-233635918699270,50337,111646,-29410.5,32491.2,12.1,0.119,131865452,LOCKED
39229,2264.193,-233635918799797,-20873,40436,-29371.1,32079.1,11.6,0.172,131851985,LOCKED
39230,2265.195,-233635918790150,18485,79794,-29418.6,31576.0,11.5,0.175,131954482,LOCKED
39231,2266.195,-233635918792892,42844,104153,-29376.1,32008.1,11.3,0.178,132037615,LOCKED
39232,2267.194,-233635918878167,-13583,47726,-29327.4,31566.4,11.2,0.181,132046354,LOCKED
39233,2268.195,-233635918884356,7111,68420,-29219.1,30695.9,11.1,0.184,132127027,LOCKED
39234,2269.194,-233635918885874,33249,94558,-29197.6,30894.9,11.0,0.179,132216335,LOCKED
39235,2270.194,-233635918899412,45314,106623,-29096.4,31456.5,10.8,0.183,132181404,LOCKED
39236,2271.194,-233635918999945,-25906,35403,-29063.8,31071.4,10.7,0.187,132283006,LOCKED
39237,2272.195,-233635918985663,17532,78841,-29097.6,30759.6,10.5,0.191,132384827,LOCKED
39238,2273.195,-233635918985789,43496,104805,-29022.2,31321.5,10.4,0.195,132364252,LOCKED
39239,2274.194,-233635919076119,-17663,43646,-29000.1,31142.6,10.4,0.200,132476802,LOCKED
39240,2275.195,-233635919076465,8844,70153,-28909.2,30614.7,10.2,0.198,132564918,LOCKED
39241,2276.195,-233635919098336,15656,76965,-28924.2,30511.7,10.3,0.209,132639543,LOCKED
39242,2277.195,-233635919161842,-17303,44006,-28975.2,30560.4,10.1,0.214,132660384,LOCKED
39243,2278.195,-233635919165223,6370,67679,-28891.3,30049.5,9.9,0.220,132748477,LOCKED
39244,2279.195,-233635919159937,36627,97936,-28759.6,30006.0,10.2,0.228,132843329,LOCKED
39245,2280.195,-233635919277019,-47313,13996,-28896.2,30402.9,10.3,0.238,132815547,LOCKED
39246,2281.195,-233635919284791,-24029,37280,-28962.4,30520.9,10.6,0.244,132897931,LOCKED
39247,2282.195,-233635919273713,14527,75836,-28913.6,30531.4,10.6,0.246,132999557,LOCKED
39248,2283.195,-233635919281212,33147,94456,-28831.4,30805.1,10.9,0.250,132971606,LOCKED
39249,2284.196,-233635919353901,-9165,52144,-28892.1,30635.7,11.1,0.254,133100490,LOCKED
39250,2285.196,-233635919340859,30892,92201,-28851.3,30904.2,11.4,0.261,133201800,LOCKED
39251,2286.196,-233635919460561,-56995,4314,-28902.1,31629.9,11.4,0.261,133170587,LOCKED
39252,2287.195,-233635919394441,36440,97749,-28884.8,31810.4,11.1,0.257,133330045,LOCKED
39253,2288.197,-233635919508811,-44736,16573,-29022.1,32062.4,11.4,0.258,133304152,LOCKED
39254,2289.196,-233635919499521,-7511,53798,-28956.1,31487.4,11.6,0.260,133402834,LOCKED
39255,2290.195,-233635919481295,38016,99325,-28938.1,31684.8,11.3,0.254,133509970,LOCKED
39256,2291.195,-233635919600773,-49411,11898,-29008.8,32364.0,11.1,0.248,133477890,LOCKED
39257,2292.196,-233635919589103,-9812,51497,-28939.4,31688.7,11.0,0.245,133585020,LOCKED
39258,2293.195,-233635919643453,-32983,28326,-28994.6,32003.0,10.2,0.232,133690910,LOCKED
39259,2294.195,-233635919664627,-24778,36531,-28972.1,31772.4,10.3,0.234,133686782,LOCKED
39260,2295.198,-233635919637597,30590,91899,-28991.9,31533.9,10.2,0.231,133806802,LOCKED
39261,2296.196,-233635919748911,-48179,13130,-29086.4,32196.2,10.2,0.227,133781978,LOCKED
39262,2297.196,-233635919701974,27600,88909,-29120.4,31779.3,10.2,0.222,133917462,LOCKED
39263,2298.196,-233635919714960,41482,102791,-29078.8,32184.6,10.1,0.217,133885185,LOCKED
39264,2299.196,-233635919794921,-9530,51779,-29056.5,32068.6,10.1,0.211,134005099,LOCKED
39265,2300.196,-233635919774419,35768,97077,-28906.6,31724.3,10.1,0.205,134112174,LOCKED
39266,2301.196,-233635919889693,-46443,14866,-29033.6,32152.2,10.0,0.197,134091442,LOCKED
39267,2302.197,-233635919859423,11563,72872,-28989.0,32135.6,10.0,0.189,134210985,LOCKED
39268,2303.196,-233635919865521,30751,92060,-28858.2,31853.5,10.0,0.189,134184556,LOCKED
39269,2304.196,-233635919950164,-22271,39038,-28956.9,31661.1,10.2,0.183,134302193,LOCKED
39270,2305.200,-233635919928821,26606,87915,-28931.3,31825.0,9.7,0.164,134413807,LOCKED
39271,2306.197,-233635920037507,-50646,10663,-28970.0,32327.4,9.6,0.151,134394701,LOCKED
39272,2307.197,-233635919993998,20793,82102,-28953.5,32413.5,9.5,0.140,134526652,LOCKED
39273,2308.196,-233635920107371,-60009,1300,-29031.4,33354.9,9.4,0.126,134502800,LOCKED
39274,2309.197,-233635920087490,-12043,49266,-28964.7,32696.2,10.0,0.059,134612541,LOCKED
39275,2310.197,-233635920068629,34897,96206,-28979.3,32512.0,10.4,0.015,134724035,LOCKED
39276,2311.197,-233635920185310,-48699,12610,-29100.1,33064.5,10.7,-0.025,134698756,LOCKED
39277,2312.196,-233635920178477,-12017,49292,-29116.9,33103.0,11.2,-0.078,134792122,LOCKED
39278,2313.197,-233635920166390,25583,86892,-28982.3,32551.4,10.6,-0.116,134894949,LOCKED
39279,2314.197,-233635920282885,-56567,4742,-29151.7,32999.9,10.7,-0.171,134866108,LOCKED
39280,2315.197,-233635920286942,-29164,32145,-29216.6,33219.7,10.3,-0.216,134955386,LOCKED
39281,2316.197,-233635920292900,-4582,56727,-29274.1,33004.3,9.6,-0.269,135041276,LOCKED
39282,2317.197,-233635920358755,-37030,24279,-29415.6,32853.8,9.5,-0.256,135061235,LOCKED
39283,2318.198,-233635920358352,-5783,55526,-29476.2,32629.8,9.5,-0.248,135155517,LOCKED
39284,2319.197,-233635920334718,44438,105747,-29408.2,33174.3,9.2,-0.239,135265267,LOCKED
39285,2320.197,-233635920446056,-34406,26903,-29502.6,33397.7,9.2,-0.234,135245986,LOCKED
39286,2321.199,-233635920446566,-3301,58008,-29601.0,32621.4,9.2,-0.231,135333348,LOCKED
39287,2322.197,-233635920432876,37833,99142,-29558.0,32974.0,9.2,-0.229,135443166,LOCKED
39288,2323.197,-233635920547978,-45526,15783,-29589.6,33339.8,9.2,-0.227,135414272,LOCKED
39289,2324.197,-233635920535148,-1467,59842,-29667.7,32821.9,9.2,-0.232,135521165,LOCKED
39290,2325.199,-233635920568702,-4776,55233,-29688.2,32815.1,9.4,-0.223,135610407,LOCKED
39291,2326.197,-233635920622668,-27812,32197,-29702.8,32926.1,9.6,-0.215,135596351,LOCKED
39292,2327.198,-233635920654779,-27063,32946,-29813.0,32772.4,10.1,-0.200,135641285,LOCKED
39293,2328.198,-233635920676024,-16772,43237,-29869.8,32783.0,10.2,-0.194,135741782,LOCKED
39294,2329.197,-233635920672899,14799,74808,-29824.5,32810.2,10.2,-0.194,135837293,LOCKED
39295,2330.198,-233635920737856,-19966,40043,-29809.2,32691.4,10.3,-0.189,135847835,LOCKED
39296,2331.199,-233635920757594,-7891,52118,-29894.6,32236.3,10.3,-0.184,135934056,LOCKED
39297,2332.197,-233635920735920,40829,100838,-29822.6,32709.6,10.4,-0.179,136047032,LOCKED
39298,2333.197,-233635920836850,-29357,30652,-29818.9,32674.1,10.5,-0.175,136037586,LOCKED
39299,2334.198,-233635920821989,15258,75267,-29841.2,32519.1,10.5,-0.176,136143745,LOCKED
39300,2335.199,-233635920813098,50474,110483,-29752.4,33233.6,10.6,-0.172,136132992,LOCKED
39301,2336.197,-233635920898596,-5257,54752,-29744.4,33214.3,10.6,-0.171,136254057,LOCKED
39302,2337.198,-233635920857892,61733,121742,-29677.2,34108.0,10.5,-0.166,136268941,LOCKED
39303,2338.198,-233635920951089,-1786,58223,-29674.3,34105.6,10.5,-0.163,136379053,LOCKED
39304,2339.199,-233635920926647,47641,107650,-29523.1,34316.1,10.5,-0.164,136494649,LOCKED
39305,2340.198,-233635921035321,-27974,32035,-29650.3,33990.5,10.5,-0.158,136475191,LOCKED
39306,2341.198,-233635921031322,6200,66209,-29686.5,33805.4,10.4,-0.153,136568706,LOCKED
39307,2342.198,-233635921018636,45004,105013,-29586.0,34312.7,10.2,-0.149,136672709,LOCKED
39308,2343.198,-233635921127158,-32954,27055,-29579.2,34239.5,10.3,-0.147,136652449,LOCKED
39309,2344.199,-233635921121520,2278,62287,-29583.7,34234.5,10.1,-0.143,136751101,LOCKED
39310,2345.201,-233635921105813,43225,103234,-29442.2,34358.7,10.0,-0.136,136859920,LOCKED
39311,2346.198,-233635921211987,-29707,30302,-29579.5,33959.2,9.9,-0.129,136837875,LOCKED
39312,2347.200,-233635921193651,15602,75611,-29477.3,33528.6,9.8,-0.123,136953019,LOCKED
39313,2348.198,-233635921200179,37335,97344,-29479.8,33499.7,9.8,-0.122,137031735,LOCKED
39314,2349.199,-233635921219330,44608,104617,-29403.8,34042.5,9.8,-0.115,136995479,LOCKED
39315,2350.198,-233635921324055,-30310,29699,-29373.2,33670.0,9.7,-0.106,137090956,LOCKED
39316,2351.199,-233635921321729,2634,62643,-29438.7,33229.9,9.7,-0.104,137187114,LOCKED
39317,2352.198,-233635921299866,50483,110492,-29353.1,33929.0,9.7,-0.102,137296840,LOCKED
39318,2353.198,-233635921407776,-25418,34591,-29441.4,33935.6,9.7,-0.100,137277967,LOCKED
39319,2354.198,-233635921405294,6726,66735,-29463.4,33846.5,9.7,-0.097,137374224,LOCKED
39320,2355.203,-233635921395016,42243,102252,-29326.1,33977.7,9.7,-0.093,137474551,LOCKED
39321,2356.199,-233635921509342,-38580,21429,-29467.2,33905.3,9.7,-0.089,137450258,LOCKED
39322,2357.199,-233635921497632,1421,61430,-29411.7,33656.5,9.7,-0.087,137546692,LOCKED
39323,2358.199,-233635921495958,28766,88775,-29275.7,33228.0,9.7,-0.094,137642494,LOCKED
39324,2359.199,-233635921603895,-46735,13274,-29353.2,33826.9,9.7,-0.092,137625446,LOCKED
39325,2360.200,-233635921603881,-17936,42073,-29295.4,33202.5,9.9,-0.062,137714151,LOCKED
39326,2361.199,-233635921574995,38701,98710,-29283.9,33330.8,10.1,-0.036,137833016,LOCKED
39327,2362.200,-233635921685956,-41066,18943,-29309.4,33601.6,10.1,-0.013,137811830,LOCKED
39328,2363.199,-233635921697011,-22998,37011,-29261.9,33053.1,10.2,-0.021,137892530,LOCKED
39329,2364.200,-233635921706532,-2959,57050,-29271.6,33053.6,10.1,-0.028,137982436,LOCKED
39330,2365.199,-233635921775838,-41788,18221,-29261.2,32905.0,10.2,-0.022,138088092,LOCKED
39331,2366.200,-233635921787376,-21505,38504,-29351.3,32784.4,10.2,-0.001,138073987,LOCKED
39332,2367.199,-233635921751683,39370,99379,-29211.9,32767.0,10.2,0.004,138090446,LOCKED
39333,2368.199,-233635921849204,-25730,34279,-29326.8,32506.1,10.3,0.008,138194443,LOCKED
39334,2369.199,-233635921829186,21889,81898,-29278.4,32632.6,10.1,0.020,138298149,LOCKED
39335,2370.199,-233635921831169,44152,104161,-29104.5,32326.6,9.9,0.019,138388167,LOCKED
39336,2371.199,-233635921945217,-37234,22775,-29217.4,32511.2,9.7,0.027,138372439,LOCKED
39337,2372.199,-233635921927823,8579,68588,-29192.4,32522.9,8.9,0.036,138475936,LOCKED
39338,2373.200,-233635921918705,42251,102260,-29034.8,32384.8,9.0,0.031,138573067,LOCKED
39339,2374.200,-233635922033027,-39071,20938,-29164.6,32470.9,8.1,0.028,138549453,LOCKED
39340,2375.200,-233635922021769,1720,61729,-29185.6,32418.4,7.8,0.025,138651124,LOCKED
39341,2376.200,-233635922021115,29220,89229,-29119.3,32639.3,7.5,0.021,138742823,LOCKED
39342,2377.200,-233635922084995,-4299,55710,-29173.2,32446.2,7.5,0.017,138768654,LOCKED
39343,2378.200,-233635922083916,24228,84237,-29128.7,32612.2,7.5,0.013,138861325,LOCKED
39344,2379.200,-233635922100301,32740,92749,-28975.2,32060.6,7.5,0.009,138822907,LOCKED
39345,2380.200,-233635922184819,-20569,39440,-29050.8,32036.0,7.6,0.006,138939221,LOCKED
39346,2381.200,-233635922181178,11212,71221,-29024.7,32068.3,7.9,-0.003,139034219,LOCKED
39347,2382.200,-233635922182919,34424,94433,-28881.8,31770.9,7.9,-0.006,139120143,LOCKED
39348,2383.200,-233635922299993,-49117,10892,-29028.7,32120.4,7.9,-0.009,139094588,LOCKED
39349,2384.200,-233635922290163,-9692,50317,-29040.3,32144.7,7.5,-0.014,139190701,LOCKED
39350,2385.201,-233635922280509,27170,87179,-28995.5,32355.0,7.5,-0.015,139290073,LOCKED
39351,2386.200,-233635922392795,-51614,8395,-29131.1,32920.7,7.5,-0.015,139270376,LOCKED
39352,2387.201,-233635922352734,17513,77522,-29157.1,32713.1,7.2,-0.013,139400931,LOCKED
39353,2388.201,-233635922366258,31859,91868,-29146.9,32807.8,7.2,-0.010,139363198,LOCKED
39354,2389.201,-233635922463585,-34144,25865,-29197.1,33125.3,7.5,-0.015,139470782,LOCKED
39355,2390.201,-233635922449527,9553,69562,-29234.7,32881.6,7.4,-0.015,139574517,LOCKED
39356,2391.201,-233635922441648,44411,104420,-29197.8,33279.2,7.4,-0.012,139670175,LOCKED
39357,2392.200,-233635922564818,-47254,12755,-29232.5,33686.3,7.3,-0.011,139635821,LOCKED
39358,2393.201,-233635922560340,-11196,48813,-29329.3,33186.9,7.4,-0.011,139731979,LOCKED
39359,2394.201,-233635922561237,16224,76233,-29306.6,33257.0,7.4,-0.007,139820889,LOCKED
39360,2395.201,-233635922562171,40521,100530,-29173.7,33367.1,7.6,-0.006,139907917,LOCKED
39361,2396.201,-233635922586082,43378,103387,-29127.7,33802.9,8.0,-0.001,139864805,LOCKED
39362,2397.201,-233635922631608,23458,83467,-28993.6,33180.1,7.9,0.003,140018083,LOCKED
39363,2398.201,-233635922664630,18388,78397,-28973.0,33261.7,8.0,0.001,140077147,LOCKED
39364,2399.201,-233635922678391,29849,89858,-28838.3,32895.3,8.0,0.006,140040781,LOCKED
39365,2400.202,-233635922769065,-28955,31054,-28939.1,32901.9,8.3,0.011,140151791,LOCKED
39366,2401.201,-233635922757673,10590,70599,-28918.2,32932.8,8.4,0.008,140253447,LOCKED
39367,2402.201,-233635922772632,21504,81513,-28804.3,32531.1,8.4,0.013,140218067,LOCKED
39368,2403.201,-233635922883389,-55435,4574,-28958.4,33098.3,8.4,0.010,140304971,LOCKED
39369,2404.202,-233635922871947,-13987,46022,-28986.6,33151.5,8.3,0.016,140408667,LOCKED
39370,2405.203,-233635922899122,-12781,47228,-28935.5,32704.8,8.7,0.020,140493768,LOCKED
39371,2406.202,-233635922985378,-64449,0,-29106.1,33560.5,8.7,0.018,140474607,LOCKED
39372,2407.202,-233635922993458,-40933,23516,-29160.3,33990.5,8.7,0.024,140590539,LOCKED
39373,2408.202,-233635922956199,22766,87215,-29064.4,33855.0,8.4,0.006,140685563,LOCKED
39374,2409.202,-233635923076121,-65158,0,-29100.1,34458.4,8.5,-0.001,140659375,LOCKED
39375,2410.201,-233635923075830,-32441,32717,-29209.6,34499.2,8.5,-0.009,140748758,LOCKED
39376,2411.202,-233635923060832,11058,76216,-29193.2,34531.1,8.4,-0.024,140854491,LOCKED
39377,2412.202,-233635923161939,-58553,6605,-29208.8,34788.0,8.6,-0.042,140842419,LOCKED
39378,2413.202,-233635923155849,-20818,44340,-29293.9,34699.2,8.6,-0.054,140941222,LOCKED
39379,2414.201,-233635923148018,15199,80357,-29264.8,34760.0,8.6,-0.051,141037821,LOCKED
39380,2415.203,-233635923151923,36536,101694,-29127.8,34655.4,8.5,-0.066,141011827,LOCKED
39381,2416.203,-233635923242234,-21731,43427,-29235.0,34366.3,8.5,-0.065,141121072,LOCKED
39382,2417.202,-233635923218073,29673,94831,-29186.5,34600.6,8.4,-0.082,141241716,LOCKED
39383,2418.203,-233635923334274,-54606,10552,-29230.0,35154.4,8.4,-0.082,141212386,LOCKED
39384,2419.203,-233635923321023,-9710,55448,-29332.6,34549.3,8.4,-0.072,141318922,LOCKED
39385,2420.203,-233635923316512,23338,88496,-29332.4,34551.2,8.4,-0.074,141410243,LOCKED
39386,2421.202,-233635923337114,28841,93999,-29221.8,34460.1,8.3,-0.077,141480627,LOCKED
39387,2422.203,-233635923457592,-56887,8271,-29398.8,34804.2,8.0,-0.075,141447005,LOCKED
39388,2423.204,-233635923458326,-25359,39799,-29497.3,34722.6,8.1,-0.067,141536934,LOCKED
39389,2424.202,-233635923446911,15005,80163,-29495.4,34731.0,8.0,-0.068,141636464,LOCKED
39390,2425.204,-233635923447241,43103,108261,-29514.8,34444.7,8.0,-0.070,141728278,LOCKED
39391,2426.203,-233635923570959,-46497,18661,-29663.6,34628.1,7.9,-0.071,141695577,LOCKED
39392,2427.203,-233635923537454,14833,79991,-29597.9,34550.3,8.0,-0.079,141822156,LOCKED
39393,2428.203,-233635923555799,25830,90988,-29628.4,34229.0,8.5,-0.065,141891155,LOCKED
39394,2429.203,-233635923571907,36646,101804,-29556.5,34583.8,8.5,-0.066,141855091,LOCKED
39395,2430.203,-233635923625220,10933,76091,-29478.5,34314.4,8.4,-0.067,142007168,LOCKED
39396,2431.203,-233635923623149,41329,106487,-29490.7,34146.3,8.4,-0.067,142098252,LOCKED
39397,2432.203,-233635923738535,-41558,23600,-29569.3,34606.6,8.5,-0.062,142073803,LOCKED
39398,2433.203,-233635923719012,5921,71079,-29499.9,34312.5,8.5,-0.058,142185341,LOCKED
39399,2434.203,-233635923713566,39829,104987,-29515.2,34103.8,8.5,-0.060,142279975,LOCKED
39400,2435.205,-233635923829881,-43590,21568,-29608.8,34588.2,8.5,-0.061,142252610,LOCKED
39401,2436.203,-233635923820406,-4822,60336,-29585.2,34505.5,8.6,-0.059,142354147,LOCKED
39402,2437.205,-233635923906673,-57007,8151,-29711.4,35304.9,8.6,-0.056,142355899,LOCKED
39403,2438.203,-233635923902214,-21777,43381,-29727.2,35386.0,8.7,-0.055,142450423,LOCKED
39404,2439.204,-233635923901348,7368,72526,-29668.2,35220.5,8.7,-0.057,142543646,LOCKED
39405,2440.204,-233635923887862,48121,113279,-29630.4,35640.0,8.4,-0.059,142650415,LOCKED
39406,2441.203,-233635924009556,-41305,23853,-29691.2,36067.5,8.4,-0.059,142615838,LOCKED
39407,2442.204,-233635924000318,-3340,61818,-29638.2,35781.4,8.5,-0.059,142718204,LOCKED
39408,2443.203,-233635924035852,-6913,58245,-29741.0,35099.2,8.5,-0.060,142806573,LOCKED
39409,2444.203,-233635924097202,-35486,29672,-29831.1,35362.3,8.5,-0.061,142800941,LOCKED
39410,2445.205,-233635924128328,-35094,30064,-29855.5,35566.0,8.4,-0.064,142893818,LOCKED
39411,2446.204,-233635924088890,34010,99168,-29902.9,34893.6,8.7,-0.065,142992361,LOCKED
39412,2447.204,-233635924153005,-386,64772,-29893.3,34884.5,8.7,-0.064,143018670,LOCKED
39413,2448.203,-233635924189715,-7489,57669,-29866.7,34763.4,8.3,-0.072,143122978,LOCKED
39414,2449.204,-233635924244880,-29206,35952,-29994.1,34486.8,8.3,-0.075,143111861,LOCKED
39415,2450.204,-233635924227834,16791,81949,-29970.8,34558.8,8.2,-0.080,143219283,LOCKED
39416,2451.204,-233635924211116,58196,123354,-29808.0,35136.4,8.2,-0.085,143325655,LOCKED
39417,2452.204,-233635924327090,-24346,40812,-29945.6,34516.3,8.1,-0.091,143300173,LOCKED
39418,2453.205,-233635924319191,13434,78592,-29964.8,34405.4,8.1,-0.090,143396257,LOCKED
39419,2454.204,-233635924317962,41610,106768,-29885.8,34863.2,8.2,-0.089,143489108,LOCKED
39420,2455.204,-233635924328848,55531,120689,-29728.6,35366.9,7.6,-0.105,143458717,LOCKED
39421,2456.205,-233635924444218,-29630,35528,-29702.9,35082.7,7.5,-0.095,143548118,LOCKED
39422,2457.204,-233635924391337,48494,113652,-29564.3,35454.1,7.4,-0.103,143685106,LOCKED
39423,2458.205,-233635924501278,-30840,34318,-29564.2,35453.0,7.5,-0.102,143667370,LOCKED
39424,2459.204,-233635924496040,2113,67271,-29476.8,34856.0,7.5,-0.100,143763570,LOCKED
39425,2460.205,-233635924517726,9594,74752,-29477.5,34853.7,7.4,-0.086,143830968,LOCKED
39426,2461.204,-233635924535642,18764,83922,-29391.2,34700.8,7.5,-0.083,143901977,LOCKED
39427,2462.205,-233635924526592,51896,117054,-29216.6,34811.9,7.6,-0.097,144003048,LOCKED
39428,2463.205,-233635924638543,-27877,37281,-29315.8,34799.8,7.6,-0.092,143982918,LOCKED
39429,2464.205,-233635924612644,25257,90415,-29255.5,34946.6,7.6,-0.092,144096399,LOCKED
39430,2465.205,-233635924615430,47939,113097,-29149.2,35506.0,7.4,-0.101,144187519,LOCKED
39431,2466.205,-233635924729664,-33336,31822,-29281.0,35340.2,7.2,-0.084,144165009,LOCKED
39432,2467.205,-233635924680979,42551,107709,-29249.7,35651.9,7.3,-0.081,144302285,LOCKED
39433,2468.205,-233635924698535,49331,114489,-29090.3,35833.3,8.0,-0.051,144262662,LOCKED
39434,2469.205,-233635924800997,-20992,44166,-29205.2,35433.0,8.4,-0.022,144361266,LOCKED
39435,2470.205,-233635924789471,19087,84245,-29205.0,35434.6,8.7,0.007,144463227,LOCKED
39436,2471.205,-233635924893796,-53211,11947,-29255.1,36008.7,9.4,0.053,144450759,LOCKED
39437,2472.205,-233635924894327,-21314,43844,-29375.5,35546.8,9.6,0.070,144535955,LOCKED
39438,2473.204,-233635924886270,15603,80761,-29376.2,35543.6,9.3,0.076,144631868,LOCKED
39439,2474.205,-233635924891570,36410,101568,-29276.2,35776.0,9.7,0.099,144609568,LOCKED
39440,2475.206,-233635924976938,-20027,45131,-29225.8,35262.8,9.7,0.099,144726325,LOCKED
39441,2476.206,-233635924976043,9759,74917,-29225.6,35263.4,9.8,0.108,144815928,LOCKED
39442,2477.205,-233635925038531,-23423,41735,-29190.5,34912.2,9.7,0.108,144843523,LOCKED
39443,2478.206,-233635925069708,-22377,42781,-29302.3,34590.1,9.7,0.108,144905111,LOCKED
39444,2479.205,-233635925062977,12853,78011,-29284.2,34632.5,9.6,0.108,145002521,LOCKED
39445,2480.205,-233635925053311,47383,112541,-29145.8,34963.6,9.6,0.107,145100141,LOCKED
39446,2481.206,-233635925174862,-43561,21597,-29145.1,34954.0,9.7,0.100,145069392,LOCKED
39447,2482.205,-233635925161991,84,65242,-29225.4,34395.0,9.6,0.100,145171791,LOCKED
39448,2483.206,-233635925212305,-18954,46204,-29294.6,34378.1,9.6,0.099,145272741,LOCKED
39449,2484.207,-233635925257043,-32762,32396,-29320.4,34577.9,9.7,0.105,145257473,LOCKED
39450,2485.206,-233635925245192,6291,71449,-29226.7,33991.0,9.7,0.109,145360223,LOCKED
39451,2486.206,-233635925235318,43902,109060,-29226.6,33992.2,9.8,0.112,145458987,LOCKED
39452,2487.206,-233635925339613,-29720,35438,-29248.2,34149.4,9.8,0.115,145448329,LOCKED
39453,2488.206,-233635925309537,26731,91889,-29151.5,34123.8,9.9,0.119,145567960,LOCKED
39454,2489.207,-233635925412404,-45410,19748,-29153.2,34147.7,9.7,0.125,145553840,LOCKED
39455,2490.206,-233635925407522,-11360,53798,-29135.0,34054.9,9.8,0.126,145652096,LOCKED
39456,2491.206,-233635925400239,21627,86785,-29002.3,33384.0,10.1,0.130,145749082,LOCKED
39457,2492.206,-233635925415157,34316,99474,-28990.9,33495.5,10.1,0.131,145713761,LOCKED
39458,2493.206,-233635925504491,-25001,40157,-28999.7,33557.4,10.1,0.133,145828217,LOCKED
39459,2494.206,-233635925496585,9299,74457,-28887.0,32741.8,10.2,0.136,145928598,LOCKED
39460,2495.207,-233635925497055,36208,101366,-28873.2,32884.7,10.2,0.135,145906624,LOCKED
39461,2496.206,-233635925605589,-40939,24219,-28928.6,33327.2,10.1,0.131,145999612,LOCKED
39462,2497.206,-233635925576492,17603,82761,-28983.4,32748.7,10.2,0.134,146006096,LOCKED
39463,2498.207,-233635925673409,-46453,18705,-29096.6,33259.6,10.3,0.136,146110880,LOCKED
39464,2499.207,-233635925665959,-9559,55599,-29097.8,33263.0,10.3,0.138,146207904,LOCKED
39465,2500.206,-233635925652310,29303,94461,-28955.6,32754.2,10.3,0.134,146312298,LOCKED
39466,2501.207,-233635925774235,-58315,6843,-29121.5,33334.9,10.3,0.136,146279024,LOCKED
39467,2502.207,-233635925768353,-21710,43448,-29164.1,33463.2,10.4,0.138,146376247,LOCKED
39468,2503.206,-233635925763319,12006,77164,-29160.4,33476.0,10.4,0.140,146468108,LOCKED
39469,2504.206,-233635925864057,-54287,10871,-29329.8,33792.4,10.4,0.141,146457113,LOCKED
39470,2505.207,-233635925865183,-22753,42405,-29455.7,33274.1,10.4,0.144,146543679,LOCKED
39471,2506.209,-233635925862889,7890,73048,-29414.4,33223.4,10.3,0.139,146640015,LOCKED
39472,2507.208,-233635925944012,-40381,24777,-29516.2,33587.2,10.2,0.149,146646993,LOCKED
39473,2508.208,-233635925937593,-3239,61919,-29570.1,33381.3,10.2,0.143,146746345,LOCKED
39474,2509.207,-233635925925907,37384,102542,-29601.3,32923.8,10.3,0.145,146850181,LOCKED
39475,2510.210,-233635926026838,-31371,33787,-29675.6,33164.5,10.3,0.149,146838410,LOCKED
39476,2511.207,-233635926023966,-16,65142,-29616.9,32851.2,10.7,0.149,146930451,LOCKED
39477,2512.208,-233635926009677,42720,107878,-29630.6,32646.0,10.6,0.154,147036001,LOCKED
39478,2513.207,-233635926117967,-33102,32056,-29715.0,32891.0,10.7,0.157,147019773,LOCKED
39479,2514.209,-233635926116524,-2275,62883,-29694.9,32839.6,10.7,0.145,147107412,LOCKED
39480,2515.207,-233635926132266,9805,74963,-29619.1,32552.1,10.7,0.148,147190588,LOCKED
39481,2516.208,-233635926196776,-21799,43359,-29744.4,31982.7,10.7,0.131,147279920,LOCKED
39482,2517.208,-233635926209355,-5290,59868,-29703.4,31752.2,10.6,0.116,147289049,LOCKED
39483,2518.208,-233635926217852,16539,81697,-29761.5,31107.5,10.6,0.101,147378890,LOCKED
39484,2519.208,-233635926296369,-29536,35622,-29844.1,31274.0,10.5,0.085,147355548,LOCKED
39485,2520.207,-233635926321872,-23167,41991,-29905.3,31391.7,10.3,0.067,147448840,LOCKED
39486,2521.208,-233635926317997,9968,75126,-29890.1,31420.4,10.2,0.033,147543102,LOCKED
39487,2522.208,-233635926351738,4458,69616,-29815.9,31002.9,10.0,0.008,147634687,LOCKED
39488,2523.208,-233635926412048,-22960,42198,-29928.9,30645.7,9.1,0.021,147612580,LOCKED
39489,2524.208,-233635926421186,-2383,62775,-29914.5,30613.4,8.7,0.029,147711731,LOCKED
39490,2525.208,-233635926417156,28229,93387,-29797.6,30408.1,8.2,0.035,147811355,LOCKED
39491,2526.208,-233635926419226,53729,118887,-29777.6,30738.1,7.7,0.040,147784693,LOCKED
39492,2527.208,-233635926478947,21069,86227,-29679.2,30500.9,8.2,0.022,147926416,LOCKED
39493,2528.208,-233635926480743,44088,109246,-29513.5,30319.8,8.3,0.014,148016891,LOCKED
39494,2529.208,-233635926580661,-24023,34530,-29586.2,30402.5,8.4,0.007,148006089,LOCKED
39495,2530.208,-233635926568998,15387,73940,-29521.4,30332.9,8.4,0.009,148109656,LOCKED
39496,2531.208,-233635926653912,-35699,22854,-29673.7,29921.5,8.2,0.003,148117138,LOCKED
39497,2532.210,-233635926635670,12318,70871,-29699.2,29745.4,8.2,-0.001,148220356,LOCKED
39498,2533.208,-233635926642808,32296,90849,-29626.0,30039.5,8.2,-0.006,148304587,LOCKED
39499,2534.208,-233635926643126,56411,114964,-29464.7,30621.6,8.0,-0.009,148397525,LOCKED
39500,2535.210,-233635926759052,-27569,30984,-29540.7,30774.8,8.0,-0.013,148369693,LOCKED
39501,2536.208,-233635926756386,3918,62471,-29511.9,30732.2,8.0,-0.016,148464202,LOCKED
39502,2537.208,-233635926826657,-33798,24755,-29605.2,30960.9,8.0,-0.020,148486052,LOCKED
39503,2538.209,-233635926842422,-17875,40678,-29677.8,30890.7,8.3,-0.028,148559314,LOCKED
39504,2539.208,-233635926838948,13931,72484,-29634.9,30915.2,8.9,-0.043,148652022,LOCKED
39505,2540.209,-233635926830869,46583,105136,-29463.6,30783.0,8.8,-0.053,148753366,LOCKED
39506,2541.209,-233635926946175,-35515,23038,-29588.5,30777.7,9.0,-0.060,148728373,LOCKED
39507,2542.209,-233635926949749,-8981,49572,-29599.1,30799.3,9.7,-0.070,148816635,LOCKED
39508,2543.209,-233635926954255,15661,74214,-29603.0,30777.0,9.9,-0.073,148901354,LOCKED
39509,2544.209,-233635926947152,50085,108638,-29574.3,31185.4,10.2,-0.076,148995590,LOCKED
39510,2545.211,-233635926961066,61231,119784,-29454.4,32260.3,10.1,-0.075,148965780,LOCKED
39511,2546.209,-233635927067959,-16793,41760,-29397.6,31643.9,10.1,-0.074,149062152,LOCKED
39512,2547.209,-233635927039623,39042,97595,-29369.3,31933.9,9.9,-0.069,149068322,LOCKED
39513,2548.210,-233635927148019,-38596,19957,-29373.2,31982.6,9.9,-0.066,149159024,LOCKED
39514,2549.210,-233635927144912,-4518,54035,-29444.3,31612.7,10.1,-0.066,149256979,LOCKED
39515,2550.209,-233635927143196,25054,83607,-29408.0,31789.8,9.8,-0.059,149348600,LOCKED
39516,2551.209,-233635927148924,44467,103020,-29272.2,32047.6,9.8,-0.057,149434891,LOCKED
39517,2552.210,-233635927276478,-52021,6532,-29273.7,32072.7,9.8,-0.054,149393237,LOCKED
39518,2553.209,-233635927271424,-16303,42250,-29314.9,32134.2,9.8,-0.051,149490363,LOCKED
39519,2554.209,-233635927256329,25314,83867,-29219.8,32077.5,9.9,-0.048,149597285,LOCKED
39520,2555.211,-233635927280888,26005,84558,-29067.9,31203.6,10.1,-0.051,149676232,LOCKED
39521,2556.210,-233635927371006,-32310,26243,-29148.5,31455.6,10.0,-0.047,149663359,LOCKED
39522,2557.210,-233635927360321,5619,64172,-29064.3,30932.5,10.0,-0.042,149786123,LOCKED
39523,2558.210,-233635927441510,-42739,15814,-29178.2,31326.7,9.9,-0.037,149769273,LOCKED
39524,2559.210,-233635927449227,-20271,38282,-29194.0,31410.0,10.1,-0.038,149851063,LOCKED
39525,2560.210,-233635927462926,-6272,52281,-29109.9,30547.3,10.6,-0.029,149936775,LOCKED
39526,2561.210,-233635927529668,-39880,18673,-29241.3,30656.0,10.5,-0.020,150047982,LOCKED
39527,2562.210,-233635927527621,-7907,50646,-29261.9,30670.4,10.6,-0.020,150043040,LOCKED
39528,2563.209,-233635927509951,35489,94042,-29147.1,30779.3,10.8,-0.019,150148586,LOCKED
39529,2564.210,-233635927608861,-30768,27785,-29268.2,30623.1,10.9,-0.017,150141492,LOCKED
39530,2565.213,-233635927599863,7474,66027,-29279.5,30581.6,11.0,-0.035,150242146,LOCKED
39531,2566.210,-233635927585421,47301,105854,-29166.8,31164.0,11.2,-0.054,150348509,LOCKED
39532,2567.210,-233635927672901,-9225,49328,-29239.4,30882.4,11.2,-0.054,150350856,LOCKED
39533,2568.210,-233635927664677,26370,84923,-29191.4,31089.0,11.2,-0.052,150447658,LOCKED
39534,2569.210,-233635927678555,37545,96098,-29050.5,30962.4,11.2,-0.063,150413583,LOCKED
39535,2570.211,-233635927773685,-25855,32698,-29139.2,30979.5,10.9,-0.044,150519348,LOCKED
39536,2571.210,-233635927764246,11740,70293,-29110.4,31014.1,10.9,-0.053,150619236,LOCKED
39537,2572.210,-233635927758372,42060,100613,-28951.1,30831.6,10.8,-0.046,150714894,LOCKED
39538,2573.210,-233635927869134,-36311,22242,-29059.7,31028.5,11.0,-0.048,150693770,LOCKED
39539,2574.211,-233635927857245,4277,62830,-29049.1,31033.0,10.4,-0.061,150794382,LOCKED
39540,2575.212,-233635927852982,34633,93186,-28961.5,31318.0,10.2,-0.069,150888356,LOCKED
39541,2576.212,-233635927876908,37685,96238,-28926.8,31640.3,9.9,-0.076,150840989,LOCKED
39542,2577.211,-233635927940219,3134,61687,-28923.8,31642.5,9.7,-0.081,150978304,LOCKED
39543,2578.211,-233635927943444,26325,84878,-28844.3,31739.2,9.4,-0.085,151064527,LOCKED
39544,2579.211,-233635928060950,-57336,1217,-28994.7,32451.6,9.3,-0.096,151035474,LOCKED
39545,2580.211,-233635928053245,-18330,40223,-29077.6,32308.7,9.2,-0.097,151135639,LOCKED
39546,2581.211,-233635928067181,-3026,55527,-29080.5,32310.8,8.9,-0.098,151214376,LOCKED
39547,2582.212,-233635928067494,24179,82732,-29044.0,32474.1,8.7,-0.106,151300766,LOCKED
39548,2583.211,-233635928176433,-50961,7592,-29192.9,32881.2,8.5,-0.112,151282439,LOCKED
39549,2584.211,-233635928162167,-6411,52142,-29235.8,32800.9,8.2,-0.117,151387248,LOCKED
39550,2585.214,-233635928163701,19450,78003,-29177.7,32854.5,8.3,-0.127,151477574,LOCKED
39551,2586.217,-233635928177959,30720,89273,-29049.5,32613.0,8.4,-0.132,151442095,LOCKED
39552,2587.213,-233635928230854,5900,64453,-29011.4,32552.1,8.4,-0.135,151594008,LOCKED
39553,2588.211,-233635928235404,26909,85462,-28886.5,32198.5,8.5,-0.138,151566891,LOCKED
39554,2589.211,-233635928324570,-30445,28108,-28979.6,32316.8,8.0,-0.134,151677453,LOCKED
39555,2590.211,-233635928328827,-5862,52691,-28963.0,32259.4,8.0,-0.135,151762485,LOCKED
39556,2591.212,-233635928355569,-2079,56474,-29036.3,31805.6,8.2,-0.129,151849951,LOCKED
39557,2592.212,-233635928428874,-43489,15064,-29104.4,32343.0,8.2,-0.130,151845709,LOCKED
39558,2593.211,-233635928463657,-46818,11735,-29141.9,32780.7,8.1,-0.127,151932199,LOCKED
39559,2594.211,-233635928505142,-57126,1427,-29146.8,32867.8,8.0,-0.124,151925974,LOCKED
39560,2595.215,-233635928509944,-29626,28927,-29252.5,32849.8,7.9,-0.121,152028166,LOCKED
39561,2596.212,-233635928499870,9135,67688,-29239.9,32872.1,8.3,-0.123,152129940,LOCKED
39562,2597.212,-233635928558963,-17944,40609,-29346.5,32445.6,8.3,-0.124,152161705,LOCKED
39563,2598.212,-233635928552696,17615,76168,-29373.2,32226.5,8.8,-0.128,152261911,LOCKED
39564,2599.212,-233635928653223,-50002,8551,-29463.7,32933.3,8.9,-0.131,152249345,LOCKED
39565,2600.212,-233635928634752,-3066,55487,-29409.5,32610.9,8.9,-0.133,152360751,LOCKED
39566,2601.214,-233635928634050,26942,85495,-29449.3,32115.4,9.0,-0.136,152451551,LOCKED
39567,2602.212,-233635928738588,-44140,14413,-29572.8,32474.7,8.9,-0.143,152437868,LOCKED
39568,2603.213,-233635928706054,16951,75504,-29551.1,32550.1,8.9,-0.146,152562391,LOCKED
39569,2604.212,-233635928695776,52010,110563,-29403.2,33016.8,9.3,-0.149,152549886,LOCKED
39570,2605.215,-233635928789551,-13289,45264,-29335.5,32305.4,9.3,-0.145,152657387,LOCKED
39571,2606.212,-233635928784260,20700,79253,-29338.6,32283.3,9.3,-0.140,152753486,LOCKED
39572,2607.213,-233635928852592,-18249,40304,-29310.4,32040.3,9.3,-0.134,152775970,LOCKED
39573,2608.212,-233635928843581,20200,78753,-29350.3,31623.3,9.0,-0.120,152871851,LOCKED
39574,2609.213,-233635928851087,39736,98289,-29303.1,32033.3,9.0,-0.121,152845138,LOCKED
39575,2610.212,-233635928937573,-16937,41616,-29299.9,32014.7,9.3,-0.112,152958786,LOCKED
39576,2611.213,-233635928957342,-8358,50195,-29239.1,31497.6,9.2,-0.102,153030809,LOCKED
39577,2612.212,-233635928949472,28635,87188,-29281.2,30922.4,9.1,-0.090,153127495,LOCKED
39578,2613.212,-233635929058374,-46974,11579,-29400.2,31445.6,9.0,-0.077,153110271,LOCKED
39579,2614.213,-233635929045908,-5458,53095,-29373.9,31331.4,9.0,-0.074,153209591,LOCKED
39580,2615.213,-233635929032030,34453,93006,-29267.0,31473.6,9.1,-0.070,153315529,LOCKED
39581,2616.213,-233635929059908,34554,93107,-29261.2,31536.8,9.2,-0.046,153266497,LOCKED
39582,2617.212,-233635929111820,10871,69424,-29228.6,31553.9,9.1,-0.048,153416494,LOCKED
39583,2618.213,-233635929102149,47978,106531,-29220.4,31678.3,8.8,-0.029,153405929,LOCKED
39584,2619.213,-233635929196710,-15464,43089,-29288.0,31592.4,9.3,-0.056,153511323,LOCKED
39585,2620.213,-233635929180638,28275,86828,-29255.4,31797.7,9.3,-0.080,153620123,LOCKED
39586,2621.213,-233635929295339,-51892,6661,-29428.5,31942.5,9.2,-0.072,153595306,LOCKED
39587,2622.214,-233635929292241,-17425,41128,-29494.9,31909.3,9.3,-0.078,153685146,LOCKED
39588,2623.212,-233635929289187,13319,71872,-29428.3,31784.5,9.3,-0.083,153783313,LOCKED
39589,2624.213,-233635929291285,39426,97979,-29433.9,31708.3,9.4,-0.088,153759501,LOCKED
39590,2625.218,-233635929387003,-24919,33634,-29487.7,31878.7,9.4,-0.088,153866856,LOCKED
39591,2626.213,-233635929377224,12185,70738,-29401.7,31526.2,9.3,-0.087,153963606,LOCKED
39592,2627.217,-233635929475004,-51933,6620,-29524.6,32210.7,9.3,-0.096,153954914,LOCKED
39593,2628.214,-233635929480537,-26673,31880,-29542.6,32336.8,9.2,-0.106,154041197,LOCKED
39594,2629.213,-233635929483678,-1330,57223,-29488.3,32038.4,9.1,-0.103,154125235,LOCKED
39595,2630.213,-233635929507851,4764,63317,-29534.5,31764.7,9.0,-0.101,154210762,LOCKED
39596,2631.213,-233635929571877,-27989,30564,-29573.4,31981.4,8.9,-0.098,154199819,LOCKED
39597,2632.214,-233635929623847,-48465,10088,-29587.0,32180.7,8.7,-0.096,154289241,LOCKED
39598,2633.213,-233635929576813,27638,86191,-29607.6,31954.3,8.8,-0.085,154401043,LOCKED
39599,2634.214,-233635929669547,-33193,25360,-29665.2,32270.6,8.8,-0.083,154398434,LOCKED
39600,2635.215,-233635929643252,20183,78736,-29571.7,32072.8,9.4,-0.067,154511093,LOCKED
39601,2636.214,-233635929661791,27792,86345,-29449.7,31791.4,9.3,-0.065,154590804,LOCKED
39602,2637.214,-233635929733083,-13531,45022,-29452.7,31803.9,9.2,-0.063,154605531,LOCKED
39603,2638.214,-233635929744843,2611,61164,-29380.7,31375.5,9.0,-0.061,154685615,LOCKED
39604,2639.214,-233635929739368,36596,95149,-29398.9,31120.0,9.1,-0.053,154669074,LOCKED
39605,2640.214,-233635929845090,-36750,21803,-29484.1,31476.7,9.7,-0.042,154763405,LOCKED
39606,2641.214,-233635929854239,-15401,43152,-29508.3,31545.3,9.6,-0.040,154845593,LOCKED
39607,2642.215,-233635929851140,15075,73628,-29428.6,31341.8,9.6,-0.033,154938793,LOCKED
39608,2643.214,-233635929853894,40585,99138,-29439.0,31189.8,9.8,-0.028,155025119,LOCKED
39609,2644.215,-233635929969988,-42921,15632,-29522.3,31723.5,9.9,-0.024,155001865,LOCKED
39610,2645.214,-233635929960914,-4762,53791,-29492.9,31594.9,10.1,-0.020,155100933,LOCKED
39611,2646.215,-233635929957080,25437,83990,-29381.4,31358.9,10.0,-0.020,155194912,LOCKED
39612,2647.214,-233635930029576,-17133,41420,-29379.6,31348.2,10.0,-0.020,155212407,LOCKED
39613,2648.214,-233635930017084,21675,80228,-29265.1,30923.3,10.5,-0.015,155314696,LOCKED
39614,2649.216,-233635930028426,37438,94774,-29221.3,31292.8,10.9,-0.010,155284228,LOCKED
39615,2650.215,-233635930127140,-30403,26933,-29251.8,31514.7,11.2,-0.002,155385429,LOCKED
39616,2651.215,-233635930105330,18805,76141,-29192.0,31549.6,11.6,0.002,155499968,LOCKED
39617,2652.215,-233635930196473,-39438,17898,-29308.6,31789.1,11.2,0.009,155496647,LOCKED
39618,2653.214,-233635930191395,-3529,53807,-29377.6,31418.2,11.3,0.010,155593394,LOCKED
39619,2654.215,-233635930182924,33773,91109,-29407.1,31000.1,11.6,0.017,155690829,LOCKED
39620,2655.216,-233635930296270,-45961,11375,-29537.2,31388.4,11.9,0.024,155668478,LOCKED
39621,2656.214,-233635930287400,-7321,50015,-29536.5,31386.5,12.1,0.031,155767319,LOCKED
39622,2657.215,-233635930357080,-43660,13676,-29650.8,31807.4,12.0,0.025,155783835,LOCKED
39623,2658.215,-233635930377232,-32318,25018,-29687.6,32071.9,12.0,0.031,155859759,LOCKED
39624,2659.215,-233635930362382,13421,70757,-29769.0,31077.6,11.9,0.023,155962890,LOCKED
39625,2660.215,-233635930359539,43550,100886,-29719.5,31566.8,12.2,0.022,156056005,LOCKED
39626,2661.215,-233635930365006,62874,120210,-29582.0,32632.5,12.3,0.020,156033876,LOCKED
39627,2662.215,-233635930454740,4413,61749,-29672.5,31738.4,12.3,0.017,156143579,LOCKED
39628,2663.215,-233635930477133,10851,68187,-29649.2,31770.9,12.6,0.013,156235798,LOCKED
39629,2664.215,-233635930552215,-33763,23573,-29633.2,31566.7,12.8,0.008,156223552,LOCKED
39630,2665.215,-233635930584315,-33225,24111,-29725.5,31777.9,12.7,-0.005,156320226,LOCKED
39631,2666.216,-233635930544067,33924,91260,-29643.2,32061.4,12.7,-0.012,156415459,LOCKED
39632,2667.216,-233635930599619,8279,65615,-29670.0,31921.3,12.7,-0.019,156450249,LOCKED
39633,2668.217,-233635930587141,46689,104025,-29563.9,32490.9,12.7,-0.028,156553812,LOCKED
39634,2669.217,-233635930693062,-29022,28314,-29547.4,32309.5,12.7,-0.022,156540100,LOCKED
39635,2670.216,-233635930702336,-7618,49718,-29590.2,32245.1,12.7,-0.019,156621808,LOCKED
39636,2671.216,-233635930702861,20334,77670,-29569.4,32342.8,12.4,-0.046,156714329,LOCKED
39637,2672.216,-233635930698986,49310,106646,-29431.9,32791.0,12.4,-0.045,156803969,LOCKED
39638,2673.215,-233635930824125,-41828,15508,-29586.8,32673.2,12.3,-0.060,156772914,LOCKED
39639,2674.216,-233635930816223,-3749,53587,-29609.6,32653.1,12.3,-0.076,156866618,LOCKED
39640,2675.217,-233635930805593,33002,90338,-29493.0,32644.2,12.1,-0.095,156970537,LOCKED
39641,2676.216,-233635930812938,50277,107613,-29337.2,32936.1,12.0,-0.117,156943356,LOCKED
39642,2677.216,-233635930879210,11791,69127,-29280.6,32857.3,11.3,-0.164,157078197,LOCKED
39643,2678.216,-233635930882575,33211,90547,-29114.9,32103.8,11.1,-0.157,157164529,LOCKED
39644,2679.216,-233635930989472,-41716,15620,-29185.8,32599.3,11.0,-0.154,157147360,LOCKED
39645,2680.216,-233635930989762,-13492,43844,-29130.2,32069.6,10.4,-0.148,157238523,LOCKED
39646,2681.216,-233635930991672,14094,71430,-29171.7,31715.0,10.1,-0.146,157326400,LOCKED
39647,2682.217,-233635930995813,36834,94170,-29120.5,32090.5,9.8,-0.144,157300846,LOCKED
39648,2683.216,-233635931096916,-33708,23628,-29135.1,32231.9,9.6,-0.151,157402697,LOCKED
39649,2684.216,-233635931097278,-6379,50957,-29053.4,31431.5,9.4,-0.159,157487943,LOCKED
39650,2685.220,-233635931088803,29466,86802,-29019.8,31654.6,9.1,-0.159,157590103,LOCKED
39651,2686.217,-233635931209561,-59186,0,-29072.9,32422.6,9.2,-0.166,157559105,LOCKED
39652,2687.219,-233635931203669,-21315,37871,-29180.3,32096.8,9.5,-0.193,157656506,LOCKED
39653,2688.217,-233635931208397,3594,62780,-29208.7,31987.5,9.9,-0.205,157741436,LOCKED
39654,2689.217,-233635931209951,29050,88236,-29149.0,32222.7,10.9,-0.222,157829705,LOCKED
39655,2690.217,-233635931219258,45334,104520,-29049.6,32769.2,11.2,-0.232,157798147,LOCKED
39656,2691.217,-233635931320059,-23992,35194,-29128.9,32804.5,11.5,-0.242,157901195,LOCKED
39657,2692.217,-233635931318537,7772,66958,-29196.6,32211.4,11.9,-0.250,157990982,LOCKED
39658,2693.217,-233635931326574,26153,85339,-29103.6,32200.1,12.1,-0.258,158083185,LOCKED
39659,2694.218,-233635931426400,-40540,18646,-29234.1,32340.8,12.3,-0.262,158064847,LOCKED
39660,2695.218,-233635931460934,-43452,15734,-29279.1,32785.7,12.3,-0.267,158152455,LOCKED
39661,2696.217,-233635931426687,17828,77014,-29198.4,32650.8,12.5,-0.274,158251235,LOCKED
39662,2697.217,-233635931505963,-29777,29409,-29270.4,32864.6,12.8,-0.282,158254815,LOCKED
39663,2698.217,-233635931532332,-25274,33912,-29307.0,33038.0,12.8,-0.283,158357681,LOCKED
39664,2699.219,-233635931492057,40140,99326,-29168.9,33072.3,12.9,-0.283,158338455,LOCKED
39665,2700.218,-233635931575803,-12369,46817,-29250.0,32794.1,13.1,-0.290,158454825,LOCKED
39666,2701.218,-233635931562548,28728,87914,-29228.7,32948.7,13.1,-0.288,158559648,LOCKED
39667,2702.218,-233635931668080,-45003,14183,-29280.1,33443.3,13.4,-0.291,158544954,LOCKED
39668,2703.220,-233635931658232,-6882,52304,-29219.2,32974.6,13.4,-0.291,158642549,LOCKED
39669,2704.218,-233635931652377,27778,86964,-29245.1,32682.5,13.5,-0.291,158740300,LOCKED
39670,2705.218,-233635931668087,38834,98020,-29187.9,33094.4,13.5,-0.291,158701868,LOCKED
39671,2706.219,-233635931765840,-28723,30463,-29189.6,33109.6,13.5,-0.296,158806154,LOCKED
39672,2707.217,-233635931736944,27941,87127,-29166.3,33266.9,13.4,-0.289,158812693,LOCKED
39673,2708.219,-233635931841725,-45473,13713,-29198.7,33636.1,13.4,-0.282,158909852,LOCKED
39674,2709.218,-233635931841458,-16470,42716,-29148.5,33149.3,13.2,-0.274,158999405,LOCKED
39675,2710.218,-233635931828983,24248,83434,-29144.4,33179.2,13.1,-0.264,159099662,LOCKED
39676,2711.218,-233635931846741,32371,91557,-29037.9,33246.5,13.1,-0.270,159064530,LOCKED
39677,2712.219,-233635931949660,-37791,21395,-29157.8,33382.7,13.1,-0.268,159162491,LOCKED
39678,2713.217,-233635931932977,7521,66707,-29144.3,33398.3,12.9,-0.257,159266650,LOCKED
39679,2714.218,-233635931930286,35528,94714,-29015.3,33346.8,12.8,-0.244,159358138,LOCKED
39680,2715.219,-233635932036637,-37677,21509,-29155.6,33243.1,12.8,-0.232,159345418,LOCKED
39681,2716.219,-233635932027346,1007,60193,-29168.9,33222.8,12.8,-0.226,159444147,LOCKED
39682,2717.220,-233635932096267,-34569,24617,-29316.7,32867.2,12.8,-0.222,159465062,LOCKED
39683,2718.219,-233635932094039,-1321,57865,-29398.3,32289.1,12.8,-0.217,159555012,LOCKED
39684,2719.218,-233635932079981,39534,98720,-29336.2,32727.5,12.6,-0.198,159659065,LOCKED
39685,2720.219,-233635932185955,-35662,23524,-29347.7,32846.3,12.8,-0.153,159641127,LOCKED
39686,2721.219,-233635932185245,-7033,52153,-29265.7,32038.6,13.0,-0.115,159734639,LOCKED
39687,2722.219,-233635932176575,29000,88186,-29220.5,32276.8,12.6,-0.083,159833207,LOCKED
39688,2723.218,-233635932281894,-44183,15003,-29290.2,32824.2,12.2,-0.033,159820604,LOCKED
39689,2724.219,-233635932274003,-5126,54060,-29373.9,32317.3,12.2,-0.014,159915194,LOCKED
39690,2725.220,-233635932266565,31242,90428,-29404.2,31922.3,12.0,0.023,160011536,LOCKED
39691,2726.219,-233635932270835,52080,111266,-29279.7,32595.5,11.6,0.064,159989215,LOCKED
39692,2727.219,-233635932347906,4150,63336,-29279.8,32595.4,11.0,0.113,160114294,LOCKED
39693,2728.219,-233635932361059,17712,76898,-29183.2,32286.8,10.8,0.109,160187824,LOCKED
39694,2729.219,-233635932366976,39516,98702,-29177.2,32360.6,10.5,0.094,160165083,LOCKED
39695,2730.219,-233635932459339,-21554,37632,-29245.3,32407.7,10.7,0.108,160271566,LOCKED
39696,2731.219,-233635932468627,-1808,57378,-29231.9,32383.2,10.4,0.096,160356961,LOCKED
39697,2732.220,-233635932459386,32843,92029,-29098.6,32159.3,10.4,0.098,160451647,LOCKED
39698,2733.221,-233635932479423,40803,99989,-29112.5,31955.6,10.3,0.100,160416304,LOCKED
39699,2734.220,-233635932571009,-19807,39379,-29171.2,32015.1,10.3,0.103,160522454,LOCKED
39700,2735.222,-233635932597399,-16736,42450,-29157.5,31922.6,10.3,0.105,160610370,LOCKED
39701,2736.221,-233635932674313,-61879,0,-29182.9,32375.5,10.2,0.107,160598806,LOCKED
39702,2737.220,-233635932664645,-21912,39967,-29201.2,32474.8,10.2,0.110,160724777,LOCKED
39703,2738.222,-233635932636550,31840,93719,-29080.0,32367.8,10.1,0.112,160818156,LOCKED
39704,2739.221,-233635932760275,-57494,4385,-29245.3,32918.9,10.0,0.115,160785190,LOCKED
39705,2740.222,-233635932752197,-18444,43435,-29299.5,32970.6,10.0,0.118,160881731,LOCKED
39706,2741.221,-233635932793295,-28723,33156,-29326.4,33150.6,10.0,0.115,160962159,LOCKED
39707,2742.223,-233635932844618,-48705,13174,-29344.3,33397.1,10.0,0.117,161070313,LOCKED
39708,2743.220,-233635932844379,-16801,45078,-29430.4,33186.1,10.0,0.119,161065058,LOCKED
39709,2744.221,-233635932828937,26449,88328,-29394.7,33369.6,9.9,0.122,161168422,LOCKED
39710,2745.223,-233635932918851,-32931,28948,-29395.8,33381.0,9.9,0.123,161167569,LOCKED
39711,2746.221,-233635932910769,6184,68063,-29486.6,32449.7,9.8,0.122,161268521,LOCKED
39712,2747.223,-233635932986453,-36531,25348,-29597.0,32629.9,9.6,0.121,161280779,LOCKED
39713,2748.222,-233635932977818,1747,63626,-29602.2,32624.5,9.5,0.119,161380516,LOCKED
39714,2749.222,-233635932972347,33657,95536,-29502.7,32793.6,8.9,0.110,161480198,LOCKED
39715,2750.222,-233635933082054,-45057,16822,-29500.9,32767.2,8.7,0.108,161460834,LOCKED
39716,2751.222,-233635933076955,-8990,52889,-29558.1,32632.8,8.5,0.102,161550864,LOCKED
39717,2752.222,-233635933078502,17601,79480,-29517.6,32711.6,8.3,0.098,161644560,LOCKED
39718,2753.222,-233635933080039,41684,103563,-29395.4,32979.4,8.1,0.091,161622163,LOCKED
39719,2754.222,-233635933155818,-3094,58785,-29469.2,32554.0,7.8,0.086,161749617,LOCKED
39720,2755.222,-233635933141751,39376,101255,-29482.4,32369.9,7.8,0.085,161849505,LOCKED
39721,2756.223,-233635933163421,43620,105499,-29379.6,32844.5,7.5,0.079,161811858,LOCKED
39722,2757.222,-233635933207732,27900,89779,-29387.4,32769.7,7.2,0.072,161965786,LOCKED
39723,2758.223,-233635933312862,-43713,18166,-29517.6,33043.5,7.2,0.070,161949466,LOCKED
39724,2759.223,-233635933306596,-8599,53280,-29470.3,32709.7,6.8,0.062,162048627,LOCKED
39725,2760.222,-233635933290851,34787,96666,-29438.4,32972.5,6.4,0.052,162156567,LOCKED
39726,2761.223,-233635933410192,-52406,9473,-29484.3,33543.2,6.3,0.055,162128154,LOCKED
39727,2762.223,-233635933413758,-23103,38776,-29612.2,33002.0,5.8,0.044,162212549,LOCKED
39728,2763.223,-233635933408272,11705,73584,-29617.4,32980.0,5.8,0.039,162310101,LOCKED
39729,2764.223,-233635933404997,41025,102904,-29510.1,33334.9,5.7,0.034,162403631,LOCKED
39730,2765.223,-233635933514339,-37511,24368,-29511.3,33348.7,5.6,0.028,162384448,LOCKED
39731,2766.224,-233635933508249,-780,61099,-29565.6,33096.1,5.5,0.021,162476484,LOCKED
39732,2767.223,-233635933587169,-47746,14133,-29603.5,33537.6,5.4,0.013,162491621,LOCKED
39733,2768.224,-233635933609537,-36246,25633,-29752.8,33239.9,5.2,0.004,162559413,LOCKED
39734,2769.223,-233635933609887,-5612,56267,-29803.9,33094.1,5.2,0.005,162647208,LOCKED
39735,2770.223,-233635933614805,17458,79337,-29743.8,33099.9,5.2,0.007,162733727,LOCKED
39736,2771.223,-233635933632278,26774,88653,-29643.1,33038.0,5.2,-0.021,162806620,LOCKED
39737,2772.223,-233635933629433,56727,118606,-29613.0,33496.4,5.3,-0.032,162791669,LOCKED
39738,2773.223,-233635933729351,-12896,48983,-29625.0,33532.2,5.4,-0.042,162893057,LOCKED
39739,2774.223,-233635933736549,7635,69514,-29544.5,33142.7,5.1,-0.051,162992601,LOCKED
39740,2775.225,-233635933814458,-36895,24984,-29671.6,33169.2,5.0,-0.046,162985454,LOCKED
39741,2776.224,-233635933821077,-12929,48950,-29695.0,33215.6,4.7,-0.057,163070911,LOCKED
39742,2777.223,-233635933871352,-29992,31887,-29817.9,33017.9,5.2,-0.080,163090551,LOCKED
39743,2778.224,-233635933885634,-13119,48760,-29861.8,33026.2,5.2,-0.091,163191075,LOCKED
39744,2779.223,-233635933887399,12981,74860,-29785.2,32809.6,5.2,-0.105,163282378,LOCKED
39745,2780.224,-233635933870149,57544,119423,-29759.6,33220.3,5.3,-0.097,163384729,LOCKED
39746,2781.224,-233635933974490,-15484,46395,-29810.2,33237.3,5.3,-0.101,163370601,LOCKED
39747,2782.224,-233635933966209,20349,82228,-29733.0,33197.2,5.2,-0.103,163467164,LOCKED
39748,2783.224,-233635933964127,50425,112304,-29731.6,33220.5,5.2,-0.106,163450595,LOCKED
39749,2784.225,-233635934046013,-1163,60716,-29757.5,33169.4,5.2,-0.109,163570105,LOCKED
39750,2785.226,-233635934037958,33513,95392,-29659.1,33339.3,5.1,-0.112,163666434,LOCKED
39751,2786.225,-233635934044100,51630,113509,-29479.6,33364.2,5.1,-0.112,163641607,LOCKED
39752,2787.225,-233635934097165,25936,87815,-29419.2,33529.6,5.5,-0.122,163791247,LOCKED
39753,2788.224,-233635934103557,44902,106781,-29294.3,33891.7,5.5,-0.124,163871691,LOCKED
39754,2789.225,-233635934118718,53426,115305,-29107.5,33900.6,5.4,-0.125,163837409,LOCKED
39755,2790.224,-233635934223988,-21107,40772,-29152.4,34016.0,5.3,-0.127,163933040,LOCKED
39756,2791.225,-233635934225553,5584,67463,-29117.6,33969.3,4.9,-0.127,164023940,LOCKED
39757,2792.225,-233635934221075,34838,96717,-28962.2,33509.7,4.8,-0.129,164123114,LOCKED
39758,2793.226,-233635934327981,-42560,19319,-28918.1,32737.3,4.8,-0.130,164103831,LOCKED
39759,2794.225,-233635934330702,-15574,46305,-28930.9,32786.4,4.8,-0.130,164187416,LOCKED
39760,2795.227,-233635934329592,13166,75045,-28888.9,32802.4,4.8,-0.131,164283927,LOCKED
39761,2796.225,-233635934434130,-57220,4659,-29052.4,33353.7,4.7,-0.131,164265873,LOCKED
39762,2797.224,-233635934361234,41881,103760,-28982.1,33834.2,4.7,-0.131,164427156,LOCKED
39763,2798.225,-233635934388031,39313,101192,-28813.9,33378.7,4.7,-0.131,164381091,LOCKED
39764,2799.225,-233635934500564,-40420,21459,-28942.6,33529.7,4.7,-0.131,164469222,LOCKED
39765,2800.225,-233635934489103,-27,61852,-28942.0,33529.7,5.0,-0.135,164567868,LOCKED
39766,2801.225,-233635934494589,22299,84178,-28923.6,33628.0,5.3,-0.137,164652960,LOCKED
39767,2802.225,-233635934503734,40482,102361,-28912.6,33756.0,5.2,-0.140,164624300,LOCKED
39768,2803.225,-233635934611465,-35643,26236,-28985.7,34091.5,5.5,-0.142,164718202,LOCKED
39769,2804.226,-233635934598198,4955,66834,-28912.6,33731.3,5.8,-0.144,164820923,LOCKED
39770,2805.225,-233635934596351,34110,95989,-28890.5,33922.0,5.8,-0.143,164911359,LOCKED
39771,2806.225,-233635934709469,-47363,14516,-28947.0,34465.0,5.8,-0.142,164884621,LOCKED
39772,2807.225,-233635934668368,22284,84163,-28964.4,34319.8,5.8,-0.141,165018138,LOCKED
39773,2808.225,-233635934689769,27775,89654,-28908.8,34522.3,5.7,-0.139,164977317,LOCKED
39774,2809.226,-233635934793335,-45153,16726,-28918.6,34648.3,5.7,-0.138,165075480,LOCKED
39775,2810.226,-233635934790045,-10767,51112,-29007.7,34249.6,5.6,-0.142,165167159,LOCKED
39776,2811.226,-233635934812811,-3926,57953,-29030.6,34231.3,5.9,-0.141,165261490,LOCKED
39777,2812.227,-233635934879720,-39672,22207,-29069.4,34570.3,5.8,-0.145,165257598,LOCKED
39778,2813.225,-233635934918099,-47294,14585,-29073.5,34628.7,6.1,-0.144,165353831,LOCKED
39779,2814.226,-233635934870441,27535,89414,-29025.9,34830.0,6.3,-0.149,165334762,LOCKED
39780,2815.227,-233635934959155,-31519,30360,-29004.5,34586.6,6.5,-0.146,165443834,LOCKED
39781,2816.226,-233635934962821,-7543,54336,-28924.9,33846.5,6.8,-0.143,165539630,LOCKED
39782,2817.227,-233635935027336,-41695,20184,-28926.2,33862.6,7.0,-0.139,165557610,LOCKED
39783,2818.226,-233635935023898,-7595,54284,-28998.9,33564.8,7.7,-0.133,165654661,LOCKED
39784,2819.225,-233635935009478,33535,95414,-28942.2,33871.9,7.7,-0.129,165759740,LOCKED
39785,2820.226,-233635935142773,-67698,0,-28982.8,34571.4,8.4,-0.120,165717445,LOCKED
39786,2821.226,-233635935134329,-26800,40898,-29108.8,34218.7,8.5,-0.111,165813323,LOCKED
39787,2822.226,-233635935120607,15777,83475,-29122.6,34135.0,8.6,-0.100,165920576,LOCKED
39788,2823.226,-233635935120761,41507,109205,-29032.5,34571.2,8.7,-0.087,165898193,LOCKED
39789,2824.227,-233635935216042,-24611,43087,-28997.9,34206.2,8.7,-0.063,166003785,LOCKED
39790,2825.230,-233635935210423,10481,78179,-29038.8,33927.0,8.6,-0.041,166097886,LOCKED
39791,2826.227,-233635935222133,26022,93720,-28994.3,34110.4,8.5,-0.020,166065643,LOCKED
39792,2827.227,-233635935288013,-8501,59197,-29096.3,33456.7,8.4,-0.014,166201603,LOCKED
39793,2828.227,-233635935295562,13755,81453,-29154.0,32903.1,8.2,-0.006,166284519,LOCKED
39794,2829.226,-233635935299715,36924,104622,-29125.5,33164.6,8.0,0.019,166258080,LOCKED
39795,2830.227,-233635935400606,-32690,35008,-29176.8,33457.1,7.7,0.034,166358129,LOCKED
39796,2831.227,-233635935404172,-7093,60605,-29164.3,33415.3,7.9,0.039,166446199,LOCKED
39797,2832.227,-233635935404868,18421,86119,-29049.7,32896.7,7.9,0.040,166535270,LOCKED
39798,2833.226,-233635935523187,-65575,2123,-29199.8,33972.2,8.0,0.028,166505610,LOCKED
39799,2834.227,-233635935496513,-9013,58685,-29218.6,33993.5,7.8,0.019,166620756,LOCKED
39800,2835.228,-233635935502654,14845,82543,-29281.7,33345.6,7.7,0.022,166705508,LOCKED
39801,2836.227,-233635935509616,35788,103486,-29273.7,33430.5,7.4,0.023,166677332,LOCKED
39802,2837.227,-233635935571871,4394,72092,-29359.1,32649.3,7.4,0.026,166816146,LOCKED
39803,2838.228,-233635935572644,32220,99918,-29375.4,32454.3,7.5,0.021,166905179,LOCKED
39804,2839.227,-233635935687994,-49736,17962,-29490.1,33081.1,7.4,0.023,166880801,LOCKED
39805,2840.228,-233635935677743,-10285,57413,-29458.7,32888.5,7.1,0.025,166983984,LOCKED
39806,2841.227,-233635935673029,23838,91536,-29496.0,32475.1,7.1,0.028,167075823,LOCKED
39807,2842.227,-233635935691167,33227,100925,-29454.6,32761.1,7.1,0.030,167036639,LOCKED
39808,2843.228,-233635935801549,-45347,22351,-29494.7,33195.1,7.9,0.044,167129546,LOCKED
39809,2844.227,-233635935788237,-1375,66323,-29549.7,32944.7,7.9,0.046,167231407,LOCKED
39810,2845.228,-233635935819964,-3504,64194,-29546.3,32939.8,7.9,0.048,167305350,LOCKED
39811,2846.228,-233635935889346,-41492,26206,-29568.0,33183.2,8.1,0.053,167286149,LOCKED
39812,2847.229,-233635935907753,-28565,39133,-29607.2,33398.6,8.1,0.055,167419764,LOCKED
39813,2848.228,-233635935863127,41738,109436,-29483.5,33649.5,8.0,0.056,167522307,LOCKED
39814,2849.228,-233635935989476,-53096,14602,-29494.9,33826.0,8.0,0.058,167488141,LOCKED
39815,2850.228,-233635936009851,-40190,27508,-29614.1,34054.8,8.0,0.060,167580277,LOCKED
39816,2851.228,-233635935972115,25498,93196,-29574.8,34227.7,8.1,0.059,167682611,LOCKED
39817,2852.228,-233635936001882,22606,90304,-29479.8,34095.7,8.0,0.061,167769728,LOCKED
39818,2853.228,-233635936082951,-25672,42026,-29599.8,33777.1,8.2,0.067,167755283,LOCKED
39819,2854.228,-233635936115932,-26504,41194,-29681.0,33861.6,8.2,0.069,167838850,LOCKED
39820,2855.229,-233635936065043,50262,117960,-29577.7,34522.7,8.2,0.072,167954603,LOCKED
39821,2856.230,-233635936182192,-32753,34945,-29747.2,33708.7,8.1,0.074,167926740,LOCKED
39822,2857.228,-233635936129712,45153,112851,-29609.9,33965.4,8.1,0.077,168071234,LOCKED
39823,2858.228,-233635936243777,-38075,29623,-29606.8,33927.8,8.1,0.080,168055151,LOCKED
39824,2859.228,-233635936222771,13112,80810,-29656.9,33500.1,8.1,0.077,168160802,LOCKED
39825,2860.229,-233635936224854,38139,105837,-29595.2,33895.7,8.3,0.077,168137839,LOCKED
39826,2861.229,-233635936324426,-30510,37188,-29609.7,34013.6,8.3,0.080,168238722,LOCKED
39827,2862.228,-233635936301960,18723,86421,-29501.1,33599.9,8.3,0.078,168352253,LOCKED
39828,2863.228,-233635936404446,-49689,18009,-29643.2,34005.4,8.3,0.075,168336907,LOCKED
39829,2864.229,-233635936391156,-6570,61128,-29641.3,34001.4,8.3,0.079,168444098,LOCKED
39830,2865.230,-233635936375671,34736,102434,-29511.3,33907.5,8.3,0.083,168548899,LOCKED
39831,2866.229,-233635936483820,-39706,27992,-29651.5,33896.1,8.3,0.088,168538919,LOCKED
39832,2867.229,-233635936451269,20156,87854,-29570.0,33818.3,8.2,0.094,168654387,LOCKED
39833,2868.230,-233635936455428,41370,109068,-29432.6,33911.0,8.2,0.099,168741527,LOCKED
39834,2869.229,-233635936562378,-32695,35003,-29547.9,33904.5,8.1,0.107,168724602,LOCKED
39835,2870.229,-233635936548905,9777,77475,-29537.2,33926.8,8.5,0.108,168826910,LOCKED
39836,2871.228,-233635936553356,32490,100188,-29474.6,34209.8,8.7,0.121,168922973,LOCKED
39837,2872.230,-233635936657494,-38335,29363,-29599.5,34314.4,8.7,0.122,168907870,LOCKED
39838,2873.229,-233635936647199,2969,70667,-29673.7,33760.7,9.0,0.126,169009089,LOCKED
39839,2874.230,-233635936633694,42181,109879,-29549.0,34016.3,9.3,0.132,169111854,LOCKED
39840,2875.228,-233635936655172,47873,115571,-29511.8,34442.1,10.0,0.085,169071627,LOCKED
39841,2876.230,-233635936780134,-44451,23247,-29591.4,34966.8,10.1,0.063,169151009,LOCKED
39842,2877.229,-233635936736013,28610,96308,-29607.1,34810.5,10.0,0.030,169283148,LOCKED
39843,2878.230,-233635936852801,-54559,13139,-29713.4,35580.6,10.0,0.027,169253564,LOCKED
39844,2879.229,-233635936848311,-20221,47477,-29686.3,35356.1,10.1,-0.021,169350208,LOCKED
39845,2880.230,-233635936836643,21965,89663,-29763.9,34324.8,10.0,-0.024,169453212,LOCKED
39846,2881.229,-233635936850766,36220,103918,-29756.1,34405.7,10.0,-0.044,169528292,LOCKED
39847,2882.230,-233635936954516,-35677,32021,-29799.8,34714.3,9.9,-0.068,169515920,LOCKED
39848,2883.230,-233635936938430,8215,75913,-29715.4,34307.2,9.8,-0.073,169621266,LOCKED
39849,2884.229,-233635936938088,36537,104235,-29691.0,34527.9,9.8,-0.077,169718963,LOCKED
39850,2885.231,-233635937050214,-43327,24371,-29745.1,34984.9,9.8,-0.080,169691988,LOCKED
39851,2886.233,-233635937043956,-7841,59857,-29706.7,34766.5,9.7,-0.081,169790424,LOCKED
39852,2887.229,-233635937012832,49697,117395,-29627.6,35410.0,9.7,-0.082,169799884,LOCKED
39853,2888.230,-233635937122601,-29096,38602,-29645.4,35536.8,9.7,-0.084,169896499,LOCKED
39854,2889.230,-233635937113470,7560,75258,-29553.7,35029.3,9.7,-0.085,169993687,LOCKED
39855,2890.230,-233635937104428,43929,111627,-29517.5,35393.1,9.4,-0.086,170091944,LOCKED
39856,2891.230,-233635937221126,-40527,27171,-29583.9,35816.6,9.3,-0.087,170069212,LOCKED
39857,2892.230,-233635937212084,-2787,64911,-29535.6,35581.8,9.5,-0.095,170167274,LOCKED
39858,2893.229,-233635937249651,-8232,59466,-29649.1,34762.9,9.5,-0.097,170260533,LOCKED
39859,2894.230,-233635937314168,-40151,27547,-29727.2,35182.8,9.6,-0.103,170259236,LOCKED
39860,2895.232,-233635937271739,29342,97040,-29645.2,35328.3,9.6,-0.104,170377592,LOCKED
39861,2896.230,-233635937278204,47694,115392,-29487.2,35452.5,9.5,-0.104,170354216,LOCKED
39862,2897.230,-233635937331363,21984,89682,-29423.6,35525.1,9.6,-0.099,170503596,LOCKED
39863,2898.230,-233635937438443,-53543,14155,-29439.1,35749.6,9.6,-0.100,170492906,LOCKED
39864,2899.231,-233635937408854,6462,74160,-29497.9,35345.5,9.6,-0.095,170608836,LOCKED
39865,2900.231,-233635937404983,37334,105032,-29437.4,35705.2,10.0,-0.087,170589705,LOCKED
39866,2901.231,-233635937503704,-30955,36743,-29434.7,35680.1,10.4,-0.079,170692269,LOCKED
39867,2902.230,-233635937479186,20005,87703,-29320.8,35259.2,10.7,-0.072,170809683,LOCKED
39868,2903.230,-233635937588928,-55412,12286,-29474.6,35785.6,10.0,-0.066,170787902,LOCKED
39869,2904.231,-233635937575056,-11490,56208,-29483.7,35809.5,10.0,-0.062,170892529,LOCKED
39870,2905.231,-233635937560197,30581,98279,-29423.0,36045.3,10.0,-0.059,170998543,LOCKED
39871,2906.230,-233635937575687,42770,110468,-29408.5,36208.0,9.8,-0.052,170961049,LOCKED
39872,2907.231,-233635937626422,20862,88560,-29414.7,36167.2,10.1,-0.046,171109461,LOCKED
39873,2908.231,-233635937636962,35530,103228,-29267.0,35883.5,10.2,-0.043,171079815,LOCKED
39874,2909.231,-233635937726301,-21488,46210,-29381.4,35508.6,10.1,-0.042,171191640,LOCKED
39875,2910.231,-233635937718193,16246,83944,-29420.5,35190.1,10.4,-0.036,171290408,LOCKED
39876,2911.230,-233635937737184,24057,91755,-29331.8,35157.5,10.4,-0.040,171364452,LOCKED
39877,2912.232,-233635937843535,-50478,17220,-29369.9,35605.6,10.4,-0.036,171344101,LOCKED
39878,2913.232,-233635937845488,-20804,46894,-29446.2,35584.1,10.2,-0.027,171432926,LOCKED
39879,2914.232,-233635937830190,23335,91033,-29455.4,35513.6,10.2,-0.024,171536147,LOCKED
39880,2915.232,-233635937936704,-51917,15781,-29457.6,35548.1,10.2,-0.020,171523696,LOCKED
39881,2916.231,-233635937934462,-17723,49975,-29550.8,35303.6,10.2,-0.017,171613939,LOCKED
39882,2917.231,-233635937902533,39461,107159,-29405.3,35215.3,10.2,-0.013,171625876,LOCKED
39883,2918.231,-233635938000719,-26190,41508,-29515.5,35041.9,10.2,-0.008,171729054,LOCKED
39884,2919.232,-233635937984832,17618,85316,-29466.5,35095.4,10.2,-0.012,171837728,LOCKED
39885,2920.232,-233635937975571,51379,119077,-29307.9,35386.7,9.9,0.003,171824171,LOCKED
39886,2921.232,-233635938090452,-31082,36616,-29409.1,35453.4,9.9,0.009,171909408,LOCKED
39887,2922.233,-233635938085818,2026,69724,-29366.5,35325.2,10.0,0.019,172005718,LOCKED
39888,2923.231,-233635938085921,30895,98593,-29398.7,34939.8,9.9,0.028,172094677,LOCKED
39889,2924.232,-233635938109030,35062,102760,-29352.7,35242.2,10.0,0.027,172052364,LOCKED
39890,2925.233,-233635938212768,-37986,29712,-29355.1,35269.0,9.9,0.039,172145812,LOCKED
39891,2926.232,-233635938224873,-18021,49677,-29458.6,34912.8,9.9,0.028,172228349,LOCKED
39892,2927.232,-233635938200565,32836,100534,-29370.3,35115.9,9.8,0.032,172234507,LOCKED
39893,2928.232,-233635938308322,-44093,23605,-29368.5,35091.6,10.0,0.021,172330072,LOCKED
39894,2929.232,-233635938311464,-15675,52023,-29450.1,34905.0,10.0,0.015,172411740,LOCKED
39895,2930.233,-233635938320365,4246,71944,-29426.3,34886.8,9.8,-0.006,172493733,LOCKED
39896,2931.232,-233635938394719,-39206,28492,-29433.5,34967.2,9.6,-0.028,172584061,LOCKED
39897,2932.232,-233635938432669,-43334,24364,-29577.1,35070.2,9.5,-0.036,172567679,LOCKED
39898,2933.231,-233635938422843,-3578,64120,-29588.5,35071.4,9.3,-0.077,172664485,LOCKED
39899,2934.232,-233635938404158,40460,108158,-29447.6,35084.2,8.9,-0.126,172771435,LOCKED
39900,2935.233,-233635938517119,-41988,25710,-29430.0,34835.0,8.7,-0.118,172750610,LOCKED
39901,2936.232,-233635938530233,-22624,45074,-29542.2,34516.0,8.8,-0.126,172831338,LOCKED
39902,2937.232,-233635938484521,48255,115953,-29407.5,34917.1,8.8,-0.133,172849974,LOCKED
39903,2938.233,-233635938582902,-17536,50162,-29534.8,34190.0,8.9,-0.139,172955393,LOCKED
39904,2939.233,-233635938578243,16424,84122,-29550.7,34087.3,8.7,-0.134,173047872,LOCKED
39905,2940.232,-233635938577700,43008,108583,-29449.8,34527.7,8.7,-0.141,173140594,LOCKED
39906,2941.232,-233635938699858,-47548,18027,-29476.3,34849.4,9.0,-0.154,173107523,LOCKED
39907,2942.233,-233635938656561,24962,90537,-29505.0,34561.7,9.4,-0.166,173246697,LOCKED
39908,2943.233,-233635938660487,47177,112752,-29418.2,35149.0,9.6,-0.176,173220762,LOCKED
39909,2944.233,-233635938745605,-9098,56477,-29374.7,34868.1,9.9,-0.186,173335726,LOCKED
39910,2945.233,-233635938728118,36868,102443,-29392.2,34647.3,9.9,-0.189,173443076,LOCKED
39911,2946.233,-233635938851443,-52917,12658,-29507.9,35339.8,9.9,-0.189,173412611,LOCKED
39912,2947.233,-233635938801051,23737,89312,-29387.9,34962.9,10.0,-0.191,173551944,LOCKED
39913,2948.233,-233635938808711,43565,109140,-29367.1,35197.7,10.0,-0.194,173635424,LOCKED
39914,2949.233,-233635938928005,-43552,22023,-29432.7,35681.3,10.0,-0.196,173605898,LOCKED
39915,2950.233,-233635938916943,-4308,61267,-29363.9,35193.8,10.0,-0.199,173705858,LOCKED
39916,2951.233,-233635938913681,27842,93417,-29386.9,34956.5,10.0,-0.201,173801137,LOCKED
39917,2952.234,-233635938919967,47776,113351,-29310.9,35548.5,10.3,-0.208,173774630,LOCKED
39918,2953.233,-233635939016492,-17799,47776,-29361.8,35597.8,10.2,-0.208,173880255,LOCKED
39919,2954.232,-233635939004838,23301,88876,-29404.8,35143.2,10.2,-0.211,173981691,LOCKED
39920,2955.234,-233635939114520,-53988,11587,-29461.7,35780.7,10.0,-0.216,173961945,LOCKED
39921,2956.233,-233635939118114,-27762,37813,-29433.1,35477.1,10.0,-0.218,174053346,LOCKED
39922,2957.234,-233635939084753,32006,97581,-29337.6,35612.3,10.1,-0.221,174174757,LOCKED
39923,2958.234,-233635939207310,-55479,10096,-29527.2,35692.6,10.0,-0.220,174144121,LOCKED
39924,2959.234,-233635939195076,-12855,52720,-29548.2,35735.1,10.1,-0.223,174245153,LOCKED
39925,2960.234,-233635939187392,21662,87237,-29450.7,35559.3,10.0,-0.219,174342070,LOCKED
39926,2961.234,-233635939196318,40518,106093,-29436.2,35715.1,9.7,-0.211,174425224,LOCKED
39927,2962.234,-233635939301071,-33233,32342,-29457.8,35886.9,9.6,-0.201,174410377,LOCKED
39928,2963.233,-233635939305765,-5948,59627,-29571.9,34987.2,9.5,-0.191,174494641,LOCKED
39929,2964.235,-233635939316919,12325,77900,-29585.3,34922.0,9.7,-0.191,174584117,LOCKED
39930,2965.234,-233635939389297,-29271,36304,-29595.4,35002.1,9.9,-0.186,174564221,LOCKED
39931,2966.235,-233635939407834,-18302,47273,-29560.5,34704.5,10.0,-0.181,174668591,LOCKED
39932,2967.235,-233635939468002,-46364,19211,-29608.4,35176.0,10.2,-0.176,174699073,LOCKED
39933,2968.234,-233635939457375,-6989,58586,-29554.4,34812.8,10.1,-0.165,174796338,LOCKED
39934,2969.236,-233635939496106,-14460,51115,-29614.2,34766.1,10.0,-0.161,174880419,LOCKED
39935,2970.234,-233635939462255,45278,110853,-29506.3,35236.9,10.2,-0.164,174973926,LOCKED
39936,2971.234,-233635939584515,-45371,20204,-29534.2,35546.8,10.0,-0.151,174941797,LOCKED
39937,2972.234,-233635939604469,-31900,33675,-29672.4,35238.7,10.2,-0.156,175024384,LOCKED
39938,2973.235,-233635939583011,18766,84341,-29680.8,35185.2,10.3,-0.151,175128560,LOCKED
39939,2974.234,-233635939576533,50673,116248,-29556.2,35744.4,10.4,-0.147,175112373,LOCKED
39940,2975.238,-233635939673715,-14074,51501,-29674.3,35055.7,10.5,-0.143,175215628,LOCKED
39941,2976.236,-233635939651413,36291,101866,-29655.6,35229.2,10.6,-0.139,175330877,LOCKED
39942,2977.234,-233635939746091,-28046,37529,-29642.6,35105.2,10.7,-0.135,175324504,LOCKED
39943,2978.236,-233635939750207,-1303,64272,-29700.2,34842.6,11.1,-0.149,175411554,LOCKED
39944,2979.235,-233635939743557,32377,97952,-29622.8,35082.6,12.1,-0.080,175508573,LOCKED
39945,2980.236,-233635939850326,-43612,21963,-29607.0,34854.1,13.3,-0.017,175495106,LOCKED
39946,2981.235,-233635939851236,-12927,52648,-29683.3,34650.8,13.7,0.020,175581281,LOCKED
39947,2982.235,-233635939845777,20731,86306,-29644.9,34764.6,14.9,0.100,175676867,LOCKED
39948,2983.234,-233635939840319,51152,116727,-29499.9,35192.1,15.0,0.132,175772621,LOCKED
39949,2984.235,-233635939967638,-45031,20544,-29505.3,35262.2,15.0,0.165,175733455,LOCKED
39950,2985.237,-233635939963403,-9524,56051,-29576.3,35034.4,15.2,0.219,175829593,LOCKED
39951,2986.235,-233635939953320,28709,94284,-29554.0,35183.7,15.4,0.244,175933535,LOCKED
39952,2987.237,-233635940032244,-20577,44998,-29523.8,34919.6,15.6,0.266,175943774,LOCKED
39953,2988.236,-233635940042552,13,65588,-29591.4,34524.8,15.4,0.276,176020530,LOCKED
39954,2989.236,-233635940038331,32118,97693,-29561.0,34741.2,15.5,0.292,176115784,LOCKED
39955,2990.236,-233635940040412,55523,121098,-29453.2,35540.7,15.5,0.297,176201894,LOCKED
39956,2991.235,-233635940151783,-23461,42114,-29558.3,35336.9,15.5,0.301,176181605,LOCKED
39957,2992.235,-233635940142529,15963,81538,-29615.0,34790.7,15.6,0.313,176279756,LOCKED
39958,2993.235,-233635940138062,47178,112753,-29552.7,35340.4,15.6,0.325,176264399,LOCKED
39959,2994.235,-233635940241032,-25782,39793,-29532.2,35146.9,15.5,0.334,176364867,LOCKED
39960,2995.240,-233635940235145,10486,76061,-29591.4,34658.3,15.6,0.343,176460776,LOCKED
39961,2996.235,-233635940255471,19484,85059,-29610.7,34511.6,15.5,0.350,176535897,LOCKED
39962,2997.236,-233635940344554,-38835,26740,-29602.7,34411.1,15.4,0.356,176535009,LOCKED
39963,2998.236,-233635940340347,-3907,61668,-29651.2,34263.8,15.2,0.361,176629371,LOCKED
39964,2999.236,-233635940325437,37718,103293,-29569.7,34624.0,15.2,0.360,176733411,LOCKED
39965,3000.237,-233635940365740,23868,89443,-29456.2,34330.3,15.1,0.364,176801951,LOCKED
39966,3001.236,-233635940359335,57451,123026,-29439.9,34592.7,14.6,0.364,176769954,LOCKED
39967,3002.236,-233635940440249,4813,70388,-29390.7,34454.2,14.0,0.364,176895126,LOCKED
39968,3003.236,-233635940474983,-2180,63395,-29305.9,33765.5,13.7,0.367,176978371,LOCKED
39969,3004.236,-233635940551887,-46480,19095,-29390.7,34349.4,13.3,0.368,176957513,LOCKED
39970,3005.237,-233635940558273,-23390,42185,-29355.9,33992.5,13.1,0.367,177043911,LOCKED
39971,3006.238,-233635940546192,18492,84067,-29408.6,33441.3,13.1,0.369,177143991,LOCKED
39972,3007.236,-233635940611071,-16825,48750,-29388.1,33294.7,13.1,0.369,177173946,LOCKED
39973,3008.236,-233635940669964,-45039,20536,-29376.5,33117.5,12.8,0.365,177273607,LOCKED
39974,3009.236,-233635940690547,-32679,32896,-29497.4,33048.0,12.8,0.364,177275568,LOCKED
39975,3010.237,-233635940666288,19688,85263,-29461.9,33155.9,12.7,0.361,177386731,LOCKED
39976,3011.237,-233635940667449,43733,109308,-29325.5,33364.8,11.8,0.351,177472744,LOCKED
39977,3012.237,-233635940779376,-38375,27200,-29285.8,32737.2,12.0,0.350,177453795,LOCKED
39978,3013.236,-233635940758917,10743,76318,-29272.9,32766.5,11.9,0.343,177564955,LOCKED
39979,3014.237,-233635940753983,40769,106344,-29135.2,32833.7,11.7,0.336,177660659,LOCKED
39980,3015.239,-233635940864509,-36689,28886,-29267.5,32790.1,11.9,0.328,177641901,LOCKED
39981,3016.238,-233635940862858,-4826,60749,-29305.9,32714.6,11.4,0.316,177734085,LOCKED
39982,3017.237,-233635940911768,-24316,41259,-29271.0,32327.5,11.1,0.304,177771107,LOCKED
39983,3018.237,-233635940910508,7373,72948,-29340.2,31711.3,10.5,0.289,177866246,LOCKED
39984,3019.237,-233635940899247,45130,110705,-29275.5,32278.5,10.5,0.280,177965282,LOCKED
39985,3020.237,-233635941001396,-26931,38644,-29270.6,32233.2,10.3,0.270,177952075,LOCKED
39986,3021.238,-233635941000327,1481,67056,-29178.3,31475.7,10.3,0.265,178041911,LOCKED
39987,3022.237,-233635940990665,38392,103967,-29147.4,31779.5,10.3,0.261,178140382,LOCKED
39988,3023.236,-233635940999755,54529,120104,-29045.5,32627.1,10.5,0.254,178113890,LOCKED
39989,3024.237,-233635941081272,1134,66709,-29002.0,32468.6,10.5,0.248,178234202,LOCKED
39990,3025.238,-233635941064827,44153,109728,-28956.2,32926.9,10.5,0.243,178340111,LOCKED
39991,3026.237,-233635941184734,-43513,22062,-29045.2,33438.3,10.5,0.235,178307698,LOCKED
39992,3027.237,-233635941129036,39897,105472,-29046.2,33426.1,10.4,0.225,178453858,LOCKED
39993,3028.238,-233635941245421,-44284,21291,-29127.6,33961.5,10.1,0.205,178430124,LOCKED
39994,3029.238,-233635941235484,-4430,61145,-29159.0,33917.3,10.2,0.171,178532608,LOCKED
39995,3030.238,-233635941248973,8895,74470,-29058.6,33295.9,10.4,0.125,178608843,LOCKED
39996,3031.238,-233635941258491,27956,93531,-29081.6,33043.6,10.5,0.084,178687040,LOCKED
39997,3032.238,-233635941373456,-53032,12543,-29233.9,33505.7,10.5,0.044,178663558,LOCKED
39998,3033.238,-233635941361382,-11382,54193,-29231.8,33497.5,10.6,-0.008,178767260,LOCKED
39999,3034.238,-233635941348101,27480,93055,-29098.0,33047.0,10.1,-0.049,178869071,LOCKED
40000,3035.240,-233635941382018,21684,87259,-29086.2,33116.1,9.4,-0.093,178943503,LOCKED
40001,3036.238,-233635941459532,-26212,39363,-29068.6,32941.9,8.4,-0.144,178939070,LOCKED
40002,3037.238,-233635941477639,-13331,52244,-29140.8,32774.6,7.7,-0.187,179050201,LOCKED
40003,3038.238,-233635941549188,-51941,13634,-29241.0,33517.5,7.8,-0.197,179029812,LOCKED
40004,3039.238,-233635941532331,-6412,59163,-29202.3,33305.2,7.8,-0.198,179134430,LOCKED
40005,3040.238,-233635941589679,-30733,34842,-29339.2,32944.2,7.7,-0.196,179234591,LOCKED
40006,3041.240,-233635941629861,-38095,27480,-29446.8,33197.4,7.7,-0.197,179216737,LOCKED
40007,3042.238,-233635941634975,-13155,52420,-29454.8,33224.8,7.7,-0.198,179300642,LOCKED
40008,3043.238,-233635941610149,36996,102571,-29313.3,33075.1,7.7,-0.189,179416582,LOCKED
40009,3044.239,-233635941716490,-35763,29812,-29463.7,32733.5,7.6,-0.190,179398232,LOCKED
40010,3045.241,-233635941690629,18991,84566,-29467.3,32710.5,7.6,-0.191,179515808,LOCKED
40011,3046.238,-233635941684955,50021,115596,-29348.5,33321.4,7.7,-0.185,179609648,LOCKED
40012,3047.239,-233635941761502,3600,69175,-29392.7,33094.3,7.9,-0.193,179624108,LOCKED
40013,3048.240,-233635941754233,38031,103606,-29346.4,33457.7,7.8,-0.194,179721143,LOCKED
40014,3049.238,-233635941762969,54078,119653,-29212.1,34117.6,7.8,-0.196,179694188,LOCKED
40015,3050.239,-233635941864919,-19217,46358,-29152.7,33448.3,7.7,-0.198,179795869,LOCKED
40016,3051.241,-233635941839425,33995,99570,-29138.8,33579.0,8.0,-0.190,179907977,LOCKED
40017,3052.239,-233635941951973,-46591,18984,-29200.0,34132.8,8.1,-0.191,179883043,LOCKED
40018,3053.238,-233635941944525,-10781,54794,-29140.8,33625.0,8.1,-0.188,179983163,LOCKED
40019,3054.239,-233635941935038,26923,92498,-29140.2,33629.8,8.2,-0.186,180083423,LOCKED
40020,3055.241,-233635942040544,-46479,19096,-29208.5,34201.6,8.6,-0.180,180068542,LOCKED
40021,3056.239,-233635942051905,-27280,38295,-29229.5,34338.9,8.9,-0.174,180153867,LOCKED
40022,3057.238,-233635942005372,46813,112388,-29225.4,34396.3,8.9,-0.176,180283213,LOCKED
40023,3058.243,-233635942131559,-46473,19102,-29328.8,34929.4,9.0,-0.175,180248793,LOCKED
40024,3059.240,-233635942134864,-20094,45481,-29312.7,34809.9,8.8,-0.177,180337229,LOCKED
40025,3060.240,-233635942112379,28989,0,-29227.5,34930.8,8.8,-0.177,180447690,LOCKED
40026,3061.239,-233635942127535,38340,9351,-29059.3,34439.3,8.8,-0.177,180521359,LOCKED
40027,3062.241,-233635942230877,-33976,0,-29099.4,34714.1,8.8,-0.177,180510704,LOCKED
40028,3063.241,-233635942226347,-493,33483,-29091.4,34707.4,9.0,-0.171,180604628,LOCKED
40029,3064.240,-233635942226072,28410,62386,-29115.9,34442.7,9.2,-0.166,180694558,LOCKED
40030,3065.241,-233635942340206,-52206,0,-29245.4,35041.8,9.4,-0.165,180673040,LOCKED
40031,3066.239,-233635942329527,-12027,40179,-29237.8,35009.7,9.4,-0.161,180768403,LOCKED
40032,3067.239,-233635942400652,-49788,2418,-29357.8,35567.0,9.3,-0.157,180792185,LOCKED
40033,3068.241,-233635942407213,-23530,28676,-29488.8,35026.6,9.3,-0.159,180871382,LOCKED
40034,3069.240,-233635942400134,13747,65953,-29546.6,34498.2,9.2,-0.155,180970478,LOCKED
40035,3070.267,-233635942391416,48485,100691,-29454.0,35115.9,9.3,-0.151,180956725,LOCKED
40036,3071.240,-233635942486595,-17275,34931,-29423.5,34877.9,9.3,-0.153,181066898,LOCKED
40037,3072.240,-233635942476308,22511,74717,-29464.7,34448.9,9.2,-0.148,181163086,LOCKED
40038,3073.239,-233635942484226,41143,93349,-29390.0,34898.4,9.1,-0.143,181135089,LOCKED
40039,3074.240,-233635942568612,-14198,38008,-29349.3,34581.1,9.1,-0.137,181252166,LOCKED
40040,3075.242,-233635942593090,-7330,44876,-29435.3,34128.7,8.7,-0.119,181339126,LOCKED
40041,3076.240,-233635942659605,-41063,11143,-29531.5,34530.6,8.8,-0.120,181440636,LOCKED
40042,3077.240,-233635942631352,16821,69027,-29564.3,34267.1,8.8,-0.109,181463587,LOCKED
40043,3078.240,-233635942669105,8292,60498,-29561.4,34273.8,8.9,-0.109,181563566,LOCKED
40044,3079.241,-233635942737475,-29667,22539,-29553.8,34199.0,9.1,-0.092,181546785,LOCKED
40045,3080.242,-233635942718590,18793,70999,-29586.2,33918.8,9.2,-0.089,181647113,LOCKED
40046,3081.240,-233635942714078,49736,101942,-29513.9,34565.3,9.3,-0.107,181631672,LOCKED
40047,3082.240,-233635942802445,-9585,42621,-29474.9,34318.7,9.3,-0.104,181743095,LOCKED
40048,3083.240,-233635942787550,30720,82926,-29326.2,33782.1,9.2,-0.087,181851540,LOCKED
40049,3084.239,-233635942899652,-48896,3310,-29400.1,34416.2,9.3,-0.101,181827414,LOCKED
40050,3085.242,-233635942896783,-17256,34950,-29340.4,33784.5,9.1,-0.116,181921792,LOCKED
40051,3086.241,-233635942890924,17986,70192,-29372.5,33512.3,9.3,-0.101,182018648,LOCKED
40052,3087.241,-233635942967350,-28741,23465,-29340.6,33132.2,9.5,-0.087,182031011,LOCKED
40053,3088.241,-233635942973723,-4134,48072,-29414.3,32734.7,9.4,-0.094,182119554,LOCKED
40054,3089.241,-233635942967849,29173,81379,-29365.5,32973.1,9.5,-0.082,182217249,LOCKED
40055,3090.240,-233635942998726,25347,77553,-29293.9,33085.5,9.6,-0.070,182276404,LOCKED
40056,3091.242,-233635943015283,34366,86572,-29168.4,33028.1,9.7,-0.059,182233684,LOCKED
40057,3092.242,-233635943115373,-32687,19519,-29304.2,32766.5,10.0,-0.040,182338516,LOCKED
40058,3093.241,-233635943108553,3468,55674,-29311.5,32753.5,10.0,-0.021,182431914,LOCKED
40059,3094.241,-233635943111851,26413,78619,-29204.6,32613.6,10.3,-0.007,182516608,LOCKED
40060,3095.245,-233635943126001,37665,89871,-29080.4,32703.4,10.4,0.006,182485320,LOCKED
40061,3096.241,-233635943227947,-32525,19681,-29157.8,32962.7,10.4,0.001,182584195,LOCKED
40062,3097.240,-233635943185736,36402,88608,-29098.4,33329.5,10.4,-0.004,182717990,LOCKED
40063,3098.246,-233635943308109,-51712,494,-29265.9,33536.6,10.2,-0.008,182683388,LOCKED
40064,3099.243,-233635943296023,-9599,42607,-29287.4,33560.1,10.1,-0.006,182786021,LOCKED
40065,3100.241,-233635943291712,23479,75685,-29300.9,33443.7,10.1,-0.004,182884301,LOCKED
40066,3101.242,-233635943295018,47704,99910,-29293.4,33551.1,10.1,-0.008,182857800,LOCKED
40067,3102.241,-233635943379977,-6759,45447,-29341.3,33447.3,10.1,-0.013,182977916,LOCKED
40068,3103.241,-233635943366879,32296,84502,-29228.7,33453.8,10.1,-0.011,183074823,LOCKED
40069,3104.242,-233635943487996,-54324,0,-29397.2,33783.7,10.1,-0.015,183048623,LOCKED
40070,3105.243,-233635943473983,-10491,43833,-29400.5,33793.6,10.1,-0.019,183151296,LOCKED
40071,3106.242,-233635943475861,14461,68785,-29298.2,33321.3,10.1,-0.019,183239498,LOCKED
40072,3107.242,-233635943562665,-40254,14070,-29368.4,33766.7,10.4,-0.025,183242642,LOCKED
40073,3108.241,-233635943544713,5426,59750,-29296.7,33430.0,10.1,-0.031,183352327,LOCKED
40074,3109.242,-233635943541263,33735,88059,-29134.7,32788.6,10.0,-0.035,183333740,LOCKED
40075,3110.243,-233635943632417,-26150,28174,-29196.1,32958.3,10.0,-0.039,183445551,LOCKED
40076,3111.242,-233635943636954,-2869,51455,-29123.5,32407.7,10.0,-0.043,183530529,LOCKED
40077,3112.242,-233635943700302,-33476,20848,-29245.6,32354.1,10.6,-0.047,183623814,LOCKED
40078,3113.241,-233635943734835,-36136,18188,-29314.6,32721.3,10.8,-0.053,183613476,LOCKED
40079,3114.242,-233635943718189,8049,62373,-29240.7,32410.4,11.0,-0.056,183722038,LOCKED
40080,3115.243,-233635943813903,-53309,1015,-29403.4,32772.8,11.3,-0.057,183713219,LOCKED
40081,3116.242,-233635943812854,-20500,33824,-29485.1,32699.1,11.7,-0.056,183810975,LOCKED
40082,3117.242,-233635943868500,-45205,9119,-29481.4,32642.8,11.7,-0.052,183843171,LOCKED
40083,3118.242,-233635943851681,2613,56937,-29560.4,31996.6,11.8,-0.057,183949093,LOCKED
40084,3119.243,-233635943832198,49118,103442,-29517.4,32512.9,11.8,-0.055,184061589,LOCKED
40085,3120.242,-233635943956446,-43560,10764,-29545.7,32836.3,12.0,-0.054,184026668,LOCKED
40086,3121.243,-233635943947982,-6594,47730,-29483.4,32345.9,12.1,-0.052,184130111,LOCKED
40087,3122.243,-233635943922292,46387,100711,-29452.9,32717.3,12.3,-0.049,184241123,LOCKED
40088,3123.243,-233635944040454,-39724,14600,-29514.5,33153.1,12.4,-0.046,184211913,LOCKED
40089,3124.242,-233635944022221,6392,60716,-29444.9,32854.6,12.6,-0.034,184320125,LOCKED
40090,3125.245,-233635944014118,42710,97034,-29455.6,32696.7,12.4,-0.020,184310328,LOCKED
40091,3126.244,-233635944111260,-22999,31325,-29514.5,32814.1,12.2,-0.005,184416117,LOCKED
40092,3127.243,-233635944076359,40515,94839,-29537.7,32461.8,12.2,0.005,184538032,LOCKED
40093,3128.243,-233635944191132,-40711,13613,-29667.1,32621.6,12.2,0.015,184516341,LOCKED
40094,3129.242,-233635944189474,-8773,45551,-29682.6,32643.4,12.2,0.028,184611703,LOCKED
40095,3130.243,-233635944181191,26027,80351,-29570.3,32425.8,12.0,0.041,184706310,LOCKED
40096,3131.243,-233635944189908,44633,98957,-29534.1,32825.7,11.8,0.060,184677847,LOCKED
40097,3132.243,-233635944295662,-30057,24267,-29559.3,33009.5,11.6,0.070,184775279,LOCKED
40098,3133.243,-233635944284180,9024,63348,-29477.9,32639.9,11.4,0.082,184879767,LOCKED
40099,3134.243,-233635944272622,47291,101615,-29420.6,33206.5,11.2,0.111,184977401,LOCKED
40100,3135.246,-233635944397779,-44995,9329,-29515.2,33741.9,11.1,0.127,184944168,LOCKED
40101,3136.243,-233635944395061,-10325,43999,-29617.9,33130.1,11.0,0.143,185039768,LOCKED
40102,3137.243,-233635944462577,-45285,9039,-29686.9,33686.3,10.9,0.161,185059402,LOCKED
40103,3138.243,-233635944455746,-8086,46238,-29706.9,33701.2,10.8,0.168,185154501,LOCKED
40104,3139.244,-233635944451521,25583,79907,-29736.6,33384.0,10.9,0.160,185252022,LOCKED
40105,3140.244,-233635944455819,47569,101893,-29646.1,33998.8,10.8,0.174,185226983,LOCKED
40106,3141.247,-233635944553368,-20352,33972,-29611.3,33671.5,10.7,0.167,185333124,LOCKED
40107,3142.243,-233635944538466,23140,77464,-29599.7,33743.6,11.0,0.148,185436114,LOCKED
40108,3143.243,-233635944548193,39294,93618,-29482.3,33955.5,11.1,0.141,185517491,LOCKED
40109,3144.244,-233635944665550,-43702,10622,-29649.4,33749.9,11.0,0.137,185487253,LOCKED
40110,3145.246,-233635944663460,-10376,43948,-29710.1,33618.5,11.0,0.132,185578240,LOCKED
40111,3146.245,-233635944700010,-16405,37919,-29722.6,33668.7,10.9,0.127,185670678,LOCKED
40112,3147.244,-233635944724513,-9212,45112,-29804.3,33307.4,11.1,0.115,185702038,LOCKED
40113,3148.244,-233635944736879,8254,62578,-29819.4,33247.3,11.1,0.105,185778947,LOCKED
40114,3149.245,-233635944737245,34657,88981,-29727.2,33490.3,11.0,0.103,185873651,LOCKED
40115,3150.243,-233635944782924,16847,71171,-29663.9,33466.2,11.0,0.095,185914891,LOCKED
40116,3151.244,-233635944811857,15290,69614,-29576.9,33205.1,10.9,0.095,185975344,LOCKED
40117,3152.244,-233635944808746,45967,100291,-29554.6,33483.5,10.4,0.090,186069571,LOCKED
40118,3153.244,-233635944929301,-42186,12138,-29624.3,33968.4,9.8,0.093,186042030,LOCKED
40119,3154.245,-233635944923790,-7507,46817,-29589.4,33778.9,9.2,0.091,186138564,LOCKED
40120,3155.246,-233635944985381,-38423,15901,-29578.7,33640.8,8.5,0.090,186248867,LOCKED
40121,3156.244,-233635945013903,-34065,20259,-29684.3,33771.5,8.6,0.087,186230044,LOCKED
40122,3157.244,-233635944961014,43929,98253,-29532.3,33799.8,8.5,0.088,186372032,LOCKED
40123,3158.244,-233635945061706,-23941,30383,-29654.2,33387.1,8.5,0.090,186361607,LOCKED
40124,3159.245,-233635945076312,-8053,46271,-29682.1,33388.0,8.3,0.091,186441181,LOCKED
40125,3160.244,-233635945054627,39654,93978,-29568.2,33644.4,8.0,0.092,186550950,LOCKED
40126,3161.247,-233635945159524,-35179,19145,-29533.9,33158.8,8.0,0.092,186540279,LOCKED
40127,3162.245,-233635945145850,7444,61768,-29517.5,33173.3,8.0,0.092,186642332,LOCKED
40128,3163.244,-233635945131816,46183,100507,-29357.9,33206.3,7.7,0.096,186745413,LOCKED
40129,3164.245,-233635945240526,-29608,24716,-29483.6,32956.3,7.6,0.097,186729732,LOCKED
40130,3165.246,-233635945229056,10694,65018,-29469.4,32986.4,7.6,0.098,186831936,LOCKED
40131,3166.245,-233635945218370,46703,101027,-29343.4,33415.9,8.0,0.094,186930775,LOCKED
40132,3167.245,-233635945294123,1236,55560,-29391.8,33185.9,8.3,0.095,186946013,LOCKED
40133,3168.244,-233635945277644,43493,97817,-29286.5,33632.5,8.5,0.097,187047238,LOCKED
40134,3169.246,-233635945394370,-42821,11503,-29270.5,33394.0,8.6,0.100,187025480,LOCKED
40135,3170.245,-233635945387084,-5597,48727,-29294.0,33385.7,8.8,0.104,187122475,LOCKED
40136,3171.245,-233635945380018,28223,82547,-29216.2,33533.0,9.4,0.096,187219331,LOCKED
40137,3172.246,-233635945391121,43851,98175,-29167.0,33989.9,9.4,0.096,187186046,LOCKED
40138,3173.244,-233635945489672,-23182,31142,-29244.0,34019.2,10.1,0.096,187289401,LOCKED
40139,3174.246,-233635945480424,13550,67874,-29180.1,33926.7,10.3,0.096,187388299,LOCKED
40140,3175.247,-233635945476341,45154,99478,-29173.7,34011.5,10.2,0.089,187480238,LOCKED
40141,3176.246,-233635945497678,49965,104289,-29108.2,34639.4,10.2,0.090,187441142,LOCKED
40142,3177.245,-233635945548990,27231,81555,-29127.6,34446.9,10.2,0.091,187592734,LOCKED
40143,3178.246,-233635945569694,33136,87460,-29058.9,34730.0,10.2,0.104,187548541,LOCKED
40144,3179.246,-233635945675205,-42372,11952,-29034.7,34367.5,10.2,0.106,187642928,LOCKED
40145,3180.245,-233635945730108,-62580,0,-29208.7,35050.8,10.2,0.109,187682551,LOCKED
40146,3181.245,-233635945736056,-36637,25943,-29279.6,35398.4,10.3,0.115,187766126,LOCKED
40147,3182.246,-233635945745415,-17284,45296,-29222.9,34830.0,10.4,0.116,187847693,LOCKED
40148,3183.247,-233635945740719,16769,79349,-29257.4,34551.2,10.5,0.111,187942275,LOCKED
40149,3184.246,-233635945741639,41870,104450,-29168.1,34994.2,10.5,0.115,188030053,LOCKED
40150,3185.248,-233635945863170,-48825,13755,-29168.7,35003.2,10.5,0.119,187997346,LOCKED
40151,3186.246,-233635945856720,-11752,50828,-29220.6,34955.4,10.6,0.108,188093411,LOCKED
40152,3187.246,-233635945825373,44155,106735,-29065.0,34945.2,10.7,0.099,188105419,LOCKED
40153,3188.248,-233635945930146,-28287,34293,-29178.5,34805.7,10.7,0.091,188201675,LOCKED
40154,3189.246,-233635945921480,9241,71821,-29178.3,34806.1,10.6,0.103,188298766,LOCKED
40155,3190.246,-233635945916958,39215,101795,-29060.5,35005.1,10.4,0.118,188394087,LOCKED
40156,3191.246,-233635946037107,-50223,12357,-29057.9,34965.5,10.5,0.125,188362648,LOCKED
40157,3192.246,-233635946026263,-8877,53703,-29114.1,34844.2,10.5,0.112,188465954,LOCKED
40158,3193.246,-233635946049408,-3235,59345,-29092.6,34783.6,10.8,0.089,188565020,LOCKED
40159,3194.246,-233635946117127,-41042,21538,-29064.5,34363.7,10.6,0.067,188558207,LOCKED
40160,3195.248,-233635946092468,13074,75654,-29105.6,34050.7,10.4,0.048,188669093,LOCKED
40161,3196.246,-233635946196622,-57720,4860,-29218.6,34929.2,10.2,0.033,188650528,LOCKED
40162,3197.246,-233635946156102,12823,75403,-29279.6,34370.7,9.8,0.021,188786739,LOCKED
40163,3198.246,-233635946256618,-54138,8442,-29399.6,35094.3,9.7,0.019,188775043,LOCKED
40164,3199.247,-233635946237603,-5897,56683,-29381.2,35032.9,9.5,0.019,188884979,LOCKED
40165,3200.246,-233635946214777,41885,104465,-29233.4,35021.5,9.4,0.019,188993867,LOCKED
40166,3201.247,-233635946327271,-37969,24611,-29337.6,35278.7,9.3,0.026,188975268,LOCKED
40167,3202.246,-233635946310624,6830,69410,-29290.7,35187.1,9.3,0.026,189080337,LOCKED
40168,3203.246,-233635946312751,30413,92993,-29165.3,34986.1,9.2,0.027,189168179,LOCKED
40169,3204.247,-233635946428273,-50868,11712,-29330.2,35177.0,9.0,0.028,189143437,LOCKED
40170,3205.247,-233635946437159,-27894,34686,-29408.1,35309.1,8.8,0.029,189222105,LOCKED
40171,3206.247,-233635946440093,-467,62113,-29454.1,35134.6,8.7,0.026,189311193,LOCKED
40172,3207.247,-233635946517549,-44561,18019,-29572.0,35518.6,8.9,0.032,189325739,LOCKED
40173,3208.248,-233635946524520,-20244,42336,-29622.7,35605.5,9.0,0.037,189410808,LOCKED
40174,3209.248,-233635946524269,8360,70940,-29574.2,35527.1,9.0,0.044,189500296,LOCKED
40175,3210.247,-233635946527772,32032,94612,-29509.6,35786.4,9.1,0.048,189588990,LOCKED
40176,3211.247,-233635946531305,54007,116587,-29402.8,36518.2,9.1,0.055,189563492,LOCKED
40177,3212.248,-233635946636427,-21694,40886,-29367.6,36194.4,9.1,0.056,189659538,LOCKED
40178,3213.247,-233635946629930,14824,77404,-29424.4,35677.9,9.0,0.063,189756846,LOCKED
40179,3214.249,-233635946626450,45127,107707,-29371.7,36142.5,9.0,0.063,189853182,LOCKED
40180,3215.248,-233635946646013,52922,115502,-29360.9,36299.4,9.0,0.064,189810660,LOCKED
40181,3216.248,-233635946744123,-13223,49357,-29466.9,35772.7,9.0,0.066,189919573,LOCKED
40182,3217.248,-233635946814867,-52001,10579,-29503.2,36213.8,8.9,0.069,189931723,LOCKED
40183,3218.247,-233635946811217,-16304,46276,-29601.0,35882.2,8.6,0.075,190027478,LOCKED
40184,3219.247,-233635946810157,14352,76932,-29624.7,35735.4,8.7,0.075,190119624,LOCKED
40185,3220.248,-233635946811052,39546,102126,-29516.8,36012.7,8.8,0.075,190211951,LOCKED
40186,3221.248,-233635946919978,-35591,26989,-29667.6,35684.7,8.8,0.077,190189202,LOCKED
40187,3222.247,-233635946920508,-5639,56941,-29698.2,35656.7,8.9,0.078,190281612,LOCKED
40188,3223.248,-233635946909434,31820,94400,-29588.3,35672.3,8.9,0.081,190381052,LOCKED
40189,3224.247,-233635946914596,54089,116669,-29572.4,35904.7,8.9,0.084,190468150,LOCKED
40190,3225.249,-233635947020157,-20305,42275,-29617.0,36003.6,8.9,0.088,190452628,LOCKED
40191,3226.249,-233635947023052,4864,67444,-29548.7,35711.0,9.3,0.085,190538810,LOCKED
40192,3227.248,-233635947008924,45703,108283,-29485.4,36223.0,9.4,0.082,190539107,LOCKED
40193,3228.248,-233635947105064,-20834,41746,-29456.4,35977.6,9.4,0.079,190644127,LOCKED
40194,3229.248,-233635947103178,11428,74008,-29520.6,35414.5,9.4,0.076,190735951,LOCKED
40195,3230.248,-233635947118687,24258,86838,-29503.0,35515.1,9.4,0.073,190831029,LOCKED
40196,3231.248,-233635947198230,-24847,37733,-29507.6,35546.9,9.5,0.061,190821191,LOCKED
40197,3232.248,-233635947221789,-19047,43533,-29468.5,35196.5,9.5,0.067,190922493,LOCKED
40198,3233.247,-233635947283753,-47338,15242,-29596.3,35609.8,9.6,0.054,190916193,LOCKED
40199,3234.250,-233635947261097,4268,66848,-29571.7,35589.6,9.9,0.053,191027846,LOCKED
40200,3235.248,-233635947251819,38837,101417,-29425.9,35471.8,10.3,0.022,191126384,LOCKED
40201,3236.248,-233635947274536,40689,103269,-29254.9,35059.7,10.7,-0.002,191083733,LOCKED
40202,3237.249,-233635947312500,28560,91140,-29134.3,34848.6,10.9,-0.023,191248197,LOCKED
40203,3238.249,-233635947431425,-58997,3583,-29145.8,35041.4,11.1,-0.054,191218885,LOCKED
40204,3239.250,-233635947413535,-10437,52143,-29203.4,34938.1,11.2,-0.070,191328312,LOCKED
40205,3240.249,-233635947417849,15179,77759,-29264.4,34333.7,11.4,-0.085,191412692,LOCKED
40206,3241.249,-233635947422601,38098,100678,-29249.6,34487.4,11.6,-0.130,191497736,LOCKED
40207,3242.250,-233635947531148,-38172,24408,-29334.8,34846.0,11.6,-0.129,191479243,LOCKED
40208,3243.249,-233635947512245,8694,71274,-29281.8,34743.5,11.4,-0.167,191587873,LOCKED
40209,3244.250,-233635947521743,24904,87484,-29147.6,34195.2,11.1,-0.180,191671322,LOCKED
40210,3245.253,-233635947634309,-53502,9078,-29304.9,34610.5,10.7,-0.190,191648525,LOCKED
40211,3246.248,-233635947617570,-6810,55770,-29325.5,34616.5,10.7,-0.197,191757778,LOCKED
40212,3247.249,-233635947692078,-50451,12129,-29317.1,34483.0,10.8,-0.212,191768268,LOCKED
40213,3248.249,-233635947701632,-28085,34495,-29398.4,34604.8,10.7,-0.216,191852556,LOCKED
40214,3249.249,-233635947695172,6683,69263,-29355.8,34534.4,10.8,-0.228,191947881,LOCKED
40215,3250.250,-233635947697503,29752,92332,-29210.9,34019.7,10.7,-0.231,192034557,LOCKED
40216,3251.249,-233635947714408,40433,103013,-29198.4,34162.1,10.7,-0.232,192109504,LOCKED
40217,3252.250,-233635947824517,-38041,24539,-29254.8,34541.2,10.6,-0.234,192086965,LOCKED
40218,3253.250,-233635947821431,-5698,56882,-29245.4,34517.4,10.6,-0.236,192182773,LOCKED
40219,3254.249,-233635947806369,36995,99575,-29227.7,34689.6,10.6,-0.238,192287678,LOCKED
40220,3255.248,-233635947916691,-42114,20466,-29255.1,34973.7,10.7,-0.239,192268128,LOCKED
40221,3256.250,-233635947913041,-7007,55573,-29351.7,34371.6,10.7,-0.241,192362519,LOCKED
40222,3257.250,-233635947982945,-45072,17508,-29398.9,34824.9,10.8,-0.248,192385430,LOCKED
40223,3258.250,-233635947982087,-12076,50504,-29513.5,34104.5,10.8,-0.248,192471273,LOCKED
40224,3259.249,-233635947970011,27890,90470,-29480.2,34292.9,10.7,-0.248,192575319,LOCKED
40225,3260.251,-233635947970913,51337,113917,-29313.4,34485.3,10.7,-0.243,192553549,LOCKED
40226,3261.250,-233635948078870,-24381,38199,-29416.6,34325.4,10.3,-0.236,192650802,LOCKED
40227,3262.250,-233635948066804,15713,78293,-29374.5,34373.3,10.3,-0.232,192748530,LOCKED
40228,3263.249,-233635948068726,39137,101717,-29241.6,34423.4,10.3,-0.227,192727480,LOCKED
40229,3264.250,-233635948165468,-24997,37583,-29365.5,34030.0,10.3,-0.223,192831814,LOCKED
40230,3265.253,-233635948160829,9397,71977,-29400.3,33821.4,10.2,-0.222,192928085,LOCKED
40231,3266.252,-233635948203532,-3502,59078,-29414.4,33819.2,10.2,-0.221,193020023,LOCKED
40232,3267.251,-233635948261638,-28335,34245,-29556.9,33268.8,10.2,-0.221,193022093,LOCKED
40233,3268.251,-233635948232491,29563,92143,-29566.6,33170.0,9.9,-0.213,193127749,LOCKED
40234,3269.251,-233635948261113,28745,91325,-29527.8,33386.7,9.5,-0.205,193095986,LOCKED
40235,3270.250,-233635948353358,-32428,30152,-29549.7,33566.7,9.1,-0.196,193186224,LOCKED
40236,3271.251,-233635948362127,-12429,50151,-29490.5,33018.5,8.7,-0.186,193267669,LOCKED
40237,3272.252,-233635948372281,7347,69927,-29524.4,32834.5,8.2,-0.176,193352210,LOCKED
40238,3273.250,-233635948444506,-33314,29266,-29569.2,33127.9,8.4,-0.170,193334645,LOCKED
40239,3274.252,-233635948471797,-30356,32224,-29552.0,32934.9,7.9,-0.159,193426604,LOCKED
40240,3275.249,-233635948458918,9561,72141,-29444.3,32199.3,7.8,-0.153,193532641,LOCKED
40241,3276.251,-233635948447456,47614,110194,-29383.3,32795.6,7.7,-0.147,193632178,LOCKED
40242,3277.252,-233635948527723,-1277,61303,-29479.2,31983.9,7.9,-0.140,193645163,LOCKED
40243,3278.251,-233635948516093,38044,100624,-29454.7,32233.5,7.8,-0.133,193749656,LOCKED
40244,3279.251,-233635948622242,-36342,26238,-29507.6,32598.4,7.8,-0.133,193731611,LOCKED
40245,3280.251,-233635948599000,14210,76790,-29423.2,32329.4,7.8,-0.134,193843819,LOCKED
40246,3281.251,-233635948593518,47346,109926,-29415.2,32447.6,7.9,-0.135,193938404,LOCKED
40247,3282.253,-233635948701248,-28450,34130,-29491.6,32612.0,7.9,-0.137,193924541,LOCKED
40248,3283.252,-233635948694746,6274,68854,-29439.6,32468.6,7.9,-0.139,194019382,LOCKED
40249,3284.252,-233635948680464,45095,107675,-29273.8,32350.4,7.8,-0.127,194123775,LOCKED
40250,3285.255,-233635948805615,-46755,15825,-29393.9,32835.0,7.9,-0.129,194087519,LOCKED
40251,3286.251,-233635948803484,-14292,48288,-29416.2,32891.6,7.7,-0.147,194180281,LOCKED
40252,3287.252,-233635948773188,40976,103556,-29266.0,32801.8,8.0,-0.120,194192603,LOCKED
40253,3288.251,-233635948875312,-29222,33358,-29348.1,32954.4,8.2,-0.099,194292617,LOCKED
40254,3289.251,-233635948870042,4666,67246,-29319.9,32924.3,8.1,-0.082,194388551,LOCKED
40255,3290.251,-233635948869005,31874,94454,-29218.2,33017.3,8.2,-0.065,194479553,LOCKED
40256,3291.253,-233635948978722,-44756,17824,-29333.9,33448.0,8.2,-0.065,194457676,LOCKED
40257,3292.251,-233635948971104,-6679,55901,-29378.1,33365.6,8.1,-0.033,194554955,LOCKED
40258,3293.251,-233635948964782,28888,91468,-29419.7,32826.4,8.1,-0.036,194651245,LOCKED
40259,3294.252,-233635949067964,-41850,20730,-29498.7,33311.8,8.1,-0.041,194639033,LOCKED
40260,3295.252,-233635949054866,-431,62149,-29440.0,32992.7,8.1,-0.043,194743124,LOCKED
40261,3296.253,-233635949067825,13575,76155,-29340.9,32525.7,8.5,-0.021,194824294,LOCKED
40262,3297.252,-233635949147306,-35447,27133,-29336.8,32477.1,8.5,-0.014,194829702,LOCKED
40263,3298.253,-233635949145664,-2496,60084,-29429.7,31748.4,8.4,-0.007,194921110,LOCKED
40264,3299.253,-233635949134798,35566,98146,-29379.1,32100.8,8.4,-0.002,195022844,LOCKED
40265,3300.251,-233635949250112,-47732,11265,-29429.2,32645.2,8.4,0.003,194997577,LOCKED
40266,3301.252,-233635949273229,-40175,18822,-29423.4,32567.6,8.1,-0.001,195063324,LOCKED
40267,3302.253,-233635949254184,8890,67887,-29467.6,32259.8,8.1,-0.006,195177396,LOCKED
40268,3303.251,-233635949238914,49732,108729,-29358.9,32917.1,8.0,-0.002,195279619,LOCKED
40269,3304.252,-233635949353851,-34673,24324,-29358.8,32916.1,8.0,0.000,195256141,LOCKED
40270,3305.255,-233635949348385,1719,60716,-29438.8,32284.1,7.9,0.002,195350389,LOCKED
40271,3306.252,-233635949340307,36829,95826,-29381.8,32663.9,7.9,0.004,195448342,LOCKED
40272,3307.252,-233635949414607,-5947,53050,-29477.2,32004.1,7.4,0.004,195466093,LOCKED
40273,3308.252,-233635949416603,21204,80201,-29496.4,31835.8,7.3,0.005,195561006,LOCKED
40274,3309.254,-233635949421705,42555,101552,-29417.6,32354.5,6.8,0.004,195649968,LOCKED
40275,3310.253,-233635949533235,-38022,20975,-29429.7,32490.2,6.7,0.004,195626497,LOCKED
40276,3311.252,-233635949528973,-5530,53467,-29361.5,31933.4,6.6,0.003,195720649,LOCKED
40277,3312.252,-233635949565539,-10793,48204,-29439.0,31643.6,6.5,0.002,195813684,LOCKED
40278,3313.252,-233635949627517,-40395,18602,-29516.1,32111.8,6.5,-0.003,195782403,LOCKED
40279,3314.252,-233635949637992,-21276,37721,-29484.5,31796.7,6.5,-0.008,195882705,LOCKED
40280,3315.253,-233635949622514,23465,82462,-29512.7,31501.2,6.5,-0.013,195991496,LOCKED
40281,3316.253,-233635949631019,41858,100855,-29453.9,31990.0,6.9,-0.021,195961976,LOCKED
40282,3317.253,-233635949695536,7948,66945,-29523.8,31341.8,6.4,-0.029,196097740,LOCKED
40283,3318.253,-233635949691831,39183,98180,-29491.1,31668.1,6.8,-0.037,196192344,LOCKED
40284,3319.252,-233635949789790,-28082,30915,-29503.5,31768.7,6.8,-0.042,196186515,LOCKED
40285,3320.252,-233635949778719,10010,69007,-29398.1,31061.7,6.9,-0.043,196287569,LOCKED
40286,3321.253,-233635949770237,45597,104594,-29361.3,31495.9,6.9,-0.042,196277055,LOCKED
40287,3322.253,-233635949864738,-18829,40168,-29365.0,31517.9,6.9,-0.041,196384598,LOCKED
40288,3323.252,-233635949852843,19484,78481,-29252.6,31042.2,7.0,-0.042,196485329,LOCKED
40289,3324.253,-233635949865971,33928,92925,-29226.5,31275.5,7.0,-0.041,196451090,LOCKED
40290,3325.255,-233635949967471,-36342,22655,-29264.4,31599.4,6.9,-0.045,196553417,LOCKED
40291,3326.254,-233635949958973,1295,60292,-29260.4,31599.6,6.9,-0.045,196653631,LOCKED
40292,3327.254,-233635950035488,-42047,16950,-29382.7,31889.7,6.9,-0.044,196665962,LOCKED
40293,3328.253,-233635950044665,-21333,37664,-29372.2,31804.6,6.9,-0.044,196747569,LOCKED
40294,3329.255,-233635950026783,23260,82257,-29280.1,31713.1,7.0,-0.043,196851495,LOCKED
40295,3330.253,-233635950062062,17166,76163,-29304.0,31521.7,7.0,-0.043,196907089,LOCKED
40296,3331.253,-233635950078585,28395,87392,-29275.0,31716.0,7.0,-0.042,196874263,LOCKED
40297,3332.254,-233635950169943,-31747,27250,-29317.6,31991.5,6.9,-0.032,196981977,LOCKED
40298,3333.253,-233635950170466,-1559,57438,-29383.5,31615.6,6.9,-0.031,197074223,LOCKED
40299,3334.254,-233635950171987,25810,84807,-29402.3,31420.4,7.4,-0.027,197161590,LOCKED
40300,3335.254,-233635950280511,-49983,9014,-29482.6,32140.2,7.5,-0.023,197145064,LOCKED
40301,3336.253,-233635950283256,-23187,35810,-29446.8,31746.7,7.7,-0.004,197235259,LOCKED
40302,3337.254,-233635950356268,-62244,0,-29564.8,32845.6,8.1,0.006,197256282,LOCKED
40303,3338.254,-233635950345238,-21362,40882,-29543.3,32656.1,8.4,-0.019,197352262,LOCKED
40304,3339.254,-233635950343192,10943,73187,-29596.7,32202.3,8.7,-0.038,197448522,LOCKED
40305,3340.254,-233635950348238,32888,95132,-29523.4,32488.0,8.9,-0.054,197421474,LOCKED
40306,3341.254,-233635950441936,-30776,31468,-29497.2,32161.7,9.0,-0.069,197529130,LOCKED
40307,3342.254,-233635950438082,3421,65665,-29544.5,31898.6,9.2,-0.081,197624962,LOCKED
40308,3343.255,-233635950444816,24405,86649,-29495.4,32066.6,9.3,-0.093,197719854,LOCKED
40309,3344.254,-233635950526722,-27802,34442,-29459.1,31608.4,9.2,-0.122,197715644,LOCKED
40310,3345.254,-233635950553888,-22358,39886,-29576.8,31166.2,9.6,-0.148,197808100,LOCKED
40311,3346.255,-233635950611527,-46575,15669,-29688.2,31717.7,9.6,-0.164,197786307,LOCKED
40312,3347.255,-233635950633501,-37673,24571,-29683.8,31661.4,9.5,-0.173,197912483,LOCKED
40313,3348.256,-233635950587442,36622,98866,-29673.7,31774.9,9.4,-0.181,198016442,LOCKED
40314,3349.255,-233635950704988,-48027,14217,-29752.1,32434.3,9.4,-0.185,197984111,LOCKED
40315,3350.255,-233635950716126,-28586,33658,-29745.1,32364.7,9.3,-0.190,198083780,LOCKED
40316,3351.255,-233635950705468,12587,74831,-29804.0,31798.3,9.4,-0.204,198171436,LOCKED
40317,3352.255,-233635950700991,44203,106447,-29746.6,32322.3,9.5,-0.216,198153131,LOCKED
40318,3353.254,-233635950788149,-13195,49049,-29725.3,32188.2,9.6,-0.226,198270596,LOCKED
40319,3354.255,-233635950771015,33035,95279,-29749.4,31871.9,9.5,-0.228,198377911,LOCKED
40320,3355.256,-233635950870544,-34154,28090,-29819.9,32197.1,9.6,-0.236,198369590,LOCKED
40321,3356.255,-233635950898611,-30601,31643,-29857.4,32440.2,9.2,-0.243,198437816,LOCKED
40322,3357.256,-233635950859558,37181,99425,-29863.9,32358.0,9.3,-0.249,198453304,LOCKED
40323,3358.255,-233635950964663,-35222,27022,-29944.7,32676.1,9.2,-0.254,198550018,LOCKED
40324,3359.255,-233635950942413,14939,77183,-29869.6,32519.0,9.6,-0.264,198663670,LOCKED
40325,3360.255,-233635950937716,48122,110366,-29881.8,32315.1,9.6,-0.267,198646896,LOCKED
40326,3361.255,-233635951044596,-25318,36926,-30014.6,31768.1,9.7,-0.271,198742907,LOCKED
40327,3362.255,-233635951024986,22918,85162,-29984.5,31910.6,9.8,-0.275,198854958,LOCKED
40328,3363.256,-233635951028932,44443,106687,-29836.6,32021.1,9.6,-0.273,198829708,LOCKED
40329,3364.257,-233635951117625,-12115,50129,-29929.5,31580.1,9.5,-0.270,198945077,LOCKED
40330,3365.258,-233635951097323,35928,98172,-29881.7,31932.9,9.3,-0.268,199054584,LOCKED
40331,3366.256,-233635951114204,44750,106994,-29750.8,32251.0,9.2,-0.265,199134213,LOCKED
40332,3367.257,-233635951219883,-28786,33458,-29820.5,32453.0,9.6,-0.255,199116883,LOCKED
40333,3368.256,-233635951208198,11390,73634,-29774.1,32425.2,9.5,-0.249,199217717,LOCKED
40334,3369.255,-233635951203993,41045,103289,-29629.8,32421.2,9.5,-0.243,199312344,LOCKED
40335,3370.255,-233635951312515,-34174,28070,-29753.5,32377.4,9.5,-0.237,199290077,LOCKED
40336,3371.256,-233635951307021,1206,63450,-29762.1,32367.3,9.4,-0.231,199393568,LOCKED
40337,3372.255,-233635951295115,40529,102773,-29714.3,32782.3,9.3,-0.227,199494895,LOCKED
40338,3373.256,-233635951410454,-40663,21581,-29864.5,32677.3,9.4,-0.225,199470863,LOCKED
40339,3374.256,-233635951402602,-1748,60496,-29920.5,32419.7,9.5,-0.224,199567929,LOCKED
40340,3375.260,-233635951394932,33077,95321,-29839.7,32681.5,9.5,-0.223,199667153,LOCKED
40341,3376.256,-233635951404874,48315,110559,-29691.1,32964.1,9.5,-0.228,199636703,LOCKED
40342,3377.257,-233635951462378,18973,81217,-29647.5,33055.0,9.5,-0.228,199781706,LOCKED
40343,3378.256,-233635951466135,40602,102846,-29505.6,33061.4,9.7,-0.234,199755028,LOCKED
40344,3379.256,-233635951570859,-31569,30675,-29602.8,33180.0,9.7,-0.236,199851604,LOCKED
40345,3380.256,-233635951571378,-2791,59453,-29583.2,33127.6,9.8,-0.238,199941008,LOCKED
40346,3381.256,-233635951551280,42076,104320,-29416.6,32839.0,9.7,-0.233,200056326,LOCKED
40347,3382.257,-233635951666258,-40425,21819,-29499.6,33281.2,9.7,-0.227,200028451,LOCKED
40348,3383.255,-233635951660784,-6181,56063,-29453.5,32997.8,9.7,-0.231,200124702,LOCKED
40349,3384.256,-233635951641718,37889,100133,-29297.8,32674.0,9.7,-0.224,200231898,LOCKED
40350,3385.258,-233635951763845,-50819,11425,-29415.7,33320.2,9.9,-0.219,200204706,LOCKED
40351,3386.256,-233635951772341,-28573,33671,-29433.4,33450.9,9.9,-0.211,200286856,LOCKED
40352,3387.256,-233635951777422,-3003,59241,-29488.2,33232.1,10.1,-0.206,200401672,LOCKED
40353,3388.258,-233635951861025,-53069,9175,-29598.9,33977.1,10.3,-0.201,200378660,LOCKED
40354,3389.257,-233635951864163,-26039,36205,-29583.5,33831.4,10.5,-0.211,200462596,LOCKED
40355,3390.256,-233635951921272,-51103,11141,-29619.3,34284.2,11.4,-0.142,200513360,LOCKED
40356,3391.258,-233635951888805,8801,71045,-29526.7,33779.7,11.9,-0.083,200617472,LOCKED
40357,3392.257,-233635951920951,6260,68504,-29541.0,33733.6,12.3,-0.044,200709349,LOCKED
40358,3393.258,-233635951995676,-36854,25390,-29581.3,34051.1,12.2,-0.008,200691174,LOCKED
40359,3394.257,-233635952007239,-18995,43249,-29541.8,33679.6,12.4,0.010,200775733,LOCKED
40360,3395.258,-233635951997736,19920,82164,-29568.7,33447.6,12.6,0.045,200872594,LOCKED
40361,3396.257,-233635951988898,54873,117117,-29490.3,34239.8,13.1,0.077,200970474,LOCKED
40362,3397.257,-233635952078924,-3547,58697,-29588.4,33495.1,13.4,0.111,200973551,LOCKED
40363,3398.257,-233635952074308,29183,91427,-29564.5,33662.3,14.1,0.153,201070083,LOCKED
40364,3399.259,-233635952182501,-46764,15480,-29618.5,34187.2,15.1,0.201,201055393,LOCKED
40365,3400.257,-233635952162614,1230,63474,-29546.2,33753.1,15.9,0.241,201161344,LOCKED
40366,3401.257,-233635952155316,36309,98553,-29519.9,33988.3,16.6,0.277,201257222,LOCKED
40367,3402.257,-233635952273078,-48952,13292,-29584.9,34594.7,17.1,0.307,201231462,LOCKED
40368,3403.257,-233635952273635,-19755,42489,-29560.3,34393.7,18.0,0.343,201324958,LOCKED
40369,3404.257,-233635952258708,23687,85931,-29548.4,34467.4,18.3,0.366,201428034,LOCKED
40370,3405.258,-233635952261247,47895,110139,-29490.4,35017.7,18.0,0.371,201404983,LOCKED
40371,3406.259,-233635952360963,-19468,42776,-29598.8,34643.9,18.3,0.390,201505527,LOCKED
40372,3407.258,-233635952325472,43933,106177,-29589.0,34766.3,18.3,0.399,201637970,LOCKED
40373,3408.257,-233635952445007,-44228,18016,-29603.0,34936.9,18.3,0.407,201603679,LOCKED
40374,3409.257,-233635952436548,-4073,58171,-29699.2,34253.9,18.3,0.414,201702253,LOCKED
40375,3410.259,-233635952437302,24452,86696,-29719.3,34067.4,18.2,0.414,201792675,LOCKED
40376,3411.259,-233635952443169,45068,107312,-29635.2,34610.6,17.8,0.413,201767080,LOCKED
40377,3412.258,-233635952537347,-19501,42743,-29601.5,34310.2,17.5,0.412,201875405,LOCKED
40378,3413.257,-233635952527277,19419,81663,-29596.9,34335.8,17.1,0.409,201975562,LOCKED
40379,3414.258,-233635952526183,45869,108113,-29464.8,34666.0,17.0,0.408,202067739,LOCKED
40380,3415.258,-233635952638281,-33143,29101,-29587.6,34595.7,16.6,0.404,202046745,LOCKED
40381,3416.258,-233635952644282,-7631,54613,-29669.6,34200.7,16.2,0.396,202135880,LOCKED
40382,3417.259,-233635952718015,-49219,13025,-29709.3,34660.1,15.9,0.388,202148409,LOCKED
40383,3418.258,-233635952727548,-25530,36714,-29839.5,34199.1,15.5,0.379,202228156,LOCKED
40384,3419.258,-233635952721301,9901,72145,-29823.7,34225.3,14.6,0.367,202323680,LOCKED
40385,3420.258,-233635952735839,22419,84663,-29725.0,34050.9,14.1,0.358,202403655,LOCKED
40386,3421.258,-233635952738084,47991,110235,-29711.2,34238.4,13.6,0.351,202491698,LOCKED
40387,3422.259,-233635952752240,59143,121387,-29593.2,35150.4,13.1,0.343,202455688,LOCKED
40388,3423.258,-233635952852986,-12444,49800,-29551.1,34841.1,13.0,0.335,202555403,LOCKED
40389,3424.259,-233635952849337,20093,82337,-29552.0,34835.7,12.9,0.332,202652071,LOCKED
40390,3425.261,-233635952882481,14477,76721,-29476.6,34675.2,12.8,0.324,202743576,LOCKED
40391,3426.258,-233635952949561,-23077,39167,-29440.5,34308.6,12.6,0.318,202735740,LOCKED
40392,3427.259,-233635952928088,27039,89283,-29446.4,34256.8,12.6,0.319,202758798,LOCKED
40393,3428.259,-233635953023014,-36261,25983,-29493.2,34584.4,12.6,0.318,202839364,LOCKED
40394,3429.259,-233635953020326,-5236,57008,-29427.5,34103.1,12.6,0.315,202934636,LOCKED
40395,3430.258,-233635953042688,2832,65076,-29481.6,33797.7,12.6,0.312,203028954,LOCKED
40396,3431.260,-233635953121787,-43713,18531,-29559.8,34314.8,12.6,0.310,203012329,LOCKED
40397,3432.259,-233635953122373,-15078,47166,-29518.0,33966.9,12.4,0.300,203105822,LOCKED
40398,3433.258,-233635953109863,26688,88932,-29549.6,33615.6,12.4,0.296,203208497,LOCKED
40399,3434.261,-233635953207156,-38070,24174,-29633.0,33986.4,12.6,0.294,203200206,LOCKED
40400,3435.260,-233635953207488,-9059,53185,-29603.6,33827.6,12.6,0.291,203290986,LOCKED
40401,3436.259,-233635953199252,25344,87588,-29476.9,33399.3,12.6,0.288,203389479,LOCKED
40402,3437.260,-233635953261144,-7380,54864,-29449.3,33267.0,12.6,0.283,203418673,LOCKED
40403,3438.259,-233635953270632,10092,72336,-29343.8,32592.2,12.6,0.291,203501015,LOCKED
40404,3439.259,-233635953261147,46454,108698,-29299.9,33069.4,12.6,0.289,203602465,LOCKED
40405,3440.260,-233635953378276,-38936,23308,-29354.9,33473.8,12.6,0.286,203576099,LOCKED
40406,3441.260,-233635953369010,-2165,60079,-29260.3,32596.1,13.7,0.214,203671156,LOCKED
40407,3442.260,-233635953368933,26264,88508,-29259.5,32603.4,14.0,0.170,203762179,LOCKED
40408,3443.259,-233635953479450,-51688,10556,-29335.9,33332.2,14.6,0.117,203744352,LOCKED
40409,3444.260,-233635953474805,-18396,43848,-29271.3,32573.4,14.2,0.083,203840768,LOCKED
40410,3445.260,-233635953462081,23212,85456,-29291.0,32389.6,14.2,0.091,203943435,LOCKED
40411,3446.259,-233635953461789,49869,112113,-29230.2,33025.5,13.8,0.067,203920446,LOCKED
40412,3447.260,-233635953525936,13659,75903,-29189.3,33051.5,13.8,0.058,204059378,LOCKED
40413,3448.260,-233635953527063,40461,102705,-29194.9,32977.8,13.8,0.049,204146932,LOCKED
40414,3449.261,-233635953654408,-53300,8944,-29321.9,33662.6,13.9,0.024,204108279,LOCKED
40415,3450.260,-233635953640132,-7399,54845,-29422.8,32981.8,13.8,0.027,204213304,LOCKED
40416,3451.260,-233635953660735,1062,63306,-29406.9,32964.2,13.7,0.029,204284698,LOCKED
40417,3452.261,-233635953660189,28803,91047,-29346.2,33186.0,13.6,0.031,204372271,LOCKED
40418,3453.260,-233635953765727,-43037,19207,-29488.4,33297.0,13.3,0.033,204359648,LOCKED
40419,3454.260,-233635953768649,-14587,47657,-29556.7,33191.3,13.2,0.034,204448542,LOCKED
40420,3455.263,-233635953770786,11582,73826,-29514.5,33185.3,13.1,0.034,204536556,LOCKED
40421,3456.260,-233635953763084,43888,106132,-29346.2,32965.2,13.1,0.033,204631410,LOCKED
40422,3457.262,-233635953851383,-13972,39328,-29376.6,33016.6,13.2,0.040,204633119,LOCKED
40423,3458.261,-233635953849707,14973,68273,-29298.0,32829.3,13.2,0.046,204726473,LOCKED
40424,3459.260,-233635953946085,-47172,6128,-29462.1,32849.6,13.1,0.059,204724035,LOCKED
40425,3460.262,-233635953921970,6054,59354,-29454.9,32858.8,13.0,0.071,204837901,LOCKED
40426,3461.261,-233635953917696,36034,89334,-29330.6,32881.9,12.7,0.077,204933329,LOCKED
40427,3462.261,-233635954031459,-43590,9710,-29494.4,32717.5,12.6,0.089,204905549,LOCKED
40428,3463.261,-233635954015932,2203,55503,-29536.0,32528.7,11.9,0.102,205015778,LOCKED
40429,3464.262,-233635954045717,1267,54567,-29504.3,32449.1,11.7,0.114,205103826,LOCKED
40430,3465.262,-233635954126051,-47840,5460,-29509.3,32524.3,12.0,0.122,205085593,LOCKED
40431,3466.260,-233635954136245,-25876,27424,-29596.4,32553.5,11.6,0.129,205166464,LOCKED
40432,3467.260,-233635954192110,-50044,3256,-29616.3,32837.2,11.5,0.131,205200226,LOCKED
40433,3468.261,-233635954165996,6993,60293,-29692.2,32132.9,11.6,0.141,205316516,LOCKED
40434,3469.261,-233635954224539,-19923,33377,-29754.2,32178.7,11.8,0.150,205407753,LOCKED
40435,3470.261,-233635954270301,-33988,19312,-29793.0,32468.4,12.1,0.156,205393911,LOCKED
40436,3471.261,-233635954253419,10683,63983,-29712.3,32144.2,12.4,0.162,205502146,LOCKED
40437,3472.262,-233635954243729,47704,101004,-29674.7,32595.9,12.4,0.165,205605196,LOCKED
40438,3473.260,-233635954342724,-20656,32644,-29687.5,32666.1,12.4,0.167,205594168,LOCKED
40439,3474.261,-233635954322430,25942,79242,-29564.3,32299.5,12.5,0.170,205703643,LOCKED
40440,3475.263,-233635954324992,50641,103941,-29535.5,32695.2,12.7,0.175,205682309,LOCKED
40441,3476.261,-233635954441469,-33565,19735,-29614.1,32976.0,12.7,0.173,205771017,LOCKED
40442,3477.262,-233635954393198,43349,96649,-29638.6,32579.7,12.7,0.170,205901330,LOCKED
40443,3478.262,-233635954513955,-43340,9960,-29784.2,32665.7,12.9,0.169,205877806,LOCKED
40444,3479.261,-233635954494907,5400,58700,-29788.6,32656.0,13.1,0.166,205990061,LOCKED
40445,3480.261,-233635954479210,47345,100645,-29693.5,33269.6,13.3,0.163,205978812,LOCKED
40446,3481.263,-233635954574147,-17953,35347,-29660.8,32987.3,13.3,0.164,206087016,LOCKED
40447,3482.261,-233635954555486,26595,79895,-29519.6,32365.2,13.4,0.166,206196799,LOCKED
40448,3483.262,-233635954656828,-41868,11432,-29615.0,32816.4,13.3,0.160,206185618,LOCKED
40449,3484.262,-233635954639159,4453,57753,-29575.1,32727.4,13.2,0.169,206293381,LOCKED
40450,3485.262,-233635954624650,44841,98141,-29468.0,33216.3,13.2,0.163,206399117,LOCKED
40451,3486.262,-233635954746534,-43859,9441,-29577.7,33650.5,13.2,0.164,206368276,LOCKED
40452,3487.261,-233635954699446,29690,82990,-29473.9,33653.5,13.2,0.156,206507236,LOCKED
40453,3488.261,-233635954716410,40550,93850,-29460.4,33808.2,13.2,0.159,206468492,LOCKED
40454,3489.263,-233635954800353,-12976,40324,-29485.8,33853.5,13.2,0.160,206582695,LOCKED
40455,3490.263,-233635954802674,13099,66399,-29454.0,33893.3,13.4,0.154,206677352,LOCKED
40456,3491.262,-233635954795010,48411,101711,-29445.9,34008.8,13.5,0.149,206773050,LOCKED
40457,3492.262,-233635954903728,-28312,24988,-29524.1,34154.1,13.9,0.146,206754290,LOCKED
40458,3493.261,-233635954906867,-2589,50711,-29487.2,34004.8,14.4,0.102,206841128,LOCKED
40459,3494.262,-233635954887192,44965,98265,-29483.1,34060.4,14.3,0.036,206954906,LOCKED
40460,3495.264,-233635955014114,-48567,4733,-29594.2,34634.6,14.3,-0.010,206914982,LOCKED
40461,3496.263,-233635954997432,-2817,50483,-29563.7,34527.5,14.2,-0.056,207018671,LOCKED
40462,3497.263,-233635954980539,41162,94462,-29510.4,34946.4,14.5,-0.100,207020769,LOCKED
40463,3498.262,-233635955090885,-37426,15874,-29558.6,35288.1,14.3,-0.164,207110689,LOCKED
40464,3499.262,-233635955076415,4561,57861,-29465.8,34677.3,13.8,-0.234,207215160,LOCKED
40465,3500.264,-233635955067389,41446,94746,-29455.9,34793.4,12.8,-0.301,207315340,LOCKED
40466,3501.263,-233635955182850,-41726,11574,-29525.6,35250.8,12.7,-0.320,207290753,LOCKED
40467,3502.264,-233635955178598,-8437,44863,-29487.5,35030.5,12.6,-0.315,207384002,LOCKED
40468,3503.262,-233635955173317,26254,79554,-29527.5,34575.7,12.2,-0.309,207480418,LOCKED
40469,3504.263,-233635955189091,37985,91285,-29491.3,34878.8,12.3,-0.299,207448229,LOCKED
40470,3505.264,-233635955274556,-17653,35647,-29478.4,34795.7,12.3,-0.291,207561444,LOCKED
40471,3506.263,-233635955328322,-41076,12224,-29452.5,34413.1,12.3,-0.285,207669300,LOCKED
40472,3507.262,-233635955371245,-51787,1513,-29501.9,34977.6,12.4,-0.278,207687555,LOCKED
40473,3508.263,-233635955343585,3299,56599,-29405.3,34266.3,12.6,-0.264,207777174,LOCKED
40474,3509.263,-233635955426322,-45365,7935,-29559.2,34335.4,12.5,-0.259,207772104,LOCKED
40475,3510.263,-233635955434453,-22274,31026,-29603.8,34465.7,12.5,-0.256,207848894,LOCKED
40476,3511.263,-233635955437738,3621,56921,-29589.0,34463.0,13.0,-0.240,207942785,LOCKED
40477,3512.264,-233635955475509,-5445,47855,-29536.5,34133.8,13.0,-0.238,208024826,LOCKED
40478,3513.264,-233635955525646,-23075,30225,-29644.1,33880.1,13.0,-0.236,208015011,LOCKED
40479,3514.265,-233635955535432,-2505,50795,-29674.9,33819.9,13.1,-0.230,208111861,LOCKED
40480,3515.265,-233635955528348,31649,84949,-29599.6,34057.2,13.1,-0.230,208207245,LOCKED
40481,3516.263,-233635955530875,53219,106519,-29417.7,34132.4,13.5,-0.220,208187963,LOCKED
40482,3517.264,-233635955579976,31452,84752,-29367.7,34396.3,13.6,-0.215,208339111,LOCKED
40483,3518.263,-233635955590331,46216,99516,-29235.7,34741.2,13.7,-0.210,208308512,LOCKED
40484,3519.264,-233635955686480,-18204,35096,-29328.0,34513.5,13.6,-0.203,208412229,LOCKED
40485,3520.264,-233635955672434,23002,76302,-29259.7,34586.8,13.6,-0.197,208518935,LOCKED
40486,3521.264,-233635955774584,-48358,4942,-29254.4,34505.4,13.6,-0.193,208504941,LOCKED
40487,3522.263,-233635955755318,1193,54493,-29307.1,34244.0,13.5,-0.189,208614147,LOCKED
40488,3523.264,-233635955747665,35290,88590,-29225.1,34542.6,13.4,-0.183,208712196,LOCKED
40489,3524.263,-233635955859774,-44931,8369,-29281.1,35033.2,13.3,-0.179,208687987,LOCKED
40490,3525.265,-233635955840501,4681,57981,-29341.0,34640.6,13.1,-0.174,208798931,LOCKED
40491,3526.264,-233635955839179,33785,87085,-29320.6,34813.1,13.3,-0.176,208892094,LOCKED
40492,3527.263,-233635955909508,-5119,48181,-29415.6,34176.7,13.6,-0.183,208910705,LOCKED
40493,3528.264,-233635955912706,19631,72931,-29376.1,34278.3,13.6,-0.179,208999348,LOCKED
40494,3529.264,-233635955912798,46581,99881,-29339.0,34686.1,13.5,-0.174,208977295,LOCKED
40495,3530.264,-233635956005300,-14106,39194,-29437.2,34269.3,13.4,-0.168,209087825,LOCKED
40496,3531.263,-233635956004426,15118,68418,-29409.0,34330.4,13.3,-0.162,209175548,LOCKED
40497,3532.266,-233635955998388,45921,99221,-29257.2,34452.1,13.4,-0.160,209270646,LOCKED
40498,3533.263,-233635956106682,-30143,23157,-29353.1,34533.3,13.4,-0.157,209255273,LOCKED
40499,3534.266,-233635956112042,-6492,46808,-29325.4,34411.9,13.4,-0.154,209338553,LOCKED
40500,3535.265,-233635956104581,26646,79946,-29190.4,33919.2,13.3,-0.144,209438007,LOCKED
40501,3536.264,-233635956186071,-22903,30397,-29287.5,33774.7,13.3,-0.139,209451343,LOCKED
40502,3537.266,-233635956152774,35701,89001,-29151.3,33640.7,13.6,-0.134,209461220,LOCKED
40503,3538.265,-233635956259541,-37676,15624,-29297.0,33464.2,13.7,-0.118,209557562,LOCKED
40504,3539.265,-233635956240287,10220,63520,-29281.8,33492.3,13.7,-0.099,209664359,LOCKED
40505,3540.265,-233635956233593,41736,95036,-29132.0,33446.8,14.0,-0.075,209762036,LOCKED
40506,3541.266,-233635956351491,-43385,9915,-29239.0,33877.4,14.0,-0.062,209735917,LOCKED
40507,3542.266,-233635956349802,-12564,40736,-29212.7,33713.8,14.1,-0.044,209824097,LOCKED
40508,3543.265,-233635956354165,12925,66225,-29265.7,33247.3,14.3,-0.036,209913846,LOCKED
40509,3544.265,-233635956358675,35188,88488,-29201.8,33588.5,14.5,-0.025,209887043,LOCKED
40510,3545.268,-233635956457421,-33665,19635,-29179.7,33309.8,14.8,-0.050,209988367,LOCKED
40511,3546.265,-233635956444976,8921,62221,-29241.8,32782.5,14.7,-0.051,210094498,LOCKED
40512,3547.266,-233635956458290,22260,75560,-29151.6,32682.2,14.6,-0.048,210079482,LOCKED
40513,3548.268,-233635956548823,-38051,15249,-29140.9,32539.3,14.7,-0.058,210166376,LOCKED
40514,3549.266,-233635956552144,-11139,42161,-29176.0,32552.1,14.6,-0.051,210249636,LOCKED
40515,3550.266,-233635956573526,-3693,49607,-29152.7,32474.5,14.7,-0.075,210336531,LOCKED
40516,3551.266,-233635956638040,-38341,14959,-29123.8,32035.9,14.7,-0.101,210318992,LOCKED
40517,3552.265,-233635956683358,-50245,3055,-29251.1,32613.6,14.3,-0.152,210425676,LOCKED
40518,3553.266,-233635956635472,25129,78429,-29206.3,32791.6,14.3,-0.145,210531801,LOCKED
40519,3554.267,-233635956749196,-57201,0,-29218.5,33001.3,14.3,-0.139,210511960,LOCKED
40520,3555.269,-233635956740258,-16273,40928,-29327.7,32479.7,14.4,-0.145,210606579,LOCKED
40521,3556.265,-233635956728841,23007,80208,-29294.0,32625.6,14.4,-0.140,210707774,LOCKED
40522,3557.266,-233635956810344,-28736,28465,-29269.0,32336.0,14.3,-0.144,210718261,LOCKED
40523,3558.266,-233635956804722,6960,64161,-29320.2,31975.2,14.2,-0.148,210817663,LOCKED
40524,3559.265,-233635956798356,39694,96895,-29241.2,32418.1,14.1,-0.152,210801753,LOCKED
40525,3560.267,-233635956885530,-18567,38634,-29194.1,31925.4,14.2,-0.157,210914706,LOCKED
40526,3561.266,-233635956872447,23446,80647,-29220.2,31658.5,13.8,-0.161,211014487,LOCKED
40527,3562.266,-233635956887153,35715,92916,-29169.3,32015.0,14.0,-0.172,210983452,LOCKED
40528,3563.265,-233635956976745,-24053,33148,-29161.4,31946.6,14.2,-0.183,211088890,LOCKED
40529,3564.266,-233635956979894,396,57597,-29085.2,31406.5,14.4,-0.191,211179403,LOCKED
40530,3565.269,-233635956970788,36421,93622,-29039.4,31762.8,14.3,-0.193,211278174,LOCKED
40531,3566.267,-233635957088465,-47674,9527,-29183.3,32076.8,14.4,-0.200,211254994,LOCKED
40532,3567.266,-233635957059205,11812,69013,-29254.3,31322.7,14.4,-0.201,211370791,LOCKED
40533,3568.266,-233635957066781,31265,88466,-29196.9,31608.5,14.2,-0.205,211459078,LOCKED
40534,3569.266,-233635957179496,-47159,10042,-29368.9,31501.4,14.2,-0.205,211436220,LOCKED
40535,3570.266,-233635957225571,-58550,0,-29532.7,32142.2,14.1,-0.205,211476821,LOCKED
40536,3571.266,-233635957230924,-31697,26853,-29611.3,32379.9,13.5,-0.203,211562545,LOCKED
40537,3572.268,-233635957228279,1301,59851,-29650.0,32224.8,13.4,-0.198,211656397,LOCKED
40538,3573.266,-233635957228430,30311,88861,-29676.4,31896.0,13.5,-0.200,211746488,LOCKED
40539,3574.266,-233635957244699,41796,100346,-29651.5,32179.5,13.1,-0.195,211710399,LOCKED
40540,3575.273,-233635957339455,-22083,36467,-29675.0,32297.3,13.0,-0.193,211819073,LOCKED
40541,3576.266,-233635957334145,10874,69424,-29593.4,31966.1,12.1,-0.183,211914541,LOCKED
40542,3577.267,-233635957399625,-24021,34529,-29602.1,32027.9,11.7,-0.176,211936276,LOCKED
40543,3578.267,-233635957401390,2276,60826,-29530.2,31594.3,11.2,-0.168,212027526,LOCKED
40544,3579.267,-233635957398472,33303,91853,-29515.8,31733.8,10.8,-0.161,212122571,LOCKED
40545,3580.266,-233635957508427,-44668,13882,-29562.7,32216.7,10.2,-0.151,212103610,LOCKED
40546,3581.267,-233635957501955,-6238,52312,-29670.1,31349.6,9.5,-0.140,212195123,LOCKED
40547,3582.267,-233635957509721,14986,73536,-29661.6,31385.4,9.5,-0.135,212280526,LOCKED
40548,3583.266,-233635957500812,49173,107723,-29528.1,31877.7,8.7,-0.122,212381720,LOCKED
40549,3584.268,-233635957609925,-26702,31848,-29666.0,31298.2,8.3,-0.113,212361769,LOCKED
40550,3585.267,-233635957598855,13373,71923,-29655.8,31334.0,8.2,-0.104,212466769,LOCKED
40551,3586.269,-233635957608738,30212,88762,-29561.9,31441.9,8.1,-0.100,212550808,LOCKED
40552,3587.266,-233635957651905,16017,74567,-29559.6,31453.7,8.3,-0.103,212591427,LOCKED
40553,3588.267,-233635957685480,10848,69398,-29520.9,31451.4,8.4,-0.099,212682487,LOCKED
40554,3589.267,-233635957751021,-24929,33621,-29491.3,31119.7,8.5,-0.093,212677256,LOCKED
40555,3590.269,-233635957732191,22511,81061,-29485.5,31160.6,8.6,-0.086,212782728,LOCKED
40556,3591.267,-233635957730421,49916,108466,-29379.4,31856.7,8.6,-0.078,212766632,LOCKED
40557,3592.267,-233635957823963,-14939,43611,-29320.4,31232.4,9.1,-0.067,212872313,LOCKED
40558,3593.267,-233635957807727,29545,88095,-29316.9,31265.9,8.7,-0.045,212982382,LOCKED
40559,3594.267,-233635957917291,-47256,11294,-29407.6,31911.9,8.6,-0.031,212959623,LOCKED
40560,3595.269,-233635957903821,-5107,53443,-29363.2,31651.2,8.5,-0.014,213063939,LOCKED
40561,3596.268,-233635957917471,10576,69126,-29379.4,31569.6,7.8,0.003,213147278,LOCKED
40562,3597.268,-233635957986963,-29012,29538,-29356.8,31301.8,7.9,-0.005,213165633,LOCKED
40563,3598.267,-233635957970152,17161,75711,-29385.7,31054.2,7.9,-0.011,213272388,LOCKED
40564,3599.268,-233635957979654,34194,92744,-29302.5,31347.7,8.3,-0.031,213237711,LOCKED
40565,3600.268,-233635958053938,-11800,46750,-29233.0,30602.5,8.2,-0.049,213368170,LOCKED
