# seq,elapsed_s,d_total_ns,d_detrended_ns,offset_ns,drift_ns_per_s,drift_sigma_ns,gm_sigma_ns,gm_a1_ppb,clock_error_ns,sync_state
10593,0.616,-207256075651345,0,0,-379681.0,inf,12.0,-0.077,0,ACQUIRING
10594,1.616,-207256075617658,0,0,-172997.0,168756.8,13.1,-0.058,0,ACQUIRING
10595,2.616,-207256075662027,0,0,-113740.2,141745.2,14.0,-0.040,0,ACQUIRING
10596,3.616,-207256075626549,0,0,-72045.2,138525.7,14.4,-0.029,0,ACQUIRING
10597,4.616,-207256075593663,0,0,-45142.2,136433.3,15.1,-0.013,0,ACQUIRING
10598,5.618,-207256075567001,0,0,-27840.6,132985.3,15.8,0.000,0,ACQUIRING
10599,6.616,-207256075532123,0,0,-15405.1,130009.9,16.4,0.012,0,ACQUIRING
10600,7.618,-207256075480253,0,0,-5116.9,128859.9,17.0,0.023,0,ACQUIRING
10601,8.617,-207256075420178,0,0,3676.7,129057.2,17.6,0.033,0,ACQUIRING
10602,9.617,-207256075440514,0,0,7381.7,123727.3,17.9,0.038,0,ACQUIRING
10603,10.617,-207256075377988,0,0,11640.2,121004.2,18.1,0.046,0,ACQUIRING
10604,11.617,-207256075316320,0,0,15863.2,119970.2,18.3,0.050,0,ACQUIRING
10605,12.617,-207256075335878,0,0,17505.7,115749.8,18.4,0.053,0,ACQUIRING
10606,13.617,-207256075236787,0,0,20612.9,115189.1,18.4,0.053,0,ACQUIRING
10607,14.617,-207256075237317,0,0,22225.6,112318.9,18.6,0.055,0,ACQUIRING
10608,15.617,-207256075228443,0,0,23070.6,108956.9,18.7,0.057,0,ACQUIRING
10609,16.617,-207256075119389,0,0,25172.0,108824.7,18.7,0.061,0,ACQUIRING
10610,17.618,-207256075148683,0,0,25816.2,105948.3,18.7,0.064,0,ACQUIRING
10611,18.617,-207256075157648,0,0,25788.7,102964.0,18.7,0.068,0,ACQUIRING
10612,19.617,-207256075087712,0,0,26341.7,100608.6,18.6,0.072,0,ACQUIRING
10613,20.617,-207256075042477,0,0,26981.0,98674.3,18.7,0.071,0,ACQUIRING
10614,21.617,-207256074981618,0,0,27835.6,97567.3,18.7,0.070,0,ACQUIRING
10615,22.618,-207256074923548,0,0,28796.1,97161.1,18.6,0.075,0,ACQUIRING
10616,23.618,-207256074944258,0,0,29086.7,95217.9,18.8,0.074,0,ACQUIRING
10617,24.617,-207256074868384,0,0,29715.2,94240.2,18.8,0.080,0,ACQUIRING
10618,25.618,-207256074877510,0,0,29905.7,92443.5,18.7,0.087,0,ACQUIRING
10619,26.618,-207256074892872,0,0,29723.7,90759.5,18.7,0.096,0,ACQUIRING
10620,27.619,-207256074769978,0,0,30219.4,89991.5,18.6,0.106,0,ACQUIRING
10621,28.618,-207256074752723,0,0,30538.8,88801.1,18.5,0.118,0,ACQUIRING
10622,29.618,-207256074762835,0,0,30554.3,87257.7,18.4,0.131,0,ACQUIRING
10623,30.618,-207256074711776,0,0,30683.6,85879.6,18.3,0.147,0,ACQUIRING
10624,31.618,-207256074661666,0,0,30894.6,84745.6,18.3,0.152,0,ACQUIRING
10625,32.618,-207256074602431,0,0,31213.4,84073.0,18.5,0.125,0,ACQUIRING
10626,33.618,-207256074672909,0,0,30996.4,83127.2,18.8,0.080,0,ACQUIRING
10627,34.618,-207256074611835,0,0,30949.0,81913.4,18.9,0.040,0,ACQUIRING
10628,35.618,-207256074549565,0,0,31042.6,80810.9,18.6,0.004,0,ACQUIRING
10629,36.618,-207256074480082,0,0,31277.8,80207.7,18.5,-0.062,0,ACQUIRING
10630,37.618,-207256074486224,0,0,31334.7,79150.0,17.9,-0.104,0,ACQUIRING
10631,38.619,-207256074506562,0,0,31194.5,78325.1,17.2,-0.164,0,ACQUIRING
10632,39.619,-207256074473018,0,0,31082.0,77470.9,17.0,-0.198,0,ACQUIRING
10633,40.618,-207256074356760,0,0,31267.7,76959.0,16.3,-0.260,0,ACQUIRING
10634,41.619,-207256074376141,0,0,31268.1,76014.7,16.3,-0.261,0,ACQUIRING
10635,42.619,-207256074361102,0,0,31219.3,75141.8,16.3,-0.263,0,ACQUIRING
10636,43.619,-207256074323768,0,0,31194.5,74273.5,16.3,-0.264,0,ACQUIRING
10637,44.619,-207256074291506,0,0,31175.7,73431.1,16.0,-0.262,0,ACQUIRING
10638,45.619,-207256074250216,0,0,31186.1,72612.8,16.0,-0.264,0,ACQUIRING
10639,46.619,-207256074203178,0,0,31235.6,71871.7,15.9,-0.257,0,ACQUIRING
10640,47.619,-207256074132283,0,0,31376.5,71557.5,15.8,-0.251,0,ACQUIRING
10641,48.619,-207256074173201,0,0,31331.1,70858.8,15.7,-0.254,0,ACQUIRING
10642,49.619,-207256074075488,0,0,31440.9,70448.3,15.3,-0.257,0,ACQUIRING
10643,50.619,-207256074109289,0,0,31396.6,69795.4,15.1,-0.254,0,ACQUIRING
10644,51.619,-207256074027575,0,0,31462.5,69237.7,15.0,-0.252,0,ACQUIRING
10645,52.620,-207256074046129,0,0,31420.4,68625.3,15.0,-0.256,0,ACQUIRING
10646,53.620,-207256073956483,0,0,31496.1,68169.4,14.5,-0.262,0,ACQUIRING
10647,54.619,-207256073915597,0,0,31581.6,67798.9,14.5,-0.266,0,ACQUIRING
10648,55.620,-207256073898703,0,0,31631.8,67276.0,13.9,-0.268,0,ACQUIRING
10649,56.620,-207256073880397,0,0,31653.6,66691.9,13.9,-0.271,0,ACQUIRING
10650,57.620,-207256073831539,0,0,31702.4,66207.1,13.9,-0.275,0,ACQUIRING
10651,58.620,-207256073784313,39665,0,31772.0,65854.5,13.7,-0.282,0,ACQUIRING
10652,59.620,-207256073811944,-32683,0,32463.1,31566.8,13.9,-0.290,7591,ACQUIRING
10653,60.620,-207256073829705,-78957,0,32400.5,32816.9,13.8,-0.290,-736206,ACQUIRING
10654,61.620,-207256073819859,-96401,0,32309.9,34805.8,13.4,-0.285,-701387,ACQUIRING
10655,62.620,-207256073924377,-216986,0,31872.8,45392.3,13.0,-0.280,-777696,ACQUIRING
10656,63.620,-207256073927318,-234137,0,31394.5,55170.8,13.1,-0.280,-757328,LOCKED
10657,64.621,-207256073934673,-253535,0,30865.4,64701.8,12.6,-0.273,-732572,LOCKED
10658,65.621,-207256073994230,-319430,0,30191.7,77398.2,12.3,-0.267,-758512,LOCKED
10659,66.620,-207256074007144,-336428,0,29468.6,89281.0,11.9,-0.260,-745050,LOCKED
10660,67.621,-207256074024850,-356294,0,28719.5,101090.9,11.2,-0.249,-732743,LOCKED
10661,68.621,-207256074046388,-378209,0,27956.2,113123.3,10.5,-0.238,-719526,LOCKED
10662,69.621,-207256074040840,-370469,7740,27091.1,122675.0,9.7,-0.225,-682412,LOCKED
10663,70.621,-207256074073578,-398675,0,26200.5,133266.9,9.3,-0.216,-678847,LOCKED
10664,71.621,-207256074107122,-425424,0,25287.0,144668.8,8.9,-0.206,-682077,LOCKED
10665,72.621,-207256074136100,-443088,0,24225.6,155125.7,8.8,-0.195,-671829,LOCKED
10666,73.621,-207256074169802,-464620,0,23210.3,166742.8,9.5,-0.190,-669355,LOCKED
10667,74.621,-207256074192748,-472138,0,22097.1,177272.4,9.0,-0.176,-657961,LOCKED
10668,75.621,-207256074237250,-496901,0,20868.0,187644.5,8.6,-0.161,-662129,LOCKED
10669,76.621,-207256074271808,-511483,0,19712.0,199077.4,8.5,-0.152,-656142,LOCKED
10670,77.621,-207256074294709,-510553,930,18421.7,208571.6,8.5,-0.150,-637166,LOCKED
10671,78.623,-207256074327183,-515385,0,17015.5,216530.6,8.5,-0.137,-629715,LOCKED
10672,79.621,-207256074334455,-495512,19873,15669.8,223716.2,8.8,-0.133,-587610,LOCKED
10673,80.621,-207256074363596,-495887,19498,14311.1,230538.3,8.7,-0.116,-568881,LOCKED
10674,81.621,-207256074398510,-500679,14706,12960.6,237551.5,8.7,-0.097,-560582,LOCKED
10675,82.621,-207256074414876,-486840,28545,11649.3,244017.9,8.8,-0.087,-529367,LOCKED
10676,83.621,-207256074452582,-490364,25021,10212.8,248965.7,9.4,-0.085,-519153,LOCKED
10677,84.621,-207256074491944,-494707,20678,8813.0,254552.8,9.1,-0.070,-508312,LOCKED
10678,85.622,-207256074521285,-486201,29184,7328.8,258384.1,9.3,-0.086,-485899,LOCKED
10679,86.621,-207256074552571,-476508,38877,5747.5,260024.1,9.4,-0.098,-460072,LOCKED
10680,87.621,-207256074589885,-473956,41429,4294.3,263502.2,10.0,-0.124,-446724,LOCKED
10681,88.622,-207256074607815,-451134,64251,2831.0,265471.9,10.1,-0.132,-404306,LOCKED
10682,89.622,-207256074617323,-418697,96688,1326.9,264862.7,10.2,-0.139,-457684,LOCKED
10683,90.622,-207256074629876,-389953,125432,-119.2,263570.1,10.2,-0.145,-421114,LOCKED
10684,91.622,-207256074661006,-379297,136088,-1536.1,262167.6,10.2,-0.136,-388336,LOCKED
10685,92.622,-207256074731375,-405277,110108,-2967.9,261993.0,10.3,-0.151,-245748,LOCKED
10686,93.622,-207256074803269,-425970,89415,-4629.9,258772.5,10.3,-0.163,-316630,LOCKED
10687,94.622,-207256074846439,-417380,98005,-6251.9,255778.0,10.3,-0.162,-274598,LOCKED
10688,95.622,-207256074768921,-295604,219781,-7628.3,250235.0,9.9,-0.163,-237301,LOCKED
10689,96.622,-207256074890459,-367657,147728,-9073.9,247511.0,9.9,-0.160,-177262,LOCKED
10690,97.622,-207256074899969,-327530,187855,-10522.7,242182.2,10.0,-0.179,-118231,LOCKED
10691,98.622,-207256074914511,-291491,223894,-12006.9,233537.2,9.9,-0.176,-59726,LOCKED
10692,99.622,-207256074896402,-225765,289620,-13381.8,223001.1,9.9,-0.175,31866,LOCKED
10693,100.622,-207256074922292,-206924,308461,-14578.6,215283.5,9.9,-0.180,79591,LOCKED
10694,101.622,-207256074970269,-207331,308054,-15855.5,205270.2,9.9,-0.185,106914,LOCKED
10695,102.622,-207256074995235,-184579,330806,-17114.8,193682.3,10.2,-0.196,159252,LOCKED
10696,103.623,-207256075015397,-157996,357389,-18308.6,181470.0,10.2,-0.199,211783,LOCKED
10697,104.622,-207256075030335,-127426,387959,-19433.8,168383.2,10.1,-0.202,280756,LOCKED
10698,105.622,-207256075067865,-119596,395789,-20509.5,155300.6,10.1,-0.204,212275,LOCKED
10699,106.622,-207256075089563,-97431,417954,-21495.6,142501.0,10.0,-0.210,272836,LOCKED
10700,107.623,-207256075126597,-92010,423375,-22373.0,131860.0,9.7,-0.210,321052,LOCKED
10701,108.623,-207256075256134,-170935,344450,-23476.8,118521.0,9.7,-0.210,387710,LOCKED
10702,109.623,-207256075235378,-105949,409436,-24320.9,107959.1,9.9,-0.215,493226,LOCKED
10703,110.623,-207256075264579,-89796,425589,-25205.6,92903.9,9.5,-0.213,550145,LOCKED
10704,111.623,-207256075282117,-65457,449928,-25916.4,81113.6,9.1,-0.210,614313,LOCKED
10705,112.623,-207256075319650,-60111,455274,-26650.4,65387.8,9.2,-0.213,664408,LOCKED
10706,113.623,-207256075353164,-53643,461742,-27216.7,54691.0,9.4,-0.215,722046,LOCKED
10707,114.623,-207256075380898,-43243,472142,-27681.5,46021.0,9.6,-0.216,780239,LOCKED
10708,115.623,-207256075410272,-35538,479847,-28084.4,38018.0,9.3,-0.213,838210,LOCKED
10709,116.623,-207256075450985,-39613,475772,-28439.0,31408.8,9.9,-0.215,893158,LOCKED
10710,117.623,-207256075471895,-26729,488656,-28657.8,28676.5,10.0,-0.215,957257,LOCKED
10711,118.623,-207256075484845,-9306,506079,-28726.7,28414.6,10.5,-0.215,1036659,LOCKED
10712,119.623,-207256075473548,29763,545148,-28729.3,28384.5,10.7,-0.217,1134388,LOCKED
10713,120.623,-207256075507525,23635,539020,-28725.4,28416.9,10.7,-0.214,1079725,LOCKED
10714,121.623,-207256075530055,27341,542726,-28648.6,28570.7,10.8,-0.210,1154662,LOCKED
10715,122.624,-207256075637105,-45832,469553,-28829.3,28188.4,11.2,-0.207,1240021,LOCKED
10716,123.623,-207256075675482,-50546,464839,-28982.8,28574.3,11.3,-0.207,1293790,LOCKED
10717,124.624,-207256075702008,-44305,471080,-29095.0,29077.8,11.3,-0.201,1353781,LOCKED
10718,125.624,-207256075710494,-20384,495001,-29223.9,28304.0,11.5,-0.200,1438958,LOCKED
10719,126.624,-207256075724652,-3598,511787,-29302.5,27748.6,11.6,-0.199,1513350,LOCKED
10720,127.624,-207256075730190,19944,535329,-29324.8,27525.8,11.6,-0.190,1601680,LOCKED
10721,128.624,-207256075743708,34306,549691,-29311.0,27685.8,11.6,-0.179,1677070,LOCKED
10722,129.624,-207256075861979,-51361,464024,-29387.3,28531.0,11.5,-0.167,1648694,LOCKED
10723,130.624,-207256075873737,-31644,483741,-29437.2,28849.5,11.4,-0.153,1727776,LOCKED
10724,131.624,-207256075910482,-36358,479027,-29504.1,29267.9,11.2,-0.138,1780021,LOCKED
10725,132.624,-207256075923667,-18645,496740,-29541.6,29374.9,11.2,-0.130,1857878,LOCKED
10726,133.624,-207256075950349,-14502,500883,-29580.6,29422.1,11.6,-0.130,1923906,LOCKED
10727,134.624,-207256075956731,8203,523588,-29570.0,29441.7,11.4,-0.106,2006637,LOCKED
10728,135.624,-207256075975068,18737,534122,-29566.8,29461.7,11.5,-0.092,2076463,LOCKED
10729,136.624,-207256075991786,30280,545665,-29553.1,29590.7,11.1,-0.068,2151827,LOCKED
10730,137.625,-207256076008276,41067,556452,-29509.6,30030.4,10.6,-0.044,2223428,LOCKED
10731,138.624,-207256076026998,49113,564498,-29456.7,30654.8,10.6,-0.049,2298761,LOCKED
10732,139.624,-207256076130458,-23395,491990,-29491.2,30814.9,10.7,-0.051,2286271,LOCKED
10733,140.624,-207256076153471,-15933,499452,-29513.0,30887.1,10.7,-0.051,2353205,LOCKED
10734,141.624,-207256076173368,-5832,509553,-29527.2,30895.7,10.5,-0.033,2421365,LOCKED
10735,142.625,-207256076185906,10080,525465,-29491.0,30892.8,10.3,-0.012,2497912,LOCKED
10736,143.625,-207256076211848,12628,528013,-29462.8,30936.8,10.5,-0.021,2563046,LOCKED
10737,144.625,-207256076216538,35161,550546,-29411.3,31293.3,10.7,-0.057,2649319,LOCKED
10738,145.625,-207256076239476,39089,554474,-29351.3,31733.5,10.7,-0.072,2717350,LOCKED
10739,146.625,-207256076246998,57148,572533,-29261.1,32659.4,10.7,-0.085,2802687,LOCKED
10740,147.626,-207256076270107,59588,574973,-29177.9,33606.5,10.8,-0.094,2870416,LOCKED
10741,148.625,-207256076402425,-40733,474652,-29248.7,34058.6,10.8,-0.103,2825792,LOCKED
10742,149.625,-207256076379577,10002,525387,-29198.3,33990.9,10.8,-0.111,2938258,LOCKED
10743,150.625,-207256076396074,19993,535378,-29098.4,33726.9,10.7,-0.110,3011608,LOCKED
10744,151.625,-207256076419635,22595,537980,-28991.7,33465.4,10.3,-0.116,3077738,LOCKED
10745,152.625,-207256076420761,47168,562553,-28908.4,34072.8,10.2,-0.114,3167150,LOCKED
10746,153.625,-207256076460663,35187,550572,-28918.5,33954.2,10.2,-0.119,3233327,LOCKED
10747,154.625,-207256076568621,-39109,476276,-29086.6,33491.0,9.7,-0.116,3196274,LOCKED
10748,155.625,-207256076591647,-32382,483003,-29065.4,33233.9,9.2,-0.118,3263987,LOCKED
10749,156.625,-207256076609553,-18308,497077,-29178.2,32734.8,8.7,-0.114,3333858,LOCKED
10750,157.626,-207256076615067,6016,521401,-29220.7,32486.5,8.7,-0.112,3419928,LOCKED
10751,158.626,-207256076628233,21217,536602,-29214.1,32527.9,8.2,-0.107,3493587,LOCKED
10752,159.625,-207256076616328,57302,572687,-29062.0,33206.3,7.6,-0.107,3486299,LOCKED
10753,160.626,-207256076646044,51742,567127,-28907.0,33574.0,7.7,-0.099,3657514,LOCKED
10754,161.626,-207256076681417,41598,556983,-28795.5,33914.6,7.6,-0.095,3600783,LOCKED
10755,162.626,-207256076798295,-44423,470962,-28822.8,34223.4,7.9,-0.090,3684360,LOCKED
10756,163.626,-207256076806064,-23114,492271,-28796.8,33978.8,7.7,-0.086,3768819,LOCKED
10757,164.626,-207256076812566,-2553,512832,-28707.3,33191.8,7.8,-0.078,3851706,LOCKED
10758,165.626,-207256076824496,11685,527070,-28601.9,32572.7,7.9,-0.071,3931486,LOCKED
10759,166.626,-207256076837026,23982,539367,-28456.2,31735.8,8.2,-0.067,4006108,LOCKED
10760,167.626,-207256076846359,38452,553837,-28291.5,31267.2,8.3,-0.060,4088791,LOCKED
10761,168.626,-207256076973089,-54735,460650,-28458.5,31663.9,8.1,-0.056,4048907,LOCKED
10762,169.626,-207256076945597,1006,516391,-28449.9,31659.7,8.1,-0.055,4164065,LOCKED
10763,170.626,-207256076961083,12945,528330,-28421.0,31705.0,8.0,-0.052,4238687,LOCKED
10764,171.626,-207256076990401,10762,526147,-28375.8,31672.6,7.9,-0.049,4301321,LOCKED
10765,172.626,-207256076994550,32469,547854,-28305.9,31962.5,8.0,-0.049,4386119,LOCKED
10766,173.627,-207256077012104,40283,555668,-28228.6,32423.1,8.1,-0.050,4457435,LOCKED
10767,174.626,-207256077040430,37373,552758,-28152.6,32807.8,8.2,-0.050,4407884,LOCKED
10768,175.627,-207256077168140,-58359,457026,-28243.5,33739.7,8.2,-0.049,4483009,LOCKED
10769,176.626,-207256077099274,36483,551868,-28192.8,34086.0,8.5,-0.056,4640504,LOCKED
10770,177.626,-207256077221396,-53727,461658,-28286.1,34858.0,8.5,-0.055,4600256,LOCKED
10771,178.627,-207256077245510,-46797,468588,-28343.7,35381.9,8.4,-0.061,4672795,LOCKED
10772,179.626,-207256077225561,-364,515021,-28251.6,34645.4,8.5,-0.060,4777654,LOCKED
10773,180.627,-207256077260198,-8005,507380,-28176.5,33968.3,8.5,-0.060,4833965,LOCKED
10774,181.627,-207256077265344,12058,527443,-28050.7,33026.6,8.5,-0.059,4917538,LOCKED
10775,182.627,-207256077283894,20646,536031,-28040.2,33085.3,8.4,-0.069,4987632,LOCKED
10776,183.627,-207256077302472,28994,544379,-28033.8,33140.9,8.4,-0.069,4946550,LOCKED
10777,184.627,-207256077418734,-54564,460821,-28172.5,33795.3,8.5,-0.067,5033017,LOCKED
10778,185.627,-207256077427284,-32386,482999,-28244.2,34060.7,8.5,-0.068,5115028,LOCKED
10779,186.627,-207256077464446,-38746,476639,-28305.4,34460.7,8.6,-0.066,5176352,LOCKED
10780,187.627,-207256077477596,-22907,492478,-28300.8,34427.2,8.7,-0.050,5240644,LOCKED
10781,188.627,-207256077485294,-3528,511857,-28234.7,33972.2,8.7,-0.055,5320828,LOCKED
10782,189.627,-207256077574982,-59221,456164,-28419.3,34346.1,8.7,-0.058,5321984,LOCKED
10783,190.627,-207256077587727,-39558,475827,-28549.6,34442.5,8.7,-0.062,5395918,LOCKED
10784,191.627,-207256077613832,-33142,482243,-28689.6,34150.6,8.6,-0.050,5459948,LOCKED
10785,192.627,-207256077632577,-20500,494885,-28788.1,33919.9,8.6,-0.039,5531398,LOCKED
10786,193.628,-207256077655447,-12408,502977,-28874.3,33592.7,8.7,-0.071,5601865,LOCKED
10787,194.628,-207256077656405,15076,530461,-28878.2,33573.1,8.8,-0.061,5685312,LOCKED
10788,195.628,-207256077666086,32291,547676,-28834.5,33843.4,8.9,-0.051,5769698,LOCKED
10789,196.628,-207256077694004,30869,546254,-28771.0,34094.3,8.9,-0.044,5832177,LOCKED
10790,197.627,-207256077712130,38178,553563,-28670.6,34388.4,8.9,-0.050,5905368,LOCKED
10791,198.628,-207256077742472,33074,0,-28556.9,34411.5,8.9,-0.052,5854277,LOCKED
10792,199.628,-207256077842344,-34429,0,-28687.0,34305.1,8.9,-0.045,5951682,LOCKED
10793,200.628,-207256077848328,-9694,24735,-28770.8,33938.5,8.9,-0.048,6041686,LOCKED
10794,201.628,-207256077865598,2763,37192,-28822.4,33657.6,8.9,-0.051,6107748,LOCKED
10795,202.628,-207256077874172,22117,56546,-28815.3,33702.2,8.8,-0.054,6192568,LOCKED
10796,203.628,-207256077877894,44663,79092,-28764.4,34177.5,9.5,-0.071,6276259,LOCKED
10797,204.628,-207256078001072,-46813,0,-28830.9,34742.5,9.2,-0.073,6239433,LOCKED
10798,205.628,-207256078012954,-28381,18432,-28856.5,34905.7,9.3,-0.068,6318807,LOCKED
10799,206.628,-207256078031199,-17782,29031,-28826.3,34664.0,9.2,-0.071,6388935,LOCKED
10800,207.629,-207256078046769,-5650,41163,-28761.5,34187.4,9.2,-0.067,6462793,LOCKED
10801,208.628,-207256078057867,13173,59986,-28840.5,33308.2,9.4,-0.075,6544006,LOCKED
10802,209.628,-207256078053639,43573,90386,-28781.9,33801.7,9.4,-0.077,6527478,LOCKED
10803,210.628,-207256078172392,-43482,3331,-28852.9,34311.1,9.4,-0.078,6609364,LOCKED
10804,211.628,-207256078190673,-31002,15811,-28895.0,34555.5,9.4,-0.081,6679341,LOCKED
10805,212.629,-207256078197999,-9956,36857,-28852.7,34270.5,9.4,-0.077,6761458,LOCKED
10806,213.628,-207256078198273,16576,63389,-28779.7,34175.1,9.6,-0.084,6853628,LOCKED
10807,214.629,-207256078212643,30696,77509,-28816.6,33703.0,9.6,-0.084,6925611,LOCKED
10808,215.628,-207256078231969,39190,86003,-28832.9,33479.2,9.7,-0.090,7001935,LOCKED
10809,216.629,-207256078269423,29899,76712,-28849.8,33294.4,9.8,-0.087,6950390,LOCKED
10810,217.629,-207256078355200,-24675,22138,-28924.4,33374.3,9.8,-0.086,7056849,LOCKED
10811,218.629,-207256078402362,-39980,6833,-29002.0,33808.1,9.8,-0.083,7127713,LOCKED
10812,219.629,-207256078431449,-38624,8189,-29008.5,33882.0,9.8,-0.084,7131933,LOCKED
10813,220.629,-207256078472151,-48222,0,-29031.1,34174.8,9.6,-0.079,7213798,LOCKED
10814,221.629,-207256078488620,-34330,13892,-29039.3,34255.0,9.6,-0.076,7285820,LOCKED
10815,222.629,-207256078516161,-28786,19436,-29190.3,33587.1,9.4,-0.069,7348899,LOCKED
10816,223.629,-207256078514683,3124,51346,-29256.5,33127.0,9.8,-0.065,7442924,LOCKED
10817,224.629,-207256078514800,30862,79084,-29239.1,33270.3,9.8,-0.055,7528684,LOCKED
10818,225.629,-207256078524782,46991,95213,-29163.6,33872.5,9.6,-0.047,7501593,LOCKED
10819,226.629,-207256078621316,-19524,28698,-29173.1,33922.2,9.4,-0.038,7605004,LOCKED
10820,227.629,-207256078615214,13586,61808,-29089.3,33653.0,9.2,-0.028,7701730,LOCKED
10821,228.629,-207256078603548,52826,101048,-29102.8,33412.0,9.2,-0.025,7804106,LOCKED
10822,229.630,-207256078684648,985,49207,-29112.1,33401.4,9.2,-0.021,7814547,LOCKED
10823,230.629,-207256078681812,30560,78782,-29046.4,33645.0,9.2,-0.025,7904024,LOCKED
10824,231.629,-207256078695130,43004,91226,-28956.5,34129.7,9.2,-0.029,7870391,LOCKED
10825,232.630,-207256078792052,-24510,23712,-28937.9,33957.8,9.2,-0.034,7975341,LOCKED
10826,233.630,-207256078781582,12326,60548,-28831.9,33365.7,9.2,-0.041,8070213,LOCKED
10827,234.629,-207256078772948,44807,93029,-28661.5,33161.3,9.2,-0.048,8170306,LOCKED
10828,235.630,-207256078888450,-37919,10303,-28800.6,33084.1,9.1,-0.057,8148065,LOCKED
10829,236.630,-207256078912012,-32290,15932,-28766.0,32617.2,8.7,-0.076,8215549,LOCKED
10830,237.630,-207256078909314,524,48746,-28833.2,32187.4,8.8,-0.076,8303689,LOCKED
10831,238.630,-207256078905828,31935,80157,-28841.8,32090.8,8.8,-0.075,8394437,LOCKED
10832,239.630,-207256078979516,-12423,35799,-28845.1,32103.2,8.8,-0.068,8410194,LOCKED
10833,240.630,-207256078989512,5841,54063,-28826.1,32105.7,8.9,-0.049,8490580,LOCKED
10834,241.630,-207256078982650,37852,86074,-28708.4,32270.8,9.0,-0.033,8588838,LOCKED
10835,242.630,-207256079089152,-38771,9451,-28701.3,32176.4,9.3,-0.002,8574666,LOCKED
10836,243.630,-207256079064694,11635,59857,-28585.3,31352.4,9.3,-0.002,8683247,LOCKED
10837,244.630,-207256079058288,44559,92781,-28557.9,31688.3,9.3,-0.004,8669928,LOCKED
10838,245.630,-207256079139970,-7697,40525,-28587.8,31680.1,9.3,-0.004,8788410,LOCKED
10839,246.630,-207256079123268,35777,83999,-28558.1,31948.1,9.3,-0.022,8895179,LOCKED
10840,247.630,-207256079230214,-39724,8498,-28633.9,32396.8,9.3,-0.030,8879383,LOCKED
10841,248.630,-207256079216576,1855,50077,-28602.9,32326.7,9.3,-0.033,8983081,LOCKED
10842,249.631,-207256079288212,-37029,11193,-28745.2,32162.1,9.3,-0.036,8998663,LOCKED
10843,250.631,-207256079281977,-832,47390,-28803.6,31857.9,9.6,-0.017,9098985,LOCKED
10844,251.631,-207256079297874,12359,60581,-28838.3,31602.8,9.8,-0.001,9168511,LOCKED
10845,252.631,-207256079292387,44442,92664,-28802.1,32011.2,9.8,-0.007,9263783,LOCKED
10846,253.631,-207256079411562,-42346,5876,-28907.8,32432.2,9.5,-0.010,9233005,LOCKED
10847,254.631,-207256079408087,-9557,38665,-28911.8,32443.2,9.6,-0.015,9327786,LOCKED
10848,255.631,-207256079445261,-17549,30673,-28895.9,32328.7,9.6,-0.018,9420820,LOCKED
10849,256.631,-207256079405619,46711,94933,-28763.4,32711.3,9.6,-0.021,9396550,LOCKED
10850,257.631,-207256079495141,-14573,33649,-28713.2,32242.7,9.5,-0.025,9509628,LOCKED
10851,258.631,-207256079466279,38739,86961,-28568.1,32117.6,9.5,-0.027,9626653,LOCKED
10852,259.631,-207256079525174,8627,56849,-28593.1,31988.9,9.5,-0.030,9657157,LOCKED
10853,260.631,-207256079512939,46289,94511,-28514.6,32600.0,9.5,-0.032,9758351,LOCKED
10854,261.631,-207256079618317,-28962,19260,-28545.6,32800.7,9.5,-0.035,9741128,LOCKED
10855,262.631,-207256079604611,11393,59615,-28471.3,32566.3,9.7,-0.043,9845802,LOCKED
10856,263.631,-207256079597745,41748,89970,-28295.8,32093.8,8.9,-0.044,9940792,LOCKED
10857,264.631,-207256079701906,-30865,17357,-28404.4,32090.8,8.9,-0.047,9926556,LOCKED
10858,265.631,-207256079696641,3215,51437,-28429.9,32002.9,8.9,-0.048,10020485,LOCKED
10859,266.631,-207256079696127,30357,78579,-28391.9,32245.7,8.8,-0.051,10112019,LOCKED
10860,267.631,-207256079794657,-37347,10875,-28449.3,32636.1,8.8,-0.051,10101484,LOCKED
10861,268.631,-207256079782227,2605,50827,-28408.1,32514.0,8.5,-0.057,10199808,LOCKED
10862,269.631,-207256079863710,-49025,0,-28397.4,32333.6,8.5,-0.060,10212376,LOCKED
10863,270.631,-207256079847455,-2984,46041,-28460.8,32021.2,8.4,-0.064,10316910,LOCKED
10864,271.632,-207256079847541,24586,73611,-28462.2,32009.7,8.4,-0.067,10407701,LOCKED
10865,272.632,-207256079960279,-55637,0,-28568.7,32881.9,8.4,-0.065,10384015,LOCKED
10866,273.632,-207256079945601,-12278,43359,-28553.7,32802.5,8.0,-0.071,10488704,LOCKED
10867,274.632,-207256079933135,25672,81309,-28445.6,32622.8,8.0,-0.073,10589384,LOCKED
10868,275.632,-207256080036289,-47466,8171,-28443.7,32593.4,7.5,-0.081,10577301,LOCKED
10869,276.632,-207256080027595,-11031,44606,-28390.8,32144.0,7.8,-0.078,10674893,LOCKED
10870,277.632,-207256080000716,41818,97455,-28341.4,32588.8,7.8,-0.083,10788753,LOCKED
10871,278.632,-207256080115066,-40251,15386,-28468.1,32757.6,8.1,-0.081,10764260,LOCKED
10872,279.632,-207256080062986,38885,94522,-28463.4,32813.3,8.3,-0.080,10905184,LOCKED
10873,280.632,-207256080144288,-11392,44245,-28570.4,32151.1,8.2,-0.086,10913993,LOCKED
10874,281.631,-207256080135861,25320,80957,-28598.6,31842.5,8.2,-0.086,11012403,LOCKED
10875,282.632,-207256080246155,-51300,4337,-28762.7,32085.6,8.2,-0.086,10990311,LOCKED
10876,283.632,-207256080235709,-10744,44893,-28811.0,32037.4,8.1,-0.078,11089915,LOCKED
10877,284.632,-207256080223611,27859,83496,-28744.1,32229.5,8.2,-0.070,11194440,LOCKED
10878,285.632,-207256080321721,-39834,15803,-28759.9,32411.8,8.4,-0.072,11186722,LOCKED
10879,286.632,-207256080320426,-7934,47703,-28837.4,32053.6,8.7,-0.074,11277205,LOCKED
10880,287.632,-207256080312976,26647,82284,-28798.0,32252.3,9.4,-0.079,11373986,LOCKED
10881,288.632,-207256080351718,14384,70021,-28707.9,31918.5,10.0,-0.086,11460310,LOCKED
10882,289.632,-207256080396505,-1175,54462,-28731.5,31875.1,10.5,-0.095,11471342,LOCKED
10883,290.633,-207256080412090,10581,66218,-28680.8,31809.9,10.8,-0.064,11544910,LOCKED
10884,291.632,-207256080412060,35558,91195,-28556.4,31813.6,11.1,-0.038,11636238,LOCKED
10885,292.633,-207256080530570,-49883,5754,-28695.2,32283.2,11.3,-0.017,11604890,LOCKED
10886,293.633,-207256080526459,-16170,39467,-28712.8,32347.2,11.5,0.002,11698552,LOCKED
10887,294.632,-207256080504661,30665,86302,-28583.2,32080.1,11.6,0.020,11811340,LOCKED
10888,295.633,-207256080598971,-31464,24173,-28707.7,31915.1,11.7,0.037,11808290,LOCKED
10889,296.633,-207256080592701,4560,60197,-28766.7,31495.5,11.7,0.038,11906549,LOCKED
10890,297.633,-207256080583227,40327,95964,-28712.3,31943.2,12.0,0.069,11891395,LOCKED
10891,298.633,-207256080664192,-11940,43697,-28691.7,31821.9,12.0,0.075,12011240,LOCKED
10892,299.633,-207256080735508,-50347,5290,-28815.2,32433.7,12.3,0.096,12031110,LOCKED
10893,300.633,-207256080731049,-15814,39823,-28850.7,32499.1,12.3,0.091,12120756,LOCKED
10894,301.633,-207256080716815,24484,80121,-28754.5,32407.0,12.5,0.108,12228472,LOCKED
10895,302.633,-207256080724932,43666,99303,-28755.7,32389.5,12.5,0.111,12198782,LOCKED
10896,303.633,-207256080806614,-8902,46735,-28758.5,32396.8,12.4,0.117,12320466,LOCKED
10897,304.633,-207256080793580,29329,84966,-28632.2,32122.1,12.4,0.121,12420789,LOCKED
10898,305.634,-207256080909490,-53968,1669,-28738.0,32936.2,12.3,0.117,12393188,LOCKED
10899,306.634,-207256080908056,-23473,32164,-28714.8,32712.4,12.2,0.114,12486655,LOCKED
10900,307.634,-207256080893722,19630,75267,-28750.2,32372.7,12.1,0.117,12589336,LOCKED
10901,308.634,-207256080907660,32185,87822,-28692.8,32666.3,12.0,0.113,12553621,LOCKED
10902,309.634,-207256080983151,-12288,43349,-28786.7,32225.9,12.1,0.103,12682639,LOCKED
10903,310.634,-207256080975057,23311,78948,-28762.5,32355.1,12.0,0.101,12775909,LOCKED
10904,311.634,-207256080987265,37156,92793,-28691.2,32742.7,11.9,0.099,12854109,LOCKED
10905,312.634,-207256081104991,-49814,5823,-28709.7,33006.5,12.0,0.091,12827662,LOCKED
10906,313.634,-207256081094117,-7889,47748,-28811.7,32311.0,12.0,0.092,12926695,LOCKED
10907,314.634,-207256081077814,35530,91167,-28787.5,32535.5,12.0,0.084,13034230,LOCKED
10908,315.634,-207256081085585,53882,109519,-28746.3,33091.9,12.2,0.088,13003912,LOCKED
10909,316.634,-207256081197069,-28240,27397,-28729.5,32915.2,12.1,0.084,13093906,LOCKED
10910,317.634,-207256081180000,17128,72765,-28736.9,32869.6,12.2,0.087,13199228,LOCKED
10911,318.634,-207256081186917,35236,90873,-28613.1,32867.0,12.3,0.089,13284147,LOCKED
10912,319.634,-207256081271184,-19383,36254,-28631.7,32950.5,12.2,0.087,13288128,LOCKED
10913,320.634,-207256081267762,10193,65830,-28526.8,32284.6,12.0,0.085,13381572,LOCKED
10914,321.634,-207256081263675,40805,96442,-28496.4,32601.6,11.9,0.081,13477845,LOCKED
10915,322.634,-207256081393165,-56894,0,-28563.6,33409.4,11.3,0.074,13437272,LOCKED
10916,323.634,-207256081381259,-17132,39762,-28500.2,32699.6,11.3,0.074,13535152,LOCKED
10917,324.634,-207256081417441,-22558,34336,-28573.6,32738.1,11.2,0.069,13617771,LOCKED
10918,325.634,-207256081470198,-44115,12779,-28629.2,33239.0,11.0,0.062,13614399,LOCKED
10919,326.635,-207256081467521,-13337,43557,-28581.0,32823.2,10.8,0.055,13722247,LOCKED
10920,327.634,-207256081449874,31644,88538,-28572.4,32903.4,10.8,0.046,13824130,LOCKED
10921,328.635,-207256081551009,-38709,18185,-28616.5,33270.0,10.6,0.038,13816057,LOCKED
10922,329.635,-207256081510651,29624,86518,-28634.4,33074.0,10.7,0.028,13944495,LOCKED
10923,330.635,-207256081619241,-47172,9722,-28711.1,33685.4,10.4,0.019,13926094,LOCKED
10924,331.635,-207256081610114,-9746,47148,-28674.6,33454.8,10.1,0.008,14024393,LOCKED
10925,332.635,-207256081591500,36825,93719,-28700.7,33089.5,10.1,0.003,14022339,LOCKED
10926,333.635,-207256081673014,-14595,42299,-28744.9,33117.5,10.1,-0.002,14140171,LOCKED
10927,334.635,-207256081657508,26750,83644,-28646.6,33077.1,10.1,-0.007,14246932,LOCKED
10928,335.635,-207256081761634,-44155,12739,-28797.9,33124.6,10.1,-0.012,14230135,LOCKED
10929,336.635,-207256081761768,-14177,42717,-28838.9,33157.0,10.2,-0.009,14320269,LOCKED
10930,337.635,-207256081762313,11686,68580,-28738.9,32618.0,10.1,-0.016,14411217,LOCKED
10931,338.636,-207256081758007,43044,99938,-28727.7,32761.5,10.1,-0.014,14503938,LOCKED
10932,339.635,-207256081836314,-7548,49346,-28665.3,32249.9,10.1,-0.012,14516809,LOCKED
10933,340.635,-207256081824668,30859,87753,-28623.0,32508.1,10.1,-0.022,14619679,LOCKED
10934,341.635,-207256081940561,-53773,3121,-28663.1,33052.7,10.2,-0.039,14592918,LOCKED
10935,342.635,-207256081939510,-20812,36082,-28788.2,32457.0,10.1,-0.041,14685082,LOCKED
10936,343.636,-207256081931228,15718,72612,-28787.8,32458.8,10.0,-0.045,14781607,LOCKED
10937,344.636,-207256081929370,42521,99415,-28669.7,32795.1,10.1,-0.036,14872910,LOCKED
10938,345.636,-207256082034875,-30705,26189,-28796.0,32579.0,10.3,-0.012,14856712,LOCKED
10939,346.636,-207256082019625,12980,69874,-28799.9,32561.2,10.3,-0.005,14962046,LOCKED
10940,347.636,-207256082023967,34323,91217,-28703.9,32775.8,10.2,0.005,14936193,LOCKED
10941,348.636,-207256082113082,-24827,32067,-28724.6,32901.1,10.0,0.019,15046570,LOCKED
10942,349.636,-207256082076993,37486,94380,-28664.1,33290.1,9.8,0.037,15172823,LOCKED
10943,350.636,-207256082192898,-46893,10001,-28726.7,33859.4,9.8,0.038,15145159,LOCKED
10944,351.636,-207256082190275,-15835,41059,-28685.9,33510.2,9.9,0.027,15240926,LOCKED
10945,352.636,-207256082171242,31431,88325,-28716.0,33130.0,9.9,0.018,15349296,LOCKED
10946,353.636,-207256082279344,-44236,12658,-28825.2,33581.0,10.0,0.009,15326367,LOCKED
10947,354.636,-207256082264490,-1513,55381,-28775.7,33337.6,10.2,0.022,15431495,LOCKED
10948,355.636,-207256082239003,50445,107339,-28746.4,33724.0,10.2,0.015,15546464,LOCKED
10949,356.636,-207256082280745,34990,91884,-28683.8,34057.0,10.2,0.017,15602623,LOCKED
10950,357.636,-207256082356663,-12786,44108,-28635.8,33662.2,10.0,0.019,15613503,LOCKED
10951,358.636,-207256082381193,-7789,49105,-28666.7,33652.3,10.0,0.022,15700748,LOCKED
10952,359.636,-207256082419041,-14085,42809,-28785.1,32916.3,9.8,0.017,15724565,LOCKED
10953,360.636,-207256082435005,-368,56526,-28828.5,32749.0,9.8,0.013,15798814,LOCKED
10954,361.636,-207256082435339,25733,82627,-28753.7,32854.4,9.6,0.010,15886931,LOCKED
10955,362.636,-207256082470901,16371,73265,-28655.4,32485.9,9.6,0.007,15973416,LOCKED
10956,363.637,-207256082557759,-38778,18116,-28741.0,32881.8,9.6,0.004,15945313,LOCKED
10957,364.637,-207256082590337,-40833,16061,-28760.5,33101.5,9.6,0.007,16023467,LOCKED
10958,365.637,-207256082560866,18162,75056,-28828.4,32282.8,9.6,0.009,16122884,LOCKED
10959,366.637,-207256082563736,42248,99142,-28806.7,32536.3,9.6,0.005,16099302,LOCKED
10960,367.637,-207256082649270,-13960,42934,-28809.0,32546.1,9.6,0.004,16214397,LOCKED
10961,368.638,-207256082628248,32608,89502,-28702.8,32626.3,9.6,0.001,16322740,LOCKED
10962,369.637,-207256082682712,6927,63821,-28718.3,32569.6,9.3,-0.001,16359599,LOCKED
10963,370.637,-207256082668414,46022,102916,-28602.2,33050.2,9.3,-0.001,16353022,LOCKED
10964,371.637,-207256082759987,-17168,39726,-28562.8,32692.1,9.3,-0.002,16461923,LOCKED
10965,372.637,-207256082730529,39776,96670,-28576.1,32504.7,8.9,-0.006,16578592,LOCKED
10966,373.637,-207256082839431,-37587,19307,-28659.2,32876.0,8.9,-0.003,16562742,LOCKED
10967,374.637,-207256082823801,5162,62056,-28592.1,32574.2,8.6,-0.008,16664720,LOCKED
10968,375.637,-207256082826902,26778,83672,-28446.2,31867.7,8.3,-0.002,16752865,LOCKED
10969,376.637,-207256082854404,26644,83538,-28437.5,31936.6,8.3,-0.004,16703423,LOCKED
10970,377.637,-207256082946142,-35048,21846,-28458.2,32134.7,8.0,0.002,16812717,LOCKED
10971,378.637,-207256082942471,-4234,52660,-28386.5,31549.9,7.7,0.010,16906336,LOCKED
10972,379.638,-207256083014143,-44171,12723,-28477.5,32097.7,8.6,0.015,16922680,LOCKED
10973,380.637,-207256083013667,-14962,41932,-28465.1,32022.4,8.6,0.017,17011974,LOCKED
10974,381.637,-207256082990210,32704,89598,-28310.3,31435.3,8.8,0.021,17128547,LOCKED
10975,382.638,-207256083105923,-49790,7104,-28468.7,31679.0,9.0,0.024,17098806,LOCKED
10976,383.638,-207256083098685,-13008,43886,-28499.9,31721.5,9.2,0.027,17201735,LOCKED
10977,384.637,-207256083094847,18515,75409,-28490.7,31770.0,9.9,0.030,17287752,LOCKED
10978,385.638,-207256083204721,-57521,0,-28657.8,32311.2,10.0,0.024,17270944,LOCKED
10979,386.638,-207256083205679,-27511,30010,-28725.6,32491.3,10.2,0.026,17356003,LOCKED
10980,387.637,-207256083207260,-1459,56062,-28669.4,32172.2,10.0,0.010,17443803,LOCKED
10981,388.640,-207256083214570,19830,77351,-28699.0,31897.6,10.2,0.011,17529813,LOCKED
10982,389.638,-207256083277238,-14237,43284,-28670.5,31686.5,9.9,-0.010,17550291,LOCKED
10983,390.639,-207256083293606,-215,57306,-28754.7,31014.6,10.0,-0.012,17629163,LOCKED
10984,391.638,-207256083283328,36735,94256,-28713.5,31361.7,10.0,-0.026,17723630,LOCKED
10985,392.638,-207256083302890,41753,99274,-28579.8,31524.5,10.0,-0.044,17686435,LOCKED
10986,393.638,-207256083394620,-19519,38002,-28639.6,31573.7,10.0,-0.035,17794100,LOCKED
10987,394.638,-207256083395334,6931,64452,-28578.6,31360.4,10.0,-0.030,17883368,LOCKED
10988,395.638,-207256083404303,26332,83853,-28612.2,30952.8,10.0,-0.028,17968273,LOCKED
10989,396.638,-207256083495209,-32982,24539,-28703.8,31165.7,9.8,-0.044,17964998,LOCKED
10990,397.639,-207256083519812,-27216,30305,-28740.3,31372.0,10.3,-0.019,18061228,LOCKED
10991,398.639,-207256083471893,44931,102452,-28593.3,31520.1,10.4,-0.009,18054083,LOCKED
10992,399.638,-207256083523236,20956,78477,-28568.0,31636.0,10.8,0.012,18205261,LOCKED
10993,400.639,-207256083611322,-37189,20332,-28573.5,31701.8,11.1,0.034,18203166,LOCKED
10994,401.639,-207256083659879,-51712,5809,-28755.9,31685.0,11.6,0.090,18301468,LOCKED
10995,402.639,-207256083583848,50555,108076,-28716.2,32197.5,11.8,0.107,18414238,LOCKED
10996,403.639,-207256083677006,-13281,44240,-28723.9,32225.2,11.8,0.110,18406555,LOCKED
10997,404.639,-207256083646173,41945,99466,-28580.8,32278.8,11.9,0.124,18526805,LOCKED
10998,405.639,-207256083761278,-40580,16941,-28709.8,32437.2,12.0,0.134,18499955,LOCKED
10999,406.639,-207256083741576,7083,64604,-28684.8,32436.8,12.1,0.144,18612623,LOCKED
11000,407.638,-207256083724118,48688,106209,-28542.8,32812.1,11.9,0.146,18607449,LOCKED
11001,408.639,-207256083817465,-14258,43263,-28610.4,32703.1,12.0,0.162,18715489,LOCKED
11002,409.639,-207256083804479,24287,81808,-28500.9,32457.1,11.9,0.169,18706403,LOCKED
11003,410.640,-207256083900053,-38481,19040,-28648.4,32284.4,11.8,0.168,18809218,LOCKED
11004,411.639,-207256083903583,-11861,45660,-28702.5,32221.9,11.6,0.173,18891618,LOCKED
11005,412.639,-207256083898344,19743,77264,-28620.5,32124.2,11.4,0.178,18989185,LOCKED
11006,413.639,-207256084000830,-48941,8580,-28793.7,32098.0,11.2,0.181,18978968,LOCKED
11007,414.639,-207256083984756,-3427,54094,-28819.8,32063.8,11.3,0.185,19084096,LOCKED
11008,415.639,-207256083971682,34566,92087,-28685.6,31900.7,11.0,0.187,19185680,LOCKED
11009,416.639,-207256083992576,38502,96023,-28560.1,32013.1,11.1,0.189,19146132,LOCKED
11010,417.639,-207256084084130,-22545,34976,-28618.3,32126.8,11.1,0.191,19255872,LOCKED
11011,418.639,-207256084074045,15377,72898,-28605.5,32175.8,11.1,0.193,19354936,LOCKED
11012,419.640,-207256084150912,-30168,27353,-28688.8,32350.0,11.1,0.196,19371254,LOCKED
11013,420.640,-207256084141068,8051,65572,-28686.8,32354.9,10.8,0.190,19465223,LOCKED
11014,421.640,-207256084144827,30125,87646,-28596.7,32484.4,10.7,0.191,19554788,LOCKED
11015,422.640,-207256084252364,-46202,11319,-28648.1,33005.6,10.4,0.185,19535471,LOCKED
11016,423.641,-207256084227319,8398,65919,-28706.8,32532.9,10.1,0.181,19649555,LOCKED
11017,424.640,-207256084218408,44634,102155,-28713.2,32435.7,10.0,0.177,19747701,LOCKED
11018,425.641,-207256084333962,-39732,17789,-28768.7,32863.0,10.2,0.171,19719448,LOCKED
11019,426.640,-207256084356716,-32629,24892,-28767.8,32853.5,10.1,0.168,19787966,LOCKED
11020,427.640,-207256084357416,-3515,54006,-28813.4,32714.8,9.7,0.159,19876617,LOCKED
11021,428.640,-207256084373999,7293,64814,-28755.6,32543.8,9.3,0.152,19958980,LOCKED
11022,429.641,-207256084438869,-27014,30507,-28799.5,32748.7,9.3,0.148,19976069,LOCKED
11023,430.641,-207256084463471,-22809,34712,-28761.8,32340.8,9.2,0.145,20065348,LOCKED
11024,431.640,-207256084433740,33906,91427,-28730.9,32592.1,9.1,0.140,20161003,LOCKED
11025,432.640,-207256084546714,-48464,9057,-28742.3,32757.2,9.0,0.134,20135477,LOCKED
11026,433.641,-207256084555420,-25346,32175,-28851.5,32552.6,8.9,0.128,20218991,LOCKED
11027,434.640,-207256084594757,-33636,23885,-28903.4,32867.0,8.8,0.122,20300582,LOCKED
11028,435.641,-207256084547123,39148,96669,-28784.1,33061.8,9.0,0.114,20403325,LOCKED
11029,436.641,-207256084637628,-22226,35295,-28764.1,32884.1,9.1,0.105,20399315,LOCKED
11030,437.641,-207256084625174,18685,76206,-28780.2,32764.7,9.2,0.094,20502978,LOCKED
11031,438.641,-207256084626484,43042,100563,-28698.8,33278.8,9.2,0.082,20480949,LOCKED
11032,439.641,-207256084653620,42965,100486,-28689.8,33393.3,9.4,0.087,20655349,LOCKED
11033,440.641,-207256084771933,-43298,14223,-28782.9,33880.9,9.4,0.071,20625165,LOCKED
11034,441.641,-207256084760663,-4375,53146,-28720.0,33442.7,9.6,0.063,20729232,LOCKED
11035,442.641,-207256084747001,37006,94527,-28732.5,33283.4,10.2,0.051,20830326,LOCKED
11036,443.641,-207256084761902,47861,105382,-28665.9,33885.4,10.3,0.039,20796606,LOCKED
11037,444.641,-207256084860701,-21611,35910,-28662.4,33860.5,10.9,0.036,20897291,LOCKED
11038,445.642,-207256084853194,15502,73023,-28734.6,33040.3,10.9,0.042,20993949,LOCKED
11039,446.642,-207256084842160,52754,110275,-28698.8,33521.8,10.9,0.046,21095169,LOCKED
11040,447.641,-207256084951866,-26230,31291,-28754.6,33702.0,10.9,0.048,21074814,LOCKED
11041,448.641,-207256084943800,9417,66938,-28712.6,33668.4,10.9,0.049,21173063,LOCKED
11042,449.641,-207256084936063,43486,101007,-28668.0,34094.2,10.9,0.047,21161134,LOCKED
11043,450.641,-207256085051803,-40570,16951,-28748.7,34528.5,10.9,0.044,21247752,LOCKED
11044,451.641,-207256085045529,-6244,51277,-28704.0,34269.0,10.9,0.039,21340189,LOCKED
11045,452.642,-207256085050851,14595,72116,-28603.3,33829.3,10.8,0.031,21428199,LOCKED
11046,453.642,-207256085048765,42898,100419,-28557.4,34251.6,10.7,0.045,21518464,LOCKED
11047,454.642,-207256085158863,-36511,21010,-28601.4,34573.7,10.6,0.043,21495377,LOCKED
11048,455.642,-207256085150977,-1041,56480,-28549.6,34323.9,10.4,0.053,21593290,LOCKED
11049,456.642,-207256085148290,29222,86743,-28550.5,34316.3,9.8,0.063,21688166,LOCKED
11050,457.642,-207256085259604,-49167,8354,-28683.6,34770.2,9.8,0.068,21665862,LOCKED
11051,458.643,-207256085248530,-10338,47183,-28620.7,34228.1,9.6,0.073,21763995,LOCKED
11052,459.642,-207256085235033,28835,86356,-28524.0,34265.2,9.6,0.068,21766261,LOCKED
11053,460.643,-207256085332980,-36936,20585,-28642.0,34383.9,9.6,0.064,21862200,LOCKED
11054,461.643,-207256085351724,-23490,34031,-28777.4,33752.5,9.6,0.059,21931419,LOCKED
11055,462.642,-207256085358678,-3109,54412,-28701.2,33158.6,9.9,0.049,22012769,LOCKED
11056,463.642,-207256085399044,-13319,44202,-28750.6,33147.0,9.9,0.039,22105498,LOCKED
11057,464.642,-207256085463214,-47012,10509,-28757.1,33240.8,10.0,0.036,22087326,LOCKED
11058,465.642,-207256085464903,-17255,40266,-28860.6,32837.6,10.2,0.028,22175917,LOCKED
11059,466.642,-207256085449861,24805,82326,-28811.3,33006.8,10.2,0.025,22277266,LOCKED
11060,467.642,-207256085554315,-49222,8299,-28808.7,32966.0,10.2,0.017,22267284,LOCKED
11061,468.643,-207256085542121,-7282,50239,-28842.7,32940.0,10.4,0.012,22368800,LOCKED
11062,469.643,-207256085523796,36338,93859,-28728.7,33079.7,10.5,0.006,22474463,LOCKED
11063,470.643,-207256085637757,-44551,12970,-28868.1,33292.4,10.5,-0.002,22451902,LOCKED
11064,471.642,-207256085610867,10931,68452,-28872.8,33274.3,10.5,-0.004,22567931,LOCKED
11065,472.643,-207256085603392,43539,101060,-28761.4,33686.6,10.7,-0.009,22663933,LOCKED
11066,473.643,-207256085722886,-42431,15090,-28924.9,33471.8,10.7,-0.010,22637816,LOCKED
11067,474.642,-207256085702404,6885,64406,-28931.9,33452.3,11.2,-0.017,22745475,LOCKED
11068,475.643,-207256085694515,39843,97364,-28808.3,33630.9,11.2,-0.019,22844985,LOCKED
11069,476.643,-207256085715052,43582,101103,-28658.1,33665.9,11.7,-0.025,22803917,LOCKED
11070,477.643,-207256085793962,-5692,51829,-28696.7,33601.7,11.8,-0.029,22928397,LOCKED
11071,478.643,-207256085780896,33021,90542,-28601.8,33778.1,11.9,-0.027,23028498,LOCKED
11072,479.643,-207256085875918,-30410,27111,-28698.1,33866.6,11.9,-0.024,23027699,LOCKED
11073,480.643,-207256085880087,-5874,51647,-28688.6,33841.5,11.8,-0.028,23111549,LOCKED
11074,481.643,-207256085881777,18526,76047,-28591.7,33565.7,11.8,-0.026,23201185,LOCKED
11075,482.643,-207256085880171,46854,104375,-28577.9,33751.1,11.7,-0.033,23292013,LOCKED
11076,483.644,-207256085996220,-38429,19092,-28621.4,34102.1,11.8,-0.033,23262967,LOCKED
11077,484.643,-207256085991606,-6547,50974,-28544.0,33411.1,11.6,-0.041,23357709,LOCKED
11078,485.644,-207256085983340,29395,86916,-28550.3,33349.1,11.0,-0.055,23452171,LOCKED
11079,486.644,-207256085997457,41926,99447,-28526.6,33610.3,11.1,-0.051,23420084,LOCKED
11080,487.644,-207256086083171,-14232,43289,-28553.5,33665.5,10.9,-0.061,23530642,LOCKED
11081,488.644,-207256086078497,17418,74939,-28505.0,33719.6,10.9,-0.065,23625334,LOCKED
11082,489.644,-207256086157593,-30191,27330,-28601.3,33801.3,10.9,-0.069,23639315,LOCKED
11083,490.644,-207256086153547,3081,60602,-28637.2,33652.4,10.8,-0.073,23735357,LOCKED
11084,491.644,-207256086162680,20007,77528,-28543.7,33457.7,10.8,-0.078,23814434,LOCKED
11085,492.644,-207256086268822,-52243,5278,-28719.6,33571.9,10.5,-0.094,23796513,LOCKED
11086,493.643,-207256086254563,-7552,49969,-28791.3,33281.8,10.5,-0.101,23900362,LOCKED
11087,494.644,-207256086268934,7969,65490,-28858.7,32697.0,10.4,-0.112,24001073,LOCKED
11088,495.644,-207256086344375,-37006,20515,-28876.0,32875.4,10.5,-0.112,23993544,LOCKED
11089,496.644,-207256086382313,-41941,15580,-29009.1,33045.1,10.7,-0.082,24073915,LOCKED
11090,497.644,-207256086336431,30685,88206,-28948.9,33303.1,10.8,-0.057,24181810,LOCKED
11091,498.645,-207256086442160,-44186,13335,-28969.1,33547.6,10.9,-0.035,24164968,LOCKED
11092,499.644,-207256086383680,39277,96798,-28838.6,33631.4,11.0,-0.014,24312880,LOCKED
11093,500.645,-207256086490637,-34634,22887,-28987.7,33260.4,11.0,0.005,24295441,LOCKED
11094,501.644,-207256086478366,6692,64213,-29002.2,33210.9,11.0,0.026,24394956,LOCKED
11095,502.644,-207256086470692,39651,97172,-28885.5,33445.3,10.5,0.064,24493283,LOCKED
11096,503.645,-207256086571974,-32090,25431,-28864.2,33189.6,10.3,0.090,24486918,LOCKED
11097,504.644,-207256086546960,21165,78686,-28868.8,33156.6,9.5,0.141,24599257,LOCKED
11098,505.645,-207256086544850,48364,100607,-28763.6,33763.6,9.5,0.140,24689713,LOCKED
11099,506.645,-207256086660779,-38078,14165,-28735.7,33360.8,9.4,0.140,24666189,LOCKED
11100,507.644,-207256086628105,22633,74876,-28739.1,33335.5,9.5,0.150,24791034,LOCKED
11101,508.645,-207256086723971,-41978,10265,-28792.8,33784.4,9.6,0.160,24780404,LOCKED
11102,509.645,-207256086715882,-6337,45906,-28721.2,33183.1,10.1,0.177,24878759,LOCKED
11103,510.645,-207256086728030,10797,63040,-28766.8,32837.2,10.2,0.185,24957961,LOCKED
11104,511.645,-207256086723956,40932,93175,-28702.0,33300.0,10.2,0.192,25050224,LOCKED
11105,512.645,-207256086840078,-44152,8091,-28743.2,33719.4,10.3,0.199,25024454,LOCKED
11106,513.645,-207256086837228,-13453,38790,-28676.8,33042.2,10.2,0.198,25114481,LOCKED
11107,514.645,-207256086824914,26648,78891,-28677.5,33036.6,10.3,0.204,25216083,LOCKED
11108,515.646,-207256086834067,42883,95126,-28587.2,33525.5,10.3,0.204,25186088,LOCKED
11109,516.645,-207256086930994,-25202,27041,-28557.7,33213.3,10.2,0.204,25289555,LOCKED
11110,517.645,-207256086917720,16839,69082,-28596.1,32874.1,10.1,0.204,25392853,LOCKED
11111,518.645,-207256086916217,43924,96167,-28521.1,33410.5,10.1,0.205,25482411,LOCKED
11112,519.645,-207256086997329,-9516,42727,-28463.5,32936.8,10.1,0.205,25491453,LOCKED
11113,520.646,-207256086984223,30786,83029,-28452.5,33033.8,10.1,0.205,25589545,LOCKED
11114,521.645,-207256087016403,25813,78056,-28434.2,33153.3,10.2,0.209,25540295,LOCKED
11115,522.646,-207256087122524,-48698,3545,-28509.2,33796.8,10.0,0.206,25633323,LOCKED
11116,523.646,-207256087120214,-16474,35769,-28550.9,33856.4,9.9,0.207,25726553,LOCKED
11117,524.646,-207256087111116,21264,73507,-28590.7,33450.5,10.0,0.209,25829743,LOCKED
11118,525.646,-207256087212466,-47501,4742,-28707.9,33965.0,10.3,0.212,25814529,LOCKED
11119,526.646,-207256087215163,-20804,31439,-28707.0,33958.9,10.8,0.217,25901983,LOCKED
11120,527.646,-207256087263145,-35684,16559,-28863.7,33519.8,11.0,0.217,26014005,LOCKED
11121,528.646,-207256087291291,-32105,20138,-28950.8,33717.3,11.2,0.217,26006714,LOCKED
11122,529.646,-207256087244975,39445,91688,-28833.8,33938.4,11.3,0.216,26143606,LOCKED
11123,530.646,-207256087366067,-47561,4682,-29012.8,33744.5,11.2,0.211,26109981,LOCKED
11124,531.646,-207256087370437,-21291,30952,-29057.4,33863.5,11.2,0.211,26195922,LOCKED
11125,532.646,-207256087349423,25864,78107,-28957.0,33777.6,11.3,0.206,26304676,LOCKED
11126,533.646,-207256087342956,59171,111414,-28951.6,33875.2,11.4,0.205,26290809,LOCKED
11127,534.646,-207256087430299,1010,53253,-28964.6,33856.2,11.0,0.193,26404643,LOCKED
11128,535.646,-207256087418960,37697,89940,-28849.6,34031.0,11.3,0.190,26508037,LOCKED
11129,536.646,-207256087435714,45239,97482,-28701.1,34163.0,10.8,0.175,26582799,LOCKED
11130,537.647,-207256087545607,-33403,18840,-28770.8,34451.9,10.5,0.163,26557173,LOCKED
11131,538.646,-207256087527790,11200,63443,-28691.8,34178.1,10.8,0.165,26668078,LOCKED
11132,539.646,-207256087585089,-15284,36959,-28770.8,34001.9,10.7,0.158,26697164,LOCKED
11133,540.646,-207256087588890,9315,61558,-28768.1,34009.1,10.8,0.159,26786511,LOCKED
11134,541.646,-207256087595000,29257,81500,-28683.3,34141.9,10.4,0.143,26868786,LOCKED
11135,542.646,-207256087697702,-43577,8666,-28668.9,33930.2,10.3,0.133,26855369,LOCKED
11136,543.647,-207256087697416,-12553,39690,-28749.7,33665.9,10.4,0.133,26943765,LOCKED
11137,544.647,-207256087703338,9706,61949,-28737.9,33689.3,10.3,0.121,27028028,LOCKED
11138,545.647,-207256087696847,40874,93117,-28606.4,33826.8,10.3,0.122,27125886,LOCKED
11139,546.647,-207256087804578,-37513,14730,-28580.1,33457.4,10.4,0.120,27105412,LOCKED
11140,547.647,-207256087797903,-2033,50210,-28587.8,33457.0,10.4,0.117,27200101,LOCKED
11141,548.647,-207256087799833,22000,74243,-28495.4,33330.5,10.3,0.094,27291224,LOCKED
11142,549.648,-207256087875901,-23344,28899,-28566.1,33401.3,10.1,0.072,27303263,LOCKED
11143,550.647,-207256087874206,6014,58257,-28531.7,33360.2,9.9,0.050,27394892,LOCKED
11144,551.647,-207256087859624,44794,97037,-28393.2,33591.2,9.7,0.012,27501666,LOCKED
11145,552.647,-207256087976514,-39541,12702,-28532.0,33589.8,9.3,-0.012,27471801,LOCKED
11146,553.647,-207256087983203,-16515,35728,-28562.6,33664.3,8.8,-0.039,27554866,LOCKED
11147,554.647,-207256087966929,26061,78304,-28494.9,33806.9,8.6,-0.068,27660342,LOCKED
11148,555.648,-207256087993692,27072,79315,-28504.6,33717.1,8.4,-0.102,27626336,LOCKED
11149,556.647,-207256088082390,-29524,22719,-28632.3,33441.2,8.3,-0.103,27726160,LOCKED
11150,557.648,-207256088070195,9664,61907,-28567.8,33263.5,8.3,-0.093,27826469,LOCKED
11151,558.648,-207256088068353,39061,91304,-28583.1,33052.5,8.3,-0.084,27804611,LOCKED
11152,559.648,-207256088125184,8866,61109,-28502.1,32683.5,8.2,-0.088,27952791,LOCKED
11153,560.648,-207256088216345,-49021,3222,-28655.0,32948.5,8.4,-0.071,27933350,LOCKED
11154,561.647,-207256088229646,-31422,20821,-28713.1,33222.8,8.6,-0.057,28023997,LOCKED
11155,562.648,-207256088211612,13213,65456,-28631.3,32959.6,8.5,-0.054,28131394,LOCKED
11156,563.648,-207256088205346,46195,98438,-28614.1,33185.3,8.4,-0.051,28226971,LOCKED
11157,564.648,-207256088318452,-36351,15892,-28649.1,33476.8,8.3,-0.049,28204923,LOCKED
11158,565.648,-207256088300598,7927,60170,-28552.9,32881.7,8.2,-0.054,28308921,LOCKED
11159,566.648,-207256088291308,44022,96265,-28540.4,33043.4,8.1,-0.053,28409423,LOCKED
11160,567.648,-207256088407250,-41337,10906,-28571.9,33366.6,8.1,-0.052,28380469,LOCKED
11161,568.648,-207256088405004,-8375,43868,-28663.4,32851.8,8.1,-0.051,28473790,LOCKED
11162,569.648,-207256088377066,45437,97680,-28602.0,33396.4,8.0,-0.049,28590863,LOCKED
11163,570.648,-207256088501023,-46904,5339,-28672.0,33985.2,8.0,-0.048,28556173,LOCKED
11164,571.648,-207256088493193,-11009,41234,-28623.8,33613.6,8.0,-0.047,28653080,LOCKED
11165,572.648,-207256088474343,35650,87893,-28643.2,33363.2,8.2,-0.042,28764215,LOCKED
11166,573.648,-207256088590440,-47863,4380,-28757.2,33910.2,8.2,-0.039,28736214,LOCKED
11167,574.649,-207256088580342,-9121,43122,-28736.4,33812.9,8.4,-0.035,28836506,LOCKED
11168,575.649,-207256088573464,23380,75623,-28622.3,33486.1,8.4,-0.034,28932767,LOCKED
11169,576.649,-207256088677610,-47991,4252,-28746.5,33972.7,8.3,-0.033,28918877,LOCKED
11170,577.648,-207256088669712,-11137,41106,-28738.2,33938.1,8.3,-0.033,29017798,LOCKED
11171,578.648,-207256088658046,25804,78047,-28610.9,33521.4,8.2,-0.035,29118878,LOCKED
11172,579.650,-207256088715542,-2830,49413,-28618.6,33522.9,7.9,-0.039,29148661,LOCKED
11173,580.649,-207256088716468,21913,74156,-28510.0,33213.6,7.7,-0.044,29235734,LOCKED
11174,581.649,-207256088732473,30850,83093,-28386.0,33035.7,7.7,-0.045,29198899,LOCKED
11175,582.650,-207256088821323,-26556,25687,-28492.1,32910.1,7.4,-0.051,29313146,LOCKED
11176,583.649,-207256088815849,7144,59387,-28490.9,32912.7,7.4,-0.053,29403422,LOCKED
11177,584.649,-207256088823203,25412,77655,-28392.2,32825.8,7.4,-0.055,29487221,LOCKED
11178,585.649,-207256088931545,-49692,2551,-28547.7,33091.3,7.3,-0.052,29469881,LOCKED
11179,586.649,-207256088932867,-20418,31825,-28614.4,33120.9,7.4,-0.049,29561995,LOCKED
11180,587.649,-207256088909265,31029,83272,-28628.3,32966.3,7.4,-0.045,29671464,LOCKED
11181,588.649,-207256089015951,-42635,9608,-28773.3,33025.8,7.3,-0.041,29653999,LOCKED
11182,589.649,-207256088960678,37694,89937,-28653.3,33158.7,7.4,-0.036,29798445,LOCKED
11183,590.649,-207256089064436,-33037,19206,-28813.3,32512.8,7.5,-0.037,29785735,LOCKED
11184,591.649,-207256089026753,32585,84828,-28824.6,32381.7,7.5,-0.039,29912079,LOCKED
11185,592.650,-207256089128491,-38015,14228,-28875.0,32766.5,7.6,-0.032,29897842,LOCKED
11186,593.650,-207256089111981,5428,57671,-28788.6,32228.2,7.7,-0.035,30007716,LOCKED
11187,594.649,-207256089090922,52061,104304,-28717.3,32958.1,7.8,-0.026,30116244,LOCKED
11188,595.650,-207256089206441,-33471,18772,-28723.9,33024.6,7.7,-0.017,30093752,LOCKED
11189,596.650,-207256089212322,-11356,40887,-28669.2,32551.9,7.6,-0.007,30182996,LOCKED
11190,597.650,-207256089195424,33191,85434,-28674.4,32494.3,7.6,-0.008,30287136,LOCKED
11191,598.649,-207256089300358,-40569,11674,-28729.6,32935.1,7.4,0.005,30271329,LOCKED
11192,599.650,-207256089276189,12206,64449,-28743.9,32860.8,7.5,0.023,30383693,LOCKED
11193,600.650,-207256089278565,35945,88188,-28674.6,33217.7,7.6,0.038,30471046,LOCKED
11194,601.650,-207256089403151,-56991,0,-28725.9,33899.1,7.7,0.051,30437758,LOCKED
11195,602.650,-207256089397620,-19710,37281,-28841.8,33416.5,7.7,0.063,30532406,LOCKED
11196,603.650,-207256089394934,11755,68746,-28858.3,33330.9,7.7,0.061,30624389,LOCKED
11197,604.651,-207256089393685,39116,96107,-28788.4,33751.4,7.7,0.061,30721150,LOCKED
11198,605.650,-207256089506399,-43144,13847,-28798.4,33876.7,7.7,0.044,30693815,LOCKED
11199,606.650,-207256089495517,-1890,55101,-28872.6,33429.9,7.7,0.044,30794927,LOCKED
11200,607.650,-207256089496406,24655,81646,-28843.0,33580.6,7.7,0.044,30885346,LOCKED
11201,608.651,-207256089508764,37815,94806,-28742.5,33867.7,7.7,0.041,30853479,LOCKED
11202,609.650,-207256089553192,21528,78519,-28748.8,33821.9,7.7,0.038,31010540,LOCKED
11203,610.650,-207256089586933,15316,72307,-28714.4,33880.7,7.7,0.036,31064981,LOCKED
11204,611.650,-207256089594481,32495,89486,-28572.4,33526.7,7.5,0.035,31144724,LOCKED
11205,612.651,-207256089710207,-49928,7063,-28721.9,33867.6,7.5,0.033,31118198,LOCKED
11206,613.650,-207256089708509,-17656,39335,-28783.5,33869.0,7.6,0.040,31212854,LOCKED
11207,614.650,-207256089700870,16690,73681,-28709.2,33764.9,7.4,0.038,31307904,LOCKED
11208,615.651,-207256089801224,-52382,4609,-28748.4,34264.3,7.3,0.044,31296927,LOCKED
11209,616.651,-207256089798294,-18367,38624,-28832.7,34117.3,7.1,0.042,31390999,LOCKED
11210,617.651,-207256089788228,18909,75900,-28784.5,34193.9,7.1,0.039,31491372,LOCKED
11211,618.651,-207256089791954,39759,96750,-28643.7,34177.8,7.4,0.031,31464099,LOCKED
11212,619.651,-207256089853890,5494,62485,-28605.1,34112.0,7.2,0.034,31603635,LOCKED
11213,620.651,-207256089868630,19589,76580,-28649.0,33673.8,7.2,0.039,31679937,LOCKED
11214,621.650,-207256089876347,38943,95934,-28636.4,33813.3,7.1,0.044,31650323,LOCKED
11215,622.651,-207256089981037,-35168,21823,-28673.2,34094.9,7.6,0.051,31744037,LOCKED
11216,623.651,-207256089988155,-14355,42636,-28612.8,33501.4,8.0,0.058,31833046,LOCKED
11217,624.651,-207256090052368,-45613,11378,-28750.3,33776.6,8.0,0.060,31926754,LOCKED
11218,625.652,-207256090072879,-35273,21718,-28794.9,34088.1,8.2,0.064,31920336,LOCKED
11219,626.651,-207256090073044,-7791,49200,-28725.4,33491.5,8.2,0.065,32012598,LOCKED
11220,627.651,-207256090062130,31004,87995,-28735.6,33383.2,8.2,0.063,32113875,LOCKED
11221,628.651,-207256090178265,-52486,4505,-28840.3,34121.3,8.3,0.064,32086928,LOCKED
11222,629.652,-207256090132344,19256,76247,-28723.9,33617.5,8.3,0.064,32223119,LOCKED
11223,630.651,-207256090132728,45972,102963,-28720.7,33662.9,8.3,0.062,32311208,LOCKED
11224,631.652,-207256090254871,-44065,12926,-28813.8,34168.6,8.4,0.062,32277200,LOCKED
11225,632.652,-207256090238380,-56,56935,-28749.9,33808.2,8.3,0.067,32385961,LOCKED
11226,633.652,-207256090235106,31501,88492,-28779.5,33438.9,8.3,0.071,32481638,LOCKED
11227,634.652,-207256090351012,-51617,5374,-28890.6,34128.6,8.2,0.075,32457933,LOCKED
11228,635.652,-207256090350161,-21166,35825,-28890.2,34126.0,8.2,0.080,32542132,LOCKED
11229,636.652,-207256090351495,7746,64737,-28969.8,33371.1,8.4,0.086,32634343,LOCKED
11230,637.652,-207256090347408,38805,95796,-28936.2,33678.6,8.6,0.093,32725852,LOCKED
11231,638.652,-207256090458306,-41048,15943,-28971.5,34018.3,8.9,0.099,32705539,LOCKED
11232,639.652,-207256090418054,26597,83588,-28938.2,34193.9,9.2,0.099,32833241,LOCKED
11233,640.652,-207256090423003,46602,103593,-28820.0,34659.3,9.5,0.098,32912842,LOCKED
11234,641.652,-207256090552568,-51847,5144,-28846.4,35013.2,10.2,0.097,32878719,LOCKED
11235,642.652,-207256090538249,-7366,49625,-28898.9,34893.5,10.5,0.095,32979284,LOCKED
11236,643.652,-207256090535196,22654,79645,-28841.6,35002.5,10.7,0.092,33074737,LOCKED
11237,644.653,-207256090535690,46585,103576,-28702.1,35286.3,10.9,0.088,33053706,LOCKED
11238,645.652,-207256090621616,-8524,48467,-28791.9,34826.1,11.5,0.082,33166289,LOCKED
11239,646.652,-207256090625945,15519,72510,-28797.1,34799.3,11.5,0.065,33255058,LOCKED
11240,647.652,-207256090628299,38127,95118,-28672.1,34892.8,11.6,0.057,33230117,LOCKED
11241,648.652,-207256090718837,-20822,36169,-28780.8,34557.7,12.1,0.045,33339121,LOCKED
11242,649.653,-207256090680708,41781,98772,-28638.7,34612.0,12.3,0.016,33357345,LOCKED
11243,650.653,-207256090781682,-27513,29478,-28742.4,34547.1,12.7,0.010,33455985,LOCKED
11244,651.652,-207256090775979,5428,62419,-28677.4,34287.2,12.7,0.016,33548716,LOCKED
11245,652.652,-207256090836389,-23293,33698,-28786.7,34022.0,12.7,0.022,33614323,LOCKED
11246,653.654,-207256090794130,44558,101549,-28703.8,34553.9,12.9,0.053,33601347,LOCKED
11247,654.653,-207256090872652,-6726,50265,-28620.5,33772.1,12.9,0.050,33725253,LOCKED
11248,655.653,-207256090852334,40438,97429,-28600.7,33986.3,13.0,0.060,33831712,LOCKED
11249,656.653,-207256090878120,40673,97664,-28541.6,34419.1,13.1,0.067,33786235,LOCKED
11250,657.653,-207256090968214,-20835,36156,-28509.1,34117.9,13.3,0.072,33895385,LOCKED
11251,658.653,-207256090970927,5805,62796,-28560.3,33794.2,13.3,0.074,33984710,LOCKED
11252,659.653,-207256091061050,-52648,4343,-28625.4,34478.0,13.5,0.093,33983592,LOCKED
11253,660.653,-207256091063799,-26395,30596,-28599.9,34215.2,13.8,0.121,34067997,LOCKED
11254,661.653,-207256091056724,10448,67439,-28674.8,33475.6,14.1,0.145,34166282,LOCKED
11255,662.653,-207256091045258,48041,105032,-28629.6,33971.1,14.4,0.166,34267862,LOCKED
11256,663.653,-207256091166008,-41521,15470,-28686.2,34413.1,14.4,0.186,34237402,LOCKED
11257,664.654,-207256091161450,-9015,47976,-28634.9,34039.5,14.3,0.202,34334036,LOCKED
11258,665.654,-207256091149424,31035,88026,-28656.6,33788.8,14.2,0.217,34435337,LOCKED
11259,666.653,-207256091258553,-46030,10961,-28747.4,34353.0,14.0,0.221,34413327,LOCKED
11260,667.653,-207256091246508,-5564,51427,-28722.1,34253.6,13.7,0.224,34513598,LOCKED
11261,668.653,-207256091229398,36397,93388,-28592.4,34230.1,13.4,0.227,34620066,LOCKED
11262,669.653,-207256091296718,-3034,53957,-28552.7,34054.9,13.0,0.228,34643959,LOCKED
11263,670.654,-207256091290828,28628,85619,-28463.7,34144.0,12.7,0.229,34628840,LOCKED
11264,671.654,-207256091405129,-55010,1981,-28480.2,34398.2,12.3,0.229,34716736,LOCKED
11265,672.654,-207256091394463,-13485,43506,-28574.7,34006.9,12.0,0.228,34816529,LOCKED
11266,673.654,-207256091385949,22517,79508,-28558.8,34095.3,11.9,0.228,34911043,LOCKED
11267,674.654,-207256091495135,-55086,1905,-28615.7,34770.7,11.5,0.226,34893062,LOCKED
11268,675.654,-207256091493660,-21720,35271,-28740.5,34242.0,11.4,0.226,34982628,LOCKED
11269,676.654,-207256091491418,9395,66386,-28762.7,34134.8,11.1,0.227,35074089,LOCKED
11270,677.654,-207256091484272,41838,98829,-28662.0,34539.6,10.7,0.223,35171596,LOCKED
11271,678.655,-207256091599450,-43209,13782,-28662.2,34542.2,9.6,0.216,35148567,LOCKED
11272,679.654,-207256091548110,34025,91016,-28582.8,34816.2,9.4,0.214,35291968,LOCKED
11273,680.654,-207256091666039,-52628,4363,-28627.5,35350.8,9.4,0.215,35263189,LOCKED
11274,681.654,-207256091656352,-14984,42007,-28569.6,34803.1,9.4,0.215,35361923,LOCKED
11275,682.656,-207256091652882,16789,73780,-28584.4,34708.5,9.6,0.217,35457604,LOCKED
11276,683.654,-207256091757248,-54991,2000,-28689.6,35496.3,9.8,0.220,35440290,LOCKED
11277,684.654,-207256091738962,-6068,50923,-28775.2,35027.0,9.8,0.218,35549703,LOCKED
11278,685.654,-207256091787164,-22579,34412,-28881.0,34785.8,9.9,0.219,35649478,LOCKED
11279,686.655,-207256091841058,-44083,12908,-28980.1,35256.7,9.8,0.215,35625570,LOCKED
11280,687.655,-207256091816569,7941,64932,-28922.3,35109.2,9.3,0.206,35739561,LOCKED
11281,688.654,-207256091809498,43083,100074,-28952.2,34642.8,9.3,0.201,35727252,LOCKED
11282,689.655,-207256091874009,6633,63624,-28919.4,34615.8,9.2,0.195,35862333,LOCKED
11283,690.655,-207256091862746,42383,99374,-28772.1,34631.9,9.0,0.183,35965126,LOCKED
11284,691.655,-207256091973127,-35099,21892,-28916.5,34363.3,9.3,0.176,35942188,LOCKED
11285,692.655,-207256091946045,19755,76746,-28893.2,34456.8,9.1,0.166,36057434,LOCKED
11286,693.655,-207256092043764,-46747,10244,-28929.6,34858.3,9.3,0.156,36052292,LOCKED
11287,694.655,-207256092015093,12176,69167,-29014.9,33905.5,9.0,0.143,36172769,LOCKED
11288,695.655,-207256092004012,50032,107023,-28988.1,34255.7,8.7,0.129,36271336,LOCKED
11289,696.655,-207256092119762,-34084,22907,-29061.5,34550.9,8.8,0.122,36244226,LOCKED
11290,697.655,-207256092120863,-6513,50478,-29031.4,34412.8,8.8,0.114,36335622,LOCKED
11291,698.655,-207256092118805,24872,81863,-29087.4,33706.6,8.7,0.104,36427350,LOCKED
11292,699.655,-207256092203085,-28665,28326,-29121.1,33906.2,8.7,0.093,36431596,LOCKED
11293,700.655,-207256092214758,-11596,45395,-29083.1,33640.7,8.6,0.082,36512562,LOCKED
11294,701.656,-207256092212791,20366,77357,-29161.9,32568.3,9.0,0.077,36604227,LOCKED
11295,702.656,-207256092203532,55819,112810,-29109.0,33256.9,8.9,0.045,36704079,LOCKED
11296,703.655,-207256092314455,-24529,32462,-29140.2,33410.9,8.9,0.050,36680896,LOCKED
11297,704.656,-207256092295352,21006,77997,-29042.0,33194.5,8.7,0.037,36789603,LOCKED
11298,705.655,-207256092294918,47824,104815,-28991.0,33728.0,8.7,0.036,36882752,LOCKED
11299,706.655,-207256092402236,-28730,28261,-29030.3,33942.1,8.4,0.021,36862913,LOCKED
11300,707.656,-207256092384182,16080,73071,-28945.3,33726.1,8.1,0.003,36968435,LOCKED
11301,708.655,-207256092375084,51482,108473,-28901.2,34256.8,8.3,0.012,37068150,LOCKED
11302,709.656,-207256092444763,8652,65643,-28814.7,33828.7,8.3,0.006,37090860,LOCKED
11303,710.656,-207256092444520,36202,93193,-28800.9,33966.8,8.5,0.011,37178456,LOCKED
11304,711.655,-207256092552258,-40139,16852,-28861.7,34393.3,8.0,0.019,37160982,LOCKED
11305,712.656,-207256092543804,-1736,55255,-28912.2,34196.5,8.0,0.023,37259751,LOCKED
11306,713.656,-207256092537302,30084,87075,-28785.6,33961.5,7.9,0.026,37356722,LOCKED
11307,714.656,-207256092542876,49951,106942,-28704.4,34628.8,7.8,0.029,37328647,LOCKED
11308,715.656,-207256092629818,-9313,47678,-28638.4,34060.7,7.9,0.040,37446096,LOCKED
11309,716.656,-207256092646848,389,57380,-28545.3,33300.0,7.9,0.049,37520200,LOCKED
11310,717.656,-207256092632213,40908,97899,-28482.6,33752.9,7.9,0.057,37615963,LOCKED
11311,718.657,-207256092756947,-52468,4523,-28536.6,34370.4,7.9,0.064,37584186,LOCKED
11312,719.656,-207256092702835,29558,86549,-28555.3,34170.1,7.8,0.063,37724261,LOCKED
11313,720.656,-207256092719244,39532,96523,-28514.3,34519.5,7.9,0.069,37688998,LOCKED
11314,721.656,-207256092813958,-25591,29495,-28524.6,34590.6,8.0,0.074,37791578,LOCKED
11315,722.656,-207256092816068,-1235,53851,-28421.3,33612.5,8.0,0.073,37880697,LOCKED
11316,723.656,-207256092822854,20008,75094,-28435.4,33506.6,8.1,0.078,37991626,LOCKED
11317,724.657,-207256092886955,-14764,40322,-28454.7,33562.7,8.1,0.077,37988947,LOCKED
11318,725.656,-207256092943338,-41381,13705,-28450.2,33502.7,8.3,0.071,38090394,LOCKED
11319,726.656,-207256092884104,44464,99550,-28433.9,33706.0,8.3,0.074,38058261,LOCKED
11320,727.657,-207256092986865,-28070,27016,-28475.3,33915.4,8.2,0.071,38172702,LOCKED
11321,728.657,-207256092969219,15233,70319,-28362.0,33310.9,8.1,0.068,38279325,LOCKED
11322,729.657,-207256093035883,-22048,33038,-28375.5,33388.2,8.0,0.069,38304690,LOCKED
11323,730.657,-207256093113861,-68620,0,-28410.2,34023.4,8.1,0.063,38315509,LOCKED
11324,731.657,-207256093123398,-45309,23311,-28552.9,34226.2,8.1,0.062,38391897,LOCKED
11325,732.657,-207256093113114,-6018,62602,-28565.2,34235.7,8.6,0.053,38496141,LOCKED
11326,733.657,-207256093106482,26088,94708,-28456.6,34073.4,8.5,0.049,38480028,LOCKED
11327,734.657,-207256093177983,-14470,54150,-28554.8,33661.3,8.4,0.045,38605821,LOCKED
11328,735.657,-207256093170517,20645,89265,-28544.7,33717.4,8.3,0.043,38703174,LOCKED
11329,736.657,-207256093284046,-60676,7944,-28623.7,34644.8,8.4,0.044,38677838,LOCKED
11330,737.657,-207256093268592,-17195,51425,-28565.7,34044.9,8.3,0.041,38783351,LOCKED
11331,738.657,-207256093259894,19878,88498,-28589.4,33848.7,8.2,0.035,38881286,LOCKED
11332,739.657,-207256093321791,-14053,54567,-28535.3,33350.0,8.1,0.031,38912429,LOCKED
11333,740.657,-207256093324123,12756,81376,-28586.4,32907.0,8.1,0.030,38997227,LOCKED
11334,741.657,-207256093319665,43025,111645,-28521.6,33411.5,8.1,0.029,38978698,LOCKED
11335,742.657,-207256093419607,-27450,41170,-28522.4,33417.8,8.2,0.028,39077117,LOCKED
11336,743.657,-207256093412544,9203,77823,-28590.2,32802.2,8.2,0.027,39174188,LOCKED
11337,744.657,-207256093403650,43786,112406,-28520.5,33332.2,8.3,0.026,39164126,LOCKED
11338,745.663,-207256093496932,-18864,49756,-28593.0,33291.3,8.4,0.024,39272202,LOCKED
11339,746.657,-207256093486670,20357,88977,-28644.9,32709.4,8.2,0.014,39369454,LOCKED
11340,747.658,-207256093599009,-59232,9388,-28748.0,33683.8,8.2,0.012,39350309,LOCKED
11341,748.658,-207256093590942,-22098,46522,-28726.9,33497.8,8.2,0.010,39448612,LOCKED
11342,749.657,-207256093553274,41418,110038,-28654.3,33966.7,8.2,0.008,39462663,LOCKED
11343,750.658,-207256093655427,-31372,37248,-28636.9,33769.3,8.1,0.017,39558928,LOCKED
11344,751.658,-207256093635157,17683,86303,-28673.6,33445.4,8.0,0.027,39668331,LOCKED
11345,752.657,-207256093643067,35444,104064,-28585.1,33728.1,8.0,0.026,39639549,LOCKED
11346,753.658,-207256093740977,-29952,38668,-28728.4,33237.0,7.9,0.039,39744078,LOCKED
11347,754.658,-207256093731934,7279,75899,-28713.9,33251.4,8.0,0.027,39840169,LOCKED
11348,755.658,-207256093723276,40378,108998,-28571.1,33235.6,8.0,0.035,39942638,LOCKED
11349,756.658,-207256093848202,-50943,17677,-28733.7,33469.9,8.0,0.025,39904955,LOCKED
11350,757.659,-207256093838316,-10892,57728,-28786.0,33404.2,8.1,0.032,40005789,LOCKED
11351,758.658,-207256093862457,-6183,62437,-28778.8,33385.8,8.1,0.023,40093727,LOCKED
11352,759.658,-207256093902321,-14653,53967,-28883.0,32888.0,8.1,0.028,40120790,LOCKED
11353,760.659,-207256093975914,-54463,14157,-29033.2,33442.3,8.3,0.029,40214128,LOCKED
11354,761.658,-207256093949250,1297,69917,-29038.4,33437.7,8.2,0.054,40306312,LOCKED
11355,762.658,-207256094012160,-31581,37039,-29034.6,33398.6,7.9,0.064,40295310,LOCKED
11356,763.658,-207256093981658,27701,96321,-29068.3,33000.3,7.8,0.066,40402967,LOCKED
11357,764.659,-207256094080824,-39605,29015,-29139.6,33435.4,8.0,0.082,40390368,LOCKED
11358,765.659,-207256094079945,-9866,58754,-29109.4,33259.8,8.7,0.106,40485889,LOCKED
11359,766.659,-207256094059090,39145,107765,-29127.7,33001.3,8.6,0.107,40592502,LOCKED
11360,767.659,-207256094169637,-39376,29244,-29204.6,33426.1,9.1,0.127,40571570,LOCKED
11361,768.659,-207256094163358,-4709,63911,-29156.6,33146.8,9.2,0.134,40670736,LOCKED
11362,769.659,-207256094225226,-34776,33844,-29228.7,33470.3,9.6,0.150,40696673,LOCKED
11363,770.659,-207256094226974,-7535,61085,-29204.4,33359.2,10.0,0.163,40788354,LOCKED
11364,771.658,-207256094220892,27809,96429,-29253.6,32703.6,10.0,0.161,40881884,LOCKED
11365,772.659,-207256094209875,64355,132975,-29177.7,33730.1,10.3,0.173,40981617,LOCKED
11366,773.659,-207256094329160,-24593,44027,-29193.7,33830.0,10.4,0.164,40951166,LOCKED
11367,774.659,-207256094335975,-3379,65241,-29130.8,33410.4,10.4,0.168,41036004,LOCKED
11368,775.659,-207256094327224,32790,101410,-29101.2,33636.2,10.4,0.167,41135472,LOCKED
11369,776.659,-207256094359774,27560,96180,-29059.6,33839.9,10.4,0.166,41200497,LOCKED
11370,777.659,-207256094355892,55214,123834,-28891.6,34219.1,10.4,0.166,41176986,LOCKED
11371,778.659,-207256094453198,-10661,57959,-28998.7,33557.8,10.4,0.166,41281415,LOCKED
11372,779.659,-207256094421673,45661,114281,-28868.2,33901.3,10.5,0.160,41291183,LOCKED
11373,780.659,-207256094496611,-1878,66742,-28792.8,33350.2,10.6,0.157,41417066,LOCKED
11374,781.660,-207256094499945,22648,91268,-28784.6,33402.5,10.6,0.158,41503009,LOCKED
11375,782.659,-207256094511234,37259,105879,-28704.9,33765.0,10.6,0.156,41472929,LOCKED
11376,783.660,-207256094610984,-32658,35962,-28705.9,33775.7,10.7,0.154,41575711,LOCKED
11377,784.660,-207256094601138,5587,74207,-28700.1,33782.8,10.6,0.153,41671742,LOCKED
11378,785.660,-207256094591716,41864,110484,-28679.2,34016.0,10.5,0.145,41772626,LOCKED
11379,786.660,-207256094718438,-54439,14181,-28674.0,33926.0,10.6,0.150,41733114,LOCKED
11380,787.661,-207256094711559,-17170,51450,-28729.8,33947.9,10.7,0.150,41829591,LOCKED
11381,788.660,-207256094757700,-33337,35283,-28735.4,34003.4,10.8,0.150,41914294,LOCKED
11382,789.660,-207256094789752,-34039,34581,-28807.2,34303.3,10.7,0.153,41934103,LOCKED
11383,790.659,-207256094790554,-3716,64904,-28915.0,33397.9,10.6,0.144,42024611,LOCKED
11384,791.660,-207256094839135,-20443,48177,-29025.5,33011.3,11.0,0.149,42123705,LOCKED
11385,792.661,-207256094885839,-35412,33208,-29099.7,33346.5,10.4,0.137,42113140,LOCKED
11386,793.660,-207256094864765,12899,81519,-29029.6,33189.6,10.4,0.134,42222890,LOCKED
11387,794.660,-207256094858088,45881,114501,-28972.1,33722.7,10.8,0.131,42207241,LOCKED
11388,795.660,-207256094947008,-13956,54664,-28954.3,33617.0,10.9,0.134,42318009,LOCKED
11389,796.661,-207256094929348,32512,101132,-29001.3,32935.6,11.0,0.137,42430699,LOCKED
11390,797.662,-207256095033045,-38847,29773,-29100.6,33267.6,11.1,0.140,42413463,LOCKED
11391,798.661,-207256095038970,-15232,53388,-29096.9,33248.3,11.0,0.136,42497121,LOCKED
11392,799.660,-207256095021050,30211,98831,-29069.8,33440.4,11.1,0.139,42607776,LOCKED
11393,800.660,-207256095017598,58252,126872,-28946.6,34324.5,11.2,0.133,42590039,LOCKED
11394,801.660,-207256095121339,-17078,51542,-28891.8,33770.7,11.2,0.127,42686076,LOCKED
11395,802.661,-207256095120862,12157,80777,-28905.4,33702.2,11.2,0.130,42774884,LOCKED
11396,803.661,-207256095115531,42875,111495,-28803.9,34140.3,11.3,0.133,42869552,LOCKED
11397,804.661,-207256095237697,-49049,19571,-28792.9,33962.8,11.4,0.136,42839837,LOCKED
11398,805.662,-207256095233779,-15040,53580,-28831.6,34010.7,11.5,0.139,42933984,LOCKED
11399,806.661,-207256095226484,18682,87302,-28744.5,33844.3,11.5,0.128,43033573,LOCKED
11400,807.661,-207256095234466,38538,107158,-28764.2,33573.1,11.4,0.117,43003013,LOCKED
11401,808.661,-207256095325140,-21351,47269,-28828.0,33636.2,11.4,0.108,43112676,LOCKED
11402,809.662,-207256095384796,-50441,18179,-28829.3,33657.5,11.3,0.098,43141328,LOCKED
11403,810.661,-207256095369125,-4821,63799,-28876.4,33531.0,11.3,0.072,43250398,LOCKED
11404,811.661,-207256095365864,24692,93312,-28788.5,33520.6,11.2,0.060,43342029,LOCKED
11405,812.661,-207256095365221,48971,117591,-28616.7,33520.7,11.1,0.031,43435135,LOCKED
11406,813.662,-207256095483923,-37935,30685,-28709.8,33851.6,11.0,0.012,43402642,LOCKED
11407,814.662,-207256095483636,-9029,59591,-28690.3,33762.8,10.8,0.011,43489897,LOCKED
11408,815.662,-207256095491811,8786,77406,-28572.1,32833.2,10.8,0.006,43589709,LOCKED
11409,816.662,-207256095582085,-48363,20257,-28715.4,33175.7,10.6,0.015,43573178,LOCKED
11410,817.662,-207256095610038,-44545,24075,-28791.4,33722.2,10.5,0.021,43662826,LOCKED
11411,818.661,-207256095566172,26139,94759,-28738.0,33903.4,10.3,0.027,43771299,LOCKED
11412,819.662,-207256095640079,-17607,51013,-28778.6,33979.3,10.3,0.031,43785803,LOCKED
11413,820.663,-207256095629997,21584,90204,-28830.8,33384.2,10.3,0.034,43884089,LOCKED
11414,821.662,-207256095634157,43203,111823,-28752.8,33895.3,10.4,0.044,43972284,LOCKED
11415,822.662,-207256095734862,-25839,42781,-28852.8,33811.8,10.4,0.046,43962975,LOCKED
11416,823.662,-207256095717581,18140,86760,-28777.1,33730.3,10.3,0.048,44068446,LOCKED
11417,824.662,-207256095714515,48164,116784,-28767.9,33859.9,10.3,0.049,44047013,LOCKED
11418,825.662,-207256095791045,862,69482,-28792.0,33802.2,10.1,0.052,44170925,LOCKED
11419,826.663,-207256095784799,32429,101049,-28675.3,33772.1,10.1,0.052,44265865,LOCKED
11420,827.662,-207256095889101,-38914,29706,-28821.2,33650.6,9.8,0.055,44252887,LOCKED
11421,828.662,-207256095874058,5083,73703,-28836.1,33606.8,9.8,0.057,44357024,LOCKED
11422,829.662,-207256095942306,-30516,38104,-28972.8,33243.5,9.5,0.060,44382256,LOCKED
11423,830.662,-207256095938636,2807,71427,-29011.0,33077.7,9.3,0.060,44473312,LOCKED
11424,831.662,-207256095932598,35098,103718,-28933.8,33397.5,9.3,0.056,44570994,LOCKED
11425,832.663,-207256096037984,-40356,28264,-28915.6,33135.6,9.1,0.057,44551201,LOCKED
11426,833.663,-207256096032686,-4491,64129,-28989.3,32746.6,9.0,0.058,44648887,LOCKED
11427,834.662,-207256096020175,35207,103827,-28959.4,33001.8,9.0,0.057,44748815,LOCKED
11428,835.663,-207256096028750,51325,119945,-28835.1,33625.1,9.1,0.054,44721855,LOCKED
11429,836.663,-207256096131216,-21490,47130,-28839.5,33652.4,9.1,0.050,44827618,LOCKED
11430,837.663,-207256096101166,33224,101844,-28689.5,33202.3,9.4,0.044,44942891,LOCKED
11431,838.663,-207256096209669,-43177,25443,-28785.3,33679.9,9.4,0.044,44922752,LOCKED
11432,839.663,-207256096160551,30919,99539,-28649.6,33348.4,9.1,0.039,45065924,LOCKED
11433,840.663,-207256096276109,-52500,16120,-28733.7,34096.4,8.9,0.031,45039784,LOCKED
11434,841.663,-207256096281399,-28112,40508,-28733.3,34092.4,8.9,0.028,45124531,LOCKED
11435,842.663,-207256096266713,12752,81372,-28628.9,33539.8,9.2,0.023,45227539,LOCKED
11436,843.663,-207256096254692,50616,119236,-28576.3,34122.2,8.9,0.015,45218233,LOCKED
11437,844.663,-207256096343768,-9846,58774,-28561.7,34059.1,9.2,0.010,45330405,LOCKED
11438,845.664,-207256096351152,8692,77312,-28446.4,33186.8,8.9,0.001,45418708,LOCKED
11439,846.663,-207256096427400,-35335,33285,-28573.1,33154.7,8.9,0.004,45393291,LOCKED
11440,847.664,-207256096449414,-26728,41892,-28629.3,33345.0,9.0,0.006,45491201,LOCKED
11441,848.664,-207256096435732,15375,83995,-28644.6,33249.1,9.0,0.009,45594142,LOCKED
11442,849.663,-207256096497451,-15593,53027,-28722.3,33088.1,9.0,0.005,45621617,LOCKED
11443,850.663,-207256096483338,25581,86257,-28683.2,33266.9,8.6,-0.008,45727914,LOCKED
11444,851.664,-207256096503142,32970,93646,-28664.9,33427.2,8.4,0.003,45688442,LOCKED
11445,852.664,-207256096591999,-24087,36589,-28778.9,33123.2,8.7,0.009,45799714,LOCKED
11446,853.664,-207256096584546,11182,71858,-28750.2,33150.5,8.7,0.003,45896365,LOCKED
11447,854.664,-207256096572462,47255,107931,-28594.8,33295.0,8.4,0.017,45999886,LOCKED
11448,855.664,-207256096672192,-21848,38828,-28658.3,33369.8,8.1,-0.002,45987386,LOCKED
11449,856.664,-207256096669486,7892,68568,-28591.6,33135.0,8.1,0.005,46078243,LOCKED
11450,857.664,-207256096667217,37652,98328,-28600.2,33025.0,8.1,-0.001,46060770,LOCKED
11451,858.665,-207256096755747,-20112,40564,-28673.2,33008.6,8.1,-0.018,46171477,LOCKED
11452,859.665,-207256096712810,47387,108063,-28550.1,33486.4,8.1,-0.021,46193559,LOCKED
11453,860.665,-207256096809767,-21591,39085,-28486.0,32674.0,8.1,-0.009,46300072,LOCKED
11454,861.664,-207256096807496,9031,69707,-28494.4,32643.0,8.1,-0.025,46392298,LOCKED
11455,862.664,-207256096799635,41952,102628,-28395.4,33077.8,8.1,-0.026,46377086,LOCKED
11456,863.667,-207256096895353,-25412,35264,-28351.0,32536.1,8.1,-0.027,46482613,LOCKED
11457,864.664,-207256096884291,14439,75115,-28396.6,32128.6,8.1,-0.027,46579515,LOCKED
11458,865.664,-207256096991029,-59398,1278,-28519.1,33095.2,8.2,-0.013,46564624,LOCKED
11459,866.665,-207256096976930,-16440,44236,-28508.5,33029.2,8.2,-0.007,46666678,LOCKED
11460,867.666,-207256096966892,19202,79878,-28397.6,32588.1,8.2,-0.003,46767905,LOCKED
11461,868.665,-207256097077798,-58707,1969,-28526.0,33491.1,8.5,0.012,46744029,LOCKED
11462,869.666,-207256097025665,22149,82825,-28572.6,32968.2,8.7,0.025,46884973,LOCKED
11463,870.666,-207256097034806,39113,99789,-28516.4,33379.5,8.7,0.029,46966013,LOCKED
11464,871.665,-207256097157348,-52194,8482,-28563.1,33946.3,8.9,0.040,46934622,LOCKED
11465,872.665,-207256097148489,-15635,45041,-28494.6,33191.3,9.0,0.050,47032472,LOCKED
11466,873.665,-207256097136991,23848,84524,-28509.3,33060.1,9.2,0.059,47134508,LOCKED
11467,874.665,-207256097246741,-53499,7177,-28611.6,33842.5,9.3,0.067,47109708,LOCKED
11468,875.665,-207256097227487,-5712,54964,-28598.2,33802.9,9.4,0.074,47220026,LOCKED
11469,876.666,-207256097292417,-37723,22953,-28747.8,33572.1,9.6,0.080,47322969,LOCKED
11470,877.665,-207256097324158,-36353,24323,-28901.8,33205.7,9.5,0.081,47302949,LOCKED
11471,878.665,-207256097302077,13131,73807,-28850.0,33178.6,9.5,0.081,47413459,LOCKED
11472,879.665,-207256097384204,-36635,24041,-28961.6,33348.3,9.5,0.082,47419927,LOCKED
11473,880.666,-207256097360531,14664,75340,-28920.3,33386.1,9.6,0.087,47532126,LOCKED
11474,881.665,-207256097353451,46212,106888,-28778.4,33641.6,9.4,0.090,47631811,LOCKED
11475,882.665,-207256097457421,-25991,34685,-28882.1,33525.9,9.4,0.091,47617273,LOCKED
11476,883.667,-207256097440943,17783,78459,-28833.7,33586.3,9.4,0.092,47723928,LOCKED
11477,884.665,-207256097442085,41083,101759,-28686.2,33541.5,9.5,0.097,47811907,LOCKED
11478,885.666,-207256097542838,-28957,31719,-28737.6,33771.2,10.0,0.105,47800487,LOCKED
11479,886.666,-207256097542523,-1029,59647,-28680.6,33462.5,10.1,0.110,47895065,LOCKED
11480,887.667,-207256097541877,27783,88459,-28701.6,33238.8,10.2,0.114,47982023,LOCKED
11481,888.666,-207256097540367,54149,114825,-28602.8,34041.1,10.7,0.121,47962673,LOCKED
11482,889.666,-207256097596238,26311,86987,-28618.6,33889.8,11.1,0.127,48104257,LOCKED
11483,890.666,-207256097602431,45721,106397,-28546.5,34448.2,11.1,0.127,48080117,LOCKED
11484,891.666,-207256097702977,-25614,35062,-28536.5,34361.3,11.2,0.126,48178912,LOCKED
11485,892.667,-207256097697483,9345,70021,-28597.7,33855.0,11.2,0.123,48273816,LOCKED
11486,893.668,-207256097690821,42142,102818,-28546.9,34289.0,11.0,0.132,48372517,LOCKED
11487,894.666,-207256097811490,-47681,12995,-28580.4,34679.4,11.1,0.130,48341022,LOCKED
11488,895.667,-207256097808648,-16829,43847,-28524.4,34116.6,11.2,0.127,48431896,LOCKED
11489,896.667,-207256097825794,-4351,56325,-28571.2,33986.6,11.1,0.124,48508911,LOCKED
11490,897.669,-207256097812928,33521,94197,-28451.7,33967.1,10.8,0.113,48606772,LOCKED
11491,898.667,-207256097919214,-40036,20640,-28595.4,33926.2,10.8,0.115,48591620,LOCKED
11492,899.666,-207256097890721,14894,75570,-28514.0,33716.2,10.9,0.118,48708001,LOCKED
11493,900.667,-207256097895649,37738,98414,-28540.5,33340.6,10.8,0.113,48793312,LOCKED
11494,901.666,-207256098019595,-52854,7822,-28689.1,33828.2,10.9,0.108,48756302,LOCKED
11495,902.667,-207256098029514,-32114,28562,-28732.4,34093.4,10.7,0.092,48840461,LOCKED
11496,903.667,-207256098036618,-11386,49290,-28669.1,33513.5,10.7,0.095,48920734,LOCKED
11497,904.667,-207256098033560,19352,80028,-28652.7,33588.8,10.7,0.073,49017100,LOCKED
11498,905.667,-207256098066701,13522,74198,-28609.3,33604.3,11.6,0.068,49091748,LOCKED
11499,906.667,-207256098157378,-44218,16458,-28748.4,33801.6,11.5,0.055,49071800,LOCKED
11500,907.669,-207256098188613,-42587,18089,-28879.9,34009.2,12.2,0.032,49161330,LOCKED
11501,908.668,-207256098134549,37520,98196,-28803.0,34377.8,12.2,0.026,49271434,LOCKED
11502,909.667,-207256098201046,662,61338,-28845.2,34213.2,12.0,0.017,49292477,LOCKED
11503,910.667,-207256098192776,34771,95447,-28755.3,34464.7,12.2,0.038,49280189,LOCKED
11504,911.668,-207256098304860,-46329,14347,-28787.7,34829.5,12.3,0.023,49388700,LOCKED
11505,912.667,-207256098269208,17998,78674,-28812.2,34644.7,11.9,0.009,49492553,LOCKED
11506,913.668,-207256098266380,46319,106995,-28726.1,35209.1,11.9,-0.007,49473761,LOCKED
11507,914.668,-207256098351471,-10906,49770,-28665.7,34696.9,11.9,-0.009,49592215,LOCKED
11508,915.668,-207256098331968,35603,96279,-28643.4,34893.8,12.1,0.002,49704846,LOCKED
11509,916.668,-207256098348509,44332,105008,-28551.4,35392.1,11.8,-0.040,49663442,LOCKED
11510,917.669,-207256098432813,-12047,48629,-28500.5,34987.7,11.6,-0.026,49780295,LOCKED
11511,918.668,-207256098425738,22548,83224,-28489.9,35049.8,11.3,-0.015,49877336,LOCKED
11512,919.667,-207256098508849,-31806,28870,-28450.0,34528.6,11.0,-0.007,49886199,LOCKED
11513,920.667,-207256098503990,1781,62457,-28466.6,34495.5,11.0,-0.002,49978077,LOCKED
11514,921.668,-207256098504748,26947,87623,-28386.5,34595.5,10.8,0.014,50067273,LOCKED
11515,922.668,-207256098607273,-46032,14644,-28366.8,34285.1,10.5,0.017,50054775,LOCKED
11516,923.669,-207256098598960,-8485,52191,-28395.3,34288.3,10.2,0.029,50149906,LOCKED
11517,924.667,-207256098597085,19340,80016,-28307.3,34132.4,10.3,0.046,50240664,LOCKED
11518,925.668,-207256098696450,-46864,13812,-28467.9,34185.1,10.3,0.053,50232267,LOCKED
11519,926.668,-207256098700364,-20628,40048,-28516.2,34286.7,10.2,0.059,50313124,LOCKED
11520,927.671,-207256098693874,12430,73106,-28441.1,34079.3,10.1,0.057,50412754,LOCKED
11521,928.669,-207256098701193,33021,93697,-28470.1,33708.8,10.1,0.056,50383484,LOCKED
11522,929.668,-207256098758256,3180,63856,-28413.9,33483.7,10.1,0.055,50527514,LOCKED
11523,930.669,-207256098764377,22143,82819,-28287.1,32919.8,10.0,0.054,50613393,LOCKED
11524,931.668,-207256098773526,39922,100598,-28286.8,32923.3,10.1,0.058,50580125,LOCKED
11525,932.668,-207256098872643,-28766,31910,-28344.2,33149.9,10.2,0.062,50679912,LOCKED
11526,933.669,-207256098879785,-8225,52451,-28298.0,32834.7,10.3,0.065,50760600,LOCKED
11527,934.670,-207256098876922,22937,83613,-28336.3,32417.1,10.3,0.069,50851408,LOCKED
11528,935.669,-207256098987248,-55231,5445,-28432.2,33273.3,10.3,0.068,50834846,LOCKED
11529,936.668,-207256098974154,-11550,49126,-28518.9,32910.3,10.3,0.067,50934855,LOCKED
11530,937.668,-207256098995548,-2665,58011,-28601.0,32361.2,10.3,0.067,51023160,LOCKED
11531,938.669,-207256099078601,-53515,7161,-28688.9,33164.0,10.2,0.067,51010769,LOCKED
11532,939.671,-207256099076909,-19904,40772,-28814.6,32523.0,10.1,0.063,51132299,LOCKED
11533,940.668,-207256099133419,-44385,16291,-28898.7,33073.1,10.1,0.062,51119682,LOCKED
11534,941.669,-207256099153576,-34344,26332,-28905.3,33141.5,10.0,0.058,51207573,LOCKED
11535,942.669,-207256099155670,-5589,55087,-28991.6,32617.1,9.9,0.053,51305962,LOCKED
11536,943.670,-207256099219660,-37903,22773,-29060.4,33020.2,9.8,0.050,51417268,LOCKED
11537,944.670,-207256099238173,-26414,34262,-29062.7,33039.0,9.8,0.049,51392368,LOCKED
11538,945.675,-207256099236347,5710,66386,-29133.0,32458.1,9.8,0.055,51484867,LOCKED
11539,946.669,-207256099214072,54048,114724,-29072.1,33174.1,9.8,0.055,51597759,LOCKED
11540,947.670,-207256099332578,-33452,27224,-29111.5,33450.4,10.2,0.057,51568964,LOCKED
11541,948.670,-207256099328307,-1437,59239,-29041.8,32980.1,10.2,0.062,51661990,LOCKED
11542,949.668,-207256099302255,49595,110271,-28924.7,33580.0,10.9,0.070,51669961,LOCKED
11543,950.671,-207256099411538,-30192,30484,-28902.5,33324.9,11.7,0.070,51759350,LOCKED
11544,951.669,-207256099400072,10411,71087,-28931.4,33154.5,12.0,0.069,51860172,LOCKED
11545,952.671,-207256099394027,42234,102910,-28846.7,33636.9,12.1,0.060,51958612,LOCKED
11546,953.670,-207256099508352,-41881,18795,-28843.9,33599.4,12.3,0.057,51932784,LOCKED
11547,954.669,-207256099503094,-5713,54963,-28936.0,33001.7,12.6,0.053,52025343,LOCKED
11548,955.670,-207256099486208,38117,98793,-28901.6,33310.7,12.6,0.050,52132598,LOCKED
11549,956.670,-207256099508515,42026,102702,-28839.6,33783.9,12.6,0.034,52206834,LOCKED
11550,957.669,-207256099615016,-34521,26155,-28836.9,33753.9,12.6,0.015,52185713,LOCKED
11551,958.671,-207256099596522,13313,73989,-28883.8,33361.0,12.4,-0.005,52293504,LOCKED
11552,959.670,-207256099666606,-26572,34104,-28904.1,33493.9,12.4,-0.011,52314778,LOCKED
11553,960.670,-207256099657964,8959,69635,-28820.0,33094.0,12.1,-0.026,52413867,LOCKED
11554,961.671,-207256099645309,48923,109599,-28827.2,32976.5,11.2,-0.054,52515970,LOCKED
11555,962.671,-207256099750223,-24195,36481,-28932.9,32775.5,11.1,-0.058,52504308,LOCKED
11556,963.671,-207256099741560,13117,73793,-28940.8,32736.4,10.6,-0.092,52599341,LOCKED
11557,964.671,-207256099739271,41010,101686,-28845.1,33155.2,10.6,-0.099,52692212,LOCKED
11558,965.670,-207256099846993,-35796,24880,-28887.3,33471.8,10.5,-0.092,52673958,LOCKED
11559,966.670,-207256099844319,-2275,58401,-28979.9,32762.4,10.3,-0.116,52766889,LOCKED
11560,967.671,-207256099846456,24850,85526,-29035.1,32033.5,10.3,-0.109,52851221,LOCKED
11561,968.671,-207256099845194,50771,111447,-28904.6,32608.9,10.4,-0.113,52944099,LOCKED
11562,969.670,-207256099943635,-17196,43480,-28953.1,32661.6,10.4,-0.101,52937468,LOCKED
11563,970.672,-207256099934018,19136,78534,-28874.9,32582.3,10.4,-0.105,53034399,LOCKED
11564,971.670,-207256099952179,29753,89151,-28919.8,31960.6,10.2,-0.094,53106767,LOCKED
11565,972.671,-207256100054268,-40808,18590,-28980.0,32425.6,10.2,-0.098,53094003,LOCKED
11566,973.672,-207256100035955,4821,64219,-28906.2,32035.1,9.8,-0.099,53203769,LOCKED
11567,974.670,-207256100066353,3651,63049,-28928.1,31963.7,9.8,-0.093,53294599,LOCKED
11568,975.672,-207256100136838,-36483,22915,-28937.3,32065.3,9.8,-0.088,53280254,LOCKED
11569,976.671,-207256100145232,-16388,43010,-28887.9,31568.0,9.5,-0.084,53362385,LOCKED
11570,977.673,-207256100132986,23415,82813,-28861.5,31707.5,9.4,-0.080,53463116,LOCKED
11571,978.671,-207256100125915,54560,113958,-28717.0,32341.5,9.3,-0.078,53559565,LOCKED
11572,979.671,-207256100181611,26544,85942,-28710.2,32395.7,9.5,-0.069,53593240,LOCKED
11573,980.673,-207256100282372,-42890,16508,-28767.4,32885.6,9.4,-0.068,53583604,LOCKED
11574,981.671,-207256100280290,-12506,46892,-28723.7,32534.2,9.6,-0.061,53673933,LOCKED
11575,982.671,-207256100260015,35259,94657,-28721.8,32555.3,9.5,-0.061,53784565,LOCKED
11576,983.672,-207256100363534,-37025,22373,-28783.7,32940.4,9.7,-0.055,53769241,LOCKED
11577,984.671,-207256100351483,2523,61921,-28724.6,32668.9,9.7,-0.057,53872544,LOCKED
11578,985.673,-207256100356043,26192,85590,-28743.9,32471.4,9.7,-0.055,53959360,LOCKED
11579,986.672,-207256100357712,50270,109668,-28680.3,33126.6,9.7,-0.054,53936061,LOCKED
11580,987.672,-207256100448405,-11711,47687,-28662.3,33030.3,9.7,-0.053,54044843,LOCKED
11581,988.672,-207256100443507,18947,78345,-28551.2,32576.5,9.6,-0.055,54139849,LOCKED
11582,989.673,-207256100527975,-35221,24177,-28578.5,32817.2,9.5,-0.057,54143550,LOCKED
11583,990.672,-207256100526684,-6412,52986,-28515.7,32323.6,9.3,-0.060,54239764,LOCKED
11584,991.671,-207256100526798,18416,77814,-28370.6,31221.3,9.3,-0.060,54328783,LOCKED
11585,992.672,-207256100532544,38415,97813,-28305.5,31653.6,9.3,-0.061,54303034,LOCKED
11586,993.673,-207256100622249,-22195,37203,-28307.3,31666.8,9.5,-0.059,54412235,LOCKED
11587,994.673,-207256100614183,11489,70887,-28194.3,30877.5,9.6,-0.057,54511093,LOCKED
11588,995.672,-207256100615745,36477,95875,-28174.2,31087.0,9.6,-0.061,54487392,LOCKED
11589,996.672,-207256100713018,-31027,28371,-28200.9,31297.8,9.4,-0.067,54590884,LOCKED
11590,997.672,-207256100716133,-6308,53090,-28172.4,31158.9,9.8,-0.066,54677462,LOCKED
11591,998.672,-207256100714645,22866,82264,-28186.5,31030.0,9.9,-0.066,54766725,LOCKED
11592,999.672,-207256100803405,-35176,24222,-28252.4,31393.8,9.8,-0.073,54765649,LOCKED
11593,1000.673,-207256100840765,-40334,19064,-28379.4,31568.8,9.6,-0.082,54818029,LOCKED
11594,1001.672,-207256100830494,-657,58741,-28428.8,31346.9,9.4,-0.092,54916159,LOCKED
11595,1002.672,-207256100839568,17586,76984,-28403.4,31434.8,9.2,-0.103,54997074,LOCKED
11596,1003.672,-207256100844738,39442,98840,-28401.5,31460.7,9.2,-0.108,55085538,LOCKED
11597,1004.674,-207256100944211,-28583,30815,-28503.6,31442.0,8.9,-0.122,55071548,LOCKED
11598,1005.673,-207256100984801,-37944,21454,-28574.4,31859.7,8.8,-0.130,55149752,LOCKED
11599,1006.673,-207256100942763,28981,88379,-28441.4,31463.8,8.8,-0.139,55253560,LOCKED
11600,1007.675,-207256101046089,-41623,17775,-28582.5,31528.6,8.8,-0.139,55238419,LOCKED
11601,1008.672,-207256101032467,884,60282,-28598.9,31498.3,9.0,-0.153,55341890,LOCKED
11602,1009.672,-207256101096521,-33782,25616,-28581.3,31270.9,8.9,-0.143,55368084,LOCKED
11603,1010.673,-207256101097291,-4412,54986,-28650.6,30911.4,8.8,-0.128,55455473,LOCKED
11604,1011.673,-207256101076809,41731,101129,-28573.2,31424.8,8.8,-0.126,55565034,LOCKED
11605,1012.673,-207256101192955,-44150,15248,-28582.8,31557.1,8.8,-0.113,55536148,LOCKED
11606,1013.674,-207256101175505,3291,62689,-28657.5,30937.8,8.9,-0.103,55643633,LOCKED
11607,1014.672,-207256101165863,39389,98787,-28614.9,31329.9,8.9,-0.093,55743411,LOCKED
11608,1015.673,-207256101276361,-40756,18642,-28632.5,31539.5,8.8,-0.100,55724161,LOCKED
11609,1016.674,-207256101270466,-7083,52315,-28578.6,31134.4,8.8,-0.093,55823164,LOCKED
11610,1017.675,-207256101265408,26086,85484,-28599.1,30912.6,8.8,-0.085,55912411,LOCKED
11611,1018.674,-207256101275910,41056,100454,-28513.8,31394.3,8.7,-0.097,55881954,LOCKED
11612,1019.674,-207256101329265,16225,75623,-28541.3,31171.0,8.4,-0.118,56030958,LOCKED
11613,1020.673,-207256101329361,41646,101044,-28462.0,31676.1,8.7,-0.100,56116819,LOCKED
11614,1021.674,-207256101453715,-52266,7132,-28472.2,31843.1,8.8,-0.085,56082574,LOCKED
11615,1022.675,-207256101443457,-11701,47697,-28543.0,31644.7,9.4,-0.060,56181754,LOCKED
11616,1023.674,-207256101433158,25170,84568,-28488.0,31817.7,9.6,-0.037,56282055,LOCKED
11617,1024.673,-207256101539288,-50335,9063,-28509.2,32126.2,9.4,-0.037,56262070,LOCKED
11618,1025.673,-207256101542243,-21833,37565,-28617.8,31800.2,9.2,-0.029,56350088,LOCKED
11619,1026.674,-207256101534356,14129,73527,-28614.7,31813.8,9.0,-0.021,56447048,LOCKED
11620,1027.675,-207256101522098,50966,110364,-28501.2,32504.3,8.7,-0.024,56547576,LOCKED
11621,1028.674,-207256101641240,-38638,20760,-28487.7,32319.0,9.0,-0.012,56519581,LOCKED
11622,1029.674,-207256101591747,37511,96909,-28460.2,32583.7,9.0,-0.015,56546006,LOCKED
11623,1030.675,-207256101632684,22870,82268,-28391.9,32658.4,8.8,-0.012,56706263,LOCKED
11624,1031.674,-207256101641420,38819,98217,-28274.3,32857.8,8.8,-0.009,56785484,LOCKED
11625,1032.674,-207256101753334,-40499,18899,-28419.3,32818.1,8.4,-0.007,56763390,LOCKED
11626,1033.674,-207256101750016,-8197,51201,-28433.4,32836.9,8.1,-0.012,56858364,LOCKED
11627,1034.674,-207256101746746,22048,81446,-28398.4,32971.9,8.1,-0.010,56953742,LOCKED
11628,1035.674,-207256101853123,-50842,8556,-28563.9,33163.8,8.1,-0.009,56934769,LOCKED
11629,1036.675,-207256101860209,-26514,32884,-28659.9,33137.8,8.3,-0.004,57015570,LOCKED
11630,1037.677,-207256101869130,-6660,52738,-28654.4,33123.5,8.2,-0.004,57101878,LOCKED
11631,1038.675,-207256101903292,-12908,46490,-28596.5,32577.9,8.2,-0.004,57187659,LOCKED
11632,1039.675,-207256101961563,-40533,18865,-28629.8,32909.4,8.4,0.001,57183133,LOCKED
11633,1040.674,-207256101970143,-17468,41930,-28748.9,32274.3,8.6,0.004,57265620,LOCKED
11634,1041.674,-207256101981441,778,60176,-28789.3,32112.2,8.6,0.005,57341528,LOCKED
11635,1042.675,-207256102014059,-3641,55757,-28754.2,31955.2,8.7,0.007,57433950,LOCKED
11636,1043.674,-207256102078312,-34940,24458,-28902.5,31595.2,8.7,0.008,57403623,LOCKED
11637,1044.674,-207256102101503,-26883,32515,-28973.0,31753.6,8.5,0.005,57493910,LOCKED
11638,1045.675,-207256102085176,16914,76312,-28927.3,31812.2,8.6,0.004,57601804,LOCKED
11639,1046.674,-207256102074709,51391,110789,-28771.2,32164.5,8.7,0.003,57704866,LOCKED
11640,1047.678,-207256102179035,-21933,37465,-28844.3,32190.0,8.7,0.003,57689142,LOCKED
11641,1048.676,-207256102169522,14964,74362,-28797.4,32214.4,8.5,-0.001,57791373,LOCKED
11642,1049.675,-207256102247697,-30758,28640,-28926.0,31966.3,8.4,-0.005,57798664,LOCKED
11643,1050.675,-207256102243654,2613,62011,-28950.1,31890.8,8.3,-0.011,57893005,LOCKED
11644,1051.675,-207256102238152,34275,93673,-28870.0,32191.4,8.1,-0.016,57989873,LOCKED
11645,1052.675,-207256102339878,-37291,22107,-28871.3,32207.0,8.1,-0.023,57977634,LOCKED
11646,1053.676,-207256102330788,1395,60793,-28909.3,32054.8,8.3,-0.023,58075049,LOCKED
11647,1054.676,-207256102319836,38162,97560,-28820.7,32427.7,8.4,-0.023,58177357,LOCKED
11648,1055.675,-207256102429786,-41568,17830,-28820.2,32421.4,8.4,-0.024,58159279,LOCKED
11649,1056.675,-207256102431753,-12918,46480,-28887.1,32288.1,8.3,-0.033,58244587,LOCKED
11650,1057.677,-207256102423234,22950,82348,-28849.7,32437.4,8.3,-0.026,58344450,LOCKED
11651,1058.675,-207256102418160,52195,111593,-28706.6,32961.7,8.3,-0.027,58438006,LOCKED
11652,1059.675,-207256102522863,-21362,38036,-28790.9,32889.3,8.8,-0.032,58428619,LOCKED
11653,1060.676,-207256102527367,3999,63397,-28850.4,32488.0,8.8,-0.034,58510222,LOCKED
11654,1061.676,-207256102542521,16588,75986,-28823.6,32565.6,9.0,-0.038,58586459,LOCKED
11655,1062.677,-207256102543854,40581,99979,-28719.2,32928.1,9.1,-0.044,58565568,LOCKED
11656,1063.676,-207256102638152,-24881,34517,-28683.5,32525.4,9.2,-0.025,58672767,LOCKED
11657,1064.677,-207256102634238,7990,67388,-28710.3,32389.7,9.4,-0.009,58763819,LOCKED
11658,1065.676,-207256102632155,37477,96875,-28708.5,32410.7,9.5,0.004,58859069,LOCKED
11659,1066.676,-207256102743737,-43547,15851,-28726.9,32638.4,9.6,0.015,58834777,LOCKED
11660,1067.677,-207256102748871,-17297,42101,-28828.8,32250.6,9.6,0.025,58916892,LOCKED
11661,1068.676,-207256102747373,12242,71640,-28810.4,32292.5,9.8,0.063,59007663,LOCKED
11662,1069.677,-207256102821843,-30020,29378,-28927.4,32164.6,10.0,0.087,59023651,LOCKED
11663,1070.677,-207256102833204,-11238,48160,-28968.5,32158.2,10.2,0.093,59103626,LOCKED
11664,1071.676,-207256102834562,14108,73506,-28880.6,31841.8,10.3,0.099,59191824,LOCKED
11665,1072.678,-207256102847483,29720,89118,-28913.1,31420.9,10.1,0.106,59275060,LOCKED
11666,1073.678,-207256102920638,-13438,45960,-28944.0,31468.8,9.8,0.111,59359413,LOCKED
11667,1074.676,-207256102953580,-17424,41974,-28915.6,31225.2,9.6,0.115,59342577,LOCKED
11668,1075.676,-207256102939082,25840,85238,-28951.3,30788.4,9.3,0.119,59447573,LOCKED
11669,1076.676,-207256102958011,33986,93384,-28915.7,31077.0,9.1,0.112,59525034,LOCKED
11670,1077.680,-207256103057930,-35296,24102,-28941.5,31320.2,8.9,0.106,59505646,LOCKED
11671,1078.676,-207256103041852,7786,67184,-28859.1,30883.2,8.5,0.107,59613144,LOCKED
11672,1079.677,-207256103113563,-33375,26023,-28886.7,31121.4,8.7,0.116,59633928,LOCKED
11673,1080.676,-207256103105303,1975,61373,-28801.6,30474.9,8.8,0.123,59727509,LOCKED
11674,1081.677,-207256103089272,45289,104687,-28802.4,30462.7,8.7,0.123,59834002,LOCKED
11675,1082.678,-207256103204991,-38646,20752,-28884.6,30891.1,9.2,0.135,59806528,LOCKED
11676,1083.676,-207256103198295,-3833,55565,-28840.5,30643.6,9.3,0.141,59905766,LOCKED
11677,1084.676,-207256103186846,35633,95031,-28859.4,30376.3,9.2,0.134,60004721,LOCKED
11678,1085.679,-207256103184370,63363,122761,-28787.7,31423.7,9.2,0.138,59987514,LOCKED
11679,1086.677,-207256103299118,-21625,37773,-28799.5,31495.6,9.2,0.137,60074380,LOCKED
11680,1087.681,-207256103284660,18352,77750,-28668.7,30657.6,8.8,0.134,60180094,LOCKED
11681,1088.678,-207256103278034,51147,110545,-28631.1,31175.0,8.9,0.138,60271342,LOCKED
11682,1089.677,-207256103373144,-15941,43457,-28574.5,30556.9,8.7,0.138,60270302,LOCKED
11683,1090.677,-207256103342418,39252,91518,-28438.0,30571.7,8.8,0.140,60387117,LOCKED
11684,1091.678,-207256103465547,-53914,0,-28423.1,30272.2,8.7,0.138,60358019,LOCKED
11685,1092.678,-207256103454330,-12724,41190,-28478.1,30215.4,8.6,0.136,60462069,LOCKED
11686,1093.677,-207256103443216,24742,78656,-28414.8,30362.3,8.3,0.130,60556122,LOCKED
11687,1094.678,-207256103452593,39441,93355,-28267.2,30226.6,8.2,0.128,60527814,LOCKED
11688,1095.678,-207256103544319,-21494,32420,-28355.5,30113.4,8.1,0.125,60636176,LOCKED
11689,1096.678,-207256103542437,8520,62434,-28358.7,30102.7,8.1,0.126,60725725,LOCKED
11690,1097.678,-207256103533203,42825,96739,-28268.4,30636.8,8.1,0.123,60822938,LOCKED
11691,1098.677,-207256103653077,-45772,8142,-28340.1,31253.8,8.0,0.120,60796126,LOCKED
11692,1099.678,-207256103612368,22641,76555,-28346.5,31200.6,8.0,0.122,60920560,LOCKED
11693,1100.679,-207256103634541,27193,81107,-28312.1,31401.6,8.1,0.123,60881315,LOCKED
11694,1101.678,-207256103729768,-37468,16446,-28360.5,31782.8,8.2,0.118,60991085,LOCKED
11695,1102.678,-207256103725138,-4352,49562,-28359.4,31781.1,8.2,0.121,61085520,LOCKED
11696,1103.679,-207256103713659,34203,88117,-28353.3,31846.5,8.1,0.117,61184952,LOCKED
11697,1104.677,-207256103841976,-60602,0,-28506.0,32695.3,8.1,0.120,61149509,LOCKED
11698,1105.679,-207256103848266,-36368,24234,-28544.6,33008.8,8.2,0.124,61228097,LOCKED
11699,1106.678,-207256103844109,-5196,55406,-28460.7,32220.6,8.3,0.128,61320516,LOCKED
11700,1107.682,-207256103834414,31459,92061,-28439.4,32396.7,8.8,0.125,61423330,LOCKED
11701,1108.678,-207256103933349,-37112,23490,-28472.1,32690.7,8.9,0.123,61409300,LOCKED
11702,1109.678,-207256103908475,16222,76824,-28498.6,32487.7,8.9,0.118,61525140,LOCKED
11703,1110.679,-207256103909827,40561,101163,-28428.1,32951.3,8.8,0.114,61613841,LOCKED
11704,1111.678,-207256104005553,-26164,34438,-28412.7,32800.1,9.0,0.106,61606185,LOCKED
11705,1112.679,-207256103979450,27736,88338,-28428.6,32634.5,8.6,0.088,61720158,LOCKED
11706,1113.679,-207256104094200,-54746,5856,-28526.2,33470.4,8.6,0.093,61694352,LOCKED
11707,1114.679,-207256104085130,-17254,43348,-28492.3,33182.7,8.6,0.099,61794407,LOCKED
11708,1115.679,-207256104075156,21265,81867,-28530.3,32793.3,8.6,0.077,61892812,LOCKED
11709,1116.679,-207256104081458,41285,101887,-28490.6,33172.9,8.6,0.058,61974504,LOCKED
11710,1117.681,-207256104206015,-51838,8764,-28548.9,33817.7,8.6,0.055,61941047,LOCKED
11711,1118.679,-207256104200941,-18751,41851,-28491.3,33180.7,8.6,0.053,62038111,LOCKED
11712,1119.680,-207256104176468,32710,93312,-28471.9,33347.3,8.3,0.067,62040754,LOCKED
11713,1120.679,-207256104258951,-19981,40621,-28503.5,33456.4,8.3,0.050,62158388,LOCKED
11714,1121.680,-207256104258695,7716,68318,-28464.1,33412.9,8.3,0.049,62247646,LOCKED
11715,1122.679,-207256104260865,30359,90961,-28335.2,33151.8,8.3,0.065,62332534,LOCKED
11716,1123.679,-207256104367762,-44445,16157,-28445.9,33600.9,8.4,0.060,62316578,LOCKED
11717,1124.680,-207256104362497,-10395,50207,-28445.2,33598.7,8.4,0.055,62409592,LOCKED
11718,1125.680,-207256104358599,19132,79734,-28338.6,33220.3,8.4,0.052,62505574,LOCKED
11719,1126.679,-207256104368576,36321,96923,-28341.5,33186.0,8.6,0.038,62472602,LOCKED
11720,1127.680,-207256104460511,-24961,35641,-28413.6,33286.7,8.6,0.036,62581634,LOCKED
11721,1128.681,-207256104457452,5695,66297,-28382.9,33257.3,8.5,0.033,62671568,LOCKED
11722,1129.681,-207256104532740,-37421,23181,-28506.9,33338.2,8.4,0.030,62685290,LOCKED
11723,1130.681,-207256104531713,-6714,53888,-28553.4,33242.2,8.5,0.021,62777206,LOCKED
11724,1131.680,-207256104539867,12602,73204,-28521.1,33277.0,8.3,0.020,62856226,LOCKED
11725,1132.681,-207256104533372,43780,104382,-28405.4,33668.7,8.5,0.012,62949872,LOCKED
11726,1133.682,-207256104642691,-34072,26530,-28499.1,33882.8,8.5,0.012,62930754,LOCKED
11727,1134.680,-207256104637256,751,61353,-28544.1,33692.7,8.5,0.012,63026021,LOCKED
11728,1135.681,-207256104623750,39524,100126,-28448.8,34058.1,8.5,0.012,63130651,LOCKED
11729,1136.681,-207256104747540,-53080,7522,-28494.9,34621.9,8.3,0.011,63099411,LOCKED
11730,1137.685,-207256104754294,-27812,32790,-28622.0,34295.0,8.3,0.014,63192178,LOCKED
11731,1138.681,-207256104722019,31069,91671,-28574.7,34549.1,8.3,0.014,63300145,LOCKED
11732,1139.683,-207256104784683,-1278,59324,-28658.2,33970.6,8.3,0.011,63330743,LOCKED
11733,1140.681,-207256104774514,35532,96134,-28618.2,34268.0,8.2,0.013,63312983,LOCKED
11734,1141.682,-207256104890538,-49577,11025,-28648.5,34646.6,8.2,0.013,63402365,LOCKED
11735,1142.682,-207256104920732,-45989,14613,-28824.4,34424.2,7.5,0.018,63501921,LOCKED
11736,1143.681,-207256104848866,51951,112553,-28775.7,34985.8,7.3,0.021,63619594,LOCKED
11737,1144.681,-207256104940388,-10634,49968,-28765.9,34946.4,7.2,0.018,63618620,LOCKED
11738,1145.681,-207256104920946,33524,94126,-28622.6,34628.6,7.1,0.019,63728329,LOCKED
11739,1146.681,-207256105029441,-42221,18381,-28755.2,34806.1,7.1,0.020,63709907,LOCKED
11740,1147.681,-207256105017989,-2083,58519,-28748.3,34797.7,7.1,0.020,63811398,LOCKED
11741,1148.682,-207256105009103,31848,92450,-28619.3,34604.7,7.6,0.029,63909683,LOCKED
11742,1149.682,-207256105082785,-11664,48938,-28676.1,34526.3,7.6,0.036,63926287,LOCKED
11743,1150.681,-207256105061933,34175,94777,-28551.7,34476.3,7.5,0.043,64034164,LOCKED
11744,1151.683,-207256105085633,38288,98890,-28579.2,34086.7,7.7,0.046,63991702,LOCKED
11745,1152.682,-207256105175347,-20808,39794,-28644.7,34129.4,7.7,0.047,64104107,LOCKED
11746,1153.682,-207256105156450,24286,84888,-28564.8,34166.4,7.8,0.049,64212106,LOCKED
11747,1154.681,-207256105267603,-55938,4664,-28587.9,34514.3,7.8,0.050,64194199,LOCKED
11748,1155.682,-207256105246114,-4836,55766,-28630.2,34420.5,8.0,0.051,64305681,LOCKED
11749,1156.683,-207256105249211,19029,79631,-28579.9,34492.5,8.1,0.053,64388746,LOCKED
11750,1157.686,-207256105251177,41048,101650,-28422.4,34305.2,8.3,0.054,64476988,LOCKED
11751,1158.683,-207256105367275,-42337,18265,-28562.8,34403.4,8.4,0.055,64447939,LOCKED
11752,1159.682,-207256105329134,21870,82472,-28476.5,34330.8,9.0,0.056,64468865,LOCKED
11753,1160.684,-207256105431106,-49480,11122,-28499.5,34632.1,9.4,0.046,64567324,LOCKED
11754,1161.683,-207256105430208,-17789,42813,-28582.6,34482.6,9.7,0.035,64652144,LOCKED
11755,1162.683,-207256105427362,12722,73324,-28558.7,34525.6,9.8,0.033,64747056,LOCKED
11756,1163.683,-207256105436076,29067,89669,-28435.1,34291.4,10.2,0.028,64829499,LOCKED
11757,1164.682,-207256105555157,-55758,4844,-28628.4,34328.6,10.6,0.023,64798481,LOCKED
11758,1165.683,-207256105545687,-15246,45356,-28721.6,34002.8,10.8,0.002,64898798,LOCKED
11759,1166.683,-207256105548604,10146,70748,-28718.3,34012.3,10.9,0.016,64986218,LOCKED
11760,1167.687,-207256105542374,41164,101766,-28593.6,34227.7,10.5,0.012,65081814,LOCKED
11761,1168.684,-207256105650908,-35027,25575,-28719.6,34192.7,10.5,0.017,65063520,LOCKED
11762,1169.684,-207256105616000,26309,86911,-28650.8,34333.9,10.6,0.019,65187432,LOCKED
11763,1170.684,-207256105634945,32270,92872,-28520.4,34137.3,10.7,0.033,65145869,LOCKED
11764,1171.684,-207256105735630,-36599,24003,-28621.5,34378.6,10.7,0.047,65248458,LOCKED
11765,1172.684,-207256105720977,5211,65813,-28558.1,34128.7,10.8,0.060,65351036,LOCKED
11766,1173.682,-207256105734274,20905,81507,-28614.3,33483.5,11.0,0.072,65439581,LOCKED
11767,1174.684,-207256105823860,-36855,23747,-28710.8,33765.1,11.1,0.085,65426646,LOCKED
11768,1175.683,-207256105867985,-49467,11135,-28766.1,34340.8,11.1,0.099,65507362,LOCKED
11769,1176.683,-207256105816311,27630,88232,-28647.8,34118.5,11.1,0.111,65613943,LOCKED
11770,1177.685,-207256105914241,-37200,23402,-28804.7,33751.5,11.1,0.111,65607363,LOCKED
11771,1178.683,-207256105904752,1802,62404,-28842.5,33602.8,11.1,0.118,65708917,LOCKED
11772,1179.684,-207256105996438,-58018,2584,-28894.5,34298.3,11.1,0.126,65705708,LOCKED
11773,1180.684,-207256105996392,-26344,34258,-28985.1,34312.6,11.1,0.125,65794191,LOCKED
11774,1181.684,-207256106004761,-5396,55206,-28992.4,34320.0,11.0,0.123,65876112,LOCKED
11775,1182.684,-207256105993099,32034,92636,-28887.2,34385.8,11.0,0.121,65977389,LOCKED
11776,1183.685,-207256106096481,-38134,22468,-29036.4,34183.5,10.9,0.120,65964555,LOCKED
11777,1184.684,-207256106083003,4672,65274,-29058.6,34108.6,10.9,0.118,66068354,LOCKED
11778,1185.684,-207256106068477,44631,105233,-28954.7,34585.9,10.8,0.116,66171573,LOCKED
11779,1186.685,-207256106182226,-38758,21844,-28959.1,34636.8,10.4,0.114,66148429,LOCKED
11780,1187.689,-207256106172080,1179,61781,-29002.0,34461.9,10.4,0.112,66251925,LOCKED
11781,1188.685,-207256106155630,43442,104044,-28917.6,34957.4,10.3,0.110,66356875,LOCKED
11782,1189.685,-207256106244925,-14507,46095,-29012.9,34593.0,10.2,0.107,66355145,LOCKED
11783,1190.683,-207256106238074,20403,81005,-29000.0,34658.5,10.0,0.099,66452370,LOCKED
11784,1191.684,-207256106242069,42201,102803,-28912.6,35113.9,10.1,0.092,66427059,LOCKED
11785,1192.683,-207256106337587,-24319,36283,-28876.3,34734.1,9.8,0.084,66530228,LOCKED
11786,1193.683,-207256106330289,12189,72791,-28913.0,34481.4,9.9,0.077,66628874,LOCKED
11787,1194.683,-207256106321251,46901,107503,-28831.9,35064.6,9.9,0.071,66730296,LOCKED
11788,1195.684,-207256106418949,-21981,38621,-28794.5,34696.2,10.0,0.065,66719480,LOCKED
11789,1196.684,-207256106443638,-15065,45537,-28907.6,34101.7,9.9,0.063,66792044,LOCKED
11790,1197.684,-207256106425187,31236,91838,-28907.6,34101.2,9.9,0.063,66895796,LOCKED
11791,1198.684,-207256106525093,-38139,22463,-28923.9,34269.0,9.8,0.060,66886431,LOCKED
11792,1199.684,-207256106513600,2271,62873,-28927.3,34265.5,9.4,0.052,66988367,LOCKED
11793,1200.684,-207256106520901,21189,81791,-28829.5,34062.8,9.3,0.048,67072490,LOCKED
11794,1201.684,-207256106522814,46623,107225,-28834.3,33990.9,9.6,0.047,67050012,LOCKED
11795,1202.684,-207256106624266,-22554,38048,-28965.9,33375.1,9.5,0.042,67149987,LOCKED
11796,1203.684,-207256106628410,659,61261,-28887.9,32839.6,9.5,0.038,67236206,LOCKED
11797,1204.684,-207256106629911,26745,87347,-28868.5,32970.9,9.3,0.033,67325330,LOCKED
11798,1205.684,-207256106661917,20990,81592,-28774.8,32798.9,9.2,0.022,67411293,LOCKED
11799,1206.684,-207256106740917,-25859,34743,-28897.7,32434.5,10.0,0.016,67397191,LOCKED
11800,1207.684,-207256106767694,-21932,38670,-28950.0,32553.3,9.8,0.008,67487274,LOCKED
11801,1208.684,-207256106815030,-38650,21952,-28967.6,32744.0,9.8,0.013,67595687,LOCKED
11802,1209.684,-207256106808113,-2069,58533,-28998.4,32677.6,10.2,0.010,67596731,LOCKED
11803,1210.684,-207256106815802,16882,77484,-28910.5,32446.0,11.0,0.006,67677526,LOCKED
11804,1211.685,-207256106911510,-48047,12555,-28922.3,32616.2,11.2,0.001,67660928,LOCKED
11805,1212.684,-207256106928448,-33108,27494,-29012.5,32830.6,11.0,-0.013,67750940,LOCKED
11806,1213.685,-207256106917799,5223,65825,-28955.7,32630.6,11.0,-0.020,67851055,LOCKED
11807,1214.685,-207256106901677,48795,109397,-28963.0,32510.4,10.7,-0.038,67956787,LOCKED
11808,1215.685,-207256107013379,-31588,29014,-29026.2,32786.6,10.7,-0.048,67938708,LOCKED
11809,1216.685,-207256107004537,5204,65806,-28982.0,32681.2,10.6,-0.059,68037048,LOCKED
11810,1217.685,-207256106998450,36033,96635,-28833.5,32378.9,10.6,-0.073,68132744,LOCKED
11811,1218.685,-207256107009756,51210,111812,-28803.3,32794.4,10.6,-0.068,68099895,LOCKED
11812,1219.685,-207256107093799,-4849,55753,-28754.9,32503.9,10.6,-0.051,68216248,LOCKED
11813,1220.685,-207256107098012,19702,80304,-28788.2,32187.8,10.9,-0.021,68302352,LOCKED
11814,1221.685,-207256107106924,37371,97973,-28742.0,32551.1,11.2,0.008,68272667,LOCKED
11815,1222.685,-207256107207266,-32708,27894,-28762.2,32726.9,11.7,0.033,68370894,LOCKED
11816,1223.685,-207256107207531,-5321,55281,-28698.8,32245.8,11.8,0.059,68461832,LOCKED
11817,1224.685,-207256107209886,21195,79213,-28742.6,31761.0,12.0,0.102,68550802,LOCKED
11818,1225.685,-207256107217815,39624,97642,-28691.3,32182.5,12.2,0.149,68518036,LOCKED
11819,1226.686,-207256107296372,-10111,47907,-28680.9,32138.0,12.4,0.169,68642010,LOCKED
11820,1227.685,-207256107290682,20959,78977,-28553.5,31490.3,12.9,0.199,68735867,LOCKED
11821,1228.685,-207256107303427,35174,93192,-28533.8,31684.4,13.8,0.236,68701352,LOCKED
11822,1229.686,-207256107376081,-9668,48350,-28482.2,31263.7,14.5,0.270,68831840,LOCKED
11823,1230.685,-207256107373678,18137,76155,-28360.9,30585.7,14.7,0.288,68918289,LOCKED
11824,1231.685,-207256107391796,27104,85122,-28343.4,30718.7,14.9,0.305,68881109,LOCKED
11825,1232.686,-207256107485478,-36604,21414,-28362.6,30922.4,15.4,0.328,68987367,LOCKED
11826,1233.686,-207256107476395,-586,57432,-28291.3,30411.9,15.6,0.340,69086335,LOCKED
11827,1234.686,-207256107480766,22391,80409,-28282.3,30473.8,15.7,0.352,69060894,LOCKED
11828,1235.686,-207256107584892,-48861,9157,-28426.7,30854.5,15.9,0.362,69153719,LOCKED
11829,1236.686,-207256107572586,-9018,49000,-28367.9,30333.5,15.9,0.364,69256814,LOCKED
11830,1237.686,-207256107587972,4519,62537,-28402.7,30158.5,16.0,0.354,69346143,LOCKED
11831,1238.686,-207256107678000,-53792,4226,-28476.0,30987.9,16.0,0.351,69332472,LOCKED
11832,1239.686,-207256107675335,-19434,38584,-28601.8,30277.8,16.0,0.348,69457746,LOCKED
11833,1240.686,-207256107661188,22732,80750,-28611.1,30196.3,15.9,0.345,69420310,LOCKED
11834,1241.686,-207256107764748,-48525,9493,-28711.7,30883.3,15.8,0.346,69517187,LOCKED
11835,1242.686,-207256107760661,-15675,42343,-28688.1,30702.8,15.7,0.347,69609433,LOCKED
11836,1243.686,-207256107763743,10755,68773,-28746.6,30148.6,15.8,0.339,69699647,LOCKED
11837,1244.686,-207256107795350,7533,65551,-28741.4,30159.6,15.7,0.335,69786876,LOCKED
11838,1245.687,-207256107876007,-42785,15233,-28748.6,30262.0,15.6,0.331,69765076,LOCKED
11839,1246.686,-207256107920373,-53099,4919,-28920.9,30498.5,15.5,0.327,69843625,LOCKED
11840,1247.686,-207256107877923,17455,75473,-28909.8,30553.0,15.5,0.326,69943987,LOCKED
11841,1248.687,-207256107873224,46607,104625,-28768.4,30856.8,15.4,0.321,69928319,LOCKED
11842,1249.687,-207256107929304,18789,76807,-28774.7,30811.9,15.3,0.317,70076846,LOCKED
11843,1250.687,-207256108033077,-52965,5053,-28846.0,31596.1,15.3,0.304,70062229,LOCKED
11844,1251.686,-207256108029165,-20097,37921,-28817.9,31331.9,15.1,0.293,70154418,LOCKED
11845,1252.686,-207256108013113,24121,82139,-28826.1,31259.4,14.8,0.281,70259918,LOCKED
11846,1253.687,-207256108118635,-49363,8655,-28901.7,31958.9,14.4,0.271,70244702,LOCKED
11847,1254.687,-207256108103752,-6643,51375,-28838.3,31438.5,14.1,0.259,70347943,LOCKED
11848,1255.687,-207256108097427,27443,85461,-28831.1,31500.1,13.6,0.247,70443765,LOCKED
11849,1256.687,-207256108111772,39862,97880,-28795.9,31848.5,13.5,0.240,70530698,LOCKED
11850,1257.687,-207256108224454,-42078,15940,-28821.5,32140.9,13.5,0.232,70501359,LOCKED
11851,1258.687,-207256108231588,-17625,40393,-28928.1,31692.0,13.4,0.223,70586534,LOCKED
11852,1259.687,-207256108193740,46168,104186,-28858.3,32294.5,13.3,0.215,70600781,LOCKED
11853,1260.687,-207256108298024,-27901,30117,-28878.6,32439.9,13.2,0.205,70696231,LOCKED
11854,1261.687,-207256108297120,310,58328,-28801.8,31898.2,13.2,0.209,70792427,LOCKED
11855,1262.687,-207256108285650,38814,96832,-28779.6,32135.3,13.0,0.198,70890319,LOCKED
11856,1263.687,-207256108397601,-41408,16610,-28855.6,32622.5,13.1,0.196,70871629,LOCKED
11857,1264.688,-207256108387580,-3160,54858,-28819.4,32464.8,13.1,0.184,70966963,LOCKED
11858,1265.688,-207256108382282,28205,86223,-28731.1,32551.1,13.1,0.192,71059732,LOCKED
11859,1266.688,-207256108483223,-40291,17727,-28846.5,32824.7,13.2,0.215,71051091,LOCKED
11860,1267.687,-207256108481906,-8579,49439,-28908.4,32644.6,13.3,0.216,71143558,LOCKED
11861,1268.688,-207256108478407,23855,81873,-28949.5,32170.1,13.4,0.217,71236526,LOCKED
11862,1269.688,-207256108558271,-24837,33181,-29017.3,32291.5,13.9,0.179,71246145,LOCKED
11863,1270.688,-207256108583660,-20017,38001,-29042.6,32396.7,14.5,0.146,71311297,LOCKED
11864,1271.688,-207256108599206,-4050,53968,-29157.3,31311.0,14.8,0.124,71388372,LOCKED
11865,1272.688,-207256108587155,36528,94546,-29187.2,30855.4,14.8,0.107,71491030,LOCKED
11866,1273.688,-207256108691652,-35722,22296,-29278.2,31157.1,15.0,0.077,71471325,LOCKED
11867,1274.688,-207256108683995,240,58258,-29230.7,30943.2,15.5,0.034,71573715,LOCKED
11868,1275.688,-207256108693081,20851,78869,-29288.4,30202.9,15.5,0.004,71655722,LOCKED
11869,1276.688,-207256108706650,34813,92831,-29260.0,30465.9,15.5,-0.029,71747523,LOCKED
11870,1277.688,-207256108787520,-16261,41757,-29259.3,30461.8,15.3,-0.053,71743040,LOCKED
11871,1278.688,-207256108815889,-15545,42473,-29224.8,30158.2,15.3,-0.048,71845102,LOCKED
11872,1279.688,-207256108854524,-22741,35277,-29295.7,30220.3,15.2,-0.044,71864418,LOCKED
11873,1280.689,-207256108823469,34986,93004,-29225.1,30583.0,15.2,-0.043,71977735,LOCKED
11874,1281.688,-207256108855647,29042,87060,-29126.4,30613.3,15.2,-0.052,71950124,LOCKED
11875,1282.688,-207256108927338,-11276,46742,-29218.1,30140.9,15.2,-0.052,72053667,LOCKED
11876,1283.689,-207256108982319,-34119,23899,-29304.8,30423.7,15.3,-0.042,72153901,LOCKED
11877,1284.688,-207256109003452,-24571,33447,-29331.5,30579.9,15.2,-0.042,72158198,LOCKED
11878,1285.689,-207256108986959,18854,76872,-29244.9,30405.9,15.1,-0.041,72263597,LOCKED
11879,1286.688,-207256108978429,53480,111498,-29179.2,31185.6,15.1,-0.034,72361001,LOCKED
11880,1287.689,-207256109092190,-29734,28284,-29196.9,31332.4,14.9,-0.026,72341535,LOCKED
11881,1288.688,-207256109062120,26399,84417,-29086.8,31146.8,14.3,-0.018,72458262,LOCKED
11882,1289.689,-207256109130596,-12023,45995,-29114.3,31185.5,13.5,-0.009,72484349,LOCKED
11883,1290.689,-207256109113609,30957,88975,-29012.4,31250.9,13.3,-0.001,72587049,LOCKED
11884,1291.689,-207256109116935,51592,109610,-28850.0,31538.0,13.0,0.007,72563429,LOCKED
11885,1292.689,-207256109203220,-4826,53192,-28892.0,31438.0,12.0,0.012,72677743,LOCKED
11886,1293.689,-207256109195187,29432,87450,-28809.9,31603.1,11.7,0.021,72777983,LOCKED
11887,1294.689,-207256109304516,-49234,8784,-28819.0,31743.4,11.1,0.025,72757119,LOCKED
11888,1295.689,-207256109303227,-16884,41134,-28901.0,31565.5,10.6,0.031,72850688,LOCKED
11889,1296.689,-207256109290957,22421,80439,-28846.7,31690.5,10.5,0.038,72951329,LOCKED
11890,1297.689,-207256109282926,54661,112679,-28709.7,32392.0,10.5,0.036,72934915,LOCKED
11891,1298.689,-207256109377005,-8870,49148,-28785.4,32078.3,10.6,0.034,73041309,LOCKED
11892,1299.689,-207256109442330,-42272,15746,-28869.2,32579.2,10.6,0.035,73071080,LOCKED
11893,1300.689,-207256109421859,5422,63440,-28797.3,32227.2,10.7,0.039,73178940,LOCKED
11894,1301.689,-207256109432155,23585,81603,-28819.9,32004.3,10.7,0.047,73257132,LOCKED
11895,1302.689,-207256109440733,41153,99171,-28757.1,32480.6,10.6,0.055,73227819,LOCKED
11896,1303.689,-207256109537842,-26146,31872,-28765.2,32543.6,10.7,0.054,73332293,LOCKED
11897,1304.690,-207256109517376,20944,78962,-28694.9,32563.5,10.7,0.055,73438953,LOCKED
11898,1305.690,-207256109517071,47719,105737,-28665.0,32939.5,10.7,0.057,73536547,LOCKED
11899,1306.690,-207256109620793,-24000,34018,-28789.1,32484.1,10.7,0.059,73519961,LOCKED
11900,1307.690,-207256109605891,17734,75752,-28722.4,32456.2,10.6,0.067,73622010,LOCKED
11901,1308.690,-207256109606047,41430,99448,-28552.0,32057.6,10.6,0.069,73603312,LOCKED
11902,1309.690,-207256109672928,1779,59797,-28490.0,31732.1,10.6,0.072,73735794,LOCKED
11903,1310.690,-207256109669473,32840,90858,-28501.2,31596.9,10.2,0.061,73830187,LOCKED
11904,1311.690,-207256109774159,-40245,17773,-28586.6,32045.6,10.2,0.056,73816421,LOCKED
11905,1312.690,-207256109769453,-7640,50378,-28540.0,31724.4,10.1,0.051,73911138,LOCKED
11906,1313.690,-207256109770239,20162,78180,-28576.0,31359.4,10.1,0.053,74004188,LOCKED
11907,1314.690,-207256109873537,-51034,6984,-28664.3,32115.9,10.2,0.048,73984487,LOCKED
11908,1315.690,-207256109901092,-47808,10210,-28688.7,32440.9,10.3,0.049,74082723,LOCKED
11909,1316.690,-207256109873611,6189,64207,-28592.2,31765.7,10.4,0.050,74169104,LOCKED
11910,1317.690,-207256109873801,33394,91412,-28589.0,31799.7,10.5,0.044,74144167,LOCKED
11911,1318.690,-207256109968129,-29870,28148,-28660.9,32021.6,10.4,0.034,74252071,LOCKED
11912,1319.690,-207256110026387,-57384,634,-28667.7,32144.6,10.4,0.037,74280915,LOCKED
11913,1320.690,-207256110030380,-29902,28116,-28755.9,32281.2,10.3,0.058,74367195,LOCKED
11914,1321.691,-207256110024303,4385,62403,-28736.4,32273.7,10.3,0.051,74460474,LOCKED
11915,1322.691,-207256110008016,44609,102627,-28574.7,32195.0,10.3,0.052,74567152,LOCKED
11916,1323.691,-207256110123977,-38966,19052,-28697.2,32356.3,10.4,0.023,74539445,LOCKED
11917,1324.691,-207256110114883,-1242,56776,-28691.8,32351.5,10.3,0.010,74640484,LOCKED
11918,1325.691,-207256110098008,40158,98176,-28553.8,32387.7,10.2,-0.003,74744686,LOCKED
11919,1326.691,-207256110208130,-37727,20291,-28672.1,32540.8,9.6,-0.036,74723802,LOCKED
11920,1327.691,-207256110198700,456,58474,-28676.8,32538.1,9.4,-0.056,74822184,LOCKED
11921,1328.691,-207256110204781,20592,78610,-28590.2,32422.7,9.2,-0.080,74906424,LOCKED
11922,1329.691,-207256110277525,-21372,36646,-28662.2,32442.0,9.3,-0.059,74920897,LOCKED
11923,1330.691,-207256110265250,18912,76930,-28661.7,32445.6,8.7,-0.050,75023211,LOCKED
11924,1331.691,-207256110278016,32747,90765,-28614.9,32738.5,8.6,-0.046,75101710,LOCKED
11925,1332.691,-207256110290126,44872,102890,-28474.3,32953.3,8.6,-0.044,75066781,LOCKED
11926,1333.691,-207256110378255,-12601,45417,-28560.6,32620.5,9.0,-0.022,75177984,LOCKED
11927,1334.691,-207256110366767,25777,83795,-28521.4,32804.5,8.9,-0.002,75277341,LOCKED
11928,1335.691,-207256110373541,43877,101895,-28415.2,33264.0,8.7,-0.003,75251774,LOCKED
11929,1336.691,-207256110463065,-17254,40764,-28385.3,33020.1,8.5,0.004,75358440,LOCKED
11930,1337.692,-207256110453010,20357,78375,-28378.5,33060.3,8.6,0.010,75458339,LOCKED
11931,1338.692,-207256110457908,41549,99567,-28335.2,33460.1,8.6,0.015,75430337,LOCKED
11932,1339.692,-207256110513239,14501,72519,-28356.8,33319.2,8.6,0.012,75573113,LOCKED
11933,1340.692,-207256110523558,29382,87400,-28250.6,33288.4,8.6,0.010,75544194,LOCKED
11934,1341.692,-207256110626323,-43214,14804,-28272.8,33546.8,8.4,0.007,75642547,LOCKED
11935,1342.692,-207256110620013,-7659,50359,-28307.9,33521.2,8.7,-0.000,75739541,LOCKED
11936,1343.692,-207256110655828,-12843,45175,-28400.7,33121.2,8.6,-0.001,75827204,LOCKED
11937,1344.692,-207256110721257,-45424,11960,-28543.7,33331.9,8.6,-0.002,75815574,LOCKED
11938,1345.693,-207256110729883,-24008,33376,-28577.4,33484.6,8.8,-0.008,75896048,LOCKED
11939,1346.692,-207256110699582,31224,88608,-28450.1,33281.0,8.9,-0.012,76018764,LOCKED
11940,1347.692,-207256110797571,-34493,22891,-28580.6,33168.5,9.0,-0.015,76009934,LOCKED
11941,1348.692,-207256110778073,12212,69596,-28533.4,33149.8,9.1,-0.017,76116294,LOCKED
11942,1349.692,-207256110833565,-12995,44389,-28597.9,33039.3,9.0,-0.015,76153018,LOCKED
11943,1350.692,-207256110828441,18723,76107,-28530.5,33029.0,9.1,-0.016,76247128,LOCKED
11944,1351.692,-207256110839995,31814,89198,-28392.5,32695.0,9.1,-0.016,76216164,LOCKED
11945,1352.692,-207256110927317,-25134,32250,-28448.0,32860.6,9.3,-0.019,76327998,LOCKED
11946,1353.692,-207256110915415,13275,70659,-28374.7,32680.6,9.3,-0.019,76431666,LOCKED
11947,1354.693,-207256111021697,-58765,0,-28565.3,32950.4,9.4,-0.021,76411400,LOCKED
11948,1355.693,-207256111019839,-25644,33121,-28655.2,32950.4,9.9,-0.025,76506683,LOCKED
11949,1356.693,-207256111015386,6559,65324,-28621.6,32918.1,10.2,-0.024,76601427,LOCKED
11950,1357.693,-207256111007871,38241,97006,-28466.3,32616.5,10.3,-0.025,76589200,LOCKED
11951,1358.693,-207256111106952,-29922,28843,-28537.0,32838.2,10.3,-0.031,76689414,LOCKED
11952,1359.693,-207256111071840,33167,91932,-28564.7,32471.3,10.4,-0.032,76815369,LOCKED
11953,1360.693,-207256111179182,-42572,16193,-28643.2,32980.6,10.4,-0.027,76798123,LOCKED
11954,1361.693,-207256111168911,-3904,54861,-28624.6,32926.0,10.3,-0.020,76898522,LOCKED
11955,1362.693,-207256111161448,28910,87675,-28511.8,32808.5,10.2,-0.013,76993227,LOCKED
11956,1363.693,-207256111283130,-59092,0,-28667.4,33534.2,10.9,-0.004,76963663,LOCKED
11957,1364.693,-207256111274486,-20874,38218,-28677.2,33589.7,10.9,-0.003,77060214,LOCKED
11958,1365.693,-207256111275349,5003,64095,-28590.3,33046.6,11.0,0.000,77152717,LOCKED
11959,1366.693,-207256111276932,30838,89930,-28584.0,33104.4,11.3,0.005,77239352,LOCKED
11960,1367.693,-207256111386455,-47357,11735,-28640.0,33658.2,11.4,0.020,77216873,LOCKED
11961,1368.693,-207256111381793,-14584,44508,-28589.7,33199.9,11.6,0.027,77313648,LOCKED
11962,1369.693,-207256111345712,46580,105672,-28494.9,33781.8,11.8,0.037,77324973,LOCKED
11963,1370.693,-207256111440437,-19760,39332,-28456.6,33413.6,11.8,0.046,77431512,LOCKED
11964,1371.693,-207256111436938,12483,71575,-28491.5,33165.7,12.0,0.059,77528907,LOCKED
11965,1372.694,-207256111453285,23061,82153,-28452.9,33312.9,12.3,0.034,77615153,LOCKED
11966,1373.694,-207256111544982,-38483,20609,-28472.3,33514.6,12.5,0.015,77598084,LOCKED
11967,1374.693,-207256111529792,6406,65498,-28543.4,32915.2,12.5,0.002,77701487,LOCKED
11968,1375.694,-207256111620509,-50510,8582,-28717.8,32958.6,12.4,0.002,77698795,LOCKED
11969,1376.694,-207256111629884,-29208,29884,-28765.4,33195.2,12.2,0.020,77784569,LOCKED
11970,1377.694,-207256111610528,16692,75784,-28684.0,33026.9,12.2,0.011,77890313,LOCKED
11971,1378.694,-207256111603278,50313,109405,-28654.1,33422.3,12.1,0.017,77875896,LOCKED
11972,1379.694,-207256111656142,26519,85611,-28718.8,32495.0,12.1,0.026,78022583,LOCKED
11973,1380.694,-207256111665470,44328,103420,-28714.9,32549.0,12.3,0.004,78103378,LOCKED
11974,1381.694,-207256111777653,-36305,22787,-28793.8,32899.1,12.3,0.013,78083499,LOCKED
11975,1382.694,-207256111766357,2388,61480,-28729.1,32565.5,12.5,0.030,78178046,LOCKED
11976,1383.694,-207256111757094,39430,98522,-28748.1,32289.6,12.7,0.046,78281718,LOCKED
11977,1384.694,-207256111871379,-42626,16466,-28848.2,32745.2,12.7,0.050,78256601,LOCKED
11978,1385.694,-207256111857702,-1051,58041,-28799.7,32512.8,12.7,0.053,78361557,LOCKED
11979,1386.694,-207256111844184,40272,99364,-28818.0,32243.7,12.7,0.047,78463535,LOCKED
11980,1387.694,-207256111965763,-48592,10500,-28928.6,32853.0,12.6,0.051,78430259,LOCKED
11981,1388.695,-207256111955832,-9287,49805,-28935.1,32868.4,12.6,0.054,78533530,LOCKED
11982,1389.694,-207256111927919,45740,104832,-28921.7,33046.6,12.4,0.057,78650014,LOCKED
11983,1390.695,-207256112046860,-41467,17625,-28990.9,33521.8,12.3,0.061,78620558,LOCKED
11984,1391.694,-207256112050213,-15364,43728,-28988.2,33508.0,12.3,0.058,78705646,LOCKED
11985,1392.695,-207256112049188,12549,71641,-28905.8,33224.1,12.3,0.061,78798271,LOCKED
11986,1393.695,-207256112052260,36619,95711,-28880.1,33461.6,11.5,0.067,78883704,LOCKED
11987,1394.695,-207256112164606,-44407,14685,-28926.1,33910.8,10.7,0.073,78860717,LOCKED
11988,1395.695,-207256112162156,-13517,45575,-28879.6,33522.8,10.7,0.077,78955573,LOCKED
11989,1396.695,-207256112149285,27008,86100,-28864.4,33630.9,10.3,0.078,79050952,LOCKED
11990,1397.695,-207256112156272,45030,104122,-28749.9,34071.1,9.9,0.085,79029358,LOCKED
11991,1398.695,-207256112252749,-22793,36299,-28707.1,33606.8,9.5,0.091,79134442,LOCKED
11992,1399.695,-207256112210425,44335,103427,-28589.1,33998.8,9.4,0.096,79267933,LOCKED
11993,1400.695,-207256112330978,-46013,13079,-28591.8,34037.2,9.3,0.101,79233557,LOCKED
11994,1401.695,-207256112331340,-15684,43408,-28668.9,33886.9,9.2,0.106,79324190,LOCKED
11995,1402.695,-207256112338433,5369,64461,-28652.2,33890.0,9.3,0.107,79408198,LOCKED
11996,1403.695,-207256112344743,25993,85085,-28611.0,34071.6,9.2,0.113,79499778,LOCKED
11997,1404.695,-207256112438493,-35315,23777,-28740.5,34006.5,9.1,0.118,79486775,LOCKED
11998,1405.695,-207256112462891,-28212,30880,-28829.3,34086.2,9.1,0.117,79584138,LOCKED
11999,1406.696,-207256112508390,-43102,15990,-28844.9,34272.3,9.1,0.117,79578022,LOCKED
12000,1407.696,-207256112520136,-23175,35917,-28945.4,34103.0,9.2,0.117,79674573,LOCKED
12001,1408.696,-207256112504690,19467,78559,-28891.8,34172.0,9.2,0.117,79780415,LOCKED
12002,1409.696,-207256112579189,-23973,35119,-28958.4,34273.8,9.1,0.124,79792502,LOCKED
12003,1410.696,-207256112569313,13287,72379,-28903.2,34231.9,9.1,0.126,79892749,LOCKED
12004,1411.696,-207256112573426,34357,93449,-28777.5,34174.7,9.1,0.126,79979176,LOCKED
12005,1412.696,-207256112575025,58114,117206,-28706.1,34994.3,9.2,0.128,79956013,LOCKED
12006,1413.696,-207256112661938,-889,58203,-28665.5,34841.6,9.6,0.130,80071436,LOCKED
12007,1414.696,-207256112649579,39256,98348,-28687.7,34535.0,9.7,0.131,80173333,LOCKED
12008,1415.696,-207256112762153,-40942,18150,-28800.8,34832.9,9.9,0.125,80151936,LOCKED
12009,1416.696,-207256112748874,844,59936,-28787.8,34821.6,9.9,0.117,80250452,LOCKED
12010,1417.696,-207256112741021,33602,92694,-28652.8,34621.9,10.0,0.117,80351739,LOCKED
12011,1418.696,-207256112844139,-37445,21647,-28758.5,34855.6,10.0,0.119,80337911,LOCKED
12012,1419.696,-207256112823435,9966,69058,-28674.2,34495.9,10.0,0.119,80447676,LOCKED
12013,1420.696,-207256112812544,47562,106654,-28656.7,34722.8,10.4,0.116,80547959,LOCKED
12014,1421.696,-207256112922460,-31521,27571,-28711.2,34985.6,10.4,0.116,80527146,LOCKED
12015,1422.696,-207256112915211,2966,62058,-28643.6,34653.5,10.7,0.111,80623569,LOCKED
12016,1423.696,-207256112902144,43602,102694,-28663.5,34355.4,10.6,0.077,80726913,LOCKED
12017,1424.697,-207256113006826,-29645,29447,-28750.4,34484.9,10.5,0.106,80710299,LOCKED
12018,1425.697,-207256113002700,2836,61928,-28735.6,34478.7,10.6,0.118,80808616,LOCKED
12019,1426.696,-207256112992434,38010,97102,-28610.8,34570.2,10.5,0.114,80906267,LOCKED
12020,1427.697,-207256113106212,-42623,16469,-28762.7,34537.3,10.7,0.125,80883746,LOCKED
12021,1428.697,-207256113086704,5788,64880,-28779.2,34484.5,10.8,0.132,80989272,LOCKED
12022,1429.697,-207256113159024,-36925,22167,-28758.4,34211.0,10.8,0.123,81007402,LOCKED
12023,1430.697,-207256113151923,-494,58598,-28785.7,34149.7,10.8,0.115,81109810,LOCKED
12024,1431.696,-207256113139477,37551,96643,-28691.6,34458.8,10.6,0.086,81211505,LOCKED
12025,1432.697,-207256113255167,-47263,11829,-28720.2,34798.7,10.2,0.089,81184132,LOCKED
12026,1433.697,-207256113242265,-4222,54870,-28783.0,34538.3,9.7,0.091,81288135,LOCKED
12027,1434.697,-207256113220831,42669,101761,-28690.5,34994.4,9.6,0.100,81399866,LOCKED
12028,1435.697,-207256113342348,-45238,13854,-28857.1,34881.3,9.0,0.110,81363747,LOCKED
12029,1436.697,-207256113347270,-18740,40352,-28951.9,34643.2,8.9,0.107,81454918,LOCKED
12030,1437.697,-207256113369457,-11524,47568,-28954.8,34652.7,9.0,0.122,81558938,LOCKED
12031,1438.697,-207256113420517,-32986,26106,-28931.4,34370.2,9.1,0.135,81560037,LOCKED
12032,1439.697,-207256113450409,-32554,26538,-28945.7,34494.1,9.5,0.154,81712214,LOCKED
12033,1440.697,-207256113464481,-18017,41075,-28899.1,34046.5,9.0,0.163,81693143,LOCKED
12034,1441.697,-207256113493863,-16089,43003,-28990.8,33759.8,9.6,0.178,81766892,LOCKED
12035,1442.697,-207256113463008,40879,99971,-28917.5,34212.9,9.7,0.185,81873715,LOCKED
12036,1443.697,-207256113565343,-31778,27314,-28901.9,34039.0,9.7,0.192,81860994,LOCKED
12037,1444.698,-207256113545861,16960,76052,-28947.6,33612.8,9.9,0.197,81970840,LOCKED
12038,1445.698,-207256113528943,58833,117925,-28849.3,34547.2,10.3,0.208,82078172,LOCKED
12039,1446.697,-207256113645288,-28181,30911,-28826.0,34299.0,10.2,0.211,82050372,LOCKED
12040,1447.698,-207256113635655,11256,70348,-28892.9,33671.6,10.6,0.219,82148299,LOCKED
12041,1448.698,-207256113632364,41068,100160,-28844.7,34080.3,11.0,0.227,82246937,LOCKED
12042,1449.698,-207256113710059,-8732,50360,-28783.4,33581.2,11.1,0.230,82252733,LOCKED
12043,1450.698,-207256113744821,-12296,46796,-28881.7,33093.5,11.1,0.228,82311276,LOCKED
12044,1451.697,-207256113780910,-17511,41581,-28950.5,33047.6,11.0,0.221,82365406,LOCKED
12045,1452.698,-207256113784880,6779,65871,-28927.8,33049.9,11.0,0.220,82452959,LOCKED
12046,1453.697,-207256113764369,51474,110566,-28780.3,33488.6,11.1,0.222,82562982,LOCKED
12047,1454.698,-207256113877885,-29539,29553,-28914.2,33123.8,11.1,0.220,82540887,LOCKED
12048,1455.698,-207256113870212,7248,66340,-28936.1,33029.8,11.1,0.222,82642516,LOCKED
12049,1456.698,-207256113872753,30757,89849,-28845.4,33171.1,11.0,0.219,82729571,LOCKED
12050,1457.698,-207256113870839,56004,115096,-28667.7,33469.7,11.0,0.217,82818974,LOCKED
12051,1458.698,-207256113988798,-30546,28546,-28751.6,33643.8,11.1,0.218,82790286,LOCKED
12052,1459.698,-207256113959404,24089,83181,-28619.1,33071.6,11.2,0.218,82911653,LOCKED
12053,1460.698,-207256113974997,35901,94993,-28619.2,33069.4,11.6,0.219,82873451,LOCKED
12054,1461.698,-207256114069889,-28097,30995,-28684.3,33266.4,11.6,0.219,82981746,LOCKED
12055,1462.698,-207256114048464,20214,79306,-28629.5,33346.1,11.7,0.218,83093334,LOCKED
12056,1463.698,-207256114056362,37124,96216,-28503.4,33392.5,11.8,0.216,83061705,LOCKED
12057,1464.698,-207256114148464,-23863,35229,-28592.1,33352.7,12.1,0.215,83170906,LOCKED
12058,1465.699,-207256114140333,12865,71957,-28613.8,33222.3,12.3,0.206,83270901,LOCKED
12059,1466.699,-207256114134026,46125,105217,-28609.0,33289.8,12.1,0.196,83363392,LOCKED
12060,1467.699,-207256114253801,-41182,17910,-28730.2,33542.7,11.9,0.184,83335792,LOCKED
12061,1468.699,-207256114246111,-4880,54212,-28716.2,33503.8,11.7,0.171,83431630,LOCKED
12062,1469.699,-207256114312800,-38993,20099,-28841.0,33636.4,11.7,0.165,83455301,LOCKED
12063,1470.698,-207256114317580,-14057,45035,-28860.7,33688.3,11.7,0.158,83542734,LOCKED
12064,1471.699,-207256114311914,18228,77320,-28780.8,33574.7,11.4,0.141,83637910,LOCKED
12065,1472.699,-207256114302028,51294,110386,-28590.8,33403.0,11.3,0.133,83735203,LOCKED
12066,1473.699,-207256114432154,-47125,11967,-28665.5,34004.9,11.6,0.131,83693714,LOCKED
12067,1474.699,-207256114435274,-21649,37443,-28626.0,33600.3,11.6,0.117,83780546,LOCKED
12068,1475.699,-207256114429832,12860,71952,-28669.1,33258.8,11.6,0.116,83876656,LOCKED
12069,1476.699,-207256114462406,8295,67387,-28650.5,33276.3,11.5,0.096,83958047,LOCKED
12070,1477.699,-207256114536868,-36387,22705,-28645.4,33215.2,11.5,0.061,83949397,LOCKED
12071,1478.699,-207256114577491,-44095,14997,-28781.9,33438.2,10.9,0.029,84031989,LOCKED
12072,1479.699,-207256114610585,-45654,13438,-28841.2,33970.1,10.7,-0.005,84054288,LOCKED
12073,1480.700,-207256114596884,-4602,54490,-28760.2,33269.3,10.7,-0.025,84157427,LOCKED
12074,1481.699,-207256114657232,-32935,26157,-28865.4,33367.3,10.3,-0.062,84252104,LOCKED
12075,1482.699,-207256114592450,56563,115655,-28755.6,34230.2,10.1,-0.087,84229733,LOCKED
12076,1483.700,-207256114679728,-3508,47002,-28673.6,33545.5,9.9,-0.116,84345114,LOCKED
12077,1484.700,-207256114652646,49595,100105,-28625.8,34080.0,10.0,-0.128,84461394,LOCKED
12078,1485.700,-207256114746585,-15050,35460,-28633.6,34110.8,10.1,-0.139,84458583,LOCKED
12079,1486.700,-207256114731115,25507,76017,-28501.7,33614.8,10.1,-0.138,84561155,LOCKED
12080,1487.700,-207256114835283,-45858,4652,-28636.8,33923.4,10.0,-0.139,84545180,LOCKED
12081,1488.700,-207256114827225,-9006,41504,-28629.5,33898.4,10.1,-0.149,84644159,LOCKED
12082,1489.700,-207256114799326,45430,95940,-28602.4,34214.4,10.2,-0.157,84651338,LOCKED
12083,1490.700,-207256114898819,-23981,26529,-28635.1,34361.5,10.0,-0.163,84751175,LOCKED
12084,1491.699,-207256114906149,-4032,46478,-28561.7,33796.2,9.8,-0.169,84834959,LOCKED
12085,1492.700,-207256114891914,37517,88027,-28562.9,33782.3,9.5,-0.168,84936402,LOCKED
12086,1493.700,-207256114996451,-36021,14489,-28622.6,34133.5,9.2,-0.168,84918905,LOCKED
12087,1494.700,-207256114987361,-114,50396,-28533.6,33427.4,9.2,-0.168,85018099,LOCKED
12088,1495.700,-207256114973323,40983,91493,-28529.4,33480.0,9.1,-0.169,85122359,LOCKED
12089,1496.700,-207256115092369,-45773,4737,-28638.1,33980.9,8.7,-0.170,85096249,LOCKED
12090,1497.700,-207256115081303,-5257,45253,-28669.3,33945.9,8.7,-0.170,85192344,LOCKED
12091,1498.700,-207256115089432,15488,65998,-28705.1,33658.7,8.8,-0.165,85276505,LOCKED
12092,1499.700,-207256115180114,-42163,8347,-28847.6,33727.0,8.7,-0.159,85277059,LOCKED
12093,1500.700,-207256115186699,-17655,32855,-28928.6,33589.3,8.7,-0.159,85358762,LOCKED
12094,1501.701,-207256115179258,18551,69061,-28951.5,33409.0,8.4,-0.157,85453724,LOCKED
12095,1502.700,-207256115171412,50861,101371,-28815.6,33922.8,8.4,-0.157,85549131,LOCKED
12096,1503.701,-207256115189326,59186,109696,-28787.5,34365.1,8.4,-0.156,85511719,LOCKED
12097,1504.701,-207256115286827,-9048,41462,-28796.0,34382.3,8.4,-0.156,85613634,LOCKED
12098,1505.701,-207256115282753,20611,71121,-28672.5,33824.8,8.4,-0.156,85709998,LOCKED
12099,1506.701,-207256115275076,54376,104886,-28636.0,34319.4,8.3,-0.155,85810988,LOCKED
12100,1507.702,-207256115399377,-38747,11763,-28696.5,34715.6,8.1,-0.151,85773740,LOCKED
12101,1508.701,-207256115393278,-4867,45643,-28643.3,34391.7,7.8,-0.146,85872934,LOCKED
12102,1509.701,-207256115389170,26458,76968,-28617.3,34543.0,7.8,-0.145,85876935,LOCKED
12103,1510.701,-207256115480279,-33103,17407,-28706.2,34752.0,7.7,-0.148,85963528,LOCKED
12104,1511.701,-207256115481408,-4254,46256,-28761.7,34557.1,8.0,-0.160,86054514,LOCKED
12105,1512.701,-207256115512248,-5765,44745,-28780.0,34560.2,8.1,-0.165,86139660,LOCKED
12106,1513.701,-207256115572600,-36379,14131,-28766.5,34394.1,8.3,-0.165,86237893,LOCKED
12107,1514.701,-207256115570722,-4065,46445,-28841.8,33990.8,8.2,-0.169,86233682,LOCKED
12108,1515.701,-207256115554431,38571,89081,-28783.3,34384.7,8.2,-0.168,86335254,LOCKED
12109,1516.701,-207256115664925,-41069,9441,-28816.6,34705.3,8.2,-0.166,86317188,LOCKED
12110,1517.701,-207256115649474,1229,51739,-28721.9,33956.0,8.1,-0.172,86420909,LOCKED
12111,1518.701,-207256115651384,27307,77817,-28731.3,33868.3,8.1,-0.170,86510375,LOCKED
12112,1519.701,-207256115735464,-27023,23487,-28736.3,33908.4,8.3,-0.168,86513446,LOCKED
12113,1520.701,-207256115740421,-4299,46211,-28677.2,33518.5,8.1,-0.158,86600750,LOCKED
12114,1521.701,-207256115735706,28058,78568,-28673.1,33553.0,8.1,-0.156,86694709,LOCKED
12115,1522.701,-207256115732868,54910,105420,-28535.5,34222.0,8.3,-0.152,86676730,LOCKED
12116,1523.702,-207256115835615,-19641,30869,-28486.1,33705.9,8.3,-0.149,86772567,LOCKED
12117,1524.702,-207256115837495,6951,57461,-28497.0,33671.7,8.0,-0.134,86862624,LOCKED
12118,1525.702,-207256115832441,37109,87619,-28392.0,33905.7,7.9,-0.114,86953658,LOCKED
12119,1526.702,-207256115945236,-46232,4278,-28367.1,33492.4,8.5,-0.101,86930918,LOCKED
12120,1527.702,-207256115939535,-10424,40086,-28435.3,33298.8,8.4,-0.096,87023406,LOCKED
12121,1528.702,-207256115938032,18068,68578,-28394.3,33381.3,8.4,-0.105,87115790,LOCKED
12122,1529.702,-207256116020963,-33032,17478,-28508.3,33400.5,8.4,-0.100,87121887,LOCKED
12123,1530.702,-207256116017305,-422,50088,-28529.4,33363.1,8.3,-0.094,87220421,LOCKED
12124,1531.702,-207256116006026,36101,86611,-28428.0,33592.0,8.3,-0.102,87317858,LOCKED
12125,1532.702,-207256116117752,-46223,4287,-28398.8,33090.5,8.3,-0.111,87298227,LOCKED
12126,1533.703,-207256116106486,-4926,45584,-28470.9,32731.0,7.9,-0.088,87391367,LOCKED
12127,1534.702,-207256116101216,27391,77901,-28446.5,32890.7,7.8,-0.079,87489546,LOCKED
12128,1535.702,-207256116098950,53644,104154,-28316.6,33573.3,7.7,-0.068,87581890,LOCKED
12129,1536.702,-207256116212475,-30162,20348,-28335.3,33718.3,7.4,-0.076,87558323,LOCKED
12130,1537.702,-207256116205025,6135,56645,-28370.7,33538.5,7.6,-0.091,87652496,LOCKED
12131,1538.703,-207256116242800,-1716,48794,-28444.2,33091.9,7.2,-0.096,87740242,LOCKED
12132,1539.703,-207256116272295,-997,49513,-28529.6,32451.8,7.2,-0.098,87771274,LOCKED
12133,1540.703,-207256116254856,42342,92852,-28470.9,32935.4,7.1,-0.100,87868995,LOCKED
12134,1541.703,-207256116370917,-40979,9531,-28612.5,32961.7,7.1,-0.101,87844013,LOCKED
12135,1542.703,-207256116395139,-35854,14656,-28588.9,32638.5,7.2,-0.095,87932395,LOCKED
12136,1543.703,-207256116358007,28164,78674,-28552.1,32847.3,7.2,-0.088,88037405,LOCKED
12137,1544.703,-207256116457169,-41317,9193,-28538.7,32653.3,7.3,-0.083,88027353,LOCKED
12138,1545.703,-207256116440131,4466,54976,-28556.3,32599.4,7.3,-0.078,88129454,LOCKED
12139,1546.703,-207256116426021,43112,93622,-28430.5,32891.5,7.3,-0.079,88234617,LOCKED
12140,1547.703,-207256116539792,-38031,12479,-28573.5,32765.0,7.4,-0.075,88209960,LOCKED
12141,1548.703,-207256116533304,-2399,48111,-28597.5,32730.7,7.4,-0.072,88302099,LOCKED
12142,1549.703,-207256116599188,-38583,11927,-28587.5,32596.3,7.4,-0.069,88329464,LOCKED
12143,1550.703,-207256116602189,-11322,39188,-28650.9,32457.2,7.4,-0.067,88417617,LOCKED
12144,1551.703,-207256116592123,25803,76313,-28615.7,32636.7,7.4,-0.065,88514007,LOCKED
12145,1552.704,-207256116585237,56062,106572,-28451.3,33119.8,7.4,-0.062,88499148,LOCKED
12146,1553.703,-207256116695146,-22618,27892,-28550.2,32944.1,7.5,-0.063,88593943,LOCKED
12147,1554.703,-207256116696717,4054,54564,-28541.8,32948.6,7.8,-0.057,88681210,LOCKED
12148,1555.704,-207256116686856,38246,88756,-28398.5,32828.7,7.8,-0.057,88777256,LOCKED
12149,1556.704,-207256116706421,45444,95954,-28393.9,32894.6,7.9,-0.055,88852767,LOCKED
12150,1557.704,-207256116821493,-38397,12113,-28469.4,33299.3,7.9,-0.052,88821478,LOCKED
12151,1558.704,-207256116828047,-15875,34635,-28472.7,33315.0,7.6,-0.049,88903833,LOCKED
12152,1559.704,-207256116790367,48602,99112,-28471.4,33335.6,7.4,-0.045,89030604,LOCKED
12153,1560.704,-207256116812676,52122,102632,-28428.3,33872.9,7.4,-0.042,89097291,LOCKED
12154,1561.704,-207256116921224,-26453,24057,-28460.1,34044.3,7.4,-0.039,89081741,LOCKED
12155,1562.704,-207256116909142,11699,62209,-28362.1,33548.4,7.4,-0.038,89178747,LOCKED
12156,1563.704,-207256116896342,47485,97995,-28176.9,33237.3,7.4,-0.035,89285594,LOCKED
12157,1564.704,-207256116996074,-22324,28186,-28225.6,33367.1,7.5,-0.032,89269671,LOCKED
12158,1565.704,-207256116995956,4772,55282,-28172.2,33190.5,7.4,-0.036,89363304,LOCKED
12159,1566.704,-207256116987092,36973,87483,-27996.0,32441.9,7.5,-0.033,89459990,LOCKED
12160,1567.705,-207256117086232,-31046,19464,-28097.9,32507.4,7.5,-0.031,89451508,LOCKED
12161,1568.704,-207256117083187,-47,50463,-28090.7,32502.5,7.5,-0.028,89540892,LOCKED
12162,1569.704,-207256117167918,-54222,0,-28121.6,32953.1,7.5,-0.025,89543901,LOCKED
12163,1570.704,-207256117145216,-2319,51903,-28170.8,32768.4,7.5,-0.021,89657230,LOCKED
12164,1571.704,-207256117154185,15805,70027,-28144.2,32838.6,7.1,-0.035,89735961,LOCKED
12165,1572.705,-207256117161710,34147,88369,-28089.1,33162.2,7.1,-0.041,89709165,LOCKED
12166,1573.705,-207256117255220,-28107,26115,-28198.0,33060.3,7.0,-0.048,89818111,LOCKED
12167,1574.704,-207256117264606,-8447,45775,-28225.6,33065.3,7.1,-0.044,89913351,LOCKED
12168,1575.705,-207256117333910,-47519,6703,-28245.1,33324.2,7.1,-0.040,89916038,LOCKED
12169,1576.705,-207256117367676,-48091,6131,-28408.3,33403.8,7.1,-0.037,90001093,LOCKED
12170,1577.705,-207256117303584,41721,95943,-28345.6,33871.2,7.1,-0.034,90123149,LOCKED
12171,1578.705,-207256117399678,-25053,29169,-28351.8,33915.8,7.2,-0.031,90118154,LOCKED
12172,1579.705,-207256117352606,48215,102437,-28326.2,34239.5,7.2,-0.027,90143062,LOCKED
12173,1580.705,-207256117435355,-5443,48779,-28354.7,34215.8,7.2,-0.010,90258378,LOCKED
12174,1581.705,-207256117416469,38371,92593,-28250.1,34489.4,7.5,0.022,90369109,LOCKED
12175,1582.705,-207256117520578,-36891,17331,-28218.0,34035.2,7.5,0.021,90352895,LOCKED
12176,1583.705,-207256117505545,6506,60728,-28236.0,33970.3,7.7,0.050,90456621,LOCKED
12177,1584.705,-207256117497038,40149,94371,-28150.5,34385.0,7.7,0.080,90554842,LOCKED
12178,1585.705,-207256117613744,-46721,7501,-28155.5,34454.3,7.9,0.093,90527930,LOCKED
12179,1586.705,-207256117610274,-12801,41421,-28247.0,34081.0,7.9,0.086,90618000,LOCKED
12180,1587.706,-207256117610831,14209,68431,-28237.2,34115.4,7.8,0.087,90708136,LOCKED
12181,1588.705,-207256117612174,37730,91952,-28134.2,34379.8,7.7,0.088,90683691,LOCKED
12182,1589.705,-207256117673834,4963,59185,-28179.8,34128.1,7.6,0.089,90822953,LOCKED
12183,1590.705,-207256117686791,18911,73133,-28148.6,34224.2,7.5,0.089,90900560,LOCKED
12184,1591.706,-207256117790932,-54667,0,-28176.3,34619.3,7.3,0.089,90883181,LOCKED
12185,1592.706,-207256117780486,-13538,41129,-28277.0,34152.0,7.2,0.089,90981268,LOCKED
12186,1593.706,-207256117776012,18226,72893,-28258.8,34224.8,7.1,0.089,91072493,LOCKED
12187,1594.706,-207256117775522,43062,97729,-28138.2,34544.2,7.2,0.080,91163896,LOCKED
12188,1595.706,-207256117876457,-29784,24883,-28086.1,33829.2,7.1,0.080,91154722,LOCKED
12189,1596.706,-207256117876386,-759,53908,-28127.5,33686.4,7.0,0.079,91239358,LOCKED
12190,1597.706,-207256117869156,31980,86647,-28052.1,33931.8,6.4,0.078,91337157,LOCKED
12191,1598.706,-207256117984102,-51452,3215,-28136.5,34640.9,6.3,0.077,91308964,LOCKED
12192,1599.706,-207256117948805,11192,65859,-28116.4,34674.2,6.3,0.081,91436761,LOCKED
12193,1600.706,-207256117967065,18137,72804,-28003.5,34188.9,6.1,0.079,91400222,LOCKED
12194,1601.706,-207256118079663,-60872,0,-28176.7,34795.0,6.6,0.088,91486444,LOCKED
12195,1602.706,-207256118078554,-28240,32632,-28294.2,34607.5,7.2,0.096,91579980,LOCKED
12196,1603.706,-207256118062892,13929,74801,-28229.5,34518.7,7.3,0.100,91681547,LOCKED
12197,1604.706,-207256118122079,-14391,46481,-28335.2,34007.8,7.4,0.103,91647948,LOCKED
12198,1605.706,-207256118190021,-50346,10526,-28430.9,34683.5,7.8,0.110,91748910,LOCKED
12199,1606.706,-207256118160518,5886,66758,-28357.0,34342.0,8.1,0.114,91851985,LOCKED
12200,1607.707,-207256118162708,31517,92389,-28383.2,34028.0,8.2,0.116,91827873,LOCKED
12201,1608.707,-207256118249223,-24428,36444,-28450.0,34138.7,8.6,0.122,91942373,LOCKED
12202,1609.706,-207256118219273,33528,94400,-28484.1,33682.3,8.6,0.124,91950241,LOCKED
12203,1610.707,-207256118319095,-34353,26519,-28596.8,33759.7,9.0,0.128,92051684,LOCKED
12204,1611.707,-207256118308363,4472,65344,-28579.5,33757.2,9.3,0.132,92151450,LOCKED
12205,1612.707,-207256118300497,36876,97748,-28442.2,33660.2,9.7,0.136,92250549,LOCKED
12206,1613.707,-207256118421879,-51223,9649,-28594.9,34024.6,9.8,0.135,92220273,LOCKED
12207,1614.706,-207256118415589,-14837,46035,-28644.0,34037.3,9.7,0.140,92311411,LOCKED
12208,1615.707,-207256118401512,25274,86146,-28557.8,34055.6,9.9,0.138,92417779,LOCKED
12209,1616.707,-207256118431856,20779,81651,-28459.1,33831.3,9.9,0.138,92480671,LOCKED
12210,1617.707,-207256118530983,-45047,15825,-28622.2,33757.7,10.2,0.140,92469551,LOCKED
12211,1618.707,-207256118524920,-8661,52211,-28691.4,33517.9,10.1,0.135,92562530,LOCKED
12212,1619.707,-207256118495196,45416,106288,-28553.8,33782.9,10.2,0.129,92681543,LOCKED
12213,1620.707,-207256118616396,-45601,15271,-28557.9,33839.5,10.5,0.129,92649644,LOCKED
12214,1621.707,-207256118608714,-7574,53298,-28633.1,33513.2,10.7,0.128,92744274,LOCKED
12215,1622.707,-207256118610631,17809,78681,-28597.2,33598.5,10.8,0.119,92835443,LOCKED
12216,1623.707,-207256118613141,39546,100418,-28449.2,33475.1,10.8,0.117,92810165,LOCKED
12217,1624.707,-207256118697276,-14360,46512,-28512.8,33399.8,10.8,0.115,92926300,LOCKED
12218,1625.708,-207256118704370,6442,67314,-28493.3,33405.2,10.7,0.103,93010038,LOCKED
12219,1626.707,-207256118702496,32995,93867,-28360.7,33203.7,11.3,0.096,93101024,LOCKED
12220,1627.707,-207256118807227,-39754,21118,-28472.5,33481.2,11.3,0.079,93082307,LOCKED
12221,1628.708,-207256118791974,3566,64438,-28458.5,33479.4,11.4,0.070,93187328,LOCKED
12222,1629.708,-207256118783849,39253,100125,-28479.8,33173.9,11.5,0.059,93285560,LOCKED
12223,1630.708,-207256118896439,-41859,19013,-28557.5,33655.8,11.6,0.064,93263967,LOCKED
12224,1631.708,-207256118889972,-6907,53965,-28542.4,33602.9,11.6,0.068,93358079,LOCKED
12225,1632.708,-207256118876762,31334,92206,-28422.0,33489.3,11.6,0.070,93460473,LOCKED
12226,1633.708,-207256118987676,-47030,13842,-28546.6,33936.4,11.6,0.070,93437622,LOCKED
12227,1634.708,-207256118984161,-13722,47150,-28585.0,33969.3,11.5,0.069,93533154,LOCKED
12228,1635.708,-207256119010530,-9092,51780,-28688.6,33307.1,11.5,0.065,93611627,LOCKED
12229,1636.708,-207256119075451,-40415,20457,-28862.7,32796.1,11.5,0.060,93715077,LOCKED
12230,1637.708,-207256119069051,-5769,55103,-28822.7,32575.5,11.6,0.066,93717422,LOCKED
12231,1638.708,-207256119036367,53345,114217,-28793.9,32992.1,11.8,0.071,93838690,LOCKED
12232,1639.708,-207256119106247,10186,71058,-28709.0,32609.7,11.8,0.092,93861137,LOCKED
12233,1640.708,-207256119092856,49311,110183,-28644.9,33245.1,12.0,0.121,93957830,LOCKED
12234,1641.708,-207256119200200,-28666,32206,-28632.6,33120.3,12.4,0.143,93942658,LOCKED
12235,1642.709,-207256119177310,22650,83522,-28660.2,32852.2,12.5,0.165,94054676,LOCKED
12236,1643.708,-207256119179680,45642,106514,-28574.1,33428.4,12.8,0.182,94030486,LOCKED
12237,1644.708,-207256119261382,-8413,52459,-28514.5,32948.3,12.8,0.188,94147188,LOCKED
12238,1645.709,-207256119250377,30521,91393,-28536.6,32687.5,13.0,0.202,94248232,LOCKED
12239,1646.709,-207256119262510,44308,105180,-28481.7,33189.5,13.0,0.207,94215106,LOCKED
12240,1647.708,-207256119350193,-14444,46428,-28479.8,33180.1,12.7,0.211,94326689,LOCKED
12241,1648.708,-207256119356938,5375,66247,-28394.5,32663.9,12.7,0.220,94408905,LOCKED
12242,1649.709,-207256119443957,-50227,10645,-28459.4,33320.2,12.4,0.222,94409844,LOCKED
12243,1650.709,-207256119446951,-24080,36792,-28452.8,33266.2,12.1,0.223,94496703,LOCKED
12244,1651.709,-207256119449856,2932,63804,-28529.7,32656.5,11.8,0.224,94585849,LOCKED
12245,1652.709,-207256119445382,33964,94836,-28489.3,32947.1,11.5,0.223,94681301,LOCKED
12246,1653.709,-207256119556108,-45883,14989,-28530.4,33392.0,11.3,0.227,94655673,LOCKED
12247,1654.709,-207256119572604,-33361,27511,-28498.7,32966.8,10.4,0.224,94733145,LOCKED
12248,1655.709,-207256119577175,-8199,52673,-28545.8,32888.4,10.0,0.221,94816688,LOCKED
12249,1656.709,-207256119563869,31185,92057,-28476.4,33140.3,9.5,0.218,94921973,LOCKED
12250,1657.709,-207256119581355,37907,98779,-28329.7,32956.2,9.0,0.214,94883600,LOCKED
12251,1658.709,-207256119679725,-28834,32038,-28443.8,32820.1,8.5,0.210,94983376,LOCKED
12252,1659.709,-207256119647396,29065,89937,-28351.0,32896.9,8.4,0.208,94996408,LOCKED
12253,1660.709,-207256119765129,-57618,3254,-28387.7,33445.5,7.8,0.203,95076958,LOCKED
12254,1661.709,-207256119770270,-30569,30303,-28523.7,33091.6,7.8,0.203,95162587,LOCKED
12255,1662.709,-207256119765972,2832,63704,-28556.9,32961.8,7.8,0.204,95259821,LOCKED
12256,1663.709,-207256119755113,38798,99670,-28452.0,33257.5,7.7,0.199,95358883,LOCKED
12257,1664.710,-207256119867977,-42420,18452,-28538.3,33739.9,7.8,0.197,95337100,LOCKED
12258,1665.710,-207256119869688,-12971,47901,-28645.6,33145.2,7.8,0.198,95426264,LOCKED
12259,1666.710,-207256119869031,15066,75938,-28608.5,33197.9,7.9,0.198,95516080,LOCKED
12260,1667.710,-207256119886221,23646,84518,-28508.3,33041.3,7.7,0.193,95598802,LOCKED
12261,1668.710,-207256119980290,-38478,22394,-28613.2,33326.1,7.7,0.194,95583409,LOCKED
12262,1669.710,-207256119974430,-4890,55982,-28561.5,33004.5,7.6,0.188,95708865,LOCKED
12263,1670.710,-207256120075499,-71208,0,-28747.2,34067.8,7.7,0.188,95684555,LOCKED
12264,1671.710,-207256120074666,-38916,32292,-28815.7,34475.2,7.7,0.188,95774649,LOCKED
12265,1672.710,-207256120093002,-27758,43450,-28802.8,34351.1,7.7,0.188,95851409,LOCKED
12266,1673.710,-207256120064184,29787,100995,-28848.7,33742.2,8.0,0.188,95963243,LOCKED
12267,1674.710,-207256120165085,-38727,32481,-28958.2,33997.6,7.9,0.180,95954672,LOCKED
12268,1675.710,-207256120149416,4973,76181,-28920.8,33932.1,7.9,0.180,96058775,LOCKED
12269,1676.710,-207256120158569,22592,93800,-28852.8,33999.4,8.0,0.168,96142221,LOCKED
12270,1677.710,-207256120262066,-46930,24278,-29026.5,33859.1,8.0,0.167,96125143,LOCKED
12271,1678.710,-207256120234621,9666,80874,-29048.7,33748.4,7.8,0.155,96242889,LOCKED
12272,1679.711,-207256120295765,-22144,49064,-29025.8,33542.9,7.8,0.152,96271494,LOCKED
12273,1680.710,-207256120295666,8370,79578,-29108.1,32711.3,7.9,0.149,96361583,LOCKED
12274,1681.711,-207256120293116,38160,109368,-29079.9,32983.5,7.9,0.150,96456624,LOCKED
12275,1682.711,-207256120408679,-45345,25863,-29150.7,33546.7,8.0,0.130,96429759,LOCKED
12276,1683.710,-207256120405407,-13092,58116,-29120.6,33340.8,7.9,0.099,96526631,LOCKED
12277,1684.711,-207256120395925,24621,95829,-29117.8,33361.2,7.5,0.070,96623877,LOCKED
12278,1685.711,-207256120407471,39508,110716,-29051.7,33789.0,7.3,0.024,96590986,LOCKED
12279,1686.711,-207256120499622,-23072,48136,-29038.8,33681.4,7.4,0.041,96698670,LOCKED
12280,1687.711,-207256120490141,15909,87117,-29088.0,33218.3,7.4,0.025,96797671,LOCKED
12281,1688.711,-207256120482292,49480,120688,-29004.9,33889.9,7.4,-0.008,96895093,LOCKED
12282,1689.711,-207256120549173,9628,80836,-28923.8,33548.3,7.4,-0.015,96916894,LOCKED
12283,1690.711,-207256120571564,16581,87789,-28972.1,33085.1,7.3,-0.024,96985965,LOCKED
12284,1691.711,-207256120586519,28981,100189,-28940.9,33283.8,7.3,-0.032,97063392,LOCKED
12285,1692.711,-207256120686016,-39912,31296,-28956.1,33454.5,7.3,-0.017,97045436,LOCKED
12286,1693.711,-207256120674732,1973,73181,-29040.3,32759.8,7.3,-0.026,97155153,LOCKED
12287,1694.711,-207256120658868,44523,115731,-28998.8,33192.7,7.3,-0.025,97255532,LOCKED
12288,1695.711,-207256120784169,-47810,23398,-29114.3,33732.6,7.4,-0.034,97222875,LOCKED
12289,1696.711,-207256120789328,-20409,50799,-29249.7,32954.5,7.3,-0.032,97309213,LOCKED
12290,1697.712,-207256120804100,-4683,66525,-29303.3,32773.0,7.3,-0.032,97399854,LOCKED
12291,1698.712,-207256120866814,-36755,34453,-29307.8,32824.8,7.3,-0.031,97505245,LOCKED
12292,1699.712,-207256120893914,-32123,39085,-29373.5,33105.4,7.4,-0.024,97532242,LOCKED
12293,1700.712,-207256120870833,17813,89021,-29279.4,32833.8,7.3,-0.024,97621751,LOCKED
12294,1701.711,-207256120949152,-27895,43313,-29396.7,32623.7,7.1,-0.023,97599940,LOCKED
12295,1702.712,-207256120957713,-6918,64290,-29392.1,32611.5,7.0,-0.022,97678168,LOCKED
12296,1703.712,-207256120959627,17990,89198,-29295.7,32315.0,6.8,-0.021,97769283,LOCKED
12297,1704.711,-207256120950985,52698,123906,-29224.8,33056.3,6.8,-0.021,97867849,LOCKED
12298,1705.712,-207256121063047,-29147,42061,-29224.9,33057.9,6.6,-0.019,97843498,LOCKED
12299,1706.712,-207256121047221,13299,84507,-29119.0,32483.0,6.6,-0.019,97952014,LOCKED
12300,1707.712,-207256121041730,45050,116258,-29053.5,33037.6,6.6,-0.019,98046273,LOCKED
12301,1708.712,-207256121155272,-37397,33811,-29091.6,33357.7,6.5,-0.016,98020289,LOCKED
12302,1709.712,-207256121128759,18440,89648,-29133.7,32950.3,6.5,-0.016,98138317,LOCKED
12303,1710.712,-207256121128672,45183,116391,-29087.2,33420.9,6.7,-0.013,98233042,LOCKED
12304,1711.712,-207256121239056,-34028,37180,-29133.1,33722.0,6.7,-0.013,98210386,LOCKED
12305,1712.712,-207256121221607,10378,81586,-29043.3,33293.7,6.8,-0.016,98314419,LOCKED
12306,1713.712,-207256121202143,56312,127520,-29010.7,33775.2,6.9,-0.009,98427566,LOCKED
12307,1714.712,-207256121308226,-18551,52657,-29088.4,33687.6,7.0,-0.012,98408964,LOCKED
12308,1715.712,-207256121296551,20892,92100,-29058.3,33803.1,7.2,-0.014,98511157,LOCKED
12309,1716.713,-207256121288097,53302,124510,-28896.2,34158.5,7.3,-0.015,98610329,LOCKED
12310,1717.712,-207256121398238,-27965,43243,-28848.5,33542.5,7.3,-0.015,98590729,LOCKED
12311,1718.713,-207256121381591,16774,87982,-28839.3,33583.3,7.3,-0.015,98696665,LOCKED
12312,1719.713,-207256121455303,-27920,43288,-28801.5,33122.8,7.5,-0.014,98709298,LOCKED
12313,1720.713,-207256121439800,16554,87762,-28837.4,32815.8,7.7,-0.012,98815154,LOCKED
12314,1721.713,-207256121442489,40436,111644,-28793.4,33206.9,7.9,-0.012,98902713,LOCKED
12315,1722.713,-207256121554058,-40191,31017,-28832.1,33562.1,8.0,-0.011,98885537,LOCKED
12316,1723.713,-207256121530600,9390,80598,-28714.5,32660.8,8.0,-0.018,98997292,LOCKED
12317,1724.713,-207256121528139,38666,109874,-28685.5,32943.3,7.9,-0.012,99089168,LOCKED
12318,1725.713,-207256121541638,50195,121403,-28589.3,33635.1,8.0,-0.012,99055806,LOCKED
12319,1726.713,-207256121623158,-3759,67449,-28532.7,33281.2,8.0,-0.013,99174678,LOCKED
12320,1727.713,-207256121607910,35761,106969,-28382.8,32948.2,8.0,-0.014,99279954,LOCKED
12321,1728.713,-207256121718488,-43042,28166,-28477.9,33428.0,8.2,-0.013,99257400,LOCKED
12322,1729.713,-207256121670573,30489,101697,-28387.9,33564.5,8.3,-0.016,99392460,LOCKED
12323,1730.713,-207256121688523,39909,111117,-28404.5,33332.9,8.7,-0.032,99467626,LOCKED
12324,1731.713,-207256121805219,-44500,26708,-28521.2,33743.1,8.6,-0.035,99436769,LOCKED
12325,1732.713,-207256121786579,2990,74198,-28542.3,33683.7,8.7,-0.041,99546373,LOCKED
12326,1733.713,-207256121800176,15389,86597,-28442.8,33277.2,8.8,-0.010,99645597,LOCKED
12327,1734.713,-207256121877230,-30140,41068,-28544.1,33317.1,8.9,0.005,99635178,LOCKED
12328,1735.713,-207256121914804,-37076,34132,-28585.3,33644.9,9.0,0.017,99717119,LOCKED
12329,1736.713,-207256121953338,-45054,26154,-28607.1,33908.5,8.9,0.041,99807997,LOCKED
12330,1737.714,-207256121876500,57851,129059,-28578.6,34345.1,9.0,0.051,99790630,LOCKED
12331,1738.713,-207256121971822,-8768,62440,-28570.1,34316.1,9.0,0.061,99896836,LOCKED
12332,1739.714,-207256121945561,43680,114888,-28525.7,34735.8,9.0,0.071,99901219,LOCKED
12333,1740.714,-207256122040466,-21575,49633,-28545.0,34829.6,9.0,0.083,100006580,LOCKED
12334,1741.713,-207256122025420,19197,90405,-28438.4,34466.8,9.0,0.075,100110631,LOCKED
12335,1742.714,-207256122014558,56091,127299,-28413.6,34836.2,9.0,0.081,100101598,LOCKED
12336,1743.714,-207256122111075,-10860,60348,-28452.2,34834.4,9.0,0.086,100203153,LOCKED
12337,1744.714,-207256122092001,33429,104637,-28348.7,34956.4,9.0,0.091,100313155,LOCKED
12338,1745.714,-207256122206935,-51213,19995,-28358.9,35104.5,8.8,0.086,100286252,LOCKED
12339,1746.714,-207256122208690,-22440,48768,-28428.2,35160.1,8.8,0.088,100372493,LOCKED
12340,1747.714,-207256122195814,17009,88217,-28365.3,35142.8,8.8,0.083,100477282,LOCKED
12341,1748.714,-207256122202550,34227,105435,-28205.4,34594.1,8.6,0.087,100447524,LOCKED
12342,1749.714,-207256122253600,9859,81067,-28146.9,34472.7,8.8,0.097,100598483,LOCKED
12343,1750.714,-207256122257644,30712,101920,-28038.3,34464.2,8.6,0.092,100680992,LOCKED
12344,1751.714,-207256122290300,22812,94020,-27914.9,33994.6,8.3,0.093,100626989,LOCKED
12345,1752.714,-207256122391580,-46603,24605,-28031.4,34473.1,8.5,0.102,100723346,LOCKED
12346,1753.757,-207256122391725,-18046,53162,-28034.3,34488.3,8.2,0.102,100812536,LOCKED
12347,1754.807,-207256122381048,17295,88503,-27897.4,33568.2,8.4,0.108,100916869,LOCKED
12348,1755.714,-207256122494344,-62616,8592,-28062.9,34358.5,8.3,0.112,100888126,LOCKED
12349,1756.714,-207256122496422,-33805,37403,-28145.5,34616.6,8.5,0.117,100978320,LOCKED
12350,1757.715,-207256122486496,4058,75266,-28142.1,34619.9,8.6,0.121,101076961,LOCKED
12351,1758.714,-207256122489593,28432,99640,-28156.5,34477.3,8.8,0.125,101169596,LOCKED
12352,1759.714,-207256122562329,-13860,57348,-28245.8,34158.7,8.9,0.130,101180538,LOCKED
12353,1760.715,-207256122567690,8067,79275,-28212.2,34142.8,9.0,0.133,101269879,LOCKED
12354,1761.715,-207256122560368,42029,113237,-28205.0,34231.6,9.1,0.135,101252041,LOCKED
12355,1762.715,-207256122657893,-24869,46339,-28282.6,34296.7,9.2,0.137,101355417,LOCKED
12356,1763.715,-207256122657471,3428,74636,-28268.3,34293.8,9.3,0.138,101444584,LOCKED
12357,1764.715,-207256122662013,23986,95194,-28152.4,33970.8,9.3,0.136,101420346,LOCKED
12358,1765.715,-207256122766284,-47474,23734,-28302.4,34189.0,9.2,0.135,101518016,LOCKED
12359,1766.715,-207256122766814,-18479,52729,-28331.7,34280.2,9.3,0.130,101601063,LOCKED
12360,1767.715,-207256122792405,-15883,55325,-28298.1,34016.9,9.3,0.128,101689115,LOCKED
12361,1768.715,-207256122870461,-59761,11447,-28487.7,34349.9,9.4,0.124,101679505,LOCKED
12362,1769.715,-207256122885426,-43271,27937,-28561.5,34848.5,9.4,0.122,101783995,LOCKED
12363,1770.715,-207256122846565,21636,92844,-28473.8,34759.5,9.3,0.124,101878629,LOCKED
12364,1771.716,-207256122893931,4259,75467,-28555.5,34072.7,9.4,0.123,101952082,LOCKED
12365,1772.715,-207256122976463,-46211,24997,-28650.8,34627.9,9.3,0.115,101928045,LOCKED
12366,1773.715,-207256122978029,-19140,52068,-28618.3,34345.6,9.3,0.118,102015711,LOCKED
12367,1774.716,-207256122969364,18224,89432,-28652.6,34049.6,8.9,0.107,102116666,LOCKED
12368,1775.716,-207256122962085,50616,121824,-28563.0,34736.4,8.5,0.096,102213066,LOCKED
12369,1776.716,-207256123075655,-33467,37741,-28552.6,34621.6,8.3,0.083,102186723,LOCKED
12370,1777.716,-207256123049364,21341,92549,-28586.4,34301.4,8.3,0.076,102302015,LOCKED
12371,1778.716,-207256123051090,44983,116191,-28503.1,34839.4,8.3,0.068,102277767,LOCKED
12372,1779.716,-207256123115993,9389,80597,-28558.4,34417.1,8.3,0.070,102412624,LOCKED
12373,1780.716,-207256123116540,34947,106155,-28496.0,34742.7,8.5,0.070,102394037,LOCKED
12374,1781.716,-207256123223648,-41750,29458,-28520.6,35000.2,8.6,0.074,102486635,LOCKED
12375,1782.716,-207256123209336,2841,74049,-28611.8,34199.9,8.7,0.075,102590848,LOCKED
12376,1783.716,-207256123206043,32704,103912,-28565.9,34475.7,8.7,0.078,102686201,LOCKED
12377,1784.716,-207256123330162,-59603,11605,-28626.2,35247.0,8.7,0.067,102654305,LOCKED
12378,1785.716,-207256123337900,-37530,33678,-28621.9,35197.4,8.7,0.057,102733618,LOCKED
12379,1786.716,-207256123328598,751,71959,-28640.7,35163.0,8.8,0.018,102833138,LOCKED
12380,1787.717,-207256123315113,39034,110242,-28516.8,35299.8,8.8,0.014,102935748,LOCKED
12381,1788.716,-207256123430216,-42899,28309,-28674.1,35207.5,8.1,-0.007,102908844,LOCKED
12382,1789.716,-207256123374532,37931,109139,-28563.9,35420.4,8.2,0.001,103056461,LOCKED
12383,1790.717,-207256123490737,-47767,14849,-28579.8,35624.4,8.2,0.025,103028880,LOCKED
12384,1791.716,-207256123490487,-16090,46526,-28693.0,35079.5,8.1,0.013,103118119,LOCKED
12385,1792.716,-207256123473460,27872,90488,-28653.0,35276.4,8.1,0.019,103227285,LOCKED
12386,1793.717,-207256123576146,-43514,19102,-28710.6,35738.7,8.1,0.028,103211942,LOCKED
12387,1794.717,-207256123569128,-5995,56621,-28788.7,35363.1,8.2,0.036,103308120,LOCKED
12388,1795.716,-207256123566670,25283,87899,-28832.4,34869.2,8.2,0.043,103401885,LOCKED
12389,1796.717,-207256123575224,44682,107298,-28863.6,34360.7,8.2,0.038,103484753,LOCKED
12390,1797.717,-207256123683131,-33475,29141,-28851.4,34221.9,8.2,0.043,103464259,LOCKED
12391,1798.716,-207256123682691,-3099,59517,-28899.6,34063.8,8.2,0.048,103549137,LOCKED
12392,1799.717,-207256123662602,41941,104557,-28775.3,34312.1,8.5,0.060,103551014,LOCKED
12393,1800.718,-207256123768510,-31782,30834,-28890.0,34278.9,8.5,0.063,103647778,LOCKED
12394,1801.718,-207256123764056,1234,63850,-28876.0,34266.9,8.4,0.065,103742423,LOCKED
12395,1802.717,-207256123754570,35453,98069,-28731.3,34008.5,8.6,0.074,103839042,LOCKED
12396,1803.718,-207256123777971,38671,101287,-28691.9,34341.2,8.8,0.082,103798474,LOCKED
12397,1804.717,-207256123863905,-18424,44192,-28668.4,34160.0,9.0,0.090,103906462,LOCKED
12398,1805.718,-207256123914226,-35708,26908,-28823.8,33746.6,8.8,0.095,103979960,LOCKED
12399,1806.717,-207256123867796,38000,100616,-28811.1,33882.1,9.0,0.100,104084184,LOCKED
12400,1807.718,-207256123974934,-38042,24574,-28860.0,34246.1,8.8,0.104,104062756,LOCKED
12401,1808.718,-207256123968036,-3189,59427,-28810.2,33978.9,8.9,0.108,104164968,LOCKED
12402,1809.718,-207256124022143,-27015,35601,-28837.5,34141.0,9.0,0.113,104198319,LOCKED
12403,1810.719,-207256124001670,19643,82259,-28739.8,33892.9,8.6,0.109,104308071,LOCKED
12404,1811.718,-207256123996764,48645,111261,-28592.5,34195.0,8.7,0.112,104405338,LOCKED
12405,1812.717,-207256124099728,-22949,39667,-28690.8,34040.8,8.8,0.116,104390564,LOCKED
12406,1813.718,-207256124084458,19902,82518,-28669.4,34131.9,8.7,0.114,104496812,LOCKED
12407,1814.718,-207256124086458,42482,105098,-28539.2,34345.3,8.7,0.115,104472956,LOCKED
12408,1815.718,-207256124177139,-16741,45875,-28654.8,33765.4,8.7,0.116,104583635,LOCKED
12409,1816.718,-207256124172621,16252,78868,-28673.0,33643.3,8.8,0.120,104679069,LOCKED
12410,1817.719,-207256124165750,48072,110688,-28570.1,34240.2,8.9,0.124,104776254,LOCKED
12411,1818.718,-207256124262896,-20457,42159,-28538.2,33950.5,9.0,0.128,104767348,LOCKED
12412,1819.719,-207256124327451,-52680,9936,-28637.0,34692.4,9.1,0.132,104790791,LOCKED
12413,1820.718,-207256124330905,-26292,36324,-28652.4,34794.6,9.2,0.135,104881339,LOCKED
12414,1821.719,-207256124327447,3648,66264,-28551.8,34023.9,9.3,0.139,104976080,LOCKED
12415,1822.718,-207256124327376,30551,93167,-28518.1,34241.3,9.4,0.143,105062362,LOCKED
12416,1823.720,-207256124342366,40616,103232,-28415.5,34597.5,9.5,0.146,105026367,LOCKED
12417,1824.718,-207256124431276,-20067,42549,-28372.8,34175.6,9.6,0.144,105133669,LOCKED
12418,1825.718,-207256124429214,10662,73278,-28405.0,33977.7,10.0,0.141,105227579,LOCKED
12419,1826.718,-207256124429326,36517,99133,-28346.0,34335.5,10.1,0.131,105315333,LOCKED
12420,1827.720,-207256124538428,-41397,21219,-28416.8,34792.4,10.2,0.127,105296184,LOCKED
12421,1828.719,-207256124536151,-8340,54276,-28519.1,34141.7,9.9,0.113,105392287,LOCKED
12422,1829.719,-207256124518295,36903,99519,-28524.9,34072.1,9.9,0.106,105383190,LOCKED
12423,1830.718,-207256124624392,-38880,23736,-28548.1,34302.2,9.9,0.098,105479399,LOCKED
12424,1831.719,-207256124640109,-24596,38020,-28578.5,34450.4,10.0,0.099,105552728,LOCKED
12425,1832.719,-207256124631455,13384,76000,-28637.6,33900.6,10.1,0.102,105647488,LOCKED
12426,1833.719,-207256124626995,44220,106836,-28600.1,34288.7,10.4,0.089,105745081,LOCKED
12427,1834.719,-207256124752289,-49544,13072,-28661.6,34887.4,10.3,0.079,105706015,LOCKED
12428,1835.720,-207256124748074,-17237,45379,-28604.8,34310.3,10.4,0.070,105803332,LOCKED
12429,1836.719,-207256124803193,-39823,22793,-28731.7,34452.3,10.4,0.073,105900096,LOCKED
12430,1837.719,-207256124745744,42715,105331,-28623.7,34843.4,10.5,0.059,105872220,LOCKED
12431,1838.720,-207256124828003,-11829,50787,-28559.3,34251.1,10.5,0.062,105993520,LOCKED
12432,1839.720,-207256124798881,42365,104981,-28458.4,34669.7,10.4,0.037,106002659,LOCKED
12433,1840.719,-207256124927255,-55331,7285,-28475.4,34928.5,10.7,0.012,106074528,LOCKED
12434,1841.719,-207256124926129,-22997,39619,-28571.4,34801.4,10.0,-0.015,106173300,LOCKED
12435,1842.719,-207256124906744,23067,85683,-28516.8,34924.8,10.2,-0.041,106275370,LOCKED
12436,1843.719,-207256125008680,-48454,14162,-28529.4,35094.4,9.8,-0.074,106259617,LOCKED
12437,1844.720,-207256124994017,-3147,59469,-28628.1,34346.3,9.2,-0.114,106364286,LOCKED
12438,1845.720,-207256124978903,39158,101774,-28622.7,34408.3,9.1,-0.097,106472474,LOCKED
12439,1846.719,-207256125089839,-40373,22243,-28692.2,34842.2,8.4,-0.080,106447801,LOCKED
12440,1847.720,-207256125081349,-4367,58249,-28627.1,34388.3,8.4,-0.081,106548832,LOCKED
12441,1848.720,-207256125067136,37379,99995,-28635.6,34284.5,8.3,-0.082,106655342,LOCKED
12442,1849.720,-207256125137816,-5712,56904,-28574.7,33849.8,8.3,-0.083,106671764,LOCKED
12443,1850.721,-207256125142365,18608,81224,-28620.1,33400.9,8.4,-0.075,106753367,LOCKED
12444,1851.720,-207256125137861,48971,111587,-28566.0,33967.6,8.4,-0.069,106850917,LOCKED
12445,1852.720,-207256125250163,-33437,29179,-28575.6,34058.5,8.4,-0.064,106829789,LOCKED
12446,1853.720,-207256125244893,1895,64511,-28651.8,33497.4,8.5,-0.059,106921114,LOCKED
12447,1854.721,-207256125234058,39117,101733,-28605.7,33871.4,8.5,-0.055,107019065,LOCKED
12448,1855.720,-207256125346948,-42856,19760,-28647.9,34273.1,8.4,-0.052,106994423,LOCKED
12449,1856.720,-207256125368066,-34317,28299,-28640.3,34188.0,8.1,-0.056,107068400,LOCKED
12450,1857.720,-207256125357025,6321,68937,-28697.9,33782.9,8.0,-0.059,107164675,LOCKED
12451,1858.720,-207256125350559,39204,101820,-28651.1,34157.5,8.0,-0.063,107258313,LOCKED
12452,1859.720,-207256125443898,-25052,37564,-28630.6,33961.8,8.3,-0.069,107259281,LOCKED
12453,1860.720,-207256125443245,5252,67868,-28689.5,33556.8,8.3,-0.072,107348070,LOCKED
12454,1861.720,-207256125431005,43453,106069,-28627.8,34053.3,8.2,-0.075,107447459,LOCKED
12455,1862.720,-207256125542279,-37673,24943,-28639.7,34179.6,8.2,-0.076,107430438,LOCKED
12456,1863.721,-207256125539417,-6999,55617,-28587.3,33823.8,8.5,-0.080,107524378,LOCKED
12457,1864.721,-207256125532684,27084,89700,-28571.6,33933.9,8.7,-0.084,107617266,LOCKED
12458,1865.721,-207256125536834,49496,112112,-28555.3,34160.1,9.0,-0.087,107592182,LOCKED
12459,1866.721,-207256125635972,-20842,41774,-28532.6,33968.9,9.2,-0.090,107694328,LOCKED
12460,1867.724,-207256125616890,26473,89089,-28562.0,33650.5,9.4,-0.092,107802092,LOCKED
12461,1868.721,-207256125627408,41950,104566,-28505.7,34103.1,9.4,-0.092,107775580,LOCKED
12462,1869.721,-207256125679878,17970,80586,-28534.9,33865.6,9.4,-0.091,107919453,LOCKED
12463,1870.721,-207256125714668,10532,73148,-28494.3,33852.4,9.5,-0.096,108002304,LOCKED
12464,1871.721,-207256125791586,-37003,25613,-28476.3,33615.8,9.6,-0.093,107985031,LOCKED
12465,1872.721,-207256125787293,-3117,59499,-28526.0,33443.2,9.8,-0.093,108078301,LOCKED
12466,1873.721,-207256125798482,12739,75355,-28474.4,33411.2,9.7,-0.096,108174749,LOCKED
12467,1874.722,-207256125882718,-41718,20898,-28469.1,33338.2,9.7,-0.100,108164121,LOCKED
12468,1875.722,-207256125882320,-11488,51128,-28516.9,33305.5,9.7,-0.104,108253541,LOCKED
12469,1876.722,-207256125869402,27476,90092,-28441.2,33445.9,9.7,-0.102,108354626,LOCKED
12470,1877.722,-207256125965700,-39525,23091,-28417.4,33097.5,9.7,-0.100,108349385,LOCKED
12471,1878.723,-207256125943444,10868,73484,-28421.7,33080.7,9.7,-0.097,108461559,LOCKED
12472,1879.721,-207256126012136,-25823,36793,-28554.7,32565.2,9.8,-0.095,108481980,LOCKED
12473,1880.722,-207256126006117,9159,71775,-28590.1,32344.8,9.8,-0.093,108580178,LOCKED
12474,1881.721,-207256125999499,41448,104064,-28515.6,32830.6,9.8,-0.090,108562059,LOCKED
12475,1882.721,-207256126097554,-27303,35313,-28508.9,32767.4,9.9,-0.087,108664317,LOCKED
12476,1883.722,-207256126071107,24326,86942,-28385.8,32339.2,9.9,-0.085,108780149,LOCKED
12477,1884.722,-207256126176221,-48641,13975,-28489.7,32975.4,9.9,-0.081,108766661,LOCKED
12478,1885.721,-207256126160572,-4792,57824,-28467.4,32896.4,9.7,-0.063,108871101,LOCKED
12479,1886.723,-207256126145706,34472,97088,-28324.8,32612.3,9.4,-0.043,108975092,LOCKED
12480,1887.723,-207256126262792,-49778,12838,-28463.6,33065.2,9.5,-0.030,108948967,LOCKED
12481,1888.723,-207256126251340,-9138,53478,-28484.0,33086.7,9.5,-0.020,109049108,LOCKED
12482,1889.722,-207256126318034,-45714,16902,-28488.2,33145.3,9.5,-0.027,109069552,LOCKED
12483,1890.722,-207256126338756,-34385,28231,-28606.1,33173.6,9.5,-0.016,109139842,LOCKED
12484,1891.722,-207256126333052,713,63329,-28646.0,33019.9,9.4,-0.004,109230574,LOCKED
12485,1892.722,-207256126320406,38867,101483,-28556.5,33398.1,9.3,-0.009,109339487,LOCKED
12486,1893.723,-207256126423351,-34793,27823,-28534.3,33109.6,8.8,0.022,109320776,LOCKED
12487,1894.722,-207256126420670,-1770,60846,-28620.3,32482.6,8.9,0.034,109414435,LOCKED
12488,1895.722,-207256126408198,37358,99974,-28585.9,32787.7,8.8,0.011,109517963,LOCKED
12489,1896.723,-207256126416365,55493,118109,-28566.2,33102.7,8.7,0.019,109489079,LOCKED
12490,1897.723,-207256126519018,-18741,43875,-28527.6,32736.8,8.8,0.029,109582669,LOCKED
12491,1898.723,-207256126511964,16107,78723,-28518.4,32776.7,8.8,0.035,109682808,LOCKED
12492,1899.723,-207256126513247,38971,101587,-28368.4,32592.4,8.9,0.043,109659534,LOCKED
12493,1900.722,-207256126623156,-38176,24440,-28520.8,32330.7,8.7,0.041,109748842,LOCKED
12494,1901.722,-207256126623922,-8948,53668,-28578.4,32190.7,8.9,0.055,109835810,LOCKED
12495,1902.723,-207256126616849,24230,86846,-28497.1,32218.9,8.8,0.052,109933100,LOCKED
12496,1903.723,-207256126725002,-50190,12426,-28670.9,32254.5,8.8,0.057,109917115,LOCKED
12497,1904.723,-207256126697531,5924,68540,-28679.5,32231.3,8.8,0.061,110033509,LOCKED
12498,1905.723,-207256126697201,31580,94196,-28567.2,32215.1,8.8,0.065,110119204,LOCKED
12499,1906.723,-207256126715503,40675,103291,-28577.4,32068.8,8.7,0.062,110193717,LOCKED
12500,1907.724,-207256126814442,-27382,35234,-28645.2,32247.6,8.8,0.065,110182361,LOCKED
12501,1908.724,-207256126844206,-27643,34973,-28641.3,32211.1,8.8,0.068,110271360,LOCKED
12502,1909.723,-207256126881282,-33362,29254,-28719.2,32493.2,8.8,0.071,110294097,LOCKED
12503,1910.722,-207256126903019,-25035,30296,-28743.6,32635.7,9.6,0.085,110365521,LOCKED
12504,1911.723,-207256126898541,6179,61510,-28655.2,32088.6,9.5,0.088,110458335,LOCKED
12505,1912.723,-207256126963170,-26654,28677,-28765.2,31917.9,9.7,0.096,110558658,LOCKED
12506,1913.723,-207256126987074,-20192,35139,-28810.3,32026.7,9.7,0.099,110551453,LOCKED
12507,1914.724,-207256126974001,19180,74511,-28718.7,31818.0,9.8,0.107,110652929,LOCKED
12508,1915.723,-207256126964318,55443,110774,-28706.0,32035.6,9.8,0.110,110749023,LOCKED
12509,1916.723,-207256127083261,-31132,24199,-28834.2,31807.1,9.8,0.111,110728199,LOCKED
12510,1917.725,-207256127067187,13084,68415,-28821.9,31845.9,9.8,0.112,110829490,LOCKED
12511,1918.724,-207256127050085,54196,109527,-28675.7,32443.5,9.8,0.112,110936078,LOCKED
12512,1919.724,-207256127132936,1069,56400,-28729.0,32161.0,9.7,0.109,110942545,LOCKED
12513,1920.723,-207256127127117,33443,88774,-28677.8,32474.9,9.7,0.107,111040442,LOCKED
12514,1921.723,-207256127237484,-46361,8970,-28693.2,32683.8,9.7,0.107,111017989,LOCKED
12515,1922.724,-207256127228809,-6940,48391,-28782.6,32145.4,9.8,0.107,111116839,LOCKED
12516,1923.724,-207256127213887,34898,90229,-28749.0,32422.6,9.6,0.103,111220961,LOCKED
12517,1924.724,-207256127229048,44670,100001,-28635.8,32874.2,9.4,0.097,111187208,LOCKED
12518,1925.724,-207256127329726,-27172,28159,-28600.4,32449.1,9.2,0.090,111283957,LOCKED
12519,1926.724,-207256127315246,15569,70900,-28609.6,32394.6,9.0,0.083,111389883,LOCKED
12520,1927.724,-207256127318166,37710,93041,-28498.0,32606.8,8.8,0.076,111367032,LOCKED
12521,1928.725,-207256127419492,-34404,20927,-28475.7,32313.2,8.8,0.073,111466064,LOCKED
12522,1929.724,-207256127383011,27728,83059,-28383.0,32352.2,8.8,0.071,111590466,LOCKED
12523,1930.724,-207256127501927,-59437,0,-28449.6,33216.1,8.6,0.061,111565511,LOCKED
12524,1931.724,-207256127498663,-25000,34437,-28541.9,33177.8,8.6,0.065,111655590,LOCKED
12525,1932.724,-207256127490168,11174,70611,-28518.1,33210.8,8.3,0.053,111751140,LOCKED
12526,1933.724,-207256127489077,37455,96892,-28416.8,33484.8,8.3,0.050,111843376,LOCKED
12527,1934.724,-207256127604633,-45361,14076,-28553.8,33754.5,8.3,0.046,111815842,LOCKED
12528,1935.725,-207256127601738,-12750,46687,-28589.7,33782.6,8.4,0.042,111909576,LOCKED
12529,1936.725,-207256127596492,18621,78058,-28499.6,33583.1,8.4,0.038,112003056,LOCKED
12530,1937.726,-207256127600193,41665,101102,-28482.7,33777.0,8.4,0.046,112087515,LOCKED
12531,1938.725,-207256127627983,39005,98442,-28382.9,34103.0,8.4,0.055,112039683,LOCKED
12532,1939.724,-207256127677302,17552,76989,-28386.7,34080.9,8.4,0.062,112189377,LOCKED
12533,1940.725,-207256127691250,29446,88883,-28310.7,34262.6,8.3,0.069,112155253,LOCKED
12534,1941.725,-207256127801359,-50643,8794,-28310.3,34256.4,8.3,0.064,112242278,LOCKED
12535,1942.725,-207256127800485,-19492,39945,-28374.5,34279.6,8.4,0.058,112335882,LOCKED
12536,1943.725,-207256127810596,-2342,57095,-28315.8,33934.8,8.4,0.054,112423232,LOCKED
12537,1944.725,-207256127874618,-34287,25150,-28443.6,33849.2,8.6,0.063,112416826,LOCKED
12538,1945.725,-207256127920901,-48790,10647,-28526.4,34490.8,8.7,0.072,112518919,LOCKED
12539,1946.725,-207256127874055,23409,82846,-28409.4,34133.2,8.7,0.067,112618504,LOCKED
12540,1947.727,-207256127975003,-44552,14885,-28560.2,34204.5,8.4,0.041,112608693,LOCKED
12541,1948.725,-207256127961316,-1957,57480,-28574.1,34196.0,8.5,0.056,112711189,LOCKED
12542,1949.725,-207256128025947,-34057,25380,-28711.9,33973.0,8.0,0.060,112734785,LOCKED
12543,1950.725,-207256128015513,6120,65557,-28772.8,33527.0,8.0,0.072,112835311,LOCKED
12544,1951.726,-207256128001257,46253,105690,-28707.5,34088.3,7.8,0.072,112939960,LOCKED
12545,1952.726,-207256128110352,-33027,26410,-28706.9,34082.3,7.8,0.070,112920831,LOCKED
12546,1953.727,-207256128089694,16600,76037,-28747.5,33727.9,7.7,0.069,113029628,LOCKED
12547,1954.726,-207256128093404,39279,98716,-28697.0,34117.4,7.7,0.068,113121160,LOCKED
12548,1955.726,-207256128212310,-48664,10773,-28727.3,34489.5,7.6,0.067,113087562,LOCKED
12549,1956.726,-207256128214439,-22376,37061,-28674.7,33884.8,7.7,0.073,113175627,LOCKED
12550,1957.728,-207256128221356,47,59484,-28707.5,33788.9,7.8,0.079,113258007,LOCKED
12551,1958.726,-207256128220305,27344,86781,-28632.0,33925.5,7.8,0.078,113347223,LOCKED
12552,1959.726,-207256128306234,-29509,29928,-28604.7,33607.5,7.9,0.082,113349563,LOCKED
12553,1960.727,-207256128316134,-8965,50472,-28680.2,33309.1,7.8,0.080,113428759,LOCKED
12554,1961.726,-207256128315913,18936,78373,-28662.6,33386.4,7.7,0.086,113521065,LOCKED
12555,1962.726,-207256128313597,45772,105209,-28535.1,33762.9,7.7,0.088,113613672,LOCKED
12556,1963.726,-207256128431923,-39516,19921,-28690.7,33527.3,7.7,0.092,113583499,LOCKED
12557,1964.727,-207256128420645,352,59789,-28686.4,33526.1,7.8,0.091,113685728,LOCKED
12558,1965.726,-207256128418592,28026,87463,-28582.3,33472.7,7.8,0.090,113778163,LOCKED
12559,1966.726,-207256128429502,41235,100672,-28431.6,33389.1,7.7,0.091,113746447,LOCKED
12560,1967.726,-207256128522806,-21395,38042,-28506.2,33391.8,7.7,0.090,113855341,LOCKED
12561,1968.726,-207256128520182,9924,69361,-28532.0,33250.8,7.8,0.093,113943784,LOCKED
12562,1969.726,-207256128594660,-32527,26910,-28649.7,33212.9,7.9,0.096,113956399,LOCKED
12563,1970.727,-207256128593013,-1045,58392,-28706.2,32941.5,7.2,0.102,114050140,LOCKED
12564,1971.727,-207256128589188,29447,88884,-28655.0,33183.3,7.2,0.102,114143523,LOCKED
12565,1972.726,-207256128595130,49941,109378,-28629.1,33530.6,6.9,0.107,114117889,LOCKED
12566,1973.727,-207256128683848,-8451,50986,-28698.5,33283.0,6.9,0.107,114232498,LOCKED
12567,1974.727,-207256128679581,22648,82085,-28644.5,33406.3,6.9,0.111,114319888,LOCKED
12568,1975.726,-207256128713573,14579,74016,-28534.9,32827.0,6.8,0.112,114404843,LOCKED
12569,1976.727,-207256128806213,-45017,14420,-28681.7,32975.9,7.0,0.113,114379886,LOCKED
12570,1977.727,-207256128821820,-29925,29512,-28731.0,33224.4,7.0,0.115,114468864,LOCKED
12571,1978.727,-207256128783544,33115,92552,-28591.1,32922.6,7.0,0.117,114576112,LOCKED
12572,1979.727,-207256128851388,-5634,53803,-28606.5,32928.7,7.0,0.119,114597581,LOCKED
12573,1980.726,-207256128885609,-11546,47891,-28572.6,32698.6,7.1,0.115,114687943,LOCKED
12574,1981.727,-207256128945880,-38792,20645,-28726.9,32439.2,7.0,0.118,114665389,LOCKED
12575,1982.727,-207256128966856,-28469,30968,-28805.9,32590.8,7.0,0.122,114752112,LOCKED
12576,1983.727,-207256128955941,9689,69126,-28745.2,32440.9,7.0,0.126,114851435,LOCKED
12577,1984.727,-207256128948315,41711,101148,-28600.9,32466.6,6.9,0.130,114951486,LOCKED
12578,1985.727,-207256129054569,-32700,26737,-28705.8,32560.8,6.9,0.126,114933397,LOCKED
12579,1986.727,-207256129036695,12544,71981,-28661.0,32557.6,6.8,0.131,115043271,LOCKED
12580,1987.728,-207256129033032,40615,100052,-28519.6,32570.0,6.9,0.140,115137257,LOCKED
12581,1988.728,-207256129153352,-46907,12530,-28651.8,32960.6,6.8,0.147,115106096,LOCKED
12582,1989.727,-207256129109862,22494,81931,-28554.5,32797.5,6.8,0.143,115239484,LOCKED
12583,1990.728,-207256129122576,37652,97089,-28583.7,32364.7,6.8,0.138,115314084,LOCKED
12584,1991.727,-207256129242284,-49167,10270,-28713.5,32873.2,6.7,0.147,115285343,LOCKED
12585,1992.729,-207256129235032,-12638,46799,-28720.1,32896.0,6.7,0.175,115384735,LOCKED
12586,1993.727,-207256129239880,9209,68646,-28635.9,32494.7,6.7,0.169,115472217,LOCKED
12587,1994.728,-207256129239588,37159,96596,-28649.7,32309.8,6.9,0.150,115560744,LOCKED
12588,1995.727,-207256129351151,-42268,17169,-28750.7,32749.6,6.9,0.146,115536276,LOCKED
12589,1996.728,-207256129348427,-10628,48809,-28741.1,32708.4,7.1,0.128,115628164,LOCKED
12590,1997.728,-207256129342591,20996,80433,-28630.9,32336.2,7.2,0.109,115727390,LOCKED
12591,1998.728,-207256129348120,39684,99121,-28480.0,32171.4,7.2,0.089,115699112,LOCKED
12592,1999.728,-207256129400412,13834,73271,-28402.8,31964.5,7.2,0.095,115847077,LOCKED
12593,2000.728,-207256129404928,33693,93130,-28260.9,31646.9,7.3,0.088,115932410,LOCKED
12594,2001.728,-207256129519063,-47783,11654,-28397.5,32045.1,7.3,0.082,115908140,LOCKED
12595,2002.728,-207256129498389,1360,60797,-28403.3,32039.4,7.1,0.078,116017437,LOCKED
12596,2003.729,-207256129501286,24674,84111,-28336.6,32163.0,7.2,0.065,116105593,LOCKED
12597,2004.729,-207256129506042,45800,105237,-28292.3,32640.1,7.1,0.059,116077802,LOCKED
12598,2005.728,-207256129608726,-25455,33982,-28404.1,32407.9,7.1,0.055,116178080,LOCKED
12599,2006.729,-207256129623120,-11814,47623,-28366.3,32129.5,7.1,0.052,116269137,LOCKED
12600,2007.728,-207256129681338,-37712,21725,-28497.8,32138.2,7.2,0.056,116254615,LOCKED
12601,2008.729,-207256129724182,-48705,10732,-28581.6,32811.4,7.1,0.053,116362383,LOCKED
12602,2009.728,-207256129750227,-41940,17497,-28719.6,32925.3,7.4,0.044,116391023,LOCKED
12603,2010.728,-207256129762574,-23849,35588,-28764.3,33083.4,7.3,0.043,116470881,LOCKED
12604,2011.729,-207256129778542,-11680,47757,-28714.0,32664.5,7.4,0.047,116552929,LOCKED
12605,2012.729,-207256129840254,-40518,18919,-28851.0,32728.5,7.4,0.050,116665758,LOCKED
12606,2013.729,-207256129845788,-16344,43093,-28866.0,32786.4,7.4,0.048,116657000,LOCKED
12607,2014.729,-207256129821352,33456,92893,-28749.5,32795.9,7.5,0.051,116769971,LOCKED
12608,2015.729,-207256129921648,-33822,25615,-28903.0,32302.3,7.5,0.049,116761105,LOCKED
12609,2016.729,-207256129905404,11651,71088,-28938.5,32049.8,7.4,0.050,116866538,LOCKED
12610,2017.729,-207256129889118,53566,113003,-28865.1,32826.7,7.8,0.058,116971196,LOCKED
12611,2018.728,-207256129991857,-19632,39805,-28865.6,32829.8,7.8,0.060,116961959,LOCKED
12612,2019.729,-207256129950962,48105,107542,-28846.2,33092.6,7.7,0.061,117090204,LOCKED
12613,2020.729,-207256130049342,-19402,40035,-28913.5,33097.0,7.7,0.060,117081243,LOCKED
12614,2021.729,-207256130060283,-1608,57829,-28902.1,33079.3,7.6,0.062,117163665,LOCKED
12615,2022.729,-207256130049625,34156,93593,-28772.3,32961.6,7.5,0.064,117262843,LOCKED
12616,2023.729,-207256130059719,50922,110359,-28763.2,33102.2,7.4,0.070,117233160,LOCKED
12617,2024.730,-207256130143867,-3938,55499,-28782.4,33092.7,7.5,0.071,117348387,LOCKED
12618,2025.729,-207256130149805,16904,76341,-28712.2,33022.6,7.5,0.070,117430738,LOCKED
12619,2026.730,-207256130149492,41503,100940,-28563.7,32982.7,7.4,0.076,117522372,LOCKED
12620,2027.730,-207256130255845,-33358,26079,-28652.1,33211.6,7.5,0.077,117504170,LOCKED
12621,2028.729,-207256130242779,7422,66859,-28618.3,33188.0,7.4,0.083,117608203,LOCKED
12622,2029.729,-207256130329842,-46607,12830,-28757.8,33488.7,7.3,0.089,117613427,LOCKED
12623,2030.729,-207256130323228,-10288,49149,-28787.2,33506.2,7.3,0.089,117706146,LOCKED
12624,2031.729,-207256130318746,20643,80080,-28706.6,33447.2,7.3,0.090,117800016,LOCKED
12625,2032.730,-207256130325928,37740,97177,-28551.8,33133.4,7.3,0.090,117774227,LOCKED
12626,2033.730,-207256130406582,-13270,46167,-28583.4,33176.2,7.4,0.091,117894895,LOCKED
12627,2034.730,-207256130391103,27879,87316,-28486.6,33184.9,7.4,0.084,117999295,LOCKED
12628,2035.730,-207256130404253,39582,99019,-28373.9,33449.6,7.5,0.084,117966296,LOCKED
12629,2036.730,-207256130500523,-25258,34179,-28482.0,33259.0,7.6,0.077,118075139,LOCKED
12630,2037.730,-207256130485496,17964,77401,-28497.9,33146.2,7.7,0.077,118174939,LOCKED
12631,2038.730,-207256130590963,-56453,2984,-28529.3,33616.2,8.1,0.074,118161554,LOCKED
12632,2039.730,-207256130521633,38717,98154,-28461.6,34024.8,8.2,0.072,118320937,LOCKED
12633,2040.730,-207256130555859,30960,90397,-28415.2,34278.2,8.1,0.061,118263832,LOCKED
12634,2041.730,-207256130643719,-25448,33989,-28522.1,34111.9,8.5,0.055,118376042,LOCKED
12635,2042.730,-207256130629046,17640,77077,-28546.3,33929.2,9.1,0.094,118478619,LOCKED
12636,2043.730,-207256130638714,33926,93363,-28475.3,34229.1,9.5,0.126,118448097,LOCKED
12637,2044.730,-207256130738228,-36175,23262,-28461.1,34053.0,9.6,0.139,118548864,LOCKED
12638,2045.730,-207256130733799,-2014,57423,-28520.3,33780.5,9.6,0.137,118648226,LOCKED
12639,2046.731,-207256130762127,-2117,57320,-28502.3,33739.8,9.9,0.163,118747516,LOCKED
12640,2047.731,-207256130838049,-47827,11610,-28506.6,33802.9,9.8,0.161,118729282,LOCKED
12641,2048.731,-207256130809377,10244,69681,-28567.6,33274.6,9.8,0.174,118837994,LOCKED
12642,2049.731,-207256130885692,-35873,23564,-28587.9,33467.3,9.8,0.176,118848741,LOCKED
12643,2050.731,-207256130870192,6328,62781,-28505.7,33022.3,9.8,0.180,118957366,LOCKED
12644,2051.731,-207256130864124,39829,96282,-28519.3,32832.0,10.1,0.160,119051767,LOCKED
12645,2052.731,-207256130946539,-12695,43758,-28565.7,32824.4,10.0,0.153,119063312,LOCKED
12646,2053.731,-207256130926832,32978,89431,-28492.8,33108.0,10.0,0.149,119168072,LOCKED
12647,2054.732,-207256131034550,-44545,11908,-28502.2,33233.5,10.1,0.137,119146513,LOCKED
12648,2055.731,-207256131020289,-240,56213,-28577.6,32721.9,10.7,0.117,119249726,LOCKED
12649,2056.732,-207256131021012,26301,82754,-28556.9,32857.6,10.7,0.108,119342434,LOCKED
12650,2057.732,-207256131129173,-50499,5954,-28610.6,33457.0,10.7,0.108,119322470,LOCKED
12651,2058.731,-207256131117077,-10574,45879,-28554.6,32986.0,10.6,0.107,119423626,LOCKED
12652,2059.731,-207256131092597,38987,95440,-28448.7,33281.9,10.7,0.100,119425338,LOCKED
12653,2060.731,-207256131202747,-41542,14911,-28437.1,33116.4,10.8,0.106,119515382,LOCKED
12654,2061.732,-207256131188266,2474,58927,-28495.2,32762.5,10.9,0.112,119618754,LOCKED
12655,2062.731,-207256131185188,31463,87916,-28420.6,33005.3,10.9,0.117,119712805,LOCKED
12656,2063.732,-207256131303709,-56110,343,-28451.3,33466.4,10.7,0.109,119681378,LOCKED
12657,2064.732,-207256131288474,-13713,42740,-28365.1,32410.5,10.6,0.108,119783482,LOCKED
12658,2065.731,-207256131288195,14210,70663,-28353.3,32451.9,10.6,0.106,119874786,LOCKED
12659,2066.732,-207256131290681,37256,93709,-28276.7,32832.3,10.7,0.100,119962082,LOCKED
12660,2067.732,-207256131407244,-46988,9465,-28397.1,33316.2,10.8,0.105,119938405,LOCKED
12661,2068.732,-207256131402146,-11303,45150,-28486.0,32920.5,10.8,0.099,120029207,LOCKED
12662,2069.732,-207256131477405,-52965,3488,-28649.1,33255.1,10.6,0.091,120045982,LOCKED
12663,2070.731,-207256131473026,-17692,38761,-28729.9,33117.6,10.6,0.089,120141476,LOCKED
12664,2071.732,-207256131473294,10678,67131,-28743.3,33056.3,10.7,0.087,120230551,LOCKED
12665,2072.732,-207256131469845,41821,98274,-28761.3,32784.9,11.1,0.082,120322325,LOCKED
12666,2073.731,-207256131581805,-37653,18800,-28881.8,32912.4,11.2,0.077,120300662,LOCKED
12667,2074.732,-207256131579909,-7054,49399,-28861.2,32827.5,11.2,0.077,120393876,LOCKED
12668,2075.733,-207256131563655,37306,93759,-28886.3,32468.5,11.2,0.074,120496668,LOCKED
12669,2076.733,-207256131568539,57613,114066,-28800.6,33376.7,11.2,0.070,120581156,LOCKED
12670,2077.732,-207256131689250,-33327,23126,-28792.7,33288.7,11.0,0.076,120553861,LOCKED
12671,2078.734,-207256131711046,-23461,32992,-28894.7,33107.0,11.1,0.077,120642947,LOCKED
12672,2079.732,-207256131750888,-33232,23221,-28897.2,33132.4,11.0,0.075,120668986,LOCKED
12673,2080.732,-207256131785096,-34816,21637,-29022.4,33096.5,11.0,0.072,120759958,LOCKED
12674,2081.733,-207256131753393,24969,81422,-29017.8,33131.3,11.0,0.068,120846657,LOCKED
12675,2082.733,-207256131818582,-11030,45423,-29007.9,33087.6,11.0,0.064,120940795,LOCKED
12676,2083.733,-207256131859509,-22669,33784,-28983.9,32861.5,11.1,0.067,120919037,LOCKED
12677,2084.733,-207256131851883,13603,70056,-28989.9,32831.6,11.1,0.070,121016201,LOCKED
12678,2085.733,-207256131844405,46639,103092,-28898.9,33429.2,11.1,0.066,121113171,LOCKED
12679,2086.733,-207256131951922,-31117,25336,-28889.5,33328.3,11.1,0.070,121095170,LOCKED
12680,2087.735,-207256131933463,16494,72947,-28929.8,32969.6,11.2,0.075,121203593,LOCKED
12681,2088.733,-207256131938190,38039,94492,-28862.6,33371.8,11.1,0.080,121288257,LOCKED
12682,2089.734,-207256132014660,-7062,49391,-28974.0,32491.9,11.1,0.075,121304293,LOCKED
12683,2090.733,-207256131997205,37643,94096,-28952.0,32714.5,11.3,0.067,121412076,LOCKED
12684,2091.733,-207256132000521,58900,115353,-28834.8,33660.9,11.3,0.063,121386361,LOCKED
12685,2092.734,-207256132082838,3991,60444,-28771.3,33379.4,11.3,0.055,121504886,LOCKED
12686,2093.732,-207256132074982,38552,95005,-28734.0,33706.1,11.3,0.061,121606984,LOCKED
12687,2094.733,-207256132078912,58332,114785,-28584.1,34427.8,11.4,0.043,121578297,LOCKED
12688,2095.733,-207256132177431,-12399,44054,-28524.3,33885.0,11.4,0.047,121678227,LOCKED
12689,2096.734,-207256132152976,38555,95008,-28489.0,34195.7,11.1,0.022,121797657,LOCKED
12690,2097.733,-207256132252098,-30831,25622,-28498.9,34280.8,11.1,0.026,121782536,LOCKED
12691,2098.733,-207256132246435,4818,61271,-28580.1,33576.7,11.0,0.032,121879188,LOCKED
12692,2099.734,-207256132318548,-37644,18809,-28570.0,33448.4,11.1,0.025,121895123,LOCKED
12693,2100.733,-207256132314305,-5830,50623,-28511.1,33026.9,11.0,0.013,121991528,LOCKED
12694,2101.734,-207256132305758,29777,86230,-28489.4,33189.5,10.9,0.028,122087146,LOCKED
12695,2102.734,-207256132319489,40786,97239,-28373.0,33468.3,10.4,0.008,122054380,LOCKED
12696,2103.734,-207256132420047,-30943,25510,-28343.9,33107.1,9.8,-0.008,122152048,LOCKED
12697,2104.734,-207256132407777,9756,66209,-28364.3,33005.8,9.6,-0.008,122255118,LOCKED
12698,2105.734,-207256132402121,40588,97041,-28275.2,33433.9,9.7,-0.015,122238649,LOCKED
12699,2106.734,-207256132502449,-29830,26623,-28305.9,33636.7,8.9,-0.024,122339421,LOCKED
12700,2107.736,-207256132492586,8979,65432,-28352.3,33312.2,8.7,-0.021,122435989,LOCKED
12701,2108.734,-207256132488087,38464,94917,-28250.9,33616.1,8.4,-0.027,122420337,LOCKED
12702,2109.734,-207256132547972,7250,63703,-28283.6,33445.6,8.7,-0.015,122561587,LOCKED
12703,2110.734,-207256132618292,-33067,23386,-28313.0,33673.0,9.0,-0.004,122579903,LOCKED
12704,2111.734,-207256132623997,-11467,44986,-28244.4,33000.3,9.2,0.006,122661050,LOCKED
12705,2112.734,-207256132624934,14824,71277,-28219.1,33061.6,9.2,0.009,122746991,LOCKED
12706,2113.734,-207256132624477,39072,95525,-28066.4,32844.1,9.4,0.017,122838160,LOCKED
12707,2114.735,-207256132753210,-56692,0,-28213.0,33535.6,9.6,0.024,122799143,LOCKED
12708,2115.734,-207256132751343,-25270,31422,-28236.9,33673.5,9.2,0.024,122891484,LOCKED
12709,2116.734,-207256132789943,-34619,22073,-28229.1,33583.3,9.2,0.019,122971410,LOCKED
12710,2117.736,-207256132746878,35602,92294,-28235.7,33505.8,9.2,0.020,123072483,LOCKED
12711,2118.734,-207256132856963,-43223,13469,-28312.3,34015.9,9.2,0.022,123054123,LOCKED
12712,2119.735,-207256132817914,20878,77570,-28186.8,33431.9,9.2,0.022,123179974,LOCKED
12713,2120.734,-207256132827654,37667,94359,-28168.1,33622.0,8.9,0.026,123150160,LOCKED
12714,2121.735,-207256132932984,-37431,19261,-28207.1,33941.8,8.9,0.034,123246811,LOCKED
12715,2122.735,-207256132921720,369,57061,-28125.6,33358.5,9.3,0.045,123344987,LOCKED
12716,2123.734,-207256132920612,29045,85737,-28146.6,33125.5,9.9,0.050,123436854,LOCKED
12717,2124.735,-207256133045138,-62973,0,-28256.1,34211.4,10.0,0.054,123402679,LOCKED
12718,2125.734,-207256133035505,-24349,38624,-28251.7,34176.8,10.5,0.061,123500031,LOCKED
12719,2126.735,-207256133030234,6790,69763,-28145.7,33404.6,11.0,0.063,123595211,LOCKED
12720,2127.737,-207256133026323,37348,100321,-28134.3,33527.3,10.9,0.071,123689893,LOCKED
12721,2128.735,-207256133140891,-45947,17026,-28212.1,34102.2,11.3,0.072,123660896,LOCKED
12722,2129.735,-207256133099533,23652,86625,-28252.9,33654.0,11.4,0.070,123792896,LOCKED
12723,2130.735,-207256133121695,28368,91341,-28232.6,33797.2,11.8,0.074,123750552,LOCKED
12724,2131.736,-207256133209835,-29857,33116,-28265.6,34006.4,11.7,0.070,123861457,LOCKED
12725,2132.736,-207256133209220,-2328,60645,-28195.2,33515.4,11.8,0.062,123951824,LOCKED
12726,2133.736,-207256133197883,36066,99039,-28199.3,33466.9,11.8,0.058,124051987,LOCKED
12727,2134.735,-207256133307435,-42018,20955,-28290.1,33924.2,11.7,0.052,124031092,LOCKED
12728,2135.736,-207256133306344,-12904,50069,-28255.4,33678.8,11.7,0.053,124123897,LOCKED
12729,2136.735,-207256133304504,14146,77119,-28129.2,32806.7,11.7,0.046,124213653,LOCKED
12730,2137.737,-207256133410404,-58480,4493,-28284.8,33503.7,11.7,0.046,124196482,LOCKED
12731,2138.735,-207256133409919,-26847,36126,-28380.8,33487.5,11.6,0.038,124283505,LOCKED
12732,2139.735,-207256133373591,36809,99782,-28390.4,33368.1,11.7,0.037,124413801,LOCKED
12733,2140.735,-207256133415162,23749,86722,-28435.9,32836.4,11.7,0.036,124346267,LOCKED
12734,2141.736,-207256133429896,34756,97729,-28361.3,33156.9,11.7,0.036,124422645,LOCKED
12735,2142.736,-207256133529217,-32941,30032,-28466.9,33252.1,11.6,0.025,124522517,LOCKED
12736,2143.737,-207256133526987,-673,62300,-28543.0,32740.9,11.5,0.009,124612577,LOCKED
12737,2144.736,-207256133525271,27983,90956,-28510.8,32934.8,11.4,-0.009,124707389,LOCKED
12738,2145.736,-207256133542993,35360,98333,-28402.0,33084.8,11.2,-0.027,124668781,LOCKED
12739,2146.736,-207256133630124,-20207,42766,-28523.8,32516.7,11.2,-0.035,124779869,LOCKED
12740,2147.736,-207256133620638,16861,79834,-28505.6,32585.5,10.9,-0.058,124882176,LOCKED
12741,2148.736,-207256133630964,32179,95152,-28418.5,32791.4,11.0,-0.049,124853635,LOCKED
12742,2149.736,-207256133684014,7997,70970,-28454.0,32584.9,11.3,-0.028,124997176,LOCKED
12743,2150.736,-207256133685357,32291,95264,-28369.2,32806.6,11.6,0.006,125084705,LOCKED
12744,2151.738,-207256133811127,-62321,652,-28402.5,33365.4,11.4,-0.009,125048953,LOCKED
12745,2152.736,-207256133816014,-35956,27017,-28482.7,33694.6,11.7,0.006,125129661,LOCKED
12746,2153.736,-207256133831994,-22748,40225,-28479.5,33670.7,11.9,0.020,125206284,LOCKED
12747,2154.736,-207256133815944,18697,81670,-28358.9,33075.3,11.6,0.030,125309037,LOCKED
12748,2155.736,-207256133822099,38773,101746,-28319.0,33421.5,11.7,0.024,125283894,LOCKED
12749,2156.737,-207256133916570,-26834,36139,-28301.0,33240.4,11.7,0.018,125396362,LOCKED
12750,2157.737,-207256133890368,26940,89913,-28310.1,33155.4,11.7,0.013,125505659,LOCKED
12751,2158.738,-207256133997106,-48159,14814,-28393.5,33794.1,11.4,0.019,125485720,LOCKED
12752,2159.737,-207256133951573,25586,88559,-28427.2,33422.7,11.7,0.043,125512100,LOCKED
12753,2160.736,-207256134051530,-42478,20495,-28526.9,33860.8,12.2,0.062,125613353,LOCKED
12754,2161.737,-207256134042480,-5256,57717,-28500.6,33756.9,12.0,0.071,125709415,LOCKED
12755,2162.737,-207256134037263,25404,88377,-28392.6,33574.8,11.6,0.072,125693010,LOCKED
12756,2163.737,-207256134119383,-25397,37576,-28494.2,33460.9,11.3,0.072,125814073,LOCKED
12757,2164.737,-207256134108885,12543,75516,-28463.4,33497.2,11.3,0.078,125910375,LOCKED
12758,2165.737,-207256134115573,30754,93727,-28339.4,33317.3,11.0,0.076,125994834,LOCKED
12759,2166.737,-207256134212957,-34862,28111,-28449.8,33434.3,10.6,0.074,125986431,LOCKED
12760,2167.739,-207256134204487,1691,64664,-28434.6,33421.7,10.6,0.078,126084620,LOCKED
12761,2168.737,-207256134194383,36266,99239,-28300.1,33333.1,10.2,0.075,126185816,LOCKED
12762,2169.737,-207256134261077,-2422,60551,-28281.6,33288.1,10.2,0.074,126206085,LOCKED
12763,2170.737,-207256134267211,19385,82358,-28297.2,33170.9,10.3,0.069,126179645,LOCKED
12764,2171.737,-207256134364413,-46069,16904,-28390.1,33742.5,10.5,0.065,126283449,LOCKED
12765,2172.737,-207256134348711,-2461,60512,-28362.2,33651.6,10.5,0.059,126387975,LOCKED
12766,2173.737,-207256134348285,23001,85974,-28237.0,33150.9,10.6,0.056,126367453,LOCKED
12767,2174.738,-207256134445552,-41439,21534,-28393.7,32989.8,10.6,0.056,126472191,LOCKED
12768,2175.738,-207256134441008,-7200,55773,-28445.6,32863.1,10.6,0.054,126566342,LOCKED
12769,2176.737,-207256134440114,21848,84821,-28467.7,32663.9,10.3,0.045,126658294,LOCKED
12770,2177.742,-207256134555457,-61982,991,-28514.1,33384.8,10.2,0.042,126629984,LOCKED
12771,2178.738,-207256134540825,-16084,46889,-28622.7,32872.5,10.1,0.039,126735665,LOCKED
12772,2179.738,-207256134600289,-44477,18496,-28669.0,33332.3,10.1,0.037,126764290,LOCKED
12773,2180.738,-207256134599045,-14840,48133,-28630.6,33019.4,10.1,0.035,126852785,LOCKED
12774,2181.737,-207256134597387,15711,78684,-28669.7,32683.7,10.6,0.039,126945690,LOCKED
12775,2182.738,-207256134693703,-48554,14419,-28755.1,33342.1,10.8,0.047,126938510,LOCKED
12776,2183.738,-207256134680249,-6865,56108,-28718.0,33137.8,10.8,0.053,127044184,LOCKED
12777,2184.738,-207256134663157,38616,101589,-28766.2,32326.5,10.9,0.055,127148648,LOCKED
12778,2185.737,-207256134773882,-39493,23480,-28889.7,32497.9,11.2,0.062,127127128,LOCKED
12779,2186.738,-207256134766175,-2697,60276,-28895.1,32499.9,11.0,0.069,127224177,LOCKED
12780,2187.739,-207256134763564,25858,88831,-28793.0,32392.6,11.1,0.070,127319340,LOCKED
12781,2188.738,-207256134826964,-6505,56468,-28892.5,31677.8,11.0,0.078,127300876,LOCKED
12782,2189.738,-207256134853860,-4758,58215,-28872.3,31607.3,11.1,0.079,127439579,LOCKED
12783,2190.737,-207256134834321,40017,102990,-28760.2,31905.8,11.1,0.090,127404195,LOCKED
12784,2191.738,-207256134930310,-24364,38609,-28859.6,31774.7,11.0,0.083,127507789,LOCKED
12785,2192.738,-207256134934410,570,63543,-28869.2,31764.4,10.9,0.095,127593872,LOCKED
12786,2193.738,-207256134997812,-32882,30091,-28867.5,31746.3,10.9,0.097,127712617,LOCKED
12787,2194.738,-207256135000945,-5160,57813,-28956.7,31142.0,11.0,0.098,127709519,LOCKED
12788,2195.738,-207256134987695,35271,98244,-28928.1,31402.3,11.1,0.087,127809155,LOCKED
12789,2196.740,-207256135082981,-29455,33518,-28959.3,31616.1,11.1,0.091,127805446,LOCKED
12790,2197.740,-207256135062340,21017,83990,-29037.2,30474.2,11.0,0.084,127916527,LOCKED
12791,2198.739,-207256135049477,60151,123124,-29001.5,31084.6,10.9,0.078,128016316,LOCKED
12792,2199.739,-207256135122737,14028,77001,-28933.1,30958.0,11.0,0.068,128036692,LOCKED
12793,2200.739,-207256135104496,56737,119710,-28808.1,31841.1,10.9,0.062,128031651,LOCKED
12794,2201.739,-207256135215568,-24922,38051,-28796.3,31730.5,10.8,0.054,128122128,LOCKED
12795,2202.739,-207256135209745,10318,73291,-28844.1,31349.4,10.7,0.044,128218573,LOCKED
12796,2203.739,-207256135209059,37548,100521,-28793.5,31739.3,11.0,0.062,128308575,LOCKED
12797,2204.739,-207256135314595,-37397,25576,-28819.6,31997.2,11.0,0.067,128294460,LOCKED
12798,2205.739,-207256135304479,310,63283,-28759.7,31665.3,11.0,0.066,128393822,LOCKED
12799,2206.741,-207256135300399,31733,94706,-28742.9,31815.2,10.9,0.086,128487287,LOCKED
12800,2207.739,-207256135313189,44063,107036,-28638.2,32303.1,10.8,0.102,128452769,LOCKED
12801,2208.739,-207256135409882,-23653,39320,-28615.4,32078.9,10.7,0.103,128555514,LOCKED
12802,2209.739,-207256135368227,43122,106095,-28515.4,32554.3,10.8,0.113,128686238,LOCKED
12803,2210.739,-207256135493727,-51812,11161,-28529.9,32775.9,10.8,0.112,128650851,LOCKED
12804,2211.739,-207256135476106,-3544,59429,-28628.1,31995.5,10.8,0.112,128756435,LOCKED
12805,2212.739,-207256135465812,34161,97134,-28625.2,32027.3,10.9,0.104,128858777,LOCKED
12806,2213.739,-207256135576776,-44348,18625,-28739.6,32464.6,11.0,0.112,128837087,LOCKED
12807,2214.739,-207256135574054,-12744,50229,-28725.4,32387.2,11.0,0.118,128925963,LOCKED
12808,2215.739,-207256135573996,13516,76489,-28623.8,31873.6,10.8,0.124,129018394,LOCKED
12809,2216.740,-207256135585702,29050,92023,-28604.2,32025.1,10.5,0.123,129096951,LOCKED
12810,2217.741,-207256135688450,-43386,19587,-28615.8,32178.0,10.2,0.121,129079262,LOCKED
12811,2218.739,-207256135691611,-15419,47554,-28713.7,31776.5,10.3,0.114,129167220,LOCKED
12812,2219.740,-207256135660300,40688,103661,-28588.8,31986.1,10.0,0.116,129286706,LOCKED
12813,2220.739,-207256135675056,52218,115191,-28562.6,32369.1,9.8,0.118,129365277,LOCKED
12814,2221.740,-207256135797141,-38605,24368,-28631.0,32790.8,9.8,0.118,129331180,LOCKED
12815,2222.740,-207256135784891,1060,64033,-28573.0,32501.2,9.9,0.113,129433495,LOCKED
12816,2223.740,-207256135792251,21466,84439,-28569.1,32526.9,9.8,0.112,129513381,LOCKED
12817,2224.740,-207256135794783,43772,106745,-28458.6,32962.0,9.9,0.110,129609491,LOCKED
12818,2225.740,-207256135897646,-30105,32868,-28434.3,32674.5,10.0,0.105,129592273,LOCKED
12819,2226.740,-207256135928812,-29933,33040,-28527.2,32777.4,10.0,0.101,129673650,LOCKED
12820,2227.742,-207256135884162,40056,103029,-28437.2,33190.3,10.1,0.100,129784846,LOCKED
12821,2228.740,-207256135984476,-31487,31486,-28401.2,32709.9,10.1,0.098,129772692,LOCKED
12822,2229.740,-207256135952777,26211,89184,-28326.7,32828.9,10.1,0.097,129890274,LOCKED
12823,2230.740,-207256136046119,-37631,25342,-28321.7,32765.9,9.8,0.091,129889830,LOCKED
12824,2231.741,-207256136035456,2163,65136,-28365.1,32562.9,9.5,0.085,129984257,LOCKED
12825,2232.740,-207256136022594,40056,103029,-28267.9,32948.0,9.2,0.076,130092980,LOCKED
12826,2233.740,-207256136130569,-38625,24348,-28254.0,32758.3,8.9,0.069,130069954,LOCKED
12827,2234.741,-207256136113514,6936,69909,-28277.9,32652.3,8.9,0.064,130176731,LOCKED
12828,2235.741,-207256136115021,31147,94120,-28203.9,32890.9,9.0,0.060,130153965,LOCKED
12829,2236.741,-207256136220335,-44375,18598,-28208.1,32947.9,8.7,0.049,130253304,LOCKED
12830,2237.741,-207256136212105,-5962,57011,-28295.3,32417.4,8.6,0.045,130347216,LOCKED
12831,2238.741,-207256136203389,29167,92140,-28251.3,32653.7,8.6,0.040,130444679,LOCKED
12832,2239.740,-207256136283306,-19884,43089,-28346.8,32427.3,8.7,0.042,130454665,LOCKED
12833,2240.740,-207256136283647,7863,70836,-28347.1,32426.3,8.7,0.044,130544039,LOCKED
12834,2241.741,-207256136284999,31870,94843,-28253.3,32581.6,8.6,0.056,130519681,LOCKED
12835,2242.741,-207256136371279,-22997,39976,-28370.4,32186.4,8.3,0.069,130636445,LOCKED
12836,2243.741,-207256136364181,11855,74828,-28359.8,32217.0,8.7,0.076,130732213,LOCKED
12837,2244.741,-207256136368144,32573,94894,-28233.2,32070.4,8.7,0.082,130820269,LOCKED
12838,2245.740,-207256136489278,-55108,7213,-28398.0,32505.0,8.3,0.099,130784032,LOCKED
12839,2246.741,-207256136475376,-11725,50596,-28431.7,32528.0,8.4,0.097,130891552,LOCKED
12840,2247.742,-207256136451888,36827,99148,-28327.5,32766.6,8.3,0.109,131003127,LOCKED
12841,2248.742,-207256136567429,-46791,15530,-28426.3,33351.7,8.2,0.119,130975587,LOCKED
12842,2249.741,-207256136524720,23107,85428,-28404.0,33469.3,8.2,0.120,131107035,LOCKED
12843,2250.741,-207256136538028,34463,96784,-28277.5,33405.6,8.0,0.113,131072761,LOCKED
12844,2251.741,-207256136628984,-25508,36813,-28368.2,33395.8,8.3,0.086,131181943,LOCKED
12845,2252.742,-207256136625553,6038,68359,-28365.8,33399.9,8.5,0.061,131275065,LOCKED
12846,2253.741,-207256136617247,41259,103580,-28363.2,33432.5,8.6,0.054,131370373,LOCKED
12847,2254.742,-207256136737013,-46354,15967,-28472.3,33951.6,8.6,0.064,131339326,LOCKED
12848,2255.742,-207256136731573,-12403,49918,-28453.5,33848.3,8.7,0.061,131432666,LOCKED
12849,2256.742,-207256136721693,25663,87984,-28483.2,33532.6,8.8,0.068,131533671,LOCKED
12850,2257.742,-207256136753872,20389,82710,-28439.5,33641.2,8.9,0.080,131618113,LOCKED
12851,2258.742,-207256136824129,-21597,40724,-28395.3,33164.0,8.9,0.077,131609457,LOCKED
12852,2259.742,-207256136832458,-1580,60741,-28390.2,33159.1,8.8,0.078,131722671,LOCKED
12853,2260.742,-207256136912524,-51505,10816,-28390.4,33163.2,8.9,0.087,131705004,LOCKED
12854,2261.742,-207256136927083,-34238,28083,-28502.3,33245.7,9.0,0.094,131775582,LOCKED
12855,2262.742,-207256136935317,-13110,49211,-28522.8,33292.7,9.2,0.083,131868791,LOCKED
12856,2263.742,-207256136999350,-46469,15852,-28551.1,33634.6,9.1,0.089,131979196,LOCKED
12857,2264.742,-207256137010848,-25962,36359,-28677.7,33231.1,9.1,0.088,131965358,LOCKED
12858,2265.743,-207256136992596,19990,82311,-28662.9,33304.8,8.9,0.086,132069736,LOCKED
12859,2266.742,-207256136995174,42376,104697,-28551.7,33676.9,8.8,0.093,132044530,LOCKED
12860,2267.743,-207256137087302,-21149,41172,-28518.9,33363.9,8.7,0.099,132154978,LOCKED
12861,2268.742,-207256137080196,14413,76734,-28539.8,33229.2,8.8,0.104,132247824,LOCKED
12862,2269.742,-207256137180511,-55050,7271,-28561.8,33566.4,9.7,0.122,132239546,LOCKED
12863,2270.742,-207256137174628,-17485,44836,-28686.1,32859.3,10.0,0.131,132334526,LOCKED
12864,2271.743,-207256137167143,17853,80174,-28674.9,32912.0,10.1,0.135,132432103,LOCKED
12865,2272.743,-207256137165555,44074,106395,-28549.6,33244.7,10.1,0.138,132412058,LOCKED
12866,2273.743,-207256137263289,-21758,40563,-28678.2,32632.7,10.0,0.143,132513539,LOCKED
12867,2274.742,-207256137260843,9575,71896,-28704.4,32488.2,9.8,0.144,132605956,LOCKED
12868,2275.742,-207256137252370,43616,105937,-28622.9,33021.4,9.6,0.150,132593793,LOCKED
12869,2276.743,-207256137262847,57028,119349,-28485.1,33791.1,9.7,0.154,132673750,LOCKED
12870,2277.743,-207256137356424,-5899,56422,-28581.8,33133.7,9.8,0.157,132782474,LOCKED
12871,2278.743,-207256137328762,47984,110305,-28545.7,33562.6,10.1,0.160,132896031,LOCKED
12872,2279.743,-207256137401092,2852,65173,-28484.1,33277.9,10.1,0.163,132912911,LOCKED
12873,2280.742,-207256137392995,35258,97579,-28337.6,32973.9,10.5,0.169,133009034,LOCKED
12874,2281.743,-207256137509175,-47805,14516,-28492.9,33146.9,10.5,0.172,132985829,LOCKED
12875,2282.743,-207256137500263,-9570,52751,-28517.8,33166.5,10.5,0.171,133082443,LOCKED
12876,2283.744,-207256137493397,23605,85926,-28448.5,33251.1,10.5,0.171,133177489,LOCKED
12877,2284.743,-207256137596352,-49050,13271,-28457.8,33387.0,10.5,0.168,133161616,LOCKED
12878,2285.743,-207256137601890,-23453,38868,-28550.4,33300.8,10.4,0.164,133247997,LOCKED
12879,2286.744,-207256137598812,8806,71127,-28596.1,32984.6,10.4,0.160,133342074,LOCKED
12880,2287.744,-207256137579546,51773,114094,-28441.7,33363.6,10.5,0.155,133452534,LOCKED
12881,2288.744,-207256137689058,-26351,35970,-28542.6,33286.1,10.5,0.157,133431169,LOCKED
12882,2289.743,-207256137651004,36764,99085,-28432.7,33473.9,10.5,0.159,133445086,LOCKED
12883,2290.743,-207256137732682,-14213,48108,-28520.5,33173.6,10.5,0.162,133566723,LOCKED
12884,2291.744,-207256137744243,2557,64878,-28515.5,33175.4,10.6,0.165,133643008,LOCKED
12885,2292.744,-207256137736187,35191,97512,-28380.5,33033.9,10.6,0.161,133739227,LOCKED
12886,2293.744,-207256137832919,-29882,32439,-28491.9,32967.2,10.7,0.166,133731526,LOCKED
12887,2294.744,-207256137825427,5421,67742,-28467.5,32955.2,10.7,0.162,133829803,LOCKED
12888,2295.745,-207256137846367,10899,73220,-28384.8,32619.2,10.6,0.157,133904622,LOCKED
12889,2296.744,-207256137916569,-27649,34672,-28499.6,32431.4,10.6,0.152,133886255,LOCKED
12890,2297.744,-207256137942266,-23075,39246,-28548.2,32576.3,10.7,0.160,133979588,LOCKED
12891,2298.744,-207256137925418,19821,82142,-28458.3,32406.9,10.7,0.155,134085586,LOCKED
12892,2299.744,-207256137984920,-9923,52398,-28505.7,32351.6,10.6,0.149,134118221,LOCKED
12893,2300.744,-207256138017465,-13372,48949,-28512.4,32376.8,10.6,0.150,134214177,LOCKED
12894,2301.744,-207256138078845,-44461,17860,-28525.7,32552.3,10.7,0.123,134199531,LOCKED
12895,2302.744,-207256138061549,1936,64257,-28557.3,32440.8,11.1,0.083,134304842,LOCKED
12896,2303.744,-207256138039092,49026,111347,-28446.0,33058.9,10.8,0.048,134418377,LOCKED
12897,2304.744,-207256138143413,-26492,35829,-28419.4,32769.3,10.8,0.041,134405965,LOCKED
12898,2305.743,-207256138130118,15869,78190,-28477.7,32156.1,11.4,0.007,134507138,LOCKED
12899,2306.744,-207256138126707,44971,107292,-28415.6,32705.0,11.4,-0.030,134487498,LOCKED
12900,2307.745,-207256138213232,-13726,48595,-28363.8,32226.8,11.2,-0.070,134603213,LOCKED
12901,2308.745,-207256138194770,32327,94648,-28379.7,32035.2,11.5,-0.110,134708568,LOCKED
12902,2309.744,-207256138268215,-12843,49478,-28353.1,31856.9,11.5,-0.118,134724971,LOCKED
12903,2310.744,-207256138273602,7981,70302,-28261.1,31297.0,11.7,-0.139,134810511,LOCKED
12904,2311.745,-207256138261318,45864,108185,-28206.6,31847.3,11.6,-0.142,134909645,LOCKED
12905,2312.746,-207256138376614,-39125,23196,-28244.7,32200.5,11.5,-0.146,134886027,LOCKED
12906,2313.745,-207256138367796,-3722,58599,-28156.9,31364.7,11.7,-0.158,134979545,LOCKED
12907,2314.745,-207256138360723,30599,92920,-28163.2,31296.1,11.7,-0.154,135077428,LOCKED
12908,2315.745,-207256138475222,-52050,10271,-28257.7,32083.3,11.6,-0.150,135054538,LOCKED
12909,2316.745,-207256138461544,-10599,51722,-28216.2,31776.6,11.5,-0.154,135152928,LOCKED
12910,2317.746,-207256138452691,23671,85992,-28118.0,31635.8,11.5,-0.151,135250649,LOCKED
12911,2318.745,-207256138557987,-49803,12518,-28217.2,32337.7,11.5,-0.154,135234068,LOCKED
12912,2319.745,-207256138542696,-6249,56072,-28209.0,32314.9,11.5,-0.152,135337918,LOCKED
12913,2320.747,-207256138565875,207,62528,-28279.5,31845.6,11.4,-0.149,135405604,LOCKED
12914,2321.745,-207256138565204,28244,90565,-28281.6,31824.8,11.4,-0.151,135494976,LOCKED
12915,2322.745,-207256138573559,45388,107709,-28220.4,32384.9,11.3,-0.150,135464498,LOCKED
12916,2323.745,-207256138665471,-15600,46721,-28327.4,31862.9,11.2,-0.152,135571614,LOCKED
12917,2324.745,-207256138654371,23355,85676,-28343.1,31718.6,11.3,-0.150,135673409,LOCKED
12918,2325.746,-207256138760495,-51317,11004,-28410.5,32427.9,11.3,-0.153,135658219,LOCKED
12919,2326.745,-207256138757762,-20121,42200,-28379.5,32135.7,11.3,-0.154,135752814,LOCKED
12920,2327.747,-207256138746932,18649,80970,-28389.0,32069.5,11.2,-0.154,135850669,LOCKED
12921,2328.746,-207256138746682,43865,106186,-28293.7,32587.2,11.2,-0.154,135829204,LOCKED
12922,2329.746,-207256138794530,24706,87027,-28354.4,31754.5,10.2,-0.147,135983883,LOCKED
12923,2330.746,-207256138814130,32228,94549,-28347.5,31823.4,9.8,-0.143,135940034,LOCKED
12924,2331.746,-207256138907060,-30474,31847,-28389.2,32078.4,10.0,-0.143,136048243,LOCKED
12925,2332.746,-207256138900024,3427,65748,-28319.9,31705.7,9.9,-0.141,136142166,LOCKED
12926,2333.746,-207256138915760,15993,78314,-28345.7,31505.1,10.0,-0.140,136234040,LOCKED
12927,2334.746,-207256139006684,-43506,18815,-28424.6,32053.6,10.3,-0.143,136218451,LOCKED
12928,2335.745,-207256139043257,-49421,12900,-28452.1,32426.2,10.2,-0.139,136298436,LOCKED
12929,2336.746,-207256139002758,16516,78837,-28331.4,31717.8,10.1,-0.134,136404571,LOCKED
12930,2337.745,-207256139103679,-52137,10184,-28438.1,32476.9,10.0,-0.128,136388670,LOCKED
12931,2338.746,-207256139083452,-4744,57577,-28367.6,31905.0,9.4,-0.116,136497660,LOCKED
12932,2339.746,-207256139167327,-56465,5856,-28459.7,32809.1,9.2,-0.109,136502046,LOCKED
12933,2340.745,-207256139156501,-17353,44968,-28422.2,32470.1,8.6,-0.095,136605714,LOCKED
12934,2341.746,-207256139147033,20766,83087,-28468.1,31963.0,8.4,-0.087,136703441,LOCKED
12935,2342.747,-207256139149736,43908,106229,-28412.3,32473.0,8.2,-0.077,136677671,LOCKED
12936,2343.747,-207256139246448,-23603,38718,-28411.7,32468.7,8.2,-0.075,136784161,LOCKED
12937,2344.747,-207256139245202,7321,69642,-28486.2,31772.2,8.3,-0.072,136870314,LOCKED
12938,2345.748,-207256139242736,36786,99107,-28474.4,31902.6,8.6,-0.071,136966735,LOCKED
12939,2346.747,-207256139361196,-49764,12557,-28560.4,32610.3,8.6,-0.068,136933352,LOCKED
12940,2347.748,-207256139358336,-18712,43609,-28511.1,32085.2,8.9,-0.078,137030177,LOCKED
12941,2348.749,-207256139352244,15911,78232,-28538.6,31870.5,9.2,-0.079,137123459,LOCKED
12942,2349.747,-207256139434775,-36718,25603,-28544.4,31938.2,9.2,-0.078,137130930,LOCKED
12943,2350.747,-207256139432922,-5285,57036,-28586.6,31844.6,9.5,-0.080,137222889,LOCKED
12944,2351.747,-207256139446633,9074,71395,-28576.3,31865.5,9.7,-0.098,137297228,LOCKED
12945,2352.747,-207256139431547,48190,110511,-28433.0,32210.5,10.7,-0.035,137401482,LOCKED
12946,2353.747,-207256139540055,-28788,33533,-28537.4,32177.4,11.0,-0.015,137386040,LOCKED
12947,2354.746,-207256139531347,7837,70158,-28519.9,32193.6,11.0,-0.000,137481541,LOCKED
12948,2355.747,-207256139529298,35570,97891,-28439.7,32524.8,11.2,0.029,137572775,LOCKED
12949,2356.748,-207256139535434,55098,117419,-28395.1,33130.7,11.3,0.058,137545673,LOCKED
12950,2357.747,-207256139636352,-15390,46931,-28469.5,32992.8,11.7,0.084,137643851,LOCKED
12951,2358.747,-207256139624040,23212,85533,-28401.0,33073.1,12.3,0.144,137745028,LOCKED
12952,2359.747,-207256139704926,-26925,35396,-28471.6,33225.3,12.7,0.210,137757794,LOCKED
12953,2360.747,-207256139712287,-4794,57527,-28513.8,33128.3,13.5,0.250,137839301,LOCKED
12954,2361.749,-207256139713991,22373,84694,-28568.7,32459.4,13.5,0.251,137924674,LOCKED
12955,2362.747,-207256139720142,42236,104557,-28513.4,32929.9,13.5,0.265,137898591,LOCKED
12956,2363.747,-207256139811826,-20940,41381,-28478.3,32580.3,13.8,0.286,138008239,LOCKED
12957,2364.747,-207256139810774,9124,65589,-28519.7,32299.2,13.8,0.285,138099296,LOCKED
12958,2365.747,-207256139854999,-6391,50074,-28518.4,32296.4,13.5,0.295,138186709,LOCKED
12959,2366.748,-207256139932335,-52929,3536,-28542.3,32653.0,13.4,0.295,138193683,LOCKED
12960,2367.747,-207256139879247,27429,83894,-28525.4,32775.5,13.5,0.310,138300436,LOCKED
12961,2368.748,-207256139987401,-49769,6696,-28562.0,33234.0,13.4,0.323,138278396,LOCKED
12962,2369.748,-207256139931297,33153,89618,-28531.5,33469.4,13.3,0.328,138424528,LOCKED
12963,2370.747,-207256140038072,-42409,14056,-28592.7,33946.0,12.8,0.325,138403897,LOCKED
12964,2371.748,-207256140021823,696,57161,-28508.4,33330.9,12.7,0.328,138510166,LOCKED
12965,2372.748,-207256140011495,38165,94630,-28504.8,33373.5,12.6,0.325,138612671,LOCKED
12966,2373.748,-207256140113007,-32580,23885,-28561.8,33665.4,12.2,0.326,138598091,LOCKED
12967,2374.747,-207256140090559,16080,72545,-28473.0,33408.1,12.4,0.334,138712580,LOCKED
12968,2375.748,-207256140094271,39801,96266,-28488.2,33195.8,12.5,0.337,138686043,LOCKED
12969,2376.748,-207256140187787,-23310,33155,-28543.6,33327.4,12.4,0.337,138790823,LOCKED
12970,2377.749,-207256140178117,13010,69475,-28472.2,33161.3,12.4,0.340,138894544,LOCKED
12971,2378.748,-207256140168107,49701,106166,-28467.0,33241.2,12.3,0.335,138988700,LOCKED
12972,2379.748,-207256140249964,-3301,53164,-28480.5,33238.8,12.3,0.337,138998777,LOCKED
12973,2380.748,-207256140275127,1,56466,-28479.8,33238.7,12.3,0.339,139063588,LOCKED
12974,2381.748,-207256140288035,13573,70038,-28404.0,33045.9,12.2,0.335,139140710,LOCKED
12975,2382.748,-207256140290783,34937,91402,-28251.2,32623.2,12.3,0.337,139226964,LOCKED
12976,2383.749,-207256140407935,-50235,6230,-28350.8,33316.8,12.2,0.335,139199685,LOCKED
12977,2384.748,-207256140400065,-14124,42341,-28321.9,33111.8,12.2,0.334,139298180,LOCKED
12978,2385.748,-207256140399992,14861,71326,-28375.7,32591.6,12.1,0.331,139386255,LOCKED
12979,2386.749,-207256140398368,42512,98977,-28331.1,33017.6,12.1,0.328,139362744,LOCKED
12980,2387.750,-207256140494434,-24330,32135,-28334.4,33042.6,12.0,0.324,139469775,LOCKED
12981,2388.749,-207256140488144,7902,64367,-28229.9,32306.2,11.9,0.320,139563895,LOCKED
12982,2389.748,-207256140569075,-43084,13381,-28242.5,32466.7,11.9,0.315,139572842,LOCKED
12983,2390.749,-207256140577420,-23197,33268,-28203.2,32027.2,11.7,0.309,139653151,LOCKED
12984,2391.748,-207256140571175,11080,67545,-28213.3,31980.9,11.2,0.296,139748202,LOCKED
12985,2392.749,-207256140571669,35688,92153,-28119.8,32257.2,11.1,0.289,139838371,LOCKED
12986,2393.749,-207256140681569,-44179,12286,-28140.2,32511.6,10.6,0.274,139814211,LOCKED
12987,2394.748,-207256140694319,-25931,30534,-28237.5,32454.3,10.0,0.257,139891027,LOCKED
12988,2395.748,-207256140692628,5100,61565,-28300.3,31983.4,9.8,0.246,139983381,LOCKED
12989,2396.749,-207256140707734,16263,72728,-28227.5,31875.6,9.5,0.235,140063921,LOCKED
12990,2397.749,-207256140817414,-59447,0,-28410.8,32306.5,9.6,0.230,140042112,LOCKED
12991,2398.749,-207256140814622,-26350,33097,-28460.0,32503.2,9.6,0.224,140136647,LOCKED
12992,2399.750,-207256140783742,32785,92232,-28504.6,31840.6,9.3,0.209,140148660,LOCKED
12993,2400.749,-207256140875856,-28096,31351,-28592.0,31932.1,9.3,0.201,140249780,LOCKED
12994,2401.750,-207256140889568,-12816,46631,-28590.2,31924.6,8.9,0.182,140326136,LOCKED
12995,2402.749,-207256140903504,379,59826,-28519.1,31454.6,8.9,0.170,140412011,LOCKED
12996,2403.750,-207256140976668,-40548,18899,-28634.4,31749.1,8.9,0.144,140393371,LOCKED
12997,2404.749,-207256140997601,-30761,28686,-28685.7,32022.1,8.8,0.121,140490861,LOCKED
12998,2405.749,-207256140985531,8290,67737,-28615.7,31752.3,8.8,0.113,140592197,LOCKED
12999,2406.749,-207256140973473,47636,107083,-28629.8,31509.5,8.9,0.078,140693531,LOCKED
13000,2407.752,-207256141087168,-34115,25332,-28735.9,31646.1,8.8,0.071,140670505,LOCKED
13001,2408.750,-207256141059688,20483,79930,-28690.5,31759.6,8.8,0.065,140784565,LOCKED
13002,2409.751,-207256141150596,-37442,22005,-28839.2,31515.0,8.6,0.042,140782035,LOCKED
13003,2410.749,-207256141163920,-19792,39655,-28911.2,31497.1,8.6,0.019,140859884,LOCKED
13004,2411.750,-207256141159851,12606,72053,-28903.5,31523.7,8.7,0.021,140956833,LOCKED
13005,2412.750,-207256141146733,49889,109336,-28753.7,31878.9,8.9,0.034,141057434,LOCKED
13006,2413.750,-207256141256271,-27557,31890,-28871.9,31637.2,8.8,0.036,141043328,LOCKED
13007,2414.750,-207256141232003,24122,83569,-28840.3,31795.6,8.3,0.040,141155724,LOCKED
13008,2415.750,-207256141241504,39793,99240,-28726.2,32068.8,8.3,0.050,141236704,LOCKED
13009,2416.750,-207256141354368,-43161,16286,-28712.5,31855.4,8.1,0.050,141213150,LOCKED
13010,2417.751,-207256141354920,-13386,46061,-28769.6,31800.7,8.1,0.049,141305725,LOCKED
13011,2418.750,-207256141351010,17369,76816,-28703.9,31771.2,8.0,0.048,141399865,LOCKED
13012,2419.751,-207256141430953,-30665,28782,-28810.4,31781.5,7.8,0.047,141408293,LOCKED
13013,2420.750,-207256141432074,-2388,57059,-28835.3,31742.7,7.0,0.046,141493314,LOCKED
13014,2421.750,-207256141425804,30109,89556,-28757.2,31945.0,6.9,0.046,141593012,LOCKED
13015,2422.750,-207256141429690,50102,109549,-28600.8,32227.1,7.1,0.040,141566486,LOCKED
13016,2423.750,-207256141520630,-10792,48655,-28653.9,32151.8,7.0,0.046,141678945,LOCKED
13017,2424.751,-207256141508152,28084,87531,-28589.8,32356.7,6.9,0.045,141776404,LOCKED
13018,2425.750,-207256141524248,38124,97571,-28532.7,32759.5,6.9,0.046,141743558,LOCKED
13019,2426.751,-207256141619738,-25179,34268,-28670.4,32129.6,6.9,0.039,141847270,LOCKED
13020,2427.750,-207256141606693,14670,74117,-28603.1,32029.3,6.7,0.042,141949330,LOCKED
13021,2428.751,-207256141606034,42862,102309,-28621.9,31729.1,6.4,0.044,142037336,LOCKED
13022,2429.752,-207256141671517,4647,64094,-28563.1,31491.7,6.6,0.049,142063912,LOCKED
13023,2430.750,-207256141680225,24480,83927,-28602.8,31013.2,6.7,0.050,142143357,LOCKED
13024,2431.750,-207256141692142,38645,98092,-28543.3,31447.6,6.8,0.054,142111464,LOCKED
13025,2432.751,-207256141776676,-17393,42054,-28512.0,31171.0,6.9,0.055,142226297,LOCKED
13026,2433.751,-207256141765250,22277,81724,-28535.9,30935.1,6.9,0.055,142331758,LOCKED
13027,2434.751,-207256141875750,-56251,3196,-28611.1,31812.6,6.8,0.062,142308266,LOCKED
13028,2435.753,-207256141870674,-22336,37111,-28585.1,31555.6,7.0,0.065,142403430,LOCKED
13029,2436.751,-207256141871544,5895,65342,-28620.3,31368.2,7.0,0.065,142490753,LOCKED
13030,2437.751,-207256141876516,27265,86712,-28553.7,31552.3,7.1,0.068,142589495,LOCKED
13031,2438.751,-207256141957612,-25334,34113,-28508.7,30974.3,7.1,0.066,142586151,LOCKED
13032,2439.751,-207256141943528,16126,75573,-28479.9,31051.6,7.7,0.070,142595886,LOCKED
13033,2440.751,-207256141997596,-8987,50460,-28488.2,31070.3,7.9,0.071,142724365,LOCKED
13034,2441.751,-207256141982955,31263,90710,-28398.7,31243.9,7.9,0.068,142825998,LOCKED
13035,2442.752,-207256142096341,-51828,7619,-28405.6,31359.0,8.0,0.069,142802649,LOCKED
13036,2443.751,-207256142082863,-7986,51461,-28488.6,30919.3,8.1,0.070,142906972,LOCKED
13037,2444.752,-207256142121029,-16314,43133,-28527.8,30987.8,8.5,0.064,142993402,LOCKED
13038,2445.752,-207256142092593,37287,96734,-28424.5,31261.7,8.5,0.065,142963573,LOCKED
13039,2446.751,-207256142194346,-35514,23933,-28391.3,30754.6,8.6,0.065,143063099,LOCKED
13040,2447.754,-207256142178466,8544,67991,-28395.1,30742.3,8.7,0.065,143163836,LOCKED
13041,2448.752,-207256142178776,33462,92909,-28295.1,30911.2,8.8,0.064,143145428,LOCKED
13042,2449.752,-207256142245236,-3522,55925,-28347.3,30708.7,8.8,0.065,143280447,LOCKED
13043,2450.752,-207256142240594,27824,87271,-28312.9,30920.3,8.6,0.055,143373832,LOCKED
13044,2451.752,-207256142340132,-41471,17976,-28338.6,31217.8,8.6,0.042,143361229,LOCKED
13045,2452.752,-207256142325704,-623,58824,-28243.3,30310.8,8.6,0.042,143464479,LOCKED
13046,2453.752,-207256142313432,38060,97507,-28216.6,30591.5,8.6,0.042,143567871,LOCKED
13047,2454.752,-207256142430950,-47656,11791,-28313.5,31251.5,8.6,0.038,143537025,LOCKED
13048,2455.751,-207256142426290,-14400,45047,-28303.3,31192.5,8.7,0.025,143631418,LOCKED
13049,2456.752,-207256142437790,1105,60552,-28241.3,30844.0,8.5,-0.000,143716835,LOCKED
13050,2457.755,-207256142433944,32525,91972,-28262.8,30560.1,8.5,-0.010,143695490,LOCKED
13051,2458.752,-207256142520218,-23307,36140,-28331.1,30649.9,8.5,-0.020,143811111,LOCKED
13052,2459.752,-207256142575342,-48230,11217,-28342.7,30827.7,8.1,-0.046,143841803,LOCKED
13053,2460.752,-207256142595270,-36527,22920,-28443.4,31094.2,8.2,-0.072,143909826,LOCKED
13054,2461.753,-207256142594658,-6686,52761,-28470.9,31083.5,7.6,-0.106,144004320,LOCKED
13055,2462.753,-207256142579398,34479,93926,-28402.3,31427.7,7.4,-0.125,143993676,LOCKED
13056,2463.753,-207256142669056,-23751,35696,-28511.4,31156.6,7.4,-0.121,144108204,LOCKED
13057,2464.753,-207256142654550,19163,78610,-28538.3,30912.7,7.5,-0.130,144209543,LOCKED
13058,2465.753,-207256142660858,38554,98001,-28462.9,31347.2,7.5,-0.126,144184376,LOCKED
13059,2466.753,-207256142755002,-26918,32529,-28428.4,30917.9,7.2,-0.121,144287520,LOCKED
13060,2467.755,-207256142736932,19519,78966,-28457.9,30636.1,7.5,-0.109,144400525,LOCKED
13061,2468.753,-207256142835868,-48237,11210,-28511.4,31235.6,7.4,-0.108,144385531,LOCKED
13062,2469.752,-207256142814201,3320,62767,-28584.7,30631.7,7.6,-0.115,144496237,LOCKED
13063,2470.753,-207256142910770,-59363,84,-28746.4,31358.1,7.5,-0.106,144488769,LOCKED
13064,2471.753,-207256142918271,-35490,23957,-28816.5,31720.5,7.4,-0.106,144566466,LOCKED
13065,2472.754,-207256142908426,1770,61217,-28750.5,31345.1,7.5,-0.098,144666766,LOCKED
13066,2473.753,-207256142909166,29256,88703,-28773.5,31067.9,7.5,-0.099,144755468,LOCKED
13067,2474.753,-207256142911526,51756,111203,-28667.3,31830.7,7.5,-0.099,144842344,LOCKED
13068,2475.753,-207256143036852,-42996,16451,-28689.4,32097.2,7.4,-0.099,144809731,LOCKED
13069,2476.753,-207256143034778,-9664,49783,-28799.6,31301.6,7.5,-0.094,144903881,LOCKED
13070,2477.754,-207256143025722,27324,86771,-28802.5,31274.1,7.6,-0.090,145000212,LOCKED
13071,2478.753,-207256143066915,13873,73320,-28773.5,31328.6,7.7,-0.086,145078116,LOCKED
13072,2479.754,-207256143103367,7385,66832,-28844.3,30665.3,7.8,-0.083,145104561,LOCKED
13073,2480.753,-207256143133744,6243,65690,-28873.9,30515.7,7.8,-0.081,145194092,LOCKED
13074,2481.754,-207256143205794,-34886,24561,-28916.5,30847.5,7.8,-0.083,145180413,LOCKED
13075,2482.754,-207256143238798,-37610,21837,-28920.8,30901.0,7.5,-0.084,145266507,LOCKED
13076,2483.754,-207256143193094,35466,94913,-28903.8,31077.7,7.6,-0.081,145371311,LOCKED
13077,2484.754,-207256143291444,-32273,27174,-28933.9,31318.3,8.0,-0.077,145371399,LOCKED
13078,2485.753,-207256143272952,13240,72687,-28861.9,31141.5,8.3,-0.074,145471310,LOCKED
13079,2486.754,-207256143261706,51092,110539,-28836.2,31519.8,7.9,-0.079,145574068,LOCKED
13080,2487.755,-207256143370245,-26909,32538,-28875.0,31724.3,8.2,-0.077,145555871,LOCKED
13081,2488.754,-207256143355742,14275,73722,-28790.9,31452.7,8.4,-0.077,145662296,LOCKED
13082,2489.754,-207256143422469,-22117,37330,-28830.0,31595.8,8.7,-0.073,145682020,LOCKED
13083,2490.753,-207256143426850,1542,60989,-28793.7,31489.2,9.0,-0.070,145770905,LOCKED
13084,2491.754,-207256143411964,41034,100481,-28656.1,31572.1,9.3,-0.067,145873208,LOCKED
13085,2492.754,-207256143519934,-35311,24136,-28743.3,31874.3,9.3,-0.066,145855539,LOCKED
13086,2493.754,-207256143508062,4175,63622,-28694.7,31718.9,9.4,-0.069,145956461,LOCKED
13087,2494.755,-207256143496582,43349,102796,-28717.8,31334.9,10.1,-0.067,146058327,LOCKED
13088,2495.754,-207256143608878,-36777,22670,-28826.2,31546.9,10.3,-0.066,146034185,LOCKED
13089,2496.754,-207256143596250,4380,63827,-28818.9,31552.5,10.4,-0.073,146138098,LOCKED
13090,2497.756,-207256143581415,44117,103564,-28699.8,31953.2,10.6,-0.073,146243419,LOCKED
13091,2498.755,-207256143690325,-32901,26546,-28802.0,32079.6,10.6,-0.074,146223848,LOCKED
13092,2499.755,-207256143626795,55080,114527,-28679.8,32880.5,10.5,-0.066,146378471,LOCKED
13093,2500.754,-207256143742777,-29865,29582,-28745.9,33112.6,10.6,-0.068,146350949,LOCKED
13094,2501.754,-207256143740680,-218,59229,-28686.8,32790.1,10.6,-0.069,146438128,LOCKED
13095,2502.756,-207256143743427,25663,85110,-28726.7,32313.2,10.6,-0.070,146528733,LOCKED
13096,2503.755,-207256143743565,51012,110459,-28652.4,33026.5,10.6,-0.071,146618754,LOCKED
13097,2504.755,-207256143860455,-34240,25207,-28742.1,33272.7,10.5,-0.061,146593150,LOCKED
13098,2505.755,-207256143847393,5811,65258,-28665.6,32883.1,10.5,-0.073,146695297,LOCKED
13099,2506.755,-207256143844752,35784,95231,-28659.7,32947.5,10.5,-0.061,146783310,LOCKED
13100,2507.757,-207256143858448,47076,106523,-28557.6,33527.8,10.6,-0.051,146752719,LOCKED
13101,2508.755,-207256143954542,-20525,38922,-28520.2,33160.0,10.8,-0.028,146859003,LOCKED
13102,2509.755,-207256143923027,36738,96185,-28445.1,33523.0,10.7,-0.035,146866317,LOCKED
13103,2510.755,-207256144018246,-29446,30001,-28425.0,33300.4,10.6,-0.058,146973309,LOCKED
13104,2511.756,-207256144002530,14686,74133,-28449.1,33136.3,10.7,-0.054,147077910,LOCKED
13105,2512.755,-207256144002702,39735,99182,-28356.6,33526.2,10.5,-0.067,147053712,LOCKED
13106,2513.755,-207256144098756,-28010,31437,-28307.5,32874.1,10.3,-0.083,147156818,LOCKED
13107,2514.756,-207256144110517,-9706,49741,-28377.8,32641.4,10.3,-0.098,147246449,LOCKED
13108,2515.755,-207256144179917,-47437,12010,-28460.5,33270.9,10.3,-0.088,147352491,LOCKED
13109,2516.755,-207256144199229,-36316,23131,-28497.0,33568.4,10.3,-0.080,147329382,LOCKED
13110,2517.756,-207256144174555,14170,73533,-28388.6,32995.1,10.4,-0.063,147441731,LOCKED
13111,2518.755,-207256144177059,37664,97027,-28333.8,33377.8,10.5,-0.048,147415285,LOCKED
13112,2519.755,-207256144210419,31593,90956,-28335.1,33365.0,10.6,-0.036,147581957,LOCKED
13113,2520.755,-207256144322548,-47972,11391,-28463.1,33824.7,10.2,-0.033,147562036,LOCKED
13114,2521.756,-207256144294719,7759,67122,-28448.4,33841.0,10.2,-0.023,147674754,LOCKED
13115,2522.756,-207256144279215,46861,106224,-28288.0,33896.8,10.5,-0.008,147783357,LOCKED
13116,2523.756,-207256144391707,-34515,24848,-28369.5,34180.7,10.5,-0.001,147754846,LOCKED
13117,2524.756,-207256144370875,12770,72133,-28296.6,33999.8,10.3,0.010,147863353,LOCKED
13118,2525.756,-207256144378995,29028,88391,-28152.3,33453.9,10.2,0.014,147946191,LOCKED
13119,2526.756,-207256144479507,-40249,19114,-28236.8,33880.2,10.4,0.023,147938448,LOCKED
13120,2527.757,-207256144484839,-17428,41935,-28203.6,33602.0,10.4,0.026,148018651,LOCKED
13121,2528.756,-207256144468002,26899,86262,-28213.4,33511.1,10.5,0.033,148125361,LOCKED
13122,2529.756,-207256144564308,-39052,20311,-28253.6,33857.5,10.2,0.037,148121753,LOCKED
13123,2530.756,-207256144565209,-9189,50174,-28361.7,33122.6,10.2,0.038,148208618,LOCKED
13124,2531.756,-207256144556796,26978,86341,-28376.8,32972.3,10.0,0.034,148302869,LOCKED
13125,2532.759,-207256144568587,40694,100057,-28303.5,33431.8,10.0,0.035,148268092,LOCKED
13126,2533.756,-207256144670403,-31692,27671,-28306.1,33457.1,9.8,0.033,148370347,LOCKED
13127,2534.757,-207256144664325,613,59976,-28204.9,32545.4,9.5,0.030,148465183,LOCKED
13128,2535.756,-207256144673890,19201,78564,-28234.3,32281.7,9.5,0.030,148545462,LOCKED
13129,2536.756,-207256144675770,42843,102206,-28172.4,32785.9,9.7,0.033,148631209,LOCKED
13130,2537.756,-207256144786908,-38537,20826,-28186.1,32937.7,9.7,0.029,148612846,LOCKED
13131,2538.756,-207256144779842,-3688,55675,-28160.1,32845.8,10.0,0.023,148706542,LOCKED
13132,2539.757,-207256144845143,-38552,20811,-28207.8,33224.8,10.0,0.020,148732977,LOCKED
13133,2540.756,-207256144838686,-3920,55443,-28199.7,33208.6,10.2,0.020,148826108,LOCKED
13134,2541.757,-207256144821244,40169,99532,-28190.3,33320.0,9.9,0.014,148931353,LOCKED
13135,2542.757,-207256144940336,-46080,13283,-28342.3,33450.9,9.9,0.010,148902972,LOCKED
13136,2543.757,-207256144939920,-17161,42202,-28321.6,33300.4,9.9,0.005,148991108,LOCKED
13137,2544.757,-207256144934213,17092,76455,-28361.1,32944.0,10.0,0.007,149089044,LOCKED
13138,2545.757,-207256144961611,16713,76076,-28323.0,33015.0,10.3,0.008,149179127,LOCKED
13139,2546.757,-207256145041879,-34460,24903,-28303.5,32765.9,10.3,0.004,149158351,LOCKED
13140,2547.758,-207256145079671,-39999,19364,-28431.0,32914.3,10.5,0.006,149241003,LOCKED
13141,2548.758,-207256145039786,26259,85622,-28373.6,33095.1,10.5,0.010,149337332,LOCKED
13142,2549.757,-207256145122083,-24850,34513,-28470.6,33008.4,10.6,0.014,149347134,LOCKED
13143,2550.757,-207256145162824,-34394,24969,-28547.3,33312.9,10.5,0.018,149432801,LOCKED
13144,2551.757,-207256145107965,44752,104115,-28412.4,33579.6,10.5,0.023,149536380,LOCKED
13145,2552.758,-207256145221313,-36118,23245,-28552.1,33416.7,10.5,0.018,149512200,LOCKED
13146,2553.758,-207256145204059,9306,68669,-28548.9,33425.3,10.5,0.025,149620071,LOCKED
13147,2554.758,-207256145203591,34751,94114,-28431.1,33468.8,10.3,0.041,149711770,LOCKED
13148,2555.758,-207256145221042,44356,103719,-28437.5,33376.7,10.2,0.048,149673536,LOCKED
13149,2556.758,-207256145315508,-19974,39389,-28487.7,33466.1,10.2,0.056,149776075,LOCKED
13150,2557.759,-207256145317850,4658,64021,-28421.0,33164.3,10.2,0.065,149866712,LOCKED
13151,2558.758,-207256145305788,43695,103058,-28422.7,33140.7,10.2,0.063,149855848,LOCKED
13152,2559.758,-207256145377107,-779,58584,-28343.9,32553.4,10.5,0.026,149984611,LOCKED
13153,2560.758,-207256145371212,32576,91939,-28354.7,32428.7,10.5,0.041,150079466,LOCKED
13154,2561.758,-207256145386941,42589,101952,-28297.2,32913.4,10.7,0.056,150152521,LOCKED
13155,2562.759,-207256145519888,-58577,786,-28370.9,33786.1,10.8,0.070,150106485,LOCKED
13156,2563.758,-207256145522410,-32062,27301,-28350.2,33540.7,10.9,0.083,150194734,LOCKED
13157,2564.759,-207256145516772,3226,62589,-28419.5,33037.0,11.0,0.096,150290356,LOCKED
13158,2565.758,-207256145519857,26842,86205,-28379.7,33232.7,10.9,0.073,150378111,LOCKED
13159,2566.759,-207256145529617,41587,100950,-28258.5,33501.0,10.9,0.089,150344388,LOCKED
13160,2567.760,-207256145623525,-24015,35348,-28220.8,33087.2,10.9,0.102,150449547,LOCKED
13161,2568.759,-207256145616475,11193,70556,-28236.4,33009.9,11.0,0.111,150549270,LOCKED
13162,2569.758,-207256145722166,-63243,0,-28279.4,33701.6,10.9,0.120,150533265,LOCKED
13163,2570.760,-207256145731726,-40701,22542,-28399.5,33942.4,10.5,0.120,150612489,LOCKED
13164,2571.759,-207256145720002,-971,62272,-28378.6,33897.2,10.5,0.127,150710055,LOCKED
13165,2572.758,-207256145716142,27835,91078,-28256.1,33627.3,10.4,0.125,150805970,LOCKED
13166,2573.759,-207256145729317,40855,104098,-28222.9,33952.0,10.3,0.123,150770736,LOCKED
13167,2574.758,-207256145816043,-16318,46925,-28261.1,34016.0,9.9,0.121,150884840,LOCKED
13168,2575.758,-207256145793153,34155,97398,-28284.7,33716.8,9.8,0.118,150993467,LOCKED
13169,2576.760,-207256145825255,29722,92965,-28304.0,33504.3,9.7,0.122,151056172,LOCKED
13170,2577.759,-207256145941607,-54883,8360,-28381.8,34293.6,9.8,0.126,151023659,LOCKED
13171,2578.759,-207256145940713,-25113,38130,-28364.3,34130.9,10.0,0.118,151118392,LOCKED
13172,2579.759,-207256145968611,-24100,39143,-28350.9,34016.3,10.1,0.122,151227117,LOCKED
13173,2580.758,-207256145929972,41792,105035,-28366.6,33791.0,10.0,0.124,151202232,LOCKED
13174,2581.760,-207256146021874,-20443,42800,-28396.5,33901.7,10.0,0.122,151299383,LOCKED
13175,2582.759,-207256146054637,-24757,38486,-28357.8,33469.4,9.9,0.127,151398150,LOCKED
13176,2583.759,-207256146106969,-44398,18845,-28496.9,33675.5,10.0,0.130,151375360,LOCKED
13177,2584.760,-207256146113551,-21367,41876,-28516.2,33770.9,9.8,0.132,151478281,LOCKED
13178,2585.759,-207256146100859,17526,80769,-28431.6,33596.4,9.9,0.135,151581140,LOCKED
13179,2586.759,-207256146104179,41151,104394,-28427.1,33652.5,9.8,0.140,151557892,LOCKED
13180,2587.760,-207256146180317,-5576,57667,-28466.1,33584.5,9.8,0.140,151684805,LOCKED
13181,2588.760,-207256146157653,41684,104927,-28345.3,33856.8,9.6,0.143,151796415,LOCKED
13182,2589.760,-207256146221488,7036,70279,-28398.4,33488.5,9.4,0.147,151821606,LOCKED
13183,2590.759,-207256146231206,24450,87693,-28376.9,33612.0,9.4,0.147,151902623,LOCKED
13184,2591.760,-207256146255006,26319,89562,-28287.6,33635.7,9.3,0.144,151854836,LOCKED
13185,2592.760,-207256146345872,-35361,27882,-28272.8,33452.7,9.3,0.145,151964012,LOCKED
13186,2593.759,-207256146339210,535,63778,-28321.0,33236.2,9.4,0.148,152062401,LOCKED
13187,2594.760,-207256146334298,31422,94665,-28258.0,33503.5,9.4,0.150,152156098,LOCKED
13188,2595.760,-207256146432410,-36753,26490,-28279.3,33707.9,9.1,0.157,152147831,LOCKED
13189,2596.760,-207256146426135,-3769,59474,-28195.8,32981.1,9.0,0.164,152243836,LOCKED
13190,2597.762,-207256146420703,28853,92096,-28194.5,32993.2,8.9,0.161,152339116,LOCKED
13191,2598.760,-207256146537395,-55974,7269,-28281.7,33846.8,8.6,0.152,152310064,LOCKED
13192,2599.760,-207256146505550,4961,68204,-28329.7,33567.5,8.6,0.148,152429641,LOCKED
13193,2600.760,-207256146509267,27638,90881,-28280.5,33776.6,8.2,0.159,152513825,LOCKED
13194,2601.760,-207256146534021,27567,90810,-28149.6,33375.9,8.3,0.163,152467988,LOCKED
13195,2602.760,-207256146633961,-40028,23215,-28289.2,33385.9,8.4,0.159,152566019,LOCKED
13196,2603.761,-207256146631462,-8138,55105,-28329.8,33341.6,8.4,0.155,152662072,LOCKED
13197,2604.760,-207256146624802,24518,87761,-28255.9,33421.5,8.5,0.149,152755700,LOCKED
13198,2605.760,-207256146741550,-60502,2741,-28325.8,34302.5,8.3,0.132,152726862,LOCKED
13199,2606.761,-207256146736056,-23878,39365,-28423.9,34179.4,8.3,0.123,152821082,LOCKED
13200,2607.761,-207256146737002,4849,68092,-28493.4,33647.4,8.0,0.101,152910039,LOCKED
13201,2608.761,-207256146734736,32594,95837,-28399.5,33817.8,8.0,0.088,152890386,LOCKED
13202,2609.761,-207256146789639,6706,69949,-28440.9,33578.5,7.9,0.077,153033761,LOCKED
13203,2610.760,-207256146800360,24320,87563,-28476.3,33195.1,7.8,0.050,153114858,LOCKED
13204,2611.761,-207256146822124,27794,91037,-28363.4,33036.9,8.1,0.070,153071120,LOCKED
13205,2612.760,-207256146915570,-33369,29874,-28500.5,32785.8,8.1,0.072,153180866,LOCKED
13206,2613.761,-207256146891718,17862,81105,-28475.1,32872.2,8.6,0.088,153291516,LOCKED
13207,2614.761,-207256146923848,12417,75660,-28407.8,32726.1,8.7,0.103,153260179,LOCKED
13208,2615.761,-207256147008164,-41968,21275,-28412.7,32790.1,8.7,0.105,153354400,LOCKED
13209,2616.761,-207256147044551,-45839,17404,-28538.1,33193.3,8.8,0.121,153434557,LOCKED
13210,2617.761,-207256146994275,30927,94170,-28488.9,33455.6,8.9,0.139,153548398,LOCKED
13211,2618.761,-207256147087225,-32639,30604,-28478.5,33339.1,8.9,0.150,153543656,LOCKED
13212,2619.761,-207256147049133,31817,95060,-28427.6,33615.8,8.0,0.142,153561736,LOCKED
13213,2620.761,-207256147153090,-41954,21289,-28444.1,33808.1,7.9,0.140,153658591,LOCKED
13214,2621.761,-207256147141249,-3093,60150,-28368.9,33228.9,7.9,0.137,153760356,LOCKED
13215,2622.761,-207256147122803,42728,105971,-28391.3,32879.0,7.9,0.135,153867810,LOCKED
13216,2623.761,-207256147221761,-24963,38280,-28491.1,32767.0,7.9,0.133,153857667,LOCKED
13217,2624.761,-207256147200471,23236,86479,-28452.1,32918.4,8.0,0.139,153969082,LOCKED
13218,2625.761,-207256147299975,-45546,17697,-28487.8,33319.4,8.0,0.145,153957293,LOCKED
13219,2626.762,-207256147284677,-3113,60130,-28416.0,32781.1,8.1,0.151,154059543,LOCKED
13220,2627.762,-207256147271223,36853,100096,-28383.8,33065.6,8.0,0.149,154164272,LOCKED
13221,2628.762,-207256147386755,-47590,15653,-28437.6,33612.4,8.1,0.154,154141589,LOCKED
13222,2629.762,-207256147360632,8545,71788,-28529.2,32602.7,8.2,0.158,154256599,LOCKED
13223,2630.761,-207256147361989,34920,98163,-28548.2,32354.1,8.2,0.162,154343241,LOCKED
13224,2631.761,-207256147382351,40551,103794,-28490.2,32803.9,8.4,0.156,154300071,LOCKED
13225,2632.762,-207256147475820,-23701,39542,-28486.4,32774.1,8.4,0.154,154412853,LOCKED
13226,2633.762,-207256147470357,8179,71422,-28398.2,32290.6,8.3,0.152,154507288,LOCKED
13227,2634.763,-207256147473890,31329,94572,-28366.1,32521.7,8.2,0.150,154478754,LOCKED
13228,2635.761,-207256147571428,-36665,26578,-28363.0,32483.3,8.2,0.147,154583261,LOCKED
13229,2636.762,-207256147560118,1610,64853,-28296.8,32112.2,8.2,0.148,154687445,LOCKED
13230,2637.765,-207256147561672,28155,91398,-28334.1,31635.7,8.2,0.148,154659759,LOCKED
13231,2638.762,-207256147666766,-44691,18552,-28452.1,32066.1,7.7,0.143,154756640,LOCKED
13232,2639.762,-207256147639849,10824,74067,-28477.3,31916.7,8.4,0.138,154873444,LOCKED
13233,2640.761,-207256147640650,34645,97888,-28345.4,31788.4,8.5,0.137,154959752,LOCKED
13234,2641.762,-207256147758949,-51080,12163,-28468.2,32434.4,8.7,0.132,154927484,LOCKED
13235,2642.763,-207256147759503,-20779,42464,-28551.0,32359.0,8.6,0.134,155018678,LOCKED
13236,2643.763,-207256147754187,13995,77238,-28618.9,31613.3,8.6,0.136,155111105,LOCKED
13237,2644.763,-207256147758789,36669,99912,-28614.0,31670.6,8.7,0.132,155088696,LOCKED
13238,2645.763,-207256147856305,-30349,32894,-28656.1,31925.8,8.6,0.135,155191583,LOCKED
13239,2646.762,-207256147841229,11477,74720,-28581.5,31684.2,8.6,0.138,155293808,LOCKED
13240,2647.762,-207256147845163,34239,97482,-28545.8,31967.7,8.7,0.137,155269119,LOCKED
13241,2648.763,-207256147938051,-29397,33846,-28531.5,31810.0,8.7,0.134,155379063,LOCKED
13242,2649.763,-207256147920988,15018,78261,-28498.5,31871.1,8.8,0.132,155505803,LOCKED
13243,2650.763,-207256148001040,-34940,28303,-28518.8,32065.5,9.0,0.129,155495325,LOCKED
13244,2651.763,-207256148011217,-16468,46775,-28497.7,31909.7,8.9,0.125,155572161,LOCKED
13245,2652.763,-207256148012552,11082,74325,-28535.3,31639.1,8.9,0.121,155662901,LOCKED
13246,2653.763,-207256148055562,-3200,60043,-28539.4,31641.9,8.9,0.125,155744559,LOCKED
13247,2654.763,-207256148122432,-39972,23271,-28549.4,31765.6,8.8,0.121,155729349,LOCKED
13248,2655.763,-207256148160002,-44661,18582,-28688.0,32000.8,8.9,0.117,155822482,LOCKED
13249,2656.763,-207256148093945,46940,110183,-28611.6,32626.3,8.7,0.104,155940239,LOCKED
13250,2657.764,-207256148200831,-30366,32877,-28608.6,32595.7,8.6,0.097,155923684,LOCKED
13251,2658.764,-207256148184935,15047,78290,-28678.4,31799.4,8.6,0.090,156027643,LOCKED
13252,2659.764,-207256148266807,-35747,27496,-28736.8,32166.1,8.5,0.082,156038872,LOCKED
13253,2660.763,-207256148251388,6985,70228,-28678.4,31981.0,8.5,0.072,156139567,LOCKED
13254,2661.763,-207256148235713,46922,110165,-28539.5,32312.8,8.5,0.064,156244593,LOCKED
13255,2662.764,-207256148345607,-31021,32222,-28655.5,32234.6,8.5,0.058,156229231,LOCKED
13256,2663.764,-207256148328553,13985,77228,-28644.2,32274.2,8.5,0.056,156335218,LOCKED
13257,2664.763,-207256148321893,45159,108402,-28516.4,32635.2,9.2,0.021,156430776,LOCKED
13258,2665.763,-207256148432632,-32754,30489,-28673.7,32015.6,9.2,0.018,156412211,LOCKED
13259,2666.764,-207256148411739,16650,79893,-28693.5,31870.5,9.3,0.016,156522992,LOCKED
13260,2667.766,-207256148406221,47605,110848,-28612.7,32518.9,9.3,0.029,156617855,LOCKED
13261,2668.764,-207256148529132,-44688,18555,-28636.8,32812.3,9.4,0.042,156583198,LOCKED
13262,2669.764,-207256148495843,15942,79185,-28599.7,32876.0,9.4,0.038,156707555,LOCKED
13263,2670.763,-207256148503210,33956,97199,-28498.0,33036.8,9.3,0.050,156677393,LOCKED
13264,2671.764,-207256148593526,-27172,36071,-28486.6,32926.5,9.2,0.055,156787339,LOCKED
13265,2672.764,-207256148589024,6436,69679,-28527.8,32686.4,9.3,0.062,156877765,LOCKED
13266,2673.764,-207256148578981,41393,104636,-28419.1,33048.0,9.1,0.045,156979843,LOCKED
13267,2674.764,-207256148683323,-32945,30298,-28442.1,33240.9,9.0,0.041,156965549,LOCKED
13268,2675.763,-207256148677999,1964,65207,-28501.6,32883.1,9.0,0.039,157060711,LOCKED
13269,2676.765,-207256148668129,39252,102495,-28513.7,32716.7,8.9,0.037,157159554,LOCKED
13270,2677.767,-207256148787647,-49414,13829,-28546.4,33134.9,8.8,0.035,157129129,LOCKED
13271,2678.764,-207256148788741,-19426,43817,-28638.7,32932.0,8.8,0.041,157216084,LOCKED
13272,2679.765,-207256148748431,45286,108529,-28505.8,33244.3,8.7,0.045,157236489,LOCKED
13273,2680.764,-207256148851184,-25704,37539,-28623.2,32955.1,8.8,0.050,157336202,LOCKED
13274,2681.765,-207256148842713,10801,74044,-28612.2,32982.0,8.8,0.054,157431595,LOCKED
13275,2682.765,-207256148838075,39766,103009,-28467.8,32916.9,9.2,0.063,157523496,LOCKED
13276,2683.765,-207256148950591,-40618,22625,-28580.2,33222.7,9.3,0.066,157503134,LOCKED
13277,2684.765,-207256148951543,-12921,50322,-28562.1,33118.6,9.2,0.071,157593025,LOCKED
13278,2685.765,-207256148947012,20411,83654,-28607.8,32628.6,9.1,0.071,157689323,LOCKED
13279,2686.765,-207256148976404,18521,81764,-28584.3,32718.0,9.0,0.071,157655263,LOCKED
13280,2687.765,-207256149056306,-31905,31338,-28575.0,32614.1,9.1,0.073,157760511,LOCKED
13281,2688.765,-207256149096850,-39412,23831,-28728.8,32393.6,9.0,0.075,157841699,LOCKED
13282,2689.765,-207256149132479,-43361,17141,-28801.6,32923.4,9.1,0.073,157835484,LOCKED
13283,2690.765,-207256149170645,-50225,10277,-28840.9,33409.3,8.9,0.075,157914320,LOCKED
13284,2691.766,-207256149167077,-17872,42630,-28808.3,33129.4,8.8,0.071,158019822,LOCKED
13285,2692.765,-207256149137703,38565,99067,-28786.8,33350.1,8.8,0.071,158125336,LOCKED
13286,2693.765,-207256149242241,-35018,25484,-28835.0,33672.0,9.0,0.068,158112090,LOCKED
13287,2694.765,-207256149228993,5537,66039,-28769.1,33397.7,9.6,0.063,158215651,LOCKED
13288,2695.764,-207256149217524,43941,104443,-28752.2,33605.8,9.6,0.064,158316543,LOCKED
13289,2696.766,-207256149332451,-39653,20849,-28813.0,34027.8,9.6,0.064,158295840,LOCKED
13290,2697.766,-207256149314364,5737,66239,-28748.3,33772.6,9.8,0.063,158399405,LOCKED
13291,2698.767,-207256149307680,39919,100421,-28753.3,33707.2,9.8,0.063,158495499,LOCKED
13292,2699.765,-207256149401761,-24133,36369,-28775.8,33831.4,9.5,0.052,158492634,LOCKED
13293,2700.765,-207256149394384,9931,70433,-28689.7,33437.1,9.4,0.046,158591313,LOCKED
13294,2701.766,-207256149377892,53107,113609,-28679.5,33596.8,9.4,0.041,158693127,LOCKED
13295,2702.766,-207256149482584,-20730,39772,-28752.0,33598.3,9.5,0.041,158680558,LOCKED
13296,2703.765,-207256149485530,4369,64871,-28724.5,33568.5,9.6,0.041,158766821,LOCKED
13297,2704.766,-207256149484255,30922,91424,-28606.6,33467.8,9.5,0.034,158854452,LOCKED
13298,2705.766,-207256149489583,51640,112142,-28566.7,33968.4,9.5,0.034,158942332,LOCKED
13299,2706.765,-207256149605117,-33516,26986,-28600.0,34214.9,9.5,0.034,158913839,LOCKED
13300,2707.766,-207256149603274,-4174,56328,-28538.8,33806.4,9.5,0.045,159005749,LOCKED
13301,2708.766,-207256149593798,32398,92900,-28521.9,33951.3,9.5,0.046,159103389,LOCKED
13302,2709.766,-207256149680652,-24995,35507,-28526.4,33984.5,9.5,0.061,159105540,LOCKED
13303,2710.766,-207256149676624,8016,68518,-28562.2,33781.8,9.4,0.078,159196625,LOCKED
13304,2711.766,-207256149681177,30334,90836,-28529.6,33994.7,9.4,0.082,159285139,LOCKED
13305,2712.766,-207256149697760,39008,99510,-28433.7,34338.7,9.4,0.075,159243713,LOCKED
13306,2713.768,-207256149800034,-32688,27814,-28484.6,34620.9,9.4,0.071,159340648,LOCKED
13307,2714.766,-207256149781376,14704,75206,-28521.4,34338.3,9.7,0.052,159452167,LOCKED
13308,2715.766,-207256149783299,40172,100674,-28532.8,34186.0,9.6,0.037,159539323,LOCKED
13309,2716.766,-207256149890223,-37270,23232,-28517.4,33987.2,9.5,0.022,159521497,LOCKED
13310,2717.766,-207256149887369,-4501,56001,-28578.6,33741.0,9.5,0.020,159613439,LOCKED
13311,2718.767,-207256149890155,19513,80015,-28523.7,33807.0,9.5,0.020,159704310,LOCKED
13312,2719.767,-207256149952035,-11608,48894,-28614.2,33404.2,9.7,0.006,159724182,LOCKED
13313,2720.767,-207256149952590,15354,75856,-28585.9,33469.0,9.7,0.005,159813628,LOCKED
13314,2721.767,-207256149958901,33660,94162,-28446.8,33205.7,9.7,0.005,159898961,LOCKED
13315,2722.766,-207256149985283,34449,94951,-28441.5,33261.3,9.7,0.004,159873504,LOCKED
13316,2723.767,-207256150061969,-13336,47166,-28441.8,33262.8,9.7,-0.009,159975218,LOCKED
13317,2724.767,-207256150095557,-18903,41599,-28389.6,32700.4,9.2,-0.005,160070245,LOCKED
13318,2725.767,-207256150154453,-45164,15338,-28523.1,33003.8,9.2,-0.005,160059928,LOCKED
13319,2726.767,-207256150135599,1579,62081,-28494.6,32944.1,9.2,-0.005,160170643,LOCKED
13320,2727.768,-207256150111129,49338,109840,-28320.8,32932.0,9.0,-0.006,160282317,LOCKED
13321,2728.767,-207256150218663,-26613,33889,-28436.9,32690.5,8.9,-0.006,160266585,LOCKED
13322,2729.767,-207256150174971,41942,102444,-28331.1,33088.4,8.9,-0.006,160285973,LOCKED
13323,2730.766,-207256150266160,-20962,39540,-28293.9,32713.2,8.9,0.001,160394057,LOCKED
13324,2731.768,-207256150256031,16915,77417,-28295.2,32705.9,8.8,0.002,160495935,LOCKED
13325,2732.768,-207256150359403,-54864,5638,-28365.9,33485.8,8.8,0.008,160481340,LOCKED
13326,2733.767,-207256150343927,-12037,48465,-28295.9,32774.5,8.6,0.007,160582655,LOCKED
13327,2734.767,-207256150340871,18755,79257,-28299.7,32750.7,8.6,0.007,160681679,LOCKED
13328,2735.768,-207256150443737,-52580,7922,-28370.9,33480.7,8.8,0.002,160664555,LOCKED
13329,2736.768,-207256150435081,-16180,44322,-28313.1,32882.3,8.8,0.002,160765050,LOCKED
13330,2737.768,-207256150419197,27502,88004,-28333.7,32662.4,8.8,0.002,160868899,LOCKED
13331,2738.767,-207256150519523,-41139,19363,-28429.9,33084.2,8.6,0.005,160858356,LOCKED
13332,2739.768,-207256150481599,21822,82324,-28299.4,32439.8,8.5,0.007,160985174,LOCKED
13333,2740.768,-207256150482549,46555,107057,-28248.3,32965.3,8.4,0.014,160963289,LOCKED
13334,2741.768,-207256150579712,-21564,38938,-28251.5,32986.3,8.3,0.017,161067011,LOCKED
13335,2742.767,-207256150557256,25474,85976,-28113.5,32369.8,7.7,0.027,161177209,LOCKED
13336,2743.768,-207256150564784,43949,104451,-28083.0,32717.3,7.7,0.028,161149467,LOCKED
13337,2744.768,-207256150651098,-13363,47139,-28105.9,32767.5,7.4,0.033,161261840,LOCKED
13338,2745.768,-207256150652789,11121,71623,-28029.5,32504.5,7.6,0.032,161350728,LOCKED
13339,2746.768,-207256150756317,-61317,0,-28077.8,33239.3,7.7,0.031,161334841,LOCKED
13340,2747.769,-207256150740275,-15482,45835,-28136.3,33216.9,7.4,0.037,161440356,LOCKED
13341,2748.768,-207256150727200,25126,86443,-28148.5,33106.0,7.4,0.038,161543092,LOCKED
13342,2749.769,-207256150796203,-13342,47975,-28243.7,32686.6,7.3,0.035,161561768,LOCKED
13343,2750.768,-207256150795793,16121,77438,-28310.4,31923.6,7.3,0.037,161651882,LOCKED
13344,2751.768,-207256150811310,27884,89201,-28306.1,31960.7,7.3,0.038,161618231,LOCKED
13345,2752.769,-207256150902020,-33323,27994,-28309.5,31996.1,7.3,0.040,161727622,LOCKED
13346,2753.769,-207256150881970,15519,76836,-28359.1,31508.9,7.3,0.035,161836493,LOCKED
13347,2754.770,-207256150988690,-58600,2717,-28470.0,32492.0,6.8,0.023,161821626,LOCKED
13348,2755.768,-207256150987806,-28438,32879,-28462.3,32415.4,6.8,0.025,161910466,LOCKED
13349,2756.769,-207256150998336,-8078,53239,-28568.3,31645.0,6.9,0.027,161989056,LOCKED
13350,2757.772,-207256151027372,-7669,53648,-28598.6,31635.1,7.0,0.019,162088657,LOCKED
13351,2758.768,-207256151087398,-37377,23940,-28620.8,31863.6,7.0,0.021,162087982,LOCKED
13352,2759.769,-207256151131560,-48132,13185,-28776.0,32061.7,6.9,0.013,162121606,LOCKED
13353,2760.768,-207256151138081,-23903,37414,-28833.2,32203.7,7.1,0.012,162202263,LOCKED
13354,2761.769,-207256151135396,5949,67266,-28761.2,31858.8,7.1,0.023,162300391,LOCKED
13355,2762.769,-207256151189202,-16582,44735,-28857.2,31515.3,7.1,0.035,162400667,LOCKED
13356,2763.769,-207256151215325,-12431,48886,-28906.1,31490.3,7.0,0.024,162397378,LOCKED
13357,2764.769,-207256151197461,31667,92984,-28827.5,31732.2,7.0,0.024,162503727,LOCKED
13358,2765.769,-207256151206018,47269,108586,-28676.7,31945.0,7.1,0.043,162475673,LOCKED
13359,2766.769,-207256151307474,-22393,38924,-28792.7,31534.5,7.1,0.043,162574670,LOCKED
13360,2767.769,-207256151280250,32003,93320,-28766.3,31749.1,7.1,0.045,162689944,LOCKED
13361,2768.769,-207256151286930,49864,111181,-28641.7,32334.8,7.1,0.061,162774680,LOCKED
13362,2769.770,-207256151368637,-1870,59447,-28704.0,32010.0,7.1,0.045,162782250,LOCKED
13363,2770.769,-207256151363929,29604,90921,-28658.1,32258.2,7.1,0.042,162877395,LOCKED
13364,2771.770,-207256151375847,42613,103930,-28545.6,32642.4,7.2,0.058,162843760,LOCKED
13365,2772.769,-207256151465381,-18397,42920,-28513.9,32360.3,7.2,0.067,162959134,LOCKED
13366,2773.769,-207256151455135,20217,81534,-28540.4,32119.5,7.3,0.075,163054365,LOCKED
13367,2774.769,-207256151458836,41790,103107,-28449.5,32588.2,7.1,0.073,163145681,LOCKED
13368,2775.770,-207256151572580,-41969,19348,-28455.0,32660.3,7.1,0.079,163117052,LOCKED
13369,2776.770,-207256151574876,-13500,47817,-28546.1,32292.1,7.1,0.075,163207621,LOCKED
13370,2777.770,-207256151549208,38407,99724,-28496.7,32681.2,7.2,0.080,163319262,LOCKED
13371,2778.770,-207256151650916,-33080,28237,-28526.3,32915.4,7.2,0.084,163309728,LOCKED
13372,2779.769,-207256151627415,18290,79607,-28524.5,32925.8,7.0,0.089,163423208,LOCKED
13373,2780.770,-207256151635836,35558,96875,-28444.3,33249.3,7.3,0.100,163390903,LOCKED
13374,2781.770,-207256151733332,-32458,28859,-28441.1,33215.6,7.6,0.110,163488633,LOCKED
13375,2782.770,-207256151737229,-8651,52666,-28390.4,32842.6,7.9,0.118,163575648,LOCKED
13376,2783.770,-207256151728963,26465,87782,-28358.8,33018.8,7.7,0.119,163675247,LOCKED
13377,2784.770,-207256151840083,-52192,9125,-28473.6,33722.6,7.9,0.127,163652007,LOCKED
13378,2785.771,-207256151837615,-18319,42998,-28587.3,33219.2,7.9,0.128,163745354,LOCKED
13379,2786.770,-207256151821775,24509,85826,-28549.5,33383.1,8.1,0.133,163855334,LOCKED
13380,2787.770,-207256151834311,36197,97514,-28397.1,33032.2,8.8,0.143,163819018,LOCKED
13381,2788.770,-207256151923423,-22138,39179,-28477.2,33013.7,9.0,0.148,163930150,LOCKED
13382,2789.770,-207256151886549,38865,100182,-28328.2,32840.1,9.0,0.148,163945821,LOCKED
13383,2790.770,-207256151990295,-33773,27544,-28408.6,33118.0,9.1,0.154,164042352,LOCKED
13384,2791.770,-207256151993795,-9100,52217,-28381.8,32975.3,9.1,0.154,164129558,LOCKED
13385,2792.770,-207256151980967,31663,92980,-28412.6,32575.3,9.2,0.159,164229415,LOCKED
13386,2793.770,-207256152002527,36265,97582,-28362.4,32929.1,9.3,0.162,164205994,LOCKED
13387,2794.771,-207256152082188,-14874,46443,-28345.5,32822.3,9.5,0.164,164305228,LOCKED
13388,2795.770,-207256152122558,-23522,37795,-28472.3,32304.5,9.2,0.160,164394361,LOCKED
13389,2796.771,-207256152174270,-43191,18126,-28575.9,32761.4,9.4,0.161,164376678,LOCKED
13390,2797.772,-207256152187238,-26653,34664,-28577.3,32772.5,9.4,0.160,164468672,LOCKED
13391,2798.771,-207256152171318,18184,79501,-28624.3,32292.4,9.5,0.161,164577783,LOCKED
13392,2799.772,-207256152245587,-26311,35006,-28637.0,32386.1,9.5,0.159,164596617,LOCKED
13393,2800.771,-207256152248531,-2149,59168,-28558.1,31748.3,9.4,0.163,164681860,LOCKED
13394,2801.770,-207256152252471,21616,82933,-28552.2,31787.2,9.4,0.161,164765119,LOCKED
13395,2802.771,-207256152262281,36659,97976,-28431.3,31875.1,9.4,0.165,164734340,LOCKED
13396,2803.771,-207256152363578,-35743,25574,-28394.6,31309.4,9.1,0.158,164831729,LOCKED
13397,2804.771,-207256152355544,593,61910,-28391.0,31308.9,9.3,0.157,164932021,LOCKED
13398,2805.772,-207256152353063,28476,89793,-28291.5,31312.2,9.0,0.148,165024395,LOCKED
13399,2806.771,-207256152454011,-39842,21475,-28438.4,31210.0,8.8,0.138,165008359,LOCKED
13400,2807.772,-207256152448497,-5374,55943,-28454.8,31213.9,8.9,0.134,165108580,LOCKED
13401,2808.771,-207256152435425,32565,93882,-28332.7,31120.7,8.9,0.131,165209748,LOCKED
13402,2809.771,-207256152526346,-28076,33241,-28381.6,31353.3,8.9,0.127,165206842,LOCKED
13403,2810.771,-207256152535699,-9391,51926,-28349.1,31148.7,9.0,0.124,165291235,LOCKED
13404,2811.772,-207256152523643,27584,88901,-28226.3,30840.1,8.9,0.119,165388250,LOCKED
13405,2812.772,-207256152635146,-51533,9784,-28345.0,31548.0,8.9,0.113,165364611,LOCKED
13406,2813.772,-207256152636452,-23878,37439,-28335.5,31463.8,8.7,0.092,165451936,LOCKED
13407,2814.771,-207256152635844,6333,67650,-28408.4,30795.8,8.6,0.084,165543559,LOCKED
13408,2815.772,-207256152624731,43597,104914,-28370.1,31220.7,8.7,0.070,165640518,LOCKED
13409,2816.772,-207256152646055,47478,108795,-28293.6,31875.2,8.2,0.052,165714214,LOCKED
13410,2817.774,-207256152752969,-29012,32305,-28350.0,32114.8,8.3,0.044,165693140,LOCKED
13411,2818.773,-207256152727293,24590,85907,-28370.1,31913.9,8.2,0.040,165807564,LOCKED
13412,2819.772,-207256152838790,-52946,8371,-28556.8,31896.4,8.1,0.033,165788985,LOCKED
13413,2820.771,-207256152846915,-29164,32153,-28673.0,31744.3,8.1,0.041,165869771,LOCKED
13414,2821.772,-207256152831989,13808,75125,-28665.1,31774.3,8.4,0.064,165975936,LOCKED
13415,2822.772,-207256152827120,45418,106735,-28646.3,32023.6,8.7,0.086,166071106,LOCKED
13416,2823.772,-207256152938422,-33719,27598,-28763.1,32039.0,8.8,0.089,166047997,LOCKED
13417,2824.772,-207256152927348,5380,66697,-28735.7,32017.2,8.5,0.097,166149217,LOCKED
13418,2825.773,-207256152980516,-18857,42460,-28713.9,31836.9,8.4,0.100,166245113,LOCKED
13419,2826.772,-207256153017510,-24041,37276,-28826.1,31541.1,8.1,0.105,166238976,LOCKED
13420,2827.774,-207256153010796,10335,71652,-28786.1,31526.8,8.1,0.107,166335489,LOCKED
13421,2828.772,-207256152995529,49657,110974,-28636.2,31870.8,8.0,0.109,166439250,LOCKED
13422,2829.773,-207256153079609,-4977,56340,-28667.7,31829.1,7.6,0.111,166445421,LOCKED
13423,2830.773,-207256153058771,40989,102306,-28562.0,32205.6,7.7,0.103,166555884,LOCKED
13424,2831.772,-207256153075902,47719,109036,-28410.3,32426.7,7.7,0.104,166517981,LOCKED
13425,2832.773,-207256153165597,-12084,49233,-28463.0,32376.4,7.8,0.112,166625445,LOCKED
13426,2833.773,-207256153142497,36276,97593,-28366.0,32646.6,7.9,0.105,166739288,LOCKED
13427,2834.773,-207256153261067,-51966,9351,-28375.9,32802.3,7.7,0.112,166712790,LOCKED
13428,2835.772,-207256153250573,-10989,50328,-28461.2,32435.7,7.8,0.118,166813292,LOCKED
13429,2836.774,-207256153240691,26059,87376,-28440.9,32568.7,7.5,0.110,166911075,LOCKED
13430,2837.774,-207256153248813,42044,103361,-28297.9,32626.7,7.4,0.110,166884036,LOCKED
13431,2838.773,-207256153357728,-35077,26240,-28411.3,32726.1,7.4,0.109,166973233,LOCKED
13432,2839.773,-207256153311812,36066,97383,-28314.8,32990.1,7.5,0.113,167111835,LOCKED
13433,2840.773,-207256153427731,-49569,11748,-28329.0,33195.6,7.6,0.118,167086965,LOCKED
13434,2841.774,-207256153430301,-21376,39941,-28413.1,33126.2,7.6,0.118,167169157,LOCKED
13435,2842.773,-207256153415604,20477,81794,-28385.4,33236.6,7.7,0.123,167273724,LOCKED
13436,2843.773,-207256153426284,34620,95937,-28268.0,33278.3,7.6,0.121,167243026,LOCKED
13437,2844.775,-207256153527268,-34053,27264,-28410.0,32986.6,7.6,0.122,167340162,LOCKED
13438,2845.774,-207256153513602,8188,69505,-28431.8,32886.6,7.7,0.124,167442510,LOCKED
13439,2846.774,-207256153514717,32445,93762,-28335.4,33039.0,7.8,0.128,167421512,LOCKED
13440,2847.775,-207256153608839,-32543,28774,-28320.4,32863.5,7.7,0.135,167530531,LOCKED
13441,2848.775,-207256153599941,4973,66290,-28343.3,32779.1,7.8,0.135,167626203,LOCKED
13442,2849.774,-207256153687632,-52376,8941,-28354.3,32952.2,7.9,0.130,167628298,LOCKED
13443,2850.773,-207256153692529,-26107,35210,-28449.1,32924.4,7.9,0.133,167714275,LOCKED
13444,2851.774,-207256153710252,-14185,47132,-28484.3,32971.1,7.8,0.130,167784444,LOCKED
13445,2852.774,-207256153705418,16738,78055,-28394.4,32715.0,7.8,0.133,167879365,LOCKED
13446,2853.774,-207256153708551,37790,99107,-28250.3,32562.5,8.3,0.134,167966287,LOCKED
13447,2854.774,-207256153832861,-54394,6923,-28350.3,33387.8,8.4,0.136,167929801,LOCKED
13448,2855.774,-207256153834429,-25257,36060,-28423.9,33486.3,8.4,0.133,168014890,LOCKED
13449,2856.774,-207256153862554,-21932,39385,-28536.2,33128.6,8.5,0.137,168103351,LOCKED
13450,2857.775,-207256153913668,-40607,20710,-28660.5,33332.1,8.5,0.135,168101855,LOCKED
13451,2858.775,-207256153921602,-18947,42370,-28674.8,33399.2,8.5,0.140,168200305,LOCKED
13452,2859.775,-207256153989232,-52979,8338,-28828.6,33837.9,8.5,0.138,168324364,LOCKED
13453,2860.775,-207256153997599,-29964,31353,-28904.2,34034.8,8.6,0.136,168304854,LOCKED
13454,2861.776,-207256154038542,-39599,21718,-28956.4,34431.1,8.6,0.134,168399985,LOCKED
13455,2862.775,-207256153986708,37572,98889,-28841.1,34595.3,8.6,0.131,168492950,LOCKED
13456,2863.775,-207256154085053,-28491,32826,-28962.8,34364.6,8.6,0.128,168483166,LOCKED
13457,2864.776,-207256154072735,12217,73534,-28955.0,34388.4,8.5,0.135,168585741,LOCKED
13458,2865.775,-207256154066505,43535,104852,-28837.4,34746.1,8.5,0.135,168685603,LOCKED
13459,2866.775,-207256154158477,-16813,41787,-28946.4,34271.5,8.8,0.128,168681119,LOCKED
13460,2867.775,-207256154149327,20389,78989,-28936.4,34325.4,8.8,0.123,168779504,LOCKED
13461,2868.775,-207256154133479,60034,118634,-28783.7,35088.6,8.8,0.107,168889959,LOCKED
13462,2869.775,-207256154216418,6532,65132,-28826.7,34845.2,9.1,0.078,168893483,LOCKED
13463,2870.774,-207256154214985,34850,93450,-28789.4,35117.1,8.8,0.053,168985083,LOCKED
13464,2871.775,-207256154322105,-41574,17026,-28813.8,35369.7,8.8,0.041,168965361,LOCKED
13465,2872.775,-207256154321410,-9460,49140,-28926.2,34606.8,8.7,0.028,169053340,LOCKED
13466,2873.776,-207256154311364,28632,87232,-28930.6,34566.8,8.7,0.031,169154756,LOCKED
13467,2874.775,-207256154306274,58670,117270,-28832.6,35471.1,8.6,0.016,169250436,LOCKED
13468,2875.776,-207256154424828,-30336,28264,-28817.2,35312.7,8.8,0.005,169222341,LOCKED
13469,2876.777,-207256154421339,235,58835,-28732.2,34700.2,8.8,0.005,169316120,LOCKED
13470,2877.776,-207256154402699,45398,103998,-28699.3,35058.0,8.6,0.008,169420090,LOCKED
13471,2878.775,-207256154511801,-33647,24953,-28710.0,35156.0,8.6,0.008,169403172,LOCKED
13472,2879.775,-207256154461313,44406,103006,-28727.7,34892.6,8.8,-0.002,169542841,LOCKED
13473,2880.775,-207256154485496,46972,105572,-28708.7,35129.9,8.9,0.007,169607918,LOCKED
13474,2881.775,-207256154589597,-26794,31806,-28744.0,35306.2,8.9,0.015,169595102,LOCKED
13475,2882.775,-207256154574563,14553,73153,-28648.7,34946.2,8.9,0.022,169699362,LOCKED
13476,2883.776,-207256154558701,56542,115142,-28618.9,35373.9,8.8,0.029,169802550,LOCKED
13477,2884.776,-207256154685187,-38617,19983,-28687.7,35760.3,9.0,0.035,169762141,LOCKED
13478,2885.776,-207256154683929,-7223,51377,-28746.9,35592.0,9.1,0.028,169852548,LOCKED
13479,2886.775,-207256154675903,28857,87457,-28761.0,35455.3,9.2,0.034,169952086,LOCKED
13480,2887.776,-207256154687249,43361,101961,-28690.1,35938.7,9.2,0.033,169927517,LOCKED
13481,2888.775,-207256154759797,-1877,56723,-28619.1,35476.2,9.3,0.038,170048440,LOCKED
13482,2889.776,-207256154767670,17982,76582,-28605.5,35533.0,9.4,0.043,170043362,LOCKED
13483,2890.776,-207256154825793,-12090,46510,-28558.0,35171.2,9.4,0.045,170159899,LOCKED
13484,2891.776,-207256154836189,3914,62514,-28458.4,34434.5,9.4,0.045,170240635,LOCKED
13485,2892.776,-207256154828305,37790,96390,-28400.1,34809.3,9.4,0.050,170334569,LOCKED
13486,2893.775,-207256154940265,-44393,14207,-28393.8,34721.1,9.3,0.051,170313492,LOCKED
13487,2894.777,-207256154934768,-8472,50128,-28479.5,34303.6,9.3,0.057,170408846,LOCKED
13488,2895.777,-207256154996702,-39048,19552,-28556.0,34705.5,9.6,0.065,170505475,LOCKED
13489,2896.777,-207256154929417,52028,110628,-28408.4,35147.1,9.4,0.062,170481469,LOCKED
13490,2897.776,-207256155016759,-8341,50259,-28323.9,34317.0,9.5,0.064,170599044,LOCKED
13491,2898.776,-207256154996059,38718,97318,-28291.8,34606.5,9.5,0.063,170707532,LOCKED
13492,2899.777,-207256155072988,-11066,47534,-28217.0,33861.4,9.5,0.069,170717391,LOCKED
13493,2900.777,-207256155071303,18632,77232,-28238.0,33700.4,9.3,0.073,170808848,LOCKED
13494,2901.777,-207256155172467,-50550,8050,-28337.8,34381.4,9.4,0.074,170798346,LOCKED
13495,2902.777,-207256155143967,4733,63333,-28269.3,34069.0,9.5,0.077,170914649,LOCKED
13496,2903.777,-207256155127297,44624,103224,-28095.4,33802.2,9.5,0.077,171020076,LOCKED
13497,2904.777,-207256155245621,-42206,16394,-28192.2,34239.4,9.5,0.078,170992501,LOCKED
13498,2905.776,-207256155241323,-9967,48633,-28163.2,34077.0,9.4,0.085,171085227,LOCKED
13499,2906.777,-207256155241026,15457,74057,-28039.7,33314.3,9.3,0.093,171174324,LOCKED
13500,2907.779,-207256155251400,31192,89792,-27996.7,33570.2,9.1,0.100,171252643,LOCKED
13501,2908.778,-207256155271944,35103,93703,-27881.1,33647.2,9.2,0.095,171213571,LOCKED
13502,2909.777,-207256155334653,1110,59710,-27924.0,33468.0,9.1,0.090,171348519,LOCKED
13503,2910.776,-207256155343732,18800,77400,-27898.5,33560.2,9.1,0.091,171431702,LOCKED
13504,2911.778,-207256155361693,26660,85260,-27840.8,33744.1,9.1,0.093,171391268,LOCKED
13505,2912.778,-207256155451403,-34264,24336,-27830.1,33620.3,9.2,0.095,171499134,LOCKED
13506,2913.777,-207256155442331,246,58846,-27712.9,32380.6,8.9,0.077,171596520,LOCKED
13507,2914.777,-207256155441660,27613,86213,-27708.9,32414.8,8.8,0.069,171687546,LOCKED
13508,2915.778,-207256155560396,-59291,0,-27812.8,33399.8,8.8,0.057,171660934,LOCKED
13509,2916.778,-207256155557064,-26236,33055,-27863.1,33587.7,8.6,0.046,171750478,LOCKED
13510,2917.778,-207256155549660,9336,68627,-27893.6,33414.5,8.5,0.030,171844362,LOCKED
13511,2918.779,-207256155556131,29036,88327,-27857.3,33627.4,9.0,0.021,171816324,LOCKED
13512,2919.778,-207256155611657,2867,62158,-27935.8,33001.3,8.8,0.015,171961453,LOCKED
13513,2920.777,-207256155620164,21888,81179,-27952.3,32861.4,8.8,0.021,171931683,LOCKED
13514,2921.777,-207256155728533,-53200,6091,-28125.7,33069.5,9.1,0.042,172021053,LOCKED
13515,2922.778,-207256155720837,-17222,42069,-28104.6,32913.9,9.2,0.030,172119253,LOCKED
13516,2923.778,-207256155717183,14912,74203,-28148.0,32534.4,9.2,0.033,172211749,LOCKED
13517,2924.778,-207256155735979,22732,82023,-28110.5,32680.0,9.2,0.036,172184224,LOCKED
13518,2925.778,-207256155816297,-28682,30609,-28101.7,32591.8,9.0,0.005,172290217,LOCKED
13519,2926.778,-207256155853653,-34507,24784,-28212.8,32692.9,9.0,0.026,172369101,LOCKED
13520,2927.778,-207256155905172,-54229,5062,-28298.7,33504.4,9.0,0.020,172478419,LOCKED
13521,2928.778,-207256155897720,-18872,40419,-28247.9,32968.2,9.3,0.002,172477743,LOCKED
13522,2929.778,-207256155871046,33846,93137,-28195.9,33282.2,9.0,0.001,172481349,LOCKED
13523,2930.778,-207256155974425,-39528,19763,-28219.0,33521.8,9.0,0.008,172591884,LOCKED
13524,2931.778,-207256155936292,26818,86109,-28263.4,32967.6,9.0,0.004,172701660,LOCKED
13525,2932.779,-207256156030264,-35501,23790,-28370.9,33132.9,9.0,-0.000,172698471,LOCKED
13526,2933.779,-207256156010950,11075,70366,-28334.8,33141.9,9.0,-0.003,172807605,LOCKED
13527,2934.779,-207256156012476,33954,93245,-28198.2,32923.4,9.0,0.001,172785110,LOCKED
13528,2935.779,-207256156103760,-25835,33456,-28317.3,32612.7,8.8,-0.002,172893424,LOCKED
13529,2936.778,-207256156116103,-8748,50543,-28357.4,32577.9,8.8,-0.005,172972686,LOCKED
13530,2937.780,-207256156101637,30807,90098,-28248.0,32564.4,8.8,-0.002,173071132,LOCKED
13531,2938.779,-207256156211613,-46077,13214,-28409.4,32566.6,9.0,0.007,173052098,LOCKED
13532,2939.778,-207256156169683,21749,81040,-28322.1,32477.4,8.8,0.002,173181698,LOCKED
13533,2940.778,-207256156177068,38746,98037,-28192.9,32557.1,9.0,0.011,173151425,LOCKED
13534,2941.778,-207256156271153,-24142,35149,-28300.4,32330.2,9.0,0.013,173256290,LOCKED
13535,2942.779,-207256156270117,4766,64057,-28287.3,32334.6,9.2,0.021,173348922,LOCKED
13536,2943.779,-207256156267397,31872,91163,-28148.6,31986.2,9.4,0.027,173441573,LOCKED
13537,2944.779,-207256156389363,-56361,2930,-28329.2,32272.4,9.5,0.026,173408426,LOCKED
13538,2945.779,-207256156379697,-16426,42865,-28397.2,32206.7,9.2,0.023,173506629,LOCKED
13539,2946.779,-207256156361008,28268,87559,-28326.7,32394.1,9.2,0.026,173615351,LOCKED
13540,2947.781,-207256156364690,48447,107738,-28187.9,32790.7,9.1,0.025,173590627,LOCKED
13541,2948.779,-207256156470808,-27241,32050,-28252.7,32972.1,9.3,0.031,173688461,LOCKED
13542,2949.780,-207256156530638,-55293,3998,-28333.9,33794.2,9.3,0.033,173720180,LOCKED
13543,2950.779,-207256156524370,-18607,40684,-28405.4,33754.8,9.5,0.038,173814301,LOCKED
13544,2951.780,-207256156526505,7376,66667,-28403.6,33758.7,9.5,0.036,173903104,LOCKED
13545,2952.780,-207256156527705,31339,90630,-28296.4,33784.9,9.5,0.036,173877937,LOCKED
13546,2953.779,-207256156615389,-24535,34756,-28428.3,33243.1,9.5,0.038,173989351,LOCKED
13547,2954.780,-207256156615504,4239,63530,-28458.1,33123.3,9.6,0.039,174080948,LOCKED
13548,2955.779,-207256156611820,35882,95173,-28493.3,32605.2,9.3,0.047,174172700,LOCKED
13549,2956.779,-207256156722524,-44556,14735,-28506.2,32775.3,9.3,0.043,174151432,LOCKED
13550,2957.780,-207256156719840,-11808,47483,-28563.2,32694.3,9.5,0.047,174246143,LOCKED
13551,2958.780,-207256156715938,18422,77713,-28484.0,32588.1,9.7,0.045,174341100,LOCKED
13552,2959.780,-207256156797817,-32059,27232,-28573.8,32774.3,9.9,0.049,174344345,LOCKED
13553,2960.780,-207256156794738,-667,58624,-28559.9,32753.6,10.0,0.046,174439314,LOCKED
13554,2961.779,-207256156782900,39262,98553,-28602.3,32047.4,10.6,0.049,174542359,LOCKED
13555,2962.780,-207256156904152,-49605,9686,-28705.6,32723.1,10.3,0.036,174514152,LOCKED
13556,2963.781,-207256156896114,-13146,46145,-28669.7,32452.2,10.4,0.030,174608582,LOCKED
13557,2964.780,-207256156930886,-16191,43100,-28793.1,31684.0,10.9,0.022,174696766,LOCKED
13558,2965.780,-207256156993906,-46292,12999,-28918.8,32116.6,11.1,0.022,174696045,LOCKED
13559,2966.780,-207256156967142,8768,68059,-28902.8,32138.7,11.2,0.022,174807925,LOCKED
13560,2967.780,-207256156951619,49093,108384,-28782.9,32718.6,11.6,0.008,174910021,LOCKED
13561,2968.781,-207256157066363,-35490,23801,-28791.6,32810.0,11.1,-0.015,174888704,LOCKED
13562,2969.780,-207256157020674,36538,95829,-28731.9,33181.3,11.1,-0.032,175022592,LOCKED
13563,2970.780,-207256157029073,52562,111853,-28607.6,33849.2,11.4,-0.007,174993946,LOCKED
13564,2971.781,-207256157145196,-33750,25541,-28610.5,33878.9,11.4,-0.006,175077215,LOCKED
13565,2972.780,-207256157127096,13050,72341,-28636.7,33711.9,11.5,0.007,175184306,LOCKED
13566,2973.780,-207256157118814,46444,105735,-28540.8,34278.4,11.5,0.003,175281736,LOCKED
13567,2974.781,-207256157234370,-39256,20035,-28540.0,34269.1,11.3,-0.015,175257371,LOCKED
13568,2975.782,-207256157229060,-3416,55875,-28632.2,33616.3,11.4,-0.007,175352650,LOCKED
13569,2976.781,-207256157234191,19469,78760,-28634.3,33602.6,11.3,-0.015,175437582,LOCKED
13570,2977.782,-207256157236125,42682,101973,-28533.9,34041.3,11.3,-0.022,175414908,LOCKED
13571,2978.781,-207256157327057,-19740,39551,-28499.9,33729.8,11.3,0.003,175523339,LOCKED
13572,2979.782,-207256157303746,29513,88804,-28423.3,33912.5,11.4,0.013,175634620,LOCKED
13573,2980.782,-207256157412468,-48687,10604,-28445.3,34201.0,11.4,0.011,175614919,LOCKED
13574,2981.782,-207256157403811,-9398,49893,-28537.2,33722.4,11.4,0.017,175713415,LOCKED
13575,2982.783,-207256157409122,13267,72558,-28531.7,33742.5,11.2,0.016,175801102,LOCKED
13576,2983.782,-207256157405282,41943,101234,-28419.9,34091.2,11.3,0.023,175893115,LOCKED
13577,2984.782,-207256157506190,-29708,29583,-28411.5,34008.4,11.5,0.037,175882246,LOCKED
13578,2985.783,-207256157492077,12519,71810,-28417.8,33980.6,12.6,0.066,175984174,LOCKED
13579,2986.783,-207256157490763,40360,99651,-28392.1,34242.3,12.8,0.076,176077410,LOCKED
13580,2987.784,-207256157611125,-46614,12677,-28560.1,34176.0,12.7,0.085,176042988,LOCKED
13581,2988.783,-207256157599019,-4953,54338,-28600.7,34092.6,12.6,0.099,176146004,LOCKED
13582,2989.783,-207256157577517,41028,100319,-28466.4,34205.4,12.5,0.105,176145774,LOCKED
13583,2990.783,-207256157676468,-26361,32930,-28574.7,34054.6,12.6,0.111,176246145,LOCKED
13584,2991.784,-207256157670421,6793,66084,-28513.9,33855.7,12.3,0.109,176346076,LOCKED
13585,2992.783,-207256157658161,45653,104944,-28495.8,34081.9,12.2,0.112,176447554,LOCKED
13586,2993.783,-207256157775445,-40717,18574,-28546.9,34491.4,11.9,0.110,176417258,LOCKED
13587,2994.782,-207256157758805,2913,62204,-28475.2,34105.8,11.8,0.109,176523924,LOCKED
13588,2995.784,-207256157790003,913,60204,-28512.3,33974.0,11.6,0.105,176621523,LOCKED
13589,2996.782,-207256157872681,-49543,9748,-28612.1,34619.1,11.3,0.105,176592329,LOCKED
13590,2997.784,-207256157875240,-23075,36216,-28594.0,34463.7,11.4,0.107,176674898,LOCKED
13591,2998.784,-207256157872734,9053,68344,-28659.7,33902.7,11.5,0.111,176770615,LOCKED
13592,2999.783,-207256157943058,-31197,28094,-28677.3,34045.0,11.2,0.109,176787400,LOCKED
13593,3000.783,-207256157972782,-31575,27716,-28657.5,33817.3,11.3,0.112,176880493,LOCKED
13594,3001.784,-207256157922964,44542,103833,-28615.8,34238.4,11.3,0.112,176989582,LOCKED
13595,3002.783,-207256158022494,-24959,34332,-28643.7,34383.7,11.4,0.115,176976237,LOCKED
13596,3003.784,-207256158013212,10785,70076,-28554.3,33980.0,11.5,0.118,177077601,LOCKED
13597,3004.784,-207256158004538,46560,105851,-28560.5,33887.8,11.1,0.110,177065503,LOCKED
13598,3005.784,-207256158082089,-1817,57474,-28587.6,33837.9,11.4,0.110,177189145,LOCKED
13599,3006.784,-207256158068147,36979,96270,-28465.6,33920.9,11.7,0.108,177293170,LOCKED
13600,3007.785,-207256158176721,-42357,16934,-28433.0,33394.2,11.7,0.105,177273750,LOCKED
13601,3008.785,-207256158164677,-1292,57999,-28459.8,33340.6,12.0,0.107,177374674,LOCKED
13602,3009.784,-207256158222354,-26979,32312,-28588.4,32944.6,12.0,0.103,177403926,LOCKED
13603,3010.786,-207256158257665,-30986,28305,-28670.3,33143.7,12.3,0.104,177456637,LOCKED
13604,3011.784,-207256158269031,-13080,46211,-28678.1,33170.5,12.2,0.098,177538524,LOCKED
13605,3012.785,-207256158270071,12404,71695,-28592.8,32846.7,12.5,0.084,177623047,LOCKED
13606,3013.785,-207256158267596,41308,100599,-28555.3,33212.6,13.0,0.074,177718751,LOCKED
13607,3014.785,-207256158387894,-47443,11848,-28623.3,33811.3,12.6,0.056,177684504,LOCKED
13608,3015.784,-207256158376876,-8623,50668,-28568.6,33395.9,12.4,0.044,177785579,LOCKED
13609,3016.785,-207256158367586,28661,87952,-28588.1,33184.4,11.8,0.021,177886076,LOCKED
13610,3017.787,-207256158365488,55831,115122,-28508.3,34010.8,11.8,0.015,177867208,LOCKED
13611,3018.785,-207256158461434,-11632,47659,-28487.6,33898.9,11.8,0.008,177970601,LOCKED
13612,3019.785,-207256158525705,-43372,15919,-28614.2,34184.0,11.9,-0.003,177992263,LOCKED
13613,3020.785,-207256158542800,-29760,29531,-28667.5,34421.9,12.1,-0.017,178068151,LOCKED
13614,3021.785,-207256158532341,7465,66756,-28586.4,34032.2,12.1,-0.014,178170882,LOCKED
13615,3022.785,-207256158523530,43643,102934,-28599.2,33844.6,11.7,-0.032,178156970,LOCKED
13616,3023.785,-207256158621444,-23459,35832,-28668.9,33922.1,11.9,-0.019,178260284,LOCKED
13617,3024.786,-207256158604371,21646,80937,-28673.7,33888.1,11.9,-0.011,178367525,LOCKED
13618,3025.785,-207256158598339,54675,113966,-28682.4,33733.5,12.0,-0.003,178463844,LOCKED
13619,3026.786,-207256158712871,-28934,30357,-28744.3,33950.4,11.9,-0.013,178436534,LOCKED
13620,3027.785,-207256158705407,5587,64878,-28670.7,33597.2,12.0,0.007,178530240,LOCKED
13621,3028.786,-207256158696935,41516,100807,-28680.2,33465.3,11.7,-0.026,178629446,LOCKED
13622,3029.785,-207256158795440,-27323,31968,-28683.1,33489.7,11.5,-0.044,178621082,LOCKED
13623,3030.785,-207256158799625,-4199,55092,-28608.5,32887.7,11.7,-0.027,178705119,LOCKED
13624,3031.785,-207256158788097,34856,94147,-28613.5,32830.4,11.8,-0.009,178807852,LOCKED
13625,3032.786,-207256158804674,43588,102879,-28523.6,33343.5,11.8,-0.017,178774997,LOCKED
13626,3033.786,-207256158887561,-11627,47664,-28462.4,32776.7,11.5,-0.001,178884788,LOCKED
13627,3034.785,-207256158915490,-9115,50176,-28544.5,32397.8,11.0,0.002,178976451,LOCKED
13628,3035.786,-207256158979262,-41232,15129,-28628.7,32865.0,11.0,0.012,178949429,LOCKED
13629,3036.786,-207256159001978,-33514,22847,-28661.6,33118.1,11.0,0.021,179042451,LOCKED
13630,3037.787,-207256158976675,17744,74105,-28558.1,32728.5,10.6,0.013,179159995,LOCKED
13631,3038.786,-207256159070054,-43430,12931,-28665.0,33170.0,10.5,0.012,179155850,LOCKED
13632,3039.786,-207256159005123,45849,102210,-28529.2,33474.7,10.5,0.004,179310775,LOCKED
13633,3040.786,-207256159023118,54207,110568,-28512.5,33732.3,9.9,0.002,179267509,LOCKED
13634,3041.786,-207256159133089,-25189,31172,-28572.0,33884.6,9.8,0.000,179360132,LOCKED
13635,3042.786,-207256159160307,-22719,33642,-28589.0,33978.7,9.3,-0.008,179449585,LOCKED
13636,3043.787,-207256159205851,-38613,17748,-28576.8,33819.7,9.3,-0.016,179444225,LOCKED
13637,3044.786,-207256159217573,-19511,36850,-28654.8,33753.2,9.5,-0.022,179543396,LOCKED
13638,3045.786,-207256159210027,15093,71454,-28601.4,33751.1,9.2,-0.024,179646006,LOCKED
13639,3046.787,-207256159209613,39678,96039,-28449.6,33580.5,9.2,-0.025,179622736,LOCKED
13640,3047.786,-207256159298333,-17908,38453,-28551.8,33219.3,9.3,-0.029,179731272,LOCKED
13641,3048.787,-207256159270857,35746,92107,-28494.7,33569.3,9.3,-0.031,179849565,LOCKED
13642,3049.787,-207256159353760,-19046,37315,-28444.1,33034.5,9.3,-0.032,179857852,LOCKED
13643,3050.788,-207256159345103,17546,73907,-28448.3,33009.3,9.8,-0.039,179953474,LOCKED
13644,3051.787,-207256159439437,-45655,10706,-28504.2,33534.3,9.8,-0.045,179946266,LOCKED
13645,3052.787,-207256159424165,-3553,52808,-28415.9,32730.1,9.9,-0.048,180053731,LOCKED
13646,3053.787,-207256159411671,35974,92335,-28407.9,32817.2,9.9,-0.054,180156296,LOCKED
13647,3054.787,-207256159518237,-39867,16494,-28455.4,33215.5,10.2,-0.063,180140597,LOCKED
13648,3055.787,-207256159521569,-14102,42259,-28463.4,33245.6,10.1,-0.070,180220209,LOCKED
13649,3056.787,-207256159544232,-6276,50085,-28552.6,32701.5,10.2,-0.072,180296564,LOCKED
13650,3057.790,-207256159516578,47413,103774,-28507.8,33196.5,10.6,-0.076,180408209,LOCKED
13651,3058.786,-207256159620086,-26103,30258,-28537.3,33361.4,10.7,-0.079,180394862,LOCKED
13652,3059.787,-207256159591567,30033,86394,-28542.1,33313.8,10.8,-0.080,180511376,LOCKED
13653,3060.786,-207256159604572,43779,100140,-28527.0,33501.4,10.9,-0.082,180479482,LOCKED
13654,3061.787,-207256159710418,-32769,23592,-28510.3,33304.1,11.0,-0.084,180575867,LOCKED
13655,3062.787,-207256159705367,1639,58000,-28554.7,33103.1,11.3,-0.086,180670970,LOCKED
13656,3063.787,-207256159706703,26679,83040,-28492.0,33278.0,11.4,-0.087,180758647,LOCKED
13657,3064.787,-207256159704627,51930,108291,-28317.1,33391.5,11.3,-0.095,180739874,LOCKED
13658,3065.787,-207256159807913,-21666,34695,-28348.5,33516.9,11.3,-0.089,180833693,LOCKED
13659,3066.787,-207256159802412,9873,66234,-28251.3,32968.8,11.3,-0.081,180927883,LOCKED
13660,3067.789,-207256159797816,40985,97346,-28234.3,33164.6,11.3,-0.081,180912415,LOCKED
13661,3068.788,-207256159889935,-21688,34673,-28257.7,33276.0,11.6,-0.070,181023174,LOCKED
13662,3069.788,-207256159848200,45874,102235,-28214.7,33730.2,11.6,-0.071,181040614,LOCKED
13663,3070.788,-207256159943522,-18910,37451,-28297.4,33609.5,11.8,-0.056,181146317,LOCKED
13664,3071.787,-207256159944483,8344,64705,-28307.2,33575.1,11.8,-0.056,181236055,LOCKED
13665,3072.788,-207256159938185,39735,96096,-28215.4,33962.6,11.3,-0.030,181331256,LOCKED
13666,3073.789,-207256160037563,-30905,25456,-28189.6,33655.6,10.8,-0.008,181319744,LOCKED
13667,3074.788,-207256160030711,5349,61710,-28258.1,33118.6,10.8,-0.012,181414262,LOCKED
13668,3075.788,-207256160045037,18295,74656,-28240.2,33193.6,10.8,-0.015,181506276,LOCKED
13669,3076.788,-207256160134714,-41322,15039,-28260.8,33424.1,10.8,-0.002,181490989,LOCKED
13670,3077.790,-207256160165862,-43352,13009,-28230.7,32928.5,10.8,-0.003,181581242,LOCKED
13671,3078.788,-207256160105434,42512,98873,-28164.1,33425.1,10.8,0.010,181698091,LOCKED
13672,3079.788,-207256160181132,-3381,52980,-28239.1,32996.4,10.8,0.014,181708138,LOCKED
13673,3080.788,-207256160222821,-14698,41663,-28319.6,32784.8,10.5,0.036,181788626,LOCKED
13674,3081.788,-207256160293928,-53911,2450,-28405.4,33585.6,10.4,0.058,181774921,LOCKED
13675,3082.788,-207256160316124,-45952,10409,-28414.9,33713.3,10.4,0.047,181884525,LOCKED
13676,3083.789,-207256160255608,41109,97470,-28391.5,33963.9,10.2,0.036,181993648,LOCKED
13677,3084.789,-207256160371766,-44199,12162,-28438.7,34410.5,10.4,0.019,181968435,LOCKED
13678,3085.789,-207256160361646,-6985,49376,-28360.9,33710.1,10.1,0.012,182066434,LOCKED
13679,3086.788,-207256160353981,28203,84564,-28366.7,33656.1,10.3,-0.001,182166124,LOCKED
13680,3087.791,-207256160465309,-51303,5058,-28451.2,34366.9,9.9,-0.005,182143575,LOCKED
13681,3088.789,-207256160456637,-14539,41822,-28409.2,34025.2,9.9,-0.007,182238163,LOCKED
13682,3089.789,-207256160418073,50007,106368,-28373.2,34464.5,9.8,-0.009,182258767,LOCKED
13683,3090.788,-207256160524626,-26155,30206,-28428.9,34638.7,9.6,-0.017,182347313,LOCKED
13684,3091.791,-207256160517834,7374,63735,-28357.9,34361.0,9.1,-0.018,182443789,LOCKED
13685,3092.789,-207256160507533,41459,97820,-28202.1,34218.6,9.2,-0.012,182547098,LOCKED
13686,3093.789,-207256160621601,-41436,14925,-28279.1,34676.5,8.8,-0.011,182521829,LOCKED
13687,3094.789,-207256160613349,-4460,51901,-28293.6,34678.0,8.6,-0.011,182618662,LOCKED
13688,3095.789,-207256160603879,32461,88822,-28306.3,34538.9,8.3,-0.014,182717039,LOCKED
13689,3096.789,-207256160714243,-45181,11180,-28448.1,34742.9,7.7,-0.011,182696487,LOCKED
13690,3097.791,-207256160713511,-15426,40935,-28450.7,34754.4,7.9,-0.016,182788069,LOCKED
13691,3098.789,-207256160703051,23643,80004,-28497.9,34220.4,7.9,-0.009,182887627,LOCKED
13692,3099.789,-207256160784686,-28916,27445,-28478.1,34009.7,7.9,-0.009,182895957,LOCKED
13693,3100.790,-207256160792449,-9416,46945,-28402.7,33280.3,7.9,-0.003,182982275,LOCKED
13694,3101.789,-207256160788604,22208,78569,-28409.0,33232.3,7.9,0.003,183071107,LOCKED
13695,3102.790,-207256160893146,-49565,6796,-28540.8,33728.0,8.0,0.006,183056425,LOCKED
13696,3103.790,-207256160894644,-19518,36843,-28656.0,33245.8,8.0,0.005,183141889,LOCKED
13697,3104.790,-207256160891788,12319,68680,-28692.5,32982.0,8.2,0.008,183233953,LOCKED
13698,3105.790,-207256160885135,44524,100885,-28612.3,33531.2,8.3,0.010,183332924,LOCKED
13699,3106.790,-207256160990033,-30760,25601,-28610.3,33511.2,8.3,0.016,183316271,LOCKED
13700,3107.789,-207256160984735,3846,60207,-28651.0,33313.1,8.4,0.018,183411616,LOCKED
13701,3108.790,-207256160971869,41502,97863,-28530.3,33582.3,8.4,0.017,183514034,LOCKED
13702,3109.790,-207256161055387,-11819,44542,-28592.6,33466.5,8.3,0.022,183517735,LOCKED
13703,3110.790,-207256161065943,5430,61791,-28562.9,33438.2,8.6,0.019,183597121,LOCKED
13704,3111.789,-207256161067913,31716,88077,-28600.7,32929.1,8.6,0.018,183691569,LOCKED
13705,3112.790,-207256161088283,37748,94109,-28555.5,33286.0,8.7,0.019,183654887,LOCKED
13706,3113.790,-207256161178754,-23582,32779,-28545.0,33197.4,8.8,0.019,183756170,LOCKED
13707,3114.790,-207256161231116,-42743,13618,-28702.7,33085.4,8.8,0.012,183837481,LOCKED
13708,3115.790,-207256161172289,42763,99124,-28674.4,33395.6,9.8,0.010,183939382,LOCKED
13709,3116.790,-207256161291359,-43836,12525,-28788.1,33802.2,9.9,0.009,183918688,LOCKED
13710,3117.791,-207256161268277,6430,62791,-28719.9,33525.2,11.3,-0.004,184026929,LOCKED
13711,3118.791,-207256161255532,46109,102470,-28708.9,33672.7,11.6,-0.009,184135871,LOCKED
13712,3119.790,-207256161348676,-17676,38685,-28711.4,33686.0,12.3,-0.016,184128891,LOCKED
13713,3120.790,-207256161346987,10815,67176,-28635.6,33428.8,12.5,-0.024,184223779,LOCKED
13714,3121.791,-207256161344147,40944,97305,-28637.6,33402.0,12.7,-0.033,184202889,LOCKED
13715,3122.791,-207256161413036,978,57339,-28653.3,33375.2,12.4,-0.054,184332496,LOCKED
13716,3123.790,-207256161406192,33544,89905,-28565.1,33607.6,12.9,-0.072,184431520,LOCKED
13717,3124.791,-207256161521930,-51801,4560,-28568.6,33664.0,13.0,-0.091,184401982,LOCKED
13718,3125.791,-207256161513290,-12865,43496,-28632.1,33560.1,13.3,-0.052,184501651,LOCKED
13719,3126.791,-207256161500148,26738,83099,-28569.9,33735.2,13.5,-0.034,184603861,LOCKED
13720,3127.793,-207256161512486,38727,95088,-28425.8,33629.1,13.4,-0.037,184571754,LOCKED
13721,3128.791,-207256161605866,-23993,32368,-28495.7,33717.9,13.3,-0.042,184679626,LOCKED
13722,3129.791,-207256161575867,30510,86871,-28350.2,33217.1,13.3,-0.033,184685419,LOCKED
13723,3130.791,-207256161670403,-33029,23332,-28425.4,33492.1,13.0,-0.060,184797152,LOCKED
13724,3131.792,-207256161662980,2110,58471,-28394.0,33424.5,13.0,-0.069,184890300,LOCKED
13725,3132.791,-207256161654120,35082,91443,-28241.9,33025.5,13.0,-0.064,184990212,LOCKED
13726,3133.791,-207256161765687,-44618,11743,-28345.8,33517.8,13.0,-0.054,184964556,LOCKED
13727,3134.791,-207256161751381,-2437,53924,-28318.5,33430.6,13.0,-0.046,185068471,LOCKED
13728,3135.792,-207256161745471,28620,84981,-28210.3,33354.0,13.0,-0.039,185165350,LOCKED
13729,3136.791,-207256161865821,-58555,0,-28356.8,34119.8,13.0,-0.036,185132819,LOCKED
13730,3137.791,-207256161864967,-26381,32174,-28458.6,34037.1,13.4,-0.011,185223310,LOCKED
13731,3138.792,-207256161846852,17076,75631,-28333.8,33315.8,13.4,-0.010,185331436,LOCKED
13732,3139.792,-207256161939724,-44746,13809,-28392.8,33831.7,13.2,0.002,185330636,LOCKED
13733,3140.791,-207256161938235,-13797,44758,-28422.3,33881.1,13.1,0.003,185418842,LOCKED
13734,3141.792,-207256161931775,21261,79816,-28466.4,33414.9,13.2,0.011,185515290,LOCKED
13735,3142.791,-207256162036482,-49984,8571,-28628.7,33603.0,13.2,0.019,185498555,LOCKED
13736,3143.794,-207256162035448,-20393,38162,-28591.2,33235.7,13.2,0.018,185586630,LOCKED
13737,3144.792,-207256162023204,20565,79120,-28631.5,32823.4,12.9,0.023,185692213,LOCKED
13738,3145.792,-207256162062548,9450,68005,-28627.5,32834.2,12.8,0.027,185781610,LOCKED
13739,3146.792,-207256162131474,-29809,28746,-28628.9,32847.6,12.4,0.024,185779064,LOCKED
13740,3147.792,-207256162093610,36057,94612,-28658.2,32428.8,12.3,0.022,185887700,LOCKED
13741,3148.792,-207256162189732,-28772,29783,-28739.8,32573.8,12.2,0.020,185883713,LOCKED
13742,3149.792,-207256162153608,32171,90726,-28600.6,32233.3,12.1,0.021,186010056,LOCKED
13743,3150.791,-207256162262282,-43912,14643,-28723.7,32585.4,11.7,0.016,185991068,LOCKED
13744,3151.792,-207256162239330,7064,65619,-28701.0,32589.8,11.6,0.017,186104073,LOCKED
13745,3152.792,-207256162225630,44732,103287,-28542.8,32570.2,11.6,0.019,186204172,LOCKED
13746,3153.792,-207256162331344,-29154,29401,-28655.8,32458.6,11.5,0.018,186192653,LOCKED
13747,3154.792,-207256162309241,20261,78816,-28623.5,32574.0,11.4,0.017,186301664,LOCKED
13748,3155.792,-207256162308019,45620,104175,-28478.9,32778.4,11.1,0.014,186397211,LOCKED
13749,3156.792,-207256162420507,-34530,24025,-28611.1,32643.9,11.2,0.014,186371846,LOCKED
13750,3157.794,-207256162408049,6633,65188,-28626.8,32587.7,10.6,0.006,186472170,LOCKED
13751,3158.793,-207256162418197,22724,81279,-28547.2,32588.6,10.6,0.005,186554309,LOCKED
13752,3159.792,-207256162508304,-35376,23179,-28658.4,32719.8,10.6,0.002,186551344,LOCKED
13753,3160.793,-207256162496968,4664,63219,-28668.4,32695.6,10.6,0.000,186651667,LOCKED
13754,3161.793,-207256162498935,28606,87161,-28580.4,32794.8,10.8,-0.000,186742990,LOCKED
13755,3162.793,-207256162608654,-47388,11167,-28754.4,32670.0,11.4,-0.000,186722449,LOCKED
13756,3163.793,-207256162590162,864,59419,-28805.3,32417.2,11.1,-0.009,186828973,LOCKED
13757,3164.794,-207256162582484,34928,93483,-28744.5,32762.3,11.0,-0.013,186930098,LOCKED
13758,3165.793,-207256162692450,-44495,14060,-28758.8,32947.1,11.0,-0.017,186909529,LOCKED
13759,3166.793,-207256162689576,-10731,47824,-28845.8,32554.6,10.9,-0.022,186996633,LOCKED
13760,3167.794,-207256162680486,25695,84250,-28814.4,32724.0,11.0,-0.028,187097004,LOCKED
13761,3168.793,-207256162685034,45571,104126,-28674.4,32977.3,10.7,-0.042,187072940,LOCKED
13762,3169.794,-207256162745918,13044,71599,-28680.6,32948.1,10.4,-0.059,187214542,LOCKED
13763,3170.793,-207256162743822,40942,99497,-28607.3,33413.8,10.5,-0.061,187307701,LOCKED
13764,3171.794,-207256162860348,-44889,13666,-28635.1,33735.8,10.0,-0.081,187277402,LOCKED
13765,3172.795,-207256162846480,-3488,55067,-28575.1,33348.3,9.9,-0.095,187383299,LOCKED
13766,3173.793,-207256162832828,36943,95498,-28548.3,33594.6,9.7,-0.110,187485166,LOCKED
13767,3174.793,-207256162945336,-42436,16119,-28702.8,33515.7,9.4,-0.127,187460661,LOCKED
13768,3175.794,-207256162954202,-22368,36187,-28676.9,33272.9,9.5,-0.117,187545828,LOCKED
13769,3176.794,-207256162974770,-11616,46939,-28787.5,32568.9,9.2,-0.137,187618656,LOCKED
13770,3177.795,-207256162965095,25220,83775,-28749.6,32744.9,9.4,-0.084,187718118,LOCKED
13771,3178.794,-207256163058545,-38198,20357,-28749.0,32737.1,9.7,-0.063,187711643,LOCKED
13772,3179.793,-207256163057852,-7370,51185,-28804.9,32582.7,9.8,-0.030,187828194,LOCKED
13773,3180.793,-207256163026925,48824,107379,-28712.3,33246.0,10.0,-0.014,187925926,LOCKED
13774,3181.793,-207256163152107,-45800,12755,-28726.7,33435.6,10.2,0.002,187887152,LOCKED
13775,3182.793,-207256163152220,-16016,42539,-28757.6,33505.5,10.1,-0.026,187977206,LOCKED
13776,3183.794,-207256163185219,-20050,38505,-28734.3,33310.1,10.2,0.006,188070127,LOCKED
13777,3184.794,-207256163230548,-32526,26029,-28882.7,32848.8,10.3,0.022,188062327,LOCKED
13778,3185.795,-207256163238470,-10169,48386,-28934.4,32772.7,10.3,0.022,188159852,LOCKED
13779,3186.794,-207256163214250,39490,98045,-28828.3,33085.6,10.7,0.044,188273655,LOCKED
13780,3187.795,-207256163299940,-17589,40966,-28788.3,32715.2,10.9,0.065,188275487,LOCKED
13781,3188.794,-207256163278166,31564,90119,-28771.6,32859.0,10.9,0.062,188386783,LOCKED
13782,3189.794,-207256163373614,-34041,24514,-28767.6,32813.6,10.9,0.070,188382592,LOCKED
13783,3190.794,-207256163368161,1105,59660,-28814.9,32591.0,10.8,0.076,188476335,LOCKED
13784,3191.794,-207256163378858,17766,76321,-28772.9,32669.4,10.2,0.074,188557901,LOCKED
13785,3192.795,-207256163363442,56430,114985,-28595.2,32997.3,10.1,0.079,188663319,LOCKED
13786,3193.794,-207256163470518,-19519,39036,-28687.2,32800.2,10.0,0.075,188643494,LOCKED
13787,3194.795,-207256163458494,19578,78133,-28640.5,32893.7,9.8,0.072,188744467,LOCKED
13788,3195.795,-207256163452160,49578,108133,-28478.5,33068.4,9.7,0.069,188843084,LOCKED
13789,3196.794,-207256163559866,-26245,32310,-28602.2,32711.0,9.5,0.071,188827460,LOCKED
13790,3197.796,-207256163558981,3661,62216,-28628.8,32614.3,9.5,0.069,188915184,LOCKED
13791,3198.795,-207256163553885,34065,92620,-28522.3,32740.7,9.3,0.071,189011513,LOCKED
13792,3199.794,-207256163622615,-4590,53965,-28591.0,32408.0,9.3,0.068,189033990,LOCKED
13793,3200.795,-207256163617775,27201,85756,-28555.7,32603.7,9.2,0.064,189129785,LOCKED
13794,3201.795,-207256163719309,-43748,14807,-28582.6,32915.1,9.2,0.062,189115459,LOCKED
13795,3202.795,-207256163705831,-1,58554,-28665.5,32282.5,9.2,0.059,189216994,LOCKED
13796,3203.795,-207256163699989,32959,91514,-28644.4,32467.6,9.3,0.051,189311980,LOCKED
13797,3204.795,-207256163700937,56054,114609,-28511.5,33240.2,9.3,0.049,189290325,LOCKED
13798,3205.795,-207256163794069,-8419,50136,-28504.8,33218.1,9.5,0.045,189395559,LOCKED
13799,3206.795,-207256163790645,22901,81456,-28513.0,33152.2,9.4,0.040,189492177,LOCKED
13800,3207.797,-207256163793216,44412,102967,-28369.1,33305.7,9.2,0.037,189465672,LOCKED
13801,3208.795,-207256163890096,-21670,36885,-28452.5,33250.2,9.0,0.032,189569029,LOCKED
13802,3209.795,-207256163858989,34222,92777,-28329.1,33213.1,9.0,0.030,189580870,LOCKED
13803,3210.795,-207256163950362,-25598,32957,-28445.0,32938.8,8.8,0.024,189688773,LOCKED
13804,3211.796,-207256163939936,12170,70725,-28411.1,32965.8,9.1,0.020,189788972,LOCKED
13805,3212.797,-207256163927680,47727,106282,-28239.3,32897.4,9.1,0.018,189889340,LOCKED
13806,3213.796,-207256164046008,-38872,19683,-28346.1,33183.3,9.1,0.016,189861926,LOCKED
13807,3214.796,-207256164038346,-3526,55029,-28307.7,33005.9,9.1,0.014,189956195,LOCKED
13808,3215.796,-207256164072111,-10288,48267,-28226.4,32127.3,9.0,0.018,190044038,LOCKED
13809,3216.796,-207256164146773,-52234,6321,-28360.1,32738.7,9.0,0.023,190029706,LOCKED
13810,3217.797,-207256164144377,-20522,38033,-28372.9,32807.8,9.4,0.022,190119271,LOCKED
13811,3218.796,-207256164136124,14001,72556,-28292.8,32580.4,9.7,0.020,190216568,LOCKED
13812,3219.796,-207256164202764,-21848,36707,-28379.2,32502.1,9.7,0.025,190241214,LOCKED
13813,3220.796,-207256164263697,-51183,7372,-28452.2,33211.5,9.7,0.022,190270022,LOCKED
13814,3221.796,-207256164265038,-23670,34885,-28432.5,33028.4,9.7,0.028,190357647,LOCKED
13815,3222.798,-207256164253572,16667,75222,-28481.8,32542.0,9.4,0.043,190458177,LOCKED
13816,3223.796,-207256164247125,48252,106807,-28397.9,33195.1,9.6,0.044,190445590,LOCKED
13817,3224.796,-207256164332276,-9196,49359,-28348.4,32827.6,9.7,0.040,190557701,LOCKED
13818,3225.797,-207256164316169,34364,92919,-28361.6,32665.3,9.7,0.036,190663662,LOCKED
13819,3226.797,-207256164429271,-46688,11867,-28465.2,33232.4,10.0,0.028,190640359,LOCKED
13820,3227.797,-207256164423982,-12848,45707,-28448.0,33135.6,10.0,0.036,190734522,LOCKED
13821,3228.797,-207256164423915,13060,71615,-28341.5,32545.6,9.8,0.005,190824701,LOCKED
13822,3229.797,-207256164475593,-10239,48316,-28326.3,32473.9,9.8,0.022,190865966,LOCKED
13823,3230.797,-207256164475344,15468,74023,-28211.0,31817.4,9.7,0.038,190951969,LOCKED
13824,3231.796,-207256164479830,37777,96332,-28204.4,31896.2,9.8,0.024,191041298,LOCKED
13825,3232.797,-207256164586573,-38346,20209,-28259.2,32304.2,9.7,0.042,191026163,LOCKED
13826,3233.797,-207256164571897,2687,61242,-28170.2,31638.9,9.7,0.043,191125585,LOCKED
13827,3234.797,-207256164570635,31124,89679,-28173.1,31607.8,9.8,0.029,191215696,LOCKED
13828,3235.797,-207256164687723,-53545,5010,-28292.7,32372.2,9.6,0.008,191190205,LOCKED
13829,3236.797,-207256164690831,-26187,32368,-28355.9,32539.4,9.3,0.020,191277772,LOCKED
13830,3237.799,-207256164683376,8113,66668,-28295.1,32357.8,9.3,0.023,191371186,LOCKED
13831,3238.797,-207256164672294,45617,104172,-28279.1,32571.1,9.3,0.015,191470203,LOCKED
13832,3239.797,-207256164748180,-1580,56975,-28296.6,32551.8,9.3,0.018,191485056,LOCKED
13833,3240.796,-207256164763875,8632,67187,-28193.4,31852.3,9.3,0.012,191561135,LOCKED
13834,3241.797,-207256164765458,34384,92939,-28208.6,31658.4,9.3,0.015,191535414,LOCKED
13835,3242.797,-207256164851778,-21628,36927,-28275.7,31713.5,9.0,0.020,191649913,LOCKED
13836,3243.797,-207256164843268,14950,73505,-28290.5,31620.0,9.0,0.023,191750175,LOCKED
13837,3244.797,-207256164845638,39595,98150,-28293.7,31575.7,9.0,0.018,191723695,LOCKED
13838,3245.797,-207256164938566,-22659,35896,-28373.0,31576.9,9.0,0.021,191824792,LOCKED
13839,3246.797,-207256164959293,-14958,43597,-28350.8,31418.7,8.8,0.018,191909520,LOCKED
13840,3247.799,-207256165023825,-46871,11684,-28482.6,31825.7,8.4,0.021,192018153,LOCKED
13841,3248.797,-207256165031765,-25227,33328,-28494.7,31912.7,8.4,0.023,192006690,LOCKED
13842,3249.798,-207256164989229,44434,102989,-28501.4,31810.0,8.4,0.021,192024384,LOCKED
13843,3250.797,-207256165096221,-31306,27249,-28584.5,32018.5,8.4,0.024,192122843,LOCKED
13844,3251.798,-207256165085347,7637,66192,-28571.8,32035.2,8.4,0.025,192218761,LOCKED
13845,3252.797,-207256165067717,48877,107432,-28409.3,32170.3,8.7,0.033,192327811,LOCKED
13846,3253.798,-207256165176660,-28595,29960,-28512.2,32145.4,8.7,0.033,192305967,LOCKED
13847,3254.798,-207256165167976,7797,66352,-28485.7,32147.3,8.7,0.030,192404445,LOCKED
13848,3255.798,-207256165168729,31787,90342,-28354.6,31906.9,8.7,0.030,192491054,LOCKED
13849,3256.798,-207256165276276,-43247,10298,-28487.0,32145.6,8.7,0.029,192472522,LOCKED
13850,3257.798,-207256165264808,-2855,50690,-28503.7,32135.1,8.7,0.029,192575738,LOCKED
13851,3258.798,-207256165242900,43586,97131,-28381.1,32479.1,8.7,0.032,192688769,LOCKED
13852,3259.798,-207256165309456,5413,58958,-28390.2,32455.5,8.7,0.031,192711273,LOCKED
13853,3260.799,-207256165308425,31833,85378,-28295.7,32604.6,8.6,0.030,192688123,LOCKED
13854,3261.798,-207256165399963,-27750,25795,-28429.4,32154.1,8.9,0.031,192798705,LOCKED
13855,3262.799,-207256165389638,10654,64199,-28429.9,32152.3,8.8,0.030,192895779,LOCKED
13856,3263.798,-207256165382398,42547,96092,-28315.1,32518.5,8.5,0.023,192882098,LOCKED
13857,3264.798,-207256165483116,-29695,23850,-28273.5,31954.6,8.5,0.019,192979578,LOCKED
13858,3265.799,-207256165475669,5926,59471,-28278.5,31942.4,8.1,0.011,193078733,LOCKED
13859,3266.799,-207256165472980,33744,87289,-28179.9,32124.2,8.1,0.007,193060174,LOCKED
13860,3267.803,-207256165569860,-34380,19165,-28150.9,31717.4,8.1,0.009,193164270,LOCKED
13861,3268.799,-207256165566976,-2610,50935,-28182.7,31649.3,8.1,0.005,193254786,LOCKED
13862,3269.799,-207256165628660,-35183,18362,-28169.7,31480.8,8.0,-0.000,193280728,LOCKED
13863,3270.798,-207256165617021,4955,58500,-28194.2,31383.3,8.0,-0.005,193383129,LOCKED
13864,3271.800,-207256165613973,33224,86769,-28103.3,31605.3,7.7,-0.019,193473849,LOCKED
13865,3272.799,-207256165730014,-53203,342,-28088.9,31329.3,7.8,-0.027,193448522,LOCKED
13866,3273.799,-207256165721012,-14183,39362,-28160.1,31182.4,7.7,-0.036,193548096,LOCKED
13867,3274.799,-207256165711321,21894,75439,-28109.4,31309.2,7.5,-0.045,193647392,LOCKED
13868,3275.798,-207256165715654,42612,96157,-28030.0,31837.4,7.5,-0.058,193620850,LOCKED
13869,3276.799,-207256165810594,-21308,32237,-28141.5,31448.9,7.7,-0.062,193726505,LOCKED
13870,3277.799,-207256165828740,-10062,43483,-28186.3,31408.6,7.6,-0.052,193813472,LOCKED
13871,3278.799,-207256165907220,-57084,0,-28252.0,32241.8,7.6,-0.044,193810310,LOCKED
13872,3279.800,-207256165911221,-30048,27036,-28338.9,32390.9,7.9,-0.019,193928744,LOCKED
13873,3280.799,-207256165964995,-50058,7026,-28522.3,32257.8,7.9,-0.015,193908664,LOCKED
13874,3281.799,-207256165987214,-39812,17272,-28649.8,32400.9,8.1,0.004,193994315,LOCKED
13875,3282.800,-207256165986545,-9927,47157,-28661.1,32425.4,8.1,0.006,194087220,LOCKED
13876,3283.800,-207256166023741,-18545,38539,-28626.1,32100.3,7.5,-0.020,194182993,LOCKED
13877,3284.799,-207256165978915,51871,108955,-28563.2,32792.0,7.5,-0.019,194160872,LOCKED
13878,3285.800,-207256166068797,-9813,47271,-28528.9,32575.5,7.7,-0.005,194267468,LOCKED
13879,3286.800,-207256166048376,38375,95459,-28555.4,32180.1,7.7,0.027,194379938,LOCKED
13880,3287.802,-207256166054234,57834,114918,-28492.6,32989.6,7.8,0.044,194354075,LOCKED
13881,3288.799,-207256166137568,2562,59646,-28475.7,32977.4,7.7,0.057,194473058,LOCKED
13882,3289.800,-207256166211487,-39576,17508,-28572.3,33345.8,7.8,0.065,194484709,LOCKED
13883,3290.800,-207256166212836,-11909,45175,-28574.2,33352.7,7.8,0.073,194578743,LOCKED
13884,3291.800,-207256166200182,26238,83322,-28466.4,33199.8,7.6,0.071,194677605,LOCKED
13885,3292.801,-207256166209142,44093,101177,-28458.7,33302.5,7.7,0.077,194644805,LOCKED
13886,3293.800,-207256166301214,-18327,38757,-28486.8,33393.9,7.8,0.082,194756740,LOCKED
13887,3294.800,-207256166282956,25519,82603,-28386.8,33299.1,7.6,0.079,194864008,LOCKED
13888,3295.801,-207256166387480,-45525,11559,-28561.4,33062.6,8.0,0.091,194847522,LOCKED
13889,3296.800,-207256166404917,-31030,26054,-28675.5,33008.7,8.0,0.094,194925859,LOCKED
13890,3297.800,-207256166387085,14516,71600,-28652.4,33067.0,8.0,0.098,195028968,LOCKED
13891,3298.801,-207256166376595,48875,105959,-28498.6,33312.0,7.9,0.094,195127774,LOCKED
13892,3299.800,-207256166479104,-23363,33721,-28546.8,33458.1,7.9,0.097,195114407,LOCKED
13893,3300.800,-207256166482039,1849,58933,-28530.2,33443.1,7.7,0.093,195201344,LOCKED
13894,3301.801,-207256166482975,26357,83441,-28422.4,33293.7,7.7,0.095,195289539,LOCKED
13895,3302.801,-207256166499518,36395,93479,-28392.5,33555.6,7.8,0.092,195251073,LOCKED
13896,3303.801,-207256166602234,-36045,21039,-28425.1,33827.5,7.8,0.094,195352367,LOCKED
13897,3304.801,-207256166593753,-644,56440,-28350.0,33308.5,7.6,0.094,195444734,LOCKED
13898,3305.801,-207256166594231,26061,83145,-28336.0,33405.6,8.0,0.099,195536220,LOCKED
13899,3306.801,-207256166607826,38510,95594,-28287.5,33780.5,7.8,0.098,195500479,LOCKED
13900,3307.804,-207256166707134,-28849,28235,-28419.5,33416.8,8.1,0.092,195602197,LOCKED
13901,3308.801,-207256166731285,-21974,35110,-28511.0,33297.7,8.2,0.090,195688428,LOCKED
13902,3309.801,-207256166771502,-32754,24330,-28502.0,33196.2,8.0,0.087,195721832,LOCKED
13903,3310.803,-207256166817058,-45267,11817,-28649.9,33340.6,8.0,0.088,195819053,LOCKED
13904,3311.801,-207256166795046,5174,62258,-28647.6,33343.8,8.1,0.086,195898490,LOCKED
13905,3312.801,-207256166878346,-47670,9414,-28657.0,33477.3,8.0,0.090,195880084,LOCKED
13906,3313.803,-207256166881929,-19902,37182,-28756.4,33213.3,8.0,0.088,195962753,LOCKED
13907,3314.801,-207256166872845,16858,73942,-28731.3,33290.3,7.8,0.084,196063027,LOCKED
13908,3315.801,-207256166871557,42968,100052,-28610.7,33615.4,7.9,0.082,196155694,LOCKED
13909,3316.802,-207256166985709,-38146,18938,-28764.9,33333.5,7.7,0.076,196129789,LOCKED
13910,3317.801,-207256166983244,-5987,51097,-28800.6,33286.2,7.7,0.075,196221288,LOCKED
13911,3318.802,-207256166985202,18329,75413,-28706.9,33036.6,7.7,0.074,196308800,LOCKED
13912,3319.802,-207256167058261,-24344,32740,-28748.9,33201.6,7.8,0.072,196324121,LOCKED
13913,3320.804,-207256167047824,12900,69984,-28674.9,33008.7,7.8,0.071,196424704,LOCKED
13914,3321.802,-207256167051972,36028,93112,-28666.2,33101.7,7.7,0.076,196510274,LOCKED
13915,3322.802,-207256167056892,55652,112736,-28556.2,33940.0,7.8,0.074,196598486,LOCKED
13916,3323.802,-207256167164055,-22973,34111,-28517.0,33522.5,7.8,0.073,196577508,LOCKED
13917,3324.802,-207256167150787,18407,75491,-28527.8,33450.1,7.6,0.062,196682769,LOCKED
13918,3325.802,-207256167142489,51294,108378,-28419.6,34138.5,7.6,0.060,196777076,LOCKED
13919,3326.803,-207256167249607,-27090,29994,-28389.9,33811.1,7.4,0.048,196760024,LOCKED
13920,3327.803,-207256167250161,1442,58526,-28426.5,33675.2,7.7,0.048,196849330,LOCKED
13921,3328.802,-207256167232893,43823,100907,-28336.6,34182.0,7.7,0.045,196954473,LOCKED
13922,3329.802,-207256167309983,-3817,53267,-28385.0,34032.8,7.8,0.043,196964382,LOCKED
13923,3330.802,-207256167302344,29632,86716,-28307.8,34213.8,7.5,0.025,197062799,LOCKED
13924,3331.803,-207256167316109,39707,96791,-28154.3,34021.2,7.9,0.000,197028003,LOCKED
13925,3332.802,-207256167409622,-22807,34277,-28256.1,33824.0,7.9,-0.002,197135464,LOCKED
13926,3333.803,-207256167387137,26161,83245,-28212.6,34009.6,7.9,-0.018,197248462,LOCKED
13927,3334.804,-207256167493051,-49437,7647,-28233.6,34291.0,8.0,-0.048,197232422,LOCKED
13928,3335.802,-207256167486136,-15431,41653,-28151.6,33301.2,8.2,-0.063,197328974,LOCKED
13929,3336.803,-207256167465846,30891,87975,-28098.9,33564.2,8.4,-0.076,197438038,LOCKED
13930,3337.802,-207256167577396,-49481,7603,-28167.9,34202.3,8.4,-0.108,197416289,LOCKED
13931,3338.803,-207256167558306,-705,56379,-28241.4,33741.5,8.4,-0.124,197523941,LOCKED
13932,3339.803,-207256167615373,-26948,30136,-28323.4,33832.1,8.8,-0.150,197555627,LOCKED
13933,3340.805,-207256167621082,-2463,54621,-28411.3,33209.2,8.8,-0.157,197640776,LOCKED
13934,3341.803,-207256167636848,11015,68099,-28470.6,32679.9,8.7,-0.166,197713951,LOCKED
13935,3342.803,-207256167624214,49345,106429,-28416.5,33265.6,9.0,-0.181,197703640,LOCKED
13936,3343.803,-207256167715734,-11972,45112,-28484.4,33106.6,9.1,-0.186,197811354,LOCKED
13937,3344.804,-207256167710442,18911,75995,-28373.6,32657.3,9.3,-0.199,197904547,LOCKED
13938,3345.804,-207256167747826,9706,66790,-28380.2,32632.6,9.4,-0.211,197996911,LOCKED
13939,3346.803,-207256167819952,-32983,24101,-28377.2,32599.2,9.5,-0.222,197975137,LOCKED
13940,3347.804,-207256167858889,-42661,14423,-28349.4,32143.4,9.4,-0.224,198063757,LOCKED
13941,3348.804,-207256167802225,39397,96481,-28269.7,32575.3,9.3,-0.225,198057927,LOCKED
13942,3349.803,-207256167856325,13943,71027,-28311.5,32224.4,9.2,-0.227,198205881,LOCKED
13943,3350.804,-207256167921082,-20607,36477,-28370.4,32297.9,9.7,-0.240,198304427,LOCKED
13944,3351.804,-207256167947380,-18211,38873,-28355.9,32192.8,9.7,-0.241,198294595,LOCKED
13945,3352.804,-207256167930117,24058,81142,-28231.3,31721.7,9.7,-0.246,198399019,LOCKED
13946,3353.804,-207256168027050,-41318,15766,-28326.0,32168.0,9.8,-0.250,198389963,LOCKED
13947,3354.803,-207256168006028,6456,63540,-28259.3,31893.5,10.3,-0.260,198502651,LOCKED
13948,3355.804,-207256167990748,48155,105239,-28249.1,32046.4,9.9,-0.261,198605899,LOCKED
13949,3356.804,-207256168107256,-36406,20678,-28370.3,32119.8,9.9,-0.264,198585120,LOCKED
13950,3357.806,-207256168081386,16344,73428,-28324.2,32168.2,9.9,-0.265,198697736,LOCKED
13951,3358.804,-207256168072732,48188,105272,-28152.0,32117.0,10.4,-0.272,198683410,LOCKED
13952,3359.804,-207256168126190,22032,79116,-28147.0,32151.0,10.4,-0.273,198828942,LOCKED
13953,3360.803,-207256168141120,32773,89857,-28079.9,32448.9,10.5,-0.276,198905529,LOCKED
13954,3361.804,-207256168255450,-51140,5944,-28109.6,32857.0,10.3,-0.272,198878853,LOCKED
13955,3362.805,-207256168247977,-16090,40994,-28056.5,32323.0,10.3,-0.272,198976882,LOCKED
13956,3363.804,-207256168240919,18644,75728,-28068.9,32233.9,10.2,-0.268,199071619,LOCKED
13957,3364.805,-207256168344065,-53089,3995,-28144.9,33003.7,10.2,-0.266,199056020,LOCKED
13958,3365.804,-207256168338001,-18859,38225,-28114.5,32735.9,9.8,-0.256,199151709,LOCKED
13959,3366.804,-207256168334902,9799,66883,-28005.1,31975.9,9.8,-0.249,199243553,LOCKED
13960,3367.806,-207256168331236,39265,96349,-27962.1,32355.6,9.7,-0.254,199336839,LOCKED
13961,3368.804,-207256168435360,-34146,22938,-28040.5,32654.8,9.8,-0.255,199321122,LOCKED
13962,3369.805,-207256168394454,33360,90444,-28025.2,32796.8,9.7,-0.249,199448490,LOCKED
13963,3370.804,-207256168413361,41140,98224,-28028.0,32759.2,9.5,-0.243,199410234,LOCKED
13964,3371.805,-207256168535498,-49718,7366,-28105.0,33438.4,9.5,-0.243,199486807,LOCKED
13965,3372.804,-207256168536203,-19175,37909,-28227.7,32823.6,9.4,-0.236,199575648,LOCKED
13966,3373.804,-207256168534181,11366,68450,-28260.9,32600.7,9.4,-0.236,199667387,LOCKED
13967,3374.804,-207256168535287,35839,92923,-28188.8,32954.1,9.2,-0.228,199645183,LOCKED
13968,3375.805,-207256168625385,-25589,31495,-28169.7,32765.4,9.4,-0.227,199756075,LOCKED
13969,3376.805,-207256168617365,11509,68593,-28233.6,32150.5,9.3,-0.217,199850755,LOCKED
13970,3377.805,-207256168614857,40174,97258,-28198.5,32495.0,9.2,-0.208,199944933,LOCKED
13971,3378.806,-207256168738964,-52314,4770,-28279.5,33252.1,9.0,-0.196,199910671,LOCKED
13972,3379.805,-207256168697342,17781,74865,-28318.6,32891.9,9.1,-0.196,200039644,LOCKED
13973,3380.805,-207256168710632,30792,87876,-28270.8,33153.2,8.9,-0.182,200006779,LOCKED
13974,3381.805,-207256168820512,-48228,8856,-28317.7,33667.8,8.9,-0.178,200095928,LOCKED
13975,3382.806,-207256168843242,-41356,15728,-28311.9,33590.2,8.9,-0.136,200178584,LOCKED
13976,3383.805,-207256168813579,16624,73708,-28339.9,33374.1,9.3,-0.096,200281743,LOCKED
13977,3384.805,-207256168919935,-57646,0,-28428.0,34265.3,9.6,-0.060,200270225,LOCKED
13978,3385.805,-207256168913636,-22847,34799,-28393.5,33916.8,9.6,-0.041,200360431,LOCKED
13979,3386.805,-207256168905369,14050,71696,-28428.5,33654.6,9.7,-0.009,200455746,LOCKED
13980,3387.806,-207256168904136,41136,98782,-28370.5,34097.7,9.7,-0.005,200551894,LOCKED
13981,3388.805,-207256169016272,-41141,16505,-28375.0,34154.1,9.5,0.016,200526757,LOCKED
13982,3389.805,-207256168971156,30546,88192,-28337.2,34383.4,9.4,0.053,200657717,LOCKED
13983,3390.805,-207256168994927,31913,89559,-28233.1,34454.2,9.0,0.097,200613881,LOCKED
13984,3391.806,-207256169095280,-39091,18555,-28222.8,34321.5,9.1,0.106,200712547,LOCKED
13985,3392.806,-207256169097546,-11661,45985,-28275.8,34265.3,9.0,0.099,200801921,LOCKED
13986,3393.806,-207256169079934,30985,88631,-28168.1,34273.8,8.9,0.105,200906301,LOCKED
13987,3394.807,-207256169191638,-47665,9981,-28328.9,34362.9,8.9,0.111,200886466,LOCKED
13988,3395.806,-207256169177996,-4872,52774,-28361.2,34319.8,9.0,0.118,200987703,LOCKED
13989,3396.806,-207256169170481,27856,85502,-28252.8,34218.2,9.1,0.123,201084244,LOCKED
13990,3397.809,-207256169284235,-52365,5281,-28425.2,34387.1,9.1,0.128,201057416,LOCKED
13991,3398.806,-207256169268985,-8007,49639,-28445.4,34400.9,9.1,0.125,201164342,LOCKED
13992,3399.806,-207256169242067,45366,103012,-28423.2,34665.4,9.1,0.130,201166402,LOCKED
13993,3400.806,-207256169334179,-16777,40869,-28471.2,34710.3,9.4,0.140,201274426,LOCKED
13994,3401.807,-207256169333665,11389,69035,-28449.9,34744.6,9.7,0.150,201367846,LOCKED
13995,3402.806,-207256169336615,33080,90726,-28317.8,34559.8,9.6,0.146,201453954,LOCKED
13996,3403.807,-207256169454958,-52683,4963,-28439.6,35218.7,9.7,0.149,201422559,LOCKED
13997,3404.807,-207256169450673,-19124,38522,-28448.7,35263.9,9.6,0.151,201517590,LOCKED
13998,3405.807,-207256169439203,19268,76914,-28405.7,35353.6,9.5,0.152,201618956,LOCKED
13999,3406.808,-207256169446577,38926,96572,-28403.1,35383.6,9.4,0.152,201709192,LOCKED
14000,3407.807,-207256169539047,-21867,35779,-28527.6,34874.6,9.4,0.150,201697197,LOCKED
14001,3408.807,-207256169572643,-26245,31401,-28517.9,34788.9,9.5,0.152,201787184,LOCKED
14002,3409.807,-207256169622068,-44336,13310,-28582.4,35291.2,9.5,0.154,201793492,LOCKED
14003,3410.807,-207256169626645,-18018,39628,-28666.1,35145.1,9.0,0.151,201875962,LOCKED
14004,3411.806,-207256169628602,9127,66773,-28702.8,34929.3,9.1,0.149,201964171,LOCKED
14005,3412.808,-207256169674147,-7685,49961,-28691.4,34892.1,9.0,0.148,202043539,LOCKED
14006,3413.807,-207256169726794,-27804,29842,-28833.8,34338.9,8.9,0.146,202024679,LOCKED
14007,3414.807,-207256169739980,-11091,46555,-28867.7,34353.8,8.3,0.140,202124582,LOCKED
14008,3415.807,-207256169738125,17190,74836,-28776.2,34104.3,8.2,0.137,202215948,LOCKED
14009,3416.807,-207256169801223,-14360,43286,-28888.6,33485.6,8.1,0.133,202250281,LOCKED
14010,3417.809,-207256169775605,37501,95147,-28821.0,33870.3,7.9,0.127,202359131,LOCKED
14011,3418.807,-207256169879733,-36678,20968,-28815.3,33802.4,7.2,0.118,202344536,LOCKED
14012,3419.807,-207256169815979,51698,109344,-28695.3,34448.6,7.1,0.111,202496575,LOCKED
14013,3420.807,-207256169931006,-33500,24146,-28695.2,34448.0,6.9,0.105,202471895,LOCKED
14014,3421.807,-207256169916941,10357,68003,-28766.4,33775.0,6.9,0.104,202576075,LOCKED
14015,3422.808,-207256169901477,51634,109280,-28707.3,34409.4,6.9,0.103,202678778,LOCKED
14016,3423.807,-207256170020009,-36322,21324,-28738.6,34670.6,7.9,0.102,202651628,LOCKED
14017,3424.807,-207256170016738,-2167,55479,-28840.5,33829.0,8.5,0.093,202741494,LOCKED
14018,3425.807,-207256170018416,24204,81850,-28841.9,33818.0,8.7,0.098,202834101,LOCKED
14019,3426.807,-207256170009960,57301,114947,-28730.9,34692.0,8.9,0.103,202931043,LOCKED
14020,3427.807,-207256170129918,-33083,24563,-28717.2,34537.9,9.1,0.099,202901464,LOCKED
14021,3428.807,-207256170129268,-2380,55266,-28778.9,34250.3,9.1,0.085,202988282,LOCKED
14022,3429.807,-207256170106339,44971,102617,-28639.6,34474.0,9.1,0.080,202990442,LOCKED
14023,3430.807,-207256170221082,-40065,17581,-28625.3,34281.1,9.1,0.075,203076277,LOCKED
14024,3431.808,-207256170219655,-7916,49730,-28715.2,33788.4,9.3,0.066,203165748,LOCKED
14025,3432.808,-207256170207178,31735,89381,-28692.3,33967.7,9.9,0.052,203268379,LOCKED
14026,3433.807,-207256170207298,55989,113635,-28573.3,34770.8,10.0,0.038,203357596,LOCKED
14027,3434.808,-207256170326266,-33574,24072,-28558.2,34597.6,10.0,0.043,203327838,LOCKED
14028,3435.808,-207256170317412,4176,61822,-28581.8,34519.3,9.7,0.032,203424693,LOCKED
14029,3436.808,-207256170315173,32124,89770,-28494.1,34708.9,9.7,-0.000,203519019,LOCKED
14030,3437.807,-207256170318084,52245,109891,-28312.6,34735.2,9.8,0.015,203600256,LOCKED
14031,3438.808,-207256170434773,-32479,25167,-28438.0,34609.7,10.1,0.028,203577454,LOCKED
14032,3439.808,-207256170402822,25191,82837,-28346.3,34582.9,10.5,0.056,203699047,LOCKED
14033,3440.808,-207256170408975,42805,100451,-28192.5,34532.8,10.4,0.051,203780994,LOCKED
14034,3441.808,-207256170505739,-23021,34625,-28289.1,34399.1,10.4,0.029,203777016,LOCKED
14035,3442.808,-207256170499659,11596,69242,-28320.6,34200.1,10.3,0.042,203867666,LOCKED
14036,3443.809,-207256170488967,46425,104071,-28192.3,34585.9,10.3,0.038,203970275,LOCKED
14037,3444.808,-207256170593139,-26036,31610,-28321.9,34152.6,10.5,0.024,203955387,LOCKED
14038,3445.808,-207256170581683,13432,71078,-28329.1,34118.3,10.3,0.023,204056452,LOCKED
14039,3446.808,-207256170601255,20135,77781,-28261.6,34137.1,10.3,0.021,204141522,LOCKED
14040,3447.808,-207256170683285,-33107,24539,-28232.3,33760.7,10.3,0.010,204130888,LOCKED
14041,3448.808,-207256170717109,-35122,22524,-28349.7,33821.4,10.2,0.018,204214446,LOCKED
14042,3449.809,-207256170751344,-39614,18032,-28352.2,33851.3,10.3,0.024,204241506,LOCKED
14043,3450.808,-207256170746724,-7677,49969,-28288.4,33335.5,10.3,0.021,204335144,LOCKED
14044,3451.809,-207256170748693,18271,75917,-28300.7,33251.4,10.3,0.026,204432713,LOCKED
14045,3452.809,-207256170835984,-38060,19586,-28368.0,33650.6,10.1,0.024,204420727,LOCKED
14046,3453.809,-207256170840804,-15045,42601,-28316.7,33172.0,10.2,0.027,204507832,LOCKED
14047,3454.809,-207256170825096,28314,85960,-28331.2,33022.9,10.2,0.025,204608518,LOCKED
14048,3455.809,-207256170818860,58663,116309,-28221.5,33966.1,10.2,0.023,204704567,LOCKED
14049,3456.809,-207256170936177,-29853,27793,-28200.2,33728.9,10.2,0.021,204677692,LOCKED
14050,3457.809,-207256170928287,7223,64869,-28260.7,33264.1,10.2,0.019,204779221,LOCKED
14051,3458.809,-207256170931641,30069,87715,-28209.5,33513.5,10.2,0.010,204862597,LOCKED
14052,3459.809,-207256171010335,-20931,36715,-28149.3,32785.4,10.2,0.009,204873768,LOCKED
14053,3460.809,-207256171004078,12785,70431,-28136.7,32822.6,10.4,0.005,204970715,LOCKED
14054,3461.809,-207256171006825,34921,92567,-28034.9,33014.2,10.5,0.003,205054589,LOCKED
14055,3462.809,-207256171024355,40770,98416,-27873.8,32748.8,10.9,-0.008,205014723,LOCKED
14056,3463.809,-207256171123639,-27502,30144,-27982.3,32628.6,11.0,-0.013,205117048,LOCKED
14057,3464.809,-207256171114394,9276,66922,-27975.7,32644.4,11.2,-0.017,205211541,LOCKED
14058,3465.810,-207256171113724,34326,91972,-27856.1,32652.6,11.3,-0.020,205192858,LOCKED
14059,3466.810,-207256171214046,-37592,20054,-27820.4,32098.2,11.4,-0.024,205291213,LOCKED
14060,3467.810,-207256171200392,3763,61409,-27820.8,32097.6,11.4,-0.031,205393139,LOCKED
14061,3468.809,-207256171288298,-52330,5316,-27929.9,32847.3,11.9,-0.036,205395555,LOCKED
14062,3469.809,-207256171246552,17350,74996,-27959.0,32607.1,12.0,-0.039,205526609,LOCKED
14063,3470.810,-207256171254702,35154,92800,-27919.0,32912.2,12.1,-0.041,205607026,LOCKED
14064,3471.810,-207256171369004,-48366,9280,-27979.2,33507.0,12.4,-0.050,205581208,LOCKED
14065,3472.810,-207256171365532,-15672,41974,-28014.2,33569.4,12.3,-0.051,205674090,LOCKED
14066,3473.810,-207256171353805,23496,81142,-28025.2,33477.5,12.3,-0.052,205778351,LOCKED
14067,3474.810,-207256171456379,-47194,10452,-28136.3,34014.7,12.3,-0.054,205762375,LOCKED
14068,3475.810,-207256171466501,-27650,29996,-28165.4,34188.6,12.4,-0.055,205844828,LOCKED
14069,3476.810,-207256171474001,-5726,51920,-28217.8,34040.0,12.5,-0.057,205929094,LOCKED
14070,3477.810,-207256171459479,33680,91326,-28109.9,34137.5,12.7,-0.068,206026302,LOCKED
14071,3478.810,-207256171570430,-44463,13183,-28266.9,34123.0,12.7,-0.071,206004149,LOCKED
14072,3479.810,-207256171535500,16108,73754,-28164.6,33708.5,13.3,-0.087,206131601,LOCKED
14073,3480.810,-207256171564000,16117,73763,-28208.4,33315.0,13.5,-0.095,206194024,LOCKED
14074,3481.810,-207256171556952,48070,105716,-28126.1,33948.2,13.9,-0.117,206175691,LOCKED
14075,3482.810,-207256171661259,-27753,29893,-28097.4,33627.5,14.4,-0.131,206271355,LOCKED
14076,3483.810,-207256171658701,4188,61834,-28167.6,33091.1,14.8,-0.126,206373996,LOCKED
14077,3484.810,-207256171742887,-47935,9711,-28279.3,33657.5,14.9,-0.117,206372068,LOCKED
14078,3485.811,-207256171777240,-50765,6881,-28354.2,34338.8,15.4,-0.126,206455112,LOCKED
14079,3486.810,-207256171751775,1401,59047,-28275.2,33824.6,15.5,-0.098,206557091,LOCKED
14080,3487.811,-207256171754518,26681,84327,-28307.3,33465.2,15.9,-0.057,206537297,LOCKED
14081,3488.811,-207256171840633,-28496,29150,-28389.2,33597.4,16.1,-0.021,206648102,LOCKED
14082,3489.811,-207256171909661,-65667,0,-28450.2,34507.5,16.3,-0.004,206672933,LOCKED
14083,3490.811,-207256171882227,-7292,58375,-28560.6,33684.4,16.3,-0.004,206790365,LOCKED
14084,3491.811,-207256171879815,23134,88801,-28572.3,33587.8,16.3,0.012,206769241,LOCKED
14085,3492.811,-207256171953301,-20697,44970,-28591.0,33677.7,16.1,0.048,206896150,LOCKED
14086,3493.811,-207256171946391,12560,78227,-28501.6,33314.5,16.1,0.085,206994128,LOCKED
14087,3494.811,-207256172054734,-61276,4391,-28694.8,33689.5,16.2,0.098,206972926,LOCKED
14088,3495.811,-207256172059848,-34679,30988,-28785.3,33939.1,16.2,0.097,207059743,LOCKED
14089,3496.811,-207256172049584,3697,69364,-28758.4,33905.9,16.0,0.113,207159447,LOCKED
14090,3497.811,-207256172051060,27683,93350,-28642.4,33711.6,16.0,0.111,207250350,LOCKED
14091,3498.812,-207256172155404,-43365,22302,-28799.0,33648.9,16.0,0.118,207233274,LOCKED
14092,3499.811,-207256172107925,30437,96104,-28727.9,33874.1,15.9,0.125,207369819,LOCKED
14093,3500.811,-207256172122694,40361,106028,-28596.8,33994.5,15.9,0.124,207442549,LOCKED
14094,3501.812,-207256172237622,-41985,23682,-28722.8,34229.4,15.8,0.124,207416818,LOCKED
14095,3502.811,-207256172223224,1018,66685,-28718.7,34229.2,15.9,0.116,207517230,LOCKED
14096,3503.812,-207256172220912,28602,94269,-28596.9,33998.8,15.9,0.117,207502886,LOCKED
14097,3504.812,-207256172312604,-31222,34445,-28705.7,34005.2,15.7,0.116,207610629,LOCKED
14098,3505.812,-207256172299538,9661,75328,-28678.1,34020.5,15.7,0.110,207714693,LOCKED
14099,3506.812,-207256172295290,39287,104954,-28581.3,34368.2,15.8,0.104,207808302,LOCKED
14100,3507.812,-207256172406172,-39050,26617,-28711.1,34448.5,15.6,0.102,207786582,LOCKED
14101,3508.812,-207256172389704,7195,72862,-28775.6,33941.9,15.6,0.098,207892058,LOCKED
14102,3509.812,-207256172467206,-37091,28576,-28932.1,33573.3,15.7,0.094,207907921,LOCKED
14103,3510.811,-207256172478111,-17037,48630,-29003.4,33499.9,15.7,0.090,207984376,LOCKED
14104,3511.812,-207256172474645,14389,80056,-28976.1,33556.5,15.8,0.087,208080462,LOCKED
14105,3512.812,-207256172464783,51651,117318,-28984.6,33410.9,16.0,0.079,208176938,LOCKED
14106,3513.812,-207256172580131,-31307,34360,-29099.9,33353.6,16.0,0.081,208154058,LOCKED
14107,3514.812,-207256172557820,18569,84236,-29055.4,33435.9,16.2,0.074,208264875,LOCKED
14108,3515.812,-207256172605999,-1960,63707,-28983.0,32916.9,16.2,0.074,208346062,LOCKED
14109,3516.812,-207256172680472,-42960,22707,-29132.2,32936.5,16.4,0.067,208332293,LOCKED
14110,3517.812,-207256172661610,5026,70693,-29140.2,32917.9,16.4,0.067,208429233,LOCKED
14111,3518.812,-207256172648719,43473,109140,-29036.4,33374.9,16.4,0.057,208536109,LOCKED
14112,3519.813,-207256172720807,1436,67103,-29088.7,33103.9,16.4,0.056,208556690,LOCKED
14113,3520.812,-207256172706368,41976,107643,-29011.7,33590.0,16.5,0.047,208659618,LOCKED
14114,3521.812,-207256172725522,47469,113136,-28876.2,33962.3,16.3,0.040,208618153,LOCKED
14115,3522.813,-207256172808826,-8005,57662,-28811.4,33427.2,15.8,0.027,208734492,LOCKED
14116,3523.813,-207256172783595,43800,109467,-28774.4,33812.1,15.8,0.017,208850008,LOCKED
14117,3524.813,-207256172893099,-35038,30629,-28809.0,34081.9,15.6,0.008,208829763,LOCKED
14118,3525.813,-207256172878988,5882,71549,-28720.5,33548.8,15.5,-0.003,208936130,LOCKED
14119,3526.813,-207256172870884,40719,106386,-28690.6,33849.0,15.2,-0.014,209033594,LOCKED
14120,3527.813,-207256172981014,-38688,26979,-28726.1,34162.3,15.0,-0.026,209014612,LOCKED
14121,3528.813,-207256172969742,2585,68252,-28793.1,33711.7,14.3,-0.046,209120085,LOCKED
14122,3529.813,-207256173054757,-51048,14619,-28835.3,34221.4,14.0,-0.062,209119304,LOCKED
14123,3530.813,-207256173058800,-26139,39528,-28797.4,33789.1,13.6,-0.079,209205673,LOCKED
14124,3531.813,-207256173048487,13307,78974,-28836.2,33494.3,12.9,-0.105,209303366,LOCKED
14125,3532.813,-207256173046610,41327,106994,-28772.6,33954.2,12.8,-0.116,209397550,LOCKED
14126,3533.813,-207256173056141,55412,121079,-28611.3,34422.1,12.7,-0.129,209366426,LOCKED
14127,3534.813,-207256173159479,-16963,48704,-28698.8,34208.6,12.9,-0.141,209463517,LOCKED
14128,3535.814,-207256173152019,18521,84188,-28696.5,34221.2,13.0,-0.144,209563946,LOCKED
14129,3536.814,-207256173162118,34590,100257,-28629.8,34538.9,13.3,-0.144,209645176,LOCKED
14130,3537.813,-207256173250851,-25456,40211,-28590.1,34092.1,13.3,-0.134,209641649,LOCKED
14131,3538.814,-207256173246746,7830,73497,-28632.2,33833.3,13.3,-0.154,209734857,LOCKED
14132,3539.814,-207256173330484,-45194,20473,-28659.3,34146.9,13.1,-0.131,209740193,LOCKED
14133,3540.813,-207256173318402,-5177,60490,-28615.0,33903.8,13.2,-0.135,209842453,LOCKED
14134,3541.814,-207256173308943,28492,94159,-28445.9,32851.3,13.2,-0.138,209943125,LOCKED
14135,3542.814,-207256173319487,43448,109115,-28373.4,33375.6,13.0,-0.125,209909692,LOCKED
14136,3543.814,-207256173415755,-23864,41803,-28362.3,33280.8,12.8,-0.107,210016417,LOCKED
14137,3544.814,-207256173420716,380,66047,-28404.4,33115.9,12.8,-0.104,210096492,LOCKED
14138,3545.814,-207256173429038,20199,85866,-28425.1,32943.9,12.5,-0.077,210185677,LOCKED
14139,3546.814,-207256173525320,-45239,20428,-28468.7,33397.3,12.8,-0.103,210172937,LOCKED
14140,3547.814,-207256173558944,-48647,17020,-28473.5,33468.6,12.5,-0.117,210258934,LOCKED
14141,3548.814,-207256173517076,20626,86293,-28455.3,33556.6,12.2,-0.128,210358462,LOCKED
14142,3549.814,-207256173577387,-8806,56861,-28559.9,32861.0,12.0,-0.146,210388173,LOCKED
14143,3550.814,-207256173576711,19058,84725,-28524.1,32962.3,11.9,-0.152,210473818,LOCKED
14144,3551.814,-207256173569077,50524,116191,-28377.6,33368.6,12.4,-0.173,210572869,LOCKED
14145,3552.814,-207256173671452,-21681,43986,-28429.6,33480.7,12.3,-0.177,210558531,LOCKED
14146,3553.814,-207256173653293,22420,88087,-28344.7,33432.5,12.0,-0.187,210671425,LOCKED
14147,3554.814,-207256173756058,-46907,18760,-28517.0,33311.7,12.0,-0.202,210652657,LOCKED
14148,3555.814,-207256173730202,8087,73754,-28561.0,33023.5,12.0,-0.209,210769329,LOCKED
14149,3556.815,-207256173712953,50272,115939,-28466.5,33718.2,11.9,-0.220,210876819,LOCKED
14150,3557.814,-207256173820506,-28029,37638,-28458.4,33641.6,11.7,-0.219,210854407,LOCKED
14151,3558.814,-207256173809779,11830,77497,-28511.3,33194.2,11.3,-0.222,210957046,LOCKED
14152,3559.815,-207256173891921,-40133,25534,-28526.4,33365.1,10.7,-0.218,210963890,LOCKED
14153,3560.814,-207256173891295,-11801,53866,-28466.4,32813.4,10.6,-0.221,211053620,LOCKED
14154,3561.815,-207256173895235,13152,78819,-28509.3,32461.9,10.5,-0.223,211138764,LOCKED
14155,3562.815,-207256173889529,44184,109851,-28426.4,33009.1,10.6,-0.226,211231408,LOCKED
14156,3563.815,-207256173995287,-32181,33486,-28420.3,32943.3,10.4,-0.226,211216739,LOCKED
14157,3564.815,-207256173989209,3043,68710,-28461.1,32751.9,10.6,-0.229,211309696,LOCKED
14158,3565.815,-207256173979921,37689,103356,-28371.3,33098.5,10.6,-0.228,211411933,LOCKED
14159,3566.815,-207256174002834,38728,104395,-28218.5,32862.5,11.0,-0.232,211367014,LOCKED
14160,3567.815,-207256174094581,-22205,43462,-28309.1,32756.5,10.8,-0.230,211474277,LOCKED
14161,3568.816,-207256174082524,16566,82233,-28258.3,32790.2,10.9,-0.231,211575955,LOCKED
14162,3569.815,-207256174158455,-27905,37762,-28369.2,32657.5,10.9,-0.232,211590968,LOCKED
14163,3570.815,-207256174152168,7023,72690,-28394.3,32542.6,11.0,-0.232,211684998,LOCKED
14164,3571.815,-207256174139954,44225,109892,-28300.5,33068.1,11.0,-0.232,211784247,LOCKED
14165,3572.815,-207256174257888,-44112,21555,-28290.7,32922.5,11.0,-0.234,211756273,LOCKED
14166,3573.816,-207256174251415,-7556,58111,-28366.3,32583.6,10.8,-0.228,211850500,LOCKED
14167,3574.816,-207256174244533,25477,91144,-28299.8,32723.3,10.7,-0.231,211944199,LOCKED
14168,3575.816,-207256174250003,45355,111022,-28230.2,33288.9,10.5,-0.223,211920667,LOCKED
14169,3576.815,-207256174347989,-21125,44542,-28356.1,32695.3,10.6,-0.228,212019686,LOCKED
14170,3577.816,-207256174339137,15296,80963,-28342.9,32744.3,10.4,-0.220,212121235,LOCKED
14171,3578.815,-207256174374480,6641,72308,-28272.6,32439.6,10.4,-0.224,212208545,LOCKED
14172,3579.816,-207256174431130,-20064,45603,-28321.4,32536.8,10.3,-0.215,212208301,LOCKED
14173,3580.816,-207256174460711,-21062,44605,-28299.2,32339.3,10.2,-0.220,212305114,LOCKED
14174,3581.816,-207256174427994,35873,101540,-28158.3,32141.6,10.1,-0.208,212280286,LOCKED
14175,3582.816,-207256174512974,-19376,46291,-28203.3,32237.8,10.1,-0.205,212391503,LOCKED
14176,3583.816,-207256174536945,-15693,49974,-28150.1,31698.3,10.0,-0.211,212484740,LOCKED
14177,3584.816,-207256174589035,-35965,29702,-28270.5,31763.4,9.9,-0.196,212469223,LOCKED
14178,3585.816,-207256174601808,-19341,46326,-28293.7,31860.9,9.9,-0.192,212571079,LOCKED
14179,3586.816,-207256174594499,13796,79463,-28195.4,31395.9,10.0,-0.185,212667310,LOCKED
14180,3587.816,-207256174585075,49280,114947,-28172.6,31721.5,9.7,-0.166,212767586,LOCKED
14181,3588.816,-207256174697526,-32804,32863,-28225.8,32031.1,9.3,-0.144,212744712,LOCKED
14182,3589.816,-207256174658846,33730,99397,-28263.8,31471.6,9.5,-0.107,212876326,LOCKED
14183,3590.816,-207256174677854,41317,106984,-28250.6,31636.8,9.0,-0.078,212832145,LOCKED
14184,3591.816,-207256174774374,-25330,40337,-28288.1,31818.9,9.1,-0.062,212936658,LOCKED
14185,3592.816,-207256174744901,29207,94874,-28178.3,31742.0,9.0,-0.033,213054900,LOCKED
14186,3593.816,-207256174853211,-49461,16206,-28167.8,31559.0,8.8,-0.002,213033444,LOCKED
14187,3594.817,-207256174851121,-17367,48300,-28229.1,31556.4,8.8,0.013,213128925,LOCKED
14188,3595.817,-207256174849451,11177,76844,-28181.1,31516.0,8.4,0.049,213221260,LOCKED
14189,3596.817,-207256174877597,9288,74955,-28102.0,31163.8,8.2,0.071,213283939,LOCKED
14190,3597.817,-207256174880938,32568,98235,-28083.5,31334.2,8.0,0.054,213254275,LOCKED
14191,3598.817,-207256174984407,-40361,25306,-28137.0,31781.8,8.2,0.069,213355528,LOCKED
14192,3599.817,-207256174938297,33233,98900,-28160.3,31473.0,8.1,0.079,213491250,LOCKED
