# seq,elapsed_s,d_total_ns,d_detrended_ns,offset_ns,drift_ns_per_s,drift_sigma_ns,gm_sigma_ns,gm_a1_ppb,clock_error_ns,sync_state
62316,0.950,-62284000423891,0,0,-49421.0,inf,9.6,-0.015,0,ACQUIRING
62317,1.951,-62284000309217,0,0,32626.5,66991.5,9.6,-0.016,0,ACQUIRING
62318,2.955,-62284000364158,0,0,14561.0,52800.3,9.7,-0.009,0,ACQUIRING
62319,3.951,-62284000334024,0,0,14062.5,43120.8,9.8,-0.002,0,ACQUIRING
62320,4.952,-62284000279928,0,0,19639.1,39698.4,10.2,0.011,0,ACQUIRING
62321,5.951,-62284000268301,0,0,20772.4,35675.7,10.2,0.009,0,ACQUIRING
62322,6.952,-62284000235869,0,0,22216.2,33012.4,10.2,0.013,0,ACQUIRING
62323,7.951,-62284000200368,0,0,23775.6,31349.1,10.4,0.006,0,ACQUIRING
62324,8.952,-62284000156308,0,0,25675.9,30971.4,10.4,0.004,0,ACQUIRING
62325,9.953,-62284000108035,0,0,27739.6,31761.6,10.5,-0.003,0,ACQUIRING
62326,10.953,-62284000045572,0,0,30265.7,34815.1,10.5,-0.005,0,ACQUIRING
62327,11.951,-62283999971110,0,0,33249.5,40521.8,10.7,-0.011,0,ACQUIRING
62328,12.955,-62283999978632,0,0,33960.1,39287.1,10.6,-0.010,0,ACQUIRING
62329,13.952,-62283999998770,0,0,33069.5,38713.9,10.6,-0.017,0,ACQUIRING
62330,14.952,-62283999949502,0,0,32831.0,37392.0,10.8,-0.023,0,ACQUIRING
62331,15.952,-62283999898083,0,0,33031.7,36199.9,11.3,-0.031,0,ACQUIRING
62332,16.952,-62283999825204,0,0,33871.7,36639.7,11.4,-0.035,0,ACQUIRING
62333,17.953,-62283999813322,0,0,34125.7,35717.8,11.5,-0.039,0,ACQUIRING
62334,18.952,-62283999790840,0,0,34144.4,34712.6,11.6,-0.043,0,ACQUIRING
62335,19.952,-62283999760746,0,0,34105.7,33792.5,11.6,-0.049,0,ACQUIRING
62336,20.954,-62283999720096,0,0,34154.2,32947.4,11.5,-0.056,0,ACQUIRING
62337,21.953,-62283999661002,0,0,34462.2,32647.1,12.0,-0.062,0,ACQUIRING
62338,22.954,-62283999711747,0,0,33847.3,34093.0,12.0,-0.060,0,ACQUIRING
62339,23.952,-62283999639065,0,0,33727.1,33437.4,12.4,-0.065,0,ACQUIRING
62340,24.952,-62283999637589,0,0,33356.9,33738.4,12.6,-0.073,0,ACQUIRING
62341,25.952,-62283999560393,0,0,33411.1,33080.9,12.6,-0.070,0,ACQUIRING
62342,26.955,-62283999578500,0,0,33073.7,33489.7,13.0,-0.073,0,ACQUIRING
62343,27.954,-62283999536273,0,0,32864.6,33310.6,13.6,-0.070,0,ACQUIRING
62344,28.954,-62283999478178,0,0,32857.5,32711.0,13.9,-0.071,0,ACQUIRING
62345,29.954,-62283999474692,0,0,32673.9,32572.3,14.1,-0.079,0,ACQUIRING
62346,30.953,-62283999359842,0,0,32989.6,33410.0,14.3,-0.087,0,ACQUIRING
62347,31.954,-62283999333744,0,0,33214.5,33624.9,15.0,-0.087,0,ACQUIRING
62348,32.955,-62283999286725,0,0,33471.5,34166.7,15.5,-0.077,0,ACQUIRING
62349,33.953,-62283999364818,0,0,33155.7,35365.3,15.6,-0.084,0,ACQUIRING
62350,34.954,-62283999294266,0,0,33058.1,35017.9,16.1,-0.090,0,ACQUIRING
62351,35.954,-62283999246078,0,0,33040.0,34520.6,16.4,-0.106,0,ACQUIRING
62352,36.954,-62283999180780,0,0,33155.3,34333.8,16.9,-0.100,0,ACQUIRING
62353,37.955,-62283999224105,0,0,32959.5,34785.6,17.3,-0.081,0,ACQUIRING
62354,38.954,-62283999179507,0,0,32834.3,34728.4,17.1,-0.048,0,ACQUIRING
62355,39.953,-62283999139182,0,0,32752.6,34465.9,17.4,-0.081,0,ACQUIRING
62356,40.954,-62283999038151,0,0,32908.9,34762.6,17.5,-0.096,0,ACQUIRING
62357,41.955,-62283999044857,0,0,32918.8,34339.2,17.8,-0.121,0,ACQUIRING
62358,42.956,-62283999035806,0,0,32855.0,34069.4,17.9,-0.127,0,ACQUIRING
62359,43.953,-62283999018144,0,0,32755.3,34042.1,17.9,-0.130,0,ACQUIRING
62360,44.953,-62283998957044,0,0,32746.8,33655.9,18.0,-0.146,0,ACQUIRING
62361,45.954,-62283998934137,0,0,32713.1,33329.0,17.8,-0.129,0,ACQUIRING
62362,46.954,-62283998892707,0,0,32705.7,32967.3,17.6,-0.107,0,ACQUIRING
62363,47.955,-62283998848032,0,0,32728.4,32640.6,17.6,-0.097,0,ACQUIRING
62364,48.955,-62283998791390,0,0,32804.8,32611.1,17.8,-0.129,0,ACQUIRING
62365,49.955,-62283998842515,0,0,32682.7,33116.5,17.6,-0.134,0,ACQUIRING
62366,50.955,-62283998774830,0,0,32650.4,32846.0,17.6,-0.148,0,ACQUIRING
62367,51.955,-62283998684763,0,0,32741.9,33050.7,17.5,-0.160,0,ACQUIRING
62368,52.956,-62283998701685,0,0,32723.3,32754.4,17.4,-0.171,0,ACQUIRING
62369,53.954,-62283998623263,0,0,32795.7,32814.9,17.4,-0.188,0,ACQUIRING
62370,54.955,-62283998584970,0,0,32871.0,32931.5,17.3,-0.186,0,ACQUIRING
62371,55.956,-62283998574276,0,0,32898.3,32689.6,17.0,-0.200,0,ACQUIRING
62372,56.955,-62283998574044,0,0,32865.6,32485.5,16.5,-0.197,0,ACQUIRING
62373,57.956,-62283998532160,0,0,32851.5,32217.1,16.3,-0.201,0,ACQUIRING
62374,58.958,-62283998499921,-7871,0,32837.7,31956.0,15.7,-0.197,0,ACQUIRING
62375,59.956,-62283998461999,-4439,3432,32926.3,31076.8,15.5,-0.199,68074,ACQUIRING
62376,60.955,-62283998506876,-76105,0,32751.4,32592.0,14.9,-0.199,-700794,ACQUIRING
62377,61.957,-62283998480230,-78661,0,32707.9,33508.1,14.7,-0.199,-644385,ACQUIRING
62378,62.959,-62283998503216,-124524,0,32432.0,37267.6,14.0,-0.197,-755364,ACQUIRING
62379,63.956,-62283998619430,-254012,0,31913.3,50462.0,13.3,-0.190,-731055,LOCKED
62380,64.955,-62283998586135,-235148,18864,31445.6,59562.0,11.8,-0.184,-665352,LOCKED
62381,65.956,-62283998652751,-309474,0,30794.2,72407.3,11.4,-0.181,-701798,LOCKED
62382,66.955,-62283998681925,-342894,0,30060.2,85470.5,10.4,-0.175,-704962,LOCKED
62383,67.955,-62283998708727,-370835,0,29256.0,98483.6,10.3,-0.174,-699335,LOCKED
62384,68.956,-62283998739485,-399755,0,28393.3,111753.1,10.0,-0.172,-695843,LOCKED
62385,69.957,-62283998776851,-432139,0,27472.3,125588.9,9.9,-0.169,-703476,LOCKED
62386,70.957,-62283998813817,-461620,0,26522.7,139943.3,9.4,-0.163,-702804,LOCKED
62387,71.955,-62283998831191,-470842,0,25602.3,153682.6,9.2,-0.160,-689758,LOCKED
62388,72.955,-62283998863229,-490525,0,24553.3,166857.2,8.8,-0.154,-684785,LOCKED
62389,73.956,-62283998897783,-507977,0,23351.6,178939.2,8.6,-0.149,-686051,LOCKED
62390,74.957,-62283998908539,-500769,7208,22154.5,189823.8,8.4,-0.144,-658131,LOCKED
62391,75.957,-62283998881518,-457549,50428,21031.1,198178.5,8.4,-0.144,-702064,LOCKED
62392,76.957,-62283998915548,-473929,34048,19918.8,207225.0,8.2,-0.138,-687631,LOCKED
62393,77.957,-62283998980746,-516143,0,18669.3,217124.0,7.9,-0.131,-555554,LOCKED
62394,78.957,-62283999047760,-555200,0,17301.8,227806.1,7.9,-0.124,-651172,LOCKED
62395,79.958,-62283998988509,-471629,83571,16041.1,234241.2,7.6,-0.116,-526975,LOCKED
62396,80.956,-62283999025915,-482372,72828,14745.1,240715.1,7.3,-0.106,-519334,LOCKED
62397,81.957,-62283999054681,-483437,71763,13463.5,247232.5,7.4,-0.103,-501291,LOCKED
62398,82.957,-62283999070870,-468186,87014,12035.7,250911.2,7.3,-0.091,-471171,LOCKED
62399,83.958,-62283999108228,-473047,82153,10634.2,255185.9,7.9,-0.085,-459134,LOCKED
62400,84.956,-62283999130827,-460858,94342,9168.6,257766.0,7.9,-0.080,-429751,LOCKED
62401,85.958,-62283999173984,-468163,87037,7735.0,261214.2,7.6,-0.063,-418562,LOCKED
62402,86.956,-62283999209153,-463957,91243,6191.6,262690.4,7.7,-0.053,-402872,LOCKED
62403,87.958,-62283999248335,-462018,93182,4634.9,263817.3,7.8,-0.053,-386582,LOCKED
62404,88.958,-62283999270713,-443283,111917,3124.1,264565.7,8.3,-0.038,-357230,LOCKED
62405,89.958,-62283999316286,-444557,110643,1532.9,263983.6,8.3,-0.023,-338911,LOCKED
62406,90.958,-62283999354069,-439152,116048,65.7,265193.3,8.2,-0.004,-317925,LOCKED
62407,91.958,-62283999386434,-427085,128115,-1410.7,265548.3,8.2,0.002,-290254,LOCKED
62408,92.957,-62283999421629,-417214,137986,-2862.2,265738.1,8.6,-0.027,-261068,LOCKED
62409,93.958,-62283999448626,-395006,160194,-4482.8,261396.8,8.5,-0.021,-225000,LOCKED
62410,94.958,-62283999429738,-330631,224569,-5948.2,256200.9,8.8,-0.045,-141223,LOCKED
62411,95.958,-62283999468563,-323273,231927,-7388.0,250986.6,9.6,-0.081,-111761,LOCKED
62412,96.959,-62283999514356,-322446,232754,-8779.9,246605.1,9.6,-0.087,-88953,LOCKED
62413,97.963,-62283999569731,-326703,228497,-10317.4,239164.8,9.7,-0.109,-74917,LOCKED
62414,98.958,-62283999610916,-316145,239055,-11827.7,231433.4,9.7,-0.081,-43351,LOCKED
62415,99.958,-62283999647859,-300994,254206,-13306.2,223181.6,9.7,-0.086,-7263,LOCKED
62416,100.957,-62283999578680,-188422,366778,-14471.8,215128.7,9.8,-0.102,23837,LOCKED
62417,101.959,-62283999607706,-172829,382371,-15666.3,205095.6,9.8,-0.102,69204,LOCKED
62418,102.959,-62283999737452,-250744,304456,-17026.9,195285.1,9.8,-0.104,130048,LOCKED
62419,103.959,-62283999766014,-227356,327844,-18365.4,183823.7,9.8,-0.096,179931,LOCKED
62420,104.959,-62283999762416,-175305,379895,-19552.8,172371.2,9.9,-0.088,302958,LOCKED
62421,105.959,-62283999762541,-129053,426147,-20656.9,159364.3,10.0,-0.099,342856,LOCKED
62422,106.959,-62283999799714,-120171,435029,-21705.7,146459.3,10.1,-0.092,387780,LOCKED
62423,107.959,-62283999865009,-138140,417060,-22735.4,134471.4,10.1,-0.086,429535,LOCKED
62424,108.959,-62283999872559,-101429,453771,-23624.9,123426.1,10.2,-0.080,483112,LOCKED
62425,109.959,-62283999887561,-71263,483937,-24565.6,106470.6,10.0,-0.075,550468,LOCKED
62426,110.959,-62283999908535,-49674,505526,-25367.9,91177.2,9.9,-0.076,618195,LOCKED
62427,111.959,-62283999944516,-45613,509587,-26013.5,80202.4,10.0,-0.071,669498,LOCKED
62428,112.961,-62283999969674,-30594,524606,-26659.1,65940.8,10.0,-0.072,730087,LOCKED
62429,113.959,-62283999992696,-16635,538565,-27139.0,55988.0,10.0,-0.069,794515,LOCKED
62430,114.960,-62283999990816,18582,573782,-27474.8,48238.5,9.7,-0.068,887473,LOCKED
62431,115.959,-62284000041012,2326,557526,-27796.7,41107.5,9.9,-0.075,922282,LOCKED
62432,116.959,-62284000096629,-18146,537054,-28127.8,34037.0,9.8,-0.077,963053,LOCKED
62433,117.959,-62284000103983,6231,561431,-28315.4,30378.6,9.8,-0.077,1039004,LOCKED
62434,118.960,-62284000135153,5167,560367,-28412.1,29262.1,9.5,-0.074,1100671,LOCKED
62435,119.960,-62284000167955,660,555860,-28407.4,29261.0,9.4,-0.073,1159562,LOCKED
62436,120.959,-62284000194557,2782,557982,-28427.6,29198.9,9.4,-0.072,1219455,LOCKED
62437,121.960,-62284000213079,10533,565733,-28339.2,28727.9,9.5,-0.073,1292302,LOCKED
62438,122.961,-62284000226073,22582,577782,-28214.8,28134.1,9.5,-0.071,1371339,LOCKED
62439,123.959,-62284000252887,23605,578805,-28235.5,27904.0,9.1,-0.066,1429762,LOCKED
62440,124.960,-62284000266398,35022,590222,-28131.2,28110.8,9.3,-0.066,1507948,LOCKED
62441,125.960,-62284000293462,34111,589311,-28090.8,28450.2,9.2,-0.063,1568923,LOCKED
62442,126.960,-62284000326209,27930,583130,-28062.4,28657.8,9.3,-0.062,1623789,LOCKED
62443,127.958,-62284000345822,34355,589555,-28020.2,29001.6,9.2,-0.059,1694601,LOCKED
62444,128.959,-62284000377596,29028,584228,-27991.2,29219.0,9.2,-0.060,1752043,LOCKED
62445,129.960,-62284000418766,15542,570742,-28002.0,29146.5,9.7,-0.058,1799041,LOCKED
62446,130.959,-62284000452139,10564,565764,-28038.9,28864.0,9.8,-0.055,1853592,LOCKED
62447,131.961,-62284000478709,12010,567210,-28057.8,28744.0,10.2,-0.051,1918825,LOCKED
62448,132.961,-62284000502702,15960,571160,-28078.8,28575.2,10.3,-0.052,1981506,LOCKED
62449,133.959,-62284000535473,11727,566927,-28120.9,28204.4,10.3,-0.046,2039986,LOCKED
62450,134.961,-62284000614833,-36260,518940,-28220.4,28495.7,10.3,-0.039,2047904,LOCKED
62451,135.961,-62284000643610,-35491,519709,-28226.4,28570.7,10.3,-0.030,2113874,LOCKED
62452,136.961,-62284000679236,-41009,514191,-28250.6,28872.9,10.2,-0.020,2162750,LOCKED
62453,137.961,-62284000710398,-40754,514446,-28338.4,29371.3,10.2,-0.009,2220007,LOCKED
62454,138.961,-62284000737599,-35371,519829,-28488.2,28974.1,10.2,-0.006,2284664,LOCKED
62455,139.959,-62284000769941,-37772,517428,-28496.7,29083.1,10.4,0.012,2343326,LOCKED
62456,140.961,-62284000740391,18125,573325,-28421.2,28989.8,10.2,0.029,2390757,LOCKED
62457,141.961,-62284000818773,-30665,524535,-28427.6,29057.1,10.5,0.041,2460291,LOCKED
62458,142.963,-62284000854170,-36521,518679,-28421.5,28972.3,10.6,0.030,2528626,LOCKED
62459,143.961,-62284000779972,60715,615915,-28258.0,29796.5,10.6,0.009,2580640,LOCKED
62460,144.960,-62284000869708,-2135,553065,-28187.0,29229.9,10.7,0.001,2690307,LOCKED
62461,145.961,-62284000924948,-28308,526892,-28183.0,29188.1,10.8,-0.002,2763949,LOCKED
62462,146.960,-62284000898899,23415,578615,-28098.7,29168.7,11.0,-0.018,2841112,LOCKED
62463,147.961,-62284000923100,24998,580198,-28026.5,29283.5,11.0,-0.019,2907869,LOCKED
62464,148.959,-62284000948074,25432,580632,-27940.1,29308.5,11.0,-0.036,2971484,LOCKED
62465,149.960,-62284000957240,41040,596240,-27852.8,29810.0,11.0,-0.023,3052071,LOCKED
62466,150.961,-62284000984030,39335,594535,-27782.3,30284.5,11.0,-0.022,3117710,LOCKED
62467,151.963,-62284001004415,43768,598968,-27709.5,30860.8,10.8,-0.020,3071282,LOCKED
62468,152.964,-62284001138762,-58505,496695,-27826.6,31847.0,10.8,-0.023,3135629,LOCKED
62469,153.960,-62284001170991,-58479,496721,-27946.9,32793.3,10.8,-0.028,3196627,LOCKED
62470,154.961,-62284001168334,-27193,528007,-27935.1,32677.7,10.8,-0.031,3284422,LOCKED
62471,155.962,-62284001207555,-36790,518410,-27956.8,32890.8,10.7,-0.042,3334454,LOCKED
62472,156.962,-62284001227772,-27393,527807,-27992.7,33087.0,10.7,-0.036,3404740,LOCKED
62473,157.962,-62284001255487,-24655,530545,-28072.6,33134.4,10.9,-0.047,3465982,LOCKED
62474,158.960,-62284001287292,-25329,529871,-28180.7,32944.4,10.6,-0.049,3521787,LOCKED
62475,159.962,-62284001317854,-24290,530910,-28308.5,32445.8,10.6,-0.051,3582564,LOCKED
62476,160.961,-62284001346064,-24108,531092,-28272.4,32041.0,10.6,-0.052,3642834,LOCKED
62477,161.962,-62284001373054,-22880,532320,-28231.5,31574.6,10.7,-0.060,3710858,LOCKED
62478,162.962,-62284001390819,-9842,545358,-28341.6,30774.3,10.7,-0.060,3778308,LOCKED
62479,163.961,-62284001418178,-6377,548823,-28453.1,29790.8,10.4,-0.060,3843310,LOCKED
62480,164.960,-62284001395726,42611,597811,-28429.8,30084.8,10.1,-0.058,3950820,LOCKED
62481,165.961,-62284001436786,28083,583283,-28383.3,30324.8,10.0,-0.059,4006511,LOCKED
62482,166.961,-62284001450936,39880,595080,-28330.0,30777.8,9.8,-0.061,4078359,LOCKED
62483,167.963,-62284001478741,39300,594500,-28341.1,30615.4,9.5,-0.058,4140473,LOCKED
62484,168.963,-62284001500748,43555,598755,-28311.5,30970.9,9.2,-0.059,4210949,LOCKED
62485,169.961,-62284001525945,44089,599289,-28258.1,31489.9,8.8,-0.055,4271099,LOCKED
62486,170.962,-62284001550711,44678,599878,-28189.8,32059.6,8.9,-0.056,4340193,LOCKED
62487,171.961,-62284001570285,50239,605439,-28123.3,32734.7,8.5,-0.054,4296396,LOCKED
62488,172.963,-62284001698043,-45903,509297,-28218.6,33303.2,8.5,-0.054,4370754,LOCKED
62489,173.961,-62284001710656,-28145,527055,-28277.5,33513.6,8.0,-0.047,4447805,LOCKED
62490,174.961,-62284001726404,-15378,539822,-28263.6,33428.9,7.9,-0.043,4530352,LOCKED
62491,175.961,-62284001753593,-13455,541745,-28282.8,33477.1,8.0,-0.045,4583083,LOCKED
62492,176.961,-62284001797614,-26456,528744,-28373.4,33495.3,8.1,-0.047,4634093,LOCKED
62493,177.962,-62284001821196,-20027,535173,-28420.5,33592.6,8.0,-0.043,4693400,LOCKED
62494,178.962,-62284001858422,-26598,528602,-28486.1,33754.4,7.8,-0.038,4746496,LOCKED
62495,179.962,-62284001877792,-15785,539415,-28543.2,33745.3,7.7,-0.033,4817777,LOCKED
62496,180.962,-62284001897189,-5654,549546,-28582.2,33678.7,7.7,-0.026,4887334,LOCKED
62497,181.963,-62284001914591,5430,560630,-28586.5,33669.7,7.7,-0.026,4959719,LOCKED
62498,182.964,-62284001926753,20189,575389,-28538.3,33766.4,7.7,-0.018,5039169,LOCKED
62499,183.962,-62284001934959,37543,592743,-28454.4,34120.5,7.7,-0.011,5120729,LOCKED
62500,184.962,-62284002020878,-19536,535664,-28440.8,34022.2,7.7,-0.011,5123875,LOCKED
62501,185.963,-62284002057115,-26551,528649,-28435.0,33971.3,7.6,-0.002,5178388,LOCKED
62502,186.963,-62284002062097,-3786,551414,-28394.8,33781.3,7.6,-0.000,5261016,LOCKED
62503,187.963,-62284002086043,-621,554579,-28330.7,33401.6,7.3,0.010,5329098,LOCKED
62504,188.962,-62284002113469,-945,554255,-28268.6,33035.8,7.1,0.023,5389812,LOCKED
62505,189.963,-62284002138426,1349,556549,-28220.8,32848.4,7.1,0.015,5453709,LOCKED
62506,190.965,-62284002179028,-11068,544132,-28200.6,32739.1,7.1,0.020,5500499,LOCKED
62507,191.964,-62284002210262,-14032,541168,-28180.6,32612.4,7.1,0.011,5564301,LOCKED
62508,192.967,-62284002230624,-6838,548362,-28138.5,32355.2,7.6,0.021,5633886,LOCKED
62509,193.962,-62284002259625,-8138,547062,-28103.4,32147.7,7.6,0.029,5692431,LOCKED
62510,194.963,-62284002322590,-39489,515711,-28210.3,32461.5,7.6,0.036,5718934,LOCKED
62511,195.963,-62284002260191,48627,603827,-28168.7,32953.1,7.7,0.025,5758781,LOCKED
62512,196.962,-62284002285380,49330,604530,-28139.0,33338.5,7.7,0.033,5935503,LOCKED
62513,197.962,-62284002308718,51807,607007,-28111.1,33722.4,7.8,0.026,6003675,LOCKED
62514,198.964,-62284002347552,39600,0,-28104.1,33804.1,7.7,0.036,5939964,LOCKED
62515,199.963,-62284002465506,-45618,0,-28255.8,33914.6,7.8,0.014,6022440,LOCKED
62516,200.963,-62284002482296,-32345,13273,-28290.8,34156.3,8.2,-0.004,6097330,LOCKED
62517,201.963,-62284002511457,-29789,15829,-28409.6,34006.1,8.2,-0.028,6156763,LOCKED
62518,202.966,-62284002538883,-25310,20308,-28539.3,33534.3,8.5,-0.050,6219261,LOCKED
62519,203.963,-62284002561069,-19384,26234,-28486.0,32951.2,8.5,-0.044,6290181,LOCKED
62520,204.963,-62284002557177,12439,58057,-28479.5,32973.3,8.5,-0.047,6377333,LOCKED
62521,205.964,-62284002601201,-1716,43902,-28544.9,32617.4,8.5,-0.053,6423344,LOCKED
62522,206.964,-62284002635375,-7415,38203,-28529.1,32556.6,8.5,-0.056,6482221,LOCKED
62523,207.964,-62284002659965,-3972,41646,-28498.1,32428.1,8.7,-0.069,6545427,LOCKED
62524,208.963,-62284002682770,725,46343,-28450.3,32227.5,8.7,-0.072,6615519,LOCKED
62525,209.964,-62284002696925,12454,58072,-28344.9,31615.5,8.6,-0.082,6689813,LOCKED
62526,210.964,-62284002737586,-1637,43981,-28254.8,30786.2,8.6,-0.084,6757613,LOCKED
62527,211.964,-62284002787789,-24202,21416,-28184.2,29696.4,8.9,-0.099,6837628,LOCKED
62528,212.965,-62284002738573,51007,96625,-28161.5,30052.8,8.8,-0.100,6919808,LOCKED
62529,213.964,-62284002862948,-40836,4782,-28308.3,29998.7,8.8,-0.100,6882134,LOCKED
62530,214.964,-62284002828516,21027,66645,-28300.2,30051.8,8.9,-0.105,7005288,LOCKED
62531,215.964,-62284002889493,-9968,35650,-28366.3,29845.7,9.0,-0.112,7080941,LOCKED
62532,216.963,-62284002945070,-34032,11586,-28464.3,30055.2,8.8,-0.115,7164456,LOCKED
62533,217.965,-62284002975088,-32477,13141,-28563.1,30203.9,8.8,-0.115,7130473,LOCKED
62534,218.964,-62284002973075,-781,44837,-28616.9,29929.9,8.7,-0.114,7221636,LOCKED
62535,219.964,-62284002983416,17489,63107,-28645.7,29667.8,8.8,-0.117,7304323,LOCKED
62536,220.964,-62284002991438,36810,82428,-28643.0,29702.6,8.9,-0.120,7387567,LOCKED
62537,221.966,-62284003004003,50607,96225,-28615.2,30120.0,9.0,-0.124,7460664,LOCKED
62538,222.963,-62284003014425,65143,110761,-28544.0,31215.3,9.1,-0.125,7541061,LOCKED
62539,223.965,-62284003039003,65372,110990,-28469.1,32306.3,9.1,-0.127,7497073,LOCKED
62540,224.966,-62284003081321,47207,92825,-28335.6,32700.4,9.5,-0.130,7545575,LOCKED
62541,225.965,-62284003107693,45308,90926,-28221.2,33163.8,9.5,-0.127,7608184,LOCKED
62542,226.966,-62284003211311,-29366,16252,-28207.7,33022.3,9.6,-0.131,7705948,LOCKED
62543,227.965,-62284003217285,-7967,37651,-28153.4,32613.9,9.5,-0.128,7790467,LOCKED
62544,228.965,-62284003218675,15990,61608,-28042.1,32042.9,9.6,-0.131,7878471,LOCKED
62545,229.966,-62284003233645,25365,70983,-27902.5,31374.5,9.5,-0.128,7955382,LOCKED
62546,230.966,-62284003248831,33536,79154,-27734.9,30563.0,9.6,-0.131,7913307,LOCKED
62547,231.966,-62284003355861,-45307,311,-27681.6,29431.4,9.6,-0.133,8009843,LOCKED
62548,232.968,-62284003357999,-17789,27829,-27749.1,29396.3,9.7,-0.136,8094451,LOCKED
62549,233.966,-62284003369989,-1643,43975,-27765.3,29378.8,9.8,-0.133,8169279,LOCKED
62550,234.967,-62284003364932,29026,74644,-27707.8,29637.6,9.7,-0.129,8153933,LOCKED
62551,235.965,-62284003375150,43304,88922,-27622.0,30205.8,9.8,-0.131,8232700,LOCKED
62552,236.966,-62284003401799,41693,87311,-27564.5,30708.3,9.8,-0.134,8296292,LOCKED
62553,237.966,-62284003502689,-29442,16176,-27623.1,30962.6,9.7,-0.129,8396286,LOCKED
62554,238.964,-62284003489064,11536,57154,-27629.1,30935.8,10.1,-0.123,8500398,LOCKED
62555,239.965,-62284003503105,23734,69352,-27600.3,31087.4,10.1,-0.116,8461434,LOCKED
62556,240.969,-62284003608675,-50750,0,-27687.1,31841.7,9.8,-0.098,8559487,LOCKED
62557,241.966,-62284003605625,-19038,31712,-27703.3,31918.8,9.8,-0.088,8648491,LOCKED
62558,242.966,-62284003618059,-4369,46381,-27666.5,31738.3,9.3,-0.068,8726034,LOCKED
62559,243.966,-62284003608850,28846,79596,-27534.6,31352.0,9.7,-0.063,8826770,LOCKED
62560,244.967,-62284003690165,-23055,27695,-27588.5,31490.5,9.6,-0.047,8832260,LOCKED
62561,245.966,-62284003692162,2962,53712,-27614.4,31400.9,9.8,-0.068,8918850,LOCKED
62562,246.966,-62284003701795,19456,70206,-27573.7,31507.7,9.7,-0.039,8999451,LOCKED
62563,247.966,-62284003723746,23169,73919,-27518.4,31644.1,9.6,-0.012,8953343,LOCKED
62564,248.967,-62284003835516,-57439,0,-27601.8,32563.7,9.6,-0.014,9041273,LOCKED
62565,249.966,-62284003844729,-36883,20556,-27647.0,32911.8,9.3,0.014,9121715,LOCKED
62566,250.966,-62284003860147,-22972,34467,-27691.4,33057.8,9.3,0.014,9194633,LOCKED
62567,251.967,-62284003849949,14176,71615,-27678.6,33100.6,8.9,0.046,9297919,LOCKED
62568,252.967,-62284003962927,-66514,0,-27794.4,34310.8,8.9,0.047,9272269,LOCKED
62569,253.967,-62284003952693,-26530,39984,-27846.3,34496.8,9.2,0.040,9370152,LOCKED
62570,254.967,-62284003995129,-37134,29380,-27980.4,34451.3,9.0,0.028,9420827,LOCKED
62571,255.966,-62284004009077,-23165,43349,-27938.7,34001.8,9.2,0.009,9489744,LOCKED
62572,256.967,-62284003995919,15027,81541,-27820.9,33318.7,8.9,0.001,9589196,LOCKED
62573,257.967,-62284003998881,35266,101780,-27652.5,32633.0,8.9,0.006,9567935,LOCKED
62574,258.967,-62284004099995,-37549,28965,-27621.7,32170.2,8.5,0.001,9667679,LOCKED
62575,259.966,-62284004093201,-1838,64676,-27682.3,31862.5,8.5,-0.002,9766757,LOCKED
62576,260.966,-62284004089603,28334,94848,-27675.0,31925.5,8.5,-0.005,9856545,LOCKED
62577,261.967,-62284004209189,-58565,7949,-27823.9,32706.0,8.5,0.000,9827085,LOCKED
62578,262.970,-62284004211571,-29973,36541,-27928.8,32707.7,8.5,-0.002,9915946,LOCKED
62579,263.967,-62284004206953,3315,69829,-27970.8,32500.5,8.5,0.010,10011124,LOCKED
62580,264.966,-62284004296077,-54171,12343,-28060.9,33320.4,8.8,0.020,10007613,LOCKED
62581,265.967,-62284004289910,-18150,48364,-28118.8,33350.2,8.8,0.024,10103994,LOCKED
62582,266.968,-62284004291271,8803,75317,-28143.0,33229.9,8.8,0.028,10191775,LOCKED
62583,267.966,-62284004286125,40032,106546,-28108.5,33558.3,8.8,0.026,10285501,LOCKED
62584,268.966,-62284004395690,-38230,28284,-28201.9,33896.2,8.8,0.029,10262887,LOCKED
62585,269.966,-62284004394105,-7782,58732,-28221.4,33909.6,8.8,0.032,10354153,LOCKED
62586,270.966,-62284004395051,18770,85284,-28217.1,33932.9,8.8,0.035,10448694,LOCKED
62587,271.968,-62284004499245,-52194,14320,-28376.6,34262.9,8.6,0.035,10430909,LOCKED
62588,272.968,-62284004495638,-20038,46476,-28351.7,34054.5,8.5,0.035,10523924,LOCKED
62589,273.968,-62284004491820,13346,79860,-28433.7,33111.8,8.5,0.038,10615661,LOCKED
62590,274.967,-62284004582964,-46123,20391,-28516.2,33698.7,8.5,0.039,10617424,LOCKED
62591,275.968,-62284004586557,-18651,47863,-28610.5,33455.8,8.5,0.037,10703323,LOCKED
62592,276.966,-62284004578742,18791,85305,-28691.8,32364.4,8.6,0.037,10798936,LOCKED
62593,277.968,-62284004572532,52547,119061,-28723.0,31734.2,8.5,0.039,10897450,LOCKED
62594,278.968,-62284004595742,55706,122220,-28700.2,32105.0,8.5,0.043,10851397,LOCKED
62595,279.968,-62284004695304,-13327,53187,-28767.8,31972.3,8.5,0.043,10952372,LOCKED
62596,280.968,-62284004694502,15412,81926,-28752.7,32027.5,8.6,0.041,11043431,LOCKED
62597,281.969,-62284004688059,47000,113514,-28653.6,32631.8,8.6,0.040,11141885,LOCKED
62598,282.969,-62284004804658,-39286,27228,-28669.8,32811.9,8.6,0.038,11112999,LOCKED
62599,283.968,-62284004805999,-12341,54173,-28630.3,32511.9,8.6,0.036,11201795,LOCKED
62600,284.968,-62284004792059,27492,94006,-28541.5,32574.2,8.4,0.028,11219077,LOCKED
62601,285.968,-62284004890164,-40266,26248,-28563.2,32811.8,8.4,0.032,11297487,LOCKED
62602,286.969,-62284004893162,-12191,54323,-28666.3,32237.3,8.4,0.030,11387124,LOCKED
62603,287.969,-62284004907388,3024,69538,-28709.4,32020.9,8.4,0.035,11473315,LOCKED
62604,288.969,-62284004972977,-31583,34931,-28768.5,32305.5,8.4,0.032,11581092,LOCKED
62605,289.969,-62284004981571,-11014,55500,-28769.6,32309.3,8.3,0.038,11570842,LOCKED
62606,290.969,-62284004965357,30950,97464,-28672.7,32413.7,8.4,0.036,11677872,LOCKED
62607,291.969,-62284005055947,-27245,39269,-28810.3,31873.4,8.3,0.044,11674624,LOCKED
62608,292.973,-62284005033901,23046,89560,-28820.9,31781.9,8.6,0.044,11786438,LOCKED
62609,293.968,-62284005031082,51579,118093,-28754.1,32493.1,8.6,0.042,11879180,LOCKED
62610,294.969,-62284005103026,7135,73649,-28704.4,32379.3,8.7,0.055,11897251,LOCKED
62611,295.969,-62284005104651,30608,97122,-28578.0,32156.0,9.0,0.058,11988101,LOCKED
62612,296.969,-62284005116832,42370,108884,-28420.7,32027.4,8.8,0.073,12067962,LOCKED
62613,297.969,-62284005226411,-35589,30925,-28518.7,32272.4,9.1,0.052,12042814,LOCKED
62614,298.969,-62284005218620,35,66549,-28485.0,32167.4,9.3,0.008,12140660,LOCKED
62615,299.969,-62284005227794,16923,83437,-28394.1,31898.6,9.3,-0.002,12221885,LOCKED
62616,300.969,-62284005229172,42389,108903,-28388.5,31973.5,9.3,-0.011,12309546,LOCKED
62617,301.969,-62284005341734,-38768,27746,-28472.3,32381.0,9.3,-0.006,12287075,LOCKED
62618,302.973,-62284005337908,-6217,60297,-28474.3,32384.7,9.3,0.002,12381675,LOCKED
62619,303.969,-62284005338325,18992,85506,-28365.9,31961.8,9.1,-0.013,12472398,LOCKED
62620,304.971,-62284005406833,-19561,46953,-28411.5,32060.0,9.1,-0.011,12495759,LOCKED
62621,305.969,-62284005403094,11143,77657,-28358.9,31993.7,8.9,-0.010,12583352,LOCKED
62622,306.970,-62284005409267,29853,96367,-28237.7,31805.6,8.9,-0.004,12669815,LOCKED
62623,307.970,-62284005515637,-46785,19729,-28233.2,31734.0,8.9,-0.009,12650720,LOCKED
62624,308.970,-62284005518635,-19068,47446,-28323.5,31533.6,9.2,0.009,12736429,LOCKED
62625,309.969,-62284005530393,-1798,64716,-28355.1,31457.2,9.2,0.014,12817087,LOCKED
62626,310.970,-62284005514151,40166,106680,-28292.6,31920.8,9.2,0.010,12924719,LOCKED
62627,311.969,-62284005524392,53262,119776,-28137.7,32380.9,9.2,0.015,12888276,LOCKED
62628,312.972,-62284005624719,-16184,50330,-28245.6,31864.6,9.2,0.011,12988939,LOCKED
62629,313.969,-62284005613912,21737,88251,-28226.2,31968.3,9.0,0.015,13093132,LOCKED
62630,314.970,-62284005640074,23081,89595,-28229.2,31944.2,9.0,0.019,13156510,LOCKED
62631,315.970,-62284005646871,42000,108514,-28175.7,32412.2,9.0,0.009,13238104,LOCKED
62632,316.970,-62284005672279,40837,107351,-28050.4,32619.8,9.0,0.006,13190507,LOCKED
62633,317.970,-62284005773282,-32003,34511,-28002.6,31908.9,9.2,-0.002,13293622,LOCKED
62634,318.969,-62284005766451,3009,69523,-28016.4,31877.3,9.2,-0.004,13386566,LOCKED
62635,319.969,-62284005803689,-6585,59929,-27987.1,31732.6,9.2,-0.006,13457713,LOCKED
62636,320.969,-62284005875890,-49371,17143,-27975.0,31520.4,9.2,-0.004,13554330,LOCKED
62637,321.969,-62284005886417,-28740,37774,-28083.6,31439.6,9.2,-0.005,13535549,LOCKED
62638,322.972,-62284005889402,-3044,63470,-28108.0,31407.9,9.2,-0.007,13622306,LOCKED
62639,323.971,-62284005885799,26102,92616,-28025.3,31477.9,9.1,-0.009,13716481,LOCKED
62640,324.971,-62284005970375,-27213,39301,-28139.1,31278.5,8.7,-0.006,13718420,LOCKED
62641,325.969,-62284005959728,11052,77566,-28131.9,31300.3,8.9,-0.008,13820774,LOCKED
62642,326.971,-62284005942582,52009,118523,-28006.1,31975.2,9.0,-0.010,13815173,LOCKED
62643,327.971,-62284006037544,-15845,50669,-27935.5,31128.7,9.0,-0.011,13921335,LOCKED
62644,328.971,-62284006018930,29447,95961,-27922.8,31239.5,9.1,-0.012,14030826,LOCKED
62645,329.971,-62284006117519,-38766,27748,-27978.8,31666.4,9.0,-0.010,14023082,LOCKED
62646,330.971,-62284006113706,-7619,58895,-27934.4,31365.7,9.0,-0.005,14113608,LOCKED
62647,331.971,-62284006112696,21314,87828,-27969.4,30996.0,9.1,-0.003,14206040,LOCKED
62648,332.971,-62284006118469,41075,107589,-27918.1,31453.0,9.1,-0.004,14175145,LOCKED
62649,333.971,-62284006213039,-24599,41915,-27925.2,31506.4,9.0,-0.000,14282567,LOCKED
62650,334.971,-62284006188419,27533,94047,-27950.7,31207.9,8.9,0.004,14285858,LOCKED
62651,335.971,-62284006296460,-48483,18031,-28070.3,31782.5,9.0,0.004,14379173,LOCKED
62652,336.972,-62284006297453,-20450,46064,-28083.2,31854.0,8.9,0.009,14466548,LOCKED
62653,337.970,-62284006293655,9102,75616,-27983.8,31216.8,8.9,0.009,14562127,LOCKED
62654,338.972,-62284006298641,28147,94661,-27836.3,30517.7,9.0,0.015,14648629,LOCKED
62655,339.971,-62284006416402,-57399,9115,-27956.0,31462.8,8.8,0.022,14619325,LOCKED
62656,340.971,-62284006406608,-18874,47640,-27962.6,31500.4,8.8,0.022,14719003,LOCKED
62657,341.972,-62284006400970,12106,78620,-27853.9,30807.4,8.8,0.031,14812308,LOCKED
62658,342.973,-62284006409760,30308,96822,-27862.1,30716.3,8.8,0.032,14780883,LOCKED
62659,343.972,-62284006504146,-33534,32980,-27938.1,31023.5,9.0,0.034,14887194,LOCKED
62660,344.972,-62284006532883,-33107,33407,-27943.1,31078.0,8.8,0.046,14950523,LOCKED
62661,345.972,-62284006549496,-19060,47454,-28045.0,30731.9,8.8,0.048,15020508,LOCKED
62662,346.972,-62284006543089,14970,81484,-28049.2,30708.5,9.1,0.068,15114250,LOCKED
62663,347.972,-62284006542115,41274,107788,-27984.3,31210.5,9.1,0.075,15207558,LOCKED
62664,348.973,-62284006659221,-43381,23133,-28131.6,31277.9,9.1,0.067,15178881,LOCKED
62665,349.973,-62284006647839,-2766,63748,-28181.2,31088.0,9.1,0.066,15279757,LOCKED
62666,350.973,-62284006651229,20025,86539,-28116.2,31120.9,9.1,0.082,15369062,LOCKED
62667,351.973,-62284006743571,-39875,26639,-28262.5,31029.9,9.1,0.083,15362894,LOCKED
62668,352.974,-62284006771017,-36595,29919,-28322.6,31423.8,9.1,0.071,15451563,LOCKED
62669,353.973,-62284006728427,31009,97523,-28211.6,31399.7,9.1,0.075,15557762,LOCKED
62670,354.972,-62284006788534,-560,65954,-28226.7,31380.6,9.1,0.063,15588814,LOCKED
62671,355.972,-62284006819767,-3932,62582,-28202.2,31290.4,9.0,0.049,15692270,LOCKED
62672,356.971,-62284006867185,-22812,43702,-28180.7,31080.5,9.2,0.041,15716287,LOCKED
62673,357.972,-62284006927883,-50242,16272,-28347.1,31236.3,9.1,0.042,15720282,LOCKED
62674,358.971,-62284006917930,-10716,55798,-28389.5,31216.7,9.1,0.031,15812445,LOCKED
62675,359.972,-62284006906531,27034,93548,-28334.3,31426.1,9.1,0.030,15916941,LOCKED
62676,360.972,-62284006922081,36140,102654,-28213.7,31496.1,9.1,0.029,15880219,LOCKED
62677,361.971,-62284007014483,-24621,41893,-28341.2,30991.6,9.0,0.027,15990276,LOCKED
62678,362.972,-62284006991433,25702,92216,-28331.5,31067.0,9.1,0.035,16098602,LOCKED
62679,363.971,-62284007002832,39621,106135,-28249.4,31514.0,9.4,0.049,16067679,LOCKED
62680,364.971,-62284007047560,22673,89187,-28264.1,31381.4,9.4,0.055,16228645,LOCKED
62681,365.971,-62284007048797,46483,112997,-28183.4,32009.9,9.8,0.068,16201595,LOCKED
62682,366.972,-62284007152943,-28335,38179,-28192.4,32086.1,9.7,0.067,16301279,LOCKED
62683,367.972,-62284007144764,9326,75840,-28271.4,31250.4,9.7,0.071,16399148,LOCKED
62684,368.973,-62284007138914,41707,108221,-28255.3,31450.3,9.2,0.072,16493391,LOCKED
62685,369.973,-62284007243944,-32226,34288,-28341.4,31670.8,9.1,0.077,16478292,LOCKED
62686,370.972,-62284007236490,2490,69004,-28292.4,31483.9,9.2,0.081,16577376,LOCKED
62687,371.972,-62284007227260,35899,102413,-28150.0,31258.6,9.2,0.087,16673621,LOCKED
62688,372.972,-62284007345246,-49683,8882,-28276.4,31833.3,9.2,0.086,16645643,LOCKED
62689,373.972,-62284007336847,-12606,45959,-28275.1,31827.7,9.1,0.091,16742657,LOCKED
62690,374.974,-62284007360993,-8457,50108,-28262.0,31774.8,8.9,0.093,16810706,LOCKED
62691,375.974,-62284007377001,2276,60841,-28191.0,31349.8,8.8,0.090,16883551,LOCKED
62692,376.972,-62284007384211,20287,78852,-28078.7,30905.3,8.9,0.093,16966190,LOCKED
62693,377.972,-62284007491401,-54151,4414,-28218.3,31579.8,8.8,0.090,16948916,LOCKED
62694,378.972,-62284007481774,-15443,43122,-28235.0,31639.2,8.8,0.090,17048081,LOCKED
62695,379.972,-62284007474961,18437,77002,-28208.3,31735.1,8.8,0.090,17142035,LOCKED
62696,380.973,-62284007472738,47250,105815,-28207.5,31747.9,8.6,0.094,17232689,LOCKED
62697,381.972,-62284007596504,-44145,14420,-28338.6,32039.4,8.6,0.094,17202080,LOCKED
62698,382.972,-62284007594286,-12404,46161,-28376.2,32060.2,8.6,0.095,17289695,LOCKED
62699,383.972,-62284007604532,4624,63189,-28329.7,31928.3,8.6,0.093,17385155,LOCKED
62700,384.972,-62284007659852,-19822,38743,-28421.8,31732.9,8.6,0.094,17406000,LOCKED
62701,385.973,-62284007679837,-10759,47806,-28434.6,31763.2,8.5,0.090,17473482,LOCKED
62702,386.973,-62284007672226,22014,80579,-28310.4,31206.2,8.5,0.086,17572002,LOCKED
62703,387.973,-62284007702665,19046,77611,-28300.9,31258.5,8.5,0.087,17658849,LOCKED
62704,388.973,-62284007783022,-31965,26600,-28299.0,31238.1,8.4,0.082,17641006,LOCKED
62705,389.973,-62284007818860,-35732,22833,-28424.9,31230.2,8.6,0.083,17717910,LOCKED
62706,390.973,-62284007780037,29722,88287,-28386.2,31472.8,8.6,0.091,17820423,LOCKED
62707,391.973,-62284007782855,50952,109517,-28257.8,32082.1,8.6,0.086,17799772,LOCKED
62708,392.973,-62284007873225,-12039,46526,-28194.6,31451.9,9.2,0.090,17910509,LOCKED
62709,393.974,-62284007854835,32810,91375,-28163.9,31697.7,9.3,0.093,18016431,LOCKED
62710,394.973,-62284007933971,-18233,40332,-28130.0,31382.5,9.4,0.098,18027998,LOCKED
62711,395.972,-62284007923943,19976,78541,-28165.8,31018.3,9.1,0.113,18129348,LOCKED
62712,396.974,-62284007917958,51118,109683,-28103.0,31717.4,9.6,0.123,18111217,LOCKED
62713,397.973,-62284008019163,-21133,37432,-28109.7,31759.8,9.6,0.132,18208993,LOCKED
62714,398.974,-62284008007517,16048,74613,-28009.8,31345.8,9.7,0.131,18311659,LOCKED
62715,399.974,-62284008006043,44085,102650,-28012.1,31310.7,9.7,0.144,18400217,LOCKED
62716,400.974,-62284008130832,-48959,9606,-28114.1,31984.4,10.0,0.118,18368521,LOCKED
62717,401.974,-62284008112842,-3408,55157,-28081.2,31845.8,10.7,0.066,18477713,LOCKED
62718,402.974,-62284008103632,30250,88815,-27953.0,31577.2,10.8,0.084,18573531,LOCKED
62719,403.974,-62284008216359,-50329,8236,-28075.4,32199.7,10.9,0.056,18549820,LOCKED
62720,404.974,-62284008151943,40198,98763,-28045.8,32505.5,10.9,0.059,18591457,LOCKED
62721,405.974,-62284008270320,-46472,12093,-28148.4,33071.9,11.1,0.049,18674641,LOCKED
62722,406.974,-62284008284921,-31450,27115,-28168.5,33235.7,10.8,0.003,18749248,LOCKED
62723,407.974,-62284008284466,-4290,54275,-28089.3,32556.4,11.1,-0.044,18836532,LOCKED
62724,408.974,-62284008280500,27170,85735,-28105.4,32391.5,11.1,-0.050,18933890,LOCKED
62725,409.974,-62284008282726,49546,108111,-28015.7,33082.2,11.1,-0.058,18907295,LOCKED
62726,410.975,-62284008377056,-16615,41950,-27995.5,32938.5,11.0,-0.068,19013846,LOCKED
62727,411.975,-62284008380282,8786,67351,-28041.2,32618.3,11.2,-0.084,19095540,LOCKED
62728,412.975,-62284008376659,39032,97597,-28036.6,32674.8,11.2,-0.089,19191726,LOCKED
62729,413.974,-62284008494442,-48520,10045,-28063.6,33027.9,11.2,-0.093,19166205,LOCKED
62730,414.975,-62284008455141,17565,76130,-28029.9,33113.1,11.2,-0.097,19293516,LOCKED
62731,415.975,-62284008459138,38920,97485,-27963.1,33532.1,11.2,-0.100,19379986,LOCKED
62732,416.974,-62284008487940,36237,94802,-27932.8,33793.4,11.2,-0.095,19327736,LOCKED
62733,417.974,-62284008584518,-28576,29989,-28073.6,33281.9,11.2,-0.098,19432661,LOCKED
62734,418.974,-62284008569712,13984,72549,-28081.3,33242.9,11.2,-0.094,19537953,LOCKED
62735,419.975,-62284008572886,35683,94248,-27983.0,33480.1,11.2,-0.090,19510401,LOCKED
62736,420.975,-62284008674072,-36263,22302,-27984.3,33495.3,11.3,-0.093,19613472,LOCKED
62737,421.975,-62284008671266,-4192,54373,-28040.3,33287.6,11.3,-0.090,19704745,LOCKED
62738,422.974,-62284008676620,16583,75148,-27974.0,33238.5,11.1,-0.090,19792175,LOCKED
62739,423.975,-62284008766025,-43262,15303,-27979.9,33315.8,10.6,-0.084,19786831,LOCKED
62740,424.984,-62284008780617,-28745,29820,-27987.5,33379.7,10.5,-0.080,19892585,LOCKED
62741,425.975,-62284008746970,29024,87589,-27845.7,32866.9,9.8,-0.077,19986554,LOCKED
62742,426.975,-62284008808375,-3579,54986,-27886.8,32759.8,9.9,-0.074,19949540,LOCKED
62743,427.975,-62284008893641,-57484,1081,-27961.8,33617.7,9.7,-0.072,20040693,LOCKED
62744,428.975,-62284008946711,-78805,0,-28016.7,34685.3,9.7,-0.073,20120190,LOCKED
62745,429.976,-62284008892728,3954,82759,-28060.7,34464.8,9.5,-0.067,20219217,LOCKED
62746,430.975,-62284009005083,-75270,3535,-28184.5,35943.1,9.3,-0.064,20199522,LOCKED
62747,431.975,-62284008996248,-37085,41720,-28180.0,35892.2,9.3,-0.063,20299837,LOCKED
62748,432.978,-62284008974250,13865,92670,-28241.1,35327.8,9.3,-0.062,20409735,LOCKED
62749,433.975,-62284009086232,-64833,13972,-28381.0,36351.6,9.2,-0.059,20382116,LOCKED
62750,434.976,-62284009018596,29625,108430,-28353.7,36523.6,9.2,-0.058,20541434,LOCKED
62751,435.976,-62284009050257,24661,103466,-28313.4,36676.1,9.2,-0.056,20488314,LOCKED
62752,436.976,-62284009139619,-34695,44110,-28338.8,36875.4,9.1,-0.051,20601430,LOCKED
62753,437.975,-62284009126776,8014,86819,-28427.2,36027.1,9.2,-0.049,20705730,LOCKED
62754,438.976,-62284009134002,28121,106926,-28420.3,36079.7,9.4,-0.047,20676476,LOCKED
62755,439.975,-62284009238184,-44888,33917,-28480.9,36563.9,9.3,-0.044,20775194,LOCKED
62756,440.976,-62284009241129,-19433,59372,-28444.5,36250.5,9.3,-0.040,20860633,LOCKED
62757,441.976,-62284009243323,8142,86947,-28523.2,35545.2,9.4,-0.036,20951168,LOCKED
62758,442.976,-62284009241113,37203,116008,-28503.0,35732.5,9.3,-0.031,21038373,LOCKED
62759,443.976,-62284009352055,-42031,36774,-28590.5,36169.6,8.9,-0.017,21019630,LOCKED
62760,444.976,-62284009323442,15408,94213,-28627.8,35886.3,8.8,-0.010,21137317,LOCKED
62761,445.976,-62284009333435,32830,111635,-28622.9,35931.5,8.7,-0.003,21218998,LOCKED
62762,446.977,-62284009459248,-60351,18454,-28719.4,36847.3,8.3,0.017,21183822,LOCKED
62763,447.978,-62284009448226,-19329,59476,-28750.2,36939.9,8.3,0.026,21284642,LOCKED
62764,448.976,-62284009443988,14450,93255,-28813.2,36353.6,8.1,0.038,21372675,LOCKED
62765,449.976,-62284009449190,37600,116405,-28853.2,35782.4,8.2,0.037,21461449,LOCKED
62766,450.976,-62284009464772,47416,126221,-28762.3,36352.2,8.4,0.036,21423566,LOCKED
62767,451.977,-62284009552730,-12092,66713,-28726.8,36123.0,8.4,0.032,21539637,LOCKED
62768,452.979,-62284009547488,21369,100174,-28737.5,36046.9,8.3,0.016,21631530,LOCKED
62769,453.977,-62284009562510,32186,110991,-28648.6,36223.8,8.5,-0.002,21596623,LOCKED
62770,454.977,-62284009611257,12286,91091,-28678.8,36039.7,8.5,-0.004,21751576,LOCKED
62771,455.976,-62284009621606,28374,107179,-28615.8,36230.6,8.3,0.009,21829558,LOCKED
62772,456.977,-62284009639192,35385,114190,-28477.2,36063.1,8.2,-0.007,21790456,LOCKED
62773,457.978,-62284009729402,-23810,54995,-28562.3,36051.6,8.3,-0.022,21902382,LOCKED
62774,458.978,-62284009734379,-640,78165,-28540.8,36009.1,8.5,-0.011,21988343,LOCKED
62775,459.977,-62284009731918,26928,105733,-28416.8,35702.5,8.5,-0.013,22081422,LOCKED
62776,460.977,-62284009776415,11761,90566,-28481.4,35124.1,8.5,-0.013,22047128,LOCKED
62777,461.977,-62284009848133,-29260,49545,-28541.6,35341.4,8.3,-0.011,22140598,LOCKED
62778,462.979,-62284009888747,-39687,39118,-28556.3,35496.6,7.8,-0.025,22227769,LOCKED
62779,463.977,-62284009934181,-51149,27656,-28737.4,35470.5,7.8,-0.024,22213953,LOCKED
62780,464.977,-62284009869942,37921,116726,-28608.5,35515.1,7.7,-0.025,22277160,LOCKED
62781,465.977,-62284009972327,-31846,46959,-28752.6,35117.8,7.9,-0.015,22377665,LOCKED
62782,466.977,-62284009966857,3584,82389,-28817.9,34680.5,7.9,-0.015,22477179,LOCKED
62783,467.978,-62284009955662,41238,120043,-28770.7,35076.2,7.7,-0.014,22579866,LOCKED
62784,468.978,-62284010060256,-32968,45837,-28795.3,35267.1,7.7,-0.014,22563740,LOCKED
62785,469.977,-62284010050218,3963,82768,-28708.3,34722.4,7.7,-0.014,22662089,LOCKED
62786,470.978,-62284010059212,22693,101498,-28697.7,34785.4,7.8,-0.020,22746498,LOCKED
62787,471.978,-62284010058033,48869,127674,-28597.2,35394.1,7.7,-0.021,22724679,LOCKED
62788,472.977,-62284010154387,-19093,59712,-28555.3,35005.1,7.7,-0.021,22829196,LOCKED
62789,473.978,-62284010159745,5301,84106,-28623.0,34501.0,7.8,-0.026,22915930,LOCKED
62790,474.979,-62284010258496,-61317,17488,-28693.4,35375.1,7.8,-0.025,22909868,LOCKED
62791,475.978,-62284010260945,-34296,44509,-28674.4,35150.1,8.0,-0.030,22994697,LOCKED
62792,476.978,-62284010285127,-29429,49376,-28643.7,34798.0,7.8,-0.027,23066482,LOCKED
62793,477.979,-62284010268917,15048,93853,-28650.3,34764.4,7.8,-0.027,23166930,LOCKED
62794,478.979,-62284010268675,40287,119092,-28537.8,35042.4,7.7,-0.024,23260368,LOCKED
62795,479.978,-62284010375848,-37600,41205,-28511.9,34691.7,7.6,-0.025,23242041,LOCKED
62796,480.978,-62284010377438,-9383,69422,-28560.0,34628.6,7.6,-0.024,23328464,LOCKED
62797,481.978,-62284010383608,11770,90575,-28518.8,34628.8,7.4,-0.021,23410970,LOCKED
62798,482.981,-62284010383418,36641,115446,-28391.1,34638.3,8.0,-0.026,23392777,LOCKED
62799,483.979,-62284010485027,-33497,45308,-28486.7,34818.6,7.8,-0.021,23494613,LOCKED
62800,484.978,-62284010440331,37432,116237,-28438.3,35162.5,7.7,-0.019,23513965,LOCKED
62801,485.978,-62284010541976,-35213,43592,-28407.2,34750.5,7.7,-0.018,23617291,LOCKED
62802,486.979,-62284010536158,-1669,77136,-28370.9,34618.3,7.8,-0.011,23709078,LOCKED
62803,487.978,-62284010541744,20844,99649,-28392.3,34442.9,7.8,-0.010,23794860,LOCKED
62804,488.978,-62284010547761,42385,121190,-28421.9,33980.3,7.9,-0.010,23764189,LOCKED
62805,489.978,-62284010649515,-29619,49186,-28437.9,34103.8,7.7,-0.003,23863612,LOCKED
62806,490.978,-62284010651077,-464,78341,-28549.2,33012.6,7.7,-0.002,23954089,LOCKED
62807,491.978,-62284010638895,38650,117455,-28534.1,33177.5,7.5,-0.007,24055720,LOCKED
62808,492.978,-62284010667857,35077,113882,-28437.9,33409.8,7.8,-0.006,24022023,LOCKED
62809,493.978,-62284010753651,-18793,60012,-28578.0,32462.5,7.8,-0.012,24123311,LOCKED
62810,494.978,-62284010802379,-37416,41389,-28590.8,32601.4,8.0,-0.011,24164500,LOCKED
62811,495.978,-62284010794984,-2265,76540,-28545.9,32382.7,8.2,-0.011,24258190,LOCKED
62812,496.978,-62284010795742,24900,103705,-28556.8,32283.6,8.0,-0.020,24347030,LOCKED
62813,497.979,-62284010815183,31503,110308,-28485.7,32542.8,8.1,-0.030,24431310,LOCKED
62814,498.979,-62284010913093,-36523,42282,-28493.6,32630.0,8.5,-0.045,24415496,LOCKED
62815,499.979,-62284010953555,-43914,34891,-28645.5,32658.8,8.5,-0.046,24500504,LOCKED
62816,500.979,-62284010906549,30393,109198,-28630.1,32787.9,8.6,-0.051,24600611,LOCKED
62817,501.980,-62284011010555,-42206,36599,-28696.3,33279.6,8.5,-0.070,24581590,LOCKED
62818,502.978,-62284011000513,-4381,74424,-28644.1,32960.2,9.0,-0.083,24684634,LOCKED
62819,503.979,-62284010978299,44986,123791,-28645.7,32936.4,9.2,-0.060,24796207,LOCKED
62820,504.979,-62284011056050,-4176,74629,-28635.9,32914.6,9.4,-0.042,24809235,LOCKED
62821,505.979,-62284011053475,24312,103117,-28542.6,32845.9,9.6,-0.027,24901045,LOCKED
62822,506.979,-62284011046877,57769,136574,-28556.1,32578.3,9.9,-0.014,24886650,LOCKED
62823,507.979,-62284011136015,-1683,77122,-28608.8,32350.2,9.8,-0.002,24997941,LOCKED
62824,508.979,-62284011129832,30875,109680,-28550.5,32619.1,9.9,0.008,25099057,LOCKED
62825,509.979,-62284011142170,43124,121929,-28427.4,32936.5,9.9,0.037,25061773,LOCKED
62826,510.979,-62284011242156,-28029,50776,-28400.7,32630.1,9.7,0.055,25165459,LOCKED
62827,511.979,-62284011235582,6969,85774,-28413.4,32586.5,9.7,0.064,25259924,LOCKED
62828,512.979,-62284011234312,33646,112451,-28321.7,32807.4,9.8,0.071,25351955,LOCKED
62829,513.979,-62284011350298,-51654,27151,-28351.8,33220.7,9.6,0.080,25324380,LOCKED
62830,514.979,-62284011305277,19818,98623,-28291.4,33270.3,9.8,0.096,25457618,LOCKED
62831,515.979,-62284011314842,34895,113700,-28170.1,33281.8,10.0,0.109,25536030,LOCKED
62832,516.981,-62284011336656,36952,115757,-28020.2,33007.0,10.0,0.112,25494631,LOCKED
62833,517.980,-62284011447618,-42700,36105,-28110.9,33490.2,10.0,0.124,25584688,LOCKED
62834,518.981,-62284011442808,-9543,69262,-28106.6,33475.6,10.0,0.117,25681152,LOCKED
62835,519.980,-62284011421041,36272,115077,-27967.5,33326.9,10.0,0.119,25790308,LOCKED
62836,520.980,-62284011541387,-53485,25320,-28007.2,33851.5,10.0,0.121,25757836,LOCKED
62837,521.980,-62284011543725,-25585,53220,-28074.2,33985.9,10.0,0.122,25846709,LOCKED
62838,522.980,-62284011533751,12552,91357,-28099.5,33830.7,9.8,0.123,25947313,LOCKED
62839,523.980,-62284011542729,31139,109944,-28125.2,33523.1,9.8,0.118,25913681,LOCKED
62840,524.982,-62284011573266,25374,104179,-28002.6,33152.5,9.8,0.119,26083016,LOCKED
62841,525.980,-62284011585091,39711,118516,-27978.3,33404.4,9.8,0.121,26052342,LOCKED
62842,526.980,-62284011690256,-35280,43525,-28027.4,33731.9,9.8,0.122,26148232,LOCKED
62843,527.980,-62284011691998,-9933,68872,-27964.7,33183.7,9.8,0.118,26238830,LOCKED
62844,528.980,-62284011685040,24302,103107,-27971.4,33128.2,9.8,0.118,26331460,LOCKED
62845,529.982,-62284011805970,-64486,14319,-28069.0,34245.1,10.2,0.111,26298000,LOCKED
62846,530.981,-62284011806575,-35488,43317,-28085.3,34399.0,10.0,0.109,26390965,LOCKED
62847,531.980,-62284011809542,-11563,67242,-28007.4,33584.0,10.0,0.106,26477763,LOCKED
62848,532.980,-62284011808327,16806,95611,-27993.4,33640.0,10.0,0.106,26569226,LOCKED
62849,533.981,-62284011851541,1023,79828,-27967.4,33588.2,9.8,0.103,26648597,LOCKED
62850,534.981,-62284011872889,9012,87817,-28049.8,32738.6,9.9,0.100,26680172,LOCKED
62851,535.980,-62284011895466,14676,93481,-28083.7,32472.9,9.7,0.093,26748117,LOCKED
62852,536.981,-62284011914703,23057,101862,-28099.2,32334.3,9.7,0.090,26822802,LOCKED
62853,537.981,-62284012027893,-58366,20439,-28182.3,33258.0,9.8,0.088,26792917,LOCKED
62854,538.981,-62284012009855,-12626,66179,-28137.6,32897.9,9.8,0.087,26905070,LOCKED
62855,539.981,-62284012028482,-1621,77184,-28208.4,32475.3,9.6,0.080,26996355,LOCKED
62856,540.981,-62284012106260,-47366,31439,-28317.5,33044.5,9.6,0.077,26983403,LOCKED
62857,541.981,-62284012134093,-43985,34820,-28386.7,33574.3,9.7,0.075,27069100,LOCKED
62858,542.981,-62284012094891,21006,99811,-28293.9,33416.0,9.0,0.060,27174520,LOCKED
62859,543.982,-62284012189242,-40839,37966,-28433.0,33467.8,9.3,0.057,27169601,LOCKED
62860,544.981,-62284012129817,42944,121749,-28304.2,33718.2,9.1,0.047,27321806,LOCKED
62861,545.981,-62284012248570,-43111,35694,-28448.4,33807.0,9.1,0.044,27296971,LOCKED
62862,546.981,-62284012228996,4898,83703,-28455.9,33790.6,9.1,0.049,27399159,LOCKED
62863,547.982,-62284012207382,50951,129756,-28343.3,34444.8,9.4,0.047,27512942,LOCKED
62864,548.982,-62284012320943,-33315,41955,-28334.6,34348.7,9.2,0.035,27487425,LOCKED
62865,549.981,-62284012312329,4518,79788,-28385.6,34049.4,9.5,0.033,27586461,LOCKED
62866,550.981,-62284012303347,39461,114731,-28332.1,34446.9,9.5,0.030,27683164,LOCKED
62867,551.982,-62284012422677,-49263,26007,-28361.8,34815.0,9.5,0.026,27653462,LOCKED
62868,552.985,-62284012417663,-15928,59342,-28333.3,34606.8,9.5,0.034,27749342,LOCKED
62869,553.982,-62284012411680,17979,93249,-28343.1,34544.7,10.1,0.024,27844708,LOCKED
62870,554.981,-62284012453016,6161,81431,-28411.2,34011.1,10.0,0.034,27894053,LOCKED
62871,555.982,-62284012450805,34793,110063,-28371.3,34298.6,10.3,0.010,27985201,LOCKED
62872,556.982,-62284012466219,44114,119384,-28266.0,34750.4,10.5,-0.024,27945881,LOCKED
62873,557.984,-62284012566837,-27317,47953,-28265.7,34748.4,10.7,-0.039,28048550,LOCKED
62874,558.982,-62284012556578,11854,87124,-28317.3,34331.6,11.0,-0.053,28150149,LOCKED
62875,559.982,-62284012559984,36236,111506,-28351.7,33843.3,11.0,-0.080,28233992,LOCKED
62876,560.983,-62284012673766,-46560,28710,-28403.6,34352.0,11.0,-0.076,28210179,LOCKED
62877,561.982,-62284012662120,-4115,71155,-28514.6,33404.0,11.1,-0.086,28310391,LOCKED
62878,562.983,-62284012667138,18950,94220,-28525.0,33332.3,11.1,-0.075,28395227,LOCKED
62879,563.983,-62284012665304,45276,120546,-28402.1,33726.7,11.0,-0.077,28489286,LOCKED
62880,564.983,-62284012749067,-8723,66547,-28454.5,33624.5,11.0,-0.090,28489246,LOCKED
62881,565.982,-62284012758084,9749,85019,-28423.3,33632.8,10.9,-0.101,28568488,LOCKED
62882,566.982,-62284012760461,32002,107272,-28290.1,33382.3,10.5,-0.102,28662813,LOCKED
62883,567.983,-62284012869835,-45468,29802,-28392.0,33904.9,10.6,-0.108,28636416,LOCKED
62884,568.983,-62284012867433,-14367,60903,-28383.2,33858.6,10.5,-0.115,28729578,LOCKED
62885,569.982,-62284012868255,11126,86396,-28300.0,33532.1,10.4,-0.113,28821833,LOCKED
62886,570.983,-62284012867989,38194,113464,-28290.0,33643.1,10.7,-0.126,28906257,LOCKED
62887,571.982,-62284012888574,42864,118134,-28212.2,34142.3,10.6,-0.130,28868464,LOCKED
62888,572.983,-62284012987168,-26815,48455,-28202.1,34049.3,10.5,-0.134,28968150,LOCKED
62889,573.983,-62284013004418,-13036,62234,-28319.4,33301.3,10.4,-0.137,29050265,LOCKED
62890,574.982,-62284013078317,-55313,19957,-28389.6,34074.9,10.0,-0.132,29061514,LOCKED
62891,575.983,-62284013081322,-29088,46182,-28382.4,34006.0,9.7,-0.139,29150534,LOCKED
62892,576.983,-62284013082315,-2955,72315,-28315.7,33549.1,9.5,-0.140,29232196,LOCKED
62893,577.983,-62284013127173,-16933,58337,-28413.6,33210.7,9.0,-0.139,29322949,LOCKED
62894,578.984,-62284013180571,-38893,36377,-28497.5,33606.0,9.0,-0.141,29299776,LOCKED
62895,579.983,-62284013191517,-21264,54006,-28465.9,33305.2,9.0,-0.145,29396138,LOCKED
62896,580.983,-62284013181734,17568,92838,-28523.8,32675.4,8.9,-0.140,29497094,LOCKED
62897,581.983,-62284013182681,43120,118390,-28496.1,32987.8,9.0,-0.142,29585776,LOCKED
62898,582.983,-62284013293294,-36820,38450,-28541.8,33332.4,8.8,-0.140,29567945,LOCKED
62899,583.983,-62284013284712,-709,74561,-28490.8,33086.4,8.8,-0.141,29667198,LOCKED
62900,584.983,-62284013308053,3160,78430,-28433.1,32841.1,8.6,-0.138,29731848,LOCKED
62901,585.983,-62284013328634,8677,83947,-28332.7,32193.5,8.6,-0.138,29800874,LOCKED
62902,586.983,-62284013332459,31845,107115,-28319.9,32310.8,8.4,-0.134,29887624,LOCKED
62903,587.984,-62284013344121,45302,120572,-28238.0,32890.7,8.6,-0.136,29852762,LOCKED
62904,588.983,-62284013436431,-18828,56442,-28203.8,32576.4,8.4,-0.132,29961155,LOCKED
62905,589.984,-62284013443016,4356,79626,-28288.0,31795.6,8.3,-0.135,30046310,LOCKED
62906,590.983,-62284013445786,28871,104141,-28286.8,31806.8,8.1,-0.128,30132897,LOCKED
62907,591.984,-62284013443960,55275,130545,-28196.6,32676.4,8.3,-0.129,30112507,LOCKED
62908,592.984,-62284013551142,-23079,52191,-28189.2,32616.2,8.1,-0.122,30205582,LOCKED
62909,593.984,-62284013543716,11276,86546,-28146.0,32601.7,7.8,-0.115,30302298,LOCKED
62910,594.983,-62284013631067,-45529,29741,-28188.1,33054.1,7.8,-0.113,30304713,LOCKED
62911,595.984,-62284013664292,-48177,27093,-28225.3,33495.6,7.9,-0.110,30365766,LOCKED
62912,596.984,-62284013659449,-15330,59940,-28188.8,33199.9,7.8,-0.107,30456030,LOCKED
62913,597.984,-62284013664083,9253,84523,-28254.9,32607.1,7.8,-0.105,30538858,LOCKED
62914,598.984,-62284013675428,24580,99850,-28218.0,32774.0,7.7,-0.093,30615653,LOCKED
62915,599.985,-62284013679886,44975,120245,-28127.4,33325.9,7.7,-0.089,30592324,LOCKED
62916,600.985,-62284013783432,-27100,48170,-28246.7,33064.8,7.9,-0.084,30689722,LOCKED
62917,601.985,-62284013770434,14702,89972,-28298.6,32573.8,8.0,-0.077,30791144,LOCKED
62918,602.984,-62284013758388,50779,126049,-28173.4,33177.7,8.0,-0.071,30894752,LOCKED
62919,603.984,-62284013880598,-39034,36236,-28316.0,33103.6,8.1,-0.073,30859484,LOCKED
62920,604.984,-62284013857565,10144,85414,-28226.2,32658.8,8.1,-0.065,30982769,LOCKED
62921,605.984,-62284013874962,21150,96420,-28270.1,32178.8,8.0,-0.056,31053025,LOCKED
62922,606.985,-62284013879136,42331,117601,-28197.3,32688.0,7.9,-0.039,31027572,LOCKED
62923,607.984,-62284013987477,-37035,38235,-28173.8,32355.5,7.9,-0.037,31122296,LOCKED
62924,608.984,-62284013997083,-16175,59095,-28259.6,32123.5,8.0,-0.007,31209025,LOCKED
62925,609.985,-62284014068685,-55689,19581,-28355.1,33001.1,8.0,-0.007,31314193,LOCKED
62926,610.985,-62284014079311,-36715,38555,-28355.1,33001.4,7.9,0.007,31299689,LOCKED
62927,611.985,-62284014064669,7641,82911,-28434.7,32222.8,7.8,0.037,31402988,LOCKED
62928,612.984,-62284014051079,47203,122473,-28392.2,32705.5,7.5,0.055,31509713,LOCKED
62929,613.985,-62284014168832,-39799,35471,-28441.9,33112.4,7.4,0.041,31479462,LOCKED
62930,614.985,-62284014190454,-30766,44504,-28499.4,33373.8,7.1,0.065,31543589,LOCKED
62931,615.985,-62284014232014,-41890,33380,-28524.8,33649.8,7.1,0.061,31594716,LOCKED
62932,616.985,-62284014238443,-19872,55398,-28487.9,33296.8,7.1,0.059,31677235,LOCKED
62933,617.985,-62284014248833,-690,74580,-28540.0,33062.5,7.2,0.067,31752586,LOCKED
62934,618.985,-62284014261559,13883,89153,-28502.2,33099.6,7.1,0.066,31833695,LOCKED
62935,619.985,-62284014252997,46507,121777,-28361.3,33382.1,7.1,0.063,31932040,LOCKED
62936,620.985,-62284014267938,57616,132886,-28343.7,33672.5,7.2,0.052,31894135,LOCKED
62937,621.985,-62284014376336,-20684,54586,-28395.5,33768.1,7.3,0.058,31988749,LOCKED
62938,622.986,-62284014392114,-7982,67288,-28386.4,33738.0,7.4,0.064,32064280,LOCKED
62939,623.985,-62284014390891,18754,94024,-28276.3,33301.5,7.7,0.077,32154338,LOCKED
62940,624.985,-62284014468435,-28272,46998,-28339.4,33505.6,7.8,0.081,32168368,LOCKED
62941,625.985,-62284014472060,-3662,71608,-28328.2,33481.5,7.9,0.085,32249889,LOCKED
62942,626.985,-62284014469670,24078,99348,-28221.8,33272.1,7.8,0.090,32342880,LOCKED
62943,627.986,-62284014478244,42255,117525,-28220.0,33297.1,7.8,0.088,32313028,LOCKED
62944,628.986,-62284014579994,-28844,46426,-28291.4,33487.6,7.9,0.092,32412553,LOCKED
62945,629.986,-62284014576752,2057,77327,-28263.8,33437.1,7.8,0.097,32506980,LOCKED
62946,630.986,-62284014586777,17534,92804,-28157.2,33003.0,7.6,0.094,32581901,LOCKED
62947,631.986,-62284014594951,33262,108532,-28003.4,32479.3,7.7,0.097,32669559,LOCKED
62948,632.986,-62284014708697,-48696,26574,-28108.3,33111.0,7.8,0.099,32643431,LOCKED
62949,633.986,-62284014713690,-23824,51446,-28155.0,33266.5,7.8,0.098,32728875,LOCKED
62950,634.986,-62284014678650,38464,113734,-28174.5,32993.7,7.6,0.100,32738108,LOCKED
62951,635.986,-62284014693635,49178,124448,-28134.8,33469.8,7.5,0.096,32815321,LOCKED
62952,636.986,-62284014801632,-28707,46563,-28184.1,33696.0,7.5,0.096,32910661,LOCKED
62953,637.986,-62284014794794,6475,81745,-28202.8,33627.3,7.5,0.095,33004201,LOCKED
62954,638.986,-62284014828824,2048,77318,-28275.1,33111.2,7.5,0.095,33091627,LOCKED
62955,639.986,-62284014898582,-35908,39362,-28388.6,33237.9,7.5,0.093,33079227,LOCKED
62956,640.986,-62284014934608,-40914,34356,-28449.8,33689.1,7.4,0.099,33160191,LOCKED
62957,641.986,-62284014890814,28210,103480,-28343.4,33618.3,7.3,0.094,33267491,LOCKED
62958,642.986,-62284014991592,-39798,35472,-28494.8,33458.4,7.5,0.093,33257816,LOCKED
62959,643.986,-62284014981777,-921,74349,-28521.2,33403.7,7.5,0.093,33357068,LOCKED
62960,644.986,-62284015015751,-5628,69642,-28548.5,33385.2,7.5,0.094,33411515,LOCKED
62961,645.986,-62284015028359,9737,85007,-28536.4,33409.1,7.5,0.089,33487254,LOCKED
62962,646.986,-62284015021921,41071,116341,-28425.9,33739.6,7.5,0.090,33583852,LOCKED
62963,647.986,-62284015042551,44298,119568,-28275.0,33799.5,7.6,0.084,33542149,LOCKED
62964,648.986,-62284015142100,-24628,50642,-28349.4,33878.4,7.7,0.084,33646687,LOCKED
62965,649.987,-62284015146262,-474,74796,-28347.0,33877.5,7.8,0.085,33728045,LOCKED
62966,650.987,-62284015155072,16906,92176,-28269.1,33748.8,7.6,0.094,33811445,LOCKED
62967,651.987,-62284015153302,41887,117157,-28090.2,33236.0,7.6,0.086,33789968,LOCKED
62968,652.986,-62284015256992,-31078,44192,-28167.9,33454.4,7.7,0.086,33886024,LOCKED
62969,653.987,-62284015257594,-3960,71310,-28139.3,33345.0,7.8,0.086,33975517,LOCKED
62970,654.987,-62284015321969,-36327,38943,-28269.0,33317.9,7.9,0.085,34001380,LOCKED
62971,655.987,-62284015358922,-40533,34737,-28421.6,33173.4,7.8,0.097,34057101,LOCKED
62972,656.988,-62284015354135,-6250,69020,-28464.1,33094.7,7.8,0.099,34148078,LOCKED
62973,657.987,-62284015358917,16151,91421,-28428.0,33161.9,7.9,0.099,34230245,LOCKED
62974,658.987,-62284015347687,51433,126703,-28298.5,33752.7,8.3,0.049,34330757,LOCKED
62975,659.987,-62284015451105,-23800,51470,-28253.3,33230.8,8.3,0.055,34319331,LOCKED
62976,660.987,-62284015447847,7979,83249,-28279.7,33100.6,8.2,0.029,34413353,LOCKED
62977,661.987,-62284015446301,34783,110053,-28189.1,33357.2,8.2,-0.013,34506311,LOCKED
62978,662.987,-62284015554243,-44030,31240,-28161.9,32910.2,8.2,-0.023,34486055,LOCKED
62979,663.988,-62284015552229,-11889,63381,-28238.8,32663.1,7.8,-0.052,34576959,LOCKED
62980,664.987,-62284015618177,-46929,28341,-28291.8,33201.7,7.9,-0.081,34597529,LOCKED
62981,665.987,-62284015626785,-26376,48894,-28290.6,33191.4,7.7,-0.099,34678821,LOCKED
62982,666.987,-62284015626983,-133,75137,-28199.4,32427.7,7.7,-0.096,34768156,LOCKED
62983,667.987,-62284015616341,37005,112275,-28177.3,32647.2,7.8,-0.106,34867859,LOCKED
62984,668.988,-62284015624755,53283,0,-28094.7,33428.8,7.7,-0.106,34835137,LOCKED
62985,669.988,-62284015720689,-12002,0,-28200.4,32821.2,7.7,-0.104,34943522,LOCKED
62986,670.988,-62284015702891,32934,44936,-28203.0,32792.7,7.8,-0.112,35053523,LOCKED
62987,671.988,-62284015735325,26597,38599,-28143.8,32976.6,7.7,-0.111,35136642,LOCKED
62988,672.988,-62284015802671,-13464,0,-28079.1,32311.4,7.7,-0.109,35129842,LOCKED
62989,673.988,-62284015828301,-9089,4375,-28158.6,31957.2,7.8,-0.116,35238548,LOCKED
62990,674.988,-62284015798890,46415,59879,-28134.4,32270.6,7.9,-0.122,35310761,LOCKED
62991,675.988,-62284015896263,-19785,0,-28250.9,31756.8,7.9,-0.120,35272211,LOCKED
62992,676.988,-62284015927693,-20512,0,-28337.3,31638.5,7.9,-0.119,35363502,LOCKED
62993,677.988,-62284015914871,19756,40268,-28326.4,31698.7,7.9,-0.124,35463279,LOCKED
62994,678.988,-62284015911669,47889,68401,-28239.3,32358.0,8.0,-0.129,35446293,LOCKED
62995,679.988,-62284015991439,-4753,15759,-28176.7,31895.0,8.1,-0.133,35567218,LOCKED
62996,680.988,-62284015978824,31818,52330,-28022.1,31264.3,8.0,-0.139,35669969,LOCKED
62997,681.988,-62284015990406,45753,66265,-27975.2,31771.1,8.0,-0.141,35636301,LOCKED
62998,682.988,-62284016082932,-17359,3153,-28017.1,31846.2,7.9,-0.139,35746591,LOCKED
62999,683.988,-62284016083510,8702,29214,-27963.8,31731.9,7.5,-0.139,35833332,LOCKED
63000,684.989,-62284016179289,-54399,0,-28104.9,32387.3,7.4,-0.136,35830172,LOCKED
63001,685.989,-62284016178462,-23633,30766,-28155.7,32537.8,7.4,-0.137,35918282,LOCKED
63002,686.989,-62284016193252,-10398,44001,-28131.9,32405.3,7.3,-0.134,35993341,LOCKED
63003,687.988,-62284016188854,19198,73597,-28019.7,31935.1,7.3,-0.134,36085929,LOCKED
63004,688.988,-62284016189416,44459,98858,-27985.8,32321.5,7.2,-0.131,36177058,LOCKED
63005,689.990,-62284016298410,-34372,20027,-28035.6,32646.7,7.6,-0.133,36155143,LOCKED
63006,690.989,-62284016289995,1172,55571,-27992.9,32495.2,7.6,-0.133,36253494,LOCKED
63007,691.989,-62284016279922,35198,89597,-27852.9,32280.7,7.5,-0.129,36352224,LOCKED
63008,692.989,-62284016292331,48579,102978,-27832.4,32564.7,7.7,-0.124,36318956,LOCKED
63009,693.989,-62284016388061,-17566,36833,-27889.4,32589.2,7.9,-0.123,36425507,LOCKED
63010,694.989,-62284016356617,37505,91904,-27742.3,32378.1,8.1,-0.122,36432551,LOCKED
63011,695.989,-62284016466246,-43618,10781,-27707.1,31758.7,8.2,-0.125,36525644,LOCKED
63012,696.989,-62284016460035,-8612,45787,-27746.2,31725.5,8.2,-0.126,36619037,LOCKED
63013,697.989,-62284016452821,23981,78380,-27669.8,31781.0,8.4,-0.127,36717706,LOCKED
63014,698.990,-62284016466351,35127,89526,-27581.1,32068.3,8.5,-0.130,36795140,LOCKED
63015,699.990,-62284016582980,-49602,4797,-27710.9,32600.2,8.4,-0.126,36764681,LOCKED
63016,700.990,-62284016582958,-19241,35158,-27808.0,32333.9,8.3,-0.121,36849790,LOCKED
63017,701.989,-62284016592120,-1631,52768,-27754.4,32037.0,8.5,-0.124,36934052,LOCKED
63018,702.991,-62284016596850,21289,75688,-27784.7,31737.0,8.2,-0.136,37016202,LOCKED
63019,703.990,-62284016614519,29461,83860,-27738.2,31985.7,8.2,-0.140,37094096,LOCKED
63020,704.990,-62284016644812,25434,79833,-27708.2,32151.8,8.3,-0.146,37147927,LOCKED
63021,705.990,-62284016675229,21010,75409,-27658.9,32263.7,8.2,-0.142,37093602,LOCKED
63022,706.990,-62284016778822,-52767,1632,-27677.0,32543.4,8.3,-0.150,37189670,LOCKED
63023,707.990,-62284016775816,-22333,32066,-27627.5,31955.2,8.0,-0.172,37283265,LOCKED
63024,708.990,-62284016794218,-11634,42765,-27680.6,31893.9,8.1,-0.172,37354985,LOCKED
63025,709.990,-62284016870224,-56166,0,-27773.5,32790.3,8.3,-0.147,37452752,LOCKED
63026,710.990,-62284016904197,-58988,0,-27841.3,33641.3,8.4,-0.138,37421309,LOCKED
63027,711.991,-62284016892175,-19524,39464,-27789.1,33075.6,8.5,-0.119,37524581,LOCKED
63028,712.992,-62284016893956,6860,65848,-27819.0,32929.2,8.4,-0.117,37610289,LOCKED
63029,713.991,-62284016882718,42867,101855,-27740.5,33438.8,8.5,-0.100,37600236,LOCKED
63030,714.990,-62284016954302,190,59178,-27798.2,33135.8,8.5,-0.097,37728320,LOCKED
63031,715.991,-62284016975730,7617,66605,-27862.9,32596.0,8.5,-0.080,37799533,LOCKED
63032,716.990,-62284016975712,33680,92668,-27829.6,32854.7,8.5,-0.079,37775011,LOCKED
63033,717.991,-62284017053474,-15480,43508,-27841.8,32901.5,8.5,-0.060,37895745,LOCKED
63034,718.990,-62284017049076,14082,73070,-27733.6,32315.8,8.4,-0.052,37993323,LOCKED
63035,719.991,-62284017163638,-67209,0,-27893.9,33418.3,8.3,-0.062,37965198,LOCKED
63036,720.992,-62284017170823,-43571,23638,-27965.3,33935.8,8.3,-0.058,38046026,LOCKED
63037,721.991,-62284017189821,-33387,33822,-27969.5,33977.6,8.2,-0.052,38118077,LOCKED
63038,722.992,-62284017192215,-5703,61506,-28063.6,33355.3,8.3,-0.058,38203918,LOCKED
63039,723.991,-62284017196577,17544,84753,-28070.5,33312.9,8.3,-0.063,38290109,LOCKED
63040,724.991,-62284017289724,-42434,24775,-28250.5,32803.8,8.2,-0.059,38282708,LOCKED
63041,725.991,-62284017296341,-17906,49303,-28363.1,32287.9,8.3,-0.064,38368136,LOCKED
63042,726.991,-62284017296538,10325,77534,-28383.5,32180.4,8.6,-0.075,38455552,LOCKED
63043,727.991,-62284017285532,45952,113161,-28275.0,32708.7,8.6,-0.078,38558245,LOCKED
63044,728.991,-62284017409930,-48192,19017,-28292.0,32944.6,8.6,-0.075,38519627,LOCKED
63045,729.992,-62284017408280,-16124,51085,-28369.7,32794.8,8.6,-0.078,38614847,LOCKED
63046,730.991,-62284017391702,26434,93643,-28296.2,32923.8,8.6,-0.076,38717933,LOCKED
63047,731.991,-62284017397676,45141,112350,-28193.7,33440.6,8.6,-0.074,38802989,LOCKED
63048,732.992,-62284017513230,-38698,28511,-28302.4,33703.0,8.6,-0.076,38779842,LOCKED
63049,733.991,-62284017508236,-4263,62946,-28351.2,33555.2,8.6,-0.080,38873103,LOCKED
63050,734.992,-62284017491591,37006,104215,-28229.6,33643.7,8.5,-0.080,38867150,LOCKED
63051,735.992,-62284017593952,-33604,33605,-28346.8,33650.8,8.8,-0.086,38962757,LOCKED
63052,736.992,-62284017599589,-8859,58350,-28432.1,33235.6,8.9,-0.087,39051812,LOCKED
63053,737.992,-62284017609347,9231,76440,-28418.8,33258.5,9.1,-0.095,39127716,LOCKED
63054,738.992,-62284017598545,44294,111503,-28288.2,33548.3,9.3,-0.102,39230815,LOCKED
63055,739.992,-62284017634155,35155,102364,-28257.4,33801.9,9.5,-0.109,39184806,LOCKED
63056,740.993,-62284017715297,-17354,49855,-28246.9,33735.9,9.7,-0.116,39292998,LOCKED
63057,741.992,-62284017756734,-29923,37286,-28227.6,33521.2,9.9,-0.123,39366018,LOCKED
63058,742.993,-62284017735708,18792,86001,-28232.4,33490.6,10.6,-0.128,39455080,LOCKED
63059,743.992,-62284017730745,48431,115640,-28138.2,34122.7,10.5,-0.133,39436660,LOCKED
63060,744.992,-62284017787049,20956,88165,-28207.2,33248.7,10.5,-0.133,39582361,LOCKED
63061,745.992,-62284017890294,-49409,17800,-28354.6,33590.4,10.7,-0.140,39567357,LOCKED
63062,746.992,-62284017881843,-10941,56268,-28418.1,33447.4,10.9,-0.142,39667048,LOCKED
63063,747.992,-62284017870857,26433,93642,-28362.4,33631.5,11.1,-0.143,39764919,LOCKED
63064,748.992,-62284017978827,-50867,16342,-28391.1,34012.5,11.1,-0.143,39747411,LOCKED
63065,749.993,-62284017956569,1314,68523,-28468.6,33446.5,11.4,-0.156,39858559,LOCKED
63066,750.993,-62284017958010,26890,94099,-28442.0,33607.4,11.4,-0.156,39949129,LOCKED
63067,751.992,-62284017958352,50518,117727,-28306.3,34105.3,11.4,-0.156,40038912,LOCKED
63068,752.993,-62284018066510,-28975,38234,-28275.6,33746.7,11.5,-0.148,40021354,LOCKED
63069,753.992,-62284018063543,2746,69955,-28303.7,33652.2,11.4,-0.138,40115078,LOCKED
63070,754.992,-62284018158451,-61031,6178,-28341.1,34234.7,11.4,-0.127,40106003,LOCKED
63071,755.993,-62284018169499,-39529,27680,-28482.2,34203.9,11.6,-0.133,40184871,LOCKED
63072,756.994,-62284018174085,-14266,52943,-28525.6,34229.0,11.8,-0.129,40270843,LOCKED
63073,757.993,-62284018165058,20973,88182,-28446.8,34192.4,11.8,-0.113,40368680,LOCKED
63074,758.993,-62284018155036,54199,121408,-28279.3,34522.6,11.9,-0.118,40463674,LOCKED
63075,759.993,-62284018269242,-28257,38952,-28402.9,34258.7,12.4,-0.107,40447420,LOCKED
63076,760.993,-62284018262440,7087,74296,-28421.5,34187.4,12.4,-0.100,40539521,LOCKED
63077,761.993,-62284018266346,29530,96739,-28368.8,34421.7,12.2,-0.088,40628525,LOCKED
63078,762.997,-62284018271984,48020,115229,-28240.3,34865.5,12.2,-0.088,40713910,LOCKED
63079,763.993,-62284018390953,-41242,25967,-28243.7,34906.7,12.2,-0.088,40684433,LOCKED
63080,764.993,-62284018352709,22320,89529,-28137.0,34645.4,12.0,-0.072,40809976,LOCKED
63081,765.993,-62284018370073,29618,96827,-28015.5,34458.6,12.1,-0.039,40881839,LOCKED
63082,766.994,-62284018473839,-42065,25144,-28145.4,34656.7,11.8,-0.018,40870684,LOCKED
63083,767.994,-62284018479441,-18098,49111,-28185.2,34738.1,11.3,0.023,40949163,LOCKED
63084,768.994,-62284018471251,16949,84158,-28148.2,34809.6,10.6,0.073,41050207,LOCKED
63085,769.993,-62284018470804,44008,111217,-28146.0,34838.1,10.9,0.040,41139274,LOCKED
63086,770.994,-62284018596418,-48317,18892,-28318.4,34794.3,10.9,0.025,41104360,LOCKED
63087,771.994,-62284018588584,-10879,56330,-28363.5,34767.2,10.7,0.012,41196525,LOCKED
63088,772.999,-62284018631022,-23674,43535,-28386.9,34887.5,10.8,0.003,41271612,LOCKED
63089,773.994,-62284018594228,37148,104357,-28234.5,34595.5,10.6,-0.005,41375034,LOCKED
63090,774.994,-62284018660583,-1284,65925,-28217.0,34562.2,10.9,-0.021,41393278,LOCKED
63091,775.994,-62284018702984,-15088,52121,-28210.6,34529.0,10.7,-0.018,41448487,LOCKED
63092,776.994,-62284018714161,227,67436,-28126.4,33914.4,10.5,-0.015,41521161,LOCKED
63093,777.994,-62284018710187,30177,97386,-28071.0,34160.6,10.3,-0.012,41618923,LOCKED
63094,778.994,-62284018807353,-37557,29652,-28075.3,34208.7,10.1,-0.008,41607391,LOCKED
63095,779.994,-62284018790127,8916,76125,-28147.8,33542.1,10.1,-0.005,41715821,LOCKED
63096,780.995,-62284018789341,36472,103681,-28140.9,33617.4,9.8,-0.001,41803477,LOCKED
63097,781.994,-62284018906290,-48122,19087,-28267.9,34087.0,9.6,-0.003,41775732,LOCKED
63098,782.995,-62284018907676,-19797,47412,-28305.8,34192.0,9.6,-0.005,41866864,LOCKED
63099,783.995,-62284018903714,10951,78160,-28249.3,34102.3,9.6,-0.007,41957424,LOCKED
63100,784.994,-62284018895409,45808,113017,-28242.3,34197.8,9.5,-0.011,42060260,LOCKED
63101,785.995,-62284018913290,53231,120440,-28186.5,34832.2,9.5,-0.012,42016783,LOCKED
63102,786.995,-62284019005467,-10293,56916,-28192.3,34847.4,9.5,-0.014,42126602,LOCKED
63103,787.995,-62284019009233,11671,78880,-28090.6,34312.2,9.7,-0.018,42214353,LOCKED
63104,788.994,-62284019010791,37265,104474,-28106.6,34106.9,9.3,-0.015,42302572,LOCKED
63105,789.995,-62284019117392,-37931,29278,-28205.6,34401.9,9.3,-0.015,42282345,LOCKED
63106,790.995,-62284019134982,-26327,40882,-28210.3,34437.9,8.9,-0.011,42355868,LOCKED
63107,791.995,-62284019137748,-2378,64831,-28132.8,33853.8,8.6,-0.003,42441606,LOCKED
63108,792.995,-62284019147533,16188,83397,-28170.5,33536.7,8.7,-0.004,42523419,LOCKED
63109,793.995,-62284019158359,31571,98780,-28126.7,33797.8,8.7,0.001,42601856,LOCKED
63110,794.995,-62284019182488,31961,99170,-28002.5,33664.2,8.5,0.005,42667115,LOCKED
63111,795.995,-62284019207280,33939,101148,-27998.5,33705.3,8.5,0.004,42730585,LOCKED
63112,796.995,-62284019323242,-50169,17040,-28104.5,34358.5,8.5,0.009,42703481,LOCKED
63113,798.003,-62284019315044,-13150,54059,-28117.8,34396.6,8.9,0.011,42799254,LOCKED
63114,798.995,-62284019310798,16484,83693,-28011.0,33938.0,8.9,0.010,42896309,LOCKED
63115,799.996,-62284019313416,37805,105014,-27873.8,33881.1,9.0,0.010,42981410,LOCKED
63116,800.996,-62284019435410,-52366,14843,-27980.7,34599.4,9.1,0.009,42947904,LOCKED
63117,801.996,-62284019425084,-12326,54883,-28045.4,34479.1,9.3,0.007,43051837,LOCKED
63118,802.996,-62284019491634,-48271,18938,-28090.8,34964.9,9.1,-0.001,43147134,LOCKED
63119,803.997,-62284019417452,48648,115857,-27908.6,34783.2,9.0,0.004,43123846,LOCKED
63120,804.996,-62284019483983,8292,75501,-27837.2,34521.5,8.9,0.010,43260019,LOCKED
63121,805.996,-62284019549188,-25838,41371,-27953.3,34262.6,9.1,0.010,43230717,LOCKED
63122,806.995,-62284019603206,-48270,18939,-28051.5,34868.1,9.1,0.008,43319060,LOCKED
63123,807.996,-62284019596163,-13286,53923,-28023.9,34691.4,9.2,0.006,43413361,LOCKED
63124,808.995,-62284019575133,35087,102296,-28049.0,34369.5,9.1,0.014,43524136,LOCKED
63125,809.996,-62284019676115,-35344,31865,-28113.1,34702.6,8.9,0.002,43515527,LOCKED
63126,810.997,-62284019659113,8333,75542,-28056.2,34566.6,8.9,0.010,43621179,LOCKED
63127,811.996,-62284019649291,41414,108623,-27889.3,34251.3,9.0,0.025,43718773,LOCKED
63128,812.997,-62284019763705,-41468,25741,-27999.4,34590.6,9.1,0.035,43694743,LOCKED
63129,813.996,-62284019768643,-17435,49774,-28018.1,34659.5,8.9,0.057,43779502,LOCKED
63130,814.996,-62284019739971,38713,105922,-28056.0,34085.8,9.0,0.065,43784676,LOCKED
63131,815.996,-62284019841004,-30499,36710,-28190.3,33760.6,9.0,0.058,43884860,LOCKED
63132,816.996,-62284019851365,-10952,56257,-28256.5,33596.7,9.0,0.066,43965584,LOCKED
63133,817.996,-62284019844755,22086,89295,-28203.4,33711.8,9.0,0.074,44059913,LOCKED
63134,818.996,-62284019945137,-48429,18780,-28204.5,33728.2,9.1,0.069,44052039,LOCKED
63135,819.997,-62284019944139,-16757,50452,-28298.0,33437.5,9.0,0.046,44137770,LOCKED
63136,820.997,-62284019951928,3663,70872,-28299.7,33435.3,8.9,0.075,44221966,LOCKED
63137,821.996,-62284019937682,42552,109761,-28190.8,33826.8,8.9,0.081,44326007,LOCKED
63138,822.998,-62284019952052,51207,118416,-28022.2,33989.4,8.9,0.074,44286510,LOCKED
63139,823.997,-62284020061294,-26694,40515,-28140.9,33725.7,8.9,0.068,44376349,LOCKED
63140,824.997,-62284020105858,-41033,26176,-28175.0,34057.0,9.0,0.063,44422830,LOCKED
63141,825.997,-62284020142047,-46939,20270,-28200.4,34367.4,8.6,0.056,44480476,LOCKED
63142,826.997,-62284020140404,-14565,52644,-28300.5,33935.8,8.6,0.052,44571300,LOCKED
63143,827.997,-62284020150774,3924,71133,-28334.6,33791.7,8.6,0.048,44647339,LOCKED
63144,828.996,-62284020153812,26930,94139,-28266.8,33951.8,8.5,0.045,44739300,LOCKED
63145,829.997,-62284020152338,51579,118788,-28102.4,34190.0,8.3,0.049,44715311,LOCKED
63146,830.997,-62284020259528,-24035,43174,-28233.2,33652.6,8.4,0.047,44809120,LOCKED
63147,831.998,-62284020251734,11841,79050,-28245.4,33593.7,8.4,0.044,44905243,LOCKED
63148,832.997,-62284020247516,42554,109763,-28230.3,33774.3,8.4,0.042,44999612,LOCKED
63149,833.997,-62284020368110,-47579,19630,-28260.7,34140.4,8.4,0.039,44970248,LOCKED
63150,834.997,-62284020333453,14589,81798,-28248.1,34182.9,8.2,0.036,45095723,LOCKED
63151,835.997,-62284020389274,-11420,55789,-28306.0,34092.4,8.1,0.035,45134985,LOCKED
63152,836.998,-62284020378256,26301,93510,-28271.1,34268.1,8.0,0.035,45230029,LOCKED
63153,837.998,-62284020388098,40942,108151,-28153.0,34530.9,7.9,0.035,45200786,LOCKED
63154,838.997,-62284020475240,-15562,51647,-28249.3,34180.5,7.9,0.036,45312437,LOCKED
63155,839.997,-62284020487118,662,61693,-28243.1,34178.4,7.7,0.037,45412041,LOCKED
63156,840.997,-62284020556504,-38918,22113,-28255.1,34308.9,7.6,0.039,45387033,LOCKED
63157,841.998,-62284020573037,-23569,37462,-28394.2,33615.8,7.6,0.038,45482484,LOCKED
63158,842.998,-62284020559835,17970,79001,-28421.3,33396.5,7.6,0.037,45585124,LOCKED
63159,843.998,-62284020546853,55605,116636,-28328.7,34237.4,8.1,0.041,45578064,LOCKED
63160,844.997,-62284020603965,23889,84920,-28224.3,34048.2,8.4,0.041,45722156,LOCKED
63161,845.998,-62284020709942,-52006,9025,-28229.0,34121.5,8.6,0.038,45701379,LOCKED
63162,846.998,-62284020683392,3027,64058,-28246.5,34078.0,8.6,0.037,45823049,LOCKED
63163,847.998,-62284020674558,37145,98176,-28162.7,34419.0,8.4,0.031,45808305,LOCKED
63164,848.999,-62284020757740,-18022,43009,-28125.4,34090.4,8.4,0.030,45925191,LOCKED
63165,849.997,-62284020752718,15377,76408,-28163.5,33781.3,8.5,0.030,46020879,LOCKED
63166,850.997,-62284020758867,35911,96942,-28150.5,33910.9,8.5,0.028,46104997,LOCKED
63167,851.998,-62284020867873,-41893,19138,-28230.7,34380.8,8.4,0.033,46083381,LOCKED
63168,852.998,-62284020858671,-4598,56433,-28216.3,34342.2,8.2,0.026,46183907,LOCKED
63169,853.998,-62284020869245,11164,72195,-28142.4,34117.7,8.4,0.031,46260843,LOCKED
63170,854.998,-62284020890199,15908,76939,-28048.7,33804.3,8.2,0.023,46332266,LOCKED
63171,855.998,-62284020895792,34404,95435,-27911.4,33599.6,8.2,0.022,46415722,LOCKED
63172,856.998,-62284021018573,-55207,5824,-28078.0,33998.5,8.3,0.029,46383072,LOCKED
63173,857.999,-62284021012551,-19458,41573,-28126.6,34082.5,7.7,0.046,46479447,LOCKED
63174,858.999,-62284021011545,8284,69315,-28072.0,33959.9,7.9,0.048,46567281,LOCKED
63175,859.998,-62284021006323,37203,98234,-27918.9,33651.1,7.9,0.061,46550075,LOCKED
63176,860.999,-62284021106281,-31268,29763,-28042.2,33499.8,7.7,0.074,46649889,LOCKED
63177,861.998,-62284021106886,-3430,57601,-28056.2,33497.3,7.6,0.064,46739657,LOCKED
63178,862.999,-62284021099068,31785,92816,-28076.8,33253.8,7.6,0.067,46837227,LOCKED
63179,863.999,-62284021121102,33472,94503,-27918.4,32662.4,7.6,0.070,46791075,LOCKED
63180,865.000,-62284021178618,2842,63873,-27872.3,32509.6,7.7,0.060,46935420,LOCKED
63181,865.998,-62284021176163,31419,92450,-27838.6,32746.6,7.6,0.039,47027215,LOCKED
63182,866.999,-62284021297373,-56654,4377,-28004.8,33237.8,7.6,0.050,46995012,LOCKED
63183,867.998,-62284021302566,-31384,29647,-28073.3,33493.5,7.4,0.075,47079603,LOCKED
63184,868.999,-62284021301928,-3823,57208,-28010.4,33060.4,7.5,0.070,47173599,LOCKED
63185,869.999,-62284021299098,26281,87312,-28018.0,32991.4,7.8,0.052,47264142,LOCKED
63186,870.999,-62284021302564,47088,108119,-27912.3,33557.5,7.6,0.069,47233840,LOCKED
63187,871.999,-62284021417257,-38896,22135,-27886.6,33183.6,7.6,0.063,47322132,LOCKED
63188,873.000,-62284021419875,-11720,49311,-27960.9,32959.9,7.8,0.040,47410915,LOCKED
63189,874.001,-62284021453545,-15956,45075,-28006.8,33002.1,7.7,0.046,47495354,LOCKED
63190,874.999,-62284021514608,-47333,13698,-28010.5,33056.7,7.6,0.040,47492266,LOCKED
63191,875.999,-62284021528833,-30488,30543,-28110.1,33122.3,7.7,0.037,47565065,LOCKED
63192,876.999,-62284021515791,10355,71386,-28112.1,33115.2,7.8,0.024,47670317,LOCKED
63193,877.999,-62284021548496,4628,65659,-28064.1,32976.4,7.7,0.030,47761477,LOCKED
63194,878.999,-62284021626154,-40449,20582,-28218.8,32794.7,7.8,0.037,47737261,LOCKED
63195,879.999,-62284021662592,-44725,16306,-28338.2,33201.4,7.8,0.035,47813478,LOCKED
63196,880.999,-62284021633598,11988,73019,-28327.7,33231.2,7.9,0.026,47911449,LOCKED
63197,882.000,-62284021630983,38920,99951,-28195.3,33280.4,7.8,0.025,48001705,LOCKED
63198,883.000,-62284021738173,-39280,21751,-28168.9,32887.8,7.8,0.024,47987021,LOCKED
63199,884.000,-62284021715551,11575,72606,-28191.4,32758.7,7.8,0.023,48094905,LOCKED
63200,885.000,-62284021765904,-8498,52533,-28280.0,32278.4,8.0,0.016,48137066,LOCKED
63201,886.000,-62284021772905,13722,74753,-28349.1,31516.1,8.2,0.011,48220255,LOCKED
63202,887.000,-62284021768902,43957,104988,-28318.3,31875.8,8.2,0.010,48314214,LOCKED
63203,888.000,-62284021790700,47485,108516,-28250.2,32500.1,8.2,0.010,48268221,LOCKED
63204,889.000,-62284021889462,-22117,38914,-28258.1,32550.9,8.2,0.010,48369922,LOCKED
63205,890.001,-62284021886808,6631,67662,-28162.8,31910.4,8.2,0.008,48463330,LOCKED
63206,891.000,-62284021892637,28004,89035,-28162.2,31915.5,8.2,0.008,48550370,LOCKED
63207,892.001,-62284021907195,38658,99689,-28081.6,32329.0,8.2,0.008,48511539,LOCKED
63208,893.002,-62284022008637,-33830,27201,-28068.1,32163.2,8.2,0.008,48612238,LOCKED
63209,894.002,-62284022007603,-2777,58254,-28159.4,31460.4,8.8,0.002,48701849,LOCKED
63210,895.000,-62284022074990,-39605,21426,-28211.4,31888.1,8.9,-0.001,48722716,LOCKED
63211,896.001,-62284022006363,54123,115154,-28148.7,32629.1,9.0,-0.003,48770348,LOCKED
63212,897.000,-62284022100189,-11518,49513,-28131.2,32536.3,9.1,-0.005,48877782,LOCKED
63213,898.000,-62284022094330,19650,80681,-28025.2,32171.2,9.2,-0.007,48974914,LOCKED
63214,899.000,-62284022109964,30449,91480,-27997.6,32374.0,9.2,-0.006,48934593,LOCKED
63215,900.001,-62284022196322,-26144,34887,-28041.0,32567.5,9.2,-0.005,49050926,LOCKED
63216,901.001,-62284022198100,1469,62500,-28109.8,32094.7,9.3,-0.006,49138709,LOCKED
63217,902.000,-62284022207677,19766,80797,-28131.2,31913.2,9.4,-0.007,49218583,LOCKED
63218,903.002,-62284022217687,35161,96192,-28055.7,32250.7,9.5,-0.007,49297603,LOCKED
63219,904.001,-62284022340053,-56993,4038,-28066.7,32443.7,9.3,0.005,49270565,LOCKED
63220,905.001,-62284022292632,16520,77551,-27997.2,32368.7,8.6,0.019,49404970,LOCKED
63221,906.001,-62284022306077,30806,91837,-28035.4,31846.1,8.6,0.014,49480186,LOCKED
63222,907.001,-62284022427859,-58828,2203,-28139.6,32832.6,8.7,0.016,49445916,LOCKED
63223,908.001,-62284022443220,-44196,16835,-28157.1,33051.3,8.7,0.019,49522619,LOCKED
63224,909.001,-62284022455434,-25750,35281,-28237.3,33124.8,8.8,0.023,49600443,LOCKED
63225,910.001,-62284022449756,7269,68300,-28205.3,33106.0,8.5,0.035,49693935,LOCKED
63226,911.001,-62284022438626,42439,103470,-28071.2,33284.3,8.5,0.040,49794570,LOCKED
63227,912.003,-62284022560236,-46344,14687,-28227.9,33366.7,8.5,0.046,49760326,LOCKED
63228,913.001,-62284022550809,-7783,53248,-28259.4,33354.6,8.5,0.054,49862870,LOCKED
63229,914.003,-62284022539779,29242,90273,-28196.8,33578.6,8.5,0.048,49959691,LOCKED
63230,915.002,-62284022563777,30759,91790,-28116.2,33774.3,8.5,0.055,50029168,LOCKED
63231,916.001,-62284022583749,35044,96075,-27984.8,33675.1,8.4,0.062,50098713,LOCKED
63232,917.002,-62284022701703,-49658,11373,-28161.1,33641.3,8.4,0.057,50069167,LOCKED
63233,918.002,-62284022694933,-13035,47996,-28222.5,33555.0,8.3,0.065,50162790,LOCKED
63234,919.001,-62284022690123,18523,79554,-28180.9,33641.7,8.4,0.046,50260320,LOCKED
63235,920.002,-62284022696481,36400,97431,-28047.6,33573.9,8.4,0.041,50230638,LOCKED
63236,921.002,-62284022813878,-48566,12465,-28182.2,34000.4,8.4,0.051,50319556,LOCKED
63237,922.002,-62284022802248,-8040,52991,-28203.8,34012.9,8.4,0.050,50412684,LOCKED
63238,923.002,-62284022799446,20435,81466,-28113.5,33863.3,8.5,0.050,50506994,LOCKED
63239,924.002,-62284022814244,30219,91250,-27990.2,33674.0,8.4,0.066,50470421,LOCKED
63240,925.002,-62284022884563,-11803,49228,-27985.6,33655.1,8.4,0.066,50601497,LOCKED
63241,926.002,-62284022886152,12130,73161,-27884.6,33125.4,8.5,0.055,50682351,LOCKED
63242,927.002,-62284022896129,29560,90591,-27910.4,32821.4,8.3,0.043,50654330,LOCKED
63243,928.002,-62284022979547,-23474,37557,-27993.0,32819.8,8.1,0.034,50771884,LOCKED
63244,929.002,-62284022979501,4183,65214,-27981.1,32822.9,8.3,0.045,50863461,LOCKED
63245,930.002,-62284022976319,31924,92955,-27866.1,32790.1,8.5,0.056,50842543,LOCKED
63246,931.003,-62284023077709,-40947,20084,-27829.9,32189.8,8.6,0.065,50942281,LOCKED
63247,932.002,-62284023070463,-4741,56290,-27877.6,32051.4,8.6,0.073,51041278,LOCKED
63248,933.003,-62284023079889,12783,73814,-27853.3,32098.1,8.5,0.074,51122229,LOCKED
63249,934.002,-62284023097250,21903,82934,-27822.3,32230.5,8.2,0.075,51082192,LOCKED
63250,935.002,-62284023156394,-7574,53457,-27900.4,31853.7,8.2,0.076,51220257,LOCKED
63251,936.003,-62284023181191,-3309,57722,-27952.0,31658.6,8.2,0.077,51285427,LOCKED
63252,937.003,-62284023181796,22044,83075,-27890.7,31751.3,8.1,0.078,51376996,LOCKED
63253,938.003,-62284023297782,-62082,0,-27982.4,32824.5,7.8,0.080,51345189,LOCKED
63254,939.003,-62284023295776,-28627,33455,-28105.2,32572.0,7.6,0.079,51436015,LOCKED
63255,940.003,-62284023335414,-35760,26322,-28262.0,32116.0,7.5,0.080,51513294,LOCKED
63256,941.003,-62284023301808,24457,86539,-28221.5,32286.7,7.5,0.080,51613908,LOCKED
63257,942.004,-62284023413142,-55848,6234,-28266.5,32910.7,7.5,0.082,51591581,LOCKED
63258,943.003,-62284023395356,-7539,54543,-28364.9,32258.4,7.5,0.081,51696932,LOCKED
63259,944.003,-62284023368533,44593,106675,-28288.9,32821.4,7.7,0.086,51813650,LOCKED
63260,945.003,-62284023411270,28912,90994,-28276.5,32922.3,7.7,0.086,51862352,LOCKED
63261,946.003,-62284023427671,38170,100252,-28211.4,33327.5,7.7,0.085,51932353,LOCKED
63262,947.003,-62284023534852,-39229,22853,-28223.3,33461.4,7.6,0.087,51916608,LOCKED
63263,948.003,-62284023525658,-3019,59063,-28158.9,33025.7,7.7,0.088,52015340,LOCKED
63264,949.003,-62284023510012,39073,101155,-28139.8,33229.3,7.6,0.091,52118793,LOCKED
63265,950.004,-62284023626618,-46249,15833,-28217.3,33816.5,7.7,0.087,52094868,LOCKED
63266,951.003,-62284023624536,-15676,46406,-28204.6,33740.3,7.6,0.091,52188243,LOCKED
63267,952.003,-62284023615922,18515,80597,-28106.2,33446.5,7.6,0.094,52282127,LOCKED
63268,953.004,-62284023613716,46734,108816,-28081.2,33756.5,7.5,0.098,52264701,LOCKED
63269,954.004,-62284023715698,-25269,36813,-28132.5,33926.3,7.3,0.090,52363122,LOCKED
63270,955.004,-62284023689021,29099,91181,-28159.2,33619.8,7.4,0.087,52480059,LOCKED
63271,956.004,-62284023713437,29028,91110,-28020.0,33152.1,7.4,0.085,52548003,LOCKED
63272,957.003,-62284023824835,-50452,11630,-28127.6,33820.2,7.4,0.083,52524175,LOCKED
63273,958.004,-62284023812645,-10160,51922,-28109.4,33733.4,7.8,0.080,52624825,LOCKED
63274,959.004,-62284023806579,21318,83400,-28012.3,33539.9,7.8,0.086,52718906,LOCKED
63275,960.004,-62284023812417,41370,103452,-27976.9,33885.6,7.8,0.092,52691783,LOCKED
63276,961.004,-62284023917378,-33467,28615,-28026.7,34182.1,7.8,0.089,52783905,LOCKED
63277,962.004,-62284023919984,-8278,53804,-28001.5,34061.9,7.8,0.088,52874831,LOCKED
63278,963.004,-62284023909966,26409,88491,-27881.7,33773.6,7.9,0.086,52975509,LOCKED
63279,964.004,-62284024021932,-52301,9781,-28058.8,33872.8,7.7,0.074,52952507,LOCKED
63280,965.004,-62284023975856,19696,81778,-27986.5,33852.2,7.7,0.072,53087925,LOCKED
63281,966.004,-62284023990665,29460,91542,-27867.7,33689.2,8.1,0.073,53048143,LOCKED
63282,967.004,-62284024103463,-50132,11950,-28046.7,33639.0,8.1,0.067,53138831,LOCKED
63283,968.004,-62284024113824,-28849,33233,-28175.5,33319.4,8.1,0.061,53215210,LOCKED
63284,969.005,-62284024114814,-461,61621,-28233.8,33020.1,8.1,0.055,53304033,LOCKED
63285,970.004,-62284024150460,-7322,54760,-28248.8,33034.7,8.6,0.031,53385538,LOCKED
63286,971.004,-62284024218917,-45700,16382,-28262.6,33217.6,8.6,0.026,53359822,LOCKED
63287,972.004,-62284024239239,-33487,28595,-28416.9,32700.0,8.6,0.022,53449879,LOCKED
63288,973.004,-62284024231389,3321,65403,-28449.0,32570.7,8.6,0.003,53551989,LOCKED
63289,974.005,-62284024222367,37591,99673,-28354.3,32892.6,8.6,0.015,53646770,LOCKED
63290,975.005,-62284024244708,39993,102075,-28243.3,33187.7,8.6,0.029,53713089,LOCKED
63291,976.004,-62284024270969,38092,100174,-28115.9,33258.3,8.6,0.031,53779288,LOCKED
63292,977.005,-62284024385127,-43116,18966,-28281.7,33038.2,8.6,0.033,53753838,LOCKED
63293,978.005,-62284024366309,4443,66525,-28311.7,32914.0,8.6,0.035,53860832,LOCKED
63294,979.004,-62284024361710,34583,96665,-28233.1,33218.3,8.6,0.028,53956466,LOCKED
63295,980.005,-62284024478100,-51225,10857,-28263.2,33622.2,8.6,0.029,53926801,LOCKED
63296,981.005,-62284024477286,-18890,43192,-28392.0,32896.6,8.6,0.031,54019969,LOCKED
63297,982.005,-62284024475636,11060,73142,-28405.9,32829.9,8.7,0.042,54108103,LOCKED
63298,983.005,-62284024475046,37074,99156,-28321.0,33178.2,8.6,0.044,54202617,LOCKED
63299,984.005,-62284024595620,-52489,9593,-28365.8,33737.5,8.8,0.052,54169646,LOCKED
63300,985.006,-62284024569959,1939,64021,-28388.8,33676.9,8.8,0.053,54283531,LOCKED
63301,986.005,-62284024581380,17317,79399,-28339.5,33726.9,8.9,0.060,54361300,LOCKED
63302,987.005,-62284024585382,37927,100009,-28219.4,33864.9,8.8,0.060,54446296,LOCKED
63303,988.006,-62284024709168,-53185,8897,-28349.8,34506.8,8.7,0.060,54412780,LOCKED
63304,989.005,-62284024707766,-22038,40044,-28381.7,34632.4,8.5,0.061,54502476,LOCKED
63305,990.006,-62284024698708,13237,75319,-28297.3,34353.9,8.3,0.064,54604974,LOCKED
63306,991.006,-62284024704509,34587,96669,-28298.6,34340.4,8.0,0.066,54688593,LOCKED
63307,992.006,-62284024824103,-52988,9094,-28393.2,35085.9,7.7,0.069,54658384,LOCKED
63308,993.006,-62284024815241,-15244,46838,-28391.8,35079.5,7.8,0.066,54756533,LOCKED
63309,994.006,-62284024805243,20719,82801,-28307.0,34991.5,7.8,0.068,54858610,LOCKED
63310,995.006,-62284024890587,-33938,28144,-28367.5,35293.6,7.7,0.069,54860656,LOCKED
63311,996.006,-62284024893856,-8324,53758,-28379.0,35310.9,7.7,0.071,54947198,LOCKED
63312,997.006,-62284024901621,10512,72594,-28309.1,35113.9,7.8,0.070,55028439,LOCKED
63313,998.006,-62284024895987,43427,105509,-28330.9,34787.6,7.9,0.069,55126051,LOCKED
63314,999.006,-62284025010605,-39144,22938,-28448.4,34987.0,7.9,0.065,55100259,LOCKED
63315,1000.006,-62284024997747,3436,65518,-28516.7,34513.0,7.9,0.065,55202238,LOCKED
63316,1001.006,-62284024987301,39078,101160,-28418.6,34843.2,8.0,0.066,55302441,LOCKED
63317,1002.006,-62284025009167,44779,106861,-28451.4,34303.9,8.0,0.067,55265787,LOCKED
63318,1003.006,-62284025096117,-12159,49923,-28507.8,34235.7,8.0,0.064,55373097,LOCKED
63319,1004.006,-62284025121707,-9756,52326,-28466.3,33958.6,7.7,0.072,55466218,LOCKED
63320,1005.006,-62284025184030,-41483,20599,-28501.9,34302.4,7.7,0.074,55562031,LOCKED
63321,1006.006,-62284025213570,-40865,21217,-28515.2,34453.4,7.7,0.077,55527261,LOCKED
63322,1007.006,-62284025238248,-33135,28947,-28651.4,34215.4,7.6,0.082,55608164,LOCKED
63323,1008.007,-62284025212625,20131,82213,-28635.3,34292.1,7.6,0.080,55709102,LOCKED
63324,1009.006,-62284025203803,52734,114816,-28484.6,34739.5,7.9,0.085,55809704,LOCKED
63325,1010.006,-62284025314809,-26161,35921,-28619.3,34236.1,8.0,0.083,55787897,LOCKED
63326,1011.007,-62284025295215,21432,83514,-28624.5,34199.1,7.9,0.089,55896425,LOCKED
63327,1012.007,-62284025289153,52074,114156,-28512.4,34885.3,8.1,0.097,55991024,LOCKED
63328,1013.006,-62284025406347,-35737,26345,-28495.6,34680.3,8.0,0.105,55962844,LOCKED
63329,1014.007,-62284025406353,-5898,56184,-28552.1,34504.8,8.0,0.106,56054421,LOCKED
63330,1015.011,-62284025369456,54783,116865,-28409.0,35108.7,8.3,0.108,56180376,LOCKED
63331,1016.007,-62284025492893,-38784,23298,-28416.2,35188.0,8.2,0.120,56150728,LOCKED
63332,1017.007,-62284025477067,6680,68762,-28487.4,34609.1,8.2,0.120,56253012,LOCKED
63333,1018.007,-62284025476669,33574,95656,-28445.5,34883.5,8.2,0.106,56343229,LOCKED
63334,1019.007,-62284025489507,45137,107219,-28321.8,35249.8,8.2,0.101,56307366,LOCKED
63335,1020.007,-62284025595985,-32580,29502,-28289.1,34838.3,8.4,0.081,56401826,LOCKED
63336,1021.007,-62284025586802,5342,67424,-28320.1,34705.2,8.2,0.093,56501399,LOCKED
63337,1022.007,-62284025590388,28078,90160,-28268.6,34913.6,8.4,0.077,56587253,LOCKED
63338,1023.007,-62284025591558,50233,112315,-28109.3,35142.9,8.4,0.077,56673421,LOCKED
63339,1024.007,-62284025695724,-22858,39224,-28217.0,34888.3,8.5,0.090,56661265,LOCKED
63340,1025.008,-62284025650931,45817,107899,-28080.2,35167.9,8.5,0.090,56792399,LOCKED
63341,1026.007,-62284025681580,38791,100873,-27925.7,34923.0,8.4,0.073,56741291,LOCKED
63342,1027.007,-62284025786142,-34361,27721,-28039.8,34985.7,8.4,0.105,56839436,LOCKED
63343,1028.007,-62284025784288,-3630,58452,-28074.9,34918.4,8.5,0.115,56931245,LOCKED
63344,1029.007,-62284025773082,33018,95100,-28000.4,35181.8,8.5,0.113,57025788,LOCKED
63345,1030.007,-62284025796268,35252,97334,-27932.3,35502.6,8.0,0.115,56980515,LOCKED
63346,1031.008,-62284025910045,-46123,15959,-28075.2,35728.8,8.1,0.105,57070624,LOCKED
63347,1032.007,-62284025900811,-7182,54900,-28143.5,35481.1,8.1,0.103,57169926,LOCKED
63348,1033.007,-62284025892817,27013,89095,-28093.0,35669.4,8.0,0.103,57265713,LOCKED
63349,1034.007,-62284025911990,32264,94346,-27966.4,35525.1,8.0,0.102,57223376,LOCKED
63350,1035.007,-62284025944739,24043,86125,-27837.4,35035.0,8.0,0.102,57394605,LOCKED
63351,1036.007,-62284025969500,23509,85591,-27699.0,34366.1,8.0,0.101,57346041,LOCKED
63352,1037.007,-62284026066502,-41938,20144,-27818.7,34650.4,8.0,0.101,57449759,LOCKED
63353,1038.008,-62284026074271,-21030,41052,-27825.9,34691.6,8.0,0.101,57533133,LOCKED
63354,1039.008,-62284026079473,-170,61912,-27738.8,34025.9,7.9,0.101,57616245,LOCKED
63355,1040.008,-62284026123467,-14177,47905,-27825.7,33739.8,8.0,0.096,57690715,LOCKED
63356,1041.008,-62284026199413,-57923,4159,-27944.3,34619.4,8.1,0.091,57674749,LOCKED
63357,1042.008,-62284026227667,-55017,7065,-28010.7,35339.8,7.9,0.089,57764643,LOCKED
63358,1043.008,-62284026182829,15173,77255,-27905.3,34869.1,8.0,0.086,57870947,LOCKED
63359,1044.008,-62284026279059,-48228,13854,-28067.1,34971.3,8.2,0.082,57863174,LOCKED
63360,1045.009,-62284026225174,31368,93450,-28003.4,35223.5,8.2,0.080,58003435,LOCKED
63361,1046.008,-62284026243351,37750,99832,-27897.0,35457.8,7.9,0.081,57965060,LOCKED
63362,1047.008,-62284026347765,-37906,24176,-27876.1,35185.5,7.9,0.081,58063185,LOCKED
63363,1048.008,-62284026328366,10226,72308,-27935.4,34702.3,7.9,0.084,58171567,LOCKED
63364,1049.008,-62284026429728,-58512,3570,-28068.4,35522.1,8.2,0.081,58159240,LOCKED
63365,1050.008,-62284026432502,-31607,30475,-28094.9,35710.5,8.2,0.082,58245657,LOCKED
63366,1051.008,-62284026436667,-8470,53612,-28041.8,35338.6,8.1,0.083,58330268,LOCKED
63367,1052.008,-62284026429245,26917,88999,-28082.9,34862.5,8.1,0.085,58430195,LOCKED
63368,1053.008,-62284026433043,48405,110487,-28026.0,35410.5,8.1,0.085,58401353,LOCKED
63369,1054.008,-62284026538989,-28352,33730,-28036.0,35485.8,8.1,0.088,58495519,LOCKED
63370,1055.008,-62284026507220,30543,92625,-28042.2,35426.6,8.0,0.092,58507853,LOCKED
63371,1056.008,-62284026613798,-44519,17563,-28138.8,35910.0,7.9,0.096,58604305,LOCKED
63372,1057.009,-62284026620579,-21904,40178,-28164.1,36018.6,8.0,0.094,58686151,LOCKED
63373,1058.009,-62284026623333,1911,60423,-28088.8,35586.5,8.0,0.093,58770224,LOCKED
63374,1059.009,-62284026632739,20675,79187,-28127.2,35225.2,8.3,0.093,58853190,LOCKED
63375,1060.009,-62284026636128,42588,101100,-28059.3,35693.0,8.4,0.092,58826802,LOCKED
63376,1061.009,-62284026736510,-28999,29513,-28047.2,35576.8,8.4,0.092,58928774,LOCKED
63377,1062.009,-62284026735660,-1547,56965,-27973.5,35082.2,8.4,0.092,59018202,LOCKED
63378,1063.009,-62284026740658,20450,78962,-27959.5,35151.4,8.3,0.101,59104230,LOCKED
63379,1064.009,-62284026755692,31545,90057,-27922.1,35384.3,8.3,0.100,59063716,LOCKED
63380,1065.009,-62284026789765,25216,83728,-27955.3,35039.4,8.4,0.099,59231551,LOCKED
63381,1066.009,-62284026811993,30530,89042,-27985.9,34677.7,8.7,0.107,59295192,LOCKED
63382,1067.009,-62284026823983,45063,103575,-27989.1,34633.0,8.5,0.120,59263570,LOCKED
63383,1068.009,-62284026930381,-31346,27166,-28035.2,34886.8,8.4,0.107,59356772,LOCKED
63384,1069.009,-62284026927562,-1832,56680,-27966.2,34437.1,8.5,0.109,59452367,LOCKED
63385,1070.009,-62284026935980,17867,76379,-28003.4,34112.0,8.5,0.109,59538233,LOCKED
63386,1071.009,-62284027030834,-46013,12499,-28072.8,34668.6,8.6,0.087,59525637,LOCKED
63387,1072.010,-62284027063172,-48321,10191,-28088.5,34876.6,8.6,0.054,59609578,LOCKED
63388,1073.009,-62284027030150,13582,72094,-28150.1,34293.1,9.0,0.022,59703754,LOCKED
63389,1074.009,-62284027037947,32511,91023,-28134.3,34428.8,9.0,0.007,59673281,LOCKED
63390,1075.010,-62284027113906,-15688,42824,-28089.7,34040.6,8.8,-0.008,59801285,LOCKED
63391,1076.009,-62284027127487,630,59142,-28179.8,33301.1,8.7,-0.023,59880395,LOCKED
63392,1077.009,-62284027125277,29388,87900,-28148.5,33502.6,8.8,-0.007,59857259,LOCKED
63393,1078.010,-62284027211811,-27687,30825,-28166.8,33631.6,8.8,0.011,59971338,LOCKED
63394,1079.010,-62284027206429,4388,62900,-28101.6,33341.1,8.8,0.015,60068417,LOCKED
63395,1080.010,-62284027208995,29417,87929,-28125.8,33064.0,8.7,0.022,60042619,LOCKED
63396,1081.010,-62284027302024,-32918,25594,-28197.2,33348.0,8.8,0.014,60152870,LOCKED
63397,1082.010,-62284027306210,-8831,49681,-28186.2,33306.6,8.8,0.009,60239014,LOCKED
63398,1083.010,-62284027299164,23256,81768,-28070.3,32946.4,8.8,0.013,60332511,LOCKED
63399,1084.010,-62284027319961,29526,88038,-28070.2,32947.7,8.5,0.016,60289297,LOCKED
63400,1085.010,-62284027397505,-20064,38448,-28031.0,32554.5,8.4,0.019,60415062,LOCKED
63401,1086.010,-62284027398346,5261,63773,-27948.1,32058.1,8.4,0.015,60503091,LOCKED
63402,1087.010,-62284027407380,23652,82164,-27961.8,31934.0,8.1,0.018,60471077,LOCKED
63403,1088.010,-62284027511302,-48807,9705,-28052.6,32611.9,7.8,0.022,60569571,LOCKED
63404,1089.010,-62284027517091,-25961,32551,-28038.0,32469.3,7.8,0.025,60646945,LOCKED
63405,1090.010,-62284027521045,-3109,55403,-27972.2,32000.1,7.7,0.022,60740722,LOCKED
63406,1091.010,-62284027517259,28202,86714,-27997.2,31708.3,7.8,0.019,60831922,LOCKED
63407,1092.010,-62284027544665,27160,85672,-27962.2,31907.2,7.7,0.023,60779425,LOCKED
63408,1093.010,-62284027654426,-52060,6452,-28002.2,32438.8,7.7,0.026,60873858,LOCKED
63409,1094.011,-62284027646588,-16440,42072,-27963.9,32098.1,7.7,0.030,60967606,LOCKED
63410,1095.011,-62284027695993,-36603,21909,-27965.8,32120.2,7.7,0.033,61007842,LOCKED
63411,1096.011,-62284027709590,-22118,36394,-27934.6,31801.8,7.7,0.037,61086339,LOCKED
63412,1097.011,-62284027711335,4712,63224,-27974.0,31593.5,7.6,0.036,61173953,LOCKED
63413,1098.011,-62284027711737,30474,88986,-27935.8,31841.5,7.6,0.040,61259842,LOCKED
63414,1099.011,-62284027838723,-64601,0,-28023.6,32968.9,7.6,0.040,61226273,LOCKED
63415,1100.011,-62284027844489,-39499,25102,-28097.6,33400.3,7.6,0.038,61309784,LOCKED
63416,1101.011,-62284027842903,-7437,57164,-28202.2,32655.5,7.6,0.036,61401473,LOCKED
63417,1102.011,-62284027887316,-20239,44362,-28336.1,31872.2,7.6,0.034,61476463,LOCKED
63418,1103.011,-62284027856882,35611,100212,-28251.9,32192.9,7.6,0.032,61566787,LOCKED
63419,1104.011,-62284027974480,-48460,16141,-28430.5,32047.6,8.2,0.021,61538247,LOCKED
63420,1105.011,-62284027923815,27862,92463,-28340.5,32112.8,8.3,0.019,61677683,LOCKED
63421,1106.011,-62284028033160,-50895,13706,-28366.3,32477.4,8.3,0.019,61636860,LOCKED
63422,1107.011,-62284028063437,-48068,16533,-28519.1,32698.4,8.3,0.017,61716884,LOCKED
63423,1108.012,-62284028053039,-8702,55899,-28526.7,32714.4,8.3,0.020,61818861,LOCKED
63424,1109.011,-62284028042593,30585,95186,-28593.1,31639.2,8.3,0.011,61920163,LOCKED
63425,1110.012,-62284028152775,-46144,18457,-28755.2,31634.5,8.3,0.009,61896687,LOCKED
63426,1111.012,-62284028148376,-11258,53343,-28821.6,31464.9,8.3,0.007,61993545,LOCKED
63427,1112.012,-62284028158118,7066,71667,-28796.2,31463.5,8.3,0.005,62071492,LOCKED
63428,1113.012,-62284028157532,32972,97573,-28680.3,31459.8,8.5,0.009,62165553,LOCKED
63429,1114.012,-62284028167289,49875,114476,-28664.0,31704.3,8.5,0.007,62244547,LOCKED
63430,1115.012,-62284028246409,-1169,63432,-28633.2,31602.1,8.6,0.014,62254762,LOCKED
63431,1116.012,-62284028250414,23864,88465,-28692.9,30779.0,8.9,0.013,62341393,LOCKED
63432,1117.012,-62284028254848,46300,110901,-28680.4,30960.8,8.9,0.012,62426745,LOCKED
63433,1118.012,-62284028373997,-40819,23782,-28777.1,31392.8,8.9,0.010,62394936,LOCKED
63434,1119.012,-62284028377759,-14863,49738,-28798.6,31455.7,9.1,0.010,62484021,LOCKED
63435,1120.012,-62284028387377,3115,67716,-28744.7,31233.6,9.1,-0.001,62562864,LOCKED
63436,1121.012,-62284028389918,28811,93412,-28767.7,30957.9,9.2,0.013,62652726,LOCKED
63437,1122.012,-62284028388092,56016,120617,-28694.4,31820.2,9.4,-0.013,62741830,LOCKED
63438,1123.012,-62284028507526,-32815,31786,-28733.6,32099.1,9.5,-0.035,62715567,LOCKED
63439,1124.013,-62284028486860,14715,79316,-28666.2,31999.3,9.6,-0.055,62824433,LOCKED
63440,1125.012,-62284028529622,-105,64496,-28630.4,31877.9,9.6,-0.059,62870631,LOCKED
63441,1126.013,-62284028568230,-10371,54230,-28598.9,31676.2,9.7,-0.063,62924009,LOCKED
63442,1127.013,-62284028558987,24133,88734,-28475.0,31211.8,9.3,-0.036,63022426,LOCKED
63443,1128.013,-62284028557797,51209,115810,-28433.0,31761.8,9.3,-0.039,63113763,LOCKED
63444,1129.013,-62284028672767,-33161,31440,-28484.3,32075.0,9.3,-0.025,63087131,LOCKED
63445,1130.013,-62284028687141,-18580,46021,-28476.5,32021.5,9.7,-0.056,63162540,LOCKED
63446,1131.013,-62284028697178,1281,65882,-28548.6,31500.4,9.9,-0.041,63243681,LOCKED
63447,1132.013,-62284028769396,-37996,26605,-28701.2,31216.7,9.9,-0.039,63334552,LOCKED
63448,1133.013,-62284028696422,59276,123877,-28583.5,32220.0,9.8,-0.035,63311166,LOCKED
63449,1134.013,-62284028793175,-9360,55241,-28545.0,31963.3,9.8,-0.034,63417030,LOCKED
63450,1135.013,-62284028757735,51548,116149,-28479.6,32663.6,9.7,-0.044,63429748,LOCKED
63451,1136.013,-62284028886272,-45405,19196,-28556.5,33239.8,9.8,-0.051,63507417,LOCKED
63452,1137.013,-62284028865522,2622,67223,-28498.0,32978.3,9.9,-0.042,63615837,LOCKED
63453,1138.013,-62284028855915,38914,103515,-28473.7,33225.4,9.9,-0.034,63713068,LOCKED
63454,1139.013,-62284028956502,-31322,33279,-28513.8,33476.8,9.9,-0.040,63702489,LOCKED
63455,1140.014,-62284028933296,17942,82543,-28422.9,33248.7,9.7,-0.038,63817932,LOCKED
63456,1141.013,-62284028938841,39090,103691,-28403.0,33458.5,9.7,-0.037,63900525,LOCKED
63457,1142.014,-62284028944671,57789,122390,-28308.8,34362.0,9.8,-0.042,63872654,LOCKED
63458,1143.014,-62284029070233,-38001,26600,-28317.5,34455.8,9.7,-0.040,63948834,LOCKED
63459,1144.014,-62284029075798,-15642,48959,-28272.1,34057.2,9.5,-0.037,64032060,LOCKED
63460,1145.014,-62284029038154,47185,111786,-28198.8,34647.0,9.4,-0.034,64163217,LOCKED
63461,1146.014,-62284029150595,-35423,29178,-28220.1,34836.3,9.4,-0.033,64135995,LOCKED
63462,1147.014,-62284029150193,-7785,56816,-28158.7,34364.2,9.2,-0.030,64225706,LOCKED
63463,1148.014,-62284029156927,13761,78362,-28187.6,34168.8,9.1,-0.027,64308608,LOCKED
63464,1149.015,-62284029144961,50724,115325,-28115.3,34832.4,8.9,-0.024,64410267,LOCKED
63465,1150.014,-62284029253963,-28729,35872,-28137.9,34984.2,9.6,-0.016,64394674,LOCKED
63466,1151.015,-62284029259125,-6974,57627,-28066.2,34388.7,9.7,-0.012,64475741,LOCKED
63467,1152.015,-62284029254491,22334,86935,-27936.6,33804.2,9.6,-0.008,64572131,LOCKED
63468,1153.015,-62284029359521,-50336,14265,-28070.2,34309.1,9.4,-0.004,64554679,LOCKED
63469,1154.015,-62284029347295,-9602,54999,-28075.8,34322.7,9.2,0.001,64655896,LOCKED
63470,1155.015,-62284029352406,12986,77587,-28078.9,34309.4,9.1,0.004,64742968,LOCKED
63471,1156.015,-62284029359402,31882,96483,-28024.5,34581.3,9.1,0.011,64823445,LOCKED
63472,1157.015,-62284029377860,37869,102470,-27911.6,34775.8,9.1,0.013,64781261,LOCKED
63473,1158.015,-62284029462206,-19265,45336,-27845.1,33997.7,8.9,0.019,64901669,LOCKED
63474,1159.015,-62284029463384,8209,72810,-27898.4,33608.9,8.9,0.021,64986493,LOCKED
63475,1160.016,-62284029469154,28995,93596,-27880.7,33741.2,8.9,0.023,65072480,LOCKED
63476,1161.015,-62284029514423,10509,75110,-27844.3,33742.5,9.1,0.025,65148801,LOCKED
63477,1162.015,-62284029593505,-37907,26694,-27919.8,34125.6,9.1,0.027,65125507,LOCKED
63478,1163.016,-62284029628555,-43824,20777,-27906.5,33928.8,9.1,0.029,65204304,LOCKED
63479,1164.015,-62284029592577,19964,84565,-27935.0,33679.5,8.7,0.017,65301873,LOCKED
63480,1165.016,-62284029678088,-36518,28083,-27927.9,33594.1,8.7,0.019,65309448,LOCKED
63481,1166.016,-62284029691309,-19082,45519,-28030.3,33267.7,8.5,0.029,65399354,LOCKED
63482,1167.016,-62284029755911,-50535,14066,-28197.8,33413.9,8.5,0.032,65504265,LOCKED
63483,1168.015,-62284029769517,-33228,31373,-28276.0,33682.1,8.5,0.035,65486792,LOCKED
63484,1169.016,-62284029765886,-2082,62519,-28235.1,33506.0,8.5,0.030,65579183,LOCKED
63485,1170.016,-62284029756468,35086,99687,-28269.7,33013.6,8.9,0.037,65677938,LOCKED
63486,1171.016,-62284029773074,44534,109135,-28235.0,33394.4,8.9,0.041,65637723,LOCKED
63487,1172.016,-62284029860196,-13207,51394,-28269.3,33431.3,8.9,0.046,65755468,LOCKED
63488,1173.016,-62284029861805,11859,76460,-28210.7,33341.7,8.9,0.041,65839647,LOCKED
63489,1174.016,-62284029868751,29572,94173,-28085.3,33096.1,8.9,0.046,65919991,LOCKED
63490,1175.016,-62284029940691,-13183,51418,-28117.4,33137.2,8.9,0.037,65940171,LOCKED
63491,1176.016,-62284029952352,2455,67056,-28081.2,33047.0,8.9,0.012,66012666,LOCKED
63492,1177.016,-62284029954689,24926,89527,-27961.9,32698.6,9.0,0.003,66105661,LOCKED
63493,1178.016,-62284029969107,37440,102041,-27973.6,32544.4,9.1,-0.005,66068304,LOCKED
63494,1179.016,-62284030069493,-31977,32624,-28067.6,32700.8,9.0,-0.029,66165716,LOCKED
63495,1180.017,-62284030066687,-837,63764,-28079.3,32691.4,8.9,-0.056,66262703,LOCKED
63496,1181.016,-62284030070673,21103,85704,-28008.6,32712.4,8.9,-0.102,66348466,LOCKED
63497,1182.017,-62284030082631,33031,97632,-27860.9,32278.9,8.9,-0.103,66312970,LOCKED
63498,1183.018,-62284030163217,-17225,47376,-27953.7,31999.2,8.9,-0.104,66431305,LOCKED
63499,1184.016,-62284030164602,8408,73009,-27921.6,31991.5,8.8,-0.105,66518429,LOCKED
63500,1185.018,-62284030222171,-19726,44875,-27963.2,32098.9,8.8,-0.107,66549098,LOCKED
63501,1186.017,-62284030228363,2433,67034,-27986.3,32030.5,8.7,-0.108,66634576,LOCKED
63502,1187.017,-62284030235529,21054,85655,-27913.2,32035.7,8.9,-0.120,66717805,LOCKED
63503,1188.017,-62284030244991,35206,99807,-27760.5,31614.3,8.9,-0.122,66682988,LOCKED
63504,1189.016,-62284030342304,-31099,33502,-27868.4,31626.1,8.9,-0.124,66785459,LOCKED
63505,1190.017,-62284030342690,-2709,61892,-27908.5,31509.4,8.7,-0.133,66877288,LOCKED
63506,1191.017,-62284030351068,15854,80455,-27887.4,31578.7,8.6,-0.141,66958257,LOCKED
63507,1192.017,-62284030457686,-57193,7408,-28071.5,31864.6,8.6,-0.142,66941576,LOCKED
63508,1193.018,-62284030477472,-47323,17278,-28070.6,31850.0,9.2,-0.154,67009851,LOCKED
63509,1194.017,-62284030469669,-10065,54536,-28121.9,31772.6,9.3,-0.160,67109309,LOCKED
63510,1195.017,-62284030474656,10797,75398,-28028.1,31273.9,9.3,-0.161,67105031,LOCKED
63511,1196.016,-62284030567246,-48452,16149,-28208.6,31090.6,9.4,-0.167,67195542,LOCKED
63512,1197.017,-62284030560979,-12700,51901,-28250.2,31102.3,9.1,-0.165,67286522,LOCKED
63513,1198.017,-62284030566805,8238,72839,-28190.9,30927.6,9.0,-0.167,67375089,LOCKED
63514,1199.017,-62284030636739,-29836,34765,-28321.6,30595.0,8.9,-0.168,67353770,LOCKED
63515,1200.017,-62284030664197,-27176,37425,-28364.6,30814.7,9.1,-0.172,67454543,LOCKED
63516,1201.017,-62284030658563,5557,70158,-28311.6,30641.3,9.2,-0.174,67549197,LOCKED
63517,1202.017,-62284030648321,39606,104207,-28156.1,30387.9,9.6,-0.183,67649422,LOCKED
63518,1203.018,-62284030762310,-41770,22831,-28305.7,30342.7,9.7,-0.185,67626071,LOCKED
63519,1204.018,-62284030752888,-2936,61665,-28355.2,30150.3,9.9,-0.187,67722685,LOCKED
63520,1205.019,-62284030734823,39361,103962,-28218.0,30162.7,9.9,-0.186,67828597,LOCKED
63521,1206.018,-62284030845256,-38691,25910,-28358.2,30099.5,9.9,-0.184,67808552,LOCKED
63522,1207.018,-62284030831062,4169,68770,-28380.3,30018.6,10.0,-0.184,67913008,LOCKED
63523,1208.018,-62284030830444,30881,95482,-28319.4,30305.6,10.1,-0.184,68006507,LOCKED
63524,1209.018,-62284030938982,-47646,16955,-28323.1,30365.8,9.8,-0.176,67986940,LOCKED
63525,1210.018,-62284030926976,-5718,58883,-28392.2,30029.2,9.6,-0.169,68087596,LOCKED
63526,1211.017,-62284030932381,16579,81180,-28386.0,30061.6,9.7,-0.167,68170505,LOCKED
63527,1212.018,-62284030930771,42890,107491,-28276.2,30503.6,9.7,-0.165,68150584,LOCKED
63528,1213.018,-62284031030145,-24568,40033,-28414.3,29791.2,9.8,-0.162,68252765,LOCKED
63529,1214.018,-62284031028703,5550,70151,-28436.4,29698.5,9.8,-0.165,68339157,LOCKED
63530,1215.018,-62284031082892,-19026,45575,-28462.5,29805.5,9.9,-0.153,68379904,LOCKED
63531,1216.018,-62284031104692,-12399,52202,-28440.1,29656.6,10.0,-0.148,68449134,LOCKED
63532,1217.018,-62284031099442,18691,83292,-28343.4,29350.2,10.0,-0.142,68541059,LOCKED
63533,1218.018,-62284031098648,45263,109864,-28292.7,29904.8,10.0,-0.135,68631862,LOCKED
63534,1219.018,-62284031113270,54726,111919,-28177.0,30776.4,10.0,-0.127,68595907,LOCKED
63535,1220.018,-62284031215195,-18998,38195,-28146.5,30486.2,9.6,-0.107,68697167,LOCKED
63536,1221.018,-62284031204805,17563,74756,-28078.6,30444.5,9.9,-0.093,68799218,LOCKED
63537,1222.018,-62284031203135,45161,102354,-28048.2,30826.1,9.7,-0.082,68888767,LOCKED
63538,1223.019,-62284031318325,-38081,19112,-28176.5,30891.3,9.6,-0.066,68860185,LOCKED
63539,1224.019,-62284031322095,-13627,43566,-28156.1,30756.0,9.5,-0.047,68945011,LOCKED
63540,1225.018,-62284031301466,33899,91092,-28150.7,30815.6,9.6,-0.065,69053916,LOCKED
63541,1226.018,-62284031322451,38956,96149,-28111.9,31182.7,9.4,-0.048,69010447,LOCKED
63542,1227.019,-62284031425616,-31980,25213,-28261.1,30646.5,9.2,-0.030,69109803,LOCKED
63543,1228.020,-62284031417818,5257,62450,-28327.8,30086.0,9.1,-0.026,69207257,LOCKED
63544,1229.019,-62284031424200,25905,83098,-28307.2,30230.0,9.2,-0.023,69292277,LOCKED
63545,1230.018,-62284031425366,48813,106006,-28180.3,30783.0,8.9,0.014,69380089,LOCKED
63546,1231.019,-62284031547951,-43909,13284,-28189.9,30917.0,8.9,0.014,69347970,LOCKED
63547,1232.018,-62284031557465,-22947,34246,-28264.1,30962.3,8.4,0.055,69424684,LOCKED
63548,1233.019,-62284031595175,-30458,26735,-28308.5,31229.5,8.3,0.067,69506393,LOCKED
63549,1234.019,-62284031549121,40191,97384,-28192.8,31509.2,8.0,0.053,69615189,LOCKED
63550,1235.020,-62284031618325,-275,56918,-28219.2,31445.4,7.6,0.041,69632917,LOCKED
63551,1236.019,-62284031656321,-9424,47769,-28234.3,31471.3,7.5,0.046,69713375,LOCKED
63552,1237.019,-62284031713015,-36300,20893,-28251.7,31652.9,7.5,0.039,69693430,LOCKED
63553,1238.019,-62284031739513,-33658,23535,-28239.3,31498.6,7.4,0.034,69782676,LOCKED
63554,1239.020,-62284031732059,2895,60088,-28286.4,31240.8,7.4,0.030,69878987,LOCKED
63555,1240.020,-62284031733481,27845,85038,-28238.7,31468.7,7.3,0.026,69966387,LOCKED
63556,1241.019,-62284031738851,46597,103790,-28113.9,31924.7,7.5,0.016,69939339,LOCKED
63557,1242.020,-62284031838420,-24712,32481,-28079.9,31537.0,7.4,0.014,70041961,LOCKED
63558,1243.020,-62284031828606,12532,69725,-28068.8,31571.6,7.3,0.013,70140339,LOCKED
63559,1244.020,-62284031823396,42149,99342,-27959.0,31965.6,7.2,0.012,70237178,LOCKED
63560,1245.020,-62284031873925,18513,75706,-27937.4,32053.2,7.1,0.011,70272682,LOCKED
63561,1246.020,-62284031896949,21377,78570,-27872.3,32113.1,7.1,0.006,70341500,LOCKED
63562,1247.019,-62284031898955,42894,100087,-27729.9,32219.3,7.3,-0.000,70316813,LOCKED
63563,1248.021,-62284032004933,-35082,22111,-27684.8,31505.9,7.4,-0.005,70411422,LOCKED
63564,1249.020,-62284032009091,-10609,46584,-27713.7,31528.8,7.4,-0.008,70496834,LOCKED
63565,1250.021,-62284032005460,18698,75891,-27644.6,31505.9,7.5,-0.012,70591676,LOCKED
63566,1251.020,-62284032012866,35003,92196,-27509.5,31346.3,7.7,-0.016,70558380,LOCKED
63567,1252.020,-62284032117452,-38242,18951,-27634.2,31458.4,7.6,-0.018,70656177,LOCKED
63568,1253.021,-62284032110642,-2595,54598,-27689.0,31218.4,7.6,-0.023,70752549,LOCKED
63569,1254.021,-62284032109428,24440,81633,-27637.9,31387.7,7.7,-0.026,70838704,LOCKED
63570,1255.020,-62284032176564,-15032,42161,-27614.1,31213.7,7.6,-0.023,70860688,LOCKED
63571,1256.020,-62284032213532,-21635,35558,-27713.3,30990.4,7.6,-0.022,70919482,LOCKED
63572,1257.021,-62284032201326,17234,74427,-27690.4,31073.5,7.6,-0.015,71012465,LOCKED
63573,1258.020,-62284032316748,-66514,0,-27775.4,32267.0,7.6,-0.015,70987840,LOCKED
63574,1259.020,-62284032323706,-41883,24631,-27893.2,32584.4,8.1,-0.006,71071544,LOCKED
63575,1260.020,-62284032312684,-1839,64675,-27945.6,32361.6,8.8,-0.001,71172026,LOCKED
63576,1261.020,-62284032317509,19781,86295,-27904.8,32469.5,9.3,0.002,71254206,LOCKED
63577,1262.020,-62284032320527,40344,106858,-27759.4,32416.6,9.3,-0.001,71229999,LOCKED
63578,1263.021,-62284032420854,-28821,37693,-27878.7,32214.2,9.4,0.000,71331483,LOCKED
63579,1264.021,-62284032411067,8460,74974,-27873.9,32225.4,9.9,0.002,71430476,LOCKED
63580,1265.020,-62284032481979,-33668,32846,-27862.5,32088.3,10.0,0.002,71444546,LOCKED
63581,1266.020,-62284032517195,-36993,29521,-27999.0,32002.3,10.4,0.009,71501366,LOCKED
63582,1267.021,-62284032527753,-18187,48327,-28035.8,32095.2,10.4,0.016,71579254,LOCKED
63583,1268.021,-62284032508599,26283,92797,-27945.8,32113.9,10.5,0.015,71686751,LOCKED
63584,1269.021,-62284032535029,27754,94268,-27989.9,31526.1,10.6,0.014,71660249,LOCKED
63585,1270.022,-62284032611347,-18716,47798,-28050.1,31557.4,10.5,0.005,71763311,LOCKED
63586,1271.021,-62284032640817,-19003,47511,-28074.1,31654.6,10.5,0.004,71850522,LOCKED
63587,1272.021,-62284032697431,-45607,20907,-28093.3,31909.3,10.6,0.001,71834274,LOCKED
63588,1273.021,-62284032717581,-34020,32494,-28215.8,31872.8,10.6,-0.002,71928537,LOCKED
63589,1274.021,-62284032711715,386,66900,-28232.4,31844.7,10.7,-0.006,72024104,LOCKED
63590,1275.021,-62284032791279,-46416,20098,-28377.8,32081.8,10.7,-0.009,72038054,LOCKED
63591,1276.021,-62284032803719,-27359,39155,-28485.6,31962.1,10.5,-0.024,72114455,LOCKED
63592,1277.022,-62284032799904,4745,71259,-28483.8,31964.6,10.5,-0.030,72204981,LOCKED
63593,1278.022,-62284032780894,47993,114507,-28355.0,32438.6,10.5,-0.035,72314172,LOCKED
63594,1279.021,-62284032889028,-31142,35372,-28334.8,32195.7,10.6,-0.025,72293691,LOCKED
63595,1280.021,-62284032876650,9917,76431,-28368.3,31981.3,10.6,-0.017,72400491,LOCKED
63596,1281.022,-62284032869600,42120,108634,-28280.4,32470.5,10.7,-0.011,72496243,LOCKED
63597,1282.021,-62284032978010,-36873,29641,-28274.9,32401.2,10.5,-0.035,72471011,LOCKED
63598,1283.021,-62284032970600,403,66917,-28353.8,31809.2,10.4,-0.028,72572592,LOCKED
63599,1284.022,-62284032971522,26823,93337,-28348.7,31851.3,10.5,-0.052,72661519,LOCKED
63600,1285.022,-62284033060673,-32580,33934,-28363.2,31987.3,10.6,-0.052,72658372,LOCKED
63601,1286.022,-62284033069474,-13245,53269,-28330.0,31737.8,10.4,-0.048,72740102,LOCKED
63602,1287.022,-62284033066884,17888,84402,-28370.3,31343.4,10.4,-0.049,72828845,LOCKED
63603,1288.023,-62284033068273,42181,108695,-28308.4,31848.7,10.5,-0.039,72804960,LOCKED
63604,1289.021,-62284033172603,-32175,34339,-28336.6,32073.0,10.5,-0.040,72907400,LOCKED
63605,1290.021,-62284033163589,3399,69913,-28254.9,31535.3,10.4,-0.042,73002848,LOCKED
63606,1291.022,-62284033146815,46879,113393,-28256.9,31504.1,10.4,-0.043,73110791,LOCKED
63607,1292.024,-62284033257185,-31912,34602,-28367.1,31522.1,10.3,-0.045,73088802,LOCKED
63608,1293.021,-62284033255995,-750,65764,-28444.8,30962.3,10.4,-0.038,73178839,LOCKED
63609,1294.022,-62284033250173,30408,96922,-28342.6,31006.1,10.8,-0.025,73272729,LOCKED
63610,1295.022,-62284033343341,-31848,34666,-28415.9,31277.1,10.8,-0.020,73272263,LOCKED
63611,1296.022,-62284033329526,10420,76934,-28435.1,31174.4,10.8,-0.022,73373690,LOCKED
63612,1297.022,-62284033329900,37670,104184,-28458.0,30830.8,10.8,-0.023,73466389,LOCKED
63613,1298.022,-62284033343061,51221,117735,-28457.5,30838.8,10.8,-0.020,73429661,LOCKED
63614,1299.023,-62284033440843,-16367,50147,-28515.6,30834.8,10.9,-0.016,73536540,LOCKED
63615,1300.022,-62284033447249,5083,71597,-28491.7,30820.5,10.9,-0.018,73615590,LOCKED
63616,1301.022,-62284033456439,21717,88231,-28396.6,30645.6,10.6,-0.022,73697577,LOCKED
63617,1302.022,-62284033471641,33830,100344,-28399.9,30607.2,10.6,-0.024,73771418,LOCKED
63618,1303.024,-62284033478991,51269,117783,-28307.7,31388.6,10.8,-0.030,73857961,LOCKED
63619,1304.022,-62284033593968,-34322,32192,-28303.5,31338.8,10.8,-0.032,73831558,LOCKED
63620,1305.023,-62284033557761,27698,94212,-28227.3,31490.6,10.8,-0.034,73968612,LOCKED
63621,1306.022,-62284033569513,40531,107045,-28115.7,31813.6,10.6,-0.039,74033904,LOCKED
63622,1307.022,-62284033688950,-49230,17284,-28110.4,31724.3,10.3,-0.045,74006217,LOCKED
63623,1308.022,-62284033685704,-15921,50593,-28179.9,31634.2,10.1,-0.051,74095643,LOCKED
63624,1309.023,-62284033734541,-34135,32379,-28243.1,31971.0,9.8,-0.055,74174165,LOCKED
63625,1310.023,-62284033698539,27198,93712,-28145.2,31948.3,9.5,-0.062,74262016,LOCKED
63626,1311.023,-62284033710325,38982,105496,-27985.2,31595.5,9.4,-0.072,74230528,LOCKED
63627,1312.023,-62284033803471,-23834,42680,-28060.8,31652.8,9.1,-0.080,74337377,LOCKED
63628,1313.023,-62284033782292,23306,89820,-27996.4,31758.5,8.7,-0.087,74448973,LOCKED
63629,1314.023,-62284033787895,41249,107763,-27846.3,31680.5,8.3,-0.097,74420910,LOCKED
63630,1315.023,-62284033837610,17798,84312,-27798.1,31745.5,8.2,-0.102,74573903,LOCKED
63631,1316.023,-62284033853803,27431,93945,-27746.9,31962.4,8.2,-0.107,74536771,LOCKED
63632,1317.023,-62284033949629,-39433,27081,-27740.9,31881.4,8.2,-0.106,74637299,LOCKED
63633,1318.023,-62284033944191,-4405,62109,-27824.5,31341.0,8.1,-0.112,74732019,LOCKED
63634,1319.023,-62284033951376,16031,82545,-27841.2,31224.2,8.0,-0.104,74816156,LOCKED
63635,1320.023,-62284033958950,33535,100049,-27761.2,31511.7,7.8,-0.095,74895066,LOCKED
63636,1321.023,-62284034075951,-53318,13196,-27789.7,31938.7,7.6,-0.085,74869914,LOCKED
63637,1322.023,-62284034066941,-17528,48986,-27710.8,30881.7,7.6,-0.082,74969797,LOCKED
63638,1323.023,-62284034055519,20412,86926,-27686.2,30993.7,7.6,-0.079,75068616,LOCKED
63639,1324.023,-62284034172901,-65824,690,-27746.6,31974.3,7.3,-0.065,75037458,LOCKED
63640,1325.024,-62284034139192,-3686,62828,-27774.0,31937.0,7.3,-0.060,75161203,LOCKED
63641,1326.024,-62284034156633,6893,73407,-27797.6,31830.9,7.0,-0.045,75232753,LOCKED
63642,1327.024,-62284034161003,28492,95006,-27755.2,32059.9,7.0,-0.040,75315776,LOCKED
63643,1328.023,-62284034178016,35238,101752,-27617.4,31876.3,7.1,-0.035,75275188,LOCKED
63644,1329.024,-62284034282166,-40236,26278,-27602.4,31655.0,7.1,-0.010,75373911,LOCKED
63645,1330.024,-62284034287764,-17114,49400,-27628.8,31739.0,7.1,-0.004,75456383,LOCKED
63646,1331.024,-62284034283746,13597,80111,-27605.5,31792.6,7.1,-0.013,75550956,LOCKED
63647,1332.024,-62284034400508,-69686,0,-27778.2,32939.5,7.0,-0.006,75520641,LOCKED
63648,1333.023,-62284034396938,-34989,34697,-27884.5,33097.4,6.9,0.001,75612984,LOCKED
63649,1334.025,-62284034392692,-2841,66845,-27880.6,33092.5,6.8,0.011,75707363,LOCKED
63650,1335.024,-62284034413050,5923,75609,-27951.6,32497.5,6.8,0.004,75779388,LOCKED
63651,1336.024,-62284034427223,19550,89236,-27976.7,32279.4,7.1,-0.019,75852275,LOCKED
63652,1337.026,-62284034433280,38899,108585,-27915.1,32704.7,7.1,-0.020,75823068,LOCKED
63653,1338.025,-62284034535062,-34171,35515,-27897.4,32480.0,7.0,-0.021,75921252,LOCKED
63654,1339.024,-62284034521232,8201,77887,-27942.7,32167.9,6.9,-0.024,76023134,LOCKED
63655,1340.024,-62284034548106,8528,78214,-27920.5,32183.8,6.8,-0.027,76116983,LOCKED
63656,1341.024,-62284034623592,-37823,31863,-27917.1,32141.5,6.7,-0.029,76099218,LOCKED
63657,1342.024,-62284034655638,-37912,31774,-28052.6,32109.5,6.8,-0.020,76180325,LOCKED
63658,1343.025,-62284034708832,-58687,10999,-28169.5,33066.0,7.0,-0.029,76292021,LOCKED
63659,1344.025,-62284034719806,-39348,30338,-28209.3,33418.8,6.8,-0.029,76276835,LOCKED
63660,1345.025,-62284034670593,37084,106770,-28222.5,33249.8,7.3,-0.015,76413930,LOCKED
63661,1346.024,-62284034785750,-45712,23974,-28349.8,33626.1,7.8,-0.002,76387731,LOCKED
63662,1347.025,-62284034787356,-17752,51934,-28380.0,33712.3,7.9,0.003,76477619,LOCKED
63663,1348.025,-62284034769954,25311,94997,-28288.5,33689.5,7.9,0.008,76584070,LOCKED
63664,1349.025,-62284034782740,39704,109390,-28300.1,33532.4,8.0,0.012,76547515,LOCKED
63665,1350.025,-62284034877714,-24854,44832,-28362.7,33669.6,8.0,0.015,76653897,LOCKED
63666,1351.025,-62284034868507,10801,80487,-28286.6,33408.7,8.1,0.018,76754604,LOCKED
63667,1352.026,-62284034871685,35134,104820,-28307.0,33144.3,8.1,0.021,76836458,LOCKED
63668,1353.025,-62284034887483,45188,114874,-28261.6,33605.6,7.9,0.023,76912058,LOCKED
63669,1354.025,-62284035009669,-46070,23616,-28316.0,34121.7,7.9,0.027,76882371,LOCKED
63670,1355.024,-62284034964424,27383,97069,-28356.3,33635.0,8.0,0.029,77016419,LOCKED
63671,1356.025,-62284034970841,46473,116159,-28293.6,34190.8,8.0,0.030,76988789,LOCKED
63672,1357.025,-62284035082011,-34639,35047,-28322.6,34425.3,8.0,0.035,77078963,LOCKED
63673,1358.025,-62284035080573,-5671,64015,-28274.2,34136.1,7.9,0.036,77168220,LOCKED
63674,1359.025,-62284035068351,33698,103384,-28275.0,34128.4,8.0,0.034,77271585,LOCKED
63675,1360.025,-62284035189733,-55098,14588,-28395.1,34891.4,8.0,0.035,77240613,LOCKED
63676,1361.025,-62284035194911,-29904,39782,-28442.5,35124.7,8.1,0.036,77323286,LOCKED
63677,1362.027,-62284035196908,-3742,65944,-28422.3,35067.2,7.9,0.032,77411387,LOCKED
63678,1363.026,-62284035206894,12496,82182,-28335.1,34741.7,7.9,0.032,77490890,LOCKED
63679,1364.026,-62284035209292,37479,107165,-28350.6,34543.9,8.0,0.031,77467486,LOCKED
63680,1365.025,-62284035229206,42386,112072,-28247.7,34949.9,8.0,0.029,77648211,LOCKED
63681,1366.026,-62284035361218,-58570,11116,-28288.2,35518.4,8.3,0.026,77606954,LOCKED
63682,1367.026,-62284035348048,-14155,55531,-28409.9,34768.6,8.3,0.024,77712856,LOCKED
63683,1368.026,-62284035354402,8320,78006,-28444.4,34578.6,8.3,0.029,77793014,LOCKED
63684,1369.026,-62284035343411,46318,116004,-28451.0,34482.8,8.3,0.027,77892532,LOCKED
63685,1370.026,-62284035469821,-48702,20984,-28514.3,35069.7,8.1,0.018,77860193,LOCKED
63686,1371.026,-62284035470559,-20514,49172,-28500.4,34967.4,8.1,0.015,77947104,LOCKED
63687,1372.026,-62284035462165,16480,86166,-28532.8,34716.0,8.1,0.021,78047663,LOCKED
63688,1373.026,-62284035497395,8716,78402,-28494.8,34691.9,8.4,0.016,78122162,LOCKED
63689,1374.026,-62284035577924,-41735,27951,-28503.1,34790.4,8.8,0.010,78111150,LOCKED
63690,1375.026,-62284035567728,-3402,66284,-28479.4,34717.7,9.1,0.003,78241442,LOCKED
63691,1376.026,-62284035556117,33295,102981,-28368.0,34769.2,9.3,-0.005,78314695,LOCKED
63692,1377.026,-62284035586954,29952,99638,-28375.0,34701.8,9.5,-0.016,78278550,LOCKED
63693,1378.026,-62284035665488,-18846,50840,-28410.5,34795.5,9.7,-0.029,78380408,LOCKED
63694,1379.026,-62284035702942,-26711,42975,-28424.0,34888.3,10.4,0.009,78465792,LOCKED
63695,1380.027,-62284035654284,45754,115440,-28273.1,35012.8,11.5,0.056,78574280,LOCKED
63696,1381.027,-62284035763301,-31247,38439,-28405.1,34758.5,11.8,0.080,78552877,LOCKED
63697,1382.027,-62284035757687,2951,72637,-28418.9,34729.9,12.1,0.101,78649212,LOCKED
63698,1383.026,-62284035745641,39646,109332,-28299.5,34932.4,12.1,0.106,78749974,LOCKED
63699,1384.027,-62284035867643,-48632,21054,-28485.2,34689.6,12.1,0.110,78720993,LOCKED
63700,1385.027,-62284035834806,11892,81578,-28465.8,34727.0,12.2,0.144,78840202,LOCKED
63701,1386.027,-62284035848999,24111,93797,-28405.0,34851.4,12.2,0.180,78918856,LOCKED
63702,1387.027,-62284035850572,46423,116109,-28260.1,35073.9,12.0,0.209,79003913,LOCKED
63703,1388.027,-62284035959935,-34146,35540,-28229.4,34677.3,12.0,0.211,78983486,LOCKED
63704,1389.027,-62284035959368,-4271,65415,-28275.3,34554.3,11.9,0.214,79073559,LOCKED
63705,1390.028,-62284035968526,13911,83597,-28252.5,34605.6,11.7,0.217,79156795,LOCKED
63706,1391.027,-62284035963096,43439,113125,-28120.6,34838.3,11.5,0.219,79251129,LOCKED
63707,1392.027,-62284036079322,-39992,29694,-28283.8,34514.1,11.4,0.220,79223529,LOCKED
63708,1393.027,-62284036075892,-6862,62824,-28342.1,34340.7,11.4,0.220,79311123,LOCKED
63709,1394.027,-62284036080558,15582,85268,-28307.5,34401.2,11.2,0.221,79401087,LOCKED
63710,1395.027,-62284036117411,6148,75834,-28274.0,34366.4,11.2,0.214,79454834,LOCKED
63711,1396.027,-62284036129631,19819,89505,-28189.9,34258.7,10.6,0.214,79531059,LOCKED
63712,1397.027,-62284036138228,35083,104769,-28035.5,33832.2,10.4,0.214,79612282,LOCKED
63713,1398.027,-62284036259199,-53562,16124,-28157.2,34538.3,10.3,0.207,79579404,LOCKED
63714,1399.027,-62284036249164,-15142,54544,-28143.1,34456.5,10.3,0.213,79676712,LOCKED
63715,1400.028,-62284036250754,9820,79506,-28081.3,34308.4,10.1,0.212,79770588,LOCKED
63716,1401.028,-62284036257928,29390,99076,-28064.5,34434.8,9.9,0.211,79850934,LOCKED
63717,1402.028,-62284036271537,41798,111484,-28033.5,34745.4,10.0,0.205,79812132,LOCKED
63718,1403.028,-62284036383083,-37353,32333,-28185.7,34465.1,9.5,0.197,79906613,LOCKED
63719,1404.028,-62284036376061,-771,68915,-28252.0,34096.4,9.3,0.195,79999221,LOCKED
63720,1405.028,-62284036462256,-56157,13529,-28284.1,34559.0,9.2,0.197,80003347,LOCKED
63721,1406.028,-62284036467454,-29307,40379,-28420.4,34160.5,9.2,0.196,80088675,LOCKED
63722,1407.028,-62284036454239,12394,82080,-28444.3,34019.1,9.3,0.192,80190394,LOCKED
63723,1408.028,-62284036453641,38126,107812,-28345.0,34319.3,9.4,0.189,80284136,LOCKED
63724,1409.028,-62284036569420,-47324,22362,-28363.7,34558.9,9.5,0.186,80255205,LOCKED
63725,1410.028,-62284036565017,-12641,57045,-28436.9,34375.4,9.7,0.189,80350649,LOCKED
63726,1411.028,-62284036581048,-423,69263,-28426.9,34365.5,9.8,0.187,80436251,LOCKED
63727,1412.028,-62284036653573,-42685,27001,-28446.1,34583.2,9.8,0.185,80542752,LOCKED
63728,1413.028,-62284036662059,-22750,46936,-28406.9,34176.8,9.9,0.183,80522768,LOCKED
63729,1414.028,-62284036656617,11923,81609,-28467.3,33630.8,9.4,0.175,80618266,LOCKED
63730,1415.029,-62284036717796,-20255,49431,-28459.8,33578.0,9.4,0.175,80647639,LOCKED
63731,1416.028,-62284036713177,10404,80090,-28358.1,32981.0,9.4,0.176,80742378,LOCKED
63732,1417.028,-62284036715967,34685,104371,-28352.7,33038.9,9.4,0.176,80827628,LOCKED
63733,1418.028,-62284036822353,-40439,29247,-28428.4,33490.0,9.5,0.175,80812882,LOCKED
63734,1419.029,-62284036804771,4000,73686,-28357.7,33129.9,9.3,0.169,80919399,LOCKED
63735,1420.029,-62284036802945,33763,103449,-28393.3,32629.9,9.2,0.162,81010724,LOCKED
63736,1421.029,-62284036803314,58883,128569,-28348.6,33287.6,9.3,0.161,81101226,LOCKED
63737,1422.029,-62284036922276,-29425,40261,-28413.0,33512.0,9.3,0.161,81071269,LOCKED
63738,1423.029,-62284036922286,-1275,68411,-28398.4,33487.1,9.4,0.161,81159153,LOCKED
63739,1424.030,-62284036904668,40625,110311,-28263.7,33580.3,9.4,0.161,81269232,LOCKED
63740,1425.029,-62284036935233,34214,103900,-28118.6,33253.5,9.5,0.162,81327234,LOCKED
63741,1426.029,-62284036947806,48216,117902,-28123.1,33183.4,9.4,0.153,81402782,LOCKED
63742,1427.029,-62284037055407,-28853,40833,-28193.5,33378.7,8.8,0.132,81385339,LOCKED
63743,1428.029,-62284037064801,-9691,59995,-28195.1,33383.5,8.7,0.121,81464659,LOCKED
63744,1429.029,-62284037071359,9563,79249,-28093.9,32761.7,8.7,0.120,81545148,LOCKED
63745,1430.029,-62284037067749,40131,109817,-28104.9,32607.7,8.8,0.120,81642350,LOCKED
63746,1431.030,-62284037185334,-45444,24242,-28221.2,33065.3,8.6,0.102,81611545,LOCKED
63747,1432.029,-62284037189128,-20073,49613,-28234.2,33132.8,8.6,0.056,81696855,LOCKED
63748,1433.029,-62284037182731,13417,83103,-28200.4,33173.4,9.1,0.011,81791981,LOCKED
63749,1434.029,-62284037183088,40097,109783,-28210.0,33042.1,9.2,0.002,81883070,LOCKED
63750,1435.029,-62284037264655,-12100,57586,-28246.9,33060.6,9.1,0.010,81891062,LOCKED
63751,1436.030,-62284037291472,-10972,58714,-28213.8,32844.7,9.2,0.004,81958636,LOCKED
63752,1437.030,-62284037292838,13879,83565,-28138.7,32663.2,9.3,-0.001,82041749,LOCKED
63753,1438.029,-62284037302428,30951,100637,-28117.7,32831.8,9.3,-0.006,82123927,LOCKED
63754,1439.029,-62284037312057,47175,116861,-28084.9,33226.2,9.3,0.005,82093757,LOCKED
63755,1440.030,-62284037396616,-10292,59394,-28018.9,32612.3,9.1,-0.009,82207882,LOCKED
63756,1441.030,-62284037435061,-18368,51318,-28103.9,32451.2,8.4,-0.011,82280137,LOCKED
63757,1442.030,-62284037489244,-41586,28100,-28175.3,32938.7,8.4,-0.032,82265883,LOCKED
63758,1443.030,-62284037506409,-29910,39776,-28158.2,32747.9,8.1,-0.029,82364318,LOCKED
63759,1444.030,-62284037497836,8127,77813,-28235.9,31982.3,8.4,-0.044,82462722,LOCKED
63760,1445.030,-62284037576375,-39608,30078,-28296.2,32423.6,8.6,-0.056,82473512,LOCKED
63761,1446.030,-62284037601372,-34558,35128,-28324.7,32667.1,8.2,-0.060,82570017,LOCKED
63762,1447.030,-62284037536986,52868,122554,-28153.0,32881.6,7.8,-0.062,82692163,LOCKED
63763,1448.030,-62284037641976,-21373,48313,-28245.0,32738.1,8.0,-0.071,82679703,LOCKED
63764,1449.030,-62284037639521,8894,78580,-28238.5,32752.7,7.9,-0.072,82771726,LOCKED
63765,1450.030,-62284037630503,42689,112375,-28139.4,33208.8,7.9,-0.073,82870264,LOCKED
63766,1451.030,-62284037745896,-43329,26357,-28128.0,33039.1,7.8,-0.073,82845087,LOCKED
63767,1452.030,-62284037738666,-6243,0,-28202.6,32680.2,7.7,-0.073,82940920,LOCKED
63768,1453.030,-62284037722868,35550,41793,-28153.3,33019.5,7.7,-0.073,83043422,LOCKED
63769,1454.031,-62284037834034,-44937,0,-28202.6,33500.9,7.6,-0.072,83026709,LOCKED
63770,1455.030,-62284037862792,-42792,2145,-28264.0,33984.9,7.6,-0.073,83086654,LOCKED
63771,1456.030,-62284037881796,-32111,12826,-28280.4,34123.4,7.7,-0.077,83157074,LOCKED
63772,1457.031,-62284037894786,-17158,27779,-28235.2,33702.7,7.8,-0.080,83233393,LOCKED
63773,1458.031,-62284037888768,17565,62502,-28287.6,33167.0,7.9,-0.085,83329307,LOCKED
63774,1459.031,-62284037876553,54685,99622,-28212.4,33950.4,7.6,-0.084,83428703,LOCKED
63775,1460.031,-62284037996707,-35365,9572,-28246.4,34219.8,7.6,-0.082,83398465,LOCKED
63776,1461.031,-62284037995913,-7143,37794,-28194.3,33865.4,7.6,-0.083,83489791,LOCKED
63777,1462.031,-62284037990287,23150,68087,-28059.4,33218.0,7.7,-0.087,83583281,LOCKED
63778,1463.031,-62284037993657,45567,90504,-28023.6,33616.3,7.9,-0.090,83668849,LOCKED
63779,1464.031,-62284038010067,53137,98074,-27913.3,34356.4,7.9,-0.089,83629168,LOCKED
63780,1465.031,-62284038074238,17313,62250,-27963.5,33867.0,8.0,-0.088,83768748,LOCKED
63781,1466.031,-62284038080199,37617,82554,-27942.7,34071.2,8.1,-0.091,83853982,LOCKED
63782,1467.031,-62284038186185,-38296,6641,-27983.6,34405.8,8.1,-0.092,83832781,LOCKED
63783,1468.031,-62284038187183,-12015,32922,-27928.9,33940.9,8.2,-0.094,83923881,LOCKED
63784,1469.031,-62284038183545,19682,64619,-27968.2,33563.5,8.3,-0.097,84015943,LOCKED
63785,1470.031,-62284038188398,40411,85348,-27918.2,33970.7,7.8,-0.087,83988388,LOCKED
63786,1471.031,-62284038302552,-42864,2073,-27992.3,34465.7,7.9,-0.088,84074404,LOCKED
63787,1472.032,-62284038307934,-17423,27514,-28102.5,33991.5,8.0,-0.090,84161673,LOCKED
63788,1473.033,-62284038356547,-34480,10457,-28214.9,34076.2,8.0,-0.091,84231770,LOCKED
63789,1474.032,-62284038313941,33952,78889,-28154.0,34386.6,7.9,-0.086,84331188,LOCKED
63790,1475.032,-62284038382296,-4810,40127,-28216.8,34134.4,7.8,-0.079,84352740,LOCKED
63791,1476.032,-62284038418333,-11793,33144,-28238.3,34171.8,7.9,-0.073,84438176,LOCKED
63792,1477.031,-62284038474287,-37756,7181,-28261.5,34393.6,8.0,-0.067,84430086,LOCKED
63793,1478.032,-62284038494677,-26167,18770,-28400.7,33812.1,8.0,-0.068,84511151,LOCKED
63794,1479.033,-62284038490059,6803,51740,-28409.7,33786.0,7.9,-0.059,84606257,LOCKED
63795,1480.032,-62284038466864,54018,98955,-28283.8,34489.1,7.9,-0.061,84715387,LOCKED
63796,1481.032,-62284038592442,-42089,2848,-28272.0,34325.1,7.9,-0.062,84683815,LOCKED
63797,1482.032,-62284038577096,2762,47699,-28337.3,33895.2,8.0,-0.061,84791175,LOCKED
63798,1483.032,-62284038576110,30476,75413,-28309.0,34091.5,7.9,-0.038,84877813,LOCKED
63799,1484.032,-62284038580100,50176,95113,-28165.4,34498.4,7.9,-0.047,84851213,LOCKED
63800,1485.032,-62284038620212,34634,79571,-28046.3,34522.9,8.0,-0.039,85015565,LOCKED
63801,1486.032,-62284038642429,36088,81025,-27891.4,34137.9,8.0,-0.032,85081950,LOCKED
63802,1487.032,-62284038756035,-45650,0,-28010.8,34561.6,7.9,-0.026,85058255,LOCKED
63803,1488.032,-62284038764008,-23712,21938,-28064.8,34698.0,7.9,-0.019,85138413,LOCKED
63804,1489.032,-62284038768782,-831,44819,-28043.2,34652.5,8.0,-0.025,85222949,LOCKED
63805,1490.032,-62284038768356,24319,69969,-27920.5,34253.0,8.0,-0.031,85315485,LOCKED
63806,1491.033,-62284038782366,37076,82726,-27925.6,34192.9,7.9,-0.017,85275921,LOCKED
63807,1492.032,-62284038875908,-26108,19542,-28001.7,34295.9,7.9,-0.026,85383720,LOCKED
63808,1493.032,-62284038871529,5366,51016,-27966.0,34243.4,7.9,-0.019,85476617,LOCKED
63809,1494.033,-62284038865499,35342,80992,-27827.3,34062.4,7.9,-0.015,85572916,LOCKED
63810,1495.033,-62284038979662,-47491,0,-27920.4,34659.1,7.6,-0.024,85547259,LOCKED
63811,1496.033,-62284039007055,-43689,3802,-28008.6,35151.8,7.6,-0.029,85615142,LOCKED
63812,1497.033,-62284039002829,-11311,36180,-27996.8,35100.1,7.7,-0.034,85704560,LOCKED
63813,1498.033,-62284039003798,13452,60943,-27907.8,34781.1,7.7,-0.030,85793084,LOCKED
63814,1499.033,-62284039000832,39489,86980,-27735.8,34279.5,7.4,-0.026,85886438,LOCKED
63815,1500.033,-62284039113602,-42826,4665,-27798.1,34755.2,7.1,-0.033,85860875,LOCKED
63816,1501.033,-62284039119784,-19685,27806,-27840.3,34852.8,7.1,-0.029,85943828,LOCKED
63817,1502.033,-62284039116953,11329,58820,-27876.0,34619.8,6.8,-0.025,86036102,LOCKED
63818,1503.033,-62284039127391,27657,75148,-27867.5,34684.9,6.8,-0.023,86001586,LOCKED
63819,1504.033,-62284039236505,-50539,0,-27933.3,35313.1,6.7,-0.026,86094935,LOCKED
63820,1505.033,-62284039216108,-783,49756,-28002.1,34924.6,6.8,-0.028,86205787,LOCKED
63821,1506.033,-62284039226121,17360,67899,-28038.6,34618.2,6.8,-0.029,86283960,LOCKED
63822,1507.033,-62284039229495,37551,88090,-27881.2,34265.7,6.7,-0.032,86369252,LOCKED
63823,1508.033,-62284039267533,26277,76816,-27870.1,34344.6,6.7,-0.033,86320705,LOCKED
63824,1509.033,-62284039353630,-30204,20335,-27905.6,34562.3,6.7,-0.034,86427264,LOCKED
63825,1510.033,-62284039401496,-48453,2086,-27909.0,34611.8,6.8,-0.031,86496500,LOCKED
63826,1511.034,-62284039365845,15441,65980,-27951.2,34258.2,6.8,-0.028,86591083,LOCKED
63827,1512.034,-62284039364075,42442,92981,-27888.1,34728.5,6.8,-0.025,86574153,LOCKED
63828,1513.034,-62284039469073,-33689,16850,-27880.1,34641.2,6.8,-0.022,86671156,LOCKED
63829,1514.034,-62284039460239,4281,54820,-27949.0,34137.0,6.8,-0.019,86770210,LOCKED
63830,1515.034,-62284039548970,-51251,0,-28121.8,34242.9,6.8,-0.020,86768531,LOCKED
63831,1516.034,-62284039554607,-25454,25797,-28242.2,33911.8,7.8,-0.017,86850296,LOCKED
63832,1517.034,-62284039554584,3693,54944,-28291.7,33637.3,8.1,-0.017,86940201,LOCKED
63833,1518.034,-62284039555790,28767,80018,-28240.8,33863.4,8.0,-0.020,87029940,LOCKED
63834,1519.034,-62284039577156,31931,83182,-28111.5,33664.7,8.3,-0.016,86987119,LOCKED
63835,1520.034,-62284039664341,-23838,27413,-28234.3,33233.0,8.3,-0.020,87100904,LOCKED
63836,1521.035,-62284039663924,5208,56459,-28262.4,33115.3,8.2,-0.025,87192886,LOCKED
63837,1522.034,-62284039673482,21979,73230,-28203.9,33213.7,8.2,-0.030,87270264,LOCKED
63838,1523.034,-62284039683063,36703,87954,-28073.4,33191.6,8.1,-0.035,87351160,LOCKED
63839,1524.034,-62284039802685,-53059,0,-28072.8,33182.3,8.3,-0.040,87321272,LOCKED
63840,1525.034,-62284039761596,14420,67479,-28014.1,33138.8,8.2,-0.047,87452287,LOCKED
63841,1526.034,-62284039774601,26082,79141,-27892.9,32812.3,8.2,-0.046,87528934,LOCKED
63842,1527.034,-62284039897415,-63323,0,-28058.7,33654.9,8.1,-0.055,87497668,LOCKED
63843,1528.035,-62284039903592,-38462,24861,-28141.1,34038.0,7.9,-0.064,87578458,LOCKED
63844,1529.034,-62284039896982,-4178,59145,-28111.1,33920.1,8.0,-0.065,87674488,LOCKED
63845,1530.035,-62284039893612,23999,87322,-27988.7,33502.6,7.8,-0.077,87766076,LOCKED
63846,1531.035,-62284039908362,36025,99348,-27989.1,33497.7,7.6,-0.091,87728975,LOCKED
63847,1532.034,-62284040006748,-31640,31683,-28070.7,33711.5,7.6,-0.094,87832866,LOCKED
63848,1533.035,-62284039994966,8933,72256,-28121.0,33344.4,8.1,-0.090,87937224,LOCKED
63849,1534.035,-62284039996709,31987,95310,-28010.8,33364.7,8.2,-0.075,88021825,LOCKED
63850,1535.035,-62284040080300,-21851,41472,-28060.1,33485.7,8.1,-0.067,88027813,LOCKED
63851,1536.035,-62284040092129,-4740,58583,-28095.5,33426.2,8.0,-0.042,88105872,LOCKED
63852,1537.035,-62284040087902,27273,90596,-28125.7,33082.7,8.0,-0.048,88197584,LOCKED
63853,1538.035,-62284040205468,-56828,6495,-28293.6,33557.2,8.1,-0.053,88171345,LOCKED
63854,1539.035,-62284040211474,-31936,31387,-28368.4,33804.8,8.3,-0.073,88257879,LOCKED
63855,1540.035,-62284040201052,5111,68434,-28291.2,33395.9,8.5,-0.093,88354958,LOCKED
63856,1541.035,-62284040232858,3341,66664,-28382.6,32538.9,8.4,-0.136,88434426,LOCKED
63857,1542.035,-62284040313792,-45495,17828,-28489.4,33053.5,8.4,-0.151,88423034,LOCKED
63858,1543.035,-62284040342430,-43053,20270,-28545.1,33531.4,8.4,-0.148,88507713,LOCKED
63859,1544.035,-62284040308659,16840,80163,-28454.0,33269.2,8.4,-0.148,88605476,LOCKED
63860,1545.035,-62284040342387,9931,73254,-28390.1,33101.5,8.3,-0.147,88661341,LOCKED
63861,1546.036,-62284040389192,-9095,54228,-28344.9,32784.3,8.4,-0.155,88738475,LOCKED
63862,1547.035,-62284040455554,-42439,20884,-28504.0,32634.7,8.3,-0.155,88703615,LOCKED
63863,1548.035,-62284040487591,-41895,21428,-28634.7,32829.2,8.3,-0.153,88786477,LOCKED
63864,1549.036,-62284040474737,38,63361,-28656.6,32785.1,8.4,-0.160,88889581,LOCKED
63865,1550.036,-62284040462907,37367,100690,-28563.6,33107.0,8.4,-0.159,88990764,LOCKED
63866,1551.036,-62284040576328,-45491,17832,-28586.1,33385.2,8.5,-0.165,88966425,LOCKED
63867,1552.036,-62284040560535,15,63338,-28641.5,33107.4,8.5,-0.171,89076481,LOCKED
63868,1553.036,-62284040558905,28345,91668,-28593.3,33330.2,8.5,-0.171,89164103,LOCKED
63869,1554.036,-62284040554826,55891,119214,-28434.4,33856.2,8.7,-0.163,89259458,LOCKED
63870,1555.036,-62284040640437,350,63673,-28515.4,33260.3,8.8,-0.157,89263384,LOCKED
63871,1556.036,-62284040682047,-10293,53030,-28618.8,32626.8,8.9,-0.163,89316237,LOCKED
63872,1557.036,-62284040661800,36717,100040,-28588.7,32898.3,9.0,-0.168,89419648,LOCKED
63873,1558.036,-62284040771190,-41484,21839,-28647.5,33359.5,8.9,-0.167,89406564,LOCKED
63874,1559.036,-62284040753168,3559,66882,-28573.4,32947.1,8.9,-0.166,89508717,LOCKED
63875,1560.036,-62284040756735,28132,91455,-28599.0,32656.9,9.0,-0.171,89597447,LOCKED
63876,1561.036,-62284040760700,50076,113399,-28550.2,33220.2,9.0,-0.173,89683565,LOCKED
63877,1562.037,-62284040868098,-27213,36110,-28581.5,33400.9,8.9,-0.171,89666976,LOCKED
63878,1563.036,-62284040865891,2437,65760,-28529.6,33197.9,8.9,-0.170,89756867,LOCKED
63879,1564.036,-62284040861282,34976,98299,-28558.4,32800.9,9.0,-0.172,89852076,LOCKED
63880,1565.036,-62284040928834,-3596,59727,-28573.1,32798.1,9.5,-0.180,89873186,LOCKED
63881,1566.037,-62284040943190,9487,72810,-28533.1,32773.7,9.6,-0.185,89950386,LOCKED
63882,1567.036,-62284040938444,38661,101984,-28395.7,32750.1,9.6,-0.189,90044927,LOCKED
63883,1568.036,-62284040956014,45127,108450,-28256.6,32992.8,9.7,-0.194,90004241,LOCKED
63884,1569.037,-62284041049212,-17871,45452,-28322.3,32974.4,9.8,-0.199,90114477,LOCKED
63885,1570.037,-62284041036762,22784,86107,-28354.5,32644.0,9.8,-0.204,90216624,LOCKED
63886,1571.037,-62284041042572,41688,105011,-28245.0,33010.8,9.8,-0.202,90186806,LOCKED
63887,1572.037,-62284041139497,-27028,36295,-28198.2,32402.9,9.9,-0.199,90291831,LOCKED
63888,1573.038,-62284041126524,13900,77223,-28209.4,32340.6,10.0,-0.199,90395138,LOCKED
63889,1574.038,-62284041116698,48031,111354,-28097.4,32921.6,10.0,-0.197,90492887,LOCKED
63890,1575.037,-62284041164619,27773,91096,-28122.4,32642.7,10.1,-0.195,90537573,LOCKED
63891,1576.037,-62284041177399,41026,104349,-28088.0,32986.5,10.6,-0.193,90610166,LOCKED
63892,1577.037,-62284041300997,-51163,12160,-28166.1,33698.2,10.1,-0.178,90577287,LOCKED
63893,1578.037,-62284041307756,-28896,34427,-28160.2,33642.0,9.9,-0.168,90662161,LOCKED
63894,1579.037,-62284041298378,6738,70061,-28077.8,33207.6,9.8,-0.165,90754166,LOCKED
63895,1580.037,-62284041333827,-65,63258,-28105.6,33138.1,10.1,-0.155,90835506,LOCKED
63896,1581.037,-62284041400173,-36201,27122,-28148.7,33463.6,10.5,-0.155,90819724,LOCKED
63897,1582.037,-62284041425535,-32232,31091,-28153.1,33506.5,10.5,-0.164,90899498,LOCKED
63898,1583.037,-62284041408973,10031,73354,-28049.3,32861.8,10.5,-0.174,91008844,LOCKED
63899,1584.038,-62284041398519,46665,109988,-28035.1,33054.4,10.6,-0.175,91106248,LOCKED
63900,1585.038,-62284041472263,-90,63233,-27983.5,32810.5,10.4,-0.159,91123833,LOCKED
63901,1586.038,-62284041472912,23921,87244,-27860.0,32359.4,10.5,-0.137,91215793,LOCKED
63902,1587.037,-62284041587257,-57018,6305,-28037.7,32724.0,10.6,-0.118,91187957,LOCKED
63903,1588.038,-62284041573650,-13455,49868,-28109.6,32560.4,10.9,-0.085,91286695,LOCKED
63904,1589.038,-62284041558045,28134,91457,-28051.9,32777.4,10.9,-0.071,91396103,LOCKED
63905,1590.038,-62284041670863,-54200,9123,-28081.2,33205.3,10.9,-0.056,91368654,LOCKED
63906,1591.038,-62284041669057,-24448,38875,-28033.8,32629.6,10.8,-0.042,91462858,LOCKED
63907,1592.038,-62284041666222,6540,69863,-28050.6,32568.1,10.8,-0.026,91554783,LOCKED
63908,1593.037,-62284041655029,42046,105369,-27936.9,32919.4,10.7,-0.007,91653158,LOCKED
63909,1594.038,-62284041762395,-36688,26635,-27909.9,32534.1,10.6,-0.039,91635227,LOCKED
63910,1595.038,-62284041730554,21605,84928,-27874.2,32665.6,10.5,-0.039,91757087,LOCKED
63911,1596.038,-62284041746131,31183,94506,-27792.4,32872.0,10.5,-0.037,91829380,LOCKED
63912,1597.038,-62284041853925,-47299,16024,-27788.3,32807.8,10.3,-0.036,91811621,LOCKED
63913,1598.038,-62284041844903,-8529,54794,-27870.5,32412.5,10.3,-0.034,91906525,LOCKED
63914,1599.038,-62284041841465,21947,85270,-27866.1,32441.8,10.4,-0.041,92004310,LOCKED
63915,1600.038,-62284041846047,41681,105004,-27761.0,32838.4,10.4,-0.046,91974085,LOCKED
63916,1601.039,-62284041956993,-39371,23952,-27800.3,33190.9,10.3,-0.051,92063556,LOCKED
63917,1602.038,-62284041955419,-8133,55190,-27878.4,32839.6,10.6,-0.064,92155173,LOCKED
63918,1603.038,-62284041944401,30095,93418,-27895.7,32644.8,10.5,-0.068,92256621,LOCKED
63919,1604.038,-62284042058755,-53365,9958,-27954.2,33329.1,10.6,-0.072,92231812,LOCKED
63920,1605.038,-62284042098151,-61049,2274,-28037.2,34294.1,10.6,-0.076,92282510,LOCKED
63921,1606.038,-62284042117291,-48551,14772,-28133.4,34911.7,10.6,-0.073,92353562,LOCKED
63922,1607.039,-62284042117130,-17384,45939,-28245.7,34412.4,10.6,-0.078,92442438,LOCKED
63923,1608.039,-62284042103691,24532,87855,-28297.9,33776.7,10.6,-0.081,92546495,LOCKED
63924,1609.038,-62284042200701,-40771,22552,-28397.6,34157.6,10.6,-0.078,92538427,LOCKED
63925,1610.039,-62284042195455,-7382,55941,-28372.8,34046.6,10.5,-0.078,92633618,LOCKED
63926,1611.039,-62284042188845,27881,91204,-28433.0,33197.1,10.6,-0.077,92728921,LOCKED
63927,1612.039,-62284042199055,43817,107140,-28393.7,33601.2,10.5,-0.081,92695442,LOCKED
63928,1613.039,-62284042298413,-25673,37650,-28423.3,33760.8,10.5,-0.086,92803361,LOCKED
63929,1614.039,-62284042288399,10570,73893,-28333.0,33330.8,10.4,-0.085,92900321,LOCKED
63930,1615.039,-62284042372346,-41678,21645,-28429.1,33761.0,10.3,-0.084,92906203,LOCKED
63931,1616.039,-62284042386155,-24342,38981,-28522.1,33697.9,10.2,-0.089,92986401,LOCKED
63932,1617.039,-62284042364485,23596,86919,-28450.5,33769.1,10.4,-0.097,93100175,LOCKED
63933,1618.039,-62284042379935,36273,99596,-28495.1,33082.2,10.7,-0.100,93175944,LOCKED
63934,1619.039,-62284042472710,-25580,37743,-28571.8,33172.4,11.5,-0.106,93167944,LOCKED
63935,1620.039,-62284042500143,-23007,40316,-28604.0,33313.2,11.4,-0.111,93253689,LOCKED
63936,1621.039,-62284042461941,39990,103313,-28483.4,33525.6,11.6,-0.113,93357143,LOCKED
63937,1622.040,-62284042572330,-37633,25690,-28631.2,33315.0,11.7,-0.114,93337387,LOCKED
63938,1623.043,-62284042566308,-2105,61218,-28670.7,33200.5,11.7,-0.114,93432362,LOCKED
63939,1624.040,-62284042569282,21679,85002,-28612.8,33295.1,11.9,-0.121,93523759,LOCKED
63940,1625.039,-62284042649894,-27481,35842,-28706.7,33316.6,11.5,-0.133,93529441,LOCKED
63941,1626.039,-62284042639023,11793,75116,-28711.4,33297.1,11.6,-0.140,93628832,LOCKED
63942,1627.040,-62284042630421,45299,108622,-28599.7,33768.2,11.7,-0.148,93725622,LOCKED
63943,1628.040,-62284042738626,-33153,30170,-28601.1,33783.0,11.9,-0.156,93713329,LOCKED
63944,1629.040,-62284042718232,15852,79175,-28628.0,33585.3,11.8,-0.164,93821403,LOCKED
63945,1630.040,-62284042709626,49359,112682,-28527.0,34229.2,11.9,-0.173,93916807,LOCKED
63946,1631.040,-62284042728796,53787,117110,-28374.3,34706.1,12.1,-0.173,93876075,LOCKED
63947,1632.040,-62284042827961,-14865,48458,-28454.7,34509.0,12.1,-0.165,93980716,LOCKED
63948,1633.040,-62284042828755,11705,75028,-28420.6,34529.6,12.0,-0.176,94065727,LOCKED
63949,1634.040,-62284042844704,21039,84362,-28301.3,34055.9,12.0,-0.179,94142300,LOCKED
63950,1635.040,-62284042897861,-4613,58710,-28254.5,33794.7,12.0,-0.169,94177918,LOCKED
63951,1636.040,-62284042906269,12615,75938,-28146.7,33181.8,11.6,-0.147,94256676,LOCKED
63952,1637.040,-62284042907656,38240,101563,-28154.7,33079.7,11.6,-0.132,94347271,LOCKED
63953,1638.040,-62284042913841,57060,120383,-28094.9,33831.5,11.6,-0.121,94317317,LOCKED
63954,1639.040,-62284043021016,-21085,42238,-28105.7,33891.9,11.6,-0.130,94409469,LOCKED
63955,1640.040,-62284043018197,8937,72260,-28076.2,33896.8,11.2,-0.092,94502498,LOCKED
63956,1641.040,-62284043028954,25534,88857,-28083.3,33836.8,10.6,-0.053,94583449,LOCKED
63957,1642.040,-62284043034364,46004,109327,-28051.6,34198.5,10.3,-0.028,94665280,LOCKED
63958,1643.040,-62284043146922,-36544,26779,-28087.0,34485.3,9.9,-0.000,94643196,LOCKED
63959,1644.041,-62284043146120,-8981,54342,-28006.8,33697.1,9.5,0.047,94733606,LOCKED
63960,1645.040,-62284043116323,45232,108555,-27905.6,34210.5,9.3,0.082,94741129,LOCKED
63961,1646.040,-62284043221260,-31138,32185,-27886.2,33990.9,9.2,0.086,94833275,LOCKED
63962,1647.040,-62284043223050,-3300,57749,-27966.4,33502.1,9.2,0.089,94925665,LOCKED
63963,1648.041,-62284043220232,25828,86877,-27928.0,33681.0,8.7,0.072,95013540,LOCKED
63964,1649.041,-62284043325982,-49956,11093,-27945.0,33919.5,8.6,0.067,94996613,LOCKED
63965,1650.041,-62284043332416,-25142,35907,-28065.5,33573.1,8.5,0.063,95080264,LOCKED
63966,1651.041,-62284043337749,-1665,59384,-28099.3,33488.2,8.6,0.051,95170472,LOCKED
63967,1652.041,-62284043374203,-9768,51281,-28095.4,33474.8,8.5,0.049,95240043,LOCKED
63968,1653.040,-62284043444561,-50373,10676,-28093.0,33435.3,8.9,0.062,95333806,LOCKED
63969,1654.042,-62284043461002,-35347,25702,-28200.0,33597.4,8.8,0.061,95309856,LOCKED
63970,1655.041,-62284043424558,26349,87398,-28098.9,33519.0,8.7,0.059,95440774,LOCKED
63971,1656.041,-62284043532671,-51740,9309,-28107.3,33649.0,8.5,0.059,95422081,LOCKED
63972,1657.041,-62284043547508,-34924,26125,-28223.5,33714.2,8.3,0.059,95495681,LOCKED
63973,1658.042,-62284043541906,-1111,59938,-28221.0,33712.9,8.3,0.058,95590370,LOCKED
63974,1659.041,-62284043534060,31540,92589,-28105.6,33663.3,8.3,0.057,95687347,LOCKED
63975,1660.041,-62284043640258,-45569,15480,-28078.0,33198.9,8.4,0.057,95668563,LOCKED
63976,1661.041,-62284043638655,-14225,46824,-28136.1,33155.8,8.2,0.055,95761736,LOCKED
63977,1662.041,-62284043634229,16845,77894,-28090.8,33212.3,8.2,0.054,95857595,LOCKED
63978,1663.042,-62284043637203,37590,98639,-27938.4,32928.1,8.2,0.054,95831791,LOCKED
63979,1664.042,-62284043736965,-30930,30119,-28049.3,32903.3,8.2,0.054,95931282,LOCKED
63980,1665.042,-62284043766543,-28781,32268,-28182.2,32513.4,8.0,0.057,95992473,LOCKED
63981,1666.042,-62284043787963,-19177,41872,-28290.0,32108.2,8.2,0.054,96057593,LOCKED
63982,1667.042,-62284043786754,10232,71281,-28302.7,32050.8,8.2,0.054,96149900,LOCKED
63983,1668.042,-62284043783871,37943,98992,-28195.0,32305.9,8.0,0.058,96240560,LOCKED
63984,1669.042,-62284043793496,54252,115301,-28174.3,32631.3,7.8,0.063,96326841,LOCKED
63985,1670.042,-62284043912090,-33483,27566,-28250.5,32918.7,7.7,0.065,96295939,LOCKED
63986,1671.042,-62284043915252,-8615,52434,-28225.3,32791.2,7.7,0.066,96380521,LOCKED
63987,1672.042,-62284043908686,23064,84113,-28110.7,32436.0,7.8,0.066,96480213,LOCKED
63988,1673.042,-62284043916440,41437,102486,-28082.2,32742.2,7.9,0.066,96445648,LOCKED
63989,1674.042,-62284044006630,-19748,41301,-28094.7,32807.1,8.0,0.067,96555445,LOCKED
63990,1675.042,-62284044004401,11323,72372,-28150.3,32318.6,8.5,0.067,96650119,LOCKED
63991,1676.043,-62284044035974,8430,69479,-28190.4,32058.4,8.6,0.063,96710025,LOCKED
63992,1677.042,-62284044036759,32949,93998,-28103.4,32289.7,8.6,0.059,96797437,LOCKED
63993,1678.043,-62284044043993,49263,110312,-27961.5,32693.7,8.3,0.048,96764634,LOCKED
63994,1679.042,-62284044141347,-17848,43201,-28043.9,32543.1,8.3,0.050,96869256,LOCKED
63995,1680.043,-62284044143305,8743,69792,-28083.4,32287.3,8.2,0.045,96958705,LOCKED
63996,1681.042,-62284044140886,35587,96636,-27962.8,32334.4,8.2,0.048,97048233,LOCKED
63997,1682.043,-62284044173724,30237,91286,-27989.8,31998.9,8.3,0.052,97016738,LOCKED
63998,1683.043,-62284044258479,-24345,36704,-28056.6,32115.0,8.3,0.047,97112776,LOCKED
63999,1684.042,-62284044296304,-32212,28837,-28096.4,32385.8,8.4,0.053,97197611,LOCKED
64000,1685.043,-62284044329360,-33305,27744,-28231.0,32162.3,8.4,0.048,97218603,LOCKED
64001,1686.043,-62284044342181,-16445,44604,-28274.9,32218.6,8.5,0.043,97293098,LOCKED
64002,1687.043,-62284044343606,8825,69874,-28212.0,32030.3,8.5,0.038,97382026,LOCKED
64003,1688.043,-62284044384412,-1834,59215,-28304.1,31282.6,8.5,0.041,97463786,LOCKED
64004,1689.043,-62284044447265,-33830,27219,-28373.2,31609.0,8.4,0.032,97432734,LOCKED
64005,1690.043,-62284044472183,-29393,31656,-28372.5,31602.1,8.5,0.008,97523535,LOCKED
64006,1691.043,-62284044458794,10230,71279,-28284.4,31162.4,8.5,0.013,97627158,LOCKED
64007,1692.043,-62284044446539,48392,109441,-28248.1,31624.5,8.5,0.018,97728769,LOCKED
64008,1693.043,-62284044551565,-26525,34524,-28295.5,31828.9,8.3,0.025,97711923,LOCKED
64009,1694.043,-62284044541131,11048,72097,-28257.0,31829.8,8.3,0.033,97813360,LOCKED
64010,1695.043,-62284044581916,-956,60093,-28281.2,31782.3,8.1,0.046,97864329,LOCKED
64011,1696.043,-62284044578705,28347,89396,-28220.8,32003.8,8.2,0.071,97955351,LOCKED
64012,1697.043,-62284044584926,45927,106976,-28080.0,32270.1,8.2,0.070,97926015,LOCKED
64013,1698.044,-62284044683468,-24949,36100,-28018.0,31397.4,8.1,0.071,98030020,LOCKED
64014,1699.044,-62284044685262,1710,62759,-28042.3,31327.1,8.2,0.059,98117357,LOCKED
64015,1700.044,-62284044691233,21759,82808,-27979.1,31406.3,8.4,0.049,98195921,LOCKED
64016,1701.044,-62284044696218,40734,101783,-27849.3,31568.0,8.4,0.049,98172402,LOCKED
64017,1702.044,-62284044796184,-31325,29724,-27799.9,30812.2,8.4,0.049,98273507,LOCKED
64018,1703.044,-62284044807002,-12668,48381,-27861.2,30711.8,8.2,0.041,98349216,LOCKED
64019,1704.044,-62284044811800,9572,70621,-27836.7,30733.5,8.0,0.042,98436164,LOCKED
64020,1705.044,-62284044892143,-42232,18817,-27800.8,30082.8,7.7,0.043,98443923,LOCKED
64021,1706.044,-62284044896748,-17412,43637,-27851.7,30134.4,7.5,0.038,98528302,LOCKED
64022,1707.044,-62284044897286,8823,69872,-27813.3,30106.2,7.5,0.039,98613512,LOCKED
64023,1708.044,-62284044899855,30356,91405,-27681.4,29769.4,7.5,0.041,98704225,LOCKED
64024,1709.044,-62284045008489,-46341,14708,-27813.5,30171.8,7.5,0.043,98685142,LOCKED
64025,1710.044,-62284045003823,-12585,48464,-27855.3,30181.4,7.6,0.039,98777757,LOCKED
64026,1711.044,-62284045000246,17288,78337,-27807.4,30242.0,7.8,0.044,98869866,LOCKED
64027,1712.046,-62284045012622,30502,91551,-27749.2,30522.1,8.0,0.050,98834999,LOCKED
64028,1713.045,-62284045109764,-35074,25975,-27878.4,30442.7,7.0,0.056,98937764,LOCKED
64029,1714.045,-62284045112603,-8345,52704,-27947.6,30168.9,7.0,0.056,99029019,LOCKED
64030,1715.044,-62284045099074,29951,91000,-27841.1,30153.3,7.0,0.058,99128143,LOCKED
64031,1716.046,-62284045118946,36997,98046,-27857.4,29916.2,7.0,0.060,99198872,LOCKED
64032,1717.045,-62284045231532,-43456,17593,-27995.2,30116.7,7.0,0.058,99175597,LOCKED
64033,1718.045,-62284045228934,-11842,49207,-28025.7,30150.2,7.0,0.060,99265272,LOCKED
64034,1719.045,-62284045233876,9527,70576,-27957.2,29910.6,7.1,0.060,99351041,LOCKED
64035,1720.045,-62284045271929,1013,62062,-28036.7,29241.7,7.0,0.062,99437288,LOCKED
64036,1721.045,-62284045346915,-42287,18762,-28145.7,29677.7,7.0,0.065,99419342,LOCKED
64037,1722.045,-62284045380097,-44573,16476,-28206.7,30259.4,7.0,0.068,99510716,LOCKED
64038,1723.045,-62284045330723,29724,90773,-28094.7,30173.6,6.9,0.071,99612544,LOCKED
64039,1724.045,-62284045437677,-44804,16245,-28233.1,30430.4,6.9,0.074,99594630,LOCKED
64040,1725.046,-62284045440043,-16391,44658,-28330.9,30038.5,6.8,0.077,99683434,LOCKED
64041,1726.045,-62284045438035,14235,75284,-28368.8,29704.7,7.1,0.082,99776410,LOCKED
64042,1727.045,-62284045424425,52833,113882,-28290.6,30538.3,7.1,0.080,99874428,LOCKED
64043,1728.045,-62284045534839,-28194,32855,-28297.5,30600.8,7.0,0.084,99855396,LOCKED
64044,1729.045,-62284045519780,12724,73773,-28198.8,30072.4,7.3,0.089,99957856,LOCKED
64045,1730.045,-62284045522178,37463,98512,-28209.0,29927.1,7.5,0.093,100052566,LOCKED
64046,1731.045,-62284045539004,46334,107383,-28162.8,30461.3,7.7,0.091,100008239,LOCKED
64047,1732.045,-62284045634169,-19826,41223,-28171.1,30511.6,7.9,0.095,100118085,LOCKED
64048,1733.045,-62284045628175,12213,73262,-28086.9,30167.3,8.2,0.091,100211783,LOCKED
64049,1734.046,-62284045629117,37578,98627,-28062.0,30430.8,8.4,0.086,100188009,LOCKED
64050,1735.047,-62284045697697,-2970,58079,-28055.6,30420.2,8.3,0.082,100321207,LOCKED
64051,1736.045,-62284045777674,-51438,9611,-28139.7,31208.2,8.0,0.066,100333458,LOCKED
64052,1737.045,-62284045763075,-9108,51941,-28104.4,30979.4,8.0,0.059,100434298,LOCKED
64053,1738.046,-62284045760517,18425,79474,-27981.2,30273.3,7.9,0.052,100525274,LOCKED
64054,1739.046,-62284045768083,36758,97807,-27940.1,30628.9,8.0,0.039,100495169,LOCKED
64055,1740.046,-62284045862669,-28380,32669,-27966.9,30819.3,8.0,0.043,100603221,LOCKED
64056,1741.046,-62284045857630,2880,63929,-27885.9,30254.3,8.1,0.062,100698142,LOCKED
64057,1742.046,-62284045853436,31302,92351,-27758.2,30026.7,8.1,0.079,100677126,LOCKED
64058,1743.046,-62284045955594,-39913,21136,-27848.3,30472.1,8.1,0.080,100776360,LOCKED
64059,1744.046,-62284045946401,-1896,59153,-27893.1,30303.2,8.1,0.080,100875970,LOCKED
64060,1745.046,-62284046015540,-39318,21731,-28015.6,30489.1,8.1,0.079,100893950,LOCKED
64061,1746.046,-62284046013929,-8432,52617,-28063.5,30402.6,8.1,0.077,100983895,LOCKED
64062,1747.046,-62284046017939,14401,75450,-28027.5,30454.0,8.1,0.073,101072209,LOCKED
64063,1748.046,-62284046116949,-52713,8336,-28129.9,31274.4,8.0,0.068,101060694,LOCKED
64064,1749.046,-62284046105507,-10863,50186,-28223.7,30767.8,8.1,0.076,101160111,LOCKED
64065,1750.046,-62284046100074,22736,83785,-28258.8,30372.8,8.1,0.070,101256348,LOCKED
64066,1751.046,-62284046106443,41832,102881,-28191.2,30896.3,7.9,0.079,101337276,LOCKED
64067,1752.046,-62284046124457,47345,108394,-28040.7,31123.1,7.9,0.084,101297183,LOCKED
64068,1753.046,-62284046214050,-12144,48905,-28121.9,30819.5,8.2,0.098,101412482,LOCKED
64069,1754.046,-62284046224293,5309,66358,-28109.9,30827.2,7.9,0.103,101502560,LOCKED
64070,1755.047,-62284046323180,-60851,198,-28235.5,31881.8,7.9,0.105,101482820,LOCKED
64071,1756.047,-62284046259632,28330,89379,-28154.7,32022.6,7.7,0.108,101546114,LOCKED
64072,1757.047,-62284046347186,-30446,30603,-28134.6,31782.9,7.7,0.103,101638244,LOCKED
64073,1758.047,-62284046375808,-28033,33016,-28230.5,31804.6,7.7,0.105,101727347,LOCKED
64074,1759.046,-62284046423994,-44765,16284,-28314.4,32377.6,7.7,0.107,101837871,LOCKED
64075,1760.046,-62284046423176,-15198,45851,-28310.5,32356.7,7.4,0.108,101829200,LOCKED
64076,1761.047,-62284046415986,17601,78650,-28207.0,31953.0,7.1,0.108,101928388,LOCKED
64077,1762.048,-62284046422580,37558,98607,-28188.1,32152.1,7.1,0.109,101901312,LOCKED
64078,1763.047,-62284046502730,-13135,47914,-28228.6,32173.1,7.1,0.110,102021418,LOCKED
64079,1764.047,-62284046485496,29815,90864,-28154.7,32383.8,6.7,0.109,102130196,LOCKED
64080,1765.047,-62284046561087,-15210,45839,-28248.0,32037.5,6.7,0.109,102144454,LOCKED
64081,1766.047,-62284046561689,12210,73259,-28257.3,31992.2,6.8,0.105,102229120,LOCKED
64082,1767.048,-62284046550078,48377,109228,-28155.9,32634.6,6.7,0.107,102222265,LOCKED
64083,1768.047,-62284046628844,-3334,57517,-28096.1,32240.1,6.7,0.107,102345161,LOCKED
64084,1769.047,-62284046613682,38683,99534,-28099.6,32195.4,6.9,0.110,102337782,LOCKED
64085,1770.047,-62284046704996,-22625,38226,-28155.6,32316.8,6.9,0.109,102447264,LOCKED
64086,1771.047,-62284046699190,9901,70752,-28101.5,32219.5,6.5,0.105,102541960,LOCKED
64087,1772.047,-62284046696384,36872,97723,-27969.4,32184.9,6.5,0.108,102634161,LOCKED
64088,1773.047,-62284046806938,-41850,19001,-28089.6,32480.9,6.4,0.110,102612226,LOCKED
64089,1774.047,-62284046800752,-6922,53929,-28110.2,32488.0,6.4,0.109,102706444,LOCKED
64090,1775.048,-62284046880288,-55762,5089,-28144.4,32993.4,6.4,0.108,102719690,LOCKED
64091,1776.047,-62284046881650,-28597,32254,-28115.5,32652.7,6.4,0.105,102806447,LOCKED
64092,1777.047,-62284046886059,-3329,57522,-28186.7,32260.8,6.2,0.097,102892415,LOCKED
64093,1778.047,-62284046873845,34968,95819,-28141.6,32584.3,6.1,0.095,102993108,LOCKED
64094,1779.048,-62284046997859,-57430,3421,-28216.7,33446.0,5.8,0.086,102956939,LOCKED
64095,1780.049,-62284046985061,-15472,45379,-28237.3,33508.2,5.8,0.083,103063421,LOCKED
64096,1781.048,-62284046982246,16012,76863,-28285.2,33059.1,5.8,0.080,103151723,LOCKED
64097,1782.048,-62284046982416,42946,103797,-28298.8,32856.9,5.7,0.077,103242802,LOCKED
64098,1783.048,-62284047098398,-42662,18189,-28329.7,33190.4,5.7,0.073,103215721,LOCKED
64099,1784.048,-62284047096380,-9733,51118,-28440.4,32415.7,5.6,0.069,103310646,LOCKED
64100,1785.048,-62284047151345,-32854,27997,-28553.0,32442.6,5.5,0.065,103341621,LOCKED
64101,1786.048,-62284047159310,-11330,49521,-28580.2,32474.2,5.5,0.068,103425195,LOCKED
64102,1787.048,-62284047160703,13582,74433,-28490.9,32129.2,5.4,0.063,103513639,LOCKED
64103,1788.049,-62284047163113,38468,99319,-28496.3,32059.1,5.4,0.056,103602032,LOCKED
64104,1789.048,-62284047268467,-35911,24940,-28558.3,32427.8,5.3,0.060,103582660,LOCKED
64105,1790.048,-62284047267225,-6561,54290,-28525.2,32255.6,5.3,0.065,103677974,LOCKED
64106,1791.049,-62284047261791,24327,85178,-28414.8,31996.2,5.3,0.070,103773604,LOCKED
64107,1792.048,-62284047265852,46333,107184,-28376.5,32438.5,5.2,0.069,103744079,LOCKED
64108,1793.048,-62284047369998,-27849,33002,-28408.2,32631.1,5.3,0.086,103840577,LOCKED
64109,1794.048,-62284047377380,-7611,53240,-28356.7,32259.6,5.2,0.087,103929956,LOCKED
64110,1795.048,-62284047441312,-40345,20506,-28429.2,32721.2,5.6,0.060,103951012,LOCKED
64111,1796.048,-62284047467327,-33663,27188,-28582.9,32214.1,6.6,0.092,104021302,LOCKED
64112,1797.048,-62284047445537,16150,77001,-28582.3,32217.2,6.6,0.092,104126182,LOCKED
64113,1798.048,-62284047471355,17190,78041,-28526.2,32239.0,6.6,0.096,104213552,LOCKED
64114,1799.048,-62284047555873,-37525,23326,-28526.4,32241.3,6.6,0.083,104197532,LOCKED
64158,1843.050,-62284048626784,-1008774,0,-30343.2,140681.1,8.7,0.080,107121633,LOCKED
64159,1844.051,-62284048689810,-972738,36036,-32101.1,192933.9,9.2,0.044,107041328,LOCKED
64160,1845.051,-62284048748908,-933714,75060,-33791.4,230831.9,9.5,0.012,107162103,LOCKED
64161,1846.051,-62284048763133,-850233,158541,-35517.3,257453.6,9.5,-0.002,107238316,LOCKED
64162,1847.051,-62284048758705,-753296,255478,-37064.3,276477.0,9.5,-0.015,107338817,LOCKED
64163,1848.051,-62284048858895,-756768,252006,-38736.5,293743.5,9.5,-0.029,107338850,LOCKED
64164,1849.051,-62284048843921,-650765,358009,-40223.4,305576.8,9.5,-0.045,107457024,LOCKED
64165,1850.051,-62284048851259,-571102,437672,-41571.8,314116.2,9.4,-0.064,107549678,LOCKED
64166,1851.051,-62284048853841,-487859,520915,-42934.8,318609.8,9.4,-0.064,107653379,LOCKED
64167,1852.051,-62284048879826,-431198,577576,-44169.0,321822.5,9.3,-0.068,107615688,LOCKED
64168,1853.051,-62284048978980,-445987,562787,-45402.3,325600.5,9.4,-0.080,107732017,LOCKED
64169,1854.051,-62284048978386,-365574,643200,-46485.5,327578.1,9.3,-0.088,107841415,LOCKED
64170,1855.051,-62284048959965,-272640,736134,-47409.4,327850.1,9.1,-0.100,107966256,LOCKED
64171,1856.051,-62284048992162,-229892,778882,-48380.3,326383.1,8.8,-0.111,108046611,LOCKED
64172,1857.051,-62284049007748,-173732,835042,-49239.8,324400.6,8.8,-0.119,108133346,LOCKED
64173,1858.051,-62284049126522,-214304,794470,-50306.9,321271.7,8.9,-0.125,108128110,LOCKED
64174,1859.052,-62284049146291,-161299,847475,-51143.0,319154.2,8.9,-0.131,108220018,LOCKED
64175,1860.052,-62284049144701,-88852,919922,-51964.4,315194.2,8.9,-0.136,108333180,LOCKED
64176,1861.052,-62284049142842,-19889,988885,-52675.8,310820.2,9.0,-0.141,108449187,LOCKED
64177,1862.052,-62284049150420,37200,1045974,-53327.5,305861.5,8.9,-0.146,108557801,LOCKED
64178,1863.052,-62284049260426,-5482,1003292,-54006.7,301434.2,8.9,-0.144,108561966,LOCKED
64179,1864.052,-62284049250383,66340,1075114,-54499.6,297855.2,8.9,-0.143,108686559,LOCKED
64180,1865.052,-62284049250706,123391,1132165,-54846.6,295117.7,8.9,-0.146,108804508,LOCKED
64181,1866.052,-62284049265967,164531,1173305,-55197.4,291791.9,8.9,-0.149,108903647,LOCKED
64182,1867.054,-62284049290385,192998,1201772,-55405.4,289893.8,8.9,-0.150,108883838,LOCKED
64183,1868.053,-62284049396327,144752,1153526,-55759.4,286721.4,8.5,-0.150,109008015,LOCKED
64184,1869.053,-62284049411136,183974,1192748,-55981.1,284704.2,8.4,-0.151,109108017,LOCKED
64185,1870.053,-62284049410902,233165,1241939,-56024.4,284311.3,8.8,-0.157,109227946,LOCKED
64186,1871.053,-62284049483373,212300,1221074,-56161.0,283038.8,8.9,-0.160,109343353,LOCKED
64187,1872.053,-62284049527354,217599,1226373,-56185.4,282835.2,8.9,-0.160,109349224,LOCKED
64188,1873.054,-62284049507568,283646,1292420,-56170.2,282993.0,9.1,-0.162,109484503,LOCKED
64189,1874.053,-62284049485131,346098,1354872,-55952.6,285280.5,9.0,-0.160,109621742,LOCKED
64190,1875.054,-62284049511245,357035,1365809,-55618.3,288488.0,9.0,-0.160,109604752,LOCKED
64191,1876.052,-62284049641196,271657,1280431,-55528.0,289296.7,8.5,-0.154,109706333,LOCKED
64192,1877.053,-62284049625339,326203,1334977,-55243.6,291819.3,8.8,-0.154,109835458,LOCKED
64193,1878.053,-62284049613633,373858,1382632,-54918.0,295098.9,8.5,-0.149,109969789,LOCKED
64194,1879.053,-62284049719635,306262,1315036,-54616.5,297456.4,8.7,-0.147,109976338,LOCKED
64195,1880.053,-62284049702641,356051,1364825,-54136.9,301151.9,8.8,-0.144,110105916,LOCKED
64196,1881.053,-62284049700803,385541,1394315,-53477.1,305666.4,8.9,-0.140,110226665,LOCKED
64197,1882.053,-62284049710609,403524,1412298,-52886.5,310407.3,9.1,-0.131,110219132,LOCKED
64198,1883.054,-62284049810151,333370,1342144,-52286.6,313688.8,9.1,-0.125,110344762,LOCKED
64199,1884.054,-62284049806337,361598,1370372,-51518.7,317339.4,9.1,-0.118,110460059,LOCKED
64200,1885.054,-62284049881840,310796,1319570,-50717.9,319519.8,9.1,-0.109,110500219,LOCKED
64201,1886.054,-62284049880482,335879,1344653,-49950.3,322462.2,9.7,-0.106,110615511,LOCKED
64202,1887.054,-62284049885255,350513,1359287,-49032.6,325109.4,9.9,-0.103,110719257,LOCKED
64203,1888.054,-62284049884649,367748,1376522,-48052.0,327892.8,10.0,-0.098,110832624,LOCKED
64204,1889.054,-62284050000863,271504,1280278,-47123.5,328093.5,10.1,-0.093,110824713,LOCKED
64205,1890.054,-62284049994446,292862,1301636,-46029.0,327417.2,10.6,-0.085,110941384,LOCKED
64206,1891.054,-62284049990987,306471,1315245,-44775.5,325356.9,10.7,-0.077,111051028,LOCKED
64207,1892.054,-62284049997761,309165,1317939,-43554.4,323812.4,10.8,-0.068,111150787,LOCKED
64208,1893.055,-62284050017735,295441,1304215,-42212.3,319985.5,10.9,-0.056,111123310,LOCKED
64209,1894.054,-62284050114725,206319,1215093,-40867.2,312049.7,10.9,-0.043,111241844,LOCKED
64210,1895.054,-62284050089860,232892,1241666,-39329.6,301208.5,10.9,-0.026,111370969,LOCKED
64211,1896.055,-62284050093881,229684,1238458,-37818.2,290390.5,10.8,-0.025,111353266,LOCKED
64212,1897.054,-62284050196894,129962,1138736,-36336.9,274250.4,10.7,-0.005,111461411,LOCKED
64213,1898.055,-62284050191417,135884,1144658,-34798.2,255754.1,10.6,-0.001,111562968,LOCKED
64214,1899.056,-62284050176423,146706,1155480,-33126.2,231951.0,10.5,0.005,111672211,LOCKED
64215,1900.054,-62284050296629,24977,1033751,-31463.8,195186.6,10.7,-0.002,111649037,LOCKED
64216,1901.055,-62284050283399,32011,1040785,-29665.1,141071.0,10.6,0.010,111753702,LOCKED
64217,1902.054,-62284050322396,-12439,996335,-27917.2,33448.8,10.3,0.040,111845747,LOCKED
64218,1903.055,-62284050387747,-47832,960942,-27937.9,33719.9,10.0,0.061,111832391,LOCKED
64219,1904.055,-62284050386541,-17532,991242,-27965.5,33803.0,9.9,0.044,111919406,LOCKED
64220,1905.055,-62284050395911,1990,1010764,-28014.4,33560.0,10.0,0.033,111997394,LOCKED
64221,1906.055,-62284050458935,-30270,978504,-28099.1,33721.5,10.0,0.024,112090128,LOCKED
64222,1907.055,-62284050395505,56872,1065646,-27978.2,34555.5,9.8,0.014,112065617,LOCKED
64223,1908.055,-62284050490103,-7206,1001568,-28091.1,33684.4,9.6,0.006,112173991,LOCKED
64224,1909.055,-62284050469302,39588,1048362,-28054.0,34019.1,9.6,-0.009,112280833,LOCKED
64225,1910.055,-62284050572050,-32904,975870,-28107.4,34309.6,9.3,-0.006,112271061,LOCKED
64226,1911.055,-62284050550849,14438,1023212,-28034.8,34169.9,9.2,-0.018,112381271,LOCKED
64227,1912.055,-62284050542591,46385,1055159,-27898.4,34482.9,8.8,-0.020,112478065,LOCKED
64228,1913.056,-62284050649989,-29761,979013,-28013.7,34372.8,8.4,-0.022,112460813,LOCKED
64229,1914.055,-62284050647183,1356,1010130,-28030.6,34341.1,8.4,-0.023,112554963,LOCKED
64230,1915.055,-62284050714743,-36851,971923,-28034.2,34381.0,8.3,-0.024,112573716,LOCKED
64231,1916.055,-62284050734160,-27455,981319,-28026.7,34313.4,8.2,-0.025,112647553,LOCKED
64232,1917.055,-62284050724306,8236,1017010,-27932.7,33774.0,8.2,-0.025,112743028,LOCKED
64233,1918.055,-62284050710696,47942,1056716,-27922.3,33919.3,8.1,-0.025,112844241,LOCKED
64234,1919.055,-62284050822086,-32047,976727,-28040.0,33864.1,8.0,-0.025,112826454,LOCKED
64235,1920.055,-62284050817659,694,1009468,-28054.6,33842.1,8.0,-0.020,112921371,LOCKED
64236,1921.055,-62284050801813,41018,1049792,-27947.1,34186.6,8.4,-0.010,113024566,LOCKED
64237,1922.055,-62284050917375,-45018,963756,-27949.7,34222.1,8.8,-0.002,112994449,LOCKED
64238,1923.056,-62284050922813,-19806,988968,-28049.5,33955.8,8.8,0.003,113084450,LOCKED
64239,1924.055,-62284050912994,16965,1025739,-28023.8,34032.4,8.8,0.014,113180617,LOCKED
64240,1925.056,-62284050996533,-36905,971869,-28043.2,34219.9,9.4,0.027,113187407,LOCKED
64241,1926.056,-62284051008327,-20617,988157,-28010.7,33920.9,9.6,0.035,113265794,LOCKED
64242,1927.056,-62284051011288,2655,1011429,-27927.7,33375.5,9.9,0.042,113355067,LOCKED
64243,1928.056,-62284051010706,30142,1038916,-27927.7,33375.9,10.2,0.049,113437411,LOCKED
64244,1929.056,-62284051010856,54754,1063528,-27863.3,34106.4,10.4,0.056,113416294,LOCKED
64245,1930.056,-62284051122017,-27047,981727,-27891.8,34272.4,11.1,0.064,113507028,LOCKED
64246,1931.056,-62284051124790,-669,1008105,-27952.6,33959.7,12.4,0.069,113592228,LOCKED
64247,1932.056,-62284051112377,38863,1047637,-27976.4,33621.6,13.0,0.077,113697161,LOCKED
64248,1933.056,-62284051233151,-50196,958578,-28076.6,34292.6,13.1,0.082,113661776,LOCKED
64249,1934.056,-62284051221352,-11026,997748,-28023.5,33863.9,13.7,0.084,113766351,LOCKED
64250,1935.056,-62284051269754,-30885,977889,-27997.5,33553.7,13.8,0.083,113803572,LOCKED
64251,1936.056,-62284051286123,-16199,992575,-28120.9,32810.9,14.0,0.088,113880302,LOCKED
64252,1937.056,-62284051322336,-22226,986548,-28185.4,32890.1,14.1,0.087,113961695,LOCKED
64253,1938.056,-62284051277371,46828,1055602,-28062.1,33346.4,14.1,0.084,114066301,LOCKED
64254,1939.057,-62284051387324,-31080,977694,-28206.1,32888.4,14.3,0.081,114044185,LOCKED
64255,1940.057,-62284051391286,-6039,1002735,-28235.2,32867.4,14.4,0.078,114129349,LOCKED
64256,1941.057,-62284051385712,25346,1034120,-28158.2,32950.8,14.4,0.074,114222668,LOCKED
64257,1942.057,-62284051380062,54003,1062777,-27995.0,33336.6,14.2,0.060,114318378,LOCKED
64258,1943.059,-62284051498056,-32729,976045,-28101.1,33419.1,14.2,0.054,114291238,LOCKED
64259,1944.057,-62284051490593,2617,1011391,-28094.7,33420.7,14.4,0.035,114386712,LOCKED
64260,1945.057,-62284051461169,57766,1066540,-28074.4,33750.4,14.3,0.009,114392547,LOCKED
64261,1946.057,-62284051569773,-20686,988088,-28142.2,33779.4,14.2,-0.001,114487996,LOCKED
64262,1947.057,-62284051576376,683,1009457,-28134.9,33776.3,14.2,0.006,114570030,LOCKED
64263,1948.057,-62284051578361,24006,1032780,-28035.9,33645.9,14.3,0.010,114661838,LOCKED
64264,1949.057,-62284051581543,47437,1056211,-28045.0,33503.6,14.0,-0.002,114632960,LOCKED
64265,1950.057,-62284051682708,-23342,985432,-28121.2,33542.1,14.0,-0.003,114733319,LOCKED
64266,1951.058,-62284051680682,6055,1014829,-28094.4,33528.8,14.0,-0.006,114822791,LOCKED
64267,1952.058,-62284051692464,19866,1028640,-28004.5,33365.7,13.9,-0.012,114903386,LOCKED
64268,1953.057,-62284051690869,44838,1053612,-27851.7,33426.1,13.9,-0.022,114991240,LOCKED
64269,1954.058,-62284051816227,-48501,960273,-27975.8,33934.4,13.7,-0.049,114958385,LOCKED
64270,1955.058,-62284051794123,566,1009340,-27926.9,33731.4,13.7,-0.057,115066968,LOCKED
64271,1956.058,-62284051797352,21850,1030624,-27795.5,33084.4,13.7,-0.056,115157211,LOCKED
64272,1957.058,-62284051904549,-53221,955553,-27919.7,33779.9,13.5,-0.053,115131076,LOCKED
64273,1958.058,-62284051897123,-17135,991639,-27927.6,33816.4,13.4,-0.050,115229545,LOCKED
64274,1959.058,-62284051899513,5995,1014769,-27819.1,32965.3,13.0,-0.048,115317590,LOCKED
64275,1960.058,-62284051901911,30455,1039229,-27822.6,32930.2,12.9,-0.056,115406339,LOCKED
64276,1961.058,-62284051906309,50128,1058902,-27721.7,33611.3,12.9,-0.056,115376247,LOCKED
64277,1962.058,-62284052010478,-24556,984218,-27767.5,33775.6,12.8,-0.055,115476080,LOCKED
64278,1963.058,-62284052003288,11061,0,-27818.4,33367.5,12.6,-0.056,115571874,LOCKED
64279,1964.058,-62284052057682,-14056,0,-27866.7,33371.9,12.5,-0.057,115645328,LOCKED
64280,1965.058,-62284052051251,18806,32862,-27827.4,33465.9,12.3,-0.058,115704248,LOCKED
64281,1966.058,-62284052139084,-37497,0,-27947.0,33593.5,12.2,-0.054,115786914,LOCKED
64282,1967.059,-62284052155081,-25793,11704,-27891.9,32869.9,12.0,-0.051,115775089,LOCKED
64283,1968.058,-62284052148087,8716,46213,-27887.9,32879.6,11.5,-0.050,115873744,LOCKED
64284,1969.058,-62284052135836,44274,81771,-27736.4,32931.9,11.5,-0.048,115976799,LOCKED
64285,1970.059,-62284052253430,-41673,0,-27859.3,33191.4,11.1,-0.045,115946685,LOCKED
64286,1971.059,-62284052247239,-7701,33972,-27842.6,33125.6,11.1,-0.041,116040472,LOCKED
64287,1972.058,-62284052251001,13507,55180,-27723.8,32348.5,10.9,-0.043,116126887,LOCKED
64288,1973.059,-62284052245968,43961,85634,-27683.9,32768.7,10.6,-0.045,116220918,LOCKED
64289,1974.059,-62284052361782,-41610,63,-27740.4,33227.8,10.2,-0.048,116195893,LOCKED
64290,1975.059,-62284052335473,12672,54345,-27772.9,33000.6,10.2,-0.058,116312021,LOCKED
64291,1976.058,-62284052348715,26255,67928,-27770.1,33023.8,9.8,-0.065,116388976,LOCKED
64292,1977.059,-62284052462324,-56117,0,-27847.0,33850.9,9.4,-0.073,116357353,LOCKED
64293,1978.059,-62284052460894,-26846,29271,-27802.0,33290.8,9.0,-0.079,116448321,LOCKED
64294,1979.059,-62284052462263,559,56676,-27850.7,33067.5,9.1,-0.079,116536655,LOCKED
64295,1980.059,-62284052450828,37188,93305,-27782.0,33449.8,9.2,-0.081,116639046,LOCKED
64296,1981.059,-62284052576804,-58608,0,-27802.3,33784.4,9.2,-0.081,116603541,LOCKED
64297,1982.059,-62284052575398,-26171,32437,-27917.4,33544.4,9.2,-0.087,116691848,LOCKED
64298,1983.060,-62284052569976,7393,66001,-27940.8,33441.3,9.2,-0.086,116787475,LOCKED
64299,1984.059,-62284052558137,43576,102184,-27836.6,33892.4,9.1,-0.081,116886931,LOCKED
64300,1985.059,-62284052647721,-15750,42858,-27929.4,33582.4,9.1,-0.081,116889098,LOCKED
64301,1986.059,-62284052653141,7126,65734,-27959.3,33435.4,9.2,-0.081,116970990,LOCKED
64302,1987.059,-62284052639096,45956,104564,-27879.8,34012.7,9.2,-0.080,117075853,LOCKED
64303,1988.059,-62284052763881,-48618,9990,-27913.4,34416.2,9.3,-0.080,117039045,LOCKED
64304,1989.063,-62284052751475,-9676,48932,-27829.5,33543.9,9.1,-0.071,117142038,LOCKED
64305,1990.059,-62284052747501,21428,80036,-27830.8,33535.2,8.5,-0.053,117233155,LOCKED
64306,1991.060,-62284052757487,36648,95256,-27762.9,33901.2,8.4,-0.042,117199906,LOCKED
64307,1992.060,-62284052859468,-36586,22022,-27750.3,33744.3,8.4,-0.039,117299957,LOCKED
64308,1993.060,-62284052853230,-844,57764,-27835.1,33121.3,8.1,-0.024,117394673,LOCKED
64309,1994.060,-62284052878272,2197,60805,-27851.0,33087.5,8.2,-0.021,117475604,LOCKED
64310,1995.060,-62284052898568,10201,68809,-27890.0,32821.2,8.2,-0.017,117527752,LOCKED
64311,1996.060,-62284052922813,13708,72316,-27906.1,32727.0,8.2,-0.009,117593962,LOCKED
64312,1997.060,-62284052922935,39870,98478,-27892.8,32881.0,8.2,-0.015,117680352,LOCKED
64313,1998.060,-62284053048737,-55591,3017,-27920.5,33301.6,8.2,-0.015,117645664,LOCKED
64314,1999.060,-62284053047339,-23181,35427,-28033.9,32972.1,8.1,-0.015,117736120,LOCKED
64315,2000.060,-62284053109761,-53121,5487,-28164.1,33629.8,8.1,-0.028,117823098,LOCKED
64316,2001.060,-62284053033931,47257,105865,-28065.1,34213.6,8.0,-0.041,117929667,LOCKED
64317,2002.061,-62284053153316,-42708,15900,-28060.5,34152.3,8.0,-0.055,117900960,LOCKED
64318,2003.063,-62284053134106,5700,64308,-28126.0,33657.9,8.0,-0.053,118007724,LOCKED
64319,2004.060,-62284053123524,41861,100469,-28070.5,34106.4,8.0,-0.050,118108157,LOCKED
64320,2005.059,-62284053219099,-25578,33030,-28031.1,33655.9,8.4,-0.017,118101616,LOCKED
64321,2006.060,-62284053229519,-6446,52162,-28095.1,33418.5,8.7,0.006,118180015,LOCKED
64322,2007.060,-62284053219916,29584,88192,-28062.4,33626.5,9.0,0.023,118281785,LOCKED
64323,2008.060,-62284053235330,38970,97578,-27966.9,33975.6,9.0,0.027,118355934,LOCKED
64324,2009.060,-62284053357329,-52905,5703,-27984.8,34239.1,9.2,0.041,118317144,LOCKED
64325,2010.060,-62284053362490,-27145,31463,-28083.9,34204.9,9.9,0.063,118407038,LOCKED
64326,2011.060,-62284053365846,-2184,56424,-28091.8,34204.8,9.9,0.055,118492276,LOCKED
64327,2012.060,-62284053370846,19089,77697,-28034.2,34251.8,9.9,0.057,118575054,LOCKED
64328,2013.060,-62284053378039,35832,94440,-27892.3,34050.5,9.9,0.059,118658144,LOCKED
64329,2014.060,-62284053498425,-51377,7231,-28066.6,34141.1,9.9,0.061,118625918,LOCKED
64330,2015.060,-62284053468365,6410,65018,-28060.6,34149.8,9.6,0.063,118748107,LOCKED
64331,2016.060,-62284053483981,16901,75509,-27992.7,34098.0,9.6,0.058,118820928,LOCKED
64332,2017.060,-62284053484368,43453,102061,-28013.3,33782.2,9.6,0.059,118908187,LOCKED
64333,2018.060,-62284053604941,-45177,13431,-28131.3,34203.4,9.5,0.060,118877114,LOCKED
64334,2019.061,-62284053606143,-17078,41530,-28160.3,34281.9,9.5,0.061,118965141,LOCKED
64335,2020.060,-62284053610740,5207,63815,-28106.1,34111.2,9.3,0.055,119048392,LOCKED
64336,2021.060,-62284053619287,21443,80051,-27978.4,33516.8,9.3,0.050,119133613,LOCKED
64337,2022.061,-62284053726861,-53688,4920,-28108.5,34187.7,9.4,0.055,119113475,LOCKED
64338,2023.061,-62284053722249,-19987,38621,-28123.4,34259.8,9.6,0.059,119206514,LOCKED
64339,2024.061,-62284053728023,2698,61306,-28144.4,34203.5,9.7,0.062,119292161,LOCKED
64340,2025.061,-62284053716953,38556,97164,-28043.6,34506.1,9.7,0.061,119391569,LOCKED
64341,2026.061,-62284053749210,33381,91989,-28052.0,34414.9,9.6,0.062,119450849,LOCKED
64342,2027.061,-62284053861808,-46920,11688,-28182.5,34799.1,9.7,0.061,119429590,LOCKED
64343,2028.061,-62284053874563,-29579,29029,-28227.3,35025.9,9.7,0.062,119503870,LOCKED
64344,2029.061,-62284053878344,-6257,52351,-28161.6,34529.1,9.7,0.064,119586992,LOCKED
64345,2030.061,-62284053923957,-20737,37871,-28273.2,34150.9,9.5,0.068,119666482,LOCKED
64346,2031.061,-62284053884364,44469,103077,-28216.5,34641.6,9.3,0.072,119763579,LOCKED
64347,2032.062,-62284053992958,-34009,24599,-28253.2,34903.0,9.3,0.073,119744966,LOCKED
64348,2033.061,-62284053986768,-1129,57479,-28174.4,34338.8,9.3,0.076,119839503,LOCKED
64349,2034.061,-62284053970149,42106,100714,-28168.0,34418.1,9.3,0.077,119947003,LOCKED
64350,2035.061,-62284054065729,-24156,34452,-28184.3,34515.0,9.0,0.071,119938714,LOCKED
64351,2036.061,-62284054092081,-21872,36736,-28170.1,34402.4,9.0,0.068,120007907,LOCKED
64352,2037.061,-62284054055915,41508,100116,-28192.2,34076.9,9.0,0.068,120127458,LOCKED
64353,2038.061,-62284054169701,-40325,18283,-28309.9,34321.5,9.1,0.065,120105420,LOCKED
64354,2039.062,-62284054161543,-3501,55107,-28321.6,34322.1,9.1,0.068,120201171,LOCKED
64355,2040.061,-62284054161425,22109,80717,-28219.3,34099.9,8.8,0.079,120294308,LOCKED
64356,2041.062,-62284054168235,42629,101237,-28246.6,33672.4,8.8,0.077,120262215,LOCKED
64357,2042.062,-62284054269372,-27258,31350,-28348.9,33611.2,8.8,0.074,120364178,LOCKED
64358,2043.062,-62284054264171,5898,64506,-28339.4,33620.7,8.8,0.071,120455241,LOCKED
64359,2044.062,-62284054265993,28977,87585,-28218.6,33413.5,8.8,0.078,120543857,LOCKED
64360,2045.062,-62284054346152,-20882,37726,-28286.1,33447.9,8.9,0.076,120553423,LOCKED
64361,2046.062,-62284054358529,-4758,53850,-28288.8,33451.2,8.8,0.084,120634123,LOCKED
64362,2047.062,-62284054357155,21764,80372,-28170.6,33004.7,8.9,0.083,120725434,LOCKED
64363,2048.062,-62284054368549,37602,96210,-28187.1,32781.1,8.8,0.093,120690755,LOCKED
64364,2049.062,-62284054460879,-24536,34072,-28244.8,32930.4,8.8,0.093,120799629,LOCKED
64365,2050.063,-62284054461088,2526,61134,-28201.1,32791.5,8.8,0.086,120886815,LOCKED
64366,2051.063,-62284054458683,29569,88177,-28075.2,32534.1,9.0,0.064,120984122,LOCKED
64367,2052.063,-62284054563432,-43120,15488,-28199.3,32842.9,9.0,0.060,120968514,LOCKED
64368,2053.062,-62284054554648,-5849,52759,-28203.7,32849.4,9.5,0.027,121064438,LOCKED
64369,2054.063,-62284054550817,24266,82874,-28149.7,33002.4,9.5,0.010,121158779,LOCKED
64370,2055.062,-62284054649188,-43490,15118,-28198.5,33459.0,9.5,0.008,121147596,LOCKED
64371,2056.063,-62284054661590,-26532,32076,-28211.4,33551.5,9.8,-0.005,121225873,LOCKED
64372,2057.063,-62284054649140,11622,70230,-28107.4,32959.4,10.0,-0.036,121326554,LOCKED
64373,2058.063,-62284054642161,45215,103823,-28109.4,32931.2,9.9,-0.057,121423348,LOCKED
64374,2059.063,-62284054756927,-38133,20475,-28208.5,33241.9,9.9,-0.059,121400570,LOCKED
64375,2060.063,-62284054733700,14280,72888,-28280.4,32441.6,10.0,-0.049,121511688,LOCKED
64376,2061.063,-62284054731663,40180,98788,-28130.1,32311.7,9.9,-0.052,121604016,LOCKED
64377,2062.063,-62284054843702,-39513,19095,-28271.6,32273.9,10.1,-0.064,121577921,LOCKED
64378,2063.063,-62284054840839,-7903,50705,-28281.8,32290.6,10.1,-0.066,121668331,LOCKED
64379,2064.063,-62284054845666,13181,71789,-28187.2,31862.3,10.2,-0.076,121761724,LOCKED
64380,2065.063,-62284054884601,3052,61660,-28222.7,31707.6,10.2,-0.077,121805054,LOCKED
64381,2066.063,-62284054909778,5934,64542,-28224.6,31703.6,9.9,-0.079,121873558,LOCKED
64382,2067.063,-62284054897551,42351,100959,-28096.7,31952.9,9.7,-0.081,121973030,LOCKED
64383,2068.063,-62284055010141,-40964,17644,-28086.4,31803.0,9.4,-0.075,121950242,LOCKED
64384,2069.063,-62284055027807,-27049,31559,-28213.2,31419.2,9.5,-0.069,122040176,LOCKED
64385,2070.063,-62284054995208,32445,91053,-28202.4,31524.8,9.2,-0.064,122142455,LOCKED
64386,2071.064,-62284055004954,47662,106270,-28122.6,32181.1,8.4,-0.057,122111229,LOCKED
64387,2072.064,-62284055106524,-24860,33748,-28126.6,32212.6,8.5,-0.053,122210030,LOCKED
64388,2073.065,-62284055090687,16390,74998,-28020.5,31727.8,8.6,-0.058,122314697,LOCKED
64389,2074.065,-62284055097535,36605,95213,-28034.4,31539.7,8.7,-0.054,122286795,LOCKED
64390,2075.064,-62284055149844,11137,69745,-27994.3,31535.6,8.6,-0.054,122437556,LOCKED
64391,2076.065,-62284055150285,35330,93938,-27887.9,31712.4,8.8,-0.057,122524361,LOCKED
64392,2077.064,-62284055266059,-51001,7607,-27879.4,31561.1,9.0,-0.062,122504117,LOCKED
64393,2078.065,-62284055262008,-16672,41936,-27969.6,31287.9,8.9,-0.061,122592529,LOCKED
64394,2079.064,-62284055251835,20442,79050,-27953.1,31375.2,9.0,-0.063,122690560,LOCKED
64395,2080.064,-62284055263172,34238,92846,-27871.5,31673.8,9.0,-0.061,122658059,LOCKED
64396,2081.064,-62284055351758,-25879,32729,-27857.7,31537.7,9.0,-0.063,122772214,LOCKED
64397,2082.065,-62284055348768,6132,64740,-27925.1,30962.2,9.0,-0.065,122860588,LOCKED
64398,2083.065,-62284055353322,28083,86691,-27902.1,31130.2,8.8,-0.061,122947454,LOCKED
64399,2084.065,-62284055373980,32791,91399,-27832.0,31432.1,8.3,-0.054,122904823,LOCKED
64400,2085.065,-62284055412468,19104,77712,-27714.9,30865.8,7.9,-0.046,122954959,LOCKED
64401,2086.064,-62284055520106,-58437,171,-27734.6,31218.8,8.0,-0.044,123050067,LOCKED
64402,2087.065,-62284055530068,-36804,21804,-27863.1,31225.8,8.0,-0.041,123124882,LOCKED
64403,2088.065,-62284055532825,-10097,48511,-27925.0,31067.7,8.2,-0.043,123213459,LOCKED
64404,2089.064,-62284055523017,25946,84554,-27885.1,31263.8,8.2,-0.037,123313853,LOCKED
64405,2090.065,-62284055541055,34139,92747,-27860.7,31486.3,8.2,-0.032,123273614,LOCKED
64406,2091.065,-62284055647009,-42664,15944,-27853.0,31370.8,8.4,-0.032,123367265,LOCKED
64407,2092.065,-62284055637987,-4348,54260,-27916.6,31075.2,8.7,-0.035,123465706,LOCKED
64408,2093.066,-62284055647558,13094,71702,-27894.0,31126.0,8.6,-0.028,123547359,LOCKED
64409,2094.065,-62284055657311,27712,86320,-27767.0,30757.9,8.7,-0.030,123513558,LOCKED
64410,2095.065,-62284055729838,-15308,43300,-27827.0,30720.4,8.6,-0.022,123643083,LOCKED
64411,2096.066,-62284055753683,-9944,48664,-27878.4,30637.7,8.5,-0.013,123711473,LOCKED
64412,2097.065,-62284055740453,27704,86312,-27754.4,30310.5,8.5,-0.014,123811570,LOCKED
64413,2098.065,-62284055866879,-65051,0,-27936.9,31122.8,8.6,-0.012,123771670,LOCKED
64414,2099.065,-62284055863661,-31425,33626,-28006.1,31395.3,8.8,-0.009,123866714,LOCKED
64415,2100.066,-62284055858415,1093,66144,-27971.8,31295.5,8.8,-0.010,123958470,LOCKED
64416,2101.065,-62284055890444,-4136,60915,-27907.3,30802.9,8.7,-0.014,124042748,LOCKED
64417,2102.066,-62284055960807,-42576,22475,-28033.8,31082.1,8.7,-0.011,124019691,LOCKED
64418,2103.066,-62284056009236,-58878,6173,-28136.9,32093.9,8.8,-0.026,124101915,LOCKED
64419,2104.065,-62284055961802,14797,79848,-28068.4,31987.2,8.9,-0.039,124215498,LOCKED
64420,2105.066,-62284056037350,-29704,35347,-28165.3,32052.7,9.0,-0.052,124229366,LOCKED
64421,2106.066,-62284056083766,-44415,20636,-28265.4,32570.1,9.0,-0.065,124311135,LOCKED
64422,2107.066,-62284056024976,39383,104434,-28170.8,32947.1,9.0,-0.064,124418187,LOCKED
64423,2108.066,-62284056126333,-32730,32321,-28169.1,32928.5,9.0,-0.064,124409175,LOCKED
64424,2109.065,-62284056115515,6825,71876,-28208.4,32701.2,9.1,-0.090,124506257,LOCKED
64425,2110.066,-62284056107506,40345,105396,-28143.0,33154.4,9.1,-0.095,124605617,LOCKED
64426,2111.067,-62284056223071,-44973,20078,-28171.4,33485.6,8.9,-0.103,124580484,LOCKED
64427,2112.066,-62284056220481,-11706,53345,-28275.2,32898.3,8.9,-0.105,124672339,LOCKED
64428,2113.065,-62284056213455,22531,87582,-28260.4,32984.7,8.9,-0.108,124769949,LOCKED
64429,2114.066,-62284056230628,30839,95890,-28175.1,33161.4,8.9,-0.103,124840546,LOCKED
64430,2115.066,-62284056279792,10878,75929,-28243.8,32491.0,8.8,-0.105,124880811,LOCKED
64431,2116.067,-62284056298794,20054,85105,-28274.0,32209.0,8.8,-0.107,124951479,LOCKED
64432,2117.066,-62284056301987,42149,107200,-28197.4,32712.9,8.8,-0.110,125038578,LOCKED
64433,2118.066,-62284056417765,-43755,21296,-28206.9,32838.3,9.0,-0.119,125014088,LOCKED
64434,2119.066,-62284056423708,-18523,46528,-28322.0,32306.7,8.8,-0.121,125093448,LOCKED
64435,2120.067,-62284056421321,11378,76429,-28301.2,32343.6,8.9,-0.116,125189239,LOCKED
64436,2121.066,-62284056420518,36807,101858,-28181.9,32451.0,8.9,-0.113,125166499,LOCKED
64437,2122.067,-62284056530276,-40221,24830,-28338.5,32224.6,8.9,-0.115,125256180,LOCKED
64438,2123.067,-62284056527826,-8060,56991,-28392.5,32094.8,8.8,-0.113,125353268,LOCKED
64439,2124.067,-62284056507055,38466,103517,-28327.0,32516.8,9.2,-0.105,125462730,LOCKED
64440,2125.066,-62284056604570,-28379,36672,-28394.9,32714.1,9.2,-0.102,125455045,LOCKED
64441,2126.066,-62284056604808,89,65140,-28410.3,32691.8,9.2,-0.103,125546252,LOCKED
64442,2127.067,-62284056597378,32555,97606,-28298.6,32717.3,9.1,-0.102,125640533,LOCKED
64443,2128.067,-62284056612404,44508,109559,-28308.0,32575.5,8.9,-0.101,125604932,LOCKED
64444,2129.066,-62284056714982,-26458,38593,-28426.4,32295.2,8.7,-0.099,125705717,LOCKED
64445,2130.066,-62284056714396,1850,66901,-28394.8,32221.5,8.5,-0.097,125795279,LOCKED
64446,2131.066,-62284056716581,25035,90086,-28287.8,32029.4,8.3,-0.094,125883826,LOCKED
64447,2132.067,-62284056730363,38099,103150,-28280.4,32116.6,8.2,-0.097,125844387,LOCKED
64448,2133.067,-62284056829365,-30809,34242,-28318.2,32363.7,8.1,-0.091,125948158,LOCKED
64449,2134.066,-62284056834950,-8559,56492,-28280.2,32123.0,8.4,-0.087,126035445,LOCKED
64450,2135.067,-62284056912865,-54677,10374,-28362.0,32951.9,8.7,-0.087,126043646,LOCKED
64451,2136.066,-62284056922913,-35150,29901,-28363.0,32963.7,8.6,-0.089,126124428,LOCKED
64452,2137.067,-62284056921272,-3088,61963,-28459.1,32209.7,8.7,-0.089,126216272,LOCKED
64453,2138.067,-62284056962863,-14401,50650,-28524.6,32118.6,8.6,-0.094,126302272,LOCKED
64454,2139.067,-62284057016256,-37172,27879,-28565.7,32459.8,8.9,-0.095,126291030,LOCKED
64455,2140.067,-62284057033035,-24752,40299,-28555.6,32368.8,8.9,-0.094,126373832,LOCKED
64456,2141.067,-62284057025228,11797,76848,-28584.5,32180.5,9.0,-0.093,126473842,LOCKED
64457,2142.067,-62284057025618,37332,102383,-28515.9,32576.5,8.9,-0.099,126564589,LOCKED
64458,2143.067,-62284057033243,53530,118581,-28374.4,33172.8,8.9,-0.098,126532977,LOCKED
64459,2144.067,-62284057122601,-8259,56792,-28321.0,32773.0,9.0,-0.097,126642626,LOCKED
64460,2145.067,-62284057158535,-15871,49180,-28294.6,32573.9,9.2,-0.103,126700701,LOCKED
64461,2146.067,-62284057167932,4390,69441,-28369.0,31953.0,9.1,-0.110,126777150,LOCKED
64462,2147.067,-62284057173897,26102,91153,-28378.4,31862.9,9.0,-0.119,126862240,LOCKED
64463,2148.068,-62284057181894,43699,108750,-28314.4,32396.2,8.9,-0.107,126832094,LOCKED
64464,2149.067,-62284057280480,-25912,39139,-28303.6,32295.2,8.7,-0.094,126933256,LOCKED
64465,2150.067,-62284057282650,-1246,63805,-28229.4,31748.3,8.6,-0.079,127020735,LOCKED
64466,2151.068,-62284057281860,27005,92056,-28236.6,31678.5,8.3,-0.061,127113422,LOCKED
64467,2152.068,-62284057295082,39123,104174,-28159.4,32113.9,8.4,-0.085,127077767,LOCKED
64468,2153.070,-62284057395436,-31762,33289,-28170.8,32220.4,8.4,-0.077,127179016,LOCKED
64469,2154.068,-62284057392021,-1641,63410,-28096.0,31655.0,8.1,-0.057,127271500,LOCKED
64470,2155.068,-62284057465913,-44448,20603,-28168.9,32223.0,8.1,-0.050,127288967,LOCKED
64471,2156.068,-62284057401370,44931,109982,-28080.0,32786.1,8.0,-0.042,127328510,LOCKED
64472,2157.068,-62284057486747,-13199,51852,-28017.0,32150.0,8.0,-0.034,127447170,LOCKED
64473,2158.068,-62284057485761,16320,81371,-28069.6,31606.2,8.1,-0.029,127539539,LOCKED
64474,2159.068,-62284057492510,35783,100834,-28037.8,31887.3,8.2,-0.024,127505919,LOCKED
64475,2160.068,-62284057570920,-14162,50889,-28035.2,31874.5,8.1,-0.014,127630443,LOCKED
64476,2161.068,-62284057566895,16326,81377,-27985.2,31908.3,8.3,-0.028,127722646,LOCKED
64477,2162.068,-62284057571242,38323,103374,-27968.3,32093.9,8.3,-0.020,127694100,LOCKED
64478,2163.068,-62284057661446,-20698,44353,-28091.9,31499.0,8.3,-0.021,127802243,LOCKED
64479,2164.068,-62284057665473,2430,67481,-28049.9,31364.8,8.3,-0.022,127887354,LOCKED
64480,2165.068,-62284057753804,-53276,11775,-28186.1,32017.5,8.3,-0.022,127890427,LOCKED
64481,2166.068,-62284057766397,-33692,31359,-28326.2,31727.9,8.3,-0.023,127969626,LOCKED
64482,2167.068,-62284057758579,1077,66128,-28260.3,31339.1,8.7,-0.009,128064757,LOCKED
64483,2168.068,-62284057751583,35105,100156,-28258.5,31360.8,8.6,-0.011,128162822,LOCKED
64484,2169.068,-62284057866595,-48421,16630,-28336.5,32038.3,8.4,-0.012,128134989,LOCKED
64485,2170.068,-62284057870569,-23788,41263,-28310.1,31766.3,8.5,-0.007,128221058,LOCKED
64486,2171.069,-62284057917169,-37788,27263,-28458.1,31550.1,8.6,-0.002,128291508,LOCKED
64487,2172.068,-62284057871019,35096,100147,-28431.8,31790.8,8.6,-0.004,128404146,LOCKED
64488,2173.068,-62284057970178,-33820,31231,-28464.5,32054.6,8.7,-0.000,128394185,LOCKED
64489,2174.069,-62284057953159,10027,75078,-28400.8,31883.7,8.6,-0.001,128498597,LOCKED
64490,2175.069,-62284057975493,14789,79840,-28361.3,31929.6,8.7,0.002,128564148,LOCKED
64491,2176.069,-62284058009936,7535,72586,-28316.2,31850.5,8.7,0.005,128624226,LOCKED
64492,2177.069,-62284057999498,41785,106836,-28164.3,31774.0,8.7,0.003,128718565,LOCKED
64493,2178.069,-62284058011109,55817,120868,-28133.4,32251.6,8.5,-0.001,128688025,LOCKED
64494,2179.069,-62284058106051,-9722,55329,-28179.6,32199.4,8.5,-0.003,128798031,LOCKED
64495,2180.069,-62284058090205,31660,96711,-28102.3,32441.4,8.7,-0.006,128899967,LOCKED
64496,2181.069,-62284058102411,43020,108071,-27951.0,32434.3,8.6,-0.004,128979182,LOCKED
64497,2182.069,-62284058224200,-46382,18669,-28091.8,32716.9,8.7,-0.003,128946806,LOCKED
64498,2183.069,-62284058215965,-9154,55897,-28120.9,32725.0,8.7,0.001,129044424,LOCKED
64499,2184.069,-62284058213915,18296,83347,-28017.6,32352.2,8.3,0.010,129133894,LOCKED
64500,2185.069,-62284058294711,-31393,33658,-28117.1,32449.1,8.2,0.012,129144619,LOCKED
64501,2186.069,-62284058305485,-13123,51928,-28140.9,32498.0,8.3,0.012,129223938,LOCKED
64502,2187.069,-62284058311057,7676,72727,-28066.6,32171.9,8.3,0.011,129305974,LOCKED
64503,2188.069,-62284058308924,33732,98783,-27919.1,31767.5,8.4,0.011,129285091,LOCKED
64504,2189.070,-62284058382069,-10095,54956,-27971.1,31686.1,8.4,0.010,129415888,LOCKED
64505,2190.069,-62284058370215,27554,92605,-27910.0,31890.9,8.4,0.009,129514700,LOCKED
64506,2191.070,-62284058379414,42107,107158,-27775.7,32058.9,8.4,0.007,129482908,LOCKED
64507,2192.070,-62284058472768,-23692,41359,-27725.3,31424.6,8.7,0.004,129589978,LOCKED
64508,2193.069,-62284058466755,9929,74980,-27736.1,31377.6,8.6,0.009,129691212,LOCKED
64509,2194.070,-62284058475756,26624,91675,-27680.1,31577.0,8.1,0.022,129655466,LOCKED
64510,2195.070,-62284058540056,-7892,57159,-27770.5,31035.1,7.6,0.036,129792516,LOCKED
64511,2196.070,-62284058547081,12991,78042,-27798.9,30831.2,7.6,0.045,129874291,LOCKED
64512,2197.070,-62284058655291,-62992,2059,-27911.7,31995.3,7.6,0.045,129854134,LOCKED
64513,2198.070,-62284058653333,-30390,34661,-27995.4,32174.1,7.8,0.047,129947526,LOCKED
64514,2199.070,-62284058646512,5640,70691,-28064.5,31596.7,7.8,0.047,130043963,LOCKED
64515,2200.070,-62284058701477,-18655,46396,-28161.5,31304.2,7.7,0.037,130024733,LOCKED
64516,2201.070,-62284058754279,-40349,24702,-28239.1,31775.6,7.7,0.038,130118200,LOCKED
64517,2202.070,-62284058723076,17111,82162,-28170.2,31717.5,7.8,0.035,130235873,LOCKED
64518,2203.070,-62284058720267,43466,108517,-28015.3,31680.6,7.8,0.035,130216179,LOCKED
64519,2204.070,-62284058817853,-24015,41036,-28078.0,31807.8,7.8,0.036,130321881,LOCKED
64520,2205.070,-62284058808777,12995,78046,-28092.6,31725.2,8.1,0.066,130418414,LOCKED
64521,2206.070,-62284058830781,17963,83014,-28067.4,31815.1,8.7,0.094,130487515,LOCKED
64522,2207.070,-62284058938771,-58559,6492,-28137.0,32693.5,8.9,0.116,130465612,LOCKED
64523,2208.070,-62284058924950,-16796,48255,-28099.4,32359.1,8.6,0.136,130571055,LOCKED
64524,2209.070,-62284058909735,25800,90851,-28107.1,32288.9,8.6,0.157,130674664,LOCKED
64525,2210.070,-62284059016486,-49227,15824,-28202.9,32965.4,8.6,0.165,130657543,LOCKED
64526,2211.070,-62284059021264,-24838,40213,-28208.9,33009.5,8.5,0.175,130742471,LOCKED
64527,2212.071,-62284059019858,3232,68283,-28138.3,32627.4,8.4,0.188,130835775,LOCKED
64528,2213.070,-62284059013219,36621,101672,-28131.1,32707.7,8.0,0.203,130931216,LOCKED
64529,2214.071,-62284059136830,-54967,10084,-28230.9,33547.6,8.2,0.188,130895837,LOCKED
64530,2215.071,-62284059099129,11907,76958,-28297.1,32902.3,8.2,0.186,131019853,LOCKED
64531,2216.071,-62284059133174,4421,69472,-28219.0,32453.2,8.1,0.184,131080718,LOCKED
64532,2217.071,-62284059124987,38641,103692,-28175.9,32819.1,8.2,0.192,131174675,LOCKED
64533,2218.071,-62284059224958,-31515,31477,-28204.0,33030.0,8.4,0.181,131162613,LOCKED
64534,2219.071,-62284059231728,-10655,52337,-28157.9,32679.8,8.5,0.170,131245363,LOCKED
64535,2220.071,-62284059230465,17918,80910,-28146.1,32735.1,8.5,0.168,131339825,LOCKED
64536,2221.071,-62284059238499,34861,97853,-28048.4,32954.1,8.5,0.167,131309307,LOCKED
64537,2222.071,-62284059333036,-31146,31846,-28020.1,32598.6,8.1,0.166,131414484,LOCKED
64538,2223.071,-62284059333638,-3061,59931,-28047.8,32555.2,8.1,0.166,131503423,LOCKED
64539,2224.071,-62284059320817,35006,97998,-27968.4,32870.9,8.2,0.159,131604019,LOCKED
64540,2225.071,-62284059435978,-47189,15803,-28135.5,32846.0,8.3,0.164,131580513,LOCKED
64541,2226.071,-62284059444776,-24787,38205,-28244.9,32620.7,8.3,0.163,131662168,LOCKED
64542,2227.071,-62284059457969,-8934,54058,-28269.4,32636.1,8.4,0.167,131740276,LOCKED
64543,2228.071,-62284059445751,28517,91509,-28167.6,32619.1,8.2,0.173,131839432,LOCKED
64544,2229.071,-62284059558084,-50223,12769,-28350.7,32501.0,8.6,0.181,131819169,LOCKED
64545,2230.071,-62284059557506,-18730,44262,-28445.6,32244.0,9.1,0.188,131908800,LOCKED
64546,2231.071,-62284059560432,8238,71230,-28530.6,31331.7,9.1,0.192,131991375,LOCKED
64547,2232.071,-62284059601878,-4852,58140,-28513.9,31278.0,9.2,0.197,132080897,LOCKED
64548,2233.071,-62284059672804,-42341,20651,-28685.4,30897.0,9.3,0.198,132065319,LOCKED
64549,2234.072,-62284059670651,-10250,52742,-28729.9,30860.0,9.2,0.199,132153629,LOCKED
64550,2235.071,-62284059728335,-36316,26676,-28811.4,31221.1,9.2,0.197,132190134,LOCKED
64551,2236.072,-62284059729975,-7957,55035,-28856.6,31146.2,9.3,0.202,132276856,LOCKED
64552,2237.072,-62284059733582,15502,78494,-28794.3,31099.1,9.2,0.204,132363341,LOCKED
64553,2238.072,-62284059792032,-14537,48455,-28751.3,30705.8,9.2,0.202,132472445,LOCKED
64554,2239.072,-62284059827381,-18931,44061,-28828.1,30627.4,9.3,0.202,132448412,LOCKED
64555,2240.072,-62284059812946,22170,85162,-28758.7,30684.3,9.2,0.197,132554535,LOCKED
64556,2241.072,-62284059815152,44356,107348,-28617.9,30886.7,9.4,0.193,132640025,LOCKED
64557,2242.072,-62284059826155,59713,122705,-28606.4,31107.1,9.3,0.196,132719518,LOCKED
64558,2243.072,-62284059957808,-39920,23072,-28707.8,31482.5,9.2,0.200,132679198,LOCKED
64559,2244.072,-62284059947206,-911,62081,-28691.4,31452.1,9.2,0.204,132780186,LOCKED
64560,2245.072,-62284059923901,49137,112129,-28677.5,31661.4,9.2,0.203,132780268,LOCKED
64561,2246.072,-62284060037774,-32900,30092,-28778.0,31802.6,9.1,0.208,132870666,LOCKED
64562,2247.072,-62284060029936,3611,66603,-28778.9,31801.5,9.1,0.206,132966955,LOCKED
64563,2248.072,-62284060042330,17806,80798,-28700.9,31687.0,9.2,0.212,133043622,LOCKED
64564,2249.072,-62284060046106,40462,103454,-28656.7,32092.9,9.1,0.219,133130818,LOCKED
64565,2250.072,-62284060051697,58543,121535,-28509.2,32879.5,9.1,0.218,133105445,LOCKED
64566,2251.073,-62284060149447,-11628,51364,-28444.0,32243.9,9.2,0.215,133208080,LOCKED
64567,2252.073,-62284060146432,18980,81972,-28433.8,32297.4,9.2,0.200,133301436,LOCKED
64568,2253.073,-62284060136838,52598,115590,-28304.7,32954.0,9.3,0.195,133401004,LOCKED
64569,2254.073,-62284060266411,-46962,16030,-28310.4,33036.5,9.4,0.195,133361442,LOCKED
64570,2255.073,-62284060226377,19689,82681,-28259.9,33121.5,9.5,0.182,133493026,LOCKED
64571,2256.073,-62284060219996,49742,112734,-28117.2,33529.0,9.5,0.141,133587507,LOCKED
64572,2257.073,-62284060341363,-39196,23796,-28263.9,33407.4,9.6,0.117,133554529,LOCKED
64573,2258.073,-62284060352744,-20238,42754,-28332.2,33423.6,9.3,0.081,133629702,LOCKED
64574,2259.073,-62284060364874,-4253,58739,-28314.5,33371.4,9.3,0.059,133706958,LOCKED
64575,2260.073,-62284060361672,25871,88863,-28289.1,33520.0,9.2,0.050,133799947,LOCKED
64576,2261.073,-62284060368445,45499,108491,-28272.1,33736.4,9.5,0.029,133771851,LOCKED
64577,2262.073,-62284060471264,-27920,35072,-28281.0,33807.1,9.3,0.003,133868091,LOCKED
64578,2263.073,-62284060472845,-2957,60035,-28190.7,32989.6,9.1,-0.028,133962745,LOCKED
64579,2264.073,-62284060475635,21358,84350,-28172.9,33081.8,9.0,-0.032,134049048,LOCKED
64580,2265.073,-62284060528320,-3816,59176,-28134.0,32896.7,8.6,-0.038,134083639,LOCKED
64581,2266.073,-62284060551184,232,63224,-28074.3,32574.6,8.5,-0.041,134143510,LOCKED
64582,2267.073,-62284060553538,25722,88714,-28105.8,32218.5,8.5,-0.041,134236430,LOCKED
64583,2268.073,-62284060562904,41702,104694,-28039.6,32708.0,8.4,-0.043,134317657,LOCKED
64584,2269.073,-62284060688881,-53930,9062,-28063.1,33062.8,8.4,-0.044,134283389,LOCKED
64585,2270.074,-62284060694475,-28173,34819,-28177.8,32896.6,8.9,-0.028,134366160,LOCKED
64586,2271.074,-62284060740719,-42650,20342,-28283.2,33318.4,9.0,-0.022,134441829,LOCKED
64587,2272.074,-62284060700666,23699,86691,-28225.0,33448.6,9.0,-0.017,134538966,LOCKED
64588,2273.074,-62284060702879,44949,107941,-28065.8,33425.5,8.7,-0.019,134515526,LOCKED
64589,2274.074,-62284060798230,-19388,43604,-28178.5,32970.4,8.7,-0.021,134618526,LOCKED
64590,2275.074,-62284060766613,37207,100199,-28083.1,33273.6,8.7,-0.022,134629061,LOCKED
64591,2276.074,-62284060888434,-53313,9679,-28152.5,34000.9,8.7,-0.023,134714698,LOCKED
64592,2277.074,-62284060871008,-8869,54123,-28081.8,33361.4,8.4,-0.026,134815895,LOCKED
64593,2278.074,-62284060862582,26496,89488,-28069.8,33448.6,8.6,-0.020,134913127,LOCKED
64594,2279.074,-62284060865986,47794,110786,-27983.9,34072.1,9.0,-0.013,135001329,LOCKED
64595,2280.075,-62284060994543,-50423,12569,-28015.7,34475.9,9.0,-0.011,134963817,LOCKED
64596,2281.074,-62284060992542,-20835,42157,-27959.9,33843.6,9.0,-0.010,135052308,LOCKED
64597,2282.075,-62284060990912,8550,71542,-27964.1,33830.8,9.3,-0.005,135145581,LOCKED
64598,2283.074,-62284060987473,36824,99816,-27871.6,34129.8,9.0,-0.007,135237887,LOCKED
64599,2284.075,-62284061107855,-54034,8958,-27862.7,33975.9,9.0,-0.007,135206245,LOCKED
64600,2285.075,-62284061069832,11950,74942,-27887.5,33830.1,9.0,-0.010,135332250,LOCKED
64601,2286.075,-62284061080648,27412,90404,-27854.1,34015.3,9.0,-0.007,135409480,LOCKED
64602,2287.075,-62284061099613,33717,96709,-27783.2,34310.1,9.3,-0.001,135369794,LOCKED
64603,2288.075,-62284061201202,-39094,23898,-27766.9,34091.3,9.0,0.006,135467825,LOCKED
64604,2289.075,-62284061195593,-4205,58787,-27834.3,33777.8,9.0,0.015,135561350,LOCKED
64605,2290.075,-62284061199965,18283,81275,-27816.9,33850.0,9.8,0.022,135646911,LOCKED
64606,2291.075,-62284061208378,34682,97674,-27726.9,34101.5,10.0,0.027,135725582,LOCKED
64607,2292.075,-62284061323521,-49482,13510,-27804.4,34749.7,10.0,0.030,135700427,LOCKED
64608,2293.075,-62284061322516,-18020,44972,-27904.8,34426.2,10.0,0.028,135792656,LOCKED
64609,2294.076,-62284061314318,17324,80316,-27896.4,34464.4,10.2,0.027,135889328,LOCKED
64610,2295.076,-62284061377490,-15365,47627,-27998.0,34040.0,10.2,0.030,135932988,LOCKED
64611,2296.076,-62284061364616,24506,87498,-27989.6,34097.2,10.2,0.027,136018470,LOCKED
64612,2297.076,-62284061476613,-55771,7221,-28080.1,34923.5,10.2,0.023,135990756,LOCKED
64613,2298.075,-62284061482423,-30392,32600,-28182.3,34961.6,10.2,0.027,136080510,LOCKED
64614,2299.076,-62284061541962,-56463,6529,-28348.1,35416.5,10.2,0.031,136159480,LOCKED
64615,2300.077,-62284061501135,11885,74877,-28327.3,35453.3,10.2,0.037,136257383,LOCKED
64616,2301.076,-62284061506117,32054,95046,-28224.5,35536.9,10.0,0.024,136230319,LOCKED
64617,2302.076,-62284061605503,-38123,24869,-28209.3,35345.9,10.0,0.020,136332803,LOCKED
64618,2303.076,-62284061587301,9575,72567,-28288.6,34578.8,10.0,0.016,136438318,LOCKED
64619,2304.077,-62284061597626,26393,89385,-28276.2,34664.5,10.0,0.011,136518558,LOCKED
64620,2305.077,-62284061700994,-46593,16399,-28302.2,34971.2,10.3,0.009,136504758,LOCKED
64621,2306.077,-62284061708831,-22655,40337,-28435.2,34354.9,10.3,0.004,136586761,LOCKED
64622,2307.076,-62284061709208,5766,68758,-28462.6,34240.4,10.3,0.004,136680091,LOCKED
64623,2308.078,-62284061706184,35052,98044,-28412.8,34557.9,10.5,-0.018,136769267,LOCKED
64624,2309.077,-62284061826168,-53470,9522,-28473.7,35220.3,10.5,-0.035,136738953,LOCKED
64625,2310.077,-62284061824937,-23588,39404,-28443.0,34923.4,10.6,-0.067,136833147,LOCKED
64626,2311.077,-62284061831948,-1142,61850,-28491.0,34741.5,10.7,-0.083,136914865,LOCKED
64627,2312.077,-62284061834913,22685,85677,-28445.3,34874.8,10.8,-0.098,137002884,LOCKED
64628,2313.076,-62284061947863,-59216,3776,-28474.6,35321.7,11.2,-0.129,136974856,LOCKED
64629,2314.077,-62284061953490,-32078,30914,-28632.1,34714.0,10.5,-0.189,137062820,LOCKED
64630,2315.077,-62284061923772,24373,87365,-28579.3,34862.7,10.4,-0.199,137183422,LOCKED
64631,2316.077,-62284061938237,34585,97577,-28445.1,34712.9,10.5,-0.203,137256326,LOCKED
64632,2317.077,-62284061956023,43862,106854,-28450.3,34642.1,10.5,-0.208,137218442,LOCKED
64633,2318.077,-62284062057240,-25977,37015,-28550.9,34558.8,10.5,-0.202,137313976,LOCKED
64634,2319.077,-62284062067429,-6516,56476,-28594.1,34482.4,10.5,-0.196,137396434,LOCKED
64635,2320.078,-62284062066403,21195,84187,-28535.6,34562.8,10.5,-0.202,137485091,LOCKED
64636,2321.078,-62284062064618,46980,109972,-28390.9,34813.4,10.4,-0.205,137466717,LOCKED
64637,2322.078,-62284062173952,-30597,32395,-28505.4,34741.9,10.4,-0.209,137559219,LOCKED
64638,2323.079,-62284062169514,2571,65563,-28520.7,34709.7,10.4,-0.213,137655491,LOCKED
64639,2324.079,-62284062165900,31991,94983,-28440.5,34930.8,10.4,-0.216,137748716,LOCKED
64640,2325.078,-62284062187914,36200,99192,-28391.8,35256.5,10.4,-0.213,137703458,LOCKED
64641,2326.079,-62284062302450,-46623,16369,-28477.4,35819.2,10.5,-0.217,137789826,LOCKED
64642,2327.079,-62284062309660,-24445,38547,-28481.5,35847.1,10.5,-0.220,137874539,LOCKED
64643,2328.079,-62284062302478,9093,72085,-28392.1,35414.1,10.5,-0.224,137970694,LOCKED
64644,2329.079,-62284062334720,6650,69642,-28472.4,34702.4,10.8,-0.232,138058585,LOCKED
64645,2330.079,-62284062408803,-35328,27664,-28592.1,34745.1,10.5,-0.232,138046333,LOCKED
64646,2331.080,-62284062445624,-38919,24073,-28755.4,34366.0,10.5,-0.233,138127088,LOCKED
64647,2332.080,-62284062400266,32590,95582,-28681.6,34625.9,11.1,-0.243,138235357,LOCKED
64648,2333.080,-62284062508410,-45083,17909,-28694.4,34787.0,11.1,-0.245,138216112,LOCKED
64649,2334.080,-62284062489606,3187,66179,-28737.7,34583.2,11.1,-0.244,138325712,LOCKED
64650,2335.080,-62284062548365,-26111,36881,-28729.7,34514.3,11.2,-0.244,138355040,LOCKED
64651,2336.080,-62284062571933,-17546,45446,-28867.9,33582.3,11.2,-0.247,138427041,LOCKED
64652,2337.080,-62284062562748,19834,82826,-28867.9,33582.4,11.2,-0.250,138522544,LOCKED
64653,2338.081,-62284062556750,50583,109799,-28749.7,34201.7,11.0,-0.246,138505555,LOCKED
64654,2339.081,-62284062646140,-10907,48309,-28689.7,33681.1,10.7,-0.242,138614789,LOCKED
64655,2340.081,-62284062625514,37645,96861,-28714.9,33326.9,10.7,-0.241,138732423,LOCKED
64656,2341.081,-62284062730264,-35109,24107,-28817.8,33513.8,10.7,-0.239,138719083,LOCKED
64657,2342.081,-62284062726646,-2632,56584,-28815.4,33511.3,10.4,-0.233,138811017,LOCKED
64658,2343.082,-62284062720008,29472,88688,-28699.8,33384.8,10.4,-0.231,138907170,LOCKED
64659,2344.081,-62284062710806,64715,123931,-28676.9,33801.7,10.4,-0.234,138894574,LOCKED
64660,2345.081,-62284062779154,22957,82173,-28612.6,33893.8,10.5,-0.236,139026382,LOCKED
64661,2346.082,-62284062798763,28772,87988,-28503.7,33816.9,10.7,-0.234,139100014,LOCKED
64662,2347.082,-62284062805349,45853,105069,-28342.3,33808.1,10.4,-0.225,139183575,LOCKED
64663,2348.082,-62284062914958,-32371,26845,-28438.0,33959.2,10.4,-0.220,139163937,LOCKED
64664,2349.082,-62284062907279,3197,62413,-28416.3,33939.2,10.1,-0.208,139257376,LOCKED
64665,2350.081,-62284062898894,36266,95482,-28293.2,33983.4,9.2,-0.188,139357470,LOCKED
64666,2351.082,-62284063017671,-52608,6608,-28284.7,33837.4,8.7,-0.172,139326479,LOCKED
64667,2352.082,-62284063000846,-6103,53113,-28343.1,33644.7,8.6,-0.164,139434065,LOCKED
64668,2353.082,-62284063001432,20247,79463,-28307.7,33756.8,8.8,-0.153,139521346,LOCKED
64669,2354.082,-62284063006007,39879,99095,-28172.5,33813.0,8.5,-0.130,139495749,LOCKED
64670,2355.082,-62284063037352,34113,93329,-28101.8,34118.4,8.3,-0.117,139553671,LOCKED
64671,2356.082,-62284063145396,-44477,14739,-28094.1,34008.1,8.1,-0.101,139648064,LOCKED
64672,2357.083,-62284063146002,-14776,44440,-28178.3,33766.8,8.0,-0.079,139738885,LOCKED
64673,2358.083,-62284063148933,10247,69463,-28184.4,33744.0,8.0,-0.066,139822215,LOCKED
64674,2359.082,-62284063145757,40424,99640,-28193.6,33620.6,8.0,-0.054,139913653,LOCKED
64675,2360.083,-62284063260527,-43872,15344,-28232.6,34017.9,8.0,-0.054,139891658,LOCKED
64676,2361.083,-62284063252029,-8171,51045,-28168.4,33487.5,7.9,-0.043,139988939,LOCKED
64677,2362.082,-62284063245739,25364,84580,-28165.2,33511.6,7.9,-0.032,140089720,LOCKED
64678,2363.083,-62284063347277,-45622,13594,-28206.6,33947.5,7.8,-0.020,140070838,LOCKED
64679,2364.082,-62284063381294,-49416,9800,-28223.4,34178.8,7.8,0.006,140155022,LOCKED
64680,2365.083,-62284063408985,-44562,14654,-28361.6,34396.6,8.1,0.047,140191311,LOCKED
64681,2366.083,-62284063414712,-19910,39306,-28427.6,34418.4,8.1,0.046,140270875,LOCKED
64682,2367.083,-62284063402665,18949,78165,-28379.7,34495.8,7.9,0.080,140374786,LOCKED
64683,2368.083,-62284063390054,54674,113890,-28211.9,34843.2,7.7,0.093,140478686,LOCKED
64684,2369.083,-62284063490833,-15198,44018,-28319.1,34342.1,7.8,0.099,140461222,LOCKED
64685,2370.083,-62284063474815,27915,87131,-28305.5,34442.4,7.7,0.102,140567272,LOCKED
64686,2371.083,-62284063484772,43230,102446,-28228.4,34939.0,8.0,0.116,140648533,LOCKED
64687,2372.083,-62284063500367,51310,110526,-28090.0,35429.1,8.0,0.120,140611250,LOCKED
64688,2373.083,-62284063600753,-17838,41378,-28215.0,34760.8,8.0,0.123,140713559,LOCKED
64689,2374.084,-62284063591727,19317,78533,-28243.0,34529.2,7.8,0.126,140811111,LOCKED
64690,2375.084,-62284063666475,-26118,33098,-28252.1,34594.3,7.8,0.129,140829279,LOCKED
64691,2376.085,-62284063680271,-12079,47137,-28211.5,34300.8,7.8,0.131,140901942,LOCKED
64692,2377.084,-62284063672653,20616,79832,-28091.7,33800.0,7.8,0.133,140998212,LOCKED
64693,2378.084,-62284063682459,37085,96301,-28064.2,34049.5,7.8,0.134,140967377,LOCKED
64694,2379.084,-62284063787997,-37640,21576,-28136.6,34427.4,7.7,0.137,141063746,LOCKED
64695,2380.083,-62284063779583,-1815,57401,-28097.9,34275.0,7.6,0.139,141165588,LOCKED
64696,2381.083,-62284063781526,20911,80127,-27964.1,33560.3,7.7,0.135,141250034,LOCKED
64697,2382.084,-62284063791575,37015,96231,-27936.7,33810.0,7.7,0.137,141217455,LOCKED
64698,2383.085,-62284063897524,-38692,20524,-27985.6,34184.3,8.0,0.142,141312100,LOCKED
64699,2384.084,-62284063894082,-8185,51031,-27926.7,33728.5,8.0,0.143,141404643,LOCKED
64700,2385.084,-62284063942628,-28608,30608,-27888.7,33257.1,8.1,0.140,141446307,LOCKED
64701,2386.084,-62284063977075,-31751,27465,-28003.7,33218.7,8.0,0.144,141500924,LOCKED
64702,2387.084,-62284063980080,-5761,53455,-28042.8,33151.8,8.2,0.148,141588965,LOCKED
64703,2388.084,-62284063966431,33017,92233,-27954.6,33370.9,8.3,0.149,141689116,LOCKED
64704,2389.084,-62284064086613,-55874,3342,-28025.5,34158.5,8.1,0.146,141658195,LOCKED
64705,2390.084,-62284064086034,-24444,34772,-28123.7,34050.6,8.1,0.146,141745843,LOCKED
64706,2391.084,-62284064078808,11641,70857,-28179.3,33575.5,8.1,0.147,141844766,LOCKED
64707,2392.085,-62284064089994,25852,85068,-28085.6,33549.8,7.4,0.136,141924781,LOCKED
64708,2393.085,-62284064100801,41980,101196,-28098.9,33357.1,7.5,0.134,141892632,LOCKED
64709,2394.084,-62284064198539,-25705,33511,-28152.2,33533.3,7.5,0.137,141997450,LOCKED
64710,2395.084,-62284064174110,26345,85561,-28170.0,33357.2,7.4,0.141,142114759,LOCKED
64711,2396.085,-62284064193131,34303,93519,-28168.6,33372.1,7.4,0.140,142183331,LOCKED
64712,2397.085,-62284064305908,-47125,12091,-28246.5,33978.1,7.5,0.140,142152330,LOCKED
64713,2398.085,-62284064308274,-21047,38169,-28221.1,33755.7,7.8,0.139,142242126,LOCKED
64714,2399.084,-62284064313201,2900,62116,-28258.0,33600.8,7.9,0.139,142327857,LOCKED
64715,2400.085,-62284064361686,-16979,42237,-28246.8,33530.1,7.9,0.139,142406259,LOCKED
64716,2401.086,-62284064418896,-41217,17999,-28410.5,33249.1,8.0,0.139,142377728,LOCKED
64717,2402.086,-62284064433826,-25094,34122,-28498.7,33247.8,8.0,0.140,142475993,LOCKED
64718,2403.085,-62284064420044,15826,75042,-28458.1,33302.4,8.0,0.142,142583941,LOCKED
64719,2404.085,-62284064419198,40661,99877,-28306.1,33173.1,8.0,0.143,142558965,LOCKED
64720,2405.085,-62284064480765,6564,65780,-28275.9,33153.6,8.3,0.147,142702000,LOCKED
64721,2406.085,-62284064476183,36182,95398,-28176.9,33402.3,8.3,0.137,142793920,LOCKED
64722,2407.085,-62284064493786,42229,101445,-28024.7,33345.9,8.3,0.139,142753379,LOCKED
64723,2408.086,-62284064588557,-21843,37373,-28119.8,33187.2,8.1,0.156,142860438,LOCKED
64724,2409.085,-62284064579922,13930,73146,-28094.7,33241.1,8.1,0.161,142959132,LOCKED
64725,2410.085,-62284064577896,39941,99157,-27959.2,33296.2,8.2,0.149,143049352,LOCKED
64726,2411.085,-62284064696870,-46105,13111,-28126.7,33208.2,8.4,0.128,143021219,LOCKED
64727,2412.085,-62284064691268,-11253,47963,-28163.2,33218.0,8.4,0.127,143114241,LOCKED
64728,2413.087,-62284064700640,6482,65698,-28122.1,33149.8,8.4,0.111,143193942,LOCKED
64729,2414.086,-62284064697186,34186,93402,-27988.6,32985.9,8.2,0.096,143286778,LOCKED
64730,2415.086,-62284064730531,25532,84748,-27869.0,32657.0,8.2,0.096,143343713,LOCKED
64731,2416.086,-62284064749776,33055,92271,-27870.0,32646.7,8.4,0.082,143410915,LOCKED
64732,2417.086,-62284064872750,-57764,1452,-27984.4,33560.4,8.3,0.047,143379263,LOCKED
64733,2418.087,-62284064879960,-35083,24133,-28019.7,33835.8,8.5,0.065,143463115,LOCKED
64734,2419.086,-62284064889740,-17280,41936,-27969.4,33337.9,8.5,0.056,143543025,LOCKED
64735,2420.086,-62284064889724,11284,70500,-28016.7,32966.2,8.9,0.036,143629687,LOCKED
64736,2421.086,-62284064902095,25312,84528,-27979.3,33140.4,8.9,0.030,143704426,LOCKED
64737,2422.086,-62284065013087,-54978,4238,-28021.6,33711.0,9.0,0.024,143679478,LOCKED
64738,2423.086,-62284065021037,-31222,27994,-28150.7,33484.2,9.0,0.017,143763657,LOCKED
64739,2424.086,-62284065030667,-10130,49086,-28260.3,32749.2,8.8,0.011,143842874,LOCKED
64740,2425.086,-62284065002826,44842,104058,-28279.5,32437.1,8.8,0.006,143960786,LOCKED
64741,2426.086,-62284065029459,44650,103866,-28263.5,32644.2,9.0,-0.005,143910935,LOCKED
64742,2427.086,-62284065122570,-19014,40202,-28290.0,32741.9,9.0,-0.015,144022271,LOCKED
64743,2428.090,-62284065121968,7756,66972,-28198.6,32199.4,9.0,-0.018,144111099,LOCKED
64744,2429.086,-62284065130769,26215,85431,-28196.2,32219.7,9.0,-0.020,144191810,LOCKED
64745,2430.086,-62284065208587,-22504,36712,-28203.0,32265.6,8.6,-0.020,144161743,LOCKED
64746,2431.087,-62284065256384,-40605,18611,-28208.8,32338.4,8.6,-0.022,144248123,LOCKED
64747,2432.087,-62284065248734,-6141,53075,-28129.9,31596.3,8.8,-0.027,144342574,LOCKED
64748,2433.087,-62284065240709,28656,87872,-28110.9,31742.8,8.9,-0.032,144444585,LOCKED
64749,2434.086,-62284065344103,-44231,14985,-28155.0,32201.9,9.0,-0.036,144426830,LOCKED
64750,2435.087,-62284065306470,21080,80296,-28166.7,32108.5,9.0,-0.036,144556346,LOCKED
64751,2436.087,-62284065322678,31375,90591,-28137.2,32329.6,9.5,-0.043,144630313,LOCKED
64752,2437.087,-62284065423866,-39676,19540,-28169.4,32647.5,9.6,-0.045,144614492,LOCKED
64753,2438.087,-62284065419638,-8129,51087,-28114.0,32217.4,9.7,-0.046,144705006,LOCKED
64754,2439.087,-62284065428192,11861,71077,-28154.9,31901.3,9.7,-0.047,144789821,LOCKED
64755,2440.087,-62284065420962,44196,103412,-28078.6,32460.8,9.8,-0.051,144886697,LOCKED
64756,2441.087,-62284065550547,-54483,4733,-28126.8,33090.9,9.8,-0.048,144847491,LOCKED
64757,2442.087,-62284065547156,-22972,36244,-28088.2,32670.8,9.4,-0.043,144938660,LOCKED
64758,2443.089,-62284065546279,6621,65837,-28130.1,32419.0,9.3,-0.040,145031287,LOCKED
64759,2444.087,-62284065554060,25245,84461,-28087.4,32599.5,9.3,-0.040,145114138,LOCKED
64760,2445.088,-62284065589433,17474,76690,-28092.6,32567.3,9.2,-0.036,145166724,LOCKED
64761,2446.087,-62284065614041,20517,79733,-28105.1,32470.1,8.7,-0.026,145229757,LOCKED
64762,2447.087,-62284065615847,43896,103112,-28034.7,33008.9,8.6,-0.021,145318248,LOCKED
64763,2448.087,-62284065734605,-45091,14125,-28044.9,33145.8,8.5,-0.017,145288588,LOCKED
64764,2449.088,-62284065727992,-8030,51186,-28149.7,32410.7,8.4,-0.010,145383352,LOCKED
64765,2450.088,-62284065718209,28855,88071,-28146.3,32441.7,8.2,-0.003,145479369,LOCKED
64766,2451.088,-62284065725158,46543,105759,-28051.3,33035.4,8.1,0.004,145563866,LOCKED
64767,2452.088,-62284065842565,-40918,18298,-28076.3,33302.9,8.1,0.005,145538789,LOCKED
64768,2453.090,-62284065833698,-5194,54022,-28007.6,32761.5,8.2,0.007,145635984,LOCKED
64769,2454.088,-62284065840509,15711,74927,-28019.5,32688.6,8.2,0.009,145717257,LOCKED
64770,2455.088,-62284065926259,-40252,18964,-28039.3,32908.3,8.2,0.010,145722225,LOCKED
64771,2456.088,-62284065954676,-39273,19943,-28040.5,32923.9,8.2,0.012,145785432,LOCKED
64772,2457.088,-62284065950826,-5406,53810,-28128.7,32362.8,8.4,0.013,145872128,LOCKED
64773,2458.088,-62284065949462,23269,81033,-28127.3,32373.5,8.3,0.004,145966734,LOCKED
64774,2459.088,-62284065975885,23348,81112,-28086.3,32528.4,8.3,0.005,146044363,LOCKED
64775,2460.088,-62284066067815,-37210,20554,-28185.9,32811.3,8.4,0.010,146026915,LOCKED
64776,2461.088,-62284066102273,-38947,18817,-28344.0,32497.8,8.5,-0.004,146109533,LOCKED
64777,2462.088,-62284066058279,32647,90411,-28361.8,32279.8,8.6,-0.015,146214224,LOCKED
64778,2463.088,-62284066168409,-45845,11919,-28446.5,32872.9,8.6,-0.008,146197365,LOCKED
64779,2464.088,-62284066152794,-2502,55262,-28407.0,32698.6,8.6,-0.003,146299555,LOCKED
64780,2465.088,-62284066224334,-42451,15313,-28492.8,33191.2,8.5,-0.011,146318330,LOCKED
64781,2466.088,-62284066225370,-14840,42924,-28475.7,33083.8,8.3,0.009,146406246,LOCKED
64782,2467.088,-62284066217788,18615,76379,-28378.7,32804.2,8.4,0.002,146505994,LOCKED
64783,2468.088,-62284066219931,42818,100582,-28350.1,33120.6,8.4,0.009,146593893,LOCKED
64784,2469.088,-62284066226932,59655,117419,-28227.7,34069.0,8.4,0.003,146563545,LOCKED
64785,2470.089,-62284066316675,-3181,54583,-28157.4,33561.5,8.4,0.005,146675912,LOCKED
64786,2471.089,-62284066323451,18505,76269,-28203.3,33104.4,8.5,-0.004,146759216,LOCKED
64787,2472.089,-62284066323078,44463,102227,-28148.6,33602.1,8.4,-0.014,146847275,LOCKED
64788,2473.088,-62284066442460,-43933,13831,-28214.9,34117.4,8.1,-0.013,146818334,LOCKED
64789,2474.089,-62284066445417,-18683,39081,-28183.4,33847.4,7.9,-0.011,146903462,LOCKED
64790,2475.089,-62284066497753,-41163,16601,-28197.0,34005.0,7.6,-0.018,146942991,LOCKED
64791,2476.089,-62284066517139,-31688,26076,-28176.8,33770.6,7.7,-0.022,147010929,LOCKED
64792,2477.089,-62284066523789,-7843,49921,-28277.8,33105.6,7.7,-0.019,147092469,LOCKED
64793,2478.089,-62284066527950,16296,74060,-28306.0,32886.4,7.1,-0.009,147178660,LOCKED
64794,2479.089,-62284066527343,42788,100552,-28258.3,33328.9,8.0,0.007,147270233,LOCKED
64795,2480.089,-62284066630532,-30492,27272,-28288.6,33537.5,7.9,0.008,147255550,LOCKED
64796,2481.089,-62284066632868,-5208,52556,-28247.1,33314.4,7.9,0.010,147344611,LOCKED
64797,2482.089,-62284066629282,26627,84391,-28291.6,32757.5,7.9,0.012,147438095,LOCKED
64798,2483.090,-62284066630848,51028,108792,-28262.3,33156.2,7.9,0.014,147525322,LOCKED
64799,2484.090,-62284066745822,-32821,24943,-28348.4,33381.4,7.9,0.016,147503260,LOCKED
64800,2485.089,-62284066693382,43594,101358,-28206.0,33515.1,7.9,0.018,147641128,LOCKED
64801,2486.089,-62284066720162,40647,98411,-28058.7,33452.3,7.8,0.018,147592371,LOCKED
64802,2487.089,-62284066823768,-32057,25707,-28145.1,33653.1,8.0,0.022,147692208,LOCKED
64803,2488.089,-62284066809385,9484,67248,-28112.3,33654.7,8.0,0.023,147796290,LOCKED
64804,2489.089,-62284066809508,34054,91818,-28000.9,33734.3,8.0,0.025,147881986,LOCKED
64805,2490.090,-62284066826374,42820,100584,-27955.8,34153.1,8.2,0.030,147845623,LOCKED
64806,2491.090,-62284066905731,-6804,50960,-28031.9,33802.5,8.4,0.034,147966516,LOCKED
64807,2492.090,-62284066911684,14404,72168,-28013.1,33855.4,8.4,0.032,148050237,LOCKED
64808,2493.090,-62284066919863,30925,88689,-27901.7,33826.3,8.3,0.030,148133573,LOCKED
64809,2494.090,-62284066968469,10873,68637,-27951.9,33430.6,8.3,0.026,148083573,LOCKED
64810,2495.090,-62284066998994,6970,64734,-27898.1,33288.6,8.3,0.027,148229401,LOCKED
64811,2496.090,-62284067049106,-15496,42268,-27859.9,32968.3,8.0,0.021,148299542,LOCKED
64812,2497.090,-62284067125423,-58661,0,-28022.3,33601.5,8.0,0.018,148282793,LOCKED
64813,2498.090,-62284067125278,-28304,30357,-28082.8,33810.1,8.0,0.015,148372627,LOCKED
64814,2499.090,-62284067116435,7664,66325,-28048.5,33787.6,7.9,0.010,148471230,LOCKED
64815,2500.090,-62284067210066,-55761,2900,-28061.7,33999.5,7.8,0.005,148468334,LOCKED
64816,2501.090,-62284067189395,-4842,53819,-28161.1,33268.0,8.0,0.006,148576215,LOCKED
64817,2502.090,-62284067167036,43511,102172,-28127.1,33629.7,8.0,0.000,148686640,LOCKED
64818,2503.091,-62284067275384,-34481,24180,-28179.2,33947.9,8.2,0.001,148667733,LOCKED
64819,2504.091,-62284067273744,-5168,53493,-28145.7,33794.8,8.2,0.001,148761445,LOCKED
64820,2505.090,-62284067285515,9860,68521,-28095.9,33727.5,8.3,0.001,148836493,LOCKED
64821,2506.091,-62284067302751,18583,77244,-28021.8,33668.6,8.9,-0.001,148909353,LOCKED
64822,2507.091,-62284067301339,43154,101815,-27854.6,33431.5,9.0,-0.002,148999211,LOCKED
64823,2508.091,-62284067423094,-46329,12332,-27994.6,33712.1,9.0,-0.015,148967979,LOCKED
64824,2509.091,-62284067416113,-10518,48143,-28018.2,33740.1,9.5,-0.020,149062247,LOCKED
64825,2510.091,-62284067403458,27051,85712,-27910.6,33618.0,9.6,-0.025,149164020,LOCKED
64826,2511.091,-62284067421068,32968,91629,-27750.0,32967.2,9.4,-0.040,149126444,LOCKED
64827,2512.091,-62284067517863,-32872,25789,-27852.8,33083.3,9.5,-0.048,149230635,LOCKED
64828,2513.091,-62284067497248,14316,72977,-27813.7,33122.7,9.8,-0.025,149339427,LOCKED
64829,2514.091,-62284067501017,34865,93526,-27699.9,33209.6,10.7,0.023,149424812,LOCKED
64830,2515.091,-62284067591780,-25542,33119,-27787.9,33221.8,11.0,0.048,149424012,LOCKED
64831,2516.091,-62284067607965,-12102,46559,-27858.1,33045.5,11.0,0.055,149501993,LOCKED
64832,2517.091,-62284067597120,24824,83485,-27812.1,33216.5,10.9,0.078,149597489,LOCKED
64833,2518.091,-62284067692962,-41448,17213,-27829.5,33416.1,11.1,0.100,149590167,LOCKED
64834,2519.091,-62284067676131,1880,60541,-27767.1,33102.4,11.5,0.138,149693960,LOCKED
64835,2520.091,-62284067674148,30509,89170,-27762.8,33142.3,11.8,0.157,149674209,LOCKED
64836,2521.092,-62284067772694,-36468,22193,-27889.2,33159.3,11.8,0.187,149774524,LOCKED
64837,2522.091,-62284067763847,-832,57829,-27833.7,32864.8,11.8,0.187,149876516,LOCKED
64838,2523.092,-62284067763587,27075,85736,-27869.7,32432.4,11.5,0.199,149965383,LOCKED
64839,2524.092,-62284067886864,-63674,0,-27992.6,33553.8,11.5,0.207,149929069,LOCKED
64840,2525.093,-62284067868787,-14703,48971,-28110.8,32842.3,11.5,0.214,150037242,LOCKED
64841,2526.092,-62284067890632,-6895,56779,-28175.2,32605.1,11.4,0.220,150103495,LOCKED
64842,2527.092,-62284067908803,2787,66461,-28163.9,32603.6,11.4,0.215,150175139,LOCKED
64843,2528.092,-62284067919367,18061,81735,-28079.7,32441.2,11.1,0.221,150257206,LOCKED
64844,2529.092,-62284067958030,5199,68873,-27976.3,31615.9,11.0,0.217,150338339,LOCKED
64845,2530.092,-62284068029752,-35906,27768,-28046.3,31984.9,10.7,0.213,150326133,LOCKED
64846,2531.093,-62284068069374,-44916,18758,-28097.6,32491.7,10.7,0.209,150409434,LOCKED
64847,2532.092,-62284068017748,31090,94764,-27966.6,32224.9,10.3,0.205,150517760,LOCKED
64848,2533.092,-62284068121365,-40208,23466,-28113.6,32142.2,10.0,0.207,150500272,LOCKED
64849,2534.092,-62284068112936,-2661,61013,-28158.6,31992.6,9.9,0.204,150597936,LOCKED
64850,2535.092,-62284068144873,-4393,59281,-28251.9,31303.5,9.9,0.200,150658651,LOCKED
64851,2536.092,-62284068158091,11399,75073,-28308.2,30779.6,9.6,0.181,150734400,LOCKED
64852,2537.092,-62284068154689,41122,104796,-28279.0,31104.9,9.8,0.173,150824735,LOCKED
64853,2538.092,-62284068270070,-42970,20704,-28355.4,31647.4,9.8,0.172,150798302,LOCKED
64854,2539.092,-62284068263787,-8683,54991,-28323.7,31459.7,9.6,0.174,150895803,LOCKED
64855,2540.093,-62284068268405,15597,79271,-28377.9,30891.5,9.5,0.171,150981208,LOCKED
64856,2541.092,-62284068270967,39492,103166,-28349.3,31195.4,9.7,0.165,151067309,LOCKED
64857,2542.093,-62284068381526,-40226,23448,-28404.8,31648.7,9.8,0.159,151048375,LOCKED
64858,2543.095,-62284068379968,-10748,52926,-28363.0,31332.5,10.0,0.153,151135860,LOCKED
64859,2544.093,-62284068394718,4346,68020,-28443.1,30593.2,9.9,0.151,151213953,LOCKED
64860,2545.093,-62284068471236,-41804,21870,-28468.1,30889.8,10.0,0.145,151226129,LOCKED
64861,2546.093,-62284068480074,-21720,41954,-28454.1,30767.9,10.0,0.143,151312005,LOCKED
64862,2547.093,-62284068472267,15069,78743,-28505.2,30245.8,10.0,0.144,151402501,LOCKED
64863,2548.093,-62284068471864,41246,104920,-28439.7,30755.6,9.9,0.141,151497339,LOCKED
64864,2549.093,-62284068479458,57199,120873,-28294.4,31529.3,9.9,0.138,151466681,LOCKED
64865,2550.093,-62284068579032,-14529,49145,-28248.1,31098.6,9.9,0.140,151568273,LOCKED
64866,2551.093,-62284068585258,7268,70942,-28249.2,31095.9,9.8,0.142,151653199,LOCKED
64867,2552.093,-62284068582604,35218,98892,-28162.6,31402.8,9.9,0.138,151743654,LOCKED
64868,2553.094,-62284068696799,-48723,14951,-28184.3,31710.1,10.0,0.134,151718693,LOCKED
64869,2554.094,-62284068696816,-19776,43898,-28189.7,31742.4,9.9,0.123,151810348,LOCKED
64870,2555.093,-62284068663972,38079,101753,-28096.8,32097.5,9.9,0.119,151934001,LOCKED
64871,2556.093,-62284068677804,49099,112773,-28019.1,32776.3,10.0,0.123,151896977,LOCKED
64872,2557.094,-62284068780374,-22075,41599,-28148.4,32157.2,10.1,0.119,151995387,LOCKED
64873,2558.094,-62284068783176,3983,67657,-28190.0,31940.5,10.2,0.124,152080118,LOCKED
64874,2559.094,-62284068781525,31374,95048,-28121.8,32207.2,10.3,0.121,152174426,LOCKED
64875,2560.094,-62284068801015,39283,102957,-28151.8,31736.4,10.3,0.116,152142627,LOCKED
64876,2561.094,-62284068891544,-21258,42416,-28206.6,31838.2,10.4,0.119,152242670,LOCKED
64877,2562.095,-62284068926525,-27511,36163,-28186.4,31614.8,10.1,0.101,152331914,LOCKED
64878,2563.095,-62284068981436,-49397,14277,-28342.0,31873.3,10.1,0.107,152432156,LOCKED
64879,2564.094,-62284068985133,-22679,40995,-28406.1,31966.2,10.0,0.099,152417521,LOCKED
64880,2565.094,-62284069011691,-19509,44165,-28438.6,32075.5,10.1,0.090,152479248,LOCKED
64881,2566.094,-62284069006496,12821,76495,-28395.9,32084.4,9.8,0.116,152575090,LOCKED
64882,2567.095,-62284069004644,38847,102521,-28253.1,31996.0,9.8,0.110,152667389,LOCKED
64883,2568.094,-62284069116463,-40260,23414,-28405.2,31838.7,9.9,0.107,152645503,LOCKED
64884,2569.094,-62284069114625,-8838,54836,-28448.5,31788.8,9.9,0.107,152735842,LOCKED
64885,2570.094,-62284069106604,25039,88713,-28362.7,31805.4,10.2,0.095,152835019,LOCKED
64886,2571.095,-62284069108606,46818,110492,-28215.4,32039.3,10.4,0.065,152917908,LOCKED
64887,2572.095,-62284069225600,-38327,25347,-28330.2,32249.3,10.4,0.069,152895763,LOCKED
64888,2573.095,-62284069232336,-16263,47411,-28326.2,32226.6,10.5,0.048,152976078,LOCKED
64889,2574.095,-62284069226331,15433,79107,-28222.4,31742.0,10.0,0.040,153073115,LOCKED
64890,2575.095,-62284069302486,-29881,33793,-28301.3,31934.2,10.0,0.024,153081863,LOCKED
64891,2576.095,-62284069329308,-26384,37290,-28356.6,32127.0,10.1,0.014,153151743,LOCKED
64892,2577.094,-62284069327089,2827,66501,-28294.2,31819.7,10.1,0.014,153237945,LOCKED
64893,2578.095,-62284069327102,30165,93839,-28298.1,31779.1,10.1,0.004,153327935,LOCKED
64894,2579.094,-62284069327873,53556,117230,-28183.9,32562.9,9.6,-0.005,153417599,LOCKED
64895,2580.095,-62284069453686,-42689,20985,-28180.9,32520.0,9.0,-0.013,153383272,LOCKED
64896,2581.095,-62284069456036,-14949,48725,-28249.8,32414.8,8.3,-0.019,153468576,LOCKED
64897,2582.095,-62284069440250,26845,90519,-28184.3,32588.0,8.5,-0.030,153569931,LOCKED
64898,2583.095,-62284069444581,46047,109721,-28032.3,32720.5,8.2,-0.027,153659494,LOCKED
64899,2584.095,-62284069556168,-33397,30277,-28178.8,32323.8,8.0,-0.029,153638602,LOCKED
64900,2585.095,-62284069519961,29259,92933,-28142.5,32546.3,7.7,-0.031,153761685,LOCKED
64901,2586.095,-62284069526377,47731,111405,-28062.0,33184.6,8.0,-0.039,153845197,LOCKED
64902,2587.095,-62284069648924,-44035,19639,-28122.3,33693.6,7.7,-0.039,153813736,LOCKED
64903,2588.095,-62284069659941,-26056,37618,-28121.9,33690.0,7.7,-0.040,153886896,LOCKED
64904,2589.095,-62284069660143,1188,64862,-28090.6,33614.3,7.8,-0.037,153982671,LOCKED
64905,2590.095,-62284069645519,41906,105580,-28062.3,33912.6,8.0,-0.042,154083596,LOCKED
64906,2591.095,-62284069673511,40501,104175,-28057.3,33973.7,8.0,-0.042,154039679,LOCKED
64907,2592.095,-62284069762840,-20783,42891,-28022.0,33635.5,7.7,-0.036,154146332,LOCKED
64908,2593.096,-62284069789505,-17076,46598,-28109.1,33423.3,7.7,-0.032,154224982,LOCKED
64909,2594.096,-62284069852462,-48583,15091,-28192.4,34067.9,7.7,-0.032,154331384,LOCKED
64910,2595.095,-62284069863444,-29187,34487,-28251.2,34292.6,7.7,-0.032,154380186,LOCKED
64911,2596.096,-62284069910796,-45459,18215,-28314.6,34820.7,7.8,-0.032,154353439,LOCKED
64912,2597.096,-62284069901977,-9121,54553,-28260.3,34414.8,7.8,-0.032,154451147,LOCKED
64913,2598.096,-62284069935447,-11913,51761,-28359.3,33917.0,7.8,-0.029,154535098,LOCKED
64914,2599.096,-62284069976585,-22638,41036,-28422.6,34007.0,7.8,-0.028,154527906,LOCKED
64915,2600.096,-62284070004164,-20664,43010,-28443.7,34102.6,7.8,-0.027,154619025,LOCKED
64916,2601.096,-62284069993590,16015,79689,-28355.4,33851.9,7.8,-0.028,154721281,LOCKED
64917,2602.096,-62284069989159,47124,110798,-28351.5,33907.9,7.8,-0.031,154813160,LOCKED
64918,2603.096,-62284070099122,-31697,31977,-28435.8,34107.2,7.7,-0.035,154798040,LOCKED
64919,2604.096,-62284070086904,8541,72215,-28429.6,34120.1,7.7,-0.033,154894794,LOCKED
64920,2605.096,-62284070162047,-33919,29755,-28582.3,33664.9,7.7,-0.036,154911755,LOCKED
64921,2606.096,-62284070152076,5610,69284,-28639.6,33269.4,7.7,-0.033,155014329,LOCKED
64922,2607.096,-62284070151629,32584,96258,-28590.0,33557.3,7.7,-0.030,155103090,LOCKED
64923,2608.096,-62284070157004,51319,114993,-28455.3,34097.4,7.8,-0.026,155186599,LOCKED
64924,2609.096,-62284070261613,-24886,38788,-28411.2,33584.9,7.7,-0.022,155170123,LOCKED
64925,2610.096,-62284070272020,-5816,57858,-28454.0,33499.4,7.7,-0.017,155250615,LOCKED
64926,2611.096,-62284070288989,5229,68903,-28441.0,33505.6,7.7,-0.013,155327204,LOCKED
64927,2612.096,-62284070279778,38972,102646,-28313.8,33612.9,7.7,-0.017,155423503,LOCKED
64928,2613.097,-62284070295741,49605,113279,-28312.0,33641.0,7.7,-0.021,155383367,LOCKED
64929,2614.097,-62284070387923,-12609,51065,-28372.4,33553.2,7.7,-0.025,155494939,LOCKED
64930,2615.096,-62284070353463,45712,109386,-28226.8,33743.2,7.7,-0.034,155620897,LOCKED
64931,2616.096,-62284070369690,52093,115767,-28037.3,33627.8,7.8,-0.026,155582119,LOCKED
64932,2617.097,-62284070451860,-1481,62193,-28062.3,33583.6,8.2,-0.003,155698982,LOCKED
64933,2618.097,-62284070449249,26910,90584,-27994.9,33745.5,8.1,-0.016,155791028,LOCKED
64934,2619.097,-62284070559870,-53525,10149,-28013.4,34023.4,8.1,-0.029,155768482,LOCKED
64935,2620.097,-62284070562048,-27640,36034,-27969.8,33478.1,8.1,-0.027,155859411,LOCKED
64936,2621.096,-62284070558765,3623,67297,-27976.3,33466.8,7.8,-0.009,155951709,LOCKED
64937,2622.097,-62284070539599,47955,111629,-27918.1,34035.7,7.7,-0.005,156059984,LOCKED
64938,2623.097,-62284070662961,-43032,20642,-28065.5,34080.8,8.0,-0.012,156024789,LOCKED
64939,2624.097,-62284070654504,-5384,58290,-28111.9,33968.4,8.2,-0.018,156121081,LOCKED
64940,2625.097,-62284070701685,-22157,41517,-28187.9,33980.0,8.3,-0.035,156163713,LOCKED
64941,2626.097,-62284070725881,-17316,46358,-28200.8,34034.4,7.8,-0.041,156232256,LOCKED
64942,2627.097,-62284070734462,818,64492,-28129.1,33596.7,7.9,-0.054,156308330,LOCKED
64943,2628.097,-62284070730693,31949,95623,-28144.6,33419.6,7.8,-0.055,156400291,LOCKED
64944,2629.097,-62284070747073,41288,104962,-28094.1,33844.0,7.9,-0.063,156363776,LOCKED
64945,2630.097,-62284070841661,-24374,39300,-28094.4,33846.3,7.9,-0.063,156469316,LOCKED
64946,2631.097,-62284070857093,-12653,51021,-28027.0,33171.5,7.9,-0.062,156546194,LOCKED
64947,2632.097,-62284070921471,-44659,19015,-28166.2,33389.5,7.8,-0.062,156651866,LOCKED
64948,2633.097,-62284070950409,-41899,21775,-28270.1,33788.9,7.9,-0.068,156633459,LOCKED
64949,2634.097,-62284070937009,-689,62985,-28246.3,33733.6,7.9,-0.074,156733351,LOCKED
64950,2635.097,-62284070912556,49718,113392,-28216.5,34114.9,7.9,-0.073,156736162,LOCKED
64951,2636.097,-62284071026524,-32630,31044,-28329.5,34129.2,8.0,-0.079,156829552,LOCKED
64952,2637.097,-62284071062731,-37719,25955,-28403.7,34505.7,8.4,-0.088,156938975,LOCKED
64953,2638.097,-62284070993926,54885,118559,-28268.8,35173.7,8.9,-0.097,156925402,LOCKED
64954,2639.098,-62284071078148,-2768,60906,-28180.5,34429.3,9.3,-0.105,157044850,LOCKED
64955,2640.098,-62284071055098,46676,110350,-28170.5,34563.2,9.3,-0.109,157156626,LOCKED
64956,2641.098,-62284071170659,-37523,26151,-28264.9,34866.4,9.4,-0.108,157133341,LOCKED
64957,2642.098,-62284071149304,10469,74143,-28202.3,34726.4,9.3,-0.113,157242845,LOCKED
64958,2643.098,-62284071136263,46641,110315,-28030.6,34606.2,9.2,-0.113,157343841,LOCKED
64959,2644.098,-62284071247869,-33631,0,-28137.1,34712.2,9.2,-0.113,157322355,LOCKED
64960,2645.098,-62284071205783,33073,66704,-28019.1,34692.2,9.3,-0.115,157454884,LOCKED
64961,2646.098,-62284071316814,-48670,0,-28000.4,34384.2,9.2,-0.121,157431673,LOCKED
64962,2647.098,-62284071309144,-11060,37610,-28077.3,34127.5,9.2,-0.121,157529623,LOCKED
64963,2648.098,-62284071299752,25305,73975,-28065.2,34208.7,9.2,-0.121,157629585,LOCKED
64964,2649.098,-62284071301214,48231,96901,-27964.8,34808.3,9.3,-0.115,157605917,LOCKED
64965,2650.098,-62284071397927,-20983,27687,-27906.9,34146.1,9.7,-0.116,157705596,LOCKED
64966,2651.098,-62284071408708,-5504,43166,-27816.7,33267.9,10.3,-0.113,157786887,LOCKED
64967,2652.098,-62284071410081,19605,68275,-27783.8,33374.1,10.2,-0.109,157878750,LOCKED
64968,2653.098,-62284071520257,-58735,0,-27885.1,34313.7,10.3,-0.104,157852885,LOCKED
64969,2654.098,-62284071527478,-34390,24345,-28008.8,34280.1,10.4,-0.105,157938598,LOCKED
64970,2655.099,-62284071555447,-31354,27381,-28103.9,34403.5,10.4,-0.101,157995806,LOCKED
64971,2656.098,-62284071564062,-9599,49136,-28199.3,33885.6,10.5,-0.096,158078307,LOCKED
64972,2657.098,-62284071559618,21921,80656,-28180.7,33981.7,10.5,-0.091,158174734,LOCKED
64973,2658.098,-62284071559584,47428,106163,-28126.6,34513.4,10.5,-0.086,158149667,LOCKED
64974,2659.099,-62284071652399,-15170,43565,-28204.1,34349.2,10.6,-0.089,158258570,LOCKED
64975,2660.099,-62284071646980,18285,77020,-28226.3,34181.0,10.7,-0.092,158355648,LOCKED
64976,2661.099,-62284071649106,41289,100024,-28142.8,34627.2,10.8,-0.085,158327796,LOCKED
64977,2662.099,-62284071736094,-17775,40960,-28102.5,34266.0,10.7,-0.088,158441224,LOCKED
64978,2663.099,-62284071731483,15262,73997,-28143.8,33920.8,10.7,-0.092,158535878,LOCKED
64979,2664.099,-62284071730929,41122,99857,-28072.8,34377.3,10.8,-0.098,158514917,LOCKED
64980,2665.099,-62284071791384,9715,68450,-28137.0,33823.4,11.2,-0.109,158656791,LOCKED
64981,2666.099,-62284071808000,20224,78959,-28120.9,33901.5,11.2,-0.102,158728160,LOCKED
64982,2667.099,-62284071811828,41040,99775,-28018.3,34274.6,11.2,-0.112,158814117,LOCKED
64983,2668.099,-62284071925177,-42837,15898,-28018.4,34275.8,11.5,-0.072,158790841,LOCKED
64984,2669.099,-62284071936574,-23432,35303,-28116.2,34141.6,11.7,-0.052,158867150,LOCKED
64985,2670.099,-62284071947772,-5499,53236,-28157.0,34064.7,11.7,-0.051,158952373,LOCKED
64986,2671.099,-62284072021939,-47894,10841,-28254.9,34663.1,11.6,-0.036,159057236,LOCKED
64987,2672.099,-62284072023361,-20599,38136,-28243.3,34578.7,11.6,-0.037,159052200,LOCKED
64988,2673.099,-62284072013947,14593,73328,-28146.4,34192.3,11.6,-0.039,159152358,LOCKED
64989,2674.099,-62284072008325,45884,104619,-28101.1,34648.9,11.8,-0.027,159134216,LOCKED
64990,2675.099,-62284072053247,25747,84482,-27980.9,34336.9,11.7,-0.009,159293104,LOCKED
64991,2676.099,-62284072057489,44320,103055,-27800.7,33945.3,11.6,-0.012,159263307,LOCKED
64992,2677.099,-62284072153427,-22592,36143,-27823.3,34058.2,11.1,-0.017,159370993,LOCKED
64993,2678.099,-62284072142249,14009,72744,-27728.6,33675.8,11.2,-0.004,159470383,LOCKED
64994,2679.100,-62284072247842,-58383,352,-27900.4,34175.9,11.2,-0.004,159449224,LOCKED
64995,2680.099,-62284072221429,-3181,55554,-27938.8,34084.1,11.3,-0.004,159565858,LOCKED
64996,2681.099,-62284072237567,7689,66424,-27905.9,34066.8,11.3,-0.003,159639587,LOCKED
64997,2682.099,-62284072240405,28653,87388,-27751.8,33332.2,11.3,-0.003,159615738,LOCKED
64998,2683.099,-62284072343747,-42843,15892,-27881.7,33568.8,11.1,-0.003,159715017,LOCKED
64999,2684.100,-62284072344505,-14743,43992,-27905.2,33627.9,11.1,-0.003,159799844,LOCKED
65000,2685.100,-62284072369540,-10490,48245,-27955.7,33565.9,11.1,-0.016,159868396,LOCKED
65001,2686.100,-62284072383048,4241,62976,-27976.7,33498.5,11.2,-0.022,159943208,LOCKED
65002,2687.100,-62284072391254,22377,81112,-27933.6,33634.7,11.2,-0.029,160023584,LOCKED
65003,2688.100,-62284072396243,41213,99948,-27800.2,33767.0,11.3,-0.034,159994968,LOCKED
65004,2689.100,-62284072500797,-34902,23833,-27773.5,33410.5,11.2,-0.034,160094100,LOCKED
65005,2690.100,-62284072496010,-1710,57025,-27801.7,33354.0,11.3,-0.039,160184969,LOCKED
65006,2691.100,-62284072478577,40798,99533,-27735.6,33808.4,11.6,-0.047,160179514,LOCKED
65007,2692.100,-62284072589796,-38627,20108,-27870.8,33811.2,11.7,-0.051,160269328,LOCKED
65008,2693.100,-62284072586369,-5398,53337,-27956.8,33296.4,11.7,-0.056,160361608,LOCKED
65009,2694.100,-62284072576719,30297,89032,-27913.3,33541.3,11.6,-0.058,160463047,LOCKED
65010,2695.100,-62284072678864,-42664,16071,-27904.6,33419.2,11.9,-0.064,160445540,LOCKED
65011,2696.100,-62284072705480,-37462,21273,-28034.7,33434.8,11.9,-0.070,160515978,LOCKED
65012,2697.100,-62284072702480,-4384,54351,-28127.8,32778.1,11.7,-0.081,160599649,LOCKED
65013,2698.100,-62284072703859,19423,78158,-28015.5,32320.8,11.6,-0.093,160693834,LOCKED
65014,2699.100,-62284072720065,29461,88196,-27977.5,32550.3,11.2,-0.102,160653816,LOCKED
65015,2700.100,-62284072812053,-33761,24974,-27960.0,32330.1,11.4,-0.111,160763947,LOCKED
65016,2701.101,-62284072821072,-12456,46279,-28055.5,31867.8,11.5,-0.113,160844467,LOCKED
65017,2702.101,-62284072861693,-23529,35206,-28089.7,32022.9,11.5,-0.115,160928031,LOCKED
65018,2703.101,-62284072913468,-45631,13104,-28091.5,32049.4,11.4,-0.122,160917008,LOCKED
65019,2704.101,-62284072922629,-23717,35018,-28198.7,31807.3,11.4,-0.125,161010334,LOCKED
65020,2705.101,-62284072892212,31649,90384,-28091.6,31846.9,11.3,-0.131,161019272,LOCKED
65021,2706.101,-62284072989528,-33453,25282,-28238.6,31434.1,11.1,-0.139,161122947,LOCKED
65022,2707.101,-62284073019631,-32383,26352,-28328.9,31633.5,11.2,-0.142,161218080,LOCKED
65023,2708.101,-62284073069480,-50934,7801,-28390.0,32307.0,11.3,-0.145,161323116,LOCKED
65024,2709.101,-62284073071146,-24047,34688,-28358.0,31959.0,11.6,-0.141,161311542,LOCKED
65025,2710.101,-62284073064933,10638,69373,-28381.3,31825.9,11.6,-0.129,161405989,LOCKED
65026,2711.101,-62284073058943,42337,101072,-28320.5,32324.4,11.6,-0.114,161503292,LOCKED
65027,2712.101,-62284073076113,49333,108068,-28198.4,32896.1,11.9,-0.114,161462527,LOCKED
65028,2713.101,-62284073164119,-7843,50892,-28314.7,31939.8,11.9,-0.106,161576548,LOCKED
65029,2714.101,-62284073171655,13487,72222,-28364.3,31485.4,11.8,-0.096,161659679,LOCKED
65030,2715.101,-62284073212988,1944,60679,-28437.7,30919.6,12.1,-0.093,161707349,LOCKED
65031,2716.101,-62284073236417,7399,66134,-28472.0,30718.7,12.3,-0.078,161773322,LOCKED
65032,2717.101,-62284073230631,38803,97538,-28396.3,31161.7,12.4,-0.060,161867426,LOCKED
65033,2718.101,-62284073250609,43002,101737,-28260.5,31356.8,12.4,-0.055,161827334,LOCKED
65034,2719.101,-62284073337802,-14023,44712,-28330.9,31213.1,12.2,-0.040,161939874,LOCKED
65035,2720.101,-62284073334775,16032,74767,-28293.6,31280.7,12.0,-0.007,162036605,LOCKED
65036,2721.102,-62284073331148,43755,102490,-28160.1,31534.9,12.0,-0.018,162127004,LOCKED
65037,2722.102,-62284073447783,-41057,17678,-28271.8,31876.2,12.0,-0.001,162100033,LOCKED
65038,2723.102,-62284073450119,-14379,44356,-28284.3,31920.9,12.0,0.002,162189307,LOCKED
65039,2724.102,-62284073445507,16112,74847,-28192.9,31619.4,11.7,0.021,162279482,LOCKED
65040,2725.102,-62284073445865,40861,99596,-28109.2,32089.0,10.8,0.061,162259408,LOCKED
65041,2726.102,-62284073555454,-38654,20081,-28141.4,32398.6,10.7,0.073,162351697,LOCKED
65042,2727.102,-62284073558828,-14471,44264,-28088.6,31887.4,10.1,0.110,162435327,LOCKED
65043,2728.102,-62284073567230,6145,64880,-28144.5,31477.2,9.8,0.096,162518282,LOCKED
65044,2729.102,-62284073563996,35874,94609,-28123.2,31688.6,9.5,0.084,162612132,LOCKED
65045,2730.102,-62284073676818,-45411,13324,-28215.4,32268.3,9.4,0.077,162585498,LOCKED
65046,2731.104,-62284073683175,-20180,38555,-28347.6,31503.7,9.4,0.081,162668422,LOCKED
65047,2732.105,-62284073683536,8395,67130,-28390.5,31206.7,9.3,0.075,162758755,LOCKED
65048,2733.102,-62284073685315,32632,91367,-28328.2,31517.2,9.3,0.071,162846247,LOCKED
65049,2734.103,-62284073705109,37214,95949,-28195.8,31494.1,8.8,0.074,162804086,LOCKED
65050,2735.103,-62284073790674,-19696,39039,-28185.6,31416.8,8.8,0.079,162918946,LOCKED
65051,2736.103,-62284073802443,-4750,53985,-28105.3,30664.8,8.7,0.076,162997220,LOCKED
65052,2737.103,-62284073805070,19845,78580,-28095.0,30724.7,8.6,0.080,163086364,LOCKED
65053,2738.103,-62284073819415,30575,89310,-27997.4,30816.6,8.1,0.079,163049812,LOCKED
65054,2739.103,-62284073914994,-32944,25791,-28142.3,30399.4,8.0,0.084,163155912,LOCKED
65055,2740.103,-62284073946651,-34095,24640,-28201.7,30750.0,7.9,0.089,163236982,LOCKED
65056,2741.103,-62284073919824,19203,77938,-28148.6,30823.6,7.9,0.093,163329492,LOCKED
65057,2742.103,-62284074019610,-50287,8448,-28170.4,31149.6,7.8,0.098,163318571,LOCKED
65058,2743.103,-62284074015984,-16072,42663,-28262.5,30830.6,7.6,0.099,163412472,LOCKED
65059,2744.104,-62284074012043,15485,74220,-28256.6,30858.7,7.7,0.102,163508257,LOCKED
65060,2745.103,-62284074049975,5737,64472,-28262.5,30843.5,7.8,0.105,163559275,LOCKED
65061,2746.104,-62284074060632,21652,80387,-28215.5,30975.3,7.8,0.107,163636456,LOCKED
65062,2747.104,-62284074070421,36595,95330,-28105.2,31167.3,7.9,0.110,163718331,LOCKED
65063,2748.104,-62284074194207,-56996,1739,-28113.0,31310.5,8.0,0.112,163683298,LOCKED
65064,2749.104,-62284074196401,-28314,30421,-28201.6,31400.6,7.8,0.115,163770294,LOCKED
65065,2750.104,-62284074199756,-3515,55220,-28193.4,31384.6,7.8,0.114,163854247,LOCKED
65066,2751.104,-62284074197342,23522,82257,-28057.1,30674.5,7.7,0.110,163949547,LOCKED
65067,2752.104,-62284074214167,33304,92039,-28041.3,30830.0,7.7,0.110,163907927,LOCKED
65068,2753.104,-62284074328525,-49787,8948,-28116.9,31549.6,7.7,0.110,164000253,LOCKED
65069,2754.104,-62284074326483,-19789,38946,-28076.0,31117.7,7.6,0.117,164090700,LOCKED
65070,2755.104,-62284074305113,28683,87418,-28075.9,31118.2,7.5,0.112,164087901,LOCKED
65071,2756.104,-62284074420471,-53850,4885,-28219.7,31736.2,7.6,0.114,164174927,LOCKED
65072,2757.104,-62284074409455,-13636,45099,-28245.1,31790.0,7.6,0.110,164272602,LOCKED
65073,2758.104,-62284074409245,13005,71740,-28177.6,31650.2,7.5,0.106,164365367,LOCKED
65074,2759.104,-62284074407059,39225,97960,-28039.2,31639.0,7.5,0.106,164455406,LOCKED
65075,2760.104,-62284074513386,-35854,22881,-28137.2,31895.1,7.4,0.100,164436365,LOCKED
65076,2761.104,-62284074522771,-15868,42867,-28171.4,31964.0,7.9,0.101,164515260,LOCKED
65077,2762.104,-62284074523983,10934,69669,-28181.9,31916.0,7.1,0.117,164607482,LOCKED
65078,2763.105,-62284074524755,37226,95961,-28189.0,31823.9,7.1,0.119,164693519,LOCKED
65079,2764.105,-62284074544609,43392,102127,-28154.7,32203.0,7.4,0.122,164659882,LOCKED
65080,2765.105,-62284074601705,12355,71090,-28072.2,31901.3,7.1,0.135,164797137,LOCKED
65081,2766.105,-62284074627737,14517,73252,-28102.4,31670.4,7.1,0.139,164862009,LOCKED
65082,2767.105,-62284074633715,35439,94174,-28102.4,31670.9,7.0,0.143,164831409,LOCKED
65083,2768.105,-62284074730297,-28947,29788,-28255.4,30914.1,7.0,0.149,164936539,LOCKED
65084,2769.105,-62284074743278,-11554,47181,-28340.3,30546.3,7.1,0.145,165017875,LOCKED
65085,2770.107,-62284074807686,-44349,14386,-28427.4,31126.1,7.1,0.138,165122283,LOCKED
65086,2771.105,-62284074839110,-45173,13562,-28458.9,31509.3,7.2,0.107,165094872,LOCKED
65087,2772.105,-62284074829092,-7552,51183,-28404.2,31083.8,7.3,0.079,165198392,LOCKED
65088,2773.106,-62284074823426,25408,83791,-28392.0,31174.4,7.4,0.069,165293131,LOCKED
65089,2774.105,-62284074826836,47045,105428,-28305.9,31821.1,7.4,0.060,165265075,LOCKED
65090,2775.105,-62284074947608,-42163,16220,-28395.9,32308.1,7.3,0.036,165349863,LOCKED
65091,2776.107,-62284074944209,-9483,48900,-28423.6,32322.4,7.1,0.011,165440671,LOCKED
65092,2777.105,-62284074931183,28985,87368,-28325.2,32352.4,6.9,-0.003,165544362,LOCKED
65093,2778.106,-62284074942963,41290,99673,-28185.6,32418.7,6.9,-0.016,165509009,LOCKED
65094,2779.105,-62284075024971,-11168,47215,-28234.1,32376.7,6.9,-0.018,165627620,LOCKED
65095,2780.105,-62284075015377,24486,82869,-28168.0,32497.5,6.8,-0.023,165730859,LOCKED
65096,2781.105,-62284075016771,46367,104750,-28004.6,32485.9,6.9,-0.013,165703968,LOCKED
65097,2782.106,-62284075125951,-31315,27068,-28124.2,32377.2,6.9,-0.007,165795457,LOCKED
65098,2783.105,-62284075127285,-3737,54646,-28156.7,32318.7,7.0,0.000,165880144,LOCKED
65099,2784.105,-62284075125851,23613,81996,-28085.9,32397.2,7.0,-0.003,165975992,LOCKED
65100,2785.105,-62284075214419,-36023,22360,-28067.5,32149.3,7.0,-0.005,165976009,LOCKED
65101,2786.105,-62284075242432,-32528,25855,-28182.4,32139.7,7.0,-0.008,166039178,LOCKED
65102,2787.106,-62284075244606,-5706,52677,-28212.9,32109.9,7.4,0.005,166119648,LOCKED
65103,2788.106,-62284075251397,14457,72840,-28175.1,32155.3,7.5,0.009,166205941,LOCKED
65104,2789.106,-62284075251564,38386,96769,-28038.5,32129.9,7.5,0.013,166295197,LOCKED
65105,2790.107,-62284075364734,-42335,16048,-28184.9,32158.5,7.5,0.010,166273144,LOCKED
65106,2791.106,-62284075363941,-11699,46684,-28246.9,32036.7,7.5,0.013,166363823,LOCKED
65107,2792.106,-62284075363382,15923,74306,-28215.2,32108.3,7.5,0.010,166455544,LOCKED
65108,2793.106,-62284075360717,42784,101167,-28088.8,32386.3,7.8,0.002,166548697,LOCKED
65109,2794.106,-62284075467504,-34951,23432,-28078.0,32251.7,7.7,0.001,166530678,LOCKED
65110,2795.108,-62284075429266,29816,88199,-28051.5,32443.3,7.7,0.001,166656458,LOCKED
65111,2796.106,-62284075455639,29393,87776,-27997.2,32687.2,7.7,-0.001,166722131,LOCKED
65112,2797.106,-62284075572620,-56653,1730,-28047.2,33362.4,7.7,-0.001,166692751,LOCKED
65113,2798.106,-62284075576050,-31345,27038,-28028.9,33151.1,7.7,-0.004,166781467,LOCKED
65114,2799.106,-62284075571800,1673,60056,-28068.0,32991.3,7.9,-0.006,166868597,LOCKED
65115,2800.106,-62284075569795,30654,89037,-28065.5,33015.8,7.8,-0.005,166960996,LOCKED
65116,2801.106,-62284075589812,35361,93744,-27960.0,33193.3,7.8,-0.001,166923122,LOCKED
65117,2802.107,-62284075658577,-3621,54762,-28043.7,32652.8,7.7,0.001,167053575,LOCKED
65118,2803.107,-62284075687628,-3807,54576,-28077.7,32588.1,7.7,-0.001,167137422,LOCKED
65119,2804.108,-62284075766550,-51604,6779,-28141.5,33269.1,7.7,0.003,167124547,LOCKED
65120,2805.107,-62284075696338,43555,101938,-28057.1,33784.9,7.7,0.008,167171926,LOCKED
65121,2806.107,-62284075809891,-40010,18373,-28085.3,34064.8,7.7,0.012,167259290,LOCKED
65122,2807.107,-62284075810921,-13526,44857,-28034.7,33624.3,7.7,0.016,167347884,LOCKED
65123,2808.107,-62284075803736,21978,80361,-28085.3,33042.5,7.6,0.021,167447775,LOCKED
65124,2809.107,-62284075816308,35977,94360,-28070.8,33189.0,7.7,0.020,167410378,LOCKED
65125,2810.107,-62284075906290,-24126,34257,-28119.5,33346.6,7.7,0.019,167518512,LOCKED
65126,2811.107,-62284075905645,3478,61861,-28068.2,33165.8,8.2,0.018,167612392,LOCKED
65127,2812.107,-62284075897653,35669,94052,-27937.4,33098.1,8.2,0.016,167708348,LOCKED
65128,2813.107,-62284076023825,-57047,1336,-28113.7,33475.1,8.2,0.014,167674581,LOCKED
65129,2814.107,-62284076011431,-14850,43533,-28172.1,33442.4,8.1,0.020,167775369,LOCKED
65130,2815.108,-62284076089159,-61195,0,-28227.9,34228.7,8.2,0.018,167787714,LOCKED
65131,2816.108,-62284076113766,-51898,9297,-28420.6,34048.9,8.1,0.025,167855305,LOCKED
65132,2817.107,-62284076108349,-16073,45122,-28491.5,33957.6,8.0,0.033,167940993,LOCKED
65133,2818.108,-62284076111563,8538,69733,-28473.0,33976.2,7.9,0.042,168030187,LOCKED
65134,2819.108,-62284076118145,27346,88541,-28366.9,33881.1,7.9,0.042,168111147,LOCKED
65135,2820.107,-62284076119290,52404,113599,-28347.9,34157.6,8.0,0.039,168204044,LOCKED
65136,2821.108,-62284076239099,-35730,25465,-28451.9,34351.3,7.3,0.065,168173688,LOCKED
65137,2822.108,-62284076237838,-5650,55545,-28460.6,34359.7,7.4,0.052,168263237,LOCKED
65138,2823.109,-62284076240812,17604,78799,-28380.1,34228.3,7.4,0.059,168350802,LOCKED
65139,2824.108,-62284076243424,39239,100434,-28242.3,34225.4,7.3,0.036,168324639,LOCKED
65140,2825.108,-62284076306945,3214,64409,-28211.0,34170.2,7.4,0.042,168463589,LOCKED
65141,2826.108,-62284076319157,17365,78560,-28149.0,34164.4,7.4,0.034,168541462,LOCKED
65142,2827.108,-62284076326980,33839,95034,-28016.0,33996.6,7.4,0.025,168510235,LOCKED
65143,2828.108,-62284076430106,-37840,23355,-28121.6,34247.6,7.7,0.004,168609959,LOCKED
65144,2829.108,-62284076434292,-12660,48535,-28161.7,34262.8,7.5,-0.023,168691643,LOCKED
65145,2830.109,-62284076429857,20226,81421,-28209.7,33759.6,7.4,-0.034,168788489,LOCKED
65146,2831.108,-62284076440691,36937,98132,-28238.5,33351.1,7.6,-0.048,168752272,LOCKED
65147,2832.108,-62284076535666,-27277,33918,-28317.1,33471.5,7.8,-0.059,168863510,LOCKED
65148,2833.108,-62284076531260,4616,65811,-28284.0,33421.4,7.8,-0.059,168954586,LOCKED
65149,2834.109,-62284076543409,18059,79254,-28181.7,33061.8,7.8,-0.059,169031004,LOCKED
65150,2835.108,-62284076625748,-32122,29073,-28323.7,32681.5,7.9,-0.049,169038507,LOCKED
65151,2836.108,-62284076630360,-7141,54054,-28374.3,32563.0,9.1,-0.025,169122558,LOCKED
65152,2837.109,-62284076633363,16447,77642,-28314.0,32548.3,9.4,-0.011,169212601,LOCKED
65153,2838.109,-62284076638154,36160,97355,-28186.9,32545.0,9.7,0.002,169294825,LOCKED
65154,2839.108,-62284076685388,16456,77651,-28182.0,32568.7,10.0,0.013,169251688,LOCKED
65155,2840.109,-62284076757158,-26159,35036,-28186.3,32602.9,10.7,0.029,169354533,LOCKED
65156,2841.109,-62284076803162,-42825,18370,-28171.5,32378.3,10.9,0.038,169440557,LOCKED
65157,2842.109,-62284076748553,38282,99477,-28153.0,32576.0,10.9,0.041,169542753,LOCKED
65158,2843.109,-62284076858973,-41076,20119,-28227.6,33049.5,10.9,0.044,169524870,LOCKED
65159,2844.108,-62284076850723,-5187,56008,-28190.0,32858.8,10.9,0.045,169620457,LOCKED
65160,2845.110,-62284076834317,37917,99112,-28179.8,32973.0,10.9,0.046,169613785,LOCKED
65161,2846.109,-62284076946874,-42346,18849,-28311.6,33172.8,10.9,0.047,169707117,LOCKED
65162,2847.109,-62284076936308,-2894,58301,-28335.0,33144.7,10.6,0.051,169804452,LOCKED
65163,2848.109,-62284076923298,35609,96804,-28254.6,33466.7,10.6,0.054,169904893,LOCKED
65164,2849.109,-62284076939699,43032,104227,-28108.4,33528.9,10.8,0.060,169869054,LOCKED
65165,2850.109,-62284077036052,-22226,38969,-28218.3,33214.4,11.0,0.064,169976439,LOCKED
65166,2851.109,-62284077027830,13789,74984,-28220.4,33204.8,10.9,0.066,170073627,LOCKED
65167,2852.109,-62284077029997,36810,98005,-28132.6,33530.8,10.9,0.066,170158971,LOCKED
65168,2853.109,-62284077143803,-47228,13967,-28134.3,33555.5,10.7,0.061,170134968,LOCKED
65169,2854.110,-62284077144996,-17939,43256,-28219.8,33381.9,10.7,0.060,170222812,LOCKED
65170,2855.109,-62284077121532,30457,91652,-28108.9,33340.6,10.8,0.061,170224188,LOCKED
65171,2856.109,-62284077227919,-45976,15219,-28123.0,33526.8,10.8,0.059,170320291,LOCKED
65172,2857.110,-62284077228110,-15206,45989,-28237.2,32898.8,10.8,0.057,170409877,LOCKED
65173,2858.110,-62284077228676,12626,73821,-28266.2,32704.9,10.8,0.054,170499431,LOCKED
65174,2859.110,-62284077222087,44333,105528,-28185.3,33253.5,10.6,0.045,170591363,LOCKED
65175,2860.110,-62284077333265,-37269,23926,-28191.6,33323.8,10.7,0.043,170569656,LOCKED
65176,2861.110,-62284077329620,-6508,54687,-28127.8,32822.9,10.7,0.045,170664384,LOCKED
65177,2862.110,-62284077329391,20261,81456,-28083.5,32931.0,10.8,0.042,170753995,LOCKED
65178,2863.110,-62284077336180,38683,99878,-28006.7,33340.2,10.8,0.038,170725666,LOCKED
65179,2864.110,-62284077435167,-28727,32468,-28134.4,33029.6,10.8,0.040,170827494,LOCKED
65180,2865.110,-62284077392939,37255,98450,-27981.1,32712.8,10.9,0.042,170847031,LOCKED
65181,2866.110,-62284077502514,-40436,20759,-28105.6,32909.4,10.9,0.045,170940702,LOCKED
65182,2867.110,-62284077504717,-13353,47842,-28141.4,32945.3,10.9,0.040,171023314,LOCKED
65183,2868.110,-62284077512500,5641,66836,-28083.7,32745.3,10.9,0.043,171111341,LOCKED
65184,2869.110,-62284077502909,39002,100197,-27936.6,32605.8,10.9,0.047,171210708,LOCKED
65185,2870.111,-62284077623867,-50085,11110,-28046.6,33263.4,10.9,0.039,171176755,LOCKED
65186,2871.110,-62284077613825,-11663,49532,-28043.5,33251.4,10.8,0.052,171274778,LOCKED
65187,2872.110,-62284077652689,-22686,38509,-27995.7,32697.9,10.8,0.044,171357113,LOCKED
65188,2873.111,-62284077711260,-48279,12916,-28160.3,32769.4,10.9,0.030,171339547,LOCKED
65189,2874.111,-62284077737429,-42948,18247,-28253.0,33257.2,10.9,0.037,171417929,LOCKED
65190,2875.110,-62284077680200,41822,103017,-28287.7,32685.1,10.9,0.038,171566670,LOCKED
65191,2876.111,-62284077799339,-43817,17378,-28470.9,32182.9,10.9,0.025,171542198,LOCKED
65192,2877.111,-62284077812208,-25294,35901,-28572.5,32061.3,10.8,0.011,171631486,LOCKED
65193,2878.111,-62284077781990,31666,92861,-28535.2,32317.4,10.7,-0.003,171734569,LOCKED
65194,2879.111,-62284077885552,-40939,20256,-28586.1,32752.0,10.6,-0.020,171723869,LOCKED
65195,2880.111,-62284077864726,6631,67826,-28506.5,32339.2,10.7,-0.006,171832773,LOCKED
65196,2881.111,-62284077847099,50987,112182,-28504.1,32378.2,10.7,-0.013,171939020,LOCKED
65197,2882.111,-62284077860524,62487,123682,-28432.2,33344.1,10.5,-0.009,171902442,LOCKED
65198,2883.111,-62284077962115,-10135,51060,-28441.8,33366.4,10.5,-0.009,172005524,LOCKED
65199,2884.111,-62284077950889,26596,87791,-28341.7,33304.9,10.4,-0.006,172103310,LOCKED
65200,2885.112,-62284078044669,-36262,24933,-28408.1,33666.3,10.5,0.004,172101357,LOCKED
65201,2886.111,-62284078057452,-19734,41461,-28419.6,33725.4,10.4,0.005,172175004,LOCKED
65202,2887.111,-62284078064835,85,61280,-28359.9,33408.2,10.2,0.005,172260295,LOCKED
65203,2888.112,-62284078072229,20962,82157,-28390.5,33120.9,9.7,0.005,172341719,LOCKED
65204,2889.111,-62284078082023,37524,98719,-28353.0,33438.8,9.5,0.005,172425208,LOCKED
65205,2890.111,-62284078094597,49275,110470,-28237.0,34024.8,9.3,0.004,172386647,LOCKED
65206,2891.111,-62284078183574,-11959,49236,-28192.8,33686.9,8.7,0.002,172501173,LOCKED
65207,2892.112,-62284078180817,18670,79865,-28208.1,33576.3,7.9,-0.000,172593447,LOCKED
65208,2893.112,-62284078183803,40906,102101,-28129.5,34028.5,7.9,-0.008,172566237,LOCKED
65209,2894.112,-62284078281546,-27563,33632,-28139.8,34107.1,7.7,-0.011,172673658,LOCKED
65210,2895.112,-62284078294498,-10503,50692,-28214.4,33858.9,7.7,-0.007,172748139,LOCKED
65211,2896.112,-62284078308105,4204,65399,-28226.3,33830.7,7.3,-0.006,172822670,LOCKED
65212,2897.112,-62284078303868,33830,95025,-28143.1,34091.3,7.4,-0.011,172916375,LOCKED
65213,2898.112,-62284078325691,36236,97431,-28011.1,34032.9,7.3,-0.010,172872983,LOCKED
65214,2899.112,-62284078436828,-44637,16558,-28047.4,34415.9,7.4,-0.013,172964697,LOCKED
65215,2900.112,-62284078423035,-1956,59239,-28085.5,34312.2,7.1,-0.014,173065960,LOCKED
65216,2901.112,-62284078422221,26496,87691,-28107.7,34088.7,7.1,-0.016,173159038,LOCKED
65217,2902.112,-62284078425607,46493,107688,-27952.8,34200.3,7.3,-0.019,173134775,LOCKED
65218,2903.112,-62284078511013,-9044,52151,-28032.0,33869.6,7.5,-0.023,173247670,LOCKED
65219,2904.112,-62284078524615,5123,66318,-28027.6,33874.9,7.6,-0.026,173343497,LOCKED
65220,2905.112,-62284078583278,-25246,35949,-27998.6,33571.6,7.8,-0.029,173356877,LOCKED
65221,2906.112,-62284078613144,-23992,37203,-28112.1,33272.1,7.9,-0.032,173438046,LOCKED
65222,2907.112,-62284078673933,-52791,8404,-28214.8,34026.6,8.1,-0.034,173538222,LOCKED
65223,2908.112,-62284078683951,-33451,27744,-28215.3,34031.6,8.2,-0.036,173523817,LOCKED
65224,2909.113,-62284078662501,13624,74819,-28110.6,33502.0,8.2,-0.033,173633768,LOCKED
65225,2910.113,-62284078755652,-47458,13737,-28226.2,34024.1,8.2,-0.030,173631394,LOCKED
65226,2911.113,-62284078740661,-4466,56729,-28207.7,33968.3,8.2,-0.030,173732986,LOCKED
65227,2912.113,-62284078740410,21034,82229,-28097.2,33608.9,8.3,-0.031,173825558,LOCKED
65228,2913.113,-62284078844801,-50330,10865,-28255.8,33861.9,8.4,-0.031,173808949,LOCKED
65229,2914.113,-62284078844963,-20203,40992,-28322.1,33888.5,8.5,-0.031,173901348,LOCKED
65230,2915.113,-62284078808122,40962,102157,-28193.8,34062.0,8.4,-0.024,174024591,LOCKED
65231,2916.113,-62284078826131,49230,110425,-28181.5,34234.1,8.4,-0.024,174096157,LOCKED
65232,2917.113,-62284078952139,-44921,16274,-28287.4,34709.9,8.6,-0.023,174058182,LOCKED
65233,2918.113,-62284078953508,-17152,44043,-28300.7,34763.6,8.5,-0.031,174146765,LOCKED
65234,2919.113,-62284078962883,174,61369,-28222.3,34233.6,8.4,-0.040,174226771,LOCKED
65235,2920.113,-62284078969244,21780,82975,-28246.0,34024.7,8.2,-0.031,174311516,LOCKED
65236,2921.113,-62284078964674,51216,112411,-28165.2,34721.3,8.2,-0.031,174404637,LOCKED
65237,2922.113,-62284079080832,-35210,25985,-28183.5,34887.5,8.1,-0.020,174377524,LOCKED
65238,2923.113,-62284079074454,-2160,59035,-28105.6,34309.6,8.1,-0.019,174477178,LOCKED
65239,2924.113,-62284079087980,12315,73510,-28121.0,34230.6,8.3,-0.022,174550437,LOCKED
65240,2925.113,-62284079134148,-6967,54228,-28048.7,33611.9,8.2,-0.021,174597888,LOCKED
65241,2926.114,-62284079128355,26134,87329,-28055.8,33548.9,8.4,0.002,174687797,LOCKED
65242,2927.114,-62284079142950,37204,98399,-28000.2,33918.9,8.5,0.009,174651790,LOCKED
65243,2928.113,-62284079241908,-32080,29115,-28029.1,34131.5,8.5,0.013,174753847,LOCKED
65244,2929.114,-62284079232863,2896,64091,-27930.7,33360.4,8.5,0.016,174853209,LOCKED
65245,2930.114,-62284079229481,33185,94380,-27935.7,33306.1,8.4,0.020,174947628,LOCKED
65246,2931.114,-62284079251467,36568,97763,-27870.4,33674.2,8.3,0.055,174902490,LOCKED
65247,2932.114,-62284079338631,-20947,40248,-27923.0,33772.0,8.3,0.062,175017046,LOCKED
65248,2933.114,-62284079364502,-16299,44896,-28023.5,33382.6,7.8,0.092,175100239,LOCKED
65249,2934.114,-62284079430620,-49436,11759,-28184.9,33555.7,7.7,0.097,175080021,LOCKED
65250,2935.114,-62284079436478,-26616,26175,-28164.8,33351.3,7.7,0.094,175187147,LOCKED
65251,2936.114,-62284079459440,-18314,34477,-28286.6,32713.3,7.7,0.091,175257870,LOCKED
65252,2937.114,-62284079470645,181,52972,-28356.4,32259.3,7.8,0.088,175351253,LOCKED
65253,2938.114,-62284079547595,-45791,7000,-28409.0,32783.0,7.8,0.095,175348240,LOCKED
65254,2939.114,-62284079579996,-44550,8241,-28592.1,32329.6,7.9,0.102,175427100,LOCKED
65255,2940.114,-62284079527390,34805,87596,-28559.5,32599.0,7.8,0.107,175543156,LOCKED
65256,2941.114,-62284079526172,59380,112171,-28402.7,33332.1,7.7,0.112,175522149,LOCKED
65257,2942.115,-62284079616530,-4050,48741,-28323.4,32658.2,7.7,0.110,175634670,LOCKED
65258,2943.114,-62284079589753,48421,101212,-28274.8,33194.7,7.8,0.115,175752096,LOCKED
65259,2944.115,-62284079698926,-31001,21790,-28295.7,33360.1,7.9,0.119,175730955,LOCKED
65260,2945.114,-62284079662069,33471,86262,-28318.0,33078.9,7.7,0.124,175860822,LOCKED
65261,2946.114,-62284079679678,42396,95187,-28301.0,33281.7,7.8,0.123,175932713,LOCKED
65262,2947.115,-62284079796053,-42291,10500,-28397.1,33730.8,7.8,0.121,175902058,LOCKED
65263,2948.115,-62284079781627,294,53085,-28385.8,33720.6,7.8,0.125,176010548,LOCKED
65264,2949.115,-62284079769844,36994,89785,-28276.9,33921.5,7.9,0.125,176106804,LOCKED
65265,2950.115,-62284079885419,-48497,4294,-28284.9,34036.6,7.9,0.124,176083983,LOCKED
65266,2951.115,-62284079897753,-29914,22877,-28364.5,34213.8,8.3,0.131,176158004,LOCKED
65267,2952.115,-62284079905568,-9206,43585,-28356.9,34187.3,8.7,0.138,176243474,LOCKED
65268,2953.115,-62284079903545,18480,71271,-28255.3,33857.1,8.7,0.139,176335125,LOCKED
65269,2954.115,-62284079902673,45398,98189,-28222.3,34223.9,8.8,0.141,176425513,LOCKED
65270,2955.115,-62284079928614,44963,97754,-28163.7,34729.0,8.6,0.147,176491909,LOCKED
65271,2956.115,-62284080059866,-54472,0,-28252.5,35504.2,9.0,0.153,176448431,LOCKED
65272,2957.115,-62284080059855,-25659,28813,-28236.8,35363.5,9.3,0.154,176536130,LOCKED
65273,2958.115,-62284080057597,3104,57576,-28156.8,34891.2,9.3,0.154,176629908,LOCKED
65274,2959.115,-62284080046213,41117,95589,-28150.2,34968.7,9.3,0.152,176729717,LOCKED
65275,2960.115,-62284080167986,-49206,5266,-28230.5,35598.3,9.6,0.151,176695196,LOCKED
65276,2961.116,-62284080165974,-18762,35710,-28209.1,35440.8,9.9,0.150,176787335,LOCKED
65277,2962.116,-62284080153368,18710,73182,-28075.8,34670.2,10.1,0.147,176886648,LOCKED
65278,2963.115,-62284080162130,35398,89870,-28005.7,34996.3,10.3,0.144,176972433,LOCKED
65279,2964.116,-62284080279659,-51292,3180,-28059.6,35573.2,10.9,0.141,176944423,LOCKED
65280,2965.116,-62284080241410,14388,68860,-28052.6,35598.6,11.5,0.136,177071395,LOCKED
65281,2966.116,-62284080256259,26212,80684,-28028.5,35736.2,12.0,0.129,177145243,LOCKED
65282,2967.116,-62284080268201,41053,95525,-28035.7,35645.1,12.5,0.121,177110714,LOCKED
65283,2968.116,-62284080367362,-27157,27315,-28133.8,35621.3,12.5,0.112,177212533,LOCKED
65284,2969.116,-62284080361774,5544,60016,-28092.8,35547.1,12.5,0.100,177309959,LOCKED
65285,2970.116,-62284080390992,5659,60131,-28163.2,35006.9,12.5,0.087,177399204,LOCKED
65286,2971.116,-62284080473125,-44981,9491,-28252.0,35527.6,12.9,0.080,177377859,LOCKED
65287,2972.116,-62284080502378,-43688,10784,-28292.0,35907.9,12.9,0.063,177472475,LOCKED
65288,2973.116,-62284080453125,33500,87972,-28330.3,35406.2,13.0,0.040,177575068,LOCKED
65289,2974.116,-62284080563145,-44062,10410,-28459.9,35679.0,13.1,0.013,177555777,LOCKED
65290,2975.116,-62284080532281,13209,67681,-28380.9,35461.6,12.8,-0.016,177676985,LOCKED
65291,2976.117,-62284080535699,34193,88665,-28242.2,35241.1,12.7,-0.036,177761940,LOCKED
65292,2977.116,-62284080642468,-39833,14639,-28397.2,35039.2,12.8,-0.018,177744645,LOCKED
65293,2978.116,-62284080631634,314,54786,-28442.7,34856.7,12.8,-0.018,177846974,LOCKED
65294,2979.117,-62284080620828,37292,91764,-28393.2,35201.2,12.6,-0.036,177946523,LOCKED
65295,2980.117,-62284080625835,56277,110749,-28270.6,35973.3,12.4,-0.057,177919576,LOCKED
65296,2981.116,-62284080730429,-20392,34080,-28219.6,35448.7,12.3,-0.064,178018322,LOCKED
65297,2982.116,-62284080727401,11341,65813,-28262.4,35148.4,12.0,-0.090,178108677,LOCKED
65298,2983.116,-62284080729769,34921,89393,-28206.8,35464.2,11.6,-0.121,178197665,LOCKED
65299,2984.117,-62284080844343,-48518,5954,-28269.9,36031.0,11.4,-0.139,178171964,LOCKED
65300,2985.117,-62284080777071,44174,98646,-28203.4,36517.1,11.0,-0.140,178217759,LOCKED
65301,2986.117,-62284080879873,-29409,25063,-28204.3,36524.7,11.0,-0.134,178315895,LOCKED
65302,2987.117,-62284080874298,2637,57109,-28123.5,36046.5,11.0,-0.130,178414198,LOCKED
65303,2988.117,-62284080856860,45873,100345,-28085.6,36432.2,10.9,-0.124,178515434,LOCKED
65304,2989.117,-62284080988637,-54486,0,-28158.6,37135.2,10.9,-0.110,178470887,LOCKED
65305,2990.117,-62284080984450,-22144,32342,-28121.5,36789.6,10.7,-0.108,178565105,LOCKED
65306,2991.118,-62284080987805,729,55215,-28029.6,36114.4,10.8,-0.115,178650560,LOCKED
65307,2992.117,-62284080993024,22137,76623,-27997.6,36235.5,10.7,-0.121,178735821,LOCKED
65308,2993.117,-62284080995390,44702,99188,-27921.3,36740.1,10.5,-0.120,178710365,LOCKED
65309,2994.117,-62284081090975,-20206,34280,-28023.1,36481.5,10.5,-0.126,178815934,LOCKED
65310,2995.117,-62284081063343,33780,88266,-27997.3,36677.5,10.3,-0.126,178822827,LOCKED
65311,2996.117,-62284081183123,-53759,727,-28116.4,37347.5,10.2,-0.120,178910316,LOCKED
65312,2997.117,-62284081178072,-19247,35239,-28150.4,37438.8,10.0,-0.121,179001725,LOCKED
65313,2998.118,-62284081162883,24180,78666,-28195.1,36972.9,10.1,-0.116,179104733,LOCKED
65314,2999.117,-62284081165235,48652,103138,-28208.7,36768.2,10.0,-0.117,179193152,LOCKED
65315,3000.117,-62284081288850,-44454,10032,-28247.8,37138.5,10.0,-0.118,179155357,LOCKED
65316,3001.118,-62284081290392,-18314,36172,-28189.4,36556.0,10.0,-0.120,179245625,LOCKED
65317,3002.118,-62284081286005,13589,68075,-28179.0,36587.9,10.1,-0.115,179338486,LOCKED
65318,3003.118,-62284081299004,25322,79808,-28051.7,36183.9,10.1,-0.117,179423845,LOCKED
65319,3004.118,-62284081400757,-44245,10241,-28181.2,36457.7,10.1,-0.116,179404209,LOCKED
65320,3005.118,-62284081381155,2250,56736,-28121.6,36203.1,10.1,-0.115,179549367,LOCKED
65321,3006.118,-62284081365504,41545,96031,-27970.6,36137.1,9.8,-0.121,179509442,LOCKED
65322,3007.118,-62284081478043,-38917,15569,-28107.7,36130.0,9.4,-0.124,179596732,LOCKED
65323,3008.118,-62284081485624,-17166,37320,-28139.3,36204.9,9.4,-0.128,179678542,LOCKED
65324,3009.118,-62284081553287,-54283,203,-28167.2,36578.0,9.0,-0.133,179761591,LOCKED
65325,3010.118,-62284081480459,45284,99770,-28172.4,36507.3,8.8,-0.137,179860181,LOCKED
65326,3011.118,-62284081586892,-29693,24793,-28284.4,36434.8,8.8,-0.138,179844135,LOCKED
65327,3012.118,-62284081587665,-1468,53018,-28317.1,36360.8,8.9,-0.138,179936524,LOCKED
65328,3013.118,-62284081571626,39701,94187,-28226.5,36722.5,8.8,-0.144,180041155,LOCKED
65329,3014.118,-62284081680796,-40003,14483,-28220.8,36653.7,8.7,-0.148,180020511,LOCKED
65330,3015.118,-62284081625383,39221,93707,-28069.3,36481.0,8.5,-0.154,180053879,LOCKED
65331,3016.119,-62284081723197,-26827,27659,-28206.4,35993.2,8.9,-0.156,180157837,LOCKED
65332,3017.118,-62284081706172,18130,72616,-28223.1,35881.2,9.2,-0.157,180266164,LOCKED
65333,3018.118,-62284081711554,38255,92741,-28153.3,36254.7,8.6,-0.171,180351124,LOCKED
65334,3019.118,-62284081831563,-51533,2953,-28169.1,36469.0,8.4,-0.180,180315342,LOCKED
65335,3020.119,-62284081843780,-31603,22883,-28312.0,36089.2,8.5,-0.181,180397060,LOCKED
65336,3021.119,-62284081840950,376,54862,-28353.8,35939.2,8.5,-0.183,180493054,LOCKED
65337,3022.119,-62284081838956,28223,82709,-28277.9,36084.9,8.6,-0.184,180580682,LOCKED
65338,3023.119,-62284081849742,41520,96006,-28140.8,36182.0,8.6,-0.186,180547283,LOCKED
65339,3024.119,-62284081947328,-24486,30000,-28269.1,35727.4,8.6,-0.177,180653875,LOCKED
65340,3025.119,-62284081914659,33630,88116,-28186.4,35971.1,8.8,-0.165,180662335,LOCKED
65341,3026.119,-62284082025245,-46566,7920,-28217.2,36309.2,8.8,-0.154,180754115,LOCKED
65342,3027.119,-62284082028858,-22056,32430,-28175.8,35900.9,8.7,-0.140,180841188,LOCKED
65343,3028.119,-62284082021183,13662,68148,-28192.0,35813.7,8.7,-0.127,180934686,LOCKED
65344,3029.119,-62284082023601,36547,91033,-28110.8,36131.7,9.0,-0.100,181023590,LOCKED
65345,3030.119,-62284082044042,40988,95474,-28020.4,36529.5,9.2,-0.078,180981584,LOCKED
65346,3031.119,-62284082132971,-17249,37237,-28123.0,36172.4,9.0,-0.058,181092853,LOCKED
65347,3032.119,-62284082134162,10584,65070,-28185.0,35660.0,9.1,-0.038,181180174,LOCKED
65348,3033.119,-62284082146551,23707,78193,-28093.1,35592.1,8.9,-0.002,181260014,LOCKED
65349,3034.119,-62284082162569,35135,89621,-28119.8,35252.9,8.4,0.036,181219450,LOCKED
65350,3035.119,-62284082234508,-8332,46154,-28123.2,35260.5,8.3,0.048,181350864,LOCKED
65351,3036.119,-62284082241314,11101,65587,-28049.1,35037.3,8.1,0.078,181434613,LOCKED
65352,3037.120,-62284082239675,39635,94121,-28058.4,34918.9,8.1,0.068,181522561,LOCKED
65353,3038.119,-62284082264109,40705,95191,-28000.6,35338.0,8.1,0.061,181476522,LOCKED
65354,3039.119,-62284082373851,-39433,15053,-28013.7,35477.1,8.1,0.067,181565602,LOCKED
65355,3040.120,-62284082386259,-24137,30349,-27958.3,34813.8,8.1,0.062,181640328,LOCKED
65356,3041.120,-62284082431487,-38119,16367,-28056.4,35113.1,8.1,0.057,181721963,LOCKED
65357,3042.120,-62284082393256,25982,80468,-27992.2,35260.3,8.1,0.062,181816904,LOCKED
65358,3043.120,-62284082504452,-54766,0,-28021.7,35666.0,8.1,0.066,181793238,LOCKED
65359,3044.120,-62284082507614,-26363,28403,-28152.0,35249.2,8.1,0.063,181884579,LOCKED
65360,3045.120,-62284082535149,-25513,29253,-28120.9,34929.5,7.9,0.060,181944283,LOCKED
65361,3046.120,-62284082544150,-4998,49768,-28181.2,34707.7,8.0,0.063,182023944,LOCKED
65362,3047.120,-62284082536370,28878,83644,-28126.8,34927.3,8.0,0.066,182119397,LOCKED
65363,3048.120,-62284082654320,-58613,0,-28143.8,35201.6,8.0,0.069,182089669,LOCKED
65364,3049.121,-62284082649705,-22393,36220,-28276.7,34580.2,8.0,0.072,182185144,LOCKED
65365,3050.120,-62284082662511,-5623,52990,-28331.2,34415.4,8.0,0.074,182264078,LOCKED
65366,3051.120,-62284082665873,18170,76783,-28303.6,34502.2,7.8,0.075,182348900,LOCKED
65367,3052.120,-62284082669267,39575,98188,-28197.2,34800.4,7.6,0.074,182324504,LOCKED
65368,3053.136,-62284082756216,-19591,39022,-28144.2,34240.1,7.6,0.076,182437403,LOCKED
65369,3054.120,-62284082760990,4029,62642,-28163.2,34184.9,7.3,0.074,182523895,LOCKED
65370,3055.121,-62284082837566,-42832,15781,-28168.1,34247.2,7.4,0.071,182535994,LOCKED
65371,3056.121,-62284082867548,-40066,18547,-28326.6,33997.0,7.3,0.071,182601365,LOCKED
65372,3057.121,-62284082857566,-915,57698,-28366.5,33867.5,7.4,0.069,182696920,LOCKED
65373,3058.121,-62284082844132,37556,96169,-28265.3,34139.9,7.3,0.072,182796427,LOCKED
65374,3059.121,-62284082953912,-42727,15886,-28254.7,33989.4,7.7,0.067,182774637,LOCKED
65375,3060.121,-62284082952701,-10909,47704,-28352.2,33476.0,7.7,0.065,182872607,LOCKED
65376,3061.120,-62284082939709,29168,87781,-28338.5,33584.3,8.0,0.061,182972255,LOCKED
65377,3062.121,-62284082951905,42001,100614,-28245.8,34033.0,7.6,0.067,182936080,LOCKED
65378,3063.121,-62284083052461,-29285,29328,-28247.3,34046.8,7.9,0.064,183038241,LOCKED
65379,3064.121,-62284083047077,5536,64149,-28315.0,33522.7,7.8,0.068,183132161,LOCKED
65380,3065.121,-62284083137010,-52464,6149,-28405.5,34271.2,7.7,0.072,183131653,LOCKED
65381,3066.121,-62284083146407,-32718,25895,-28387.3,34058.3,7.7,0.071,183212827,LOCKED
65382,3067.121,-62284083139789,3446,62059,-28450.0,33643.0,7.6,0.077,183309927,LOCKED
65383,3068.122,-62284083142753,27748,86361,-28438.0,33733.7,7.6,0.077,183395512,LOCKED
65384,3069.121,-62284083143145,54187,112800,-28449.3,33531.0,7.8,0.083,183485228,LOCKED
65385,3070.121,-62284083269564,-42214,16399,-28456.1,33616.2,7.3,0.097,183448826,LOCKED
65386,3071.121,-62284083262930,-5380,53233,-28532.9,33216.3,7.4,0.098,183548509,LOCKED
65387,3072.121,-62284083289405,-2654,55959,-28561.3,33167.2,7.6,0.100,183634744,LOCKED
65388,3073.121,-62284083344138,-27951,30662,-28557.7,33134.0,7.8,0.103,183617385,LOCKED
65389,3074.122,-62284083357328,-10115,48498,-28662.3,32473.7,7.8,0.116,183719991,LOCKED
65390,3075.121,-62284083393897,-17875,40738,-28639.7,32295.3,7.8,0.120,183773756,LOCKED
65391,3076.121,-62284083399272,6270,64883,-28693.4,31915.2,8.4,0.117,183858328,LOCKED
65392,3077.121,-62284083390681,40507,99120,-28611.1,32373.9,8.5,0.113,183957336,LOCKED
65393,3078.122,-62284083495869,-34777,23836,-28616.7,32434.3,8.4,0.118,183943283,LOCKED
65394,3079.278,-62284083479258,11733,70346,-28699.3,31474.5,8.5,0.128,184048814,LOCKED
65395,3080.122,-62284083451629,65170,123783,-28665.8,32091.5,9.0,0.095,184166429,LOCKED
65396,3081.122,-62284083575987,-28023,30590,-28742.0,32248.3,9.9,0.052,184131032,LOCKED
65397,3082.122,-62284083573571,2490,61103,-28714.4,32200.0,10.5,0.015,184229268,LOCKED
65398,3083.122,-62284083550361,49803,108416,-28570.7,32611.2,11.0,-0.018,184337884,LOCKED
65399,3084.122,-62284083574199,52084,110697,-28536.9,33070.2,11.4,-0.048,184293136,LOCKED
65400,3085.122,-62284083636086,16584,75197,-28458.8,32928.9,11.2,-0.066,184435824,LOCKED
65401,3086.122,-62284083640900,39335,97948,-28480.4,32613.8,11.2,-0.069,184517500,LOCKED
65402,3087.122,-62284083656058,50198,108811,-28443.2,33085.5,11.2,-0.074,184590706,LOCKED
65403,3088.122,-62284083773272,-36295,22318,-28494.7,33437.4,11.2,-0.070,184563578,LOCKED
65404,3089.122,-62284083787049,-21247,37366,-28475.5,33275.8,11.0,-0.069,184644810,LOCKED
65405,3090.123,-62284083778443,13414,72027,-28378.8,32840.8,11.0,-0.079,184740362,LOCKED
65406,3091.123,-62284083768411,48971,107584,-28320.1,33441.5,11.0,-0.086,184840037,LOCKED
65407,3092.122,-62284083882797,-35094,23519,-28360.0,33737.8,10.9,-0.093,184813513,LOCKED
65408,3093.124,-62284083876999,-1806,56807,-28314.2,33525.1,10.7,-0.099,184911172,LOCKED
65409,3094.123,-62284083852209,46560,105173,-28158.8,33634.0,10.6,-0.095,185026541,LOCKED
65410,3095.123,-62284083930559,-3492,55121,-28159.9,33635.1,10.6,-0.099,185037856,LOCKED
65411,3096.123,-62284083937541,15725,74338,-28089.6,33540.6,10.5,-0.103,185118069,LOCKED
65412,3097.123,-62284083932555,43751,102364,-27914.2,33193.5,10.5,-0.099,185101609,LOCKED
65413,3098.123,-62284084036111,-31993,26620,-27855.9,32282.4,11.2,-0.082,185198852,LOCKED
65414,3099.123,-62284084031546,841,59454,-27877.6,32232.5,11.7,-0.067,185297755,LOCKED
65415,3100.123,-62284084011320,45717,104330,-27795.1,32824.5,11.7,-0.065,185289779,LOCKED
65416,3101.123,-62284084118273,-30788,27825,-27874.2,33032.1,11.7,-0.063,185388281,LOCKED
65417,3102.126,-62284084117239,-3412,55201,-27793.2,32340.0,11.6,-0.059,185476598,LOCKED
65418,3103.123,-62284084108021,32428,91041,-27789.6,32376.0,11.7,-0.051,185572753,LOCKED
65419,3104.123,-62284084148589,18597,77210,-27768.9,32461.4,11.7,-0.050,185526692,LOCKED
65420,3105.123,-62284084254760,-55705,2908,-27877.6,33320.0,11.7,-0.053,185603474,LOCKED
65421,3106.124,-62284084285730,-55312,3301,-27956.9,34128.4,11.6,-0.049,185664440,LOCKED
65422,3107.124,-62284084285526,-26872,31741,-27925.8,33784.5,11.5,-0.048,185753821,LOCKED
65423,3108.124,-62284084329574,-38755,19858,-28069.6,33682.9,11.4,-0.048,185835640,LOCKED
65424,3109.124,-62284084374140,-51159,7454,-28185.6,34331.6,11.3,-0.046,185944168,LOCKED
65425,3110.124,-62284084372398,-19768,38845,-28224.6,34434.7,11.2,-0.044,185934936,LOCKED
65426,3111.124,-62284084360723,18105,76718,-28155.2,34398.6,11.0,-0.038,186034692,LOCKED
65427,3112.124,-62284084349772,51878,110491,-27979.3,34491.8,10.8,-0.033,186025923,LOCKED
65428,3113.123,-62284084441134,-10579,48034,-28007.3,34514.1,10.7,-0.029,186137623,LOCKED
65429,3114.124,-62284084437893,18754,77367,-27944.3,34529.6,10.5,-0.024,186225658,LOCKED
65430,3115.124,-62284084501665,-14975,43638,-28022.5,34354.5,10.5,-0.023,186251497,LOCKED
65431,3116.124,-62284084529074,-12288,46325,-28104.0,34080.3,10.8,-0.024,186317948,LOCKED
65432,3117.124,-62284084515617,27333,85946,-28054.2,34281.5,10.8,-0.022,186414093,LOCKED
65433,3118.124,-62284084526858,39822,98435,-27907.9,34196.2,10.5,-0.015,186384053,LOCKED
65434,3119.124,-62284084623604,-26003,32610,-28012.8,34070.2,10.5,-0.018,186488066,LOCKED
65435,3120.124,-62284084614161,10970,69583,-28007.3,34086.1,10.5,-0.015,186584854,LOCKED
65436,3121.124,-62284084617195,32506,91119,-27892.5,34077.5,10.5,-0.019,186672337,LOCKED
65437,3122.124,-62284084642525,31050,89663,-27746.6,33599.4,10.7,-0.015,186626372,LOCKED
65438,3123.124,-62284084735348,-31283,27330,-27829.4,33797.7,10.7,-0.019,186731918,LOCKED
65439,3124.124,-62284084744504,-12291,46322,-27824.5,33777.0,10.7,-0.014,186812342,LOCKED
65440,3125.125,-62284084731068,28634,87247,-27855.8,33410.0,10.7,-0.009,186803469,LOCKED
65441,3126.125,-62284084834636,-43011,15602,-27984.1,33668.0,11.0,-0.006,186901717,LOCKED
65442,3127.125,-62284084841667,-20649,37964,-28019.0,33784.4,10.7,0.009,186982752,LOCKED
65443,3128.125,-62284084840834,6831,65444,-27962.9,33624.1,10.7,0.018,187073288,LOCKED
65444,3129.125,-62284084845990,25887,84500,-27821.6,32981.0,10.7,0.015,187158165,LOCKED
65445,3130.125,-62284084965171,-59910,0,-27995.3,33550.7,10.7,0.009,187125479,LOCKED
65446,3131.125,-62284084962772,-27283,32627,-28059.6,33730.6,10.4,0.041,187217541,LOCKED
65447,3132.125,-62284084973549,-9036,50874,-28092.0,33728.6,10.4,0.028,187296928,LOCKED
65448,3133.125,-62284084978165,14736,74646,-28131.1,33411.2,10.4,0.016,187383631,LOCKED
65449,3134.125,-62284085015615,5870,65780,-28163.1,33259.3,10.5,0.020,187467540,LOCKED
65450,3135.125,-62284085056249,-5037,54873,-28231.7,32943.7,10.4,0.038,187487208,LOCKED
65451,3136.125,-62284085072309,7128,67038,-28243.2,32905.1,10.3,0.012,187557931,LOCKED
65452,3137.125,-62284085082864,22456,82366,-28164.6,32905.8,10.3,0.000,187635855,LOCKED
65453,3138.125,-62284085118302,15937,75847,-28228.2,32204.2,10.2,0.019,187718714,LOCKED
65454,3139.125,-62284085200455,-35168,24742,-28308.3,32525.3,10.3,0.021,187698188,LOCKED
65455,3140.125,-62284085237100,-42125,17785,-28305.9,32492.6,10.3,0.028,187775477,LOCKED
65456,3141.125,-62284085201066,22473,82383,-28356.1,31890.5,10.0,0.036,187878695,LOCKED
65457,3142.126,-62284085199452,49800,109710,-28309.1,32449.2,9.7,0.043,187966611,LOCKED
65458,3143.125,-62284085313874,-34906,25004,-28320.1,32561.9,9.4,0.049,187938983,LOCKED
65459,3144.125,-62284085305048,965,60875,-28259.0,32235.5,9.1,0.053,188040262,LOCKED
65460,3145.125,-62284085299647,32285,92195,-28197.8,32530.3,9.7,0.071,188022799,LOCKED
65461,3146.126,-62284085399792,-37995,21915,-28216.4,32726.6,9.8,0.080,188123600,LOCKED
65462,3147.126,-62284085393380,-4514,55396,-28152.5,32256.0,10.0,0.088,188219744,LOCKED
65463,3148.126,-62284085391149,25701,85611,-28187.0,31853.1,10.0,0.088,188314806,LOCKED
65464,3149.126,-62284085495377,-45959,13951,-28325.9,32143.5,9.9,0.089,188298650,LOCKED
65465,3150.126,-62284085500327,-21106,38804,-28363.3,32271.0,10.0,0.095,188385321,LOCKED
65466,3151.126,-62284085499119,6669,66579,-28286.1,31882.2,10.1,0.100,188473373,LOCKED
65467,3152.126,-62284085500601,32826,92736,-28309.0,31583.5,10.1,0.099,188562550,LOCKED
65468,3153.126,-62284085507160,51487,111397,-28242.9,32293.8,10.0,0.099,188534156,LOCKED
65469,3154.126,-62284085604762,-18047,41863,-28204.2,31925.4,10.1,0.104,188637697,LOCKED
65470,3155.126,-62284085573908,38607,98517,-28150.4,32335.3,10.2,0.107,188757303,LOCKED
65471,3156.126,-62284085600901,36709,96619,-28061.3,32661.2,10.2,0.110,188710655,LOCKED
65472,3157.126,-62284085698875,-32693,27217,-28031.9,32270.5,10.2,0.110,188814970,LOCKED
65473,3158.126,-62284085697482,-2262,57648,-28077.6,32109.6,9.6,0.112,188905522,LOCKED
65474,3159.126,-62284085694637,26560,86470,-28018.6,32297.2,9.0,0.122,188996937,LOCKED
65475,3160.127,-62284085801828,-51083,8827,-28008.6,32121.3,9.0,0.124,188976846,LOCKED
65476,3161.126,-62284085800804,-19949,39961,-28078.7,32120.3,9.1,0.128,189072413,LOCKED
65477,3162.126,-62284085799564,8528,68438,-28051.5,32127.2,9.2,0.127,189158250,LOCKED
65478,3163.126,-62284085802365,30081,89991,-27919.8,31803.3,8.9,0.131,189136399,LOCKED
65479,3164.126,-62284085910919,-48485,11425,-27940.7,32095.4,9.0,0.131,189227837,LOCKED
65480,3165.127,-62284085861679,28190,88100,-27962.9,31843.9,9.1,0.128,189255472,LOCKED
65481,3166.127,-62284085975708,-52590,7320,-28135.2,32040.2,9.1,0.129,189339169,LOCKED
65482,3167.127,-62284085984865,-30680,29230,-28228.2,32166.6,9.1,0.128,189422180,LOCKED
65483,3168.126,-62284085994273,-9727,50183,-28316.9,31712.2,9.2,0.125,189503074,LOCKED
65484,3169.127,-62284086002053,12116,72026,-28401.3,30681.3,9.2,0.122,189582806,LOCKED
65485,3170.127,-62284086007051,34340,94250,-28400.6,30690.2,9.2,0.121,189667993,LOCKED
65486,3171.127,-62284086051071,17336,77246,-28361.3,30772.7,9.2,0.125,189752093,LOCKED
65487,3172.127,-62284086129596,-32204,27706,-28338.4,30466.7,9.2,0.130,189725892,LOCKED
65488,3173.127,-62284086170020,-40886,19024,-28437.6,30894.9,9.4,0.128,189806649,LOCKED
65489,3174.127,-62284086123011,31866,91776,-28358.2,31143.2,9.8,0.127,189910565,LOCKED
65490,3175.127,-62284086213766,-27882,32028,-28442.0,31255.7,9.8,0.124,189914943,LOCKED
65491,3176.127,-62284086247212,-30039,29871,-28531.9,31388.1,9.9,0.115,189997348,LOCKED
65492,3177.127,-62284086195993,45874,105784,-28419.6,31905.1,10.0,0.114,190110080,LOCKED
65493,3178.127,-62284086305773,-34454,25456,-28413.0,31825.2,10.0,0.110,190090511,LOCKED
65494,3179.127,-62284086300313,412,60322,-28462.5,31586.5,10.0,0.109,190184462,LOCKED
65495,3180.128,-62284086294104,32559,92469,-28392.6,31879.2,10.2,0.102,190282260,LOCKED
65496,3181.127,-62284086302491,48003,107913,-28248.3,32203.7,10.2,0.097,190363160,LOCKED
65497,3182.128,-62284086423658,-43372,16538,-28251.9,32253.4,10.0,0.077,190331900,LOCKED
65498,3183.128,-62284086422020,-11874,48036,-28311.2,32156.2,10.0,0.063,190422213,LOCKED
65499,3184.128,-62284086426042,11765,71675,-28298.8,32189.4,10.0,0.050,190509054,LOCKED
65500,3185.128,-62284086499797,-32737,27173,-28291.2,32101.9,10.1,0.022,190520861,LOCKED
65501,3186.128,-62284086518171,-20111,39799,-28390.9,31828.9,10.0,0.026,190598949,LOCKED
65502,3187.128,-62284086531577,-4171,55739,-28430.9,31732.8,10.0,0.031,190668626,LOCKED
65503,3188.128,-62284086533973,20138,80048,-28379.6,31826.2,9.9,0.020,190757904,LOCKED
65504,3189.128,-62284086540967,37699,97609,-28254.4,31908.3,9.8,0.007,190841960,LOCKED
65505,3190.128,-62284086654097,-42325,17585,-28422.4,31597.0,9.8,0.012,190818334,LOCKED
65506,3191.128,-62284086650282,-8501,51409,-28486.2,31389.9,9.8,0.013,190910457,LOCKED
65507,3192.128,-62284086654484,15172,75082,-28481.5,31411.9,9.8,0.004,190998233,LOCKED
65508,3193.128,-62284086638836,55076,114986,-28365.5,32254.9,9.8,-0.004,191102418,LOCKED
65509,3194.128,-62284086769453,-44266,15644,-28434.8,32804.0,9.9,-0.013,191056262,LOCKED
65510,3195.128,-62284086707246,43650,103560,-28373.5,33314.2,10.0,-0.021,191098338,LOCKED
65511,3196.128,-62284086808819,-27779,32131,-28414.3,33521.4,10.0,-0.027,191197613,LOCKED
65512,3197.128,-62284086809581,-843,59067,-28377.6,33391.4,9.9,-0.032,191289354,LOCKED
65513,3198.128,-62284086816995,18274,78184,-28317.3,33411.6,10.0,-0.038,191367979,LOCKED
65514,3199.128,-62284086830136,32472,92382,-28323.3,33346.7,10.0,-0.036,191446166,LOCKED
65515,3200.129,-62284086841524,47713,107623,-28319.5,33402.1,10.0,-0.033,191523230,LOCKED
65516,3201.129,-62284086953090,-33800,26110,-28348.4,33633.8,10.2,-0.025,191505561,LOCKED
65517,3202.129,-62284086958302,-11546,48364,-28285.8,33052.5,10.3,-0.029,191587268,LOCKED
65518,3203.129,-62284086964095,11434,71344,-28328.8,32726.3,10.3,-0.028,191674429,LOCKED
65519,3204.129,-62284087001699,2049,61959,-28326.8,32727.2,10.3,-0.031,191759271,LOCKED
65520,3205.129,-62284087040012,-8515,51395,-28284.2,32443.0,10.0,-0.022,191775682,LOCKED
65521,3206.129,-62284087058986,1979,61889,-28345.7,32051.3,9.8,-0.019,191847420,LOCKED
65522,3207.129,-62284087055389,31876,91786,-28298.3,32335.7,9.7,-0.020,191942639,LOCKED
65523,3208.129,-62284087091440,21671,81581,-28213.8,32269.0,9.7,-0.018,192022617,LOCKED
65524,3209.129,-62284087164541,-20144,39766,-28331.3,31752.9,9.7,-0.016,192011911,LOCKED
65525,3210.129,-62284087205822,-30026,29884,-28432.1,31795.4,9.7,-0.008,192091807,LOCKED
65526,3211.129,-62284087163782,37843,97753,-28367.2,32207.9,9.5,-0.004,192189887,LOCKED
65527,3212.129,-62284087273374,-41473,18437,-28391.9,32484.8,9.5,-0.005,192172820,LOCKED
65528,3213.129,-62284087265153,-6198,53712,-28315.8,31789.5,9.6,-0.006,192267930,LOCKED
65529,3214.129,-62284087255175,30557,90467,-28291.0,31981.3,9.4,-0.004,192366512,LOCKED
65530,3215.129,-62284087351722,-36669,23241,-28280.6,31844.2,9.2,0.002,192360180,LOCKED
65531,3216.129,-62284087349694,-7467,52443,-28213.7,31252.8,9.0,0.006,192455063,LOCKED
65532,3217.129,-62284087337305,31689,91599,-28195.4,31415.4,9.0,0.007,192553718,LOCKED
65533,3218.129,-62284087346095,47506,107416,-28098.1,32052.6,9.0,0.003,192523286,LOCKED
65534,3219.130,-62284087434469,-13312,46598,-28049.3,31612.8,8.7,0.011,192637049,LOCKED
65535,3220.130,-62284087440657,9179,69089,-28095.5,31266.3,8.7,0.013,192716041,LOCKED
0,3221.130,-62284087446236,29921,89831,-28058.2,31507.6,8.4,0.020,192805649,LOCKED
1,3222.130,-62284087463034,37798,97708,-27954.8,31793.3,8.5,0.017,192765593,LOCKED
2,3223.130,-62284087566016,-36446,23464,-27932.5,31476.8,8.5,0.015,192862223,LOCKED
3,3224.130,-62284087558188,338,60248,-27983.4,31223.2,8.5,0.011,192959294,LOCKED
4,3225.130,-62284087620338,-33156,26754,-27961.2,30926.3,8.5,0.008,192987642,LOCKED
5,3226.130,-62284087636137,-18354,41556,-28060.4,30589.0,8.5,0.004,193059061,LOCKED
6,3227.130,-62284087641357,4949,64859,-28091.5,30441.4,8.5,0.007,193146359,LOCKED
7,3228.130,-62284087647109,25693,85603,-28055.8,30632.0,8.5,0.003,193226946,LOCKED
8,3229.130,-62284087665296,32734,92644,-27971.3,30881.7,8.5,-0.001,193185865,LOCKED
9,3230.130,-62284087778682,-50611,9299,-27988.8,31151.4,8.5,0.004,193275698,LOCKED
10,3231.130,-62284087778476,-21814,38096,-27982.0,31097.2,8.5,0.009,193366382,LOCKED
11,3232.130,-62284087789260,-3520,56390,-28030.0,30931.5,8.5,0.004,193444588,LOCKED
12,3233.130,-62284087783615,29463,89373,-28045.1,30758.1,8.2,0.026,193537391,LOCKED
13,3234.131,-62284087896985,-53410,6500,-28076.7,31233.8,8.2,0.011,193514075,LOCKED
14,3235.130,-62284087871366,1157,61067,-28121.5,31022.8,8.2,0.008,193629341,LOCKED
15,3236.130,-62284087897806,3783,63693,-28174.2,30684.6,8.1,-0.040,193696597,LOCKED
16,3237.130,-62284087901921,24587,84497,-28055.1,30300.0,8.0,-0.054,193774835,LOCKED
17,3238.131,-62284087916757,36499,96409,-28051.7,30342.8,8.0,-0.053,193738214,LOCKED
18,3239.130,-62284088015727,-32111,27799,-28111.6,30653.2,8.0,-0.053,193840967,LOCKED
19,3240.131,-62284088011679,-986,58924,-28059.1,30364.4,7.8,-0.035,193936251,LOCKED
20,3241.131,-62284088014467,20949,80859,-27930.0,29645.4,7.8,-0.033,194022822,LOCKED
21,3242.131,-62284088051309,12458,72368,-27971.5,29286.0,7.8,-0.030,194107825,LOCKED
22,3243.131,-62284088121263,-27319,32591,-28034.4,29497.0,8.1,-0.009,194095384,LOCKED
23,3244.131,-62284088143674,-20747,39163,-28046.4,29571.3,8.1,-0.003,194188429,LOCKED
24,3245.131,-62284088187163,-32783,27127,-28159.3,29594.9,8.2,0.005,194207382,LOCKED
25,3246.131,-62284088218983,-33234,26676,-28261.8,29740.9,8.2,0.011,194258796,LOCKED
26,3247.131,-62284088219585,-4769,55141,-28293.4,29693.3,9.0,0.035,194351861,LOCKED
27,3248.131,-62284088251640,-8361,51549,-28287.9,29673.7,9.0,0.037,194430233,LOCKED
28,3249.131,-62284088314645,-41388,18522,-28302.0,29860.2,8.9,0.040,194534537,LOCKED
29,3250.131,-62284088314431,-10346,43064,-28408.9,29091.0,8.9,0.042,194526421,LOCKED
30,3251.132,-62284088310965,20873,74283,-28411.5,29071.1,8.9,0.045,194618794,LOCKED
31,3252.131,-62284088400947,-38087,15323,-28476.4,29527.2,8.9,0.047,194622513,LOCKED
32,3253.133,-62284088382529,6771,60181,-28387.5,28933.3,8.9,0.049,194728929,LOCKED
33,3254.132,-62284088376951,39921,93331,-28414.0,28473.0,8.8,0.050,194824647,LOCKED
34,3255.131,-62284088403524,37939,91349,-28289.2,28581.9,9.0,0.057,194887581,LOCKED
35,3256.131,-62284088422515,45380,98790,-28273.5,28817.4,9.2,0.063,194844835,LOCKED
36,3257.132,-62284088523705,-25419,27991,-28335.3,28992.7,9.3,0.069,194947769,LOCKED
37,3258.132,-62284088521671,4312,57722,-28311.1,28969.9,9.4,0.073,195036643,LOCKED
38,3259.132,-62284088535225,16979,70389,-28236.6,28854.5,9.4,0.075,195113461,LOCKED
39,3260.132,-62284088534220,41724,95134,-28085.0,28771.6,9.6,0.080,195204336,LOCKED
40,3261.132,-62284088557000,45110,98520,-28065.8,29048.4,9.5,0.088,195158914,LOCKED
41,3262.132,-62284088662010,-29362,24048,-28138.5,29274.9,9.6,0.090,195258613,LOCKED
42,3263.132,-62284088661547,-990,52420,-28125.5,29253.1,9.6,0.092,195347306,LOCKED
43,3264.132,-62284088659919,26911,80321,-28079.3,29480.3,9.7,0.093,195433716,LOCKED
44,3265.132,-62284088728877,-12731,40679,-28118.9,29500.6,9.4,0.098,195455458,LOCKED
45,3266.132,-62284088743512,766,54176,-28120.8,29499.7,9.4,0.100,195532028,LOCKED
46,3267.132,-62284088748694,21171,74581,-28031.5,29362.7,9.5,0.100,195612595,LOCKED
47,3268.132,-62284088753282,40894,94304,-27916.7,29696.4,9.6,0.105,195587553,LOCKED
48,3269.132,-62284088850480,-25959,27451,-27992.8,29810.8,10.7,0.113,195694253,LOCKED
49,3270.132,-62284088853630,52,53462,-28050.4,29474.6,10.5,0.119,195781888,LOCKED
50,3271.132,-62284088844453,33691,87101,-27930.1,29448.1,10.5,0.122,195765530,LOCKED
51,3272.132,-62284088955395,-44677,8733,-28084.0,29491.3,10.6,0.120,195857467,LOCKED
52,3273.132,-62284088941983,-2595,50815,-28108.5,29452.8,10.5,0.118,195959096,LOCKED
53,3274.132,-62284088942743,22284,75694,-28024.2,29399.6,10.6,0.115,196050549,LOCKED
54,3275.133,-62284089041732,-44178,9232,-28172.0,29506.7,10.7,0.119,196035873,LOCKED
55,3276.133,-62284089042909,-15590,37820,-28224.4,29518.8,10.7,0.115,196126824,LOCKED
56,3277.133,-62284089041697,12120,65530,-28159.7,29372.6,10.7,0.111,196219147,LOCKED
57,3278.133,-62284089051074,27350,80760,-28030.5,28931.1,10.6,0.107,196306625,LOCKED
58,3279.133,-62284089143324,-34144,19266,-28107.6,29269.7,10.6,0.111,196296883,LOCKED
59,3280.137,-62284089166342,-27504,25906,-28138.0,29474.7,10.6,0.106,196385206,LOCKED
60,3281.133,-62284089123092,39948,93358,-28011.1,29643.9,10.5,0.100,196493224,LOCKED
61,3282.133,-62284089232918,-40723,12687,-27999.4,29461.7,10.6,0.096,196474755,LOCKED
62,3283.133,-62284089221669,-519,52891,-28045.6,29252.9,10.7,0.103,196571675,LOCKED
63,3284.133,-62284089217679,29191,82601,-27979.9,29498.9,10.7,0.099,196669645,LOCKED
64,3285.133,-62284089262608,12256,65666,-28001.0,29361.2,10.7,0.104,196713390,LOCKED
65,3286.133,-62284089261032,39557,92967,-27955.0,29793.6,11.0,0.065,196805457,LOCKED
66,3287.133,-62284089384387,-52542,868,-28029.8,30606.6,11.0,0.062,196767707,LOCKED
67,3288.133,-62284089378015,-17993,35417,-28007.0,30414.4,11.1,0.031,196863376,LOCKED
68,3289.133,-62284089381171,5001,58411,-27924.0,29874.4,11.0,0.017,196950720,LOCKED
69,3290.133,-62284089380947,32328,85738,-27937.5,29702.0,10.9,0.002,197038131,LOCKED
70,3291.133,-62284089404932,34372,87782,-27900.9,30010.4,11.0,-0.012,196992567,LOCKED
71,3292.134,-62284089510912,-40995,12415,-27966.0,30517.8,10.9,-0.043,197088113,LOCKED
72,3293.133,-62284089505310,-8154,45256,-27916.6,30137.2,10.8,-0.077,197181566,LOCKED
73,3294.134,-62284089511896,13883,67293,-27974.5,29516.6,10.1,-0.151,197267398,LOCKED
74,3295.134,-62284089591241,-35180,18230,-28029.4,29895.9,10.0,-0.152,197274104,LOCKED
75,3296.134,-62284089624060,-37521,15889,-28087.2,30320.8,9.6,-0.140,197338897,LOCKED
76,3297.134,-62284089610836,2628,56038,-28034.4,30092.5,9.5,-0.143,197434808,LOCKED
77,3298.134,-62284089604840,32852,86262,-27902.0,29864.4,9.6,-0.155,197530540,LOCKED
78,3299.134,-62284089715387,-45747,7663,-28024.8,30325.3,9.7,-0.159,197508551,LOCKED
79,3300.135,-62284089721575,-22505,30905,-28056.3,30472.8,9.6,-0.161,197589128,LOCKED
80,3301.134,-62284089728161,-1944,51466,-28008.4,30213.4,9.5,-0.156,197672273,LOCKED
81,3302.134,-62284089728973,22863,76273,-27929.0,30219.6,9.6,-0.144,197762943,LOCKED
82,3303.134,-62284089748165,30120,83530,-27906.4,30405.2,10.2,-0.127,197720920,LOCKED
83,3304.134,-62284089842138,-33214,20196,-27985.4,30695.6,10.5,-0.118,197827764,LOCKED
84,3305.134,-62284089824858,12247,65657,-28015.5,30480.7,10.6,-0.110,197934507,LOCKED
85,3306.135,-62284089843687,21200,74610,-28039.3,30249.6,10.7,-0.109,198005714,LOCKED
86,3307.134,-62284089850874,39618,93028,-27985.7,30699.9,10.3,-0.106,198093560,LOCKED
87,3308.134,-62284089973676,-51199,2211,-28097.0,31432.9,10.3,-0.105,198058216,LOCKED
88,3309.134,-62284089971050,-17481,35929,-28215.1,30785.8,10.3,-0.109,198149365,LOCKED
89,3310.135,-62284090000885,-17007,36403,-28289.8,30676.7,10.4,-0.113,198234177,LOCKED
90,3311.134,-62284089973663,35873,89283,-28220.2,31056.7,10.4,-0.112,198327512,LOCKED
91,3312.135,-62284090088007,-45103,8307,-28398.1,30714.4,10.4,-0.112,198301108,LOCKED
92,3313.134,-62284090074973,-2928,50482,-28429.8,30648.3,10.5,-0.115,198404268,LOCKED
93,3314.135,-62284090065364,32236,85646,-28342.1,30865.5,10.8,-0.122,198499044,LOCKED
94,3315.135,-62284090115550,8987,62397,-28288.0,30746.3,11.1,-0.125,198540907,LOCKED
95,3316.135,-62284090133110,17332,70742,-28199.7,30508.3,11.0,-0.122,198612190,LOCKED
96,3317.135,-62284090138769,38514,91924,-28197.1,30541.8,11.3,-0.123,198585765,LOCKED
97,3318.135,-62284090235721,-28007,25403,-28260.3,30758.5,11.3,-0.122,198689905,LOCKED
98,3319.135,-62284090234701,1019,54429,-28249.5,30750.9,11.3,-0.124,198783294,LOCKED
99,3320.135,-62284090242891,18549,71959,-28156.0,30490.2,11.5,-0.123,198863019,LOCKED
100,3321.135,-62284090252434,33304,86714,-28021.8,30259.4,11.5,-0.120,198943098,LOCKED
101,3322.135,-62284090369850,-51458,1952,-28163.8,30795.3,11.7,-0.118,198914529,LOCKED
102,3323.135,-62284090375850,-27228,26182,-28220.0,31009.6,11.7,-0.119,198997420,LOCKED
103,3324.135,-62284090390786,-13828,39582,-28202.7,30898.9,11.9,-0.116,199073169,LOCKED
104,3325.135,-62284090459775,-50534,2876,-28319.1,31578.2,11.9,-0.116,199093028,LOCKED
105,3326.135,-62284090472571,-32564,20846,-28385.1,31878.8,11.9,-0.116,199171197,LOCKED
106,3327.135,-62284090465755,1912,55322,-28352.7,31800.2,11.8,-0.109,199268036,LOCKED
107,3328.135,-62284090463132,29363,82773,-28228.3,31548.0,11.7,-0.102,199357486,LOCKED
108,3329.135,-62284090482944,36105,89515,-28206.1,31767.4,10.7,-0.078,199316806,LOCKED
109,3330.135,-62284090575846,-26774,26636,-28250.9,31974.4,10.7,-0.076,199425760,LOCKED
110,3331.136,-62284090581063,-4757,48653,-28192.9,31565.9,10.7,-0.073,199508918,LOCKED
111,3332.136,-62284090589201,15718,69128,-28239.8,31107.8,10.6,-0.061,199590255,LOCKED
112,3333.135,-62284090599818,31280,84690,-28190.6,31393.5,10.8,-0.055,199668960,LOCKED
113,3334.136,-62284090621838,34178,87588,-28086.6,31551.0,10.6,-0.039,199626846,LOCKED
114,3335.136,-62284090679528,5705,59115,-28151.7,31020.1,10.4,-0.020,199769853,LOCKED
115,3336.135,-62284090703556,9811,63221,-28167.2,30945.4,10.4,-0.015,199835179,LOCKED
116,3337.135,-62284090708724,30349,83759,-28096.8,31190.3,10.3,-0.005,199920411,LOCKED
117,3338.136,-62284090814128,-44914,8496,-28122.4,31513.7,10.5,-0.020,199902805,LOCKED
118,3339.136,-62284090835503,-34574,18836,-28241.5,31538.3,10.6,-0.032,199972247,LOCKED
119,3340.136,-62284090827521,2598,56008,-28292.4,31245.9,10.6,-0.040,200067753,LOCKED
120,3341.136,-62284090862967,-5519,47891,-28235.9,30831.1,10.7,-0.047,200148918,LOCKED
121,3342.136,-62284090931313,-41282,12128,-28380.8,30828.5,10.8,-0.038,200124079,LOCKED
122,3343.136,-62284090943903,-23630,29780,-28433.0,30984.0,10.9,-0.031,200221472,LOCKED
123,3344.136,-62284090936673,10415,63825,-28370.8,30829.2,10.9,-0.040,200318211,LOCKED
124,3345.136,-62284090985615,-9849,43561,-28369.5,30824.5,10.8,-0.029,200359339,LOCKED
125,3346.136,-62284091037464,-32526,20884,-28354.7,30639.2,10.9,-0.016,200441786,LOCKED
126,3347.136,-62284090983428,48368,101778,-28361.7,30517.4,10.9,-0.020,200541178,LOCKED
127,3348.136,-62284091091639,-28782,24628,-28446.5,30651.8,10.9,-0.021,200519299,LOCKED
128,3349.136,-62284091078049,12281,65691,-28419.1,30693.8,10.8,-0.023,200621269,LOCKED
129,3350.136,-62284091060791,53101,106511,-28268.7,31216.0,10.7,-0.026,200730630,LOCKED
130,3351.136,-62284091184184,-40661,12749,-28268.0,31205.3,10.7,-0.026,200694812,LOCKED
131,3352.137,-62284091177758,-4406,49004,-28337.4,30842.9,10.7,-0.026,200793352,LOCKED
132,3353.136,-62284091170772,29036,82446,-28293.3,31089.4,10.7,-0.027,200889600,LOCKED
133,3354.137,-62284091184150,40473,93883,-28189.7,31470.2,10.5,-0.027,200853637,LOCKED
134,3355.137,-62284091264673,-10096,43314,-28259.6,31238.9,10.7,-0.034,200974910,LOCKED
135,3356.137,-62284091301479,-16203,37207,-28352.6,30915.0,10.7,-0.041,201032174,LOCKED
136,3357.137,-62284091293469,18794,72204,-28316.7,31019.4,10.7,-0.041,201123709,LOCKED
137,3358.137,-62284091293661,42643,96053,-28177.6,31158.4,10.7,-0.048,201214958,LOCKED
138,3359.137,-62284091415472,-46290,7120,-28331.6,31281.2,10.6,-0.048,201184407,LOCKED
139,3360.137,-62284091408605,-9571,43839,-28390.4,31138.7,10.6,-0.048,201279896,LOCKED
140,3361.137,-62284091407014,19221,72631,-28364.0,31242.8,10.6,-0.047,201371555,LOCKED
141,3362.137,-62284091412964,38135,91545,-28255.4,31503.9,10.2,-0.043,201456238,LOCKED
142,3363.137,-62284091522338,-41384,12026,-28265.1,31628.4,9.2,-0.033,201436374,LOCKED
143,3364.138,-62284091528946,-17484,35926,-28346.2,31474.9,8.7,-0.029,201517107,LOCKED
144,3365.137,-62284091510315,27103,80513,-28273.9,31630.9,8.1,-0.024,201627600,LOCKED
145,3366.137,-62284091524523,37639,91049,-28163.0,31852.4,8.0,-0.021,201589012,LOCKED
146,3367.137,-62284091625481,-34525,18885,-28136.5,31481.1,7.8,-0.018,201689435,LOCKED
147,3368.137,-62284091630287,-9041,44369,-28227.3,30965.0,7.8,-0.011,201776876,LOCKED
148,3369.137,-62284091611867,35668,89078,-28191.5,31273.4,7.8,-0.011,201885982,LOCKED
149,3370.137,-62284091628874,44361,96903,-28142.9,31768.0,7.8,-0.011,201844892,LOCKED
150,3371.137,-62284091740820,-38183,14359,-28141.2,31746.4,7.7,-0.007,201936678,LOCKED
151,3372.138,-62284091718014,13458,66000,-28197.7,31187.6,7.5,-0.002,202051149,LOCKED
152,3373.138,-62284091750224,9070,61612,-28194.4,31196.7,7.5,-0.001,202133318,LOCKED
153,3374.138,-62284091832570,-43166,9376,-28216.6,31471.9,7.5,-0.004,202112559,LOCKED
154,3375.138,-62284091809305,7473,60015,-28187.6,31464.2,7.4,-0.009,202155223,LOCKED
155,3376.138,-62284091901711,-53742,0,-28245.7,32178.1,7.2,-0.004,202222799,LOCKED
156,3377.138,-62284091916892,-39456,14286,-28240.0,32101.5,7.2,-0.010,202296159,LOCKED
157,3378.138,-62284091943720,-34755,18987,-28343.8,32276.3,7.2,-0.010,202372267,LOCKED
158,3379.138,-62284091914708,21065,74807,-28303.4,32401.7,7.2,-0.010,202477920,LOCKED
159,3380.139,-62284091915710,44455,98197,-28185.2,32811.3,7.2,-0.017,202454570,LOCKED
160,3381.138,-62284092021854,-32818,20924,-28164.2,32548.7,7.4,-0.018,202546656,LOCKED
161,3382.139,-62284092006439,11478,65220,-28218.6,32070.9,7.3,-0.027,202656522,LOCKED
162,3383.139,-62284092003629,40503,94245,-28187.6,32391.1,7.3,-0.028,202745674,LOCKED
163,3384.139,-62284092111229,-36055,17687,-28267.8,32732.4,7.1,-0.039,202731931,LOCKED
164,3385.138,-62284092074181,29105,82847,-28308.7,32193.1,7.1,-0.041,202855719,LOCKED
165,3386.139,-62284092090354,39875,93617,-28308.0,32201.7,7.6,-0.037,202928474,LOCKED
166,3387.139,-62284092206160,-44336,9406,-28395.7,32750.6,7.5,-0.027,202903197,LOCKED
167,3388.139,-62284092206777,-16259,37483,-28383.3,32671.5,7.5,-0.030,202993887,LOCKED
168,3389.139,-62284092202731,14020,67762,-28300.9,32419.4,7.6,-0.047,203088796,LOCKED
169,3390.139,-62284092196751,46122,99864,-28270.7,32785.6,7.6,-0.063,203182334,LOCKED
170,3391.139,-62284092212925,54638,108380,-28185.7,33604.3,7.6,-0.061,203142378,LOCKED
171,3392.139,-62284092313665,-17265,36477,-28188.9,33620.9,7.9,-0.046,203244046,LOCKED
172,3393.139,-62284092314481,8336,62078,-28115.7,33332.2,7.8,-0.047,203332518,LOCKED
173,3394.139,-62284092313263,33815,87557,-27982.5,33156.4,7.8,-0.050,203424935,LOCKED
174,3395.139,-62284092393188,-17502,36240,-27984.1,33165.1,7.9,-0.067,203430636,LOCKED
175,3396.139,-62284092392071,10143,63885,-27929.3,33070.2,7.9,-0.067,203524994,LOCKED
176,3397.139,-62284092394205,32079,85821,-27793.0,32774.5,8.1,-0.060,203610421,LOCKED
177,3398.139,-62284092518199,-59031,0,-27945.0,33531.3,8.7,-0.029,203578285,LOCKED
178,3399.139,-62284092523539,-33221,25810,-28047.2,33661.4,8.6,-0.015,203659585,LOCKED
179,3400.139,-62284092506575,10756,69787,-28014.3,33675.5,8.6,-0.003,203763237,LOCKED
180,3401.139,-62284092517929,25583,84614,-27966.8,33853.6,8.4,-0.002,203840228,LOCKED
181,3402.139,-62284092524336,45339,104370,-27953.7,34023.1,8.4,0.005,203813198,LOCKED
182,3403.139,-62284092629797,-29294,29737,-28046.2,34105.9,8.4,0.011,203909492,LOCKED
183,3404.140,-62284092624979,3035,62066,-28024.9,34086.0,8.8,0.025,204006838,LOCKED
184,3405.139,-62284092629519,25164,84195,-28000.2,34223.9,8.9,0.030,204089631,LOCKED
185,3406.140,-62284092641326,39828,98859,-27991.4,34324.9,8.9,0.035,204165411,LOCKED
186,3407.140,-62284092757475,-46728,12303,-27992.2,34337.2,8.9,0.039,204137826,LOCKED
187,3408.140,-62284092762305,-20953,38078,-28085.8,34172.3,9.0,0.043,204222969,LOCKED
188,3409.140,-62284092773859,-4341,54690,-28082.5,34166.8,9.3,0.052,204302587,LOCKED
189,3410.140,-62284092810071,-13388,45643,-28015.1,33482.6,10.1,0.065,204384394,LOCKED
190,3411.140,-62284092870151,-41151,17880,-28158.0,33499.7,10.1,0.067,204371229,LOCKED
191,3412.140,-62284092890668,-30995,28036,-28230.1,33735.3,10.1,0.069,204453830,LOCKED
192,3413.140,-62284092877686,8775,67806,-28173.8,33607.4,10.1,0.071,204558292,LOCKED
193,3414.140,-62284092867672,42573,101604,-28028.9,33664.3,10.1,0.072,204544405,LOCKED
194,3415.140,-62284092912604,24272,83303,-28000.6,33807.3,9.9,0.071,204702158,LOCKED
195,3416.140,-62284092928782,34302,93333,-27969.6,34051.8,9.7,0.069,204780044,LOCKED
196,3417.140,-62284093028203,-35381,23650,-27997.6,34288.0,9.7,0.069,204764380,LOCKED
197,3418.141,-62284093023345,-3938,55093,-27921.6,33685.1,9.5,0.063,204859564,LOCKED
198,3419.140,-62284093026529,20895,79926,-27961.1,33285.8,9.6,0.060,204949577,LOCKED
199,3420.140,-62284093137699,-57899,1132,-28081.7,34169.8,9.6,0.057,204924428,LOCKED
200,3421.141,-62284093147280,-37368,21663,-28119.2,34476.5,9.6,0.054,205003435,LOCKED
201,3422.141,-62284093150294,-12729,46302,-28075.1,34133.7,9.6,0.054,205091811,LOCKED
202,3423.141,-62284093150842,15209,74240,-28120.6,33735.3,9.6,0.055,205179990,LOCKED
203,3424.141,-62284093161598,31189,90220,-28104.6,33868.4,9.6,0.053,205255840,LOCKED
204,3425.141,-62284093243170,-21640,37391,-28099.9,33835.1,9.6,0.052,205266626,LOCKED
205,3426.141,-62284093245993,2097,61128,-28027.6,33416.8,9.7,0.049,205354283,LOCKED
206,3427.140,-62284093243552,31482,90513,-28026.8,33424.7,9.7,0.047,205444411,LOCKED
207,3428.141,-62284093367956,-60381,0,-28148.2,34394.8,9.7,0.051,205412138,LOCKED
208,3429.141,-62284093370770,-33934,26447,-28146.4,34375.8,9.7,0.049,205495953,LOCKED
209,3430.141,-62284093369112,-5438,54943,-28072.9,33777.7,9.9,0.047,205587459,LOCKED
210,3431.141,-62284093375276,16514,76895,-28102.6,33546.0,9.9,0.044,205669023,LOCKED
211,3432.141,-62284093374684,41745,102126,-28001.8,33954.5,9.9,0.040,205759790,LOCKED
212,3433.141,-62284093498869,-51368,9013,-28067.2,34610.7,9.9,0.037,205723929,LOCKED
213,3434.141,-62284093509225,-30101,30280,-28191.9,34402.9,9.9,0.042,205802653,LOCKED
214,3435.141,-62284093546558,-36906,23475,-28245.2,34754.9,9.9,0.039,205856043,LOCKED
215,3436.141,-62284093554803,-13856,46525,-28372.1,33886.2,9.9,0.034,205938107,LOCKED
216,3437.141,-62284093552375,17506,77887,-28428.9,33286.7,9.9,0.014,206028404,LOCKED
217,3438.141,-62284093547155,49533,109914,-28431.8,33241.7,9.9,0.009,206123494,LOCKED
218,3439.141,-62284093578696,43255,103636,-28348.0,33751.1,9.9,0.003,206070806,LOCKED
219,3440.142,-62284093685502,-34038,26343,-28348.6,33757.2,9.9,0.010,206168826,LOCKED
220,3441.142,-62284093705284,-22383,37998,-28463.2,33388.0,10.0,0.002,206243495,LOCKED
221,3442.142,-62284093684905,24834,85215,-28424.6,33555.7,10.2,-0.021,206347075,LOCKED
222,3443.142,-62284093783529,-43384,16997,-28449.8,33839.6,10.2,-0.040,206337617,LOCKED
223,3444.142,-62284093774477,-3846,56535,-28543.5,33166.1,10.1,-0.042,206437043,LOCKED
224,3445.142,-62284093843839,-42173,18208,-28595.7,33614.9,10.2,-0.077,206453919,LOCKED
225,3446.142,-62284093843255,-12953,47428,-28576.1,33500.5,10.1,-0.063,206547329,LOCKED
226,3447.142,-62284093833067,26194,86575,-28638.6,32625.2,10.1,-0.071,206647769,LOCKED
227,3448.142,-62284093829027,56284,116665,-28605.1,33125.7,10.0,-0.082,206629962,LOCKED
228,3449.142,-62284093922013,-7400,52981,-28627.1,33133.7,9.7,-0.080,206739245,LOCKED
229,3450.142,-62284093927981,13305,73686,-28553.1,32950.6,9.5,-0.066,206824024,LOCKED
230,3451.142,-62284093922561,42746,103127,-28401.5,32926.8,9.4,-0.068,206918680,LOCKED
231,3452.142,-62284093942340,48830,109211,-28358.1,33428.8,9.6,-0.083,206873788,LOCKED
232,3453.142,-62284094039532,-18822,41559,-28384.8,33522.8,9.6,-0.086,206979610,LOCKED
233,3454.142,-62284094044504,3200,63581,-28321.8,33229.5,9.6,-0.079,207064148,LOCKED
234,3455.142,-62284094117222,-37968,22413,-28417.2,33552.6,9.3,-0.080,207085418,LOCKED
235,3456.142,-62284094135444,-26319,34062,-28444.8,33711.9,9.0,-0.074,207154038,LOCKED
236,3457.142,-62284094146220,-9310,51071,-28396.9,33366.0,9.0,-0.077,207230962,LOCKED
237,3458.143,-62284094152399,13958,74339,-28471.8,32520.6,8.8,-0.072,207314426,LOCKED
238,3459.143,-62284094153807,39589,99970,-28467.3,32576.4,8.8,-0.068,207405155,LOCKED
239,3460.142,-62284094176589,42088,102469,-28380.8,33059.3,8.9,-0.064,207360331,LOCKED
240,3461.143,-62284094271563,-23788,36593,-28376.4,33024.5,8.8,-0.067,207462603,LOCKED
241,3462.143,-62284094274007,364,60745,-28289.5,32340.8,8.9,-0.064,207552449,LOCKED
242,3463.142,-62284094275963,25778,86159,-28287.2,32359.0,8.9,-0.061,207642040,LOCKED
243,3464.143,-62284094278765,47670,108051,-28189.9,32983.1,8.7,-0.061,207615461,LOCKED
244,3465.143,-62284094318112,33015,93396,-28073.0,32970.2,8.7,-0.062,207666774,LOCKED
245,3466.143,-62284094427260,-46719,13662,-28061.1,32779.6,8.7,-0.063,207760891,LOCKED
246,3467.143,-62284094433670,-22353,38028,-28157.3,32622.0,8.9,-0.068,207843628,LOCKED
247,3468.144,-62284094436289,3387,63768,-28172.9,32582.7,9.0,-0.065,207930053,LOCKED
248,3469.143,-62284094428032,37107,97488,-28101.5,32966.4,8.7,-0.062,208026147,LOCKED
249,3470.143,-62284094468871,22882,83263,-28066.5,33110.2,7.9,-0.057,207976311,LOCKED
250,3471.143,-62284094549617,-26716,33665,-28173.5,32980.7,8.1,-0.059,208083167,LOCKED
251,3472.143,-62284094583449,-29269,31112,-28277.4,32968.5,8.3,-0.061,208176006,LOCKED
252,3473.143,-62284094538235,41076,101457,-28191.1,33418.8,8.5,-0.062,208271896,LOCKED
253,3474.143,-62284094642464,-34301,26080,-28166.5,33096.6,8.7,-0.063,208260436,LOCKED
254,3475.143,-62284094603972,29129,89510,-28056.2,33015.8,8.9,-0.063,208388816,LOCKED
255,3476.143,-62284094719144,-55849,4532,-28068.3,33215.7,9.5,-0.064,208463342,LOCKED
256,3477.144,-62284094718776,-24933,35448,-28148.7,33266.5,9.6,-0.063,208450844,LOCKED
257,3478.143,-62284094708144,12623,73004,-28109.5,33284.5,10.2,-0.068,208550744,LOCKED
258,3479.143,-62284094704496,40302,100683,-27976.1,33379.7,10.3,-0.071,208648796,LOCKED
259,3480.143,-62284094820692,-43352,17029,-28128.4,33376.4,10.5,-0.074,208620858,LOCKED
260,3481.144,-62284094808657,-1998,58383,-28183.6,33136.0,10.6,-0.077,208719916,LOCKED
261,3482.144,-62284094813271,20385,80766,-28159.2,33239.8,10.7,-0.073,208805173,LOCKED
262,3483.144,-62284094812433,45457,105838,-28041.9,33682.8,11.1,-0.075,208896422,LOCKED
263,3484.144,-62284094919024,-32335,28046,-28025.3,33489.7,11.1,-0.078,208880350,LOCKED
264,3485.144,-62284094878548,34147,94528,-27982.9,33782.1,11.2,-0.072,209009150,LOCKED
265,3486.144,-62284095004395,-60097,284,-28060.7,34688.3,11.6,-0.072,208971500,LOCKED
266,3487.144,-62284095004579,-31631,28750,-28037.0,34411.0,12.0,-0.063,209063243,LOCKED
267,3488.145,-62284095001776,901,61282,-28121.7,33756.6,12.3,-0.051,209153376,LOCKED
268,3489.144,-62284095003330,26591,86972,-28122.9,33746.6,12.3,-0.039,209238414,LOCKED
269,3490.144,-62284095012894,42162,102543,-28046.2,34228.2,11.9,-0.016,209317431,LOCKED
270,3491.144,-62284095141690,-55613,4768,-28099.8,34885.9,11.8,0.002,209280927,LOCKED
271,3492.144,-62284095134674,-20948,39433,-28042.7,34239.3,11.6,0.021,209377916,LOCKED
272,3493.146,-62284095140238,2753,63134,-28107.4,33815.0,11.7,0.010,209459673,LOCKED
273,3494.144,-62284095136433,33231,93612,-28092.3,33951.2,11.8,0.002,209554655,LOCKED
274,3495.145,-62284095163407,33260,93641,-28094.1,33931.5,11.8,0.009,209615053,LOCKED
275,3496.145,-62284095188554,34375,94756,-28061.4,34184.7,11.6,0.017,209567951,LOCKED
276,3497.144,-62284095295981,-42562,17819,-28109.8,34610.5,11.0,0.043,209664015,LOCKED
277,3498.145,-62284095303139,-21798,38583,-28064.3,34125.4,11.3,0.029,209745469,LOCKED
278,3499.145,-62284095299918,7308,67689,-27969.3,33541.7,11.3,0.042,209841236,LOCKED
279,3500.144,-62284095299153,34648,95029,-27958.5,33648.8,11.3,0.045,209929627,LOCKED
280,3501.145,-62284095332376,28173,88554,-27945.9,33745.0,11.4,0.034,209892330,LOCKED
281,3502.145,-62284095409906,-20913,39468,-27935.5,33667.7,11.4,0.027,209994855,LOCKED
282,3503.145,-62284095460536,-39347,21034,-28079.5,33591.5,11.4,0.019,210071801,LOCKED
283,3504.145,-62284095421873,25946,86327,-28051.5,33748.6,11.2,0.011,210162557,LOCKED
284,3505.145,-62284095486225,-7979,52402,-28155.0,33046.5,11.2,0.006,210186212,LOCKED
285,3506.145,-62284095509406,-1938,58443,-28204.2,32856.2,11.3,0.001,210269622,LOCKED
286,3507.145,-62284095572200,-34498,25883,-28246.5,33158.7,11.0,0.004,210256279,LOCKED
287,3508.145,-62284095606412,-39236,21145,-28241.5,33093.2,11.0,-0.008,210337908,LOCKED
288,3509.146,-62284095602381,-5808,54573,-28288.6,32978.5,11.0,-0.011,210429824,LOCKED
289,3510.145,-62284095585381,36928,97309,-28224.6,33357.5,10.8,-0.006,210539640,LOCKED
290,3511.146,-62284095700949,-48287,12094,-28248.8,33671.6,10.7,-0.008,210511191,LOCKED
291,3512.146,-62284095695152,-14770,45611,-28198.2,33206.6,10.8,-0.005,210611337,LOCKED
292,3513.146,-62284095695504,12987,73368,-28215.5,33108.4,10.9,-0.012,210702845,LOCKED
293,3514.146,-62284095689298,44350,104731,-28139.0,33651.6,10.6,-0.011,210794594,LOCKED
294,3515.146,-62284095772491,-8549,51832,-28230.7,33142.8,10.6,-0.012,210801026,LOCKED
295,3516.146,-62284095786868,6197,66578,-28284.9,32768.1,10.3,-0.010,210875907,LOCKED
296,3517.146,-62284095789498,30513,90894,-28270.0,32894.1,10.2,-0.010,210963983,LOCKED
297,3518.146,-62284095803028,42321,102702,-28196.3,33392.3,9.9,-0.003,210927771,LOCKED
298,3519.146,-62284095901448,-27021,33360,-28194.7,33378.1,9.7,-0.004,211030194,LOCKED
299,3520.146,-62284095905613,-3942,56439,-28141.3,33054.8,9.3,0.001,211117347,LOCKED
300,3521.146,-62284095909777,19740,80121,-28159.7,32908.2,9.2,0.003,211201543,LOCKED
301,3522.146,-62284095922975,32643,93024,-28112.9,33195.8,8.9,0.011,211164817,LOCKED
302,3523.146,-62284096030155,-44106,16275,-28153.4,33611.0,8.3,0.017,211260811,LOCKED
303,3524.146,-62284096030331,-16621,43760,-28101.4,33096.4,8.3,0.022,211347664,LOCKED
304,3525.146,-62284096088465,-44873,15508,-28114.2,33262.8,8.2,0.026,211375512,LOCKED
305,3526.146,-62284096108272,-32775,27606,-28246.0,33061.5,8.0,0.030,211449542,LOCKED
306,3527.146,-62284096108490,-3615,56766,-28295.6,32894.8,8.0,0.030,211536842,LOCKED
307,3528.146,-62284096110623,21109,81490,-28260.1,33019.3,7.4,0.039,211623054,LOCKED
308,3529.146,-62284096118665,37428,97809,-28130.7,33041.4,7.2,0.045,211593561,LOCKED
309,3530.147,-62284096230843,-44505,15876,-28160.5,33381.1,7.6,0.053,211686791,LOCKED
310,3531.147,-62284096241177,-24118,36263,-28246.2,33372.6,8.2,0.055,211765645,LOCKED
311,3532.147,-62284096249195,-2540,57841,-28308.4,33073.7,8.7,0.056,211848397,LOCKED
312,3533.146,-62284096248737,23247,83628,-28200.6,32816.0,8.8,0.057,211935562,LOCKED
313,3534.147,-62284096245136,52612,112993,-28168.5,33259.9,8.9,0.058,211916530,LOCKED
314,3535.147,-62284096313488,10559,70940,-28094.2,33008.9,9.0,0.058,212051055,LOCKED
315,3536.147,-62284096346065,7436,67817,-28173.4,32241.1,9.3,0.049,212112202,LOCKED
316,3537.147,-62284096347685,32696,93077,-28164.3,32330.3,9.4,0.048,212083002,LOCKED
317,3538.147,-62284096457696,-46306,14075,-28227.0,32905.0,9.3,0.037,212177427,LOCKED
318,3539.147,-62284096459650,-20113,40268,-28189.5,32533.7,9.4,0.034,212260814,LOCKED
319,3540.147,-62284096486520,-16094,44287,-28295.5,32046.3,9.5,0.031,212343477,LOCKED
320,3541.147,-62284096487493,10754,71135,-28290.1,32062.7,9.9,0.025,212412444,LOCKED
321,3542.147,-62284096484297,38965,99346,-28193.9,32424.9,9.9,0.019,212506233,LOCKED
322,3543.147,-62284096588441,-36160,24221,-28174.3,32157.1,9.7,-0.001,212493553,LOCKED
323,3544.147,-62284096577647,3593,63974,-28218.8,31918.4,9.9,0.039,212591228,LOCKED
324,3545.147,-62284096671000,-58799,1582,-28255.7,32499.4,10.1,0.059,212589434,LOCKED
325,3546.147,-62284096673445,-28867,31514,-28410.2,31729.8,10.5,0.079,212677453,LOCKED
326,3547.148,-62284096663629,9958,70339,-28456.3,31375.7,10.5,0.078,212777553,LOCKED
327,3548.148,-62284096653224,45881,105978,-28388.3,31973.8,10.5,0.076,212877310,LOCKED
328,3549.148,-62284096759390,-30518,29579,-28405.2,32116.5,10.9,0.102,212858623,LOCKED
329,3550.148,-62284096743383,11655,71752,-28314.5,31691.7,11.0,0.148,212966337,LOCKED
330,3551.148,-62284096740337,42125,102222,-28341.0,31252.8,11.6,0.193,212945173,LOCKED
331,3552.152,-62284096838509,-25093,35004,-28427.6,31263.9,12.7,0.237,213047836,LOCKED
332,3553.148,-62284096828141,12946,73043,-28412.0,31308.5,12.9,0.266,213150570,LOCKED
333,3554.148,-62284096817121,48027,108124,-28278.1,31748.1,12.9,0.279,213248679,LOCKED
334,3555.148,-62284096927810,-33259,26838,-28278.0,31746.6,12.9,0.288,213227566,LOCKED
335,3556.148,-62284096931070,-8958,51139,-28227.7,31357.0,12.8,0.287,213308638,LOCKED
336,3557.148,-62284096928058,22143,82240,-28257.8,31045.3,12.6,0.287,213408116,LOCKED
337,3558.148,-62284096937264,39187,99284,-28224.5,31379.0,12.2,0.287,213373295,LOCKED
338,3559.148,-62284097025626,-19964,40133,-28239.7,31458.6,12.2,0.293,213487180,LOCKED
339,3560.148,-62284097019759,11877,71974,-28148.1,31019.2,12.2,0.285,213582809,LOCKED
340,3561.148,-62284097028728,27752,87849,-28031.8,30806.3,12.1,0.284,213665690,LOCKED
341,3562.148,-62284097138916,-50622,9475,-28133.4,31548.4,12.0,0.289,213643751,LOCKED
342,3563.148,-62284097149708,-30046,30051,-28242.4,31510.8,11.9,0.287,213721470,LOCKED
343,3564.148,-62284097146128,611,60708,-28186.1,31219.4,11.8,0.285,213817663,LOCKED
344,3565.148,-62284097230672,-52040,8057,-28281.7,32007.5,11.6,0.283,213822247,LOCKED
345,3566.149,-62284097254848,-44837,15260,-28359.2,32581.3,11.5,0.281,213886388,LOCKED
346,3567.148,-62284097248682,-8462,51635,-28436.1,32245.6,11.6,0.275,213981123,LOCKED
347,3568.148,-62284097246054,22596,82693,-28473.5,31837.3,11.5,0.280,214075390,LOCKED
348,3569.149,-62284097244602,49562,109659,-28410.6,32488.0,11.5,0.281,214166926,LOCKED
349,3570.149,-62284097369026,-44516,15581,-28431.5,32748.5,11.5,0.281,214131017,LOCKED
350,3571.149,-62284097364590,-9094,51003,-28542.0,31944.0,11.3,0.277,214226375,LOCKED
351,3572.149,-62284097354959,27975,88072,-28534.4,32008.6,11.3,0.277,214324851,LOCKED
352,3573.148,-62284097389601,20316,80413,-28491.9,32122.9,10.9,0.270,214408296,LOCKED
353,3574.149,-62284097466339,-27434,32663,-28470.6,31888.0,11.1,0.272,214390820,LOCKED
354,3575.149,-62284097457739,9455,69552,-28477.4,31862.3,11.0,0.268,214521713,LOCKED
355,3576.149,-62284097441667,50487,110584,-28388.6,32591.6,10.8,0.264,214485747,LOCKED
356,3577.149,-62284097543101,-22016,38081,-28378.6,32511.1,10.7,0.259,214587192,LOCKED
357,3578.149,-62284097556527,-8061,52036,-28316.1,31983.1,10.7,0.258,214673293,LOCKED
358,3579.149,-62284097620517,-40104,19993,-28427.8,32284.4,10.1,0.248,214782068,LOCKED
359,3580.149,-62284097634459,-23871,36226,-28473.9,32445.0,9.9,0.243,214765172,LOCKED
360,3581.150,-62284097625237,12231,72328,-28415.9,32363.9,9.8,0.236,214862917,LOCKED
361,3582.149,-62284097615470,45871,105968,-28269.0,32552.4,9.9,0.236,214962396,LOCKED
362,3583.149,-62284097735214,-41416,18681,-28405.9,32656.9,9.7,0.229,214932181,LOCKED
363,3584.149,-62284097719402,3036,63133,-28422.5,32615.5,9.7,0.228,215037707,LOCKED
364,3585.149,-62284097767947,-14544,45553,-28523.3,32150.5,9.5,0.220,215076488,LOCKED
365,3586.149,-62284097774359,8333,68430,-28574.8,31759.5,9.3,0.211,215158699,LOCKED
366,3587.149,-62284097778153,31351,91448,-28540.4,32004.1,9.0,0.201,215249504,LOCKED
367,3588.149,-62284097782907,51052,111149,-28424.6,32683.0,8.9,0.189,215333955,LOCKED
368,3589.149,-62284097891471,-28471,31626,-28407.5,32498.5,8.7,0.176,215317282,LOCKED
369,3590.150,-62284097890893,1944,62041,-28481.0,31948.6,9.2,0.179,215409764,LOCKED
370,3591.149,-62284097885901,34071,94168,-28471.6,32045.5,10.2,0.179,215502350,LOCKED
371,3592.150,-62284097992041,-40461,19636,-28558.4,32489.9,10.3,0.183,215483333,LOCKED
372,3593.150,-62284097993038,-12657,47440,-28549.2,32444.4,10.4,0.175,215573373,LOCKED
373,3594.150,-62284097989592,16386,76483,-28431.3,31779.3,10.3,0.169,215666051,LOCKED
374,3595.150,-62284098054762,-19531,40566,-28439.2,31824.3,10.3,0.152,215693590,LOCKED
375,3596.150,-62284098082537,-18015,42082,-28451.1,31881.6,10.3,0.150,215758308,LOCKED
376,3597.150,-62284098074915,15610,75707,-28356.7,31527.5,10.3,0.136,215850753,LOCKED
377,3598.150,-62284098085076,32948,93045,-28369.4,31371.6,10.4,0.109,215929238,LOCKED
378,3599.150,-62284098097500,46228,106325,-28315.4,31924.9,10.3,0.096,215895488,LOCKED
379,3600.150,-62284098184636,-11328,48769,-28358.7,31910.1,10.3,0.069,216007470,LOCKED
380,3601.150,-62284098185843,14373,74470,-28311.4,31923.6,10.4,0.057,216097711,LOCKED
381,3602.150,-62284098191001,33568,93665,-28172.6,31648.6,10.6,0.013,216183959,LOCKED
382,3603.150,-62284098206216,44369,104466,-28140.5,32022.2,10.3,-0.022,216144015,LOCKED
383,3604.150,-62284098303804,-23869,36228,-28160.2,32139.9,10.3,-0.026,216247621,LOCKED
384,3605.150,-62284098262912,43995,104092,-28175.1,31903.1,10.5,-0.040,216379604,LOCKED
385,3606.150,-62284098289735,43361,103458,-28149.7,32204.2,10.6,-0.055,216328129,LOCKED
386,3607.151,-62284098394933,-31785,28312,-28190.3,32471.0,10.8,-0.066,216425328,LOCKED
387,3608.150,-62284098383939,5362,65459,-28099.1,31854.2,10.8,-0.067,216527434,LOCKED
388,3609.151,-62284098375287,40306,100403,-28077.4,32097.6,10.9,-0.077,216621904,LOCKED
389,3610.151,-62284098498075,-51389,8708,-28140.0,32778.7,10.8,-0.079,216589312,LOCKED
390,3611.151,-62284098500482,-25524,34573,-28104.0,32361.8,10.5,-0.080,216678139,LOCKED
391,3612.151,-62284098512456,-8060,52037,-28156.1,32246.1,9.6,-0.080,216761367,LOCKED
392,3613.151,-62284098583262,-47914,12183,-28213.8,32832.5,9.2,-0.079,216865629,LOCKED
393,3614.151,-62284098603440,-39072,21025,-28188.3,32451.7,9.3,-0.073,216844239,LOCKED
394,3615.151,-62284098618984,-23824,36273,-28276.6,32412.7,9.4,-0.078,216916950,LOCKED
395,3616.151,-62284098615764,7314,67411,-28271.2,32422.8,9.4,-0.078,217008521,LOCKED
396,3617.151,-62284098618940,29401,89498,-28172.2,32460.9,9.5,-0.084,217094490,LOCKED
397,3618.151,-62284098612591,58135,118232,-27984.5,32740.1,9.5,-0.084,217081517,LOCKED
398,3619.151,-62284098714527,-14588,45509,-28020.6,32789.9,9.4,-0.083,217180406,LOCKED
399,3620.151,-62284098708105,17664,77761,-27942.4,32673.0,9.3,-0.090,217277012,LOCKED
400,3621.151,-62284098712933,36512,96609,-27793.4,32385.7,9.4,-0.094,217249260,LOCKED
401,3622.151,-62284098812295,-31801,28296,-27900.5,32429.5,9.5,-0.096,217349330,LOCKED
402,3623.151,-62284098807681,1179,61276,-27925.3,32362.9,9.5,-0.097,217444176,LOCKED
403,3624.152,-62284098810829,23764,83861,-27857.1,32458.4,9.6,-0.101,217531002,LOCKED
404,3625.152,-62284098861774,1953,62050,-27923.2,32009.8,9.7,-0.105,217570012,LOCKED
405,3626.152,-62284098855779,34825,94922,-27929.8,31930.1,9.8,-0.108,217663367,LOCKED
406,3627.152,-62284098966365,-44523,15574,-28018.3,32487.4,9.7,-0.115,217644546,LOCKED
407,3628.152,-62284098958763,-9081,51016,-27994.4,32364.2,9.4,-0.111,217738460,LOCKED
408,3629.152,-62284098956709,17824,77921,-27869.5,31633.8,9.4,-0.108,217829404,LOCKED
409,3630.152,-62284098961281,39740,99837,-27867.8,31655.5,9.3,-0.109,217800591,LOCKED
410,3631.152,-62284099071270,-39366,20731,-27950.5,32086.3,9.4,-0.112,217891326,LOCKED
411,3632.152,-62284099079078,-18902,41195,-27934.8,31965.6,9.5,-0.115,217972383,LOCKED
412,3633.152,-62284099084840,2310,62407,-27891.4,31821.7,9.6,-0.118,218058825,LOCKED
413,3634.152,-62284099086817,27215,87312,-27887.1,31858.4,9.4,-0.109,218142758,LOCKED
414,3635.152,-62284099175953,-32186,27911,-27924.3,32122.4,9.4,-0.111,218148429,LOCKED
415,3636.152,-62284099193548,-22254,37843,-27867.7,31401.9,9.5,-0.113,218217897,LOCKED
416,3637.152,-62284099194171,5200,65297,-27886.6,31334.6,9.6,-0.115,218303822,LOCKED
417,3638.152,-62284099188341,36468,96565,-27827.0,31721.7,9.5,-0.118,218400259,LOCKED
418,3639.152,-62284099309125,-51566,8531,-27983.2,32083.8,9.5,-0.121,218368564,LOCKED
419,3640.152,-62284099312287,-24075,36022,-28074.3,32026.5,9.5,-0.124,218456761,LOCKED
420,3641.153,-62284099296481,18297,78394,-28030.7,32110.2,9.5,-0.128,218560690,LOCKED
421,3642.153,-62284099327094,13176,73273,-27927.8,31561.0,9.6,-0.121,218644685,LOCKED
422,3643.153,-62284099400662,-28930,31167,-28053.4,31271.9,9.7,-0.123,218635029,LOCKED
423,3644.153,-62284099452084,-48804,11293,-28143.9,31964.1,9.8,-0.131,218725051,LOCKED
424,3645.152,-62284099446365,-13131,46966,-28211.0,31831.1,9.7,-0.137,218781921,LOCKED
425,3646.153,-62284099431943,27769,87866,-28172.1,32044.7,9.7,-0.145,218869914,LOCKED
426,3647.153,-62284099480433,6320,66417,-28127.0,31947.7,9.8,-0.130,218946161,LOCKED
427,3648.153,-62284099561119,-44711,15386,-28127.6,31956.8,9.9,-0.106,218921720,LOCKED
428,3649.153,-62284099591797,-43035,17062,-28263.7,32145.4,9.9,-0.084,219012391,LOCKED
429,3650.153,-62284099547407,28016,88113,-28231.6,32343.0,9.5,-0.047,219112901,LOCKED
430,3651.154,-62284099653976,-47845,12252,-28273.6,32829.6,8.2,0.007,219097924,LOCKED
431,3652.153,-62284099645562,-8630,51467,-28383.5,32020.0,8.1,0.048,219196725,LOCKED
432,3653.154,-62284099643730,21206,81303,-28400.2,31877.2,7.6,0.077,219290472,LOCKED
433,3654.153,-62284099651314,39299,99396,-28331.8,32320.8,7.5,0.092,219368376,LOCKED
434,3655.154,-62284099714913,4960,65057,-28385.7,31961.7,7.5,0.073,219398387,LOCKED
435,3656.153,-62284099735496,13180,73277,-28428.2,31605.9,7.4,0.056,219472055,LOCKED
436,3657.153,-62284099721686,51932,112029,-28343.3,32379.6,7.3,0.043,219567880,LOCKED
437,3658.154,-62284099749663,48354,108451,-28230.0,32964.6,7.2,0.044,219517165,LOCKED
438,3659.153,-62284099852871,-26057,34040,-28214.4,32812.5,7.0,0.034,219615228,LOCKED
439,3660.154,-62284099860887,-4729,55368,-28262.1,32676.7,7.0,0.036,219702924,LOCKED
440,3661.153,-62284099863839,19148,79245,-28223.5,32777.7,7.8,0.054,219785354,LOCKED
441,3662.154,-62284099870221,37430,97527,-28110.9,32969.2,7.9,0.064,219754873,LOCKED
442,3663.153,-62284099975596,-38673,21424,-28103.5,32872.8,8.1,0.072,219852859,LOCKED
443,3664.153,-62284099968970,-2854,57243,-28152.3,32699.5,8.2,0.079,219950266,LOCKED
444,3665.154,-62284100056089,-59208,889,-28182.1,33181.8,8.2,0.079,219953211,LOCKED
445,3666.154,-62284100058752,-32979,27118,-28162.1,32935.3,8.2,0.085,220037733,LOCKED
446,3667.154,-62284100067928,-12059,48038,-28237.1,32711.0,8.2,0.084,220118960,LOCKED
447,3668.154,-62284100065672,17037,76245,-28196.8,32782.8,8.2,0.084,220209329,LOCKED
448,3669.154,-62284100063882,42506,101714,-28045.4,32751.0,8.2,0.088,220301814,LOCKED
449,3670.154,-62284100169062,-30831,28377,-28180.8,32411.6,8.3,0.093,220290982,LOCKED
450,3671.154,-62284100163436,3613,62821,-28218.1,32238.3,8.5,0.098,220380498,LOCKED
451,3672.154,-62284100160630,32727,91935,-28178.8,32513.2,8.6,0.102,220471391,LOCKED
452,3673.154,-62284100268796,-42439,16769,-28345.2,32242.6,8.6,0.103,220454464,LOCKED
453,3674.154,-62284100269372,-12068,47140,-28453.0,31578.3,8.3,0.106,220542606,LOCKED
454,3675.154,-62284100243331,41014,100222,-28451.9,31592.7,8.2,0.104,220661558,LOCKED
455,3676.154,-62284100255760,53664,112872,-28375.5,32393.4,8.2,0.105,220736866,LOCKED
456,3677.154,-62284100378309,-38419,20789,-28414.3,32735.8,8.2,0.102,220704743,LOCKED
457,3678.154,-62284100380083,-12708,46500,-28347.4,32045.5,8.1,0.103,220789847,LOCKED
458,3679.155,-62284100376893,18260,77468,-28349.8,32030.4,8.7,0.109,220883681,LOCKED
459,3680.155,-62284100392484,28521,87729,-28274.5,32204.3,9.1,0.111,220971606,LOCKED
460,3681.154,-62284100487425,-36994,22214,-28269.5,32140.8,9.6,0.112,220953954,LOCKED
461,3682.155,-62284100494275,-13570,45638,-28345.4,31938.9,9.6,0.110,221034558,LOCKED
462,3683.155,-62284100487459,20166,79374,-28309.0,32056.0,10.6,0.116,221131438,LOCKED
463,3684.155,-62284100477649,53609,112817,-28168.4,32673.6,10.9,0.114,221230253,LOCKED
464,3685.155,-62284100558046,1039,60247,-28153.3,32657.8,11.7,0.112,221240532,LOCKED
465,3686.155,-62284100559905,24147,83355,-28036.9,32316.4,11.9,0.109,221332540,LOCKED
466,3687.155,-62284100666525,-49680,9528,-28188.0,32639.1,12.1,0.104,221314258,LOCKED
467,3688.155,-62284100649907,-4390,54818,-28204.4,32637.5,12.3,0.098,221420376,LOCKED
468,3689.155,-62284100626897,42954,102162,-28085.7,32983.9,12.5,0.098,221532712,LOCKED
469,3690.155,-62284100743019,-43867,15341,-28072.3,32779.4,12.8,0.097,221502379,LOCKED
470,3691.155,-62284100733441,-4867,54341,-28130.6,32558.7,12.9,0.087,221607315,LOCKED
471,3692.155,-62284100727199,27928,87136,-28099.6,32749.5,12.8,0.077,221701999,LOCKED
472,3693.155,-62284100837371,-51038,8170,-28167.3,33432.4,12.9,0.064,221678592,LOCKED
473,3694.155,-62284100826959,-12903,46305,-28123.9,33085.6,12.8,0.050,221779672,LOCKED
474,3695.155,-62284100891897,-45778,13430,-28241.3,33541.1,12.8,0.047,221804553,LOCKED
475,3696.155,-62284100910120,-32978,26230,-28323.1,33787.8,12.6,0.029,221870186,LOCKED
476,3697.155,-62284100911700,-6227,52981,-28313.2,33759.7,12.4,0.008,221963352,LOCKED
477,3698.156,-62284100914058,16890,76098,-28201.7,33239.1,12.3,0.005,222051982,LOCKED
478,3699.155,-62284100912072,45419,104627,-28195.9,33320.1,12.3,-0.015,222140466,LOCKED
479,3700.155,-62284101032056,-42742,16466,-28303.0,33729.9,12.3,-0.033,222113968,LOCKED
480,3701.156,-62284101024837,-7516,51692,-28275.9,33601.0,12.2,-0.052,222210977,LOCKED
481,3702.156,-62284101028243,15494,74702,-28210.3,33534.6,11.8,-0.085,222296164,LOCKED
482,3703.156,-62284101031005,38991,98199,-28179.3,33826.3,11.3,-0.108,222376842,LOCKED
483,3704.155,-62284101038633,57159,116367,-28157.4,34171.3,11.3,-0.116,222349594,LOCKED
484,3705.156,-62284101115730,8080,67288,-28164.0,34150.9,11.1,-0.131,222476188,LOCKED
485,3706.156,-62284101140132,10066,69274,-28093.4,33931.5,10.7,-0.166,222538098,LOCKED
486,3707.156,-62284101137168,38041,97249,-28005.3,34282.1,10.8,-0.151,222631636,LOCKED
487,3708.156,-62284101150204,50837,110045,-27983.1,34583.0,10.9,-0.139,222598639,LOCKED
488,3709.156,-62284101260121,-27683,31525,-28104.9,34321.4,10.8,-0.139,222688614,LOCKED
489,3710.156,-62284101257953,1527,60735,-28055.1,34127.9,10.8,-0.129,222780926,LOCKED
490,3711.156,-62284101261701,25812,85020,-28097.1,33635.7,10.8,-0.131,222863588,LOCKED
491,3712.156,-62284101270312,42879,102087,-28049.6,34068.7,10.9,-0.124,222941977,LOCKED
492,3713.156,-62284101397260,-52861,6347,-28116.8,34760.7,10.8,-0.126,222908756,LOCKED
493,3714.156,-62284101400460,-27267,31941,-28104.7,34647.6,10.8,-0.121,222997153,LOCKED
494,3715.157,-62284101413090,-11029,48179,-28123.8,34679.9,10.4,-0.123,223103350,LOCKED
495,3716.156,-62284101397008,30777,89985,-28057.1,34917.0,10.0,-0.126,223182836,LOCKED
496,3717.156,-62284101421042,30846,90054,-27914.1,34486.0,9.6,-0.130,223138589,LOCKED
497,3718.156,-62284101507996,-28204,31004,-27866.6,33875.8,9.8,-0.139,223246765,LOCKED
498,3719.156,-62284101541416,-30988,28220,-27951.1,34056.1,9.3,-0.143,223333151,LOCKED
499,3720.156,-62284101593392,-51450,7758,-28040.5,34765.3,9.2,-0.146,223314178,LOCKED
500,3721.156,-62284101611190,-39319,19889,-28067.9,35025.2,9.3,-0.152,223411014,LOCKED
501,3722.156,-62284101596561,1637,60845,-27985.0,34473.1,9.6,-0.158,223514957,LOCKED
502,3723.156,-62284101580783,43398,102606,-27958.9,34758.3,9.8,-0.163,223623021,LOCKED
503,3724.157,-62284101689941,-35531,23677,-28011.3,35083.2,9.8,-0.164,223599354,LOCKED
504,3725.157,-62284101641722,39865,99073,-28036.7,34722.8,9.7,-0.168,223736702,LOCKED
505,3726.156,-62284101661140,46375,105583,-28010.3,35031.9,9.7,-0.169,223695140,LOCKED
506,3727.157,-62284101765477,-27570,31638,-28081.5,35187.0,9.6,-0.173,223793032,LOCKED
507,3728.157,-62284101752095,12476,71684,-28032.6,35165.4,9.6,-0.174,223894982,LOCKED
508,3729.157,-62284101756883,31838,91046,-27894.7,34856.3,9.6,-0.176,223976133,LOCKED
509,3730.157,-62284101769639,44793,104001,-27862.0,35204.7,9.8,-0.179,223945124,LOCKED
510,3731.157,-62284101883590,-38848,20360,-27917.6,35584.6,9.8,-0.180,224030518,LOCKED
511,3732.157,-62284101882778,-10693,48515,-27871.5,35258.5,9.9,-0.180,224120754,LOCKED
512,3733.157,-62284101879378,20611,79819,-27907.5,34925.6,9.8,-0.184,224213511,LOCKED
513,3734.158,-62284101894968,31318,90526,-27880.5,35117.1,9.6,-0.189,224177530,LOCKED
514,3735.157,-62284102018522,-61437,0,-27921.6,35723.6,9.5,-0.195,224255715,LOCKED
515,3736.157,-62284102019548,-34094,27343,-27886.8,35269.5,9.5,-0.201,224345130,LOCKED
516,3737.157,-62284102029122,-13482,47955,-27977.4,34934.5,10.0,-0.207,224424511,LOCKED
517,3738.158,-62284102036674,6995,68432,-27991.6,34887.1,9.7,-0.216,224500582,LOCKED
518,3739.157,-62284102032087,36491,97928,-27900.8,35176.2,10.3,-0.212,224599228,LOCKED
519,3740.158,-62284102153029,-53871,7566,-27942.8,35697.9,10.9,-0.209,224566279,LOCKED
520,3741.158,-62284102158239,-27884,33553,-28056.3,35547.0,11.0,-0.206,224649063,LOCKED
521,3742.157,-62284102159847,-701,60736,-28091.3,35450.9,11.1,-0.212,224738031,LOCKED
522,3743.158,-62284102154365,30258,91695,-28013.2,35635.4,11.1,-0.201,224832261,LOCKED
523,3744.158,-62284102269191,-54684,6753,-28014.0,35649.0,11.2,-0.199,224803761,LOCKED
524,3745.158,-62284102216363,24336,85773,-27965.0,35798.5,11.1,-0.187,224944511,LOCKED
525,3746.158,-62284102231147,34049,95486,-27851.2,35851.8,11.5,-0.187,225021518,LOCKED
526,3747.158,-62284102353087,-54651,6786,-28025.1,36108.6,11.6,-0.185,224990070,LOCKED
527,3748.158,-62284102349519,-21393,40044,-28071.3,36219.0,12.0,-0.187,225080154,LOCKED
528,3749.158,-62284102342275,11516,72953,-27972.2,35733.5,12.4,-0.191,225182197,LOCKED
529,3750.159,-62284102371537,10880,72317,-28022.5,35357.7,12.9,-0.139,225262291,LOCKED
530,3751.158,-62284102459841,-46044,15393,-28110.8,35901.5,13.7,-0.078,225239192,LOCKED
531,3752.158,-62284102492081,-47846,13591,-28145.5,36285.1,14.2,-0.038,225330068,LOCKED
532,3753.158,-62284102448259,24344,85781,-28197.0,35697.6,14.3,-0.003,225433268,LOCKED
533,3754.158,-62284102557442,-52359,9078,-28320.4,36316.8,14.4,0.015,225412458,LOCKED
534,3755.158,-62284102510198,23620,85057,-28380.2,35605.8,14.4,0.016,225549333,LOCKED
535,3756.158,-62284102519623,41498,102935,-28396.3,35384.6,14.5,0.034,225628336,LOCKED
536,3757.158,-62284102636605,-43161,18276,-28517.5,35693.0,14.5,0.052,225599170,LOCKED
537,3758.159,-62284102632550,-9795,51642,-28540.2,35715.2,14.6,0.063,225695417,LOCKED
538,3759.159,-62284102617956,30278,91715,-28440.1,35766.3,14.5,0.075,225798629,LOCKED
539,3760.159,-62284102623310,51954,113391,-28457.4,35476.7,14.4,0.073,225883025,LOCKED
540,3761.159,-62284102752926,-45053,16384,-28586.5,35790.8,14.3,0.082,225843936,LOCKED
541,3762.158,-62284102755138,-17232,44205,-28628.9,35854.8,14.3,0.090,225932198,LOCKED
542,3763.158,-62284102748308,16448,77885,-28568.8,35842.9,14.3,0.085,226029335,LOCKED
543,3764.159,-62284102760087,29725,91162,-28445.6,35646.4,14.2,0.091,226107802,LOCKED
544,3765.159,-62284102780411,35526,96963,-28390.7,35966.8,14.2,0.095,226178563,LOCKED
545,3766.160,-62284102802407,39169,100606,-28320.7,36357.9,14.1,0.099,226243069,LOCKED
546,3767.159,-62284102820376,45184,106621,-28182.8,36590.5,14.1,0.095,226315027,LOCKED
547,3768.159,-62284102940772,-45723,15714,-28170.7,36420.4,14.3,0.085,226284050,LOCKED
548,3769.159,-62284102938568,-13446,47991,-28241.9,36279.4,14.2,0.082,226377878,LOCKED
549,3770.160,-62284102932136,19818,81255,-28205.6,36378.8,14.2,0.079,226473656,LOCKED
550,3771.159,-62284102942909,33957,95394,-28100.2,36497.9,14.1,0.076,226552187,LOCKED
551,3772.159,-62284103061883,-54837,6600,-28111.1,36659.5,14.3,0.068,226518558,LOCKED
552,3773.159,-62284103057831,-19573,41864,-28230.9,36154.2,14.3,0.060,226616184,LOCKED
553,3774.159,-62284103051237,15187,76624,-28253.1,36015.3,14.5,0.054,226713899,LOCKED
554,3775.159,-62284103150988,-52196,9241,-28368.5,36659.7,14.4,0.051,226703074,LOCKED
555,3776.159,-62284103072207,50445,111882,-28230.8,37099.2,14.4,0.043,226758898,LOCKED
556,3777.159,-62284103178399,-26926,34511,-28214.9,36957.2,14.5,0.035,226853389,LOCKED
557,3778.160,-62284103175560,4566,66003,-28244.1,36850.1,14.2,0.025,226948905,LOCKED
558,3779.160,-62284103171954,34971,96408,-28231.4,36964.0,14.5,0.015,227041301,LOCKED
559,3780.160,-62284103205406,29553,90990,-28270.9,36501.5,14.5,0.008,227000562,LOCKED
560,3781.160,-62284103307710,-40114,21323,-28418.8,36414.1,14.5,-0.006,227084421,LOCKED
561,3782.160,-62284103321361,-23509,37928,-28469.9,36545.6,14.2,-0.017,227164515,LOCKED
562,3783.160,-62284103309717,14281,75718,-28379.4,36244.0,13.9,-0.028,227262317,LOCKED
563,3784.160,-62284103302527,47953,109390,-28366.0,36414.8,14.2,-0.038,227359211,LOCKED
564,3785.160,-62284103368277,8709,70146,-28289.1,36119.8,14.4,-0.048,227382726,LOCKED
565,3786.160,-62284103451102,-44406,17031,-28284.9,36064.3,14.7,-0.057,227364266,LOCKED
566,3787.160,-62284103484267,-45162,16275,-28412.5,36389.6,14.9,-0.067,227446461,LOCKED
567,3788.160,-62284103484057,-15819,45618,-28421.5,36424.1,15.0,-0.070,227534143,LOCKED
568,3789.160,-62284103476429,17765,79202,-28329.9,36202.3,14.9,-0.079,227633895,LOCKED
569,3790.161,-62284103476226,41518,102955,-28164.0,35922.4,14.4,-0.094,227612944,LOCKED
570,3791.160,-62284103557402,-9829,51608,-28229.5,35752.3,14.3,-0.104,227728171,LOCKED
571,3792.160,-62284103561338,13548,74985,-28207.1,35799.5,14.4,-0.108,227815808,LOCKED
572,3793.161,-62284103567908,31854,93291,-28096.4,35808.7,14.5,-0.112,227900312,LOCKED
573,3794.160,-62284103576510,46439,107876,-27932.3,35792.5,14.6,-0.116,227870683,LOCKED
574,3795.160,-62284103615863,34194,95631,-27948.8,35604.0,14.5,-0.129,227919126,LOCKED
575,3796.160,-62284103725879,-44144,17293,-28058.6,36017.9,14.6,-0.124,228012235,LOCKED
576,3797.160,-62284103720473,-9891,51546,-28080.9,36040.9,14.5,-0.107,228106785,LOCKED
577,3798.160,-62284103711847,24501,85938,-28007.9,36119.2,14.5,-0.113,228202559,LOCKED
578,3799.160,-62284103820231,-53968,7469,-28011.7,36177.8,14.4,-0.092,228183866,LOCKED
579,3800.161,-62284103816795,-19741,41696,-28115.5,35879.1,14.3,-0.068,228278216,LOCKED
580,3801.162,-62284103812409,12598,74035,-28128.5,35817.1,14.2,-0.048,228369213,LOCKED
581,3802.161,-62284103819733,31044,92481,-28064.3,36056.4,14.2,-0.047,228454295,LOCKED
582,3803.161,-62284103932729,-51738,9699,-28083.7,36318.0,14.2,-0.044,228428832,LOCKED
583,3804.161,-62284103919508,-8250,53187,-28177.4,35814.4,14.1,-0.025,228530620,LOCKED
584,3805.161,-62284103890869,44327,105764,-28042.8,36048.8,14.0,-0.020,228537546,LOCKED
585,3806.161,-62284104021852,-56452,4985,-28054.9,36236.0,13.6,0.016,228611218,LOCKED
586,3807.161,-62284104017687,-21226,40211,-28167.4,35880.0,13.5,0.027,228701479,LOCKED
587,3808.161,-62284104025835,-630,60807,-28194.7,35822.8,13.0,0.059,228782985,LOCKED
588,3809.161,-62284104016425,33922,95359,-28101.1,36021.1,12.2,0.102,228882058,LOCKED
589,3810.161,-62284104135003,-53572,7865,-28158.5,36639.2,12.1,0.097,228851885,LOCKED
590,3811.161,-62284104137599,-24863,36574,-28271.8,36396.1,11.5,0.091,228936896,LOCKED
591,3812.162,-62284104122749,18651,80088,-28322.2,35912.3,11.0,0.076,229042533,LOCKED
592,3813.162,-62284104146209,21246,82683,-28246.1,35902.4,10.8,0.065,229135101,LOCKED
593,3814.162,-62284104221579,-22311,39126,-28384.3,35203.4,10.6,0.056,229125451,LOCKED
594,3815.162,-62284104234518,-6899,54538,-28371.2,35161.6,10.4,0.049,229226917,LOCKED
595,3816.162,-62284104213255,38819,100256,-28243.3,35251.7,10.1,0.044,229198211,LOCKED
596,3817.162,-62284104315313,-31024,30413,-28386.9,34823.6,9.9,0.039,229299118,LOCKED
597,3818.162,-62284104336711,-21702,39735,-28465.5,34807.1,9.5,0.036,229389879,LOCKED
598,3819.162,-62284104307689,32872,94309,-28377.0,35010.8,9.2,0.040,229488419,LOCKED
599,3820.162,-62284104409313,-39183,22254,-28370.3,34927.9,9.4,0.031,229476323,LOCKED
600,3821.163,-62284104404106,-3353,58084,-28475.5,34073.5,9.1,0.036,229568014,LOCKED
601,3822.162,-62284104394084,34007,95444,-28476.2,34065.5,8.7,0.042,229669996,LOCKED
602,3823.163,-62284104401674,51334,112771,-28386.8,34771.4,8.6,0.046,229639986,LOCKED
603,3824.162,-62284104487220,-6050,55387,-28365.7,34694.1,8.2,0.047,229756477,LOCKED
604,3825.162,-62284104499172,8784,70221,-28302.6,34517.8,7.9,0.044,229833802,LOCKED
605,3826.162,-62284104495959,36489,97926,-28176.0,34533.1,7.6,0.043,229925535,LOCKED
606,3827.163,-62284104601985,-40328,21109,-28159.6,34307.4,7.7,0.040,229911942,LOCKED
607,3828.162,-62284104580331,10220,71657,-28212.7,33891.4,7.7,0.039,230023020,LOCKED
608,3829.163,-62284104577135,39340,100777,-28165.8,34267.4,7.5,0.042,230113946,LOCKED
609,3830.162,-62284104690133,-43285,18152,-28202.2,34632.7,7.3,0.044,230090802,LOCKED
610,3831.163,-62284104687251,-12742,48695,-28154.3,34247.5,7.4,0.044,230185183,LOCKED
611,3832.163,-62284104678675,24045,85482,-28197.2,33767.1,7.6,0.042,230284592,LOCKED
612,3833.162,-62284104687657,41072,102509,-28158.0,34129.8,7.7,0.039,230251297,LOCKED
613,3834.163,-62284104780467,-22586,38851,-28169.3,34196.9,7.9,0.038,230360530,LOCKED
614,3835.163,-62284104758402,27687,89124,-28217.3,33579.7,7.8,0.040,230469298,LOCKED
615,3836.163,-62284104772243,37693,99130,-28065.2,33307.8,8.0,0.039,230551833,LOCKED
616,3837.163,-62284104888809,-46694,14743,-28189.7,33744.9,8.1,0.039,230521120,LOCKED
617,3838.164,-62284104894015,-22281,39156,-28222.9,33877.2,8.2,0.039,230606418,LOCKED
618,3839.163,-62284104904144,-5069,56368,-28171.1,33556.2,8.7,0.033,230682182,LOCKED
619,3840.163,-62284104909348,15682,77119,-28088.2,33349.2,8.8,0.033,230770798,LOCKED
620,3841.163,-62284104916912,35181,96618,-28096.4,33251.5,8.8,0.028,230738737,LOCKED
621,3842.163,-62284105027077,-42940,18497,-28219.0,33559.8,8.8,0.030,230831576,LOCKED
622,3843.163,-62284105019645,-7132,54305,-28214.8,33549.0,8.9,0.032,230925885,LOCKED
623,3844.163,-62284105026649,11653,73090,-28115.0,33017.8,8.9,0.027,231011613,LOCKED
624,3845.163,-62284105121808,-52164,9273,-28186.7,33734.6,8.9,0.021,231004652,LOCKED
625,3846.165,-62284105140265,-38192,23245,-28331.6,33592.4,8.9,0.015,231077622,LOCKED
626,3847.164,-62284105144231,-11136,50301,-28445.4,32824.3,9.0,0.009,231162502,LOCKED
627,3848.164,-62284105158849,3492,64929,-28490.6,32586.7,9.0,0.013,231235967,LOCKED
628,3849.164,-62284105181226,8815,70252,-28466.4,32601.7,9.0,0.015,231316372,LOCKED
629,3850.165,-62284105258250,-38302,23135,-28473.4,32683.8,8.8,0.030,231412668,LOCKED
630,3851.164,-62284105276251,-25440,35997,-28548.5,32781.0,8.8,0.033,231386717,LOCKED
631,3852.164,-62284105272641,6111,67548,-28528.8,32784.1,9.0,0.034,231483192,LOCKED
632,3853.164,-62284105266165,37521,98958,-28414.6,32964.7,9.5,-0.001,231576671,LOCKED
633,3854.165,-62284105277781,49097,110534,-28239.6,32919.5,9.5,0.006,231544939,LOCKED
634,3855.164,-62284105408510,-51417,5035,-28251.0,33095.3,9.5,0.013,231616498,LOCKED
635,3856.164,-62284105418887,-30175,26277,-28366.4,32995.8,9.5,0.019,231696169,LOCKED
636,3857.167,-62284105408085,8588,65040,-28360.7,33008.3,9.4,0.026,231797809,LOCKED
637,3858.164,-62284105404498,36848,93300,-28240.8,33109.5,9.2,0.051,231889665,LOCKED
638,3859.164,-62284105423076,44989,101441,-28241.0,33106.9,9.1,0.062,231850042,LOCKED
639,3860.164,-62284105537438,-37959,18493,-28333.8,33444.3,9.0,0.074,231935348,LOCKED
640,3861.164,-62284105538592,-10591,45861,-28325.4,33410.0,8.9,0.069,232025630,LOCKED
641,3862.164,-62284105549749,4914,61366,-28251.7,33035.2,8.8,0.067,232100878,LOCKED
642,3863.164,-62284105539983,41637,98089,-28257.5,32955.9,8.8,0.066,232203353,LOCKED
643,3864.164,-62284105564165,42910,99362,-28191.2,33460.0,8.6,0.063,232153544,LOCKED
644,3865.164,-62284105632704,631,57083,-28097.3,32679.0,8.6,0.063,232285259,LOCKED
645,3866.165,-62284105648345,13778,70230,-28154.2,32124.2,8.5,0.052,232363131,LOCKED
646,3867.164,-62284105658497,30269,86721,-28130.3,32307.0,8.6,0.044,232442161,LOCKED
647,3868.165,-62284105672670,41242,97694,-28052.3,32785.9,8.6,0.045,232403579,LOCKED
648,3869.165,-62284105779874,-36858,19594,-28042.6,32662.2,8.7,0.039,232497661,LOCKED
649,3870.165,-62284105776830,-3846,52606,-28130.9,32050.2,8.5,0.040,232592658,LOCKED
650,3871.165,-62284105776393,23926,80378,-28131.6,32044.5,8.3,0.036,232680916,LOCKED
651,3872.165,-62284105789409,35909,92361,-28037.4,32323.1,8.7,0.025,232756306,LOCKED
652,3873.165,-62284105914569,-58063,0,-28095.6,33098.6,8.7,0.022,232721253,LOCKED
653,3874.165,-62284105919380,-31760,26303,-28191.1,33235.6,8.7,0.019,232799980,LOCKED
654,3875.165,-62284105887896,26439,84502,-28162.6,33400.4,8.7,0.017,232928193,LOCKED
655,3876.165,-62284105904753,33974,92037,-28033.8,33288.4,9.0,0.010,232888634,LOCKED
656,3877.165,-62284106005681,-35370,22693,-28149.4,33375.8,9.0,0.013,232988596,LOCKED
657,3878.165,-62284106010495,-10345,47718,-28215.2,33200.3,9.0,0.012,233076066,LOCKED
658,3879.165,-62284106018787,8030,66093,-28152.5,33003.6,8.7,0.013,233152373,LOCKED
659,3880.165,-62284106064477,-7440,50623,-28241.8,32486.5,8.7,0.014,233234643,LOCKED
660,3881.165,-62284106124068,-35822,22241,-28328.0,32798.8,8.4,0.017,233209714,LOCKED
661,3882.165,-62284106150824,-32783,25280,-28345.5,32954.2,8.1,0.020,233290892,LOCKED
662,3883.165,-62284106128634,15131,73194,-28241.8,32473.5,7.7,0.024,233402479,LOCKED
663,3884.166,-62284106126412,42954,101017,-28183.5,32966.8,7.6,0.025,233498268,LOCKED
664,3885.165,-62284106161161,33777,91840,-28111.4,33269.3,7.6,0.026,233437640,LOCKED
665,3886.165,-62284106271160,-46329,11734,-28121.8,33411.4,7.7,0.024,233531747,LOCKED
666,3887.165,-62284106257351,-2901,55162,-28190.6,33047.3,7.7,0.021,233634191,LOCKED
667,3888.165,-62284106247925,32095,90158,-28115.2,33300.8,7.6,0.024,233731520,LOCKED
668,3889.166,-62284106265083,38783,96846,-27969.9,33178.8,7.5,0.027,233691389,LOCKED
669,3890.166,-62284106361921,-26912,31151,-28081.1,33009.6,7.5,0.030,233800783,LOCKED
670,3891.166,-62284106354435,8393,66456,-28082.2,33006.5,7.7,0.028,233896661,LOCKED
671,3892.166,-62284106357259,30553,88616,-27980.8,33059.0,7.8,0.026,233981616,LOCKED
672,3893.166,-62284106474814,-56826,1237,-27994.0,33281.3,7.8,0.025,233953128,LOCKED
673,3894.166,-62284106476204,-27786,30277,-28067.4,33439.5,7.8,0.023,234039189,LOCKED
674,3895.166,-62284106457720,16410,74473,-27979.0,33193.4,8.0,0.022,234147475,LOCKED
675,3896.166,-62284106469178,29086,87149,-27838.4,32698.7,8.3,0.021,234229537,LOCKED
676,3897.166,-62284106589984,-58628,0,-27999.0,33354.1,8.5,0.020,234193413,LOCKED
677,3898.166,-62284106586306,-24712,33916,-28067.9,33463.8,8.7,0.020,234286173,LOCKED
678,3899.166,-62284106588696,855,59483,-28063.9,33463.4,8.5,0.009,234374541,LOCKED
679,3900.166,-62284106589324,25637,84265,-27976.1,33480.0,8.7,0.009,234462633,LOCKED
680,3901.166,-62284106600895,37726,96354,-27826.8,33250.9,8.9,0.009,234428110,LOCKED
681,3902.166,-62284106707057,-36960,21668,-27944.6,33376.0,9.0,0.023,234526011,LOCKED
682,3903.166,-62284106717655,-18396,40232,-27973.8,33468.6,9.2,0.025,234603690,LOCKED
683,3904.166,-62284106722389,3791,62419,-27928.3,33337.0,9.4,0.000,234688190,LOCKED
