# seq,elapsed_s,d_total_ns,d_detrended_ns,offset_ns,drift_ns_per_s,drift_sigma_ns,gm_sigma_ns,gm_a1_ppb,clock_error_ns,sync_state
4105,0.755,-397393973340060,0,0,-77145.0,inf,9.1,-0.136,0,ACQUIRING
4106,1.756,-397393973317493,0,0,-27289.0,40707.3,9.0,-0.132,0,ACQUIRING
4107,2.756,-397393973192983,0,0,23236.3,71296.7,9.0,-0.128,0,ACQUIRING
4108,3.756,-397393973164320,0,0,34426.7,61694.6,9.0,-0.128,0,ACQUIRING
4109,4.757,-397393973134242,0,0,37002.7,53790.1,9.2,-0.128,0,ACQUIRING
4110,5.756,-397393973099759,0,0,37652.8,48152.3,9.2,-0.124,0,ACQUIRING
4111,6.756,-397393973061518,0,0,37972.6,43973.2,9.2,-0.120,0,ACQUIRING
4112,7.757,-397393973037400,0,0,37198.2,40858.3,9.2,-0.121,0,ACQUIRING
4113,8.756,-397393973097296,0,0,31508.0,48488.7,9.2,-0.123,0,ACQUIRING
4114,9.756,-397393972993856,0,0,31673.8,45726.6,9.1,-0.132,0,ACQUIRING
4115,10.756,-397393972922361,0,0,33301.1,44811.3,9.3,-0.141,0,ACQUIRING
4116,11.756,-397393972947375,0,0,32362.1,43347.3,9.4,-0.143,0,ACQUIRING
4117,12.756,-397393972968684,0,0,30238.5,45435.8,9.4,-0.136,0,ACQUIRING
4118,13.756,-397393972883242,0,0,30238.2,43653.3,9.5,-0.138,0,ACQUIRING
4119,14.756,-397393972872912,0,0,29798.8,42324.6,9.5,-0.141,0,ACQUIRING
4120,15.756,-397393972864429,0,0,29079.4,41741.4,9.6,-0.143,0,ACQUIRING
4121,16.757,-397393972746176,0,0,30138.9,42600.0,9.4,-0.157,0,ACQUIRING
4122,17.757,-397393972725681,0,0,30745.1,42164.2,9.5,-0.160,0,ACQUIRING
4123,18.757,-397393972677015,0,0,31442.7,42272.1,9.5,-0.143,0,ACQUIRING
4124,19.757,-397393972713319,0,0,31079.3,41554.5,9.7,-0.125,0,ACQUIRING
4125,20.757,-397393972667071,0,0,30986.3,40533.9,9.7,-0.097,0,ACQUIRING
4126,21.757,-397393972614421,0,0,31150.9,39672.5,9.7,-0.071,0,ACQUIRING
4127,22.757,-397393972547514,0,0,31635.3,39903.6,9.2,-0.045,0,ACQUIRING
4128,23.757,-397393972591069,0,0,31318.3,39580.5,9.2,-0.044,0,ACQUIRING
4129,24.757,-397393972500995,0,0,31571.2,39147.5,9.4,-0.057,0,ACQUIRING
4130,25.757,-397393972531701,0,0,31277.7,38964.9,9.4,-0.052,0,ACQUIRING
4131,26.757,-397393972426247,0,0,31590.8,38981.8,9.4,-0.049,0,ACQUIRING
4132,27.758,-397393972439348,0,0,31535.3,38280.4,9.9,-0.078,0,ACQUIRING
4133,28.757,-397393972432339,0,0,31331.9,38000.7,10.3,-0.102,0,ACQUIRING
4134,29.757,-397393972391407,0,0,31223.4,37469.6,10.2,-0.102,0,ACQUIRING
4135,30.757,-397393972377538,0,0,31035.5,37273.2,10.2,-0.123,0,ACQUIRING
4136,31.757,-397393972340889,0,0,30909.8,36881.5,10.2,-0.129,0,ACQUIRING
4137,32.758,-397393972294995,0,0,30880.5,36313.6,10.2,-0.126,0,ACQUIRING
4138,33.757,-397393972244528,0,0,30949.2,35837.6,10.4,-0.139,0,ACQUIRING
4139,34.758,-397393972180655,0,0,31155.4,36078.0,10.3,-0.144,0,ACQUIRING
4140,35.758,-397393972124352,0,0,31437.2,37096.0,10.1,-0.141,0,ACQUIRING
4141,36.758,-397393972144882,0,0,31466.5,36594.9,10.2,-0.146,0,ACQUIRING
4142,37.758,-397393972063833,0,0,31682.1,37142.7,10.2,-0.150,0,ACQUIRING
4143,38.758,-397393972095750,0,0,31634.3,36706.0,10.2,-0.148,0,ACQUIRING
4144,39.758,-397393972082840,0,0,31528.0,36529.9,10.5,-0.158,0,ACQUIRING
4145,40.758,-397393971982426,0,0,31664.9,36601.4,10.5,-0.160,0,ACQUIRING
4146,41.758,-397393971974939,0,0,31707.0,36206.3,10.5,-0.163,0,ACQUIRING
4147,42.758,-397393971969657,0,0,31663.5,35835.1,10.4,-0.167,0,ACQUIRING
4148,43.758,-397393971947388,0,0,31598.3,35567.4,10.7,-0.174,0,ACQUIRING
4149,44.758,-397393971915361,0,0,31542.4,35280.6,10.7,-0.175,0,ACQUIRING
4150,45.758,-397393971876619,0,0,31512.6,34923.3,10.9,-0.181,0,ACQUIRING
4151,46.758,-397393971825389,0,0,31536.6,34567.2,11.2,-0.186,0,ACQUIRING
4152,47.758,-397393971767323,0,0,31622.7,34550.2,11.4,-0.189,0,ACQUIRING
4153,48.758,-397393971708017,0,0,31764.1,35188.1,11.5,-0.190,0,ACQUIRING
4154,49.758,-397393971704953,0,0,31824.5,35019.8,11.5,-0.189,0,ACQUIRING
4155,50.759,-397393971651069,0,0,31926.3,35246.0,11.4,-0.186,0,ACQUIRING
4156,51.758,-397393971676606,0,0,31896.5,34951.4,11.6,-0.190,0,ACQUIRING
4157,52.759,-397393971585368,0,0,31989.7,35158.8,11.8,-0.189,0,ACQUIRING
4158,53.759,-397393971587898,0,0,32005.9,34842.9,11.9,-0.187,0,ACQUIRING
4159,54.759,-397393971592432,0,0,31951.8,34725.3,11.5,-0.179,0,ACQUIRING
4160,55.759,-397393971477296,0,0,32054.1,35181.9,12.0,-0.176,0,ACQUIRING
4161,56.759,-397393971467863,0,0,32106.5,35079.3,12.5,-0.179,0,ACQUIRING
4162,57.759,-397393971437989,0,0,32150.0,34925.0,12.6,-0.173,0,ACQUIRING
4163,58.759,-397393971396510,31129,0,32204.6,34879.7,13.1,-0.174,0,ACQUIRING
4164,59.759,-397393971451598,-54671,0,32222.4,34558.5,13.5,-0.174,-18299,ACQUIRING
4165,60.759,-397393971467607,-94810,0,31982.5,36434.9,13.8,-0.166,-764736,ACQUIRING
4166,61.759,-397393971471585,-120343,0,31670.2,39154.9,13.8,-0.156,-739386,ACQUIRING
4167,62.759,-397393971476710,-147813,0,31458.1,43849.3,14.1,-0.144,-718714,ACQUIRING
4168,63.759,-397393971485657,-176666,0,31184.4,49904.7,14.3,-0.130,-699468,LOCKED
4169,64.760,-397393971503059,-211092,0,30840.0,57517.4,14.1,-0.104,-685548,LOCKED
4170,65.760,-397393971558740,-278652,0,30372.0,68829.9,14.8,-0.092,-709623,LOCKED
4171,66.760,-397393971598287,-326255,0,29818.4,81843.6,15.0,-0.079,-723133,LOCKED
4172,67.759,-397393971647612,-378834,0,29143.5,96665.4,15.0,-0.052,-738830,LOCKED
4173,68.760,-397393971678821,-406992,0,28238.7,110360.5,15.5,-0.029,-738732,LOCKED
4174,69.760,-397393971688305,-413931,0,27414.8,123617.6,15.9,-0.002,-718124,LOCKED
4175,70.760,-397393971732058,-452537,0,26567.9,137987.7,16.0,-0.007,-725703,LOCKED
4176,71.760,-397393971775670,-485381,0,25540.9,152313.5,16.0,-0.014,-732298,LOCKED
4177,72.760,-397393971805384,-499764,0,24363.9,165114.8,15.8,-0.001,-727193,LOCKED
4178,73.760,-397393971828345,-506842,0,23229.5,177870.4,15.7,0.014,-719103,LOCKED
4179,74.760,-397393971869747,-528283,0,21986.1,190213.2,15.3,0.033,-718112,LOCKED
4180,75.760,-397393971801286,-442951,85332,20813.6,197127.2,15.0,0.056,-724205,LOCKED
4181,76.760,-397393971835295,-460077,68206,19726.7,205648.6,14.6,0.099,-608955,LOCKED
4182,77.760,-397393971873476,-478082,50201,18561.3,214159.1,14.4,0.121,-602208,LOCKED
4183,78.760,-397393971920227,-501841,26442,17354.3,223308.8,14.3,0.104,-607034,LOCKED
4184,79.760,-397393971918542,-474824,53459,16046.6,229499.1,13.7,0.087,-676193,LOCKED
4185,80.760,-397393971954171,-483043,45240,14714.6,235715.2,13.0,0.074,-667003,LOCKED
4186,81.760,-397393971973517,-474306,53977,13400.6,241483.5,12.3,0.063,-527125,LOCKED
4187,82.760,-397393972008686,-480286,47997,12106.7,247676.7,11.9,0.056,-513111,LOCKED
4188,83.761,-397393972061568,-498204,30079,10622.4,252354.5,11.8,0.052,-510609,LOCKED
4189,84.761,-397393972124474,-524191,4092,9158.1,258780.3,11.8,0.058,-503214,LOCKED
4190,85.761,-397393972140011,-500157,28126,7595.4,262220.9,11.7,0.055,-495915,LOCKED
4191,86.761,-397393972164182,-486058,42225,6150.1,266470.3,11.3,0.053,-465238,LOCKED
4192,87.761,-397393972179176,-460941,67342,4643.4,268324.4,11.5,0.044,-427683,LOCKED
4193,88.760,-397393972199166,-439328,88955,3101.4,268299.8,11.6,0.037,-391808,LOCKED
4194,89.761,-397393972207641,-406630,121653,1601.9,267063.8,11.6,0.025,-452872,LOCKED
4195,90.761,-397393972335271,-484949,43334,-93.6,267161.7,12.0,0.014,-409079,LOCKED
4196,91.761,-397393972357465,-457541,70742,-1765.6,265890.1,11.9,0.015,-368797,LOCKED
4197,92.761,-397393972375617,-426468,101815,-3388.7,263543.6,11.7,0.009,-325585,LOCKED
4198,93.761,-397393972414596,-415501,112782,-4985.7,260988.0,12.1,0.000,-302584,LOCKED
4199,94.761,-397393972440306,-392002,136281,-6507.1,258409.0,12.0,-0.001,-258574,LOCKED
4200,95.761,-397393972468847,-371780,156503,-7965.5,255778.4,11.4,0.005,-221953,LOCKED
4201,96.761,-397393972489028,-341766,186517,-9472.6,250265.3,11.5,0.001,-172515,LOCKED
4202,97.761,-397393972442807,-251621,276662,-10747.4,244196.0,11.6,-0.001,-169286,LOCKED
4203,98.761,-397393972466972,-229849,298434,-12094.9,235064.4,11.0,0.003,-7520,LOCKED
4204,99.761,-397393972560715,-272597,255686,-13553.5,225514.5,11.3,-0.000,-32670,LOCKED
4205,100.761,-397393972598165,-260748,267535,-14876.8,218199.5,11.2,0.000,9906,LOCKED
4206,101.761,-397393972620719,-233795,294488,-16190.1,209101.1,11.0,0.004,55932,LOCKED
4207,102.761,-397393972659440,-221726,306557,-17522.1,198225.4,11.6,0.000,97952,LOCKED
4208,103.761,-397393972695419,-206448,321835,-18837.0,186098.0,11.8,-0.000,139060,LOCKED
4209,104.762,-397393972710005,-171123,357160,-20080.0,172740.9,11.6,0.004,204881,LOCKED
4210,105.762,-397393972736991,-149037,379246,-21257.4,158793.8,11.8,0.005,256627,LOCKED
4211,106.762,-397393972769717,-133681,394602,-22353.7,145217.5,11.9,0.007,307785,LOCKED
4212,107.762,-397393972795227,-112934,415349,-23341.0,132614.1,11.8,0.011,368219,LOCKED
4213,108.762,-397393972837212,-109593,418690,-24239.5,121718.4,11.9,0.014,409302,LOCKED
4214,109.762,-397393972833739,-62974,465309,-25064.4,108751.2,11.6,0.024,498657,LOCKED
4215,110.762,-397393972873316,-60478,467805,-25800.1,97551.3,11.4,0.036,544769,LOCKED
4216,111.762,-397393972900098,-44597,483686,-26555.0,82497.1,11.4,0.043,603437,LOCKED
4217,112.762,-397393972937684,-42124,486159,-27148.9,72222.5,11.2,0.051,654956,LOCKED
4218,113.762,-397393972981789,-45434,482849,-27744.3,60488.6,11.2,0.060,704719,LOCKED
4219,114.762,-397393973004023,-27561,500722,-28306.4,45715.0,10.7,0.079,766818,LOCKED
4220,115.762,-397393973041565,-28707,499576,-28656.4,39577.9,10.8,0.084,816201,LOCKED
4221,116.762,-397393972969595,72101,600384,-28785.5,35646.0,10.8,0.089,987642,LOCKED
4222,117.762,-397393973096781,-21435,506848,-28989.0,33376.0,10.6,0.105,946045,LOCKED
4223,118.763,-397393973116690,-10501,517782,-29062.7,33131.2,10.9,0.116,1014594,LOCKED
4224,119.763,-397393973102002,33091,561374,-29110.0,32423.0,10.9,0.126,1118017,LOCKED
4225,120.763,-397393973126211,37188,565471,-29132.5,32103.6,10.9,0.135,1181532,LOCKED
4226,121.763,-397393973157175,33958,562241,-29120.3,32225.1,10.9,0.125,1245280,LOCKED
4227,122.763,-397393973170601,46546,574829,-29045.1,32835.3,11.1,0.108,1323604,LOCKED
4228,123.763,-397393973193319,48841,577124,-28928.2,33410.9,11.2,0.095,1392164,LOCKED
4229,124.763,-397393973212485,53713,581996,-28777.4,33914.8,11.4,0.085,1460523,LOCKED
4230,125.763,-397393973236067,54758,583041,-28664.5,34695.9,11.9,0.050,1413308,LOCKED
4231,126.763,-397393973259786,55777,584060,-28564.4,35512.6,11.9,0.045,1481345,LOCKED
4232,127.763,-397393973370964,-24513,503770,-28637.8,35590.4,11.9,0.055,1574930,LOCKED
4233,128.763,-397393973408648,-30644,497639,-28730.1,35708.1,12.0,0.036,1623230,LOCKED
4234,129.763,-397393973391884,14064,542347,-28714.9,35751.7,12.0,0.014,1732312,LOCKED
4235,130.763,-397393973422185,12343,540626,-28728.8,35684.7,12.1,-0.011,1792349,LOCKED
4236,131.763,-397393973454387,9497,537780,-28775.5,35369.1,12.2,-0.019,1847417,LOCKED
4237,132.763,-397393973463337,28725,557008,-28794.0,35182.0,12.2,-0.038,1926776,LOCKED
4238,133.763,-397393973490903,29176,557459,-28804.4,35081.6,12.2,-0.054,1992578,LOCKED
4239,134.763,-397393973507253,40561,568844,-28819.4,34879.0,12.2,-0.049,2062623,LOCKED
4240,135.763,-397393973529814,42235,570518,-28664.4,34786.7,12.0,-0.053,2130431,LOCKED
4241,136.764,-397393973560004,36544,564827,-28520.5,34590.1,11.3,-0.057,2189654,LOCKED
4242,137.763,-397393973586126,35065,563348,-28388.2,34483.4,11.3,-0.059,2254592,LOCKED
4243,138.764,-397393973625284,21846,550129,-28304.2,34429.4,11.1,-0.053,2306389,LOCKED
4244,139.764,-397393973718243,-41980,486303,-28275.0,33977.5,10.9,-0.061,2303242,LOCKED
4245,140.764,-397393973738058,-33135,495148,-28238.7,33484.4,10.8,-0.067,2370222,LOCKED
4246,141.764,-397393973763163,-30228,498055,-28177.1,32547.9,10.5,-0.066,2434929,LOCKED
4247,142.764,-397393973782577,-22129,506154,-28107.6,31590.6,10.1,-0.065,2507284,LOCKED
4248,143.764,-397393973811494,-22798,505485,-28076.5,31261.1,9.8,-0.063,2562057,LOCKED
4249,144.764,-397393973826240,-9109,519174,-28078.9,31268.0,8.9,-0.054,2638880,LOCKED
4250,145.764,-397393973848638,-3888,524395,-28049.9,31148.8,8.5,-0.052,2704914,LOCKED
4251,146.764,-397393973864000,7374,535657,-27992.0,30969.9,8.0,-0.048,2779603,LOCKED
4252,147.764,-397393973893414,4209,532492,-27913.3,30478.9,8.0,-0.042,2852400,LOCKED
4253,148.764,-397393973952156,-26608,501675,-27869.5,29882.6,7.9,-0.041,2909570,LOCKED
4254,149.764,-397393974011248,-56523,471760,-27839.6,29188.6,7.9,-0.041,2898660,LOCKED
4255,150.764,-397393974032669,-46077,482206,-27960.8,29686.8,8.0,-0.039,2965632,LOCKED
4256,151.764,-397393974033046,-16605,511678,-28026.0,29641.0,7.5,-0.033,3054028,LOCKED
4257,152.764,-397393974066809,-20466,507817,-28084.2,29721.0,8.1,-0.029,3123934,LOCKED
4258,153.764,-397393974125954,-47336,480947,-28211.4,30214.7,8.1,-0.030,3183434,LOCKED
4259,154.764,-397393974082709,23424,551707,-28216.2,30173.3,8.1,-0.024,3273373,LOCKED
4260,155.765,-397393974099262,33721,562004,-28205.2,30290.0,7.7,-0.015,3230721,LOCKED
4261,156.765,-397393974209468,-44468,483815,-28318.5,30764.6,7.7,-0.016,3324728,LOCKED
4262,157.764,-397393974227159,-33354,494929,-28286.9,30302.7,7.7,-0.017,3396774,LOCKED
4263,158.765,-397393974236140,-15065,513218,-28211.7,29335.9,7.7,-0.011,3478800,LOCKED
4264,159.765,-397393974209483,37353,565636,-28153.5,29766.0,7.9,-0.013,3592286,LOCKED
4265,160.765,-397393974227953,44391,572674,-28097.4,30323.7,8.1,-0.015,3660533,LOCKED
4266,161.765,-397393974258503,39415,567698,-28039.0,30781.2,8.0,-0.009,3605645,LOCKED
4267,162.765,-397393974382688,-52514,475769,-28158.8,31523.3,7.9,-0.016,3682701,LOCKED
4268,163.765,-397393974399221,-37343,490940,-28270.9,31723.4,7.9,-0.018,3756711,LOCKED
4269,164.765,-397393974408012,-16164,512119,-28327.5,31723.9,7.9,-0.019,3837174,LOCKED
4270,165.765,-397393974414505,5851,534134,-28346.1,31654.9,7.9,-0.020,3921375,LOCKED
4271,166.765,-397393974430471,17771,546054,-28353.2,31608.7,8.1,-0.021,3994349,LOCKED
4272,167.765,-397393974449202,26273,554556,-28341.9,31695.3,8.0,-0.013,4069525,LOCKED
4273,168.765,-397393974465723,36747,565030,-28336.9,31753.6,8.1,-0.016,4141919,LOCKED
4274,169.765,-397393974570454,-36964,491319,-28407.2,32145.1,8.3,-0.015,4124078,LOCKED
4275,170.765,-397393974597052,-32341,495942,-28491.7,32372.2,8.5,-0.014,4192360,LOCKED
4276,171.765,-397393974621070,-25508,502775,-28565.2,32480.7,8.5,-0.015,4256406,LOCKED
4277,172.765,-397393974637227,-11333,516950,-28633.2,32302.5,8.3,-0.002,4330384,LOCKED
4278,173.766,-397393974651365,4465,532748,-28704.7,31718.4,8.3,-0.003,4402455,LOCKED
4279,174.765,-397393974687127,-1031,527252,-28779.8,31207.4,8.5,-0.021,4456977,LOCKED
4280,175.766,-397393974703473,12444,540727,-28851.7,30397.7,9.0,0.011,4528962,LOCKED
4281,176.766,-397393974736645,6126,534409,-28763.7,29814.4,9.1,0.025,4592235,LOCKED
4282,177.766,-397393974752380,19612,547895,-28818.9,29118.7,9.2,0.038,4659950,LOCKED
4283,178.766,-397393974761574,38185,566468,-28830.8,28938.3,9.2,0.034,4741023,LOCKED
4284,179.765,-397393974838225,-8900,519383,-28852.2,28960.2,9.2,0.032,4756746,LOCKED
4285,180.766,-397393974865675,-7038,521245,-28863.0,28975.7,9.0,0.051,4817718,LOCKED
4286,181.766,-397393974877009,9857,538140,-28848.3,29006.0,9.0,0.047,4896828,LOCKED
4287,182.766,-397393974879611,33282,561565,-28765.0,29292.4,9.1,0.056,4983655,LOCKED
4288,183.766,-397393974899908,38287,566570,-28658.5,29593.8,9.4,0.075,5050722,LOCKED
4289,184.766,-397393974918633,43923,572206,-28520.4,29815.5,9.4,0.080,5124206,LOCKED
4290,185.766,-397393974948167,38660,566943,-28375.9,29684.6,9.2,0.087,5071787,LOCKED
4291,186.766,-397393975074165,-56890,471393,-28382.9,29821.4,9.3,0.082,5150166,LOCKED
4292,187.766,-397393975060312,-12759,515524,-28454.9,29623.8,9.2,0.077,5183428,LOCKED
4293,188.766,-397393975037661,37184,565467,-28459.7,29557.8,9.2,0.073,5367792,LOCKED
4294,189.767,-397393975165199,-57997,470286,-28554.6,30584.6,9.3,0.070,5327324,LOCKED
4295,190.766,-397393975193828,-54305,473978,-28649.3,31461.1,9.1,0.067,5385783,LOCKED
4296,191.766,-397393975131625,34343,562626,-28598.2,31797.1,9.1,0.064,5435186,LOCKED
4297,192.767,-397393975240303,-43274,485009,-28647.2,32268.4,8.9,0.061,5523196,LOCKED
4298,193.767,-397393975279353,-50718,477565,-28708.1,32924.1,8.8,0.057,5588315,LOCKED
4299,194.767,-397393975292803,-34074,490117,-28719.5,33035.7,8.7,0.062,5652816,LOCKED
4300,195.767,-397393975310136,-22361,501830,-28698.3,32843.1,8.7,0.059,5724815,LOCKED
4301,196.767,-397393975312715,2361,526552,-28633.5,32507.4,8.8,0.062,5815523,LOCKED
4302,197.767,-397393975329043,12394,536585,-28542.4,32104.2,8.8,0.064,5887622,LOCKED
4303,198.767,-397393975344353,22888,547079,-28445.9,31957.5,8.8,0.068,5963624,LOCKED
4304,199.767,-397393975465276,-64087,460104,-28609.6,32881.2,8.9,0.072,5928915,LOCKED
4305,200.767,-397393975386040,41741,565932,-28580.0,33195.3,9.0,0.074,5984031,LOCKED
4306,201.767,-397393975503630,-43475,480716,-28694.1,33588.4,9.3,0.078,6071218,LOCKED
4307,202.768,-397393975518648,-27349,496842,-28769.0,33728.5,9.6,0.082,6145721,LOCKED
4308,203.768,-397393975530350,-9028,515163,-28815.6,33666.4,9.8,0.085,6223366,LOCKED
4309,204.768,-397393975552544,-2082,522109,-28828.1,33660.7,10.0,0.091,6283595,LOCKED
4310,205.767,-397393975582677,-3199,520992,-28832.0,33663.2,10.2,0.094,6347890,LOCKED
4311,206.768,-397393975599011,8215,532406,-28792.4,33624.9,10.2,0.093,6419944,LOCKED
4312,207.768,-397393975625574,9263,533454,-28749.7,33586.2,10.4,0.099,6486764,LOCKED
4313,208.768,-397393975642327,20329,544520,-28737.8,33649.2,11.0,0.102,6560342,LOCKED
4314,209.768,-397393975647553,42461,566652,-28740.8,33609.7,11.0,0.100,6642446,LOCKED
4315,210.768,-397393975674951,42234,566425,-28734.0,33695.3,11.1,0.105,6591342,LOCKED
4316,211.768,-397393975800340,-50510,473681,-28842.1,34352.9,11.3,0.105,6669688,LOCKED
4317,212.768,-397393975809898,-28574,495617,-28924.9,34478.3,11.5,0.117,6749444,LOCKED
4318,213.768,-397393975831659,-18311,505880,-29046.8,33861.4,11.7,0.115,6817212,LOCKED
4319,214.769,-397393975842414,-580,523611,-29018.2,33783.8,11.7,0.120,6898000,LOCKED
4320,215.768,-397393975860980,8213,532404,-28950.4,33547.6,11.6,0.125,6969157,LOCKED
4321,216.769,-397393975872510,25578,549769,-28990.3,33081.8,11.6,0.123,7046564,LOCKED
4322,217.768,-397393975894912,31391,555582,-29004.5,32921.3,11.6,0.121,7117627,LOCKED
4323,218.769,-397393975912669,40570,564761,-28970.4,33255.8,11.6,0.128,7187488,LOCKED
4324,219.769,-397393976013221,-30146,494045,-28962.7,33177.6,11.5,0.117,7178538,LOCKED
4325,220.769,-397393976031818,-20038,504153,-28916.6,32689.2,11.4,0.106,7251421,LOCKED
4326,221.769,-397393976048455,-8827,515364,-28849.3,32077.2,11.4,0.102,7323557,LOCKED
4327,222.769,-397393976064852,4895,529086,-28920.0,31492.3,11.3,0.109,7396654,LOCKED
4328,223.769,-397393976065938,31793,555984,-28926.9,31413.9,11.4,0.107,7485873,LOCKED
4329,224.769,-397393976104953,20859,545050,-28920.1,31457.1,11.6,0.075,7552055,LOCKED
4330,225.769,-397393976178723,-22599,501592,-28950.9,31599.0,11.6,0.082,7522955,LOCKED
4331,226.769,-397393976204543,-18787,505404,-28953.1,31612.1,11.4,0.058,7617079,LOCKED
4332,227.769,-397393976208690,4684,528875,-28895.2,31383.7,11.5,0.033,7705493,LOCKED
4333,228.770,-397393976208656,29999,554190,-28767.5,31107.8,11.6,0.023,7794045,LOCKED
4334,229.769,-397393976289180,-19373,504818,-28852.4,30968.1,11.2,-0.002,7803910,LOCKED
4335,230.770,-397393976285120,13643,537834,-28880.3,30763.1,10.8,-0.045,7898141,LOCKED
4336,231.770,-397393976290071,36004,560195,-28863.2,30944.7,10.7,-0.062,7982094,LOCKED
4337,232.770,-397393976302248,49733,573924,-28800.7,31615.3,10.5,-0.097,8060405,LOCKED
4338,233.770,-397393976332446,45147,569338,-28719.1,32203.7,10.4,-0.100,8005624,LOCKED
4339,234.770,-397393976427004,-19214,504977,-28759.7,32304.8,10.0,-0.101,8115784,LOCKED
4340,235.770,-397393976422170,13194,537385,-28723.5,32338.4,10.1,-0.118,8205787,LOCKED
4341,236.770,-397393976429141,32540,556731,-28659.3,32634.3,10.1,-0.122,8296204,LOCKED
4342,237.770,-397393976442082,44507,568698,-28549.0,33095.1,10.1,-0.125,8256486,LOCKED
4343,238.770,-397393976547843,-31933,492258,-28533.8,32919.0,10.1,-0.128,8354316,LOCKED
4344,239.770,-397393976516619,26209,550400,-28498.0,33101.4,10.1,-0.130,8471557,LOCKED
4345,240.770,-397393976534164,34887,559078,-28444.3,33433.8,10.0,-0.125,8432071,LOCKED
4346,241.770,-397393976643793,-43748,480443,-28496.7,33905.5,10.0,-0.128,8523931,LOCKED
4347,242.771,-397393976639563,-11609,512582,-28448.5,33523.7,10.0,-0.130,8619138,LOCKED
4348,243.770,-397393976641137,12620,536811,-28339.4,32885.1,9.8,-0.132,8705673,LOCKED
4349,244.770,-397393976638867,38315,562506,-28161.6,32172.7,10.1,-0.123,8796898,LOCKED
4350,245.770,-397393976760015,-53366,470825,-28136.8,31680.0,10.2,-0.119,8767516,LOCKED
4351,246.771,-397393976753386,-16471,507720,-28214.1,31537.1,10.1,-0.118,8860717,LOCKED
4352,247.771,-397393976759944,4449,528640,-28185.3,31501.0,10.0,-0.117,8941858,LOCKED
4353,248.771,-397393976786345,3701,527892,-28066.9,30290.3,9.9,-0.116,9005116,LOCKED
4354,249.771,-397393976864496,-42330,481861,-28195.7,30540.3,9.9,-0.121,9016685,LOCKED
4355,250.771,-397393976856674,-4729,519462,-28265.7,30170.5,9.8,-0.121,9115011,LOCKED
4356,251.771,-397393976845792,30426,554617,-28120.1,29601.1,9.9,-0.119,9213961,LOCKED
4357,252.771,-397393976961781,-52935,471256,-28253.5,30298.5,9.7,-0.121,9186891,LOCKED
4358,253.771,-397393976943139,-4398,519793,-28326.9,29874.4,9.6,-0.126,9295100,LOCKED
4359,254.771,-397393976993578,-23942,500249,-28413.3,29853.0,9.6,-0.126,9391258,LOCKED
4360,255.771,-397393977035368,-34329,489862,-28503.1,30127.6,9.6,-0.126,9379073,LOCKED
4361,256.772,-397393977015353,13045,537236,-28468.6,30166.2,9.6,-0.127,9490163,LOCKED
4362,257.771,-397393977110540,-50840,473351,-28523.2,30830.1,9.6,-0.127,9484145,LOCKED
4363,258.771,-397393977092666,-5237,518954,-28475.4,30521.3,9.7,-0.130,9592033,LOCKED
4364,259.772,-397393977165430,-44375,479816,-28654.7,30100.7,9.8,-0.124,9608399,LOCKED
4365,260.772,-397393977164365,-15182,509009,-28603.5,29563.0,9.8,-0.122,9699452,LOCKED
4366,261.771,-397393977143968,33021,557212,-28619.3,29350.7,9.8,-0.118,9810635,LOCKED
4367,262.771,-397393977237138,-28473,495718,-28722.2,29318.9,9.7,-0.113,9807393,LOCKED
4368,263.771,-397393977220456,16374,540565,-28722.1,29319.7,9.8,-0.108,9915487,LOCKED
4369,264.771,-397393977220213,42734,566925,-28665.2,29855.6,9.7,-0.103,9892698,LOCKED
4370,265.772,-397393977324659,-30532,493659,-28738.0,30105.3,9.7,-0.098,9991390,LOCKED
4371,266.772,-397393977316598,5874,530065,-28728.5,30115.8,9.8,-0.099,10089611,LOCKED
4372,267.772,-397393977306144,42063,566254,-28651.3,30651.6,9.7,-0.092,10186448,LOCKED
4373,268.772,-397393977422305,-43007,481184,-28699.7,31132.3,9.3,-0.077,10165554,LOCKED
4374,269.771,-397393977376209,28439,552630,-28582.3,30933.0,9.4,-0.076,10299791,LOCKED
4375,270.772,-397393977486206,-50975,473216,-28595.7,31146.9,9.7,-0.064,10281111,LOCKED
4376,271.775,-397393977465425,247,524438,-28686.9,30327.8,9.5,-0.054,10389936,LOCKED
4377,272.772,-397393977454969,38054,562245,-28684.6,30357.4,8.9,-0.029,10485585,LOCKED
4378,273.773,-397393977566192,-40557,483634,-28810.2,30563.8,8.7,-0.012,10462727,LOCKED
4379,274.772,-397393977551718,3102,527293,-28833.8,30483.7,8.7,-0.008,10570440,LOCKED
4380,275.772,-397393977530903,49566,573757,-28759.8,31202.0,8.8,-0.001,10679778,LOCKED
4381,276.772,-397393977631122,-20841,503350,-28776.8,31293.6,8.8,-0.005,10672000,LOCKED
4382,277.772,-397393977610784,25850,550041,-28700.7,31399.7,8.8,-0.007,10778564,LOCKED
4383,278.772,-397393977620177,41201,565392,-28574.8,31622.0,8.7,-0.023,10859552,LOCKED
4384,279.772,-397393977683365,7418,531609,-28628.0,31219.8,8.7,-0.039,10884561,LOCKED
4385,280.772,-397393977674133,43336,567527,-28604.7,31505.9,8.8,-0.070,10985806,LOCKED
4386,281.772,-397393977772352,-23947,500244,-28679.4,31571.7,8.8,-0.071,10976829,LOCKED
4387,282.772,-397393977763293,13179,537370,-28671.3,31601.1,9.3,-0.100,11074044,LOCKED
4388,283.772,-397393977754085,47107,571298,-28555.5,32139.5,9.2,-0.138,11172598,LOCKED
4389,284.773,-397393977855830,-24769,499422,-28578.8,32277.5,9.3,-0.147,11162093,LOCKED
4390,285.789,-397393977856432,4127,528318,-28630.9,31954.1,8.9,-0.161,11246510,LOCKED
4391,286.772,-397393977854997,33076,557267,-28631.1,31951.7,8.8,-0.158,11341115,LOCKED
4392,287.773,-397393977964298,-44171,480020,-28725.8,32482.3,8.8,-0.154,11323045,LOCKED
4393,288.773,-397393977945528,2554,526745,-28692.2,32405.3,8.9,-0.160,11430053,LOCKED
4394,289.773,-397393978017065,-36540,487651,-28815.7,32457.5,9.1,-0.176,11444917,LOCKED
4395,290.773,-397393978020690,-10454,513737,-28842.3,32482.2,9.2,-0.172,11534507,LOCKED
4396,291.773,-397393978010426,26174,550365,-28764.1,32579.7,9.1,-0.177,11635298,LOCKED
4397,292.772,-397393978030197,31638,555829,-28643.2,32469.7,9.4,-0.189,11721583,LOCKED
4398,293.773,-397393978112771,-22158,502033,-28612.9,32166.0,9.5,-0.192,11709027,LOCKED
4399,294.773,-397393978148561,-26609,497582,-28702.6,32196.1,9.5,-0.196,11795554,LOCKED
4400,295.773,-397393978096378,50536,574727,-28602.9,32908.2,9.6,-0.206,11908935,LOCKED
4401,296.773,-397393978211713,-34849,489342,-28611.1,32992.8,9.9,-0.197,11884953,LOCKED
4402,297.773,-397393978196065,7241,531432,-28516.5,32391.7,9.9,-0.195,11985700,LOCKED
4403,298.773,-397393978182083,47405,571596,-28480.7,32820.9,9.9,-0.194,12088885,LOCKED
4404,299.773,-397393978258007,-1120,523071,-28425.7,32523.1,9.9,-0.192,12104175,LOCKED
4405,300.774,-397393978248040,33329,557520,-28287.3,32247.1,10.0,-0.185,12197171,LOCKED
4406,301.774,-397393978361805,-47712,476479,-28425.9,32614.5,10.2,-0.181,12175145,LOCKED
4407,302.774,-397393978348119,-5149,519042,-28439.5,32620.0,10.8,-0.173,12282516,LOCKED
4408,303.773,-397393978333684,34475,558666,-28337.1,32794.0,10.9,-0.170,12384291,LOCKED
4409,304.774,-397393978440866,-43398,480793,-28312.6,32394.7,10.8,-0.162,12371122,LOCKED
4410,305.774,-397393978429256,-2150,522041,-28374.2,32084.8,11.2,-0.154,12468566,LOCKED
4411,306.774,-397393978416622,36344,560535,-28311.1,32462.2,11.3,-0.149,12570048,LOCKED
4412,307.776,-397393978514369,-31696,492495,-28326.9,32601.3,11.7,-0.142,12559289,LOCKED
4413,308.774,-397393978519445,-8731,515460,-28298.3,32445.1,12.1,-0.136,12648001,LOCKED
4414,309.774,-397393978593405,-50076,474115,-28427.1,32997.6,12.1,-0.136,12656940,LOCKED
4415,310.774,-397393978595854,-22846,501345,-28450.6,33118.3,12.2,-0.133,12748320,LOCKED
4416,311.774,-397393978576192,22003,546194,-28326.8,32590.4,12.0,-0.127,12860113,LOCKED
4417,312.774,-397393978588082,37102,561293,-28322.8,32636.0,12.0,-0.125,12823201,LOCKED
4418,313.774,-397393978693412,-37677,486514,-28369.6,33000.8,12.0,-0.127,12922014,LOCKED
4419,314.774,-397393978679813,4401,0,-28382.3,32968.3,12.0,-0.125,13024495,LOCKED
4420,315.774,-397393978675964,35107,30706,-28365.9,33127.7,11.8,-0.117,13115351,LOCKED
4421,316.774,-397393978780702,-39319,0,-28396.0,33420.4,11.9,-0.114,13106557,LOCKED
4422,317.774,-397393978767687,3439,42758,-28468.0,32872.3,11.9,-0.111,13206497,LOCKED
4423,318.774,-397393978759813,37233,76552,-28404.8,33258.5,12.0,-0.115,13302356,LOCKED
4424,319.774,-397393978859185,-30065,9254,-28535.1,32964.6,12.0,-0.104,13293080,LOCKED
4425,320.774,-397393978856582,1630,40949,-28565.2,32866.2,11.9,-0.109,13384593,LOCKED
4426,321.774,-397393978850523,32934,72253,-28456.8,32936.2,12.3,-0.106,13483877,LOCKED
4427,322.774,-397393978947651,-32326,6993,-28570.7,32930.6,12.2,-0.102,13473905,LOCKED
4428,323.775,-397393978944086,-485,38834,-28555.4,32907.0,12.0,-0.087,13569414,LOCKED
4429,324.775,-397393978941620,27264,66583,-28439.9,32696.7,12.3,-0.085,13660140,LOCKED
4430,325.775,-397393979056004,-53740,0,-28593.2,33186.6,12.3,-0.091,13637852,LOCKED
4431,326.775,-397393979056379,-23818,29922,-28637.3,33343.3,12.3,-0.098,13721381,LOCKED
4432,327.775,-397393979076149,-15206,38534,-28599.5,33031.0,12.5,-0.063,13813565,LOCKED
4433,328.775,-397393979131738,-37827,15913,-28751.2,32766.5,12.5,-0.063,13806050,LOCKED
4434,329.775,-397393979143870,-20541,33199,-28749.8,32756.6,12.4,-0.064,13960252,LOCKED
4435,330.775,-397393979117855,33968,87708,-28793.8,32091.1,12.2,-0.080,13922498,LOCKED
4436,331.775,-397393979204828,-22222,31518,-28854.6,32188.4,12.7,-0.042,14025233,LOCKED
4437,332.775,-397393979182789,25967,79707,-28764.9,32199.4,12.7,-0.047,14136734,LOCKED
4438,333.775,-397393979285392,-42940,10800,-28935.8,31873.2,12.7,-0.053,14124614,LOCKED
4439,334.775,-397393979265158,6374,60114,-28953.5,31806.4,12.7,-0.029,14231103,LOCKED
4440,335.775,-397393979246287,49595,103335,-28809.8,32213.0,12.8,-0.023,14338624,LOCKED
4441,336.775,-397393979363185,-34823,18917,-28932.3,32209.1,12.8,-0.023,14314206,LOCKED
4442,337.775,-397393979357380,-432,53308,-28914.5,32177.1,12.9,-0.012,14416481,LOCKED
4443,338.776,-397393979360968,22248,75988,-28821.5,32046.6,13.0,-0.003,14495515,LOCKED
4444,339.775,-397393979348247,59663,113403,-28717.9,33054.8,13.0,0.005,14487661,LOCKED
4445,340.776,-397393979450464,-14250,39490,-28673.8,32675.8,12.9,0.005,14587548,LOCKED
4446,341.775,-397393979439442,24720,78460,-28679.3,32628.7,12.9,0.003,14690948,LOCKED
4447,342.776,-397393979447444,42153,95893,-28590.0,33105.5,12.5,-0.006,14658152,LOCKED
4448,343.776,-397393979549374,-30783,22957,-28558.6,32706.5,12.4,-0.007,14758471,LOCKED
4449,344.776,-397393979542343,5234,58974,-28588.3,32575.0,12.3,-0.002,14857586,LOCKED
4450,345.776,-397393979537872,35656,89396,-28518.1,32927.4,12.3,-0.011,14949136,LOCKED
4451,346.776,-397393979645320,-41659,12081,-28528.0,33050.9,12.4,-0.019,14931894,LOCKED
4452,347.776,-397393979626250,7012,60752,-28592.5,32525.5,12.4,-0.021,15040967,LOCKED
4453,348.776,-397393979610831,47680,101420,-28507.6,33163.6,12.2,-0.023,15145520,LOCKED
4454,349.776,-397393979715094,-24900,28840,-28622.2,32878.7,11.7,-0.027,15129446,LOCKED
4455,350.776,-397393979702571,15829,69569,-28628.2,32845.5,11.8,-0.034,15232995,LOCKED
4456,351.776,-397393979694965,48047,101787,-28510.7,33388.6,11.6,-0.037,15328921,LOCKED
4457,352.776,-397393979805478,-32770,20970,-28514.4,33425.2,11.2,-0.047,15309607,LOCKED
4458,353.776,-397393979807017,-4670,49070,-28561.9,33292.4,11.1,-0.055,15396969,LOCKED
4459,354.776,-397393979798915,30958,84698,-28562.6,33285.4,10.9,-0.060,15495100,LOCKED
4460,355.776,-397393979908060,-48007,5733,-28562.1,33277.5,10.2,-0.067,15475124,LOCKED
4461,356.777,-397393979919085,-27261,26479,-28674.4,33107.2,10.2,-0.067,15558258,LOCKED
4462,357.777,-397393979899831,19191,72931,-28633.8,33205.3,10.3,-0.072,15660653,LOCKED
4463,358.777,-397393979903021,40148,93888,-28480.1,33024.7,10.3,-0.074,15748817,LOCKED
4464,359.777,-397393979973076,-1496,52244,-28474.2,33018.8,10.3,-0.075,15766891,LOCKED
4465,360.777,-397393979975641,21374,75114,-28360.4,32614.0,10.3,-0.073,15853209,LOCKED
4466,361.777,-397393979985295,38742,92482,-28359.2,32629.0,10.3,-0.072,15819623,LOCKED
4467,362.777,-397393980088449,-33799,19941,-28413.6,32948.2,10.2,-0.068,15918675,LOCKED
4468,363.777,-397393980076607,4551,58291,-28327.5,32393.6,10.2,-0.065,16021439,LOCKED
4469,364.776,-397393980115388,-4484,49256,-28389.8,32124.1,10.3,-0.064,16120709,LOCKED
4470,365.777,-397393980190087,-47712,6028,-28461.8,32758.5,10.0,-0.056,16104148,LOCKED
4471,366.777,-397393980170840,-1553,52187,-28383.0,32144.7,10.0,-0.052,16198838,LOCKED
4472,367.777,-397393980172585,24109,77849,-28375.2,32200.3,9.6,-0.042,16288218,LOCKED
4473,368.777,-397393980179762,42257,95997,-28295.6,32704.9,9.2,-0.031,16256894,LOCKED
4474,369.777,-397393980231117,19311,73051,-28333.4,32338.0,9.3,-0.025,16411867,LOCKED
4475,370.777,-397393980349223,-65310,0,-28477.9,33451.7,9.2,-0.019,16380474,LOCKED
4476,371.777,-397393980349864,-35954,29356,-28492.6,33598.8,9.4,-0.019,16470811,LOCKED
4477,372.777,-397393980334410,5980,71290,-28403.7,33054.3,9.5,-0.020,16572447,LOCKED
4478,373.777,-397393980326376,40621,105931,-28383.0,33281.9,9.4,-0.011,16557561,LOCKED
4479,374.777,-397393980423921,-27105,38205,-28408.4,33441.1,9.6,-0.010,16658306,LOCKED
4480,375.777,-397393980410343,12422,77732,-28308.2,32927.5,9.6,-0.011,16764834,LOCKED
4481,376.777,-397393980417857,31994,97304,-28301.4,32992.6,9.5,0.001,16733302,LOCKED
4482,377.777,-397393980509090,-29339,35971,-28331.1,33189.7,9.4,0.017,16845501,LOCKED
4483,378.778,-397393980504669,1578,66888,-28243.5,32533.1,9.4,0.008,16933795,LOCKED
4484,379.778,-397393980591576,-52730,12580,-28369.8,33208.5,9.3,-0.006,16940797,LOCKED
4485,380.778,-397393980592577,-23994,41316,-28397.1,33348.2,9.4,-0.023,17028547,LOCKED
4486,381.778,-397393980589355,5708,71018,-28312.3,32851.0,9.0,-0.008,17118825,LOCKED
4487,382.778,-397393980617892,5894,71204,-28342.3,32711.8,9.0,-0.005,17180264,LOCKED
4488,383.778,-397393980618892,30825,96135,-28275.1,32962.8,9.0,-0.003,17270070,LOCKED
4489,384.778,-397393980733018,-52777,12533,-28297.7,33295.6,8.5,0.020,17246861,LOCKED
4490,385.778,-397393980717817,-7164,58146,-28389.8,32736.2,8.6,0.011,17350849,LOCKED
4491,386.778,-397393980711579,26369,91679,-28379.9,32811.0,8.7,0.002,17441991,LOCKED
4492,387.778,-397393980730389,34022,99332,-28342.3,33090.4,8.6,-0.013,17402242,LOCKED
4493,388.778,-397393980829118,-32682,32628,-28468.9,32952.4,8.8,0.002,17504862,LOCKED
4494,389.778,-397393980797252,26758,92068,-28469.5,32947.2,8.8,0.004,17624616,LOCKED
4495,390.778,-397393980816497,32761,98071,-28365.7,33051.6,8.8,0.005,17582535,LOCKED
4496,391.778,-397393980910231,-29516,35794,-28468.6,33057.6,8.1,0.003,17694247,LOCKED
4497,392.778,-397393980898821,9080,74390,-28420.6,32987.4,8.3,0.014,17791511,LOCKED
4498,393.778,-397393980909970,26448,91758,-28469.4,32352.4,8.3,0.015,17758477,LOCKED
4499,394.778,-397393981004741,-36981,28329,-28549.1,32719.8,8.0,0.015,17865050,LOCKED
4500,395.779,-397393981005919,-10221,55089,-28502.0,32359.9,7.9,0.009,17952957,LOCKED
4501,396.779,-397393981001877,22508,87818,-28548.6,31812.6,7.9,0.010,18049211,LOCKED
4502,397.778,-397393981015814,35285,100595,-28517.2,32084.9,7.7,0.012,18124312,LOCKED
4503,398.779,-397393981146219,-62526,2784,-28613.5,33173.2,7.5,0.008,18083039,LOCKED
4504,399.778,-397393981101103,8900,74210,-28515.0,32569.2,7.2,0.011,18218188,LOCKED
4505,400.779,-397393981100315,36480,101790,-28491.1,32797.4,7.3,0.007,18195639,LOCKED
4506,401.779,-397393981200270,-33255,32055,-28520.7,33032.0,7.3,0.004,18301048,LOCKED
4507,402.779,-397393981190228,3734,69044,-28449.5,32654.7,7.3,0.005,18401137,LOCKED
4508,403.779,-397393981192589,29015,94325,-28458.2,32567.1,7.3,0.007,18372914,LOCKED
4509,404.779,-397393981291187,-38459,26851,-28525.2,32983.2,7.0,0.011,18476670,LOCKED
4510,405.779,-397393981299629,-18243,47067,-28501.3,32791.7,7.0,0.007,18565170,LOCKED
4511,406.778,-397393981360744,-46033,19277,-28661.8,32805.2,6.9,0.007,18555119,LOCKED
4512,407.779,-397393981381733,-35779,29531,-28729.1,33161.2,6.9,0.009,18656238,LOCKED
4513,408.779,-397393981371123,1991,67301,-28655.2,32711.9,7.0,0.008,18755846,LOCKED
4514,409.779,-397393981422667,-18451,46859,-28744.8,32507.0,7.0,0.010,18791659,LOCKED
4515,410.779,-397393981411044,20302,85612,-28699.2,32614.5,7.0,0.006,18891439,LOCKED
4516,411.779,-397393981515594,-53374,11936,-28717.2,32892.9,7.0,0.005,18879268,LOCKED
4517,412.779,-397393981501824,-8927,56383,-28798.7,32517.3,7.0,0.002,18979474,LOCKED
4518,413.780,-397393981503934,17048,82358,-28792.0,32550.0,7.0,-0.002,19071659,LOCKED
4519,414.779,-397393981501064,44765,110075,-28672.6,32960.8,7.5,-0.004,19164960,LOCKED
4520,415.779,-397393981607055,-28639,36671,-28817.4,32371.8,7.5,-0.002,19147310,LOCKED
4521,416.780,-397393981617820,-8536,56774,-28904.0,31913.0,7.9,-0.002,19233682,LOCKED
4522,417.780,-397393981589199,45667,110977,-28816.8,32505.1,7.9,-0.006,19345849,LOCKED
4523,418.780,-397393981711951,-46185,19125,-28842.2,32824.3,8.2,-0.005,19315656,LOCKED
4524,419.780,-397393981665888,27153,92463,-28810.4,33008.2,8.2,0.004,19450016,LOCKED
4525,420.780,-397393981666493,51172,116482,-28689.9,33647.1,8.2,0.008,19424859,LOCKED
4526,421.780,-397393981771358,-24700,40610,-28663.6,33382.0,8.2,0.012,19523676,LOCKED
4527,422.780,-397393981763171,12459,77769,-28699.5,33124.1,8.2,0.009,19622048,LOCKED
4528,423.780,-397393981750942,49724,115034,-28602.2,33796.3,8.1,0.014,19608482,LOCKED
4529,424.780,-397393981842920,-12689,52621,-28628.4,33838.8,8.2,0.010,19719183,LOCKED
4530,425.780,-397393981835673,23310,88620,-28673.4,33330.6,8.1,0.016,19816543,LOCKED
4531,426.780,-397393981843212,41674,106984,-28606.6,33804.1,8.1,0.023,19786187,LOCKED
4532,427.780,-397393981883085,27613,92923,-28515.2,33848.2,8.1,0.030,19836972,LOCKED
4533,428.780,-397393981990065,-49163,16147,-28516.3,33864.8,8.4,0.034,19929480,LOCKED
4534,429.780,-397393981944235,22635,87945,-28428.7,33800.9,8.4,0.032,20066333,LOCKED
4535,430.781,-397393982039662,-39491,25819,-28602.5,33251.4,8.4,0.040,20061953,LOCKED
4536,431.780,-397393982025611,4199,69509,-28660.4,32869.5,8.4,0.042,20166909,LOCKED
4537,432.780,-397393982014553,40913,106223,-28580.9,33330.3,8.4,0.043,20266290,LOCKED
4538,433.780,-397393982119315,-34402,30908,-28566.2,33150.1,8.3,0.059,20246811,LOCKED
4539,434.781,-397393982113429,861,66171,-28607.5,32984.2,8.3,0.059,20347742,LOCKED
4540,435.780,-397393982099991,39580,104890,-28509.8,33347.6,8.1,0.076,20452267,LOCKED
4541,436.781,-397393982193153,-24763,40547,-28483.8,33081.7,8.1,0.109,20446726,LOCKED
4542,437.781,-397393982187874,9122,74432,-28505.0,32979.0,8.2,0.127,20541953,LOCKED
4543,438.781,-397393982197884,25470,90780,-28441.9,33129.0,8.2,0.131,20519020,LOCKED
4544,439.780,-397393982238605,13876,79186,-28498.7,32581.7,8.2,0.128,20669805,LOCKED
4545,440.781,-397393982255790,24269,89579,-28493.9,32617.3,8.2,0.140,20627519,LOCKED
4546,441.781,-397393982354775,-43535,21775,-28553.5,33123.2,8.1,0.139,20732117,LOCKED
4547,442.781,-397393982350965,-10735,54575,-28557.0,33134.3,8.1,0.136,20823999,LOCKED
4548,443.781,-397393982397747,-28292,37018,-28542.7,32986.5,8.2,0.144,20903425,LOCKED
4549,444.781,-397393982359732,37363,102673,-28560.6,32743.0,8.1,0.143,20884997,LOCKED
4550,445.781,-397393982447723,-20439,44871,-28606.6,32851.0,8.1,0.141,21001506,LOCKED
4551,446.781,-397393982428685,24506,89816,-28514.7,32800.8,8.0,0.140,21108682,LOCKED
4552,447.782,-397393982528787,-45368,19942,-28523.4,32919.5,7.9,0.139,21097128,LOCKED
4553,448.781,-397393982508184,4467,69777,-28565.6,32695.6,7.7,0.138,21209754,LOCKED
4554,449.781,-397393982585712,-42603,22707,-28587.7,32952.2,7.8,0.130,21221534,LOCKED
4555,450.781,-397393982581110,-10133,55177,-28535.4,32531.9,7.9,0.136,21315327,LOCKED
4556,451.782,-397393982576870,21932,87242,-28537.0,32520.4,8.1,0.130,21408521,LOCKED
4557,452.783,-397393982688225,-57470,7840,-28609.2,33370.4,7.9,0.126,21389221,LOCKED
4558,453.781,-397393982674023,-14801,50509,-28577.6,33132.0,8.0,0.122,21491541,LOCKED
4559,454.782,-397393982655957,30825,96135,-28578.9,33118.6,8.2,0.128,21598836,LOCKED
4560,455.782,-397393982762097,-43520,21790,-28664.5,33634.1,8.1,0.127,21582806,LOCKED
4561,456.782,-397393982753272,-6489,58821,-28631.2,33467.1,8.1,0.128,21677787,LOCKED
4562,457.782,-397393982764650,8674,73984,-28542.8,33004.8,8.2,0.134,21756734,LOCKED
4563,458.782,-397393982775562,26491,91801,-28596.1,32288.0,8.2,0.133,21838973,LOCKED
4564,459.782,-397393982845138,-14006,51304,-28596.5,32289.8,8.1,0.134,21855427,LOCKED
4565,460.782,-397393982837699,19143,84453,-28486.5,31848.1,8.1,0.133,21953064,LOCKED
4566,461.782,-397393982845313,38218,103528,-28461.8,32101.3,8.2,0.129,21921619,LOCKED
4567,462.782,-397393982937471,-24290,41020,-28479.7,32213.8,8.3,0.129,22030793,LOCKED
4568,463.782,-397393982942377,-2013,63297,-28412.6,31747.0,8.3,0.129,22115867,LOCKED
4569,464.782,-397393982934995,32490,97800,-28403.3,31839.2,8.4,0.130,22213334,LOCKED
4570,465.782,-397393983053693,-53781,11529,-28511.5,32648.2,8.4,0.129,22179517,LOCKED
4571,466.782,-397393983050866,-19550,45760,-28621.2,32231.1,8.4,0.131,22273321,LOCKED
4572,467.782,-397393983047469,12960,78270,-28666.9,31840.2,8.4,0.133,22372925,LOCKED
4573,468.782,-397393983047434,39021,104331,-28602.1,32276.9,8.4,0.132,22456271,LOCKED
4574,469.782,-397393983145572,-27740,37570,-28692.4,32335.7,8.4,0.136,22450406,LOCKED
4575,470.783,-397393983139750,5870,71180,-28657.6,32290.1,8.4,0.134,22541338,LOCKED
4576,471.784,-397393983135348,38423,103733,-28696.8,31650.7,8.5,0.133,22638106,LOCKED
4577,472.782,-397393983256530,-49841,15469,-28821.3,32238.4,8.5,0.131,22606135,LOCKED
4578,473.783,-397393983234504,864,66174,-28815.8,32237.1,8.9,0.130,22715464,LOCKED
4579,474.783,-397393983232063,28893,94203,-28705.2,32141.7,9.1,0.122,22812410,LOCKED
4580,475.782,-397393983341828,-47451,17859,-28858.0,32334.8,9.1,0.122,22794031,LOCKED
4581,476.783,-397393983356018,-29782,35528,-28955.9,32394.0,9.0,0.112,22871019,LOCKED
4582,477.783,-397393983344748,8810,74120,-28890.3,32181.9,9.0,0.110,22966847,LOCKED
4583,478.783,-397393983417521,-30695,34615,-29054.4,31305.8,8.8,0.099,22958488,LOCKED
4584,479.783,-397393983420673,-4705,60605,-29050.8,31298.9,8.7,0.087,23100132,LOCKED
4585,480.783,-397393983396794,43906,109216,-28911.7,31495.5,8.7,0.085,23074110,LOCKED
4586,481.783,-397393983499936,-27138,38172,-29023.1,31321.8,8.7,0.097,23175588,LOCKED
4587,482.783,-397393983523354,-20041,45269,-29063.1,31437.6,8.7,0.088,23266577,LOCKED
4588,483.783,-397393983578307,-44199,21111,-29074.6,31594.4,8.9,0.064,23370707,LOCKED
4589,484.783,-397393983597073,-30880,34430,-29171.1,31701.4,9.0,0.056,23347032,LOCKED
4590,485.783,-397393983587891,6673,71983,-29142.9,31688.5,8.9,0.051,23448889,LOCKED
4591,486.783,-397393983565004,53822,119132,-28992.6,32230.3,9.0,0.032,23557575,LOCKED
4592,487.783,-397393983690891,-41111,24199,-29020.5,32531.0,9.0,0.042,23523335,LOCKED
4593,488.783,-397393983695499,-13863,51447,-29136.9,31796.1,8.7,0.057,23607750,LOCKED
4594,489.783,-397393983646859,59147,124457,-29001.0,32700.4,9.2,0.027,23635011,LOCKED
4595,490.783,-397393983736889,-269,62257,-29079.9,32131.6,9.2,0.028,23751219,LOCKED
4596,491.783,-397393983712010,50355,112881,-28999.9,32845.0,9.2,0.018,23862515,LOCKED
4597,492.783,-397393983801327,-10542,51984,-28953.8,32493.7,9.2,0.021,23867101,LOCKED
4598,493.784,-397393983782084,36433,98959,-28954.4,32486.1,9.2,0.024,23977020,LOCKED
4599,494.784,-397393983796954,47340,109866,-28877.1,33113.1,9.3,0.016,23938734,LOCKED
4600,495.784,-397393983888553,-15733,46793,-28833.6,32721.8,9.3,0.010,24051890,LOCKED
4601,496.784,-397393983880331,20653,83179,-28835.1,32711.6,9.0,0.004,24146487,LOCKED
4602,497.784,-397393983878277,47795,110321,-28730.5,33310.4,8.8,0.007,24242866,LOCKED
4603,498.784,-397393983993429,-37217,25309,-28737.7,33390.7,9.0,-0.005,24214127,LOCKED
4604,499.784,-397393983948199,33624,96150,-28640.1,33567.8,9.0,-0.008,24352554,LOCKED
4605,500.784,-397393983971739,34997,97523,-28515.1,33542.8,8.7,-0.010,24303303,LOCKED
4606,501.784,-397393984079504,-40361,22165,-28639.2,33735.5,8.9,-0.018,24397048,LOCKED
4607,502.784,-397393984065819,1887,64413,-28638.6,33735.9,9.1,-0.025,24502623,LOCKED
4608,503.784,-397393984064149,30759,93285,-28619.2,33887.9,8.7,-0.025,24593604,LOCKED
4609,504.784,-397393984082242,37046,99572,-28472.5,33668.7,9.3,-0.035,24554653,LOCKED
4610,505.784,-397393984178273,-28251,34275,-28536.6,33867.7,9.4,-0.040,24661422,LOCKED
4611,506.785,-397393984182174,-4637,57889,-28478.7,33484.9,9.4,-0.039,24747389,LOCKED
4612,507.784,-397393984173063,31860,94386,-28478.0,33491.4,9.9,-0.046,24845593,LOCKED
4613,508.785,-397393984288491,-52059,10467,-28540.3,34155.6,10.3,-0.052,24821169,LOCKED
4614,509.786,-397393984256930,8625,71151,-28583.3,33877.8,10.4,-0.057,24940723,LOCKED
4615,510.784,-397393984257205,34597,97123,-28526.1,34200.9,10.4,-0.058,25032667,LOCKED
4616,511.785,-397393984369784,-47303,15223,-28553.1,34528.4,10.5,-0.062,25008298,LOCKED
4617,512.785,-397393984351933,839,63365,-28640.0,33844.1,10.5,-0.062,25113189,LOCKED
4618,513.784,-397393984354474,25553,88079,-28614.5,33988.6,10.5,-0.062,25196192,LOCKED
4619,514.785,-397393984376616,28749,91275,-28501.3,33864.7,10.1,-0.055,25155300,LOCKED
4620,515.785,-397393984478385,-40347,22179,-28639.2,33908.3,10.0,-0.051,25257120,LOCKED
4621,516.785,-397393984495619,-26895,35631,-28695.0,34097.8,9.9,-0.047,25349881,LOCKED
4622,517.785,-397393984469133,26078,88604,-28629.9,34248.2,9.5,-0.040,25442712,LOCKED
4623,518.785,-397393984582283,-55658,6868,-28674.0,34827.1,9.5,-0.036,25423809,LOCKED
4624,519.785,-397393984587226,-29508,33018,-28743.8,35029.0,9.4,-0.032,25536007,LOCKED
4625,520.785,-397393984553219,30277,92803,-28648.4,35116.9,9.4,-0.027,25630692,LOCKED
4626,521.785,-397393984600016,9742,72268,-28547.3,34533.9,9.5,-0.025,25584340,LOCKED
4627,522.785,-397393984692752,-50506,12020,-28656.9,35170.6,9.5,-0.024,25669092,LOCKED
4628,523.785,-397393984709378,-36277,26249,-28704.5,35492.4,9.6,-0.024,25742560,LOCKED
4629,524.785,-397393984692981,6766,69292,-28614.6,34985.3,9.7,-0.023,25846295,LOCKED
4630,525.785,-397393984687919,39219,101745,-28619.8,34921.2,9.6,-0.014,25829673,LOCKED
4631,526.786,-397393984782481,-24576,37950,-28684.4,35040.5,9.6,-0.012,25938608,LOCKED
4632,527.785,-397393984755250,28700,91226,-28602.5,35171.2,9.7,-0.010,26051015,LOCKED
4633,528.786,-397393984869981,-55327,7199,-28613.6,35344.5,9.5,0.003,26028577,LOCKED
4634,529.785,-397393984810536,31241,93767,-28592.3,35503.4,9.9,0.009,26178122,LOCKED
4635,530.786,-397393984818762,47749,110275,-28482.2,36032.6,10.1,0.010,26148093,LOCKED
4636,531.786,-397393984920097,-25162,37364,-28437.4,35533.0,10.1,0.014,26249309,LOCKED
4637,532.786,-397393984908628,15099,77625,-28480.0,35187.6,10.1,0.021,26351097,LOCKED
4638,533.786,-397393984916643,32954,95480,-28406.6,35450.4,10.1,0.015,26316075,LOCKED
4639,534.787,-397393985013024,-34128,28398,-28393.6,35304.1,10.1,-0.008,26423976,LOCKED
4640,535.786,-397393985003594,4727,67253,-28452.2,34927.8,10.2,-0.015,26521311,LOCKED
4641,536.786,-397393985009768,26128,88654,-28452.6,34924.4,10.2,-0.020,26609088,LOCKED
4642,537.788,-397393985128266,-60175,2351,-28536.3,35827.8,10.0,-0.009,26575632,LOCKED
4643,538.786,-397393985128424,-28627,33899,-28644.5,35757.1,10.0,0.004,26668487,LOCKED
4644,539.786,-397393985081150,44580,107106,-28585.4,36235.7,10.0,0.002,26803948,LOCKED
4645,540.787,-397393985195328,-39759,22767,-28580.8,36180.6,10.0,0.016,26777080,LOCKED
4646,541.786,-397393985188481,-3029,59497,-28639.8,35943.0,10.0,0.018,26874008,LOCKED
4647,542.787,-397393985165484,46369,108895,-28607.0,36296.7,9.8,0.004,26985161,LOCKED
4648,543.787,-397393985293658,-47930,14596,-28786.2,36131.7,9.8,-0.004,26950265,LOCKED
4649,544.787,-397393985294591,-17113,45413,-28903.4,35571.0,9.8,0.000,27034462,LOCKED
4650,545.787,-397393985266960,37381,99907,-28865.4,35868.0,9.6,-0.008,27156610,LOCKED
4651,546.786,-397393985379279,-44286,18240,-28879.5,36033.4,9.6,-0.003,27132875,LOCKED
4652,547.786,-397393985380196,-13269,49257,-29007.5,35153.1,9.3,-0.009,27218332,LOCKED
4653,548.787,-397393985385846,10767,73293,-29058.8,34761.3,9.3,-0.005,27306188,LOCKED
4654,549.786,-397393985441385,-15868,46658,-29024.8,34496.9,9.3,-0.008,27336348,LOCKED
4655,550.787,-397393985440175,14227,76753,-29041.6,34399.0,9.3,-0.004,27427208,LOCKED
4656,551.787,-397393985428988,49950,112476,-28903.3,34840.6,9.3,0.000,27417998,LOCKED
4657,552.787,-397393985530098,-19887,42639,-28986.7,34742.2,9.3,0.011,27519911,LOCKED
4658,553.787,-397393985512667,24209,86735,-28912.9,34812.6,9.3,0.021,27628622,LOCKED
4659,554.787,-397393985519937,41735,104261,-28780.0,34966.3,9.3,0.018,27710953,LOCKED
4660,555.787,-397393985633732,-39636,22890,-28893.1,35216.1,9.2,0.016,27688581,LOCKED
4661,556.787,-397393985628270,-5240,57286,-28886.4,35201.8,9.2,0.015,27785202,LOCKED
4662,557.787,-397393985644448,5634,68160,-28805.6,34778.9,8.9,0.020,27877213,LOCKED
4663,558.787,-397393985727401,-43929,18597,-28957.8,34803.1,8.9,0.017,27867496,LOCKED
4664,559.787,-397393985734097,-21151,41375,-28948.0,34731.8,8.9,0.017,27987100,LOCKED
4665,560.787,-397393985691734,45789,108315,-28809.3,34993.4,8.9,0.021,27972518,LOCKED
4666,561.787,-397393985774887,-6607,55919,-28894.1,34543.2,8.9,0.022,28091059,LOCKED
4667,562.787,-397393985799037,-1666,60860,-28901.0,34542.5,8.9,0.023,28179791,LOCKED
4668,563.787,-397393985853995,-26855,35671,-28898.9,34524.8,8.9,0.027,28191161,LOCKED
4669,564.787,-397393985834037,19242,81768,-28795.3,34197.7,8.7,0.021,28299686,LOCKED
4670,565.788,-397393985822411,56580,119106,-28738.0,34899.5,8.7,0.021,28285753,LOCKED
4671,566.788,-397393985911604,-3665,58861,-28742.2,34902.6,8.7,0.025,28400239,LOCKED
4672,567.787,-397393985893766,38821,101347,-28605.6,34897.1,8.4,0.020,28506346,LOCKED
4673,568.788,-397393986010736,-44867,17659,-28760.7,34926.0,8.2,0.015,28479098,LOCKED
4674,569.788,-397393985964452,27813,90339,-28690.8,35091.5,8.2,0.014,28615015,LOCKED
4675,570.788,-397393985964245,51613,114139,-28526.1,35320.5,8.1,0.009,28593674,LOCKED
4676,571.788,-397393986052158,-6036,56490,-28601.5,34971.5,8.1,0.007,28710346,LOCKED
4677,572.788,-397393986049368,23483,86009,-28548.6,35104.8,8.1,0.009,28804061,LOCKED
4678,573.788,-397393986060498,37109,99635,-28423.9,35162.7,8.4,0.013,28880127,LOCKED
4679,574.788,-397393986183415,-55119,7407,-28443.5,35450.9,8.4,0.016,28846278,LOCKED
4680,575.788,-397393986189190,-29399,33127,-28544.5,35468.1,8.4,0.019,28934370,LOCKED
4681,576.789,-397393986179552,8878,71404,-28564.0,35385.0,8.4,0.022,29038003,LOCKED
4682,577.788,-397393986188321,25674,88200,-28459.3,35254.9,8.4,0.019,29112482,LOCKED
4683,578.788,-397393986303931,-55899,6627,-28640.4,35484.1,8.4,0.014,29088036,LOCKED
4684,579.789,-397393986262658,14069,76595,-28666.5,35317.0,8.4,0.009,29222224,LOCKED
4685,580.788,-397393986262450,39078,101604,-28541.6,35445.0,8.4,0.003,29308829,LOCKED
4686,581.788,-397393986375200,-42781,19745,-28585.8,35838.7,8.1,0.017,29283315,LOCKED
4687,582.788,-397393986366710,-3771,58755,-28674.6,35272.1,8.1,0.021,29386758,LOCKED
4688,583.789,-397393986357280,33375,95901,-28683.2,35180.9,8.1,0.014,29484361,LOCKED
4689,584.788,-397393986370237,45730,108256,-28593.6,35717.3,8.0,0.006,29450743,LOCKED
4690,585.788,-397393986466999,-22347,40179,-28560.8,35410.4,8.0,0.004,29558644,LOCKED
4691,586.789,-397393986465953,7551,70077,-28587.8,35288.3,8.0,-0.003,29642733,LOCKED
4692,587.788,-397393986463108,35396,97922,-28470.3,35355.1,8.0,-0.005,29736686,LOCKED
4693,588.789,-397393986579485,-47388,15138,-28643.2,35256.3,8.2,0.005,29709495,LOCKED
4694,589.789,-397393986561167,-1453,61073,-28590.3,34994.5,8.0,-0.000,29816722,LOCKED
4695,590.790,-397393986558927,25663,88189,-28450.5,34391.1,7.9,0.036,29909323,LOCKED
4696,591.789,-397393986579305,32011,94537,-28419.0,34611.9,8.4,0.072,29866049,LOCKED
4697,592.789,-397393986676698,-35425,27101,-28435.6,34766.2,8.9,0.091,29972171,LOCKED
4698,593.789,-397393986678648,-9922,52604,-28370.7,34203.7,8.9,0.084,30063176,LOCKED
4699,594.789,-397393986663072,32418,94944,-28345.7,34397.4,8.8,0.096,30165776,LOCKED
4700,595.789,-397393986785369,-58182,4344,-28413.6,35193.7,9.1,0.117,30130328,LOCKED
4701,596.790,-397393986814133,-56094,6432,-28440.0,35575.2,8.9,0.125,30199427,LOCKED
4702,597.789,-397393986838748,-47264,15262,-28607.3,35552.3,9.1,0.142,30280916,LOCKED
4703,598.789,-397393986799097,20455,82981,-28614.9,35501.7,9.3,0.154,30387005,LOCKED
4704,599.789,-397393986867444,-19694,42832,-28561.6,34945.6,9.2,0.158,30406997,LOCKED
4705,600.790,-397393986892582,-14122,48404,-28643.7,34715.1,9.4,0.169,30508590,LOCKED
4706,601.790,-397393986966571,-55601,6925,-28741.2,35526.7,9.4,0.178,30494502,LOCKED
4707,602.790,-397393986942333,-4110,58416,-28661.1,34882.7,9.4,0.187,30605021,LOCKED
4708,603.790,-397393986937522,29001,91527,-28691.7,34533.2,9.8,0.200,30699266,LOCKED
4709,604.789,-397393987040827,-41950,20576,-28801.9,34884.9,10.9,0.219,30686675,LOCKED
4710,605.790,-397393987021596,4600,67126,-28736.6,34608.3,10.8,0.223,30795196,LOCKED
4711,606.790,-397393987019964,34313,96839,-28761.6,34292.8,11.7,0.239,30889532,LOCKED
4712,607.789,-397393987040888,40171,102697,-28731.2,34585.0,12.3,0.251,30952854,LOCKED
4713,608.790,-397393987065040,41838,104364,-28657.7,35048.6,12.6,0.259,30906005,LOCKED
4714,609.790,-397393987108237,26367,88893,-28655.9,35062.9,12.7,0.265,31068946,LOCKED
4715,610.790,-397393987224226,-57126,3049,-28749.5,35907.2,13.4,0.275,31042090,LOCKED
4716,611.790,-397393987204831,-9794,50381,-28693.2,35478.7,13.4,0.277,31151734,LOCKED
4717,612.791,-397393987184839,37294,97469,-28676.8,35636.6,13.4,0.281,31263149,LOCKED
4718,613.790,-397393987292129,-39217,20958,-28714.8,35953.6,13.4,0.281,31242033,LOCKED
4719,614.790,-397393987280359,-108,60067,-28647.0,35565.4,13.2,0.277,31343047,LOCKED
4720,615.790,-397393987267493,40168,100343,-28653.1,35489.6,13.1,0.275,31445241,LOCKED
4721,616.790,-397393987377666,-38292,21883,-28739.8,35836.6,13.0,0.269,31425207,LOCKED
4722,617.790,-397393987365245,2707,62882,-28736.3,35838.3,13.0,0.267,31526866,LOCKED
4723,618.790,-397393987351211,44349,104524,-28754.8,35568.2,12.8,0.262,31629314,LOCKED
4724,619.790,-397393987436698,-10409,49766,-28834.5,35276.3,12.6,0.256,31634088,LOCKED
4725,620.791,-397393987447115,6377,66552,-28764.9,34995.6,12.6,0.254,31717032,LOCKED
4726,621.791,-397393987435885,43974,104149,-28720.3,35412.2,12.8,0.250,31811720,LOCKED
4727,622.791,-397393987563847,-51218,8957,-28834.1,36041.0,12.9,0.248,31778029,LOCKED
4728,623.791,-397393987553365,-9709,50466,-28925.7,35598.6,13.0,0.245,31878694,LOCKED
4729,624.791,-397393987545499,25222,85397,-28876.3,35760.7,13.3,0.236,31977063,LOCKED
4730,625.791,-397393987554286,40878,101053,-28726.4,35678.3,13.3,0.235,31944853,LOCKED
4731,626.790,-397393987650994,-24965,35210,-28789.9,35806.2,13.4,0.233,32052935,LOCKED
4732,627.790,-397393987624205,27501,87676,-28682.7,35709.1,13.4,0.232,32167881,LOCKED
4733,628.791,-397393987731370,-45956,14219,-28853.2,35574.4,13.5,0.231,32151153,LOCKED
4734,629.791,-397393987702330,10541,70716,-28802.1,35513.3,13.5,0.230,32269364,LOCKED
4735,630.791,-397393987708138,29711,89886,-28663.6,35109.1,13.4,0.238,32349172,LOCKED
4736,631.791,-397393987730927,33453,93628,-28614.5,35394.0,13.5,0.239,32306893,LOCKED
4737,632.791,-397393987836546,-41611,18564,-28640.5,35657.6,13.5,0.240,32404811,LOCKED
4738,633.791,-397393987826692,-4402,55773,-28570.0,35143.5,13.4,0.251,32502822,LOCKED
4739,634.792,-397393987870076,-16408,43767,-28680.7,34637.0,13.4,0.242,32583691,LOCKED
4740,635.792,-397393987935199,-48491,11684,-28814.3,35056.3,13.4,0.233,32572992,LOCKED
4741,636.792,-397393987940045,-23165,37010,-28842.4,35183.9,13.5,0.229,32658552,LOCKED
4742,637.791,-397393987925742,17786,77961,-28764.2,35077.7,14.0,0.162,32763383,LOCKED
4743,638.792,-397393988026340,-48617,11558,-28950.2,34829.4,14.3,0.119,32753201,LOCKED
4744,639.791,-397393987980920,23845,84020,-28896.1,34966.6,14.4,0.098,32888898,LOCKED
4745,640.791,-397393988047843,-14508,45667,-28855.9,34651.0,14.6,0.062,32974236,LOCKED
4746,641.792,-397393988082446,-17459,42716,-28964.3,34205.6,14.7,0.027,32965675,LOCKED
4747,642.792,-397393988068612,24045,84220,-28940.7,34330.8,14.9,-0.023,33071884,LOCKED
4748,643.792,-397393988059811,56840,117015,-28792.2,34983.6,14.8,-0.062,33057354,LOCKED
4749,644.792,-397393988157144,-12529,47646,-28730.6,34421.5,14.8,-0.121,33162878,LOCKED
4750,645.792,-397393988141342,30505,90680,-28707.8,34588.4,14.8,-0.111,33265915,LOCKED
4751,646.792,-397393988155262,41943,102118,-28612.9,35015.5,14.4,-0.100,33230229,LOCKED
4752,647.791,-397393988247448,-21755,38420,-28570.5,34581.8,14.4,-0.105,33339687,LOCKED
4753,648.792,-397393988240207,14458,74633,-28614.4,34220.6,14.4,-0.102,33437038,LOCKED
4754,649.792,-397393988326149,-40257,19918,-28675.7,34647.2,14.4,-0.099,33444196,LOCKED
4755,650.793,-397393988324122,-10103,50072,-28631.9,34345.2,14.4,-0.106,33535397,LOCKED
4756,651.792,-397393988315824,23568,83743,-28510.9,33937.8,14.4,-0.104,33632968,LOCKED
4757,652.792,-397393988328193,37776,97951,-28478.8,34221.6,14.3,-0.110,33596746,LOCKED
4758,653.792,-397393988427576,-31210,28965,-28521.1,34469.6,14.3,-0.115,33700709,LOCKED
4759,654.792,-397393988424498,-1321,58854,-28434.8,33779.7,14.3,-0.119,33794790,LOCKED
4760,655.792,-397393988418228,32541,92716,-28447.6,33635.1,14.5,-0.130,33774167,LOCKED
4761,656.793,-397393988441570,36591,96766,-28456.7,33523.6,14.7,-0.139,33845116,LOCKED
4762,657.792,-397393988524784,-15667,44508,-28553.5,33159.3,14.6,-0.136,33962550,LOCKED
4763,658.793,-397393988521324,14438,74613,-28483.7,33038.2,14.5,-0.138,34054040,LOCKED
4764,659.794,-397393988610860,-43176,16999,-28580.8,33513.3,14.6,-0.141,34055754,LOCKED
4765,660.793,-397393988606489,-9187,50988,-28616.5,33502.3,14.5,-0.137,34149079,LOCKED
4766,661.793,-397393988597418,28568,88743,-28667.5,32805.2,14.4,-0.137,34246356,LOCKED
4767,662.793,-397393988612021,40118,100293,-28610.7,33237.9,14.4,-0.134,34322028,LOCKED
4768,663.793,-397393988725354,-42590,17585,-28638.7,33543.6,14.2,-0.123,34299986,LOCKED
4769,664.793,-397393988703759,8738,68913,-28707.1,32932.3,13.4,-0.114,34408727,LOCKED
4770,665.793,-397393988695313,43001,103176,-28636.7,33443.9,13.3,-0.113,34508387,LOCKED
4771,666.793,-397393988813652,-44624,15551,-28664.5,33762.9,12.4,-0.106,34479392,LOCKED
4772,667.793,-397393988762988,31216,91391,-28545.0,33656.2,11.4,-0.094,34506178,LOCKED
4773,668.793,-397393988885820,-60470,0,-28572.1,34099.9,10.9,-0.088,34583042,LOCKED
4774,669.793,-397393988849180,3388,63858,-28511.1,33836.1,10.3,-0.081,34707687,LOCKED
4775,670.793,-397393988848945,31839,92309,-28549.6,33319.2,9.0,-0.066,34802085,LOCKED
4776,671.794,-397393988964882,-51654,8816,-28655.1,34030.1,8.7,-0.061,34773142,LOCKED
4777,672.794,-397393988962073,-20135,40335,-28624.2,33752.9,8.5,-0.054,34870114,LOCKED
4778,673.793,-397393988958041,13008,73478,-28669.8,33381.2,8.5,-0.051,34961485,LOCKED
4779,674.793,-397393988986859,12051,72521,-28650.1,33421.1,8.5,-0.049,35046460,LOCKED
4780,675.793,-397393989070582,-41593,18877,-28651.1,33433.3,8.2,-0.041,35027785,LOCKED
4781,676.794,-397393989100524,-38792,21678,-28787.6,33426.9,8.2,-0.039,35116048,LOCKED
4782,677.794,-397393989063565,25267,85737,-28746.8,33601.4,8.4,-0.036,35213670,LOCKED
4783,678.793,-397393989061556,50995,111465,-28584.5,33840.2,8.6,-0.033,35191183,LOCKED
4784,679.794,-397393989115452,24368,84838,-28560.4,33970.9,8.8,-0.029,35340941,LOCKED
4785,680.794,-397393989222629,-50976,9494,-28636.4,34653.5,9.0,-0.023,35342723,LOCKED
4786,681.794,-397393989172795,24166,84636,-28513.0,34238.0,9.0,-0.026,35465038,LOCKED
4787,682.794,-397393989277340,-46855,13615,-28681.3,34178.5,9.2,-0.028,35448785,LOCKED
4788,683.794,-397393989254747,4635,65105,-28699.7,34122.9,9.4,-0.029,35561355,LOCKED
4789,684.794,-397393989246085,38579,99049,-28595.9,34409.2,9.3,-0.041,35548399,LOCKED
4790,685.794,-397393989324023,-11504,48966,-28540.3,33940.9,9.3,-0.033,35674159,LOCKED
4791,686.794,-397393989308036,31621,92091,-28524.0,34076.6,9.4,-0.034,35779234,LOCKED
4792,687.794,-397393989412955,-42947,17523,-28542.3,34288.5,9.4,-0.024,35765324,LOCKED
4793,688.794,-397393989404484,-4036,56434,-28628.9,33735.3,9.4,-0.027,35861886,LOCKED
4794,689.794,-397393989473636,-41962,18508,-28686.7,34191.2,9.4,-0.034,35880871,LOCKED
4795,690.794,-397393989466646,-6911,53559,-28644.4,33943.7,9.4,-0.039,35975108,LOCKED
4796,691.794,-397393989450628,34003,94473,-28516.7,33848.9,9.4,-0.040,36085462,LOCKED
4797,692.794,-397393989570756,-52715,7755,-28669.5,34280.7,9.4,-0.043,36055484,LOCKED
4798,693.794,-397393989564262,-16405,44065,-28698.5,34353.0,9.5,-0.017,36151914,LOCKED
4799,694.795,-397393989549635,25684,86154,-28680.5,34466.0,9.5,-0.020,36254907,LOCKED
4800,695.795,-397393989556578,46072,106542,-28691.0,34309.2,9.5,-0.024,36340251,LOCKED
4801,696.795,-397393989667984,-33255,27215,-28802.2,34361.9,9.2,-0.001,36317100,LOCKED
4802,697.795,-397393989698898,-33389,27081,-28843.8,34634.9,9.3,-0.014,36373455,LOCKED
4803,698.795,-397393989702859,-5866,54604,-28963.8,33584.5,9.3,-0.013,36462927,LOCKED
4804,699.794,-397393989772602,-43852,16618,-29028.1,34094.3,9.3,-0.025,36481645,LOCKED
4805,700.795,-397393989776152,-16121,44349,-29112.0,33891.3,9.3,-0.024,36569715,LOCKED
4806,701.795,-397393989768556,20583,81053,-29146.1,33569.2,9.4,-0.032,36668011,LOCKED
4807,702.795,-397393989771503,43709,104179,-29067.9,34089.7,9.3,-0.030,36753812,LOCKED
4808,703.795,-397393989786680,52508,112978,-28905.0,34392.7,9.3,-0.029,36714398,LOCKED
4809,704.795,-397393989887869,-17712,42758,-28977.0,34330.6,9.3,-0.020,36814167,LOCKED
4810,705.795,-397393989891374,6617,67087,-28931.8,34243.5,9.2,-0.020,36907931,LOCKED
4811,706.795,-397393989871117,50985,111455,-28779.7,34597.4,9.0,-0.019,37014760,LOCKED
4812,707.795,-397393989995855,-41271,19199,-28893.0,34904.7,9.6,-0.006,36979448,LOCKED
4813,708.795,-397393989983603,-441,60029,-28876.8,34879.9,9.6,0.000,37080904,LOCKED
4814,709.795,-397393990066135,-49021,11449,-29044.6,34938.2,9.5,0.001,37089950,LOCKED
4815,710.795,-397393990077533,-28646,31824,-29131.0,35042.2,9.5,0.001,37168776,LOCKED
4816,711.797,-397393990071931,5213,65683,-29096.8,34995.3,9.4,-0.002,37263169,LOCKED
4817,712.796,-397393990071873,31058,91528,-28985.8,34975.5,9.4,-0.002,37354016,LOCKED
4818,713.795,-397393990119302,12955,73425,-29024.1,34699.3,9.6,0.003,37425864,LOCKED
4819,714.795,-397393990188435,-25233,35237,-29076.5,34862.3,9.7,-0.001,37418942,LOCKED
4820,715.796,-397393990180487,10043,70513,-29007.2,34658.9,9.7,-0.007,37512584,LOCKED
4821,716.796,-397393990178045,37543,98013,-28875.6,34659.1,9.6,-0.010,37611714,LOCKED
4822,717.796,-397393990275190,-28300,32170,-28947.8,34827.8,9.6,-0.010,37603092,LOCKED
4823,718.795,-397393990270112,4765,65235,-28908.5,34751.2,9.7,-0.012,37695466,LOCKED
4824,719.797,-397393990344860,-37017,23453,-29046.3,34655.9,9.8,-0.009,37708313,LOCKED
4825,720.796,-397393990325275,11271,71741,-29048.2,34648.9,9.8,-0.008,37816347,LOCKED
4826,721.796,-397393990311871,49387,109857,-28917.3,35124.6,9.8,-0.007,37923495,LOCKED
4827,722.796,-397393990422400,-31566,28904,-28897.0,34897.4,9.7,-0.004,37901988,LOCKED
4828,723.796,-397393990414146,6536,67006,-28954.7,34495.3,9.2,0.004,37997584,LOCKED
4829,724.796,-397393990414112,32928,93398,-28881.9,34764.4,9.0,0.010,38090071,LOCKED
4830,725.796,-397393990412713,57509,117979,-28697.5,35037.2,9.1,0.010,38178081,LOCKED
4831,726.796,-397393990537248,-34617,25853,-28822.3,35000.4,9.1,0.011,38143887,LOCKED
4832,727.796,-397393990535801,-5369,55101,-28763.1,34602.4,9.1,0.020,38238414,LOCKED
4833,728.796,-397393990528413,30528,90998,-28801.5,34115.3,9.2,0.021,38335334,LOCKED
4834,729.796,-397393990594946,-7085,53385,-28795.5,34099.2,9.3,0.023,38358069,LOCKED
4835,730.796,-397393990583379,29781,90251,-28673.2,33906.3,9.0,0.032,38458064,LOCKED
4836,731.796,-397393990591028,48950,109420,-28663.6,34044.4,9.1,0.035,38427700,LOCKED
4837,732.797,-397393990675455,-5929,54541,-28697.2,34006.4,8.8,0.047,38542851,LOCKED
4838,733.796,-397393990684617,12110,72580,-28643.8,33954.8,8.5,0.060,38625910,LOCKED
4839,734.796,-397393990688138,34148,94618,-28549.0,34163.5,8.5,0.065,38713655,LOCKED
4840,735.802,-397393990795696,-40854,19616,-28678.0,34325.2,8.7,0.069,38696239,LOCKED
4841,736.797,-397393990794484,-8995,51475,-28759.8,33963.6,8.7,0.075,38785485,LOCKED
4842,737.796,-397393990784835,26665,87135,-28669.1,33985.6,8.7,0.069,38885512,LOCKED
4843,738.797,-397393990792161,42937,103407,-28491.3,33555.6,8.7,0.066,38857535,LOCKED
4844,739.797,-397393990862521,-290,60180,-28424.0,33142.4,8.7,0.063,38987757,LOCKED
4845,740.797,-397393990867930,22494,82964,-28450.1,32892.8,8.9,0.035,39071234,LOCKED
4846,741.798,-397393990864888,49173,109643,-28295.4,33141.8,9.0,0.025,39053193,LOCKED
4847,742.797,-397393990979453,-33594,26876,-28411.7,33158.1,9.0,0.002,39141063,LOCKED
4848,743.797,-397393990981391,-7151,53319,-28398.2,33111.2,9.0,-0.019,39225837,LOCKED
4849,744.797,-397393990976585,22604,83074,-28266.2,32475.1,8.9,-0.041,39320751,LOCKED
4850,745.797,-397393990988743,35946,96416,-28190.1,32824.3,9.2,-0.062,39285561,LOCKED
4851,746.798,-397393991078498,-25734,34736,-28141.6,32202.4,9.0,-0.088,39398849,LOCKED
4852,747.798,-397393991062259,18119,78589,-28145.8,32175.5,9.1,-0.082,39504798,LOCKED
4853,748.797,-397393991105867,1974,62444,-28115.6,32109.6,9.0,-0.087,39465486,LOCKED
4854,749.798,-397393991157755,-19561,40909,-28193.0,32045.5,9.4,-0.064,39588100,LOCKED
4855,750.797,-397393991225143,-55207,5263,-28275.5,32892.0,9.4,-0.055,39678977,LOCKED
4856,751.798,-397393991258818,-58367,2103,-28288.3,33115.6,9.4,-0.050,39663000,LOCKED
4857,752.797,-397393991242748,-11787,48683,-28377.9,32721.5,9.7,-0.036,39767000,LOCKED
4858,753.799,-397393991220117,36924,97394,-28326.5,33087.4,9.5,-0.034,39879868,LOCKED
4859,754.798,-397393991329640,-42598,17872,-28337.8,33228.7,9.5,-0.030,39859965,LOCKED
4860,755.798,-397393991322137,-8269,52201,-28249.7,32283.6,9.7,-0.019,39955262,LOCKED
4861,756.798,-397393991322162,19353,79823,-28252.3,32266.4,9.7,-0.016,40046417,LOCKED
4862,757.797,-397393991343101,25741,86211,-28249.7,32287.5,9.6,-0.014,40004183,LOCKED
4863,758.798,-397393991434294,-34758,25712,-28312.0,32630.5,9.6,-0.012,40113197,LOCKED
4864,759.797,-397393991401562,26026,86496,-28342.6,32286.0,9.6,-0.017,40123716,LOCKED
4865,760.799,-397393991501844,-42236,18234,-28453.0,32669.9,9.6,-0.015,40226817,LOCKED
4866,761.798,-397393991490141,-2355,58115,-28435.6,32628.6,9.6,-0.020,40327425,LOCKED
4867,762.798,-397393991487135,25909,86379,-28322.5,32396.8,9.6,-0.023,40420570,LOCKED
4868,763.798,-397393991597733,-54546,5924,-28321.1,32372.0,9.6,-0.021,40397966,LOCKED
4869,764.798,-397393991591882,-18528,41942,-28381.0,32400.2,9.5,-0.022,40493602,LOCKED
4870,765.798,-397393991594253,6745,67215,-28356.0,32397.1,9.5,-0.024,40580122,LOCKED
4871,766.799,-397393991598482,26969,87439,-28209.0,31675.4,9.6,-0.025,40665973,LOCKED
4872,767.798,-397393991716072,-57196,3274,-28370.2,32270.9,8.9,-0.022,40637282,LOCKED
4873,768.798,-397393991709002,-20389,40081,-28403.4,32388.8,8.9,-0.013,40732997,LOCKED
4874,769.798,-397393991677319,38893,99363,-28428.7,32007.8,8.9,-0.011,40853791,LOCKED
4875,770.798,-397393991802333,-52653,7817,-28588.7,32374.8,9.0,-0.012,40813782,LOCKED
4876,771.799,-397393991807144,-26698,33772,-28651.3,32554.3,8.9,-0.013,40902992,LOCKED
4877,772.799,-397393991792817,14616,75086,-28593.9,32521.5,9.0,-0.013,41003752,LOCKED
4878,773.799,-397393991793168,40036,100506,-28521.7,32972.5,8.7,-0.006,41091690,LOCKED
4879,774.799,-397393991893721,-28648,31822,-28638.6,32797.5,8.7,-0.010,41083242,LOCKED
4880,775.799,-397393991888887,4681,65151,-28639.3,32796.3,8.7,-0.012,41178077,LOCKED
4881,776.799,-397393991899336,20524,80994,-28558.1,32727.5,8.9,-0.008,41262258,LOCKED
4882,777.799,-397393991905057,41883,102353,-28555.3,32765.1,8.9,-0.011,41227908,LOCKED
4883,778.799,-397393992010252,-32232,28238,-28625.7,33038.6,9.1,-0.013,41329194,LOCKED
4884,779.799,-397393991969002,37054,97524,-28658.5,32550.7,8.9,-0.006,41342565,LOCKED
4885,780.799,-397393992078088,-40217,20253,-28746.6,32977.3,8.8,-0.010,41443999,LOCKED
4886,781.799,-397393992068442,-2704,57766,-28698.9,32727.6,8.8,-0.007,41535892,LOCKED
4887,782.799,-397393992065783,28453,88923,-28736.5,32250.9,8.8,-0.012,41629950,LOCKED
4888,783.799,-397393992126717,-2989,57481,-28768.6,32185.9,8.9,-0.019,41715234,LOCKED
4889,784.799,-397393992205482,-49949,10521,-28834.7,32850.6,9.1,-0.018,41701219,LOCKED
4890,785.800,-397393992149536,31181,91651,-28707.1,32637.7,9.0,-0.025,41816994,LOCKED
4891,786.799,-397393992259878,-45498,14972,-28875.0,32508.9,9.1,-0.023,41797089,LOCKED
4892,787.800,-397393992271397,-25477,34993,-28963.6,32515.1,8.9,-0.011,41876697,LOCKED
4893,788.800,-397393992264185,9714,68081,-28931.4,32520.6,8.9,-0.020,41976537,LOCKED
4894,789.800,-397393992331072,-25472,32895,-29025.1,32482.2,9.0,-0.033,41998231,LOCKED
4895,790.805,-397393992311064,21705,80072,-28970.0,32588.9,9.0,-0.030,42111714,LOCKED
4896,791.800,-397393992308484,48708,107075,-28827.6,32959.0,9.0,-0.033,42087202,LOCKED
4897,792.800,-397393992414024,-25547,32820,-28905.9,33039.5,8.9,-0.037,42184548,LOCKED
4898,793.800,-397393992387854,27661,86028,-28860.1,33251.6,9.1,-0.014,42297187,LOCKED
4899,794.800,-397393992384375,55278,113645,-28720.0,33923.9,9.2,-0.023,42280174,LOCKED
4900,795.800,-397393992491350,-19799,38568,-28843.3,33331.5,9.0,-0.002,42375805,LOCKED
4901,796.800,-397393992484703,15494,73861,-28859.5,33229.1,9.2,0.018,42473615,LOCKED
4902,797.800,-397393992491440,34749,93116,-28776.3,33518.5,9.3,0.011,42443373,LOCKED
4903,798.800,-397393992603752,-46822,11545,-28794.9,33759.7,9.3,-0.012,42536859,LOCKED
4904,799.800,-397393992571887,13088,71455,-28779.8,33801.0,9.2,-0.025,42656989,LOCKED
4905,800.800,-397393992569463,40777,99144,-28675.0,34153.9,9.2,-0.031,42637775,LOCKED
4906,801.800,-397393992659466,-20999,37368,-28617.9,33493.0,9.1,-0.037,42751509,LOCKED
4907,802.800,-397393992652416,14696,73063,-28643.8,33313.3,9.1,-0.031,42848705,LOCKED
4908,803.801,-397393992643585,48921,107288,-28565.5,33964.3,9.1,-0.037,42830688,LOCKED
4909,804.801,-397393992734560,-13630,44737,-28535.8,33760.6,9.0,-0.041,42947335,LOCKED
4910,805.800,-397393992728873,17634,76001,-28419.7,33196.5,8.6,-0.045,43039044,LOCKED
4911,806.800,-397393992741243,31785,90152,-28379.3,33454.8,8.6,-0.050,43003728,LOCKED
4912,807.802,-397393992839013,-36373,21994,-28379.3,33454.5,8.6,-0.047,43109257,LOCKED
4913,808.801,-397393992829026,1117,59484,-28338.1,33316.3,8.5,-0.045,43205178,LOCKED
4914,809.800,-397393992899181,-38068,20299,-28404.1,33714.9,8.3,-0.042,43226987,LOCKED
4915,810.801,-397393992899974,-8448,49919,-28488.8,33297.2,8.4,-0.040,43313063,LOCKED
4916,811.801,-397393992897940,22244,80611,-28534.2,32788.9,8.4,-0.044,43406142,LOCKED
4917,812.801,-397393992901267,44568,102935,-28466.7,33332.5,8.2,-0.041,43378908,LOCKED
4918,813.800,-397393993007479,-32560,25807,-28442.8,33034.4,8.5,-0.034,43476299,LOCKED
4919,814.802,-397393993008032,-3271,55096,-28506.1,32734.9,8.5,-0.037,43563721,LOCKED
4920,815.801,-397393993025008,7696,66063,-28491.3,32751.5,8.4,-0.038,43660747,LOCKED
4921,816.801,-397393993100134,-37392,20975,-28505.0,32898.8,8.4,-0.036,43649118,LOCKED
4922,817.801,-397393993142514,-49195,9172,-28524.9,33174.4,8.5,-0.038,43697842,LOCKED
4923,818.801,-397393993138212,-14505,43862,-28592.3,33073.4,8.5,-0.036,43791131,LOCKED
4924,819.801,-397393993211983,-56976,1391,-28630.5,33628.4,8.4,-0.037,43807496,LOCKED
4925,820.802,-397393993222979,-35582,22785,-28756.1,33619.4,8.4,-0.036,43888744,LOCKED
4926,821.801,-397393993209733,5981,64348,-28744.4,33629.1,8.4,-0.041,43992178,LOCKED
4927,822.801,-397393993249548,-5848,52519,-28697.4,33344.9,8.3,-0.043,44068888,LOCKED
4928,823.801,-397393993320125,-43051,15316,-28855.6,33241.7,8.3,-0.041,44057992,LOCKED
4929,824.801,-397393993310295,-3505,54862,-28892.1,33162.1,8.3,-0.046,44155076,LOCKED
4930,825.801,-397393993294678,38074,96441,-28811.5,33545.6,8.2,-0.052,44261255,LOCKED
4931,826.801,-397393993399464,-36582,21785,-28815.3,33588.2,8.2,-0.057,44248030,LOCKED
4932,827.801,-397393993390653,2753,61120,-28903.9,32801.4,8.5,-0.064,44347128,LOCKED
4933,828.802,-397393993380764,39541,97908,-28871.3,33116.3,8.3,-0.058,44447379,LOCKED
4934,829.801,-397393993442086,5310,63677,-28792.6,32685.2,8.4,-0.058,44470634,LOCKED
4935,830.802,-397393993445272,30696,89063,-28832.9,32132.9,8.3,-0.064,44563831,LOCKED
4936,831.802,-397393993549850,-41042,17325,-28961.5,32316.0,8.7,-0.064,44551291,LOCKED
4937,832.802,-397393993525609,11128,69495,-28929.3,32336.3,9.0,-0.071,44662005,LOCKED
4938,833.802,-397393993531194,31006,89373,-28810.5,32225.4,9.1,-0.070,44747474,LOCKED
4939,834.802,-397393993544071,44932,103299,-28786.7,32520.6,9.3,-0.077,44713010,LOCKED
4940,835.802,-397393993647894,-28204,30163,-28833.2,32744.5,9.7,-0.075,44809870,LOCKED
4941,836.802,-397393993665859,-16848,41519,-28829.0,32720.7,9.8,-0.064,44887223,LOCKED
4942,837.802,-397393993656021,18965,77332,-28720.3,32297.3,10.1,-0.060,44983508,LOCKED
4943,838.802,-397393993652371,48989,107356,-28686.6,32726.7,10.2,-0.044,45076566,LOCKED
4944,839.802,-397393993741642,-12169,46198,-28638.1,32318.4,10.2,-0.042,45080435,LOCKED
4945,840.803,-397393993737873,20197,78564,-28669.7,32015.8,10.3,-0.036,45168437,LOCKED
4946,841.803,-397393993840004,-49738,8629,-28760.3,32719.4,10.3,-0.030,45158444,LOCKED
4947,842.803,-397393993834986,-15843,42524,-28739.6,32574.7,10.3,-0.025,45249727,LOCKED
4948,843.802,-397393993833482,13571,71938,-28721.4,32623.9,10.0,-0.010,45345617,LOCKED
4949,844.803,-397393993830417,44175,102542,-28736.9,32380.9,9.9,-0.011,45324917,LOCKED
4950,845.803,-397393993922460,-18873,39494,-28718.1,32232.8,10.2,0.026,45436585,LOCKED
4951,846.802,-397393993906015,26269,84636,-28760.9,31691.6,10.2,0.030,45539370,LOCKED
4952,847.802,-397393993929294,30886,89253,-28769.9,31591.8,10.1,0.050,45608342,LOCKED
4953,848.802,-397393993937523,48130,106497,-28688.0,32260.2,10.3,0.041,45576877,LOCKED
4954,849.802,-397393993986885,26938,85305,-28707.4,32054.1,9.9,0.070,45731281,LOCKED
4955,850.803,-397393993997441,41856,100223,-28618.2,32531.1,9.9,0.078,45804899,LOCKED
4956,851.803,-397393994118641,-48838,9529,-28629.6,32698.5,9.8,0.080,45779978,LOCKED
4957,852.803,-397393994106199,-6150,52217,-28698.8,32393.9,10.1,0.057,45879520,LOCKED
4958,853.803,-397393994102723,23701,82068,-28624.0,32451.3,9.8,0.047,45972188,LOCKED
4959,854.803,-397393994114680,35968,94335,-28467.6,32010.8,10.1,0.032,45937571,LOCKED
4960,855.803,-397393994210443,-28614,29753,-28553.4,32127.8,10.0,0.027,46046313,LOCKED
4961,856.803,-397393994198608,10593,68960,-28512.9,32115.4,9.7,0.031,46145039,LOCKED
4962,857.803,-397393994237612,-1088,57279,-28452.6,31751.8,9.7,0.028,46227277,LOCKED
4963,858.803,-397393994309315,-39924,18443,-28603.1,31601.8,9.7,0.034,46213751,LOCKED
4964,859.805,-397393994300678,-2840,55527,-28590.7,31575.4,9.7,0.031,46344399,LOCKED
4965,860.803,-397393994372629,-44580,13787,-28596.1,31652.1,9.7,0.029,46330106,LOCKED
4966,861.804,-397393994401639,-41449,16918,-28701.3,32049.5,10.0,0.039,46429266,LOCKED
4967,862.803,-397393994354026,32118,90485,-28619.8,32285.8,10.0,0.044,46528499,LOCKED
4968,863.804,-397393994463821,-47667,10700,-28608.7,32101.5,10.0,0.047,46508095,LOCKED
4969,864.804,-397393994438211,6336,64703,-28608.6,32101.6,10.3,0.055,46621847,LOCKED
4970,865.803,-397393994427120,42117,100484,-28486.1,32388.4,10.6,0.063,46611080,LOCKED
4971,866.804,-397393994517562,-20126,38241,-28438.4,31862.1,10.6,0.065,46722254,LOCKED
4972,867.804,-397393994504301,20818,79185,-28436.0,31878.1,10.8,0.072,46825450,LOCKED
4973,868.803,-397393994612694,-55905,2462,-28501.8,32674.5,10.8,0.076,46804032,LOCKED
4974,869.804,-397393994544463,38973,97340,-28475.6,32939.5,10.7,0.079,46965272,LOCKED
4975,870.804,-397393994662984,-47865,10502,-28553.5,33571.5,10.7,0.083,46935820,LOCKED
4976,871.804,-397393994657745,-14242,44125,-28521.5,33335.9,10.7,0.084,47030896,LOCKED
4977,872.804,-397393994644327,23914,82281,-28375.3,32505.6,10.7,0.087,47135489,LOCKED
4978,873.804,-397393994756265,-55324,3043,-28495.7,33313.0,10.3,0.092,47111612,LOCKED
4979,874.804,-397393994747868,-17621,40746,-28506.2,33361.2,10.3,0.092,47205813,LOCKED
4980,875.805,-397393994735997,20497,78864,-28429.3,33326.3,10.4,0.090,47308880,LOCKED
4981,876.804,-397393994740936,41826,100193,-28392.7,33686.8,10.3,0.093,47393993,LOCKED
4982,877.804,-397393994858086,-42716,15651,-28528.8,33852.0,10.3,0.093,47365780,LOCKED
4983,878.804,-397393994859486,-14372,43995,-28564.6,33898.3,10.3,0.096,47452308,LOCKED
4984,879.804,-397393994919651,-41244,17123,-28728.4,33619.2,10.2,0.102,47482404,LOCKED
4985,880.804,-397393994919411,-10159,48208,-28815.6,33216.2,10.1,0.107,47569781,LOCKED
4986,881.804,-397393994918552,18267,76634,-28784.6,33308.6,10.1,0.107,47664087,LOCKED
4987,882.804,-397393995010971,-42050,16317,-28877.6,33761.4,10.0,0.112,47659151,LOCKED
4988,883.805,-397393995004097,-4056,54311,-28981.1,32930.0,9.9,0.119,47752318,LOCKED
4989,884.805,-397393994997866,29801,88168,-28964.2,33064.8,10.0,0.120,47851115,LOCKED
4990,885.805,-397393994997101,54856,113223,-28825.8,33735.1,10.0,0.120,47829561,LOCKED
4991,886.805,-397393995100986,-17282,41085,-28940.6,33176.5,10.0,0.121,47927559,LOCKED
4992,887.805,-397393995098377,13821,72188,-28941.7,33171.6,9.9,0.114,48022422,LOCKED
4993,888.804,-397393995098543,39031,97398,-28831.4,33435.6,9.8,0.123,48111883,LOCKED
4994,889.805,-397393995177897,-10559,47808,-28859.7,33457.8,9.9,0.125,48121048,LOCKED
4995,890.805,-397393995183455,11269,69636,-28806.0,33389.6,9.9,0.125,48208767,LOCKED
4996,891.805,-397393995173576,48529,106896,-28816.8,33213.8,9.9,0.114,48311065,LOCKED
4997,892.805,-397393995292694,-38933,19434,-28891.5,33628.2,9.8,0.102,48278219,LOCKED
4998,893.805,-397393995290475,-7913,50454,-28873.9,33556.8,9.9,0.100,48369842,LOCKED
4999,894.806,-397393995278041,30059,88426,-28760.0,33469.7,9.8,0.083,48472834,LOCKED
5000,895.806,-397393995321031,16021,74388,-28796.1,33169.4,9.7,0.051,48554903,LOCKED
5001,896.805,-397393995378382,-10793,47574,-28863.7,32986.8,9.6,0.021,48622932,LOCKED
5002,897.805,-397393995398196,-1917,56450,-28852.0,32967.1,9.3,0.007,48623335,LOCKED
5003,898.806,-397393995374936,45543,103910,-28699.1,33062.1,9.0,-0.024,48738090,LOCKED
5004,899.807,-397393995476056,-24650,33717,-28767.6,33173.5,9.0,-0.012,48726170,LOCKED
5005,900.805,-397393995473424,5769,64136,-28729.0,33109.3,8.9,-0.030,48821909,LOCKED
5006,901.805,-397393995464183,42756,101123,-28751.9,32748.7,8.9,-0.036,48918534,LOCKED
5007,902.807,-397393995553603,-15934,42433,-28822.6,32652.3,8.9,-0.026,48920397,LOCKED
5008,903.806,-397393995538961,25619,83986,-28771.3,32833.3,8.9,-0.030,49024381,LOCKED
5009,904.806,-397393995552512,36961,95328,-28642.2,32839.7,8.6,-0.031,48987271,LOCKED
5010,905.806,-397393995641854,-21432,36935,-28719.9,32821.7,8.6,-0.018,49101025,LOCKED
5011,906.806,-397393995618210,28256,86623,-28635.4,32934.2,8.9,-0.005,49212762,LOCKED
5012,907.806,-397393995639924,31967,90334,-28530.9,33005.7,9.6,0.017,49166405,LOCKED
5013,908.806,-397393995753095,-50949,6027,-28530.7,33002.9,9.2,0.020,49257741,LOCKED
5014,909.806,-397393995699701,27896,84872,-28425.8,32935.0,9.2,0.022,49399145,LOCKED
5015,910.806,-397393995809114,-51407,5569,-28422.9,32887.3,9.4,0.031,49381831,LOCKED
5016,911.806,-397393995809666,-20743,36233,-28525.7,32604.3,9.5,0.039,49469371,LOCKED
5017,912.806,-397393995809232,7692,64668,-28512.7,32621.0,9.1,0.039,49556796,LOCKED
5018,913.806,-397393995797999,43288,100264,-28380.8,32861.2,9.0,0.039,49656241,LOCKED
5019,914.807,-397393995925813,-54232,2744,-28384.5,32923.6,8.6,0.038,49618514,LOCKED
5020,915.807,-397393995928182,-25930,31046,-28453.7,33060.2,8.6,0.043,49707969,LOCKED
5021,916.807,-397393995920683,8541,65517,-28395.1,32907.6,8.6,0.043,49807380,LOCKED
5022,917.807,-397393995912226,41898,98874,-28293.0,33322.4,8.7,0.047,49898926,LOCKED
5023,918.806,-397393996020399,-34696,22280,-28396.8,33489.2,8.6,0.047,49881646,LOCKED
5024,919.806,-397393995975543,35729,92705,-28317.3,33813.7,8.7,0.049,50016256,LOCKED
5025,920.807,-397393996093895,-49705,7271,-28460.7,34204.6,8.7,0.051,49990949,LOCKED
5026,921.807,-397393996089837,-14848,42128,-28550.9,33901.0,8.5,0.054,50079812,LOCKED
5027,922.807,-397393996081444,19444,76420,-28452.9,33641.3,8.6,0.057,50179385,LOCKED
5028,923.807,-397393996186145,-51722,5254,-28616.6,33898.0,8.6,0.057,50163852,LOCKED
5029,924.807,-397393996181112,-17159,39817,-28633.0,33961.3,8.4,0.061,50258816,LOCKED
5030,925.807,-397393996179886,10292,67268,-28531.7,33372.7,8.4,0.067,50344381,LOCKED
5031,926.807,-397393996182671,34053,91029,-28490.8,33659.9,8.4,0.068,50432825,LOCKED
5032,927.807,-397393996201414,39904,96880,-28365.7,33824.5,8.7,0.077,50391064,LOCKED
5033,928.807,-397393996302361,-29054,27922,-28495.4,33502.3,8.7,0.078,50490147,LOCKED
5034,929.807,-397393996285315,13828,70804,-28387.7,32926.0,8.8,0.081,50620597,LOCKED
5035,930.807,-397393996380247,-47998,8978,-28539.7,33150.6,8.9,0.083,50599623,LOCKED
5036,931.807,-397393996375833,-13755,43221,-28580.2,33179.0,8.9,0.084,50690901,LOCKED
5037,932.807,-397393996398603,-8479,48497,-28539.8,32921.9,8.9,0.086,50763981,LOCKED
5038,933.807,-397393996377057,40568,97544,-28556.3,32682.1,8.8,0.081,50870576,LOCKED
5039,934.808,-397393996479167,-30339,26637,-28635.9,32877.1,9.0,0.083,50860510,LOCKED
5040,935.808,-397393996465516,10394,67370,-28576.8,32754.8,8.9,0.078,50964286,LOCKED
5041,936.808,-397393996462918,37235,94211,-28425.7,32469.6,8.9,0.073,50940188,LOCKED
5042,937.807,-397393996586999,-53453,3523,-28580.9,32928.8,9.4,0.073,51018748,LOCKED
5043,938.807,-397393996585759,-21689,35287,-28640.4,33018.6,9.4,0.066,51109051,LOCKED
5044,939.808,-397393996562086,30145,87121,-28667.1,32696.2,9.4,0.067,51226395,LOCKED
5045,940.808,-397393996583252,35816,92792,-28636.8,32960.0,9.9,0.066,51182453,LOCKED
5046,941.808,-397393996673815,-24777,32199,-28661.0,33097.9,10.2,0.053,51291772,LOCKED
5047,942.808,-397393996672445,6677,63653,-28742.1,32320.7,10.4,0.038,51383948,LOCKED
5048,943.808,-397393996671763,34445,91421,-28718.1,32535.6,10.4,0.037,51477847,LOCKED
5049,944.808,-397393996792299,-54108,2868,-28788.5,33300.9,10.3,0.020,51447645,LOCKED
5050,945.809,-397393996786432,-19607,37369,-28748.2,32903.2,10.5,0.022,51544786,LOCKED
5051,946.808,-397393996779616,15930,72906,-28773.4,32716.4,10.5,-0.023,51640032,LOCKED
5052,947.808,-397393996781410,40134,97110,-28703.8,33167.2,10.2,-0.046,51614526,LOCKED
5053,948.808,-397393996876318,-25357,31619,-28696.6,33104.4,10.3,-0.071,51726373,LOCKED
5054,949.808,-397393996834063,43298,100274,-28655.8,33512.2,9.9,-0.095,51742786,LOCKED
5055,950.808,-397393996945654,-37167,19809,-28715.4,33887.3,10.1,-0.136,51833877,LOCKED
5056,951.809,-397393996946662,-10202,46774,-28661.9,33462.1,9.9,-0.163,51922068,LOCKED
5057,952.809,-397393996931255,33241,90217,-28686.5,33149.1,9.7,-0.194,52025838,LOCKED
5058,953.808,-397393997040625,-43741,13235,-28795.6,33583.4,9.3,-0.232,52006668,LOCKED
5059,954.809,-397393997029403,-4145,52831,-28768.0,33479.2,9.3,-0.233,52108198,LOCKED
5060,955.808,-397393997017596,33830,90806,-28696.5,33779.9,9.2,-0.220,52205496,LOCKED
5061,956.809,-397393997131101,-46995,9981,-28814.1,34269.4,9.1,-0.220,52187263,LOCKED
5062,957.808,-397393997118468,-4716,52260,-28847.1,34221.7,9.2,-0.212,52287097,LOCKED
5063,958.809,-397393997112429,26980,83956,-28735.2,34051.8,9.0,-0.213,52381624,LOCKED
5064,959.808,-397393997212965,-40839,16137,-28863.0,34225.3,9.1,-0.207,52371547,LOCKED
5065,960.809,-397393997227753,-24883,32093,-28914.0,34386.9,8.9,-0.201,52448930,LOCKED
5066,961.809,-397393997224506,5713,62689,-28846.5,34106.7,9.0,-0.197,52541732,LOCKED
5067,962.809,-397393997217916,39317,96293,-28822.0,34350.3,9.0,-0.193,52639307,LOCKED
5068,963.809,-397393997333138,-44613,12363,-28869.0,34796.9,8.8,-0.197,52614468,LOCKED
5069,964.809,-397393997321109,-4565,52411,-28819.6,34517.2,8.6,-0.201,52717866,LOCKED
5070,965.809,-397393997349303,-2828,54148,-28869.6,34342.9,8.6,-0.198,52834760,LOCKED
5071,966.809,-397393997422392,-44820,12156,-28904.4,34713.0,8.5,-0.195,52822773,LOCKED
5072,967.809,-397393997435496,-28209,28767,-28897.3,34647.4,8.1,-0.191,52869941,LOCKED
5073,968.809,-397393997444281,-5878,51098,-28996.6,33964.5,8.4,-0.185,52950612,LOCKED
5074,969.809,-397393997425199,38526,95502,-28880.1,34155.5,8.6,-0.179,52950127,LOCKED
5075,970.810,-397393997502220,-7346,49630,-28979.4,33507.5,8.6,-0.177,53076190,LOCKED
5076,971.809,-397393997498975,24080,81056,-28980.3,33500.8,8.5,-0.175,53170783,LOCKED
5077,972.810,-397393997496333,51947,108923,-28882.2,34231.2,8.7,-0.171,53259079,LOCKED
5078,973.809,-397393997611058,-33233,23743,-28859.4,33951.9,8.9,-0.168,53237072,LOCKED
5079,974.809,-397393997618020,-8908,48068,-28963.9,33268.7,8.9,-0.172,53335465,LOCKED
5080,975.810,-397393997678072,-36464,20512,-29076.9,33420.4,8.9,-0.170,53326862,LOCKED
5081,976.810,-397393997692441,-20521,36455,-29103.4,33528.4,9.0,-0.174,53426973,LOCKED
5082,977.810,-397393997678852,19309,76285,-28994.8,33129.7,9.1,-0.175,53525331,LOCKED
5083,978.809,-397393997667630,56753,113729,-28953.1,33719.0,9.2,-0.174,53632238,LOCKED
5084,979.810,-397393997735119,15679,72655,-28854.4,33333.1,9.3,-0.174,53652220,LOCKED
5085,980.810,-397393997718487,58705,115681,-28831.2,33711.4,9.7,-0.176,53645300,LOCKED
5086,981.810,-397393997811294,-4472,52504,-28863.1,33665.6,9.7,-0.178,53758241,LOCKED
5087,982.810,-397393997790029,41939,98915,-28750.2,34007.5,9.6,-0.176,53869878,LOCKED
5088,983.810,-397393997890411,-26081,30895,-28884.3,33498.4,9.6,-0.179,53859551,LOCKED
5089,984.810,-397393997860377,31400,88376,-28866.0,33648.6,9.7,-0.183,53975793,LOCKED
5090,985.810,-397393997967972,-44544,12432,-28928.7,34167.0,9.7,-0.181,53961781,LOCKED
5091,986.810,-397393997963925,-11948,45028,-28890.1,33893.2,10.1,-0.185,54056047,LOCKED
5092,987.810,-397393997952073,25386,82362,-28764.8,33489.3,9.8,-0.176,54158454,LOCKED
5093,988.810,-397393997962201,41895,98871,-28730.0,33837.1,9.9,-0.180,54123737,LOCKED
5094,989.810,-397393998012778,17954,74930,-28657.0,33771.7,10.0,-0.177,54274800,LOCKED
5095,990.810,-397393998005583,51649,108625,-28637.0,34056.0,10.0,-0.173,54259222,LOCKED
5096,991.810,-397393998101560,-14398,42578,-28676.6,34093.9,10.0,-0.177,54367836,LOCKED
5097,992.810,-397393998091915,22480,79456,-28643.1,34227.3,10.1,-0.182,54463674,LOCKED
5098,993.810,-397393998201889,-56604,372,-28659.2,34484.3,10.2,-0.186,54444000,LOCKED
5099,994.811,-397393998193083,-17068,39908,-28732.6,34397.9,10.3,-0.180,54545967,LOCKED
5100,995.811,-397393998187221,15877,72853,-28678.0,34402.9,10.3,-0.185,54643056,LOCKED
5101,996.811,-397393998187343,39938,96914,-28523.5,34207.7,10.4,-0.178,54616292,LOCKED
5102,997.811,-397393998284945,-25826,31150,-28643.4,33896.9,10.4,-0.131,54721317,LOCKED
5103,998.811,-397393998282129,5821,62797,-28662.3,33831.1,10.3,-0.120,54811070,LOCKED
5104,999.811,-397393998282681,30565,87541,-28547.8,33755.8,10.3,-0.122,54787861,LOCKED
5105,1000.811,-397393998375461,-33000,23976,-28525.5,33482.3,10.0,-0.098,54901719,LOCKED
5106,1001.811,-397393998352071,18164,75140,-28518.9,33516.3,9.5,-0.072,55010134,LOCKED
5107,1002.811,-397393998357005,38528,95504,-28424.7,33859.6,9.0,-0.030,54981275,LOCKED
5108,1003.811,-397393998466366,-41208,15768,-28415.0,33727.5,9.0,-0.031,55074378,LOCKED
5109,1004.811,-397393998450933,3923,60899,-28484.6,33207.3,8.8,0.001,55178725,LOCKED
5110,1005.811,-397393998441114,39886,96862,-28436.0,33605.6,8.8,-0.016,55278520,LOCKED
5111,1006.811,-397393998570273,-57669,0,-28495.7,34356.1,8.8,-0.007,55239499,LOCKED
5112,1007.811,-397393998570465,-29121,28548,-28459.2,33911.2,8.8,-0.014,55331266,LOCKED
5113,1008.811,-397393998599240,-27054,30615,-28531.3,34056.1,8.8,-0.018,55410229,LOCKED
5114,1009.811,-397393998643332,-41670,15999,-28508.3,33712.1,8.8,-0.013,55434904,LOCKED
5115,1010.812,-397393998672780,-38973,18696,-28622.2,33942.1,8.7,-0.024,55535671,LOCKED
5116,1011.811,-397393998619365,40316,97985,-28554.2,34380.1,8.7,-0.027,55526724,LOCKED
5117,1012.812,-397393998718693,-29935,27734,-28530.0,34106.5,8.7,-0.030,55629120,LOCKED
5118,1013.812,-397393998692447,24397,82066,-28548.8,33933.3,8.7,-0.025,55748584,LOCKED
5119,1014.812,-397393998792172,-43839,13830,-28620.3,34449.0,8.7,-0.028,55738725,LOCKED
5120,1015.812,-397393998774555,838,58507,-28545.0,33970.6,8.7,-0.031,55846481,LOCKED
5121,1016.811,-397393998780053,23660,81329,-28573.4,33690.1,9.0,-0.021,55932782,LOCKED
5122,1017.812,-397393998797069,32947,90616,-28516.7,33985.8,9.0,-0.018,55888851,LOCKED
5123,1018.812,-397393998884248,-25213,32456,-28499.3,33823.6,9.0,-0.016,56002242,LOCKED
5124,1019.812,-397393998842907,42905,100574,-28486.1,33983.6,9.3,-0.008,56136586,LOCKED
5125,1020.812,-397393998968279,-49717,7952,-28613.0,34511.3,9.3,-0.005,56101212,LOCKED
5126,1021.812,-397393998971426,-22870,34799,-28642.7,34641.5,9.3,-0.002,56186078,LOCKED
5127,1022.812,-397393998961212,13590,71259,-28547.5,34247.1,9.3,-0.004,56286627,LOCKED
5128,1023.812,-397393998963566,38617,96286,-28554.6,34159.0,9.3,-0.003,56376521,LOCKED
5129,1024.812,-397393999063327,-30348,27321,-28614.2,34403.1,9.3,-0.006,56362784,LOCKED
5130,1025.812,-397393999059966,1673,59342,-28619.2,34398.3,9.5,-0.000,56452294,LOCKED
5131,1026.812,-397393999059506,30395,88064,-28652.4,33992.4,9.5,0.002,56546999,LOCKED
5132,1027.812,-397393999079628,37597,95266,-28649.7,34022.7,9.5,0.005,56615041,LOCKED
5133,1028.812,-397393999097569,45744,103413,-28600.0,34504.4,9.3,0.011,56573350,LOCKED
5134,1029.812,-397393999164372,6027,63696,-28535.6,34261.2,9.3,0.020,56709194,LOCKED
5135,1030.812,-397393999166544,30798,88467,-28508.6,34451.9,9.3,0.020,56683112,LOCKED
5136,1031.812,-397393999272968,-44598,13071,-28558.1,34909.6,9.3,0.021,56776162,LOCKED
5137,1032.813,-397393999279714,-22875,34794,-28515.6,34458.7,9.0,0.029,56858481,LOCKED
5138,1033.813,-397393999290479,-3570,54099,-28586.1,34101.0,8.7,0.036,56935911,LOCKED
5139,1034.812,-397393999282814,31146,88815,-28562.5,34278.2,8.7,0.034,57037569,LOCKED
5140,1035.813,-397393999402422,-54361,3308,-28744.3,34419.0,8.7,0.038,57009217,LOCKED
5141,1036.812,-397393999398924,-19337,38332,-28848.8,34082.6,8.9,0.037,57099781,LOCKED
5142,1037.813,-397393999404889,3361,61030,-28845.3,34085.2,8.9,0.035,57183346,LOCKED
5143,1038.812,-397393999405488,28260,85929,-28727.8,33894.6,8.9,0.046,57272280,LOCKED
5144,1039.813,-397393999497454,-32827,24842,-28778.9,34182.8,9.6,0.043,57270735,LOCKED
5145,1040.813,-397393999499422,-7231,50438,-28707.1,33565.1,10.1,0.031,57360925,LOCKED
5146,1041.813,-397393999493399,26139,83808,-28683.8,33707.3,10.3,0.034,57456374,LOCKED
5147,1042.814,-397393999514834,29977,87646,-28566.0,33575.0,10.5,0.036,57540185,LOCKED
5148,1043.813,-397393999597376,-21405,36264,-28657.9,33436.7,10.6,0.039,57530240,LOCKED
5149,1044.813,-397393999627354,-22073,35596,-28653.2,33401.7,10.7,0.034,57623321,LOCKED
5150,1045.813,-397393999679195,-40544,17125,-28817.6,33071.8,10.6,0.039,57618442,LOCKED
5151,1046.813,-397393999662775,5239,62908,-28853.1,32897.5,10.7,0.024,57732503,LOCKED
5152,1047.813,-397393999650564,42839,100508,-28754.1,33356.8,10.7,0.032,57836263,LOCKED
5153,1048.813,-397393999760684,-37179,20490,-28758.5,33405.8,11.0,0.030,57818564,LOCKED
5154,1049.814,-397393999711405,37736,95405,-28667.8,33743.3,11.0,0.025,57952065,LOCKED
5155,1050.814,-397393999724575,48033,105702,-28492.1,33630.2,11.0,0.016,57917198,LOCKED
5156,1051.814,-397393999828110,-24920,32749,-28553.3,33772.8,11.0,0.010,58020212,LOCKED
5157,1052.814,-397393999808219,21107,78776,-28469.6,33700.8,11.2,-0.027,58127927,LOCKED
5158,1053.814,-397393999818019,38932,96601,-28493.0,33366.2,11.1,-0.048,58094338,LOCKED
5159,1054.814,-397393999919288,-31069,26600,-28577.7,33550.5,11.1,-0.057,58196427,LOCKED
5160,1055.814,-397393999907180,8494,66163,-28536.7,33509.2,10.9,-0.083,58298635,LOCKED
5161,1056.814,-397393999896371,43240,100909,-28382.5,33474.6,10.7,-0.114,58395693,LOCKED
5162,1057.815,-397394000023109,-50868,6801,-28506.6,34072.9,10.7,-0.118,58356031,LOCKED
5163,1058.814,-397394000014874,-13482,44187,-28515.8,34103.8,10.7,-0.118,58453026,LOCKED
5164,1059.814,-397393999997853,28761,86430,-28401.8,33971.3,10.6,-0.118,58565297,LOCKED
5165,1060.814,-397394000117046,-57178,491,-28545.1,34687.5,10.6,-0.118,58532170,LOCKED
5166,1061.814,-397394000095800,-7695,49974,-28517.1,34554.5,10.5,-0.119,58642295,LOCKED
5167,1062.814,-397394000086766,26295,83964,-28385.8,34106.1,10.6,-0.112,58740605,LOCKED
5168,1063.814,-397394000099695,39973,97642,-28365.0,34324.4,10.6,-0.114,58705692,LOCKED
5169,1064.814,-397394000191886,-22809,34860,-28378.3,34402.0,10.5,-0.116,58813744,LOCKED
5170,1065.814,-397394000195260,264,57933,-28283.8,33621.9,10.7,-0.125,58901302,LOCKED
5171,1066.815,-397394000200835,22929,80598,-28319.8,33245.2,10.7,-0.126,58986681,LOCKED
5172,1067.814,-397394000306783,-50557,7112,-28439.3,33862.7,10.8,-0.134,58966487,LOCKED
5173,1068.814,-397394000297358,-11169,46500,-28495.6,33777.3,10.7,-0.135,59063847,LOCKED
5174,1069.814,-397394000279501,34175,91844,-28502.9,33693.9,10.9,-0.142,59058815,LOCKED
5175,1070.815,-397394000382047,-35917,21752,-28637.4,33591.7,10.6,-0.139,59160752,LOCKED
5176,1071.815,-397394000383826,-9708,47961,-28589.3,33236.7,10.7,-0.146,59249075,LOCKED
5177,1072.815,-397394000383434,19065,76734,-28610.8,33064.6,10.7,-0.148,59340826,LOCKED
5178,1073.815,-397394000378031,48893,106562,-28486.5,33591.9,10.8,-0.153,59320355,LOCKED
5179,1074.815,-397394000472986,-14901,42768,-28593.2,33069.3,10.8,-0.156,59429988,LOCKED
5180,1075.815,-397394000468154,17435,75104,-28568.7,33150.6,10.9,-0.162,59524773,LOCKED
5181,1076.815,-397394000475149,35806,93475,-28470.8,33395.2,10.7,-0.160,59612053,LOCKED
5182,1077.815,-397394000582118,-41053,16616,-28483.0,33539.0,11.2,-0.166,59590208,LOCKED
5183,1078.816,-397394000580630,-9572,48097,-28541.3,33409.8,11.4,-0.169,59682573,LOCKED
5184,1079.815,-397394000645336,-44236,13433,-28541.4,33410.3,11.3,-0.168,59704914,LOCKED
5185,1080.815,-397394000654501,-21539,36130,-28668.8,32811.8,11.3,-0.168,59778917,LOCKED
5186,1081.816,-397394000645866,15737,73406,-28693.6,32629.3,11.4,-0.169,59876664,LOCKED
5187,1082.815,-397394000685153,4560,62229,-28672.5,32619.5,11.5,-0.175,59963813,LOCKED
5188,1083.815,-397394000755847,-36175,21494,-28675.5,32653.5,11.6,-0.176,59952782,LOCKED
5189,1084.816,-397394000736925,11864,69533,-28717.0,32335.7,11.7,-0.181,60056403,LOCKED
5190,1085.816,-397394000733226,41583,99252,-28653.7,32816.6,12.0,-0.178,60038316,LOCKED
5191,1086.816,-397394000826213,-22095,35574,-28649.1,32781.8,12.1,-0.178,60151063,LOCKED
5192,1087.816,-397394000815718,14800,72469,-28563.2,32513.4,12.2,-0.177,60247725,LOCKED
5193,1088.816,-397394000824951,30320,87989,-28426.3,32126.0,12.3,-0.176,60331708,LOCKED
5194,1089.815,-397394000901662,-17255,40414,-28432.5,32157.2,12.5,-0.169,60346415,LOCKED
5195,1090.815,-397394000883869,25742,83411,-28316.6,31879.2,12.6,-0.173,60448081,LOCKED
5196,1091.816,-397394000989041,-46655,11014,-28458.1,32172.3,13.4,-0.178,60435928,LOCKED
5197,1092.816,-397394000969217,2066,59735,-28483.1,32096.8,13.7,-0.174,60545521,LOCKED
5198,1093.816,-397394000960434,36764,94433,-28418.1,32482.8,14.0,-0.178,60639099,LOCKED
5199,1094.816,-397394001066596,-39572,18097,-28421.4,32523.5,14.1,-0.173,60624018,LOCKED
5200,1095.816,-397394001059156,-1727,55942,-28516.0,31740.7,14.4,-0.166,60719406,LOCKED
5201,1096.816,-397394001059939,25113,82782,-28514.0,31757.4,14.3,-0.149,60810623,LOCKED
5202,1097.816,-397394001162120,-45325,12344,-28597.2,32347.0,14.9,-0.136,60795609,LOCKED
5203,1098.816,-397394001155456,-10212,47457,-28572.9,32211.3,14.7,-0.114,60892360,LOCKED
5204,1099.817,-397394001124341,47526,105195,-28556.3,32443.4,14.2,-0.071,61013699,LOCKED
5205,1100.816,-397394001236979,-33766,23903,-28637.2,32722.7,13.4,-0.019,60991162,LOCKED
5206,1101.817,-397394001231325,-183,57486,-28602.0,32607.3,12.9,0.009,61084899,LOCKED
5207,1102.817,-397394001230054,26799,84468,-28504.5,32576.0,12.1,0.039,61178475,LOCKED
5208,1103.816,-397394001238027,44996,102665,-28464.7,33005.6,11.5,0.054,61146601,LOCKED
5209,1104.816,-397394001348590,-33898,23771,-28565.8,33168.6,12.1,0.029,61241413,LOCKED
5210,1105.817,-397394001343185,1731,59400,-28650.2,32470.3,11.9,0.038,61333830,LOCKED
5211,1106.817,-397394001339298,32314,89983,-28608.0,32746.4,12.1,0.018,61428951,LOCKED
5212,1107.818,-397394001446056,-43961,13708,-28626.9,32979.8,12.2,0.018,61410472,LOCKED
5213,1108.817,-397394001452429,-18710,38959,-28743.1,32440.5,12.2,0.014,61494256,LOCKED
5214,1109.816,-397394001424524,34589,92258,-28636.1,32581.1,12.2,-0.022,61497306,LOCKED
5215,1110.817,-397394001527343,-38520,19149,-28624.7,32427.3,12.2,-0.037,61601315,LOCKED
5216,1111.817,-397394001527671,-8620,49049,-28689.2,32222.6,12.1,-0.063,61688107,LOCKED
5217,1112.817,-397394001529874,16098,73767,-28629.1,32202.2,12.2,-0.071,61777065,LOCKED
5218,1113.817,-397394001530967,39502,97171,-28491.7,32217.1,12.3,-0.089,61751261,LOCKED
5219,1114.817,-397394001623958,-22377,35292,-28583.2,32105.6,11.9,-0.096,61858826,LOCKED
5220,1115.817,-397394001626506,3154,60823,-28563.7,32090.1,11.9,-0.110,61954188,LOCKED
5221,1116.817,-397394001700526,-41153,16516,-28551.6,31913.4,12.0,-0.121,61938834,LOCKED
5222,1117.817,-397394001734512,-41948,15721,-28709.8,31747.8,11.8,-0.124,62017612,LOCKED
5223,1118.817,-397394001737207,-14358,43311,-28763.4,31731.5,11.6,-0.126,62104944,LOCKED
5224,1119.817,-397394001749746,813,58482,-28713.0,31503.8,11.6,-0.133,62222473,LOCKED
5225,1120.818,-397394001820313,-36353,21316,-28882.9,30809.9,11.9,-0.146,62206035,LOCKED
5226,1121.818,-397394001797136,15216,72885,-28884.1,30803.3,11.7,-0.146,62314470,LOCKED
5227,1122.818,-397394001834847,5260,62929,-28837.3,30673.9,11.2,-0.149,62403984,LOCKED
5228,1123.817,-397394001903414,-33529,24140,-28827.7,30554.2,11.0,-0.147,62392662,LOCKED
5229,1124.817,-397394001874647,23262,80931,-28827.0,30560.1,10.8,-0.145,62506260,LOCKED
5230,1125.818,-397394001975217,-45390,12279,-28903.3,31174.5,10.8,-0.149,62500085,LOCKED
5231,1126.818,-397394001959040,-1080,56098,-28863.7,31008.3,10.7,-0.142,62604667,LOCKED
5232,1127.818,-397394001938531,46878,104056,-28872.2,30864.2,10.7,-0.141,62711716,LOCKED
5233,1128.818,-397394002043082,-26414,30764,-28945.6,31001.4,10.5,-0.134,62702525,LOCKED
5234,1129.817,-397394002008440,33777,90955,-28834.8,31083.9,10.7,-0.136,62827831,LOCKED
5235,1130.818,-397394002021276,47909,105087,-28822.9,31263.5,10.0,-0.126,62787598,LOCKED
5236,1131.822,-397394002116723,-16992,40186,-28879.3,31280.6,10.0,-0.124,62896767,LOCKED
5237,1132.818,-397394002105102,21565,78743,-28819.7,31372.1,9.7,-0.119,62995967,LOCKED
5238,1133.818,-397394002101456,48908,106086,-28649.3,31390.3,9.7,-0.117,63089084,LOCKED
5239,1134.819,-397394002215222,-33423,23755,-28730.6,31668.0,9.3,-0.111,63066650,LOCKED
5240,1135.818,-397394002203788,5685,62863,-28688.1,31577.2,9.4,-0.107,63170142,LOCKED
5241,1136.818,-397394002205348,29289,86467,-28563.6,31318.3,9.1,-0.100,63257945,LOCKED
5242,1137.818,-397394002319484,-51533,5645,-28711.3,31781.2,9.1,-0.102,63232026,LOCKED
5243,1138.818,-397394002309085,-11393,45785,-28743.0,31806.0,9.2,-0.100,63331437,LOCKED
5244,1139.818,-397394002381842,-50355,6823,-28907.5,31992.5,9.1,-0.097,63349127,LOCKED
5245,1140.819,-397394002377418,-14964,42214,-28983.8,31821.6,8.9,-0.087,63442897,LOCKED
5246,1141.818,-397394002372015,17941,75119,-28940.9,31902.3,8.8,-0.083,63535948,LOCKED
5247,1142.818,-397394002370330,45499,102677,-28865.8,32493.1,8.9,-0.078,63627224,LOCKED
5248,1143.818,-397394002483917,-35235,21943,-29003.2,32317.7,9.0,-0.073,63604139,LOCKED
5249,1144.819,-397394002479855,-2048,55130,-29005.8,32318.8,8.9,-0.068,63698539,LOCKED
5250,1145.819,-397394002468831,34404,91582,-28887.2,32341.3,8.9,-0.069,63799271,LOCKED
5251,1146.819,-397394002473970,55282,112460,-28838.1,32993.2,8.9,-0.064,63772688,LOCKED
5252,1147.818,-397394002588558,-28890,28288,-28867.6,33185.1,8.8,-0.056,63857864,LOCKED
5253,1148.819,-397394002607132,-18438,38740,-28844.7,33002.8,8.9,-0.050,63932663,LOCKED
5254,1149.819,-397394002561278,53096,110274,-28777.5,33721.4,8.9,-0.052,64065986,LOCKED
5255,1150.819,-397394002685072,-40283,16895,-28790.9,33873.6,8.9,-0.045,64033557,LOCKED
5256,1151.819,-397394002683225,-7587,49591,-28879.5,33384.4,8.7,-0.060,64123686,LOCKED
5257,1152.819,-397394002674028,28422,85600,-28825.2,33605.0,9.0,-0.036,64222267,LOCKED
5258,1153.821,-397394002672720,53370,110548,-28659.2,33916.4,9.6,-0.000,64315086,LOCKED
5259,1154.819,-397394002788293,-30316,26862,-28767.4,33898.3,9.5,0.028,64288872,LOCKED
5260,1155.820,-397394002789152,-2303,54875,-28768.7,33899.1,10.4,0.071,64379741,LOCKED
5261,1156.820,-397394002799903,13708,70886,-28692.8,33712.1,10.2,0.097,64474061,LOCKED
5262,1157.819,-397394002858499,-13763,43415,-28789.5,33292.8,10.4,0.108,64491580,LOCKED
5263,1158.819,-397394002845308,26693,83871,-28759.0,33465.7,10.2,0.152,64593408,LOCKED
5264,1159.819,-397394002915787,-15746,41432,-28697.4,32814.5,10.1,0.182,64611359,LOCKED
5265,1160.820,-397394002942152,-11538,45640,-28770.4,32596.9,10.0,0.217,64708251,LOCKED
5266,1161.820,-397394002994750,-33127,24051,-28825.3,32904.9,10.4,0.237,64689701,LOCKED
5267,1162.820,-397394003013114,-22222,34956,-28810.1,32775.8,10.3,0.232,64783528,LOCKED
5268,1163.820,-397394002994123,22147,79325,-28678.2,32114.8,10.4,0.241,64892195,LOCKED
5269,1164.820,-397394002985231,56645,113823,-28621.6,32857.5,10.3,0.230,64993434,LOCKED
5270,1165.820,-397394003091664,-20124,37054,-28639.3,32942.8,10.3,0.229,64974156,LOCKED
5271,1166.820,-397394003070260,26556,83734,-28518.1,32632.6,10.3,0.227,65085697,LOCKED
5272,1167.821,-397394003175166,-45531,11647,-28653.7,32931.1,10.3,0.226,65073976,LOCKED
5273,1168.820,-397394003157296,1374,58552,-28674.8,32881.5,10.2,0.224,65177202,LOCKED
5274,1169.820,-397394003140627,42268,99446,-28526.4,32880.0,10.4,0.237,65284252,LOCKED
5275,1170.820,-397394003157826,51027,108205,-28485.2,33394.0,10.7,0.248,65242312,LOCKED
5276,1171.820,-397394003255387,-16893,40285,-28513.8,33472.6,10.6,0.252,65348473,LOCKED
5277,1172.820,-397394003235334,28737,85915,-28417.3,33509.4,10.6,0.250,65457510,LOCKED
5278,1173.820,-397394003237937,49121,106299,-28232.2,33294.9,10.3,0.247,65433045,LOCKED
5279,1174.820,-397394003344059,-26811,30367,-28283.7,33491.5,10.3,0.245,65530203,LOCKED
5280,1175.820,-397394003330893,12953,70131,-28222.4,33404.3,10.2,0.246,65627036,LOCKED
5281,1176.820,-397394003332829,37414,94592,-28195.1,33658.5,9.9,0.243,65717003,LOCKED
5282,1177.821,-397394003377181,20801,77979,-28207.3,33565.6,10.1,0.237,65649340,LOCKED
5283,1178.820,-397394003480355,-50528,6650,-28301.9,34256.5,10.3,0.231,65750301,LOCKED
5284,1179.820,-397394003439658,16927,74105,-28254.2,34305.2,10.0,0.228,65877762,LOCKED
5285,1180.821,-397394003449657,33919,91097,-28248.7,34360.6,9.5,0.217,65959715,LOCKED
5286,1181.822,-397394003569428,-54517,2661,-28309.6,35046.4,9.5,0.216,65925706,LOCKED
5287,1182.821,-397394003578189,-33021,24157,-28350.3,35307.0,9.4,0.208,66009787,LOCKED
5288,1183.820,-397394003576372,-1638,55540,-28407.4,35057.3,9.5,0.210,66096525,LOCKED
5289,1184.821,-397394003564335,35481,92659,-28303.0,35235.8,9.5,0.208,66197573,LOCKED
5290,1185.820,-397394003682938,-49745,7433,-28469.6,35346.7,9.3,0.203,66169027,LOCKED
5291,1186.821,-397394003669104,-6772,50406,-28491.2,35350.6,9.2,0.205,66272611,LOCKED
5292,1187.821,-397394003665026,22692,79870,-28376.3,35005.0,9.3,0.202,66365884,LOCKED
5293,1188.821,-397394003674417,39953,97131,-28358.1,35194.7,9.3,0.205,66333570,LOCKED
5294,1189.822,-397394003736731,4513,61691,-28292.7,34917.0,9.6,0.201,66475462,LOCKED
5295,1190.821,-397394003745273,20996,78174,-28167.0,34350.1,9.5,0.205,66552819,LOCKED
5296,1191.821,-397394003862038,-62796,0,-28298.6,35353.2,9.5,0.204,66531825,LOCKED
5297,1192.821,-397394003860039,-31202,31594,-28310.4,35450.2,9.6,0.203,66618453,LOCKED
5298,1193.821,-397394003858376,-3051,59745,-28215.6,34595.2,9.6,0.201,66712094,LOCKED
5299,1194.821,-397394003879183,4894,67690,-28250.2,34439.7,9.7,0.199,66797800,LOCKED
5300,1195.821,-397394003961080,-46033,16763,-28307.2,34954.1,9.7,0.205,66786357,LOCKED
5301,1196.822,-397394003993063,-47796,15000,-28321.6,35143.1,9.8,0.202,66855234,LOCKED
5302,1197.821,-397394003967859,6864,69660,-28388.8,34615.7,9.8,0.200,66956838,LOCKED
5303,1198.821,-397394003958438,42079,104875,-28331.4,35061.4,9.7,0.187,66944155,LOCKED
5304,1199.822,-397394004022392,7799,70595,-28410.4,34334.6,9.7,0.184,67081636,LOCKED
5305,1200.822,-397394004026938,30386,93182,-28398.2,34434.9,9.8,0.194,67054905,LOCKED
5306,1201.822,-397394004140941,-51956,10840,-28472.1,35124.9,9.7,0.191,67147955,LOCKED
5307,1202.822,-397394004118734,-2487,60309,-28408.4,34729.1,9.7,0.178,67257175,LOCKED
5308,1203.821,-397394004112473,31549,94345,-28429.9,34484.0,9.4,0.159,67352517,LOCKED
5309,1204.822,-397394004227866,-51371,11425,-28543.1,35136.8,9.4,0.148,67326281,LOCKED
5310,1205.822,-397394004210418,-5818,56978,-28511.8,34999.0,9.5,0.120,67434716,LOCKED
5311,1206.822,-397394004209417,20540,83336,-28390.9,34488.5,9.6,0.110,67523953,LOCKED
5312,1207.822,-397394004238943,19265,82061,-28416.2,34284.1,9.7,0.087,67583495,LOCKED
5313,1208.822,-397394004253480,31838,94634,-28405.0,34382.0,9.7,0.096,67545724,LOCKED
5314,1209.822,-397394004320778,-8201,54595,-28335.0,33773.1,10.0,0.058,67681854,LOCKED
5315,1210.822,-397394004318814,22136,84932,-28373.8,33369.7,10.0,0.053,67772788,LOCKED
5316,1211.822,-397394004323570,43323,106119,-28326.4,33811.7,9.9,0.026,67742858,LOCKED
5317,1212.822,-397394004421348,-25150,37646,-28332.6,33856.9,9.9,0.022,67850280,LOCKED
5318,1213.823,-397394004406970,14690,77486,-28216.0,33176.6,9.9,0.015,67949517,LOCKED
5319,1214.822,-397394004522148,-66526,0,-28387.6,34119.6,10.1,0.001,67928273,LOCKED
5320,1215.822,-397394004509507,-23560,42966,-28443.6,34250.3,9.7,-0.005,68029577,LOCKED
5321,1216.823,-397394004512644,1371,67897,-28427.4,34234.1,9.8,-0.016,68114538,LOCKED
5322,1217.822,-397394004515359,26046,92572,-28419.8,34289.9,9.8,-0.009,68088839,LOCKED
5323,1218.822,-397394004611542,-39649,26877,-28455.4,34610.7,9.7,-0.011,68193067,LOCKED
5324,1219.823,-397394004576811,22766,89292,-28455.4,34610.7,9.7,-0.012,68321745,LOCKED
5325,1220.822,-397394004684988,-52538,13988,-28585.2,35218.1,9.6,-0.013,68303556,LOCKED
5326,1221.823,-397394004681197,-17223,49303,-28701.0,34667.4,9.2,-0.021,68393413,LOCKED
5327,1222.822,-397394004678952,14247,80773,-28750.5,34238.4,9.4,-0.027,68482936,LOCKED
5328,1223.823,-397394004670446,48061,114587,-28661.3,34852.8,9.3,-0.027,68471775,LOCKED
5329,1224.823,-397394004772443,-25040,41486,-28631.1,34544.9,9.2,-0.033,68571581,LOCKED
5330,1225.822,-397394004771822,5055,71581,-28681.0,34251.0,9.3,-0.038,68662358,LOCKED
5331,1226.823,-397394004764976,37462,103988,-28590.0,34571.2,9.8,-0.048,68753365,LOCKED
5332,1227.823,-397394004890727,-53832,12694,-28788.8,34398.2,9.9,-0.052,68721896,LOCKED
5333,1228.823,-397394004874100,-7238,59288,-28834.7,34316.0,10.3,-0.060,68830610,LOCKED
5334,1229.823,-397394004955856,-57080,9446,-28890.9,35016.5,9.9,-0.060,68835421,LOCKED
5335,1230.823,-397394004961704,-33037,33489,-28885.1,34955.2,9.7,-0.062,68919450,LOCKED
5336,1231.823,-397394004960635,-1851,64675,-28942.6,34702.8,9.9,-0.065,69013030,LOCKED
5337,1232.823,-397394004953613,31367,97893,-28859.8,34897.0,10.0,-0.067,69110510,LOCKED
5338,1233.824,-397394004984177,26257,92783,-28736.0,34558.6,10.0,-0.069,69075886,LOCKED
5339,1234.824,-397394005065719,-23854,42672,-28828.8,34485.2,10.0,-0.067,69178081,LOCKED
5340,1235.824,-397394005119479,-45949,20577,-28891.7,35018.4,10.2,-0.068,69251124,LOCKED
5341,1236.824,-397394005069299,29766,96292,-28776.2,34908.6,10.2,-0.066,69350642,LOCKED
5342,1237.824,-397394005181435,-50912,15614,-28823.3,35436.0,10.2,-0.071,69329024,LOCKED
5343,1238.823,-397394005181825,-19337,47189,-28945.6,34867.6,10.1,-0.076,69419831,LOCKED
5344,1239.824,-397394005146541,41472,107998,-28846.5,35260.4,10.1,-0.075,69542548,LOCKED
5345,1240.824,-397394005263100,-44447,22079,-28860.5,35429.8,10.4,-0.082,69516798,LOCKED
5346,1241.824,-397394005280348,-28915,37611,-29005.1,34897.2,10.4,-0.081,69589912,LOCKED
5347,1242.824,-397394005271863,9286,75812,-29055.6,34535.4,10.3,-0.086,69690848,LOCKED
5348,1243.824,-397394005259045,48150,114676,-28987.8,35125.3,10.4,-0.078,69795375,LOCKED
5349,1244.824,-397394005366606,-29531,36995,-28982.5,35075.5,10.4,-0.078,69774476,LOCKED
5350,1245.824,-397394005335793,30157,96683,-29027.5,34490.4,10.6,-0.077,69897785,LOCKED
5351,1246.824,-397394005331105,60245,126771,-28949.5,35382.6,10.8,-0.077,69991430,LOCKED
5352,1247.824,-397394005444067,-22832,43694,-28957.4,35431.1,10.7,-0.085,69968105,LOCKED
5353,1248.824,-397394005441646,6713,73239,-28878.5,35058.6,10.8,-0.087,70060969,LOCKED
5354,1249.824,-397394005530780,-50321,16205,-28953.0,35702.6,10.4,-0.070,70060380,LOCKED
5355,1250.824,-397394005529599,-19773,46753,-28940.4,35615.8,10.6,-0.072,70151921,LOCKED
5356,1251.824,-397394005514987,24223,90749,-29002.6,34836.6,10.7,-0.075,70256144,LOCKED
5357,1252.824,-397394005514113,51648,118174,-28968.1,35269.2,10.6,-0.065,70345497,LOCKED
5358,1253.825,-397394005637076,-39535,26991,-29040.5,35674.7,11.2,-0.072,70311151,LOCKED
5359,1254.824,-397394005631839,-5082,61444,-29040.7,35675.0,11.1,-0.061,70405889,LOCKED
5360,1255.824,-397394005640627,15775,82301,-29096.7,35146.8,11.3,-0.031,70489781,LOCKED
5361,1256.824,-397394005664148,21741,88267,-29152.2,34518.0,11.4,0.007,70558860,LOCKED
5362,1257.825,-397394005655686,55561,122087,-29058.2,35332.0,11.5,0.029,70543003,LOCKED
5363,1258.825,-397394005769051,-28156,38370,-29040.2,35154.1,12.1,0.091,70630821,LOCKED
5364,1259.824,-397394005727936,39097,105623,-28962.7,35545.9,12.0,0.110,70762479,LOCKED
5365,1260.825,-397394005738548,52669,119195,-28815.5,36008.4,12.3,0.128,70731438,LOCKED
5366,1261.825,-397394005841144,-18078,48448,-28934.5,35451.8,12.3,0.161,70828706,LOCKED
5367,1262.825,-397394005849674,2269,68795,-28935.5,35451.1,12.4,0.180,70911408,LOCKED
5368,1263.825,-397394005838423,38619,105145,-28811.2,35567.9,12.2,0.208,71011277,LOCKED
5369,1264.825,-397394005950251,-39822,26704,-28969.9,35312.1,12.2,0.206,70992969,LOCKED
5370,1265.825,-397394005943564,-3587,62939,-28992.3,35293.3,12.3,0.219,71088894,LOCKED
5371,1266.825,-397394005934913,31175,97701,-28902.5,35442.3,12.6,0.240,71185229,LOCKED
5372,1267.825,-397394005984474,9102,75628,-28848.2,35338.9,12.7,0.249,71263254,LOCKED
5373,1268.825,-397394006057596,-34153,32373,-28841.4,35265.4,12.7,0.256,71248842,LOCKED
5374,1269.825,-397394006020711,29486,96012,-28787.9,35491.7,12.6,0.264,71371312,LOCKED
5375,1270.825,-397394006020748,53353,119879,-28636.6,35947.1,12.6,0.262,71462682,LOCKED
5376,1271.825,-397394006123792,-21717,44809,-28567.8,35104.7,12.6,0.261,71450973,LOCKED
5377,1272.825,-397394006133357,-2379,64147,-28580.3,35100.2,12.6,0.260,71523880,LOCKED
5378,1273.826,-397394006147055,10431,76957,-28495.8,34752.3,12.6,0.259,71605229,LOCKED
5379,1274.826,-397394006192501,-4565,61961,-28584.3,34194.0,12.5,0.257,71688974,LOCKED
5380,1275.826,-397394006256171,-36804,29722,-28663.0,34540.1,12.5,0.262,71684576,LOCKED
5381,1276.825,-397394006222876,22998,89524,-28595.3,34616.1,12.4,0.260,71797676,LOCKED
5382,1277.826,-397394006221811,47788,114314,-28435.4,34722.7,12.4,0.266,71772019,LOCKED
5383,1278.825,-397394006321931,-21689,44837,-28507.8,34745.2,12.5,0.261,71877194,LOCKED
5384,1279.826,-397394006280446,43781,110307,-28358.4,34797.5,12.5,0.260,71898270,LOCKED
5385,1280.826,-397394006379465,-24002,42524,-28459.9,34645.2,12.6,0.264,71998848,LOCKED
5386,1281.826,-397394006364182,18619,85145,-28435.8,34731.1,12.6,0.258,72107856,LOCKED
5387,1282.826,-397394006467362,-53346,13180,-28483.5,35300.5,12.6,0.251,72091814,LOCKED
5388,1283.826,-397394006442852,-2432,64094,-28377.2,34248.2,13.0,0.245,72209231,LOCKED
5389,1284.826,-397394006432447,34196,100722,-28328.2,34551.1,12.9,0.242,72306755,LOCKED
5390,1285.826,-397394006535215,-38409,28117,-28354.5,34797.1,12.8,0.236,72289835,LOCKED
5391,1286.826,-397394006520998,1928,68454,-28247.8,33865.8,12.5,0.227,72392910,LOCKED
5392,1287.826,-397394006511560,38185,104711,-28241.2,33940.2,12.4,0.223,72494305,LOCKED
5393,1288.826,-397394006623921,-43261,23265,-28300.5,34421.1,12.0,0.213,72471644,LOCKED
5394,1289.826,-397394006576862,31508,98034,-28324.0,34145.3,11.9,0.209,72607509,LOCKED
5395,1290.826,-397394006595057,39745,106271,-28297.2,34409.4,11.4,0.200,72562246,LOCKED
5396,1291.826,-397394006697463,-32284,34242,-28345.7,34681.8,10.9,0.189,72664167,LOCKED
5397,1292.826,-397394006687825,4024,70550,-28270.0,34275.9,11.1,0.181,72762650,LOCKED
5398,1293.827,-397394006692381,24609,91135,-28157.1,34012.9,11.1,0.173,72845072,LOCKED
5399,1294.827,-397394006699738,42790,109316,-28099.7,34478.9,11.1,0.172,72815461,LOCKED
5400,1295.827,-397394006806910,-32762,33764,-28218.2,34441.5,10.6,0.158,72913324,LOCKED
5401,1296.827,-397394006810517,-8954,57572,-28163.8,34032.7,10.6,0.156,72997339,LOCKED
5402,1297.827,-397394006878189,-43926,22600,-28313.6,34088.0,10.5,0.148,73021547,LOCKED
5403,1298.827,-397394006882374,-17908,48618,-28376.7,34086.5,10.4,0.138,73104007,LOCKED
5404,1299.826,-397394006960929,-65116,1410,-28414.2,34711.1,10.4,0.136,73113491,LOCKED
5405,1300.827,-397394006953709,-26107,40419,-28536.7,34382.7,9.7,0.115,73209719,LOCKED
5406,1301.827,-397394006939691,16592,83118,-28571.4,34099.9,9.7,0.111,73312764,LOCKED
5407,1302.826,-397394006940652,41371,107897,-28501.1,34559.2,9.7,0.106,73403010,LOCKED
5408,1303.827,-397394007065210,-52510,14016,-28520.6,34836.1,9.7,0.114,73369654,LOCKED
5409,1304.827,-397394007054977,-11641,54885,-28605.2,34515.6,9.8,0.112,73463877,LOCKED
5410,1305.827,-397394007045567,23998,90524,-28528.4,34564.3,9.8,0.123,73567399,LOCKED
5411,1306.827,-397394007145725,-46378,20148,-28512.7,34321.8,9.8,0.132,73552511,LOCKED
5412,1307.827,-397394007148257,-18171,48355,-28591.9,34214.9,10.1,0.093,73640970,LOCKED
5413,1308.827,-397394007137576,19679,86205,-28554.7,34318.5,10.3,0.075,73744688,LOCKED
5414,1309.827,-397394007209356,-20074,46452,-28692.1,33505.4,10.5,0.046,73759171,LOCKED
5415,1310.827,-397394007212153,6548,73074,-28738.7,33213.6,10.6,0.034,73847471,LOCKED
5416,1311.827,-397394007226567,19244,85770,-28690.7,33297.9,10.6,0.039,73917658,LOCKED
5417,1312.828,-397394007240139,30830,97356,-28568.4,33140.7,10.6,0.013,74013491,LOCKED
5418,1313.828,-397394007324022,-21171,45355,-28696.0,32517.7,10.5,0.052,74005143,LOCKED
5419,1314.828,-397394007374010,-38967,27559,-28803.0,32809.0,10.5,0.040,74082200,LOCKED
5420,1315.828,-397394007323825,37584,104110,-28745.8,33196.8,10.5,0.039,74183428,LOCKED
5421,1316.828,-397394007387011,2897,69423,-28738.5,33198.7,10.6,0.026,74215734,LOCKED
5422,1317.828,-397394007371718,42589,109115,-28596.1,33287.4,10.7,0.015,74204225,LOCKED
5423,1318.828,-397394007465724,-19940,46586,-28704.5,32908.8,10.2,0.011,74313958,LOCKED
5424,1319.828,-397394007529986,-52698,13828,-28754.4,33516.1,10.2,0.003,74337454,LOCKED
5425,1320.828,-397394007523056,-17315,49211,-28710.7,33105.4,10.1,-0.006,74435797,LOCKED
5426,1321.828,-397394007508782,24978,91504,-28718.3,33039.4,10.0,-0.013,74540415,LOCKED
5427,1322.828,-397394007610955,-44981,21545,-28815.2,33570.2,10.0,-0.003,74527885,LOCKED
5428,1323.828,-397394007594471,-618,65908,-28768.2,33362.7,10.0,-0.008,74633639,LOCKED
5429,1324.828,-397394007581663,40085,106611,-28792.1,33007.4,10.0,-0.006,74736143,LOCKED
5430,1325.828,-397394007691832,-37922,28604,-28894.6,33290.0,10.2,-0.016,74717276,LOCKED
5431,1326.828,-397394007688996,-6262,60264,-28880.6,33244.8,9.5,-0.019,74809471,LOCKED
5432,1327.828,-397394007743055,-29206,37320,-28941.8,33471.6,9.5,-0.026,74842917,LOCKED
5433,1328.828,-397394007749473,-4538,61988,-29039.7,32744.0,9.5,-0.033,74929934,LOCKED
5434,1329.828,-397394007815605,-39286,27240,-29089.5,33142.8,9.5,-0.038,74950377,LOCKED
5435,1330.828,-397394007819174,-14180,52346,-29045.5,32767.2,9.7,-0.043,75037506,LOCKED
5436,1331.828,-397394007818139,15950,82476,-29074.5,32541.1,9.6,-0.044,75127247,LOCKED
5437,1332.828,-397394007817700,42996,109522,-29024.8,33000.7,9.8,-0.048,75217255,LOCKED
5438,1333.829,-397394007917091,-25630,40896,-29067.7,33183.4,9.8,-0.048,75209548,LOCKED
5439,1334.829,-397394007907456,12757,77873,-29073.5,33157.2,9.9,-0.051,75310742,LOCKED
5440,1335.828,-397394007891239,55983,121099,-29065.2,33296.8,9.6,-0.047,75413644,LOCKED
5441,1336.829,-397394007997191,-19862,45254,-29083.4,33381.0,9.7,-0.049,75404340,LOCKED
5442,1337.829,-397394007985002,18699,83815,-28981.2,33042.7,9.3,-0.044,75501357,LOCKED
5443,1338.829,-397394007978151,51922,117038,-28939.4,33570.2,9.5,-0.048,75595081,LOCKED
5444,1339.829,-397394008057500,7,65123,-28865.4,33077.4,9.5,-0.043,75609198,LOCKED
5445,1340.829,-397394008048858,35909,101025,-28846.3,33261.9,9.1,-0.037,75703262,LOCKED
5446,1341.829,-397394008054425,54718,119834,-28717.7,33987.5,9.1,-0.038,75675071,LOCKED
5447,1342.829,-397394008157775,-16867,48249,-28839.4,33308.4,9.1,-0.040,75775519,LOCKED
5448,1343.829,-397394008155949,13017,78133,-28822.7,33351.9,8.9,-0.046,75869474,LOCKED
5449,1344.829,-397394008159494,34605,99721,-28698.9,33325.1,9.0,-0.044,75953477,LOCKED
5450,1345.829,-397394008171494,49113,114229,-28673.0,33664.2,9.0,-0.046,75920851,LOCKED
5451,1346.829,-397394008266250,-16130,48986,-28687.5,33718.3,9.1,-0.047,76029621,LOCKED
5452,1347.829,-397394008263935,12372,77488,-28585.1,33177.3,9.2,-0.043,76120323,LOCKED
5453,1348.829,-397394008264347,39046,104162,-28576.5,33277.0,9.2,-0.045,76210196,LOCKED
5454,1349.829,-397394008326062,4173,69289,-28498.2,32823.9,9.3,-0.040,76236544,LOCKED
5455,1350.830,-397394008324684,30042,95158,-28351.2,32259.9,9.2,-0.034,76327066,LOCKED
5456,1351.830,-397394008331645,48603,113719,-28293.1,32861.2,9.3,-0.027,76296061,LOCKED
5457,1352.830,-397394008439384,-29608,35508,-28304.4,32956.9,9.1,-0.037,76392269,LOCKED
5458,1353.830,-397394008446328,-9293,55823,-28237.5,32345.9,9.2,-0.037,76476111,LOCKED
5459,1354.830,-397394008486071,-21822,43294,-28150.8,31005.4,9.3,-0.027,76552254,LOCKED
5460,1355.830,-397394008550437,-54145,10971,-28252.0,31861.6,9.4,-0.027,76645002,LOCKED
5461,1356.830,-397394008562611,-36222,28894,-28282.3,32136.6,9.6,-0.025,76627900,LOCKED
5462,1357.829,-397394008557361,-1832,63284,-28321.4,32017.3,9.5,-0.027,76719076,LOCKED
5463,1358.830,-397394008545760,35540,100656,-28255.3,32377.7,9.6,-0.024,76826570,LOCKED
5464,1359.830,-397394008615119,-3646,61470,-28343.5,31754.7,9.4,-0.009,76843148,LOCKED
5465,1360.830,-397394008681844,-38811,26305,-28437.0,32128.7,9.3,0.005,76946753,LOCKED
5466,1361.830,-397394008700822,-28295,36821,-28441.8,32171.0,9.3,0.006,76937555,LOCKED
5467,1362.830,-397394008678213,19482,84598,-28313.3,31441.7,9.2,0.008,77050285,LOCKED
5468,1363.830,-397394008781223,-50357,14759,-28468.2,31760.3,9.2,0.012,77038507,LOCKED
5469,1364.830,-397394008767364,-7384,57732,-28487.7,31772.0,9.3,0.003,77138142,LOCKED
5470,1365.830,-397394008767931,18080,83196,-28397.0,31537.6,9.3,0.007,77225134,LOCKED
5471,1366.830,-397394008767531,45000,110116,-28379.7,31767.9,9.2,0.019,77320653,LOCKED
5472,1367.830,-397394008883687,-39657,25459,-28467.0,32191.7,9.3,0.007,77290350,LOCKED
5473,1368.830,-397394008878648,-6648,58468,-28431.5,31996.5,9.7,-0.014,77384324,LOCKED
5474,1369.830,-397394008959037,-54300,10816,-28552.7,32773.5,10.1,-0.033,77392077,LOCKED
5475,1370.830,-397394008953634,-19288,45828,-28572.5,32860.1,10.1,-0.039,77488459,LOCKED
5476,1371.831,-397394008959319,2632,67748,-28529.3,32726.0,10.2,-0.055,77571988,LOCKED
5477,1372.830,-397394008946121,40189,105305,-28391.2,32761.6,10.2,-0.051,77672374,LOCKED
5478,1373.830,-397394009062093,-43884,21232,-28490.6,33253.8,9.5,-0.056,77648456,LOCKED
5479,1374.830,-397394009047828,170,65286,-28554.7,32877.4,9.3,-0.059,77748529,LOCKED
5480,1375.831,-397394009038206,34538,99654,-28425.0,32775.4,9.2,-0.069,77848293,LOCKED
5481,1376.831,-397394009125385,-22930,42186,-28450.0,32902.0,9.4,-0.077,77857329,LOCKED
5482,1377.830,-397394009106911,20694,85810,-28322.2,32252.3,9.4,-0.078,77963606,LOCKED
5483,1378.831,-397394009115247,38340,103456,-28271.0,32646.3,9.3,-0.084,77928293,LOCKED
5484,1379.831,-397394009195808,-11564,53552,-28369.1,32123.4,9.5,-0.090,78051931,LOCKED
5485,1380.831,-397394009185988,25314,90430,-28346.8,32261.6,9.6,-0.095,78152511,LOCKED
5486,1381.831,-397394009199134,36878,101994,-28229.4,32391.8,10.0,-0.085,78114368,LOCKED
5487,1382.831,-397394009303516,-35372,29744,-28362.4,32281.3,9.2,-0.082,78213318,LOCKED
5488,1383.831,-397394009283656,12005,77121,-28340.9,32322.4,9.1,-0.081,78322862,LOCKED
5489,1384.831,-397394009283466,36504,101620,-28203.4,32201.8,8.8,-0.078,78412122,LOCKED
5490,1385.831,-397394009399792,-47067,18049,-28348.8,32466.7,8.9,-0.083,78387668,LOCKED
5491,1386.832,-397394009384803,-3191,61925,-28369.9,32447.4,8.9,-0.082,78489302,LOCKED
5492,1387.831,-397394009452690,-38756,26360,-28499.7,32520.7,8.9,-0.084,78511460,LOCKED
5493,1388.831,-397394009458887,-14816,50300,-28555.5,32500.7,8.9,-0.082,78591190,LOCKED
5494,1389.831,-397394009433801,38178,103294,-28587.3,32011.0,8.9,-0.084,78594109,LOCKED
5495,1390.831,-397394009538779,-34600,30516,-28707.3,32025.9,9.0,-0.084,78690690,LOCKED
5496,1391.831,-397394009536607,-3222,61894,-28726.5,32011.8,8.9,-0.082,78786069,LOCKED
5497,1392.832,-397394009526527,32576,97692,-28632.8,32192.1,8.9,-0.085,78885528,LOCKED
5498,1393.832,-397394009538300,47799,112915,-28632.0,32205.0,9.0,-0.081,78964088,LOCKED
5499,1394.831,-397394009655889,-38127,26989,-28717.5,32586.5,8.9,-0.084,78937602,LOCKED
5500,1395.832,-397394009661028,-14675,50441,-28686.8,32353.4,9.3,-0.079,79027230,LOCKED
5501,1396.832,-397394009725371,-45613,19503,-28842.8,32410.5,9.4,-0.082,79141686,LOCKED
5502,1397.832,-397394009729222,-19048,46068,-28888.4,32499.8,9.7,-0.078,79129916,LOCKED
5503,1398.832,-397394009723175,13934,79050,-28815.6,32338.2,9.7,-0.081,79226757,LOCKED
5504,1399.832,-397394009792371,-24043,41073,-28893.7,32383.1,9.5,-0.072,79249071,LOCKED
5505,1400.832,-397394009784904,11025,76141,-28848.5,32355.8,9.6,-0.069,79346833,LOCKED
5506,1401.832,-397394009767862,51900,117016,-28688.4,32678.5,9.6,-0.065,79455403,LOCKED
5507,1402.832,-397394009870237,-19349,45767,-28776.0,32519.1,9.6,-0.062,79444379,LOCKED
5508,1403.833,-397394009852591,25407,90523,-28736.4,32699.3,9.5,-0.057,79547114,LOCKED
5509,1404.832,-397394009860161,42776,107892,-28621.0,33063.4,9.5,-0.062,79516971,LOCKED
5510,1405.832,-397394009948746,-17497,47619,-28576.6,32635.0,9.9,-0.060,79633063,LOCKED
5511,1406.832,-397394009932913,25863,90979,-28568.1,32699.1,9.6,-0.043,79733989,LOCKED
5512,1407.832,-397394009946462,37913,103029,-28485.3,33077.7,9.6,-0.048,79699504,LOCKED
5513,1408.832,-397394010041972,-28532,36584,-28466.3,32871.4,9.5,-0.040,79811505,LOCKED
5514,1409.833,-397394010096736,-51526,13590,-28542.8,33590.8,9.6,-0.050,79840716,LOCKED
5515,1410.832,-397394010097699,-23606,41510,-28520.2,33377.4,9.5,-0.041,79930760,LOCKED
5516,1411.832,-397394010084895,14574,79690,-28389.9,32436.4,9.5,-0.047,80030775,LOCKED
5517,1412.832,-397394010094249,31922,97038,-28360.1,32662.0,9.6,-0.022,80000473,LOCKED
5518,1413.833,-397394010186433,-30048,35068,-28401.2,32903.7,9.7,-0.014,80110545,LOCKED
5519,1414.833,-397394010174391,9898,75014,-28393.2,32923.1,9.7,-0.023,80212489,LOCKED
5520,1415.833,-397394010177366,34398,99514,-28405.4,32775.4,9.7,-0.017,80185497,LOCKED
5521,1416.833,-397394010266339,-23576,41540,-28493.6,32730.2,9.7,-0.028,80298905,LOCKED
5522,1417.833,-397394010274018,-2724,62392,-28490.9,32727.1,9.7,-0.004,80377170,LOCKED
5523,1418.833,-397394010277666,19195,84311,-28379.1,32268.1,9.7,0.003,80466700,LOCKED
5524,1419.833,-397394010358169,-31034,34082,-28420.6,32526.7,9.7,0.010,80476258,LOCKED
5525,1420.833,-397394010351806,4557,69673,-28467.9,32249.7,10.0,0.027,80567468,LOCKED
5526,1421.833,-397394010339979,42737,107853,-28435.1,32604.4,10.0,0.034,80668345,LOCKED
5527,1422.833,-397394010454754,-41662,23454,-28461.2,32890.4,10.3,0.049,80643660,LOCKED
5528,1423.834,-397394010444738,-1400,63716,-28546.6,32256.6,10.3,0.053,80739646,LOCKED
5529,1424.834,-397394010452482,18417,83533,-28528.8,32333.9,10.5,0.065,80818957,LOCKED
5530,1425.833,-397394010459230,36925,102041,-28429.4,32610.1,10.5,0.060,80907416,LOCKED
5531,1426.833,-397394010573014,-46990,18126,-28421.9,32490.5,10.5,0.056,80877707,LOCKED
5532,1427.833,-397394010583332,-25856,39260,-28527.8,32341.0,10.5,0.052,80964254,LOCKED
5533,1428.833,-397394010570302,14824,79940,-28509.4,32398.3,10.3,0.048,81066270,LOCKED
5534,1429.833,-397394010604464,10441,75557,-28589.2,31526.3,10.1,0.043,81031913,LOCKED
5535,1430.834,-397394010681225,-34428,30688,-28694.2,31682.5,10.1,0.046,81133991,LOCKED
5536,1431.833,-397394010668982,6269,71385,-28692.9,31685.2,10.2,0.036,81234466,LOCKED
5537,1432.834,-397394010683818,17609,82725,-28598.4,31391.7,10.2,0.034,81334037,LOCKED
5538,1433.834,-397394010758503,-25027,40089,-28726.4,30895.8,10.4,0.026,81328968,LOCKED
5539,1434.834,-397394010795982,-31276,33840,-28797.4,31161.2,10.7,0.019,81421636,LOCKED
5540,1435.834,-397394010744276,45111,110227,-28670.2,31538.1,10.5,0.015,81405129,LOCKED
5541,1436.834,-397394010781812,34806,99922,-28657.4,31670.3,10.3,0.010,81576418,LOCKED
5542,1437.834,-397394010874374,-27837,37279,-28673.1,31791.4,10.3,0.011,81567940,LOCKED
5543,1438.835,-397394010861531,11470,76586,-28583.5,31372.5,10.1,0.006,81671004,LOCKED
5544,1439.834,-397394010946043,-41259,23857,-28672.1,31844.2,9.8,0.000,81674685,LOCKED
5545,1440.834,-397394010933832,-1257,63859,-28626.7,31630.6,9.6,-0.006,81777970,LOCKED
5546,1441.834,-397394010919786,37241,102357,-28483.4,31458.0,9.5,-0.004,81881340,LOCKED
5547,1442.834,-397394011030793,-41438,23678,-28603.4,31746.1,9.5,-0.007,81861494,LOCKED
5548,1443.834,-397394011003538,12880,77996,-28549.1,31699.2,9.8,-0.012,81978050,LOCKED
5549,1444.834,-397394011003273,37364,102480,-28398.5,31418.3,10.4,-0.018,81954602,LOCKED
5550,1445.834,-397394011091657,-19995,45121,-28494.3,31182.1,10.2,-0.025,82068497,LOCKED
5551,1446.834,-397394011074452,23843,88959,-28442.5,31340.2,10.4,-0.029,82173533,LOCKED
5552,1447.834,-397394011082596,42355,107471,-28425.3,31556.4,10.4,-0.031,82143547,LOCKED
5553,1448.834,-397394011191741,-35503,29613,-28506.8,31887.4,10.6,-0.029,82237752,LOCKED
5554,1449.834,-397394011150936,30259,95375,-28382.7,31676.4,10.8,-0.033,82368544,LOCKED
5555,1450.835,-397394011264109,-49913,15203,-28526.6,32097.6,10.7,-0.030,82343500,LOCKED
5556,1451.834,-397394011256237,-12453,52663,-28558.1,32133.5,10.7,-0.033,82445210,LOCKED
5557,1452.834,-397394011250207,19618,84734,-28467.0,31943.5,10.9,-0.036,82537454,LOCKED
5558,1453.835,-397394011351134,-51138,13978,-28465.5,31918.6,10.9,-0.031,82525664,LOCKED
5559,1454.835,-397394011352287,-21098,0,-28564.5,31685.1,10.9,-0.034,82616450,LOCKED
5560,1455.836,-397394011347080,12354,33452,-28569.4,31662.8,10.6,-0.020,82710692,LOCKED
5561,1456.835,-397394011442210,-48964,0,-28745.6,31587.6,10.5,-0.013,82710742,LOCKED
5562,1457.835,-397394011431324,-7660,41304,-28815.1,31305.2,10.2,0.005,82807962,LOCKED
5563,1458.835,-397394011433874,17382,66346,-28783.9,31394.0,10.2,0.017,82895873,LOCKED
5564,1459.835,-397394011514007,-30446,18518,-28906.3,31210.6,10.1,0.028,82904181,LOCKED
5565,1460.835,-397394011521994,-8680,40284,-28933.5,31219.1,10.0,0.041,82985546,LOCKED
5566,1461.835,-397394011525384,14488,63452,-28840.8,30843.9,10.0,0.034,83071768,LOCKED
5567,1462.835,-397394011525925,41071,90035,-28824.8,31042.0,10.2,0.012,83162723,LOCKED
5568,1463.835,-397394011641317,-42996,5968,-28876.1,31531.1,10.7,-0.023,83134659,LOCKED
5569,1464.835,-397394011644660,-17476,31488,-28846.3,31271.9,10.7,-0.025,83221661,LOCKED
5570,1465.841,-397394011645583,10551,59515,-28869.0,31141.7,10.4,-0.013,83312201,LOCKED
5571,1466.836,-397394011637734,43530,92494,-28757.7,31581.8,10.5,-0.027,83411410,LOCKED
5572,1467.835,-397394011756308,-44546,4418,-28769.0,31737.0,10.5,-0.029,83381335,LOCKED
5573,1468.836,-397394011742104,-552,48412,-28818.3,31515.3,10.6,-0.044,83483789,LOCKED
5574,1469.835,-397394011748309,22476,71440,-28876.2,30753.8,10.6,-0.040,83476548,LOCKED
5575,1470.836,-397394011832666,-29838,19126,-28982.2,30739.9,10.6,-0.038,83573443,LOCKED
5576,1471.836,-397394011826022,5145,54109,-28959.2,30728.7,10.6,-0.036,83674377,LOCKED
5577,1472.836,-397394011839260,18565,67529,-28876.9,30591.0,10.6,-0.046,83771851,LOCKED
5578,1473.836,-397394011912812,-23334,25630,-28974.6,30439.4,10.4,-0.045,83761163,LOCKED
5579,1474.836,-397394011956360,-35629,13335,-29027.2,30812.1,10.5,-0.052,83845017,LOCKED
5580,1475.836,-397394011908359,37682,86646,-28907.2,30953.6,10.5,-0.042,83947886,LOCKED
5581,1476.836,-397394012010714,-32579,16385,-29009.6,31070.9,10.5,-0.040,83935151,LOCKED
5582,1477.836,-397394012003477,3677,52641,-29016.2,31058.4,10.4,-0.046,84031791,LOCKED
5583,1478.836,-397394012001060,32243,81207,-28929.0,31275.1,10.3,-0.043,84121848,LOCKED
5584,1479.836,-397394012075994,-11811,37153,-29005.2,31019.4,10.2,-0.048,84140529,LOCKED
5585,1480.836,-397394012064984,26334,75298,-28957.2,31224.5,9.6,-0.050,84239953,LOCKED
5586,1481.836,-397394012149358,-28620,20344,-28932.2,30922.3,9.5,-0.047,84247221,LOCKED
5587,1482.837,-397394012137342,12893,61857,-28981.5,30466.9,8.8,-0.048,84348750,LOCKED
5588,1483.836,-397394012115746,59490,108454,-28884.9,31514.1,8.6,-0.044,84458813,LOCKED
5589,1484.836,-397394012223270,-18522,30442,-28884.9,31513.8,7.9,-0.043,84438896,LOCKED
5590,1485.836,-397394012214441,16567,65531,-28783.4,31092.0,7.9,-0.045,84541461,LOCKED
5591,1486.837,-397394012206183,51463,100427,-28763.7,31396.1,7.9,-0.042,84526168,LOCKED
5592,1487.836,-397394012298976,-10991,37973,-28822.8,31279.4,7.9,-0.043,84634233,LOCKED
5593,1488.836,-397394012296739,18193,67157,-28760.9,31290.4,7.9,-0.044,84726772,LOCKED
5594,1489.837,-397394012371250,-26218,22746,-28783.1,31438.3,8.0,-0.042,84739715,LOCKED
5595,1490.837,-397394012381270,-5824,43140,-28853.6,31099.5,7.7,-0.039,84818962,LOCKED
5596,1491.836,-397394012374045,28151,77115,-28797.0,31328.7,7.7,-0.043,84918564,LOCKED
5597,1492.837,-397394012377198,49651,98615,-28676.0,31938.0,7.7,-0.040,85000922,LOCKED
5598,1493.837,-397394012490551,-31964,17000,-28773.3,32072.7,7.7,-0.044,84978858,LOCKED
5599,1494.837,-397394012476714,11122,60086,-28815.2,31754.2,8.0,-0.049,85081825,LOCKED
5600,1495.837,-397394012479497,33289,82253,-28680.7,31526.6,8.0,-0.049,85167492,LOCKED
5601,1496.837,-397394012488053,48647,97611,-28527.3,31777.1,8.3,-0.050,85138326,LOCKED
5602,1497.837,-397394012587216,-19866,29098,-28598.6,31766.3,8.3,-0.045,85241689,LOCKED
5603,1498.837,-397394012592998,2142,51106,-28562.4,31668.1,8.5,-0.044,85322852,LOCKED
5604,1499.838,-397394012658686,-31506,17458,-28680.9,31577.9,9.3,-0.044,85349394,LOCKED
5605,1500.837,-397394012654320,1401,50365,-28676.4,31578.1,9.5,-0.042,85443843,LOCKED
5606,1501.837,-397394012650220,30487,79451,-28545.7,31282.0,9.6,-0.046,85536286,LOCKED
5607,1502.838,-397394012656962,50033,98997,-28518.1,31671.1,9.6,-0.042,85505764,LOCKED
5608,1503.837,-397394012763958,-27291,21673,-28529.3,31760.7,9.8,-0.045,85600175,LOCKED
5609,1504.837,-397394012771301,-7380,41584,-28454.3,31037.8,9.5,-0.056,85685846,LOCKED
5610,1505.838,-397394012765434,25407,74371,-28421.2,31216.3,9.5,-0.052,85780240,LOCKED
5611,1506.838,-397394012801432,15353,64317,-28325.0,30821.7,9.7,-0.055,85866821,LOCKED
5612,1507.838,-397394012877747,-32615,16349,-28271.7,29939.4,9.6,-0.038,85847230,LOCKED
5613,1508.838,-397394012856816,15997,64961,-28269.3,29952.2,9.6,-0.042,85956002,LOCKED
5614,1509.838,-397394012931238,-29995,18969,-28227.2,29325.3,9.7,-0.043,85969286,LOCKED
5615,1510.837,-397394012938713,-7699,41265,-28290.3,29091.7,9.9,-0.033,86050690,LOCKED
5616,1511.837,-397394012936914,20746,69710,-28244.0,29217.7,10.0,-0.020,86148257,LOCKED
5617,1512.838,-397394012945724,36198,85162,-28108.5,29099.0,10.0,-0.022,86126449,LOCKED
5618,1513.838,-397394013032017,-19636,29328,-28191.4,28979.3,10.0,0.009,86230265,LOCKED
5619,1514.838,-397394013067365,-24944,24020,-28240.7,29173.4,9.9,0.019,86322066,LOCKED
5620,1515.838,-397394013128996,-55512,0,-28287.0,29870.6,9.7,0.030,86312681,LOCKED
5621,1516.839,-397394013110134,-6564,48948,-28364.5,29443.1,9.6,0.043,86415181,LOCKED
5622,1517.838,-397394013099716,30165,85677,-28313.8,29726.3,9.4,0.057,86515524,LOCKED
5623,1518.838,-397394013209238,-48573,6939,-28354.3,30251.8,9.4,0.072,86498980,LOCKED
5624,1519.839,-397394013151772,35700,91212,-28337.7,30429.8,9.2,0.092,86530270,LOCKED
5625,1520.838,-397394013242583,-24818,30694,-28392.5,30603.4,8.8,0.133,86642017,LOCKED
5626,1521.838,-397394013234115,10685,66197,-28343.6,30548.3,8.7,0.121,86743210,LOCKED
5627,1522.838,-397394013230519,38300,93812,-28194.7,30334.8,9.1,0.102,86722817,LOCKED
5628,1523.839,-397394013330666,-30265,25247,-28310.9,30219.4,9.2,0.087,86826513,LOCKED
5629,1524.839,-397394013319416,9178,64690,-28320.4,30180.0,9.1,0.081,86925368,LOCKED
5630,1525.838,-397394013308168,45173,100685,-28220.0,30753.2,9.1,0.088,86914595,LOCKED
5631,1526.839,-397394013407737,-26161,29351,-28177.1,30184.6,9.2,0.084,87015363,LOCKED
5632,1527.840,-397394013398912,11375,66887,-28222.3,29799.4,9.0,0.081,87112891,LOCKED
5633,1528.839,-397394013405690,30583,86095,-28163.3,30084.6,9.1,0.086,87082823,LOCKED
5634,1529.839,-397394013456240,6785,62297,-28105.2,29885.5,9.1,0.083,87234520,LOCKED
5635,1530.839,-397394013451243,38222,93734,-28087.0,30096.3,9.2,0.074,87216197,LOCKED
5636,1531.839,-397394013555219,-35428,20084,-28138.1,30466.3,9.1,0.073,87311219,LOCKED
5637,1532.839,-397394013553595,-5977,49535,-28112.8,30351.2,9.3,0.066,87403499,LOCKED
5638,1533.839,-397394013557162,18157,73669,-28122.8,30278.4,9.1,0.066,87486704,LOCKED
5639,1534.839,-397394013672927,-63624,0,-28305.0,31008.1,9.1,0.065,87461611,LOCKED
5640,1535.840,-397394013652881,-15312,48312,-28277.6,30792.2,8.6,0.073,87571345,LOCKED
5641,1536.840,-397394013644673,21181,84805,-28313.3,30407.9,8.6,0.069,87666616,LOCKED
5642,1537.839,-397394013671558,21409,85033,-28289.9,30526.7,8.7,0.065,87731528,LOCKED
5643,1538.839,-397394013716599,3595,67219,-28243.6,30373.2,8.5,0.067,87699448,LOCKED
5644,1539.840,-397394013740309,8339,71963,-28267.9,30244.8,8.6,0.064,87843916,LOCKED
5645,1540.840,-397394013844064,-63310,314,-28351.1,31369.1,8.6,0.064,87829115,LOCKED
5646,1541.840,-397394013871825,-57264,6360,-28523.9,31827.8,8.5,0.065,87921225,LOCKED
5647,1542.839,-397394013823064,18909,82533,-28500.8,31921.9,8.5,0.066,88024419,LOCKED
5648,1543.840,-397394013824189,41785,105409,-28349.2,31849.4,8.3,0.067,88003560,LOCKED
5649,1544.840,-397394013911576,-15134,48490,-28428.1,31656.4,8.4,0.066,88115598,LOCKED
5650,1545.840,-397394013887934,34376,98000,-28359.5,31992.3,8.4,0.068,88228022,LOCKED
5651,1546.840,-397394013995915,-43734,19890,-28361.0,32012.7,8.2,0.072,88214104,LOCKED
5652,1547.840,-397394013983302,-1911,61713,-28399.5,31897.3,8.3,0.072,88310603,LOCKED
5653,1548.840,-397394013985444,22461,86085,-28344.2,32019.1,8.5,0.077,88402391,LOCKED
5654,1549.840,-397394014047361,-9201,54423,-28422.9,31675.5,8.1,0.084,88429500,LOCKED
5655,1550.840,-397394014055355,11166,74790,-28438.5,31594.6,8.1,0.087,88507350,LOCKED
5656,1551.840,-397394014153725,-55431,8193,-28510.1,32418.2,8.1,0.091,88503050,LOCKED
5657,1552.840,-397394014145479,-18760,44864,-28474.6,32083.9,7.7,0.100,88597317,LOCKED
5658,1553.840,-397394014146894,9221,72845,-28535.2,31551.9,7.7,0.104,88686059,LOCKED
5659,1554.841,-397394014144215,37945,101569,-28476.0,31964.8,7.7,0.102,88665705,LOCKED
5660,1555.841,-397394014235002,-23534,40090,-28477.7,31977.5,7.7,0.107,88779521,LOCKED
5661,1556.841,-397394014241549,-2940,60684,-28407.1,31436.6,8.0,0.104,88864942,LOCKED
5662,1557.840,-397394014226115,39062,102686,-28381.8,31705.1,8.0,0.102,88963444,LOCKED
5663,1558.841,-397394014338876,-42293,21331,-28460.0,32219.5,8.1,0.101,88938584,LOCKED
5664,1559.840,-397394014305412,19730,83354,-28497.7,31841.9,7.9,0.089,89062940,LOCKED
5665,1560.841,-397394014412589,-54765,8859,-28612.3,32667.5,7.9,0.085,89047281,LOCKED
5666,1561.841,-397394014406401,-19316,44308,-28612.0,32665.7,7.9,0.081,89139572,LOCKED
5667,1562.841,-397394014407923,5868,69492,-28528.0,32173.3,7.9,0.090,89230352,LOCKED
5668,1563.841,-397394014408686,32557,96181,-28529.3,32159.0,7.9,0.085,89206752,LOCKED
5669,1564.841,-397394014501235,-28974,34650,-28603.4,32348.4,8.1,0.069,89314611,LOCKED
5670,1565.841,-397394014486430,12855,76479,-28547.2,32290.2,8.2,0.057,89416510,LOCKED
5671,1566.841,-397394014488956,35896,99520,-28460.5,32604.0,8.2,0.051,89393214,LOCKED
5672,1567.841,-397394014598269,-40965,22659,-28588.5,32787.3,8.3,0.030,89489319,LOCKED
5673,1568.841,-397394014611844,-24723,38901,-28607.7,32905.7,8.4,0.024,89579701,LOCKED
5674,1569.841,-397394014653756,-34489,29135,-28724.2,32952.5,8.5,0.031,89614418,LOCKED
5675,1570.842,-397394014673089,-22993,40631,-28789.4,33044.1,8.6,0.010,89686280,LOCKED
5676,1571.841,-397394014666710,10897,74521,-28744.7,33017.7,8.6,-0.012,89784095,LOCKED
5677,1572.841,-397394014740572,-33194,30430,-28739.8,32964.5,8.6,-0.018,89771916,LOCKED
5678,1573.842,-397394014765698,-26980,36644,-28822.7,33052.8,8.4,-0.017,89859626,LOCKED
5679,1574.842,-397394014745890,21216,84840,-28836.7,32940.5,8.4,-0.025,89972760,LOCKED
5680,1575.842,-397394014837058,-36333,27291,-29011.3,32181.3,8.8,-0.042,89967057,LOCKED
5681,1576.843,-397394014814225,15205,78829,-29021.6,32120.2,8.8,-0.047,90079301,LOCKED
5682,1577.842,-397394014807726,46846,110470,-28908.9,32658.4,8.8,-0.051,90063546,LOCKED
5683,1578.842,-397394014900336,-13750,49874,-29038.7,31670.5,8.5,-0.056,90172948,LOCKED
5684,1579.841,-397394014864207,47357,110981,-28917.9,32184.3,8.5,-0.051,90186425,LOCKED
5685,1580.842,-397394014973271,-29418,34206,-29034.7,32036.0,8.2,-0.054,90281725,LOCKED
5686,1581.842,-397394014964450,7999,71623,-29026.5,32051.2,8.2,-0.057,90378323,LOCKED
5687,1582.842,-397394014948440,48608,112232,-28889.7,32479.9,8.2,-0.053,90485076,LOCKED
5688,1583.843,-397394015067684,-37761,25863,-29022.8,32472.4,8.2,-0.055,90458346,LOCKED
5689,1584.842,-397394015067492,-7930,55694,-29039.9,32489.2,8.2,-0.057,90549854,LOCKED
5690,1585.842,-397394015063430,22267,85891,-28934.2,32218.2,8.3,-0.047,90646651,LOCKED
5691,1586.843,-397394015067744,44810,108434,-28906.7,32547.9,8.3,-0.043,90616926,LOCKED
5692,1587.842,-397394015162775,-20199,43425,-28927.8,32644.5,8.7,-0.035,90722719,LOCKED
5693,1588.842,-397394015159676,10053,73677,-28857.4,32415.6,8.7,-0.026,90818250,LOCKED
5694,1589.843,-397394015241255,-40257,23367,-28908.8,32840.0,9.5,-0.014,90826199,LOCKED
5695,1590.843,-397394015237043,-8143,55481,-28845.7,32307.4,9.7,-0.010,90919781,LOCKED
5696,1591.842,-397394015222610,33791,97415,-28835.9,32405.9,10.0,-0.004,91024715,LOCKED
5697,1592.842,-397394015336600,-48073,15551,-28917.6,33056.3,9.9,-0.004,90999091,LOCKED
5698,1593.843,-397394015327375,-10125,53499,-28891.1,32907.0,10.1,0.001,91102722,LOCKED
5699,1594.843,-397394015320324,26147,89771,-28951.0,32070.7,10.8,0.009,91194343,LOCKED
5700,1595.842,-397394015323844,48707,112331,-28891.0,32686.3,10.6,0.014,91166239,LOCKED
5701,1596.844,-397394015410441,-9190,54434,-28866.2,32556.6,11.1,0.017,91284605,LOCKED
5702,1597.843,-397394015434168,-4674,58950,-28827.8,32362.0,11.0,0.015,91350305,LOCKED
5703,1598.842,-397394015446168,10962,74586,-28787.5,32354.9,11.0,0.017,91429714,LOCKED
5704,1599.843,-397394015521531,-33910,29714,-28814.7,32585.7,11.5,0.017,91446713,LOCKED
5705,1600.843,-397394015528901,-9771,53853,-28930.9,31696.9,11.7,0.020,91524674,LOCKED
5706,1601.843,-397394015522860,25550,89174,-28990.7,30841.3,11.7,0.018,91624117,LOCKED
5707,1602.843,-397394015511578,61045,124669,-28857.5,31871.8,12.2,0.021,91612929,LOCKED
5708,1603.843,-397394015628518,-26807,36817,-28824.2,31469.3,12.6,0.018,91700027,LOCKED
5709,1604.843,-397394015632264,-1267,62357,-28844.8,31437.5,12.9,0.013,91782565,LOCKED
5710,1605.843,-397394015633218,23519,87143,-28731.3,31099.5,13.7,0.014,91875957,LOCKED
5711,1606.843,-397394015657026,27736,91360,-28742.8,30978.1,13.7,0.007,91850622,LOCKED
5712,1607.844,-397394015730035,-15643,47981,-28760.3,31041.4,13.7,-0.001,91957210,LOCKED
5713,1608.843,-397394015796777,-51207,12417,-28793.9,31510.9,13.7,0.005,92072794,LOCKED
5714,1609.844,-397394015784360,-9325,54299,-28811.3,31536.2,13.8,0.004,92084013,LOCKED
5715,1610.844,-397394015819565,-15357,48267,-28803.5,31490.3,13.8,0.003,92176179,LOCKED
5716,1611.843,-397394015766960,63387,127011,-28778.1,31962.4,13.8,0.000,92165598,LOCKED
5717,1612.843,-397394015866732,-6678,56946,-28812.7,31926.2,13.8,-0.010,92267610,LOCKED
5718,1613.844,-397394015849725,36157,99781,-28726.2,32251.7,13.9,-0.009,92372949,LOCKED
5719,1614.844,-397394015955475,-39771,23853,-28713.8,32076.6,13.8,-0.024,92360026,LOCKED
5720,1615.844,-397394015938439,6037,69661,-28726.7,32035.4,13.8,-0.037,92466253,LOCKED
5721,1616.844,-397394015952583,19011,82635,-28679.3,32120.6,13.8,-0.044,92545377,LOCKED
5722,1617.844,-397394016051941,-50088,13536,-28673.5,32022.0,13.8,-0.042,92533323,LOCKED
5723,1618.844,-397394016047707,-15105,48519,-28750.4,31849.1,13.6,-0.076,92623764,LOCKED
5724,1619.844,-397394016012718,44441,108065,-28618.2,32142.8,13.4,-0.095,92751020,LOCKED
5725,1620.844,-397394016118018,-28681,34943,-28745.5,31824.2,13.5,-0.086,92733049,LOCKED
5726,1621.844,-397394016121570,-2825,60799,-28773.3,31777.2,13.5,-0.093,92821562,LOCKED
5727,1622.844,-397394016125153,20471,84095,-28714.3,31848.2,13.1,-0.122,92905435,LOCKED
5728,1623.844,-397394016119330,50004,113628,-28551.6,32041.3,13.2,-0.123,93001635,LOCKED
5729,1624.844,-397394016246859,-45240,18384,-28659.7,32548.4,13.3,-0.101,92965293,LOCKED
5730,1625.844,-397394016239964,-9864,53760,-28634.5,32408.9,13.3,-0.082,93060080,LOCKED
5731,1626.844,-397394016219942,34546,98170,-28483.3,31985.0,13.4,-0.069,93172458,LOCKED
5732,1627.844,-397394016340705,-53170,10454,-28619.1,32623.4,13.3,-0.066,93137884,LOCKED
5733,1628.845,-397394016337695,-19712,43912,-28676.2,32686.6,13.1,-0.064,93228794,LOCKED
5734,1629.844,-397394016307455,37577,101201,-28658.8,32868.5,13.1,-0.066,93351388,LOCKED
5735,1630.844,-397394016417459,-40292,23332,-28762.6,33221.6,12.9,-0.065,93331682,LOCKED
5736,1631.844,-397394016408613,-2957,60667,-28744.2,33173.6,12.8,-0.073,93429698,LOCKED
5737,1632.845,-397394016400781,32460,96084,-28741.3,33202.4,12.7,-0.073,93528991,LOCKED
5738,1633.845,-397394016495593,-30485,33139,-28844.2,33239.8,12.7,-0.073,93524498,LOCKED
5739,1634.845,-397394016493271,56,63680,-28813.6,33155.6,12.6,-0.081,93618086,LOCKED
5740,1635.845,-397394016480870,40045,103669,-28820.0,33069.6,12.0,-0.082,93719002,LOCKED
5741,1636.846,-397394016593019,-40680,22944,-28880.3,33516.9,11.9,-0.090,93693224,LOCKED
5742,1637.846,-397394016587186,-6935,56689,-28821.1,33072.0,11.9,-0.097,93789435,LOCKED
5743,1638.845,-397394016580956,26972,90596,-28809.8,33157.2,11.8,-0.105,93883193,LOCKED
5744,1639.845,-397394016675307,-37525,26099,-28798.6,33011.5,12.2,-0.115,93879172,LOCKED
5745,1640.845,-397394016679110,-10562,53062,-28877.8,32706.8,12.4,-0.127,93964735,LOCKED
5746,1641.845,-397394016678659,17536,81160,-28846.5,32793.3,12.6,-0.138,94058536,LOCKED
5747,1642.845,-397394016668473,51363,114987,-28676.1,32944.6,12.6,-0.143,94156663,LOCKED
5748,1643.845,-397394016783813,-31681,31943,-28801.3,32783.2,12.8,-0.154,94132686,LOCKED
5749,1644.845,-397394016789769,-7773,55851,-28840.6,32739.9,12.6,-0.161,94216831,LOCKED
5750,1645.845,-397394016768757,38777,102401,-28742.8,33080.5,12.6,-0.160,94326365,LOCKED
5751,1646.846,-397394016874365,-37076,26548,-28730.8,32924.6,12.7,-0.164,94311017,LOCKED
5752,1647.845,-397394016860297,6037,69661,-28756.3,32815.7,12.8,-0.165,94415270,LOCKED
5753,1648.845,-397394016843258,48127,111751,-28654.3,33432.4,12.7,-0.164,94521591,LOCKED
5754,1649.846,-397394016931152,-9041,54583,-28741.1,33000.4,12.6,-0.160,94525043,LOCKED
5755,1650.846,-397394016919419,29745,93369,-28707.7,33215.2,12.7,-0.160,94626924,LOCKED
5756,1651.846,-397394017023128,-43407,20217,-28726.3,33438.8,12.7,-0.159,94607787,LOCKED
5757,1652.846,-397394017005926,4081,67705,-28809.8,32697.3,12.8,-0.163,94718243,LOCKED
5758,1653.846,-397394017006472,30813,94437,-28785.8,32881.6,12.9,-0.162,94807393,LOCKED
5759,1654.846,-397394017019210,43194,106504,-28677.5,33305.1,12.7,-0.154,94774072,LOCKED
5760,1655.846,-397394017131384,-39235,24075,-28664.6,33129.9,12.7,-0.157,94865680,LOCKED
5761,1656.847,-397394017109920,10502,73812,-28662.9,33135.5,12.8,-0.148,94979264,LOCKED
5762,1657.846,-397394017108705,37916,101226,-28604.9,33526.7,12.8,-0.151,95064699,LOCKED
5763,1658.846,-397394017124008,47462,110772,-28499.3,34096.5,12.8,-0.154,95028589,LOCKED
5764,1659.846,-397394017184210,15785,79095,-28526.9,33894.7,12.7,-0.142,95171926,LOCKED
5765,1660.846,-397394017189384,36992,100302,-28483.0,34226.2,12.7,-0.136,95256710,LOCKED
5766,1661.846,-397394017290538,-34126,29184,-28502.5,34396.8,12.6,-0.130,95240647,LOCKED
5767,1662.846,-397394017291070,-7861,55449,-28405.5,33326.5,12.7,-0.112,95334113,LOCKED
5768,1663.846,-397394017294823,16407,79717,-28414.0,33276.2,12.6,-0.090,95419437,LOCKED
5769,1664.847,-397394017301805,35294,98604,-28347.6,33617.8,12.2,-0.069,95388324,LOCKED
5770,1665.846,-397394017397135,-30674,32636,-28346.4,33605.9,11.4,-0.027,95496396,LOCKED
5771,1666.847,-397394017382752,10038,73348,-28263.9,33256.1,11.3,-0.008,95601636,LOCKED
5772,1667.847,-397394017380293,38271,101581,-28205.3,33653.4,11.0,0.021,95693015,LOCKED
5773,1668.847,-397394017475881,-25808,37502,-28324.7,33343.7,10.7,0.032,95687181,LOCKED
5774,1669.847,-397394017545798,-62836,474,-28444.4,34410.3,10.4,0.060,95705986,LOCKED
5775,1670.847,-397394017539226,-25516,37794,-28515.2,34525.6,10.6,0.046,95797590,LOCKED
5776,1671.846,-397394017535951,3721,67031,-28395.8,33405.1,10.5,0.049,95896965,LOCKED
5777,1672.847,-397394017536773,29340,92650,-28348.6,33640.3,10.6,0.040,95868321,LOCKED
5778,1673.847,-397394017637497,-41698,21612,-28344.9,33590.5,10.6,0.044,95969845,LOCKED
5779,1674.847,-397394017630897,-5246,58064,-28410.2,33315.4,10.5,0.053,96062326,LOCKED
5780,1675.847,-397394017669473,-14777,48533,-28416.8,33342.3,10.6,0.046,96158698,LOCKED
5781,1676.847,-397394017737215,-51435,11875,-28462.3,33889.2,10.6,0.052,96142364,LOCKED
5782,1677.847,-397394017708663,6731,70041,-28530.1,33335.4,10.3,0.053,96255975,LOCKED
5783,1678.847,-397394017703769,38064,101374,-28490.7,33667.3,10.3,0.058,96236737,LOCKED
5784,1679.847,-397394017759004,8978,72288,-28390.5,33048.4,10.3,0.051,96384096,LOCKED
5785,1680.847,-397394017765739,29477,92787,-28382.8,33115.3,10.0,0.044,96353384,LOCKED
5786,1681.847,-397394017867316,-40843,22467,-28456.1,33576.3,9.9,0.039,96462241,LOCKED
5787,1682.847,-397394017856122,-1863,61447,-28420.0,33439.1,9.9,0.035,96554413,LOCKED
5788,1683.848,-397394017847636,30826,94136,-28264.0,32761.9,9.6,0.032,96655568,LOCKED
5789,1684.848,-397394017962214,-50680,12630,-28415.9,33118.6,9.2,0.030,96628967,LOCKED
5790,1685.849,-397394017957579,-16317,46993,-28453.3,33185.8,8.8,0.035,96725237,LOCKED
5791,1686.848,-397394017948343,18563,81873,-28346.1,32775.3,8.3,0.034,96820629,LOCKED
5792,1687.848,-397394018002465,-5203,58107,-28436.2,32176.6,8.3,0.039,96857574,LOCKED
5793,1688.848,-397394018003200,21640,84950,-28430.1,32216.2,8.2,0.043,96943598,LOCKED
5794,1689.848,-397394018069588,-16590,46720,-28389.1,31834.6,8.1,0.043,96966344,LOCKED
5795,1690.848,-397394018072603,9527,72837,-28441.5,31408.0,8.4,0.053,97052308,LOCKED
5796,1691.849,-397394018067942,40008,103318,-28379.3,31868.5,8.8,0.060,97146904,LOCKED
5797,1692.849,-397394018192008,-53151,10159,-28415.0,32370.8,9.7,0.073,97113172,LOCKED
5798,1693.848,-397394018182560,-13187,50123,-28496.3,32104.9,9.6,0.077,97212524,LOCKED
5799,1694.848,-397394018170537,25728,89038,-28460.3,32286.8,9.7,0.079,97312557,LOCKED
5800,1695.848,-397394018283535,-56193,7117,-28495.3,32809.3,9.9,0.087,97286729,LOCKED
5801,1696.848,-397394018270088,-11761,51549,-28598.2,32224.8,9.9,0.088,97390143,LOCKED
5802,1697.848,-397394018258631,26993,90303,-28579.1,32358.4,10.0,0.089,97494678,LOCKED
5803,1698.848,-397394018359173,-42663,20647,-28621.5,32776.8,10.0,0.090,97485406,LOCKED
5804,1699.848,-397394018315089,29671,92981,-28652.7,32388.4,9.9,0.087,97616581,LOCKED
5805,1700.848,-397394018420506,-43202,20108,-28772.0,32741.8,9.7,0.084,97597441,LOCKED
5806,1701.849,-397394018401660,4092,67402,-28763.0,32746.2,9.6,0.080,97703514,LOCKED
5807,1702.849,-397394018397842,32946,96256,-28634.6,32595.0,9.6,0.080,97802799,LOCKED
5808,1703.849,-397394018405384,51940,115250,-28618.0,32847.1,9.4,0.073,97769554,LOCKED
5809,1704.849,-397394018508951,-20816,42494,-28691.1,32846.0,9.5,0.072,97866477,LOCKED
5810,1705.849,-397394018503919,11181,74491,-28624.9,32682.1,9.4,0.077,97967694,LOCKED
5811,1706.849,-397394018498257,44116,107426,-28631.9,32577.4,9.7,0.077,98058680,LOCKED
5812,1707.849,-397394018609245,-35513,27797,-28706.8,32917.9,10.0,0.076,98037807,LOCKED
5813,1708.849,-397394018606375,-4906,58404,-28650.9,32543.7,10.1,0.081,98130871,LOCKED
5814,1709.849,-397394018596563,32044,95354,-28630.0,32719.9,10.2,0.079,98115664,LOCKED
5815,1710.849,-397394018704885,-45217,18093,-28674.2,33179.8,10.2,0.077,98214225,LOCKED
5816,1711.849,-397394018688803,1410,64720,-28768.5,32321.5,10.2,0.074,98317455,LOCKED
5817,1712.849,-397394018697785,20254,83564,-28755.9,32389.8,10.2,0.072,98411395,LOCKED
5818,1713.849,-397394018792924,-43629,19681,-28806.2,32864.4,10.2,0.069,98395443,LOCKED
5819,1714.849,-397394018800908,-22341,40969,-28791.8,32742.8,10.3,0.067,98476809,LOCKED
5820,1715.849,-397394018788460,19388,82698,-28848.2,32094.4,10.2,0.075,98579645,LOCKED
5821,1716.849,-397394018884442,-44504,18806,-28933.4,32653.7,10.0,0.059,98575021,LOCKED
5822,1717.850,-397394018878782,-10072,53238,-28908.7,32517.2,10.1,0.056,98667177,LOCKED
5823,1718.849,-397394018873573,21179,84489,-28803.0,32209.7,10.0,0.064,98761961,LOCKED
5824,1719.849,-397394018936103,-12104,51206,-28804.7,32216.0,10.1,0.038,98790899,LOCKED
5825,1720.849,-397394018987505,-33616,29694,-28802.0,32186.0,10.2,0.016,98906743,LOCKED
5826,1721.849,-397394019014095,-28163,35147,-28914.5,32042.3,10.2,0.011,98895371,LOCKED
5827,1722.849,-397394019003865,10637,73947,-28915.2,32039.4,9.9,-0.024,98992976,LOCKED
5828,1723.851,-397394018983635,55439,118749,-28794.1,32859.6,9.8,-0.030,99103773,LOCKED
5829,1724.849,-397394019089814,-21800,41510,-28764.9,32577.5,9.8,-0.021,99086098,LOCKED
5830,1725.850,-397394019088369,8738,72048,-28795.6,32403.6,9.3,-0.064,99176787,LOCKED
5831,1726.850,-397394019089108,33888,97198,-28709.2,32661.8,9.2,-0.079,99264328,LOCKED
5832,1727.849,-397394019095712,50724,114034,-28534.6,32714.1,9.2,-0.071,99348145,LOCKED
5833,1728.850,-397394019212258,-34430,28880,-28617.7,32999.4,9.2,-0.074,99321783,LOCKED
5834,1729.852,-397394019159839,45456,108766,-28636.9,32686.0,9.2,-0.068,99463150,LOCKED
5835,1730.850,-397394019183334,48091,111401,-28593.8,33178.9,8.9,-0.069,99416872,LOCKED
5836,1731.850,-397394019276393,-15591,47719,-28606.3,33226.6,8.8,-0.051,99525500,LOCKED
5837,1732.850,-397394019263144,23348,86658,-28501.8,33012.4,9.0,-0.037,99627883,LOCKED
5838,1733.850,-397394019275314,38187,101497,-28492.1,33122.4,9.0,-0.034,99594884,LOCKED
5839,1734.850,-397394019368653,-24979,38331,-28533.1,33295.0,8.9,-0.032,99702902,LOCKED
5840,1735.850,-397394019366647,5507,68817,-28539.7,33279.7,8.8,-0.029,99794982,LOCKED
5841,1736.851,-397394019378201,22660,85970,-28585.7,32755.3,9.0,-0.021,99876540,LOCKED
5842,1737.850,-397394019476358,-44049,19261,-28653.0,33288.2,9.0,-0.019,99863506,LOCKED
5843,1738.850,-397394019457329,2130,65440,-28582.6,32886.8,9.0,-0.018,99974731,LOCKED
5844,1739.850,-397394019540265,-49297,14013,-28644.4,33506.7,9.1,-0.012,99976071,LOCKED
5845,1740.851,-397394019541240,-21395,41915,-28620.1,33290.8,9.0,-0.012,100068192,LOCKED
5846,1741.850,-397394019521456,26455,89765,-28637.0,33124.1,9.0,-0.018,100172269,LOCKED
5847,1742.850,-397394019524015,49043,112353,-28547.1,33785.6,9.0,-0.023,100262854,LOCKED
5848,1743.851,-397394019632017,-29806,33504,-28527.2,33565.4,9.0,-0.020,100242098,LOCKED
5849,1744.850,-397394019625951,5913,69223,-28592.5,33060.7,9.0,-0.017,100338201,LOCKED
5850,1745.851,-397394019621449,36893,100203,-28550.0,33393.9,9.0,-0.017,100434706,LOCKED
5851,1746.850,-397394019737069,-47766,15544,-28588.9,33840.6,9.0,-0.016,100409344,LOCKED
5852,1747.851,-397394019747049,-27264,36046,-28636.6,34042.5,9.0,-0.016,100490379,LOCKED
5853,1748.850,-397394019754540,-6621,56689,-28600.8,33856.0,9.0,-0.016,100573144,LOCKED
5854,1749.851,-397394019825663,-45644,17666,-28696.8,34396.4,8.9,-0.019,100587257,LOCKED
5855,1750.851,-397394019851612,-40584,22726,-28742.9,34780.9,8.9,-0.019,100650389,LOCKED
5856,1751.851,-397394019854839,-15663,47647,-28687.5,34249.9,8.8,-0.015,100737527,LOCKED
5857,1752.851,-397394019854555,13956,77266,-28742.6,33743.8,8.3,-0.005,100828151,LOCKED
5858,1753.851,-397394019885519,11300,74610,-28740.1,33752.2,8.5,-0.003,100918026,LOCKED
5859,1754.851,-397394019957117,-30526,32784,-28739.9,33750.6,8.6,-0.001,100904578,LOCKED
5860,1755.851,-397394019994915,-35257,28053,-28894.0,33331.8,8.5,0.004,100998133,LOCKED
5861,1756.851,-397394019948267,38171,101481,-28853.6,33669.4,8.6,0.005,101094500,LOCKED
5862,1757.851,-397394020046623,-30142,33168,-28861.9,33740.9,8.6,0.005,101087745,LOCKED
5863,1758.851,-397394020041399,5205,68515,-28932.6,33176.8,8.6,0.005,101182349,LOCKED
5864,1759.852,-397394020107490,-30692,32618,-28943.5,33271.7,8.8,0.006,101206676,LOCKED
5865,1760.851,-397394020091486,15041,78351,-29007.2,32596.2,8.8,0.006,101310216,LOCKED
5866,1761.852,-397394020068601,62799,126109,-28908.6,33681.6,8.8,0.006,101426568,LOCKED
5867,1762.852,-397394020181407,-20658,42652,-28895.8,33584.3,8.9,0.006,101403441,LOCKED
5868,1763.851,-397394020170955,15791,79101,-28779.5,32946.1,8.9,-0.002,101505299,LOCKED
5869,1764.851,-397394020168368,44764,108074,-28736.4,33389.8,8.9,-0.002,101596335,LOCKED
5870,1765.852,-397394020282672,-38609,24701,-28780.0,33747.2,9.4,-0.005,101568255,LOCKED
5871,1766.852,-397394020277023,-5501,57809,-28705.8,33125.8,9.3,0.004,101663164,LOCKED
5872,1767.851,-397394020278016,21813,85123,-28722.6,32984.1,9.3,0.017,101756546,LOCKED
5873,1768.852,-397394020275960,49211,112521,-28638.4,33653.9,9.3,0.027,101732781,LOCKED
5874,1769.852,-397394020333880,17335,80645,-28539.7,33319.0,9.3,0.029,101877588,LOCKED
5875,1770.853,-397394020338511,39812,103122,-28535.7,33368.2,9.3,0.031,101964098,LOCKED
5876,1771.852,-397394020345520,57153,120463,-28425.1,34249.5,9.3,0.028,101931122,LOCKED
5877,1772.852,-397394020443278,-12315,50995,-28397.9,34081.7,9.3,0.029,102034876,LOCKED
5878,1773.852,-397394020443402,16169,79479,-28435.2,33771.9,9.3,0.027,102123594,LOCKED
5879,1774.852,-397394020449977,36190,99026,-28405.1,34029.8,9.1,0.010,102207953,LOCKED
5880,1775.852,-397394020560919,-44060,18776,-28444.1,34424.6,9.0,-0.008,102189031,LOCKED
5881,1776.852,-397394020526633,18982,81818,-28491.1,33956.5,9.0,-0.011,102314244,LOCKED
5882,1777.852,-397394020530403,41333,104169,-28443.4,34363.6,8.8,-0.033,102395756,LOCKED
5883,1778.853,-397394020648220,-45584,17252,-28488.3,34810.9,8.8,-0.039,102367049,LOCKED
5884,1779.852,-397394020600756,28870,91706,-28462.7,34977.3,8.7,-0.048,102501457,LOCKED
5885,1780.852,-397394020613558,42874,105710,-28452.7,35097.3,8.6,-0.043,102466752,LOCKED
5886,1781.852,-397394020716690,-28525,34311,-28566.5,34963.3,8.4,-0.040,102568025,LOCKED
5887,1782.853,-397394020707588,8586,71422,-28553.4,34982.4,8.3,-0.048,102667089,LOCKED
5888,1783.852,-397394020704740,35791,98627,-28406.7,34714.5,8.3,-0.058,102757168,LOCKED
5889,1784.853,-397394020818706,-45689,17147,-28531.1,35097.2,8.4,-0.066,102734275,LOCKED
5890,1785.853,-397394020798456,2847,65683,-28523.8,35098.8,8.3,-0.063,102842369,LOCKED
5891,1786.853,-397394020835692,-6460,56376,-28483.8,34883.8,8.7,-0.078,102935412,LOCKED
5892,1787.853,-397394020906601,-47473,15363,-28474.1,34737.3,8.7,-0.076,102924120,LOCKED
5893,1788.853,-397394020878976,9169,72005,-28516.1,34467.7,8.7,-0.082,103035364,LOCKED
5894,1789.853,-397394020936093,-19697,43139,-28470.2,34005.8,8.7,-0.080,103067496,LOCKED
5895,1790.853,-397394020930517,11639,74475,-28356.3,33263.6,8.7,-0.074,103163213,LOCKED
5896,1791.855,-397394020920245,47240,110076,-28286.2,33862.2,8.6,-0.072,103151266,LOCKED
5897,1792.853,-397394021016584,-20641,42195,-28260.2,33635.2,8.5,-0.071,103260110,LOCKED
5898,1793.853,-397394021009350,12112,74948,-28145.6,32889.1,8.5,-0.070,103355703,LOCKED
5899,1794.853,-397394021019760,28166,91002,-28109.9,33093.9,8.5,-0.070,103322348,LOCKED
5900,1795.854,-397394021114102,-36351,26485,-28133.6,33316.5,8.7,-0.065,103431200,LOCKED
5901,1796.854,-397394021123058,-17379,45457,-28094.5,32962.7,8.6,-0.063,103515090,LOCKED
5902,1797.853,-397394021107630,25385,88221,-28099.6,32919.6,8.7,-0.067,103616223,LOCKED
5903,1798.854,-397394021217378,-53198,9638,-28161.6,33616.1,8.8,-0.070,103593094,LOCKED
5904,1799.853,-397394021178153,14520,77356,-28202.1,33284.1,8.8,-0.064,103723023,LOCKED
5905,1800.853,-397394021184703,34236,97072,-28164.0,33564.4,9.0,-0.068,103694237,LOCKED
5906,1801.854,-397394021287284,-38762,24074,-28169.2,33624.8,8.9,-0.074,103793874,LOCKED
5907,1802.854,-397394021273858,565,63401,-28058.5,32535.2,8.7,-0.078,103891982,LOCKED
5908,1803.854,-397394021278786,22589,85425,-28041.8,32631.4,8.6,-0.074,103865780,LOCKED
5909,1804.854,-397394021379812,-47816,15020,-28088.9,33149.2,8.5,-0.071,103965709,LOCKED
5910,1805.854,-397394021362982,-4486,58350,-28003.3,32355.1,8.7,-0.070,104073151,LOCKED
5911,1806.854,-397394021366298,19913,82749,-28022.3,32197.9,8.6,-0.066,104044530,LOCKED
5912,1807.854,-397394021481438,-62362,474,-28156.5,33237.4,8.6,-0.067,104132284,LOCKED
5913,1808.854,-397394021486462,-36789,26047,-28215.2,33607.8,8.6,-0.068,104213885,LOCKED
5914,1809.854,-397394021453030,24598,87434,-28243.4,33318.4,8.5,-0.069,104339183,LOCKED
5915,1810.854,-397394021572594,-61039,1797,-28421.2,33894.0,8.3,-0.076,104305444,LOCKED
5916,1811.854,-397394021568548,-26043,36793,-28502.1,33968.1,8.3,-0.077,104401322,LOCKED
5917,1812.855,-397394021559934,10142,72978,-28473.3,33985.2,8.2,-0.073,104498098,LOCKED
5918,1829.855,-397410022546630,-14960449425,0,-26259527.8,2000000000.0,7.5,-0.011,-15896400427,LOCKED
5935,1830.855,-397394022101345,1013825390,15974274815,-25371181.8,2000000000.0,7.5,-0.007,105553778,LOCKED
5936,1831.855,-397394022084293,987668608,15948118033,-24482752.8,2000000000.0,7.6,-0.018,577864856,LOCKED
5937,1832.855,-397394022084884,961489241,15921938666,-23594129.5,2000000000.0,7.4,-0.018,602289034,LOCKED
5938,1833.856,-397394022189836,935212114,15895661539,-22705726.3,2000000000.0,7.7,-0.006,625962912,LOCKED
5939,1834.856,-397394022150244,909073269,15869522694,-21817130.2,2000000000.0,7.7,-0.004,648774462,LOCKED
5940,1835.857,-397394022271980,882779758,15843229183,-20928728.5,2100000000.0,7.7,-0.003,670533075,LOCKED
5941,1836.856,-397394022269938,856605810,15817055235,-20040176.1,2100000000.0,7.9,0.007,691532418,LOCKED
5942,1837.856,-397394022274941,830420809,15790870234,-19151472.0,2100000000.0,8.0,-0.000,711629856,LOCKED
5943,1838.856,-397394022266534,804248814,15764698239,-18262822.7,2100000000.0,8.1,-0.007,730855343,LOCKED
5944,1839.856,-397394022370469,777967469,15738416894,-17374210.2,2100000000.0,8.1,-0.012,749076232,LOCKED
5945,1840.856,-397394022369322,751787440,15712236865,-16485469.2,2100000000.0,8.1,-0.011,766512531,LOCKED
5946,1841.856,-397394022368854,725606903,15686056328,-15596798.9,2100000000.0,8.2,-0.016,783063042,LOCKED
5947,1842.857,-397394022380046,699411825,15659861250,-14708021.4,2100000000.0,8.1,-0.021,798596929,LOCKED
5948,1843.856,-397394022482392,673128835,15633578260,-13819296.5,2100000000.0,8.1,-0.026,813383255,LOCKED
5949,1844.857,-397394022467970,646957992,15607407417,-12930422.0,2100000000.0,8.0,-0.025,827285117,LOCKED
5950,1845.857,-397394022469554,620769584,15581219009,-12041526.5,2100000000.0,8.1,-0.029,840157369,LOCKED
5951,1846.857,-397394022566105,594489140,15554938565,-11152678.3,2100000000.0,7.7,-0.035,852283374,LOCKED
5952,1847.857,-397394022576487,568292122,15528741547,-10263735.3,2100000000.0,7.7,-0.038,863494408,LOCKED
5953,1848.857,-397394022557717,542122637,15502572062,-9374803.3,2100000000.0,7.6,-0.039,873838486,LOCKED
5954,1849.856,-397394022628182,515865037,15476314462,-8485869.5,2100000000.0,7.7,-0.042,883225553,LOCKED
5955,1850.857,-397394022714321,489594002,15450043427,-7596966.6,2100000000.0,7.6,-0.041,891667037,LOCKED
5956,1851.857,-397394022719106,463404618,15423854043,-6708133.7,2100000000.0,7.7,-0.043,899326530,LOCKED
5957,1852.857,-397394022709708,437224125,15397673550,-5819107.4,2100000000.0,8.1,-0.047,906143579,LOCKED
5958,1853.857,-397394022785440,410959974,15371409399,-4930090.4,2100000000.0,8.5,-0.051,911911799,LOCKED
5959,1854.858,-397394022778490,384778283,15345227708,-4041136.3,2100000000.0,8.9,-0.054,916912827,LOCKED
5960,1855.857,-397394022767267,358595061,15319044486,-3151965.0,2100000000.0,8.7,-0.051,921026821,LOCKED
5961,1856.857,-397394022849988,332320149,15292769574,-2262830.6,2100000000.0,9.0,-0.053,924166514,LOCKED
5962,1857.857,-397394022827003,306149219,15266598644,-1373709.0,2100000000.0,9.3,-0.059,926509040,LOCKED
5963,1858.857,-397394022853149,279927097,15240376522,-484497.6,2100000000.0,9.2,-0.063,927803755,LOCKED
5964,1859.858,-397394022910055,253674302,15214123727,404744.5,2100000000.0,9.1,-0.057,928405549,LOCKED
5965,1860.859,-397394022927040,227462716,15187912141,1293888.2,2100000000.0,9.0,-0.062,928048274,LOCKED
5966,1861.857,-397394022936957,201254713,15161704138,2183167.2,2100000000.0,9.0,-0.066,926692655,LOCKED
5967,1862.860,-397394023046782,174951678,15135401103,3072321.8,2100000000.0,9.0,-0.064,924580000,LOCKED
5968,1863.858,-397394023032139,148770897,15109220322,3961503.1,2100000000.0,9.0,-0.063,921584075,LOCKED
5969,1864.857,-397394023025729,122577062,15083026487,4850859.9,2100000000.0,9.3,-0.061,917574151,LOCKED
5970,1865.857,-397394023142507,96266017,15056715442,5740047.7,2100000000.0,9.1,-0.052,912789859,LOCKED
5971,1866.859,-397394023144650,70065944,15030515369,6629364.1,2100000000.0,9.2,-0.049,907105673,LOCKED
5972,1867.858,-397394023169672,43840646,15004290071,7518779.9,2100000000.0,9.2,-0.046,900515060,LOCKED
5973,1868.858,-397394023173253,17636546,14978085971,8408151.5,2100000000.0,9.2,-0.042,893059639,LOCKED
5974,1869.858,-397394023249809,-8639327,14951810098,9297529.8,2100000000.0,9.5,-0.036,884636234,LOCKED
5975,1870.858,-397394023259788,-34851301,14925598124,10186998.5,2100000000.0,9.5,-0.030,875386765,LOCKED
5976,1871.858,-397394023252820,-61047306,14899402119,11076443.3,2100000000.0,9.7,-0.021,865267718,LOCKED
5977,1872.858,-397394023346999,-87341544,14873107881,11965837.3,2100000000.0,9.9,-0.009,854161280,LOCKED
5978,1873.858,-397394023327973,-113527973,14846921452,12855412.2,2100000000.0,9.9,-0.014,842274058,LOCKED
5979,1874.858,-397394023326933,-139732438,14820716987,13744926.3,2100000000.0,9.9,-0.024,829481899,LOCKED
5980,1875.858,-397394023450099,-166057865,14794391560,14634422.1,2100000000.0,9.9,-0.020,815679158,LOCKED
5981,1876.858,-397394023437077,-192251458,14768197967,15524054.5,2100000000.0,9.9,0.001,801120886,LOCKED
5982,1877.858,-397394023437609,-218458843,14741990582,16413637.2,2100000000.0,9.9,0.022,785654488,LOCKED
5983,1878.858,-397394023448967,-244680288,14715769137,17303343.6,2100000000.0,9.8,0.028,769175400,LOCKED
5984,1879.858,-397394023521536,-270961626,14689487799,18193043.6,2100000000.0,9.6,0.039,751975033,LOCKED
5985,1880.859,-397394023534962,-297183258,14663266167,19082674.9,2100000000.0,9.5,0.050,733831721,LOCKED
5986,1881.858,-397394023538674,-323399028,14637050397,19972448.5,2100000000.0,9.6,0.052,714804178,LOCKED
5987,1882.859,-397394023647233,-349716042,14610733383,20862159.3,2100000000.0,9.8,0.029,694787203,LOCKED
5988,1883.859,-397394023645059,-375922365,14584527060,21751805.4,2000000000.0,9.9,0.011,673984804,LOCKED
5989,1884.858,-397394023634801,-402124651,14558324774,22641579.9,2000000000.0,9.9,0.009,652307496,LOCKED
5990,1885.859,-397394023725377,-428426518,14532022907,23531382.1,2000000000.0,10.1,-0.003,629633793,LOCKED
5991,1886.859,-397394023712221,-454625248,14505824177,24421129.4,2000000000.0,10.1,-0.015,606176381,LOCKED
5992,1887.858,-397394023721367,-480849327,14479600098,25310987.5,2000000000.0,10.1,-0.026,581696533,LOCKED
5993,1888.859,-397394023828637,-507168371,14453281054,26200804.0,2000000000.0,10.5,-0.043,556450851,LOCKED
5994,1889.859,-397394023814631,-4547,14960444878,-29547.0,31355.9,10.0,-0.051,530347624,LOCKED
5995,1890.859,-397394023882738,-39153,14960410272,-29676.2,31455.9,10.0,-0.057,503226523,LOCKED
5996,1891.859,-397394023928388,-51822,14960397603,-29752.3,32213.3,10.3,-0.069,529448203,LOCKED
5997,1892.863,-397394023938832,-31610,14960417815,-29744.1,32122.0,10.2,-0.066,529551612,LOCKED
5998,1893.859,-397394023910966,25560,14960474985,-29765.0,31904.9,9.7,-0.069,529666862,LOCKED
5999,1894.859,-397394024003958,-36222,14960413203,-29775.7,32021.2,9.5,-0.066,529660194,LOCKED
6000,1895.861,-397394023977431,20808,14960470233,-29846.2,31059.7,9.4,-0.068,529781019,LOCKED
6001,1896.859,-397394024072967,-40876,14960408549,-29975.0,31239.2,8.8,-0.068,529776822,LOCKED
6002,1897.859,-397394024075363,-12053,14960437372,-30016.1,31243.9,8.8,-0.066,529867923,LOCKED
6003,1898.859,-397394024045519,43838,14960493263,-29894.0,31612.0,8.9,-0.068,529987447,LOCKED
6004,1899.860,-397394024112477,7828,14960457253,-29958.9,31037.8,8.9,-0.070,530010115,LOCKED
6005,1900.860,-397394024097054,50303,14960499728,-29899.8,31700.7,9.0,-0.061,530118050,LOCKED
6006,1901.859,-397394024195961,-17968,14960431457,-29906.0,31734.1,9.2,-0.055,530110707,LOCKED
6007,1902.859,-397394024189075,16483,14960465908,-29818.4,31486.2,9.5,-0.050,530208381,LOCKED
6008,1903.860,-397394024178489,54392,14960503817,-29786.4,31966.9,9.7,-0.045,530198432,LOCKED
6009,1904.860,-397394024262463,-59,14960449366,-29773.3,31950.6,9.8,-0.038,530319181,LOCKED
6010,1905.860,-397394024248997,39165,14960488590,-29641.1,32014.4,10.0,-0.034,530418953,LOCKED
6011,1906.860,-397394024347607,-26974,14960422451,-29735.3,32017.6,10.0,-0.032,530414691,LOCKED
6012,1907.860,-397394024335187,14535,14960463960,-29727.8,32048.3,10.2,-0.029,530513207,LOCKED
6013,1908.860,-397394024313695,60210,14960509635,-29555.5,32668.4,10.2,-0.022,530515062,LOCKED
6014,1909.860,-397394024361287,39366,14960488791,-29483.0,33101.8,10.2,-0.020,530669193,LOCKED
6015,1910.861,-397394024384850,44114,14960493539,-29498.9,32855.7,10.4,-0.018,530622570,LOCKED
6016,1911.860,-397394024487425,-26060,14960423365,-29598.2,32783.8,10.5,-0.018,530725393,LOCKED
6017,1912.860,-397394024466807,22406,14960471831,-29549.5,32916.6,10.4,-0.022,530837094,LOCKED
6018,1913.860,-397394024470979,45998,14960495423,-29538.4,33068.7,10.3,-0.027,530809167,LOCKED
6019,1914.860,-397394024565169,-17298,14960432127,-29576.2,33146.9,10.3,-0.034,530919485,LOCKED
6020,1915.860,-397394024552661,21987,14960471412,-29475.2,32928.0,10.3,-0.033,531023056,LOCKED
6021,1916.860,-397394024546506,54350,14960503775,-29405.1,33688.5,10.3,-0.040,531122437,LOCKED
6022,1917.860,-397394024653028,-22585,14960426840,-29376.4,33411.6,10.2,-0.047,531101841,LOCKED
6023,1918.861,-397394024645592,11833,14960461258,-29278.4,32910.2,10.3,-0.047,531202188,LOCKED
6024,1919.860,-397394024713166,-25407,14960424018,-29287.9,32979.5,10.4,-0.046,531219742,LOCKED
6025,1920.861,-397394024706130,9116,14960458541,-29214.6,32702.0,10.4,-0.046,531315519,LOCKED
6026,1921.861,-397394024703466,36508,14960485933,-29054.8,32232.9,10.3,-0.034,531415007,LOCKED
6027,1922.861,-397394024802642,-30727,14960418698,-29145.5,32376.1,10.2,-0.020,531403549,LOCKED
6028,1923.862,-397394024772236,26278,14960475703,-29064.0,32456.5,10.1,-0.003,531524442,LOCKED
6029,1924.861,-397394024879546,-50523,14960398902,-29050.9,32224.9,10.4,-0.007,531504900,LOCKED
6030,1925.862,-397394024876910,-16695,14960432730,-29128.4,32088.2,10.5,-0.020,531602082,LOCKED
6031,1926.863,-397394024933912,-41570,14960407855,-29206.5,32578.4,10.7,-0.041,531674317,LOCKED
6032,1927.864,-397394024914696,6424,14960455849,-29196.2,32590.0,10.7,-0.043,531757116,LOCKED
6033,1928.863,-397394024990236,-38167,14960411258,-29218.8,32820.3,10.7,-0.045,531760377,LOCKED
6034,1929.861,-397394024993999,-11163,14960438262,-29276.3,32723.5,10.7,-0.046,531877412,LOCKED
6035,1930.862,-397394024951538,56777,14960506202,-29184.2,33614.6,11.0,-0.021,531878459,LOCKED
6036,1931.862,-397394025047886,-10832,14960438593,-29144.2,33335.5,10.9,-0.039,531970401,LOCKED
6037,1932.863,-397394025031539,33387,14960482812,-29137.3,33403.8,10.9,-0.046,532077484,LOCKED
6038,1933.861,-397394025119504,-24382,14960425043,-29148.8,33479.8,10.9,-0.037,532077196,LOCKED
6039,1934.861,-397394025106049,15423,14960464848,-29036.8,32894.7,10.9,-0.043,532180305,LOCKED
6040,1935.861,-397394025086777,60981,14960510406,-29003.2,33442.8,10.9,-0.049,532181290,LOCKED
6041,1936.861,-397394025184735,-7438,14960441987,-29017.1,33458.0,10.6,-0.055,532284236,LOCKED
6042,1937.861,-397394025169113,33859,14960483284,-28909.2,33562.6,10.5,-0.070,532390403,LOCKED
6043,1938.862,-397394025268685,-36022,14960413403,-28887.6,33275.4,10.7,-0.081,532383411,LOCKED
6044,1939.862,-397394025212812,45344,14960494769,-28796.2,33827.8,10.8,-0.091,532527638,LOCKED
6045,1940.861,-397394025332397,-43297,14960406128,-28829.7,34177.2,10.7,-0.092,532498495,LOCKED
6046,1941.862,-397394025324369,-7670,14960441755,-28756.4,33526.5,10.7,-0.092,532595820,LOCKED
6047,1942.861,-397394025317751,26808,14960476233,-28757.0,33521.3,10.7,-0.093,532691885,LOCKED
6048,1943.862,-397394025412136,-36390,14960413035,-28815.8,33881.4,10.8,-0.100,532686763,LOCKED
6049,1944.862,-397394025407112,-3745,14960445680,-28750.9,33428.9,10.8,-0.100,532780092,LOCKED
6050,1945.862,-397394025383620,45955,14960495380,-28702.4,33915.4,10.8,-0.101,532893010,LOCKED
6051,1946.862,-397394025484642,-25448,14960423977,-28705.1,33936.0,10.8,-0.096,532882263,LOCKED
6052,1947.862,-397394025473738,11766,14960461191,-28606.9,33438.5,10.8,-0.097,532982336,LOCKED
6053,1948.862,-397394025459710,51895,14960501320,-28570.2,33913.7,10.6,-0.100,533088632,LOCKED
6054,1949.862,-397394025536749,2825,0,-28545.3,33881.0,10.6,-0.098,533100625,LOCKED
6055,1950.862,-397394025531796,34873,32048,-28532.1,34008.3,10.6,-0.099,533190724,LOCKED
6056,1951.862,-397394025624588,-25972,0,-28656.7,33637.4,10.3,-0.100,533192413,LOCKED
6057,1952.863,-397394025610112,17077,43049,-28681.1,33454.0,10.3,-0.100,533294964,LOCKED
6058,1953.862,-397394025612504,39744,65716,-28569.3,33729.0,10.3,-0.102,533377928,LOCKED
6059,1954.862,-397394025732065,-46672,0,-28716.5,33943.5,10.3,-0.099,533353025,LOCKED
6060,1955.863,-397394025725601,-11200,35472,-28712.1,33926.7,10.4,-0.099,533450501,LOCKED
6061,1956.862,-397394025730500,13545,60217,-28780.6,33217.8,10.4,-0.099,533532029,LOCKED
6062,1957.862,-397394025733936,37340,84012,-28766.6,33365.0,10.4,-0.099,533618885,LOCKED
6063,1958.862,-397394025851272,-48849,0,-28802.2,33796.7,10.4,-0.100,533595918,LOCKED
6064,1959.862,-397394025812385,17928,66777,-28787.2,33860.3,10.3,-0.104,533723102,LOCKED
6065,1960.863,-397394025814776,40281,89130,-28655.6,33972.0,10.1,-0.099,533697105,LOCKED
6066,1961.863,-397394025901930,-15980,32869,-28739.0,33770.0,10.0,-0.092,533812720,LOCKED
6067,1962.862,-397394025898334,15249,64098,-28710.0,33833.0,9.8,-0.084,533903414,LOCKED
6068,1963.862,-397394025898732,39355,88204,-28568.7,33792.3,9.6,-0.076,533995438,LOCKED
6069,1964.863,-397394026019266,-48859,0,-28671.8,34411.1,9.4,-0.067,533965144,LOCKED
6070,1965.863,-397394026013608,-14576,34283,-28645.2,34230.0,9.5,-0.058,534059405,LOCKED
6071,1966.863,-397394026000456,26739,75598,-28666.0,34019.8,9.5,-0.055,534162763,LOCKED
6072,1967.867,-397394026105071,-46034,2825,-28745.5,34589.2,9.3,-0.045,534145363,LOCKED
6073,1968.863,-397394026098809,-11955,36904,-28679.9,33972.4,9.0,-0.033,534246899,LOCKED
6074,1969.863,-397394026168358,-50504,0,-28709.8,34358.7,9.0,-0.028,534267716,LOCKED
6075,1970.864,-397394026158547,-12508,37996,-28663.1,33987.9,8.7,-0.015,534363729,LOCKED
6076,1971.863,-397394026135747,37505,88009,-28654.4,34082.6,8.7,-0.018,534476844,LOCKED
6077,1972.863,-397394026240907,-36992,13512,-28691.5,34383.6,8.7,-0.013,534460885,LOCKED
6078,1973.863,-397394026231263,-82,50422,-28621.2,33948.8,8.7,-0.005,534560354,LOCKED
6079,1974.863,-397394026222282,35835,86339,-28598.1,34157.7,8.9,-0.005,534659647,LOCKED
6080,1975.863,-397394026227058,55172,105676,-28469.5,34882.6,8.9,-0.008,534630007,LOCKED
6081,1976.864,-397394026329206,-19171,31333,-28404.9,34142.2,9.1,-0.008,534735413,LOCKED
6082,1977.863,-397394026310650,26612,77116,-28391.3,34237.1,9.1,0.018,534836901,LOCKED
6083,1978.863,-397394026425976,-56953,0,-28462.1,35027.4,9.3,-0.009,534813468,LOCKED
6084,1979.863,-397394026378471,18558,75511,-28470.6,34973.8,9.3,-0.016,534948901,LOCKED
6085,1980.864,-397394026386666,35937,92890,-28388.1,35280.3,9.2,-0.007,535030807,LOCKED
6086,1981.864,-397394026501232,-48448,8505,-28395.4,35382.0,9.4,-0.029,535005292,LOCKED
6087,1982.864,-397394026493187,-10388,46565,-28457.8,35244.5,9.5,-0.051,535105190,LOCKED
6088,1983.864,-397394026491893,17053,74006,-28372.6,35059.7,9.5,-0.074,535194394,LOCKED
6089,1984.864,-397394026487887,47703,104656,-28367.1,35135.4,9.1,-0.107,535176492,LOCKED
6090,1985.863,-397394026585643,-19776,37177,-28428.0,35179.1,8.9,-0.099,535282024,LOCKED
6091,1986.864,-397394026636408,-37865,19088,-28573.8,35016.7,8.8,-0.104,535321209,LOCKED
6092,1987.864,-397394026642802,-14598,42355,-28603.0,35071.7,8.8,-0.101,535400880,LOCKED
6093,1988.864,-397394026642162,15346,72299,-28663.0,34481.7,8.9,-0.098,535495795,LOCKED
6094,1989.864,-397394026715554,-26552,30401,-28758.0,34466.4,8.7,-0.097,535504630,LOCKED
6095,1990.864,-397394026732099,-14765,42188,-28712.4,34078.4,8.2,-0.097,535581336,LOCKED
6096,1991.864,-397394026725296,20221,77174,-28720.1,34025.5,8.5,-0.087,535681576,LOCKED
6097,1992.866,-397394026814204,-38018,18935,-28752.6,34313.0,8.3,-0.086,535678891,LOCKED
6098,1993.864,-397394026801204,4816,61769,-28813.8,33892.7,8.2,-0.085,535783203,LOCKED
6099,1994.866,-397394026796546,35799,92752,-28751.1,34239.6,8.4,-0.077,535879186,LOCKED
6100,1995.866,-397394026904466,-42191,14762,-28738.7,34065.2,8.4,-0.076,535859684,LOCKED
6101,1996.866,-397394026904990,-12466,44487,-28792.2,34019.1,8.6,-0.069,535947384,LOCKED
6102,1997.869,-397394026900542,18601,75554,-28716.3,33947.8,8.4,-0.070,536043101,LOCKED
6103,1998.866,-397394026907693,39014,95967,-28724.7,33839.9,8.3,-0.066,536014336,LOCKED
6104,1999.865,-397394026989427,-14390,42563,-28681.3,33477.0,8.2,-0.063,536136393,LOCKED
6105,2000.866,-397394026996768,8151,65104,-28753.9,32812.3,8.3,-0.059,536219353,LOCKED
6106,2001.866,-397394026987769,43449,100402,-28705.7,33268.3,8.4,-0.055,536316357,LOCKED
6107,2002.866,-397394027113319,-50584,6369,-28759.6,33863.1,8.5,-0.053,536279193,LOCKED
6108,2003.867,-397394027115076,-20507,36446,-28876.6,33392.8,8.7,-0.049,536370646,LOCKED
6109,2004.866,-397394027115436,8030,64983,-28891.0,33337.5,8.7,-0.047,536460714,LOCKED
6110,2005.867,-397394027108396,39927,96880,-28759.1,33434.1,8.8,-0.046,536445272,LOCKED
6111,2006.866,-397394027204562,-24590,32363,-28860.3,33298.3,8.8,-0.042,536550007,LOCKED
6112,2007.869,-397394027183728,23356,80309,-28813.3,33445.7,8.8,-0.041,536660420,LOCKED
6113,2008.867,-397394027191694,39749,96702,-28660.5,33261.6,8.9,-0.041,536628988,LOCKED
6114,2009.866,-397394027218413,38855,95808,-28585.8,33673.7,8.9,-0.038,536801991,LOCKED
6115,2010.865,-397394027337223,-49325,7628,-28604.1,33924.3,9.2,-0.036,536774457,LOCKED
6116,2011.866,-397394027327703,-9662,47291,-28663.7,33788.6,9.2,-0.033,536874616,LOCKED
6117,2012.868,-397394027334330,11011,67964,-28614.9,33744.8,9.2,-0.035,536959199,LOCKED
6118,2013.868,-397394027338844,31343,88296,-28481.9,33469.7,9.2,-0.037,537044951,LOCKED
6119,2014.867,-397394027458374,-54412,2541,-28651.4,33790.7,9.2,-0.034,537017524,LOCKED
6120,2015.866,-397394027460116,-25312,31641,-28717.0,33925.5,9.3,-0.031,537106674,LOCKED
6121,2016.867,-397394027470230,-6606,50347,-28711.0,33910.1,9.3,-0.029,537183895,LOCKED
6122,2017.870,-397394027479624,10693,67646,-28629.6,33592.5,9.2,-0.032,537265892,LOCKED
6123,2018.867,-397394027480653,37474,94427,-28651.8,33287.6,9.3,-0.029,537354147,LOCKED
6124,2019.867,-397394027552759,-6101,50852,-28635.7,33233.1,9.5,-0.034,537372157,LOCKED
6125,2020.868,-397394027553310,19141,76094,-28527.8,32834.1,9.5,-0.039,537458820,LOCKED
6126,2021.866,-397394027558902,39762,96715,-28480.2,33230.9,9.5,-0.036,537546438,LOCKED
6127,2022.867,-397394027673662,-44160,12793,-28522.6,33658.3,9.5,-0.032,537518614,LOCKED
6128,2023.868,-397394027663655,-6862,50091,-28450.6,33035.9,9.5,-0.028,537616661,LOCKED
6129,2024.868,-397394027654217,30377,87330,-28469.3,32822.3,9.5,-0.022,537716256,LOCKED
6130,2025.868,-397394027763803,-47150,9803,-28567.2,33420.1,9.3,-0.005,537695620,LOCKED
6131,2026.868,-397394027756373,-11452,45501,-28533.4,33195.0,9.2,0.003,537794117,LOCKED
6132,2027.866,-397394027757467,16402,73355,-28581.1,32738.1,9.2,0.009,537883195,LOCKED
6133,2028.866,-397394027769051,31601,88554,-28545.4,32982.9,9.3,0.014,537845702,LOCKED
6134,2029.867,-397394027819215,11063,68016,-28617.0,32256.6,9.3,0.001,538000162,LOCKED
6135,2030.867,-397394027814374,42181,99134,-28572.2,32683.0,9.2,0.002,538092064,LOCKED
6136,2031.867,-397394027932948,-45879,11074,-28591.2,32929.3,9.2,-0.009,538065746,LOCKED
6137,2032.867,-397394027921694,-4284,52669,-28670.1,32467.0,9.2,-0.006,538166087,LOCKED
6138,2033.868,-397394027949300,-2831,54122,-28684.5,32461.0,9.2,-0.004,538265287,LOCKED
6139,2034.867,-397394028012032,-35540,21413,-28691.1,32532.5,8.9,-0.032,538255216,LOCKED
6140,2035.868,-397394027986084,15968,72921,-28563.8,31683.8,8.9,-0.047,538368307,LOCKED
6141,2036.868,-397394027987442,40780,97733,-28514.0,32119.9,8.9,-0.058,538345403,LOCKED
6142,2037.870,-397394028062033,-6127,50826,-28463.0,31772.2,8.9,-0.050,538471276,LOCKED
6143,2038.869,-397394028048581,35107,92060,-28488.0,31420.2,8.6,-0.049,538463721,LOCKED
6144,2039.868,-397394028081686,27693,84646,-28396.6,31470.1,8.6,-0.051,538630220,LOCKED
6145,2040.868,-397394028201919,-61550,0,-28421.6,31921.0,8.7,-0.043,538601088,LOCKED
6146,2041.869,-397394028184899,-13803,47747,-28511.9,31562.7,8.3,-0.045,538707973,LOCKED
6147,2042.868,-397394028161047,36197,97747,-28456.0,31937.8,8.0,-0.046,538818807,LOCKED
6148,2043.868,-397394028262057,-34875,26675,-28470.8,32086.7,7.7,-0.048,538806000,LOCKED
6149,2044.868,-397394028240419,12259,73809,-28344.9,31096.6,8.0,-0.036,538919009,LOCKED
6150,2045.868,-397394028341550,-56414,5136,-28453.2,32018.2,8.0,-0.032,538903952,LOCKED
6151,2046.868,-397394028343318,-26795,34755,-28552.7,31965.6,7.6,-0.036,538990987,LOCKED
6152,2047.871,-397394028363837,-17178,44372,-28602.0,32016.4,7.9,-0.027,539063573,LOCKED
6153,2048.867,-397394028355855,17578,79128,-28541.4,32022.4,7.9,-0.025,539160795,LOCKED
6154,2049.869,-397394028433408,-28521,33029,-28637.1,32061.0,7.9,-0.029,539172448,LOCKED
6155,2050.870,-397394028428383,5366,66916,-28657.1,31988.0,7.8,-0.033,539269514,LOCKED
6156,2051.870,-397394028414017,44653,106203,-28547.8,32469.0,7.8,-0.030,539373208,LOCKED
6157,2052.870,-397394028538933,-47023,14527,-28700.1,32645.4,8.1,-0.025,539335537,LOCKED
6158,2053.870,-397394028532701,-11218,50332,-28724.4,32679.0,8.0,-0.025,539428764,LOCKED
6159,2054.870,-397394028523421,24037,85587,-28629.3,32584.6,8.3,-0.020,539530428,LOCKED
6160,2055.871,-397394028530245,44399,105949,-28632.3,32540.1,8.2,-0.020,539499964,LOCKED
6161,2056.870,-397394028617189,-12353,49197,-28688.4,32473.9,8.2,-0.019,539614526,LOCKED
6162,2057.872,-397394028614719,17194,78744,-28637.8,32519.1,8.3,-0.017,539708187,LOCKED
6163,2058.868,-397394028620311,36470,98020,-28513.2,32556.9,8.3,-0.016,539680900,LOCKED
6164,2059.869,-397394028686064,-222,61328,-28539.8,32493.8,8.4,-0.017,539815730,LOCKED
6165,2060.868,-397394028688227,24279,85829,-28488.0,32652.9,8.5,-0.018,539902516,LOCKED
6166,2061.870,-397394028801401,-57943,3607,-28512.6,33053.2,8.6,-0.019,539877468,LOCKED
6167,2062.868,-397394028803166,-27431,34119,-28652.0,32501.2,8.6,-0.018,539964707,LOCKED
6168,2063.870,-397394028804334,1044,62594,-28702.5,32248.5,8.4,-0.011,540054639,LOCKED
6169,2064.870,-397394028801296,30769,92319,-28654.7,32514.6,8.4,-0.010,540149024,LOCKED
6170,2065.870,-397394028919182,-55762,5788,-28694.5,33081.7,8.4,-0.009,540124403,LOCKED
6171,2066.870,-397394028911362,-16859,44691,-28783.9,32835.6,8.4,-0.007,540216409,LOCKED
6172,2067.868,-397394028921729,1039,62589,-28760.1,32791.8,8.4,-0.006,540299336,LOCKED
6173,2068.872,-397394028918887,29377,90927,-28648.5,32704.9,8.5,-0.004,540388615,LOCKED
6174,2069.870,-397394029004389,-27009,34541,-28626.5,32467.9,8.5,-0.002,540396421,LOCKED
6175,2070.871,-397394029000812,6484,68034,-28700.7,31796.4,8.5,0.007,540488103,LOCKED
6176,2071.870,-397394029006824,27733,89283,-28676.2,31964.2,8.5,0.010,540575910,LOCKED
6177,2072.871,-397394029019312,40788,102338,-28590.0,32420.8,8.7,0.012,540542693,LOCKED
6178,2073.870,-397394029109924,-21002,40548,-28566.5,32208.2,8.7,0.015,540651760,LOCKED
6179,2074.870,-397394029139740,-18975,42575,-28696.0,31440.1,8.9,0.016,540739056,LOCKED
6180,2075.870,-397394029191868,-38569,22981,-28820.4,31568.0,8.9,0.020,540724999,LOCKED
6181,2076.871,-397394029207692,-23332,38218,-28891.7,31639.2,8.9,0.012,540823436,LOCKED
6182,2077.871,-397394029233228,-18682,42868,-28924.2,31740.7,8.8,0.003,540890365,LOCKED
6183,2078.870,-397394029273826,-29294,32256,-28927.6,31772.4,8.8,0.006,540980313,LOCKED
6184,2079.869,-397394029298482,-22896,38654,-28994.0,31859.5,8.8,0.019,541004542,LOCKED
6185,2080.871,-397394029292657,10760,72310,-28954.7,31853.9,8.9,0.045,541099874,LOCKED
6186,2081.872,-397394029309063,20586,82136,-28855.2,31596.5,8.9,0.036,541184716,LOCKED
6187,2082.871,-397394029399014,-36326,25224,-29000.4,31350.5,8.9,0.044,541172020,LOCKED
6188,2083.870,-397394029426591,-32234,29316,-29077.9,31612.7,9.4,0.065,541268770,LOCKED
6189,2084.871,-397394029380610,39222,100772,-28966.1,31884.5,9.4,0.068,541372925,LOCKED
6190,2085.870,-397394029471554,-19510,42040,-29093.2,31175.3,9.4,0.071,541370709,LOCKED
6191,2086.871,-397394029458544,21818,83368,-29091.4,31187.9,9.5,0.072,541473161,LOCKED
6192,2087.873,-397394029450702,54714,116264,-28984.1,32048.5,9.5,0.093,541571779,LOCKED
6193,2088.870,-397394029552708,-17994,43556,-28969.5,31942.4,9.5,0.087,541556439,LOCKED
6194,2089.871,-397394029505022,54637,116187,-28862.7,32781.7,9.3,0.086,541698569,LOCKED
6195,2090.870,-397394029620590,-31396,30154,-28843.4,32552.8,9.2,0.095,541671520,LOCKED
6196,2091.870,-397394029600786,17647,79197,-28892.3,32050.3,9.3,0.113,541779660,LOCKED
6197,2092.870,-397394029593274,50800,112350,-28817.1,32766.8,9.2,0.110,541880519,LOCKED
6198,2093.869,-397394029702716,-27705,33845,-28875.2,32973.8,9.2,0.105,541855630,LOCKED
6199,2094.871,-397394029692238,12246,73796,-28925.0,32550.8,9.1,0.101,541956398,LOCKED
6200,2095.871,-397394029692236,38101,99651,-28837.4,32920.3,9.0,0.098,542048905,LOCKED
6201,2096.870,-397394029708350,46137,107687,-28683.8,33034.3,8.9,0.094,542127312,LOCKED
6202,2097.873,-397394029800332,-16049,45501,-28711.7,33106.1,8.9,0.091,542123660,LOCKED
6203,2098.871,-397394029790670,19483,81033,-28604.4,32725.1,9.1,0.101,542215395,LOCKED
6204,2099.870,-397394029877009,-37125,24425,-28598.0,32644.2,8.9,0.103,542223352,LOCKED
6205,2100.870,-397394029869304,875,62425,-28682.9,31950.1,8.9,0.100,542322050,LOCKED
6206,2101.870,-397394029873084,24336,85886,-28652.5,32106.4,8.8,0.096,542405437,LOCKED
6207,2102.869,-397394029886049,35892,97442,-28509.2,31871.2,8.6,0.092,542372795,LOCKED
6208,2103.871,-397394029975027,-22241,39309,-28587.0,31872.2,8.5,0.088,542483399,LOCKED
6209,2104.869,-397394029978157,2150,63700,-28538.1,31681.4,8.4,0.087,542568198,LOCKED
6210,2105.869,-397394029980751,27767,89317,-28568.3,31314.5,8.7,0.081,542658840,LOCKED
6211,2106.871,-397394030093895,-52437,9113,-28695.9,31995.0,8.8,0.073,542635757,LOCKED
6212,2107.874,-397394030099840,-27241,34309,-28770.8,32139.9,8.7,0.074,542719942,LOCKED
6213,2108.871,-397394030102012,-1243,60307,-28739.2,32033.6,8.9,0.069,542808177,LOCKED
6214,2109.870,-397394030167765,-34828,26722,-28849.8,32152.8,8.8,0.065,542832821,LOCKED
6215,2110.871,-397394030162364,-620,60930,-28846.6,32151.2,8.6,0.060,542922510,LOCKED
6216,2111.871,-397394030162698,24553,86103,-28723.3,31720.3,8.6,0.059,543012711,LOCKED
6217,2112.871,-397394030172648,42054,103604,-28730.8,31609.5,8.8,0.059,542980157,LOCKED
6218,2113.869,-397394030269868,-24279,37271,-28796.4,31731.1,8.8,0.061,543086512,LOCKED
6219,2114.871,-397394030268422,4803,66353,-28747.3,31581.3,8.7,0.064,543177276,LOCKED
6220,2115.871,-397394030257765,39769,101319,-28595.4,31400.6,8.7,0.064,543280358,LOCKED
6221,2116.872,-397394030382363,-52350,9200,-28699.1,32182.1,8.7,0.063,543241034,LOCKED
6222,2117.874,-397394030385125,-25431,36119,-28705.0,32228.1,8.6,0.068,543329311,LOCKED
6223,2118.870,-397394030432531,-42788,18762,-28699.7,32151.9,8.6,0.068,543418295,LOCKED
6224,2119.871,-397394030467230,-45962,15588,-28762.1,32721.7,8.5,0.063,543429471,LOCKED
6225,2120.870,-397394030460391,-10890,50660,-28717.9,32386.6,8.5,0.056,543529533,LOCKED
6226,2121.871,-397394030508566,-26832,34718,-28846.1,31979.8,8.4,0.049,543604353,LOCKED
6227,2122.871,-397394030467610,40955,102505,-28815.2,32304.6,8.4,0.049,543700810,LOCKED
6228,2123.870,-397394030572180,-32675,28875,-28865.2,32603.1,8.6,0.049,543683787,LOCKED
6229,2124.871,-397394030559327,7283,68833,-28790.8,32266.7,8.8,0.050,543783995,LOCKED
6230,2125.870,-397394030550249,43923,105473,-28803.6,32067.5,8.7,0.041,543883512,LOCKED
6231,2126.870,-397394030667073,-40676,20874,-28904.0,32461.5,8.7,0.042,543859804,LOCKED
6232,2127.872,-397394030657235,-1786,59764,-28908.4,32462.3,8.8,0.044,543958446,LOCKED
6233,2128.870,-397394030646411,34446,95996,-28793.7,32526.8,8.9,0.035,544060846,LOCKED
6234,2129.871,-397394030727914,-16330,45220,-28861.5,32460.7,9.1,0.038,544067832,LOCKED
6235,2130.871,-397394030734923,4898,66448,-28839.0,32449.5,9.1,0.055,544148074,LOCKED
6236,2131.870,-397394030732440,32815,94365,-28726.2,32473.6,9.1,0.048,544242993,LOCKED
6237,2132.871,-397394030741792,47092,108642,-28554.0,32361.8,9.2,0.038,544211021,LOCKED
6238,2133.871,-397394030828980,-10600,50950,-28582.7,32384.4,9.2,0.034,544325439,LOCKED
6239,2134.871,-397394030826956,18963,80513,-28563.0,32469.6,9.0,0.045,544415416,LOCKED
6240,2135.872,-397394030831958,40798,102348,-28546.1,32665.9,9.0,0.043,544500617,LOCKED
6241,2136.873,-397394030949304,-44242,17308,-28657.2,33111.8,9.0,0.042,544474390,LOCKED
6242,2137.872,-397394030955697,-19917,41633,-28725.4,33122.3,9.3,0.028,544557099,LOCKED
6243,2138.871,-397394030949696,14941,76491,-28756.8,32883.3,9.4,0.015,544652451,LOCKED
6244,2139.873,-397394031036464,-39253,22297,-28879.1,33054.2,9.3,0.036,544652069,LOCKED
6245,2140.873,-397394031044127,-16887,44663,-28907.5,33133.5,9.3,0.018,544739674,LOCKED
6246,2141.872,-397394031035938,18474,80024,-28852.9,33184.0,9.4,0.029,544831460,LOCKED
6247,2142.872,-397394031035276,46432,107982,-28853.8,33171.2,9.3,0.026,544925641,LOCKED
6248,2143.874,-397394031151672,-36862,24688,-29001.3,32927.3,8.7,0.022,544899595,LOCKED
6249,2144.874,-397394031138986,3741,65291,-28954.2,32781.2,8.6,0.020,545000680,LOCKED
6250,2145.871,-397394031135964,34632,96182,-28958.5,32730.9,8.4,0.019,545092442,LOCKED
6251,2146.872,-397394031135750,59539,121089,-28848.0,33711.3,8.2,0.018,545186147,LOCKED
6252,2147.871,-397394031254891,-30173,31377,-28826.3,33464.1,8.0,0.018,545152721,LOCKED
6253,2148.871,-397394031244829,9106,70656,-28860.7,33258.8,8.0,0.019,545255068,LOCKED
6254,2149.873,-397394031316385,-32942,28608,-28837.6,32968.3,8.0,0.019,545269905,LOCKED
6255,2150.874,-397394031321358,-7202,54348,-28917.8,32564.4,8.0,0.014,545357374,LOCKED
6256,2151.873,-397394031333610,8608,70158,-28890.1,32570.7,7.2,0.016,545452156,LOCKED
6257,2152.872,-397394031401998,-30363,31187,-28865.4,32271.4,7.2,0.017,545432782,LOCKED
6258,2153.871,-397394031423748,-20598,40952,-28961.4,32059.0,7.2,0.018,545525658,LOCKED
6259,2154.874,-397394031407754,22701,84251,-28917.7,32205.5,7.3,0.015,545633065,LOCKED
6260,2155.873,-397394031401702,52851,114401,-28768.8,32706.7,7.3,0.016,545614702,LOCKED
6261,2156.872,-397394031501862,-18963,42587,-28716.4,32130.5,7.3,0.017,545722428,LOCKED
6262,2157.875,-397394031481244,28787,90337,-28686.5,32328.4,7.4,0.014,545829446,LOCKED
6263,2158.879,-397394031484428,49864,111414,-28551.9,32827.9,6.5,0.020,545800477,LOCKED
6264,2159.873,-397394031546909,15808,77358,-28572.1,32688.8,6.3,0.021,545943005,LOCKED
6265,2160.874,-397394031547336,40839,98782,-28487.0,33139.6,6.4,0.020,545918560,LOCKED
6266,2161.872,-397394031631722,-15226,42717,-28453.5,32874.6,6.5,0.019,546033742,LOCKED
6267,2162.873,-397394031621472,20228,78171,-28327.4,32233.6,6.5,0.018,546135969,LOCKED
6268,2163.873,-397394031630594,37024,94967,-28270.6,32617.3,7.0,0.015,546098811,LOCKED
6269,2164.873,-397394031725562,-28461,29482,-28282.8,32715.5,7.4,0.013,546209003,LOCKED
6270,2165.872,-397394031714924,8191,66134,-28184.9,32088.0,7.4,0.010,546309418,LOCKED
6271,2166.873,-397394031714596,35440,93383,-28181.8,32122.9,7.8,0.004,546285961,LOCKED
6272,2167.874,-397394031821787,-40318,17625,-28274.4,32541.7,8.2,0.004,546384830,LOCKED
6273,2168.872,-397394031807345,1866,59809,-28251.4,32506.7,8.2,0.001,546485006,LOCKED
6274,2169.873,-397394031874487,-33770,24173,-28355.1,32647.0,8.5,0.001,546508795,LOCKED
6275,2170.873,-397394031890074,-19817,38126,-28380.4,32749.5,8.8,0.003,546581988,LOCKED
6276,2171.873,-397394031887975,8866,66809,-28306.8,32461.7,9.0,0.006,546673077,LOCKED
6277,2172.874,-397394031889965,31092,89035,-28157.4,31900.3,9.0,0.003,546762056,LOCKED
6278,2173.874,-397394031995549,-42985,14958,-28250.5,32401.0,9.0,0.014,546747277,LOCKED
6279,2174.874,-397394031990105,-9265,48678,-28236.3,32339.6,8.9,0.019,546840308,LOCKED
6280,2175.874,-397394031975817,29192,87135,-28085.0,31644.4,8.9,0.025,546947472,LOCKED
6281,2176.874,-397394032081361,-43983,13960,-28222.3,31863.2,9.1,0.032,546924706,LOCKED
6282,2177.872,-397394032074931,-8295,49648,-28259.4,31835.2,9.2,0.042,547023625,LOCKED
6283,2178.873,-397394032060301,33451,91394,-28259.0,31840.0,9.1,0.051,547124202,LOCKED
6284,2179.874,-397394032134787,-10586,47357,-28349.0,31388.2,9.2,0.064,547141520,LOCKED
6285,2180.874,-397394032138598,13337,71280,-28341.0,31417.8,9.4,0.068,547229567,LOCKED
6286,2181.874,-397394032146916,32149,90092,-28335.1,31478.5,9.2,0.082,547197195,LOCKED
6287,2182.874,-397394032235508,-27603,30340,-28313.9,31239.4,9.2,0.104,547308945,LOCKED
6288,2183.874,-397394032226680,10079,68022,-28357.2,30910.3,9.6,0.071,547406677,LOCKED
6289,2184.875,-397394032220250,41803,99746,-28276.3,31421.7,9.7,0.061,547391552,LOCKED
6290,2185.875,-397394032328034,-36703,21240,-28264.4,31261.3,9.8,0.052,547484168,LOCKED
6291,2186.875,-397394032334389,-12387,45556,-28362.1,30748.3,9.6,0.063,547568568,LOCKED
6292,2187.877,-397394032392729,-39323,18620,-28446.1,31186.7,9.9,0.044,547680249,LOCKED
6293,2188.875,-397394032405381,-22955,34988,-28436.1,31099.3,10.5,0.012,547677061,LOCKED
6294,2189.875,-397394032375030,34276,92219,-28416.7,31287.2,10.5,0.010,547795474,LOCKED
6295,2190.875,-397394032484451,-43617,14326,-28497.0,31841.5,10.7,-0.007,547777069,LOCKED
6296,2191.874,-397394032477259,-8314,49629,-28464.1,31648.7,10.7,-0.024,547872858,LOCKED
6297,2192.875,-397394032462873,30698,88641,-28326.5,31256.0,10.7,-0.023,547976404,LOCKED
6298,2193.874,-397394032565205,-40269,17674,-28408.9,31717.8,10.6,-0.036,547961088,LOCKED
6299,2194.875,-397394032548780,3539,61482,-28364.3,31582.3,10.9,-0.057,548068286,LOCKED
6300,2195.874,-397394032549980,27145,85088,-28234.6,31153.3,11.0,-0.075,548156172,LOCKED
6301,2196.876,-397394032566111,37963,95906,-28234.7,31152.1,10.9,-0.073,548115893,LOCKED
6302,2197.876,-397394032692915,-56083,1860,-28363.6,31981.6,11.2,-0.086,548192197,LOCKED
6303,2198.875,-397394032681264,-15479,42464,-28366.8,31996.7,11.4,-0.099,548293635,LOCKED
6304,2199.874,-397394032653024,39930,97873,-28374.5,31890.0,11.2,-0.102,548296923,LOCKED
6305,2200.875,-397394032756207,-31768,26175,-28474.5,31997.1,11.5,-0.112,548394510,LOCKED
6306,2201.874,-397394032750422,2046,59989,-28455.9,31977.4,10.9,-0.113,548493257,LOCKED
6307,2202.875,-397394032744606,32679,90622,-28331.5,31862.4,10.7,-0.115,548585231,LOCKED
6308,2203.873,-397394032858344,-47767,10176,-28495.8,31911.7,10.5,-0.115,548562506,LOCKED
6309,2204.876,-397394032854962,-14534,43409,-28538.2,31945.8,10.3,-0.115,548655687,LOCKED
6310,2205.875,-397394032853907,13390,71333,-28478.5,31873.7,10.2,-0.110,548742973,LOCKED
6311,2206.875,-397394032854455,36923,94866,-28323.7,31504.1,10.0,-0.109,548718558,LOCKED
6312,2207.877,-397394032951995,-29040,28903,-28435.3,31400.1,9.8,-0.108,548826357,LOCKED
6313,2208.875,-397394032949989,1296,59239,-28432.3,31400.5,9.5,-0.106,548916143,LOCKED
6314,2209.875,-397394033020893,-37078,20865,-28572.0,31270.9,9.3,-0.100,548939322,LOCKED
6315,2210.876,-397394033017871,-4351,53592,-28620.5,31116.2,9.3,-0.100,549027374,LOCKED
6316,2211.875,-397394033003267,36635,94578,-28571.5,31489.2,9.3,-0.100,549131257,LOCKED
6317,2212.875,-397394033118827,-45485,12458,-28735.1,31425.5,9.1,-0.094,549108930,LOCKED
6318,2213.875,-397394033112021,-7772,50171,-28829.0,30822.7,9.0,-0.092,549202045,LOCKED
6319,2214.876,-397394033097039,33843,91786,-28777.4,31157.7,9.1,-0.094,549303546,LOCKED
6320,2215.875,-397394033105409,49678,107621,-28635.3,31594.7,8.9,-0.086,549276678,LOCKED
6321,2216.875,-397394033232455,-44355,13588,-28776.7,31784.6,8.6,-0.081,549355593,LOCKED
6322,2217.876,-397394033215839,669,58612,-28759.7,31761.1,8.5,-0.078,549457277,LOCKED
6323,2218.876,-397394033196609,44319,102262,-28620.1,31969.7,8.2,-0.070,549566013,LOCKED
6324,2219.876,-397394033273915,-4264,53679,-28618.1,31966.4,8.2,-0.067,549578029,LOCKED
6325,2220.875,-397394033259706,34927,92870,-28497.5,31987.8,8.1,-0.064,549682259,LOCKED
6326,2221.876,-397394033375739,-48572,9371,-28615.0,32564.6,8.1,-0.061,549655454,LOCKED
6327,2222.876,-397394033385117,-28008,29935,-28633.6,32700.6,8.0,-0.057,549737028,LOCKED
6328,2223.875,-397394033373623,10093,68036,-28550.8,32338.5,8.2,-0.060,549836782,LOCKED
6329,2224.876,-397394033410819,2232,60175,-28593.0,32141.5,8.4,-0.062,549924429,LOCKED
6330,2225.876,-397394033485968,-41813,16130,-28646.8,32604.1,8.3,-0.057,549907089,LOCKED
6331,2226.876,-397394033526517,-51535,6408,-28668.1,32914.8,8.5,-0.060,549990750,LOCKED
6332,2227.876,-397394033514062,-8461,49482,-28750.0,32523.2,8.6,-0.061,550052046,LOCKED
6333,2228.875,-397394033572228,-35481,22462,-28808.6,32877.1,8.6,-0.055,550126180,LOCKED
6334,2229.878,-397394033616341,-46235,11708,-28955.4,33082.6,8.7,-0.056,550132859,LOCKED
6335,2230.877,-397394033622764,-21217,36726,-29042.3,32984.1,8.7,-0.059,550219867,LOCKED
6336,2231.877,-397394033618900,10927,68870,-29023.0,33017.5,8.7,-0.062,550310368,LOCKED
6337,2232.878,-397394033662922,-4725,53218,-28983.0,32811.8,8.6,-0.054,550400679,LOCKED
6338,2233.877,-397394033728096,-36677,21266,-29130.3,32558.8,8.7,-0.060,550391269,LOCKED
6339,2234.877,-397394033704804,15301,73244,-29134.0,32539.6,8.7,-0.044,550498067,LOCKED
6340,2235.879,-397394033685192,59036,116979,-28985.9,33334.9,8.2,-0.016,550608528,LOCKED
6341,2236.877,-397394033799350,-22860,35083,-29109.0,32857.1,8.2,-0.015,550580492,LOCKED
6342,2237.879,-397394033792963,12343,70286,-29115.1,32829.2,8.2,-0.014,550683301,LOCKED
6343,2238.876,-397394033784349,45909,103852,-28986.9,33211.0,8.0,0.000,550778731,LOCKED
6344,2239.878,-397394033872060,-11490,46453,-29033.0,33187.1,8.2,-0.012,550779709,LOCKED
6345,2240.876,-397394033874807,13533,71476,-28993.4,33215.4,8.3,0.002,550868353,LOCKED
6346,2241.880,-397394033864201,48650,106593,-28854.1,33606.5,8.1,0.022,550970626,LOCKED
6347,2242.878,-397394033972781,-28220,29723,-28947.5,33652.9,8.3,0.011,550946572,LOCKED
6348,2243.876,-397394033969164,3729,61672,-28923.4,33629.4,8.3,0.011,551042475,LOCKED
6349,2244.879,-397394033961904,35778,93721,-28779.7,33395.3,8.2,-0.002,551141351,LOCKED
6350,2245.877,-397394033971080,52726,110669,-28737.0,33936.5,8.4,-0.012,551107646,LOCKED
6351,2246.878,-397394034066082,-12456,45487,-28769.5,33968.6,8.2,-0.012,551213260,LOCKED
6352,2247.880,-397394034071106,11772,69715,-28812.8,33643.0,8.3,-0.019,551300410,LOCKED
6353,2248.878,-397394034065122,44289,102232,-28774.6,34040.0,8.2,-0.025,551395775,LOCKED
6354,2249.878,-397394034153045,-15116,42827,-28736.8,33736.0,8.0,-0.024,551395272,LOCKED
6355,2250.878,-397394034164808,3137,61080,-28804.9,33253.4,8.0,-0.022,551475794,LOCKED
6356,2251.878,-397394034159577,35049,92992,-28758.9,33571.0,8.1,-0.020,551570280,LOCKED
6357,2252.878,-397394034276303,-50643,7300,-28786.3,33937.3,7.8,-0.018,551543978,LOCKED
6358,2253.877,-397394034276521,-19375,38568,-28886.8,33647.0,7.9,-0.017,551633072,LOCKED
6359,2254.879,-397394034266311,18304,76247,-28847.6,33734.3,7.7,-0.016,551732676,LOCKED
6360,2255.878,-397394034255449,53154,111097,-28697.2,34212.2,7.7,-0.021,551835109,LOCKED
6361,2256.878,-397394034390865,-51727,6216,-28701.4,34276.7,7.5,-0.019,551785085,LOCKED
6362,2257.879,-397394034404399,-32610,25333,-28841.2,33963.1,7.5,-0.024,551858661,LOCKED
6363,2258.880,-397394034397631,3174,61117,-28855.1,33932.3,7.5,-0.028,551960730,LOCKED
6364,2259.878,-397394034474355,-43299,14644,-28851.6,33883.4,7.7,-0.023,551971148,LOCKED
6365,2260.878,-397394034474532,-12760,45183,-28922.0,33723.1,7.7,-0.028,552063399,LOCKED
6366,2261.877,-397394034466481,22473,80416,-28873.9,33854.2,7.8,-0.030,552158882,LOCKED
6367,2262.877,-397394034455627,56796,114739,-28702.8,34277.1,7.9,-0.032,552263472,LOCKED
6368,2263.877,-397394034577993,-33157,24786,-28830.0,34155.3,7.9,-0.031,552228488,LOCKED
6369,2264.879,-397394034567937,5727,63670,-28839.4,34130.9,8.0,-0.033,552329660,LOCKED
6370,2265.880,-397394034625936,-22517,35426,-28846.9,34178.1,7.8,-0.028,552419806,LOCKED
6371,2266.879,-397394034569580,57043,114986,-28664.5,34458.9,8.0,-0.024,552392431,LOCKED
6372,2267.881,-397394034663324,-6961,50982,-28705.8,34398.3,8.0,-0.023,552498909,LOCKED
6373,2268.877,-397394034651096,31339,89282,-28628.5,34617.4,8.2,-0.020,552604195,LOCKED
6374,2269.877,-397394034721397,-8744,49199,-28692.1,34435.3,8.0,-0.015,552620213,LOCKED
6375,2270.878,-397394034727488,12891,70834,-28666.1,34478.7,8.0,-0.013,552708709,LOCKED
6376,2271.879,-397394034719666,44641,102584,-28507.5,34450.4,8.2,-0.016,552689843,LOCKED
6377,2272.878,-397394034818018,-22349,35594,-28610.6,34227.5,8.1,-0.011,552793126,LOCKED
6378,2273.879,-397394034805827,17399,75342,-28587.8,34303.8,8.0,-0.015,552895258,LOCKED
6379,2274.879,-397394034800615,46552,104495,-28436.9,34466.4,7.8,-0.021,552991762,LOCKED
6380,2275.878,-397394034930521,-53479,4464,-28418.5,34134.7,7.6,-0.013,552949937,LOCKED
6381,2276.879,-397394034938283,-29618,28325,-28526.7,34093.3,7.6,-0.012,553040021,LOCKED
6382,2277.880,-397394034939236,-2236,55707,-28513.5,34068.9,7.9,-0.011,553122019,LOCKED
6383,2278.879,-397394034936940,24779,82722,-28368.2,33313.3,7.7,-0.002,553214498,LOCKED
6384,2279.878,-397394035029494,-37314,20629,-28408.9,33642.2,7.7,-0.000,553216992,LOCKED
6385,2280.878,-397394035023850,-4927,51156,-28318.8,32767.3,7.9,0.000,553308419,LOCKED
6386,2281.880,-397394035018002,28259,84342,-28317.7,32777.3,8.1,-0.000,553401276,LOCKED
6387,2282.879,-397394035111588,-34283,21800,-28394.6,33080.6,8.1,0.001,553397507,LOCKED
6388,2283.880,-397394035113952,-8663,47420,-28360.0,32876.0,8.0,-0.009,553483223,LOCKED
6389,2284.879,-397394035113085,18519,74602,-28290.3,32845.8,8.0,-0.025,553577304,LOCKED
6390,2285.879,-397394035120049,38038,94121,-28264.8,33096.1,8.2,-0.029,553545217,LOCKED
6391,2286.880,-397394035221368,-31538,24545,-28383.3,33011.0,8.3,-0.019,553645078,LOCKED
6392,2287.881,-397394035237940,-18482,37601,-28413.7,33105.9,8.1,-0.030,553719289,LOCKED
6393,2288.879,-397394035233108,14776,70859,-28438.9,32929.1,8.8,0.005,553813194,LOCKED
6394,2289.880,-397394035317211,-36684,19399,-28584.5,32703.6,9.2,0.021,553820100,LOCKED
6395,2290.881,-397394035333223,-21587,34496,-28672.7,32602.2,9.2,0.035,553890099,LOCKED
6396,2291.880,-397394035339603,625,56708,-28669.8,32602.0,9.6,0.064,553974032,LOCKED
6397,2292.880,-397394035329555,37258,93341,-28629.4,32935.8,9.6,0.064,554079413,LOCKED
6398,2293.880,-397394035435921,-36166,19917,-28781.2,32588.6,9.3,0.087,554059654,LOCKED
6399,2294.880,-397394035431278,-2459,53624,-28791.0,32587.5,9.4,0.081,554154433,LOCKED
6400,2295.879,-397394035414820,38509,94592,-28644.6,32434.8,9.6,0.064,554263407,LOCKED
6401,2296.880,-397394035446172,34675,90758,-28647.0,32407.1,9.6,0.060,554222008,LOCKED
6402,2297.881,-397394035528960,-18123,37960,-28682.8,32498.9,9.8,0.047,554328086,LOCKED
6403,2298.880,-397394035588420,-46861,9222,-28705.0,32788.8,9.8,0.044,554423167,LOCKED
6404,2299.881,-397394035600777,-27725,28358,-28795.9,32841.6,9.7,0.044,554434509,LOCKED
6405,2300.881,-397394035591298,9887,65970,-28779.8,32868.9,9.7,0.049,554534223,LOCKED
6406,2301.880,-397394035649946,-19981,36102,-28746.5,32553.2,9.7,0.048,554635093,LOCKED
6407,2302.880,-397394035671510,-10671,45412,-28833.4,32155.3,9.5,0.046,554634269,LOCKED
6408,2303.880,-397394035660436,27652,83735,-28801.5,32348.2,9.5,0.044,554731596,LOCKED
6409,2304.880,-397394035763626,-44594,11489,-28832.5,32706.8,9.4,0.043,554718918,LOCKED
6410,2305.880,-397394035751760,-5203,50880,-28759.6,32090.3,9.3,0.041,554820081,LOCKED
6411,2306.881,-397394035735294,37964,94047,-28721.6,32426.0,9.3,0.039,554925755,LOCKED
6412,2307.883,-397394035741244,56534,112617,-28609.2,33306.5,9.2,0.042,554901039,LOCKED
6413,2308.880,-397394035843567,-17553,38530,-28561.6,32835.1,9.0,0.039,555002328,LOCKED
6414,2309.880,-397394035819496,33204,89287,-28524.7,33102.0,9.2,0.033,555119452,LOCKED
6415,2310.881,-397394035932843,-48426,7657,-28601.0,33742.2,9.2,0.032,555093135,LOCKED
6416,2311.883,-397394035921675,-9341,46742,-28551.8,33382.3,9.4,0.027,555197002,LOCKED
6417,2312.881,-397394035919547,21569,77652,-28599.1,32856.3,9.6,0.022,555289319,LOCKED
6418,2313.879,-397394035926165,41476,97559,-28566.2,33192.1,9.8,0.018,555258815,LOCKED
6419,2314.881,-397394036020542,-23283,32800,-28579.1,33272.2,9.8,0.017,555367076,LOCKED
6420,2315.880,-397394036013490,9691,65774,-28464.6,32429.6,9.8,0.011,555464205,LOCKED
6421,2316.881,-397394036020019,31139,87222,-28492.6,32072.7,9.9,0.007,555431812,LOCKED
6422,2317.882,-397394036138396,-53782,2301,-28647.0,32562.3,9.8,0.003,555512741,LOCKED
6423,2318.881,-397394036118339,-4641,51442,-28660.7,32565.5,9.8,-0.003,555623879,LOCKED
6424,2319.882,-397394036188081,-41028,15055,-28823.2,32285.9,9.7,0.000,555644490,LOCKED
6425,2320.881,-397394036189425,-11733,44350,-28892.9,32100.0,9.5,-0.005,555736364,LOCKED
6426,2321.882,-397394036176823,27609,83692,-28833.1,32306.0,9.4,-0.010,555831543,LOCKED
6427,2322.882,-397394036185992,42611,98694,-28674.8,32175.9,9.2,-0.015,555914896,LOCKED
6428,2323.882,-397394036299754,-38341,17742,-28814.3,32110.5,9.4,-0.018,555891502,LOCKED
6429,2324.882,-397394036277118,12476,68559,-28803.9,32142.8,9.3,-0.025,556004183,LOCKED
6430,2325.882,-397394036274697,42051,98134,-28792.9,32282.7,9.3,-0.026,555984126,LOCKED
6431,2326.885,-397394036371060,-25472,30611,-28752.7,31795.6,9.4,-0.022,556091536,LOCKED
6432,2327.884,-397394036367348,7009,63092,-28765.3,31751.8,9.5,-0.023,556187570,LOCKED
6433,2328.881,-397394036354726,44379,100462,-28641.7,32123.6,9.4,-0.016,556287484,LOCKED
6434,2329.881,-397394036438044,-9223,46860,-28679.1,32105.6,9.5,-0.018,556291516,LOCKED
6435,2330.882,-397394036430051,25356,81439,-28618.4,32265.2,9.7,-0.019,556390622,LOCKED
6436,2331.881,-397394036442696,37066,93149,-28470.6,32018.8,9.7,-0.012,556355913,LOCKED
6437,2332.883,-397394036545838,-34559,21524,-28562.8,32268.3,10.0,-0.026,556462293,LOCKED
6438,2333.883,-397394036537394,1614,57697,-28524.5,32151.6,10.0,-0.030,556556587,LOCKED
6439,2334.884,-397394036569010,-3230,52853,-28432.9,31260.5,10.1,-0.034,556650233,LOCKED
6440,2335.883,-397394036636112,-37765,18318,-28573.2,31153.7,10.2,-0.040,556636561,LOCKED
6441,2336.882,-397394036651666,-22278,33805,-28657.5,31104.2,10.5,-0.051,556713663,LOCKED
6442,2337.881,-397394036624797,31107,87190,-28604.0,31389.6,10.6,-0.022,556825826,LOCKED
6443,2338.881,-397394036718525,-32849,23234,-28606.7,31418.3,11.0,0.007,556820435,LOCKED
6444,2339.881,-397394036773371,-54192,1891,-28757.2,31981.8,11.3,0.031,556856704,LOCKED
6445,2340.883,-397394036762533,-13603,42480,-28783.4,32034.6,11.2,0.051,556954731,LOCKED
6446,2341.881,-397394036749900,24914,80997,-28682.3,31905.0,11.3,0.085,557059223,LOCKED
6447,2342.882,-397394036850636,-43106,12977,-28808.8,32197.1,11.4,0.106,557047857,LOCKED
6448,2343.882,-397394036858010,-20058,36025,-28854.7,32301.4,11.4,0.113,557131855,LOCKED
6449,2344.881,-397394036848754,16131,72214,-28787.1,32231.8,11.2,0.153,557230582,LOCKED
6450,2345.882,-397394036848958,40260,96343,-28635.2,32079.4,11.1,0.214,557204902,LOCKED
6451,2346.882,-397394036942498,-22322,33761,-28712.2,32088.2,11.1,0.208,557314041,LOCKED
6452,2347.884,-397394036955739,-6012,50071,-28743.4,32058.6,11.1,0.205,557390860,LOCKED
6453,2348.883,-397394036956444,19902,75985,-28672.1,32048.6,10.9,0.210,557478483,LOCKED
6454,2349.883,-397394037032578,-24684,31399,-28772.4,31919.4,10.7,0.214,557490696,LOCKED
6455,2350.883,-397394037031543,5554,61637,-28802.8,31776.5,10.7,0.211,557581864,LOCKED
6456,2351.883,-397394037015907,46804,102887,-28724.1,32404.9,10.4,0.208,557689927,LOCKED
6457,2352.884,-397394037128269,-35720,20363,-28719.3,32347.5,10.5,0.214,557669958,LOCKED
6458,2353.884,-397394037121009,1503,57586,-28782.9,31938.1,10.5,0.213,557767411,LOCKED
6459,2354.883,-397394037116945,32348,88431,-28738.4,32224.9,10.4,0.211,557856729,LOCKED
6460,2355.884,-397394037224747,-44975,11108,-28749.1,32370.2,10.2,0.210,557842389,LOCKED
6461,2356.884,-397394037213741,-6127,49956,-28694.2,31980.0,10.2,0.208,557940669,LOCKED
6462,2357.886,-397394037218862,16789,72872,-28689.9,32002.3,10.0,0.212,558026827,LOCKED
6463,2358.883,-397394037219390,43543,99626,-28693.3,31952.8,10.0,0.210,558114525,LOCKED
6464,2359.884,-397394037282356,9692,65775,-28730.2,31706.2,10.0,0.209,558139820,LOCKED
6465,2360.883,-397394037276193,41497,97580,-28647.5,32193.9,10.0,0.214,558236260,LOCKED
6466,2361.884,-397394037391713,-41676,14407,-28759.9,32545.0,10.0,0.212,558211022,LOCKED
6467,2362.884,-397394037388269,-8246,47837,-28806.5,32469.2,10.0,0.211,558304614,LOCKED
6468,2363.884,-397394037386755,19972,76055,-28736.4,32468.8,10.0,0.210,558399472,LOCKED
6469,2364.882,-397394037379513,54057,110140,-28733.4,32520.5,10.1,0.205,558381147,LOCKED
6470,2365.884,-397394037475145,-11558,44525,-28777.2,32507.1,10.2,0.207,558488180,LOCKED
6471,2366.884,-397394037457123,31935,88018,-28667.9,32533.5,10.2,0.206,558596524,LOCKED
6472,2367.887,-397394037576291,-56637,0,-28668.3,32540.8,10.1,0.208,558566762,LOCKED
6473,2368.885,-397394037575621,-25013,31624,-28739.0,32651.2,10.2,0.209,558659522,LOCKED
6474,2369.884,-397394037599846,-20349,36288,-28712.4,32411.1,10.0,0.204,558761208,LOCKED
6475,2370.886,-397394037560573,46118,102755,-28714.6,32377.6,10.0,0.203,558737591,LOCKED
6476,2371.884,-397394037657551,-20401,36236,-28766.4,32472.1,9.8,0.197,558842319,LOCKED
6477,2372.884,-397394037672788,-7104,49533,-28743.2,32368.3,9.6,0.191,558934405,LOCKED
6478,2373.883,-397394037736070,-40391,16246,-28737.4,32289.6,9.4,0.186,558920862,LOCKED
6479,2374.884,-397394037748746,-22068,34569,-28811.8,32310.2,9.9,0.187,559020573,LOCKED
6480,2375.884,-397394037740866,13230,69867,-28765.3,32309.7,9.8,0.180,559116744,LOCKED
6481,2376.883,-397394037839043,-53760,2877,-28794.8,32742.5,9.6,0.172,559110002,LOCKED
6482,2377.888,-397394037856171,-37622,19015,-28952.0,32377.4,9.5,0.169,559185149,LOCKED
6483,2378.885,-397394037847162,582,57219,-28964.9,32359.5,9.4,0.159,559281578,LOCKED
6484,2379.885,-397394037912160,-31504,25133,-29106.5,31948.0,9.4,0.155,559306266,LOCKED
6485,2380.885,-397394037905947,4436,61073,-29144.4,31757.3,9.4,0.151,559405024,LOCKED
6486,2381.884,-397394037890111,45735,102372,-29039.6,32302.7,9.4,0.146,559507689,LOCKED
6487,2382.884,-397394037998842,-32965,23672,-29033.4,32232.1,9.4,0.141,559488684,LOCKED
6488,2383.884,-397394037977228,18094,74731,-29083.8,31693.5,9.2,0.127,559600813,LOCKED
6489,2384.884,-397394037970620,50213,106850,-28991.8,32417.3,8.8,0.111,559699043,LOCKED
6490,2385.885,-397394038084216,-33343,23294,-28987.8,32372.6,8.9,0.105,559672165,LOCKED
6491,2386.884,-397394038089428,-7929,48708,-29055.1,32125.1,8.4,0.084,559758672,LOCKED
6492,2387.887,-397394038085568,23365,80002,-29014.3,32281.4,8.1,0.064,559855079,LOCKED
6493,2388.885,-397394038089108,44251,100888,-28862.5,32328.2,8.1,0.055,559939209,LOCKED
6494,2389.885,-397394038187223,-23123,33514,-28916.3,32464.0,8.2,0.042,559938631,LOCKED
6495,2390.885,-397394038184234,7278,63915,-28854.5,32255.9,8.5,0.014,560026911,LOCKED
6496,2391.887,-397394038184253,32218,88855,-28716.6,31935.6,8.7,-0.011,560116441,LOCKED
6497,2392.884,-397394038190191,52209,108846,-28666.5,32555.1,8.8,-0.018,560201847,LOCKED
6498,2393.884,-397394038302341,-29697,26940,-28694.6,32751.3,9.0,-0.039,560175860,LOCKED
6499,2394.885,-397394038300271,643,57280,-28674.8,32719.4,9.4,-0.076,560270081,LOCKED
6500,2395.885,-397394038288879,38963,95600,-28653.8,32940.9,9.7,-0.113,560371760,LOCKED
6501,2396.884,-397394038304797,48817,105454,-28593.5,33544.4,9.7,-0.119,560449059,LOCKED
6502,2397.887,-397394038410932,-28250,28387,-28569.7,33282.4,9.9,-0.139,560426501,LOCKED
6503,2398.885,-397394038397096,13950,70587,-28582.9,33208.7,9.8,-0.147,560530402,LOCKED
6504,2399.886,-397394038479634,-35780,20857,-28731.0,32903.8,9.6,-0.154,560537986,LOCKED
6505,2400.885,-397394038475823,-2567,54070,-28759.8,32852.2,9.7,-0.157,560633970,LOCKED
6506,2401.885,-397394038475145,24239,80876,-28670.7,32819.5,9.7,-0.172,560723058,LOCKED
6507,2402.885,-397394038483704,42894,99531,-28670.6,32821.2,9.5,-0.175,560691819,LOCKED
6508,2403.886,-397394038573288,-16081,40556,-28739.1,32745.4,9.7,-0.185,560802821,LOCKED
6509,2404.886,-397394038571448,13127,69764,-28693.6,32747.5,9.6,-0.194,560896882,LOCKED
6510,2405.885,-397394038581586,28199,84836,-28569.3,32456.8,8.9,-0.195,560983115,LOCKED
6511,2406.885,-397394038686173,-44100,12537,-28678.7,32911.0,8.9,-0.196,560933949,LOCKED
6512,2407.888,-397394038729322,-54571,2066,-28784.3,33726.0,8.9,-0.196,561010397,LOCKED
6513,2408.885,-397394038715468,-11825,44812,-28770.0,33654.5,8.8,-0.190,561114571,LOCKED
6514,2409.885,-397394038713989,18105,74742,-28784.4,33553.8,8.6,-0.189,561119155,LOCKED
6515,2410.886,-397394038789352,-26698,29939,-28827.3,33747.6,8.7,-0.184,561221877,LOCKED
6516,2411.886,-397394038787360,2322,58959,-28742.6,33167.5,8.7,-0.184,561309259,LOCKED
6517,2412.887,-397394038802572,15969,72606,-28775.0,32908.4,8.6,-0.178,561403104,LOCKED
6518,2413.886,-397394038894708,-44304,12333,-28853.0,33453.8,8.6,-0.179,561376982,LOCKED
6519,2414.885,-397394038922896,-41839,14798,-28871.7,33668.4,8.6,-0.179,561471789,LOCKED
6520,2415.887,-397394038871066,37906,94543,-28887.9,33453.1,9.1,-0.172,561587341,LOCKED
6521,2416.886,-397394038985007,-43776,12861,-28980.7,33954.5,9.1,-0.172,561564867,LOCKED
6522,2417.888,-397394038970781,-949,55688,-28960.4,33912.2,8.9,-0.170,561663545,LOCKED
6523,2418.886,-397394038957999,36748,93385,-28822.8,33804.7,8.9,-0.170,561772004,LOCKED
6524,2419.890,-397394039034915,-11003,45634,-28821.3,33799.4,8.9,-0.171,561785604,LOCKED
6525,2420.885,-397394039025484,23902,80539,-28696.5,33342.8,8.7,-0.167,561881480,LOCKED
6526,2421.888,-397394039126449,-44041,12596,-28835.8,33531.7,8.7,-0.167,561868879,LOCKED
6527,2422.887,-397394039110603,839,57476,-28846.9,33517.7,8.8,-0.165,561973853,LOCKED
6528,2423.888,-397394039105551,31721,88358,-28751.5,33652.3,8.8,-0.165,562070620,LOCKED
6529,2424.887,-397394039208127,-41413,15224,-28716.4,33083.6,8.9,-0.172,562057467,LOCKED
6530,2425.888,-397394039214866,-18082,38555,-28752.8,33172.6,8.8,-0.165,562139955,LOCKED
6531,2426.887,-397394039208596,14398,71035,-28651.7,32707.1,8.8,-0.165,562234441,LOCKED
6532,2427.886,-397394039200928,48878,105515,-28642.7,32840.8,8.9,-0.165,562339450,LOCKED
6533,2428.888,-397394039316490,-35043,21594,-28731.8,33114.9,8.7,-0.159,562310978,LOCKED
6534,2429.889,-397394039284573,24393,81030,-28712.8,33229.1,8.8,-0.158,562429080,LOCKED
6535,2430.886,-397394039285012,47431,104068,-28534.4,33033.4,8.8,-0.157,562521034,LOCKED
6536,2431.887,-397394039406132,-41931,14706,-28623.0,33500.1,8.8,-0.156,562491148,LOCKED
6537,2432.888,-397394039401665,-8355,48282,-28633.0,33517.3,8.8,-0.156,562584526,LOCKED
6538,2433.888,-397394039397667,23768,80405,-28647.6,33388.9,8.6,-0.146,562677796,LOCKED
6539,2434.888,-397394039406073,41732,98369,-28605.2,33782.8,8.0,-0.128,562647888,LOCKED
6540,2435.888,-397394039498489,-21284,35353,-28608.8,33805.4,7.8,-0.117,562757119,LOCKED
6541,2436.888,-397394039502179,5057,61694,-28687.2,33130.4,7.6,-0.106,562844555,LOCKED
6542,2437.885,-397394039499004,35901,92538,-28696.9,33010.1,7.7,-0.104,562936923,LOCKED
6543,2438.886,-397394039505121,54857,111494,-28610.2,33832.4,7.6,-0.111,562908071,LOCKED
6544,2439.887,-397394039557507,30399,87036,-28627.3,33643.7,7.7,-0.110,563053395,LOCKED
6545,2440.888,-397394039669686,-49461,7176,-28726.4,34294.2,7.5,-0.094,563032308,LOCKED
6546,2441.888,-397394039669660,-20537,36100,-28700.6,34072.7,7.5,-0.080,563123558,LOCKED
6547,2442.888,-397394039670184,8578,65215,-28761.1,33587.5,8.2,-0.033,563211415,LOCKED
6548,2443.888,-397394039664341,40219,96856,-28682.4,34022.9,8.3,-0.022,563305504,LOCKED
6549,2444.887,-397394039786689,-51360,5277,-28699.4,34266.1,8.4,0.003,563276309,LOCKED
6550,2445.888,-397394039783851,-17129,39508,-28803.3,33864.6,8.4,0.011,563367302,LOCKED
6551,2446.888,-397394039776809,18236,74873,-28810.1,33822.2,8.3,0.021,563467644,LOCKED
6552,2447.891,-397394039814801,8143,64780,-28778.8,33814.7,8.4,0.015,563550159,LOCKED
6553,2448.889,-397394039887143,-34313,22324,-28776.1,33784.6,8.4,0.023,563535950,LOCKED
6554,2449.887,-397394039882884,-122,56515,-28832.7,33500.8,8.4,0.016,563664555,LOCKED
6555,2450.888,-397394039849668,57986,114623,-28735.6,34411.9,8.4,0.025,563639493,LOCKED
6556,2451.888,-397394039956811,-20027,36610,-28721.6,34309.2,8.7,0.010,563736395,LOCKED
6557,2452.888,-397394039970205,-6127,50510,-28641.2,33584.5,8.7,0.008,563833216,LOCKED
6558,2453.890,-397394040046705,-49539,7098,-28777.3,34038.5,8.7,0.006,563825296,LOCKED
6559,2454.889,-397394040076031,-46799,9838,-28861.0,34626.4,8.5,0.014,563913062,LOCKED
6560,2455.891,-397394040037791,17730,74367,-28764.1,34333.4,8.3,0.013,564016203,LOCKED
6561,2456.888,-397394040037723,41747,98384,-28596.9,34027.3,8.3,0.010,564112760,LOCKED
6562,2457.892,-397394040138656,-27978,28659,-28678.7,34144.6,8.4,0.023,564097047,LOCKED
6563,2458.889,-397394040110794,25987,82624,-28595.3,34201.7,8.5,0.020,564211898,LOCKED
6564,2459.889,-397394040191570,-23491,33146,-28689.1,34108.1,8.5,0.018,564224471,LOCKED
6565,2460.888,-397394040185551,10501,67138,-28671.4,34137.8,8.5,0.021,564319158,LOCKED
6566,2461.889,-397394040167351,52665,109302,-28527.6,34651.3,8.3,0.018,564313725,LOCKED
6567,2462.889,-397394040252491,-5463,51174,-28444.0,33898.5,8.3,0.015,564429199,LOCKED
6568,2463.889,-397394040244880,28751,85388,-28401.4,34117.2,8.0,0.017,564526158,LOCKED
6569,2464.889,-397394040348632,-44453,12184,-28432.9,34459.7,7.8,0.012,564513322,LOCKED
6570,2465.887,-397394040336993,-5598,51039,-28363.7,33920.7,7.8,0.010,564610922,LOCKED
6571,2466.889,-397394040327923,30706,87343,-28359.3,33960.3,7.8,0.011,564712984,LOCKED
6572,2467.892,-397394040359513,27152,83789,-28388.7,33635.9,7.8,0.009,564658277,LOCKED
6573,2468.889,-397394040453857,-36155,20482,-28458.6,33988.5,7.8,0.012,564766240,LOCKED
6574,2469.889,-397394040425138,18833,75470,-28382.4,33919.8,7.8,0.010,564884872,LOCKED
6575,2470.889,-397394040539917,-62505,0,-28526.9,34860.6,7.8,0.010,564864170,LOCKED
6576,2471.888,-397394040532087,-24680,37825,-28558.0,35008.6,7.8,0.011,564958889,LOCKED
6577,2472.890,-397394040538439,-2977,59528,-28528.3,34906.3,7.8,0.014,565038772,LOCKED
6578,2473.890,-397394040543953,20148,82653,-28567.3,34536.4,7.8,0.014,565125370,LOCKED
6579,2474.890,-397394040562295,29874,92379,-28592.6,34250.3,7.8,0.014,565084033,LOCKED
6580,2475.891,-397394040644037,-22900,39605,-28572.9,34077.2,8.4,0.026,565206890,LOCKED
6581,2476.890,-397394040640011,10724,73229,-28641.2,33434.8,8.7,0.026,565297093,LOCKED
6582,2477.892,-397394040639278,37820,100325,-28592.2,33800.4,9.0,0.026,565391891,LOCKED
6583,2478.888,-397394040747648,-40302,22203,-28606.4,33960.9,9.2,0.026,565371783,LOCKED
6584,2479.889,-397394040714804,20285,82790,-28597.8,34008.6,9.2,0.023,565497749,LOCKED
6585,2480.889,-397394040734351,26683,89188,-28511.8,34066.3,9.2,0.020,565452343,LOCKED
6586,2481.890,-397394040826351,-32825,29680,-28652.8,33742.9,9.2,0.017,565566116,LOCKED
6587,2482.889,-397394040829666,-6747,55758,-28678.0,33739.6,9.2,0.020,565654771,LOCKED
6588,2483.889,-397394040825866,23212,85717,-28592.8,33711.0,9.2,0.016,565747916,LOCKED
6589,2484.890,-397394040936028,-53028,9477,-28766.5,33900.2,8.9,0.004,565724036,LOCKED
6590,2485.890,-397394040932568,-18479,44026,-28849.9,33762.6,9.0,0.008,565816571,LOCKED
6591,2486.891,-397394040940332,2325,64830,-28839.9,33761.0,9.0,0.004,565900323,LOCKED
6592,2487.892,-397394040925554,41617,104122,-28696.5,33793.3,8.9,-0.003,566002618,LOCKED
6593,2488.888,-397394041047882,-47219,15286,-28853.7,33910.6,8.9,-0.008,565971676,LOCKED
6594,2489.890,-397394040997840,29160,91665,-28778.5,34090.1,9.0,-0.003,565997863,LOCKED
6595,2490.890,-397394041087237,-30882,31623,-28755.4,33822.0,9.0,-0.009,566108641,LOCKED
6596,2491.891,-397394041081610,4818,67323,-28828.2,33237.7,9.3,-0.012,566206551,LOCKED
6597,2492.890,-397394041086766,27174,89679,-28808.8,33370.4,9.4,-0.048,566290687,LOCKED
6598,2493.890,-397394041127904,13327,75832,-28756.4,33343.8,9.5,-0.079,566248561,LOCKED
6599,2494.891,-397394041206646,-35559,26946,-28751.2,33282.8,9.6,-0.063,566353988,LOCKED
6600,2495.890,-397394041253416,-49303,13202,-28879.2,33796.3,9.8,-0.079,566448125,LOCKED
6601,2496.890,-397394041194206,36329,98834,-28818.9,34153.5,9.9,-0.093,566548457,LOCKED
6602,2497.891,-397394041307715,-46257,16248,-28845.3,34466.6,10.0,-0.106,566524461,LOCKED
6603,2498.890,-397394041296320,-7441,55064,-28762.8,33678.8,10.1,-0.150,566620614,LOCKED
6604,2499.890,-397394041372618,-52547,9958,-28794.7,34108.7,10.4,-0.179,566637736,LOCKED
6605,2500.890,-397394041401778,-47855,14650,-28963.6,34091.8,10.4,-0.185,566727393,LOCKED
6606,2501.890,-397394041347608,33804,96309,-28947.5,34237.0,10.4,-0.190,566842817,LOCKED
6607,2502.890,-397394041444176,-31728,30777,-28997.3,34504.1,10.0,-0.200,566833950,LOCKED
6608,2503.890,-397394041415170,23324,85829,-28891.0,34277.6,9.9,-0.206,566953476,LOCKED
6609,2504.889,-397394041417940,47989,110494,-28899.4,34147.9,9.8,-0.201,566928293,LOCKED
6610,2505.891,-397394041507691,-11260,51245,-28959.5,34039.3,9.8,-0.206,567041322,LOCKED
6611,2506.890,-397394041516871,7598,70103,-28926.8,34022.0,9.8,-0.209,567120605,LOCKED
6612,2507.893,-397394041516589,34314,96819,-28861.4,34337.3,9.8,-0.204,567212458,LOCKED
6613,2508.891,-397394041536756,41514,104019,-28857.1,34390.3,9.7,-0.207,567165769,LOCKED
6614,2509.890,-397394041597126,9590,72095,-28852.9,34401.1,9.8,-0.210,567309178,LOCKED
6615,2510.892,-397394041595311,35816,98321,-28694.2,33939.1,9.7,-0.212,567402411,LOCKED
6616,2511.892,-397394041715877,-51790,10715,-28817.6,34567.5,9.5,-0.215,567370253,LOCKED
6617,2512.892,-397394041705470,-11536,50969,-28849.0,34592.2,9.8,-0.223,567466759,LOCKED
6618,2513.892,-397394041701066,22134,84639,-28906.4,33913.9,9.8,-0.226,567566696,LOCKED
6619,2514.892,-397394041693018,57189,119694,-28908.4,33878.7,9.8,-0.221,567547180,LOCKED
6620,2515.893,-397394041788506,-9007,53498,-28912.2,33888.1,9.8,-0.224,567654591,LOCKED
6621,2516.892,-397394041789082,16874,79379,-28819.6,33612.7,9.8,-0.226,567749505,LOCKED
6622,2517.893,-397394041882588,-43602,18903,-28954.0,33833.8,9.4,-0.220,567741416,LOCKED
6623,2518.893,-397394041870520,-3076,59429,-28924.5,33728.2,9.5,-0.219,567842779,LOCKED
6624,2519.892,-397394041844675,49354,111859,-28891.7,34134.5,9.5,-0.221,567958276,LOCKED
6625,2520.893,-397394041962479,-37115,25390,-28950.0,34500.6,9.7,-0.214,567932947,LOCKED
6626,2521.893,-397394041958824,-5882,56623,-28872.7,33836.2,9.7,-0.214,568025016,LOCKED
6627,2522.892,-397394041949644,30180,92685,-28825.1,34081.0,9.9,-0.211,568122804,LOCKED
6628,2523.893,-397394041960524,43853,106358,-28688.1,34283.1,9.9,-0.210,568087255,LOCKED
6629,2524.892,-397394042062126,-25942,36563,-28798.2,34098.3,9.9,-0.211,568186418,LOCKED
6630,2525.892,-397394042069906,-4607,57898,-28806.1,34104.1,10.1,-0.209,568277777,LOCKED
6631,2526.893,-397394042143526,-47468,15037,-28823.1,34325.9,10.1,-0.207,568265101,LOCKED
6632,2527.897,-397394042169837,-43232,19273,-28835.8,34479.8,10.1,-0.208,568349520,LOCKED
6633,2528.893,-397394042171819,-14361,48144,-28911.0,34316.4,10.3,-0.204,568439946,LOCKED
6634,2529.893,-397394042198168,-11917,50588,-28885.3,34164.5,10.2,-0.206,568562016,LOCKED
6635,2530.893,-397394042242927,-24054,38451,-29029.0,33407.5,10.4,-0.208,568547200,LOCKED
6636,2531.893,-397394042234667,13239,75744,-29051.3,33270.1,10.4,-0.206,568645855,LOCKED
6637,2532.893,-397394042295901,-17560,44945,-29090.1,33349.7,10.4,-0.204,568735402,LOCKED
6638,2533.893,-397394042338449,-29604,32901,-29110.3,33501.3,10.5,-0.201,568720888,LOCKED
6639,2534.893,-397394042318628,17103,79608,-29029.4,33349.3,10.5,-0.198,568835449,LOCKED
6640,2535.892,-397394042305960,55678,118183,-28968.6,34076.1,10.3,-0.180,568933771,LOCKED
6641,2536.893,-397394042410542,-19055,43450,-28980.2,34132.2,10.1,-0.168,568923722,LOCKED
6642,2537.895,-397394042373128,42848,105353,-28830.7,34142.9,9.8,-0.155,569047608,LOCKED
6643,2538.894,-397394042481906,-33598,28907,-28946.9,34159.3,9.5,-0.140,569027410,LOCKED
6644,2539.892,-397394042444021,30219,92724,-28849.0,34228.3,9.4,-0.134,569158532,LOCKED
6645,2540.893,-397394042455010,43692,106197,-28706.1,34357.5,9.5,-0.136,569235186,LOCKED
6646,2541.893,-397394042566418,-35763,26742,-28806.2,34578.1,9.5,-0.126,569213093,LOCKED
6647,2542.893,-397394042563340,-3674,58831,-28810.1,34581.2,9.6,-0.127,569302298,LOCKED
6648,2543.893,-397394042557497,27831,90336,-28701.7,34479.3,9.6,-0.132,569395611,LOCKED
6649,2544.894,-397394042560213,51787,114292,-28688.2,34675.8,9.5,-0.117,569375213,LOCKED
6650,2545.893,-397394042655013,-12954,49551,-28734.0,34674.3,9.7,-0.101,569484002,LOCKED
6651,2546.892,-397394042649393,19795,82300,-28688.1,34767.4,9.7,-0.104,569578876,LOCKED
6652,2547.899,-397394042644745,47974,110479,-28514.5,34686.9,9.7,-0.076,569672855,LOCKED
6653,2548.893,-397394042743868,-19912,42593,-28615.2,34417.1,9.8,-0.065,569663930,LOCKED
6654,2549.894,-397394042722016,27308,89813,-28501.0,34233.2,10.1,-0.040,569773694,LOCKED
6655,2550.893,-397394042727786,47434,109939,-28451.9,34733.4,10.4,-0.015,569858212,LOCKED
6656,2551.892,-397394042838528,-33088,29417,-28483.7,34964.0,10.3,-0.025,569836809,LOCKED
6657,2552.894,-397394042837716,-4817,57688,-28425.3,34584.6,10.3,-0.016,569930567,LOCKED
6658,2553.893,-397394042822258,35596,98101,-28314.0,34714.6,10.9,0.015,570037088,LOCKED
6659,2554.893,-397394042937539,-47387,15118,-28430.9,35208.4,10.9,0.026,570009702,LOCKED
6660,2555.893,-397394042931915,-11109,51396,-28521.8,34804.8,10.9,0.039,570106080,LOCKED
6661,2556.894,-397394042926242,20124,82629,-28409.6,34401.1,11.0,0.051,570198845,LOCKED
6662,2557.896,-397394042944210,29829,92334,-28423.1,34262.1,10.9,0.052,570267061,LOCKED
6663,2558.894,-397394043060581,-54365,8140,-28517.1,35048.3,10.6,0.061,570244544,LOCKED
6664,2559.894,-397394043026891,8963,71468,-28587.2,34434.7,10.3,0.054,570366218,LOCKED
6665,2560.895,-397394043023556,39978,102483,-28609.2,34121.4,10.4,0.046,570460764,LOCKED
6666,2561.893,-397394043145090,-50436,12069,-28648.6,34593.9,10.5,0.038,570426451,LOCKED
6667,2562.894,-397394043139880,-14173,48332,-28743.2,34223.5,10.4,0.038,570523871,LOCKED
6668,2563.894,-397394043124663,27360,89865,-28669.5,34366.7,10.3,0.038,570627368,LOCKED
6669,2564.894,-397394043158633,19206,81711,-28561.1,33977.0,10.4,0.032,570590451,LOCKED
6670,2565.894,-397394043246413,-36913,25592,-28652.1,34284.6,10.3,0.031,570686603,LOCKED
6671,2566.895,-397394043237997,74,62579,-28648.2,34283.3,10.3,0.025,570784091,LOCKED
6672,2567.896,-397394043221168,41547,104052,-28520.6,34484.5,10.4,0.020,570889255,LOCKED
6673,2568.894,-397394043332118,-39665,22840,-28514.3,34405.0,10.5,0.024,570866889,LOCKED
6674,2569.894,-397394043276037,41575,104080,-28418.6,34820.6,10.5,0.018,571013919,LOCKED
6675,2570.894,-397394043387211,-40022,22483,-28408.8,34693.8,10.5,0.012,570992805,LOCKED
6676,2571.894,-397394043375973,1143,63648,-28485.4,34156.4,10.4,0.010,571090910,LOCKED
6677,2572.895,-397394043376884,27149,89654,-28453.6,34333.1,10.1,0.001,571181957,LOCKED
6678,2573.895,-397394043490864,-55388,7117,-28508.2,34993.2,10.1,-0.004,571160099,LOCKED
6679,2574.895,-397394043478850,-15915,46590,-28430.1,34084.6,10.1,-0.004,571262115,LOCKED
6680,2575.895,-397394043471870,18326,80831,-28403.1,34173.0,10.1,-0.010,571351257,LOCKED
6681,2576.896,-397394043475006,39914,102419,-28288.7,34428.7,9.9,-0.013,571443044,LOCKED
6682,2577.897,-397394043578546,-31816,30689,-28408.9,34338.9,9.9,-0.013,571422428,LOCKED
6683,2578.895,-397394043581683,-6122,56383,-28419.4,34349.0,10.1,-0.015,571513017,LOCKED
6684,2579.894,-397394043651745,-46463,16042,-28406.0,34141.1,10.1,-0.018,571528111,LOCKED
6685,2580.895,-397394043641118,-5842,56663,-28474.4,33852.3,9.9,-0.013,571628751,LOCKED
6686,2581.896,-397394043641846,20598,83103,-28444.4,33964.3,9.9,-0.013,571716979,LOCKED
6687,2582.895,-397394043653792,33531,96036,-28325.0,33944.9,9.8,-0.007,571684120,LOCKED
6688,2583.895,-397394043744582,-28906,33599,-28278.2,33325.8,9.8,-0.012,571795732,LOCKED
6689,2584.895,-397394043738298,5783,68288,-28294.1,33273.9,10.0,-0.012,571891757,LOCKED
6690,2585.896,-397394043743832,26527,89032,-28239.1,33461.9,9.8,-0.006,571862975,LOCKED
6691,2586.895,-397394043847428,-44346,18159,-28385.7,33578.6,10.0,-0.006,571962660,LOCKED
6692,2587.898,-397394043851727,-17558,44947,-28489.3,33187.7,10.0,-0.006,572051109,LOCKED
6693,2588.896,-397394043871295,-7458,55047,-28534.8,33107.8,9.8,0.002,572130241,LOCKED
6694,2589.894,-397394043936430,-40597,21908,-28637.4,33475.7,10.0,0.001,572145050,LOCKED
6695,2590.896,-397394043939593,-12916,42472,-28724.4,33149.0,9.9,0.012,572232003,LOCKED
6696,2591.895,-397394043932791,21231,76619,-28691.9,33272.1,9.8,0.003,572329128,LOCKED
6697,2592.896,-397394044028594,-41740,13648,-28826.0,33420.9,10.0,0.001,572323725,LOCKED
6698,2593.896,-397394044021218,-3434,51954,-28923.7,32660.1,9.8,0.013,572417404,LOCKED
6699,2594.896,-397394044008190,36258,91646,-28873.0,33014.1,9.9,0.017,572517947,LOCKED
6700,2595.896,-397394044116010,-41079,14309,-28883.7,33143.4,9.5,0.025,572500172,LOCKED
6701,2596.895,-397394044105536,-284,55104,-28953.9,32700.9,9.5,0.026,572600024,LOCKED
6702,2597.898,-397394044099475,31677,87065,-28856.6,32823.3,9.5,0.028,572700547,LOCKED
6703,2598.896,-397394044206485,-41678,13710,-29023.1,32512.0,9.6,0.015,572683125,LOCKED
6704,2599.896,-397394044162555,28961,84349,-28957.5,32729.0,9.6,0.018,572816578,LOCKED
6705,2600.897,-397394044170774,45534,100922,-28828.6,33090.1,9.6,-0.008,572898076,LOCKED
6706,2601.897,-397394044295774,-45645,9743,-28998.0,32945.7,9.5,-0.022,572859556,LOCKED
6707,2602.895,-397394044298257,-17083,38305,-29070.2,32864.8,9.5,-0.025,572949327,LOCKED
6708,2603.897,-397394044289857,18777,74165,-29022.3,32943.2,9.5,-0.025,573050458,LOCKED
6709,2604.898,-397394044288397,44853,100241,-28880.4,33140.8,9.5,-0.033,573142632,LOCKED
6710,2605.897,-397394044390789,-25939,29449,-28970.9,33144.2,9.7,-0.020,573130763,LOCKED
6711,2606.898,-397394044382523,10358,65746,-28941.9,33163.4,9.6,-0.016,573225338,LOCKED
6712,2607.897,-397394044369271,47782,103170,-28787.0,33340.3,9.6,-0.016,573330235,LOCKED
6713,2608.898,-397394044482281,-33229,22159,-28889.6,33469.1,9.6,-0.015,573306738,LOCKED
6714,2609.897,-397394044433829,40492,95880,-28779.0,33779.2,9.6,-0.007,573445406,LOCKED
6715,2610.897,-397394044539427,-35584,19804,-28756.3,33479.5,10.0,0.009,573429365,LOCKED
6716,2611.898,-397394044546146,-11622,43766,-28831.5,33246.1,10.0,0.009,573510862,LOCKED
6717,2612.897,-397394044541537,20541,75929,-28803.0,33357.9,10.1,0.015,573602760,LOCKED
6718,2613.897,-397394044541480,44841,100229,-28653.4,33461.3,9.6,0.016,573696287,LOCKED
6719,2614.898,-397394044642260,-24119,31269,-28769.0,33139.3,9.4,0.016,573685866,LOCKED
6720,2615.898,-397394044632058,14257,69645,-28763.5,33161.3,9.3,0.017,573783131,LOCKED
6721,2616.898,-397394044628197,43065,98453,-28647.6,33527.5,9.3,0.013,573881456,LOCKED
6722,2617.902,-397394044744380,-42806,12582,-28658.1,33657.9,9.4,0.008,573850000,LOCKED
6723,2618.897,-397394044749570,-16420,38968,-28774.2,33045.9,9.2,0.010,573935933,LOCKED
6724,2619.896,-397394044736270,23700,79088,-28717.6,33181.8,9.2,0.004,574040437,LOCKED
6725,2620.898,-397394044741661,42566,97954,-28569.2,33193.4,9.2,-0.001,574013489,LOCKED
6726,2621.898,-397394044837407,-21462,33926,-28688.3,32718.7,9.3,0.001,574119372,LOCKED
6727,2622.898,-397394044841932,3077,58465,-28711.9,32644.2,9.3,0.002,574204815,LOCKED
6728,2623.897,-397394044831504,38593,93981,-28598.0,32868.0,9.3,0.002,574307617,LOCKED
6729,2624.898,-397394044945446,-44517,10871,-28633.7,33257.6,9.3,0.003,574281970,LOCKED
6730,2625.898,-397394044936478,-5303,50085,-28704.1,32926.7,9.3,0.003,574379014,LOCKED
6731,2626.898,-397394044972250,-11554,43834,-28725.0,32964.0,9.3,0.003,574472503,LOCKED
6732,2627.901,-397394045036158,-45190,10198,-28725.8,32975.0,9.7,0.004,574475309,LOCKED
6733,2628.897,-397394044974990,42996,98384,-28713.5,33129.8,9.7,0.010,574609244,LOCKED
6734,2629.899,-397394045050499,-5148,50240,-28638.6,32493.6,9.7,0.007,574621002,LOCKED
6735,2630.898,-397394045111999,-34486,20902,-28754.3,32548.9,10.0,0.006,574702311,LOCKED
6736,2631.898,-397394045056003,46827,102215,-28663.4,33157.2,10.1,0.007,574796483,LOCKED
6737,2632.899,-397394045174615,-41477,13911,-28675.1,33298.4,10.0,0.002,574766341,LOCKED
6738,2633.899,-397394045166224,-2473,52915,-28766.3,32613.0,9.9,-0.004,574866884,LOCKED
6739,2634.898,-397394045155946,34604,89992,-28727.2,32907.4,10.1,-0.006,574966388,LOCKED
6740,2635.899,-397394045270161,-48368,7020,-28770.3,33400.8,10.0,-0.013,574942611,LOCKED
6741,2636.899,-397394045292506,-40859,14529,-28755.5,33189.0,10.0,-0.015,575012545,LOCKED
6742,2637.901,-397394045276884,4072,59460,-28789.5,33040.2,10.1,-0.017,575115547,LOCKED
6743,2638.899,-397394045286034,22146,77534,-28749.5,33176.7,9.9,-0.027,575196725,LOCKED
6744,2639.898,-397394045368219,-27929,27459,-28868.2,32952.9,10.0,-0.021,575204932,LOCKED
6745,2640.898,-397394045369574,-254,55134,-28875.7,32948.3,10.0,-0.023,575289842,LOCKED
6746,2641.899,-397394045362342,32729,88117,-28776.6,33089.2,10.2,-0.025,575390604,LOCKED
6747,2642.897,-397394045375721,43548,98936,-28624.0,33091.3,10.4,-0.026,575354676,LOCKED
6748,2643.898,-397394045464487,-15044,40344,-28675.2,33098.7,10.3,-0.018,575466555,LOCKED
6749,2644.900,-397394045448799,26769,82157,-28594.4,33194.3,10.4,-0.006,575570286,LOCKED
6750,2645.899,-397394045557427,-51290,4098,-28606.0,33370.3,10.6,-0.004,575553977,LOCKED
6751,2646.900,-397394045569201,-31249,24139,-28711.7,33407.0,10.5,0.009,575631304,LOCKED
6752,2647.897,-397394045568692,-1638,53750,-28728.2,33391.1,10.6,-0.015,575717979,LOCKED
6753,2648.899,-397394045561872,31679,87067,-28671.2,33666.9,10.7,-0.035,575817167,LOCKED
6754,2649.898,-397394045640611,-16044,39344,-28759.8,33410.8,10.7,-0.039,575823754,LOCKED
6755,2650.899,-397394045646992,6318,61706,-28769.5,33383.0,10.6,-0.071,575910535,LOCKED
6756,2651.898,-397394045640790,37834,93222,-28662.7,33629.9,10.6,-0.088,576004164,LOCKED
6757,2652.900,-397394045759720,-47655,7733,-28818.2,33789.8,10.6,-0.074,575976554,LOCKED
6758,2653.900,-397394045737675,3314,58702,-28828.9,33768.5,10.8,-0.107,576086723,LOCKED
6759,2654.900,-397394045725670,40214,95602,-28702.5,33932.0,10.5,-0.165,576193269,LOCKED
6760,2655.900,-397394045827820,-29620,25768,-28830.9,33653.3,10.5,-0.151,576180510,LOCKED
6761,2656.898,-397394045810354,15871,71259,-28817.7,33703.1,10.7,-0.167,576286120,LOCKED
6762,2657.900,-397394045803152,47633,103021,-28687.7,34128.9,10.7,-0.170,576268865,LOCKED
6763,2658.906,-397394045906528,-23687,31701,-28813.8,33647.6,10.6,-0.170,576370278,LOCKED
6764,2659.899,-397394045861675,46054,101442,-28697.6,34113.0,10.6,-0.172,576501280,LOCKED
6765,2660.900,-397394045875700,55318,110706,-28523.8,34420.2,10.6,-0.173,576465795,LOCKED
6766,2661.899,-397394045978478,-16117,39271,-28635.6,33877.0,10.7,-0.183,576563570,LOCKED
