62583,-390336047490525,0,0,0.0,999999.0,9.1,-0.026,83335943,0,INIT,1.000000000000,0
# STATE: INIT → ACQUIRING (3 packets)
62584,-390336047445845,0,0,44680.0,inf,9.1,-0.026,83335943,0,ACQUIRING,1.000000000000,0
62585,-390336047365387,0,0,62569.0,14606.3,9.0,-0.021,83335943,0,ACQUIRING,1.000000000000,0
62586,-390336047358520,0,0,47647.3,21857.9,8.9,-0.015,83335943,0,ACQUIRING,1.000000000000,0
62587,-390336047329890,0,0,40859.5,21727.7,9.0,-0.016,83335942,0,ACQUIRING,1.000000000000,0
62588,-390336047315804,0,0,35095.3,23406.9,9.0,-0.009,83335942,0,ACQUIRING,1.000000000000,0
62589,-390336047282290,0,0,32867.3,22014.6,8.9,-0.002,83335942,0,ACQUIRING,1.000000000000,0
62590,-390336047225620,0,0,33922.5,20480.6,8.9,0.007,83335942,0,ACQUIRING,1.000000000000,0
62591,-390336047181773,0,0,35076.6,19651.2,9.3,0.010,83335941,0,ACQUIRING,1.000000000000,0
62592,-390336047138507,0,0,36110.8,19165.4,9.7,0.014,83335941,0,ACQUIRING,1.000000000000,0
62593,-390336047162029,0,0,33964.3,22258.4,10.1,0.009,83335941,0,ACQUIRING,1.000000000000,0
62594,-390336047153018,0,0,31766.2,26003.8,10.4,0.015,83335941,0,ACQUIRING,1.000000000000,0
62595,-390336047126520,0,0,30264.0,27415.8,10.4,0.009,83335942,0,ACQUIRING,1.000000000000,0
62596,-390336047032622,0,0,31137.9,27329.5,10.4,0.012,83335943,0,ACQUIRING,1.000000000000,0
62597,-390336047051528,0,0,30454.8,27073.9,10.7,0.022,83335941,0,ACQUIRING,1.000000000000,0
62598,-390336046977025,0,0,30969.4,26658.0,10.7,0.016,83335942,0,ACQUIRING,1.000000000000,0
62599,-390336046988194,0,0,30496.3,26338.4,10.8,0.006,83335942,0,ACQUIRING,1.000000000000,0
62600,-390336046925870,0,0,30722.7,25663.8,10.8,-0.002,83335942,0,ACQUIRING,1.000000000000,0
62601,-390336046897071,0,0,30854.4,24963.6,10.7,0.007,83335942,0,ACQUIRING,1.000000000000,0
62602,-390336046865765,0,0,30956.8,24308.1,11.0,-0.013,83335941,0,ACQUIRING,1.000000000000,0
62603,-390336046829287,0,0,31104.3,23777.5,11.2,-0.031,83335941,0,ACQUIRING,1.000000000000,0
62604,-390336046780420,0,0,31425.7,23824.1,11.7,-0.061,83335940,0,ACQUIRING,1.000000000000,0
62605,-390336046761402,0,0,31535.3,23337.1,11.9,-0.077,83335941,0,ACQUIRING,1.000000000000,0
62606,-390336046765892,0,0,31259.5,23431.2,12.7,-0.123,83335939,0,ACQUIRING,1.000000000000,0
62607,-390336046685818,0,0,31495.4,23436.4,13.0,-0.150,83335940,0,ACQUIRING,1.000000000000,0
62608,-390336046714916,0,0,31163.0,24088.3,12.9,-0.175,83335940,0,ACQUIRING,1.000000000000,0
62609,-390336046624266,0,0,31371.3,24098.3,12.7,-0.197,83335940,0,ACQUIRING,1.000000000000,0
62610,-390336046621137,0,0,31329.4,23652.9,12.3,-0.204,83335941,0,ACQUIRING,1.000000000000,0
62611,-390336046616718,0,0,31109.9,23902.3,12.3,-0.209,83335941,0,ACQUIRING,1.000000000000,0
62612,-390336046490596,0,0,31544.5,26313.9,11.9,-0.214,83335941,0,ACQUIRING,1.000000000000,0
62613,-390336046473190,0,0,31814.8,26998.4,12.2,-0.233,83335939,0,ACQUIRING,1.000000000000,0
62614,-390336046450300,0,0,31986.7,27046.1,12.4,-0.242,83335940,0,ACQUIRING,1.000000000000,0
62615,-390336046419598,0,0,32122.3,26948.9,12.5,-0.250,83335940,0,ACQUIRING,1.000000000000,0
62616,-390336046432956,0,0,32006.1,26800.9,12.6,-0.258,83335940,0,ACQUIRING,1.000000000000,0
62617,-390336046330077,0,0,32246.2,27660.5,13.0,-0.271,83335939,0,ACQUIRING,1.000000000000,0
62618,-390336046379991,0,0,32078.3,27912.3,13.0,-0.277,83335940,0,ACQUIRING,1.000000000000,0
62619,-390336046305529,0,0,32117.1,27549.1,13.8,-0.294,83335938,0,ACQUIRING,1.000000000000,0
62620,-390336046313613,0,0,31987.3,27631.9,13.9,-0.298,83335940,0,ACQUIRING,1.000000000000,0
62621,-390336046209382,0,0,32154.3,28086.3,14.1,-0.307,83335939,0,ACQUIRING,1.000000000000,0
62622,-390336046223492,0,0,32128.3,27736.0,14.1,-0.309,83335940,0,ACQUIRING,1.000000000000,0
62623,-390336046231022,0,0,31967.7,28265.0,14.0,-0.306,83335941,0,ACQUIRING,1.000000000000,0
62624,-390336046120728,0,0,32089.2,28448.2,14.0,-0.310,83335940,0,ACQUIRING,1.000000000000,0
62625,-390336046118485,0,0,32099.8,28103.6,13.6,-0.304,83335941,0,ACQUIRING,1.000000000000,0
62626,-390336046111580,0,0,32032.8,27957.9,13.2,-0.299,83335941,0,ACQUIRING,1.000000000000,0
62627,-390336046082130,0,0,31966.8,27829.6,12.9,-0.296,83335940,0,ACQUIRING,1.000000000000,0
62628,-390336046060820,0,0,31879.4,27883.7,13.1,-0.298,83335939,0,ACQUIRING,1.000000000000,0
62629,-390336046035808,0,0,31784.5,28039.1,13.0,-0.297,83335940,0,ACQUIRING,1.000000000000,0
62630,-390336045965487,0,0,31799.3,27744.8,13.1,-0.299,83335940,0,ACQUIRING,1.000000000000,0
62631,-390336045905836,0,0,31880.5,27838.0,13.1,-0.300,83335940,0,ACQUIRING,1.000000000000,0
62632,-390336045830810,0,0,32053.9,29379.7,13.1,-0.298,83335940,0,ACQUIRING,1.000000000000,0
62633,-390336045854508,0,0,32081.6,29126.7,12.7,-0.290,83335940,0,ACQUIRING,1.000000000000,0
62634,-390336045779442,0,0,32199.7,29764.1,12.9,-0.288,83335939,0,ACQUIRING,1.000000000000,0
62635,-390336045786760,0,0,32222.1,29506.1,13.0,-0.285,83335939,0,ACQUIRING,1.000000000000,0
62636,-390336045803114,0,0,32144.0,29674.0,13.3,-0.286,83335939,0,ACQUIRING,1.000000000000,0
62637,-390336045690216,0,0,32231.5,29987.3,13.8,-0.282,83335938,0,ACQUIRING,1.000000000000,0
# STATS: PDUs=56 CSV=55 Gaps=0 Dups=0 Skip=0 d_min=9223372036854775807 ns drift=32231.5 ns/s sigma=29987.3 ns state=ACQUIRING clk_err=+0 ns alpha=0.2000
62638,-390336045688342,0,0,32252.8,29745.7,14.1,-0.281,83335939,0,ACQUIRING,1.000000000000,0
62639,-390336045694668,0,0,32201.9,29698.8,14.0,-0.273,83335940,0,ACQUIRING,1.000000000000,0
62640,-390336045641383,0,0,32193.1,29439.6,13.1,-0.251,83335939,0,ACQUIRING,1.000000000000,0
62641,-390336045611892,0,0,32180.6,29195.6,13.2,-0.248,83335940,0,ACQUIRING,1.000000000000,0
# CLOCK: Initial set — GPS time 390398326981102 ns, drift 32171.4 ns/s, sf=0.999967829
62642,-390336045578438,-5262,0,32171.4,28951.6,13.2,-0.236,83335939,0,ACQUIRING,0.999967829000,390398326981102
# 1PPS: Enabled (state=ACQUIRING)
# 1PPS #1: 8261150 ticks (99.134 ms, sf=0.999967829)
62643,-390336045532952,8171,13433,32151.9,28854.8,13.0,-0.222,83335940,82304,ACQUIRING,0.999967848000,390399327107944
# 1PPS #2: 8254496 ticks (99.054 ms, sf=0.999967848)
62644,-390336045535821,-24846,0,32094.8,29032.3,12.9,-0.206,83335939,-647032,ACQUIRING,0.999967905000,390400327101848
# 1PPS #3: 8331742 ticks (99.981 ms, sf=0.999967905)
62645,-390336045641563,-153410,0,31894.5,35334.9,12.8,-0.188,83335939,-724196,ACQUIRING,0.999968106000,390401327194949
62646,-390336045648685,-180293,0,31598.4,42960.3,12.7,-0.166,83335939,-700636,ACQUIRING,0.999968402000,390402327263347
# STATE: ACQUIRING → LOCKED (error +0 ns)
62647,-390336045670375,-218486,0,31220.2,52208.4,12.7,-0.152,83335939,-697497,LOCKED,0.999968780000,390403327435120
62648,-390336045700740,-261128,0,30723.9,63041.9,12.8,-0.135,83335939,-699632,LOCKED,0.999969276000,390404327485393
62649,-390336045653270,-227492,33636,30272.5,70086.2,13.7,-0.109,83335937,-615482,LOCKED,0.999969728000,390405327432121
62650,-390336045755730,-336341,0,29658.6,83634.1,13.6,-0.115,83335938,-693666,LOCKED,0.999970341000,390406327384462
62651,-390336045801867,-384919,0,28961.8,98610.2,13.6,-0.114,83335939,-707088,LOCKED,0.999971038000,390407327454497
62652,-390336045831640,-414377,0,28212.8,113522.4,14.0,-0.143,83335937,-708378,LOCKED,0.999971787000,390408327526281
62653,-390336045864758,-442100,0,27296.9,127956.8,14.3,-0.169,83335937,-705228,LOCKED,0.999972703000,390409327594981
62654,-390336045893092,-461370,0,26277.9,141539.4,14.6,-0.193,83335937,-700490,LOCKED,0.999973722000,390410327671700
62655,-390336045916886,-473371,0,25194.7,154211.0,14.7,-0.200,83335937,-690117,LOCKED,0.999974805000,390411327745502
62656,-390336045948180,-491983,0,24152.1,167482.3,14.4,-0.175,83335938,-687133,LOCKED,0.999975848000,390412327828347
62657,-390336045967918,-495348,0,22984.9,178997.0,14.6,-0.195,83335937,-668475,LOCKED,0.999977015000,390413327902359
62658,-390336046009468,-518531,0,21815.6,191291.1,14.5,-0.181,83335938,-683917,LOCKED,0.999978184000,390414327984541
62659,-390336045993028,-482834,35697,20600.6,200192.5,13.9,-0.197,83335938,-581191,LOCKED,0.999979399000,390415327956940
62660,-390336046056499,-523366,0,19331.9,210686.4,13.2,-0.210,83335938,-640021,LOCKED,0.999980668000,390416327909608
62661,-390336045999688,-446846,76520,18156.8,217142.4,12.6,-0.230,83335937,-648424,LOCKED,0.999981843000,390417328007449
62662,-390336046119797,-539008,0,16787.9,226784.7,12.2,-0.236,83335938,-620492,LOCKED,0.999983212000,390418328087659
62663,-390336046048195,-444107,94901,15556.9,232036.2,11.9,-0.240,83335938,-615278,LOCKED,0.999984443000,390419328290098
62664,-390336046075717,-446890,92118,14320.1,237258.4,11.9,-0.251,83335937,-488508,LOCKED,0.999985680000,390420328389776
62665,-390336046106214,-450143,88865,13026.4,241871.7,11.6,-0.246,83335939,-469850,LOCKED,0.999986974000,390421328360749
62666,-390336046140944,-454147,84861,11631.8,245270.7,11.6,-0.247,83335938,-569104,LOCKED,0.999988368000,390422328471115
62667,-390336046259666,-536067,2941,10143.5,252296.0,11.5,-0.248,83335938,-526846,LOCKED,0.999989856000,390423328569970
62668,-390336046278572,-515274,23734,8551.3,256326.8,11.4,-0.249,83335938,-497447,LOCKED,0.999991449000,390424328674417
62669,-390336046305721,-503264,35744,7043.9,260827.6,11.5,-0.256,83335937,-468734,LOCKED,0.999992956000,390425328769372
62670,-390336046314448,-471847,67161,5509.8,262945.5,11.0,-0.255,83335938,-420270,LOCKED,0.999994490000,390426328877861
62671,-390336046337370,-452779,86229,3928.6,263063.8,10.6,-0.254,83335938,-392199,LOCKED,0.999996071000,390427328975932
62672,-390336046365512,-440847,98161,2499.5,264960.3,10.1,-0.252,83335938,-360774,LOCKED,0.999997501000,390428329067432
62673,-390336046397609,-431158,107850,1040.3,265830.7,10.2,-0.248,83335939,-333720,LOCKED,0.999998960000,390429329168391
62674,-390336046417967,-409046,129962,-417.7,265443.1,10.2,-0.242,83335939,-297602,LOCKED,1.000000418000,390430329271808
62675,-390336046440865,-388954,150054,-1862.9,264112.3,10.3,-0.245,83335937,-257574,LOCKED,1.000001863000,390431329376671
62676,-390336046468371,-371272,167736,-3374.7,260484.8,10.2,-0.244,83335938,-216718,LOCKED,1.000003375000,390432329479046
62677,-390336046494317,-353830,185178,-4752.7,258298.6,10.2,-0.245,83335938,-183817,LOCKED,1.000004753000,390433329583799
62678,-390336046520051,-333108,205900,-6248.4,252546.4,10.1,-0.243,83335938,-143137,LOCKED,1.000006248000,390434329689047
62679,-390336046552185,-319407,219601,-7662.7,247554.5,9.9,-0.247,83335938,-107592,LOCKED,1.000007663000,390435329793710
62680,-390336046556692,-277922,261086,-9084.4,239729.2,9.8,-0.244,83335938,-46820,LOCKED,1.000009084000,390436329788794
62681,-390336046600669,-276920,262088,-10388.1,234242.5,9.8,-0.246,83335938,-19194,LOCKED,1.000010388000,390437329892183
62682,-390336046637994,-267010,271998,-11755.1,226579.0,9.7,-0.243,83335938,12535,LOCKED,1.000011755000,390438329999939
62683,-390336046670296,-250405,288603,-13164.8,216432.6,9.3,-0.236,83335938,51453,LOCKED,1.000013165000,390439330114105
62684,-390336046701046,-234645,304363,-14413.5,208932.4,9.2,-0.233,83335938,93374,LOCKED,1.000014414000,390440330225519
62685,-390336046728196,-214545,324463,-15670.7,199613.5,8.7,-0.224,83335938,145339,LOCKED,1.000015671000,390441330329191
62686,-390336046765114,-203043,335965,-16942.9,188603.7,8.3,-0.217,83335937,183623,LOCKED,1.000016943000,390442330462135
62687,-390336046787304,-177422,361586,-18165.2,176554.5,8.8,-0.214,83335936,241913,LOCKED,1.000018165000,390443330575301
62688,-390336046851638,-191629,347379,-19417.6,163739.8,8.9,-0.214,83335938,273971,LOCKED,1.000019418000,390444330574718
62689,-390336046878326,-168584,370424,-20627.5,149401.7,9.3,-0.210,83335936,306756,LOCKED,1.000020627000,390445330706347
62690,-390336046857442,-103050,435958,-21637.1,135628.5,9.4,-0.203,83335937,407851,LOCKED,1.000021637000,390446330708983
62691,-390336046898211,-99969,439039,-22562.9,123291.6,9.8,-0.196,83335936,451458,LOCKED,1.000022563000,390447330828548
62692,-390336046926376,-86580,452428,-23352.5,113572.6,9.7,-0.188,83335937,501480,LOCKED,1.000023353000,390448330956902
62693,-390336046950898,-68960,470048,-24161.6,100724.3,9.7,-0.178,83335937,565985,LOCKED,1.000024162000,390449331071065
62694,-390336047010040,-86413,452595,-24879.6,91426.0,9.8,-0.175,83335937,607134,LOCKED,1.000024880000,390450331193947
62695,-390336047023390,-58980,480028,-25563.4,80013.5,9.9,-0.171,83335937,662900,LOCKED,1.000025563000,390451331333513
62696,-390336047043528,-38507,500501,-26239.2,64883.0,9.9,-0.167,83335938,729902,LOCKED,1.000026239000,390452331465755
62697,-390336047071814,-30140,508868,-26701.2,56769.5,10.0,-0.172,83335937,788369,LOCKED,1.000026701000,390453331598458
# STATS: PDUs=116 CSV=115 Gaps=0 Dups=0 Skip=0 d_min=-539008 ns drift=-26701.2 ns/s sigma=56769.5 ns state=LOCKED clk_err=+0 ns alpha=0.0488
62698,-390336047105727,-27521,511487,-27138.7,48245.4,10.1,-0.166,83335937,845861,LOCKED,1.000027139000,390454331733599
62699,-390336047140865,-25956,513052,-27565.8,38295.0,9.9,-0.150,83335938,900424,LOCKED,1.000027566000,390455331881168
62700,-390336047113156,32508,571516,-27776.9,32482.5,9.9,-0.140,83335937,1015452,LOCKED,1.000027777000,390456331893944
62701,-390336047143529,31469,570477,-27905.9,29492.6,9.7,-0.115,83335937,1071611,LOCKED,1.000027906000,390457332034853
62702,-390336047172647,29952,568960,-27940.9,28990.7,9.7,-0.104,83335937,1132983,LOCKED,1.000027941000,390458332167796
62703,-390336047203120,24932,563940,-27860.1,29046.3,9.3,-0.080,83335937,1191056,LOCKED,1.000027860000,390459332304659
62704,-390336047215862,35830,574838,-27712.3,28705.6,9.2,-0.069,83335937,1263832,LOCKED,1.000027712000,390460332437374
62705,-390336047248196,30009,569017,-27703.3,28795.6,9.0,-0.058,83335937,1324824,LOCKED,1.000027703000,390461332573080
62706,-390336047268170,35450,574458,-27649.9,29187.4,8.9,-0.046,83335937,1390958,LOCKED,1.000027650000,390462332703732
62707,-390336047303864,25560,564568,-27601.7,29391.9,8.7,-0.031,83335937,1446481,LOCKED,1.000027602000,390463332846336
62708,-390336047319817,34783,573791,-27540.4,29769.0,8.5,0.002,83335938,1520670,LOCKED,1.000027540000,390464332862876
62709,-390336047350363,27163,566171,-27358.7,28143.1,8.5,-0.017,83335937,1464217,LOCKED,1.000027359000,390465333003237
62710,-390336047439995,-33081,505927,-27403.4,28480.5,8.5,-0.025,83335937,1574759,LOCKED,1.000027403000,390466333020640
62711,-390336047458772,-22473,516535,-27463.4,28599.1,8.1,-0.034,83335937,1640690,LOCKED,1.000027463000,390467333151106
62712,-390336047490274,-24265,514743,-27533.4,28709.4,8.1,-0.037,83335937,1699155,LOCKED,1.000027533000,390468333294642
62713,-390336047515459,-19718,519290,-27608.7,28661.1,8.1,-0.039,83335937,1765048,LOCKED,1.000027609000,390469333431253
62714,-390336047537353,-12217,526791,-27676.2,28486.6,8.1,-0.032,83335938,1829292,LOCKED,1.000027676000,390470333555931
62715,-390336047576343,-21180,517828,-27756.5,28435.2,8.1,-0.035,83335937,1881796,LOCKED,1.000027757000,390471333690690
62716,-390336047593692,-9050,529958,-27826.1,28155.7,8.1,-0.038,83335937,1950729,LOCKED,1.000027826000,390472333823519
62717,-390336047622266,-8327,530681,-27884.6,27972.9,8.1,-0.033,83335938,2009538,LOCKED,1.000027885000,390473333968406
62718,-390336047647364,-3823,535185,-27962.7,27425.8,8.1,-0.035,83335937,2075859,LOCKED,1.000027963000,390474333984368
62719,-390336047678673,-6727,532281,-27973.2,27440.9,8.1,-0.038,83335937,2133423,LOCKED,1.000027973000,390475334133344
62720,-390336047655593,42610,581618,-27959.8,27639.2,8.0,-0.040,83335937,2247087,LOCKED,1.000027960000,390476334157303
62721,-390336047681377,40244,579252,-27803.6,27381.1,8.0,-0.042,83335937,2306806,LOCKED,1.000027804000,390477334297109
62722,-390336047704687,43114,582122,-27795.6,27505.5,8.0,-0.043,83335937,2370961,LOCKED,1.000027796000,390478334320904
62723,-390336047725825,44547,583555,-27612.9,26972.2,8.0,-0.044,83335937,2330026,LOCKED,1.000027613000,390479334462520
62724,-390336047851298,-52030,486978,-27589.3,26425.7,7.9,-0.047,83335937,2399047,LOCKED,1.000027589000,390480334597112
62725,-390336047881200,-52985,486023,-27567.7,25913.1,7.6,-0.045,83335937,2463062,LOCKED,1.000027568000,390481334741682
62726,-390336047894710,-38422,500586,-27528.5,25111.7,7.6,-0.041,83335938,2538641,LOCKED,1.000027529000,390482334867213
62727,-390336047941904,-53391,485617,-27670.5,25868.0,7.6,-0.037,83335938,2596167,LOCKED,1.000027670000,390483335026887
62728,-390336047929862,-12036,526972,-27731.2,25737.0,7.6,-0.033,83335938,2679842,LOCKED,1.000027731000,390484335176621
62729,-390336047937327,8497,547505,-27758.5,25555.2,7.6,-0.035,83335937,2763684,LOCKED,1.000027758000,390485335222379
62730,-390336048005411,-29547,509461,-27821.4,25853.8,7.6,-0.035,83335937,2781908,LOCKED,1.000027821000,390486335374203
62731,-390336048021924,-16953,522055,-27856.4,25953.0,7.6,-0.034,83335937,2854887,LOCKED,1.000027856000,390487335528062
62732,-390336048025470,7014,546022,-27851.2,25964.6,7.5,-0.033,83335937,2941772,LOCKED,1.000027851000,390488335672916
62733,-390336048039840,19441,558449,-27831.8,26073.8,7.1,-0.028,83335937,3016828,LOCKED,1.000027832000,390489335812750
62734,-390336048065138,20571,559579,-27797.0,26222.8,6.7,-0.020,83335938,3079918,LOCKED,1.000027797000,390490335953550
62735,-390336048084848,26634,565642,-27741.9,26463.0,6.7,-0.022,83335937,3150535,LOCKED,1.000027742000,390491336085294
62736,-390336048106737,30163,569171,-27677.9,26764.3,7.1,-0.016,83335939,3214899,LOCKED,1.000027678000,390492336218974
62737,-390336048135247,27104,566112,-27613.5,26984.8,7.1,-0.011,83335938,3275610,LOCKED,1.000027614000,390493336347590
62738,-390336048166813,21209,560217,-27553.4,27079.7,7.1,-0.007,83335938,3329192,LOCKED,1.000027553000,390494336491146
62739,-390336048189522,24019,563027,-27493.4,27240.3,7.2,-0.003,83335938,3395551,LOCKED,1.000027493000,390495336510639
62740,-390336048306237,-62120,476888,-27541.4,28123.6,7.1,0.001,83335937,3368872,LOCKED,1.000027541000,390496336542180
62741,-390336048318366,-44287,494721,-27586.6,28649.4,7.0,0.005,83335937,3445697,LOCKED,1.000027587000,390497336674769
62742,-390336048343112,-39034,499974,-27640.2,29112.9,6.9,0.009,83335937,3508091,LOCKED,1.000027640000,390498336816412
62743,-390336048359262,-25853,513155,-27680.2,29321.0,7.1,0.014,83335936,3583111,LOCKED,1.000027680000,390499336954095
62744,-390336048390591,-27558,511450,-27729.9,29558.6,7.2,0.021,83335936,3637022,LOCKED,1.000027730000,390500337094828
62745,-390336048402733,-11151,527857,-27751.6,29596.9,7.0,0.028,83335937,3712128,LOCKED,1.000027752000,390501337227582
62746,-390336048429463,-9108,529900,-27786.6,29585.9,7.3,0.028,83335936,3777708,LOCKED,1.000027787000,390502337363371
62747,-390336048456601,-7697,531311,-27811.3,29591.8,7.2,0.018,83335938,3839886,LOCKED,1.000027811000,390503337491185
62748,-390336048481679,-3188,535820,-27893.3,28996.7,7.1,0.026,83335937,3901156,LOCKED,1.000027893000,390504337518078
62749,-390336048507232,725,539733,-27971.9,28329.7,6.8,0.016,83335937,3966942,LOCKED,1.000027972000,390505337536049
62750,-390336048606892,-66354,472654,-28087.9,29728.1,6.8,0.015,83335937,3953785,LOCKED,1.000028088000,390506337548136
62751,-390336048538856,28329,567337,-28064.3,29908.0,6.9,0.005,83335936,4000410,LOCKED,1.000028064000,390507337702203
62752,-390336048657006,-57241,481767,-28191.0,30834.5,7.1,0.006,83335936,4086183,LOCKED,1.000028191000,390508337843397
62753,-390336048675312,-43797,495211,-28293.0,31341.9,7.2,0.019,83335938,4155440,LOCKED,1.000028293000,390509337988693
62754,-390336048685022,-21980,517028,-28415.4,30807.0,7.2,0.013,83335937,4233575,LOCKED,1.000028415000,390510338123111
62755,-390336048699356,-6157,532851,-28490.8,30409.3,7.2,0.007,83335937,4308547,LOCKED,1.000028491000,390511338261604
62756,-390336048708310,13553,552561,-28521.9,30167.2,7.1,0.015,83335937,4388665,LOCKED,1.000028522000,390512338399128
62757,-390336048746668,4566,543574,-28571.3,29844.3,7.1,0.011,83335937,4456052,LOCKED,1.000028571000,390513338528702
# STATS: PDUs=176 CSV=175 Gaps=0 Dups=0 Skip=0 d_min=-539008 ns drift=-28571.3 ns/s sigma=29844.3 ns state=LOCKED clk_err=+0 ns alpha=0.0239
62758,-390336048791458,-9555,529453,-28658.5,29369.5,7.1,0.006,83335937,4521209,LOCKED,1.000028658000,390514338666363
62759,-390336048858499,-43160,495848,-28821.5,29174.7,7.0,0.018,83335937,4582463,LOCKED,1.000028822000,390515338693184
62760,-390336048890183,-43087,495921,-28894.0,29754.7,7.0,0.014,83335937,4565840,LOCKED,1.000028894000,390516338715077
62761,-390336048907888,-29784,509224,-28948.3,30027.9,7.1,0.023,83335938,4638787,LOCKED,1.000028948000,390517338860028
62762,-390336048913462,-5910,533098,-28963.1,30036.7,7.1,0.021,83335937,4725722,LOCKED,1.000028963000,390518339000994
62763,-390336048961968,-23651,515357,-29012.2,30202.0,7.2,0.029,83335938,4801381,LOCKED,1.000029012000,390519339160010
62764,-390336048940973,24284,563292,-28950.8,30346.5,7.2,0.027,83335937,4880521,LOCKED,1.000028951000,390520339307964
62765,-390336048942283,48250,587258,-28850.5,31022.0,7.4,0.014,83335936,4964780,LOCKED,1.000028851000,390521339345814
62766,-390336049059617,-38290,500718,-28882.3,31335.1,7.4,0.012,83335937,4940664,LOCKED,1.000028882000,390522339498699
62767,-390336049064311,-13632,525376,-28882.7,31336.8,7.4,0.011,83335937,5023259,LOCKED,1.000028883000,390523339649585
62768,-390336049070009,8039,547047,-28821.6,31144.2,7.3,0.009,83335937,5110974,LOCKED,1.000028822000,390524339802410
62769,-390336049090727,14186,553194,-28749.0,30984.2,7.4,0.015,83335938,5181682,LOCKED,1.000028749000,390525339837159
62770,-390336049181014,-43231,495777,-28879.7,31248.1,7.9,0.027,83335939,5176691,LOCKED,1.000028880000,390526339857038
62771,-390336049191603,-22489,516519,-28962.7,31214.5,8.0,0.032,83335938,5257282,LOCKED,1.000028963000,390527340007004
62772,-390336049192713,6014,545022,-29004.7,30959.0,8.0,0.029,83335937,5346710,LOCKED,1.000029005000,390528340148011
62773,-390336049208663,18762,557770,-29020.9,30829.9,8.4,0.039,83335939,5419332,LOCKED,1.000029021000,390529340295035
62774,-390336049217161,37469,576477,-28994.1,31101.7,8.3,0.038,83335937,5498439,LOCKED,1.000028994000,390530340427032
62775,-390336049238523,43247,582255,-28975.0,31344.8,8.3,0.036,83335937,5570641,LOCKED,1.000028975000,390531340573010
62776,-390336049247237,60093,599101,-28907.2,32258.4,8.3,0.034,83335937,5649422,LOCKED,1.000028907000,390532340580916
62777,-390336049280755,52557,591565,-28851.0,32921.4,8.3,0.038,83335938,5596387,LOCKED,1.000028851000,390533340734770
62778,-390336049392714,-28023,510985,-28928.6,33067.0,8.3,0.037,83335937,5685006,LOCKED,1.000028929000,390534340751698
62779,-390336049425383,-29005,510003,-29015.9,33181.1,8.4,0.039,83335938,5744631,LOCKED,1.000029016000,390535340895717
62780,-390336049398482,24200,563208,-28922.9,33112.5,8.4,0.037,83335937,5860077,LOCKED,1.000028923000,390536340905639
62781,-390336049433867,15423,554431,-28834.7,32839.3,8.4,0.035,83335937,5911331,LOCKED,1.000028835000,390537341043476
62782,-390336049464181,11591,547658,-28738.4,32345.6,8.4,0.034,83335937,5972381,LOCKED,1.000028738000,390538341190217
62783,-390336049488490,13166,549233,-28619.9,31542.0,8.7,0.030,83335936,6037353,LOCKED,1.000028620000,390539341336840
62784,-390336049500632,28990,565057,-28636.1,31360.2,8.7,0.028,83335937,6119372,LOCKED,1.000028636000,390540341466479
62785,-390336049514358,42416,578483,-28633.8,31392.3,8.7,0.027,83335937,6188679,LOCKED,1.000028634000,390541341601115
62786,-390336049529288,53381,589448,-28588.1,32003.9,8.8,0.027,83335936,6262936,LOCKED,1.000028588000,390542341742706
62787,-390336049549234,59521,595588,-28564.3,32414.1,8.7,0.031,83335937,6331172,LOCKED,1.000028564000,390543341876273
62788,-390336049573960,59453,595520,-28471.3,33393.1,8.6,0.034,83335937,6395531,LOCKED,1.000028471000,390544341907744
62789,-390336049599717,57582,593649,-28341.8,34225.1,8.8,0.032,83335936,6349850,LOCKED,1.000028342000,390545342038088
62790,-390336049694813,-7900,528167,-28391.2,34131.0,8.8,0.032,83335937,6452859,LOCKED,1.000028391000,390546342057478
62791,-390336049721938,-5866,530201,-28419.2,34112.8,8.8,0.031,83335937,6517477,LOCKED,1.000028419000,390547342196900
62792,-390336049739492,4212,540279,-28387.5,34065.5,8.8,0.031,83335937,6586886,LOCKED,1.000028387000,390548342344290
62793,-390336049743202,26044,562111,-28290.9,34021.4,9.0,0.030,83335936,6674138,LOCKED,1.000028291000,390549342471583
62794,-390336049771116,23538,559605,-28188.4,33840.2,8.8,0.036,83335937,6734098,LOCKED,1.000028188000,390550342604774
62795,-390336049798654,21059,557126,-28069.6,33363.7,8.8,0.037,83335937,6800477,LOCKED,1.000028070000,390551342633843
62796,-390336049811611,31924,567991,-27913.9,32745.9,8.2,0.052,83335937,6762169,LOCKED,1.000027914000,390552342768759
62797,-390336049857097,11373,547440,-27786.4,31705.4,8.2,0.062,83335936,6827333,LOCKED,1.000027786000,390553342920548
62798,-390336049954179,-56232,479835,-27775.8,31497.0,8.0,0.073,83335937,6911120,LOCKED,1.000027776000,390554343053326
62799,-390336049980973,-53979,482088,-27748.3,30924.5,7.8,0.086,83335936,6971591,LOCKED,1.000027748000,390555343206077
62800,-390336049945845,8865,544932,-27761.5,30867.7,7.9,0.092,83335936,7096002,LOCKED,1.000027762000,390556343360842
62801,-390336049947458,32790,568857,-27706.8,31186.5,7.9,0.096,83335937,7183653,LOCKED,1.000027707000,390557343399549
62802,-390336050062796,-51356,484711,-27792.6,31955.0,7.9,0.101,83335937,7159618,LOCKED,1.000027793000,390558343552345
62803,-390336050059542,-19403,516664,-27804.9,32019.1,8.0,0.098,83335936,7250071,LOCKED,1.000027805000,390559343705153
62804,-390336050063384,3961,540028,-27782.0,32000.0,8.0,0.093,83335936,7335611,LOCKED,1.000027782000,390560343859938
62805,-390336050074746,18207,554274,-27705.4,31908.4,8.4,0.068,83335936,7412605,LOCKED,1.000027705000,390561344007646
62806,-390336050089044,28596,564663,-27604.7,31903.9,8.3,0.052,83335937,7486585,LOCKED,1.000027605000,390562344024250
62807,-390336050118577,23855,559922,-27506.1,31765.3,8.1,0.066,83335937,7435224,LOCKED,1.000027506000,390563344166759
62808,-390336050255099,-80886,455181,-27581.5,33214.5,8.3,0.051,83335936,7494937,LOCKED,1.000027581000,390564344196340
62809,-390336050276396,-71073,464994,-27636.5,34166.2,8.5,0.038,83335936,7568531,LOCKED,1.000027637000,390565344341979
62810,-390336050239324,-4880,531187,-27701.4,33893.0,8.5,0.041,83335937,7692791,LOCKED,1.000027701000,390566344487683
62811,-390336050253033,6480,542547,-27582.7,32869.9,8.4,0.026,83335937,7764276,LOCKED,1.000027583000,390567344637269
62812,-390336050259567,26567,562634,-27579.8,32894.3,8.5,0.023,83335938,7846043,LOCKED,1.000027580000,390568344674849
62813,-390336050388285,-69176,466891,-27729.8,34136.9,8.8,0.045,83335939,7808333,LOCKED,1.000027730000,390569344823582
62814,-390336050387791,-38223,497844,-27800.2,34528.2,8.9,0.055,83335938,7896919,LOCKED,1.000027800000,390570344986386
62815,-390336050384309,-6823,529244,-27794.7,34514.0,8.9,0.052,83335937,7989796,LOCKED,1.000027795000,390571345136184
62816,-390336050389275,13989,550056,-27718.8,34336.6,9.3,0.071,83335939,8075241,LOCKED,1.000027719000,390572345284906
62817,-390336050398156,29985,566052,-27629.1,34457.3,9.3,0.077,83335938,8152656,LOCKED,1.000027629000,390573345321535
# STATS: PDUs=236 CSV=235 Gaps=0 Dups=0 Skip=0 d_min=-536067 ns drift=-27629.1 ns/s sigma=34457.3 ns state=LOCKED clk_err=+0 ns alpha=0.0205
62818,-390336050518854,-59200,476867,-27721.4,35371.4,9.4,0.074,83335937,8123101,LOCKED,1.000027721000,390574345460259
62819,-390336050538960,-47084,488983,-27864.2,35639.7,9.4,0.071,83335937,8194073,LOCKED,1.000027864000,390575345620126
62820,-390336050489236,29931,565998,-27885.9,35407.9,9.4,0.068,83335937,8329086,LOCKED,1.000027886000,390576345656012
62821,-390336050514345,31714,567781,-27889.9,35369.0,9.3,0.073,83335938,8393491,LOCKED,1.000027890000,390577345691902
62822,-390336050641862,-63067,473000,-28023.1,36348.8,9.4,0.078,83335938,8358386,LOCKED,1.000028023000,390578345836928
62823,-390336050656176,-44930,491137,-28166.0,36521.9,9.3,0.076,83335937,8429501,LOCKED,1.000028166000,390579345999097
62824,-390336050663302,-22620,513447,-28190.7,36632.7,9.3,0.080,83335938,8515042,LOCKED,1.000028191000,390580346146291
62825,-390336050662251,5020,541087,-28120.3,36326.9,9.4,0.071,83335936,8603933,LOCKED,1.000028120000,390581346302414
62826,-390336050669769,25671,561738,-28165.5,35818.8,9.4,0.070,83335937,8687162,LOCKED,1.000028166000,390582346324579
62827,-390336050713371,10590,546657,-28200.6,35605.5,9.5,0.073,83335938,8639805,LOCKED,1.000028201000,390583346493783
62828,-390336050799225,-43674,492393,-28294.6,36071.1,9.7,0.067,83335936,8733629,LOCKED,1.000028295000,390584346646081
62829,-390336050838003,-50484,485583,-28391.1,36711.5,9.6,0.068,83335937,8816270,LOCKED,1.000028391000,390585346700472
62830,-390336050870694,-48936,487131,-28597.1,36127.5,9.1,0.071,83335937,8843084,LOCKED,1.000028597000,390586346732069
62831,-390336050890055,-35216,500851,-28758.9,35609.0,9.3,0.080,83335939,8912738,LOCKED,1.000028759000,390587346893831
62832,-390336050890505,-5303,530764,-28828.9,35304.2,9.7,0.087,83335939,9000602,LOCKED,1.000028829000,390588347044663
62833,-390336050932282,-16252,519815,-28900.2,35218.0,9.6,0.098,83335939,9078913,LOCKED,1.000028900000,390589347216567
62834,-390336050890024,51544,587611,-28820.7,35896.8,9.6,0.101,83335938,9179221,LOCKED,1.000028821000,390590347265388
62835,-390336050998082,-25980,510087,-28861.7,36068.0,9.7,0.103,83335938,9159763,LOCKED,1.000028862000,390591347437253
62836,-390336050987240,12097,548164,-28801.8,35981.3,9.8,0.105,83335938,9263894,LOCKED,1.000028802000,390592347606058
62837,-390336050973578,50370,586437,-28679.7,36532.0,9.6,0.109,83335937,9362006,LOCKED,1.000028680000,390593347647738
62838,-390336050990912,59732,595799,-28681.7,36497.4,10.0,0.113,83335939,9325961,LOCKED,1.000028682000,390594347698420
62839,-390336051094009,-11497,524570,-28819.3,35381.0,10.2,0.121,83335939,9423118,LOCKED,1.000028819000,390595347746239
62840,-390336051154873,-40166,495901,-28918.3,35730.4,10.5,0.125,83335939,9451466,LOCKED,1.000028918000,390596347798157
62841,-390336051156834,-11506,524561,-28982.9,35598.7,11.3,0.129,83335940,9540994,LOCKED,1.000028983000,390597347963143
62842,-390336051146147,27294,563361,-28985.6,35576.1,11.6,0.132,83335939,9638225,LOCKED,1.000028986000,390598348135132
62843,-390336051141321,57972,594039,-28928.1,36275.7,11.8,0.129,83335939,9735430,LOCKED,1.000028928000,390599348186060
62844,-390336051256867,-26513,509554,-28988.8,36437.3,12.1,0.130,83335939,9708428,LOCKED,1.000028989000,390600348370053
62845,-390336051244169,13999,550066,-28954.4,36478.8,12.1,0.131,83335938,9815696,LOCKED,1.000028954000,390601348542011
62846,-390336051226486,56007,592074,-28820.1,37158.4,12.3,0.125,83335939,9924941,LOCKED,1.000028820000,390602348587831
62847,-390336051336612,-24749,511318,-28805.9,37042.0,12.5,0.125,83335939,9901267,LOCKED,1.000028806000,390603348747640
62848,-390336051334702,4300,540367,-28731.1,36678.6,12.5,0.125,83335938,9994394,LOCKED,1.000028731000,390604348923375
62849,-390336051321256,41983,578050,-28580.0,36631.6,12.7,0.116,83335939,10099163,LOCKED,1.000028580000,390605348966955
62850,-390336051399959,-7018,529049,-28623.5,36564.2,12.9,0.113,83335939,10105660,LOCKED,1.000028624000,390606349012579
62851,-390336051406312,14854,550921,-28628.7,36540.1,13.1,0.110,83335939,10192252,LOCKED,1.000028629000,390607349179211
62852,-390336051406002,41192,577259,-28569.5,36952.1,13.1,0.108,83335938,10279749,LOCKED,1.000028569000,390608349229781
62853,-390336051510172,-32784,503283,-28594.7,37135.4,13.0,0.095,83335938,10267749,LOCKED,1.000028595000,390609349397379
62854,-390336051505301,-2,536065,-28561.1,37043.9,13.0,0.091,83335938,10359682,LOCKED,1.000028561000,390610349569944
62855,-390336051500975,30028,566095,-28470.6,37152.6,13.0,0.086,83335938,10456140,LOCKED,1.000028471000,390611349616415
62856,-390336051604533,-43450,492617,-28477.3,37231.4,13.0,0.077,83335938,10440634,LOCKED,1.000028477000,390612349785896
62857,-390336051603843,-14148,521919,-28460.4,37140.3,12.9,0.073,83335939,10531219,LOCKED,1.000028460000,390613349949360
62858,-390336051590889,26948,563015,-28489.6,36846.5,12.9,0.064,83335938,10634153,LOCKED,1.000028490000,390614350000850
62859,-390336051602614,42338,578405,-28492.6,36810.0,12.8,0.028,83335937,10601384,LOCKED,1.000028493000,390615350169346
62860,-390336051672709,86,536153,-28460.8,36728.4,12.6,-0.009,83335937,10730540,LOCKED,1.000028461000,390616350212807
62861,-390336051676098,21983,558050,-28341.3,36312.7,12.5,-0.032,83335937,10814186,LOCKED,1.000028341000,390617350381152
62862,-390336051679812,44808,580875,-28327.4,36477.3,12.4,-0.057,83335937,10907401,LOCKED,1.000028327000,390618350438480
62863,-390336051773750,-19242,516825,-28372.1,36560.9,11.9,-0.103,83335937,10896221,LOCKED,1.000028372000,390619350597855
62864,-390336051771544,10027,546094,-28324.4,36511.9,11.2,-0.172,83335936,10991364,LOCKED,1.000028324000,390620350765183
62865,-390336051761689,43882,579949,-28184.9,36676.2,11.0,-0.180,83335936,11089183,LOCKED,1.000028185000,390621350797367
62866,-390336051883427,-48229,487838,-28175.4,36537.9,10.9,-0.178,83335937,11059262,LOCKED,1.000028175000,390622350968546
62867,-390336051875369,-13024,523043,-28103.1,35830.6,11.0,-0.188,83335936,11155888,LOCKED,1.000028103000,390623351130652
62868,-390336051941340,-45888,490179,-28272.7,35707.2,10.7,-0.185,83335937,11241294,LOCKED,1.000028273000,390624351060921
62869,-390336051896672,26927,562994,-28311.4,35271.0,10.5,-0.192,83335936,11218698,LOCKED,1.000028311000,390625351236236
62870,-390336051934676,15651,551718,-28259.6,35284.5,10.4,-0.192,83335937,11363007,LOCKED,1.000028260000,390626351185493
62871,-390336052033041,-51913,484154,-28298.1,35750.8,10.3,-0.192,83335937,11355493,LOCKED,1.000028298000,390627351343794
62872,-390336052030718,-21640,514427,-28244.9,35170.1,10.4,-0.186,83335938,11443536,LOCKED,1.000028245000,390628351513042
62873,-390336052025656,12430,548497,-28303.1,34660.5,10.2,-0.187,83335937,11538445,LOCKED,1.000028303000,390629351676348
62874,-390336052068438,-1262,534805,-28339.7,34558.7,10.4,-0.194,83335936,11622038,LOCKED,1.000028340000,390630351734688
62875,-390336052141239,-43111,492956,-28396.3,35020.2,10.3,-0.195,83335937,11611398,LOCKED,1.000028396000,390631351911088
62876,-390336052124457,817,536884,-28336.2,34724.2,10.3,-0.200,83335936,11708612,LOCKED,1.000028336000,390632352091428
62877,-390336052107987,40814,576881,-28167.7,34353.0,10.4,-0.206,83335936,11817251,LOCKED,1.000028168000,390633352151596
# STATS: PDUs=296 CSV=295 Gaps=0 Dups=0 Skip=0 d_min=-536067 ns drift=-28167.7 ns/s sigma=34353.0 ns state=LOCKED clk_err=+0 ns alpha=0.0201
62878,-390336052210121,-29932,506135,-28276.2,34319.5,10.5,-0.213,83335936,11804713,LOCKED,1.000028276000,390634352331876
62879,-390336052200194,8636,544703,-28308.5,34142.3,10.4,-0.214,83335937,11910163,LOCKED,1.000028309000,390635352384185
62880,-390336052253334,-16789,519278,-28251.4,33554.5,10.3,-0.216,83335937,11937740,LOCKED,1.000028251000,390636352434436
62881,-390336052249471,12483,548550,-28132.4,32745.1,10.3,-0.216,83335937,12033688,LOCKED,1.000028132000,390637352499569
62882,-390336052340421,-45738,490329,-28282.2,32889.7,10.3,-0.217,83335937,12028473,LOCKED,1.000028282000,390638352674855
62883,-390336052319379,4358,540425,-28327.4,32639.3,10.2,-0.220,83335937,12139076,LOCKED,1.000028327000,390639352856186
62884,-390336052303880,45414,581481,-28266.9,33183.9,10.4,-0.223,83335936,12244535,LOCKED,1.000028267000,390640352902453
62885,-390336052413990,-34704,501363,-28293.9,33414.3,10.1,-0.233,83335936,12225301,LOCKED,1.000028294000,390641353083751
62886,-390336052384544,20199,556266,-28188.0,33079.8,10.1,-0.240,83335936,12342489,LOCKED,1.000028188000,390642353139939
62887,-390336052486230,-50776,485291,-28227.5,33571.8,10.3,-0.243,83335936,12327653,LOCKED,1.000028227000,390643353307170
62888,-390336052469368,-4343,531724,-28286.3,33342.2,9.7,-0.251,83335937,12434132,LOCKED,1.000028286000,390644353472460
62889,-390336052462706,30010,566077,-28307.1,33105.6,9.8,-0.258,83335936,12529612,LOCKED,1.000028307000,390645353519767
62890,-390336052529622,-6436,529631,-28402.7,32466.8,9.8,-0.265,83335936,12549550,LOCKED,1.000028403000,390646353682173
62891,-390336052521423,29624,565691,-28425.5,32198.9,9.9,-0.264,83335936,12648624,LOCKED,1.000028425000,390647353838602
62892,-390336052537148,40125,576192,-28384.1,32579.2,10.0,-0.262,83335936,12721940,LOCKED,1.000028384000,390648353896986
62893,-390336052656230,-46296,489771,-28517.3,32934.6,10.1,-0.259,83335936,12696843,LOCKED,1.000028517000,390649354069507
62894,-390336052649196,-11292,524775,-28471.6,32577.0,10.1,-0.260,83335937,12792759,LOCKED,1.000028472000,390650354232982
62895,-390336052639149,26790,562857,-28494.8,32326.3,10.2,-0.262,83335936,12888996,LOCKED,1.000028495000,390651354274477
62896,-390336052643075,48102,584169,-28414.8,32978.0,10.4,-0.263,83335936,12863036,LOCKED,1.000028415000,390652354461896
62897,-390336052718393,-250,535817,-28343.1,32501.6,10.3,-0.271,83335937,12988948,LOCKED,1.000028343000,390653354629243
62898,-390336052704872,37075,573142,-28181.7,32030.4,10.2,-0.266,83335937,13091336,LOCKED,1.000028182000,390654354676425
62899,-390336052724012,43610,579677,-28131.1,32511.4,10.7,-0.259,83335935,13162996,LOCKED,1.000028131000,390655354732556
62900,-390336052788916,7959,544026,-28199.6,31897.4,10.8,-0.252,83335936,13183625,LOCKED,1.000028200000,390656354780756
62901,-390336052793444,30365,566432,-28187.9,32000.9,10.9,-0.233,83335935,13273505,LOCKED,1.000028188000,390657354835944
62902,-390336052900790,-46106,0,-28243.2,32547.6,10.8,-0.223,83335937,13251956,LOCKED,1.000028243000,390658355019191
62903,-390336052890500,-8648,37458,-28176.0,31936.9,11.2,-0.209,83335935,13350961,LOCKED,1.000028176000,390659355201371
62904,-390336052863434,44811,90917,-28163.0,32112.4,11.2,-0.194,83335936,13472862,LOCKED,1.000028163000,390660355249534
62905,-390336052967171,-28845,17261,-28209.2,32348.7,11.3,-0.188,83335936,13450754,LOCKED,1.000028209000,390661355413747
62906,-390336052959277,5203,51309,-28116.8,31707.0,11.2,-0.168,83335936,13551313,LOCKED,1.000028117000,390662355578867
62907,-390336053011635,-16766,29340,-28200.6,31508.3,11.4,-0.141,83335935,13647382,LOCKED,1.000028201000,390663355633068
62908,-390336053053381,-28218,17888,-28256.5,31736.5,11.4,-0.128,83335936,13636781,LOCKED,1.000028257000,390664355809328
62909,-390336053042867,8640,54746,-28176.9,31363.1,11.1,-0.102,83335936,13737119,LOCKED,1.000028177000,390665355866505
62910,-390336053131577,-48155,0,-28280.4,32003.5,10.8,-0.092,83335935,13739226,LOCKED,1.000028280000,390666355920786
62911,-390336053161894,-47214,941,-28348.2,32618.6,10.5,-0.079,83335935,13839118,LOCKED,1.000028348000,390667356092138
62912,-390336053106052,33367,81522,-28226.3,32564.2,10.5,-0.079,83335935,13939704,LOCKED,1.000028226000,390668356156365
62913,-390336053200582,-29591,18564,-28341.5,32442.8,10.5,-0.076,83335935,13937114,LOCKED,1.000028341000,390669356339710
62914,-390336053178488,19704,67859,-28318.3,32541.1,10.5,-0.071,83335935,14047837,LOCKED,1.000028318000,390670356396029
62915,-390336053274034,-45315,2840,-28351.4,32922.6,10.5,-0.062,83335935,14038075,LOCKED,1.000028351000,390671356571384
62916,-390336053253600,4863,53018,-28427.9,32262.7,10.1,-0.069,83335936,14150349,LOCKED,1.000028428000,390672356739815
62917,-390336053238530,45970,94125,-28387.0,32717.1,9.1,-0.077,83335936,14253738,LOCKED,1.000028387000,390673356790202
62918,-390336053341076,-26981,21174,-28401.4,32822.7,8.7,-0.091,83335935,14242244,LOCKED,1.000028401000,390674356958607
62919,-390336053330150,10350,58505,-28320.5,32491.2,8.8,-0.080,83335937,14342040,LOCKED,1.000028320000,390675357009928
62920,-390336053401645,-30586,17569,-28379.6,32752.8,8.7,-0.080,83335936,14359497,LOCKED,1.000028380000,390676357053307
62921,-390336053396418,2138,50293,-28339.8,32634.8,8.5,-0.080,83335936,14455476,LOCKED,1.000028340000,390677357226650
62922,-390336053385308,37327,85482,-28192.4,32411.6,8.4,-0.079,83335936,14555528,LOCKED,1.000028192000,390678357281843
62923,-390336053487470,-33778,14377,-28277.0,32675.5,8.3,-0.078,83335936,14542210,LOCKED,1.000028277000,390679357452124
62924,-390336053474344,6669,54824,-28241.1,32634.3,8.3,-0.077,83335936,14645905,LOCKED,1.000028241000,390680357611368
62925,-390336053470722,34257,82412,-28088.0,32165.9,8.3,-0.076,83335936,14738432,LOCKED,1.000028088000,390681357659456
62926,-390336053578828,-41598,6557,-28223.4,32297.6,8.2,-0.075,83335936,14719067,LOCKED,1.000028223000,390682357839683
62927,-390336053559969,5239,53394,-28220.0,32302.2,8.2,-0.074,83335936,14829380,LOCKED,1.000028220000,390683358002906
62928,-390336053567480,25631,73786,-28247.1,32006.0,8.1,-0.073,83335936,14907775,LOCKED,1.000028247000,390684357923150
62929,-390336053585420,32606,80761,-28137.6,32055.4,8.2,-0.078,83335935,14869580,LOCKED,1.000028138000,390685358104291
62930,-390336053640951,4099,52254,-28089.7,31904.6,8.8,-0.066,83335938,15012660,LOCKED,1.000028090000,390686358148381
62931,-390336053644840,27969,76124,-28120.1,31536.0,8.8,-0.059,83335937,15098298,LOCKED,1.000028120000,390687358189501
62932,-390336053660170,38675,86830,-28082.0,31886.9,8.5,-0.051,83335937,15062558,LOCKED,1.000028082000,390688358363587
62933,-390336053753508,-25398,22757,-28097.9,31996.0,8.5,-0.045,83335937,15168090,LOCKED,1.000028098000,390689358528688
62934,-390336053743009,12278,60433,-28073.1,32038.3,8.7,-0.042,83335937,15269145,LOCKED,1.000028073000,390690358576761
62935,-390336053746091,36254,84409,-28083.6,31902.3,8.6,-0.039,83335936,15244673,LOCKED,1.000028084000,390691358744848
62936,-390336053842449,-29970,18185,-28134.5,32160.6,8.7,-0.036,83335937,15347110,LOCKED,1.000028134000,390692358926986
62937,-390336053819811,17964,66119,-28024.8,31680.3,8.7,-0.037,83335936,15460382,LOCKED,1.000028025000,390693358961011
# STATS: PDUs=356 CSV=355 Gaps=0 Dups=0 Skip=0 d_min=-48155 ns drift=-28024.8 ns/s sigma=31680.3 ns state=LOCKED clk_err=+0 ns alpha=0.0200
62938,-390336053832525,31972,80127,-28014.0,31783.7,8.9,-0.041,83335935,15424413,LOCKED,1.000028014000,390694359131029
62939,-390336053941275,-45976,2179,-28074.5,32353.6,8.8,-0.038,83335936,15523290,LOCKED,1.000028075000,390695359302107
62940,-390336053902766,19749,67904,-28065.2,32405.4,8.8,-0.032,83335937,15643546,LOCKED,1.000028065000,390696359337172
62941,-390336053924690,23633,71788,-27993.6,32480.1,8.8,-0.027,83335937,15710285,LOCKED,1.000027994000,390697359380166
62942,-390336054039668,-57775,0,-28171.6,32882.5,8.8,-0.021,83335937,15682907,LOCKED,1.000028172000,390698359532341
62943,-390336054047973,-35456,22319,-28233.0,33233.1,8.7,-0.017,83335936,15763071,LOCKED,1.000028233000,390699359685577
62944,-390336054050207,-10272,47503,-28175.8,32748.5,8.7,-0.017,83335936,15851402,LOCKED,1.000028176000,390700359747753
62945,-390336054112709,-40484,17291,-28310.7,32836.1,8.9,-0.019,83335935,15846895,LOCKED,1.000028311000,390701359909067
62946,-390336054134655,-32479,25296,-28337.2,33047.1,8.9,-0.020,83335936,15944383,LOCKED,1.000028337000,390702360086408
62947,-390336054112553,18658,76433,-28402.6,32261.5,8.9,-0.020,83335936,16059442,LOCKED,1.000028403000,390703360134811
62948,-390336054211072,-47649,10126,-28510.5,32849.7,8.8,-0.015,83335936,16044823,LOCKED,1.000028511000,390704360310325
62949,-390336054195789,-4224,53551,-28485.4,32757.5,8.8,-0.015,83335936,16151114,LOCKED,1.000028485000,390705360363811
62950,-390336054252469,-29688,28087,-28570.2,32906.9,8.8,-0.016,83335936,16180560,LOCKED,1.000028570000,390706360547385
62951,-390336054229859,19571,77346,-28508.3,32945.0,8.8,-0.016,83335936,16297159,LOCKED,1.000028508000,390707360585893
62952,-390336054236800,37453,95228,-28389.5,33080.5,8.9,-0.016,83335935,16269448,LOCKED,1.000028390000,390708360774287
62953,-390336054313131,-7908,49867,-28503.3,32181.5,8.9,-0.017,83335936,16393276,LOCKED,1.000028503000,390709360944794
62954,-390336054310020,23020,80795,-28507.9,32144.6,8.8,-0.008,83335936,16486194,LOCKED,1.000028508000,390710361102305
62955,-390336054305918,51615,109390,-28396.5,32860.0,8.9,-0.010,83335937,16578428,LOCKED,1.000028396000,390711361145701
62956,-390336054432867,-45187,12588,-28407.2,33004.4,8.9,-0.010,83335936,16542531,LOCKED,1.000028407000,390712361308112
62957,-390336054425845,-8899,48876,-28434.6,33013.8,8.9,-0.001,83335937,16633389,LOCKED,1.000028435000,390713361471550
62958,-390336054434300,9212,66987,-28358.1,32705.0,8.8,0.012,83335936,16719880,LOCKED,1.000028358000,390714361518908
62959,-390336054429061,38480,96255,-28209.3,32515.6,9.1,0.035,83335938,16811113,LOCKED,1.000028209000,390715361580118
62960,-390336054496995,-1640,56135,-28187.2,32458.5,9.2,0.049,83335937,16836005,LOCKED,1.000028187000,390716361632305
62961,-390336054491569,28599,86374,-28068.9,32261.1,9.1,0.033,83335936,16930036,LOCKED,1.000028069000,390717361675374
62962,-390336054603878,-50801,6974,-28222.3,32612.1,8.9,0.044,83335936,16902400,LOCKED,1.000028222000,390718361840600
62963,-390336054591028,-9011,48764,-28242.5,32633.3,8.8,0.028,83335936,17004744,LOCKED,1.000028243000,390719361997846
62964,-390336054595898,11685,69460,-28130.4,31891.3,8.8,0.027,83335936,17092761,LOCKED,1.000028130000,390720362158980
62965,-390336054585444,47643,105418,-28080.6,32435.5,8.8,0.026,83335936,17191021,LOCKED,1.000028081000,390721362206061
62966,-390336054703194,-39862,17913,-28120.6,32802.4,9.0,0.012,83335935,17164794,LOCKED,1.000028121000,390722362369185
62967,-390336054701464,-9113,48662,-28149.6,32810.3,9.0,-0.023,83335935,17251079,LOCKED,1.000028150000,390723362535338
62968,-390336054697230,22486,80261,-28148.5,32818.1,9.1,-0.034,83335935,17349005,LOCKED,1.000028148000,390724362580486
62969,-390336054805947,-54842,2933,-28216.4,33581.5,9.1,-0.033,83335936,17325990,LOCKED,1.000028216000,390725362753706
62970,-390336054768602,11530,69305,-28275.6,33051.8,9.1,-0.040,83335935,17451994,LOCKED,1.000028276000,390726362805982
62971,-390336054761551,45477,103252,-28283.5,32930.6,9.0,-0.047,83335935,17551845,LOCKED,1.000028284000,390727362857266
62972,-390336054870057,-33561,24214,-28285.8,32954.8,8.9,-0.044,83335936,17532190,LOCKED,1.000028286000,390728363025555
62973,-390336054857023,8353,66128,-28328.9,32669.3,8.8,-0.042,83335936,17633060,LOCKED,1.000028329000,390729363191887
62974,-390336054845529,44527,102302,-28223.7,33157.6,8.6,-0.041,83335936,17734377,LOCKED,1.000028224000,390730363227110
62975,-390336054966827,-43751,14024,-28386.7,33017.1,8.4,-0.040,83335936,17700962,LOCKED,1.000028387000,390731363403500
62976,-390336054958584,-6481,51294,-28407.4,33020.9,8.4,-0.040,83335936,17802879,LOCKED,1.000028407000,390732363561911
62977,-390336054992178,-12160,45615,-28362.9,32666.8,8.6,-0.046,83335935,17888998,LOCKED,1.000028363000,390733363627274
62978,-390336055058228,-45457,12318,-28503.0,32913.8,8.4,-0.047,83335936,17883237,LOCKED,1.000028503000,390734363784780
62979,-390336055055422,-13259,44516,-28524.6,32962.7,8.3,-0.046,83335936,17971960,LOCKED,1.000028525000,390735363834305
62980,-390336055030761,38744,96519,-28531.1,32878.9,8.4,-0.051,83335935,17975852,LOCKED,1.000028531000,390736363896837
62981,-390336055132838,-32197,25578,-28605.5,33139.1,8.5,-0.055,83335935,18075962,LOCKED,1.000028605000,390737364069446
62982,-390336055121239,6567,64342,-28545.6,32938.4,8.5,-0.055,83335936,18176702,LOCKED,1.000028546000,390738364249995
62983,-390336055100577,53609,111384,-28528.5,33203.5,8.6,-0.059,83335935,18288576,LOCKED,1.000028528000,390739364303524
62984,-390336055199855,-15915,41860,-28562.2,33270.7,8.6,-0.059,83335936,18274703,LOCKED,1.000028562000,390740364486090
62985,-390336055171409,37486,95261,-28447.3,33441.7,8.6,-0.059,83335936,18392197,LOCKED,1.000028447000,390741364524537
62986,-390336055288703,-46410,11365,-28613.4,33391.6,9.1,-0.066,83335934,18363607,LOCKED,1.000028613000,390742364700154
62987,-390336055286813,-14677,43098,-28649.4,33441.6,9.1,-0.066,83335936,18457352,LOCKED,1.000028649000,390743364864807
62988,-390336055305086,-4499,53276,-28632.2,33390.4,9.6,-0.072,83335934,18529370,LOCKED,1.000028632000,390744364905439
62989,-390336055306879,20026,77801,-28551.7,33316.2,9.4,-0.075,83335936,18615795,LOCKED,1.000028552000,390745364953991
62990,-390336055382131,-24987,32788,-28593.1,33488.0,9.1,-0.066,83335937,18631666,LOCKED,1.000028593000,390746364992584
62991,-390336055378907,5542,63317,-28538.9,33319.6,9.0,-0.062,83335936,18723893,LOCKED,1.000028539000,390747365168127
62992,-390336055356634,51340,109115,-28378.0,33594.4,8.9,-0.058,83335936,18835340,LOCKED,1.000028378000,390748365212505
62993,-390336055483771,-43674,14101,-28489.3,34007.4,8.8,-0.054,83335936,18797228,LOCKED,1.000028489000,390749365390998
62994,-390336055460309,7198,64973,-28448.2,33950.1,8.8,-0.048,83335937,18908459,LOCKED,1.000028448000,390750365552450
62995,-390336055458835,33274,91049,-28314.6,33748.8,9.0,-0.046,83335937,18998077,LOCKED,1.000028315000,390751365599765
62996,-390336055460345,56868,114643,-28251.5,34504.5,8.9,-0.041,83335936,18977479,LOCKED,1.000028251000,390752365771020
62997,-390336055561490,-16002,41773,-28226.0,34322.8,8.9,-0.041,83335936,19074243,LOCKED,1.000028226000,390753365938249
# STATS: PDUs=416 CSV=415 Gaps=0 Dups=0 Skip=0 d_min=-57775 ns drift=-28226.0 ns/s sigma=34322.8 ns state=LOCKED clk_err=+0 ns alpha=0.0200
62998,-390336055559228,11956,69731,-28121.5,33746.9,8.8,-0.048,83335935,19167241,LOCKED,1.000028121000,390754366097374
62999,-390336055567782,30449,88224,-28119.4,33766.4,8.9,-0.049,83335935,19250430,LOCKED,1.000028119000,390755366146493
63000,-390336055637481,-11621,46154,-28075.9,33439.4,8.8,-0.043,83335936,19267272,LOCKED,1.000028076000,390756366194569
63001,-390336055633814,17324,75099,-27967.2,32968.1,8.7,-0.036,83335936,19357580,LOCKED,1.000027967000,390757366235536
63002,-390336055639376,38432,96207,-27967.4,32964.6,8.5,-0.028,83335936,19330631,LOCKED,1.000027967000,390758366407507
63003,-390336055738090,-29539,28236,-28054.7,33093.8,8.5,-0.028,83335936,19433479,LOCKED,1.000028055000,390759366563565
63004,-390336055736611,-109,57666,-28049.4,33091.1,8.7,-0.029,83335937,19522468,LOCKED,1.000028049000,390760366730618
63005,-390336055733537,30035,87810,-28051.4,33072.6,8.6,-0.038,83335936,19617208,LOCKED,1.000028051000,390761366772669
63006,-390336055853847,-57307,468,-28197.6,33790.2,8.6,-0.039,83335936,19588430,LOCKED,1.000028198000,390762366934870
63007,-390336055848777,-23153,34622,-28202.6,33823.7,8.6,-0.040,83335936,19679084,LOCKED,1.000028203000,390763367097076
63008,-390336055836511,17836,75611,-28257.9,33240.2,8.6,-0.041,83335936,19777238,LOCKED,1.000028258000,390764367258337
63009,-390336055839392,40691,98466,-28201.7,33675.9,8.7,-0.039,83335935,19866088,LOCKED,1.000028202000,390765367288538
63010,-390336055930108,-19194,38581,-28299.0,33415.2,8.7,-0.040,83335936,19867224,LOCKED,1.000028299000,390766367336837
63011,-390336055939077,-254,57521,-28279.5,33379.2,8.7,-0.032,83335936,19947944,LOCKED,1.000028279000,390767367497120
63012,-390336055941414,22900,80675,-28180.5,33213.0,8.6,-0.059,83335935,20031519,LOCKED,1.000028180000,390768367656304
63013,-390336055966368,24810,82585,-28157.1,33347.1,8.6,-0.069,83335935,20113012,LOCKED,1.000028157000,390769367712461
63014,-390336056055630,-34598,23177,-28182.9,33568.0,8.6,-0.080,83335935,20098893,LOCKED,1.000028183000,390770367879647
63015,-390336056086383,-36495,21280,-28155.1,33179.5,8.6,-0.074,83335935,20197432,LOCKED,1.000028155000,390771367930802
63016,-390336056132569,-49509,8266,-28319.3,33319.2,8.8,-0.099,83335934,20180807,LOCKED,1.000028319000,390772368101125
63017,-390336056148247,-34016,23759,-28402.8,33586.9,8.8,-0.077,83335936,20273571,LOCKED,1.000028403000,390773368154528
63018,-390336056100963,38822,96597,-28327.5,33993.5,9.0,-0.103,83335934,20298851,LOCKED,1.000028327000,390774368219856
63019,-390336056213787,-44018,13757,-28335.6,34097.7,8.3,-0.127,83335934,20388554,LOCKED,1.000028336000,390775368380195
63020,-390336056212378,-13378,44397,-28357.3,34145.8,8.1,-0.145,83335934,20506394,LOCKED,1.000028357000,390776368436553
63021,-390336056270944,-41897,15878,-28370.5,34300.8,8.2,-0.156,83335934,20489333,LOCKED,1.000028371000,390777368606927
63022,-390336056283421,-22690,35085,-28495.7,33798.2,8.1,-0.156,83335935,20588339,LOCKED,1.000028496000,390778368782426
63023,-390336056261379,26422,84197,-28469.6,33952.0,8.1,-0.156,83335935,20696292,LOCKED,1.000028470000,390779368827896
63024,-390336056270905,42009,99784,-28374.6,34388.0,8.0,-0.155,83335935,20665938,LOCKED,1.000028375000,390780369008274
63025,-390336056361018,-20226,37549,-28316.4,33727.6,8.0,-0.155,83335935,20774957,LOCKED,1.000028316000,390781369183594
63026,-390336056358492,11029,68804,-28355.1,33460.8,8.1,-0.146,83335936,20872674,LOCKED,1.000028355000,390782369241949
63027,-390336056342854,51607,109382,-28273.2,34180.4,8.1,-0.146,83335935,20863106,LOCKED,1.000028273000,390783369403225
63028,-390336056455748,-31838,25937,-28278.0,34225.1,8.2,-0.139,83335936,20951333,LOCKED,1.000028278000,390784369571506
63029,-390336056457865,-3626,54149,-28372.8,33536.4,8.2,-0.139,83335935,21041906,LOCKED,1.000028373000,390785369630879
63030,-390336056539932,-53981,3794,-28447.0,34291.8,8.1,-0.140,83335935,21047666,LOCKED,1.000028447000,390786369688326
63031,-390336056524733,-11198,46577,-28385.9,33751.6,8.1,-0.140,83335935,21153849,LOCKED,1.000028386000,390787369849715
63032,-390336056517423,23948,81723,-28398.8,33640.6,8.2,-0.135,83335936,21248219,LOCKED,1.000028399000,390788369889114
63033,-390336056526989,39705,97480,-28313.7,34048.9,8.3,-0.130,83335936,21216549,LOCKED,1.000028314000,390789370077432
63034,-390336056613706,-19171,38604,-28258.5,33448.3,8.3,-0.126,83335936,21331944,LOCKED,1.000028258000,390790370242694
63035,-390336056598608,23931,81706,-28285.9,33174.0,8.4,-0.121,83335936,21433811,LOCKED,1.000028286000,390791370288980
63036,-390336056598618,48976,106751,-28208.6,33827.5,8.5,-0.117,83335936,21412568,LOCKED,1.000028209000,390792370459192
63037,-390336056688708,-11770,46005,-28244.8,33843.7,8.4,-0.120,83335935,21522475,LOCKED,1.000028245000,390793370624440
63038,-390336056689974,15811,73586,-28300.8,33286.5,8.5,-0.116,83335936,21609864,LOCKED,1.000028301000,390794370786744
63039,-390336056694715,37456,95231,-28269.1,33569.8,8.5,-0.116,83335935,21690919,LOCKED,1.000028269000,390795370836013
63040,-390336056771043,-11031,46744,-28229.7,33293.2,8.4,-0.119,83335935,21706487,LOCKED,1.000028230000,390796371010246
63041,-390336056752408,34783,92558,-28236.0,33220.4,8.6,-0.125,83335934,21813919,LOCKED,1.000028236000,390797371064482
63042,-390336056862942,-44426,13349,-28313.8,33763.7,8.8,-0.128,83335934,21795104,LOCKED,1.000028314000,390798371219799
63043,-390336056851240,-5705,52070,-28240.6,33152.9,9.0,-0.134,83335934,21893563,LOCKED,1.000028241000,390799371388043
63044,-390336056841166,31173,88948,-28222.0,33305.7,9.2,-0.135,83335934,21989576,LOCKED,1.000028222000,390800371416264
63045,-390336056873124,24459,82234,-28116.2,33115.3,9.2,-0.135,83335935,21951937,LOCKED,1.000028116000,390801371597384
63046,-390336056946258,-17556,40219,-28234.7,32499.9,9.4,-0.146,83335933,22066122,LOCKED,1.000028235000,390802371756622
63047,-390336057007040,-46047,11728,-28357.4,32935.7,9.6,-0.147,83335934,22160533,LOCKED,1.000028357000,390803371825980
63048,-390336056939574,47112,104887,-28304.9,33470.2,9.4,-0.158,83335934,22139489,LOCKED,1.000028305000,390804371890285
63049,-390336057058630,-41129,16646,-28359.8,33906.7,9.6,-0.158,83335934,22239622,LOCKED,1.000028360000,390805371949645
63050,-390336057091678,-41576,16199,-28499.1,33986.9,9.6,-0.152,83335934,22280286,LOCKED,1.000028499000,390806371993144
63051,-390336057078487,449,58224,-28516.3,33958.5,9.6,-0.150,83335935,22379435,LOCKED,1.000028516000,390807372151663
63052,-390336057080025,24315,82090,-28403.8,33686.9,10.2,-0.149,83335933,22470087,LOCKED,1.000028404000,390808372183066
63053,-390336057116607,16930,74705,-28471.0,32921.1,10.3,-0.147,83335934,22433241,LOCKED,1.000028471000,390809372355541
63054,-390336057193237,-28980,28795,-28533.3,33143.5,10.3,-0.136,83335934,22534938,LOCKED,1.000028533000,390810372521078
63055,-390336057187631,4092,61867,-28487.6,33013.7,10.2,-0.124,83335934,22630654,LOCKED,1.000028488000,390811372705570
63056,-390336057167496,47599,105374,-28315.4,32931.1,10.3,-0.119,83335934,22742897,LOCKED,1.000028315000,390812372759886
63057,-390336057275074,-29037,28738,-28396.1,33085.8,10.7,-0.112,83335933,22723301,LOCKED,1.000028396000,390813372938286
# STATS: PDUs=476 CSV=475 Gaps=0 Dups=0 Skip=0 d_min=-57775 ns drift=-28396.1 ns/s sigma=33085.8 ns state=LOCKED clk_err=+0 ns alpha=0.0200
63058,-390336057266240,7279,65054,-28363.3,33064.2,11.2,-0.112,83335933,22824063,LOCKED,1.000028363000,390814373107653
63059,-390336057269938,28790,86565,-28256.2,33004.3,11.6,-0.113,83335933,22910365,LOCKED,1.000028256000,390815373159909
63060,-390336057340841,-12760,45015,-28288.9,33040.1,11.7,-0.103,83335934,22929325,LOCKED,1.000028289000,390816373202198
63061,-390336057332994,21015,78790,-28207.8,32985.8,12.0,-0.088,83335933,23026221,LOCKED,1.000028208000,390817373256406
63062,-390336057435864,-51838,5469,-28210.4,33027.6,12.0,-0.081,83335934,23014169,LOCKED,1.000028210000,390818373457621
63063,-390336057410190,2529,59836,-28238.3,32933.9,12.0,-0.091,83335933,23129509,LOCKED,1.000028238000,390819373519860
63064,-390336057495744,-51559,5748,-28311.1,33642.3,11.8,-0.085,83335933,23133709,LOCKED,1.000028311000,390820373687175
63065,-390336057483654,-11775,45532,-28261.1,33232.8,11.9,-0.090,83335933,23232581,LOCKED,1.000028261000,390821373858440
63066,-390336057475335,24837,82144,-28304.1,32723.8,11.8,-0.078,83335934,23334792,LOCKED,1.000028304000,390822373908744
63067,-390336057578921,-46546,10761,-28418.2,33233.3,11.8,-0.079,83335933,23319966,LOCKED,1.000028418000,390823374076166
63068,-390336057566455,-5933,51374,-28395.0,33140.8,11.8,-0.078,83335933,23418306,LOCKED,1.000028395000,390824374236564
63069,-390336057560593,24954,82261,-28270.9,32727.2,12.0,-0.092,83335933,23511248,LOCKED,1.000028271000,390825374282835
63070,-390336057630681,-15348,41959,-28319.8,32749.3,12.0,-0.087,83335933,23532044,LOCKED,1.000028320000,390826374328155
63071,-390336057631014,11637,68944,-28289.9,32779.2,11.7,-0.104,83335933,23624398,LOCKED,1.000028290000,390827374369445
63072,-390336057634416,33079,90386,-28175.6,32796.6,12.0,-0.127,83335932,23595936,LOCKED,1.000028176000,390828374546624
63073,-390336057727874,-31402,25905,-28162.7,32651.0,11.9,-0.126,83335934,23704402,LOCKED,1.000028163000,390829374723790
63074,-390336057715179,9533,66840,-28182.4,32554.8,11.9,-0.125,83335934,23806686,LOCKED,1.000028182000,390830374774973
63075,-390336057816317,-58484,0,-28327.8,33344.9,11.9,-0.133,83335933,23792230,LOCKED,1.000028328000,390831374943304
63076,-390336057808619,-19462,39022,-28442.7,32859.2,11.9,-0.138,83335933,23889666,LOCKED,1.000028443000,390832375106750
63077,-390336057807013,11138,69622,-28488.4,32503.6,11.6,-0.145,83335933,23982304,LOCKED,1.000028488000,390833375159239
63078,-390336057806687,36142,94626,-28361.2,32498.8,11.6,-0.149,83335933,23958707,LOCKED,1.000028361000,390834375219601
63079,-390336057906620,-31650,26834,-28494.3,32225.9,11.7,-0.153,83335933,24059017,LOCKED,1.000028494000,390835375388099
63080,-390336057873903,28258,86742,-28477.3,32355.4,11.7,-0.151,83335934,24186488,LOCKED,1.000028477000,390836375315573
63081,-390336057983452,-47748,10736,-28646.9,32322.4,11.7,-0.149,83335934,24164111,LOCKED,1.000028647000,390837375492224
63082,-390336057963989,1601,60085,-28710.5,31911.1,11.7,-0.152,83335933,24270563,LOCKED,1.000028710000,390838375653938
63083,-390336057961119,30681,89165,-28638.7,32151.6,11.6,-0.154,83335933,24363777,LOCKED,1.000028639000,390839375691576
63084,-390336057970237,45896,104380,-28503.5,32474.6,11.6,-0.151,83335934,24332949,LOCKED,1.000028503000,390840375869083
63085,-390336058058571,-12142,46342,-28571.4,32315.4,11.5,-0.148,83335934,24447901,LOCKED,1.000028571000,390841376030658
63086,-390336058051101,22271,80755,-28528.4,32455.2,11.2,-0.143,83335934,24541274,LOCKED,1.000028528000,390842376064186
63087,-390336058061043,36623,95107,-28381.2,32198.5,11.1,-0.140,83335934,24513320,LOCKED,1.000028381000,390843376247571
63088,-390336058146557,-18091,40393,-28470.0,31987.7,10.7,-0.139,83335933,24626243,LOCKED,1.000028470000,390844376406044
63089,-390336058181955,-23088,35396,-28526.5,32117.1,10.7,-0.139,83335933,24716258,LOCKED,1.000028526000,390845376468571
63090,-390336058210006,-19004,39480,-28672.2,31021.5,10.7,-0.138,83335933,24746866,LOCKED,1.000028672000,390846376526244
63091,-390336058205147,14429,72913,-28691.5,30891.4,10.6,-0.138,83335933,24837028,LOCKED,1.000028691000,390847376685939
63092,-390336058238953,8397,66881,-28660.3,30886.3,10.2,-0.133,83335933,24928228,LOCKED,1.000028660000,390848376741600
63093,-390336058299822,-23244,35240,-28649.5,30789.4,9.7,-0.128,83335933,24918126,LOCKED,1.000028650000,390849376896253
63094,-390336058338580,-30268,28216,-28750.7,30838.1,9.2,-0.119,83335934,25005185,LOCKED,1.000028751000,390850377066007
63095,-390336058298354,35744,94228,-28664.6,31164.6,8.7,-0.112,83335933,25099206,LOCKED,1.000028665000,390851377126672
63096,-390336058403632,-39687,18797,-28656.5,31050.5,8.4,-0.106,83335932,25084284,LOCKED,1.000028657000,390852377302332
63097,-390336058390378,2595,61079,-28679.1,30981.1,8.2,-0.102,83335933,25185668,LOCKED,1.000028679000,390853377488015
63098,-390336058377519,40899,99383,-28588.3,31440.0,7.4,-0.092,83335933,25287723,LOCKED,1.000028588000,390854377530603
63099,-390336058491077,-42438,16046,-28597.8,31566.5,7.2,-0.085,83335934,25261403,LOCKED,1.000028598000,390855377701204
63100,-390336058469915,7168,65652,-28602.2,31554.2,7.0,-0.078,83335933,25375577,LOCKED,1.000028602000,390856377748806
63101,-390336058468520,33510,91994,-28478.3,31479.0,7.0,-0.077,83335933,25464127,LOCKED,1.000028478000,390857377787284
63102,-390336058484274,44599,103083,-28472.2,31566.0,7.0,-0.075,83335933,25429559,LOCKED,1.000028472000,390858377973760
63103,-390336058572004,-13631,44853,-28500.0,31618.8,7.0,-0.072,83335934,25540888,LOCKED,1.000028500000,390859378146264
63104,-390336058557897,25901,84385,-28392.0,31442.2,7.1,-0.070,83335934,25646992,LOCKED,1.000028392000,390860378185656
63105,-390336058567035,41034,99518,-28257.8,31565.2,6.8,-0.060,83335933,25612926,LOCKED,1.000028258000,390861378351917
63106,-390336058667173,-28660,29824,-28317.5,31795.8,6.8,-0.065,83335934,25710804,LOCKED,1.000028317000,390862378520238
63107,-390336058667911,298,58782,-28385.8,31345.7,6.8,-0.062,83335933,25800717,LOCKED,1.000028386000,390863378683627
63108,-390336058662789,29812,88296,-28239.0,30747.7,7.2,-0.060,83335935,25894727,LOCKED,1.000028239000,390864378726866
63109,-390336058675537,43428,101912,-28219.2,31002.6,7.2,-0.058,83335934,25974969,LOCKED,1.000028219000,390865378777085
63110,-390336058747425,1030,59514,-28283.4,30578.5,7.2,-0.053,83335933,25990702,LOCKED,1.000028283000,390866378832369
63111,-390336058737814,36351,94835,-28217.5,30973.9,7.3,-0.041,83335935,26090032,LOCKED,1.000028218000,390867378874586
63112,-390336058858943,-53859,4625,-28260.6,31575.9,7.3,-0.050,83335934,26057791,LOCKED,1.000028261000,390868379045850
63113,-390336058846829,-13311,45173,-28246.9,31497.4,7.3,-0.043,83335933,26159572,LOCKED,1.000028247000,390869379214100
63114,-390336058835008,25893,84377,-28247.6,31491.5,7.3,-0.039,83335933,26258248,LOCKED,1.000028248000,390870379262348
63115,-390336058841109,44693,103177,-28157.5,32058.2,7.3,-0.034,83335933,26231907,LOCKED,1.000028158000,390871379434509
63116,-390336058934411,-21022,37462,-28094.4,31240.0,7.2,-0.030,83335933,26343558,LOCKED,1.000028094000,390872379596607
63117,-390336058937133,4710,63194,-28119.9,31137.0,7.2,-0.040,83335933,26427430,LOCKED,1.000028120000,390873379644727
# STATS: PDUs=536 CSV=535 Gaps=0 Dups=0 Skip=0 d_min=-58484 ns drift=-28119.9 ns/s sigma=31137.0 ns state=LOCKED clk_err=+0 ns alpha=0.0200
63118,-390336058935091,32053,90537,-28034.8,31359.5,7.2,-0.036,83335934,26406040,LOCKED,1.000028035000,390874379818765
63119,-390336059040164,-43498,14986,-28035.4,31368.2,7.4,-0.062,83335932,26505820,LOCKED,1.000028035000,390875379983804
63120,-390336058990052,32338,90822,-27975.6,31673.3,7.4,-0.057,83335933,26638413,LOCKED,1.000027976000,390876379925777
63121,-390336059100436,-48109,10375,-27991.9,31907.1,7.4,-0.058,83335934,26617586,LOCKED,1.000027992000,390877380088772
63122,-390336059106962,-23742,34742,-28095.0,31714.3,7.5,-0.048,83335934,26702492,LOCKED,1.000028095000,390878380251870
63123,-390336059102671,7567,66051,-28054.6,31661.7,7.6,-0.036,83335934,26796326,LOCKED,1.000028055000,390879380306925
63124,-390336059090581,45967,104451,-28045.5,31793.6,7.7,-0.026,83335934,26784154,LOCKED,1.000028045000,390880380493974
63125,-390336059174319,-9034,49450,-28064.4,31816.4,8.1,-0.007,83335935,26903770,LOCKED,1.000028064000,390881380649041
63126,-390336059198309,-5775,52709,-28014.7,31486.4,8.4,0.008,83335935,26994995,LOCKED,1.000028015000,390882380710056
63127,-390336059268399,-43430,15054,-28159.6,31587.4,8.7,0.022,83335935,26986061,LOCKED,1.000028160000,390883380874219
63128,-390336059267381,-13229,45255,-28187.9,31635.9,8.7,0.027,83335934,27075643,LOCKED,1.000028188000,390884381039410
63129,-390336059264702,15475,73959,-28107.4,31434.5,9.0,0.038,83335935,27168166,LOCKED,1.000028107000,390885381105518
63130,-390336059320026,-10683,47801,-28141.6,31445.0,8.9,0.041,83335934,27202598,LOCKED,1.000028142000,390886381161660
63131,-390336059311379,23808,82292,-28068.3,31516.4,8.9,0.043,83335934,27296813,LOCKED,1.000028068000,390887381218729
63132,-390336059420300,-54826,3658,-28086.0,31808.9,8.8,0.051,83335935,27277568,LOCKED,1.000028086000,390888381385818
63133,-390336059407802,-12667,45817,-28142.4,31745.4,9.4,0.065,83335936,27380613,LOCKED,1.000028142000,390889381575964
63134,-390336059386940,33323,91807,-28049.7,31956.1,9.6,0.072,83335935,27491114,LOCKED,1.000028050000,390890381613013
63135,-390336059497494,-44284,14200,-28216.7,31771.4,9.6,0.072,83335934,27465286,LOCKED,1.000028217000,390891381787233
63136,-390336059482812,-622,57862,-28253.2,31652.9,9.5,0.072,83335934,27568880,LOCKED,1.000028253000,390892381946489
63137,-390336059478354,29728,88212,-28186.6,31889.7,9.5,0.072,83335934,27663257,LOCKED,1.000028187000,390893381989676
63138,-390336059492684,39471,97955,-28050.1,31914.2,9.4,0.071,83335934,27627784,LOCKED,1.000028050000,390894382036726
63139,-390336059599209,-35487,22997,-28163.9,32027.7,9.5,0.075,83335935,27719087,LOCKED,1.000028164000,390895382075890
63140,-390336059557352,31350,89834,-28059.6,32082.5,9.7,0.080,83335935,27739398,LOCKED,1.000028060000,390896382134950
63141,-390336059656093,-35098,23386,-28209.3,31708.2,9.6,0.081,83335934,27839671,LOCKED,1.000028209000,390897382308163
63142,-390336059645223,3967,62451,-28215.2,31697.1,10.1,0.086,83335936,27940040,LOCKED,1.000028215000,390898382482382
63143,-390336059630964,42642,101126,-28099.4,32065.0,10.5,0.091,83335936,28046174,LOCKED,1.000028099000,390899382529481
63144,-390336059746874,-43748,14736,-28096.4,32019.9,10.6,0.095,83335935,28019021,LOCKED,1.000028096000,390900382703581
63145,-390336059732632,-881,57603,-28120.9,31970.5,11.1,0.101,83335936,28118794,LOCKED,1.000028121000,390901382872705
63146,-390336059715970,40330,98814,-28012.5,32304.3,11.2,0.104,83335935,28226085,LOCKED,1.000028012000,390902382909717
63147,-390336059833496,-47402,11082,-28021.1,32429.4,11.3,0.108,83335935,28194231,LOCKED,1.000028021000,390903383074741
63148,-390336059837806,-21694,36790,-28083.1,32509.7,11.3,0.107,83335935,28280341,LOCKED,1.000028083000,390904383232827
63149,-390336059839155,5471,63955,-28113.4,32371.1,11.3,0.105,83335935,28365564,LOCKED,1.000028113000,390905383267940
63150,-390336059930627,-53321,5163,-28249.1,33009.6,11.4,0.103,83335935,28362765,LOCKED,1.000028249000,390906383310189
63151,-390336059929584,-22649,35835,-28279.2,33144.3,11.3,0.099,83335934,28455475,LOCKED,1.000028279000,390907383476472
63152,-390336059919306,14890,73374,-28254.0,33205.8,11.3,0.096,83335935,28552665,LOCKED,1.000028254000,390908383643729
63153,-390336059912811,47498,105982,-28227.9,33535.3,11.3,0.092,83335935,28649993,LOCKED,1.000028228000,390909383688957
63154,-390336060023581,-31308,27176,-28359.4,33278.4,11.4,0.093,83335935,28627988,LOCKED,1.000028359000,390910383855320
63155,-390336060017243,2479,60963,-28318.8,33161.0,11.3,0.088,83335934,28723023,LOCKED,1.000028319000,390911384029642
63156,-390336060006961,40232,98716,-28344.2,32776.4,10.9,0.074,83335934,28827320,LOCKED,1.000028344000,390912384069986
63157,-390336060119527,-40613,17871,-28442.5,33170.5,11.0,0.068,83335933,28800567,LOCKED,1.000028443000,390913384235432
63158,-390336060116417,-9247,49237,-28417.9,33043.3,11.1,0.061,83335933,28895582,LOCKED,1.000028418000,390914384412854
63159,-390336060099751,35525,94009,-28461.8,32365.0,11.1,0.062,83335934,29001705,LOCKED,1.000028462000,390915384455316
63160,-390336060180062,-14800,43684,-28512.1,32372.5,11.0,0.053,83335934,29010323,LOCKED,1.000028512000,390916384502828
63161,-390336060182411,10140,68624,-28468.9,32341.6,10.8,0.043,83335934,29095008,LOCKED,1.000028469000,390917384664300
63162,-390336060175908,41224,99708,-28346.4,32591.8,10.7,0.032,83335934,29191593,LOCKED,1.000028346000,390918384695646
63163,-390336060200686,42790,101274,-28319.3,32897.4,10.8,0.029,83335935,29150784,LOCKED,1.000028319000,390919384867969
63164,-390336060291168,-18604,39880,-28326.0,32933.4,10.9,0.025,83335935,29256222,LOCKED,1.000028326000,390920385021298
63165,-390336060327722,-26230,32254,-28311.9,32796.5,10.7,0.020,83335935,29339347,LOCKED,1.000028312000,390921385194613
63166,-390336060285488,42636,101120,-28300.4,32941.2,10.8,0.027,83335935,29441069,LOCKED,1.000028300000,390922385248914
63167,-390336060391845,-32800,25684,-28374.6,33215.9,10.9,0.035,83335936,29426562,LOCKED,1.000028375000,390923385422292
63168,-390336060376899,9098,67582,-28319.8,33102.4,10.9,0.067,83335936,29528305,LOCKED,1.000028320000,390924385480612
63169,-390336060373824,36540,95024,-28186.3,33037.6,11.0,0.070,83335935,29623341,LOCKED,1.000028186000,390925385533798
63170,-390336060426336,11422,69906,-28166.4,33074.0,10.8,0.058,83335935,29657618,LOCKED,1.000028166000,390926385599965
63171,-390336060520502,-52300,6184,-28191.2,33429.3,11.1,0.050,83335933,29656017,LOCKED,1.000028191000,390927385779160
63172,-390336060493848,4180,62664,-28278.6,32619.4,11.1,0.053,83335935,29770341,LOCKED,1.000028279000,390928385839439
63173,-390336060474534,48981,107465,-28222.9,33208.3,11.1,0.050,83335936,29769399,LOCKED,1.000028223000,390929386022666
63174,-390336060562451,-10795,47689,-28200.9,33089.0,10.9,0.058,83335935,29877564,LOCKED,1.000028201000,390930386193870
63175,-390336060551769,24705,83189,-28075.7,32648.6,10.7,0.053,83335934,29979949,LOCKED,1.000028076000,390931386237946
63176,-390336060663339,-54486,3998,-28196.5,33419.3,10.4,0.048,83335934,29959106,LOCKED,1.000028197000,390932386417146
63177,-390336060638409,-1542,56942,-28185.0,33401.7,10.2,0.043,83335934,30068506,LOCKED,1.000028185000,390933386583334
# STATS: PDUs=596 CSV=595 Gaps=0 Dups=0 Skip=0 d_min=-58484 ns drift=-28185.0 ns/s sigma=33401.7 ns state=LOCKED clk_err=+0 ns alpha=0.0200
63178,-390336060635171,26642,85126,-28070.1,33180.0,10.5,0.028,83335933,30164605,LOCKED,1.000028070000,390934386615404
63179,-390336060650125,38322,96806,-28063.4,33257.5,10.1,0.017,83335933,30125363,LOCKED,1.000028063000,390935386792471
63180,-390336060698805,15132,73616,-27962.1,32813.6,10.1,0.005,83335933,30274375,LOCKED,1.000027962000,390936386832433
63181,-390336060706386,34413,92897,-27965.3,32776.9,10.1,0.001,83335934,30357382,LOCKED,1.000027965000,390937386876398
63182,-390336060823283,-50437,8047,-28082.0,33413.2,10.3,-0.010,83335933,30328870,LOCKED,1.000028082000,390938387051484
63183,-390336060818009,-16415,42069,-28087.4,33438.5,11.0,-0.027,83335932,30423632,LOCKED,1.000028087000,390939387218575
63184,-390336060807931,18541,77025,-27960.4,32725.8,11.6,-0.042,83335932,30524440,LOCKED,1.000027960000,390940387259535
63185,-390336060914837,-56560,1924,-28055.2,33613.3,12.1,-0.055,83335932,30506127,LOCKED,1.000028055000,390941387424594
63186,-390336060903975,-16652,41832,-28076.2,33683.2,12.6,-0.066,83335932,30607338,LOCKED,1.000028076000,390942387595674
63187,-390336060886521,28253,86737,-28092.5,33514.9,12.7,-0.071,83335933,30714494,LOCKED,1.000028093000,390943387643767
63188,-390336060992623,-46186,12298,-28191.1,34069.3,12.8,-0.077,83335933,30697997,LOCKED,1.000028191000,390944387814962
63189,-390336060984537,-9880,48604,-28176.1,34003.5,12.8,-0.081,83335933,30795716,LOCKED,1.000028176000,390945387867138
63190,-390336061058032,-51351,7133,-28279.7,34695.1,13.2,-0.090,83335932,30810059,LOCKED,1.000028280000,390946388026421
63191,-390336061060790,-25043,33441,-28276.7,34670.9,13.6,-0.099,83335932,30895973,LOCKED,1.000028277000,390947388187701
63192,-390336061048551,16229,74713,-28340.9,33990.8,14.3,-0.109,83335931,30995151,LOCKED,1.000028341000,390948388247042
63193,-390336061043682,46729,105213,-28285.5,34516.9,14.4,-0.110,83335932,30980862,LOCKED,1.000028286000,390949388423331
63194,-390336061127571,-9452,49032,-28241.4,34219.2,14.6,-0.114,83335932,31095685,LOCKED,1.000028241000,390950388579575
63195,-390336061151789,-3555,53005,-28327.6,33657.4,14.9,-0.120,83335932,31182884,LOCKED,1.000028328000,390951388647903
63196,-390336061227839,-47746,8814,-28421.6,34266.8,15.2,-0.126,83335932,31172123,LOCKED,1.000028422000,390952388808328
63197,-390336061216273,-8083,48477,-28392.2,34117.7,15.4,-0.131,83335932,31273706,LOCKED,1.000028392000,390953388982724
63198,-390336061201563,31397,87957,-28266.4,33943.3,15.7,-0.136,83335932,31376476,LOCKED,1.000028266000,390954388926988
63199,-390336061304748,-39560,17000,-28395.3,34054.9,15.8,-0.136,83335932,31364199,LOCKED,1.000028395000,390955388982384
63200,-390336061334579,-39413,17147,-28407.4,34189.0,16.0,-0.135,83335932,31395205,LOCKED,1.000028407000,390956389024791
63201,-390336061362961,-35595,20965,-28534.6,34162.1,16.2,-0.138,83335932,31481656,LOCKED,1.000028535000,390957389187329
63202,-390336061355514,409,56969,-28536.4,34161.7,16.2,-0.131,83335932,31585093,LOCKED,1.000028536000,390958389242866
63203,-390336061417585,-32349,24211,-28520.7,33983.0,15.9,-0.121,83335933,31579321,LOCKED,1.000028521000,390959389415390
63204,-390336061431998,-15577,40983,-28625.7,33511.7,15.8,-0.115,83335933,31680286,LOCKED,1.000028626000,390960389587019
63205,-390336061426740,17287,73847,-28604.4,33586.6,15.5,-0.103,83335933,31780600,LOCKED,1.000028604000,390961389643624
63206,-390336061420302,47580,104140,-28450.2,33759.7,15.6,-0.096,83335932,31762333,LOCKED,1.000028450000,390962389830078
63207,-390336061494188,3478,60038,-28521.5,33225.8,15.5,-0.088,83335933,31889938,LOCKED,1.000028522000,390963390012603
63208,-390336061464954,58015,114575,-28460.0,34005.1,15.4,-0.078,83335933,32006016,LOCKED,1.000028460000,390964390058063
63209,-390336061581444,-28219,28341,-28501.2,34214.4,15.5,-0.067,83335932,31981650,LOCKED,1.000028501000,390965390219568
63210,-390336061542959,38212,94772,-28537.6,33666.2,15.3,-0.055,83335933,32105073,LOCKED,1.000028538000,390966390137102
63211,-390336061561888,45782,102342,-28513.7,33956.2,15.5,-0.049,83335932,32067207,LOCKED,1.000028514000,390967390329620
63212,-390336061636846,-821,55739,-28504.5,33946.5,15.3,-0.033,83335933,32190559,LOCKED,1.000028505000,390968390505128
63213,-390336061619804,40435,96995,-28361.0,33924.0,15.2,-0.013,83335932,32300623,LOCKED,1.000028361000,390969390551489
63214,-390336061729474,-36995,19565,-28490.1,33931.1,15.1,0.011,83335932,32278972,LOCKED,1.000028490000,390970390720983
63215,-390336061708868,11504,68064,-28479.9,33958.3,15.0,0.022,83335933,32388331,LOCKED,1.000028480000,390971390883466
63216,-390336061698814,45681,102241,-28341.7,34226.3,14.9,0.036,83335933,32488560,LOCKED,1.000028342000,390972390931808
63217,-390336061808100,-31398,25162,-28479.5,33890.3,15.0,0.048,83335934,32469263,LOCKED,1.000028480000,390973391092291
63218,-390336061804237,1550,58110,-28511.9,33781.9,15.0,0.040,83335933,32558882,LOCKED,1.000028512000,390974391261806
63219,-390336061800535,30774,87334,-28416.1,33885.1,14.9,0.047,83335933,32653713,LOCKED,1.000028416000,390975391303222
63220,-390336061888422,-25987,30573,-28506.1,33894.6,15.0,0.042,83335932,32655885,LOCKED,1.000028506000,390976391347728
63221,-390336061890787,205,56765,-28508.9,33893.7,14.9,0.069,83335934,32741381,LOCKED,1.000028509000,390977391525241
63222,-390336061874749,40740,97300,-28379.5,34047.6,14.7,0.099,83335934,32848562,LOCKED,1.000028380000,390978391570620
63223,-390336061987886,-42503,14057,-28383.2,34094.5,14.1,0.152,83335934,32821457,LOCKED,1.000028383000,390979391735007
63224,-390336061980968,-6053,50507,-28429.5,33991.8,13.2,0.215,83335934,32919160,LOCKED,1.000028430000,390980391908440
63225,-390336061963342,38406,94966,-28415.1,34145.0,13.0,0.221,83335935,33024721,LOCKED,1.000028415000,390981391956855
63226,-390336061966460,58235,114795,-28243.2,34630.2,12.7,0.215,83335934,33001611,LOCKED,1.000028243000,390982392126102
63227,-390336062063766,-9007,47553,-28317.8,34351.9,12.1,0.196,83335933,33106425,LOCKED,1.000028318000,390983392294423
63228,-390336062055144,25879,82439,-28259.9,34517.7,11.3,0.181,83335933,33199682,LOCKED,1.000028260000,390984392230680
63229,-390336062069441,35922,92482,-28127.0,34437.8,11.2,0.161,83335932,33166506,LOCKED,1.000028127000,390985392398810
63230,-390336062124169,8064,64624,-28078.6,34352.9,11.0,0.144,83335932,33312700,LOCKED,1.000028079000,390986392450889
63231,-390336062129717,30102,86662,-28104.6,34053.5,11.6,0.123,83335931,33394694,LOCKED,1.000028105000,390987392505994
63232,-390336062236651,-45819,10741,-28171.3,34601.1,11.3,0.111,83335932,33379331,LOCKED,1.000028171000,390988392673169
63233,-390336062226793,-9089,47471,-28092.2,33831.9,10.3,0.102,83335932,33475847,LOCKED,1.000028092000,390989392834264
63234,-390336062219939,24248,80808,-28053.5,33990.5,9.8,0.094,83335932,33573478,LOCKED,1.000028053000,390990392871317
63235,-390336062232817,35618,92178,-27925.7,33957.9,10.0,0.082,83335931,33538113,LOCKED,1.000027926000,390991393056247
63236,-390336062319171,-19910,36650,-28035.2,33572.5,10.2,0.071,83335931,33655101,LOCKED,1.000028035000,390992393214285
63237,-390336062339105,-11267,45293,-28043.0,33594.7,10.3,0.062,83335931,33747105,LOCKED,1.000028043000,390993393268328
# STATS: PDUs=656 CSV=655 Gaps=0 Dups=0 Skip=0 d_min=-56560 ns drift=-28043.0 ns/s sigma=33594.7 ns state=LOCKED clk_err=+0 ns alpha=0.0200
63238,-390336062418543,-59858,0,-28081.1,34174.1,10.6,0.053,83335931,33731867,LOCKED,1.000028081000,390994393420412
63239,-390336062440516,-51980,7878,-28081.5,34179.8,11.4,0.040,83335930,33811504,LOCKED,1.000028081000,390995393601497
63240,-390336062477844,-58343,1515,-28126.1,34800.0,11.6,0.034,83335931,33946047,LOCKED,1.000028126000,390996393534620
63241,-390336062492296,-43554,16304,-28108.3,34538.2,11.9,0.026,83335930,33927525,LOCKED,1.000028108000,390997393701732
63242,-390336062509087,-29042,30816,-28217.0,34473.8,12.1,0.021,83335931,34030072,LOCKED,1.000028217000,390998393870952
63243,-390336062466212,39407,99265,-28152.7,34884.7,12.3,0.015,83335931,34129182,LOCKED,1.000028153000,390999393930105
63244,-390336062566134,-31480,28378,-28143.6,34790.9,12.4,0.010,83335931,34120129,LOCKED,1.000028144000,391000394096252
63245,-390336062555244,8417,68275,-28200.1,34369.1,12.4,0.008,83335932,34218635,LOCKED,1.000028200000,391001394148452
63246,-390336062547606,41515,101373,-28134.6,34823.9,12.4,0.006,83335932,34202968,LOCKED,1.000028135000,391002394341591
63247,-390336062624503,-8198,51660,-28074.1,34356.7,12.4,0.008,83335932,34328027,LOCKED,1.000028074000,391003394518669
63248,-390336062607029,36011,95869,-28068.3,34417.8,12.5,0.007,83335931,34433126,LOCKED,1.000028068000,391004394568737
63249,-390336062718759,-44635,15223,-28142.2,34945.8,12.7,0.014,83335934,34413914,LOCKED,1.000028142000,391005394744883
63250,-390336062670070,31579,91437,-28164.5,34690.3,12.7,0.013,83335932,34547205,LOCKED,1.000028165000,391006394658044
63251,-390336062688051,39742,99600,-28131.4,34993.2,12.8,0.013,83335933,34504980,LOCKED,1.000028131000,391007394846179
63252,-390336062773968,-17520,42338,-28128.0,34974.0,12.7,0.009,83335933,34618202,LOCKED,1.000028128000,391008395013310
63253,-390336062771486,10465,70323,-28016.3,34248.7,12.9,0.010,83335934,34715306,LOCKED,1.000028016000,391009395180330
63254,-390336062775068,32583,92441,-27956.7,34532.8,13.2,0.010,83335934,34801399,LOCKED,1.000027957000,391010395223287
63255,-390336062885589,-46946,12912,-28027.7,35105.5,13.4,0.010,83335934,34777319,LOCKED,1.000028028000,391011395379318
63256,-390336062885899,-16550,43308,-28131.9,34693.2,13.6,0.009,83335934,34863438,LOCKED,1.000028132000,391012395546453
63257,-390336062882221,14491,74349,-28118.2,34737.0,13.6,0.007,83335933,34958758,LOCKED,1.000028118000,391013395703574
63258,-390336062895751,25982,85840,-28009.2,34568.5,13.6,0.004,83335933,35033003,LOCKED,1.000028009000,391014395624580
63259,-390336062914708,33942,93800,-28012.0,34538.5,13.6,0.001,83335933,34991698,LOCKED,1.000028012000,391015395812596
63260,-390336062965811,11433,71291,-28059.7,34172.9,13.6,-0.003,83335933,35141232,LOCKED,1.000028060000,391016395857656
63261,-390336062972148,32374,92232,-28075.3,33996.3,13.6,-0.007,83335932,35225430,LOCKED,1.000028075000,391017395894731
63262,-390336063082950,-46830,13028,-28170.4,34571.3,13.6,-0.012,83335933,35199279,LOCKED,1.000028170000,391018396054905
63263,-390336063086800,-19595,40263,-28281.1,34166.2,13.6,-0.009,83335933,35286023,LOCKED,1.000028281000,391019396224190
63264,-390336063078949,16574,76432,-28310.6,33938.9,13.6,-0.005,83335933,35383688,LOCKED,1.000028311000,391020396262500
63265,-390336063087271,34236,94094,-28253.2,34255.2,13.6,-0.001,83335933,35351277,LOCKED,1.000028253000,391021396443757
63266,-390336063172449,-22355,37503,-28232.3,34073.2,13.6,-0.006,83335932,35466199,LOCKED,1.000028232000,391022396604993
63267,-390336063168551,9466,69324,-28232.9,34071.5,13.6,-0.001,83335933,35560836,LOCKED,1.000028233000,391023396770229
63268,-390336063162477,39349,99207,-28081.0,33884.0,13.8,-0.000,83335934,35656653,LOCKED,1.000028081000,391024396826310
63269,-390336063271598,-37767,22091,-28211.0,33911.7,13.8,0.001,83335933,35637678,LOCKED,1.000028211000,391025396984524
63270,-390336063244090,15904,75762,-28136.8,33790.4,13.8,0.016,83335933,35753630,LOCKED,1.000028137000,391026397026661
63271,-390336063251627,32862,92720,-28012.5,33690.2,13.8,-0.002,83335932,35836962,LOCKED,1.000028012000,391027397082674
63272,-390336063354161,-38781,21077,-28089.4,34092.2,13.8,0.012,83335933,35821003,LOCKED,1.000028089000,391028397242767
63273,-390336063354902,-11966,47892,-28043.2,33732.3,13.8,0.010,83335933,35912678,LOCKED,1.000028043000,391029397406814
63274,-390336063369472,2779,62637,-28110.4,33269.8,13.8,0.007,83335933,36004462,LOCKED,1.000028110000,391030397469925
63275,-390336063438122,-35468,24390,-28164.0,33610.1,13.8,0.006,83335932,36005666,LOCKED,1.000028164000,391031397621092
63276,-390336063477652,-45194,14664,-28169.3,33682.6,13.8,0.008,83335932,36087472,LOCKED,1.000028169000,391032397803265
63277,-390336063427214,32495,92353,-28178.3,33583.9,13.6,0.008,83335933,36196288,LOCKED,1.000028178000,391033397852443
63278,-390336063534371,-43226,16632,-28266.5,34079.5,13.6,0.012,83335933,36178845,LOCKED,1.000028266000,391034398035713
63279,-390336063510305,7752,67610,-28212.8,33953.8,13.6,0.016,83335933,36293642,LOCKED,1.000028213000,391035398093926
63280,-390336063583004,-33182,26676,-28332.2,33921.7,13.8,0.031,83335934,36309814,LOCKED,1.000028332000,391036398152259
63281,-390336063572329,5865,65723,-28343.9,33888.2,13.7,0.042,83335934,36410196,LOCKED,1.000028344000,391037398204603
63282,-390336063568295,34718,94576,-28228.4,33952.0,13.6,0.033,83335932,36389210,LOCKED,1.000028228000,391038398387835
63283,-390336063651601,-17358,42500,-28347.1,33339.8,13.6,0.044,83335934,36505988,LOCKED,1.000028347000,391039398574186
63284,-390336063630570,30578,90436,-28327.2,33496.1,13.5,0.053,83335934,36616679,LOCKED,1.000028327000,391040398624513
63285,-390336063732100,-40736,19122,-28352.1,33758.4,13.4,0.069,83335935,36604163,LOCKED,1.000028352000,391041398790869
63286,-390336063733405,-14537,45321,-28286.2,33066.9,13.4,0.078,83335934,36690696,LOCKED,1.000028286000,391042398964159
63287,-390336063731371,15217,75075,-28283.7,33078.5,13.3,0.079,83335933,36782655,LOCKED,1.000028284000,391043399008443
63288,-390336063740646,31243,91101,-28189.1,33206.6,13.4,0.087,83335934,36752145,LOCKED,1.000028189000,391044399067632
63289,-390336063855418,-53051,6807,-28213.2,33557.6,13.4,0.087,83335933,36835371,LOCKED,1.000028213000,391045399230849
63290,-390336063818501,10840,70698,-28170.4,33538.9,13.5,0.093,83335934,36963909,LOCKED,1.000028170000,391046399268019
63291,-390336063820286,33552,93410,-28045.7,33460.2,13.4,0.097,83335934,37047898,LOCKED,1.000028046000,391047399314065
63292,-390336063939808,-52907,6951,-28204.2,33841.7,13.5,0.101,83335934,37019043,LOCKED,1.000028204000,391048399473272
63293,-390336063936109,-19507,40351,-28245.3,33941.0,13.5,0.105,83335934,37109183,LOCKED,1.000028245000,391049399637521
63294,-390336063932851,10210,70068,-28174.5,33721.0,13.6,0.108,83335934,37203350,LOCKED,1.000028174000,391050399790698
63295,-390336063936213,31146,91004,-28035.8,33355.6,13.4,0.104,83335933,37286810,LOCKED,1.000028036000,391051399828734
63296,-390336063955799,37219,97077,-27980.9,33726.8,13.2,0.103,83335934,37246899,LOCKED,1.000027981000,391052400004719
63297,-390336064047677,-25045,34813,-28019.5,33895.3,13.0,0.102,83335934,37351622,LOCKED,1.000028019000,391053400188742
# STATS: PDUs=716 CSV=715 Gaps=0 Dups=0 Skip=0 d_min=-59858 ns drift=-28019.5 ns/s sigma=33895.3 ns state=LOCKED clk_err=+0 ns alpha=0.0200
63298,-390336064028594,22258,82116,-28066.5,33371.3,12.8,0.100,83335934,37463172,LOCKED,1.000028066000,391054400339811
63299,-390336064041484,36520,96378,-28082.4,33165.1,12.1,0.094,83335934,37542842,LOCKED,1.000028082000,391055400383893
63300,-390336064128603,-19163,40695,-28215.4,32363.7,11.8,0.089,83335934,37539348,LOCKED,1.000028215000,391056400427108
63301,-390336064136108,3032,62890,-28293.4,31715.4,10.9,0.078,83335933,37624453,LOCKED,1.000028293000,391057400589405
63302,-390336064126282,39784,99642,-28292.5,31727.5,10.6,0.068,83335932,37721178,LOCKED,1.000028293000,391058400623697
63303,-390336064245796,-49112,10746,-28325.0,32153.5,10.2,0.059,83335933,37687548,LOCKED,1.000028325000,391059400796026
63304,-390336064235882,-8812,51046,-28411.7,31699.4,9.7,0.050,83335933,37789285,LOCKED,1.000028412000,391060400957441
63305,-390336064232636,21509,81367,-28381.8,31827.9,9.7,0.043,83335932,37881432,LOCKED,1.000028382000,391061401114826
63306,-390336064234794,43561,103419,-28249.2,32079.7,10.2,0.034,83335931,37971304,LOCKED,1.000028249000,391062401159075
63307,-390336064345728,-36151,23707,-28335.2,32406.2,10.0,0.028,83335933,37947253,LOCKED,1.000028335000,391063401322413
63308,-390336064366681,-27924,31934,-28330.2,32358.5,9.5,0.016,83335933,38032604,LOCKED,1.000028330000,391064401490747
63309,-390336064331203,35267,95125,-28358.6,31955.2,9.4,0.021,83335933,38138646,LOCKED,1.000028359000,391065401546106
63310,-390336064409326,-14330,45528,-28343.0,31858.4,9.4,0.013,83335932,38154357,LOCKED,1.000028343000,391066401593449
63311,-390336064417664,4149,64007,-28274.8,31512.8,9.6,0.012,83335932,38245518,LOCKED,1.000028275000,391067401650724
63312,-390336064507901,-53375,6483,-28404.1,32217.1,9.7,0.011,83335932,38233685,LOCKED,1.000028404000,391068401810131
63313,-390336064505083,-20952,38906,-28428.2,32327.7,10.2,0.020,83335931,38322893,LOCKED,1.000028428000,391069401984563
63314,-390336064484849,24849,84707,-28328.9,32215.3,10.2,0.030,83335932,38434192,LOCKED,1.000028329000,391070402033892
63315,-390336064491191,45366,105224,-28332.3,32164.0,10.2,0.041,83335932,38404866,LOCKED,1.000028332000,391071402214228
63316,-390336064589884,-22671,37187,-28408.8,32185.6,10.2,0.054,83335932,38505110,LOCKED,1.000028409000,391072402398641
63317,-390336064570822,22892,82750,-28353.1,32312.9,10.6,0.061,83335931,38617048,LOCKED,1.000028353000,391073402449994
63318,-390336064677705,-52858,7000,-28401.7,32924.1,11.0,0.070,83335931,38596167,LOCKED,1.000028402000,391074402486395
63319,-390336064686642,-32370,27488,-28398.1,32885.4,11.4,0.081,83335931,38681043,LOCKED,1.000028398000,391075402529793
63320,-390336064642753,36889,96747,-28310.6,33218.0,12.0,0.041,83335931,38700889,LOCKED,1.000028311000,391076402601104
63321,-390336064728318,-20280,39578,-28281.0,32947.7,12.3,-0.004,83335931,38818443,LOCKED,1.000028281000,391077402780389
63322,-390336064704828,30893,90751,-28303.1,32684.3,12.6,-0.031,83335931,38929704,LOCKED,1.000028303000,391078402822692
63323,-390336064820734,-52323,7535,-28431.6,33326.4,12.8,-0.055,83335931,38901558,LOCKED,1.000028432000,391079403012128
63324,-390336064797456,-974,58884,-28412.3,33286.8,13.0,-0.077,83335931,39016661,LOCKED,1.000028412000,391080403171544
63325,-390336064794146,27653,87511,-28306.2,33198.9,13.0,-0.085,83335932,39110058,LOCKED,1.000028306000,391081403210850
63326,-390336064810071,38121,97979,-28275.6,33482.2,12.9,-0.124,83335931,39074059,LOCKED,1.000028276000,391082403385129
63327,-390336064900953,-23273,36585,-28296.5,33595.5,12.9,-0.135,83335932,39184056,LOCKED,1.000028296000,391083403566429
63328,-390336064874295,28098,87956,-28167.1,33236.8,13.3,-0.156,83335930,39301471,LOCKED,1.000028167000,391084403609596
63329,-390336064987786,-52469,7389,-28313.5,33729.2,13.3,-0.169,83335931,39277805,LOCKED,1.000028314000,391085403767913
63330,-390336064966044,-2948,56910,-28282.3,33613.9,13.3,-0.179,83335931,39386108,LOCKED,1.000028282000,391086403808195
63331,-390336064975001,13885,73743,-28182.9,33161.0,13.4,-0.187,83335931,39469131,LOCKED,1.000028183000,391087403852378
63332,-390336064986731,29301,89159,-28180.8,33180.7,13.6,-0.205,83335930,39435180,LOCKED,1.000028181000,391088404027562
63333,-390336065075253,-28971,30887,-28234.3,33412.4,13.6,-0.211,83335931,39548465,LOCKED,1.000028234000,391089404197800
63334,-390336065069994,3862,63720,-28208.2,33383.2,13.6,-0.217,83335931,39640438,LOCKED,1.000028208000,391090404358011
63335,-390336065071736,29308,89166,-28206.9,33395.3,13.6,-0.222,83335931,39725547,LOCKED,1.000028207000,391091404400218
63336,-390336065183066,-48955,10903,-28364.3,33596.5,13.6,-0.226,83335931,39702907,LOCKED,1.000028364000,391092404574586
63337,-390336065175356,-13157,46701,-28328.8,33336.7,13.6,-0.230,83335931,39801346,LOCKED,1.000028329000,391093404735918
63338,-390336065165705,24661,84519,-28361.9,32978.0,13.6,-0.227,83335932,39899054,LOCKED,1.000028362000,391094404786280
63339,-390336065173823,41761,101619,-28276.9,33449.7,13.6,-0.225,83335932,39871753,LOCKED,1.000028277000,391095404955560
63340,-390336065242726,2253,62111,-28335.7,33096.7,13.4,-0.221,83335932,40000989,LOCKED,1.000028336000,391096405004896
63341,-390336065240107,31020,90878,-28279.8,33363.5,13.2,-0.218,83335932,40093328,LOCKED,1.000028280000,391097405054176
63342,-390336065351181,-49551,10307,-28306.5,33714.6,13.3,-0.211,83335933,40070172,LOCKED,1.000028307000,391098405217486
63343,-390336065340922,-9603,50255,-28358.5,33629.8,13.3,-0.203,83335933,40171175,LOCKED,1.000028359000,391099405368848
63344,-390336065353332,5013,64871,-28301.3,33427.2,13.2,-0.195,83335933,40249309,LOCKED,1.000028301000,391100405412149
63345,-390336065362302,24212,84070,-28335.2,33064.2,12.6,-0.189,83335932,40225918,LOCKED,1.000028335000,391101405596488
63346,-390336065443532,-26195,33663,-28413.9,33158.2,12.3,-0.184,83335932,40343008,LOCKED,1.000028414000,391102405783906
63347,-390336065505182,-55885,3973,-28495.1,33990.9,12.3,-0.182,83335932,40462935,LOCKED,1.000028495000,391103405847402
63348,-390336065508860,-29962,29896,-28499.5,34030.1,12.1,-0.177,83335932,40457898,LOCKED,1.000028500000,391104405898902
63349,-390336065545629,-33812,26046,-28660.5,33423.2,12.1,-0.178,83335931,40546830,LOCKED,1.000028661000,391105405954563
63350,-390336065589901,-46288,13570,-28737.6,34007.7,11.9,-0.175,83335931,40560122,LOCKED,1.000028738000,391106406012301
63351,-390336065570845,480,60338,-28687.9,33797.4,11.6,-0.169,83335932,40663156,LOCKED,1.000028688000,391107406171992
63352,-390336065591191,10284,70142,-28777.0,32793.8,11.4,-0.165,83335931,40759768,LOCKED,1.000028777000,391108406228769
63353,-390336065657117,-24035,35823,-28876.1,32659.4,11.4,-0.162,83335930,40752585,LOCKED,1.000028876000,391109406384648
63354,-390336065701264,-36635,23223,-28946.4,33032.8,11.1,-0.156,83335931,40834463,LOCKED,1.000028946000,391110406558598
63355,-390336065650401,39681,99539,-28840.7,33352.6,11.3,-0.155,83335930,40940460,LOCKED,1.000028841000,391111406614439
63356,-390336065745163,-25624,34234,-28828.3,33238.6,11.0,-0.148,83335931,40935251,LOCKED,1.000028828000,391112406787271
63357,-390336065724489,23293,83151,-28838.4,33155.6,10.7,-0.139,83335931,41044212,LOCKED,1.000028838000,391113406840110
# STATS: PDUs=776 CSV=775 Gaps=0 Dups=0 Skip=0 d_min=-59858 ns drift=-28838.4 ns/s sigma=33155.6 ns state=LOCKED clk_err=+0 ns alpha=0.0200
63358,-390336065710211,61500,119843,-28699.4,34106.4,10.3,-0.129,83335931,41038838,LOCKED,1.000028699000,391114407021813
63359,-390336065812381,-12424,45919,-28656.4,33777.2,10.1,-0.119,83335930,41143252,LOCKED,1.000028656000,391115407081470
63360,-390336065859225,-27975,30368,-28739.4,33888.2,9.8,-0.106,83335930,41180497,LOCKED,1.000028739000,391116407131210
63361,-390336065847838,11377,69720,-28720.3,33923.3,9.7,-0.099,83335931,41283042,LOCKED,1.000028720000,391117407187931
63362,-390336065832596,50460,108803,-28564.5,34212.7,9.7,-0.098,83335931,41272679,LOCKED,1.000028564000,391118407372499
63363,-390336065917465,-3863,54480,-28655.5,33589.0,9.8,-0.088,83335930,41388192,LOCKED,1.000028655000,391119407550158
63364,-390336065913000,27787,86130,-28629.5,33754.4,9.9,-0.077,83335930,41486781,LOCKED,1.000028629000,391120407600788
63365,-390336066012514,-40929,17414,-28667.9,34111.4,10.1,-0.073,83335930,41476525,LOCKED,1.000028668000,391121407762459
63366,-390336066015363,-15641,42702,-28615.8,33617.2,10.7,-0.076,83335929,41565795,LOCKED,1.000028616000,391122407925078
63367,-390336066013301,15204,73547,-28649.3,33356.3,10.7,-0.059,83335930,41654091,LOCKED,1.000028649000,391123408103731
63368,-390336066003231,51366,109709,-28609.2,33857.5,10.6,-0.040,83335930,41756264,LOCKED,1.000028609000,391124408152340
63369,-390336066121772,-37240,21103,-28612.3,33892.9,10.4,-0.017,83335930,41727926,LOCKED,1.000028612000,391125408315956
63370,-390336066086632,25219,83562,-28590.8,34020.3,10.5,-0.003,83335930,41850174,LOCKED,1.000028591000,391126408356547
63371,-390336066087037,49688,108031,-28490.8,34668.7,10.9,0.018,83335929,41938917,LOCKED,1.000028491000,391127408403038
63372,-390336066202759,-33364,24979,-28640.7,34239.2,10.9,0.010,83335930,41913300,LOCKED,1.000028641000,391128408567682
63373,-390336066187312,10876,69219,-28666.3,34095.9,11.0,-0.009,83335930,42015678,LOCKED,1.000028666000,391129408740352
63374,-390336066184822,38564,96907,-28560.1,34365.8,11.0,-0.011,83335930,42111498,LOCKED,1.000028560000,391130408793912
63375,-390336066282368,-30015,28328,-28530.0,34009.1,10.9,0.005,83335931,42101180,LOCKED,1.000028530000,391131408957445
63376,-390336066280093,1432,59775,-28564.0,33892.2,10.9,0.007,83335930,42194440,LOCKED,1.000028564000,391132409120012
63377,-390336066276396,30654,88997,-28465.6,33971.8,11.3,-0.020,83335929,42284168,LOCKED,1.000028466000,391133409177478
63378,-390336066379510,-39462,18881,-28622.7,33711.5,11.3,-0.032,83335930,42272572,LOCKED,1.000028623000,391134409215100
63379,-390336066395079,-23513,34830,-28725.9,33520.7,11.4,-0.045,83335930,42344918,LOCKED,1.000028726000,391135409382829
63380,-390336066347566,48164,106507,-28581.9,33839.6,11.4,-0.041,83335931,42481762,LOCKED,1.000028582000,391136409306407
63381,-390336066374698,47018,105361,-28532.6,34340.7,11.4,-0.037,83335931,42433971,LOCKED,1.000028533000,391137409483943
63382,-390336066464836,-14754,43589,-28499.8,34097.6,11.4,-0.034,83335931,42543998,LOCKED,1.000028500000,391138409647446
63383,-390336066457958,21020,79363,-28554.4,33476.3,11.4,-0.032,83335931,42641854,LOCKED,1.000028554000,391139409810004
63384,-390336066457847,46561,104904,-28478.3,34065.4,11.6,-0.019,83335932,42730944,LOCKED,1.000028478000,391140409850482
63385,-390336066585353,-50056,8287,-28513.4,34496.6,11.6,-0.010,83335932,42695575,LOCKED,1.000028513000,391141410011999
63386,-390336066582311,-18729,39614,-28470.9,34095.3,11.7,-0.000,83335932,42788562,LOCKED,1.000028471000,391142410181473
63387,-390336066574028,17425,75768,-28470.5,34097.8,11.6,-0.000,83335931,42884926,LOCKED,1.000028470000,391143410336947
63388,-390336066598047,19207,77550,-28371.2,33818.2,11.6,0.008,83335932,42974510,LOCKED,1.000028371000,391144410396319
63389,-390336066673896,-24951,33392,-28492.9,33447.6,11.7,0.016,83335932,42963228,LOCKED,1.000028493000,391145410548815
63390,-390336066696039,-17453,40890,-28520.3,33530.5,11.9,0.022,83335932,43061548,LOCKED,1.000028520000,391146410600335
63391,-390336066661612,41840,100183,-28410.3,33890.0,11.9,0.028,83335932,43152886,LOCKED,1.000028410000,391147410638745
63392,-390336066701769,26786,85129,-28292.3,33637.7,11.9,0.033,83335932,43112444,LOCKED,1.000028292000,391148410815041
63393,-390336066775847,-17233,41110,-28350.5,33649.4,12.0,0.038,83335932,43220754,LOCKED,1.000028350000,391149410977395
63394,-390336066839017,-49199,9144,-28408.8,34237.9,12.1,0.042,83335932,43316941,LOCKED,1.000028409000,391150411039804
63395,-390336066859955,-40414,17929,-28406.1,34203.5,12.1,0.041,83335931,43313549,LOCKED,1.000028406000,391151411213214
63396,-390336066847297,1924,60267,-28471.9,33781.6,12.1,0.041,83335931,43416189,LOCKED,1.000028472000,391152411383689
63397,-390336066836795,38438,96781,-28415.0,34172.9,12.2,0.036,83335930,43513638,LOCKED,1.000028415000,391153411428104
63398,-390336066947093,-41722,16621,-28430.2,34347.5,12.1,0.038,83335931,43493390,LOCKED,1.000028430000,391154411610538
63399,-390336066930651,1140,59483,-28333.2,33551.0,12.0,0.040,83335931,43600709,LOCKED,1.000028333000,391155411638871
63400,-390336066918742,38111,96454,-28235.9,33865.5,11.9,0.043,83335931,43592587,LOCKED,1.000028236000,391156411703107
63401,-390336067002467,-17942,40401,-28178.2,33244.0,11.7,0.046,83335931,43707411,LOCKED,1.000028178000,391157411871289
63402,-390336066992789,19591,77934,-28195.0,33114.2,11.2,0.053,83335931,43805551,LOCKED,1.000028195000,391158411904484
63403,-390336066998931,38671,97014,-28113.3,33510.6,10.8,0.058,83335930,43779062,LOCKED,1.000028113000,391159412094601
63404,-390336067086613,-20391,37952,-28104.2,33444.8,10.3,0.069,83335932,43894112,LOCKED,1.000028104000,391160412272709
63405,-390336067070514,20738,79081,-27987.6,32982.6,10.1,0.074,83335931,44002762,LOCKED,1.000027988000,391161412320697
63406,-390336067176664,-53573,4770,-28087.7,33771.9,9.9,0.080,83335931,43982219,LOCKED,1.000028088000,391162412490788
63407,-390336067158542,-5575,52768,-28166.3,33356.9,9.6,0.087,83335931,44086732,LOCKED,1.000028166000,391163412661958
63408,-390336067188464,-6264,52079,-28208.4,33281.0,9.4,0.093,83335930,44151513,LOCKED,1.000028208000,391164412695166
63409,-390336067195809,14574,72917,-28231.4,33126.6,9.4,0.095,83335931,44230953,LOCKED,1.000028231000,391165412731397
63410,-390336067277700,-35038,23305,-28372.0,32899.6,9.4,0.098,83335931,44237816,LOCKED,1.000028372000,391166412783769
63411,-390336067271209,-93,58250,-28375.9,32898.4,9.7,0.109,83335933,44334077,LOCKED,1.000028376000,391167412955148
63412,-390336067259550,37153,95496,-28300.7,33273.8,10.2,0.114,83335933,44433788,LOCKED,1.000028301000,391168413007449
63413,-390336067362096,-33675,24668,-28412.6,33336.0,10.4,0.111,83335932,44421142,LOCKED,1.000028413000,391169413170865
63414,-390336067361210,-2452,55891,-28503.2,32661.7,10.5,0.115,83335932,44512785,LOCKED,1.000028503000,391170413349372
63415,-390336067343936,39619,97962,-28387.0,32903.1,11.0,0.111,83335933,44618123,LOCKED,1.000028387000,391171413379759
63416,-390336067465049,-48439,9904,-28535.8,33187.3,11.1,0.115,83335932,44585119,LOCKED,1.000028536000,391172413539298
63417,-390336067475407,-28577,29766,-28571.0,33393.4,11.2,0.118,83335932,44667572,LOCKED,1.000028571000,391173413711873
# STATS: PDUs=836 CSV=835 Gaps=0 Dups=0 Skip=0 d_min=-58343 ns drift=-28571.0 ns/s sigma=33393.4 ns state=LOCKED clk_err=+0 ns alpha=0.0200
63418,-390336067461489,11309,69652,-28461.8,32705.4,11.2,0.123,83335931,44768666,LOCKED,1.000028462000,391174413870338
63419,-390336067486603,14331,72674,-28469.7,32663.3,11.3,0.117,83335932,44841677,LOCKED,1.000028470000,391175413915808
63420,-390336067562278,-29469,28874,-28588.0,32500.4,11.3,0.111,83335931,44846891,LOCKED,1.000028588000,391176413964396
63421,-390336067556855,4304,62647,-28583.5,32504.8,11.4,0.114,83335932,44942332,LOCKED,1.000028583000,391177414128983
63422,-390336067552208,33689,92032,-28450.5,32322.6,11.5,0.118,83335932,45036225,LOCKED,1.000028451000,391178414172433
63423,-390336067564134,47286,105629,-28385.4,32925.4,11.4,0.114,83335932,45004406,LOCKED,1.000028385000,391179414345822
63424,-390336067667616,-26791,31552,-28390.9,32969.3,11.4,0.110,83335932,45100957,LOCKED,1.000028391000,391180414508216
63425,-390336067657745,12283,70626,-28451.3,32395.3,11.4,0.105,83335932,45199651,LOCKED,1.000028451000,391181414673671
63426,-390336067663263,33725,92068,-28434.2,32555.2,11.3,0.101,83335933,45292637,LOCKED,1.000028434000,391182414728105
63427,-390336067761949,-34354,23989,-28483.8,32877.4,11.2,0.095,83335932,45274595,LOCKED,1.000028484000,391183414886592
63428,-390336067794487,-37371,20972,-28472.5,32730.2,11.2,0.088,83335932,45363625,LOCKED,1.000028472000,391184415062068
63429,-390336067747845,36773,95116,-28486.1,32552.1,11.4,0.054,83335930,45467364,LOCKED,1.000028486000,391185415119554
63430,-390336067835788,-21786,36557,-28493.9,32601.6,11.3,0.030,83335931,45471426,LOCKED,1.000028494000,391186415179048
63431,-390336067879893,-36493,21850,-28477.5,32383.6,10.8,-0.018,83335931,45568889,LOCKED,1.000028478000,391187415231526
63432,-390336067824998,45149,103492,-28467.7,32518.7,10.6,-0.017,83335931,45553410,LOCKED,1.000028468000,391188415408997
63433,-390336067918688,-18876,39467,-28495.1,32616.6,10.4,-0.017,83335931,45658893,LOCKED,1.000028495000,391189415600496
63434,-390336067894858,30148,88491,-28383.0,32550.9,10.2,-0.017,83335931,45772724,LOCKED,1.000028383000,391190415651879
63435,-390336068001580,-43992,14351,-28516.2,32808.8,10.2,-0.019,83335931,45753053,LOCKED,1.000028516000,391191415834399
63436,-390336067984509,1657,60000,-28522.0,32802.6,10.0,-0.011,83335932,45858938,LOCKED,1.000028522000,391192415997924
63437,-390336067984019,27775,86118,-28426.0,32815.0,9.3,-0.004,83335932,45949617,LOCKED,1.000028426000,391193416161353
63438,-390336068013268,26695,85038,-28457.8,32448.0,9.0,-0.006,83335931,46012383,LOCKED,1.000028458000,391194416095808
63439,-390336068123845,-50683,7660,-28606.5,32844.5,9.0,-0.017,83335930,45990680,LOCKED,1.000028607000,391195416258418
63440,-390336068101969,-1448,56895,-28542.8,32441.3,9.0,-0.020,83335931,46101594,LOCKED,1.000028543000,391196416299961
63441,-390336068108709,17638,75981,-28438.5,32030.5,9.0,-0.022,83335931,46185129,LOCKED,1.000028439000,391197416351400
63442,-390336068114875,37861,96204,-28400.8,32364.3,9.2,-0.031,83335930,46157974,LOCKED,1.000028401000,391198416518804
63443,-390336068221001,-37910,20433,-28433.8,32668.1,9.4,-0.039,83335930,46254330,LOCKED,1.000028434000,391199416686241
63444,-390336068218326,-7947,50396,-28364.1,32038.9,9.4,-0.040,83335931,46344908,LOCKED,1.000028364000,391200416859609
63445,-390336068206252,31993,90336,-28393.0,31655.4,9.4,-0.036,83335932,46448948,LOCKED,1.000028393000,391201416903002
63446,-390336068324141,-53122,5221,-28519.9,32361.5,9.6,-0.041,83335930,46418874,LOCKED,1.000028520000,391202417068525
63447,-390336068319508,-19148,39195,-28528.4,32407.5,9.8,-0.048,83335930,46509468,LOCKED,1.000028528000,391203417232057
63448,-390336068316381,11056,69399,-28475.4,32338.0,9.8,-0.048,83335931,46602745,LOCKED,1.000028475000,391204417395536
63449,-390336068322910,31740,90083,-28466.3,32424.8,9.7,-0.047,83335931,46688292,LOCKED,1.000028466000,391205417438002
63450,-390336068391614,-7248,51095,-28515.6,32315.4,9.9,-0.050,83335930,46710511,LOCKED,1.000028516000,391206417491518
63451,-390336068384560,25135,83478,-28400.8,32030.2,9.9,-0.046,83335932,46805546,LOCKED,1.000028401000,391207417541919
63452,-390336068489285,-48936,9407,-28430.0,32417.3,9.9,-0.041,83335932,46788926,LOCKED,1.000028430000,391208417710353
63453,-390336068482026,-11957,46386,-28473.6,32410.9,9.9,-0.040,83335931,46889011,LOCKED,1.000028474000,391209417875830
63454,-390336068479553,19385,77728,-28525.3,31832.7,9.8,-0.038,83335931,46981475,LOCKED,1.000028525000,391210417940356
63455,-390336068572682,-40812,17531,-28674.0,31754.1,10.0,-0.043,83335930,46973419,LOCKED,1.000028674000,391211418100033
63456,-390336068565609,-4496,53847,-28694.5,31744.9,10.1,-0.042,83335932,47068605,LOCKED,1.000028695000,391212418261731
63457,-390336068556142,30432,88775,-28586.2,31728.6,9.9,-0.047,83335932,47166438,LOCKED,1.000028586000,391213418316317
63458,-390336068662684,-42863,15480,-28743.9,31617.5,10.2,-0.046,83335933,47152555,LOCKED,1.000028744000,391214418485064
63459,-390336068653417,-4313,54030,-28763.3,31609.7,10.3,-0.047,83335932,47246835,LOCKED,1.000028763000,391215418638830
63460,-390336068641517,32876,91219,-28647.2,31601.0,10.3,-0.048,83335932,47367792,LOCKED,1.000028647000,391216418579474
63461,-390336068734266,-28587,29756,-28729.3,31741.8,10.6,-0.050,83335933,47347918,LOCKED,1.000028729000,391217418735206
63462,-390336068742371,-8040,50303,-28712.1,31667.9,10.8,-0.052,83335933,47426871,LOCKED,1.000028712000,391218418893921
63463,-390336068749752,11047,69390,-28620.2,31201.3,10.5,-0.062,83335931,47514476,LOCKED,1.000028620000,391219418947541
63464,-390336068817871,-26121,32222,-28691.3,31341.3,10.6,-0.060,83335932,47504956,LOCKED,1.000028691000,391220419123236
63465,-390336068859801,-37749,20594,-28707.6,31521.8,10.6,-0.064,83335932,47617089,LOCKED,1.000028708000,391221419303947
63466,-390336068801739,47445,105788,-28709.2,31496.3,10.5,-0.070,83335932,47729046,LOCKED,1.000028709000,391222419358656
63467,-390336068903489,-23825,34518,-28756.5,31659.0,10.5,-0.076,83335931,47718559,LOCKED,1.000028757000,391223419542416
63468,-390336068902971,5276,63619,-28756.8,31658.5,10.1,-0.092,83335932,47808344,LOCKED,1.000028757000,391224419593173
63469,-390336068899935,34132,92475,-28669.3,31924.1,10.2,-0.103,83335933,47902723,LOCKED,1.000028669000,391225419649843
63470,-390336068955634,7811,66154,-28717.2,31583.7,10.1,-0.114,83335932,47933702,LOCKED,1.000028717000,391226419825564
63471,-390336068944584,44554,102897,-28642.7,32156.8,10.1,-0.102,83335931,48037853,LOCKED,1.000028643000,391227419882207
63472,-390336069044119,-25948,32395,-28618.6,31897.5,9.9,-0.091,83335932,48030576,LOCKED,1.000028619000,391228420064830
63473,-390336069025012,21442,79785,-28637.9,31726.1,10.0,-0.091,83335932,48137791,LOCKED,1.000028638000,391229420105468
63474,-390336069023374,48501,106844,-28560.5,32397.1,10.2,-0.096,83335933,48116580,LOCKED,1.000028561000,391230420293033
63475,-390336069102315,-3186,55157,-28491.0,31872.7,10.2,-0.059,83335932,48238024,LOCKED,1.000028491000,391231420461527
63476,-390336069086850,39681,98024,-28503.6,31691.8,10.3,-0.041,83335932,48340504,LOCKED,1.000028504000,391232420503030
63477,-390336069195328,-36653,21690,-28621.5,31810.2,10.6,-0.009,83335933,48322963,LOCKED,1.000028621000,391233420671655
# STATS: PDUs=896 CSV=895 Gaps=0 Dups=0 Skip=0 d_min=-58343 ns drift=-28621.5 ns/s sigma=31810.2 ns state=LOCKED clk_err=+0 ns alpha=0.0200
63478,-390336069179286,7205,60778,-28593.9,31804.2,10.8,0.006,83335933,48432053,LOCKED,1.000028594000,391234420832252
63479,-390336069195184,18179,71752,-28539.5,31852.2,10.8,0.020,83335932,48509413,LOCKED,1.000028540000,391235420879792
63480,-390336069243892,-769,52804,-28598.3,31540.4,10.9,0.031,83335933,48546807,LOCKED,1.000028598000,391236420930390
63481,-390336069229440,39566,93139,-28530.7,31994.5,10.9,0.046,83335932,48649269,LOCKED,1.000028531000,391237420976921
63482,-390336069337783,-38745,14828,-28539.9,32103.7,10.9,0.078,83335933,48630135,LOCKED,1.000028540000,391238421149465
63483,-390336069314316,10698,64271,-28431.7,31380.0,10.9,0.077,83335932,48742609,LOCKED,1.000028432000,391239421317900
63484,-390336069323646,28531,82104,-28416.8,31500.6,11.0,0.089,83335933,48818388,LOCKED,1.000028417000,391240421362317
63485,-390336069329767,46927,100500,-28303.3,32047.3,11.1,0.099,83335933,48794110,LOCKED,1.000028303000,391241421535624
63486,-390336069423673,-18913,34660,-28260.1,31601.7,11.0,0.106,83335933,48898306,LOCKED,1.000028260000,391242421702888
63487,-390336069418975,13949,67522,-28278.6,31482.6,11.1,0.115,83335933,48995721,LOCKED,1.000028279000,391243421745167
63488,-390336069417309,42040,95613,-28257.5,31735.6,11.2,0.122,83335933,48976117,LOCKED,1.000028258000,391244421915428
63489,-390336069516811,-28783,24790,-28230.3,31404.1,10.9,0.130,83335933,49075640,LOCKED,1.000028230000,391245421958658
63490,-390336069484522,30118,83691,-28200.9,31617.4,10.9,0.137,83335933,49086689,LOCKED,1.000028201000,391246422133863
63491,-390336069573884,-28054,25519,-28301.1,31599.9,10.9,0.142,83335933,49198250,LOCKED,1.000028301000,391247422300168
63492,-390336069555830,15408,68981,-28184.6,30900.6,10.8,0.140,83335932,49305007,LOCKED,1.000028185000,391248422355353
63493,-390336069549304,47204,100777,-28119.9,31527.2,10.8,0.144,83335933,49290443,LOCKED,1.000028120000,391249422515476
63494,-390336069651822,-26845,26728,-28092.3,31206.2,10.7,0.148,83335933,49386737,LOCKED,1.000028092000,391250422674572
63495,-390336069657284,-2805,50768,-28157.0,30864.1,10.7,0.145,83335932,49478397,LOCKED,1.000028157000,391251422731729
63496,-390336069726126,-40953,12620,-28213.5,31338.8,10.9,0.138,83335931,49468457,LOCKED,1.000028213000,391252422898946
63497,-390336069770436,-54558,0,-28245.0,31817.6,10.9,0.137,83335932,49567683,LOCKED,1.000028245000,391253423086195
63498,-390336069712954,27937,82495,-28132.7,31664.7,10.8,0.135,83335932,49684791,LOCKED,1.000028133000,391254423020325
63499,-390336069817655,-44043,10515,-28284.9,31696.5,10.5,0.130,83335932,49666800,LOCKED,1.000028285000,391255423064610
63500,-390336069767179,32366,86924,-28223.2,31997.5,10.6,0.123,83335931,49704448,LOCKED,1.000028223000,391256423245837
63501,-390336069846474,-18345,36213,-28210.3,31904.5,10.5,0.121,83335932,49822682,LOCKED,1.000028210000,391257423412051
63502,-390336069887443,-30709,23849,-28178.6,31484.8,10.2,0.119,83335933,49928050,LOCKED,1.000028179000,391258423464230
63503,-390336069919585,-31525,23033,-28280.8,31565.4,9.8,0.113,83335932,49921254,LOCKED,1.000028281000,391259423641515
63504,-390336069899151,16033,70591,-28250.7,31640.0,10.0,0.116,83335934,50032375,LOCKED,1.000028251000,391260423694766
63505,-390336069997632,-52078,2480,-28268.1,31911.5,10.1,0.119,83335933,50024802,LOCKED,1.000028268000,391261423867038
63506,-390336069976207,-683,53875,-28350.6,31283.4,10.0,0.117,83335934,50134007,LOCKED,1.000028351000,391262424040392
63507,-390336069955917,45395,99953,-28300.3,31804.5,9.5,0.109,83335932,50242302,LOCKED,1.000028300000,391263424072692
63508,-390336070070448,-38688,15870,-28341.4,32169.2,9.5,0.106,83335933,50215728,LOCKED,1.000028341000,391264424237037
63509,-390336070056361,2274,56832,-28273.1,31782.1,9.4,0.102,83335932,50316992,LOCKED,1.000028273000,391265424290310
63510,-390336070109626,-21204,33354,-28312.2,31912.0,8.8,0.092,83335932,50354630,LOCKED,1.000028312000,391266424332622
63511,-390336070132946,-16273,38285,-28282.0,31664.3,9.1,0.090,83335931,50427211,LOCKED,1.000028282000,391267424502908
63512,-390336070129940,15414,69972,-28327.4,31235.1,9.1,0.089,83335932,50516115,LOCKED,1.000028327000,391268424654238
63513,-390336070137057,34509,89067,-28280.8,31566.0,9.2,0.082,83335931,50595798,LOCKED,1.000028281000,391269424692519
63514,-390336070155960,40251,94809,-28169.2,31877.2,9.1,0.076,83335932,50557795,LOCKED,1.000028169000,391270424860692
63515,-390336070249265,-21985,32573,-28275.1,31588.1,8.7,0.062,83335931,50665416,LOCKED,1.000028275000,391271425019970
63516,-390336070254971,765,55323,-28285.3,31575.7,8.9,0.062,83335931,50753283,LOCKED,1.000028285000,391272425179258
63517,-390336070250925,29919,84477,-28178.9,31560.7,9.0,0.061,83335932,50843233,LOCKED,1.000028179000,391273425230437
63518,-390336070365222,-51065,3493,-28346.3,31746.2,8.8,0.068,83335932,50814767,LOCKED,1.000028346000,391274425393787
63519,-390336070361752,-17607,36951,-28397.6,31796.5,9.1,0.069,83335931,50907841,LOCKED,1.000028398000,391275425446185
63520,-390336070420872,-46093,8465,-28430.8,32196.0,9.2,0.071,83335931,50943747,LOCKED,1.000028431000,391276425606619
63521,-390336070424142,-18341,36217,-28527.7,31901.0,9.2,0.080,83335933,51028425,LOCKED,1.000028528000,391277425764150
63522,-390336070422535,11684,66242,-28541.7,31828.1,9.0,0.091,83335932,51121044,LOCKED,1.000028542000,391278425931695
63523,-390336070407037,52083,106641,-28449.5,32604.4,8.9,0.083,83335932,51224694,LOCKED,1.000028450000,391279425982145
63524,-390336070510747,-20428,34130,-28550.7,32328.4,8.9,0.085,83335932,51211067,LOCKED,1.000028551000,391280426142699
63525,-390336070503685,15997,70555,-28617.3,31561.5,9.1,0.091,83335931,51304030,LOCKED,1.000028617000,391281426309320
63526,-390336070498255,45805,100363,-28485.2,31917.8,9.5,0.059,83335931,51402656,LOCKED,1.000028485000,391282426357805
63527,-390336070605301,-29290,25268,-28606.8,31701.4,10.1,0.004,83335930,51384778,LOCKED,1.000028607000,391283426522415
63528,-390336070592180,12121,66679,-28611.4,31680.8,10.6,-0.033,83335930,51486759,LOCKED,1.000028611000,391284426568026
63529,-390336070610317,20583,75141,-28546.8,31726.8,10.9,-0.052,83335930,51555866,LOCKED,1.000028547000,391285426618573
63530,-390336070676013,-15189,39369,-28589.2,31770.3,11.0,-0.069,83335931,51584302,LOCKED,1.000028589000,391286426665162
63531,-390336070680717,7148,61706,-28524.9,31532.0,10.7,-0.101,83335931,51670584,LOCKED,1.000028525000,391287426826690
63532,-390336070673875,41057,95615,-28521.7,31575.0,10.7,-0.120,83335931,51769553,LOCKED,1.000028522000,391288426878212
63533,-390336070778364,-32878,21680,-28566.9,31874.3,10.8,-0.155,83335930,51749057,LOCKED,1.000028567000,391289427040782
63534,-390336070782439,-9063,45495,-28518.5,31507.1,10.8,-0.148,83335932,51837992,LOCKED,1.000028518000,391290427204304
63535,-390336070795023,6809,61367,-28526.7,31481.7,10.9,-0.140,83335932,51931179,LOCKED,1.000028527000,391291427262831
63536,-390336070882665,-49969,4589,-28558.4,31911.9,10.9,-0.133,83335932,51918087,LOCKED,1.000028558000,391292427435393
63537,-390336070912475,-46304,8254,-28723.0,31877.3,10.8,-0.140,83335931,52018976,LOCKED,1.000028723000,391293427614120
# STATS: PDUs=956 CSV=955 Gaps=0 Dups=0 Skip=0 d_min=-54558 ns drift=-28723.0 ns/s sigma=31877.3 ns state=LOCKED clk_err=+0 ns alpha=0.0200
63538,-390336070849409,42787,97345,-28661.6,32385.4,10.6,-0.145,83335931,52128784,LOCKED,1.000028662000,391294427664782
63539,-390336070965947,-42357,12201,-28725.4,32882.2,10.7,-0.148,83335931,52105697,LOCKED,1.000028725000,391295427846511
63540,-390336070924410,26594,81152,-28705.2,33016.3,10.7,-0.160,83335930,52233347,LOCKED,1.000028705000,391296427784213
63541,-390336071026015,-44226,10332,-28733.8,33342.6,10.7,-0.163,83335931,52225660,LOCKED,1.000028734000,391297427959950
63542,-390336071013521,-1094,53464,-28825.6,32607.5,11.1,-0.179,83335929,52327362,LOCKED,1.000028826000,391298428134779
63543,-390336070995452,42909,97467,-28754.9,33122.2,11.2,-0.187,83335930,52433733,LOCKED,1.000028755000,391299428195534
63544,-390336071099165,-30571,23987,-28776.7,33289.9,11.2,-0.194,83335930,52422473,LOCKED,1.000028777000,391300428370314
63545,-390336071085139,10069,64627,-28687.1,32849.4,11.0,-0.194,83335931,52525715,LOCKED,1.000028687000,391301428542005
63546,-390336071081600,40245,94803,-28653.4,33178.6,10.8,-0.193,83335931,52617764,LOCKED,1.000028653000,391302428586658
63547,-390336071191958,-39174,15384,-28700.5,33560.6,10.7,-0.192,83335931,52596539,LOCKED,1.000028700000,391303428759362
63548,-390336071168660,10585,65143,-28608.0,33100.2,10.5,-0.191,83335931,52710964,LOCKED,1.000028608000,391304428927973
63549,-390336071165722,40239,94797,-28582.0,33369.9,10.4,-0.194,83335930,52803157,LOCKED,1.000028582000,391305428975555
63550,-390336071246006,-11887,42671,-28541.3,33067.2,10.2,-0.192,83335931,52812876,LOCKED,1.000028541000,391306429019096
63551,-390336071251742,10998,65556,-28563.6,32944.0,10.0,-0.189,83335931,52897204,LOCKED,1.000028564000,391307429194663
63552,-390336071240871,46431,100989,-28444.2,33412.8,10.0,-0.189,83335931,52999120,LOCKED,1.000028444000,391308429245107
63553,-390336071352573,-36425,18133,-28403.3,32786.6,9.9,-0.189,83335930,52979483,LOCKED,1.000028403000,391309429406514
63554,-390336071349907,-4625,49933,-28431.5,32755.6,9.8,-0.189,83335930,53067029,LOCKED,1.000028431000,391310429584949
63555,-390336071335041,35806,90364,-28350.2,33083.6,9.8,-0.188,83335931,53170802,LOCKED,1.000028350000,391311429620299
63556,-390336071356602,40757,95315,-28327.7,33328.1,9.9,-0.193,83335930,53128264,LOCKED,1.000028328000,391312429792630
63557,-390336071450124,-21368,33190,-28443.1,32906.0,10.0,-0.195,83335930,53236714,LOCKED,1.000028443000,391313429963077
63558,-390336071444587,10537,65095,-28358.6,32537.6,10.1,-0.196,83335930,53329056,LOCKED,1.000028359000,391314430010436
63559,-390336071447896,34462,89020,-28360.7,32513.3,10.2,-0.197,83335930,53419810,LOCKED,1.000028361000,391315430047796
63560,-390336071518007,-8211,46347,-28301.6,32031.0,10.2,-0.202,83335930,53433501,LOCKED,1.000028302000,391316430212101
63561,-390336071517944,19058,73616,-28279.6,32123.4,10.3,-0.202,83335930,53526462,LOCKED,1.000028280000,391317430256381
63562,-390336071538933,25267,79825,-28268.5,32203.7,10.2,-0.197,83335930,53594255,LOCKED,1.000028268000,391318430295649
63563,-390336071652415,-55275,0,-28406.1,32916.1,10.2,-0.196,83335931,53567543,LOCKED,1.000028406000,391319430465059
63564,-390336071646136,-19985,35290,-28402.5,32892.0,10.0,-0.185,83335929,53665587,LOCKED,1.000028403000,391320430626465
63565,-390336071646415,9184,64459,-28469.2,32284.8,10.2,-0.178,83335929,53753367,LOCKED,1.000028469000,391321430777937
63566,-390336071651733,30242,85517,-28416.7,32544.9,9.5,-0.163,83335930,53840939,LOCKED,1.000028417000,391322430837354
63567,-390336071758810,-46919,8356,-28412.2,32475.1,9.9,-0.159,83335929,53822714,LOCKED,1.000028412000,391323430994769
63568,-390336071758933,-16256,39019,-28501.9,32203.6,9.5,-0.148,83335931,53912463,LOCKED,1.000028502000,391324431153274
63569,-390336071774825,-3566,51709,-28499.9,32200.9,9.6,-0.142,83335930,53994085,LOCKED,1.000028500000,391325431204774
63570,-390336071865688,-60980,0,-28641.6,33139.0,9.6,-0.136,83335930,53987906,LOCKED,1.000028642000,391326431246415
63571,-390336071871637,-35194,25786,-28735.0,33391.6,9.7,-0.138,83335930,54069370,LOCKED,1.000028735000,391327431402153
63572,-390336071876771,-11211,49769,-28735.2,33392.1,9.7,-0.130,83335930,54155538,LOCKED,1.000028735000,391328431560891
63573,-390336071926461,-31178,29802,-28731.8,33357.4,9.7,-0.133,83335931,54233808,LOCKED,1.000028732000,391329431742627
63574,-390336071871006,48090,109070,-28570.0,33457.7,9.7,-0.123,83335930,54346149,LOCKED,1.000028570000,391330431806198
63575,-390336071958968,-10041,50939,-28615.3,33416.7,9.7,-0.126,83335931,54345469,LOCKED,1.000028615000,391331431978817
63576,-390336071945674,29608,90588,-28553.5,33649.0,9.7,-0.130,83335931,54447687,LOCKED,1.000028554000,391332432026371
63577,-390336072063399,-57014,3966,-28583.9,34104.7,9.6,-0.120,83335931,54423147,LOCKED,1.000028584000,391333432195958
63578,-390336072057409,-19471,41509,-28697.4,33649.7,9.5,-0.105,83335930,54520425,LOCKED,1.000028697000,391334432369659
63579,-390336072049895,16217,77197,-28698.7,33643.0,10.0,-0.070,83335932,54618076,LOCKED,1.000028699000,391335432422358
63580,-390336072121166,-23042,37938,-28823.2,33153.9,10.4,-0.039,83335932,54636128,LOCKED,1.000028823000,391336432467181
63581,-390336072116163,10969,71949,-28850.6,32990.4,9.8,0.003,83335931,54729359,LOCKED,1.000028851000,391337432637035
63582,-390336072114677,38539,99519,-28778.8,33401.3,9.5,0.017,83335930,54819340,LOCKED,1.000028779000,391338432684814
63583,-390336072226207,-42945,18035,-28769.6,33268.0,9.4,0.063,83335932,54797216,LOCKED,1.000028770000,391339432848587
63584,-390336072223548,-9938,51042,-28830.6,33123.4,9.0,0.085,83335930,54891106,LOCKED,1.000028831000,391340433013421
63585,-390336072213495,26766,87746,-28768.0,33300.2,8.9,0.093,83335930,54990466,LOCKED,1.000028768000,391341433059189
63586,-390336072220021,44332,105312,-28611.9,33291.4,9.0,0.079,83335930,54961364,LOCKED,1.000028612000,391342433234805
63587,-390336072311514,-16375,44605,-28691.6,33131.5,9.1,0.070,83335930,55072280,LOCKED,1.000028692000,391343433398500
63588,-390336072312585,10176,71156,-28655.9,33131.6,9.2,0.085,83335932,55157197,LOCKED,1.000028656000,391344433447156
63589,-390336072317352,31125,92105,-28563.2,33269.3,9.7,0.108,83335933,55244737,LOCKED,1.000028563000,391345433492719
63590,-390336072397435,-18643,42337,-28618.3,33320.4,9.7,0.107,83335931,55256762,LOCKED,1.000028618000,391346433531337
63591,-390336072408761,-1583,59397,-28604.3,33295.6,9.6,0.106,83335931,55334426,LOCKED,1.000028604000,391347433686944
63592,-390336072405335,26946,87926,-28477.0,32917.4,9.7,0.097,83335930,55426061,LOCKED,1.000028477000,391348433741421
63593,-390336072512609,-47605,13375,-28606.4,33356.7,9.7,0.098,83335931,55406893,LOCKED,1.000028606000,391349433909031
63594,-390336072503110,-8708,52272,-28630.8,33370.1,9.6,0.105,83335932,55508257,LOCKED,1.000028631000,391350434078665
63595,-390336072497440,23590,84570,-28571.7,33495.1,9.8,0.119,83335933,55606198,LOCKED,1.000028572000,391351434120237
63596,-390336072507853,40612,101592,-28583.5,33331.2,9.7,0.126,83335932,55571016,LOCKED,1.000028583000,391352434297824
63597,-390336072591319,-11661,49319,-28692.4,32658.4,9.7,0.127,83335931,55689775,LOCKED,1.000028692000,391353434465520
# STATS: PDUs=1016 CSV=1015 Gaps=0 Dups=0 Skip=0 d_min=-60980 ns drift=-28692.4 ns/s sigma=32658.4 ns state=LOCKED clk_err=+0 ns alpha=0.0200
63598,-390336072586278,19390,80370,-28592.8,32368.4,9.8,0.133,83335932,55781946,LOCKED,1.000028593000,391354434627116
63599,-390336072589731,43209,104189,-28599.9,32264.0,9.9,0.138,83335932,55874778,LOCKED,1.000028600000,391355434671716
63600,-390336072664678,-3638,57342,-28569.2,32139.9,9.8,0.137,83335931,55881872,LOCKED,1.000028569000,391356434833289
63601,-390336072658428,30839,91819,-28603.8,31676.1,9.9,0.133,83335930,55978265,LOCKED,1.000028604000,391357434879893
63602,-390336072766915,-45460,15520,-28704.3,32231.6,9.8,0.126,83335930,55957833,LOCKED,1.000028704000,391358435041601
63603,-390336072767877,-17647,43333,-28678.4,32018.8,9.7,0.125,83335931,56051061,LOCKED,1.000028678000,391359435200283
63604,-390336072781458,-1018,59962,-28752.0,31532.3,9.7,0.124,83335931,56141440,LOCKED,1.000028752000,391360435270036
63605,-390336072857908,-45513,15467,-28833.6,32132.0,9.7,0.126,83335931,56140712,LOCKED,1.000028834000,391361435425873
63606,-390336072858686,-17309,43671,-28812.1,31965.9,9.6,0.127,83335931,56229347,LOCKED,1.000028812000,391362435597689
63607,-390336072849823,20724,81704,-28864.2,31348.5,9.6,0.129,83335931,56328065,LOCKED,1.000028864000,391363435648553
63608,-390336072840761,54873,115853,-28770.0,32221.6,9.6,0.131,83335931,56314470,LOCKED,1.000028770000,391364435829327
63609,-390336072932431,-8588,52392,-28728.1,31939.5,9.5,0.130,83335931,56426396,LOCKED,1.000028728000,391365436013059
63610,-390336072903330,46610,107590,-28676.3,32477.6,9.7,0.135,83335932,56545708,LOCKED,1.000028676000,391366435942732
63611,-390336073013942,-33238,27742,-28723.6,32778.6,9.8,0.140,83335932,56522335,LOCKED,1.000028724000,391367436113459
63612,-390336072999032,8215,69195,-28630.0,32219.6,10.9,0.148,83335934,56626393,LOCKED,1.000028630000,391368436289093
63613,-390336072989941,44098,105078,-28613.2,32434.8,11.8,0.152,83335934,56728987,LOCKED,1.000028613000,391369436325706
63614,-390336073104315,-38818,22162,-28688.4,32855.8,12.7,0.154,83335934,56697705,LOCKED,1.000028688000,391370436502398
63615,-390336073088044,4480,65460,-28614.2,32457.1,12.8,0.158,83335932,56807116,LOCKED,1.000028614000,391371436668016
63616,-390336073075788,40812,101792,-28459.0,32283.8,13.1,0.157,83335933,56908675,LOCKED,1.000028459000,391372436704475
63617,-390336073186529,-38353,22627,-28548.3,32656.4,13.5,0.156,83335933,56882986,LOCKED,1.000028548000,391373436866027
63618,-390336073190003,-13057,47923,-28537.5,32600.0,13.5,0.153,83335932,56969324,LOCKED,1.000028537000,391374437037568
63619,-390336073184509,18099,79079,-28426.3,32107.5,13.8,0.150,83335933,57067999,LOCKED,1.000028426000,391375437086994
63620,-390336073255684,-23295,37685,-28454.0,32247.1,14.5,0.145,83335934,57084903,LOCKED,1.000028454000,391376437126448
63621,-390336073250045,8907,69887,-28375.9,31904.4,14.7,0.140,83335933,57177397,LOCKED,1.000028376000,391377437293827
63622,-390336073239343,43337,104317,-28219.5,31839.8,14.7,0.134,83335932,57284088,LOCKED,1.000028220000,391378437334046
63623,-390336073343878,-29678,31302,-28332.4,31746.3,15.0,0.134,83335933,57263394,LOCKED,1.000028332000,391379437507382
63624,-390336073327423,14245,75225,-28313.6,31801.5,14.8,0.116,83335932,57372456,LOCKED,1.000028314000,391380437548695
63625,-390336073327986,38440,99420,-28202.8,32051.3,14.5,0.096,83335932,57349874,LOCKED,1.000028203000,391381437731902
63626,-390336073405704,-12046,48934,-28135.0,31345.1,14.4,0.086,83335931,57473174,LOCKED,1.000028135000,391382437896040
63627,-390336073406410,15220,76200,-28152.4,31227.4,14.0,0.062,83335931,57561096,LOCKED,1.000028152000,391383438061196
63628,-390336073404332,42438,103418,-28075.0,31753.9,14.1,0.058,83335932,57651784,LOCKED,1.000028075000,391384438106271
63629,-390336073526045,-48388,12592,-28132.6,32358.0,13.9,0.045,83335932,57617733,LOCKED,1.000028133000,391385438267407
63630,-390336073486124,19981,80961,-28181.5,31814.8,13.8,0.031,83335932,57747187,LOCKED,1.000028181000,391386438187585
63631,-390336073503457,29766,90746,-28178.8,31840.5,13.7,0.033,83335933,57709557,LOCKED,1.000028179000,391387438359767
63632,-390336073597007,-33087,27893,-28247.5,32145.2,13.6,0.017,83335932,57813949,LOCKED,1.000028247000,391388438524018
63633,-390336073579353,12953,73933,-28275.8,31949.2,13.6,-0.001,83335931,57920326,LOCKED,1.000028276000,391389438569294
63634,-390336073584912,31583,92563,-28127.5,31421.3,13.3,-0.020,83335932,57893651,LOCKED,1.000028127000,391390438746425
63635,-390336073676805,-30024,30956,-28183.6,31683.5,13.5,-0.014,83335933,58005770,LOCKED,1.000028184000,391391438914612
63636,-390336073661106,11682,72662,-28096.0,31294.6,13.4,-0.036,83335931,58106800,LOCKED,1.000028096000,391392438949708
63637,-390336073679133,21946,82926,-28142.2,30745.0,13.5,-0.035,83335933,58081180,LOCKED,1.000028142000,391393439118854
63638,-390336073765610,-33465,27515,-28230.2,30995.9,13.3,-0.025,83335932,58178843,LOCKED,1.000028230000,391394439282088
63639,-390336073804384,-41703,19277,-28274.1,31427.6,13.3,-0.021,83335932,58267417,LOCKED,1.000028274000,391395439339362
63640,-390336073837808,-42918,18062,-28396.1,31757.8,13.3,-0.018,83335932,58287396,LOCKED,1.000028396000,391396439373758
63641,-390336073837365,-13275,47705,-28413.5,31805.6,13.3,-0.024,83335931,58373673,LOCKED,1.000028413000,391397439535175
63642,-390336073854355,-2832,58148,-28360.5,31490.4,13.0,-0.027,83335931,58466384,LOCKED,1.000028361000,391398439596536
63643,-390336073927645,-43057,17923,-28520.1,31359.5,13.1,-0.033,83335931,58466618,LOCKED,1.000028520000,391399439755059
63644,-390336073951811,-35465,25515,-28620.3,31590.7,12.8,-0.029,83335932,58558934,LOCKED,1.000028620000,391400439935683
63645,-390336073907940,34144,95124,-28535.4,31870.4,12.7,-0.041,83335930,58662641,LOCKED,1.000028535000,391401439993219
63646,-390336074008503,-36703,24277,-28532.3,31831.8,12.6,-0.032,83335933,58653298,LOCKED,1.000028532000,391402440155755
63647,-390336073993796,6882,67862,-28560.8,31690.4,12.4,-0.024,83335933,58752987,LOCKED,1.000028561000,391403440328319
63648,-390336073991714,34984,95964,-28494.1,32041.9,12.4,-0.023,83335932,58847334,LOCKED,1.000028494000,391404440255810
63649,-390336073995847,54546,115526,-28349.1,32663.4,12.3,-0.021,83335932,58820331,LOCKED,1.000028349000,391405440439163
63650,-390336074040575,36340,97320,-28319.8,32926.3,12.3,-0.026,83335931,58978779,LOCKED,1.000028320000,391406440376480
63651,-390336074154980,-46420,14560,-28405.9,33522.2,12.2,-0.026,83335932,58952123,LOCKED,1.000028406000,391407440559890
63652,-390336074129697,5887,66867,-28347.8,33326.5,11.9,-0.033,83335931,59065824,LOCKED,1.000028348000,391408440609238
63653,-390336074125620,37472,98452,-28368.9,33034.7,11.8,-0.034,83335932,59049914,LOCKED,1.000028369000,391409440790611
63654,-390336074209497,-16404,44576,-28421.9,33056.7,11.8,-0.033,83335932,59166022,LOCKED,1.000028422000,391410440979037
63655,-390336074177047,40951,101931,-28317.2,33424.2,11.7,-0.030,83335932,59289411,LOCKED,1.000028317000,391411441032354
63656,-390336074283921,-36475,24505,-28312.0,33362.2,12.1,-0.022,83335934,59272512,LOCKED,1.000028312000,391412441198669
63657,-390336074271862,4118,65098,-28329.8,33310.5,13.6,-0.011,83335936,59374326,LOCKED,1.000028330000,391413441359002
# STATS: PDUs=1076 CSV=1075 Gaps=0 Dups=0 Skip=0 d_min=-60980 ns drift=-28329.8 ns/s sigma=33310.5 ns state=LOCKED clk_err=+0 ns alpha=0.0200
63658,-390336074256783,43829,104809,-28221.0,33747.3,14.0,-0.005,83335934,59475215,LOCKED,1.000028221000,391414441382222
63659,-390336074290318,34482,95462,-28080.1,33497.0,14.3,0.001,83335934,59423603,LOCKED,1.000028080000,391415441559306
63660,-390336074341209,10799,71779,-28055.2,33525.9,14.3,-0.001,83335933,59568523,LOCKED,1.000028055000,391416441721364
63661,-390336074342611,33739,94719,-27928.9,33434.9,13.9,-0.007,83335933,59658612,LOCKED,1.000027929000,391417441774293
63662,-390336074448285,-39866,21114,-28066.0,33467.2,13.8,-0.011,83335934,59642472,LOCKED,1.000028066000,391418441938362
63663,-390336074440594,-3330,57650,-28098.8,33405.3,13.7,-0.015,83335933,59739505,LOCKED,1.000028099000,391419442095464
63664,-390336074435913,27603,88583,-28053.9,33613.8,13.6,-0.020,83335933,59828920,LOCKED,1.000028054000,391420442153518
63665,-390336074539459,-43123,17857,-28216.5,33449.3,13.5,-0.026,83335933,59813050,LOCKED,1.000028216000,391421442326738
63666,-390336074529204,-3445,57535,-28270.1,33249.2,13.3,-0.032,83335933,59916873,LOCKED,1.000028270000,391422442499012
63667,-390336074516922,34427,95407,-28195.7,33558.7,13.1,-0.040,83335933,60022046,LOCKED,1.000028196000,391423442542208
63668,-390336074626444,-45417,15563,-28192.8,33517.4,12.9,-0.049,83335932,59995376,LOCKED,1.000028193000,391424442712404
63669,-390336074615022,-4933,56047,-28227.4,33463.9,12.9,-0.058,83335934,60095471,LOCKED,1.000028227000,391425442760631
63670,-390336074691737,-51325,9655,-28244.9,33717.8,12.9,-0.062,83335933,60107474,LOCKED,1.000028245000,391426442806876
63671,-390336074685682,-14585,46395,-28340.5,33336.8,13.1,-0.068,83335934,60203318,LOCKED,1.000028341000,391427442971220
63672,-390336074676988,20990,81970,-28303.8,33458.4,13.5,-0.059,83335935,60300810,LOCKED,1.000028304000,391428443030524
63673,-390336074775325,-47124,13856,-28319.6,33669.4,13.5,-0.050,83335934,60291462,LOCKED,1.000028320000,391429443203847
63674,-390336074767415,-8621,52359,-28417.1,33080.4,13.4,-0.039,83335933,60392138,LOCKED,1.000028417000,391430443363267
63675,-390336074777462,9311,70291,-28411.0,33095.0,13.4,-0.046,83335933,60480438,LOCKED,1.000028411000,391431443416678
63676,-390336074868843,-51328,9652,-28440.1,33490.5,13.4,-0.042,83335932,60466767,LOCKED,1.000028440000,391432443575121
63677,-390336074868638,-19642,41338,-28556.9,32985.3,13.4,-0.040,83335933,60556972,LOCKED,1.000028557000,391433443754682
63678,-390336074850984,25703,86683,-28557.2,32983.0,13.4,-0.049,83335933,60664035,LOCKED,1.000028557000,391434443814240
63679,-390336074929312,-22746,38234,-28584.2,33112.4,13.4,-0.048,83335933,60748509,LOCKED,1.000028584000,391435443864824
63680,-390336074964976,-26700,34280,-28693.5,32957.9,13.2,-0.031,83335933,60771139,LOCKED,1.000028693000,391436443915518
63681,-390336074919948,44120,105100,-28624.3,33492.0,13.8,0.025,83335935,60865494,LOCKED,1.000028624000,391437443979143
63682,-390336075027249,-33506,27474,-28620.1,33446.4,13.9,0.042,83335934,60849120,LOCKED,1.000028620000,391438444137766
63683,-390336075053835,-28135,32845,-28737.4,33250.7,14.2,0.087,83335935,60940237,LOCKED,1.000028737000,391439444314507
63684,-390336075010940,40577,101557,-28661.3,33702.1,14.2,0.082,83335933,61040915,LOCKED,1.000028661000,391440444367169
63685,-390336075118059,-36502,24478,-28668.3,33777.3,14.2,0.078,83335933,61026159,LOCKED,1.000028668000,391441444531841
63686,-390336075114009,-3018,57962,-28700.9,33713.5,14.1,0.057,83335933,61121346,LOCKED,1.000028701000,391442444715546
63687,-390336075090959,45190,106170,-28602.0,34233.5,13.9,0.032,83335933,61230620,LOCKED,1.000028602000,391443444760148
63688,-390336075202641,-36903,24077,-28589.1,34071.4,14.2,0.053,83335935,61206963,LOCKED,1.000028589000,391444444938741
63689,-390336075189793,5808,66788,-28661.4,33476.0,14.2,0.055,83335933,61312062,LOCKED,1.000028661000,391445444982402
63690,-390336075177273,43319,100333,-28553.1,33896.4,14.1,0.057,83335933,61301678,LOCKED,1.000028553000,391446445163959
63691,-390336075278663,-28682,28332,-28546.4,33832.7,14.2,0.068,83335934,61401757,LOCKED,1.000028546000,391447445339509
63692,-390336075251956,25885,82899,-28555.8,33748.9,14.1,0.068,83335933,61522421,LOCKED,1.000028556000,391448445501068
63693,-390336075254294,48258,105272,-28447.2,34328.9,14.1,0.089,83335935,61606162,LOCKED,1.000028447000,391449445549515
63694,-390336075364787,-32899,24115,-28436.0,34205.4,14.0,0.088,83335933,61585738,LOCKED,1.000028436000,391450445721955
63695,-390336075353914,6748,63762,-28463.9,34079.3,14.1,0.077,83335932,61687465,LOCKED,1.000028464000,391451445879422
63696,-390336075351628,34386,91400,-28368.2,34288.3,14.1,0.092,83335935,61776704,LOCKED,1.000028368000,391452445937791
63697,-390336075453136,-37339,19675,-28375.5,34367.5,14.1,0.097,83335934,61765216,LOCKED,1.000028376000,391453446100170
63698,-390336075458470,-12569,44445,-28439.6,34255.5,14.1,0.102,83335934,61847686,LOCKED,1.000028440000,391454446252613
63699,-390336075458776,15767,72781,-28475.8,33964.2,14.2,0.112,83335935,61938294,LOCKED,1.000028476000,391455446308089
63700,-390336075552710,-45016,11998,-28630.7,34004.5,14.1,0.109,83335933,61937404,LOCKED,1.000028631000,391456446342719
63701,-390336075564440,-25657,31357,-28708.8,34086.2,13.8,0.105,83335933,62010730,LOCKED,1.000028709000,391457446508431
63702,-390336075557022,10102,67116,-28707.6,34089.9,13.6,0.095,83335932,62104481,LOCKED,1.000028708000,391458446676142
63703,-390336075547149,47325,104339,-28719.7,33898.7,13.2,0.090,83335933,62204676,LOCKED,1.000028720000,391459446721862
63704,-390336075561294,59602,116616,-28706.0,34134.3,13.1,0.086,83335933,62171801,LOCKED,1.000028706000,391460446897572
63705,-390336075651220,-2156,54858,-28676.0,34034.8,12.1,0.079,83335933,62284319,LOCKED,1.000028676000,391461447069252
63706,-390336075634193,42425,99439,-28691.6,33808.1,12.1,0.077,83335933,62386986,LOCKED,1.000028692000,391462447217947
63707,-390336075688719,15845,72859,-28681.3,33849.4,12.2,0.075,83335933,62464289,LOCKED,1.000028681000,391463447287629
63708,-390336075766473,-31756,25258,-28700.8,34007.5,12.1,0.074,83335934,62453968,LOCKED,1.000028701000,391464447350330
63709,-390336075747101,13739,70753,-28596.8,33492.9,12.1,0.066,83335932,62546851,LOCKED,1.000028597000,391465447380926
63710,-390336075828594,-37713,19301,-28605.0,33583.5,11.8,0.055,83335932,62551622,LOCKED,1.000028605000,391466447429531
63711,-390336075833927,-11776,45238,-28716.5,32877.7,11.7,0.050,83335933,62636285,LOCKED,1.000028716000,391467447597251
63712,-390336075819448,29437,86451,-28668.1,33118.9,11.2,0.044,83335934,62742889,LOCKED,1.000028668000,391468447756922
63713,-390336075840393,33682,90696,-28553.2,33152.3,11.0,0.039,83335933,62831951,LOCKED,1.000028553000,391469447815476
63714,-390336075915328,-11205,45809,-28608.0,33075.2,10.9,0.033,83335933,62826744,LOCKED,1.000028608000,391470447970087
63715,-390336075944086,-11924,45090,-28560.1,32684.0,10.9,0.024,83335932,62916580,LOCKED,1.000028560000,391471448027647
63716,-390336075905044,53285,110299,-28531.2,33100.2,11.1,0.025,83335932,62901429,LOCKED,1.000028531000,391472448211182
63717,-390336075985778,907,57921,-28524.2,33097.7,10.2,0.038,83335933,63021959,LOCKED,1.000028524000,391473448396710
# STATS: PDUs=1136 CSV=1135 Gaps=0 Dups=0 Skip=0 d_min=-57014 ns drift=-28524.2 ns/s sigma=33097.7 ns state=LOCKED clk_err=+0 ns alpha=0.0200
63718,-390336075959463,50555,107569,-28353.2,33194.8,10.1,0.042,83335933,63139288,LOCKED,1.000028353000,391474448418062
63719,-390336075982390,50779,107793,-28181.9,33300.8,10.0,0.046,83335933,63093217,LOCKED,1.000028182000,391475448600248
63720,-390336076039301,19642,76656,-28096.3,33170.9,10.0,0.045,83335933,63236220,LOCKED,1.000028096000,391476448638344
63721,-390336076052605,30240,87254,-27940.4,32461.3,10.1,0.044,83335933,63315419,LOCKED,1.000027940000,391477448687284
63722,-390336076162767,-48137,8877,-28049.2,33058.9,10.1,0.050,83335932,63289815,LOCKED,1.000028049000,391478448868337
63723,-390336076147097,-4769,52245,-28024.0,32963.0,10.2,0.049,83335933,63399777,LOCKED,1.000028024000,391479449034364
63724,-390336076138563,27956,84970,-27882.1,32391.0,10.2,0.049,83335933,63495976,LOCKED,1.000027882000,391480449080246
63725,-390336076247345,-48902,8112,-27999.4,32974.4,10.2,0.048,83335934,63474737,LOCKED,1.000027999000,391481449244249
63726,-390336076241038,-14223,42791,-27994.0,32947.5,10.2,0.048,83335933,63571319,LOCKED,1.000027994000,391482449405246
63727,-390336076239400,12466,69480,-27870.0,32028.7,10.4,0.049,83335932,63663609,LOCKED,1.000027870000,391483449466116
63728,-390336076336515,-52457,4557,-27995.1,32710.6,10.5,0.041,83335932,63655019,LOCKED,1.000027995000,391484449633115
63729,-390336076331261,-18536,38478,-27997.3,32722.9,10.3,0.052,83335933,63749562,LOCKED,1.000027997000,391485449672112
63730,-390336076400532,-54892,2122,-28147.6,33298.6,10.9,0.058,83335931,63769920,LOCKED,1.000028148000,391486449840263
63731,-390336076398666,-23236,33778,-28189.7,33447.6,10.9,0.076,83335932,63860317,LOCKED,1.000028190000,391487449998456
63732,-390336076393987,7831,64845,-28114.1,33120.4,10.6,0.073,83335932,63952813,LOCKED,1.000028114000,391488450158573
63733,-390336076388313,39988,97002,-28100.5,33275.8,11.1,0.046,83335931,64045250,LOCKED,1.000028101000,391489450209674
63734,-390336076501836,-42579,14435,-28170.0,33772.0,11.7,0.012,83335931,64023285,LOCKED,1.000028170000,391490450383848
63735,-390336076489218,-2333,54681,-28139.4,33666.7,12.1,-0.018,83335931,64125538,LOCKED,1.000028139000,391491450552991
63736,-390336076472944,40750,97764,-28142.0,33634.1,12.2,-0.059,83335931,64232595,LOCKED,1.000028142000,391492450596133
63737,-390336076579866,-35046,21968,-28230.3,33905.3,12.5,-0.086,83335931,64212318,LOCKED,1.000028230000,391493450772367
63738,-390336076573192,-1075,55939,-28182.6,33687.9,12.6,-0.114,83335931,64309676,LOCKED,1.000028183000,391494450814550
63739,-390336076572937,26249,83263,-28171.6,33767.3,12.7,-0.143,83335931,64395798,LOCKED,1.000028172000,391495450846721
63740,-390336076662432,-31863,25151,-28276.4,33831.7,12.6,-0.163,83335932,64394974,LOCKED,1.000028276000,391496450897998
63741,-390336076667636,-9629,47385,-28219.1,33365.8,12.0,-0.171,83335932,64479462,LOCKED,1.000028219000,391497451058220
63742,-390336076662322,23488,80502,-28237.8,33195.2,12.2,-0.197,83335930,64571677,LOCKED,1.000028238000,391498451097458
63743,-390336076669913,42400,99414,-28223.2,33371.9,11.6,-0.211,83335931,64543804,LOCKED,1.000028223000,391499451272685
63744,-390336076764790,-23883,33131,-28201.6,33166.7,11.7,-0.219,83335931,64649879,LOCKED,1.000028202000,391500451428890
63745,-390336076762748,7315,64329,-28260.7,32710.1,11.7,-0.226,83335931,64744685,LOCKED,1.000028261000,391501451584154
63746,-390336076773450,23634,80648,-28239.2,32831.1,11.7,-0.232,83335931,64831315,LOCKED,1.000028239000,391502451649394
63747,-390336076863152,-36703,20311,-28233.4,32759.7,11.7,-0.238,83335931,64824997,LOCKED,1.000028233000,391503451823631
63748,-390336076840122,15012,72026,-28280.6,32324.7,11.1,-0.235,83335932,64933837,LOCKED,1.000028281000,391504451880912
63749,-390336076935439,-48534,8480,-28371.3,32986.9,11.1,-0.240,83335931,64922295,LOCKED,1.000028371000,391505452048287
63750,-390336076895555,17248,74262,-28278.5,32712.2,11.1,-0.244,83335931,65053043,LOCKED,1.000028278000,391506451987562
63751,-390336076985808,-40675,16339,-28409.9,32846.8,11.5,-0.259,83335929,65033265,LOCKED,1.000028410000,391507452163976
63752,-390336076996843,-22351,34663,-28419.3,32906.0,11.7,-0.267,83335930,65134651,LOCKED,1.000028419000,391508452342399
63753,-390336076975372,24299,81313,-28300.5,32540.2,11.0,-0.266,83335931,65248175,LOCKED,1.000028300000,391509452403700
63754,-390336077077041,-44717,12297,-28440.0,32762.0,11.0,-0.268,83335931,65233447,LOCKED,1.000028440000,391510452584144
63755,-390336077043175,16430,73444,-28410.4,32837.8,11.2,-0.275,83335930,65355019,LOCKED,1.000028410000,391511452748558
63756,-390336077039314,44476,101490,-28276.7,33108.8,10.6,-0.277,83335930,65449995,LOCKED,1.000028277000,391512452789835
63757,-390336077142852,-27528,29486,-28391.0,32924.1,10.3,-0.275,83335931,65435342,LOCKED,1.000028391000,391513452952229
63758,-390336077132385,11201,68215,-28403.3,32866.3,10.2,-0.277,83335930,65531496,LOCKED,1.000028403000,391514453118636
63759,-390336077130696,38307,95321,-28320.4,33252.9,9.3,-0.272,83335931,65626217,LOCKED,1.000028320000,391515453159956
63760,-390336077208615,-8737,48277,-28431.4,32437.2,9.3,-0.271,83335931,65634262,LOCKED,1.000028431000,391516453215388
63761,-390336077199924,27940,84954,-28456.1,32156.1,9.2,-0.270,83335931,65734706,LOCKED,1.000028456000,391517453256844
63762,-390336077210457,43150,100164,-28394.6,32667.3,9.4,-0.275,83335930,65703260,LOCKED,1.000028395000,391518453429242
63763,-390336077298392,-16364,40650,-28368.6,32467.9,9.4,-0.273,83335931,65816525,LOCKED,1.000028369000,391519453597614
63764,-390336077287697,19657,76671,-28251.8,31946.5,9.3,-0.272,83335931,65914093,LOCKED,1.000028252000,391520453640866
63765,-390336077288267,44618,101632,-28192.3,32483.4,9.5,-0.272,83335930,65891401,LOCKED,1.000028192000,391521453812062
63766,-390336077382378,-21094,35920,-28167.3,32254.3,9.5,-0.270,83335931,65996125,LOCKED,1.000028167000,391522453970232
63767,-390336077386259,2628,59642,-28144.0,32223.5,9.6,-0.269,83335930,66081908,LOCKED,1.000028144000,391523454124379
63768,-390336077390554,26025,83039,-28165.1,32001.7,9.5,-0.263,83335930,66165282,LOCKED,1.000028165000,391524454044541
63769,-390336077410555,31708,88722,-28095.9,32272.9,9.7,-0.266,83335930,66125938,LOCKED,1.000028096000,391525454217641
63770,-390336077454827,15988,73002,-28145.0,31789.5,9.9,-0.268,83335930,66282568,LOCKED,1.000028145000,391526454148783
63771,-390336077471575,26393,83407,-28140.3,31829.0,9.9,-0.264,83335931,66241376,LOCKED,1.000028140000,391527454342927
63772,-390336077547740,-20833,36181,-28144.8,31858.3,9.5,-0.254,83335931,66365150,LOCKED,1.000028145000,391528454512075
63773,-390336077545670,7906,64920,-28085.4,31680.7,9.6,-0.249,83335930,66456910,LOCKED,1.000028085000,391529454669164
63774,-390336077548224,31889,88903,-28062.4,31873.3,10.2,-0.243,83335929,66541033,LOCKED,1.000028062000,391530454720227
63775,-390336077656318,-44357,12657,-28174.7,32327.4,10.2,-0.244,83335931,66521485,LOCKED,1.000028175000,391531454887405
63776,-390336077651851,-12440,44574,-28118.3,31799.6,10.2,-0.245,83335931,66616516,LOCKED,1.000028118000,391532455040526
63777,-390336077647745,18676,75690,-28094.9,31892.3,10.1,-0.238,83335931,66708411,LOCKED,1.000028095000,391533455075621
# STATS: PDUs=1196 CSV=1195 Gaps=0 Dups=0 Skip=0 d_min=-57014 ns drift=-28094.9 ns/s sigma=31892.3 ns state=LOCKED clk_err=+0 ns alpha=0.0200
63778,-390336077664083,26808,83822,-27961.3,31391.8,10.2,-0.228,83335930,66673487,LOCKED,1.000027961000,391534455228585
63779,-390336077788009,-66619,0,-27975.1,31679.1,10.1,-0.218,83335931,66756344,LOCKED,1.000027975000,391535455395563
63780,-390336077749648,-1317,65302,-27922.0,31388.3,10.2,-0.205,83335930,66879068,LOCKED,1.000027922000,391536455429485
63781,-390336077762649,11109,77728,-27817.8,30731.7,10.2,-0.189,83335930,66953575,LOCKED,1.000027818000,391537455482303
63782,-390336077763375,36725,103344,-27806.5,30861.3,10.3,-0.187,83335931,66931250,LOCKED,1.000027806000,391538455637113
63783,-390336077874272,-43764,22855,-27861.4,31383.0,10.1,-0.170,83335931,67018786,LOCKED,1.000027861000,391539455803978
63784,-390336077887662,-28992,37627,-27827.9,30946.7,9.9,-0.148,83335930,67113367,LOCKED,1.000027828000,391540455865806
63785,-390336077941932,-50812,15807,-27970.5,31434.5,9.1,-0.112,83335930,67103902,LOCKED,1.000027971000,391541456032780
63786,-390336077960718,-38915,27704,-28039.0,31875.6,8.8,-0.091,83335930,67200685,LOCKED,1.000028039000,391542456195822
63787,-390336077950228,-1297,65322,-27992.1,31646.8,8.8,-0.068,83335931,67295800,LOCKED,1.000027992000,391543456247814
63788,-390336077950157,26329,92948,-28014.5,31402.1,8.7,-0.060,83335930,67278534,LOCKED,1.000028014000,391544456418832
63789,-390336078046307,-38834,27785,-28095.9,31825.0,8.1,-0.019,83335931,67381061,LOCKED,1.000028096000,391545456460928
63790,-390336078010822,24829,91448,-28141.3,31253.2,8.2,-0.024,83335930,67395918,LOCKED,1.000028141000,391546456524070
63791,-390336078106976,-39598,27021,-28251.7,31553.4,7.9,0.007,83335931,67499686,LOCKED,1.000028252000,391547456697325
63792,-390336078084097,10565,77184,-28221.7,31573.5,7.7,-0.007,83335930,67612256,LOCKED,1.000028222000,391548456744547
63793,-390336078086620,32530,99149,-28092.3,31384.6,7.7,-0.003,83335931,67587627,LOCKED,1.000028092000,391549456929643
63794,-390336078167157,-17282,49337,-28193.0,30996.8,7.7,-0.011,83335930,67705025,LOCKED,1.000028193000,391550457101840
63795,-390336078154068,22530,89149,-28158.3,31145.2,7.8,-0.018,83335930,67807585,LOCKED,1.000028158000,391551457141998
63796,-390336078268577,-61081,5538,-28191.2,31714.4,8.1,-0.033,83335929,67782886,LOCKED,1.000028191000,391552457304192
63797,-390336078268276,-29282,37337,-28305.0,31594.0,8.1,-0.038,83335930,67875849,LOCKED,1.000028305000,391553457346497
63798,-390336078320408,-49515,17104,-28399.2,32296.5,8.1,-0.042,83335930,67910441,LOCKED,1.000028399000,391554457397896
63799,-390336078321928,-21911,44708,-28398.3,32290.3,8.1,-0.037,83335931,68000880,LOCKED,1.000028398000,391555457433294
63800,-390336078292691,34665,101284,-28404.0,32222.9,7.8,-0.033,83335931,68006174,LOCKED,1.000028404000,391556457496698
63801,-390336078379220,-21397,45222,-28469.8,32279.5,7.4,-0.035,83335930,68120167,LOCKED,1.000028470000,391557457677172
63802,-390336078362983,21267,87886,-28404.8,32337.5,7.4,-0.038,83335930,68224356,LOCKED,1.000028405000,391558457714577
63803,-390336078366893,41505,108124,-28264.6,32407.0,7.7,-0.046,83335929,68200506,LOCKED,1.000028265000,391559457896845
63804,-390336078461599,-22515,44104,-28346.2,32387.2,7.7,-0.041,83335931,68304280,LOCKED,1.000028346000,391560458060194
63805,-390336078453940,12482,79101,-28317.4,32427.2,7.7,-0.037,83335931,68399603,LOCKED,1.000028317000,391561458229515
63806,-390336078450261,40845,107464,-28206.8,32759.2,8.1,-0.028,83335932,68496224,LOCKED,1.000028207000,391562458280722
63807,-390336078559206,-36091,30528,-28333.6,32756.0,8.5,-0.020,83335932,68475104,LOCKED,1.000028334000,391563458441059
63808,-390336078555924,-4561,62058,-28321.8,32725.9,8.2,-0.014,83335931,68567038,LOCKED,1.000028322000,391564458612384
63809,-390336078547299,32115,98734,-28362.0,32157.3,8.1,-0.015,83335930,68665675,LOCKED,1.000028362000,391565458653746
63810,-390336078629167,-20350,46269,-28379.3,32244.3,8.2,-0.012,83335931,68674652,LOCKED,1.000028379000,391566458697125
63811,-390336078630527,7948,74567,-28455.4,31499.2,7.9,-0.013,83335931,68762207,LOCKED,1.000028455000,391567458866584
63812,-390336078617077,47853,114472,-28436.8,31762.5,8.1,-0.020,83335929,68863596,LOCKED,1.000028437000,391568458900020
63813,-390336078741796,-45673,20946,-28496.2,32322.8,8.1,-0.019,83335930,68828941,LOCKED,1.000028496000,391569459075520
63814,-390336078731497,-4358,62261,-28612.9,31205.4,8.1,-0.019,83335930,68929173,LOCKED,1.000028613000,391570459244136
63815,-390336078721799,31885,98504,-28564.4,31499.3,8.1,-0.022,83335930,69027934,LOCKED,1.000028564000,391571459285700
63816,-390336078834929,-50224,16395,-28601.5,31986.4,8.1,-0.024,83335930,69005069,LOCKED,1.000028601000,391572459456305
63817,-390336078825063,-9471,57148,-28698.1,31406.8,8.1,-0.021,83335931,69105986,LOCKED,1.000028698000,391573459614006
63818,-390336078812420,30130,96749,-28662.7,31643.2,8.1,-0.024,83335930,69201803,LOCKED,1.000028663000,391574459656669
63819,-390336078825555,41997,108616,-28552.7,32029.3,8.1,-0.021,83335931,69169018,LOCKED,1.000028553000,391575459827225
63820,-390336078897185,-154,66465,-28598.0,31839.0,8.1,-0.017,83335931,69301680,LOCKED,1.000028598000,391576459877823
63821,-390336078898162,25353,91972,-28536.3,31996.8,8.1,-0.014,83335931,69385693,LOCKED,1.000028536000,391577459916359
63822,-390336078911251,37167,103786,-28419.6,32145.2,8.1,-0.016,83335931,69351755,LOCKED,1.000028420000,391578460078782
63823,-390336079012621,-32566,34053,-28523.5,32244.3,8.1,-0.013,83335930,69449599,LOCKED,1.000028524000,391579460246309
63824,-390336079013507,-4923,61696,-28515.6,32225.6,8.1,-0.010,83335930,69537532,LOCKED,1.000028516000,391580460400828
63825,-390336079058701,-21460,45159,-28486.7,31945.2,8.1,-0.013,83335930,69617172,LOCKED,1.000028487000,391581460570318
63826,-390336079116263,-46388,20231,-28613.4,32370.5,8.1,-0.009,83335931,69713854,LOCKED,1.000028613000,391582460632932
63827,-390336079113956,-14309,52310,-28646.5,32422.8,8.1,-0.013,83335930,69711743,LOCKED,1.000028647000,391583460813582
63828,-390336079109443,16993,83612,-28583.5,32402.8,8.1,-0.017,83335931,69807504,LOCKED,1.000028583000,391584460866166
63829,-390336079109395,41676,108295,-28458.8,32649.2,8.1,-0.022,83335931,69897747,LOCKED,1.000028459000,391585460920625
63830,-390336079163315,14587,81206,-28403.1,32626.0,8.1,-0.028,83335931,69932112,LOCKED,1.000028403000,391586460857025
63831,-390336079234615,-27487,39132,-28397.7,32575.7,8.1,-0.023,83335930,69903219,LOCKED,1.000028398000,391587461028426
63832,-390336079276785,-38040,28579,-28492.6,32910.4,8.1,-0.017,83335930,70000536,LOCKED,1.000028493000,391588461195922
63833,-390336079261307,5144,71763,-28462.5,32877.4,8.1,-0.024,83335931,70099966,LOCKED,1.000028463000,391589461254385
63834,-390336079253445,37474,104093,-28328.5,32846.0,8.6,-0.053,83335933,70089947,LOCKED,1.000028329000,391590461433717
63835,-390336079339593,-17796,48823,-28424.2,32553.8,9.0,-0.016,83335932,70199988,LOCKED,1.000028424000,391591461621145
63836,-390336079323343,25366,91985,-28392.2,32721.4,9.0,-0.001,83335931,70307976,LOCKED,1.000028392000,391592461779540
63837,-390336079327462,45551,112170,-28267.0,33115.8,9.0,0.012,83335931,70392924,LOCKED,1.000028267000,391593461826807
# STATS: PDUs=1256 CSV=1255 Gaps=0 Dups=0 Skip=0 d_min=-66619 ns drift=-28267.0 ns/s sigma=33115.8 ns state=LOCKED clk_err=+0 ns alpha=0.0200
63838,-390336079439191,-36819,29800,-28259.4,33021.0,9.0,0.011,83335931,70368091,LOCKED,1.000028259000,391594461988070
63839,-390336079445385,-12029,54590,-28373.3,32270.3,9.6,0.052,83335933,70456590,LOCKED,1.000028373000,391595462031443
63840,-390336079516979,-51980,14639,-28447.4,33007.1,10.1,0.076,83335933,70469732,LOCKED,1.000028447000,391596462077890
63841,-390336079518356,-24088,42531,-28447.7,33008.9,10.2,0.087,83335932,70562370,LOCKED,1.000028448000,391597462246341
63842,-390336079505723,14138,80757,-28330.9,32287.6,10.2,0.115,83335932,70663067,LOCKED,1.000028331000,391598462297672
63843,-390336079509769,36789,103408,-28311.8,32481.5,10.1,0.148,83335932,70636969,LOCKED,1.000028312000,391599462463987
63844,-390336079604518,-27337,39282,-28379.9,32655.6,10.0,0.146,83335931,70739178,LOCKED,1.000028380000,391600462635371
63845,-390336079599625,6855,73474,-28436.6,32233.0,10.1,0.132,83335930,70838875,LOCKED,1.000028437000,391601462682808
63846,-390336079595996,37457,104076,-28427.0,32341.3,10.0,0.130,83335931,70818492,LOCKED,1.000028427000,391602462856239
63847,-390336079696709,-32766,33853,-28473.9,32635.6,10.0,0.127,83335931,70920001,LOCKED,1.000028474000,391603463021716
63848,-390336079688838,2219,68838,-28410.7,32312.1,10.0,0.126,83335931,71014833,LOCKED,1.000028411000,391604463193130
63849,-390336079691600,27105,93724,-28418.4,32238.9,10.0,0.123,83335931,71102143,LOCKED,1.000028418000,391605463251549
63850,-390336079748095,-1949,64670,-28367.1,31960.4,10.1,0.114,83335930,71129536,LOCKED,1.000028367000,391606463286916
63851,-390336079753845,20474,87093,-28391.6,31737.4,10.1,0.113,83335931,71215740,LOCKED,1.000028392000,391607463452311
63852,-390336079751586,47296,113915,-28282.2,32315.7,10.0,0.112,83335931,71309850,LOCKED,1.000028282000,391608463498593
63853,-390336079874084,-45322,21297,-28285.2,32359.0,10.1,0.117,83335932,71273280,LOCKED,1.000028285000,391609463659881
63854,-390336079875193,-16725,49894,-28327.2,32423.8,10.2,0.110,83335930,71364859,LOCKED,1.000028327000,391610463824212
63855,-390336079867920,16544,83163,-28240.2,32189.3,10.1,0.108,83335931,71459963,LOCKED,1.000028240000,391611463868452
63856,-390336079870429,41202,107821,-28256.1,31950.5,9.7,0.106,83335931,71435340,LOCKED,1.000028256000,391612464034711
63857,-390336079979127,-35896,30723,-28360.7,32158.9,9.7,0.104,83335931,71529490,LOCKED,1.000028361000,391613464074071
63858,-390336080015464,-39338,27281,-28518.1,31871.3,9.7,0.097,83335930,71581949,LOCKED,1.000028518000,391614464129589
63859,-390336080007801,-2006,64613,-28571.4,31638.8,9.9,0.093,83335930,71680013,LOCKED,1.000028571000,391615464169160
63860,-390336080084505,-47791,18828,-28607.1,32082.6,10.0,0.089,83335930,71688495,LOCKED,1.000028607000,391616464213767
63861,-390336080093666,-25491,41128,-28705.0,32004.9,10.1,0.083,83335930,71771487,LOCKED,1.000028705000,391617464376475
63862,-390336080082603,12962,79581,-28661.9,32014.6,10.1,0.078,83335930,71870728,LOCKED,1.000028662000,391618464543140
63863,-390336080073933,45769,112388,-28515.7,32209.8,9.9,0.070,83335930,71972740,LOCKED,1.000028516000,391619464580655
63864,-390336080195655,-43541,23078,-28634.7,32581.0,10.0,0.068,83335930,71935548,LOCKED,1.000028635000,391620464748293
63865,-390336080188577,-7611,59008,-28632.8,32575.8,10.0,0.069,83335931,72034547,LOCKED,1.000028633000,391621464902929
63866,-390336080222346,-13297,53322,-28583.5,32138.4,9.8,0.074,83335931,72121702,LOCKED,1.000028584000,391622464956513
63867,-390336080272136,-31040,35579,-28702.1,32030.6,9.6,0.077,83335930,72108520,LOCKED,1.000028702000,391623465127219
63868,-390336080274807,-4409,62210,-28724.3,32016.6,9.6,0.079,83335931,72215095,LOCKED,1.000028724000,391624465300947
63869,-390336080264516,31411,98030,-28619.5,32069.0,9.6,0.076,83335931,72314730,LOCKED,1.000028619000,391625465356567
63870,-390336080343627,-17114,49505,-28687.7,32016.7,9.5,0.079,83335931,72327906,LOCKED,1.000028688000,391626465408255
63871,-390336080389940,-32594,34025,-28738.9,32317.8,9.7,0.082,83335932,72429192,LOCKED,1.000028739000,391627465458994
63872,-390336080324669,55933,122552,-28562.4,32639.3,9.4,0.074,83335931,72413355,LOCKED,1.000028562000,391628465642560
63873,-390336080410236,544,67163,-28642.8,32026.0,9.3,0.071,83335931,72526306,LOCKED,1.000028643000,391629465821207
63874,-390336080397545,39509,106128,-28592.2,32440.2,9.3,0.067,83335931,72630919,LOCKED,1.000028592000,391630465867799
63875,-390336080505867,-38549,28070,-28610.1,32634.1,9.2,0.063,83335931,72608860,LOCKED,1.000028610000,391631466043413
63876,-390336080491593,5907,72526,-28697.3,31758.5,9.1,0.059,83335931,72717971,LOCKED,1.000028697000,391632466214114
63877,-390336080479891,43985,110604,-28656.5,32192.8,9.1,0.061,83335931,72818849,LOCKED,1.000028656000,391633466258770
63878,-390336080592049,-37638,28981,-28686.1,32474.2,9.1,0.056,83335931,72794012,LOCKED,1.000028686000,391634466417459
63879,-390336080592763,-10250,56369,-28640.3,32126.5,9.2,0.059,83335930,72880448,LOCKED,1.000028640000,391635466581103
63880,-390336080556091,51630,118249,-28557.6,32877.1,9.1,0.062,83335931,73007371,LOCKED,1.000028558000,391636466492657
63881,-390336080583071,48926,115545,-28428.5,33374.1,9.3,0.064,83335932,72961526,LOCKED,1.000028429000,391637466654089
63882,-390336080688600,-27791,38828,-28401.1,33064.2,9.3,0.067,83335931,73054207,LOCKED,1.000028401000,391638466823494
63883,-390336080687134,2857,69476,-28444.2,32855.3,9.2,0.060,83335931,73144512,LOCKED,1.000028444000,391639466984942
63884,-390336080682264,33876,100495,-28387.9,33175.0,9.2,0.052,83335931,73238296,LOCKED,1.000028388000,391640467022330
63885,-390336080697154,44875,111494,-28339.8,33646.7,9.1,0.042,83335931,73205393,LOCKED,1.000028340000,391641467193673
63886,-390336080794904,-21397,45222,-28458.4,33182.1,9.1,0.045,83335931,73307719,LOCKED,1.000028458000,391642467353135
63887,-390336080778238,22834,89453,-28452.6,33221.3,9.0,0.029,83335931,73410212,LOCKED,1.000028453000,391643467514591
63888,-390336080824695,4084,70703,-28422.7,33179.5,9.0,0.028,83335931,73459851,LOCKED,1.000028423000,391644467567014
63889,-390336080823068,30500,97119,-28294.8,32936.5,9.0,0.028,83335931,73548453,LOCKED,1.000028295000,391645467611309
63890,-390336080903563,-20985,45634,-28295.1,32938.0,9.1,0.044,83335932,73557903,LOCKED,1.000028295000,391646467786608
63891,-390336080880548,29068,95687,-28281.7,33045.6,9.0,0.028,83335931,73666037,LOCKED,1.000028282000,391647467826890
63892,-390336080987890,-45548,21071,-28424.3,33266.4,9.0,-0.004,83335930,73647507,LOCKED,1.000028424000,391648467989318
63893,-390336080990805,-18869,47750,-28450.4,33360.5,9.0,-0.005,83335931,73738396,LOCKED,1.000028450000,391649468158772
63894,-390336080984962,13090,79709,-28357.4,32965.1,8.5,0.051,83335932,73831353,LOCKED,1.000028357000,391650468320133
63895,-390336080974811,48731,115350,-28297.6,33564.0,8.4,0.045,83335931,73931468,LOCKED,1.000028298000,391651468359430
63896,-390336081086990,-33886,32733,-28303.3,33621.5,8.4,0.042,83335931,73910090,LOCKED,1.000028303000,391652468528737
63897,-390336081072104,6840,73459,-28193.6,32771.3,8.6,0.029,83335930,74013765,LOCKED,1.000028194000,391653468693934
# STATS: PDUs=1316 CSV=1315 Gaps=0 Dups=0 Skip=0 d_min=-66619 ns drift=-28193.6 ns/s sigma=32771.3 ns state=LOCKED clk_err=+0 ns alpha=0.0200
63898,-390336081101875,5709,72328,-28225.1,32622.6,8.6,0.028,83335931,74113490,LOCKED,1.000028225000,391654468740159
63899,-390336081179548,-40792,20289,-28302.0,33086.9,8.1,0.034,83335932,74085993,LOCKED,1.000028302000,391655468805462
63900,-390336081193083,-22731,38350,-28426.1,32583.9,7.6,0.022,83335930,74117231,LOCKED,1.000028426000,391656468978892
63901,-390336081209270,-8972,52109,-28485.9,32427.5,7.4,0.021,83335931,74230219,LOCKED,1.000028486000,391657469154382
63902,-390336081196155,30043,91124,-28408.8,32628.5,7.2,0.021,83335931,74336380,LOCKED,1.000028409000,391658469213791
63903,-390336081296884,-40871,20210,-28409.8,32641.3,7.1,0.013,83335930,74325742,LOCKED,1.000028410000,391659469394205
63904,-390336081278831,6051,67132,-28442.5,32479.2,7.3,0.021,83335932,74432670,LOCKED,1.000028442000,391660469448648
63905,-390336081263583,46268,107349,-28348.8,33067.1,7.2,0.021,83335931,74425878,LOCKED,1.000028349000,391661469641001
63906,-390336081336882,-144,60937,-28276.7,32588.6,7.2,0.022,83335931,74550754,LOCKED,1.000028277000,391662469820281
63907,-390336081319028,43940,105021,-28249.2,32906.8,7.3,0.017,83335930,74659415,LOCKED,1.000028249000,391663469871530
63908,-390336081423995,-30894,30187,-28290.4,33157.8,7.3,0.017,83335931,74642192,LOCKED,1.000028290000,391664470032824
63909,-390336081421256,-953,60128,-28235.3,32865.4,7.3,0.018,83335931,74734660,LOCKED,1.000028235000,391665470091060
63910,-390336081506931,-54806,6275,-28320.3,33686.6,7.2,0.017,83335931,74741821,LOCKED,1.000028320000,391666470144381
63911,-390336081489508,-9386,51695,-28288.8,33505.0,7.4,0.022,83335932,74844973,LOCKED,1.000028289000,391667470306673
63912,-390336081487609,17466,78547,-28153.8,32602.5,7.6,0.027,83335932,74937781,LOCKED,1.000028154000,391668470464830
63913,-390336081490715,40752,101833,-28135.1,32815.6,8.0,0.037,83335933,75021460,LOCKED,1.000028135000,391669470517965
63914,-390336081600704,-38306,22775,-28208.7,33221.5,8.0,0.039,83335932,75002038,LOCKED,1.000028209000,391670470687177
63915,-390336081587398,1994,63075,-28152.4,32969.1,8.2,0.042,83335932,75104967,LOCKED,1.000028152000,391671470851333
63916,-390336081577704,35317,96398,-27988.8,32372.6,8.3,0.046,83335932,75201483,LOCKED,1.000027989000,391672470894322
63917,-390336081587838,50296,111377,-27931.2,33000.4,8.8,0.052,83335933,75169977,LOCKED,1.000027931000,391673471054256
63918,-390336081696356,-27479,33602,-28023.7,33032.9,8.8,0.051,83335932,75262012,LOCKED,1.000028024000,391674471102280
63919,-390336081691693,4613,65694,-28002.1,33022.4,8.7,0.047,83335931,75353068,LOCKED,1.000028002000,391675471146282
63920,-390336081752014,-24560,36521,-28115.9,32735.6,8.6,0.043,83335931,75381392,LOCKED,1.000028116000,391676471309401
63921,-390336081751543,4600,65681,-28151.7,32564.4,8.5,0.040,83335932,75470378,LOCKED,1.000028152000,391677471471556
63922,-390336081743468,37752,98833,-28063.5,32921.1,8.8,0.039,83335933,75569190,LOCKED,1.000028063000,391678471518619
63923,-390336081852573,-42193,18888,-28047.1,32674.7,9.1,0.036,83335933,75549816,LOCKED,1.000028047000,391679471679669
63924,-390336081851371,-10767,50314,-28136.2,32252.0,9.3,0.033,83335933,75641788,LOCKED,1.000028136000,391680471842808
63925,-390336081837545,29434,90515,-28098.6,32480.6,9.4,0.032,83335932,75744192,LOCKED,1.000028099000,391681471889907
63926,-390336081844884,47369,108450,-28038.7,33063.0,9.5,0.032,83335932,75713046,LOCKED,1.000028039000,391682472052949
63927,-390336081947218,-24037,37044,-28140.7,32898.2,9.3,0.025,83335932,75812717,LOCKED,1.000028141000,391683472212093
63928,-390336081960403,-8093,52988,-28175.8,32876.7,9.4,0.023,83335932,75906686,LOCKED,1.000028176000,391684472263269
63929,-390336082018097,-36013,25068,-28194.4,33058.6,9.4,0.021,83335931,75890151,LOCKED,1.000028194000,391685472431467
63930,-390336082030658,-18221,42860,-28270.2,32976.7,9.4,0.019,83335932,76032344,LOCKED,1.000028270000,391686472480737
63931,-390336082001942,37759,98840,-28283.6,32797.5,9.4,0.024,83335932,76114377,LOCKED,1.000028284000,391687472516020
63932,-390336082040099,24529,85610,-28159.4,32361.1,9.4,0.022,83335931,76073742,LOCKED,1.000028159000,391688472682183
63933,-390336082126050,-30866,30215,-28225.9,32617.5,9.5,0.019,83335932,76167191,LOCKED,1.000028226000,391689472842412
63934,-390336082122031,212,61293,-28168.8,32321.0,9.5,0.015,83335932,76261845,LOCKED,1.000028169000,391690473012584
63935,-390336082110361,38966,100047,-28180.4,32161.0,9.5,0.010,83335932,76364326,LOCKED,1.000028180000,391691473065765
63936,-390336082215447,-35309,25772,-28251.0,32509.6,9.5,0.003,83335932,76347892,LOCKED,1.000028251000,391692473245020
63937,-390336082197609,8965,70046,-28176.6,32213.9,9.5,-0.001,83335931,76456466,LOCKED,1.000028177000,391693473287196
63938,-390336082196379,37473,98554,-28194.9,31958.2,9.5,-0.005,83335931,76432578,LOCKED,1.000028195000,391694473481395
63939,-390336082264717,-1750,59331,-28237.2,31813.9,9.3,-0.015,83335932,76564065,LOCKED,1.000028237000,391695473520632
63940,-390336082342368,-49199,11882,-28251.8,32030.4,9.3,-0.011,83335932,76574159,LOCKED,1.000028252000,391696473687887
63941,-390336082333393,-12635,48446,-28198.2,31534.2,9.3,-0.011,83335931,76671953,LOCKED,1.000028198000,391697473852088
63942,-390336082324888,23554,84635,-28212.1,31405.5,9.3,-0.010,83335932,76770236,LOCKED,1.000028212000,391698473912301
63943,-390336082424029,-44188,16893,-28295.2,31970.6,9.6,0.005,83335933,76762791,LOCKED,1.000028295000,391699474076600
63944,-390336082414534,-6920,54161,-28258.0,31755.0,9.6,0.003,83335932,76861056,LOCKED,1.000028258000,391700474231861
63945,-390336082410917,21891,82972,-28143.8,31348.7,9.6,-0.000,83335932,76953603,LOCKED,1.000028144000,391701474267005
63946,-390336082424203,35112,96193,-28121.8,31560.6,9.8,0.009,83335933,76917061,LOCKED,1.000028122000,391702474443131
63947,-390336082507520,-19507,41574,-28117.7,31531.8,9.8,0.016,83335932,77032490,LOCKED,1.000028118000,391703474609252
63948,-390336082507047,8347,69428,-28095.4,31546.6,9.8,0.010,83335931,77121595,LOCKED,1.000028095000,391704474655347
63949,-390336082525173,15969,77050,-28006.5,31268.0,9.8,0.004,83335931,77194114,LOCKED,1.000028007000,391705474695353
63950,-390336082599228,-27630,33451,-28080.9,31428.0,10.0,-0.014,83335930,77210620,LOCKED,1.000028081000,391706474727434
63951,-390336082605218,-6322,54759,-28031.9,31093.3,10.0,-0.018,83335931,77295087,LOCKED,1.000028032000,391707474896469
63952,-390336082585139,40501,101582,-28036.1,31034.5,9.8,-0.020,83335931,77401825,LOCKED,1.000028036000,391708474943505
63953,-390336082689285,-32651,28430,-28127.1,31240.0,10.0,-0.033,83335930,77388198,LOCKED,1.000028127000,391709475107635
63954,-390336082694576,-9582,51499,-28122.6,31223.4,10.0,-0.036,83335931,77472458,LOCKED,1.000028123000,391710475273761
63955,-390336082681869,27517,88598,-27985.0,30675.6,10.0,-0.039,83335931,77572914,LOCKED,1.000027985000,391711475332746
63956,-390336082782779,-41498,19583,-28108.1,30944.1,10.0,-0.035,83335932,77562635,LOCKED,1.000028108000,391712475496857
63957,-390336082773096,-3826,57255,-28095.9,30913.7,9.9,-0.026,83335933,77660672,LOCKED,1.000028096000,391713475659956
# STATS: PDUs=1376 CSV=1375 Gaps=0 Dups=0 Skip=0 d_min=-61081 ns drift=-28095.9 ns/s sigma=30913.7 ns state=LOCKED clk_err=+0 ns alpha=0.0200
63958,-390336082766997,28070,89151,-28029.6,31119.7,9.9,-0.029,83335931,77760521,LOCKED,1.000028030000,391714475714986
63959,-390336082871917,-44372,16709,-28174.4,31269.7,9.9,-0.032,83335931,77746181,LOCKED,1.000028174000,391715475871164
63960,-390336082822776,31729,92810,-28167.6,31338.2,9.6,-0.036,83335931,77882805,LOCKED,1.000028168000,391716475795328
63961,-390336082943749,-56550,4531,-28295.9,32186.0,9.6,-0.040,83335931,77846676,LOCKED,1.000028296000,391717475969628
63962,-390336082935667,-19579,41502,-28292.4,32162.3,10.3,-0.053,83335929,77943462,LOCKED,1.000028292000,391718476128924
63963,-390336082926446,18436,79517,-28347.9,31535.5,10.0,-0.058,83335931,78043631,LOCKED,1.000028348000,391719476172272
63964,-390336082935342,35640,96721,-28296.7,31892.6,10.3,-0.063,83335930,78014556,LOCKED,1.000028297000,391720476352573
63965,-390336083020061,-20694,40387,-28266.6,31600.0,10.5,-0.070,83335930,78128952,LOCKED,1.000028267000,391721476514843
63966,-390336083040827,-12161,48920,-28297.1,31635.1,10.6,-0.077,83335930,78230616,LOCKED,1.000028297000,391722476573140
63967,-390336083103853,-45178,15903,-28305.9,31760.8,10.3,-0.082,83335931,78226863,LOCKED,1.000028306000,391723476753450
63968,-390336083083858,4099,65180,-28360.8,31400.4,10.3,-0.086,83335931,78334789,LOCKED,1.000028361000,391724476802811
63969,-390336083079556,34591,95672,-28311.7,31737.2,10.3,-0.086,83335932,78315934,LOCKED,1.000028312000,391725476976126
63970,-390336083129679,14054,75135,-28397.8,30615.4,10.2,-0.087,83335932,78462938,LOCKED,1.000028398000,391726476915521
63971,-390336083134380,36004,97085,-28371.9,30868.8,10.5,-0.090,83335930,78442616,LOCKED,1.000028372000,391727477106897
63972,-390336083215687,-16124,44957,-28384.7,30923.1,10.5,-0.088,83335932,78565686,LOCKED,1.000028385000,391728477280285
63973,-390336083192004,32468,93549,-28267.9,30889.7,10.5,-0.085,83335930,78672234,LOCKED,1.000028268000,391729477325553
63974,-390336083304179,-46627,14454,-28426.9,30959.7,10.6,-0.085,83335931,78648400,LOCKED,1.000028427000,391730477497983
63975,-390336083289904,-3435,57646,-28445.2,30948.5,10.6,-0.084,83335931,78755378,LOCKED,1.000028445000,391731477662432
63976,-390336083282630,29168,90249,-28340.6,30924.8,10.6,-0.083,83335931,78850157,LOCKED,1.000028341000,391732477712773
63977,-390336083395748,-53722,7359,-28343.8,30983.2,10.4,-0.076,83335931,78832039,LOCKED,1.000028344000,391733477878120
63978,-390336083408394,-34665,26416,-28451.3,31129.6,10.4,-0.074,83335931,78906161,LOCKED,1.000028451000,391734477918571
63979,-390336083414799,-11912,49169,-28466.2,31168.2,10.4,-0.079,83335931,78988642,LOCKED,1.000028466000,391735477961037
63980,-390336083386698,42706,103787,-28441.5,31463.8,10.3,-0.083,83335932,78994810,LOCKED,1.000028442000,391736478012479
63981,-390336083488022,-28208,32873,-28491.3,31696.1,10.4,-0.081,83335932,79093691,LOCKED,1.000028491000,391737478189974
63982,-390336083473968,12226,73307,-28407.9,31374.2,10.2,-0.071,83335932,79195710,LOCKED,1.000028408000,391738478352385
63983,-390336083478097,35546,96627,-28419.9,31215.8,10.8,-0.062,83335934,79284665,LOCKED,1.000028420000,391739478405805
63984,-390336083589582,-43946,17135,-28522.4,31720.0,10.6,-0.051,83335932,79261009,LOCKED,1.000028522000,391740478585331
63985,-390336083571157,1964,63045,-28474.7,31535.0,10.6,-0.046,83335931,79369425,LOCKED,1.000028475000,391741478745809
63986,-390336083571243,26772,87853,-28343.2,31060.8,11.3,-0.046,83335934,79459463,LOCKED,1.000028343000,391742478792152
63987,-390336083686375,-55400,5681,-28477.9,31825.8,11.3,-0.043,83335932,79434274,LOCKED,1.000028478000,391743478965634
63988,-390336083672098,-11502,49579,-28515.0,31837.3,11.4,-0.040,83335932,79538294,LOCKED,1.000028515000,391744479130152
63989,-390336083669824,19362,80443,-28550.9,31483.3,11.3,-0.050,83335932,79625721,LOCKED,1.000028551000,391745479168703
63990,-390336083758759,-37488,23593,-28662.2,31696.5,11.7,-0.010,83335933,79628873,LOCKED,1.000028662000,391746479226366
63991,-390336083756303,-6898,54183,-28624.7,31477.3,11.9,0.023,83335933,79721453,LOCKED,1.000028625000,391747479388994
63992,-390336083746833,28487,89568,-28539.0,31592.4,12.0,0.040,83335933,79817232,LOCKED,1.000028539000,391748479554536
63993,-390336083749135,52316,113397,-28507.8,32040.0,12.0,0.054,83335932,79909045,LOCKED,1.000028508000,391749479599044
63994,-390336083863085,-30888,30193,-28566.4,32311.6,11.9,0.068,83335932,79880063,LOCKED,1.000028566000,391750479772614
63995,-390336083846619,12011,73092,-28481.4,31972.4,11.8,0.083,83335932,79983546,LOCKED,1.000028481000,391751479934099
63996,-390336083835953,49072,110153,-28460.7,32266.0,11.7,0.101,83335932,80085368,LOCKED,1.000028461000,391752479974560
63997,-390336083962459,-46063,15018,-28527.0,32847.7,11.7,0.104,83335932,80049803,LOCKED,1.000028527000,391753480132090
63998,-390336083958997,-14390,46691,-28487.5,32521.5,11.7,0.108,83335932,80142041,LOCKED,1.000028487000,391754480294581
63999,-390336083990786,-16512,44569,-28518.0,32598.5,11.7,0.119,83335933,80224020,LOCKED,1.000028518000,391755480366100
64000,-390336084025673,-19705,41376,-28641.3,31976.7,11.8,0.128,83335933,80256686,LOCKED,1.000028641000,391756480425742
64001,-390336084002822,30296,91377,-28618.5,32154.9,11.9,0.117,83335931,80367630,LOCKED,1.000028618000,391757480463360
64002,-390336084033809,25453,86534,-28539.2,32228.9,12.0,0.126,83335933,80333604,LOCKED,1.000028539000,391758480634903
64003,-390336084115241,-24036,37045,-28666.5,31714.9,11.8,0.123,83335932,80430831,LOCKED,1.000028667000,391759480779572
64004,-390336084131032,-9946,51135,-28709.7,31681.2,11.9,0.114,83335931,80503079,LOCKED,1.000028710000,391760480954285
64005,-390336084117542,29613,90694,-28629.2,31858.6,11.9,0.106,83335931,80611882,LOCKED,1.000028629000,391761481010914
64006,-390336084221860,-44208,16873,-28647.4,32092.1,11.7,0.106,83335932,80596828,LOCKED,1.000028647000,391762481188565
64007,-390336084197421,8970,70051,-28666.8,31999.4,11.7,0.107,83335932,80707363,LOCKED,1.000028667000,391763481373236
64008,-390336084187559,44143,105224,-28575.4,32537.9,11.8,0.101,83335931,80812047,LOCKED,1.000028575000,391764481310808
64009,-390336084298265,-36203,24878,-28602.8,32788.3,11.8,0.095,83335931,80791500,LOCKED,1.000028603000,391765481486414
64010,-390336084260540,28990,90071,-28595.3,32852.6,11.6,0.089,83335931,80914245,LOCKED,1.000028595000,391766481532009
64011,-390336084269765,45309,106390,-28520.8,33421.6,11.7,0.085,83335931,80996273,LOCKED,1.000028521000,391767481582530
64012,-390336084374362,-30340,30741,-28491.2,33058.7,12.0,0.075,83335930,80982000,LOCKED,1.000028491000,391768481759025
64013,-390336084360233,12356,73437,-28515.5,32908.9,12.1,0.065,83335930,81085099,LOCKED,1.000028516000,391769481919544
64014,-390336084364571,34305,95386,-28463.1,33231.6,12.1,0.061,83335931,81169758,LOCKED,1.000028463000,391770481962007
64015,-390336084478316,-48918,12163,-28482.8,33500.5,12.1,0.057,83335931,81146089,LOCKED,1.000028483000,391771482129493
64016,-390336084466434,-6869,54212,-28554.2,33196.4,12.3,0.052,83335930,81245901,LOCKED,1.000028554000,391772482300051
64017,-390336084467376,19336,80417,-28517.2,33299.2,12.1,0.054,83335931,81340005,LOCKED,1.000028517000,391773482347568
# STATS: PDUs=1436 CSV=1435 Gaps=0 Dups=0 Skip=0 d_min=-61081 ns drift=-28517.2 ns/s sigma=33299.2 ns state=LOCKED clk_err=+0 ns alpha=0.0200
64018,-390336084470325,40744,101825,-28380.5,33375.6,12.3,0.047,83335930,81311234,LOCKED,1.000028381000,391774482516952
64019,-390336084578020,-34886,21664,-28503.6,33367.6,12.4,0.045,83335931,81409734,LOCKED,1.000028504000,391775482693459
64020,-390336084524302,42969,99519,-28360.5,33465.0,12.6,0.039,83335930,81547244,LOCKED,1.000028361000,391776482611816
64021,-390336084635728,-35831,20719,-28510.6,33135.2,12.8,0.034,83335930,81521973,LOCKED,1.000028511000,391777482788330
64022,-390336084624818,3953,60503,-28535.0,33050.4,12.4,0.022,83335930,81626632,LOCKED,1.000028535000,391778482956868
64023,-390336084613196,40616,97166,-28430.9,33410.5,12.4,0.019,83335931,81725462,LOCKED,1.000028431000,391779482992299
64024,-390336084636304,41583,98133,-28286.0,33422.7,12.5,0.011,83335930,81679436,LOCKED,1.000028286000,391780483170589
64025,-390336084731383,-23202,33348,-28346.0,33537.3,12.5,0.002,83335930,81786400,LOCKED,1.000028346000,391781483337938
64026,-390336084723473,12374,68924,-28333.2,33572.3,12.5,-0.007,83335930,81881947,LOCKED,1.000028333000,391782483493274
64027,-390336084720814,41868,98418,-28329.4,33621.6,12.6,-0.011,83335930,81971555,LOCKED,1.000028329000,391783483529603
64028,-390336084841932,-47856,8694,-28400.3,34229.2,12.6,-0.014,83335931,81944269,LOCKED,1.000028400000,391784483696007
64029,-390336084839441,-17158,39392,-28362.2,33899.2,12.6,-0.011,83335931,82033592,LOCKED,1.000028362000,391785483854372
64030,-390336084803285,43639,100189,-28251.9,34314.0,12.6,-0.007,83335932,82162727,LOCKED,1.000028252000,391786483788621
64031,-390336084921489,-44824,11726,-28250.4,34293.2,12.4,-0.017,83335931,82135384,LOCKED,1.000028250000,391787483963875
64032,-390336084920399,-14283,42267,-28285.6,34339.0,12.4,-0.013,83335931,82224135,LOCKED,1.000028286000,391788484124164
64033,-390336084921313,10728,67278,-28187.5,33815.9,12.2,-0.024,83335931,82313017,LOCKED,1.000028187000,391789484288355
64034,-390336084930678,28802,85352,-28198.7,33704.1,12.2,-0.027,83335931,82398133,LOCKED,1.000028199000,391790484342554
64035,-390336085030796,-40508,16042,-28259.4,34140.8,12.4,-0.030,83335930,82383197,LOCKED,1.000028259000,391791484501817
64036,-390336085064151,-43983,12567,-28265.8,34223.4,12.4,-0.035,83335931,82473191,LOCKED,1.000028266000,391792484679087
64037,-390336085018651,29288,85838,-28290.3,33949.1,12.5,-0.038,83335930,82575151,LOCKED,1.000028290000,391793484732378
64038,-390336085038998,35796,92346,-28279.4,34059.3,12.7,-0.041,83335930,82530621,LOCKED,1.000028279000,391794484795658
64039,-390336085143926,-37913,18637,-28360.8,34426.9,12.9,-0.043,83335930,82625725,LOCKED,1.000028361000,391795484970022
64040,-390336085097013,33397,89947,-28221.5,34157.1,12.9,-0.036,83335931,82759430,LOCKED,1.000028222000,391796484909241
64041,-390336085211273,-48462,8088,-28346.3,34648.7,13.0,-0.023,83335930,82738648,LOCKED,1.000028346000,391797485081591
64042,-390336085196072,-5143,51407,-28326.5,34584.0,13.1,-0.036,83335930,82843548,LOCKED,1.000028326000,391798485256921
64043,-390336085185766,29926,86476,-28201.1,34361.3,12.5,-0.017,83335930,82944817,LOCKED,1.000028201000,391799485311122
64044,-390336085294060,-45646,10904,-28347.4,34537.4,12.8,-0.040,83335929,82927321,LOCKED,1.000028347000,391800485478473
64045,-390336085282630,-5646,50904,-28348.9,34539.9,12.9,-0.060,83335930,83024390,LOCKED,1.000028349000,391801485649825
64046,-390336085274539,27687,84237,-28242.2,34450.9,12.3,-0.030,83335930,83124511,LOCKED,1.000028242000,391802485697067
64047,-390336085385505,-49777,6773,-28417.9,34433.1,12.3,-0.030,83335930,83101435,LOCKED,1.000028418000,391803485873489
64048,-390336085365595,-921,55629,-28442.4,34387.9,12.3,-0.027,83335930,83211992,LOCKED,1.000028442000,391804486048935
64049,-390336085362685,27895,84445,-28364.1,34521.0,12.3,-0.022,83335930,83307019,LOCKED,1.000028364000,391805486092299
64050,-390336085433196,-11937,44613,-28458.1,34092.8,12.1,-0.054,83335929,83320483,LOCKED,1.000028458000,391806486138757
64051,-390336085449725,462,57012,-28482.0,34039.3,11.8,-0.080,83335929,83395776,LOCKED,1.000028482000,391807486323243
64052,-390336085431891,42972,99522,-28366.4,34395.4,11.3,-0.091,83335930,83505702,LOCKED,1.000028366000,391808486372610
64053,-390336085534604,-31071,25479,-28329.5,33923.0,11.4,-0.076,83335932,83488031,LOCKED,1.000028330000,391809486535943
64054,-390336085530128,2654,59204,-28379.2,33662.8,11.2,-0.073,83335931,83583301,LOCKED,1.000028379000,391810486705326
64055,-390336085522815,35460,92010,-28296.4,33967.8,11.1,-0.069,83335931,83681383,LOCKED,1.000028296000,391811486758623
64056,-390336085621153,-34094,22456,-28263.5,33522.6,10.9,-0.066,83335931,83669018,LOCKED,1.000028264000,391812486920890
64057,-390336085626687,-9194,47356,-28354.9,33035.0,10.8,-0.070,83335930,83755245,LOCKED,1.000028355000,391813487081248
64058,-390336085623853,21046,77596,-28343.4,33100.3,10.8,-0.059,83335932,83846853,LOCKED,1.000028343000,391814487142592
64059,-390336085624117,46536,103086,-28293.6,33608.0,10.5,-0.048,83335932,83825548,LOCKED,1.000028294000,391815487315889
64060,-390336085682273,16401,72951,-28307.5,33519.1,9.8,-0.044,83335931,83966468,LOCKED,1.000028308000,391816487241193
64061,-390336085691846,31993,88543,-28206.3,33618.7,9.8,-0.041,83335931,83935687,LOCKED,1.000028206000,391817487415403
64062,-390336085781160,-28083,28467,-28210.2,33651.6,9.1,-0.036,83335931,84044410,LOCKED,1.000028210000,391818487594617
64063,-390336085753094,27245,83795,-28209.1,33661.6,8.9,-0.031,83335931,84162125,LOCKED,1.000028209000,391819487641826
64064,-390336085866788,-53951,2599,-28330.0,34389.2,8.9,-0.028,83335931,84136377,LOCKED,1.000028330000,391820487800159
64065,-390336085867318,-25245,31305,-28332.5,34407.9,8.9,-0.030,83335930,84227570,LOCKED,1.000028332000,391821487969495
64066,-390336085854064,16992,73542,-28392.8,33771.3,8.7,-0.025,83335931,84332826,LOCKED,1.000028393000,391822488005888
64067,-390336085882474,15922,72472,-28367.6,33839.8,8.4,-0.020,83335931,84304739,LOCKED,1.000028368000,391823488175259
64068,-390336085968104,-39890,16660,-28372.4,33897.3,8.4,-0.021,83335930,84395650,LOCKED,1.000028372000,391824488206631
64069,-390336085979482,-19939,36611,-28484.5,33475.6,8.4,-0.022,83335930,84475126,LOCKED,1.000028485000,391825488367119
64070,-390336085948989,35886,92436,-28389.3,33735.9,8.4,-0.022,83335930,84595575,LOCKED,1.000028389000,391826488305505
64071,-390336086045306,-31296,25254,-28373.8,33562.8,8.4,-0.022,83335930,84588336,LOCKED,1.000028374000,391827488467882
64072,-390336086031304,11506,68056,-28414.0,33272.7,8.4,-0.025,83335930,84688179,LOCKED,1.000028414000,391828488622299
64073,-390336086038806,30105,86655,-28350.4,33512.5,8.4,-0.028,83335930,84779147,LOCKED,1.000028350000,391829488679650
64074,-390336086135320,-36640,19910,-28359.1,33605.9,8.4,-0.027,83335930,84766231,LOCKED,1.000028359000,391830488833012
64075,-390336086159694,-28770,27780,-28502.2,33063.0,8.4,-0.026,83335930,84859331,LOCKED,1.000028502000,391831489006518
64076,-390336086211392,-48016,8534,-28616.4,33619.3,8.4,-0.029,83335930,84968704,LOCKED,1.000028616000,391832489062135
64077,-390336086207958,-15181,41369,-28629.7,33666.5,8.4,-0.027,83335930,84960928,LOCKED,1.000028630000,391833489225768
# STATS: PDUs=1496 CSV=1495 Gaps=0 Dups=0 Skip=0 d_min=-56550 ns drift=-28629.7 ns/s sigma=33666.5 ns state=LOCKED clk_err=+0 ns alpha=0.0200
64078,-390336086188908,29275,85825,-28520.0,33597.4,8.3,-0.030,83335930,85070256,LOCKED,1.000028520000,391834489382291
64079,-390336086203986,41356,97906,-28522.0,33570.8,8.3,-0.028,83335930,85145144,LOCKED,1.000028522000,391835489431813
64080,-390336086268874,3391,59941,-28449.0,33169.8,8.6,-0.032,83335929,85167783,LOCKED,1.000028449000,391836489363259
64081,-390336086263499,36193,92743,-28459.1,33044.5,8.8,-0.036,83335929,85152250,LOCKED,1.000028459000,391837489559722
64082,-390336086324201,3834,60384,-28459.7,33043.7,9.0,-0.040,83335929,85292633,LOCKED,1.000028460000,391838489740186
64083,-390336086314095,38452,95002,-28329.7,33100.3,9.2,-0.037,83335929,85392735,LOCKED,1.000028330000,391839489787516
64084,-390336086431233,-48575,7975,-28336.3,33198.5,9.4,-0.040,83335929,85363390,LOCKED,1.000028336000,391840489961856
64085,-390336086412203,-444,56106,-28373.2,33080.9,9.6,-0.043,83335929,85470152,LOCKED,1.000028373000,391841490129233
64086,-390336086400337,36731,93281,-28283.8,33398.7,10.2,-0.045,83335928,85573508,LOCKED,1.000028284000,391842490177517
64087,-390336086504864,-38526,18024,-28268.0,33184.5,10.3,-0.050,83335931,85560944,LOCKED,1.000028268000,391843490348789
64088,-390336086479799,15291,71841,-28317.3,32722.8,10.4,-0.043,83335929,85670735,LOCKED,1.000028317000,391844490389106
64089,-390336086485323,36110,92660,-28280.4,33024.8,10.6,-0.035,83335929,85643000,LOCKED,1.000028280000,391845490564390
64090,-390336086557806,-9220,47330,-28209.6,32354.7,10.2,-0.016,83335930,85775587,LOCKED,1.000028210000,391846490609600
64091,-390336086554934,21682,78232,-28236.9,32091.8,10.2,-0.006,83335930,85863234,LOCKED,1.000028237000,391847490646837
64092,-390336086564520,38036,94586,-28187.3,32477.8,10.1,0.005,83335930,85833351,LOCKED,1.000028187000,391848490816028
64093,-390336086664614,-32275,24275,-28212.0,32679.0,10.0,0.014,83335930,85933237,LOCKED,1.000028212000,391849490993244
64094,-390336086649752,8859,65409,-28131.4,32309.6,9.9,0.022,83335930,86037793,LOCKED,1.000028131000,391850491049376
64095,-390336086642681,42260,98810,-28113.3,32527.5,9.9,0.019,83335930,86021633,LOCKED,1.000028113000,391851491213493
64096,-390336086743999,-27669,28881,-28228.2,32337.0,9.9,0.015,83335929,86120085,LOCKED,1.000028228000,391852491371724
64097,-390336086744382,-909,55641,-28173.3,32039.9,10.1,-0.001,83335929,86206353,LOCKED,1.000028173000,391853491546901
64098,-390336086741092,27159,83709,-28051.6,31737.1,10.2,-0.016,83335929,86302502,LOCKED,1.000028052000,391854491472949
64099,-390336086859801,-58345,0,-28207.8,32444.0,10.2,-0.017,83335930,86270440,LOCKED,1.000028208000,391855491638160
64100,-390336086816316,11140,69485,-28117.8,32017.6,10.2,-0.014,83335929,86404386,LOCKED,1.000028118000,391856491556274
64101,-390336086828277,26947,85292,-28145.5,31698.4,10.3,-0.029,83335929,86370321,LOCKED,1.000028146000,391857491739423
64102,-390336086912807,-27475,30870,-28196.2,31916.6,10.8,-0.003,83335932,86485562,LOCKED,1.000028196000,391858491894622
64103,-390336086906306,5553,63898,-28123.4,31549.3,10.8,-0.003,83335930,86573767,LOCKED,1.000028123000,391859492054749
64104,-390336086910238,29193,87538,-28144.9,31294.4,10.8,-0.011,83335929,86662605,LOCKED,1.000028145000,391860492099894
64105,-390336087024197,-52815,5530,-28244.1,32101.7,10.8,-0.011,83335930,86639233,LOCKED,1.000028244000,391861492262141
64106,-390336087017286,-17526,40819,-28221.5,31923.3,10.8,-0.011,83335930,86736830,LOCKED,1.000028221000,391862492427366
64107,-390336087012264,16389,74734,-28281.8,31248.0,10.9,-0.002,83335931,86830738,LOCKED,1.000028282000,391863492463648
64108,-390336087028768,26521,84866,-28245.1,31445.8,10.9,-0.002,83335930,86793981,LOCKED,1.000028245000,391864492640897
64109,-390336087117083,-32239,26106,-28255.8,31549.9,10.9,-0.002,83335930,86904724,LOCKED,1.000028256000,391865492812156
64110,-390336087095942,16557,74902,-28253.8,31560.4,10.8,-0.003,83335930,87016597,LOCKED,1.000028254000,391866492849410
64111,-390336087108363,30423,88768,-28207.8,31824.5,10.7,-0.003,83335930,87092978,LOCKED,1.000028208000,391867492890618
64112,-390336087225464,-56089,2256,-28231.4,32207.0,10.8,-0.010,83335929,87065669,LOCKED,1.000028231000,391868493055853
64113,-390336087210655,-11171,47174,-28305.1,31968.9,10.3,-0.008,83335930,87167188,LOCKED,1.000028305000,391869493215161
64114,-390336087232812,-4674,53671,-28314.5,31975.1,10.2,-0.007,83335930,87253465,LOCKED,1.000028314000,391870493271476
64115,-390336087293346,-35654,22691,-28316.0,31993.0,10.1,-0.006,83335930,87239854,LOCKED,1.000028316000,391871493437795
64116,-390336087341464,-50713,7632,-28464.7,32396.4,10.1,-0.009,83335929,87338376,LOCKED,1.000028465000,391872493612263
64117,-390336087292199,25772,84117,-28446.5,32518.1,10.2,-0.013,83335929,87443109,LOCKED,1.000028446000,391873493662710
64118,-390336087395964,-46851,11494,-28500.9,33065.3,9.7,-0.012,83335929,87426505,LOCKED,1.000028501000,391874493836215
64119,-390336087382478,-5996,52349,-28435.3,32545.0,9.1,-0.007,83335930,87529964,LOCKED,1.000028435000,391875493894651
64120,-390336087350933,49923,108268,-28318.8,33167.8,9.0,-0.003,83335930,87542565,LOCKED,1.000028319000,391876493952970
64121,-390336087445481,-16519,41826,-28280.8,32836.3,8.9,-0.003,83335929,87647111,LOCKED,1.000028281000,391877494132255
64122,-390336087430640,25565,83910,-28272.3,32898.7,8.7,-0.002,83335929,87752702,LOCKED,1.000028272000,391878494185528
64123,-390336087538766,-51927,6418,-28301.9,33307.6,8.6,-0.000,83335929,87733348,LOCKED,1.000028302000,391879494369834
64124,-390336087520111,-2988,55357,-28394.4,32617.5,8.8,-0.000,83335928,87840811,LOCKED,1.000028394000,391880494534232
64125,-390336087510450,33636,91981,-28380.1,32753.7,8.8,0.002,83335930,87935331,LOCKED,1.000028380000,391881494587612
64126,-390336087621554,-46416,11929,-28434.1,33287.3,8.6,0.005,83335929,87919254,LOCKED,1.000028434000,391882494743049
64127,-390336087617537,-13558,44787,-28431.5,33275.5,8.4,0.010,83335929,88005196,LOCKED,1.000028432000,391883494912484
64128,-390336087612055,20418,78763,-28468.6,32909.8,8.4,0.011,83335929,88100697,LOCKED,1.000028469000,391884494953953
64129,-390336087622392,36931,95276,-28450.6,33092.4,8.4,0.012,83335929,88181313,LOCKED,1.000028451000,391885494996404
64130,-390336087702259,-14602,43743,-28420.6,32870.2,8.4,0.015,83335930,88190476,LOCKED,1.000028421000,391886495039824
64131,-390336087701031,15217,73562,-28454.3,32600.9,8.4,0.018,83335930,88281645,LOCKED,1.000028454000,391887495197281
64132,-390336087699713,41859,100204,-28370.1,33082.3,8.4,0.021,83335930,88372876,LOCKED,1.000028370000,391888495239651
64133,-390336087816643,-44628,13717,-28397.7,33402.6,8.6,0.025,83335931,88340942,LOCKED,1.000028398000,391889495397052
64134,-390336087827944,-24449,33896,-28508.5,33151.8,8.6,0.028,83335930,88420434,LOCKED,1.000028509000,391890495563564
64135,-390336087828030,4988,63333,-28566.7,32750.4,8.6,0.032,83335929,88514289,LOCKED,1.000028567000,391891495738134
64136,-390336087816737,44059,102404,-28601.4,32145.0,8.6,0.036,83335930,88615509,LOCKED,1.000028601000,391892495776735
64137,-390336087831494,55293,113638,-28565.2,32673.4,8.6,0.040,83335930,88577928,LOCKED,1.000028565000,391893495942304
# STATS: PDUs=1556 CSV=1555 Gaps=0 Dups=0 Skip=0 d_min=-58345 ns drift=-28565.2 ns/s sigma=32673.4 ns state=LOCKED clk_err=+0 ns alpha=0.0200
64138,-390336087938211,-21791,36554,-28581.4,32762.9,8.6,0.045,83335930,88671562,LOCKED,1.000028581000,391894496097889
64139,-390336087955161,-10370,47975,-28553.7,32600.6,8.6,0.050,83335930,88748689,LOCKED,1.000028554000,391895496150443
64140,-390336087917916,52116,110461,-28477.7,33338.8,8.6,0.045,83335930,88761100,LOCKED,1.000028478000,391896496199921
64141,-390336088018817,-19865,38480,-28466.3,33255.8,8.8,0.038,83335931,88865401,LOCKED,1.000028466000,391897496371391
64142,-390336088003486,22535,80880,-28435.2,33390.0,8.8,0.031,83335930,88966654,LOCKED,1.000028435000,391898496534830
64143,-390336088013257,37378,95723,-28309.6,33451.8,8.8,0.023,83335930,89047877,LOCKED,1.000028310000,391899496573139
64144,-390336088133182,-49015,9330,-28484.7,33400.9,8.8,0.018,83335929,89012897,LOCKED,1.000028485000,391900496742627
64145,-390336088125869,-12070,46275,-28521.0,33420.5,8.8,-0.006,83335929,89113905,LOCKED,1.000028521000,391901496899151
64146,-390336088118787,20979,79324,-28430.3,33281.3,8.4,-0.024,83335930,89210162,LOCKED,1.000028430000,391902497065585
64147,-390336088136368,31175,89520,-28450.2,33049.6,8.2,0.001,83335930,89300325,LOCKED,1.000028450000,391903497122035
64148,-390336088225638,-28024,30321,-28483.2,33244.5,8.2,-0.020,83335929,89283451,LOCKED,1.000028483000,391904497290522
64149,-390336088261580,-34235,24110,-28487.5,33289.4,8.1,-0.027,83335930,89380166,LOCKED,1.000028488000,391905497346010
64150,-390336088292043,-33481,24864,-28565.9,33563.9,8.1,-0.018,83335930,89399920,LOCKED,1.000028566000,391906497397576
64151,-390336088278572,7391,65736,-28521.0,33487.4,8.2,-0.023,83335929,89499979,LOCKED,1.000028521000,391907497561100
64152,-390336088314554,-1356,56989,-28455.5,33072.8,8.2,-0.028,83335929,89586821,LOCKED,1.000028455000,391908497621556
64153,-390336088385864,-40326,18019,-28579.3,33269.8,8.2,-0.037,83335929,89572079,LOCKED,1.000028579000,391909497783139
64154,-390336088391077,-16177,42168,-28590.8,33316.7,8.5,-0.056,83335928,89654863,LOCKED,1.000028591000,391910497960734
64155,-390336088374624,25478,83823,-28466.6,32924.6,8.5,-0.061,83335929,89758556,LOCKED,1.000028467000,391911498000200
64156,-390336088378153,47918,106263,-28423.6,33410.3,8.5,-0.053,83335930,89734189,LOCKED,1.000028424000,391912498188628
64157,-390336088463206,-8302,50043,-28430.0,33423.3,8.7,-0.065,83335928,89849138,LOCKED,1.000028430000,391913498375062
64158,-390336088451290,28746,87091,-28315.7,33284.5,8.7,-0.068,83335929,89953919,LOCKED,1.000028316000,391914498309374
64159,-390336088564986,-51272,7073,-28493.9,33309.4,8.7,-0.071,83335929,89928164,LOCKED,1.000028494000,391915498486872
64160,-390336088516077,23889,82234,-28423.5,33394.1,8.6,-0.073,83335929,90070002,LOCKED,1.000028424000,391916498413292
64161,-390336088626386,-55382,2963,-28459.8,33904.5,8.6,-0.075,83335929,90047842,LOCKED,1.000028460000,391917498577755
64162,-390336088623096,-21398,36947,-28534.0,33909.9,7.9,-0.084,83335928,90142009,LOCKED,1.000028534000,391918498761293
64163,-390336088607023,21304,79649,-28475.8,33994.8,8.1,-0.092,83335928,90248089,LOCKED,1.000028476000,391919498794768
64164,-390336088614612,38180,96525,-28342.2,33998.1,8.1,-0.093,83335929,90219684,LOCKED,1.000028342000,391920498984114
64165,-390336088697645,-13984,44361,-28443.1,33532.6,8.1,-0.094,83335929,90336144,LOCKED,1.000028443000,391921499148560
64166,-390336088695983,15465,73810,-28436.6,33560.3,8.0,-0.094,83335929,90429506,LOCKED,1.000028437000,391922499308000
64167,-390336088695101,41157,99502,-28326.9,33897.9,7.7,-0.093,83335929,90519471,LOCKED,1.000028327000,391923499347327
64168,-390336088813035,-46506,11839,-28345.0,34128.9,7.6,-0.093,83335929,90490507,LOCKED,1.000028345000,391924499515675
64169,-390336088805733,-9389,48956,-28401.6,34010.7,7.7,-0.089,83335930,90586530,LOCKED,1.000028402000,391925499563077
64170,-390336088778419,42490,100835,-28283.8,34333.2,8.2,-0.080,83335931,90593719,LOCKED,1.000028284000,391926499609361
64171,-390336088890939,-40492,17853,-28278.0,34258.1,8.6,-0.072,83335931,90683365,LOCKED,1.000028278000,391927499788643
64172,-390336088878273,1870,60215,-28350.8,33747.9,8.6,-0.071,83335930,90790133,LOCKED,1.000028351000,391928499951997
64173,-390336088866611,39267,97612,-28287.6,34163.8,8.7,-0.067,83335930,90886615,LOCKED,1.000028288000,391929500001285
64174,-390336088979925,-42921,15424,-28355.7,34652.9,8.7,-0.064,83335930,90860260,LOCKED,1.000028356000,391930500168644
64175,-390336088966515,-103,58242,-28407.3,34423.3,8.7,-0.060,83335930,90961439,LOCKED,1.000028407000,391931500342055
64176,-390336088951445,42257,100602,-28422.8,34202.0,8.7,-0.063,83335929,91065472,LOCKED,1.000028423000,391932500391478
64177,-390336089059148,-35435,22910,-28441.8,34377.4,8.7,-0.064,83335930,91047760,LOCKED,1.000028442000,391933500556923
64178,-390336089048909,4712,63057,-28521.8,33697.6,8.7,-0.065,83335930,91148989,LOCKED,1.000028522000,391934500728448
64179,-390336089038218,41457,99802,-28469.5,34128.1,8.7,-0.062,83335930,91244688,LOCKED,1.000028469000,391935500769917
# Link DOWN
# Link UP
64180,-390345089542767,-8415162093,0,-14783197.2,1.1e+09,8.4,-0.106,83335930,-8909170724,LOCKED,1.014783197000,391945649358917
64190,-390336089408148,570264329,8985426422,-14283505.4,1.1e+09,8.4,-0.107,83335930,91852191,LOCKED,1.014283505000,391946663651550
64191,-390336089433273,555528929,8970691022,-13783720.6,1.1e+09,8.5,-0.108,83335930,254241145,LOCKED,1.013783721000,391947677586324
64192,-390336089419223,540832111,8955994204,-13283984.7,1.1e+09,8.5,-0.110,83335930,268104198,LOCKED,1.013283985000,391948691000009
64193,-390336089420505,526116340,8941278433,-12784114.8,1.2e+09,8.6,-0.103,83335931,281448397,LOCKED,1.012784115000,391949703794251
64194,-390336089541429,511285354,8926447447,-12284321.2,1.2e+09,9.3,-0.110,83335932,294174670,LOCKED,1.012284321000,391950716228390
64195,-390336089521990,496593840,8911755933,-11784571.1,1.2e+09,9.7,-0.133,83335932,306538704,LOCKED,1.011784571000,391951728146516
64196,-390336089529072,481873016,8897035109,-11284720.3,1.2e+09,10.8,-0.078,83335932,318383055,LOCKED,1.011284720000,391952739454495
64197,-390336089636418,467055592,8882217685,-10784929.9,1.2e+09,11.1,-0.049,83335931,329625648,LOCKED,1.010784930000,391953750375880
# STATS: PDUs=1607 CSV=1606 Gaps=0 Dups=0 Skip=0 d_min=-8415162093 ns drift=-10784929.9 ns/s sigma=1.2e+09 ns state=LOCKED clk_err=+0 ns alpha=0.0200
64198,-390336089629149,452349337,8867511430,-10285032.5,1.2e+09,11.1,-0.041,83335930,340478701,LOCKED,1.010285033000,391954760829630
64199,-390336089597936,437664368,8852826461,-9785107.9,1.2e+09,11.2,-0.034,83335930,350864667,LOCKED,1.009785108000,391955770631904
64200,-390336089666995,422880469,8838042562,-9285189.1,1.2e+09,11.2,-0.027,83335930,360637703,LOCKED,1.009285189000,391956780050318
64201,-390336089667140,408162227,8823324320,-8785159.0,1.2e+09,11.1,-0.006,83335930,369986687,LOCKED,1.008785159000,391957788869775
64202,-390336089770714,393347964,8808510057,-8285387.6,1.2e+09,11.1,-0.012,83335929,378735087,LOCKED,1.008285388000,391958797301363
64203,-390336089747905,378655774,8793817867,-7785489.3,1.2e+09,11.3,0.009,83335931,387101774,LOCKED,1.007785489000,391959805205771
64204,-390336089770033,363916941,8779079034,-7285520.8,1.2e+09,11.2,-0.002,83335930,394940051,LOCKED,1.007285521000,391960812523524
64205,-390336089858304,349114145,8764276238,-6785569.9,1.2e+09,11.2,0.003,83335930,402187965,LOCKED,1.006785570000,391961819459104
64206,-390336089836502,334417149,8749579242,-6285494.8,1.2e+09,11.2,0.005,83335930,409057697,LOCKED,1.006285495000,391962825884472
64207,-390336089836771,319698370,8734860463,-5785489.7,1.2e+09,11.2,0.007,83335930,415404731,LOCKED,1.005785490000,391963831702146
64208,-390336089930925,304889281,8720051374,-5285562.1,1.2e+09,11.2,0.019,83335931,421160178,LOCKED,1.005285562000,391964837128448
64209,-390336089924850,290175546,8705337639,-4785451.6,1.2e+09,11.4,0.029,83335931,426512361,LOCKED,1.004785452000,391965841930980
64210,-390336089994370,275390810,8690552903,-4285514.6,1.2e+09,11.4,0.030,83335930,431289336,LOCKED,1.004285515000,391966846362115
64211,-390336089981492,260683885,8675845978,-3785420.7,1.2e+09,11.4,0.022,83335929,435651105,LOCKED,1.003785421000,391967850284050
64212,-390336089976663,245965679,8661127772,-3285225.5,1.2e+09,11.3,0.023,83335930,439504856,LOCKED,1.003285225000,391968853586331
64213,-390336090083768,231143284,8646305377,-2785300.1,1.2e+09,11.3,0.031,83335931,442742327,LOCKED,1.002785300000,391969856509012
64214,-390336090080317,216427778,8631589871,-2285248.2,1.2e+09,11.9,0.049,83335933,445594514,LOCKED,1.002285248000,391970858877449
64215,-390336090125237,201663383,8616825476,-1785149.3,1.2e+09,11.8,0.048,83335930,447900783,LOCKED,1.001785149000,391971860820880
64216,-390336090095362,186969136,8602131229,-1284919.8,1.2e+09,11.8,0.053,83335931,449777183,LOCKED,1.001284920000,391972862114811
64217,-390336090209863,172137724,8587299817,-784920.4,1.2e+09,11.4,0.050,83335930,451008080,LOCKED,1.000784920000,391973863034837
64218,-390336090208962,157419600,8572581693,-284870.2,1.2e+09,11.3,0.048,83335930,451855283,LOCKED,1.000284870000,391974863452745
64219,-390336090205487,142701647,8557863740,215242.3,1.2e+09,11.2,0.045,83335930,452206750,LOCKED,0.999784758000,391975863236502
64220,-390336090266024,127920033,8543082126,715384.8,1.2e+09,11.1,0.043,83335930,451993435,LOCKED,0.999284615000,391976862645028
64221,-390336090275545,113187995,8528350088,1215561.0,1.2e+09,11.0,0.040,83335930,451330556,LOCKED,0.998784439000,391977861551318
64222,-390336090276703,98463558,8513625651,1715723.5,1.2e+09,10.5,0.038,83335931,450178762,LOCKED,0.998284276000,391978859839587
64223,-390336090288580,83726248,8498888341,2215962.8,1.2e+09,10.0,0.032,83335930,448393545,LOCKED,0.997784037000,391979857762316
64224,-390336090391315,68901102,8484063195,2716166.9,1.2e+09,10.2,0.035,83335932,446258521,LOCKED,0.997283833000,391980855172804
64225,-390336090390427,54176332,8469338425,3216478.6,1.2e+09,10.1,0.031,83335930,443598482,LOCKED,0.996783521000,391981852081920
64226,-390336090389171,39451385,8454613478,3716760.1,1.2e+09,9.9,0.026,83335930,440445202,LOCKED,0.996283240000,391982848366156
64227,-390336090407557,24704437,8439866530,4217138.6,1.2e+09,9.7,0.023,83335931,436656264,LOCKED,0.995782861000,391983844286435
64228,-390336090508034,9882515,8425044608,4717268.4,1.2e+09,9.6,0.018,83335930,432518434,LOCKED,0.995282732000,391984839705520
64229,-390336090497985,-4834350,8410327743,5217605.5,1.2e+09,9.6,0.016,83335930,427870969,LOCKED,0.994782394000,391985834578439
64230,-390336090515184,-19576917,8395585176,5717837.7,1.2e+09,9.6,0.020,83335931,422708006,LOCKED,0.994282162000,391986828823812
64231,-390336090553084,-34340927,8380821166,6218118.2,1.2e+09,9.5,0.025,83335931,416998295,LOCKED,0.993781882000,391987822737866
64232,-390336090560374,-49077551,8366084542,6718521.3,1.2e+09,9.6,0.025,83335931,410836035,LOCKED,0.993281479000,391988816084901
64233,-390336090632736,-63877492,8351284601,7218901.4,1.2e+09,9.6,0.023,83335930,404109050,LOCKED,0.992781099000,391989809012931
64234,-390336090656706,-78628022,8336534071,7719213.7,1.2e+09,9.6,0.021,83335930,396966021,LOCKED,0.992280786000,391990801322493
64235,-390336090719012,-93416104,8321745989,8219535.5,1.2e+09,9.6,0.019,83335930,389211192,LOCKED,0.991780464000,391991793235856
64236,-390336090704914,-108132045,8307030048,8719994.3,1.2e+09,9.4,0.011,83335930,381062111,LOCKED,0.991280006000,391992784650675
64237,-390336090702892,-122859557,8292302536,9220368.3,1.2e+09,9.6,0.009,83335929,372406980,LOCKED,0.990779632000,391993775458048
64238,-390336090802039,-137685132,8277476961,9720697.1,1.2e+09,9.8,0.006,83335929,363148531,LOCKED,0.990279303000,391994765878960
64239,-390336090786365,-152401089,8262761004,10221208.8,1.2e+09,9.8,0.004,83335930,353503374,LOCKED,0.989778791000,391995755668638
64240,-390336090872439,-167212737,8247949356,10721500.3,1.2e+09,9.8,0.002,83335930,343257929,LOCKED,0.989278500000,391996744976816
64241,-390336090863960,-181934054,8233228039,11221937.3,1.2e+09,9.6,-0.009,83335930,332605816,LOCKED,0.988778063000,391997733918027
64242,-390336090846718,-196651374,8218510719,11722532.7,1.2e+09,9.4,-0.022,83335930,321464057,LOCKED,0.988277467000,391998722209330
64243,-390336090956864,-211488388,8203673705,12222865.5,1.2e+09,9.4,-0.028,83335931,309691476,LOCKED,0.987777135000,391999710128704
64244,-390336090946444,-226209201,8188952892,12723347.9,1.2e+09,9.4,-0.021,83335930,297540937,LOCKED,0.987276652000,392000697538638
64245,-390336090941999,-240940027,8174222066,13223973.2,1.1e+09,9.4,-0.025,83335930,284878571,LOCKED,0.986776027000,392001684333413
64246,-390336091055317,-255780919,8159381174,13724340.8,1.1e+09,9.6,-0.027,83335929,271606533,LOCKED,0.986275659000,392002670750109
64247,-390336091038532,-270496414,8144665679,14224864.2,1.1e+09,9.6,-0.032,83335930,257957421,LOCKED,0.985775136000,392003656539045
64248,-390336091080356,-285271417,8129890676,14725447.8,1.1e+09,9.5,-0.027,83335930,243749687,LOCKED,0.985274552000,392004641943653
64249,-390336091082661,6719,8415168812,-28951.5,29866.8,9.5,-0.036,83335930,229082156,LOCKED,1.000028951000,392005641994605
64250,-390336091162180,-40100,8415121993,-29068.9,30138.6,9.5,-0.045,83335930,213839690,LOCKED,1.000029069000,392006642051674
64251,-390336091146081,5613,8415167706,-29105.2,29936.5,9.4,-0.054,83335930,228676817,LOCKED,1.000029105000,392007642224783
64252,-390336091128611,48286,8415210379,-28993.7,30576.0,9.4,-0.065,83335930,228780349,LOCKED,1.000028994000,392008642270777
64253,-390336091235469,-29180,8415132913,-28964.6,30198.9,9.4,-0.059,83335930,228761128,LOCKED,1.000028965000,392009642433745
64254,-390336091239403,-2411,8415159682,-29046.1,29602.3,9.1,-0.034,83335930,228848592,LOCKED,1.000029046000,392010642496792
64255,-390336091222557,40610,8415202703,-28972.7,30111.1,8.7,-0.004,83335930,228845906,LOCKED,1.000028973000,392011642691769
64256,-390336091303402,-11353,8415150740,-28949.2,29963.2,8.7,0.014,83335932,228966890,LOCKED,1.000028949000,392012642864722
64257,-390336091294742,26294,8415188387,-28995.0,29325.1,8.7,0.008,83335930,229065976,LOCKED,1.000028995000,392013642913717
# STATS: PDUs=1667 CSV=1666 Gaps=0 Dups=0 Skip=0 d_min=-8415162093 ns drift=-28995.0 ns/s sigma=29325.1 ns state=LOCKED clk_err=+0 ns alpha=0.0200
64258,-390336091295106,51981,8415214074,-28936.8,30054.3,8.7,0.017,83335931,229041126,LOCKED,1.000028937000,392014643079657
64259,-390336091404603,-28117,8415133976,-28912.7,29757.3,8.7,0.015,83335930,229137362,LOCKED,1.000028913000,392015643238573
64260,-390336091378351,25167,8415187260,-28862.2,29948.9,9.1,0.032,83335932,229248303,LOCKED,1.000028862000,392016643168432
64261,-390336091491534,-56424,8415105669,-28902.3,30576.7,9.1,0.037,83335931,229224534,LOCKED,1.000028902000,392017643343338
64262,-390336091482268,-15707,8415146386,-29001.5,30145.0,8.9,0.043,83335931,229329135,LOCKED,1.000029001000,392018643522343
64263,-390336091454418,38217,8415200310,-28921.2,30571.2,8.9,0.047,83335931,229441467,LOCKED,1.000028921000,392019643565264
64264,-390336091568520,-44452,8415117641,-28970.7,31083.2,8.9,0.051,83335931,229416978,LOCKED,1.000028971000,392020643729238
64265,-390336091567062,-11661,8415150432,-29067.4,30557.7,9.2,0.061,83335932,229513808,LOCKED,1.000029067000,392021643898309
64266,-390336091554355,28024,8415190117,-29011.4,30789.2,9.4,0.070,83335932,229612086,LOCKED,1.000029011000,392022643940320
64267,-390336091604993,4850,8415166943,-28943.3,30449.4,9.6,0.078,83335932,229586833,LOCKED,1.000028943000,392023644110267
64268,-390336091680098,-37667,8415124426,-29059.8,30628.4,9.8,0.086,83335932,229690386,LOCKED,1.000029060000,392024644292331
64269,-390336091636808,32325,8415194418,-28997.7,30938.6,10.0,0.094,83335932,229797276,LOCKED,1.000028998000,392025644364329
64270,-390336091689704,9083,8415171176,-29045.1,30572.6,10.0,0.090,83335930,229840093,LOCKED,1.000029045000,392026644432375
64271,-390336091746262,-17353,8415144740,-29069.2,30659.3,9.8,0.089,83335931,229938599,LOCKED,1.000029069000,392027644506445
64272,-390336091772783,-15081,8415147012,-29030.5,30310.3,9.8,0.089,83335931,229936271,LOCKED,1.000029030000,392028644687479
64273,-390336091750085,35560,8415197653,-29036.2,30235.4,9.8,0.087,83335930,230048598,LOCKED,1.000029036000,392029644756516
64274,-390336091847011,-29967,8415132126,-29102.5,30489.6,8.9,0.094,83335931,230042184,LOCKED,1.000029102000,392030644939622
64275,-390336091821156,24206,8415186299,-29104.3,30474.2,8.9,0.095,83335931,230159617,LOCKED,1.000029104000,392031644990726
64276,-390336091812334,56997,8415219090,-28946.8,31123.7,8.9,0.094,83335930,230144168,LOCKED,1.000028947000,392032645184677
64277,-390336091894833,4834,8415166927,-29023.1,30429.2,8.9,0.091,83335930,230263899,LOCKED,1.000029023000,392033645359704
64278,-390336091892555,34507,8415196600,-29000.6,30647.1,9.0,0.089,83335930,230354478,LOCKED,1.000029001000,392034645401704
64279,-390336091898472,53495,8415215588,-28888.3,31463.8,9.0,0.086,83335930,230440196,LOCKED,1.000028888000,392035645439592
64280,-390336091968588,12085,8415174178,-28899.5,31406.6,9.2,0.088,83335932,230459578,LOCKED,1.000028900000,392036645620495
64281,-390336091954103,51860,8415213953,-28808.5,32186.5,9.3,0.088,83335931,230565354,LOCKED,1.000028808000,392037645663303
64282,-390336092060046,-24616,8415137477,-28799.8,32109.7,9.2,0.090,83335930,230544858,LOCKED,1.000028800000,392038645838107
64283,-390336092047325,14217,8415176310,-28691.3,31509.8,9.3,0.087,83335930,230652803,LOCKED,1.000028691000,392039645998802
64284,-390336092044863,43172,8415205265,-28655.2,31903.8,8.9,0.095,83335930,230743596,LOCKED,1.000028655000,392040646055457
64285,-390336092150008,-31383,8415130710,-28698.0,32173.3,8.9,0.093,83335930,230728583,LOCKED,1.000028698000,392041646224159
64286,-390336092145522,475,8415162568,-28633.6,31794.1,9.0,0.092,83335930,230821219,LOCKED,1.000028634000,392042646393796
64287,-390336092132068,38159,8415200252,-28480.7,31517.2,8.9,0.096,83335930,230923954,LOCKED,1.000028481000,392043646446277
64288,-390336092237406,-35576,8415126517,-28574.9,31789.8,8.9,0.096,83335931,230905701,LOCKED,1.000028575000,392044646631856
64289,-390336092211855,16746,8415178839,-28514.1,31777.9,9.0,0.095,83335930,231021080,LOCKED,1.000028514000,392045646692371
64290,-390336092275003,-17761,8415144332,-28490.7,31588.5,8.9,0.101,83335931,231047762,LOCKED,1.000028491000,392046646737862
64291,-390336092273619,10552,8415172645,-28431.5,31463.6,8.8,0.108,83335930,231141160,LOCKED,1.000028432000,392047646781293
64292,-390336092275966,32710,8415194803,-28292.9,31146.3,9.0,0.115,83335932,231115852,LOCKED,1.000028293000,392048646964590
64293,-390336092356878,-18836,8415143257,-28314.3,31238.1,9.1,0.114,83335931,231236012,LOCKED,1.000028314000,392049647132908
64294,-390336092357552,7872,8415169965,-28281.6,31222.0,9.1,0.113,83335931,231326008,LOCKED,1.000028282000,392050647179190
64295,-390336092357118,34948,8415197041,-28259.2,31436.4,9.1,0.112,83335931,231304334,LOCKED,1.000028259000,392051647352453
64296,-390336092455244,-33310,8415128783,-28282.8,31645.5,9.2,0.113,83335930,231406153,LOCKED,1.000028283000,392052647529740
64297,-390336092441367,6596,8415168689,-28182.9,30910.8,9.0,0.102,83335930,231512415,LOCKED,1.000028183000,392053647689926
64298,-390336092470348,5983,8415168076,-28202.0,30836.5,8.9,0.089,83335930,231594920,LOCKED,1.000028202000,392054647748128
64299,-390336092548194,-41690,8415120403,-28229.5,31151.7,8.9,0.084,83335931,231579237,LOCKED,1.000028229000,392055647911361
64300,-390336092576504,-38006,8415124087,-28351.3,31285.7,8.9,0.080,83335931,231697267,LOCKED,1.000028351000,392056647966713
64301,-390336092542585,22626,8415184719,-28308.4,31435.3,9.1,0.060,83335930,231789539,LOCKED,1.000028308000,392057648011021
64302,-390336092662571,-66171,8415095922,-28339.8,32029.8,9.0,0.057,83335931,231757763,LOCKED,1.000028340000,392058648176364
64303,-390336092664340,-35941,8415126152,-28459.8,32097.3,9.1,0.055,83335930,231860427,LOCKED,1.000028460000,392059648361828
64304,-390336092726627,-65326,8415096767,-28569.4,33298.4,9.2,0.066,83335932,231969214,LOCKED,1.000028569000,392060648425398
64305,-390336092718135,-27550,8415134543,-28558.6,33193.7,9.7,0.036,83335929,231970427,LOCKED,1.000028559000,392061648607960
64306,-390336092705256,14640,8415176733,-28620.0,32561.5,9.4,0.015,83335931,232074501,LOCKED,1.000028620000,392062648665580
64307,-390336092800588,-48445,8415113648,-28717.6,33205.0,9.4,0.008,83335931,232066252,LOCKED,1.000028718000,392063648855302
64308,-390336092780514,1076,8415163169,-28755.3,33063.8,9.4,0.001,83335930,232176543,LOCKED,1.000028755000,392064648896057
64309,-390336092795071,14202,0,-28726.2,33118.4,9.4,-0.005,83335930,232250362,LOCKED,1.000028726000,392065648966784
64310,-390336092865402,-24030,0,-28852.1,32640.9,9.4,0.001,83335931,232269372,LOCKED,1.000028852000,392066649032637
64311,-390336092838578,29821,53851,-28812.0,32877.5,9.4,-0.005,83335930,232390422,LOCKED,1.000028812000,392067649096450
64312,-390336092933477,-35237,0,-28803.9,32779.5,9.4,-0.010,83335930,232382226,LOCKED,1.000028804000,392068649272258
64313,-390336092912191,15109,50346,-28841.6,32464.2,9.3,-0.006,83335931,232492784,LOCKED,1.000028842000,392069649325100
64314,-390336092905936,47399,82636,-28782.7,33043.4,9.3,-0.003,83335931,232476399,LOCKED,1.000028783000,392070649503886
64315,-390336092999626,-17456,17781,-28756.1,32831.2,9.2,-0.001,83335931,232582297,LOCKED,1.000028756000,392071649669646
64316,-390336092993772,16633,51870,-28758.2,32819.5,9.4,-0.013,83335929,232674413,LOCKED,1.000028758000,392072649713404
64317,-390336093000331,35676,70913,-28662.5,33075.4,9.3,-0.010,83335931,232651132,LOCKED,1.000028662000,392073649891070
# STATS: PDUs=1727 CSV=1726 Gaps=0 Dups=0 Skip=0 d_min=-35237 ns drift=-28662.5 ns/s sigma=33075.4 ns state=LOCKED clk_err=+0 ns alpha=0.0200
64318,-390336093082655,-18476,16761,-28607.5,32473.3,9.4,-0.014,83335930,232768296,LOCKED,1.000028608000,392074650045681
64319,-390336093091994,1683,36920,-28654.1,32246.4,9.3,-0.018,83335930,232852075,LOCKED,1.000028654000,392075650098335
64320,-390336093167886,-43417,0,-28686.9,32608.5,9.1,-0.020,83335930,232863272,LOCKED,1.000028687000,392076650150022
64321,-390336093159294,-3753,39664,-28798.0,31592.5,9.2,-0.022,83335930,232960105,LOCKED,1.000028798000,392077650317823
64322,-390336093159340,24234,67651,-28800.7,31569.6,9.2,-0.020,83335931,233051266,LOCKED,1.000028801000,392078650360624
64323,-390336093171689,37043,80460,-28683.3,31708.7,9.2,-0.022,83335930,233017377,LOCKED,1.000028683000,392079650539311
64324,-390336093259551,-18960,24457,-28807.9,31016.2,9.2,-0.023,83335930,233132991,LOCKED,1.000028808000,392080650713123
64325,-390336093242133,26364,69781,-28807.5,31019.8,9.0,-0.022,83335930,233238522,LOCKED,1.000028808000,392081650755930
64326,-390336093254455,39580,82997,-28712.7,31420.4,9.0,-0.024,83335929,233205665,LOCKED,1.000028713000,392082650927646
64327,-390336093363378,-37821,5596,-28787.8,31830.1,8.7,-0.021,83335930,233294304,LOCKED,1.000028788000,392083651093437
64328,-390336093344955,10546,53963,-28862.3,31038.2,8.4,-0.015,83335931,233400888,LOCKED,1.000028862000,392084651147299
64329,-390336093345431,35873,79290,-28771.6,31344.6,8.4,-0.014,83335929,233381799,LOCKED,1.000028772000,392085651313074
64330,-390336093415329,-4714,38703,-28790.3,31340.8,8.4,-0.014,83335931,233512549,LOCKED,1.000028790000,392086651361864
64331,-390336093412092,26679,70096,-28803.6,31204.4,8.4,-0.011,83335931,233601999,LOCKED,1.000028804000,392087651419668
64332,-390336093518245,-46261,0,-28943.3,31505.2,8.4,-0.009,83335930,233588187,LOCKED,1.000028943000,392088651585615
64333,-390336093520572,-18842,27419,-28951.3,31549.7,8.4,-0.012,83335930,233675224,LOCKED,1.000028951000,392089651738569
64334,-390336093539685,-6638,39623,-29056.6,30717.9,8.4,-0.010,83335930,233744710,LOCKED,1.000029057000,392090651902629
64335,-390336093522815,36815,83076,-28996.4,31120.3,8.3,-0.008,83335930,233852074,LOCKED,1.000028996000,392091652060629
64336,-390336093547161,37552,83813,-28866.5,31143.2,8.4,-0.009,83335931,233936037,LOCKED,1.000028867000,392092652108496
64337,-390336093642982,-27049,19212,-28937.2,31307.4,8.4,-0.012,83335930,233913221,LOCKED,1.000028937000,392093652269436
64338,-390336093671537,-25469,20792,-28953.6,31422.0,8.4,-0.014,83335931,234004582,LOCKED,1.000028954000,392094652329390
64339,-390336093638061,33246,79507,-28826.4,31292.1,8.6,-0.017,83335929,234098158,LOCKED,1.000028826000,392095652373216
64340,-390336093718770,-17490,28771,-28853.6,31381.0,8.5,-0.007,83335929,234107951,LOCKED,1.000028854000,392096652409069
64341,-390336093732731,-3923,42338,-28781.9,30789.8,8.5,-0.002,83335930,234181232,LOCKED,1.000028782000,392097652566854
64342,-390336093740420,17033,63294,-28803.5,30617.9,8.7,-0.004,83335929,234265903,LOCKED,1.000028803000,392098652734661
64343,-390336093751390,32241,78502,-28728.2,30895.1,8.7,-0.007,83335930,234366819,LOCKED,1.000028728000,392099652788389
64344,-390336093835495,-23091,23170,-28691.8,30478.7,8.7,-0.009,83335930,234348627,LOCKED,1.000028692000,392100652946084
64345,-390336093871253,-27182,19079,-28792.8,30422.2,8.7,-0.012,83335930,234437697,LOCKED,1.000028793000,392101653120881
64346,-390336093817595,51682,97943,-28702.6,31221.2,8.7,-0.015,83335930,234545174,LOCKED,1.000028703000,392102653178584
64347,-390336093915133,-17496,28765,-28656.6,30742.5,8.7,-0.019,83335930,234540063,LOCKED,1.000028657000,392103653352244
64348,-390336093895695,29625,75886,-28658.1,30726.7,8.7,-0.010,83335930,234649665,LOCKED,1.000028658000,392104653418903
64349,-390336093994641,-38773,7488,-28686.4,31022.6,8.7,-0.017,83335931,234637874,LOCKED,1.000028686000,392105653477590
64350,-390336094039892,-51351,0,-28796.9,31757.4,8.7,-0.007,83335930,234685015,LOCKED,1.000028797000,392106653534387
64351,-390336094027894,-10400,40951,-28787.2,31715.3,8.6,-0.016,83335930,234786268,LOCKED,1.000028787000,392107653712178
64352,-390336094013015,29667,81018,-28659.6,31430.2,8.4,-0.013,83335929,234890594,LOCKED,1.000028660000,392108653754838
64353,-390336094023994,44439,95790,-28590.7,31996.8,8.5,-0.022,83335929,234857533,LOCKED,1.000028591000,392109653954433
64354,-390336094099724,-3326,48025,-28554.4,31833.1,8.5,-0.012,83335930,234982071,LOCKED,1.000028554000,392110654128991
64355,-390336094080829,39435,90786,-28389.6,31418.3,8.4,-0.002,83335930,235091032,LOCKED,1.000028390000,392111654173381
64356,-390336094190750,-39027,12324,-28475.4,31833.4,8.4,-0.007,83335930,235070165,LOCKED,1.000028475000,392112654340860
64357,-390336094179512,-368,50983,-28423.0,31566.3,8.4,-0.013,83335930,235169164,LOCKED,1.000028423000,392113654503286
64358,-390336094171478,32681,84032,-28309.8,31582.1,8.4,-0.020,83335930,235268306,LOCKED,1.000028310000,392114654536595
64359,-390336094187204,42798,94149,-28259.9,32053.5,8.3,-0.024,83335930,235228522,LOCKED,1.000028260000,392115654710859
64360,-390336094247107,10891,62242,-28265.0,32032.6,8.3,-0.015,83335931,235365519,LOCKED,1.000028265000,392116654876127
64361,-390336094245836,36205,87556,-28117.8,31751.7,8.3,-0.015,83335930,235457532,LOCKED,1.000028118000,392117654924245
64362,-390336094354995,-40604,10747,-28258.2,31777.8,8.3,-0.007,83335931,235439195,LOCKED,1.000028258000,392118655088507
64363,-390336094344316,-986,50365,-28290.1,31692.3,8.4,0.001,83335931,235538352,LOCKED,1.000028290000,392119655250800
64364,-390336094339601,31684,83035,-28326.4,31181.1,8.0,0.007,83335931,235631973,LOCKED,1.000028326000,392120655291126
64365,-390336094447955,-44596,6755,-28436.3,31668.4,7.9,0.015,83335931,235612477,LOCKED,1.000028436000,392121655455566
64366,-390336094441633,-9877,41474,-28418.0,31576.0,7.8,0.012,83335930,235707696,LOCKED,1.000028418000,392122655617987
64367,-390336094436152,23976,75327,-28455.7,31136.6,7.7,0.018,83335931,235801231,LOCKED,1.000028456000,392123655660443
64368,-390336094434290,50739,102090,-28365.5,31889.7,7.8,0.016,83335930,235784028,LOCKED,1.000028365000,392124655713809
64369,-390336094549244,-34065,17286,-28396.4,32146.4,8.0,0.008,83335929,235867308,LOCKED,1.000028396000,392125655755205
64370,-390336094501588,40111,91462,-28371.0,32418.6,8.1,0.002,83335929,235894792,LOCKED,1.000028371000,392126655931580
64371,-390336094596098,-25310,26041,-28364.1,32357.7,8.1,0.001,83335930,235999421,LOCKED,1.000028364000,392127656089947
64372,-390336094596183,3982,55333,-28420.6,31987.2,8.1,0.000,83335930,236090197,LOCKED,1.000028421000,392128656254371
64373,-390336094585732,39695,91046,-28331.4,32402.8,8.1,0.006,83335931,236185720,LOCKED,1.000028331000,392129656283702
64374,-390336094615089,34556,85907,-28186.8,32087.2,8.1,0.011,83335931,236144012,LOCKED,1.000028187000,392130656457892
64375,-390336094704551,-24548,26803,-28252.6,32211.5,7.9,0.012,83335930,236249868,LOCKED,1.000028253000,392131656620148
64376,-390336094740714,-30992,20359,-28273.0,32379.1,7.7,0.010,83335930,236345906,LOCKED,1.000028273000,392132656667421
64377,-390336094696284,37622,88973,-28134.7,32296.7,7.7,0.015,83335931,236326803,LOCKED,1.000028135000,392133656845559
# STATS: PDUs=1787 CSV=1786 Gaps=0 Dups=0 Skip=0 d_min=-51351 ns drift=-28134.7 ns/s sigma=32296.7 ns state=LOCKED clk_err=+0 ns alpha=0.0200
64378,-390336094788133,-24105,27246,-28192.2,32440.7,7.7,0.014,83335930,236435955,LOCKED,1.000028192000,392134657012755
64379,-390336094784064,7336,58687,-28164.1,32434.5,7.7,0.013,83335930,236530547,LOCKED,1.000028164000,392135657071919
64380,-390336094835555,-13679,37672,-28255.0,32071.6,7.9,0.010,83335929,236566822,LOCKED,1.000028255000,392136657128174
64381,-390336094825149,23506,74857,-28221.6,32224.3,8.1,0.006,83335929,236665900,LOCKED,1.000028222000,392137657182396
64382,-390336094923895,-44769,6582,-28257.6,32627.2,8.2,0.006,83335929,236658244,LOCKED,1.000028258000,392138657350657
64383,-390336094908817,-2682,48669,-28191.7,32168.4,8.2,0.006,83335930,236759054,LOCKED,1.000028192000,392139657532853
64384,-390336094891954,40175,91526,-28150.6,32548.6,8.2,0.006,83335930,236863770,LOCKED,1.000028151000,392140657576004
64385,-390336094994084,-32576,18775,-28156.7,32609.1,8.3,0.004,83335929,236851294,LOCKED,1.000028157000,392141657746164
64386,-390336094985587,2285,53636,-28072.4,32011.8,8.2,-0.001,83335930,236950425,LOCKED,1.000028072000,392142657800237
64387,-390336094975424,38945,90296,-28059.8,32157.5,8.3,-0.003,83335929,236936338,LOCKED,1.000028060000,392143657976300
64388,-390336095061063,-17885,33466,-28066.8,32193.9,8.2,0.002,83335930,237054764,LOCKED,1.000028067000,392144658133370
64389,-390336095054388,14367,65718,-27968.3,31749.4,8.0,-0.004,83335930,237145029,LOCKED,1.000027968000,392145658176338
64390,-390336095126088,-27565,23786,-28010.9,31966.2,8.0,0.001,83335929,237162935,LOCKED,1.000028011000,392146658204348
64391,-390336095145025,-18415,32936,-27983.9,31733.8,8.0,0.007,83335929,237233371,LOCKED,1.000027984000,392147658364335
64392,-390336095152575,3310,54661,-28053.0,31203.2,8.2,0.007,83335929,237316417,LOCKED,1.000028053000,392148658536392
64393,-390336095145045,37024,88375,-28022.8,31490.9,8.3,0.008,83335929,237416391,LOCKED,1.000028023000,392149658577415
64394,-390336095262779,-48895,2456,-28127.7,32148.9,8.3,0.009,83335930,237386292,LOCKED,1.000028128000,392150658744546
64395,-390336095247324,-6018,45333,-28083.0,31872.9,8.4,0.010,83335929,237492283,LOCKED,1.000028083000,392151658909632
64396,-390336095242626,23781,75132,-27976.0,31634.3,8.3,0.021,83335929,237583765,LOCKED,1.000027976000,392152658964608
64397,-390336095356868,-57517,0,-28124.4,32374.8,8.8,0.025,83335928,237561357,LOCKED,1.000028124000,392153659124736
64398,-390336095345596,-15891,41626,-28207.6,32163.0,9.0,0.042,83335928,237659041,LOCKED,1.000028208000,392154659167944
64399,-390336095361116,-3909,53608,-28166.4,31951.5,9.4,0.039,83335928,237732346,LOCKED,1.000028166000,392155659206110
64400,-390336095437636,-48084,9433,-28291.7,32456.9,9.7,0.036,83335928,237742653,LOCKED,1.000028292000,392156659249402
64401,-390336095440969,-21209,36308,-28350.6,32541.0,10.1,0.047,83335928,237832961,LOCKED,1.000028351000,392157659410756
64402,-390336095437894,9330,66847,-28322.6,32553.1,10.2,0.020,83335929,237923985,LOCKED,1.000028323000,392158659576082
64403,-390336095431863,40017,97534,-28208.9,32831.2,10.2,0.011,83335929,238017965,LOCKED,1.000028209000,392159659618291
64404,-390336095546973,-42904,14613,-28333.2,33127.6,10.3,0.003,83335929,237992697,LOCKED,1.000028333000,392160659787628
64405,-390336095535915,-1990,55527,-28404.7,32706.1,10.6,-0.018,83335928,238095382,LOCKED,1.000028405000,392161659959036
64406,-390336095525242,33328,90845,-28275.4,32557.7,10.8,-0.036,83335928,238192040,LOCKED,1.000028275000,392162660005311
# Link DOWN
# Link UP
64407,-390343095946572,-6545144251,0,-11504317.0,888803520.0,11.0,-0.016,83335931,-6762139278,LOCKED,1.011504317000,392170752732727
64415,-390336095785617,443579344,6988723595,-11115542.1,890332800.0,11.2,-0.003,83335931,238727430,LOCKED,1.011115542000,392171763917024
64416,-390336095853543,432078675,6977222926,-10726941.3,891806336.0,11.4,0.009,83335931,342033026,LOCKED,1.010726941000,392172774706630
64417,-390336095814076,420681293,6965825544,-10338249.1,893225472.0,12.0,0.027,83335932,352748652,LOCKED,1.010338249000,392173785239874
64418,-390336095861997,409196332,6954340583,-9949516.6,894590016.0,11.9,0.029,83335930,363214134,LOCKED,1.009949517000,392174795254027
64419,-390336095931489,397690815,6942835066,-9560770.9,895899968.0,11.9,0.031,83335930,373158561,LOCKED,1.009560771000,392175804886476
64420,-390336095959172,386226129,6931370380,-9171982.5,897155840.0,11.7,0.033,83335930,382756072,LOCKED,1.009171983000,392176813997908
64421,-390336095929329,374816380,6919960631,-8783166.1,898358080.0,12.3,0.047,83335932,391903085,LOCKED,1.008783166000,392177822976778
64422,-390336095984229,363321828,6908466079,-8394305.9,899506496.0,12.1,0.050,83335930,400810157,LOCKED,1.008394306000,392178831425537
64423,-390336096053389,351818058,6896962309,-8005639.7,900600960.0,11.9,0.047,83335929,409197574,LOCKED,1.008005640000,392179839486616
64424,-390336096017688,340413399,6885557650,-7616792.3,901642624.0,11.7,0.050,83335930,417187873,LOCKED,1.007616792000,392180847197116
64425,-390336096047997,328941420,6874085671,-7227878.9,902631232.0,11.5,0.049,83335929,424836231,LOCKED,1.007227879000,392181854614353
64426,-390336096094480,317453737,6862597988,-6838964.1,903566720.0,11.5,0.051,83335930,432189040,LOCKED,1.006838964000,392182861558028
64427,-390336096116821,305990519,6851134770,-6450081.4,904449344.0,11.3,0.056,83335930,439073580,LOCKED,1.006450081000,392183868068496
64428,-390336096200503,294468295,6839612546,-6061229.9,905279104.0,11.3,0.054,83335929,445501063,LOCKED,1.006061230000,392184874182041
64429,-390336096178884,283050399,6828194650,-5672419.3,906056448.0,11.3,0.051,83335929,451641027,LOCKED,1.005672419000,392185879916811
64430,-390336096223623,271565709,6816709960,-5283562.6,906781440.0,11.3,0.051,83335930,457332775,LOCKED,1.005283563000,392186885145083
64431,-390336096299127,260051926,6805196177,-4894717.3,907453952.0,11.3,0.051,83335929,462602275,LOCKED,1.004894717000,392187890213647
64432,-390336096246870,248662906,6793807157,-4505861.0,908074624.0,11.3,0.051,83335929,467610011,LOCKED,1.004505861000,392188894778773
64433,-390336096321224,237148949,6782293200,-4117015.9,908643072.0,11.0,0.058,83335930,472102498,LOCKED,1.004117016000,392189898955031
64434,-390336096398321,225633999,6770778250,-3728183.5,909159424.0,10.8,0.062,83335929,476205394,LOCKED,1.003728184000,392190902858866
64435,-390336096358059,214230511,6759374762,-3339172.9,909624128.0,10.7,0.066,83335930,480037930,LOCKED,1.003339173000,392191906268272
64436,-390336096429200,202720924,6747865175,-2950366.9,910036928.0,10.7,0.068,83335929,483382340,LOCKED,1.002950367000,392192909281824
64437,-390336096478767,191231464,6736375715,-2561456.9,910397888.0,10.4,0.075,83335929,486323515,LOCKED,1.002561457000,392193912019731
# STATS: PDUs=1840 CSV=1839 Gaps=0 Dups=0 Skip=0 d_min=-6545144251 ns drift=-2561456.9 ns/s sigma=910397888.0 ns state=LOCKED clk_err=+0 ns alpha=0.0200
64438,-390336096432501,179834738,6724978989,-2172521.3,910707520.0,10.3,0.079,83335929,488994584,LOCKED,1.002172521000,392194914250378
64439,-390336096515419,168311212,6713455463,-1783619.7,910965312.0,10.2,0.082,83335929,491150050,LOCKED,1.001783620000,392195916110133
64440,-390336096522450,156860535,6702004786,-1394605.4,911171584.0,10.3,0.082,83335930,492982501,LOCKED,1.001394605000,392196917456671
64441,-390336096590826,145350763,6690495014,-1005645.2,911326144.0,10.6,0.083,83335931,494373285,LOCKED,1.001005645000,392197918631486
64442,-390336096552439,133945002,6679089253,-616664.0,911429504.0,10.6,0.082,83335930,495476394,LOCKED,1.000616664000,392198919321194
64443,-390336096609373,122445797,6667590048,-227734.6,911481216.0,10.5,0.088,83335930,496096945,LOCKED,1.000227735000,392199919609942
64444,-390336096684275,110928951,6656073202,161251.0,911481280.0,10.5,0.094,83335930,496312481,LOCKED,0.999838749000,392200919644659
64445,-390336096627213,99540161,6644684412,550285.0,911430080.0,10.5,0.093,83335930,496272148,LOCKED,0.999449715000,392201919159338
64446,-390336096691183,88031348,6633175599,939323.3,911327232.0,10.5,0.101,83335930,495719636,LOCKED,0.999060677000,392202918267969
64447,-390336096666553,76608124,6621752375,1328420.6,911172992.0,10.5,0.100,83335930,494751726,LOCKED,0.998671579000,392203917120307
64448,-390336096725790,65101536,6610245787,1717540.2,910966976.0,10.7,0.106,83335931,493539853,LOCKED,0.998282460000,392204915465658
64449,-390336096795315,53589357,6598733608,2106484.1,910709504.0,10.9,0.114,83335931,491816437,LOCKED,0.997893516000,392205913424036
64450,-390336096819043,42120947,6587265198,2495518.6,910400256.0,11.1,0.110,83335931,489740705,LOCKED,0.997504481000,392206910988367
64451,-390336096776564,30712288,6575856539,2884757.5,910039232.0,11.4,0.105,83335931,487353342,LOCKED,0.997115242000,392207908167424
64452,-390336096854869,19188252,6564332503,3273799.7,909626560.0,11.7,0.100,83335931,484451071,LOCKED,0.996726200000,392208904951434
64453,-390336096920603,7677728,6552821979,3662851.9,909161920.0,11.9,0.092,83335931,481173888,LOCKED,0.996337148000,392209901473900
64454,-390336096873357,-3726399,6541417852,4052106.3,908645184.0,11.9,0.117,83335931,477616467,LOCKED,0.995947894000,392210897495493
64455,-390336096924439,-15225789,6529918462,4441237.3,908076608.0,12.1,0.144,83335932,473573877,LOCKED,0.995558763000,392211893123944
64456,-390336096984756,-26733769,6518410482,4830384.3,907455744.0,12.1,0.151,83335931,469133675,LOCKED,0.995169616000,392212888351279
64457,-390336096954470,-38153891,6506990360,5219566.7,906782848.0,12.0,0.127,83335930,464283079,LOCKED,0.994780433000,392213883324699
64458,-390336097001010,-49650176,6495494075,5608742.3,906057472.0,11.9,0.118,83335931,459192993,LOCKED,0.994391258000,392214877656293
64459,-390336097096277,-61191786,6483952465,5997852.1,905279552.0,12.1,0.122,83335932,453546968,LOCKED,0.994002148000,392215871720069
64460,-390336097138927,-72681443,6472462808,6387012.7,904448832.0,11.9,0.108,83335931,447570805,LOCKED,0.993612987000,392216865402609
64461,-390336097097129,-84088714,6461055537,6776153.1,903565760.0,11.8,0.091,83335931,441284994,LOCKED,0.993223847000,392217858685056
64462,-390336097168230,-95607783,6449536468,7165305.0,902629568.0,11.7,0.102,83335931,434499094,LOCKED,0.992834695000,392218851586270
64463,-390336097115372,-107009636,6438134615,7554658.4,901639872.0,11.6,0.099,83335930,427334939,LOCKED,0.992445342000,392219844212236
64464,-390336097182279,-118526165,6426618086,7943812.4,900597440.0,11.5,0.108,83335931,419888158,LOCKED,0.992056188000,392220836334891
64465,-390336097248324,-130040905,6415103346,8332978.8,899501440.0,11.0,0.117,83335931,411938273,LOCKED,0.991667021000,392221828055462
64466,-390336097210754,-141457076,6403687175,8722286.2,898351488.0,10.4,0.124,83335931,403592884,LOCKED,0.991277714000,392222819528457
64467,-390336097251636,-152949521,6392194730,9111499.6,897147968.0,10.4,0.137,83335932,395001098,LOCKED,0.990888500000,392223810495237
64468,-390336097308168,-164456803,6380687448,9500715.6,895890304.0,10.2,0.140,83335931,385894986,LOCKED,0.990499284000,392224801068808
64469,-390336097357307,-175956660,6369187591,9889959.9,894578112.0,10.0,0.142,83335931,376404746,LOCKED,0.990110040000,392225791245185
64470,-390336097379391,-187431374,6357712877,10279284.9,893210944.0,9.9,0.137,83335930,366553852,LOCKED,0.989720715000,392226780918393
64471,-390336097347345,-198853397,6346290854,10668575.6,891789504.0,9.7,0.138,83335931,356257373,LOCKED,0.989331424000,392227770431854
64472,-390336097399073,-210359151,6334785100,11057900.3,890312640.0,9.5,0.132,83335930,345708280,LOCKED,0.988942100000,392228759442190
64473,-390336097465456,-221878653,6323265598,11447237.8,888780224.0,9.5,0.133,83335931,334644655,LOCKED,0.988552762000,392229748055253
64474,-390336097536789,-54270,6545089981,-28554.7,32482.3,9.8,0.124,83335929,323189753,LOCKED,1.000028555000,392230748288813
64475,-390336097487217,21900,6545166151,-28495.0,32576.3,9.8,0.126,83335931,311457015,LOCKED,1.000028495000,392231748353309
64476,-390336097581888,-40543,6545103708,-28611.0,32854.4,9.7,0.129,83335931,322920178,LOCKED,1.000028611000,392232748528924
64477,-390336097567382,1099,6545145350,-28540.3,32420.2,9.3,0.133,83335931,323027627,LOCKED,1.000028540000,392233748705468
64478,-390336097552904,40495,6545184746,-28429.7,32739.6,9.3,0.134,83335931,323130128,LOCKED,1.000028430000,392234748753898
64479,-390336097664846,-39705,6545104546,-28526.4,33114.3,9.4,0.131,83335930,323110196,LOCKED,1.000028526000,392235748923428
64480,-390336097608758,42558,6545186809,-28481.7,33534.7,9.4,0.132,83335931,323252159,LOCKED,1.000028482000,392236748849906
64481,-390336097721502,-40378,6545103873,-28479.6,33507.8,9.2,0.141,83335932,323228535,LOCKED,1.000028480000,392237749034390
64482,-390336097702239,6333,6545150584,-28439.4,33443.0,9.2,0.139,83335930,323339794,LOCKED,1.000028439000,392238749201833
64483,-390336097691379,43423,6545187674,-28403.1,33818.2,9.1,0.134,83335930,323440876,LOCKED,1.000028403000,392239749239236
64484,-390336097814537,-49372,6545094879,-28417.2,34016.5,9.2,0.132,83335930,323405665,LOCKED,1.000028417000,392240749413657
64485,-390336097800031,-7381,6545136870,-28359.1,33582.7,9.0,0.126,83335930,323510073,LOCKED,1.000028359000,392241749592020
64486,-390336097787960,30067,6545174318,-28262.5,33659.5,9.4,0.122,83335929,323611100,LOCKED,1.000028263000,392242749638283
64487,-390336097904699,-55735,6545088516,-28301.2,34194.7,9.4,0.120,83335930,323584202,LOCKED,1.000028301000,392243749805588
64488,-390336097903440,-23763,6545120488,-28380.2,34224.6,9.3,0.115,83335930,323673187,LOCKED,1.000028380000,392244749863969
64489,-390336097907965,-792,6545143459,-28335.3,34037.0,9.1,0.109,83335930,323756534,LOCKED,1.000028335000,392245749920305
64490,-390336097970040,-32679,6545111572,-28372.0,34287.8,9.2,0.108,83335930,323784419,LOCKED,1.000028372000,392246749973677
64491,-390336097966413,555,6545144806,-28433.7,33943.2,9.3,0.100,83335929,323875865,LOCKED,1.000028434000,392247750143114
64492,-390336097955756,35650,6545179901,-28296.6,33797.2,9.2,0.093,83335930,323977458,LOCKED,1.000028297000,392248750194411
64493,-390336098062664,-40190,6545104061,-28365.9,34234.9,9.2,0.092,83335930,323957581,LOCKED,1.000028366000,392249750360780
64494,-390336098061318,-8149,6545136102,-28466.8,33588.5,9.0,0.085,83335930,324052563,LOCKED,1.000028467000,392250750518250
64495,-390336098050904,28214,6545172465,-28390.1,33740.2,9.3,0.084,83335929,324148963,LOCKED,1.000028390000,392251750570640
64496,-390336098156651,-45110,6545099141,-28513.2,34122.0,9.2,0.076,83335930,324132324,LOCKED,1.000028513000,392252750755157
64497,-390336098138512,3091,6545147342,-28594.5,33455.9,9.0,0.067,83335930,324244280,LOCKED,1.000028595000,392253750915755
# STATS: PDUs=1900 CSV=1899 Gaps=0 Dups=0 Skip=0 d_min=-6545144251 ns drift=-28594.5 ns/s sigma=33455.9 ns state=LOCKED clk_err=+0 ns alpha=0.0200
64498,-390336098137397,29934,6545174185,-28503.4,33569.0,8.8,0.057,83335931,324334526,LOCKED,1.000028503000,392254750959258
64499,-390336098147742,45958,6545190209,-28475.1,33903.7,8.6,0.046,83335930,324302377,LOCKED,1.000028475000,392255751144737
64500,-390336098199183,21790,6545166041,-28452.3,34011.7,8.9,0.045,83335929,324452052,LOCKED,1.000028452000,392256751078186
64501,-390336098304769,-50127,6545094124,-28625.3,34054.2,9.1,0.055,83335929,324436845,LOCKED,1.000028625000,392257751245815
64502,-390336098296927,-13216,6545131035,-28625.1,34053.5,9.2,0.051,83335931,324533672,LOCKED,1.000028625000,392258751405443
64503,-390336098293826,17791,6545162042,-28619.4,34081.9,9.2,0.047,83335931,324623115,LOCKED,1.000028619000,392259751461063
64504,-390336098296608,42832,6545187083,-28651.6,33561.0,9.2,0.045,83335930,324600934,LOCKED,1.000028652000,392260751625718
64505,-390336098391299,-22425,6545121826,-28652.7,33568.8,9.3,0.027,83335930,324704548,LOCKED,1.000028653000,392261751791374
64506,-390336098389253,8163,6545152414,-28660.9,33541.9,9.6,-0.006,83335929,324796809,LOCKED,1.000028661000,392262751856035
64507,-390336098456600,-29867,6545114384,-28643.3,33349.6,9.8,-0.035,83335929,324791897,LOCKED,1.000028643000,392263752021682
64508,-390336098481981,-25241,6545119010,-28668.3,33492.0,9.9,-0.048,83335929,324885160,LOCKED,1.000028668000,392264752204354
64509,-390336098458535,26126,6545170377,-28675.1,33432.0,10.1,-0.059,83335929,324996760,LOCKED,1.000028675000,392265752253029
64510,-390336098527011,-11912,6545132339,-28742.0,33281.3,10.2,-0.069,83335929,325014513,LOCKED,1.000028742000,392266752317772
64511,-390336098580120,-35345,6545108906,-28729.0,33120.5,10.3,-0.079,83335929,325122178,LOCKED,1.000028729000,392267752382502
64512,-390336098607905,-31994,6545112257,-28794.0,33397.0,10.4,-0.088,83335929,325118347,LOCKED,1.000028794000,392268752563300
64513,-390336098586019,18922,6545163173,-28837.2,32969.8,10.7,-0.111,83335928,325228469,LOCKED,1.000028837000,392269752632138
64514,-390336098673758,-38386,6545105865,-28851.6,33126.6,10.7,-0.122,83335929,325229126,LOCKED,1.000028852000,392270752817994
64515,-390336098643491,19095,6545163346,-28802.9,33207.0,10.3,-0.134,83335929,325351794,LOCKED,1.000028803000,392271752996801
64516,-390336098627181,60750,6545205001,-28734.1,34091.1,10.2,-0.141,83335929,325459494,LOCKED,1.000028734000,392272753056535
64517,-390336098716707,-1311,6545142940,-28669.5,33695.7,10.4,-0.156,83335928,325461251,LOCKED,1.000028670000,392273753222208
64518,-390336098711766,29437,6545173688,-28577.8,33789.3,10.3,-0.161,83335929,325551380,LOCKED,1.000028578000,392274753274786
64519,-390336098718714,49118,6545193369,-28563.8,33984.8,10.0,-0.175,83335928,325633569,LOCKED,1.000028564000,392275753326350
64520,-390336098782835,14557,6545158808,-28637.1,33170.7,9.9,-0.178,83335929,325658438,LOCKED,1.000028637000,392276753376987
64521,-390336098767614,54261,6545198512,-28523.3,33948.3,9.9,-0.187,83335928,325763753,LOCKED,1.000028523000,392277753413510
64522,-390336098880906,-27550,6545116701,-28622.8,33922.5,9.8,-0.189,83335929,325738703,LOCKED,1.000028623000,392278753595137
64523,-390336098859042,19804,6545164055,-28501.7,33365.5,10.0,-0.197,83335928,325851505,LOCKED,1.000028502000,392279753764642
64524,-390336098854577,48840,6545193091,-28389.9,33957.6,9.8,-0.197,83335929,325942220,LOCKED,1.000028390000,392280753814032
64525,-390336098963106,-28600,6545115651,-28474.9,34071.8,9.7,-0.197,83335929,325924619,LOCKED,1.000028475000,392281753991511
64526,-390336098947600,12923,6545157174,-28375.6,33596.2,9.5,-0.197,83335929,326031903,LOCKED,1.000028376000,392282754159890
64527,-390336098936138,48172,6545192423,-28230.2,33900.7,9.0,-0.200,83335928,326134433,LOCKED,1.000028230000,392283754203120
64528,-390336099052813,-38006,6545106245,-28278.3,34261.3,9.0,-0.194,83335930,326105550,LOCKED,1.000028278000,392284754379402
64529,-390336099041748,1615,6545145866,-28294.7,34229.9,8.8,-0.192,83335929,326207248,LOCKED,1.000028295000,392285754442697
64530,-390336099093089,-19858,6545124393,-28339.0,34328.0,8.9,-0.197,83335928,326243766,LOCKED,1.000028339000,392286754605039
64531,-390336099086855,11962,6545156213,-28223.5,33578.3,8.7,-0.195,83335929,326337834,LOCKED,1.000028224000,392287754646262
64532,-390336099092344,31288,6545175539,-28108.1,33519.2,9.3,-0.202,83335927,326314227,LOCKED,1.000028108000,392288754830374
64533,-390336099166244,-13554,6545130697,-28132.2,33569.7,9.3,-0.202,83335928,326440163,LOCKED,1.000028132000,392289755002510
64534,-390336099143769,36107,0,-28145.8,33398.1,9.3,-0.202,83335930,326553167,LOCKED,1.000028146000,392290755071656
64535,-390336099241301,-32184,0,-28146.1,33400.3,9.7,-0.204,83335927,326542299,LOCKED,1.000028146000,392291755238805
64536,-390336099216827,20220,52404,-28169.1,33204.9,9.7,-0.203,83335928,326662452,LOCKED,1.000028169000,392292755290974
64537,-390336099318951,-50497,0,-28244.2,33889.5,9.6,-0.201,83335928,326643026,LOCKED,1.000028244000,392293755449221
64538,-390336099308885,-13032,37465,-28180.9,33273.0,9.9,-0.200,83335927,326740819,LOCKED,1.000028181000,392294755609405
64539,-390336099310184,14005,64502,-28211.8,33048.8,10.0,-0.201,83335928,326832370,LOCKED,1.000028212000,392295755649617
64540,-390336099387659,-34663,15834,-28183.3,32657.9,9.9,-0.197,83335928,326841537,LOCKED,1.000028183000,392296755689800
64541,-390336099391208,-8333,42164,-28252.8,32399.5,9.3,-0.187,83335928,326927747,LOCKED,1.000028253000,392297755859056
64542,-390336099377982,30533,81030,-28175.3,32610.6,9.3,-0.185,83335929,327030651,LOCKED,1.000028175000,392298755903231
64543,-390336099487083,-48942,1555,-28165.0,32438.4,9.4,-0.183,83335928,327007400,LOCKED,1.000028165000,392299756061399
64544,-390336099489046,-19991,30506,-28266.9,32137.4,9.5,-0.182,83335928,327099073,LOCKED,1.000028267000,392300756222669
64545,-390336099519211,-20508,29989,-28300.6,32257.3,9.6,-0.180,83335928,327198230,LOCKED,1.000028301000,392301756287970
64546,-390336099571117,-42612,7885,-28303.4,32295.6,9.6,-0.184,83335928,327197841,LOCKED,1.000028303000,392302756468277
64547,-390336099544615,12937,63434,-28361.6,31731.9,9.6,-0.181,83335929,327311185,LOCKED,1.000028362000,392303756519639
64548,-390336099647953,-57364,0,-28495.8,32569.7,9.6,-0.178,83335929,327297665,LOCKED,1.000028496000,392304756573135
64549,-390336099651461,-30317,27047,-28546.6,32828.3,9.6,-0.175,83335929,327383113,LOCKED,1.000028547000,392305756624682
64550,-390336099693137,-39516,17848,-28674.0,32958.1,9.7,-0.170,83335928,327406764,LOCKED,1.000028674000,392306756664356
64551,-390336099717287,-32565,24799,-28739.1,33247.6,9.8,-0.177,83335930,327496315,LOCKED,1.000028739000,392307756831099
64552,-390336099715795,-3294,54070,-28686.4,32940.6,9.8,-0.173,83335929,327592160,LOCKED,1.000028686000,392308756996789
64553,-390336099780362,-35205,22159,-28822.9,32777.7,9.7,-0.169,83335929,327697553,LOCKED,1.000028823000,392309757063612
64554,-390336099791952,-16247,41117,-28880.7,32773.4,9.8,-0.167,83335930,327694953,LOCKED,1.000028881000,392310757240496
64555,-390336099768253,33275,90639,-28785.8,32962.2,9.8,-0.175,83335929,327807127,LOCKED,1.000028786000,392311757303282
64556,-390336099862736,-28531,28833,-28929.6,32384.7,9.8,-0.171,83335929,327804318,LOCKED,1.000028930000,392312757483215
64557,-390336099835482,26226,83590,-28903.1,32544.7,9.8,-0.159,83335928,327918595,LOCKED,1.000028903000,392313757660122
# STATS: PDUs=1960 CSV=1959 Gaps=0 Dups=0 Skip=0 d_min=-57364 ns drift=-28903.1 ns/s sigma=32544.7 ns state=LOCKED clk_err=+0 ns alpha=0.0200
64558,-390336099827405,58462,115826,-28767.3,33399.3,9.5,-0.134,83335928,328020276,LOCKED,1.000028767000,392314757692889
64559,-390336099955531,-39599,17765,-28765.1,33371.3,9.5,-0.124,83335928,327985551,LOCKED,1.000028765000,392315757867658
64560,-390336099887594,52736,110100,-28638.2,34027.1,10.0,-0.099,83335930,328135839,LOCKED,1.000028638000,392316757786293
64561,-390336100011181,-37665,19699,-28799.1,33616.1,10.0,-0.091,83335929,328104520,LOCKED,1.000028799000,392317757970096
64562,-390336099991488,10875,68239,-28819.6,33508.8,9.7,-0.051,83335929,328215249,LOCKED,1.000028820000,392318758137919
64563,-390336099973818,53362,110726,-28711.7,34265.3,9.1,-0.005,83335929,328317418,LOCKED,1.000028712000,392319758178631
64564,-390336100089380,-32530,24834,-28704.6,34189.9,8.8,0.028,83335929,328293248,LOCKED,1.000028705000,392320758344339
64565,-390336100076302,9585,66949,-28736.9,34002.4,8.6,0.026,83335929,328393454,LOCKED,1.000028737000,392321758520080
64566,-390336100059824,51197,108561,-28645.1,34705.6,8.6,0.028,83335929,328502169,LOCKED,1.000028645000,392322758558725
64567,-390336100071933,64517,121881,-28594.5,35465.7,8.6,0.030,83335929,328468365,LOCKED,1.000028594000,392323758728323
64568,-390336100170275,-3804,53560,-28658.3,35192.0,8.6,0.032,83335929,328572304,LOCKED,1.000028658000,392324758896985
64569,-390336100160421,31882,89246,-28572.4,35381.2,8.7,0.043,83335930,328668241,LOCKED,1.000028572000,392325758934557
64570,-390336100231332,-9094,48270,-28624.3,35293.4,8.9,0.054,83335930,328686597,LOCKED,1.000028624000,392326758980181
64571,-390336100237881,13694,71058,-28682.2,34768.3,8.9,0.054,83335929,328772086,LOCKED,1.000028682000,392327759146867
64572,-390336100230415,48220,105584,-28682.8,34759.2,9.5,0.071,83335931,328866743,LOCKED,1.000028683000,392328759191550
64573,-390336100348731,-38731,18633,-28750.1,35154.8,9.5,0.064,83335928,328837720,LOCKED,1.000028750000,392329759361304
64574,-390336100345696,-4494,52870,-28863.2,34202.5,9.6,0.057,83335928,328932966,LOCKED,1.000028863000,392330759531171
64575,-390336100338386,29793,87157,-28820.2,34433.7,9.8,0.065,83335930,329031621,LOCKED,1.000028820000,392331759688994
64576,-390336100331313,60061,117425,-28643.6,34954.1,9.9,0.072,83335930,329125210,LOCKED,1.000028644000,392332759722637
64577,-390336100453435,-30734,26630,-28724.4,35141.0,9.8,0.071,83335929,329092392,LOCKED,1.000028724000,392333759902365
64578,-390336100444811,5645,63009,-28686.1,35080.4,10.0,0.077,83335930,329194035,LOCKED,1.000028686000,392334759944051
64579,-390336100445286,30345,87709,-28564.0,34916.9,9.9,0.077,83335929,329279869,LOCKED,1.000028564000,392335759992615
64580,-390336100529039,-23479,33885,-28592.0,35047.3,9.9,0.077,83335929,329285288,LOCKED,1.000028592000,392336760036207
64581,-390336100532363,-28,57336,-28502.6,34355.7,9.8,0.076,83335929,329369941,LOCKED,1.000028503000,392337760201713
64582,-390336100534849,25306,82670,-28511.2,34282.3,9.9,0.081,83335930,329458587,LOCKED,1.000028511000,392338760361227
64583,-390336100531989,52360,109724,-28386.2,34917.2,9.9,0.079,83335929,329549400,LOCKED,1.000028386000,392339760407613
64584,-390336100650149,-36814,20550,-28354.3,34473.8,9.9,0.080,83335929,329524295,LOCKED,1.000028354000,392340760564970
64585,-390336100659022,-15450,41914,-28421.1,34400.0,10.0,0.078,83335928,329602394,LOCKED,1.000028421000,392341760719394
64586,-390336100663185,7598,64962,-28374.3,34317.4,10.1,0.076,83335928,329693700,LOCKED,1.000028374000,392342760782769
64587,-390336100728563,-29512,27852,-28319.8,33557.5,10.1,0.071,83335928,329691550,LOCKED,1.000028320000,392343760942092
64588,-390336100746065,-16658,40706,-28392.2,33466.9,9.9,0.076,83335929,329783131,LOCKED,1.000028392000,392344761110488
64589,-390336100737406,18650,76014,-28337.6,33519.5,10.0,0.075,83335928,329882567,LOCKED,1.000028338000,392345761166826
64590,-390336100811274,-24834,32530,-28396.8,33666.8,10.0,0.071,83335928,329898684,LOCKED,1.000028397000,392346761216223
64591,-390336100854591,-37975,19389,-28421.0,33900.9,10.4,0.069,83335927,329974750,LOCKED,1.000028421000,392347761387648
64592,-390336100803770,37003,94367,-28273.0,33660.6,10.2,0.061,83335928,330083179,LOCKED,1.000028273000,392348761439921
64593,-390336100913082,-41387,15977,-28334.3,34115.4,10.2,0.057,83335928,330065841,LOCKED,1.000028334000,392349761604259
64594,-390336100913004,-14005,43359,-28260.3,33305.0,10.0,0.064,83335928,330155551,LOCKED,1.000028260000,392350761780523
64595,-390336100887350,37636,95000,-28211.2,33669.4,9.8,0.054,83335928,330266149,LOCKED,1.000028211000,392351761827734
64596,-390336100992256,-37975,19389,-28201.2,33541.1,9.8,0.051,83335928,330251969,LOCKED,1.000028201000,392352761996939
64597,-390336100974594,8327,65691,-28236.6,33335.6,9.8,0.047,83335929,330360292,LOCKED,1.000028237000,392353762157179
64598,-390336100970063,38153,95517,-28155.6,33718.0,9.5,0.036,83335928,330457522,LOCKED,1.000028156000,392354762204335
64599,-390336101081406,-43335,14029,-28167.0,33859.9,9.5,0.032,83335929,330432979,LOCKED,1.000028167000,392355762369505
64600,-390336101025893,38103,95467,-28120.2,34217.7,9.4,0.027,83335929,330577087,LOCKED,1.000028120000,392356762283621
64601,-390336101054657,34567,91931,-28035.6,34488.1,9.4,0.022,83335928,330525049,LOCKED,1.000028036000,392357762457660
64602,-390336101157720,-39734,17630,-28005.1,34034.2,9.5,0.025,83335928,330621563,LOCKED,1.000028005000,392358762621668
64603,-390336101156462,-9077,48287,-28058.5,33932.3,9.5,0.018,83335929,330713303,LOCKED,1.000028058000,392359762787730
64604,-390336101159626,14692,72056,-28027.7,33988.7,9.4,0.011,83335929,330802656,LOCKED,1.000028028000,392360762818757
64605,-390336101168124,31947,89311,-27969.1,34263.9,9.3,0.002,83335929,330769798,LOCKED,1.000027969000,392361762998730
64606,-390336101256446,-25851,31513,-28051.6,34322.5,9.3,-0.006,83335928,330879176,LOCKED,1.000028052000,392362763161785
64607,-390336101253141,4116,61480,-27990.1,34069.0,9.3,-0.004,83335929,330973903,LOCKED,1.000027990000,392363763206775
64608,-390336101307848,-19727,37637,-28098.5,33692.3,9.7,0.005,83335927,331008834,LOCKED,1.000028099000,392364763251874
64609,-390336101307004,9321,66685,-28119.3,33593.4,9.8,-0.007,83335928,331099155,LOCKED,1.000028119000,392365763311994
64610,-390336101354922,-8601,48763,-28197.2,33259.3,10.0,-0.049,83335927,331139989,LOCKED,1.000028197000,392366763354191
64611,-390336101358268,16347,73711,-28229.2,33000.5,9.9,-0.025,83335929,331226291,LOCKED,1.000028229000,392367763417421
64612,-390336101454784,-48339,9025,-28325.8,33634.7,9.9,-0.032,83335928,331218594,LOCKED,1.000028326000,392368763585750
64613,-390336101436907,-493,56871,-28405.8,33071.5,10.0,-0.024,83335929,331323276,LOCKED,1.000028406000,392369763765160
64614,-390336101424819,38449,95813,-28393.5,33207.2,9.8,-0.012,83335928,331428274,LOCKED,1.000028394000,392370763806553
64615,-390336101535131,-41303,16061,-28431.2,33570.0,9.9,-0.017,83335928,331406956,LOCKED,1.000028431000,392371763966987
64616,-390336101538020,-13191,44173,-28535.6,33023.3,9.9,-0.021,83335928,331492963,LOCKED,1.000028536000,392372764132526
64617,-390336101536350,15717,73081,-28498.0,33083.0,9.9,-0.013,83335929,331583649,LOCKED,1.000028498000,392373764295027
# STATS: PDUs=2020 CSV=2019 Gaps=0 Dups=0 Skip=0 d_min=-57364 ns drift=-28498.0 ns/s sigma=33083.0 ns state=LOCKED clk_err=+0 ns alpha=0.0200
64618,-390336101534059,42039,99403,-28348.4,33053.5,10.0,0.006,83335930,331674087,LOCKED,1.000028348000,392374764326375
64619,-390336101558755,44453,101817,-28361.6,32850.2,10.0,0.011,83335929,331632363,LOCKED,1.000028362000,392375764497740
64620,-390336101604056,24315,81679,-28244.9,32512.7,10.0,0.022,83335930,331787001,LOCKED,1.000028245000,392376764414981
64621,-390336101622412,33622,90986,-28272.3,32143.1,10.0,0.023,83335929,331747516,LOCKED,1.000028272000,392377764590257
64622,-390336101730355,-42937,14427,-28353.7,32664.2,10.0,0.024,83335929,331839440,LOCKED,1.000028354000,392378764761614
64623,-390336101720264,-5558,51806,-28292.0,32201.3,10.1,0.034,83335930,331939375,LOCKED,1.000028292000,392379764932910
64624,-390336101706569,35523,92887,-28306.7,32010.2,10.3,0.043,83335930,332044020,LOCKED,1.000028307000,392380764970216
64625,-390336101830311,-55872,1492,-28412.3,32891.9,10.4,0.051,83335930,332007049,LOCKED,1.000028412000,392381765137632
64626,-390336101825424,-22382,34982,-28384.4,32620.1,10.5,0.058,83335930,332102760,LOCKED,1.000028384000,392382765296020
64627,-390336101861602,-30094,27270,-28338.2,31969.4,10.5,0.058,83335929,332188863,LOCKED,1.000028338000,392383765468362
64628,-390336101913153,-49483,7881,-28443.7,32635.6,10.5,0.059,83335929,332294029,LOCKED,1.000028444000,392384765516806
64629,-390336101929871,-36138,21226,-28463.1,32826.4,10.3,0.060,83335929,332265327,LOCKED,1.000028463000,392385765682273
64630,-390336101895506,25519,82883,-28448.1,32928.7,10.2,0.067,83335930,332389761,LOCKED,1.000028448000,392386765732721
64631,-390336101906305,40204,97568,-28369.3,33372.1,10.2,0.068,83335929,332467993,LOCKED,1.000028369000,392387765785090
64632,-390336102015468,-39361,18003,-28364.2,33305.6,9.6,0.071,83335929,332447807,LOCKED,1.000028364000,392388765961458
64633,-390336102008202,-1951,55413,-28448.4,32712.8,9.6,0.075,83335930,332547891,LOCKED,1.000028448000,392389766134910
64634,-390336101995918,36856,94220,-28415.2,33004.1,9.6,0.074,83335929,332645065,LOCKED,1.000028415000,392390766169325
64635,-390336102008481,48684,106048,-28298.4,33571.9,9.4,0.077,83335929,332611583,LOCKED,1.000028298000,392391766344627
64636,-390336102114775,-29280,28084,-28251.2,32932.5,9.1,0.081,83335929,332704602,LOCKED,1.000028251000,392392766503881
64637,-390336102111929,2858,60222,-28307.1,32594.8,9.1,0.082,83335929,332798157,LOCKED,1.000028307000,392393766667191
64638,-390336102132382,10020,67384,-28289.8,32623.2,9.0,0.089,83335930,332868439,LOCKED,1.000028290000,392394766714481
64639,-390336102152581,15999,73363,-28212.6,32473.3,9.0,0.091,83335929,332935139,LOCKED,1.000028213000,392395766764694
64640,-390336102214666,-15878,41486,-28284.3,32367.2,8.9,0.093,83335929,332963878,LOCKED,1.000028284000,392396766798978
64641,-390336102218063,8502,65866,-28273.5,32386.2,9.0,0.092,83335928,333047145,LOCKED,1.000028273000,392397766961255
64642,-390336102214170,37238,94602,-28166.8,32621.8,8.7,0.099,83335929,333141929,LOCKED,1.000028167000,392398766998422
64643,-390336102334711,-53470,3894,-28159.6,32492.7,8.7,0.101,83335929,333106187,LOCKED,1.000028160000,392399767152585
64644,-390336102344209,-31534,25830,-28268.1,32513.9,8.6,0.104,83335929,333183261,LOCKED,1.000028268000,392400767322857
64645,-390336102334722,6288,63652,-28281.9,32468.2,8.8,0.104,83335930,333286436,LOCKED,1.000028282000,392401767484142
64646,-390336102328255,38062,95426,-28199.1,32853.3,9.0,0.103,83335930,333381815,LOCKED,1.000028199000,392402767526341
64647,-390336102447217,-48407,8957,-28329.5,33318.1,9.1,0.101,83335930,333348676,LOCKED,1.000028330000,392403767690674
64648,-390336102433743,-5551,51813,-28372.0,33229.8,9.2,0.105,83335930,333451810,LOCKED,1.000028372000,392404767860050
64649,-390336102437852,16934,74298,-28312.8,33230.7,9.4,0.102,83335930,333541669,LOCKED,1.000028313000,392405767899363
64650,-390336102528944,-41966,15398,-28433.6,33516.7,9.3,0.099,83335929,333539531,LOCKED,1.000028434000,392406767940797
64651,-390336102528482,-10714,46650,-28531.7,32982.0,9.2,0.088,83335930,333627775,LOCKED,1.000028532000,392407768102332
64652,-390336102527430,16622,73986,-28448.8,32796.4,9.7,0.082,83335931,333718898,LOCKED,1.000028449000,392408768261784
64653,-390336102531339,40068,97432,-28461.9,32612.7,9.7,0.076,83335930,333805157,LOCKED,1.000028462000,392409768307246
64654,-390336102642282,-38960,18404,-28566.7,32917.6,9.8,0.071,83335928,333786129,LOCKED,1.000028567000,392410768470816
64655,-390336102639606,-8233,49131,-28527.6,32674.5,9.9,0.063,83335930,333877791,LOCKED,1.000028528000,392411768636347
64656,-390336102622546,36392,93756,-28541.0,32501.1,9.8,0.055,83335929,333985054,LOCKED,1.000028541000,392412768683888
64657,-390336102730453,-40193,17171,-28610.7,32956.2,9.9,0.054,83335930,333962167,LOCKED,1.000028611000,392413768843502
64658,-390336102720590,-2680,54684,-28559.0,32667.5,9.8,0.044,83335929,334060324,LOCKED,1.000028559000,392414768999064
64659,-390336102742153,5651,63015,-28634.1,32006.5,9.8,0.046,83335929,334141620,LOCKED,1.000028634000,392415769055698
64660,-390336102782417,-6673,50691,-28588.8,31713.7,10.0,0.021,83335928,334177956,LOCKED,1.000028589000,392416769099287
64661,-390336102784971,16957,74321,-28498.9,31453.3,10.0,0.021,83335930,334266635,LOCKED,1.000028499000,392417769259789
64662,-390336102779110,49221,106585,-28477.8,31755.9,10.2,0.035,83335931,334360583,LOCKED,1.000028478000,392418769294266
64663,-390336102904447,-44263,13101,-28570.0,32299.9,10.5,0.059,83335931,334326174,LOCKED,1.000028570000,392419769460839
64664,-390336102909392,-19794,37570,-28578.5,32348.1,10.7,0.081,83335931,334413221,LOCKED,1.000028579000,392420769637421
64665,-390336102884594,30221,87585,-28463.6,32252.3,10.7,0.089,83335930,334523288,LOCKED,1.000028464000,392421769698885
64666,-390336102987885,-41006,16358,-28572.3,32605.2,10.6,0.081,83335930,334507113,LOCKED,1.000028572000,392422769864461
64667,-390336102972443,2547,59911,-28553.8,32589.1,10.7,0.077,83335929,334617423,LOCKED,1.000028554000,392423770037018
64668,-390336102973950,28253,84125,-28535.0,32727.7,10.3,0.033,83335929,334701137,LOCKED,1.000028535000,392424770099554
64669,-390336102980859,46248,102120,-28433.5,33287.3,10.1,0.031,83335929,334786295,LOCKED,1.000028434000,392425770152988
64670,-390336103031151,22983,78855,-28402.7,33425.3,9.4,0.031,83335929,334830044,LOCKED,1.000028403000,392426770093388
64671,-390336103132976,-47829,8043,-28451.3,33940.8,9.4,0.027,83335929,334813100,LOCKED,1.000028451000,392427770276843
64672,-390336103107697,7126,62998,-28523.4,33316.1,9.2,0.024,83335929,334927271,LOCKED,1.000028523000,392428770453370
64673,-390336103083239,56364,112236,-28433.3,34177.4,9.2,0.020,83335929,335040781,LOCKED,1.000028433000,392429770512804
64674,-390336103186553,-18553,37319,-28400.6,33895.3,8.9,0.017,83335929,335027594,LOCKED,1.000028401000,392430770698209
64675,-390336103158047,37285,93157,-28410.2,33775.8,8.7,0.014,83335929,335144952,LOCKED,1.000028410000,392431770736619
64676,-390336103270005,-42625,13247,-28518.1,34172.1,8.4,0.011,83335929,335118898,LOCKED,1.000028518000,392432770906141
64677,-390336103259523,-3671,52201,-28509.6,34156.3,8.4,0.008,83335929,335221347,LOCKED,1.000028510000,392433771066654
# STATS: PDUs=2080 CSV=2079 Gaps=0 Dups=0 Skip=0 d_min=-55872 ns drift=-28509.6 ns/s sigma=34156.3 ns state=LOCKED clk_err=+0 ns alpha=0.0200
64678,-390336103252449,28513,84385,-28390.0,33949.2,8.4,0.005,83335929,335317587,LOCKED,1.000028390000,392434771221047
64679,-390336103269787,35419,91291,-28245.1,33683.9,8.4,0.008,83335930,335392301,LOCKED,1.000028245000,392435771271292
64680,-390336103339889,-7176,48696,-28196.9,33367.1,8.4,0.012,83335930,335407986,LOCKED,1.000028197000,392436771316489
64681,-390336103339250,18696,74568,-28082.3,32857.6,8.4,0.014,83335930,335497261,LOCKED,1.000028082000,392437771353571
64682,-390336103345592,38782,94654,-28065.6,33038.9,8.5,0.016,83335930,335468603,LOCKED,1.000028066000,392438771527640
64683,-390336103443069,-28913,26959,-28101.8,33252.5,8.4,0.019,83335930,335567794,LOCKED,1.000028102000,392439771694745
64684,-390336103437615,2689,58561,-28010.2,32565.8,8.4,0.018,83335929,335666828,LOCKED,1.000028010000,392440771860759
64685,-390336103434346,33179,89051,-28026.7,32362.9,8.4,0.017,83335929,335757782,LOCKED,1.000028027000,392441771902786
64686,-390336103553856,-54130,1742,-28141.7,33150.6,8.4,0.017,83335929,335729683,LOCKED,1.000028142000,392442772068931
64687,-390336103544386,-14703,41169,-28206.5,33073.1,8.4,0.014,83335929,335827736,LOCKED,1.000028206000,392443772229141
64688,-390336103539916,18393,74265,-28257.8,32529.9,8.4,0.011,83335929,335922998,LOCKED,1.000028258000,392444772396402
64689,-390336103537633,47044,102916,-28243.3,32730.5,8.4,0.012,83335930,336013076,LOCKED,1.000028243000,392445772441645
64690,-390336103630523,-17219,38653,-28233.5,32667.3,8.4,0.016,83335930,336009042,LOCKED,1.000028233000,392446772604882
64691,-390336103620685,18123,73995,-28129.4,32278.0,8.7,0.018,83335931,336107636,LOCKED,1.000028129000,392447772642011
64692,-390336103624281,41092,96964,-28121.0,32383.8,8.7,0.015,83335929,336081840,LOCKED,1.000028121000,392448772819136
64693,-390336103709990,-15358,40514,-28151.4,32449.8,9.0,0.021,83335931,336193860,LOCKED,1.000028151000,392449772983291
64694,-390336103700881,19219,75091,-28051.4,32147.7,9.0,0.018,83335929,336291625,LOCKED,1.000028051000,392450773013342
64695,-390336103715662,28490,84362,-27902.3,31454.8,9.0,0.017,83335930,336254558,LOCKED,1.000027902000,392451773174247
64696,-390336103814098,-38748,17124,-27999.8,31809.6,9.0,0.016,83335930,336359353,LOCKED,1.000028000000,392452773329250
64697,-390336103813752,-10107,45765,-27997.4,31801.2,9.3,0.015,83335931,336450070,LOCKED,1.000027997000,392453773377247
64698,-390336103880778,-46587,9285,-28045.1,32317.0,9.3,0.018,83335930,336438814,LOCKED,1.000028045000,392454773541295
64699,-390336103903777,-39738,16134,-28067.5,32559.4,9.3,0.015,83335929,336534161,LOCKED,1.000028067000,392455773591363
64700,-390336103960174,-63421,0,-28190.3,33667.2,9.3,0.012,83335930,336569336,LOCKED,1.000028190000,392456773627553
64701,-390336103966366,-39245,24176,-28232.0,34021.6,9.0,0.002,83335930,336651770,LOCKED,1.000028232000,392457773788788
64702,-390336103962275,-8047,55374,-28163.2,33428.6,8.9,-0.003,83335930,336744677,LOCKED,1.000028163000,392458773944954
64703,-390336104010597,-24968,38453,-28280.8,33109.8,8.9,-0.007,83335929,336822788,LOCKED,1.000028281000,392459774116238
64704,-390336103968976,42916,106337,-28253.2,33416.1,8.9,-0.012,83335929,336918859,LOCKED,1.000028253000,392460774170491
64705,-390336104070078,-28327,35094,-28284.9,33608.1,9.0,-0.009,83335929,336906683,LOCKED,1.000028285000,392461774339779
64706,-390336104060796,7149,70570,-28194.0,33069.9,9.0,-0.004,83335929,337005693,LOCKED,1.000028194000,392462774404974
64707,-390336104049089,45415,108836,-28189.3,33136.1,9.0,0.001,83335929,336996225,LOCKED,1.000028189000,392463774581167
64708,-390336104146039,-21748,41673,-28231.6,33265.9,9.0,0.007,83335929,337099130,LOCKED,1.000028232000,392464774750402
64709,-390336104146757,4698,68119,-28186.9,33152.2,9.3,0.017,83335928,337187116,LOCKED,1.000028187000,392465774789589
64710,-390336104234013,-49485,13936,-28344.8,33375.8,9.6,0.016,83335928,337187638,LOCKED,1.000028345000,392466774831934
64711,-390336104234574,-19747,43674,-28407.9,33410.2,9.6,0.026,83335929,337277768,LOCKED,1.000028408000,392467774991345
64712,-390336104231291,10790,74211,-28369.2,33406.9,9.2,0.037,83335929,337374261,LOCKED,1.000028369000,392468775150717
64713,-390336104231637,35057,98478,-28242.9,33369.0,9.2,0.035,83335929,337460917,LOCKED,1.000028243000,392469775183960
64714,-390336104260974,33152,96573,-28258.3,33186.7,9.0,0.006,83335929,337410441,LOCKED,1.000028258000,392470775360222
64715,-390336104354512,-29615,33806,-28332.5,33384.9,9.3,-0.008,83335928,337515768,LOCKED,1.000028332000,392471775514558
64716,-390336104354647,-2350,61071,-28282.7,33124.5,9.2,-0.021,83335929,337605434,LOCKED,1.000028283000,392472775677844
64717,-390336104345144,34693,98114,-28304.0,32847.8,9.3,-0.003,83335930,337702879,LOCKED,1.000028304000,392473775722148
64718,-390336104459888,-48026,15395,-28406.9,33457.5,9.3,-0.017,83335929,337678904,LOCKED,1.000028407000,392474775884558
64719,-390336104452812,-11517,51904,-28438.2,33483.1,9.2,-0.034,83335929,337775849,LOCKED,1.000028438000,392475775929996
64720,-390336104414739,52050,115471,-28380.2,34123.8,9.0,-0.032,83335929,337791975,LOCKED,1.000028380000,392476775972376
64721,-390336104522256,-25572,37849,-28412.1,34285.4,8.9,-0.038,83335929,337886600,LOCKED,1.000028412000,392477776143792
64722,-390336104509570,13141,76562,-28316.7,33871.5,8.6,-0.033,83335930,337987139,LOCKED,1.000028317000,392478776178108
64723,-390336104516671,33870,97291,-28349.2,33432.9,8.2,-0.039,83335929,337957998,LOCKED,1.000028349000,392479776350461
64724,-390336104619430,-36855,26566,-28469.0,33534.5,8.3,-0.024,83335931,338054204,LOCKED,1.000028469000,392480776517933
64725,-390336104601309,8491,71912,-28422.0,33462.1,8.2,-0.027,83335929,338162218,LOCKED,1.000028422000,392481776678358
64726,-390336104597630,39786,103207,-28448.6,33062.9,8.2,-0.030,83335929,338256021,LOCKED,1.000028449000,392482776720807
64727,-390336104709788,-40618,22803,-28543.5,33469.7,8.2,-0.023,83335930,338233749,LOCKED,1.000028544000,392483776888354
64728,-390336104692841,4184,67605,-28516.6,33440.2,8.5,-0.032,83335928,338338708,LOCKED,1.000028517000,392484776924870
64729,-390336104692045,30195,93616,-28404.6,33378.7,8.9,-0.020,83335931,338427674,LOCKED,1.000028405000,392485776962274
64730,-390336104781916,-29745,33676,-28430.1,33558.6,8.9,-0.022,83335929,338427828,LOCKED,1.000028430000,392486777009704
64731,-390336104779832,2658,66079,-28527.4,32617.4,9.2,-0.012,83335931,338522704,LOCKED,1.000028527000,392487777178235
64732,-390336104774759,34178,97599,-28482.1,32926.6,9.3,-0.009,83335930,338613764,LOCKED,1.000028482000,392488777216717
64733,-390336104890110,-50773,12648,-28491.7,33074.6,9.5,-0.017,83335928,338588562,LOCKED,1.000028492000,392489777381212
64734,-390336104896066,-25460,37961,-28585.9,33033.1,9.5,-0.019,83335929,338674578,LOCKED,1.000028586000,392490777543801
64735,-390336104886951,10579,74000,-28521.8,32875.4,9.5,-0.021,83335929,338770722,LOCKED,1.000028522000,392491777712326
64736,-390336104890460,35119,98540,-28557.1,32360.9,9.5,-0.024,83335929,338859808,LOCKED,1.000028557000,392492777740883
64737,-390336104922070,30608,94029,-28536.4,32526.6,9.5,-0.026,83335929,338821443,LOCKED,1.000028536000,392493777913423
# STATS: PDUs=2140 CSV=2139 Gaps=0 Dups=0 Skip=0 d_min=-63421 ns drift=-28536.4 ns/s sigma=32526.6 ns state=LOCKED clk_err=+0 ns alpha=0.0200
64738,-390336104999152,-17324,46097,-28537.7,32533.7,9.4,-0.028,83335929,338925445,LOCKED,1.000028538000,392494778054963
64739,-390336105039982,-28635,34786,-28538.2,32538.8,9.4,-0.028,83335929,338990198,LOCKED,1.000028538000,392495778109501
64740,-390336105062921,-21128,42293,-28596.8,32622.3,9.4,-0.027,83335929,339015154,LOCKED,1.000028597000,392496778154098
64741,-390336105085346,-14494,48927,-28595.4,32615.3,9.4,-0.027,83335929,339107843,LOCKED,1.000028595000,392497778317697
64742,-390336105077452,19294,82715,-28494.7,32308.0,9.3,-0.026,83335929,339207928,LOCKED,1.000028495000,392498778472195
64743,-390336105111454,13807,77228,-28518.7,32146.0,9.3,-0.024,83335929,339297691,LOCKED,1.000028519000,392499778528714
64744,-390336105186296,-30570,32851,-28563.5,32405.7,9.3,-0.026,83335929,339279120,LOCKED,1.000028563000,392500778685281
64745,-390336105217898,-32628,30793,-28557.3,32337.0,9.3,-0.028,83335929,339377232,LOCKED,1.000028557000,392501778863842
64746,-390336105157200,54727,118148,-28555.1,32375.9,9.2,-0.031,83335929,339482682,LOCKED,1.000028555000,392502778918397
64747,-390336105263750,-21181,42240,-28622.4,32419.3,9.4,-0.035,83335928,339468219,LOCKED,1.000028622000,392503779093023
64748,-390336105239673,29005,92426,-28547.1,32602.8,9.4,-0.037,83335929,339580396,LOCKED,1.000028547000,392504779146570
64749,-390336105345010,-46237,17184,-28546.2,32588.9,9.4,-0.034,83335929,339564285,LOCKED,1.000028546000,392505779331120
64750,-390336105302897,23367,86788,-28533.2,32671.1,9.3,-0.031,83335929,339694410,LOCKED,1.000028533000,392506779370653
64751,-390336105304085,46677,110098,-28412.6,33144.5,9.0,-0.022,83335929,339783307,LOCKED,1.000028413000,392507779415066
64752,-390336105320819,52890,116311,-28232.0,33223.3,9.0,-0.024,83335929,339745605,LOCKED,1.000028232000,392508779603302
64753,-390336105409285,-6801,56620,-28247.3,33235.1,8.6,-0.012,83335929,339856147,LOCKED,1.000028247000,392509779763553
64754,-390336105410854,17418,80839,-28155.4,32978.2,8.6,-0.014,83335929,339946181,LOCKED,1.000028155000,392510779808708
64755,-390336105514984,-56464,6957,-28164.2,33129.4,8.7,-0.008,83335928,339928834,LOCKED,1.000028164000,392511779975876
64756,-390336105509283,-20554,42867,-28230.5,33164.0,8.8,-0.000,83335928,340025114,LOCKED,1.000028231000,392512780138110
64757,-390336105505605,10304,73725,-28196.0,33169.0,8.4,0.017,83335928,340119476,LOCKED,1.000028196000,392513780298309
64758,-390336105508104,34608,98029,-28185.2,33277.1,8.4,0.028,83335928,340208794,LOCKED,1.000028185000,392514780232491
64759,-390336105625632,-50376,13045,-28315.6,33816.3,8.6,0.031,83335928,340177956,LOCKED,1.000028316000,392515780394810
64760,-390336105575340,28247,91668,-28363.5,33187.0,8.4,0.043,83335929,340317945,LOCKED,1.000028363000,392516780318170
64761,-390336105588904,41455,104876,-28354.3,33299.8,8.8,0.052,83335931,340282360,LOCKED,1.000028354000,392517780485528
64762,-390336105686791,-26092,37329,-28408.5,33481.3,9.1,0.061,83335931,340383587,LOCKED,1.000028408000,392518780649940
64763,-390336105690277,-227,63194,-28454.5,33294.7,9.1,0.055,83335929,340473958,LOCKED,1.000028454000,392519780815398
64764,-390336105677029,37370,100791,-28314.8,33186.6,9.2,0.068,83335930,340573213,LOCKED,1.000028315000,392520780857713
64765,-390336105790350,-43663,19758,-28437.4,33523.1,9.2,0.064,83335929,340549924,LOCKED,1.000028437000,392521781038154
64766,-390336105771893,2751,66172,-28418.4,33507.2,9.2,0.061,83335929,340655100,LOCKED,1.000028418000,392522781200576
64767,-390336105769194,30037,93458,-28280.1,33095.8,9.2,0.073,83335930,340748862,LOCKED,1.000028280000,392523781240856
64768,-390336105774971,49635,113056,-28219.9,33711.0,9.5,0.058,83335928,340722041,LOCKED,1.000028220000,392524781417080
64769,-390336105880235,-26056,37365,-28243.0,33851.0,9.5,0.055,83335930,340819610,LOCKED,1.000028243000,392525781578326
64770,-390336105847548,34145,97566,-28264.1,33586.9,9.4,0.036,83335929,340937997,LOCKED,1.000028264000,392526781495586
64771,-390336105877114,31390,94811,-28245.0,33742.1,9.5,0.049,83335930,340886221,LOCKED,1.000028245000,392527781667835
64772,-390336105971658,-32998,30423,-28284.0,34006.9,9.5,0.057,83335930,340990717,LOCKED,1.000028284000,392528781836122
64773,-390336105971792,-5808,57613,-28227.0,33616.8,9.5,0.053,83335929,341081353,LOCKED,1.000028227000,392529781985352
64774,-390336105981715,10363,73784,-28139.4,33213.3,9.6,0.060,83335930,341160272,LOCKED,1.000028139000,392530782030491
64775,-390336105987875,30994,94415,-28124.8,33337.3,9.4,0.057,83335929,341133826,LOCKED,1.000028125000,392531782212620
64776,-390336106075327,-26653,36768,-28163.0,33526.7,9.4,0.063,83335930,341249113,LOCKED,1.000028163000,392532782367786
64777,-390336106099287,-22387,41034,-28128.8,33179.6,9.4,0.067,83335930,341328423,LOCKED,1.000028129000,392533782433915
64778,-390336106167949,-57409,6012,-28304.1,33589.0,9.4,0.063,83335929,341334034,LOCKED,1.000028304000,392534782590222
64779,-390336106172180,-30761,32660,-28379.4,33807.1,9.4,0.060,83335929,341418497,LOCKED,1.000028379000,392535782769605
64780,-390336106136295,29581,93002,-28235.9,33296.0,9.4,0.057,83335929,341546621,LOCKED,1.000028236000,392536782706838
64781,-390336106247972,-49614,13807,-28362.0,33835.6,9.5,0.055,83335929,341519859,LOCKED,1.000028362000,392537782853203
64782,-390336106283513,-53615,9806,-28428.9,34546.6,9.4,0.053,83335929,341597578,LOCKED,1.000028429000,392538783031636
64783,-390336106243703,12476,75897,-28344.0,34242.4,9.4,0.051,83335929,341704040,LOCKED,1.000028344000,392539783197983
64784,-390336106237393,45250,108671,-28327.0,34452.8,8.9,0.051,83335929,341796353,LOCKED,1.000028327000,392540783254310
64785,-390336106346535,-33587,29834,-28368.3,34726.6,9.0,0.049,83335929,341777210,LOCKED,1.000028368000,392541783430682
64786,-390336106333624,5806,69227,-28285.2,34273.4,9.0,0.048,83335929,341883955,LOCKED,1.000028285000,392542783597971
64787,-390336106333738,33074,96495,-28295.9,34154.4,8.9,0.048,83335929,341970765,LOCKED,1.000028296000,392543783757270
64788,-390336106359024,33587,97008,-28229.1,34452.2,8.7,0.045,83335929,342037225,LOCKED,1.000028229000,392544783684496
64789,-390336106482236,-58572,4849,-28270.4,35036.6,8.2,0.048,83335929,342001860,LOCKED,1.000028270000,392545783852770
64790,-390336106439152,12825,76246,-28293.8,34898.9,8.3,0.051,83335930,342131650,LOCKED,1.000028294000,392546783887064
64791,-390336106444891,32985,96406,-28231.1,35183.1,7.7,0.059,83335930,342217759,LOCKED,1.000028231000,392547783931295
64792,-390336106556665,-48519,14902,-28250.4,35431.0,7.7,0.064,83335930,342192851,LOCKED,1.000028250000,392548784101549
64793,-390336106552383,-13323,50098,-28359.2,34854.3,7.5,0.060,83335929,342285844,LOCKED,1.000028359000,392549784269912
64794,-390336106556334,11371,74792,-28392.3,34646.6,7.6,0.062,83335930,342372690,LOCKED,1.000028392000,392550784317304
64795,-390336106555846,37447,100868,-28316.8,35009.5,7.6,0.061,83335929,342349199,LOCKED,1.000028317000,392551784487624
64796,-390336106655169,-32449,30972,-28317.3,35014.6,8.1,0.065,83335931,342453024,LOCKED,1.000028317000,392552784649945
64797,-390336106649713,241,63662,-28264.4,34778.0,8.3,0.063,83335928,342542261,LOCKED,1.000028264000,392553784814213
# STATS: PDUs=2200 CSV=2199 Gaps=0 Dups=0 Skip=0 d_min=-63421 ns drift=-28264.4 ns/s sigma=34778.0 ns state=LOCKED clk_err=+0 ns alpha=0.0200
64798,-390336106632870,42959,106380,-28218.5,35190.0,8.4,0.062,83335929,342647941,LOCKED,1.000028219000,392554784853431
64799,-390336106759551,-50926,12495,-28358.7,35645.5,8.4,0.062,83335929,342616996,LOCKED,1.000028359000,392555785014793
64800,-390336106722838,14141,77562,-28382.1,35501.9,8.4,0.062,83335929,342740400,LOCKED,1.000028382000,392556785069175
64801,-390336106714607,48218,111639,-28337.7,35966.4,8.4,0.062,83335929,342833658,LOCKED,1.000028338000,392557785107512
64802,-390336106824525,-31642,31779,-28369.6,36176.1,8.4,0.062,83335929,342814674,LOCKED,1.000028370000,392558785264885
64803,-390336106818651,2179,65600,-28352.4,36162.5,8.6,0.061,83335928,342913380,LOCKED,1.000028352000,392559785436241
64804,-390336106810402,37534,100955,-28353.7,36148.5,8.8,0.061,83335928,343007558,LOCKED,1.000028354000,392560785475594
64805,-390336106929312,-48147,15274,-28513.2,36271.7,8.9,0.062,83335928,342977523,LOCKED,1.000028513000,392561785651111
64806,-390336106918266,-9419,54002,-28456.6,35850.0,9.1,0.063,83335928,343082447,LOCKED,1.000028457000,392562785815571
64807,-390336106903960,32303,95724,-28459.3,35823.8,9.2,0.057,83335928,343182957,LOCKED,1.000028459000,392563785862030
64808,-390336106905978,54342,117763,-28333.4,36498.8,9.3,0.059,83335928,343159927,LOCKED,1.000028333000,392564786016366
64809,-390336107019655,-27107,36314,-28479.7,35876.7,9.9,0.064,83335927,343246403,LOCKED,1.000028480000,392565786070846
64810,-390336106977736,40165,103586,-28392.9,36266.7,10.0,0.068,83335928,343266065,LOCKED,1.000028393000,392566786122239
64811,-390336107077100,-30091,33330,-28377.9,36117.1,10.4,0.075,83335927,343369035,LOCKED,1.000028378000,392567786285620
64812,-390336107067819,5346,68767,-28277.6,35430.4,10.4,0.079,83335929,343466170,LOCKED,1.000028278000,392568786453901
64813,-390336107058703,40110,103531,-28215.1,35841.5,10.5,0.087,83335928,343567556,LOCKED,1.000028215000,392569786493116
64814,-390336107175654,-46239,17182,-28255.4,36249.9,10.5,0.096,83335928,343537326,LOCKED,1.000028255000,392570786651375
64815,-390336107176783,-16116,47305,-28375.9,35605.5,10.8,0.057,83335928,343625857,LOCKED,1.000028376000,392571786808754
64816,-390336107218981,-27231,36190,-28463.7,35662.9,10.7,0.041,83335929,343713174,LOCKED,1.000028464000,392572786857218
64817,-390336107172138,44723,108144,-28373.3,36164.6,10.7,0.043,83335930,343698674,LOCKED,1.000028373000,392573787024595
64818,-390336107273211,-27315,36106,-28360.3,36047.1,10.6,0.026,83335929,343798844,LOCKED,1.000028360000,392574787066955
64819,-390336107318929,-40001,23420,-28523.4,35736.6,10.5,0.009,83335929,343880513,LOCKED,1.000028523000,392575787115478
64820,-390336107345413,-36184,22388,-28550.5,35963.1,10.7,-0.007,83335928,343903468,LOCKED,1.000028551000,392576787174029
64821,-390336107365583,-27190,31382,-28535.4,35822.9,10.2,0.045,83335930,343972524,LOCKED,1.000028535000,392577787334568
64822,-390336107365514,2388,60960,-28587.2,35560.1,9.5,0.090,83335929,344077334,LOCKED,1.000028587000,392578787382155
64823,-390336107430617,-31607,26965,-28658.5,35797.3,9.7,0.071,83335928,344058632,LOCKED,1.000028658000,392579787549817
64824,-390336107454792,-26398,32174,-28650.2,35727.1,9.8,0.052,83335928,344153067,LOCKED,1.000028650000,392580787719471
64825,-390336107435330,22046,80618,-28703.2,35141.4,10.0,0.039,83335928,344258799,LOCKED,1.000028703000,392581787772174
64826,-390336107424484,57857,116429,-28615.8,35992.5,10.1,0.027,83335928,344250827,LOCKED,1.000028616000,392582787957794
64827,-390336107505942,3861,62433,-28565.6,35838.3,10.1,0.016,83335928,344367845,LOCKED,1.000028566000,392583788136363
64828,-390336107484104,49087,107659,-28392.8,35828.8,10.1,0.008,83335928,344480747,LOCKED,1.000028393000,392584788177756
64829,-390336107591858,-27565,31007,-28480.1,35897.2,10.3,-0.009,83335927,344466060,LOCKED,1.000028480000,392585788348240
64830,-390336107540747,47429,106001,-28333.0,36133.5,10.7,-0.023,83335927,344600931,LOCKED,1.000028333000,392586788393573
64831,-390336107657652,-39781,18791,-28333.7,36140.9,10.6,-0.028,83335928,344575094,LOCKED,1.000028334000,392587788567910
64832,-390336107648773,-1552,57020,-28381.1,35975.6,10.7,-0.040,83335927,344670686,LOCKED,1.000028381000,392588788730294
64833,-390336107644120,29403,87975,-28327.8,36196.3,10.7,-0.043,83335928,344768213,LOCKED,1.000028328000,392589788766622
64834,-390336107656888,41357,99929,-28219.4,36523.8,10.5,-0.040,83335929,344732432,LOCKED,1.000028219000,392590788945845
64835,-390336107746413,-20166,38406,-28175.2,36103.2,10.5,-0.037,83335929,344844902,LOCKED,1.000028175000,392591789112024
64836,-390336107730739,22524,81096,-28155.7,36199.3,10.6,-0.044,83335927,344946218,LOCKED,1.000028156000,392592789156180
64837,-390336107832264,-47299,11273,-28251.3,36751.7,10.4,-0.044,83335928,344934365,LOCKED,1.000028251000,392593789331435
64838,-390336107812796,2053,60625,-28335.0,36125.0,10.4,-0.046,83335928,345045513,LOCKED,1.000028335000,392594789495773
64839,-390336107797738,43461,102033,-28309.8,36390.1,10.4,-0.043,83335929,345146457,LOCKED,1.000028310000,392595789540083
64840,-390336107870173,-1776,56796,-28252.2,36085.9,10.4,-0.040,83335929,345166945,LOCKED,1.000028252000,392596789711339
64841,-390336107861922,34018,92590,-28274.0,35829.3,10.4,-0.041,83335928,345261992,LOCKED,1.000028274000,392597789759613
64842,-390336107973481,-44206,14366,-28449.2,35531.4,10.4,-0.041,83335928,345243156,LOCKED,1.000028449000,392598789923066
64843,-390336107966599,-8533,50039,-28451.8,35537.3,10.5,-0.038,83335929,345333849,LOCKED,1.000028452000,392599790088521
64844,-390336107961092,22372,80944,-28338.9,35207.6,10.5,-0.036,83335929,345431520,LOCKED,1.000028339000,392600790122860
64845,-390336107967682,42421,100993,-28326.0,35356.5,10.5,-0.036,83335928,345402128,LOCKED,1.000028326000,392601790293190
64846,-390336108058397,-18845,39727,-28349.8,35441.9,10.5,-0.035,83335928,345513355,LOCKED,1.000028350000,392602790463543
64847,-390336108052111,13658,72230,-28267.7,35203.3,10.5,-0.035,83335928,345608502,LOCKED,1.000028268000,392603790620814
64848,-390336108117045,-22810,35762,-28239.4,34941.3,10.5,-0.034,83335928,345692117,LOCKED,1.000028239000,392604790674054
64849,-390336108160626,-33867,24705,-28393.7,34467.6,10.5,-0.033,83335928,345676250,LOCKED,1.000028394000,392605790720448
