# seq,elapsed_s,d_total_ns,d_detrended_ns,offset_ns,drift_ns_per_s,drift_sigma_ns,gm_sigma_ns,gm_a1_ppb,clock_error_ns,sync_state
3005,0.880,-131301878303549,-38509,17998,-29438.2,34723.4,9.7,0.118,168865393,LOCKED
3006,1.881,-131301878251479,41159,97666,-29416.3,34954.2,9.6,0.124,169010834,LOCKED
3007,2.882,-131301878265815,51501,108008,-29269.1,35373.8,10.0,0.137,169085926,LOCKED
3008,3.880,-131301878381952,-32610,23897,-29350.4,35601.1,9.9,0.141,169061131,LOCKED
3009,4.881,-131301878387751,-9402,47105,-29317.8,35420.7,9.9,0.145,169143813,LOCKED
3010,5.880,-131301878415517,-6443,50064,-29376.3,35242.8,9.8,0.149,169209841,LOCKED
3011,6.880,-131301878420863,15262,71769,-29287.4,34974.4,9.2,0.149,169295544,LOCKED
3012,7.880,-131301878449663,15806,72313,-29316.5,34762.5,9.3,0.153,169368770,LOCKED
3013,8.880,-131301878523790,-28026,28481,-29317.9,34774.1,9.3,0.156,169429788,LOCKED
3014,9.880,-131301878473980,49067,105574,-29299.6,35015.7,9.4,0.160,169519315,LOCKED
3015,10.880,-131301878612274,-54597,1910,-29470.8,35312.2,9.3,0.161,169471100,LOCKED
3016,11.882,-131301878627667,-38354,18153,-29513.3,35643.0,9.4,0.164,169546136,LOCKED
3017,12.881,-131301878639216,-17260,39247,-29638.5,34955.9,9.6,0.159,169629788,LOCKED
3018,13.880,-131301878604945,43808,100315,-29571.8,35449.9,9.7,0.163,169753763,LOCKED
3019,14.882,-131301878726888,-46292,10215,-29606.3,35821.0,9.6,0.159,169720124,LOCKED
3020,15.881,-131301878669485,38255,94762,-29549.0,36187.8,9.6,0.159,169766606,LOCKED
3021,16.881,-131301878681619,52265,108772,-29468.6,36866.9,9.6,0.159,169949088,LOCKED
3022,17.881,-131301878802381,-34892,21615,-29613.9,36595.2,9.6,0.158,169920969,LOCKED
3023,18.881,-131301878809739,-13305,43202,-29558.8,36132.6,9.6,0.161,170006546,LOCKED
3024,19.881,-131301878814273,10756,67263,-29529.4,36152.8,9.5,0.157,170096538,LOCKED
3025,20.881,-131301878828849,25338,81845,-29553.3,35928.0,9.5,0.155,170176029,LOCKED
3026,21.880,-131301878829820,49160,105667,-29401.2,36184.6,9.5,0.153,170265517,LOCKED
3027,22.881,-131301878878346,28389,84896,-29367.6,36367.9,9.4,0.148,170200699,LOCKED
3028,23.882,-131301878992627,-54537,1970,-29374.3,36470.9,9.2,0.137,170284223,LOCKED
3029,24.881,-131301878919407,44465,100972,-29271.8,36918.4,8.8,0.127,170345904,LOCKED
3030,25.881,-131301879040809,-42949,13558,-29432.2,36791.2,8.7,0.121,170419471,LOCKED
3031,26.882,-131301879061335,-31776,24731,-29490.7,37042.7,8.9,0.121,170492873,LOCKED
3032,27.882,-131301879078907,-20224,36283,-29438.9,36525.3,8.9,0.122,170568852,LOCKED
3033,28.882,-131301879096430,-7333,49174,-29474.7,36495.9,8.9,0.124,170639430,LOCKED
3034,29.882,-131301879106588,9721,66228,-29379.6,36016.4,9.0,0.118,170722418,LOCKED
3035,30.881,-131301879125185,19658,76165,-29370.8,36060.7,9.2,0.112,170792682,LOCKED
3036,31.882,-131301879138491,31585,88092,-29219.9,35554.3,9.4,0.115,170871616,LOCKED
3037,32.882,-131301879158441,37823,94330,-29133.9,35890.9,9.4,0.117,170942983,LOCKED
3038,33.881,-131301879248997,-20972,35535,-29228.1,35727.6,9.3,0.120,170945260,LOCKED
3039,34.881,-131301879285174,-26898,29609,-29233.6,35768.4,9.3,0.137,170997502,LOCKED
3040,35.882,-131301879299514,-10104,46403,-29310.2,35503.0,9.2,0.130,171076231,LOCKED
3041,36.882,-131301879328693,-10359,46148,-29273.9,35280.1,9.2,0.135,171141658,LOCKED
3042,37.882,-131301879334263,13566,70073,-29307.4,35048.6,9.2,0.141,171228843,LOCKED
3043,38.881,-131301879352205,24141,80648,-29308.8,35038.6,9.3,0.124,171298513,LOCKED
3044,39.882,-131301879374947,30241,86748,-29336.2,34723.4,9.5,0.111,171264243,LOCKED
3045,40.882,-131301879414521,16961,73468,-29214.9,34069.1,9.5,0.086,171433201,LOCKED
3046,41.881,-131301879427269,31277,87784,-29161.3,34332.7,9.6,0.077,171502537,LOCKED
3047,42.882,-131301879551627,-58429,0,-29333.9,34816.3,9.9,0.055,171469224,LOCKED
3048,43.882,-131301879533961,-11831,46598,-29294.4,34540.0,10.0,0.017,171579348,LOCKED
3049,44.882,-131301879563178,-9984,48445,-29364.8,34323.0,9.9,-0.009,171639405,LOCKED
3050,45.882,-131301879581717,-399,58030,-29303.1,33981.1,10.0,-0.033,171715080,LOCKED
3051,46.882,-131301879583862,25840,84269,-29301.0,33997.6,10.0,-0.043,171799342,LOCKED
3052,47.882,-131301879615472,20609,79038,-29191.7,33638.1,10.1,-0.055,171875380,LOCKED
3053,48.882,-131301879681409,-14520,43909,-29246.9,33616.8,10.4,-0.080,171818673,LOCKED
3054,49.882,-131301879759718,-60403,0,-29302.6,34383.8,10.4,-0.090,171899370,LOCKED
3055,50.882,-131301879778153,-45022,15381,-29449.5,34523.9,11.2,-0.116,171973272,LOCKED
3056,51.883,-131301879794104,-29882,30521,-29480.4,34721.8,11.4,-0.132,172049030,LOCKED
3057,52.883,-131301879795647,-3136,57267,-29416.6,34306.3,11.4,-0.136,172136830,LOCKED
3058,53.883,-131301879867220,-43064,17339,-29454.4,34678.6,11.5,-0.147,172157128,LOCKED
3059,54.883,-131301879871776,-15382,45021,-29565.6,34123.0,11.7,-0.158,172244882,LOCKED
3060,55.884,-131301879871930,13003,73406,-29536.8,34165.5,11.8,-0.168,172338183,LOCKED
3061,56.884,-131301879882275,31882,92285,-29574.6,33665.6,11.8,-0.170,172417662,LOCKED
3062,57.883,-131301879908846,31938,92341,-29482.9,33830.9,11.8,-0.172,172378379,LOCKED
3063,58.884,-131301880003952,-30391,30012,-29594.2,33783.7,12.0,-0.179,172480420,LOCKED
3064,59.883,-131301880005141,-2660,57743,-29556.6,33626.7,11.6,-0.179,172571582,LOCKED
3065,60.884,-131301880027700,5553,65956,-29625.6,33077.7,11.1,-0.178,172645900,LOCKED
3066,61.885,-131301880025434,33881,94284,-29506.9,33078.0,11.1,-0.182,172738049,LOCKED
3067,62.884,-131301880064782,20723,81126,-29378.3,32420.1,10.8,-0.183,172681127,LOCKED
3068,63.885,-131301880133106,-16045,44358,-29458.6,32240.9,10.8,-0.186,172809754,LOCKED
3069,64.884,-131301880157515,-9989,50414,-29491.5,32247.5,10.7,-0.188,172876942,LOCKED
3070,65.884,-131301880162429,13906,74309,-29481.1,32284.5,10.7,-0.189,172964718,LOCKED
3071,66.885,-131301880183999,19862,80265,-29418.1,32323.3,10.7,-0.188,173034031,LOCKED
3072,67.889,-131301880206730,24205,84608,-29343.1,32392.4,10.7,-0.188,172997107,LOCKED
3073,68.884,-131301880327494,-62042,0,-29494.2,33309.7,10.6,-0.187,173071269,LOCKED
3074,69.885,-131301880337860,-41834,20208,-29477.6,33064.3,10.5,-0.186,173155335,LOCKED
3075,70.884,-131301880372978,-42539,19503,-29649.3,32710.4,10.5,-0.184,173210220,LOCKED
3076,71.885,-131301880388167,-24702,37340,-29774.2,32268.9,10.4,-0.181,173288047,LOCKED
3077,72.884,-131301880396313,-1793,60249,-29834.2,31968.0,10.4,-0.181,173373081,LOCKED
3078,73.884,-131301880379863,40620,102662,-29711.5,32194.5,10.3,-0.174,173485197,LOCKED
3079,74.884,-131301880421396,28905,90947,-29765.0,31414.3,10.5,-0.174,173425894,LOCKED
3080,75.887,-131301880533387,-50677,11365,-29810.6,31984.1,10.4,-0.168,173510667,LOCKED
3081,76.884,-131301880562565,-48199,13843,-29821.0,32138.3,10.3,-0.162,173573862,LOCKED
3082,77.885,-131301880569711,-22282,39760,-29943.2,31630.8,10.0,-0.153,173661127,LOCKED
3083,78.885,-131301880581226,-2638,59404,-29998.6,31387.4,10.2,-0.145,173740194,LOCKED
3084,79.886,-131301880595985,11969,74011,-29987.5,31420.3,10.2,-0.142,173817455,LOCKED
3085,80.886,-131301880615353,20791,82833,-29933.7,31518.5,10.0,-0.130,173890112,LOCKED
3086,81.886,-131301880633338,29270,91312,-29811.9,31294.8,9.7,-0.118,173964062,LOCKED
3087,82.884,-131301880643076,45289,107331,-29688.0,31706.9,9.8,-0.112,174046570,LOCKED
3088,83.884,-131301880729812,-9132,52910,-29801.9,30811.4,9.9,-0.113,174053876,LOCKED
3089,84.885,-131301880766588,-16491,45551,-29755.5,30336.9,10.2,-0.104,174110624,LOCKED
3090,85.885,-131301880775953,5189,67231,-29827.6,29686.9,10.1,-0.096,174192330,LOCKED
3091,86.885,-131301880788289,22540,84582,-29858.2,29345.3,10.1,-0.098,174270066,LOCKED
3092,87.885,-131301880784251,53756,115798,-29816.1,29969.2,10.1,-0.086,174367363,LOCKED
3093,88.885,-131301880916572,-44993,17049,-29925.8,30492.4,10.1,-0.072,174325682,LOCKED
3094,89.885,-131301880921946,-19091,42951,-29960.4,30602.3,10.2,-0.069,174414841,LOCKED
3095,90.886,-131301880945788,-12463,49579,-29964.7,30618.9,10.2,-0.073,174496445,LOCKED
3096,91.889,-131301880930330,29919,91961,-29865.0,30670.2,10.2,-0.076,174589689,LOCKED
3097,92.887,-131301880940067,45467,107509,-29715.5,30815.8,10.1,-0.064,174672273,LOCKED
3098,93.886,-131301881005399,9766,71808,-29727.7,30761.0,9.9,-0.051,174698070,LOCKED
3099,94.885,-131301881082352,-34225,27817,-29829.6,30939.8,9.9,-0.053,174770422,LOCKED
3100,95.886,-131301881033150,42270,104312,-29775.4,31430.1,10.0,-0.052,174857543,LOCKED
3101,96.886,-131301881144322,-36248,25794,-29856.5,31784.1,9.8,-0.033,174836871,LOCKED
3102,97.885,-131301881138682,-1112,60930,-29837.0,31740.7,9.6,0.005,174935400,LOCKED
3103,98.886,-131301881148445,16896,78938,-29763.5,31642.2,9.5,-0.021,175015522,LOCKED
3104,99.887,-131301881152204,38966,101008,-29635.0,31740.7,9.3,-0.041,175107155,LOCKED
3105,100.885,-131301881183746,33710,95752,-29526.4,31839.9,8.9,-0.047,175166858,LOCKED
3106,101.888,-131301881202680,39817,101859,-29372.2,31627.5,8.6,-0.041,175237774,LOCKED
3107,102.885,-131301881326875,-50026,12016,-29533.8,31839.9,8.6,-0.034,175207557,LOCKED
3108,103.888,-131301881284152,20772,82814,-29496.6,31964.5,8.6,-0.036,175343857,LOCKED
3109,104.888,-131301881299540,32564,94606,-29437.0,32268.4,8.1,-0.039,175420936,LOCKED
3110,105.886,-131301881321742,36758,98800,-29348.7,32599.9,8.0,-0.040,175378969,LOCKED
3111,106.886,-131301881428076,-39047,22995,-29341.7,32506.4,7.9,-0.041,175469939,LOCKED
3112,107.887,-131301881442422,-23901,38141,-29309.2,32156.7,8.0,-0.048,175548209,LOCKED
3113,108.886,-131301881451783,-3958,58084,-29302.4,32143.4,8.2,-0.055,175632541,LOCKED
3114,109.885,-131301881475941,2467,64509,-29369.5,31665.7,8.2,-0.060,175697610,LOCKED
3115,110.886,-131301881491694,16122,78164,-29398.3,31432.2,8.5,-0.072,175776915,LOCKED
3116,111.886,-131301881511259,24961,87003,-29390.9,31488.2,9.0,-0.083,175845745,LOCKED
3117,112.886,-131301881531229,31929,93971,-29323.5,31773.0,9.0,-0.086,175921569,LOCKED
3118,113.885,-131301881646933,-49772,12270,-29470.7,32151.2,9.4,-0.095,175891592,LOCKED
3119,114.885,-131301881668497,-38697,23345,-29562.0,32527.0,9.8,-0.103,175963432,LOCKED
3120,115.886,-131301881673655,-13821,48221,-29562.2,32527.9,9.9,-0.106,176050863,LOCKED
3121,116.886,-131301881689818,-1507,60535,-29506.3,32210.9,9.9,-0.107,176124320,LOCKED
3122,117.886,-131301881704796,10888,72930,-29419.5,31816.1,10.1,-0.110,176199663,LOCKED
3123,118.886,-131301881712317,31455,93497,-29406.5,31935.4,10.1,-0.109,176282955,LOCKED
3124,119.887,-131301881747893,23520,85562,-29358.9,32090.9,10.1,-0.109,176236651,LOCKED
3125,120.887,-131301881767462,30759,92801,-29284.7,32323.6,10.0,-0.108,176417045,LOCKED
3126,121.888,-131301881896388,-65903,0,-29321.4,32978.5,10.0,-0.109,176378590,LOCKED
3127,122.888,-131301881911145,-49192,16711,-29344.9,33296.3,10.4,-0.114,176456995,LOCKED
3128,123.887,-131301881903896,-11695,54208,-29369.8,33332.4,10.4,-0.115,176547376,LOCKED
3129,124.888,-131301881918702,2620,68523,-29362.0,33333.4,10.4,-0.116,176628698,LOCKED
3130,125.887,-131301881933412,15264,81167,-29288.7,33202.8,10.7,-0.119,176706746,LOCKED
3131,126.886,-131301881959136,16383,82286,-29195.7,32903.0,10.9,-0.117,176663099,LOCKED
3132,127.887,-131301881985366,16549,82452,-29085.6,32376.3,11.2,-0.119,176734316,LOCKED
3133,128.888,-131301882085844,-49890,16013,-29246.1,32590.9,11.9,-0.121,176827827,LOCKED
3134,129.886,-131301882123061,-53184,12719,-29387.4,33173.1,11.9,-0.121,176893201,LOCKED
3135,130.888,-131301882135205,-32372,33531,-29508.9,33084.7,12.1,-0.121,176961030,LOCKED
3136,131.890,-131301882166389,-30954,34949,-29609.4,33157.9,12.3,-0.121,177037106,LOCKED
3137,132.889,-131301882176922,-10844,55059,-29642.2,33173.6,12.1,-0.106,177104371,LOCKED
3138,133.887,-131301882158657,33409,99312,-29518.2,33096.5,11.8,-0.089,177214505,LOCKED
3139,134.888,-131301882282643,-58059,7844,-29568.9,33792.3,12.0,-0.085,177182557,LOCKED
3140,135.888,-131301882284220,-26333,39570,-29708.7,33199.1,12.5,-0.080,177272333,LOCKED
3141,136.889,-131301882284965,4376,70279,-29801.8,32273.7,12.6,-0.074,177366779,LOCKED
3142,137.889,-131301882289332,29162,95065,-29818.5,32088.7,12.6,-0.057,177452628,LOCKED
3143,138.888,-131301882311658,35005,100908,-29795.7,32300.8,12.7,-0.059,177520551,LOCKED
3144,139.889,-131301882328596,44992,110895,-29729.6,32858.7,12.6,-0.037,177598395,LOCKED
3145,140.888,-131301882373758,27498,93401,-29674.0,33065.3,13.0,-0.021,177538134,LOCKED
3146,141.890,-131301882477914,-44500,21403,-29722.0,33532.2,13.2,-0.045,177633801,LOCKED
3147,142.889,-131301882491052,-27326,38577,-29705.5,33365.9,13.4,-0.064,177710832,LOCKED
3148,143.889,-131301882483931,9506,75409,-29721.6,33294.1,13.4,-0.063,177811070,LOCKED
3149,144.889,-131301882502978,19760,85663,-29733.8,33204.3,13.4,-0.075,177883078,LOCKED
3150,145.888,-131301882516308,34062,99965,-29687.3,33509.4,13.1,-0.043,177961429,LOCKED
3151,146.890,-131301882550199,27566,93469,-29620.5,33687.5,12.8,-0.024,177913427,LOCKED
3152,147.890,-131301882666567,-56864,9039,-29639.7,33994.3,13.0,-0.029,177993858,LOCKED
3153,148.888,-131301882686316,-42065,23838,-29810.9,33633.6,12.9,-0.019,178066218,LOCKED
3154,149.888,-131301882694907,-18272,47631,-29907.0,33358.0,12.8,-0.005,178151650,LOCKED
3155,150.889,-131301882708033,-272,65631,-29966.5,33043.2,12.7,-0.018,178229265,LOCKED
3156,151.890,-131301882719835,16416,82319,-29921.3,33093.7,12.5,-0.016,178310233,LOCKED
3157,152.889,-131301882744538,19200,85103,-29833.5,32931.2,12.4,-0.025,178377903,LOCKED
3158,153.890,-131301882851052,-53682,12221,-29930.9,33727.4,12.2,-0.032,178377033,LOCKED
3159,154.889,-131301882876265,-44083,21820,-30097.4,33549.8,12.0,-0.038,178443933,LOCKED
3160,155.890,-131301882897435,-33646,32257,-30115.6,33711.6,12.2,-0.051,178512542,LOCKED
3161,156.889,-131301882918991,-21543,44360,-30253.9,32929.8,12.0,-0.054,178586204,LOCKED
3162,157.889,-131301882927554,1012,66915,-30298.1,32737.1,11.3,-0.057,178667729,LOCKED
3163,158.890,-131301882937308,20403,86306,-30275.4,32838.5,11.3,-0.058,178755943,LOCKED
3164,159.890,-131301882988254,-892,65011,-30243.2,32734.4,11.2,-0.060,178815509,LOCKED
3165,160.889,-131301883062772,-42872,23031,-30284.6,33145.0,11.1,-0.066,178871791,LOCKED
3166,161.889,-131301883021815,25511,91414,-30186.5,33068.4,10.4,-0.059,178957711,LOCKED
3167,162.889,-131301883087755,-7558,58345,-30306.0,32046.1,9.6,-0.052,179027116,LOCKED
3168,163.893,-131301883145222,-32728,33175,-30349.3,32334.6,9.2,-0.050,179011653,LOCKED
3169,164.891,-131301883175834,-31590,34313,-30365.5,32476.5,8.9,-0.043,179071438,LOCKED
3170,165.889,-131301883185393,-11114,54789,-30330.8,32239.0,8.5,-0.041,179153435,LOCKED
3171,166.890,-131301883215394,-8639,57264,-30421.9,31719.6,8.1,-0.038,179231807,LOCKED
3172,167.891,-131301883219399,17640,83543,-30444.5,31538.1,8.0,-0.037,179307881,LOCKED
3173,168.890,-131301883220317,44465,110368,-30385.8,32076.4,7.9,-0.035,179396628,LOCKED
3174,169.892,-131301883243659,48290,114193,-30308.0,32735.6,7.9,-0.030,179361097,LOCKED
3175,170.889,-131301883350458,-26770,39133,-30333.7,32895.9,7.9,-0.031,179450216,LOCKED
3176,171.893,-131301883358398,-4850,61053,-30302.4,32757.2,8.0,-0.029,179536869,LOCKED
3177,172.891,-131301883366541,15035,80938,-30215.5,32485.1,8.4,-0.021,179619833,LOCKED
3178,173.890,-131301883369054,41561,107464,-30227.0,32319.0,8.9,-0.017,179603718,LOCKED
3179,174.890,-131301883480627,-35822,30081,-30362.1,32198.9,8.9,-0.019,179690026,LOCKED
3180,175.891,-131301883476966,-1008,64895,-30399.4,32081.9,8.9,-0.014,179788481,LOCKED
3181,176.892,-131301883491721,13931,79834,-30387.9,32121.8,8.9,-0.009,179866771,LOCKED
3182,177.892,-131301883522479,12414,78317,-30352.2,32147.8,9.0,-0.009,179930212,LOCKED
3183,178.891,-131301883527005,34694,100597,-30235.6,32203.0,8.7,0.001,180013006,LOCKED
3184,179.892,-131301883553975,34494,100397,-30122.7,32287.6,8.6,0.005,180083107,LOCKED
3185,180.892,-131301883566127,47594,113497,-29962.5,32387.3,8.6,0.010,180171230,LOCKED
3186,181.891,-131301883692678,-44127,21776,-30128.3,32216.4,8.5,0.016,180130640,LOCKED
3187,182.890,-131301883704843,-23123,42780,-30239.3,31906.2,8.5,0.015,180211632,LOCKED
3188,183.897,-131301883699358,11992,77895,-30229.3,31936.3,8.5,0.021,180306378,LOCKED
3189,184.892,-131301883720938,18995,84898,-30180.0,32016.4,8.5,0.028,180377095,LOCKED
3190,185.894,-131301883747094,20659,86562,-30098.4,31946.0,8.5,0.028,180444322,LOCKED
3191,186.892,-131301883752630,41187,107090,-29968.7,32124.4,8.5,0.027,180532272,LOCKED
3192,187.892,-131301883782184,37553,103456,-29832.2,32063.0,8.7,0.029,180594090,LOCKED
3193,188.893,-131301883811573,36398,102301,-29814.3,32246.0,8.6,0.018,180552703,LOCKED
3194,189.890,-131301883831236,44660,110563,-29795.8,32482.3,8.6,0.031,180623642,LOCKED
3195,190.890,-131301883866608,37118,103021,-29761.0,32787.4,8.6,0.032,180681041,LOCKED
3196,191.892,-131301883908118,24338,90241,-29750.9,32857.1,8.6,0.033,180730627,LOCKED
3197,192.892,-131301884006720,-41626,24277,-29823.4,33339.7,8.8,0.037,180828339,LOCKED
3198,193.892,-131301883990870,2222,68125,-29737.4,32728.4,9.0,0.012,180937686,LOCKED
3199,194.893,-131301884017263,6673,72576,-29802.9,32189.7,9.1,-0.009,181000160,LOCKED
3200,195.891,-131301884040173,13306,79209,-29812.3,32140.6,9.1,-0.042,181074044,LOCKED
3201,196.892,-131301884045122,35367,101270,-29733.5,32471.4,9.4,-0.074,181159307,LOCKED
3202,197.891,-131301884082271,24905,90808,-29625.2,32260.6,9.4,-0.091,181108727,LOCKED
3203,198.891,-131301884187038,-48558,17345,-29626.8,32286.0,9.4,-0.109,181198167,LOCKED
3204,199.892,-131301884207576,-38966,26937,-29586.6,31618.3,9.3,-0.128,181270521,LOCKED
3205,200.891,-131301884218545,-20667,45236,-29536.5,31030.2,8.8,-0.173,181356332,LOCKED
3206,201.895,-131301884247759,-18265,47638,-29608.3,30976.4,8.8,-0.159,181431067,LOCKED
3207,202.892,-131301884313090,-50196,15707,-29711.1,31696.7,8.7,-0.159,181510165,LOCKED
3208,203.892,-131301884341412,-46500,19403,-29747.0,32126.0,8.7,-0.151,181505895,LOCKED
3209,204.893,-131301884365314,-39240,26663,-29751.2,32177.9,8.8,-0.155,181576103,LOCKED
3210,205.892,-131301884398127,-41366,24537,-29728.2,31816.7,8.6,-0.150,181649088,LOCKED
3211,206.892,-131301884390490,-5494,60409,-29645.6,31013.7,8.7,-0.144,181732439,LOCKED
3212,207.892,-131301884398868,15770,81673,-29671.8,30807.4,8.6,-0.138,181814117,LOCKED
3213,208.892,-131301884413401,29643,95546,-29658.9,30921.2,8.7,-0.134,181894099,LOCKED
3214,209.893,-131301884418967,50299,116202,-29573.8,31665.7,9.0,-0.123,181979798,LOCKED
3215,210.891,-131301884464738,31338,97241,-29490.1,31872.9,9.0,-0.120,181918052,LOCKED
3216,211.893,-131301884574887,-47324,18579,-29509.4,32137.9,9.1,-0.110,182005331,LOCKED
3217,212.894,-131301884585798,-28257,37646,-29485.3,31860.4,9.2,-0.108,182086394,LOCKED
3218,213.895,-131301884580120,7562,73465,-29530.2,31557.5,9.2,-0.106,182186951,LOCKED
3219,214.893,-131301884604305,13096,78999,-29561.3,31328.5,9.4,-0.099,182253987,LOCKED
3220,215.892,-131301884626287,20136,86039,-29568.4,31276.2,9.9,-0.089,182323939,LOCKED
3221,216.893,-131301884645634,28954,94857,-29547.6,31436.7,10.4,-0.079,182398151,LOCKED
3222,217.893,-131301884655412,45431,111334,-29461.4,32032.3,10.9,-0.070,182475711,LOCKED
3223,218.892,-131301884683350,43057,108960,-29341.5,32379.6,11.4,-0.062,182543255,LOCKED
3224,219.893,-131301884815703,-56289,9614,-29427.9,33256.0,11.8,-0.055,182500633,LOCKED
3225,220.893,-131301884758037,30122,96025,-29444.6,33072.2,11.7,-0.055,182543467,LOCKED
3226,221.895,-131301884873225,-52976,12927,-29486.4,33613.8,11.6,-0.053,182623970,LOCKED
3227,222.892,-131301884889801,-37220,28683,-29564.3,33977.6,11.7,-0.048,182701209,LOCKED
3228,223.893,-131301884850271,31033,96936,-29574.6,33868.6,11.7,-0.050,182832623,LOCKED
3229,224.893,-131301884869067,40407,106310,-29572.9,33889.8,11.6,-0.048,182904419,LOCKED
3230,225.894,-131301884992233,-49037,16866,-29695.2,34423.0,11.7,-0.047,182873194,LOCKED
3231,226.894,-131301885001620,-26053,39850,-29783.4,34447.7,11.7,-0.048,182957341,LOCKED
3232,227.892,-131301885016509,-10398,55505,-29803.4,34476.4,11.8,-0.052,183033624,LOCKED
3233,228.895,-131301885035298,-337,65566,-29756.0,34275.2,11.8,-0.054,183100073,LOCKED
3234,229.894,-131301885041657,20370,86273,-29657.7,34043.2,11.7,-0.051,183191304,LOCKED
3235,230.892,-131301885048627,41532,107435,-29651.9,34114.4,11.9,-0.054,183278006,LOCKED
3236,231.895,-131301885172352,-48534,17369,-29768.0,34662.0,11.8,-0.050,183244792,LOCKED
3237,232.893,-131301885196171,-39848,26055,-29836.2,35081.5,11.5,-0.040,183315395,LOCKED
3238,233.893,-131301885149046,33802,99705,-29729.7,35191.0,11.3,-0.030,183452767,LOCKED
3239,234.893,-131301885168042,43367,109270,-29744.6,34979.3,11.3,-0.031,183527615,LOCKED
3240,235.893,-131301885294209,-48922,16981,-29866.3,35495.7,11.2,-0.025,183489435,LOCKED
3241,236.894,-131301885306379,-28911,36992,-29931.9,35693.3,11.2,-0.019,183574375,LOCKED
3242,237.894,-131301885318706,-10204,55699,-29969.1,35689.0,11.1,-0.011,183654003,LOCKED
3243,238.895,-131301885328851,8550,74453,-29930.7,35662.0,11.0,-0.003,183733583,LOCKED
3244,239.893,-131301885373257,-6124,59779,-29910.8,35592.3,11.0,-0.003,183799798,LOCKED
3245,240.894,-131301885426195,-28464,37439,-29897.1,35461.2,11.0,0.008,183868910,LOCKED
3246,241.894,-131301885472792,-40265,17794,-30070.9,34978.2,11.0,0.009,183965955,LOCKED
3247,242.894,-131301885490151,-24211,33848,-30194.9,34560.3,11.0,0.010,183945455,LOCKED
3248,243.894,-131301885432467,60025,118084,-30115.8,35450.7,10.9,-0.003,184094959,LOCKED
3249,244.893,-131301885561136,-35847,22212,-30187.9,35776.1,10.9,-0.008,184056481,LOCKED
3250,245.893,-131301885584748,-27272,30787,-30240.8,35965.2,10.9,-0.007,184127268,LOCKED
3251,246.895,-131301885620332,-31182,26877,-30259.3,36104.9,11.0,-0.021,184207519,LOCKED
3252,247.894,-131301885606501,11346,69405,-30201.4,36017.8,10.9,-0.048,184287823,LOCKED
3253,248.894,-131301885604847,39579,97638,-30089.2,36265.6,10.9,-0.046,184383106,LOCKED
3254,249.893,-131301885624990,45041,103100,-29943.7,36415.4,10.7,-0.061,184349246,LOCKED
3255,250.893,-131301885731880,-31056,27003,-29933.7,36317.6,10.7,-0.075,184441701,LOCKED
3256,251.896,-131301885730680,-814,57245,-29888.5,36137.4,10.7,-0.091,184536651,LOCKED
3257,252.893,-131301885729414,29710,87769,-29907.0,35948.3,10.6,-0.143,184634985,LOCKED
3258,253.893,-131301885786725,2031,60090,-29896.9,35945.8,10.6,-0.131,184668670,LOCKED
3259,254.893,-131301885803739,13692,71751,-29859.6,35979.1,10.6,-0.122,184739161,LOCKED
3260,255.894,-131301885809097,35192,93251,-29770.7,36233.7,10.5,-0.114,184826665,LOCKED
3261,256.893,-131301885818667,50367,108426,-29607.5,36414.9,10.1,-0.115,184911081,LOCKED
3262,257.892,-131301885937444,-37610,20449,-29603.4,36369.5,10.3,-0.128,184881933,LOCKED
3263,258.894,-131301885929225,1325,59384,-29660.4,36079.0,10.2,-0.122,184983976,LOCKED
3264,259.893,-131301885922333,36314,94373,-29644.0,36229.6,10.1,-0.126,185082615,LOCKED
3265,260.893,-131301885946542,39331,97390,-29590.7,36601.2,10.0,-0.122,185045303,LOCKED
3266,261.893,-131301886067217,-48130,9929,-29688.6,37165.4,10.1,-0.126,185119174,LOCKED
3267,262.894,-131301886073978,-22043,36016,-29807.3,36767.2,10.0,-0.130,185206910,LOCKED
3268,263.894,-131301886071153,11504,69563,-29871.5,36215.9,10.0,-0.127,185302888,LOCKED
3269,264.895,-131301886080079,31842,89901,-29894.6,35956.0,9.9,-0.126,185387240,LOCKED
3270,265.894,-131301886104820,36256,94315,-29918.7,35651.0,9.9,-0.129,185451569,LOCKED
3271,266.894,-131301886112761,54934,112993,-29848.0,36369.0,10.2,-0.137,185533913,LOCKED
3272,267.894,-131301886242554,-42343,15716,-29908.6,36805.5,10.3,-0.135,185497626,LOCKED
3273,268.893,-131301886246738,-16278,41781,-29898.2,36748.3,10.3,-0.138,185586186,LOCKED
3274,269.895,-131301886255271,3173,61232,-29809.4,36180.4,10.5,-0.143,185670385,LOCKED
3275,270.894,-131301886266640,19043,77102,-29714.7,35960.8,10.5,-0.145,185749643,LOCKED
3276,271.895,-131301886287187,27788,85847,-29740.3,35697.5,10.5,-0.145,185822195,LOCKED
3277,272.895,-131301886305709,37320,95379,-29719.5,35888.8,10.5,-0.147,185895248,LOCKED
3278,273.896,-131301886420668,-45119,12940,-29782.1,36385.4,10.5,-0.149,185872198,LOCKED
3279,274.894,-131301886439397,-32321,25738,-29814.0,36599.1,10.7,-0.150,185941308,LOCKED
3280,275.894,-131301886469798,-31493,26566,-29831.1,36729.4,10.3,-0.145,186003521,LOCKED
3281,276.895,-131301886479349,-11572,46487,-29794.1,36494.8,9.8,-0.138,186086780,LOCKED
3282,277.894,-131301886505691,-9409,48650,-29715.0,35759.0,9.2,-0.131,186154621,LOCKED
3283,278.894,-131301886505444,17225,75284,-29580.1,34905.0,8.9,-0.125,186244396,LOCKED
3284,279.894,-131301886533585,18726,76785,-29614.3,34609.7,8.2,-0.116,186309454,LOCKED
3285,280.894,-131301886558696,20151,78210,-29496.5,34125.3,8.0,-0.111,186376339,LOCKED
3286,281.894,-131301886587917,20254,78313,-29521.8,33910.6,8.0,-0.110,186439122,LOCKED
3287,282.895,-131301886596451,39341,97400,-29493.9,34181.3,8.1,-0.104,186522347,LOCKED
3288,283.894,-131301886699209,-33230,24829,-29472.6,33922.6,8.1,-0.103,186514495,LOCKED
3289,284.895,-131301886716375,-21497,36562,-29408.6,33123.6,8.1,-0.101,186588355,LOCKED
3290,285.895,-131301886729553,-3842,54217,-29472.2,32833.1,8.1,-0.093,186664383,LOCKED
3291,286.896,-131301886748114,7101,65160,-29485.6,32786.0,8.1,-0.090,186738320,LOCKED
3292,287.894,-131301886783268,1371,59430,-29484.9,32786.3,8.0,-0.095,186808109,LOCKED
3293,288.895,-131301886821406,-7133,50926,-29480.3,32774.0,8.8,-0.090,186877808,LOCKED
3294,289.895,-131301886891198,-45468,12591,-29501.7,33042.9,9.0,-0.085,186960464,LOCKED
3295,290.895,-131301886827553,42694,100753,-29327.8,32658.5,9.1,-0.089,186921756,LOCKED
3296,291.895,-131301886935271,-32293,25766,-29441.3,32655.8,9.3,-0.082,187015884,LOCKED
3297,292.896,-131301886942821,-8718,49341,-29509.6,32418.4,9.9,-0.072,187095251,LOCKED
3298,293.896,-131301886930703,29303,87362,-29381.1,32110.7,10.4,-0.071,187093056,LOCKED
3299,294.895,-131301887045928,-54813,3246,-29374.6,31991.1,10.9,-0.056,187175156,LOCKED
3300,295.895,-131301887054045,-30167,27892,-29491.0,31875.5,11.3,-0.038,187259652,LOCKED
3301,296.895,-131301887057207,-2840,55219,-29535.4,31731.5,11.2,-0.044,187349809,LOCKED
3302,297.896,-131301887067553,15517,73576,-29520.3,31787.5,11.4,-0.060,187431626,LOCKED
3303,298.899,-131301887072531,37037,95096,-29433.4,32138.0,11.3,-0.055,187516599,LOCKED
3304,299.898,-131301887109633,27467,85526,-29385.7,32353.7,11.5,-0.065,187466729,LOCKED
3305,300.895,-131301887135186,30026,88085,-29373.1,32461.7,11.7,-0.088,187533662,LOCKED
3306,301.898,-131301887242372,-43326,14733,-29520.2,32526.7,11.8,-0.094,187621381,LOCKED
3307,302.897,-131301887260694,-28945,29114,-29628.5,32459.2,11.8,-0.098,187697378,LOCKED
3308,303.897,-131301887233605,24260,82319,-29496.2,31876.5,11.9,-0.100,187813885,LOCKED
3309,304.895,-131301887259618,27390,85449,-29524.5,31543.3,12.3,-0.130,187878957,LOCKED
3310,305.895,-131301887374779,-53136,4923,-29687.3,31906.1,12.3,-0.158,187855927,LOCKED
3311,306.895,-131301887400313,-44123,13936,-29852.7,31738.9,12.3,-0.168,187924888,LOCKED
3312,307.897,-131301887401708,-14259,43800,-29898.1,31758.7,12.3,-0.177,188014115,LOCKED
3313,308.900,-131301887425617,-8353,49706,-29880.1,31678.3,12.1,-0.185,188084174,LOCKED
3314,309.898,-131301887442563,3305,61364,-29822.9,31429.8,11.8,-0.184,188156131,LOCKED
3315,310.898,-131301887503797,-24760,33299,-29946.1,30997.7,11.7,-0.189,188194026,LOCKED
3316,311.896,-131301887525405,-14738,43321,-30004.4,30960.9,11.7,-0.194,188260343,LOCKED
3317,312.898,-131301887545531,-4910,53149,-29993.7,30932.1,11.7,-0.198,188333638,LOCKED
3318,313.897,-131301887529270,39180,97239,-29952.6,31313.5,11.4,-0.194,188440324,LOCKED
3319,314.897,-131301887553244,42305,100364,-29882.8,31834.4,11.1,-0.190,188513697,LOCKED
3320,315.896,-131301887569418,51592,109651,-29751.3,32441.4,10.7,-0.187,188586785,LOCKED
3321,316.897,-131301887615727,31189,89248,-29614.2,32087.7,10.7,-0.183,188527433,LOCKED
3322,317.898,-131301887640517,34931,92990,-29619.2,32028.4,10.7,-0.186,188593649,LOCKED
3323,318.899,-131301887761282,-52516,5543,-29713.6,32812.3,10.3,-0.182,188669892,LOCKED
3324,319.898,-131301887777192,-37306,20753,-29720.5,32891.0,10.3,-0.179,188745569,LOCKED
3325,320.897,-131301887794170,-24294,33765,-29693.3,32610.5,10.2,-0.169,188824350,LOCKED
3326,321.896,-131301887802705,-1291,56768,-29781.9,31917.9,10.3,-0.162,188909295,LOCKED
3327,322.896,-131301887844283,-11246,46813,-29853.7,31699.0,10.3,-0.163,188975777,LOCKED
3328,323.897,-131301887908332,-42504,15555,-29927.3,32220.1,9.9,-0.157,188983699,LOCKED
3329,324.897,-131301887923350,-26468,31591,-29938.5,32305.6,9.5,-0.151,189061958,LOCKED
3330,325.897,-131301887936312,-9731,48328,-29910.6,32143.8,9.4,-0.147,189142160,LOCKED
3331,326.898,-131301887974286,-18274,39785,-29856.5,31542.5,9.4,-0.147,189205739,LOCKED
3332,327.898,-131301887987311,254,58313,-29940.4,30859.5,9.0,-0.140,189274631,LOCKED
3333,328.897,-131301887983069,33052,91111,-29927.4,30989.1,9.0,-0.138,189371639,LOCKED
3334,329.898,-131301887998658,44471,102530,-29857.9,31565.1,9.0,-0.138,189447825,LOCKED
3335,330.898,-131301888028993,40637,98696,-29760.6,31980.2,8.9,-0.134,189402787,LOCKED
3336,331.903,-131301888128734,-28320,29739,-29763.7,32007.9,8.8,-0.130,189500170,LOCKED
3337,332.897,-131301888143324,-13580,44479,-29719.7,31628.5,8.8,-0.127,189577211,LOCKED
3338,333.899,-131301888132650,26550,84609,-29751.0,31257.4,8.7,-0.123,189680814,LOCKED
3339,334.898,-131301888156407,31611,89670,-29757.8,31180.2,8.8,-0.124,189748273,LOCKED
3340,335.897,-131301888185378,31541,89600,-29768.3,31058.5,8.7,-0.119,189816047,LOCKED
3341,336.899,-131301888198134,46021,104080,-29720.5,31578.4,8.7,-0.114,189895799,LOCKED
3342,337.897,-131301888245840,26714,84773,-29700.0,31720.4,8.5,-0.107,189831598,LOCKED
3343,338.898,-131301888352007,-47012,11047,-29756.5,32293.9,8.6,-0.108,189920283,LOCKED
3344,339.898,-131301888374525,-37713,20346,-29794.9,32627.1,8.8,-0.100,189993795,LOCKED
3345,340.897,-131301888424316,-54630,3429,-29855.3,33347.1,8.7,-0.091,190037183,LOCKED
3346,341.899,-131301888350861,44838,102897,-29741.0,33786.0,8.6,-0.081,190096639,LOCKED
3347,342.898,-131301888471827,-44855,13204,-29741.6,33794.0,9.0,-0.078,190170723,LOCKED
3348,343.900,-131301888450942,6296,64355,-29777.9,33605.5,9.1,-0.063,190286194,LOCKED
3349,344.898,-131301888468899,17473,75532,-29775.4,33618.8,8.9,-0.048,190358330,LOCKED
3350,345.897,-131301888491458,23082,81141,-29734.8,33764.6,9.2,-0.040,190426340,LOCKED
3351,346.899,-131301888499034,41896,99955,-29640.2,34201.3,9.1,-0.017,190513491,LOCKED
3352,347.897,-131301888520748,46286,104345,-29543.4,34753.1,9.0,-0.019,190583619,LOCKED
3353,348.898,-131301888654902,-54618,3441,-29634.7,35534.0,9.0,-0.027,190540162,LOCKED
3354,349.898,-131301888673085,-39047,19012,-29772.1,35527.6,9.1,-0.037,190614180,LOCKED
3355,350.898,-131301888685009,-21485,36574,-29722.3,34996.5,9.0,-0.030,190693342,LOCKED
3356,351.898,-131301888707560,-12538,45521,-29788.7,34868.2,9.0,-0.023,190766251,LOCKED
3357,352.898,-131301888724134,811,58870,-29796.6,34860.9,9.0,-0.030,190839116,LOCKED
3358,353.898,-131301888717866,33269,91328,-29674.8,34806.2,8.9,-0.038,190935594,LOCKED
3359,354.898,-131301888737262,42236,100295,-29680.7,34727.8,9.0,-0.034,191008374,LOCKED
3360,355.898,-131301888759789,47035,105094,-29643.3,35137.3,9.0,-0.045,191078758,LOCKED
3361,356.898,-131301888887938,-48146,9913,-29726.5,35740.3,9.0,-0.045,191041647,LOCKED
3362,357.898,-131301888904920,-33712,24347,-29753.4,35945.8,9.1,-0.033,191115246,LOCKED
3363,358.898,-131301888917239,-16660,41399,-29706.8,35535.3,9.1,-0.026,191197283,LOCKED
3364,359.899,-131301888948660,-18454,39605,-29672.1,35242.9,9.1,-0.027,191262633,LOCKED
3365,360.899,-131301888964241,-5558,52501,-29604.1,34732.4,9.1,-0.028,191337512,LOCKED
3366,361.900,-131301888958187,29153,83966,-29606.1,34713.8,9.1,-0.029,191433966,LOCKED
3367,362.899,-131301888983761,31698,86511,-29585.8,34872.9,9.1,-0.030,191392072,LOCKED
3368,363.898,-131301889047484,-3490,51323,-29528.3,34526.1,9.2,-0.024,191525144,LOCKED
3369,364.899,-131301889060110,11133,65946,-29434.8,34080.6,9.0,-0.018,191606860,LOCKED
3370,365.899,-131301889064444,35217,90030,-29443.5,33979.1,8.9,-0.014,191694760,LOCKED
3371,366.898,-131301889085605,41931,96744,-29436.3,34068.0,9.2,-0.004,191658480,LOCKED
3372,367.899,-131301889190768,-31234,23579,-29510.2,34299.1,9.2,-0.001,191752736,LOCKED
3373,368.899,-131301889192941,-3404,51409,-29528.7,34288.3,9.5,0.008,191840164,LOCKED
3374,369.899,-131301889218484,384,55197,-29519.7,34282.2,9.8,0.016,191903964,LOCKED
3375,370.899,-131301889240634,8136,62949,-29552.0,34109.4,10.1,0.023,191977728,LOCKED
3376,371.898,-131301889276154,2701,57514,-29582.7,34000.9,10.3,0.028,192031274,LOCKED
3377,372.899,-131301889287516,19963,74776,-29568.8,34069.5,10.3,0.029,192112651,LOCKED
3378,373.899,-131301889397087,-57257,0,-29610.2,34645.4,10.5,0.036,192094061,LOCKED
3379,374.899,-131301889403657,-33311,23946,-29599.2,34523.6,10.7,0.042,192182406,LOCKED
3380,375.899,-131301889431030,-30883,26374,-29557.7,33978.6,10.6,0.044,192246043,LOCKED
3381,376.908,-131301889437551,-8686,48571,-29501.9,33550.9,10.8,0.050,192329469,LOCKED
3382,377.899,-131301889454346,2168,59425,-29414.4,32920.0,11.0,0.052,192405138,LOCKED
3383,378.899,-131301889465484,20455,77712,-29449.0,32582.5,11.1,0.058,192484213,LOCKED
3384,379.900,-131301889501801,13662,70919,-29475.5,32401.0,11.3,0.062,192538566,LOCKED
3385,380.900,-131301889502551,40223,97480,-29436.1,32769.5,11.0,0.069,192633854,LOCKED
3386,381.899,-131301889544516,25782,83039,-29385.0,32952.9,11.0,0.078,192572346,LOCKED
3387,382.900,-131301889639891,-37337,19920,-29464.0,33324.3,11.0,0.077,192672923,LOCKED
3388,383.899,-131301889616634,15856,73113,-29513.6,32851.1,10.9,0.080,192789889,LOCKED
3389,384.902,-131301889663014,127,57384,-29569.8,32559.4,10.9,0.083,192835416,LOCKED
3390,385.899,-131301889691548,1680,58937,-29598.0,32470.5,10.9,0.087,192899391,LOCKED
3391,386.901,-131301889697698,24406,81663,-29603.2,32427.3,11.0,0.091,192983626,LOCKED
3392,387.899,-131301889711665,37831,95088,-29557.5,32792.7,11.2,0.096,193060440,LOCKED
3393,388.899,-131301889830231,-48601,8656,-29603.2,33309.9,11.3,0.094,193034834,LOCKED
3394,389.900,-131301889839385,-27534,29723,-29587.7,33153.0,11.3,0.098,193122351,LOCKED
3395,390.900,-131301889843506,-3172,54085,-29528.1,32769.1,11.3,0.103,193206429,LOCKED
3396,391.901,-131301889859892,10340,67597,-29563.5,32535.6,11.2,0.109,193279982,LOCKED
3397,392.900,-131301889861842,36064,93321,-29530.7,32817.8,11.2,0.106,193372856,LOCKED
3398,393.899,-131301889964922,-35813,21444,-29553.3,33029.5,11.2,0.103,193362727,LOCKED
3399,394.900,-131301889960295,-2495,54762,-29506.7,32794.7,11.2,0.109,193456199,LOCKED
3400,395.900,-131301889969089,15982,73239,-29423.4,32586.3,11.2,0.105,193539744,LOCKED
3401,396.900,-131301889979058,31433,88690,-29278.9,32127.9,11.2,0.104,193623998,LOCKED
3402,397.900,-131301890009979,26614,83871,-29167.0,31933.6,11.4,0.119,193682744,LOCKED
3403,398.901,-131301890051180,14841,72098,-29204.6,31615.8,11.4,0.133,193636501,LOCKED
3404,399.901,-131301890142531,-43177,14080,-29335.7,31867.7,11.5,0.086,193733125,LOCKED
3405,400.901,-131301890191237,-56621,636,-29532.7,31895.5,11.5,0.076,193792644,LOCKED
3406,401.900,-131301890205586,-40121,17136,-29530.6,31867.1,11.5,0.083,193856673,LOCKED
3407,402.901,-131301890217341,-19270,37987,-29649.7,31284.0,11.3,0.059,193932003,LOCKED
3408,403.900,-131301890231104,-3090,54167,-29659.0,31285.3,11.2,0.018,194033758,LOCKED
3409,404.900,-131301890218448,36367,93624,-29579.0,31647.9,11.1,0.006,194119286,LOCKED
3410,405.902,-131301890252783,28949,86206,-29496.4,31795.3,10.7,-0.027,194066363,LOCKED
3411,406.902,-131301890355113,-42445,14812,-29496.4,31796.0,10.1,-0.067,194159091,LOCKED
3412,407.901,-131301890384194,-41018,16239,-29477.8,31509.6,9.7,-0.055,194230699,LOCKED
3413,408.903,-131301890419084,-41713,15544,-29640.2,31259.1,9.6,-0.049,194309380,LOCKED
3414,409.901,-131301890397230,10628,67885,-29699.6,30703.8,9.3,-0.030,194394457,LOCKED
3415,410.903,-131301890390777,44719,101976,-29672.8,31042.4,9.1,-0.027,194497677,LOCKED
3416,411.902,-131301890491738,-24083,33174,-29754.9,31060.8,9.0,-0.024,194486031,LOCKED
3417,412.901,-131301890482092,14723,71980,-29750.2,31082.3,8.8,-0.023,194586690,LOCKED
3418,413.901,-131301890562256,-34160,23097,-29768.5,31261.4,8.7,-0.021,194601323,LOCKED
3419,414.901,-131301890594401,-35310,21947,-29770.0,31278.3,8.7,-0.021,194660663,LOCKED
3420,415.902,-131301890589978,-2474,54783,-29699.1,30733.5,8.5,-0.021,194755644,LOCKED
3421,416.902,-131301890580712,35874,93131,-29728.6,30283.7,8.5,-0.028,194856236,LOCKED
3422,417.902,-131301890594073,50255,107512,-29714.7,30506.5,8.5,-0.028,194937875,LOCKED
3423,418.902,-131301890724632,-46430,10827,-29841.8,30949.3,8.6,-0.035,194898433,LOCKED
3424,419.903,-131301890733405,-22675,34582,-29936.1,30813.6,8.6,-0.041,194982716,LOCKED
3425,420.903,-131301890766119,-23139,34118,-30011.3,30857.2,8.9,-0.053,195045117,LOCKED
3426,421.904,-131301890755512,15871,73128,-29958.7,30872.8,8.9,-0.059,195146130,LOCKED
3427,422.901,-131301890768863,29698,86955,-29871.5,31015.8,8.8,-0.065,195224229,LOCKED
3428,423.902,-131301890843959,-14139,43118,-29916.1,31036.9,8.9,-0.069,195237986,LOCKED
3429,424.902,-131301890886152,-24853,32404,-29951.6,31213.5,9.0,-0.073,195288928,LOCKED
3430,425.904,-131301890904718,-13582,43675,-29923.3,31006.5,9.1,-0.077,195366890,LOCKED
3431,426.904,-131301890922660,-2832,54425,-29858.0,30528.0,9.1,-0.078,195439494,LOCKED
3432,427.906,-131301890932857,16820,74077,-29885.6,30292.3,9.2,-0.081,195519567,LOCKED
3433,428.903,-131301890939007,38135,95392,-29830.2,30719.1,9.1,-0.077,195604969,LOCKED
3434,429.902,-131301890972790,32004,89261,-29776.4,31024.5,9.0,-0.074,195556854,LOCKED
3435,430.903,-131301891006433,26062,83319,-29717.8,31209.7,9.0,-0.073,195615332,LOCKED
3436,431.904,-131301891018841,40452,97709,-29641.6,31686.8,8.9,-0.071,195695795,LOCKED
3437,432.902,-131301891144986,-53171,4086,-29694.6,32349.6,9.3,-0.075,195768475,LOCKED
3438,433.902,-131301891106729,15728,72985,-29767.4,31474.0,9.3,-0.072,195897061,LOCKED
3439,434.903,-131301891135323,17052,74309,-29803.2,31146.0,9.5,-0.071,195960758,LOCKED
3440,435.904,-131301891133700,46560,103817,-29786.6,31380.6,9.9,-0.073,196054585,LOCKED
3441,436.903,-131301891158466,48717,105974,-29726.9,32008.2,10.0,-0.069,196123033,LOCKED
3442,437.903,-131301891284572,-44528,12729,-29806.8,32574.0,10.7,-0.066,196090040,LOCKED
3443,438.903,-131301891303125,-31643,25614,-29834.3,32784.7,10.8,-0.060,196163110,LOCKED
3444,439.905,-131301891304883,-3650,53607,-29824.1,32763.3,10.9,-0.053,196250598,LOCKED
3445,440.903,-131301891321845,7311,64568,-29742.8,32346.3,11.1,-0.051,196328265,LOCKED
3446,441.904,-131301891325387,30339,87596,-29637.4,32355.3,11.1,-0.041,196417688,LOCKED
3447,442.903,-131301891340365,43165,100422,-29619.1,32579.5,11.3,-0.037,196491546,LOCKED
3448,443.904,-131301891426305,-12946,44311,-29607.9,32520.7,11.5,-0.032,196499678,LOCKED
3449,444.904,-131301891465102,-20812,36445,-29638.3,32639.9,11.5,-0.027,196554845,LOCKED
3450,445.903,-131301891470637,2941,60198,-29625.9,32637.6,11.6,-0.020,196641858,LOCKED
3451,446.903,-131301891493409,8226,65483,-29562.5,32435.4,11.5,-0.001,196708518,LOCKED
3452,447.904,-131301891498347,29189,86446,-29431.1,32079.8,11.3,0.021,196793960,LOCKED
3453,448.903,-131301891535749,21142,78399,-29462.6,31766.8,11.0,0.047,196864456,LOCKED
3454,449.903,-131301891598707,-10857,46400,-29518.1,31675.4,11.0,0.065,196811373,LOCKED
3455,450.903,-131301891666561,-46087,11170,-29594.0,32285.6,11.1,0.051,196904901,LOCKED
3456,451.907,-131301891686807,-34834,22423,-29629.6,32570.5,11.0,0.059,196972635,LOCKED
3457,452.904,-131301891691526,-10678,46579,-29574.7,32100.4,10.8,0.068,197061149,LOCKED
3458,453.903,-131301891670026,38736,95993,-29557.6,32289.6,10.6,0.079,197067046,LOCKED
3459,454.903,-131301891784011,-42873,14384,-29624.8,32804.3,10.4,0.093,197152148,LOCKED
3460,455.905,-131301891777989,-7562,49695,-29595.6,32655.6,10.3,0.096,197251674,LOCKED
3461,456.904,-131301891764550,31658,88915,-29460.8,32359.7,10.3,0.099,197355164,LOCKED
3462,457.904,-131301891805105,17625,74882,-29345.7,31785.5,10.3,0.087,197301951,LOCKED
3463,458.904,-131301891904223,-50095,7162,-29363.1,32044.6,10.3,0.107,197397882,LOCKED
3464,459.905,-131301891919173,-32667,24590,-29456.9,32226.3,10.3,0.101,197476930,LOCKED
3465,460.903,-131301891950310,-30691,26566,-29585.5,31973.5,10.3,0.094,197535528,LOCKED
3466,461.906,-131301891983127,-30666,26591,-29694.6,31958.3,9.9,0.096,197599025,LOCKED
3467,462.905,-131301891990870,-7586,49671,-29737.4,31892.9,9.8,0.100,197678947,LOCKED
3468,463.906,-131301891965149,44837,102094,-29662.9,32467.3,10.0,0.088,197794443,LOCKED
3469,464.905,-131301891990568,44508,101765,-29512.2,32542.4,9.9,0.084,197864160,LOCKED
3470,465.905,-131301892020510,39843,97100,-29370.3,32514.2,9.8,0.081,197922552,LOCKED
3471,466.905,-131301892050668,37436,94693,-29353.1,32694.9,9.6,0.079,197880504,LOCKED
3472,467.905,-131301892180002,-57547,0,-29502.9,33401.4,9.5,0.078,197947553,LOCKED
3473,468.905,-131301892193968,-38035,19512,-29635.0,33416.6,9.3,0.077,198027874,LOCKED
3474,469.906,-131301892216118,-28905,28642,-29667.8,33617.6,8.7,0.078,198093540,LOCKED
3475,470.905,-131301892232064,-15730,41817,-29614.6,33100.2,8.6,0.073,198172724,LOCKED
3476,471.904,-131301892251628,-4555,52992,-29662.4,32962.5,8.6,0.079,198243020,LOCKED
3477,472.904,-131301892267212,8407,65954,-29621.5,32920.1,8.5,0.086,198318961,LOCKED
3478,473.906,-131301892260100,43349,100896,-29605.6,33116.3,8.4,0.092,198416733,LOCKED
3479,474.904,-131301892307700,24962,82509,-29627.9,32893.7,8.7,0.103,198356893,LOCKED
3480,475.906,-131301892328807,31484,89031,-29582.1,33162.4,8.5,0.109,198427682,LOCKED
3481,476.906,-131301892348768,37291,94838,-29456.7,33223.1,8.7,0.106,198499735,LOCKED
3482,477.905,-131301892469172,-51968,5579,-29453.1,33162.1,8.6,0.113,198577226,LOCKED
3483,478.906,-131301892483095,-32563,24984,-29589.4,32888.8,8.7,0.117,198654806,LOCKED
3484,479.906,-131301892518249,-34694,22853,-29700.4,32996.0,8.7,0.118,198711856,LOCKED
3485,480.906,-131301892541006,-24783,32764,-29805.0,32827.1,8.6,0.116,198781783,LOCKED
3486,481.907,-131301892554751,-8230,49317,-29815.6,32844.7,8.7,0.119,198856008,LOCKED
3487,482.906,-131301892603538,-26050,31497,-29828.7,32938.6,8.7,0.121,198919133,LOCKED
3488,483.904,-131301892629853,-20192,37355,-29910.4,32858.0,8.7,0.122,199027191,LOCKED
3489,484.906,-131301892600990,37446,94993,-29917.0,32775.0,8.8,0.126,198983000,LOCKED
3490,485.906,-131301892663424,5654,63201,-29962.1,32505.8,8.9,0.130,199046569,LOCKED
3491,486.906,-131301892745710,-42923,14624,-30074.8,32896.8,9.0,0.134,199128494,LOCKED
3492,487.906,-131301892774119,-38425,19122,-30150.0,33302.5,9.0,0.136,199192911,LOCKED
3493,488.906,-131301892801864,-34273,23274,-30178.8,33538.8,8.8,0.145,199261900,LOCKED
3494,489.907,-131301892798627,-1276,56271,-30156.1,33483.3,8.6,0.155,199355930,LOCKED
3495,490.907,-131301892817333,9122,66669,-30119.5,33468.5,8.7,0.159,199430803,LOCKED
3496,491.905,-131301892831506,22419,79966,-30026.6,33349.4,8.8,0.164,199505910,LOCKED
3497,492.905,-131301892837659,45370,102917,-30056.9,32830.0,8.9,0.161,199592583,LOCKED
3498,493.906,-131301892928007,-14049,43498,-30076.4,32882.9,9.0,0.166,199593521,LOCKED
3499,494.905,-131301892946222,-2183,55364,-30073.0,32879.5,9.0,0.163,199670369,LOCKED
3500,495.906,-131301892955781,15938,73485,-29981.8,32585.2,9.0,0.160,199752261,LOCKED
3501,496.906,-131301892963526,34215,91762,-29844.1,32359.8,8.9,0.157,199836553,LOCKED
3502,497.906,-131301892981064,45084,102631,-29848.6,32292.4,8.7,0.143,199912245,LOCKED
3503,498.906,-131301893004018,49866,107413,-29827.9,32587.8,8.6,0.138,199982364,LOCKED
3504,499.906,-131301893133740,-46413,11134,-29928.2,33159.0,8.6,0.133,199944450,LOCKED
3505,500.906,-131301893153701,-34067,23480,-29988.5,33480.1,8.7,0.123,200014451,LOCKED
3506,501.908,-131301893169252,-19184,38363,-29978.4,33410.3,8.8,0.112,200093892,LOCKED
3507,502.907,-131301893183226,-4339,53208,-29914.1,32948.8,9.2,0.066,200172354,LOCKED
3508,503.907,-131301893163980,42319,99866,-29861.6,33404.2,9.1,0.043,200284515,LOCKED
3509,504.906,-131301893182125,51209,108756,-29808.0,34005.1,9.2,0.037,200354167,LOCKED
3510,505.906,-131301893226679,33958,91505,-29741.4,34311.9,9.0,0.016,200297565,LOCKED
3511,506.908,-131301893250621,36756,94303,-29655.1,34631.6,8.9,-0.006,200364337,LOCKED
3512,507.906,-131301893365799,-46909,10638,-29668.3,34804.1,8.6,-0.030,200444388,LOCKED
3513,508.906,-131301893390565,-40365,17182,-29681.7,34951.9,8.4,-0.072,200512958,LOCKED
3514,509.906,-131301893402685,-21330,36217,-29718.6,35071.7,7.9,-0.106,200592866,LOCKED
3515,510.907,-131301893428840,-15324,42223,-29813.1,34740.1,7.7,-0.098,200661769,LOCKED
3516,511.909,-131301893433042,10693,68240,-29851.0,34493.3,7.7,-0.095,200749098,LOCKED
3517,512.907,-131301893444400,27588,85135,-29818.4,34674.6,7.7,-0.093,200830614,LOCKED
3518,513.906,-131301893557815,-53789,3758,-29837.8,34958.4,7.8,-0.101,200809743,LOCKED
3519,514.906,-131301893481603,50210,107757,-29820.7,35191.7,7.8,-0.099,200980092,LOCKED
3520,515.907,-131301893521110,38075,95622,-29763.7,35561.4,7.8,-0.087,200925185,LOCKED
3521,516.907,-131301893543292,41402,98949,-29623.5,35620.0,7.8,-0.086,200996157,LOCKED
3522,517.907,-131301893660037,-43807,13740,-29644.5,35854.1,7.8,-0.085,201076294,LOCKED
3523,518.908,-131301893682391,-32908,24639,-29767.2,35780.1,7.7,-0.085,201145385,LOCKED
3524,519.907,-131301893711553,-29337,28210,-29864.1,35828.3,7.8,-0.078,201208855,LOCKED
3525,520.906,-131301893703065,9431,66978,-29900.3,35617.8,8.0,-0.071,201310592,LOCKED
3526,521.909,-131301893737694,5555,63102,-29951.5,35311.9,8.0,-0.065,201382707,LOCKED
3527,522.909,-131301893781424,-7197,50350,-29990.0,35268.5,8.1,-0.059,201446272,LOCKED
3528,523.909,-131301893845283,-39718,17829,-29990.0,35269.5,7.8,-0.061,201443507,LOCKED
3529,524.907,-131301893866527,-30477,27070,-29963.6,34967.8,7.8,-0.062,201514047,LOCKED
3530,525.907,-131301893872253,-7424,50123,-29893.0,34377.7,7.8,-0.063,201600270,LOCKED
3531,526.909,-131301893900643,-7218,50329,-29817.1,33701.6,7.8,-0.065,201677200,LOCKED
3532,527.914,-131301893942992,-16940,40607,-29927.1,33202.9,7.7,-0.066,201746820,LOCKED
3533,528.910,-131301893919166,35540,93087,-29923.7,33239.9,7.7,-0.067,201829959,LOCKED
3534,529.908,-131301893929488,52453,110000,-29878.9,33797.5,7.9,-0.073,201910821,LOCKED
3535,530.907,-131301894047065,-32521,25026,-29958.7,34039.2,7.6,-0.077,201885920,LOCKED
3536,531.908,-131301894038616,5659,63206,-29956.9,34042.0,7.5,-0.076,201987763,LOCKED
3537,532.907,-131301894020542,49878,107425,-29852.6,34684.8,7.7,-0.077,202097627,LOCKED
3538,533.908,-131301894114501,-14937,42610,-29792.9,34100.5,8.3,-0.081,202093779,LOCKED
3539,534.908,-131301894113838,13374,70921,-29709.7,33833.7,8.5,-0.080,202189138,LOCKED
3540,535.907,-131301894129796,23844,81391,-29588.0,33421.1,8.6,-0.079,202265671,LOCKED
3541,536.908,-131301894129939,47851,105398,-29400.3,33084.9,8.5,-0.087,202353310,LOCKED
3542,537.908,-131301894174161,31748,89295,-29390.3,33177.2,8.6,-0.085,202296741,LOCKED
3543,538.909,-131301894278059,-39605,17942,-29479.4,33575.8,8.6,-0.083,202387579,LOCKED
3544,539.908,-131301894315588,-43920,13627,-29589.8,34002.9,8.8,-0.086,202448177,LOCKED
3545,540.908,-131301894323750,-20525,37022,-29652.4,34054.9,8.9,-0.088,202535147,LOCKED
3546,541.911,-131301894323880,8446,65993,-29639.3,34074.0,8.9,-0.085,202622068,LOCKED
3547,542.909,-131301894324658,35546,93093,-29612.0,34307.6,8.9,-0.086,202713379,LOCKED
3548,543.908,-131301894438938,-45370,12177,-29720.9,34782.0,8.9,-0.088,202691669,LOCKED
3549,544.908,-131301894453743,-29775,27772,-29704.6,34612.4,9.0,-0.083,202765809,LOCKED
3550,545.908,-131301894473716,-19006,38541,-29724.0,34691.6,9.0,-0.077,202842036,LOCKED
3551,546.910,-131301894473514,11700,69247,-29781.8,34193.1,9.0,-0.069,202929682,LOCKED
3552,547.909,-131301894492444,22620,80167,-29822.9,33756.9,9.1,-0.070,203002458,LOCKED
3553,548.908,-131301894494386,48762,106309,-29818.7,33819.5,9.1,-0.060,203092711,LOCKED
3554,549.909,-131301894518360,51548,109095,-29754.2,34478.0,9.1,-0.049,203164555,LOCKED
3555,550.909,-131301894560510,36704,94251,-29695.0,34834.1,9.0,-0.036,203107182,LOCKED
3556,551.909,-131301894582288,41263,98810,-29598.6,35232.8,8.9,-0.021,203177457,LOCKED
3557,552.910,-131301894702634,-47586,9961,-29612.6,35415.1,9.1,0.000,203255718,LOCKED
3558,553.910,-131301894679160,5813,63360,-29637.7,35318.5,9.1,-0.021,203370656,LOCKED
3559,554.909,-131301894688315,24915,82462,-29611.3,35454.8,9.1,-0.026,203450072,LOCKED
3560,555.909,-131301894699713,39977,97524,-29523.0,35840.3,9.1,-0.031,203538712,LOCKED
3561,556.909,-131301894745870,20682,78229,-29426.6,35647.1,9.1,-0.035,203474903,LOCKED
3562,557.909,-131301894854792,-56633,914,-29439.4,35847.0,9.2,-0.038,203560567,LOCKED
3563,558.909,-131301894874158,-45439,12108,-29418.8,35534.6,9.2,-0.040,203639899,LOCKED
3564,559.910,-131301894899932,-37719,19828,-29556.3,35473.3,9.2,-0.043,203700579,LOCKED
3565,560.909,-131301894903946,-10208,47339,-29636.1,35175.1,9.0,-0.026,203789130,LOCKED
3566,561.910,-131301894902100,20692,78239,-29642.0,35135.7,9.0,-0.019,203882433,LOCKED
3567,562.909,-131301895001869,-45910,11637,-29738.8,35662.1,9.0,-0.023,203875144,LOCKED
3568,563.910,-131301894965322,17805,75352,-29642.1,35381.6,9.0,-0.028,204003686,LOCKED
3569,564.911,-131301894987351,22028,79575,-29512.0,34795.2,9.0,-0.033,204072060,LOCKED
3570,565.910,-131301894991904,42548,100095,-29364.7,34818.8,9.1,-0.047,204160604,LOCKED
3571,566.911,-131301895111285,-46092,11455,-29355.5,34683.8,9.3,-0.058,204130565,LOCKED
3572,567.911,-131301895111831,-15073,42474,-29439.1,34461.3,9.2,-0.060,204224811,LOCKED
3573,568.911,-131301895117582,9079,66626,-29477.0,34230.2,9.8,-0.077,204308770,LOCKED
3574,569.911,-131301895126555,28165,85712,-29454.2,34381.6,9.8,-0.085,204393670,LOCKED
3575,570.910,-131301895161657,21450,78997,-29437.5,34466.8,9.8,-0.084,204340818,LOCKED
3576,571.909,-131301895188036,22473,80020,-29374.9,34554.8,9.8,-0.091,204409849,LOCKED
3577,572.911,-131301895291593,-49446,8101,-29403.7,34914.8,9.9,-0.096,204500276,LOCKED
3578,573.911,-131301895272288,993,58540,-29490.5,34235.4,9.9,-0.096,204613848,LOCKED
3579,574.910,-131301895277494,21910,79457,-29361.4,33638.5,9.8,-0.095,204701227,LOCKED
3580,575.910,-131301895294244,30744,88291,-29226.9,33316.7,9.5,-0.097,204778421,LOCKED
3581,576.910,-131301895325377,25052,82599,-29082.5,32573.2,9.5,-0.100,204731655,LOCKED
3582,577.912,-131301895441567,-57171,376,-29227.4,33306.4,9.6,-0.093,204811132,LOCKED
3583,578.910,-131301895450503,-33735,23812,-29325.8,33482.0,9.6,-0.095,204893501,LOCKED
3584,579.911,-131301895471475,-22897,34650,-29409.8,33454.1,9.2,-0.091,204964856,LOCKED
3585,580.910,-131301895498986,-19977,37570,-29426.7,33534.6,8.7,-0.086,205031324,LOCKED
3586,581.911,-131301895522174,-13017,44530,-29440.5,33573.9,8.3,-0.084,205094577,LOCKED
3587,582.910,-131301895553347,-13481,44066,-29480.4,33600.2,7.8,-0.077,205160003,LOCKED
3588,583.910,-131301895532268,36159,93706,-29495.4,33408.8,7.6,-0.074,205268098,LOCKED
3589,584.910,-131301895575185,22536,80083,-29523.1,33142.4,7.6,-0.073,205211821,LOCKED
3590,585.910,-131301895604801,21531,79078,-29514.1,33196.5,7.5,-0.071,205275118,LOCKED
3591,586.910,-131301895705739,-46127,11420,-29622.4,33715.4,7.4,-0.066,205368258,LOCKED
3592,587.910,-131301895724118,-31579,25592,-29732.4,33723.5,7.2,-0.061,205446548,LOCKED
3593,588.910,-131301895735848,-13332,43839,-29722.1,33671.7,7.0,-0.056,205524908,LOCKED
3594,589.911,-131301895751434,-563,56608,-29654.0,33243.5,7.3,-0.054,205602535,LOCKED
3595,590.911,-131301895760772,19995,77166,-29699.2,32769.7,7.2,-0.050,205687256,LOCKED
3596,591.910,-131301895786704,22553,79724,-29677.4,32883.9,7.0,-0.044,205749865,LOCKED
3597,592.910,-131301895811447,24442,81613,-29568.3,32651.0,7.0,-0.043,205711998,LOCKED
3598,593.911,-131301895885751,-18203,38968,-29640.8,32593.3,7.0,-0.049,205833924,LOCKED
3599,594.910,-131301895900191,-2970,54201,-29637.4,32589.0,6.8,-0.055,205915299,LOCKED
3600,595.910,-131301895914902,10551,67722,-29585.9,32520.2,7.1,-0.055,205991653,LOCKED
3601,596.911,-131301895925252,26186,83357,-29452.4,32003.3,7.1,-0.055,206069896,LOCKED
3602,597.910,-131301895964653,13862,71033,-29358.7,31604.8,7.3,-0.056,206143040,LOCKED
3603,598.911,-131301896032024,-21523,35648,-29452.1,31446.2,7.3,-0.057,206087959,LOCKED
3604,599.911,-131301896109913,-63986,0,-29639.2,32103.7,7.3,-0.057,206164446,LOCKED
3605,600.911,-131301896137346,-56878,7108,-29785.5,32822.5,7.3,-0.058,206230749,LOCKED
3606,601.911,-131301896132092,-20393,43593,-29822.6,32938.9,7.4,-0.057,206327605,LOCKED
3607,602.911,-131301896148841,-7760,56226,-29787.9,32743.3,7.3,-0.046,206401150,LOCKED
3608,603.911,-131301896145341,25712,89698,-29839.9,32059.9,7.1,-0.034,206391446,LOCKED
3609,604.911,-131301896258342,-52272,11714,-30007.3,32306.9,7.1,-0.033,206475358,LOCKED
3610,605.911,-131301896259528,-20656,43330,-30110.3,32013.6,7.2,-0.042,206568423,LOCKED
3611,606.912,-131301896263836,5183,69169,-30120.8,31985.5,7.2,-0.033,206655045,LOCKED
3612,607.911,-131301896266979,30088,94074,-30069.0,32245.3,7.5,-0.007,206745459,LOCKED
3613,608.912,-131301896285938,37565,101551,-29953.0,32414.3,7.7,0.015,206817602,LOCKED
3614,609.911,-131301896306268,42856,106842,-29811.3,32527.6,7.7,0.022,206783425,LOCKED
3615,610.913,-131301896335801,39338,103324,-29690.2,32714.9,7.9,0.044,206847477,LOCKED
3616,611.912,-131301896466787,-59300,4686,-29722.1,33225.2,7.8,0.053,206912739,LOCKED
3617,612.913,-131301896485340,-43376,20610,-29883.6,33087.6,7.8,0.043,206988106,LOCKED
3618,613.911,-131301896468451,3186,67172,-29878.6,33090.4,7.9,0.056,207097292,LOCKED
3619,614.912,-131301896502448,-1554,62432,-29845.4,32973.9,8.0,0.066,207154900,LOCKED
3620,615.915,-131301896514790,13569,77555,-29750.9,32568.7,8.0,0.064,207234791,LOCKED
3621,616.915,-131301896535551,20185,84171,-29667.9,32474.7,8.0,0.063,207305205,LOCKED
3622,617.912,-131301896540117,43991,107977,-29677.5,32329.3,8.2,0.052,207392859,LOCKED
3623,618.913,-131301896586902,26503,90489,-29702.9,32048.5,8.2,0.051,207332802,LOCKED
3624,619.912,-131301896696436,-48561,15425,-29856.5,32288.4,8.2,0.051,207417118,LOCKED
3625,620.913,-131301896714366,-33665,30321,-29946.3,32522.7,8.2,0.050,207493279,LOCKED
3626,621.912,-131301896717732,-7016,56970,-29938.0,32497.4,8.2,0.043,207584286,LOCKED
3627,622.913,-131301896735297,6925,70911,-30026.7,31559.6,8.2,0.043,207658312,LOCKED
3628,623.913,-131301896723626,45283,109269,-29937.9,32145.0,8.4,0.037,207654088,LOCKED
3629,624.912,-131301896765410,30755,94741,-29857.3,32349.2,8.4,0.037,207704738,LOCKED
3630,625.914,-131301896877952,-49975,14011,-29870.1,32541.3,8.3,0.037,207787625,LOCKED
3631,626.912,-131301896899922,-37818,26168,-30016.5,32355.6,8.3,0.031,207865203,LOCKED
3632,627.915,-131301896911671,-17589,46397,-30083.6,32321.7,8.5,0.037,207942300,LOCKED
3633,628.913,-131301896931030,-6470,57516,-30092.2,32332.9,8.1,0.029,208014471,LOCKED
3634,629.913,-131301896943606,9575,73561,-30035.8,32213.7,8.2,0.032,208093800,LOCKED
3635,630.914,-131301896964130,17199,81185,-29971.6,32190.5,8.3,0.037,208163140,LOCKED
3636,631.914,-131301896975099,33015,97001,-29870.0,32323.9,8.2,0.035,208249502,LOCKED
3637,632.914,-131301897015084,22938,86924,-29910.1,31872.3,8.2,0.029,208314627,LOCKED
3638,633.913,-131301897102571,-32421,31565,-29965.1,32174.6,8.2,0.029,208306612,LOCKED
3639,634.913,-131301897117721,-17285,46701,-29952.1,32085.0,8.2,0.030,208383747,LOCKED
3640,635.914,-131301897135486,-6067,57919,-29894.3,31655.2,8.7,0.033,208455758,LOCKED
3641,636.913,-131301897143646,13306,77292,-29800.3,31231.4,8.7,0.032,208541892,LOCKED
3642,637.914,-131301897181003,6803,70789,-29863.5,30698.8,8.6,0.038,208608763,LOCKED
3643,638.913,-131301897249561,-28996,34990,-29957.6,30768.8,8.5,0.034,208677058,LOCKED
3644,639.915,-131301897205705,42516,106502,-29915.3,31205.9,8.6,0.036,208754208,LOCKED
3645,640.914,-131301897234020,41773,105759,-29869.7,31645.0,8.6,0.037,208819292,LOCKED
3646,641.915,-131301897275232,28742,92728,-29834.5,31862.9,8.6,0.033,208763701,LOCKED
3647,642.913,-131301897301734,30309,94295,-29798.2,32101.2,9.1,0.036,208829369,LOCKED
3648,643.915,-131301897358467,1765,65751,-29722.1,31599.2,9.1,0.035,208967007,LOCKED
3649,644.914,-131301897414662,-24149,39837,-29709.3,31480.5,9.4,0.031,209041102,LOCKED
3650,645.915,-131301897387625,29382,93368,-29600.1,31417.0,9.4,0.025,209128164,LOCKED
3651,646.913,-131301897505146,-53561,10425,-29755.6,31892.9,9.8,0.024,209104680,LOCKED
3652,647.915,-131301897508505,-24461,39525,-29847.8,31837.3,9.8,0.023,209188159,LOCKED
3653,648.915,-131301897513229,1047,65033,-29868.5,31790.0,9.8,0.022,209276298,LOCKED
3654,649.914,-131301897509424,32443,96429,-29810.5,32093.7,10.1,0.027,209376210,LOCKED
3655,650.915,-131301897533558,34898,98884,-29710.3,32300.4,10.0,0.016,209443724,LOCKED
3656,651.914,-131301897557891,36695,100681,-29595.4,32446.9,10.1,0.013,209509462,LOCKED
3657,652.913,-131301897595825,25278,89264,-29486.1,32238.5,10.4,0.008,209460277,LOCKED
3658,653.916,-131301897686701,-33619,30367,-29552.7,32554.9,10.2,-0.008,209561441,LOCKED
3659,654.916,-131301897710741,-26588,37398,-29583.0,32730.2,10.2,-0.013,209633142,LOCKED
3660,655.915,-131301897721262,-7832,56154,-29554.9,32586.9,10.2,-0.007,209712583,LOCKED
3661,656.915,-131301897740248,1078,65064,-29475.1,32023.6,10.3,-0.000,209786173,LOCKED
3662,657.914,-131301897766162,3083,67069,-29403.7,31615.8,10.5,0.034,209855141,LOCKED
3663,658.916,-131301897787925,9946,73932,-29382.1,31643.0,10.7,0.052,209921128,LOCKED
3664,659.916,-131301897800458,26572,90558,-29415.4,31240.7,10.8,0.068,209998478,LOCKED
3665,660.916,-131301897838620,18194,82180,-29463.8,30714.2,10.9,0.082,210060643,LOCKED
3666,661.914,-131301897866182,19244,83230,-29454.0,30769.4,11.2,0.093,210014265,LOCKED
3667,662.915,-131301897884893,28077,92063,-29406.9,31004.3,11.3,0.106,210087393,LOCKED
3668,663.915,-131301897972667,-29408,34578,-29401.3,30945.0,11.4,0.118,210200658,LOCKED
3669,664.917,-131301897988404,-13061,50925,-29511.4,30250.3,11.4,0.133,210271029,LOCKED
3670,665.916,-131301897997570,7656,71642,-29542.5,30071.7,11.1,0.146,210358014,LOCKED
3671,666.916,-131301898011716,21607,85593,-29507.4,30213.7,11.0,0.144,210433648,LOCKED
3672,667.916,-131301898047452,13531,77517,-29439.1,30072.2,11.1,0.150,210384221,LOCKED
3673,668.915,-131301898160407,-66705,0,-29489.2,30976.9,11.1,0.155,210465089,LOCKED
3674,669.916,-131301898176377,-51313,15392,-29495.8,31086.9,11.3,0.171,210541045,LOCKED
3675,670.915,-131301898204476,-48304,18401,-29494.5,31066.4,11.5,0.183,210606236,LOCKED
3676,671.917,-131301898218677,-29171,37534,-29634.7,30548.9,11.4,0.187,210682506,LOCKED
3677,672.917,-131301898242426,-20295,46410,-29748.0,30077.7,11.5,0.197,210751012,LOCKED
3678,673.915,-131301898212362,36996,103701,-29685.6,30493.8,11.7,0.207,210872219,LOCKED
3679,674.916,-131301898235323,41029,107734,-29621.7,30992.5,11.7,0.209,210944466,LOCKED
3680,675.917,-131301898266655,36299,103004,-29533.7,31325.3,11.8,0.216,211001700,LOCKED
3681,676.916,-131301898307658,22384,89089,-29450.7,31290.1,11.7,0.217,210948010,LOCKED
3682,677.916,-131301898426807,-64681,2024,-29472.4,31713.0,11.4,0.221,211024858,LOCKED
3683,678.916,-131301898427138,-34441,32264,-29469.0,31673.6,11.3,0.221,211117850,LOCKED
3684,679.915,-131301898457919,-32014,34691,-29599.5,31447.5,11.2,0.220,211190958,LOCKED
3685,680.916,-131301898516913,-56254,10451,-29759.2,32014.5,11.1,0.219,211269597,LOCKED
3686,681.917,-131301898455703,32887,99592,-29724.1,32277.2,10.6,0.216,211365720,LOCKED
3687,682.917,-131301898577437,-55264,11441,-29821.8,33138.1,10.7,0.219,211336461,LOCKED
3688,683.917,-131301898544105,6074,72779,-29742.7,32721.2,10.2,0.214,211457429,LOCKED
3689,684.916,-131301898553705,23514,90219,-29648.9,32624.1,10.2,0.215,211542896,LOCKED
3690,685.917,-131301898563048,42637,109342,-29661.8,32430.2,10.0,0.212,211624776,LOCKED
3691,686.917,-131301898678608,-38971,27734,-29807.8,32304.2,9.6,0.209,211603735,LOCKED
3692,687.917,-131301898676399,-5479,61226,-29871.2,32042.8,9.8,0.211,211695574,LOCKED
3693,688.917,-131301898671345,28282,94987,-29861.1,32127.0,9.3,0.201,211793565,LOCKED
3694,689.916,-131301898702730,25211,91916,-29827.1,32299.3,9.3,0.201,211747450,LOCKED
3695,690.919,-131301898802028,-41516,25189,-29892.8,32783.1,9.3,0.200,211844358,LOCKED
3696,691.916,-131301898829974,-37721,28984,-29920.9,33049.3,9.2,0.194,211912964,LOCKED
3697,692.918,-131301898836587,-13870,52835,-29924.4,33063.9,8.7,0.185,211992673,LOCKED
3698,693.933,-131301898818093,33815,100520,-29944.7,32807.1,8.7,0.180,212108682,LOCKED
3699,694.916,-131301898830866,48756,115461,-29916.3,33175.3,8.4,0.173,212184773,LOCKED
3700,695.918,-131301898860611,46443,113148,-29871.6,33649.7,8.5,0.177,212249351,LOCKED
3701,696.917,-131301898889955,43883,110588,-29792.9,34173.1,8.5,0.175,212314034,LOCKED
3702,697.917,-131301898933458,28376,95081,-29751.8,34383.1,8.5,0.174,212255096,LOCKED
3703,698.917,-131301898962448,28679,95384,-29777.1,34104.8,8.2,0.165,212320187,LOCKED
3704,699.919,-131301898991218,26803,93508,-29680.0,34078.2,8.3,0.164,212381115,LOCKED
3705,700.916,-131301899117743,-66583,122,-29739.0,34973.4,8.3,0.153,212451523,LOCKED
3706,701.917,-131301899137705,-53823,12882,-29796.0,35611.4,8.5,0.149,212528904,LOCKED
3707,702.916,-131301899160283,-44381,22324,-29831.4,35968.2,8.5,0.156,212593095,LOCKED
3708,703.917,-131301899149208,-3161,63544,-29841.6,35969.0,8.2,0.143,212697970,LOCKED
3709,704.917,-131301899180146,-3005,63700,-29898.2,35751.1,8.3,0.152,212759258,LOCKED
3710,705.917,-131301899194115,11233,77938,-29833.7,35615.3,8.4,0.151,212833692,LOCKED
3711,706.917,-131301899219481,16679,83384,-29909.6,34745.1,8.3,0.164,212904040,LOCKED
3712,707.917,-131301899218007,46171,112876,-29893.6,34946.7,8.1,0.146,212996226,LOCKED
3713,708.916,-131301899245577,45767,112472,-29835.7,35452.7,8.6,0.104,213061804,LOCKED
3714,709.916,-131301899359355,-36414,30291,-29861.7,35675.3,8.6,0.100,213039851,LOCKED
3715,710.916,-131301899373061,-19859,46846,-29848.2,35581.0,8.6,0.100,213116286,LOCKED
3716,711.918,-131301899389412,-7090,59615,-29800.5,35288.5,8.6,0.100,213191790,LOCKED
3717,712.919,-131301899412346,-1151,65554,-29753.0,35079.5,8.9,0.084,213262841,LOCKED
3718,713.918,-131301899501132,-55240,11465,-29904.1,35625.8,8.9,0.069,213266763,LOCKED
3719,714.918,-131301899512298,-33155,33550,-30013.4,35689.7,8.7,0.018,213344674,LOCKED
3720,715.917,-131301899525267,-14633,52072,-30061.7,35702.0,8.6,-0.003,213426935,LOCKED
3721,716.918,-131301899560453,-18364,48341,-30099.6,35786.2,8.4,-0.000,213491447,LOCKED
3722,717.917,-131301899564035,7622,74327,-30086.1,35801.2,8.4,-0.001,213572345,LOCKED
3723,718.920,-131301899565569,33533,100238,-30012.2,36070.5,8.6,-0.013,213661925,LOCKED
3724,719.920,-131301899676966,-45671,21034,-30043.3,36402.8,8.6,-0.013,213644976,LOCKED
3725,720.919,-131301899680737,-18808,47897,-30041.0,36389.8,8.7,-0.023,213735702,LOCKED
3726,721.920,-131301899676490,13696,80401,-29976.1,36299.3,8.6,-0.023,213831987,LOCKED
3727,722.918,-131301899687993,28854,95559,-29861.1,36168.4,8.6,-0.023,213912670,LOCKED
3728,723.918,-131301899793508,-43170,23535,-29967.7,36562.1,8.6,-0.022,213898017,LOCKED
3729,724.918,-131301899800893,-19043,47662,-30011.9,36643.9,8.7,-0.029,213983738,LOCKED
3730,725.919,-131301899793058,17129,83834,-29958.1,36671.3,8.7,-0.029,214084603,LOCKED
3731,726.920,-131301899804008,32755,99460,-29846.4,36700.3,8.7,-0.022,214164677,LOCKED
3732,727.918,-131301899812775,49388,116093,-29710.0,37108.5,8.7,-0.022,214249173,LOCKED
3733,728.919,-131301899854732,36430,103135,-29735.8,36787.2,8.9,-0.016,214194681,LOCKED
3734,729.918,-131301899886815,33188,99893,-29747.1,36669.5,8.7,-0.015,214252303,LOCKED
3735,730.918,-131301899998384,-44153,22552,-29893.9,36766.3,8.6,-0.014,214337079,LOCKED
3736,731.918,-131301900019581,-32211,34494,-29999.7,36827.2,8.6,-0.014,214407795,LOCKED
3737,732.918,-131301900043931,-24000,42705,-30085.7,36814.4,8.5,-0.012,214474848,LOCKED
3738,733.920,-131301900021438,25637,92342,-29983.8,36714.2,8.5,-0.015,214590398,LOCKED
3739,734.919,-131301900046474,27172,93877,-29861.2,36440.5,8.5,-0.014,214660310,LOCKED
3740,735.919,-131301900070396,29452,96157,-29730.4,36142.3,8.3,-0.012,214729220,LOCKED
3741,736.919,-131301900084582,40801,107506,-29592.1,36196.7,8.3,-0.011,214803532,LOCKED
3742,737.920,-131301900110704,42970,109675,-29599.7,36095.7,8.2,-0.008,214869960,LOCKED
3743,738.919,-131301900155254,26860,93565,-29587.4,36179.2,8.2,-0.008,214809011,LOCKED
3744,739.920,-131301900178867,31414,98119,-29570.0,36313.1,8.3,-0.010,214879016,LOCKED
3745,740.919,-131301900302988,-57322,9383,-29760.4,36479.8,8.4,-0.012,214950001,LOCKED
3746,741.920,-131301900332170,-54191,12514,-29795.6,36925.4,8.4,-0.012,215013727,LOCKED
3747,742.919,-131301900340109,-28318,38387,-29945.9,36297.6,8.2,-0.007,215095705,LOCKED
3748,743.921,-131301900339780,1800,68505,-29941.2,36298.3,8.8,-0.010,215192220,LOCKED
3749,744.919,-131301900364599,5761,72466,-29893.7,36190.8,8.7,-0.006,215259865,LOCKED
3750,745.920,-131301900389966,8165,74870,-29802.9,35720.8,8.8,-0.006,215327198,LOCKED
3751,746.919,-131301900395307,31801,98506,-29815.3,35592.0,8.7,-0.000,215413662,LOCKED
3752,747.919,-131301900415657,38862,105567,-29761.9,35963.1,8.5,0.006,215486375,LOCKED
3753,748.919,-131301900454623,26822,93527,-29667.1,35957.5,8.5,0.001,215431979,LOCKED
3754,749.921,-131301900483589,24788,91493,-29573.9,35908.9,8.5,0.003,215496116,LOCKED
3755,750.919,-131301900528392,10221,76926,-29623.5,35553.1,8.9,0.005,215561681,LOCKED
3756,751.923,-131301900619068,-46221,20484,-29773.2,35709.3,8.9,-0.000,215645772,LOCKED
3757,752.919,-131301900658075,-51170,15535,-29898.6,36273.9,8.8,0.011,215720033,LOCKED
3758,753.921,-131301900639410,-3263,63442,-29860.9,36120.0,8.5,0.024,215813380,LOCKED
3759,754.920,-131301900656026,7883,74588,-29770.8,35650.0,8.5,0.027,215900012,LOCKED
3760,755.919,-131301900700713,-8137,58568,-29703.0,35095.9,8.5,0.021,215971823,LOCKED
3761,756.920,-131301900768235,-44639,22066,-29693.3,34958.5,8.5,0.025,216056333,LOCKED
3762,757.922,-131301900793421,-38796,27909,-29694.3,34969.9,8.5,0.030,216032730,LOCKED
3763,758.920,-131301900796574,-12799,53906,-29646.2,34584.6,8.5,0.038,216119620,LOCKED
3764,759.921,-131301900805535,5926,72631,-29559.7,34087.6,8.5,0.030,216203726,LOCKED
3765,760.920,-131301900818430,22799,89504,-29607.9,33539.3,8.1,0.053,216279776,LOCKED
3766,761.922,-131301900840991,29349,96054,-29632.5,33258.5,7.9,0.059,216350648,LOCKED
3767,762.920,-131301900873944,25612,92317,-29654.6,33033.8,7.8,0.054,216304666,LOCKED
3768,763.921,-131301900938480,-8691,58014,-29668.6,33054.7,7.8,0.065,216435563,LOCKED
3769,764.920,-131301900959057,401,67106,-29669.3,33054.6,7.8,0.061,216508010,LOCKED
3770,765.920,-131301900973814,13823,80528,-29619.0,33046.3,7.9,0.042,216587919,LOCKED
3771,766.920,-131301900985391,29105,95810,-29531.8,33163.7,7.9,0.036,216667774,LOCKED
3772,767.920,-131301901007314,32522,99227,-29379.9,32639.6,7.9,0.036,216740967,LOCKED
3773,768.922,-131301901131123,-59909,6796,-29378.3,32607.6,7.8,0.041,216706962,LOCKED
3774,769.921,-131301901146034,-41772,24933,-29489.1,32968.8,7.8,0.042,216782039,LOCKED
3775,770.920,-131301901165379,-29282,37423,-29555.7,33186.9,7.6,0.040,216855021,LOCKED
3776,771.922,-131301901188525,-21482,45223,-29588.3,33312.5,7.4,0.029,216922434,LOCKED
3777,772.921,-131301901197102,-740,65965,-29573.8,33290.3,7.4,0.023,217004838,LOCKED
3778,773.921,-131301901200994,24974,91679,-29617.0,32777.1,7.4,0.025,216985301,LOCKED
3779,774.921,-131301901223975,30679,97384,-29622.4,32721.7,7.4,0.020,217056431,LOCKED
3780,775.922,-131301901337376,-49036,17669,-29740.5,33299.5,7.4,0.014,217141257,LOCKED
3781,776.920,-131301901357522,-35983,30722,-29850.6,33458.7,7.5,0.009,217211505,LOCKED
3782,777.922,-131301901375668,-22577,44128,-29896.6,33595.2,7.5,0.012,217289176,LOCKED
3783,778.921,-131301901379395,2571,69276,-29850.7,33443.5,7.4,0.014,217374360,LOCKED
3784,779.921,-131301901407148,6238,72943,-29938.2,32572.5,7.4,0.016,217437313,LOCKED
3785,780.921,-131301901436730,7289,73994,-29984.6,32264.5,7.8,0.006,217507494,LOCKED
3786,781.921,-131301901447055,25248,91953,-29943.0,32445.4,7.8,0.009,217583138,LOCKED
3787,782.922,-131301901452410,46006,112711,-29831.4,32954.2,7.8,0.006,217670172,LOCKED
3788,783.922,-131301901550521,-18987,47718,-29961.3,32195.6,7.8,0.009,217665726,LOCKED
3789,784.921,-131301901575495,-11853,54852,-30047.1,31840.2,7.8,0.010,217732216,LOCKED
3790,785.924,-131301901590284,3257,69962,-30045.3,31841.8,7.8,0.008,217805281,LOCKED
3791,786.924,-131301901606053,15831,82536,-29987.9,31832.1,7.5,0.013,217884996,LOCKED
3792,787.922,-131301901633148,16179,82884,-29889.8,31446.3,7.5,0.012,217949295,LOCKED
3793,788.924,-131301901644709,31227,97810,-29780.5,31448.6,7.2,0.014,218033412,LOCKED
3794,789.922,-131301901671647,30785,97368,-29670.3,31424.9,7.2,0.017,218103608,LOCKED
3795,790.922,-131301901767029,-31106,35477,-29806.3,31072.4,7.2,0.021,218152901,LOCKED
3796,791.932,-131301901722729,41612,108195,-29807.4,31057.0,7.2,0.021,218228245,LOCKED
3797,792.924,-131301901766358,27257,93840,-29826.7,30843.0,7.5,0.027,218295601,LOCKED
3798,793.922,-131301901818616,4099,70682,-29797.7,30802.0,7.5,0.026,218315851,LOCKED
3799,794.923,-131301901851828,34,66617,-29765.8,30703.0,7.5,0.029,218375845,LOCKED
3800,795.923,-131301901878401,2174,68757,-29717.6,30511.8,7.5,0.033,218441003,LOCKED
3801,796.926,-131301901893411,14362,80945,-29617.7,30020.4,7.4,0.034,218513733,LOCKED
3802,797.924,-131301901939132,-3282,63301,-29536.4,29257.6,7.4,0.037,218588037,LOCKED
3803,798.921,-131301902015262,-47898,18685,-29553.8,29525.5,7.4,0.040,218669556,LOCKED
3804,799.923,-131301902055256,-56038,10545,-29573.5,29876.7,7.4,0.038,218633385,LOCKED
3805,800.924,-131301902049966,-18178,48405,-29690.6,29242.8,7.4,0.036,218726998,LOCKED
3806,801.923,-131301902046740,15518,82101,-29754.8,28451.3,7.4,0.040,218824973,LOCKED
3807,802.925,-131301902059646,31375,97958,-29758.3,28409.1,7.4,0.045,218796398,LOCKED
3808,803.924,-131301902114818,5724,72307,-29756.2,28413.2,7.1,0.035,218939809,LOCKED
3809,804.923,-131301902125982,22724,89307,-29715.8,28580.2,7.1,0.032,219022755,LOCKED
3810,805.924,-131301902135273,40159,106742,-29635.7,29086.2,7.1,0.028,219000554,LOCKED
3811,806.923,-131301902240635,-34309,32274,-29640.4,29142.4,7.2,0.024,219093031,LOCKED
3812,807.923,-131301902242036,-7071,59512,-29579.3,28598.0,7.2,0.019,219182541,LOCKED
3813,808.924,-131301902258146,4810,71393,-29509.3,28204.2,7.2,0.013,219256047,LOCKED
3814,809.924,-131301902273548,16410,82993,-29413.3,27809.3,7.2,0.018,219337526,LOCKED
3815,810.923,-131301902289698,26871,93454,-29320.3,27821.5,6.8,-0.003,219410758,LOCKED
3816,811.927,-131301902413636,-62262,4321,-29486.2,28743.1,6.7,-0.004,219377089,LOCKED
3817,812.923,-131301902433574,-47739,18844,-29651.3,28783.9,6.7,-0.022,219448733,LOCKED
3818,813.924,-131301902406257,8729,75312,-29641.2,28805.4,6.6,-0.023,219571465,LOCKED
3819,814.923,-131301902431671,11776,78359,-29602.8,28816.9,6.7,-0.013,219633815,LOCKED
3820,815.927,-131301902449848,21821,88404,-29571.3,28964.2,7.0,0.012,219710232,LOCKED
3821,816.925,-131301902462387,37702,104285,-29577.5,28874.3,7.2,0.035,219787213,LOCKED
3822,817.929,-131301902508325,21234,87817,-29607.7,28545.4,7.1,0.047,219727953,LOCKED
3823,818.923,-131301902624098,-60247,6336,-29737.6,29634.9,7.2,0.028,219807935,LOCKED
3824,819.923,-131301902649871,-52749,13834,-29823.4,30483.9,7.2,0.042,219875571,LOCKED
3825,820.923,-131301902656166,-27957,38626,-29838.9,30609.6,7.2,0.042,219964103,LOCKED
3826,821.923,-131301902673535,-15371,51212,-29819.0,30465.4,7.2,0.034,220037998,LOCKED
3827,822.923,-131301902681128,5579,72162,-29765.6,30286.7,7.3,0.025,220122627,LOCKED
3828,823.925,-131301902775068,-54520,12063,-29875.1,31159.8,7.4,0.017,220118441,LOCKED
3829,824.923,-131301902786425,-33623,32960,-29936.1,31492.1,7.4,0.010,220200552,LOCKED
3830,825.924,-131301902796611,-13396,53187,-29937.2,31497.0,7.4,0.005,220283910,LOCKED
3831,826.925,-131301902806965,4734,71317,-29873.6,31211.2,7.4,0.008,220362928,LOCKED
3832,827.924,-131301902825292,13827,80410,-29776.0,30747.0,7.4,0.011,220438886,LOCKED
3833,828.925,-131301902829862,38121,104704,-29794.7,30467.8,7.6,0.020,220528697,LOCKED
3834,829.924,-131301902860597,35961,102544,-29794.6,30468.3,7.7,0.016,220477383,LOCKED
3835,830.927,-131301902964198,-34495,32088,-29902.0,30612.2,7.7,0.018,220572155,LOCKED
3836,831.926,-131301902986740,-24602,41981,-29985.5,30634.7,7.6,0.019,220646770,LOCKED
3837,832.925,-131301902977838,13493,80076,-29969.0,30684.4,7.6,0.020,220747441,LOCKED
3838,833.925,-131301903066994,-43461,23122,-30006.4,31101.5,7.6,0.022,220750718,LOCKED
3839,834.928,-131301903069967,-16333,50250,-29983.8,30927.6,7.5,0.022,220839052,LOCKED
3840,835.923,-131301903085333,156,66739,-30076.1,30085.4,7.7,0.026,220914493,LOCKED
3841,836.927,-131301903094308,21426,88009,-30120.1,29558.2,7.6,0.026,220997843,LOCKED
3842,837.927,-131301903122641,22937,89520,-30144.8,29293.6,7.8,0.031,221069620,LOCKED
3843,838.924,-131301903183244,-6620,59963,-30178.1,29259.3,8.0,0.036,221154997,LOCKED
3844,839.924,-131301903237370,-28212,38371,-30246.9,29471.0,8.0,0.038,221130556,LOCKED
3845,840.925,-131301903267771,-26117,40466,-30314.0,29637.9,7.8,0.036,221205741,LOCKED
3846,841.929,-131301903280314,-8006,58577,-30317.3,29646.3,7.9,0.040,221274893,LOCKED
3847,842.925,-131301903291264,9583,76166,-30245.9,29371.3,7.8,0.038,221357275,LOCKED
3848,843.924,-131301903372935,-37982,28601,-30372.4,29457.3,7.8,0.039,221369460,LOCKED
3849,844.926,-131301903382080,-14581,52002,-30455.0,29191.8,8.0,0.042,221451797,LOCKED
3850,845.925,-131301903422683,-22467,44116,-30528.8,29229.5,7.9,0.039,221522280,LOCKED
3851,846.927,-131301903427848,2943,69526,-30535.9,29216.6,8.6,0.044,221595211,LOCKED
3852,847.925,-131301903419995,38777,105360,-30474.9,29682.5,8.6,0.041,221692623,LOCKED
3853,848.926,-131301903414120,69707,136290,-30324.6,31079.0,8.7,0.038,221790189,LOCKED
3854,849.924,-131301903545050,-29657,36926,-30336.2,31182.5,9.2,0.041,221757028,LOCKED
3855,850.927,-131301903544826,2227,68810,-30405.0,30671.2,9.3,0.042,221849790,LOCKED
3856,851.924,-131301903557578,17573,84156,-30320.8,30485.1,9.2,0.037,221929737,LOCKED
3857,852.928,-131301903553719,47725,114308,-30202.3,31049.5,9.2,0.044,222025218,LOCKED
3858,853.928,-131301903630052,1461,68044,-30198.2,31049.9,9.2,0.045,222042681,LOCKED
3859,854.927,-131301903652423,8751,75334,-30186.4,31071.4,9.3,0.045,222114558,LOCKED
3860,855.925,-131301903663810,25700,92283,-30138.2,31265.8,9.4,0.046,222196724,LOCKED
3861,856.926,-131301903671916,44030,110613,-30029.6,31739.0,9.4,0.037,222277536,LOCKED
3862,857.926,-131301903690109,52065,118648,-29929.4,32509.7,9.7,0.025,222354996,LOCKED
3863,858.926,-131301903727460,43037,109620,-29922.2,32605.2,9.7,0.013,222301705,LOCKED
3864,859.925,-131301903823013,-19452,47131,-30044.2,31994.9,10.1,0.007,222401153,LOCKED
3865,860.926,-131301903836156,-1751,64832,-30080.6,31891.4,9.9,-0.010,222484068,LOCKED
3866,861.925,-131301903840713,21796,88379,-30019.8,31980.5,10.3,-0.019,222571636,LOCKED
3867,862.925,-131301903868036,21844,88427,-29925.9,31828.0,11.1,-0.035,222635573,LOCKED
3868,863.925,-131301903959752,-37663,28920,-29975.4,32210.8,11.6,-0.001,222636167,LOCKED
3869,864.925,-131301903974901,-22271,44312,-29966.1,32135.3,11.9,0.021,222714194,LOCKED
3870,865.926,-131301903984266,-3206,63377,-29885.2,31431.6,12.4,0.055,222796805,LOCKED
3871,866.925,-131301904000625,10409,76992,-29906.9,31310.7,12.7,0.071,222872170,LOCKED
3872,867.926,-131301904010011,28769,95352,-29848.6,31547.6,12.8,0.084,222953547,LOCKED
3873,868.927,-131301904021944,42997,109580,-29738.9,31973.1,12.8,0.096,223035302,LOCKED
3874,869.926,-131301904146478,-49657,16926,-29761.5,32292.1,12.8,0.094,222999106,LOCKED
3875,870.926,-131301904161435,-34292,32291,-29731.8,31876.8,13.0,0.077,223080737,LOCKED
3876,871.925,-131301904176240,-16751,49832,-29832.5,31477.0,13.0,0.093,223156486,LOCKED
3877,872.926,-131301904197756,-6746,59837,-29904.3,31146.0,12.7,0.109,223225632,LOCKED
3878,873.926,-131301904177475,39935,106518,-29798.5,31493.0,12.7,0.119,223339208,LOCKED
3879,874.927,-131301904207044,36632,103215,-29685.9,31661.9,12.9,0.139,223404958,LOCKED
3880,875.926,-131301904218038,50314,116897,-29523.4,31875.8,12.9,0.145,223484420,LOCKED
3881,876.926,-131301904349188,-50112,16471,-29498.9,31410.8,12.9,0.140,223444803,LOCKED
3882,877.926,-131301904359741,-30817,35766,-29464.7,30942.8,12.9,0.146,223526162,LOCKED
3883,878.926,-131301904378499,-17683,48900,-29554.6,30698.8,12.5,0.144,223597250,LOCKED
3884,879.927,-131301904386637,4583,71166,-29604.0,30380.9,12.5,0.148,223679093,LOCKED
3885,880.926,-131301904420783,424,67007,-29623.5,30340.2,12.4,0.152,223739358,LOCKED
3886,881.927,-131301904428136,21223,87806,-29586.5,30476.8,12.1,0.148,223824399,LOCKED
3887,882.927,-131301904474481,3420,70003,-29540.9,30325.1,11.7,0.144,223868255,LOCKED
3888,883.927,-131301904473977,32625,99208,-29553.9,30159.9,11.3,0.139,223856856,LOCKED
3889,884.927,-131301904486989,46753,113336,-29513.2,30655.2,10.8,0.134,224037898,LOCKED
3890,885.928,-131301904530559,30708,97291,-29466.6,30932.4,10.4,0.134,223983430,LOCKED
3891,886.927,-131301904637314,-44077,22506,-29516.2,31433.3,10.3,0.130,224069710,LOCKED
3892,887.927,-131301904660655,-36320,30263,-29533.5,31613.9,10.2,0.131,224142752,LOCKED
3893,888.928,-131301904679018,-25248,41335,-29486.6,31005.3,10.2,0.132,224217726,LOCKED
3894,889.927,-131301904709788,-26588,39995,-29439.4,30358.7,9.7,0.130,224290101,LOCKED
3895,890.928,-131301904769366,-52441,14142,-29562.8,31087.6,9.6,0.125,224368709,LOCKED
3896,891.928,-131301904699367,44524,111107,-29509.3,31612.8,9.5,0.120,224472684,LOCKED
3897,892.927,-131301904814685,-39433,27150,-29534.6,31882.8,9.3,0.115,224447408,LOCKED
3898,893.927,-131301904789209,15707,82290,-29567.2,31613.1,9.2,0.110,224564918,LOCKED
3899,894.928,-131301904882782,-44841,21742,-29662.5,32168.3,9.1,0.105,224646245,LOCKED
3900,895.927,-131301904826371,38467,105050,-29590.6,32587.9,9.1,0.103,224602603,LOCKED
3901,896.926,-131301904848697,41935,108518,-29473.8,32911.4,9.0,0.098,224674602,LOCKED
3902,897.928,-131301904951267,-30103,36480,-29475.7,32929.1,9.0,0.096,224769314,LOCKED
3903,898.927,-131301904957837,-6691,59892,-29489.4,32941.2,9.0,0.095,224859256,LOCKED
3904,899.927,-131301904948379,31029,97612,-29480.8,33020.0,8.9,0.089,224953363,LOCKED
3905,900.928,-131301904976125,31557,98140,-29474.0,33083.3,8.9,0.087,225025075,LOCKED
3906,901.930,-131301905093303,-52109,14474,-29585.7,33794.9,8.9,0.086,224996121,LOCKED
3907,902.928,-131301905097037,-24695,41888,-29621.4,33955.7,8.8,0.079,225088405,LOCKED
3908,903.929,-131301905077133,24824,91407,-29662.5,33487.5,8.6,0.072,225196970,LOCKED
3909,904.927,-131301905093502,36645,103228,-29651.2,33605.8,8.6,0.071,225271613,LOCKED
3910,905.927,-131301905112515,45607,112190,-29644.8,33693.5,8.5,0.062,225344270,LOCKED
3911,906.928,-131301905240654,-48822,17761,-29763.3,34244.9,8.4,0.068,225308119,LOCKED
3912,907.927,-131301905265624,-41693,24890,-29808.7,34643.3,8.5,0.066,225377157,LOCKED
3913,908.928,-131301905274750,-21347,40915,-29756.5,34064.8,8.5,0.064,225458264,LOCKED
3914,909.927,-131301905308115,-21757,40505,-29877.5,33584.5,8.8,0.069,225517708,LOCKED
3915,910.928,-131301905333622,-15548,46714,-29942.1,33526.9,9.1,0.064,225584264,LOCKED
3916,911.929,-131301905366391,-16977,45285,-29982.5,33595.9,8.9,0.051,225644857,LOCKED
3917,912.928,-131301905377207,1156,63418,-29933.6,33399.6,8.9,0.049,225725410,LOCKED
3918,913.927,-131301905356930,48619,110881,-29879.5,33960.3,8.7,0.033,225837073,LOCKED
3919,914.928,-131301905399880,33562,95824,-29837.8,34239.1,8.7,0.031,225780530,LOCKED
3920,915.929,-131301905511854,-45722,16540,-29901.8,34775.0,8.6,0.029,225865957,LOCKED
3921,916.928,-131301905520156,-23554,38708,-29890.5,34683.2,8.6,0.026,225951395,LOCKED
3922,917.928,-131301905543918,-17724,44538,-29846.2,34273.8,8.7,0.022,226020349,LOCKED
3923,918.928,-131301905545659,8446,70708,-29765.2,33906.5,8.6,0.019,226109443,LOCKED
3924,919.928,-131301905562430,20881,83143,-29772.5,33854.4,8.6,0.030,226186437,LOCKED
3925,920.930,-131301905580787,30510,92772,-29735.5,34083.0,9.0,-0.000,226258143,LOCKED
3926,921.928,-131301905599608,38191,100453,-29640.1,34405.1,9.0,-0.001,226331469,LOCKED
3927,922.928,-131301905630710,33641,95903,-29544.3,34589.8,9.0,0.007,226287393,LOCKED
3928,923.929,-131301905726845,-29523,32739,-29663.6,34426.3,8.8,-0.004,226385377,LOCKED
3929,924.928,-131301905753458,-23827,38435,-29754.0,34372.3,8.8,-0.011,226452984,LOCKED
3930,925.929,-131301905774224,-13537,48725,-29795.5,34394.0,8.4,-0.019,226526567,LOCKED
3931,926.929,-131301905777134,12410,74672,-29770.0,34434.0,8.1,-0.025,226614057,LOCKED
3932,927.929,-131301905811919,6144,68406,-29718.8,34301.0,8.3,-0.037,226683104,LOCKED
3933,928.929,-131301905874729,-26619,35643,-29690.5,33999.7,8.3,-0.031,226766810,LOCKED
3934,929.929,-131301905838232,38666,100928,-29710.6,33723.1,8.4,-0.025,226721910,LOCKED
3935,930.930,-131301905860097,44736,106998,-29697.8,33886.2,8.1,-0.027,226796182,LOCKED
3936,931.931,-131301905961039,-23999,38263,-29781.3,33891.6,8.0,-0.029,226893510,LOCKED
3937,932.930,-131301905963009,4158,66420,-29805.2,33809.9,8.0,-0.025,226981576,LOCKED
3938,933.929,-131301906044109,-45111,17151,-29829.6,34098.4,8.1,-0.020,226996289,LOCKED
3939,934.928,-131301906057102,-27503,34759,-29821.7,34025.9,7.9,-0.026,227071489,LOCKED
3940,935.928,-131301906072246,-13727,48535,-29754.5,33334.9,7.9,-0.027,227151138,LOCKED
3941,936.929,-131301906082384,7046,69308,-29823.1,32753.6,7.9,-0.029,227230573,LOCKED
3942,937.929,-131301906083134,34766,97028,-29814.5,32842.6,7.8,-0.029,227320682,LOCKED
3943,938.930,-131301906093300,51531,113793,-29758.6,33473.6,7.8,-0.031,227403967,LOCKED
3944,939.930,-131301906226834,-48928,13334,-29840.1,34125.0,8.0,-0.035,227360591,LOCKED
3945,940.929,-131301906163971,41043,103305,-29774.2,34574.0,7.9,-0.034,227411687,LOCKED
3946,941.931,-131301906197889,33826,96088,-29679.5,34769.8,7.9,-0.035,227471418,LOCKED
3947,942.931,-131301906317506,-52667,9595,-29761.0,35487.9,8.1,-0.040,227546088,LOCKED
3948,943.929,-131301906317585,-22656,39606,-29739.4,35303.2,8.1,-0.042,227638544,LOCKED
3949,944.935,-131301906356778,-31799,30463,-29701.7,34821.7,8.3,-0.046,227692157,LOCKED
3950,945.930,-131301906369955,-15682,46580,-29655.5,34416.9,8.2,-0.044,227770057,LOCKED
3951,946.929,-131301906389121,-3764,58498,-29719.5,34132.8,8.2,-0.046,227842926,LOCKED
3952,947.930,-131301906400659,14438,76700,-29744.6,33965.4,8.3,-0.046,227921541,LOCKED
3953,948.930,-131301906423804,20298,82560,-29742.1,33980.8,8.2,-0.043,227989538,LOCKED
3954,949.931,-131301906442127,30337,92599,-29724.8,34116.6,8.3,-0.038,228064732,LOCKED
3955,950.931,-131301906474897,27206,89468,-29765.9,33619.4,8.4,-0.038,228127464,LOCKED
3956,951.932,-131301906481655,45397,107659,-29604.7,33590.3,8.4,-0.040,228211772,LOCKED
3957,952.931,-131301906511816,43068,105330,-29589.3,33775.9,8.4,-0.041,228165961,LOCKED
3958,953.930,-131301906605924,-20719,41543,-29590.7,33784.9,8.4,-0.043,228273056,LOCKED
3959,954.930,-131301906641916,-23909,38353,-29708.8,33424.2,8.4,-0.045,228327385,LOCKED
3960,955.931,-131301906660849,-13574,48688,-29664.5,33057.4,8.5,-0.047,228399396,LOCKED
3961,956.930,-131301906679420,-3931,58331,-29586.6,32402.6,8.6,-0.050,228471019,LOCKED
3962,957.930,-131301906690341,14489,76751,-29598.7,32332.1,8.5,-0.053,228556069,LOCKED
3963,958.931,-131301906708742,23994,86256,-29555.5,32495.7,8.7,-0.056,228630139,LOCKED
3964,959.930,-131301906717260,40751,103013,-29412.8,32499.5,8.8,-0.060,228711784,LOCKED
3965,960.931,-131301906753999,29700,91962,-29279.2,32133.6,8.8,-0.065,228768724,LOCKED
3966,961.931,-131301906794184,18808,81070,-29311.2,31839.3,8.8,-0.071,228726988,LOCKED
3967,962.932,-131301906885682,-40111,22151,-29405.1,32250.5,8.8,-0.079,228816548,LOCKED
3968,963.933,-131301906863246,9849,72111,-29329.0,31955.3,8.8,-0.088,228947518,LOCKED
3969,964.932,-131301906882003,17454,79716,-29212.1,31339.2,8.7,-0.096,229004775,LOCKED
3970,965.931,-131301906901748,23056,85318,-29060.5,30294.7,8.8,-0.095,229078838,LOCKED
3971,966.931,-131301906943526,10680,72942,-29095.1,30046.8,9.0,-0.065,229137550,LOCKED
3972,967.932,-131301906993668,-8758,53504,-29159.6,29828.4,9.0,-0.056,229197263,LOCKED
3973,968.932,-131301907065449,-47697,14565,-29261.2,30491.7,9.0,-0.048,229151768,LOCKED
3974,969.932,-131301907113819,-61902,360,-29399.2,31547.1,8.8,-0.041,229227605,LOCKED
3975,970.932,-131301907120372,-35975,26287,-29490.8,31846.6,8.5,-0.030,229313182,LOCKED
3976,971.932,-131301907173917,-55394,6868,-29626.4,32586.9,8.6,-0.050,229386905,LOCKED
3977,972.931,-131301907153495,-4777,57485,-29646.4,32580.9,8.7,-0.071,229464868,LOCKED
3978,973.932,-131301907233190,-52682,9580,-29664.0,32850.4,8.6,-0.081,229481099,LOCKED
3979,974.932,-131301907244112,-32748,29514,-29668.0,32891.0,8.5,-0.094,229555547,LOCKED
3980,975.935,-131301907281325,-35976,26286,-29820.3,32525.5,8.4,-0.105,229624799,LOCKED
3981,976.936,-131301907288715,-11525,50737,-29900.5,32230.2,8.6,-0.091,229698852,LOCKED
3982,977.933,-131301907276626,29512,91774,-29902.8,32207.0,8.6,-0.087,229804065,LOCKED
3983,978.933,-131301907283011,49708,111970,-29822.3,32902.7,8.4,-0.086,229891224,LOCKED
3984,979.933,-131301907403749,-38887,23375,-29871.6,33291.7,8.3,-0.084,229862946,LOCKED
3985,980.932,-131301907400711,-6311,55951,-29844.7,33172.7,8.2,-0.089,229956102,LOCKED
3986,981.932,-131301907405072,16794,79056,-29755.7,32929.7,8.3,-0.094,230046637,LOCKED
3987,982.932,-131301907421666,26823,89085,-29646.4,32776.6,8.5,-0.106,230121627,LOCKED
3988,983.933,-131301907504973,-24177,38085,-29736.9,32728.4,8.6,-0.103,230129539,LOCKED
3989,984.936,-131301907537164,-23994,38268,-29826.6,32683.0,8.6,-0.107,230188252,LOCKED
3990,985.932,-131301907538941,4486,66748,-29855.2,32566.2,8.7,-0.111,230280454,LOCKED
3991,986.932,-131301907535879,34810,97072,-29785.7,32900.9,8.7,-0.114,230372395,LOCKED
3992,987.933,-131301907569269,29129,91391,-29732.2,33137.3,8.9,-0.124,230328248,LOCKED
3993,988.933,-131301907681626,-48999,13263,-29871.6,33543.5,8.8,-0.120,230413363,LOCKED
3994,989.933,-131301907692957,-29544,32718,-29867.4,33502.5,8.7,-0.117,230491069,LOCKED
3995,990.933,-131301907713107,-19909,42353,-29830.1,33143.8,8.7,-0.115,230566293,LOCKED
3996,991.935,-131301907715465,7999,70261,-29864.9,32945.7,8.7,-0.113,230656161,LOCKED
3997,992.932,-131301907737607,14752,77014,-29841.8,33005.9,8.6,-0.114,230727183,LOCKED
3998,993.932,-131301907835366,-47961,14301,-30017.8,32880.7,8.5,-0.110,230719679,LOCKED
3999,994.934,-131301907862120,-40432,21830,-30160.1,32873.6,8.4,-0.111,230783691,LOCKED
4000,995.933,-131301907876690,-22227,40035,-30251.7,32759.4,8.5,-0.113,230862677,LOCKED
4001,996.932,-131301907898463,-12428,49834,-30295.9,32757.0,8.7,-0.109,230932970,LOCKED
4002,997.932,-131301907915002,727,62989,-30267.5,32689.9,9.0,-0.106,231008737,LOCKED
4003,998.932,-131301907930144,13600,75862,-30179.4,32361.7,9.0,-0.106,231084298,LOCKED
4004,999.933,-131301907959285,15809,78071,-30263.4,31258.9,8.8,-0.110,231150547,LOCKED
4005,1000.932,-131301907981011,21911,84173,-30180.1,31207.4,8.8,-0.110,231219675,LOCKED
4006,1001.932,-131301908008404,22278,84540,-30098.2,31178.0,8.8,-0.110,231285168,LOCKED
4007,1002.932,-131301908022330,38037,100299,-30141.3,30437.5,8.6,-0.116,231360506,LOCKED
4008,1003.932,-131301908126065,-32059,30203,-30259.9,30365.9,8.6,-0.116,231352734,LOCKED
4009,1004.932,-131301908144626,-17433,44829,-30374.8,29749.3,8.6,-0.122,231427112,LOCKED
4010,1005.932,-131301908160201,-1300,60962,-30438.2,29370.5,9.2,-0.123,231504866,LOCKED
4011,1006.932,-131301908172952,16191,78453,-30455.5,29239.1,9.7,-0.124,231581760,LOCKED
4012,1007.932,-131301908189697,28237,90499,-30420.7,29467.4,9.6,-0.133,231657692,LOCKED
4013,1008.933,-131301908204483,41042,103304,-30350.0,29989.7,9.6,-0.137,231739146,LOCKED
4014,1009.933,-131301908215248,56259,118521,-30229.0,30899.0,9.6,-0.133,231819134,LOCKED
4015,1010.933,-131301908331190,-27975,34287,-30255.1,31080.8,9.7,-0.130,231797023,LOCKED
4016,1011.932,-131301908350936,-17548,44714,-30221.8,30775.2,9.8,-0.136,231871544,LOCKED
4017,1012.932,-131301908353694,7989,70251,-30140.3,30347.5,9.7,-0.132,231960015,LOCKED
4018,1013.933,-131301908345845,43739,106001,-30103.1,30771.7,9.9,-0.136,232069447,LOCKED
4019,1014.933,-131301908388038,30538,92800,-30099.4,30809.2,9.8,-0.143,232137264,LOCKED
4020,1015.933,-131301908482737,-31242,31020,-30186.0,31002.3,9.9,-0.141,232105330,LOCKED
4021,1016.933,-131301908505323,-21808,40454,-30239.8,31120.0,10.0,-0.133,232180259,LOCKED
4022,1017.933,-131301908499508,13019,75281,-30201.1,31146.0,10.1,-0.123,232272306,LOCKED
4023,1018.934,-131301908497263,41778,104040,-30089.5,31518.3,10.2,-0.113,232372204,LOCKED
4024,1019.933,-131301908517817,46427,108689,-29926.5,31516.2,10.2,-0.112,232336348,LOCKED
4025,1020.934,-131301908631782,-36652,25610,-29912.6,31327.2,10.2,-0.109,232420356,LOCKED
4026,1021.934,-131301908608185,14558,76820,-29823.8,31004.3,10.2,-0.095,232538093,LOCKED
4027,1022.934,-131301908612499,38214,100476,-29796.3,31286.2,10.5,-0.066,232627449,LOCKED
4028,1023.933,-131301908702447,-21494,40768,-29782.3,31165.9,10.6,-0.038,232625783,LOCKED
4029,1024.934,-131301908715024,-5403,56859,-29718.5,30653.6,10.8,-0.026,232702730,LOCKED
4030,1025.934,-131301908723390,13096,75358,-29600.0,29800.5,11.1,0.020,232790292,LOCKED
4031,1026.935,-131301908747316,15997,78259,-29490.3,29202.9,11.4,0.041,232857388,LOCKED
4032,1027.936,-131301908756054,33369,95631,-29379.7,29275.6,11.7,0.061,232940483,LOCKED
4033,1028.936,-131301908772468,43636,105538,-29319.7,29841.8,11.8,0.068,233015829,LOCKED
4034,1029.935,-131301908898997,-49170,12732,-29454.3,30349.5,11.7,0.076,232978725,LOCKED
4035,1030.934,-131301908839891,37107,99009,-29403.9,30744.1,11.6,0.083,233024421,LOCKED
4036,1031.935,-131301908959300,-48400,13502,-29544.4,31141.8,11.4,0.088,233101169,LOCKED
4037,1032.935,-131301908978274,-35846,26056,-29582.2,31460.2,11.3,0.093,233172711,LOCKED
4038,1033.937,-131301908944997,26460,88362,-29599.1,31282.7,11.3,0.096,233302027,LOCKED
4039,1034.934,-131301908963607,35647,97549,-29569.9,31549.7,11.2,0.092,233376008,LOCKED
4040,1035.938,-131301908982932,43798,105700,-29539.9,31900.1,11.0,0.095,233445046,LOCKED
4041,1036.934,-131301909023466,30832,92734,-29494.4,32167.0,11.0,0.092,233391784,LOCKED
4042,1037.934,-131301909128832,-43361,18541,-29504.6,32302.4,11.0,0.094,233481307,LOCKED
4043,1038.935,-131301909147774,-32722,29180,-29453.8,31512.2,11.0,0.096,233554161,LOCKED
4044,1039.936,-131301909159692,-13316,48586,-29523.6,31358.6,11.1,0.098,233637713,LOCKED
4045,1040.935,-131301909169106,6226,68128,-29506.1,31365.9,11.1,0.103,233718081,LOCKED
4046,1041.934,-131301909179597,22619,84521,-29414.9,31262.0,10.9,0.102,233800535,LOCKED
4047,1042.935,-131301909196962,30912,92814,-29281.6,30943.0,10.3,0.099,233877013,LOCKED
4048,1043.936,-131301909290485,-31005,30897,-29344.3,31221.5,10.3,0.100,233871166,LOCKED
4049,1044.935,-131301909314710,-23902,38000,-29401.9,31366.0,10.1,0.098,233938452,LOCKED
4050,1045.935,-131301909326048,-6031,55871,-29382.4,31290.1,10.0,0.092,234020860,LOCKED
4051,1046.936,-131301909346233,1275,63177,-29291.5,30527.6,9.9,0.092,234092518,LOCKED
4052,1047.936,-131301909356788,17042,78944,-29173.9,29851.5,9.2,0.085,234174497,LOCKED
4053,1048.935,-131301909398357,5313,67215,-29215.5,29598.4,9.4,0.087,234232123,LOCKED
4054,1049.936,-131301909470292,-34540,27362,-29298.9,29915.7,9.4,0.086,234296587,LOCKED
4055,1050.936,-131301909419465,42821,104723,-29234.3,30464.7,9.3,0.085,234382238,LOCKED
4056,1051.938,-131301909546631,-52260,9642,-29287.4,31137.4,9.4,0.081,234347826,LOCKED
4057,1052.937,-131301909540400,-16614,45288,-29266.0,30973.0,9.1,0.075,234447182,LOCKED
4058,1053.936,-131301909523900,28532,90434,-29283.0,30778.7,9.1,0.073,234447578,LOCKED
4059,1054.936,-131301909635481,-49023,12879,-29434.6,31078.4,9.0,0.070,234535186,LOCKED
4060,1055.936,-131301909645015,-26333,35569,-29527.8,31069.9,8.8,0.061,234617299,LOCKED
4061,1056.936,-131301909647780,1132,63034,-29564.3,30927.4,8.8,0.064,234704892,LOCKED
4062,1057.937,-131301909646550,30197,92099,-29529.5,31166.1,8.8,0.067,234800306,LOCKED
4063,1058.936,-131301909658508,44516,106418,-29443.8,31741.5,8.7,0.063,234880100,LOCKED
4064,1059.936,-131301909689454,39999,101901,-29362.2,32190.6,9.1,0.060,234835789,LOCKED
4065,1060.937,-131301909737727,19181,81083,-29300.4,32222.0,9.1,0.055,234879605,LOCKED
4066,1061.938,-131301909764469,19666,81568,-29231.2,32220.7,9.0,0.051,234943483,LOCKED
4067,1062.936,-131301909869258,-53496,8406,-29259.9,32641.7,9.1,0.046,235035312,LOCKED
4068,1063.936,-131301909853025,-6261,55641,-29335.1,32271.5,9.0,0.040,235143670,LOCKED
4069,1064.936,-131301909881563,-4154,57748,-29392.6,32041.4,9.4,0.047,235205372,LOCKED
4070,1065.936,-131301909900727,6244,68146,-29411.4,31969.8,9.2,0.065,235278969,LOCKED
4071,1066.936,-131301909930877,5189,67091,-29404.5,31977.2,8.9,0.086,235344636,LOCKED
4072,1067.936,-131301909956227,8259,70161,-29369.8,31958.6,9.1,0.100,235408270,LOCKED
4073,1068.937,-131301909971036,20430,82332,-29286.3,31865.7,9.9,0.122,235485018,LOCKED
4074,1069.937,-131301909988377,28659,90561,-29151.3,31424.6,10.5,0.074,235559963,LOCKED
4075,1070.937,-131301910115896,-64040,0,-29323.4,32275.5,10.9,0.048,235524010,LOCKED
4076,1071.936,-131301910134082,-48490,15550,-29459.5,32701.5,11.2,0.027,235591803,LOCKED
4077,1072.937,-131301910155651,-37753,26287,-29536.6,33090.2,11.9,-0.021,235666696,LOCKED
4078,1073.937,-131301910148346,-1832,62208,-29488.3,32849.5,11.6,-0.053,235765959,LOCKED
4079,1074.937,-131301910158548,15697,79737,-29428.0,32820.8,11.5,-0.070,235850334,LOCKED
4080,1075.938,-131301910172510,30628,94668,-29452.8,32520.5,11.5,-0.072,235922587,LOCKED
4081,1076.938,-131301910192060,39225,103265,-29454.0,32505.5,11.0,-0.117,235995732,LOCKED
4082,1077.937,-131301910219810,38468,102508,-29397.0,32912.4,11.3,-0.141,236061222,LOCKED
4083,1078.937,-131301910343766,-53330,10710,-29443.9,33505.8,11.3,-0.141,236025673,LOCKED
4084,1079.937,-131301910355914,-34872,29168,-29442.9,33495.0,11.2,-0.147,236107628,LOCKED
4085,1080.938,-131301910378079,-24204,39836,-29569.3,33022.0,11.2,-0.155,236180909,LOCKED
4086,1081.939,-131301910381837,1466,65506,-29564.8,33022.3,11.3,-0.162,236263952,LOCKED
4087,1082.938,-131301910387191,23125,87165,-29477.8,32975.8,11.4,-0.152,236352657,LOCKED
4088,1083.939,-131301910482911,-39270,24770,-29601.6,33132.2,11.4,-0.151,236345060,LOCKED
4089,1084.937,-131301910495880,-20569,43471,-29669.0,33161.0,11.3,-0.150,236427637,LOCKED
4090,1085.937,-131301910505450,-488,63552,-29667.3,33160.5,11.0,-0.149,236509748,LOCKED
4091,1086.938,-131301910502788,29528,93568,-29602.8,33387.5,10.9,-0.140,236603509,LOCKED
4092,1087.939,-131301910537394,21940,85980,-29512.3,33276.7,10.6,-0.139,236670964,LOCKED
4093,1088.938,-131301910600155,-12094,51946,-29453.4,32735.6,10.7,-0.132,236632925,LOCKED
4094,1089.939,-131301910679037,-55899,8141,-29636.8,32947.3,10.7,-0.125,236702728,LOCKED
4095,1090.937,-131301910612811,36209,100249,-29512.5,32977.7,10.8,-0.118,236754571,LOCKED
4096,1091.938,-131301910730352,-46733,17307,-29684.8,32845.9,10.8,-0.117,236831369,LOCKED
4097,1092.941,-131301910769186,-50713,13327,-29854.5,32972.1,10.7,-0.116,236903322,LOCKED
4098,1093.938,-131301910794697,-43756,20284,-29910.0,33463.2,10.7,-0.115,237020220,LOCKED
4099,1094.937,-131301910749002,29023,93063,-29819.5,33553.9,10.8,-0.120,237094866,LOCKED
4100,1095.939,-131301910798419,7621,71661,-29743.4,33217.1,10.7,-0.119,237165002,LOCKED
4101,1096.938,-131301910888337,-50060,13980,-29782.6,33696.0,10.8,-0.123,237138528,LOCKED
4102,1097.939,-131301910902979,-31058,32982,-29920.7,33334.7,10.9,-0.125,237214972,LOCKED
4103,1098.937,-131301910918076,-13806,50234,-30017.1,32915.8,10.9,-0.123,237294248,LOCKED
4104,1099.940,-131301910919467,14738,78778,-30037.6,32780.7,10.8,-0.121,237382880,LOCKED
4105,1100.939,-131301910920809,40846,104886,-29978.5,33232.6,10.5,-0.115,237475815,LOCKED
4106,1101.939,-131301910940131,47709,111749,-29871.5,33809.8,10.5,-0.112,237442287,LOCKED
4107,1102.938,-131301911033276,-15501,48539,-29848.8,33654.1,10.5,-0.108,237546209,LOCKED
4108,1103.938,-131301911000845,44863,108903,-29829.3,33891.9,10.6,-0.103,237672775,LOCKED
4109,1104.941,-131301911124222,-44554,19486,-29958.2,34202.8,10.7,-0.098,237637985,LOCKED
4110,1105.939,-131301911132183,-20626,43414,-30018.8,34265.3,10.8,-0.099,237727001,LOCKED
4111,1106.939,-131301911135709,5678,69718,-30018.9,34264.9,10.5,-0.090,237812717,LOCKED
4112,1107.938,-131301911151319,18331,82371,-29963.2,34306.4,10.4,-0.087,237892165,LOCKED
4113,1108.940,-131301911161849,35193,99233,-29895.4,34634.5,10.1,-0.077,237972602,LOCKED
4114,1109.938,-131301911190226,35560,99600,-29898.0,34605.2,10.0,-0.072,238039503,LOCKED
4115,1110.939,-131301911216000,35692,99732,-29761.2,34466.7,9.9,-0.067,237998307,LOCKED
4116,1111.939,-131301911330918,-44553,19487,-29928.5,34305.7,9.9,-0.069,238075441,LOCKED
4117,1112.939,-131301911338840,-20420,43620,-29999.0,34312.2,9.8,-0.063,238165890,LOCKED
4118,1113.943,-131301911308412,36586,100626,-29891.8,34509.0,9.8,-0.057,238284977,LOCKED
4119,1114.939,-131301911326773,46791,110831,-29904.6,34311.5,9.8,-0.049,238362437,LOCKED
4120,1115.940,-131301911368306,34070,98110,-29907.7,34278.6,9.9,-0.051,238304436,LOCKED
4121,1116.940,-131301911474285,-38938,25102,-29993.4,34657.6,9.8,-0.043,238395942,LOCKED
4122,1117.940,-131301911502430,-35317,28723,-30021.7,34890.7,9.7,-0.033,238463262,LOCKED
4123,1118.941,-131301911510552,-13789,50251,-29980.4,34571.3,9.6,-0.022,238546778,LOCKED
4124,1119.939,-131301911542345,-15870,48170,-29940.8,34242.3,9.5,-0.036,238606798,LOCKED
4125,1120.939,-131301911562056,-6015,58025,-29912.3,34118.7,9.4,-0.017,238678397,LOCKED
4126,1121.940,-131301911595637,-9945,54095,-29882.9,33951.7,9.2,-0.000,238738665,LOCKED
4127,1122.940,-131301911603398,12940,76980,-29942.0,33401.6,9.2,0.003,238821550,LOCKED
4128,1123.939,-131301911612858,31358,95398,-29892.7,33669.0,9.0,0.020,238799675,LOCKED
4129,1124.939,-131301911624295,46608,110648,-29812.8,34258.4,9.1,0.023,238881586,LOCKED
4130,1125.940,-131301911748457,-45011,19029,-29872.0,34766.0,9.1,0.026,238952438,LOCKED
4131,1126.939,-131301911762026,-27178,36862,-29902.0,34934.4,9.2,0.017,239034370,LOCKED
4132,1127.939,-131301911795591,-29316,34724,-29928.1,35106.0,9.3,0.017,239091898,LOCKED
4133,1128.942,-131301911797302,-2010,62030,-29879.9,34878.0,8.9,-0.006,239180079,LOCKED
4134,1129.940,-131301911829228,-5259,58781,-29812.0,34369.9,8.9,0.009,239240462,LOCKED
4135,1130.940,-131301911840022,14559,78599,-29875.6,33727.5,8.9,0.023,239324863,LOCKED
4136,1131.939,-131301911863040,21429,85469,-29912.0,33365.1,8.7,0.023,239403584,LOCKED
4137,1132.940,-131301911927749,-11299,52741,-29994.9,33040.9,8.2,0.035,239482148,LOCKED
4138,1133.940,-131301911945462,972,65012,-29996.0,33040.5,8.2,0.042,239501528,LOCKED
4139,1134.943,-131301911965387,9720,73760,-29947.1,32975.1,8.3,0.048,239568612,LOCKED
4140,1135.940,-131301911986616,16049,80089,-29856.4,32689.2,8.4,0.053,239643751,LOCKED
4141,1136.940,-131301912034150,-3159,60881,-29775.9,32005.4,8.7,0.066,239708497,LOCKED
4142,1137.944,-131301912100889,-39326,24714,-29749.4,31595.6,8.4,0.076,239786071,LOCKED
4143,1138.940,-131301912143854,-47878,16162,-29899.0,31854.9,8.7,0.086,239758953,LOCKED
4144,1139.940,-131301912147024,-18975,45065,-29974.3,31792.6,8.5,0.088,239848078,LOCKED
4145,1140.942,-131301912162418,-3492,60548,-30012.9,31696.6,8.3,0.083,239931719,LOCKED
4146,1141.941,-131301912158131,28594,92634,-29951.6,31922.0,8.1,0.079,240019806,LOCKED
4147,1142.941,-131301912164117,48062,112102,-29810.6,32284.2,8.0,0.077,240106819,LOCKED
4148,1143.942,-131301912274812,-29703,34337,-29914.5,32286.7,8.1,0.074,240088378,LOCKED
4149,1144.941,-131301912291829,-15189,48851,-29968.7,32282.0,8.1,0.071,240161178,LOCKED
4150,1145.945,-131301912284955,20144,84184,-29928.0,32395.0,8.1,0.068,240262630,LOCKED
4151,1146.940,-131301912296521,34784,98824,-29802.9,32359.0,8.1,0.068,240343629,LOCKED
4152,1147.941,-131301912312679,44095,108135,-29663.3,32552.5,8.1,0.066,240420722,LOCKED
4153,1148.942,-131301912353625,30462,94502,-29598.5,32802.5,8.3,0.063,240366201,LOCKED
4154,1149.941,-131301912382958,30105,94145,-29618.1,32577.9,8.2,0.064,240429530,LOCKED
4155,1150.940,-131301912496292,-51884,12156,-29616.5,32551.2,8.1,0.066,240510301,LOCKED
4156,1151.940,-131301912524461,-46047,17993,-29755.6,32836.1,8.2,0.065,240577728,LOCKED
4157,1152.943,-131301912532231,-20951,43089,-29873.6,32352.5,8.2,0.063,240660537,LOCKED
4158,1153.942,-131301912498343,41558,105598,-29881.4,32242.5,8.2,0.062,240788686,LOCKED
4159,1154.945,-131301912538652,28176,92216,-29783.0,32246.9,8.0,0.057,240730861,LOCKED
4160,1155.940,-131301912651826,-51998,12042,-29854.5,32975.8,8.0,0.056,240818735,LOCKED
4161,1156.940,-131301912660972,-27590,36450,-29990.5,32488.1,7.8,0.050,240902637,LOCKED
4162,1157.943,-131301912678734,-13062,50978,-30081.8,32101.8,7.6,0.043,240976756,LOCKED
4163,1158.943,-131301912690132,6164,70204,-30118.7,31899.1,7.9,0.041,241059851,LOCKED
4164,1159.940,-131301912712649,12876,76916,-30096.5,31947.0,8.2,0.039,241125870,LOCKED
4165,1160.941,-131301912731426,21655,85695,-30007.6,31839.0,8.4,0.038,241199200,LOCKED
4166,1161.942,-131301912753996,25784,89824,-29887.9,31506.7,8.4,0.037,241269263,LOCKED
4167,1162.945,-131301912763119,44084,108124,-29840.2,31988.4,8.3,0.043,241355613,LOCKED
4168,1163.944,-131301912878046,-39862,24178,-29829.8,31841.7,8.4,0.051,241327206,LOCKED
4169,1164.942,-131301912904774,-32837,31203,-29968.0,31539.9,8.4,0.060,241394218,LOCKED
4170,1165.942,-131301912943979,-38393,25647,-30085.0,31735.1,8.9,0.071,241450198,LOCKED
4171,1166.941,-131301912942133,-5870,58170,-30104.3,31737.5,9.5,0.076,241542694,LOCKED
4172,1167.942,-131301912962683,3151,67191,-30083.4,31717.9,9.6,0.080,241616904,LOCKED
4173,1168.941,-131301912959862,32742,96782,-29975.0,31783.9,9.7,0.086,241707604,LOCKED
4174,1169.941,-131301912986991,32146,96186,-29859.3,31751.2,9.8,0.092,241774701,LOCKED
4175,1170.942,-131301912990345,53456,117496,-29692.9,32080.7,9.9,0.101,241864165,LOCKED
4176,1171.942,-131301913032315,39801,103841,-29691.5,32098.9,10.3,0.115,241924338,LOCKED
4177,1172.942,-131301913079500,21474,85514,-29686.4,32132.8,11.0,0.069,241864231,LOCKED
4178,1173.942,-131301913122588,6179,70219,-29603.5,31656.2,11.6,0.032,242004348,LOCKED
4179,1174.943,-131301913159161,-2586,61454,-29510.9,30751.7,11.9,-0.013,242061212,LOCKED
4180,1175.942,-131301913166519,16724,80764,-29399.0,30164.1,11.9,-0.010,242145722,LOCKED
4181,1176.942,-131301913199297,13330,77370,-29420.5,30018.1,11.9,-0.021,242216769,LOCKED
4182,1177.942,-131301913267063,-22535,41505,-29504.9,29972.6,12.0,-0.032,242291245,LOCKED
4183,1178.942,-131301913332785,-54705,9335,-29612.7,30865.6,12.2,-0.057,242267713,LOCKED
4184,1179.941,-131301913340758,-30535,33505,-29686.3,31104.2,12.4,-0.083,242338300,LOCKED
4185,1180.943,-131301913339492,501,64541,-29691.2,31101.0,12.6,-0.102,242431842,LOCKED
4186,1181.942,-131301913419621,-46442,17598,-29785.7,31718.0,13.0,-0.131,242518009,LOCKED
4187,1182.942,-131301913351402,47796,111836,-29680.1,32331.2,13.4,-0.156,242605304,LOCKED
4188,1183.942,-131301913443786,-15113,48927,-29644.8,32041.4,13.4,-0.167,242603359,LOCKED
4189,1184.942,-131301913498679,-39581,24459,-29617.2,31608.2,13.2,-0.168,242690573,LOCKED
4190,1185.943,-131301913462081,26128,90168,-29635.9,31412.3,13.3,-0.158,242772356,LOCKED
4191,1186.943,-131301913481232,34977,99017,-29613.7,31624.3,13.3,-0.157,242735930,LOCKED
4192,1187.943,-131301913577333,-28575,35465,-29710.4,31656.2,13.1,-0.158,242838030,LOCKED
4193,1188.943,-131301913575327,2986,67026,-29707.8,31658.2,12.9,-0.157,242933787,LOCKED
4194,1189.942,-131301913570429,35269,99309,-29652.4,32014.5,12.7,-0.164,243029048,LOCKED
4195,1190.943,-131301913587406,44287,100186,-29546.3,32500.2,12.5,-0.169,243104327,LOCKED
4196,1191.942,-131301913617152,40373,96272,-29431.0,32778.2,12.6,-0.174,243063942,LOCKED
4197,1192.943,-131301913723289,-33749,22150,-29501.8,33084.7,12.4,-0.177,243155581,LOCKED
4198,1193.943,-131301913719801,-825,55074,-29497.1,33081.5,12.2,-0.180,243246747,LOCKED
4199,1194.942,-131301913747005,931,56830,-29472.3,33032.7,12.2,-0.186,243312879,LOCKED
4200,1195.943,-131301913766798,9171,65070,-29416.8,32915.2,12.2,-0.192,243388538,LOCKED
4201,1196.943,-131301913789120,15001,70900,-29379.6,32967.4,11.7,-0.194,243450418,LOCKED
4202,1197.944,-131301913798514,33717,89616,-29373.4,33030.8,10.9,-0.191,243536145,LOCKED
4203,1198.943,-131301913837636,23898,79797,-29409.7,32631.3,10.2,-0.191,243484513,LOCKED
4204,1199.944,-131301913947578,-52263,3636,-29537.6,33276.0,10.1,-0.191,243570517,LOCKED
4205,1200.943,-131301913883939,38581,94480,-29487.2,33659.5,10.0,-0.190,243621956,LOCKED
4206,1201.945,-131301913993090,-39233,16666,-29512.8,33913.8,9.9,-0.189,243714030,LOCKED
4207,1202.944,-131301914000272,-17420,38479,-29458.3,33352.5,10.1,-0.190,243791251,LOCKED
4208,1203.944,-131301913975227,35672,91571,-29448.3,33455.3,10.0,-0.188,243910198,LOCKED
4209,1204.944,-131301914003760,34821,90720,-29419.5,33695.5,10.6,-0.191,243972620,LOCKED
4210,1205.945,-131301914032729,32382,88281,-29331.4,33894.4,10.5,-0.188,243928821,LOCKED
4211,1206.944,-131301914151060,-54204,1695,-29359.7,34297.7,10.4,-0.184,244011468,LOCKED
4212,1207.943,-131301914161470,-34693,21206,-29329.5,33893.3,10.3,-0.180,244086667,LOCKED
4213,1208.944,-131301914188016,-31259,24640,-29309.4,33662.0,10.3,-0.181,244151460,LOCKED
4214,1209.943,-131301914199729,-14259,41640,-29256.3,33170.6,10.2,-0.176,244235002,LOCKED
4215,1210.944,-131301914208088,7438,63337,-29308.0,32804.6,10.1,-0.171,244317307,LOCKED
4216,1211.943,-131301914218485,25906,81805,-29329.4,32584.3,9.9,-0.165,244398073,LOCKED
4217,1212.943,-131301914263263,10387,66286,-29343.2,32520.3,9.8,-0.158,244465249,LOCKED
4218,1213.944,-131301914332903,-29434,26465,-29317.6,32214.2,9.7,-0.151,244463867,LOCKED
4219,1214.943,-131301914348896,-16231,39668,-29284.6,31936.2,9.6,-0.143,244541983,LOCKED
4220,1215.944,-131301914347073,15474,71373,-29339.8,31363.8,9.5,-0.134,244632053,LOCKED
4221,1216.944,-131301914390451,2325,58224,-29387.3,31109.0,9.4,-0.125,244697525,LOCKED
4222,1217.944,-131301914466604,-40891,15008,-29493.8,31486.0,9.2,-0.115,244765718,LOCKED
4223,1218.944,-131301914429926,23789,79688,-29460.0,31645.2,9.3,-0.113,244724350,LOCKED
4224,1219.944,-131301914547708,-60434,0,-29560.9,32689.6,9.3,-0.112,244804343,LOCKED
4225,1220.945,-131301914540626,-22636,37798,-29580.0,32795.0,9.3,-0.109,244901811,LOCKED
4226,1221.944,-131301914542007,4575,65009,-29539.0,32701.6,9.1,-0.093,244992254,LOCKED
4227,1222.943,-131301914551749,21432,81866,-29430.1,32363.2,8.9,-0.074,244969479,LOCKED
4228,1223.945,-131301914607869,-3541,56893,-29508.7,31878.5,8.8,-0.062,245109209,LOCKED
4229,1224.944,-131301914630265,4721,65155,-29573.1,31384.1,8.8,-0.051,245179694,LOCKED
4230,1225.944,-131301914632403,31858,92292,-29611.5,30826.9,8.8,-0.054,245271482,LOCKED
4231,1226.945,-131301914658173,34210,94644,-29595.3,30990.3,8.8,-0.058,245230520,LOCKED
4232,1227.946,-131301914765547,-40188,20246,-29694.6,31388.0,8.7,-0.048,245324352,LOCKED
4233,1228.944,-131301914775917,-19957,40477,-29705.9,31451.2,8.7,-0.038,245402328,LOCKED
4234,1229.945,-131301914795818,-10037,50397,-29694.8,31402.6,8.6,-0.027,245473780,LOCKED
4235,1230.944,-131301914812800,1054,61488,-29616.8,30843.8,8.7,-0.001,245553467,LOCKED
4236,1231.948,-131301914834950,6829,67263,-29545.0,30507.4,9.1,0.022,245618955,LOCKED
4237,1232.945,-131301914845700,23320,83754,-29470.5,30561.1,9.5,0.044,245702908,LOCKED
4238,1233.945,-131301914952180,-50454,9980,-29545.5,31302.4,9.5,0.052,245688252,LOCKED
4239,1234.944,-131301914972620,-38639,21795,-29614.4,31739.0,9.6,0.058,245758572,LOCKED
4240,1235.946,-131301914997978,-32821,27613,-29636.5,31932.6,9.5,0.062,245824589,LOCKED
4241,1236.946,-131301915008896,-13762,46672,-29630.3,31900.8,9.5,0.066,245904701,LOCKED
4242,1237.946,-131301915021238,3967,64401,-29658.6,31788.2,9.4,0.070,245983777,LOCKED
4243,1238.945,-131301915040399,15439,75873,-29732.2,30887.7,9.5,0.074,246056575,LOCKED
4244,1239.946,-131301915065141,20405,80839,-29765.0,30553.4,9.5,0.077,246127862,LOCKED
4245,1240.946,-131301915091291,22794,83228,-29742.7,30679.2,9.5,0.081,246191893,LOCKED
4246,1241.947,-131301915110844,32851,93285,-29791.0,29898.7,9.3,0.083,246266081,LOCKED
4247,1242.945,-131301915150622,20223,80657,-29694.8,29654.1,9.1,0.085,246210187,LOCKED
4248,1243.945,-131301915223509,-20645,39789,-29774.7,29593.3,9.4,0.093,246329694,LOCKED
4249,1244.945,-131301915252067,-16414,44020,-29895.6,28807.2,9.3,0.090,246397086,LOCKED
4250,1245.946,-131301915282235,-15926,44508,-29906.5,28858.1,9.0,0.094,246457727,LOCKED
4251,1246.945,-131301915297010,-1429,59005,-29872.8,28722.9,8.9,0.097,246535735,LOCKED
4252,1247.945,-131301915317744,8683,69117,-29935.2,28112.0,8.8,0.101,246607861,LOCKED
4253,1248.946,-131301915329690,25440,85874,-29917.0,28249.4,8.8,0.100,246687709,LOCKED
4254,1249.946,-131301915341635,39936,100370,-29812.7,28641.9,8.8,0.101,246769508,LOCKED
4255,1250.945,-131301915464013,-50381,10053,-29839.2,29056.7,8.8,0.102,246738796,LOCKED
4256,1251.947,-131301915479567,-34947,25487,-29837.4,29033.7,9.2,0.096,246815505,LOCKED
4257,1252.946,-131301915487332,-10735,49699,-29924.8,28581.9,9.2,0.094,246897577,LOCKED
4258,1253.947,-131301915477148,27756,88190,-29891.5,28804.7,9.2,0.092,247013200,LOCKED
4259,1254.946,-131301915510645,22770,83204,-29861.6,28959.9,9.1,0.087,247057627,LOCKED
4260,1255.947,-131301915529579,31347,91781,-29798.2,29263.8,8.9,0.082,247131313,LOCKED
4261,1256.946,-131301915582788,6963,67397,-29762.0,29219.9,8.8,0.078,247190551,LOCKED
4262,1257.946,-131301915654722,-34096,26338,-29759.9,29193.9,8.8,0.078,247267899,LOCKED
4263,1258.947,-131301915705928,-52836,7598,-29804.9,29835.5,8.6,0.073,247231791,LOCKED
4264,1259.947,-131301915709670,-23266,37168,-29938.6,29127.2,8.4,0.066,247320374,LOCKED
4265,1260.946,-131301915744459,-27491,32943,-29923.5,28953.6,8.4,0.064,247383798,LOCKED
4266,1261.947,-131301915739965,7863,68297,-29982.7,28417.0,8.5,0.062,247478912,LOCKED
4267,1262.947,-131301915742567,33666,94100,-29961.2,28635.0,8.5,0.054,247564794,LOCKED
4268,1263.946,-131301915855273,-46998,13436,-29985.2,28987.1,8.6,0.051,247545493,LOCKED
4269,1264.947,-131301915877402,-37776,22658,-29989.4,29042.6,7.8,0.036,247615023,LOCKED
4270,1265.947,-131301915874380,-5705,54729,-29933.6,28602.6,7.8,0.033,247707613,LOCKED
4271,1266.948,-131301915893150,6719,67153,-30006.8,27850.0,7.8,0.030,247785984,LOCKED
4272,1267.947,-131301915919487,10780,71214,-30044.0,27547.7,7.8,0.028,247852476,LOCKED
4273,1268.952,-131301915931641,27817,88251,-30048.4,27498.5,8.1,0.026,247929774,LOCKED
4274,1269.947,-131301915960026,28001,88435,-30022.4,27702.8,8.2,0.023,247995232,LOCKED
4275,1270.947,-131301915979549,35709,96143,-29944.6,28099.7,8.2,0.020,248068945,LOCKED
4276,1271.946,-131301916011942,30097,90531,-29839.2,28100.8,8.2,0.014,248130496,LOCKED
4277,1272.948,-131301916021480,46512,106946,-29725.6,28694.9,8.2,0.019,248209180,LOCKED
4278,1273.948,-131301916112016,-12745,47689,-29780.8,28634.4,8.2,0.026,248212329,LOCKED
4279,1274.948,-131301916126185,2904,63338,-29787.4,28622.7,8.1,0.036,248286732,LOCKED
4280,1275.948,-131301916138178,18534,78968,-29711.9,28539.0,8.1,0.032,248371530,LOCKED
4281,1276.949,-131301916146496,36889,97323,-29623.9,28919.3,8.1,0.033,248452364,LOCKED
4282,1277.947,-131301916172023,39355,99789,-29609.4,29105.5,8.1,0.032,248412997,LOCKED
4283,1278.947,-131301916288132,-45229,15205,-29628.2,29375.2,8.2,0.064,248495363,LOCKED
4284,1279.955,-131301916317483,-40266,20168,-29791.5,29004.5,8.1,0.080,248558373,LOCKED
4285,1280.947,-131301916321612,-12951,47483,-29851.2,28916.1,8.1,0.082,248647198,LOCKED
4286,1281.946,-131301916339002,-639,59795,-29842.8,28906.8,8.2,0.069,248721726,LOCKED
4287,1282.947,-131301916345164,20680,81114,-29761.1,28829.3,8.2,0.071,248808238,LOCKED
4288,1283.947,-131301916453212,-53930,6504,-29852.0,29743.6,8.3,0.061,248795972,LOCKED
4289,1284.947,-131301916471588,-39951,20483,-29908.5,30216.0,8.7,0.041,248867218,LOCKED
4290,1285.948,-131301916487622,-25536,34898,-29892.5,30048.5,8.7,0.034,248941503,LOCKED
4291,1286.947,-131301916494360,-3568,56866,-29828.2,29551.1,8.7,0.028,249027088,LOCKED
4292,1287.948,-131301916509922,11156,71590,-29869.3,29214.1,8.7,0.023,249101946,LOCKED
4293,1288.948,-131301916514676,34484,94918,-29838.9,29495.4,8.8,0.018,249190323,LOCKED
4294,1289.948,-131301916544778,32234,92668,-29794.9,29802.6,8.7,0.022,249255490,LOCKED
4295,1290.948,-131301916561384,42259,102693,-29709.8,30338.0,8.8,0.017,249222460,LOCKED
4296,1291.947,-131301916682914,-46866,13568,-29764.2,30923.8,8.5,0.013,249301221,LOCKED
4297,1292.947,-131301916687452,-21375,39059,-29741.6,30709.3,8.1,0.009,249389263,LOCKED
4298,1293.948,-131301916672620,23052,83486,-29772.8,30365.8,8.1,0.013,249502928,LOCKED
4299,1294.948,-131301916711573,14088,74522,-29807.0,30083.0,8.1,0.017,249547997,LOCKED
4300,1295.948,-131301916731731,23225,83659,-29820.5,29955.0,8.4,0.026,249621409,LOCKED
4301,1296.947,-131301916784149,1031,61465,-29842.0,29900.4,8.4,0.029,249688844,LOCKED
4302,1297.948,-131301916850478,-33259,27175,-29894.6,30236.3,8.4,0.032,249655288,LOCKED
4303,1298.948,-131301916896240,-46366,14068,-29953.1,30834.2,8.4,0.035,249731965,LOCKED
4304,1299.948,-131301916903806,-23003,37431,-29962.7,30900.7,8.3,0.034,249818321,LOCKED
4305,1300.948,-131301916903924,5673,66107,-29914.7,30769.4,8.3,0.037,249907561,LOCKED
4306,1301.948,-131301916908905,27490,87924,-29807.3,30653.6,8.3,0.040,249996313,LOCKED
4307,1302.948,-131301916936791,26594,87028,-29713.1,30644.7,8.3,0.043,249958385,LOCKED
4308,1303.948,-131301916992882,642,61076,-29735.1,30592.4,7.9,0.046,250095126,LOCKED
4309,1304.949,-131301917058463,-32485,27949,-29814.7,30859.0,7.9,0.044,250170704,LOCKED
4310,1305.948,-131301917106025,-46455,13979,-29923.0,31428.4,8.2,0.042,250260246,LOCKED
4311,1306.948,-131301917137234,-44540,15894,-30006.1,32002.7,8.1,0.046,250228907,LOCKED
4312,1307.949,-131301917136573,-13124,47310,-30021.1,32046.2,8.1,0.050,250322570,LOCKED
4313,1308.948,-131301917159931,-6791,53643,-29993.5,31913.4,8.1,0.048,250392261,LOCKED
4314,1309.948,-131301917169248,11586,72020,-29899.8,31441.8,8.1,0.050,250475739,LOCKED
4315,1310.949,-131301917187794,23024,83458,-29942.3,30938.1,8.0,0.053,250547510,LOCKED
4316,1311.948,-131301917204152,35406,95840,-29942.2,30939.4,7.8,0.047,250626733,LOCKED
4317,1312.948,-131301917321542,-48179,12255,-30051.8,31563.4,7.8,0.045,250600280,LOCKED
4318,1313.948,-131301917312273,-9054,51380,-30027.1,31430.4,7.8,0.043,250698466,LOCKED
4319,1314.948,-131301917339658,-6695,53739,-30002.1,31314.3,8.1,0.041,250765794,LOCKED
4320,1315.948,-131301917370187,-7861,52573,-29957.5,31005.2,8.9,0.039,250826222,LOCKED
4321,1316.948,-131301917377368,13544,73978,-29912.6,31016.6,9.0,0.044,250913386,LOCKED
4322,1317.949,-131301917384355,35053,95487,-29901.4,31137.5,9.1,0.051,250999067,LOCKED
4323,1318.948,-131301917409453,38955,99389,-29922.0,30824.0,9.2,0.058,250959961,LOCKED
4324,1319.949,-131301917428595,47390,107824,-29885.7,31279.9,9.4,0.059,251140284,LOCKED
4325,1320.951,-131301917454948,48669,109103,-29856.0,31678.8,9.5,0.061,251099024,LOCKED
4326,1321.951,-131301917573702,-37685,22749,-29918.3,32088.1,9.5,0.062,251179278,LOCKED
4327,1322.951,-131301917575856,-10218,50216,-29886.6,31887.8,9.4,0.053,251266318,LOCKED
4328,1323.950,-131301917564988,30316,90750,-29926.3,31338.3,9.6,0.056,251370517,LOCKED
4329,1324.950,-131301917610768,15113,75547,-29983.5,30728.8,9.7,0.060,251419351,LOCKED
4330,1325.950,-131301917642533,13049,73483,-29991.4,30687.7,9.9,0.065,251479499,LOCKED
4331,1326.950,-131301917649263,34184,94618,-29943.8,31022.0,10.2,0.038,251564372,LOCKED
4332,1327.950,-131301917665653,44725,105159,-29870.2,31608.8,10.4,0.016,251637333,LOCKED
4333,1328.951,-131301917790595,-47620,12814,-29924.9,32186.5,10.7,-0.032,251604247,LOCKED
4334,1329.951,-131301917813908,-38921,21513,-29962.7,32532.0,10.8,-0.048,251677670,LOCKED
4335,1330.950,-131301917838047,-31866,28568,-29970.1,32603.2,10.8,-0.064,251742878,LOCKED
4336,1331.951,-131301917870651,-33124,27310,-29982.6,32722.0,10.8,-0.065,251803634,LOCKED
4337,1332.950,-131301917879185,-12485,47949,-29921.9,32136.2,10.8,-0.064,251885028,LOCKED
4338,1333.949,-131301917878733,17082,77516,-29910.7,32187.0,10.8,-0.062,251979234,LOCKED
4339,1334.951,-131301917886489,36522,96956,-29838.1,32560.1,10.9,-0.078,252060090,LOCKED
4340,1335.952,-131301917901447,47247,107681,-29712.5,33020.6,10.9,-0.086,252138391,LOCKED
4341,1336.950,-131301918025801,-45951,14483,-29706.9,32935.2,10.8,-0.095,252109579,LOCKED
4342,1337.952,-131301918037147,-27634,32800,-29658.7,32292.1,10.8,-0.100,252189362,LOCKED
4343,1338.951,-131301918035357,4516,64950,-29700.7,32065.6,10.2,-0.107,252281633,LOCKED
4344,1339.950,-131301918070739,-91,53839,-29753.4,31806.6,10.0,-0.112,252351244,LOCKED
4345,1340.951,-131301918124061,-21907,32023,-29803.0,31933.5,10.0,-0.125,252412031,LOCKED
4346,1341.951,-131301918177846,-43064,10866,-29870.2,32458.1,10.2,-0.135,252511224,LOCKED
4347,1342.950,-131301918211436,-44651,9279,-29900.6,32811.1,10.0,-0.136,252471662,LOCKED
4348,1343.951,-131301918191735,6314,60244,-29978.2,32096.1,10.0,-0.137,252583251,LOCKED
4349,1344.950,-131301918246488,-15852,38078,-30080.1,31652.4,10.1,-0.145,252675765,LOCKED
4350,1345.950,-131301918215274,43544,97474,-30059.3,31910.7,10.2,-0.152,252640603,LOCKED
4351,1346.950,-131301918231387,54053,107983,-29980.4,32721.0,10.2,-0.152,252714403,LOCKED
4352,1347.950,-131301918348362,-31022,22908,-30023.1,32978.6,10.3,-0.147,252796049,LOCKED
4353,1348.951,-131301918353944,-7196,46734,-29980.8,32718.1,10.3,-0.148,252882733,LOCKED
4354,1349.951,-131301918353309,20793,74723,-29886.3,32530.7,10.1,-0.146,252975601,LOCKED
4355,1350.951,-131301918360823,38711,92641,-29731.8,32262.0,10.0,-0.146,253063381,LOCKED
4356,1351.952,-131301918382417,45054,98984,-29718.7,32438.5,10.0,-0.146,253133146,LOCKED
4357,1352.952,-131301918418107,36988,90918,-29677.3,32774.8,10.2,-0.150,253082153,LOCKED
4358,1353.953,-131301918511677,-26206,27724,-29668.0,32688.4,10.0,-0.147,253186852,LOCKED
4359,1354.951,-131301918530615,-15253,38677,-29653.5,32598.3,9.8,-0.141,253258505,LOCKED
4360,1355.951,-131301918559961,-15109,38821,-29620.3,32333.4,9.2,-0.131,253324960,LOCKED
4361,1356.952,-131301918578150,-3876,50054,-29604.1,32288.6,9.0,-0.124,253394184,LOCKED
4362,1357.951,-131301918594484,9545,63475,-29627.4,32165.4,8.8,-0.120,253468400,LOCKED
4363,1358.951,-131301918621669,12548,66478,-29675.9,31743.9,8.5,-0.115,253533766,LOCKED
4364,1359.952,-131301918650195,13490,67420,-29688.1,31675.0,8.4,-0.114,253597461,LOCKED
4365,1360.953,-131301918683725,8749,62679,-29658.5,31677.9,8.1,-0.108,253656010,LOCKED
4366,1361.951,-131301918723718,-2607,51323,-29603.9,31347.3,7.8,-0.101,253708272,LOCKED
4367,1362.951,-131301918740504,8291,62221,-29523.3,30947.2,7.6,-0.095,253783470,LOCKED
4368,1363.951,-131301918834791,-53268,662,-29592.1,31724.1,7.7,-0.094,253781684,LOCKED
4369,1364.952,-131301918850192,-35774,18156,-29694.9,31943.2,7.7,-0.091,253856082,LOCKED
4370,1365.955,-131301918875538,-27928,26002,-29820.4,31617.8,7.8,-0.092,253921763,LOCKED
4371,1366.952,-131301918894484,-14310,39620,-29931.4,30969.9,7.5,-0.082,253997982,LOCKED
4372,1367.953,-131301918899222,10920,64850,-29951.5,30856.5,7.2,-0.071,254082132,LOCKED
4373,1368.952,-131301918915184,23854,77784,-29939.3,30940.8,7.3,-0.066,254163571,LOCKED
4374,1369.952,-131301918937929,28917,82847,-29882.7,31185.7,7.2,-0.061,254229749,LOCKED
4375,1370.952,-131301918947895,45126,99056,-29775.6,31707.9,7.1,-0.055,254313073,LOCKED
4376,1371.952,-131301918967069,51033,104963,-29629.8,32162.2,7.0,-0.049,254382676,LOCKED
4377,1372.952,-131301918997586,48605,102535,-29635.0,32076.1,6.9,-0.042,254341551,LOCKED
4378,1373.952,-131301919081334,-4665,49265,-29668.7,32021.5,6.8,-0.034,254455458,LOCKED
4379,1374.952,-131301919095727,10369,64299,-29674.1,32000.4,7.0,-0.033,254529876,LOCKED
4380,1375.952,-131301919127056,8643,62573,-29685.0,31958.3,6.7,-0.047,254591200,LOCKED
4381,1376.953,-131301919127646,35053,88983,-29611.4,32297.2,6.7,-0.050,254687669,LOCKED
4382,1377.952,-131301919163444,25947,79877,-29511.1,32210.1,6.7,-0.053,254757562,LOCKED
4383,1378.952,-131301919222174,-4352,49578,-29450.7,31782.1,6.7,-0.050,254712533,LOCKED
4384,1379.953,-131301919305260,-55937,0,-29458.3,31916.1,6.7,-0.066,254782728,LOCKED
4385,1380.954,-131301919328253,-48133,7804,-29443.9,31667.5,6.8,-0.064,254831916,LOCKED
4386,1381.954,-131301919275571,32808,88745,-29440.3,31705.2,6.7,-0.049,254890619,LOCKED
4387,1382.954,-131301919371553,-31392,24545,-29503.2,31984.8,6.6,-0.032,254993031,LOCKED
4388,1383.953,-131301919345648,21305,77242,-29405.4,31772.1,6.6,-0.032,255108728,LOCKED
4389,1384.953,-131301919360416,32896,88833,-29310.4,31954.3,6.6,-0.032,255183869,LOCKED
4390,1385.953,-131301919488390,-62206,0,-29381.8,32923.2,6.6,-0.034,255150562,LOCKED
4391,1386.953,-131301919498540,-41626,20580,-29378.7,32881.1,6.6,-0.031,255233599,LOCKED
4392,1387.952,-131301919505890,-20254,41952,-29312.7,32044.8,7.2,-0.054,255315449,LOCKED
4393,1388.953,-131301919513447,2551,64757,-29368.5,31704.3,7.0,-0.048,255402219,LOCKED
4394,1389.953,-131301919529213,16125,78331,-29394.0,31506.1,7.0,-0.046,255476063,LOCKED
4395,1390.953,-131301919612345,-34269,27937,-29501.3,31636.8,7.1,-0.043,255482706,LOCKED
4396,1391.953,-131301919641518,-30629,31577,-29613.2,31589.9,7.3,-0.032,255549319,LOCKED
4397,1392.953,-131301919643288,-2089,60117,-29644.0,31521.2,7.3,-0.031,255638514,LOCKED
4398,1393.953,-131301919645755,23008,85214,-29580.0,31622.8,7.3,-0.030,255621499,LOCKED
4399,1394.953,-131301919756396,-55513,6693,-29612.3,32117.1,7.3,-0.029,255705109,LOCKED
4400,1395.954,-131301919765926,-34871,27335,-29581.8,31677.7,7.3,-0.028,255793454,LOCKED
4401,1396.953,-131301919770868,-8230,53976,-29666.5,31226.8,7.3,-0.027,255878313,LOCKED
4402,1397.954,-131301919794245,-987,61219,-29711.7,31044.6,7.3,-0.026,255947045,LOCKED
4403,1398.953,-131301919805803,15887,78093,-29675.3,31112.3,7.3,-0.025,256029185,LOCKED
4404,1399.953,-131301919822921,26591,88797,-29628.4,31321.1,7.4,-0.030,256102588,LOCKED
4405,1400.954,-131301919831499,45298,107504,-29588.7,31771.2,7.3,-0.031,256182599,LOCKED
4406,1401.953,-131301919872245,33480,95686,-29612.0,31459.9,7.1,-0.032,256131393,LOCKED
4407,1402.953,-131301919969991,-30640,31566,-29758.3,30912.6,7.1,-0.031,256228732,LOCKED
4408,1403.953,-131301919953051,15285,77491,-29745.8,30962.5,7.1,-0.031,256340058,LOCKED
4409,1404.954,-131301919969860,27491,89697,-29755.7,30860.1,7.1,-0.029,256412097,LOCKED
4410,1405.953,-131301919984606,38854,101060,-29641.1,31100.6,6.9,-0.032,256491851,LOCKED
4411,1406.953,-131301920020927,28641,90847,-29515.1,30787.8,7.1,-0.028,256442015,LOCKED
4412,1407.954,-131301920134694,-50656,11550,-29674.4,31071.3,7.6,-0.019,256522145,LOCKED
4413,1408.954,-131301920147236,-30653,31553,-29764.4,31222.7,7.8,-0.017,256603719,LOCKED
4414,1409.954,-131301920169965,-22321,39885,-29791.0,31354.3,7.9,-0.015,256672182,LOCKED
4415,1410.954,-131301920178755,-2206,60000,-29743.7,31104.8,8.0,-0.013,256757197,LOCKED
4416,1411.955,-131301920195085,9170,71376,-29658.8,30670.0,8.6,-0.009,256832236,LOCKED
4417,1412.955,-131301920204835,25979,88185,-29549.7,30476.6,8.5,-0.013,256914942,LOCKED
4418,1413.954,-131301920314554,-49857,12349,-29679.7,31044.8,8.9,-0.011,256896152,LOCKED
4419,1414.954,-131301920333916,-36401,25805,-29773.3,31350.8,8.9,-0.006,256968782,LOCKED
4420,1415.953,-131301920347121,-17907,44299,-29838.2,31338.1,8.9,-0.001,257046745,LOCKED
4421,1416.956,-131301920353835,5190,67396,-29845.5,31320.1,8.9,0.004,257134053,LOCKED
4422,1417.955,-131301920377773,10254,72460,-29821.1,31347.1,8.9,0.003,257201765,LOCKED
4423,1418.954,-131301920383118,32242,94448,-29752.5,31637.5,8.9,0.002,257287232,LOCKED
4424,1419.955,-131301920418728,24343,86549,-29692.7,31782.0,8.9,0.000,257362809,LOCKED
4425,1420.956,-131301920502282,-27848,34358,-29728.4,31990.1,9.1,-0.001,257423293,LOCKED
4426,1421.956,-131301920470779,31321,93527,-29679.2,32268.6,9.1,-0.003,257372725,LOCKED
4427,1422.955,-131301920532597,-1116,61090,-29662.7,32237.3,8.9,-0.013,257433274,LOCKED
4428,1423.954,-131301920573836,-10087,52119,-29774.0,31440.7,8.7,-0.024,257556980,LOCKED
4429,1424.954,-131301920609425,-13431,48775,-29873.1,30944.8,8.7,-0.027,257616389,LOCKED
4430,1425.954,-131301920627795,-400,61806,-29947.6,30413.2,8.6,-0.020,257686871,LOCKED
4431,1426.954,-131301920643757,13835,76041,-29982.9,30119.4,8.6,-0.011,257766436,LOCKED
4432,1427.954,-131301920715183,-25459,36747,-30046.2,30282.8,8.6,-0.004,257838827,LOCKED
4433,1428.955,-131301920766253,-43520,18686,-30119.3,30853.1,8.6,0.003,257827484,LOCKED
4434,1429.955,-131301920788439,-33532,28674,-30164.5,31169.5,8.6,-0.003,257896818,LOCKED
4435,1430.955,-131301920779625,4182,66388,-30109.3,30953.3,8.6,-0.009,257997387,LOCKED
4436,1431.955,-131301920779358,30968,93174,-29984.3,30754.8,8.7,0.001,258089024,LOCKED
4437,1432.955,-131301920790348,45258,107464,-29828.4,30797.2,8.7,0.010,258169855,LOCKED
4438,1433.955,-131301920886640,-19640,42566,-29872.7,30903.1,8.7,0.003,258169182,LOCKED
4439,1434.955,-131301920899228,-2495,59711,-29861.6,30882.0,8.6,-0.006,258247231,LOCKED
4440,1435.957,-131301920895211,29081,91287,-29796.9,31115.2,8.6,-0.014,258341712,LOCKED
4441,1436.955,-131301920908544,41296,103502,-29656.8,31178.3,8.6,-0.023,258426201,LOCKED
4442,1437.957,-131301920931510,43645,105851,-29516.0,31344.1,8.7,-0.047,258386890,LOCKED
4443,1438.956,-131301921036672,-30305,31901,-29548.9,31574.2,8.8,-0.059,258479008,LOCKED
4444,1439.956,-131301921058569,-19771,42435,-29657.7,31163.7,8.8,-0.067,258548629,LOCKED
4445,1440.956,-131301921092371,-21052,41154,-29763.4,30837.2,8.8,-0.066,258611375,LOCKED
4446,1441.955,-131301921104105,-4149,58057,-29701.1,30367.3,8.9,-0.075,258687362,LOCKED
4447,1442.955,-131301921125859,4350,66556,-29735.5,30198.3,9.0,-0.083,258757836,LOCKED
4448,1443.955,-131301921126147,30594,92800,-29628.9,30206.2,9.1,-0.090,258741914,LOCKED
4449,1444.956,-131301921155528,27229,89435,-29496.6,29718.8,9.2,-0.097,258805650,LOCKED
4450,1445.956,-131301921270478,-52907,9299,-29669.9,29931.9,9.2,-0.102,258889385,LOCKED
4451,1446.956,-131301921289439,-38405,23801,-29792.5,30080.3,9.6,-0.115,258959571,LOCKED
4452,1447.957,-131301921299621,-17152,45054,-29844.7,30121.7,9.1,-0.120,259042588,LOCKED
4453,1448.956,-131301921310388,1528,63734,-29827.6,30101.9,9.2,-0.125,259125683,LOCKED
4454,1449.956,-131301921323285,16496,78702,-29758.6,30024.9,9.2,-0.129,259202647,LOCKED
4455,1450.956,-131301921381498,-10237,51969,-29826.2,29810.0,9.3,-0.133,259238200,LOCKED
4456,1451.956,-131301921395643,6090,68296,-29868.1,29541.8,9.3,-0.135,259312696,LOCKED
4457,1452.956,-131301921412613,17879,80085,-29843.4,29637.0,9.3,-0.139,259390979,LOCKED
4458,1453.955,-131301921476542,-15952,46254,-29829.3,29537.1,9.4,-0.142,259416931,LOCKED
4459,1454.956,-131301921509102,-15610,46596,-29954.4,28629.5,9.7,-0.149,259477945,LOCKED
4460,1455.955,-131301921512700,11373,73579,-30004.2,28158.6,9.7,-0.148,259566118,LOCKED
4461,1456.955,-131301921521039,31458,93664,-29978.9,28386.6,9.8,-0.151,259649618,LOCKED
4462,1457.955,-131301921523201,55770,117976,-29899.5,29344.9,9.8,-0.154,259742261,LOCKED
4463,1458.957,-131301921572066,34108,96314,-29823.8,29682.5,10.2,-0.160,259677468,LOCKED
4464,1459.956,-131301921676072,-38257,23949,-29849.4,29962.0,10.0,-0.166,259767862,LOCKED
4465,1460.956,-131301921697010,-28944,33262,-29820.9,29588.7,10.3,-0.171,259840622,LOCKED
4466,1461.957,-131301921696396,181,62387,-29756.8,29173.1,10.6,-0.176,259933494,LOCKED
4467,1462.957,-131301921711510,14829,77035,-29781.7,28975.0,10.9,-0.180,260010123,LOCKED
4468,1463.956,-131301921805465,-46675,15531,-29835.2,29578.8,11.2,-0.184,260009812,LOCKED
4469,1464.956,-131301921733022,51032,113238,-29695.5,30129.5,11.4,-0.184,260067197,LOCKED
4470,1465.958,-131301921848796,-34348,27858,-29672.6,29800.8,11.4,-0.186,260150694,LOCKED
4471,1467.015,-131301921862546,-18655,43551,-29630.2,29337.0,11.4,-0.181,260226863,LOCKED
4472,1467.956,-131301921869705,4867,67073,-29690.0,28863.0,11.1,-0.172,260312309,LOCKED
4473,1468.957,-131301921896862,7731,69937,-29719.1,28691.9,11.0,-0.168,260375498,LOCKED
4474,1469.958,-131301921906424,26702,88908,-29705.3,28807.2,11.0,-0.163,260462645,LOCKED
4475,1470.957,-131301921937410,23709,85915,-29660.6,28985.6,10.9,-0.157,260535814,LOCKED
4476,1471.957,-131301921988748,1365,63571,-29630.1,28904.0,10.5,-0.143,260593934,LOCKED
4477,1472.958,-131301922071433,-49566,12640,-29651.9,29246.5,10.4,-0.136,260568760,LOCKED
4478,1473.959,-131301922065425,-11597,50609,-29746.2,28724.1,10.0,-0.119,260681775,LOCKED
4479,1474.959,-131301922075146,9051,71257,-29791.9,28352.3,9.8,-0.108,260752839,LOCKED
4480,1475.957,-131301922097324,16269,78475,-29799.5,28299.7,9.9,-0.095,260826468,LOCKED
4481,1476.957,-131301922168129,-23181,39025,-29837.4,28473.4,9.9,-0.080,260896675,LOCKED
4482,1477.957,-131301922116059,54682,116888,-29729.7,29411.4,10.1,-0.073,260986120,LOCKED
4483,1478.959,-131301922241829,-39788,22418,-29740.6,29554.0,10.3,-0.064,260954789,LOCKED
4484,1479.957,-131301922246207,-14441,47765,-29715.7,29362.9,10.4,-0.054,261042588,LOCKED
4485,1480.957,-131301922293720,-29351,32855,-29808.8,29456.2,11.0,-0.051,261088402,LOCKED
4486,1481.958,-131301922340900,-44846,17360,-29826.3,29704.1,11.7,-0.096,261166848,LOCKED
4487,1482.958,-131301922304469,19895,82101,-29784.9,29822.4,11.9,-0.115,261258545,LOCKED
4488,1483.957,-131301922397189,-40015,22191,-29866.9,30299.4,12.0,-0.131,261261437,LOCKED
4489,1484.958,-131301922398014,-9780,52426,-29909.3,30265.4,12.1,-0.146,261350519,LOCKED
4490,1485.957,-131301922408952,8734,70940,-29901.4,30283.3,12.1,-0.144,261432297,LOCKED
4491,1486.957,-131301922409074,35684,97890,-29821.7,30639.9,12.2,-0.156,261525078,LOCKED
4492,1487.958,-131301922436472,36627,98833,-29810.0,30774.2,12.1,-0.135,261483333,LOCKED
4493,1488.957,-131301922528810,-22486,39720,-29940.5,30110.2,12.0,-0.125,261587493,LOCKED
4494,1489.957,-131301922537328,626,62832,-30024.6,29378.1,11.9,-0.145,261673721,LOCKED
4495,1490.958,-131301922538266,28218,90424,-29998.1,29573.4,11.8,-0.161,261763197,LOCKED
4496,1491.958,-131301922560476,33090,95296,-29909.9,29821.1,11.1,-0.166,261835471,LOCKED
4497,1492.958,-131301922579798,39553,101759,-29772.9,29845.6,10.3,-0.169,261906276,LOCKED
4498,1493.960,-131301922690533,-37920,24286,-29881.3,30112.3,10.0,-0.170,261890322,LOCKED
4499,1494.958,-131301922711302,-26614,35592,-29944.8,30300.3,9.3,-0.162,261959144,LOCKED
4500,1495.958,-131301922728848,-14049,48157,-29929.6,30202.9,9.2,-0.153,262034347,LOCKED
4501,1496.959,-131301922758998,-14688,47518,-29884.5,29767.1,8.8,-0.153,262099160,LOCKED
4502,1497.958,-131301922772791,-342,61864,-29798.1,28994.7,8.8,-0.152,262174640,LOCKED
4503,1498.958,-131301922791557,10739,72945,-29818.4,28872.8,8.7,-0.151,262245285,LOCKED
4504,1499.958,-131301922814079,17381,79587,-29815.2,28892.0,8.7,-0.150,262317430,LOCKED
4505,1500.958,-131301922849484,11691,73897,-29829.8,28807.7,8.3,-0.148,262378238,LOCKED
4506,1501.958,-131301922840818,47020,109226,-29752.4,29504.3,8.3,-0.152,262482476,LOCKED
4507,1502.959,-131301922878160,36646,98852,-29676.6,29907.6,8.3,-0.151,262426317,LOCKED
4508,1503.959,-131301922945492,-2201,60005,-29614.3,29466.8,8.3,-0.154,262552807,LOCKED
4509,1504.958,-131301922980480,-8433,53773,-29558.0,28971.1,8.4,-0.157,262610771,LOCKED
4510,1505.959,-131301922993014,9444,64957,-29615.7,28423.4,8.4,-0.160,262688144,LOCKED
4511,1506.959,-131301923003348,28001,83514,-29626.8,28295.6,8.5,-0.164,262771867,LOCKED
4512,1507.959,-131301923009918,48279,103792,-29570.6,28961.3,8.4,-0.161,262855337,LOCKED
4513,1508.959,-131301923061648,24317,79830,-29522.5,29145.8,8.8,-0.166,262792380,LOCKED
4514,1509.959,-131301923162221,-44390,11123,-29563.7,29627.6,8.8,-0.167,262887889,LOCKED
4515,1510.959,-131301923187940,-37645,17868,-29643.6,30046.1,8.8,-0.168,262955599,LOCKED
4516,1511.960,-131301923192321,-11766,43747,-29654.3,30078.7,8.8,-0.165,263039991,LOCKED
4517,1512.959,-131301923207459,1960,57473,-29618.7,29976.6,8.7,-0.162,263116327,LOCKED
4518,1513.959,-131301923195807,40907,96420,-29572.6,30422.2,8.9,-0.156,263113796,LOCKED
4519,1514.959,-131301923231964,32663,88176,-29545.5,30655.3,9.1,-0.155,263169549,LOCKED
4520,1515.959,-131301923269305,22959,78472,-29489.9,30790.5,8.7,-0.148,263225296,LOCKED
4521,1516.959,-131301923278451,39443,94956,-29365.8,30962.1,8.8,-0.143,263412831,LOCKED
4522,1517.959,-131301923324801,18928,74441,-29223.7,29901.9,8.9,-0.138,263356038,LOCKED
4523,1518.961,-131301923438111,-62503,0,-29250.1,30407.5,9.1,-0.139,263434925,LOCKED
4524,1519.959,-131301923465469,-55796,6707,-29393.9,31134.4,9.1,-0.135,263502996,LOCKED
4525,1520.960,-131301923489690,-46612,15891,-29513.4,31635.9,9.2,-0.137,263567474,LOCKED
4526,1521.959,-131301923496836,-22848,39655,-29544.1,31779.2,9.3,-0.139,263651824,LOCKED
4527,1522.960,-131301923498378,4173,66676,-29502.8,31675.1,9.4,-0.142,263743483,LOCKED
4528,1523.960,-131301923577910,-41422,21081,-29651.8,31621.8,9.4,-0.146,263758673,LOCKED
4529,1524.960,-131301923585282,-19698,42805,-29591.6,30875.5,9.4,-0.151,263842323,LOCKED
4530,1525.961,-131301923587844,7826,70329,-29629.0,30639.7,9.5,-0.149,263931733,LOCKED
4531,1526.960,-131301923592014,31620,94123,-29599.8,30872.2,9.4,-0.137,264018238,LOCKED
4532,1527.960,-131301923607184,42804,105307,-29511.5,31397.9,9.4,-0.135,264096101,LOCKED
4533,1528.960,-131301923650281,26920,89423,-29443.4,31568.3,9.4,-0.131,264039506,LOCKED
4534,1529.960,-131301923739455,-31798,30705,-29440.2,31533.5,9.5,-0.128,264144926,LOCKED
4535,1530.960,-131301923764617,-26839,35664,-29428.9,31420.1,9.6,-0.125,264211910,LOCKED
4536,1531.960,-131301923778995,-11446,51057,-29426.6,31411.0,9.6,-0.120,264291532,LOCKED
4537,1532.961,-131301923796748,1548,64051,-29494.1,30937.2,9.5,-0.113,264361364,LOCKED
4538,1533.960,-131301923800448,25807,88310,-29461.7,31119.4,9.6,-0.091,264346811,LOCKED
4539,1534.960,-131301923819844,33111,95614,-29381.0,31393.9,9.8,-0.053,264521556,LOCKED
4540,1535.961,-131301923844862,34298,96801,-29282.1,31594.7,9.9,-0.067,264484142,LOCKED
4541,1536.961,-131301923968179,-55298,7205,-29408.1,32396.4,9.9,-0.065,264558653,LOCKED
4542,1537.960,-131301923981289,-38522,23981,-29367.4,31726.8,10.1,-0.049,264639085,LOCKED
4543,1538.961,-131301924001227,-26143,36360,-29468.9,31632.5,10.1,-0.050,264708232,LOCKED
4544,1539.960,-131301924014997,-9439,53064,-29502.6,31630.6,10.1,-0.065,264786148,LOCKED
4545,1540.961,-131301924032391,3457,65960,-29547.1,31391.1,10.1,-0.119,264862295,LOCKED
4546,1541.961,-131301924053156,13054,75557,-29609.0,30748.5,9.7,-0.104,264932418,LOCKED
4547,1542.961,-131301924073306,20555,83058,-29546.9,30809.3,9.7,-0.095,265001815,LOCKED
4548,1543.961,-131301924176417,-48009,14494,-29712.8,30849.3,9.6,-0.088,264990734,LOCKED
4549,1544.961,-131301924114214,41807,104310,-29679.2,31216.0,9.5,-0.082,265040589,LOCKED
4550,1545.961,-131301924228896,-40253,22250,-29756.8,31686.3,9.5,-0.079,265123901,LOCKED
4551,1546.961,-131301924249289,-29678,32825,-29766.9,31776.0,9.4,-0.075,265194920,LOCKED
4552,1547.962,-131301924250243,-1705,60798,-29722.8,31566.4,9.4,-0.072,265283352,LOCKED
4553,1548.961,-131301924265377,13177,75680,-29759.1,31279.8,9.6,-0.086,265362946,LOCKED
4554,1549.961,-131301924280950,26069,88572,-29739.0,31417.3,9.6,-0.091,265438614,LOCKED
4555,1550.961,-131301924306881,27462,89965,-29666.0,31579.4,9.5,-0.095,265503046,LOCKED
4556,1551.961,-131301924334850,26477,88980,-29578.2,31621.9,9.5,-0.093,265462723,LOCKED
4557,1552.963,-131301924364953,23051,85554,-29474.0,31389.3,9.5,-0.092,265523363,LOCKED
4558,1553.962,-131301924463276,-41437,21066,-29619.4,31387.9,9.5,-0.090,265620882,LOCKED
4559,1554.962,-131301924495864,-40284,22219,-29754.9,31462.3,9.4,-0.088,265682627,LOCKED
4560,1555.962,-131301924513246,-25136,37367,-29849.5,31404.2,9.3,-0.085,265757965,LOCKED
4561,1556.962,-131301924527148,-7524,54979,-29918.8,31118.7,9.4,-0.089,265834901,LOCKED
4562,1557.962,-131301924566557,-15296,47207,-29977.8,31088.0,9.4,-0.088,265903838,LOCKED
4563,1558.961,-131301924563947,16467,78970,-29964.7,31144.4,9.4,-0.087,265984628,LOCKED
4564,1559.962,-131301924578309,30037,92540,-29914.8,31409.6,9.4,-0.086,266059650,LOCKED
4565,1560.962,-131301924600030,35949,98452,-29862.5,31775.9,9.4,-0.085,266133647,LOCKED
4566,1561.961,-131301924626596,35584,98087,-29741.8,31822.0,9.3,-0.091,266091686,LOCKED
4567,1562.962,-131301924730330,-36886,25617,-29755.2,31967.9,9.3,-0.091,266182510,LOCKED
4568,1563.964,-131301924699873,22063,84566,-29729.8,32091.4,9.2,-0.094,266305563,LOCKED
4569,1564.962,-131301924731070,19676,82179,-29717.4,32157.0,9.0,-0.098,266367097,LOCKED
4570,1565.963,-131301924737824,39720,102223,-29640.0,32600.7,8.9,-0.104,266454203,LOCKED
4571,1566.962,-131301924868222,-57917,4586,-29697.0,33357.6,8.6,-0.109,266412886,LOCKED
4572,1567.962,-131301924872748,-32225,30278,-29668.8,32998.8,8.8,-0.108,266502277,LOCKED
4573,1568.962,-131301924878518,-8732,53771,-29634.3,32793.9,8.0,-0.118,266586820,LOCKED
4574,1569.962,-131301924898656,2077,64580,-29702.3,32322.3,7.7,-0.125,266662882,LOCKED
4575,1570.963,-131301924942582,-10036,52467,-29789.4,31899.9,7.3,-0.133,266708910,LOCKED
4576,1571.965,-131301924969326,-5957,56546,-29830.3,31823.1,7.5,-0.136,266771888,LOCKED
4577,1572.962,-131301924989732,3377,65880,-29831.5,31821.5,7.4,-0.139,266844129,LOCKED
4578,1573.962,-131301924994639,25220,87723,-29722.0,31603.2,7.4,-0.136,266827252,LOCKED
4579,1574.962,-131301925001840,43493,105996,-29585.6,31811.3,7.3,-0.133,267012431,LOCKED
4580,1575.963,-131301925128574,-51182,11321,-29621.9,32297.6,7.3,-0.137,266982677,LOCKED
4581,1576.962,-131301925149708,-41626,20877,-29605.1,32041.5,7.4,-0.133,267051147,LOCKED
4582,1577.965,-131301925164898,-26661,35842,-29587.7,31860.4,7.4,-0.129,267130571,LOCKED
4583,1578.962,-131301925178044,-8037,54466,-29681.6,31273.3,7.4,-0.125,267203780,LOCKED
4584,1579.963,-131301925185178,15123,77626,-29736.9,30693.1,7.3,-0.130,267296179,LOCKED
4585,1580.962,-131301925189556,39312,101815,-29744.9,30579.0,7.3,-0.125,267379131,LOCKED
4586,1581.962,-131301925209914,46296,108799,-29703.9,31063.1,7.4,-0.117,267345297,LOCKED
4587,1582.963,-131301925329507,-40935,21568,-29766.4,31548.3,7.5,-0.108,267424640,LOCKED
4588,1583.962,-131301925301799,16982,79485,-29816.5,31021.7,7.5,-0.113,267541766,LOCKED
4589,1584.969,-131301925322976,24812,87315,-29818.0,31008.8,7.6,-0.089,267614581,LOCKED
4590,1585.963,-131301925326722,47552,110055,-29733.4,31673.9,7.6,-0.068,267698044,LOCKED
4591,1586.967,-131301925355944,44005,106508,-29607.2,32007.8,7.5,-0.049,267657433,LOCKED
4592,1587.971,-131301925465050,-34717,27786,-29587.5,31746.0,7.4,-0.030,267748511,LOCKED
4593,1588.963,-131301925473372,-13723,48780,-29551.3,31455.9,7.4,-0.025,267829425,LOCKED
4594,1589.963,-131301925482354,7179,69682,-29579.6,31311.1,7.2,-0.005,267911570,LOCKED
4595,1590.963,-131301925503284,15475,77978,-29588.1,31260.5,7.0,0.016,267985505,LOCKED
4596,1591.964,-131301925509634,36393,98896,-29534.6,31638.5,7.1,0.010,268068714,LOCKED
4597,1592.963,-131301925638648,-59208,3295,-29626.6,32631.3,7.2,0.005,268030267,LOCKED
4598,1593.965,-131301925600516,6960,69463,-29560.0,32372.0,7.3,-0.005,268161024,LOCKED
4599,1594.963,-131301925629509,5585,68088,-29473.8,31835.3,7.1,-0.017,268226709,LOCKED
4600,1595.968,-131301925645070,16521,79024,-29354.9,31145.3,7.0,-0.022,268301584,LOCKED
4601,1596.963,-131301925668632,22147,84650,-29383.7,30849.7,7.1,-0.029,268374197,LOCKED
4602,1597.964,-131301925744790,-22221,40282,-29465.0,30823.0,7.1,-0.017,268433642,LOCKED
4603,1598.965,-131301925805760,-49663,12840,-29582.0,31466.6,7.4,-0.006,268398663,LOCKED
4604,1599.964,-131301925847074,-57261,5242,-29689.8,32408.0,7.3,-0.003,268465235,LOCKED
4605,1600.964,-131301925862064,-39985,22518,-29749.9,32850.5,6.8,-0.001,268543319,LOCKED
4606,1601.964,-131301925868433,-15980,46523,-29754.0,32869.7,6.9,-0.006,268627904,LOCKED
4607,1602.964,-131301925875166,5794,68297,-29702.3,32721.7,6.9,-0.004,268713940,LOCKED
4608,1603.966,-131301925970074,-53952,8551,-29880.9,32895.1,7.0,-0.009,268711553,LOCKED
4609,1604.966,-131301925990630,-43023,19480,-29888.0,32988.8,7.1,-0.012,268783940,LOCKED
4610,1605.966,-131301926012856,-31572,30931,-30021.7,32708.2,7.1,-0.016,268868173,LOCKED
4611,1606.964,-131301926002410,9627,72130,-30073.7,32296.7,7.2,-0.019,268957697,LOCKED
4612,1607.964,-131301926004188,35875,98378,-30032.8,32617.5,7.2,-0.021,269046422,LOCKED
4613,1608.964,-131301926013554,52773,115276,-29935.5,33393.4,6.8,-0.027,269024545,LOCKED
4614,1609.967,-131301926132460,-34483,28020,-29962.3,33619.3,6.7,-0.027,269104199,LOCKED
4615,1610.972,-131301926130230,-2919,59584,-29926.5,33472.2,6.7,-0.031,269198215,LOCKED
4616,1611.964,-131301926130368,24229,86732,-29837.1,33436.1,6.7,-0.029,269291405,LOCKED
4617,1612.967,-131301926140294,40295,102798,-29715.1,33647.2,6.7,-0.027,269373321,LOCKED
4618,1613.985,-131301926243234,-29593,32910,-29829.9,33534.2,6.7,-0.025,269363488,LOCKED
4619,1614.966,-131301926278575,-31415,31088,-29959.0,33315.4,6.7,-0.023,269418479,LOCKED
4620,1615.964,-131301926281332,-2817,59686,-30022.9,33002.5,6.7,-0.022,269509410,LOCKED
4621,1616.964,-131301926304306,4623,67126,-30049.9,32896.7,6.7,-0.024,269575694,LOCKED
4622,1617.964,-131301926307292,30645,93148,-30049.7,32898.0,6.7,-0.022,269665758,LOCKED
4623,1618.966,-131301926317626,47051,109554,-29965.4,33512.4,6.7,-0.022,269744851,LOCKED
4624,1619.966,-131301926358760,32935,95438,-29875.4,33717.0,6.8,-0.022,269693931,LOCKED
4625,1620.965,-131301926373742,43751,106254,-29747.8,34008.9,6.8,-0.021,269876980,LOCKED
4626,1621.964,-131301926497268,-47967,14536,-29769.1,34284.5,6.8,-0.025,269847195,LOCKED
4627,1622.968,-131301926505254,-23234,39269,-29875.5,34052.6,6.8,-0.024,269931784,LOCKED
4628,1623.967,-131301926499538,10904,73407,-29822.2,33981.8,6.8,-0.022,270026661,LOCKED
4629,1624.964,-131301926517519,20604,83107,-29751.2,33989.9,6.8,-0.020,270102021,LOCKED
4630,1625.965,-131301926531712,32311,94814,-29615.7,33723.3,6.7,-0.025,270178964,LOCKED
4631,1626.967,-131301926567802,25874,88377,-29660.7,33176.1,7.0,-0.024,270129069,LOCKED
4632,1627.966,-131301926581568,40021,102524,-29641.4,33386.0,7.7,-0.015,270204926,LOCKED
4633,1628.965,-131301926688539,-34690,27813,-29712.4,33707.6,7.9,-0.014,270295829,LOCKED
4634,1629.965,-131301926707656,-22600,39903,-29748.2,33845.8,8.1,-0.014,270370281,LOCKED
4635,1630.970,-131301926718991,-3492,59011,-29776.5,33805.3,8.1,-0.013,270446088,LOCKED
4636,1631.965,-131301926745187,437,62940,-29794.4,33774.5,8.2,-0.023,270516635,LOCKED
4637,1632.966,-131301926764125,10625,73128,-29779.3,33804.2,8.2,-0.023,270590865,LOCKED
4638,1633.966,-131301926863417,-55829,6674,-29836.6,34501.2,8.3,-0.022,270581332,LOCKED
4639,1634.965,-131301926876170,-37739,24764,-29823.2,34330.8,8.5,-0.024,270663063,LOCKED
4640,1635.966,-131301926896528,-24778,37725,-29953.8,33828.3,8.6,-0.028,270731553,LOCKED
4641,1636.966,-131301926907869,-4257,58246,-30040.6,33271.1,8.8,-0.015,270812773,LOCKED
4642,1637.966,-131301926933451,1311,63814,-30097.3,32955.7,8.9,0.007,270882022,LOCKED
4643,1638.966,-131301926952345,12334,71542,-30109.0,32897.0,9.1,0.027,270955194,LOCKED
4644,1639.965,-131301926982330,11546,70754,-30083.4,32931.7,9.2,0.045,271018726,LOCKED
4645,1640.966,-131301926979660,40439,99647,-29960.9,33146.9,9.2,0.063,271111672,LOCKED
4646,1641.965,-131301927010446,35621,94829,-29824.0,32997.3,9.2,0.064,271190343,LOCKED
4647,1642.966,-131301927077860,-406,58802,-29900.2,32475.3,9.2,0.050,271143159,LOCKED
4648,1643.967,-131301927116719,-9140,50068,-29896.0,32461.1,9.2,0.054,271248890,LOCKED
4649,1644.966,-131301927140488,-3509,55699,-29865.8,32342.2,9.2,0.051,271320828,LOCKED
4650,1645.966,-131301927146670,17257,76465,-29751.0,31760.2,9.2,0.048,271408297,LOCKED
4651,1646.967,-131301927186820,4656,63864,-29650.5,30950.7,9.2,0.046,271472381,LOCKED
4652,1647.966,-131301927254994,-30900,28308,-29744.9,31077.9,9.2,0.044,271540187,LOCKED
4653,1648.966,-131301927203959,46778,105986,-29670.3,31715.3,9.4,0.032,271626151,LOCKED
4654,1649.967,-131301927334281,-50965,8243,-29728.4,32371.2,9.4,0.032,271586615,LOCKED
4655,1650.966,-131301927341039,-27043,32165,-29730.1,32386.1,9.4,0.031,271671016,LOCKED
4656,1651.966,-131301927344177,-2098,57110,-29645.7,31659.3,9.3,0.031,271762213,LOCKED
4657,1652.968,-131301927344747,26746,85954,-29678.8,31257.9,9.1,0.030,271847737,LOCKED
4658,1653.966,-131301927356238,41347,100555,-29571.4,31642.7,9.0,0.029,271825743,LOCKED
4659,1654.967,-131301927464855,-36026,23182,-29593.6,31861.0,8.8,0.028,271914414,LOCKED
4660,1655.967,-131301927469228,-11361,47847,-29547.3,31484.0,8.7,0.027,272005060,LOCKED
4661,1656.967,-131301927482954,2639,61847,-29462.1,30861.7,8.5,0.025,272079901,LOCKED
4662,1657.968,-131301927505500,8849,68057,-29442.2,30883.2,8.6,0.020,272148214,LOCKED
4663,1658.967,-131301927511706,30949,90157,-29437.9,30926.7,8.4,0.021,272236768,LOCKED
4664,1659.966,-131301927539012,32305,91513,-29453.6,30729.8,8.6,0.025,272299827,LOCKED
4665,1660.967,-131301927560974,38159,97367,-29436.7,30922.3,8.6,0.025,272370062,LOCKED
4666,1661.966,-131301927588174,37971,97179,-29380.7,31338.4,8.4,0.022,272431275,LOCKED
4667,1662.968,-131301927718916,-59852,0,-29454.9,32287.7,8.4,0.022,272393712,LOCKED
4668,1663.966,-131301927701795,-10785,49067,-29559.5,31632.8,8.3,0.019,272506713,LOCKED
4669,1664.967,-131301927719396,2552,62404,-29631.5,31075.0,8.1,0.016,272578417,LOCKED
4670,1665.967,-131301927744550,7878,67730,-29686.4,30635.1,8.0,0.015,272642873,LOCKED
4671,1666.967,-131301927751512,28661,88513,-29638.7,30880.7,7.9,0.011,272725374,LOCKED
4672,1667.967,-131301927775250,31404,91256,-29535.8,30952.5,7.8,0.010,272798724,LOCKED
4673,1668.967,-131301927813788,19262,79114,-29413.5,30296.7,7.6,0.005,272742929,LOCKED
4674,1669.967,-131301927830157,31366,91218,-29419.5,30227.4,7.7,0.006,272924339,LOCKED
4675,1670.968,-131301927874271,15736,75588,-29399.7,30296.8,7.4,0.001,272864448,LOCKED
4676,1671.967,-131301927896785,20316,80168,-29320.2,30231.3,7.5,0.001,272934301,LOCKED
4677,1672.969,-131301928014975,-65660,0,-29353.0,30868.2,7.6,0.001,273013082,LOCKED
4678,1673.967,-131301928023534,-41090,24570,-29470.2,31172.9,7.7,0.001,273097726,LOCKED
4679,1674.967,-131301928060710,-44461,21199,-29609.3,31397.1,7.7,-0.000,273153879,LOCKED
4680,1675.967,-131301928067436,-19773,45887,-29665.1,31469.3,7.8,-0.001,273236095,LOCKED
4681,1676.967,-131301928097190,-18341,47319,-29709.3,31553.8,7.8,-0.003,273302452,LOCKED
4682,1677.967,-131301928107151,692,66352,-29675.3,31451.5,7.8,-0.005,273381167,LOCKED
4683,1678.969,-131301928126349,9131,74791,-29590.3,31018.5,7.8,-0.015,273456689,LOCKED
4684,1679.968,-131301928141319,21177,86837,-29499.0,30867.7,7.5,-0.025,273533724,LOCKED
4685,1680.968,-131301928164781,23833,89493,-29372.5,30335.6,7.5,-0.029,273598694,LOCKED
4686,1681.973,-131301928240614,-19768,45892,-29480.1,29924.8,7.4,-0.040,273670288,LOCKED
4687,1682.968,-131301928301996,-47519,18141,-29605.0,30442.5,7.4,-0.044,273647324,LOCKED
4688,1683.970,-131301928316912,-30970,34690,-29644.9,30711.2,7.4,-0.049,273748926,LOCKED
4689,1684.968,-131301928303832,10345,76005,-29592.8,30630.6,7.4,-0.054,273828856,LOCKED
4690,1685.968,-131301928334922,7056,72716,-29516.4,30242.3,7.3,-0.060,273905338,LOCKED
4691,1686.968,-131301928380044,-9084,56576,-29475.0,29939.8,7.4,-0.056,273971495,LOCKED
4692,1687.969,-131301928442458,-40969,24691,-29458.5,29674.2,7.0,-0.036,273926717,LOCKED
4693,1688.968,-131301928492332,-56556,9104,-29601.7,30461.8,6.9,-0.030,274002183,LOCKED
4694,1689.970,-131301928518713,-49255,16405,-29720.3,31087.4,7.0,-0.008,274076014,LOCKED
4695,1690.970,-131301928534192,-32636,33024,-29782.8,31399.1,7.1,-0.000,274150624,LOCKED
4696,1691.969,-131301928563564,-30102,35558,-29837.0,31663.8,7.0,0.020,274211443,LOCKED
4697,1692.969,-131301928573353,-9699,55961,-29838.3,31667.9,7.4,0.039,274295259,LOCKED
4698,1693.968,-131301928552069,40737,106397,-29872.5,31089.8,7.8,0.057,274407982,LOCKED
4699,1694.969,-131301928576021,45152,110812,-29873.7,31071.2,7.6,0.081,274476234,LOCKED
4700,1695.969,-131301928702195,-46559,19101,-30021.8,31287.3,7.5,0.122,274444302,LOCKED
4701,1696.968,-131301928701497,-14025,51635,-30087.6,31182.1,7.4,0.122,274536419,LOCKED
4702,1697.968,-131301928698882,18168,83828,-30092.9,31147.4,7.4,0.121,274629187,LOCKED
4703,1698.969,-131301928702220,42361,108021,-30037.5,31640.3,7.5,0.132,274719946,LOCKED
4704,1699.970,-131301928721186,50290,115950,-29966.8,32340.7,7.7,0.141,274792432,LOCKED
4705,1700.968,-131301928846936,-43328,22332,-30001.1,32712.6,7.8,0.149,274757424,LOCKED
4706,1701.970,-131301928873070,-37665,27995,-30026.6,32961.1,7.7,0.149,274826528,LOCKED
4707,1702.969,-131301928890051,-22551,43109,-30090.7,33048.2,7.7,0.149,274897366,LOCKED
4708,1703.970,-131301928868807,27731,93391,-30085.2,33094.3,7.8,0.157,275013625,LOCKED
4709,1704.968,-131301928889136,35682,101342,-30055.9,33347.7,7.9,0.163,275085198,LOCKED
4710,1705.969,-131301928910694,41145,106805,-29975.2,33806.1,8.0,0.169,275157071,LOCKED
4711,1706.969,-131301928943060,36352,102012,-29917.7,34161.3,8.1,0.174,275111075,LOCKED
4712,1707.969,-131301929056014,-42291,23369,-30063.2,34196.4,8.2,0.179,275194187,LOCKED
4713,1708.968,-131301929067788,-23642,42018,-30041.5,33996.4,7.9,0.182,275271236,LOCKED
4714,1709.969,-131301929090150,-12839,52821,-30173.7,32963.2,8.4,0.190,275343450,LOCKED
4715,1710.969,-131301929104680,4088,69748,-30243.7,32422.4,8.4,0.193,275425294,LOCKED
4716,1711.972,-131301929119466,18934,84594,-30245.2,32413.1,8.4,0.191,275503173,LOCKED
4717,1712.969,-131301929130412,35441,101101,-30166.9,32744.7,8.4,0.193,275577508,LOCKED
4718,1713.969,-131301929133711,57265,122925,-30014.3,33411.8,8.5,0.195,275566619,LOCKED
4719,1714.969,-131301929264072,-38789,26871,-30160.7,33274.7,8.8,0.200,275634878,LOCKED
4720,1715.970,-131301929278650,-20917,44743,-30238.5,33243.8,8.9,0.201,275713897,LOCKED
4721,1716.969,-131301929300396,-11307,54353,-30274.6,33255.3,9.2,0.205,275785437,LOCKED
4722,1717.969,-131301929296567,21402,87062,-30241.7,33380.2,8.9,0.202,275876345,LOCKED
4723,1718.969,-131301929315541,29811,95471,-30150.8,33491.8,8.9,0.201,275950633,LOCKED
4724,1719.970,-131301929338650,33542,99202,-30043.9,33594.0,9.0,0.204,276021495,LOCKED
4725,1720.969,-131301929349425,48089,113749,-29891.8,33818.4,9.0,0.204,276102147,LOCKED
4726,1721.970,-131301929476586,-47506,18154,-29895.0,33863.7,9.0,0.202,276067880,LOCKED
4727,1722.970,-131301929490532,-27717,37943,-30037.6,33284.6,9.0,0.199,276144620,LOCKED
4728,1723.969,-131301929466459,25050,90710,-30013.3,33423.4,9.3,0.199,276259963,LOCKED
4729,1724.970,-131301929497072,22816,88476,-29971.0,33566.2,9.3,0.196,276323893,LOCKED
4730,1725.970,-131301929494626,51407,117067,-29868.5,34271.1,9.3,0.199,276421292,LOCKED
4731,1726.970,-131301929525804,45763,111423,-29731.7,34553.0,9.3,0.196,276374194,LOCKED
4732,1727.970,-131301929638134,-35845,29815,-29720.6,34421.5,9.3,0.198,276463205,LOCKED
4733,1728.970,-131301929660912,-28189,37471,-29708.7,34306.3,9.4,0.194,276530377,LOCKED
4734,1729.970,-131301929672241,-10830,54830,-29640.4,33666.5,9.3,0.197,276612533,LOCKED
4735,1730.970,-131301929709423,-18455,47205,-29605.5,33355.5,9.4,0.192,276681230,LOCKED
4736,1731.971,-131301929774769,-52254,13406,-29613.9,33487.4,9.4,0.195,276766412,LOCKED
4737,1732.971,-131301929700187,49887,115547,-29596.0,33738.2,9.5,0.198,276858340,LOCKED
4738,1733.970,-131301929772851,7030,72690,-29618.1,33646.3,9.5,0.202,276879646,LOCKED
4739,1734.971,-131301929826252,-14720,50940,-29693.6,33485.8,9.5,0.207,276958967,LOCKED
4740,1735.971,-131301929883121,-38910,26750,-29775.5,33883.5,9.4,0.213,276951827,LOCKED
4741,1736.971,-131301929887359,-12179,53481,-29813.9,33898.1,9.4,0.209,277040197,LOCKED
4742,1737.971,-131301929892921,10988,76648,-29778.9,33908.8,9.4,0.204,277123439,LOCKED
4743,1738.970,-131301929887695,42315,107975,-29668.5,34278.2,9.3,0.188,277222873,LOCKED
4744,1739.970,-131301930006997,-45517,20143,-29681.3,34441.6,9.3,0.165,277196048,LOCKED
4745,1740.990,-131301930031923,-39628,26032,-29671.0,34307.4,9.3,0.146,277269030,LOCKED
4746,1741.971,-131301930022309,-357,65303,-29669.7,34307.1,9.1,0.097,277364894,LOCKED
4747,1742.971,-131301930035266,16311,81971,-29694.6,34127.2,9.1,0.065,277444353,LOCKED
4748,1743.971,-131301930124766,-40089,25571,-29795.3,34478.6,9.0,0.032,277445473,LOCKED
4749,1744.970,-131301930061519,48746,114406,-29669.6,34970.0,8.7,-0.003,277495154,LOCKED
4750,1745.971,-131301930157685,-17424,48236,-29656.6,34887.3,8.3,-0.042,277595048,LOCKED
4751,1746.971,-131301930164646,4579,70239,-29630.2,34863.9,8.2,-0.066,277682198,LOCKED
4752,1747.971,-131301930171780,26029,91689,-29622.2,34921.7,7.8,-0.065,277763663,LOCKED
4753,1748.972,-131301930193966,32696,98356,-29638.9,34732.6,7.5,-0.064,277836451,LOCKED
4754,1749.971,-131301930225060,30568,96228,-29656.7,34539.4,7.4,-0.066,277791106,LOCKED
4755,1750.971,-131301930334823,-45373,20287,-29785.9,34873.4,7.4,-0.069,277874566,LOCKED
4756,1751.974,-131301930352628,-30172,35488,-29894.0,34852.1,7.4,-0.061,277953798,LOCKED
4757,1752.974,-131301930373754,-19524,46136,-29953.9,34896.1,7.7,-0.074,278023346,LOCKED
4758,1753.971,-131301930348277,32409,98069,-29835.9,34852.2,7.6,-0.077,278140777,LOCKED
4759,1754.971,-131301930370050,36362,102022,-29694.4,34681.3,7.7,-0.072,278214165,LOCKED
4760,1755.972,-131301930396604,38526,104186,-29710.6,34469.0,7.7,-0.074,278173084,LOCKED
4761,1756.972,-131301930511574,-43052,22608,-29819.9,34863.0,7.6,-0.077,278252826,LOCKED
4762,1757.972,-131301930526543,-26709,38951,-29848.7,35023.4,7.6,-0.079,278330347,LOCKED
4763,1758.973,-131301930547689,-18054,47606,-29816.3,34756.7,7.6,-0.081,278400477,LOCKED
4764,1759.971,-131301930556211,1387,67047,-29727.5,34106.7,7.6,-0.082,278488200,LOCKED
4765,1760.972,-131301930581165,7202,72862,-29790.7,33611.3,7.8,-0.089,278551784,LOCKED
4766,1761.973,-131301930599143,19190,84850,-29831.3,33217.9,7.8,-0.091,278626811,LOCKED
4767,1762.972,-131301930623113,24481,90141,-29844.1,33104.0,8.0,-0.098,278695650,LOCKED
4768,1763.972,-131301930708212,-29373,36287,-29864.0,33253.9,7.9,-0.099,278701975,LOCKED
4769,1764.972,-131301930730009,-20844,44816,-29852.0,33161.0,7.9,-0.099,278770986,LOCKED
4770,1765.972,-131301930740967,-3064,62596,-29792.1,32776.6,8.1,-0.103,278852267,LOCKED
4771,1766.972,-131301930761333,4712,70372,-29718.8,32393.2,8.3,-0.106,278925108,LOCKED
4772,1767.972,-131301930764439,30733,96393,-29740.9,32125.4,8.5,-0.109,279011673,LOCKED
4773,1768.974,-131301930786645,36691,102351,-29724.5,32296.9,8.7,-0.112,279082487,LOCKED
4774,1769.973,-131301930797206,52908,118568,-29667.8,32968.4,8.4,-0.107,279163473,LOCKED
4775,1770.976,-131301930933352,-49922,15738,-29764.1,33651.4,8.5,-0.109,279119791,LOCKED
4776,1771.972,-131301930949486,-34194,31466,-29810.2,33953.3,8.7,-0.113,279193799,LOCKED
4777,1772.973,-131301930969048,-23258,42402,-29805.2,33915.5,8.8,-0.114,279271080,LOCKED
4778,1773.978,-131301931016207,-39757,25903,-29781.0,33563.2,8.9,-0.114,279367552,LOCKED
4779,1774.987,-131301930971508,33955,99615,-29799.9,33330.2,8.6,-0.107,279448751,LOCKED
4780,1775.973,-131301931011910,22880,88540,-29814.8,33202.4,8.7,-0.106,279505888,LOCKED
4781,1776.973,-131301931076848,-10624,55036,-29876.6,33064.4,8.3,-0.098,279577536,LOCKED
4782,1777.972,-131301931136009,-37545,28115,-29930.3,33441.9,8.4,-0.096,279658540,LOCKED
4783,1778.973,-131301931068379,55545,121205,-29803.1,34203.8,8.5,-0.093,279616504,LOCKED
4784,1779.973,-131301931177105,-22754,42906,-29795.8,34148.4,8.5,-0.088,279706698,LOCKED
4785,1780.973,-131301931178247,3950,69610,-29706.5,33551.6,8.5,-0.084,279795782,LOCKED
4786,1781.975,-131301931182212,29330,94990,-29737.6,33177.0,8.6,-0.079,279885565,LOCKED
4787,1782.974,-131301931207566,32638,98298,-29739.1,33161.0,8.7,-0.080,279843768,LOCKED
4788,1783.974,-131301931273497,-3961,61699,-29712.5,33063.4,8.4,-0.065,279976177,LOCKED
4789,1784.975,-131301931294038,4224,69884,-29671.1,32963.0,8.4,-0.057,280048329,LOCKED
4790,1785.975,-131301931294456,29532,95192,-29526.3,32415.3,8.2,-0.048,280143548,LOCKED
4791,1786.974,-131301931408802,-53563,12097,-29521.8,32335.0,8.2,-0.037,280118784,LOCKED
4792,1787.974,-131301931400732,-14110,51550,-29589.8,32217.9,8.2,-0.037,280219783,LOCKED
4793,1788.974,-131301931385274,29595,95255,-29573.1,32352.8,8.0,-0.025,280326913,LOCKED
4794,1789.974,-131301931402220,39549,105209,-29507.6,32794.2,8.1,-0.021,280399984,LOCKED
4795,1790.976,-131301931530406,-54997,10663,-29619.1,33613.6,7.9,0.001,280366115,LOCKED
4796,1791.975,-131301931545916,-36667,28993,-29765.6,33378.5,7.7,0.005,280438797,LOCKED
4797,1792.973,-131301931555273,-16964,39592,-29702.6,32677.8,7.4,0.026,280523538,LOCKED
4798,1793.974,-131301931536393,29129,85685,-29628.7,32869.0,7.0,0.048,280634085,LOCKED
4799,1794.977,-131301931557370,35618,92174,-29581.7,33201.3,7.0,0.057,280705112,LOCKED
4800,1795.973,-131301931576567,44193,100749,-29566.4,33394.1,7.1,0.053,280776836,LOCKED
4801,1796.974,-131301931706877,-52506,4050,-29677.8,34114.0,7.1,0.052,280739993,LOCKED
4802,1797.974,-131301931731275,-44504,12052,-29737.5,34616.0,7.2,0.052,280808301,LOCKED
4803,1798.973,-131301931742621,-25900,30656,-29704.7,34263.9,7.3,0.035,280887691,LOCKED
4804,1799.973,-131301931717739,28250,84806,-29730.3,33983.3,7.5,0.009,281008739,LOCKED
4805,1800.974,-131301931723904,49780,106336,-29713.2,34220.2,7.2,-0.001,281089201,LOCKED
4806,1801.973,-131301931849258,-42822,13734,-29791.3,34709.9,7.5,-0.018,281054950,LOCKED
