3005,-131301878303549,-38509,17998,-29438.2,34723.4,9.7,0.118,83335935,168865393,LOCKED,1.000029438000,134121730131407
3006,-131301878251479,41159,97666,-29416.3,34954.2,9.6,0.124,83335934,169010834,LOCKED,1.000029416000,134122730279826
3007,-131301878265815,51501,108008,-29269.1,35373.8,10.0,0.137,83335935,169085926,LOCKED,1.000029269000,134123730304094
3008,-131301878381952,-32610,23897,-29350.4,35601.1,9.9,0.141,83335934,169061131,LOCKED,1.000029350000,134124730344444
3009,-131301878387751,-9402,47105,-29317.8,35420.7,9.9,0.145,83335934,169143813,LOCKED,1.000029318000,134125730483765
3010,-131301878415517,-6443,50064,-29376.3,35242.8,9.8,0.149,83335934,169209841,LOCKED,1.000029376000,134126730645145
3011,-131301878420863,15262,71769,-29287.4,34974.4,9.2,0.149,83335933,169295544,LOCKED,1.000029287000,134127730785435
3012,-131301878449663,15806,72313,-29316.5,34762.5,9.3,0.153,83335934,169368770,LOCKED,1.000029317000,134128730922754
3013,-131301878523790,-28026,28481,-29317.9,34774.1,9.3,0.156,83335934,169429788,LOCKED,1.000029318000,134129731080075
3014,-131301878473980,49067,105574,-29299.6,35015.7,9.4,0.160,83335934,169519315,LOCKED,1.000029300000,134130731118374
3015,-131301878612274,-54597,1910,-29470.8,35312.2,9.3,0.161,83335934,169471100,LOCKED,1.000029471000,134131731159845
3016,-131301878627667,-38354,18153,-29513.3,35643.0,9.4,0.164,83335934,169546136,LOCKED,1.000029513000,134132731317362
3017,-131301878639216,-17260,39247,-29638.5,34955.9,9.6,0.159,83335932,169629788,LOCKED,1.000029638000,134133731469004
3018,-131301878604945,43808,100315,-29571.8,35449.9,9.7,0.163,83335934,169753763,LOCKED,1.000029572000,134134731401572
3019,-131301878726888,-46292,10215,-29606.3,35821.0,9.6,0.159,83335933,169720124,LOCKED,1.000029606000,134135731528181
3020,-131301878669485,38255,94762,-29549.0,36187.8,9.6,0.159,83335934,169766606,LOCKED,1.000029549000,134136731789736
3021,-131301878681619,52265,108772,-29468.6,36866.9,9.6,0.159,83335934,169949088,LOCKED,1.000029469000,134137731831204
3022,-131301878802381,-34892,21615,-29613.9,36595.2,9.6,0.158,83335934,169920969,LOCKED,1.000029614000,134138731989821
3023,-131301878809739,-13305,43202,-29558.8,36132.6,9.6,0.161,83335934,170006546,LOCKED,1.000029559000,134139732150383
3024,-131301878814273,10756,67263,-29529.4,36152.8,9.5,0.157,83335933,170096538,LOCKED,1.000029529000,134140732300915
3025,-131301878828849,25338,81845,-29553.3,35928.0,9.5,0.155,83335934,170176029,LOCKED,1.000029553000,134141732459472
3026,-131301878829820,49160,105667,-29401.2,36184.6,9.5,0.153,83335934,170265517,LOCKED,1.000029401000,134142732461872
3027,-131301878878346,28389,84896,-29367.6,36367.9,9.4,0.148,83335933,170200699,LOCKED,1.000029368000,134143732622243
3028,-131301878992627,-54537,1970,-29374.3,36470.9,9.2,0.137,83335932,170284223,LOCKED,1.000029374000,134144732640617
3029,-131301878919407,44465,100972,-29271.8,36918.4,8.8,0.127,83335933,170345904,LOCKED,1.000029272000,134145732791892
3030,-131301879040809,-42949,13558,-29432.2,36791.2,8.7,0.121,83335933,170419471,LOCKED,1.000029432000,134146732941327
3031,-131301879061335,-31776,24731,-29490.7,37042.7,8.9,0.121,83335932,170492873,LOCKED,1.000029491000,134147733090821
3032,-131301879078907,-20224,36283,-29438.9,36525.3,8.9,0.122,83335933,170568852,LOCKED,1.000029439000,134148733234263
3033,-131301879096430,-7333,49174,-29474.7,36495.9,8.9,0.124,83335933,170639430,LOCKED,1.000029475000,134149733385741
3034,-131301879106588,9721,66228,-29379.6,36016.4,9.0,0.118,83335932,170722418,LOCKED,1.000029380000,134150733528123
3035,-131301879125185,19658,76165,-29370.8,36060.7,9.2,0.112,83335932,170792682,LOCKED,1.000029371000,134151733674497
3036,-131301879138491,31585,88092,-29219.9,35554.3,9.4,0.115,83335932,170871616,LOCKED,1.000029220000,134152733816720
3037,-131301879158441,37823,94330,-29133.9,35890.9,9.4,0.117,83335933,170942983,LOCKED,1.000029134000,134153733850854
3038,-131301879248997,-20972,35535,-29228.1,35727.6,9.3,0.120,83335933,170945260,LOCKED,1.000029228000,134154733867081
3039,-131301879285174,-26898,29609,-29233.6,35768.4,9.3,0.137,83335932,170997502,LOCKED,1.000029234000,134155734020318
3040,-131301879299514,-10104,46403,-29310.2,35503.0,9.2,0.130,83335933,171076231,LOCKED,1.000029310000,134156734154631
3041,-131301879328693,-10359,46148,-29273.9,35280.1,9.2,0.135,83335933,171141658,LOCKED,1.000029274000,134157734312908
3042,-131301879334263,13566,70073,-29307.4,35048.6,9.2,0.141,83335933,171228843,LOCKED,1.000029307000,134158734453218
3043,-131301879352205,24141,80648,-29308.8,35038.6,9.3,0.124,83335933,171298513,LOCKED,1.000029309000,134159734486526
3044,-131301879374947,30241,86748,-29336.2,34723.4,9.5,0.111,83335933,171264243,LOCKED,1.000029336000,134160734751869
3045,-131301879414521,16961,73468,-29214.9,34069.1,9.5,0.086,83335933,171433201,LOCKED,1.000029215000,134161734780083
3046,-131301879427269,31277,87784,-29161.3,34332.7,9.6,0.077,83335933,171502537,LOCKED,1.000029161000,134162734814244
3047,-131301879551627,-58429,0,-29333.9,34816.3,9.9,0.055,83335932,171469224,LOCKED,1.000029334000,134163734952581
3048,-131301879533961,-11831,46598,-29294.4,34540.0,10.0,0.017,83335932,171579348,LOCKED,1.000029294000,134164734979875
3049,-131301879563178,-9984,48445,-29364.8,34323.0,9.9,-0.009,83335933,171639405,LOCKED,1.000029365000,134165735123243
3050,-131301879581717,-399,58030,-29303.1,33981.1,10.0,-0.033,83335932,171715080,LOCKED,1.000029303000,134166735277549
3051,-131301879583862,25840,84269,-29301.0,33997.6,10.0,-0.043,83335932,171799342,LOCKED,1.000029301000,134167735418853
3052,-131301879615472,20609,79038,-29191.7,33638.1,10.1,-0.055,83335932,171875380,LOCKED,1.000029192000,134168735435044
3053,-131301879681409,-14520,43909,-29246.9,33616.8,10.4,-0.080,83335931,171818673,LOCKED,1.000029247000,134169735586294
3054,-131301879759718,-60403,0,-29302.6,34383.8,10.4,-0.090,83335932,171899370,LOCKED,1.000029303000,134170735731599
3055,-131301879778153,-45022,15381,-29449.5,34523.9,11.2,-0.116,83335930,171973272,LOCKED,1.000029450000,134171735878051
3056,-131301879794104,-29882,30521,-29480.4,34721.8,11.4,-0.132,83335931,172049030,LOCKED,1.000029480000,134172736039535
3057,-131301879795647,-3136,57267,-29416.6,34306.3,11.4,-0.136,83335932,172136830,LOCKED,1.000029417000,134173736085952
3058,-131301879867220,-43064,17339,-29454.4,34678.6,11.5,-0.147,83335931,172157128,LOCKED,1.000029454000,134174736131406
3059,-131301879871776,-15382,45021,-29565.6,34123.0,11.7,-0.158,83335931,172244882,LOCKED,1.000029566000,134175736292975
3060,-131301879871930,13003,73406,-29536.8,34165.5,11.8,-0.168,83335931,172338183,LOCKED,1.000029537000,134176736440515
3061,-131301879882275,31882,92285,-29574.6,33665.6,11.8,-0.170,83335932,172417662,LOCKED,1.000029575000,134177736475089
3062,-131301879908846,31938,92341,-29482.9,33830.9,11.8,-0.172,83335932,172378379,LOCKED,1.000029483000,134178736646576
3063,-131301880003952,-30391,30012,-29594.2,33783.7,12.0,-0.179,83335931,172480420,LOCKED,1.000029594000,134179736808174
# STATS: PDUs=2877 CSV=2876 Gaps=0 Dups=0 Skip=0 d_min=-60403 ns drift=-29594.2 ns/s sigma=33783.7 ns state=LOCKED clk_err=+0 ns
3064,-131301880005141,-2660,57743,-29556.6,33626.7,11.6,-0.179,83335932,172571582,LOCKED,1.000029557000,134180736957734
3065,-131301880027700,5553,65956,-29625.6,33077.7,11.1,-0.178,83335932,172645900,LOCKED,1.000029626000,134181737113363
3066,-131301880025434,33881,94284,-29506.9,33078.0,11.1,-0.182,83335931,172738049,LOCKED,1.000029507000,134182737126869
3067,-131301880064782,20723,81126,-29378.3,32420.1,10.8,-0.183,83335931,172681127,LOCKED,1.000029378000,134183737281250
3068,-131301880133106,-16045,44358,-29458.6,32240.9,10.8,-0.186,83335931,172809754,LOCKED,1.000029459000,134184737303708
3069,-131301880157515,-9989,50414,-29491.5,32247.5,10.7,-0.188,83335931,172876942,LOCKED,1.000029491000,134185737456203
3070,-131301880162429,13906,74309,-29481.1,32284.5,10.7,-0.189,83335931,172964718,LOCKED,1.000029481000,134186737593687
3071,-131301880183999,19862,80265,-29418.1,32323.3,10.7,-0.188,83335932,173034031,LOCKED,1.000029418000,134187737626105
3072,-131301880206730,24205,84608,-29343.1,32392.4,10.7,-0.188,83335931,172997107,LOCKED,1.000029343000,134188737766451
3073,-131301880327494,-62042,0,-29494.2,33309.7,10.6,-0.187,83335931,173071269,LOCKED,1.000029494000,134189737923948
3074,-131301880337860,-41834,20208,-29477.6,33064.3,10.5,-0.186,83335931,173155335,LOCKED,1.000029478000,134190738060428
3075,-131301880372978,-42539,19503,-29649.3,32710.4,10.5,-0.184,83335931,173210220,LOCKED,1.000029649000,134191738099077
3076,-131301880388167,-24702,37340,-29774.2,32268.9,10.4,-0.181,83335931,173288047,LOCKED,1.000029774000,134192738240854
3077,-131301880396313,-1793,60249,-29834.2,31968.0,10.4,-0.181,83335933,173373081,LOCKED,1.000029834000,134193738391691
3078,-131301880379863,40620,102662,-29711.5,32194.5,10.3,-0.174,83335933,173485197,LOCKED,1.000029712000,134194738288398
3079,-131301880421396,28905,90947,-29765.0,31414.3,10.5,-0.174,83335931,173425894,LOCKED,1.000029765000,134195738442166
3080,-131301880533387,-50677,11365,-29810.6,31984.1,10.4,-0.168,83335931,173510667,LOCKED,1.000029811000,134196738582979
3081,-131301880562565,-48199,13843,-29821.0,32138.3,10.3,-0.162,83335931,173573862,LOCKED,1.000029821000,134197738738803
3082,-131301880569711,-22282,39760,-29943.2,31630.8,10.0,-0.153,83335932,173661127,LOCKED,1.000029943000,134198738881749
3083,-131301880581226,-2638,59404,-29998.6,31387.4,10.2,-0.145,83335930,173740194,LOCKED,1.000029999000,134199739028751
3084,-131301880595985,11969,74011,-29987.5,31420.3,10.2,-0.142,83335932,173817455,LOCKED,1.000029987000,134200739175741
3085,-131301880615353,20791,82833,-29933.7,31518.5,10.0,-0.130,83335931,173890112,LOCKED,1.000029934000,134201739311677
3086,-131301880633338,29270,91312,-29811.9,31294.8,9.7,-0.118,83335931,173964062,LOCKED,1.000029812000,134202739457492
3087,-131301880643076,45289,107331,-29688.0,31706.9,9.8,-0.112,83335931,174046570,LOCKED,1.000029688000,134203739495180
3088,-131301880729812,-9132,52910,-29801.9,30811.4,9.9,-0.113,83335931,174053876,LOCKED,1.000029802000,134204739520981
3089,-131301880766588,-16491,45551,-29755.5,30336.9,10.2,-0.104,83335930,174110624,LOCKED,1.000029756000,134205739671740
3090,-131301880775953,5189,67231,-29827.6,29686.9,10.1,-0.096,83335932,174192330,LOCKED,1.000029828000,134206739814570
3091,-131301880788289,22540,84582,-29858.2,29345.3,10.1,-0.098,83335932,174270066,LOCKED,1.000029858000,134207739975432
3092,-131301880784251,53756,115798,-29816.1,29969.2,10.1,-0.086,83335931,174367363,LOCKED,1.000029816000,134208740002247
3093,-131301880916572,-44993,17049,-29925.8,30492.4,10.1,-0.072,83335931,174325682,LOCKED,1.000029926000,134209740156176
3094,-131301880921946,-19091,42951,-29960.4,30602.3,10.2,-0.069,83335931,174414841,LOCKED,1.000029960000,134210740302139
3095,-131301880945788,-12463,49579,-29964.7,30618.9,10.2,-0.073,83335931,174496445,LOCKED,1.000029965000,134211740455107
3096,-131301880930330,29919,91961,-29865.0,30670.2,10.2,-0.076,83335931,174589689,LOCKED,1.000029865000,134212740617975
3097,-131301880940067,45467,107509,-29715.5,30815.8,10.1,-0.064,83335931,174672273,LOCKED,1.000029716000,134213740662690
3098,-131301881005399,9766,71808,-29727.7,30761.0,9.9,-0.051,83335931,174698070,LOCKED,1.000029728000,134214740698417
3099,-131301881082352,-34225,27817,-29829.6,30939.8,9.9,-0.053,83335931,174770422,LOCKED,1.000029830000,134215740857250
3100,-131301881033150,42270,104312,-29775.4,31430.1,10.0,-0.052,83335930,174857543,LOCKED,1.000029775000,134216740909026
3101,-131301881144322,-36248,25794,-29856.5,31784.1,9.8,-0.033,83335931,174836871,LOCKED,1.000029857000,134217741067886
3102,-131301881138682,-1112,60930,-29837.0,31740.7,9.6,0.005,83335932,174935400,LOCKED,1.000029837000,134218741219726
3103,-131301881148445,16896,78938,-29763.5,31642.2,9.5,-0.021,83335930,175015522,LOCKED,1.000029764000,134219741375493
3104,-131301881152204,38966,101008,-29635.0,31740.7,9.3,-0.041,83335930,175107155,LOCKED,1.000029635000,134220741518131
3105,-131301881183746,33710,95752,-29526.4,31839.9,8.9,-0.047,83335931,175166858,LOCKED,1.000029526000,134221741542657
3106,-131301881202680,39817,101859,-29372.2,31627.5,8.6,-0.041,83335932,175237774,LOCKED,1.000029372000,134222741576029
3107,-131301881326875,-50026,12016,-29533.8,31839.9,8.6,-0.034,83335932,175207557,LOCKED,1.000029534000,134223741727566
3108,-131301881284152,20772,82814,-29496.6,31964.5,8.6,-0.036,83335931,175343857,LOCKED,1.000029497000,134224741872066
3109,-131301881299540,32564,94606,-29437.0,32268.4,8.1,-0.039,83335931,175420936,LOCKED,1.000029437000,134225741891502
3110,-131301881321742,36758,98800,-29348.7,32599.9,8.0,-0.040,83335931,175378969,LOCKED,1.000029349000,134226742043854
3111,-131301881428076,-39047,22995,-29341.7,32506.4,7.9,-0.041,83335931,175469939,LOCKED,1.000029342000,134227742184198
3112,-131301881442422,-23901,38141,-29309.2,32156.7,8.0,-0.048,83335930,175548209,LOCKED,1.000029309000,134228742330510
3113,-131301881451783,-3958,58084,-29302.4,32143.4,8.2,-0.055,83335930,175632541,LOCKED,1.000029302000,134229742468815
3114,-131301881475941,2467,64509,-29369.5,31665.7,8.2,-0.060,83335930,175697610,LOCKED,1.000029369000,134230742617187
3115,-131301881491694,16122,78164,-29398.3,31432.2,8.5,-0.072,83335929,175776915,LOCKED,1.000029398000,134231742754588
3116,-131301881511259,24961,87003,-29390.9,31488.2,9.0,-0.083,83335929,175845745,LOCKED,1.000029391000,134232742894982
3117,-131301881531229,31929,93971,-29323.5,31773.0,9.0,-0.086,83335930,175921569,LOCKED,1.000029324000,134233742917305
3118,-131301881646933,-49772,12270,-29470.7,32151.2,9.4,-0.095,83335929,175891592,LOCKED,1.000029471000,134234742934775
3119,-131301881668497,-38697,23345,-29562.0,32527.0,9.8,-0.103,83335929,175963432,LOCKED,1.000029562000,134235743088340
3120,-131301881673655,-13821,48221,-29562.2,32527.9,9.9,-0.106,83335930,176050863,LOCKED,1.000029562000,134236743230905
3121,-131301881689818,-1507,60535,-29506.3,32210.9,9.9,-0.107,83335930,176124320,LOCKED,1.000029506000,134237743376414
3122,-131301881704796,10888,72930,-29419.5,31816.1,10.1,-0.110,83335929,176199663,LOCKED,1.000029420000,134238743519836
3123,-131301881712317,31455,93497,-29406.5,31935.4,10.1,-0.109,83335931,176282955,LOCKED,1.000029406000,134239743540242
# STATS: PDUs=2937 CSV=2936 Gaps=0 Dups=0 Skip=0 d_min=-62042 ns drift=-29406.5 ns/s sigma=31935.4 ns state=LOCKED clk_err=+0 ns
3124,-131301881747893,23520,85562,-29358.9,32090.9,10.1,-0.109,83335930,176236651,LOCKED,1.000029359000,134240743796607
3125,-131301881767462,30759,92801,-29284.7,32323.6,10.0,-0.108,83335930,176417045,LOCKED,1.000029285000,134241743822891
3126,-131301881896388,-65903,0,-29321.4,32978.5,10.0,-0.109,83335930,176378590,LOCKED,1.000029321000,134242743966215
3127,-131301881911145,-49192,16711,-29344.9,33296.3,10.4,-0.114,83335929,176456995,LOCKED,1.000029345000,134243744097562
3128,-131301881903896,-11695,54208,-29369.8,33332.4,10.4,-0.115,83335930,176547376,LOCKED,1.000029370000,134244744133932
3129,-131301881918702,2620,68523,-29362.0,33333.4,10.4,-0.116,83335930,176628698,LOCKED,1.000029362000,134245744277297
3130,-131301881933412,15264,81167,-29288.7,33202.8,10.7,-0.119,83335929,176706746,LOCKED,1.000029289000,134246744301585
3131,-131301881959136,16383,82286,-29195.7,32903.0,10.9,-0.117,83335929,176663099,LOCKED,1.000029196000,134247744442783
3132,-131301881985366,16549,82452,-29085.6,32376.3,11.2,-0.119,83335929,176734316,LOCKED,1.000029086000,134248744600872
3133,-131301882085844,-49890,16013,-29246.1,32590.9,11.9,-0.121,83335928,176827827,LOCKED,1.000029246000,134249744739121
3134,-131301882123061,-53184,12719,-29387.4,33173.1,11.9,-0.121,83335930,176893201,LOCKED,1.000029387000,134250744887511
3135,-131301882135205,-32372,33531,-29508.9,33084.7,12.1,-0.121,83335929,176961030,LOCKED,1.000029509000,134251744925020
3136,-131301882166389,-30954,34949,-29609.4,33157.9,12.3,-0.121,83335929,177037106,LOCKED,1.000029609000,134252745065632
3137,-131301882176922,-10844,55059,-29642.2,33173.6,12.1,-0.106,83335929,177104371,LOCKED,1.000029642000,134253745222277
3138,-131301882158657,33409,99312,-29518.2,33096.5,11.8,-0.089,83335929,177214505,LOCKED,1.000029518000,134254745264795
3139,-131301882282643,-58059,7844,-29568.9,33792.3,12.0,-0.085,83335929,177182557,LOCKED,1.000029569000,134255745419367
3140,-131301882284220,-26333,39570,-29708.7,33199.1,12.5,-0.080,83335928,177272333,LOCKED,1.000029709000,134256745581079
3141,-131301882284965,4376,70279,-29801.8,32273.7,12.6,-0.074,83335929,177366779,LOCKED,1.000029802000,134257745736884
3142,-131301882289332,29162,95065,-29818.5,32088.7,12.6,-0.057,83335929,177452628,LOCKED,1.000029818000,134258745872705
3143,-131301882311658,35005,100908,-29795.7,32300.8,12.7,-0.059,83335929,177520551,LOCKED,1.000029796000,134259746019504
3144,-131301882328596,44992,110895,-29729.6,32858.7,12.6,-0.037,83335929,177598395,LOCKED,1.000029730000,134260746034233
3145,-131301882373758,27498,93401,-29674.0,33065.3,13.0,-0.021,83335928,177538134,LOCKED,1.000029674000,134261746195910
3146,-131301882477914,-44500,21403,-29722.0,33532.2,13.2,-0.045,83335928,177633801,LOCKED,1.000029722000,134262746345635
3147,-131301882491052,-27326,38577,-29705.5,33365.9,13.4,-0.064,83335928,177710832,LOCKED,1.000029705000,134263746490343
3148,-131301882483931,9506,75409,-29721.6,33294.1,13.4,-0.063,83335929,177811070,LOCKED,1.000029722000,134264746626067
3149,-131301882502978,19760,85663,-29733.8,33204.3,13.4,-0.075,83335929,177883078,LOCKED,1.000029734000,134265746782804
3150,-131301882516308,34062,99965,-29687.3,33509.4,13.1,-0.043,83335930,177961429,LOCKED,1.000029687000,134266746799490
3151,-131301882550199,27566,93469,-29620.5,33687.5,12.8,-0.024,83335929,177913427,LOCKED,1.000029620000,134267746951114
3152,-131301882666567,-56864,9039,-29639.7,33994.3,13.0,-0.029,83335928,177993858,LOCKED,1.000029640000,134268747094757
3153,-131301882686316,-42065,23838,-29810.9,33633.6,12.9,-0.019,83335929,178066218,LOCKED,1.000029811000,134269747244571
3154,-131301882694907,-18272,47631,-29907.0,33358.0,12.8,-0.005,83335929,178151650,LOCKED,1.000029907000,134270747390481
3155,-131301882708033,-272,65631,-29966.5,33043.2,12.7,-0.018,83335929,178229265,LOCKED,1.000029967000,134271747537451
3156,-131301882719835,16416,82319,-29921.3,33093.7,12.5,-0.016,83335930,178310233,LOCKED,1.000029921000,134272747674375
3157,-131301882744538,19200,85103,-29833.5,32931.2,12.4,-0.025,83335929,178377903,LOCKED,1.000029834000,134273747712208
3158,-131301882851052,-53682,12221,-29930.9,33727.4,12.2,-0.032,83335929,178377033,LOCKED,1.000029931000,134274747734138
3159,-131301882876265,-44083,21820,-30097.4,33549.8,12.0,-0.038,83335929,178443933,LOCKED,1.000030097000,134275747877238
3160,-131301882897435,-33646,32257,-30115.6,33711.6,12.2,-0.051,83335928,178512542,LOCKED,1.000030116000,134276748020356
3161,-131301882918991,-21543,44360,-30253.9,32929.8,12.0,-0.054,83335929,178586204,LOCKED,1.000030254000,134277748175613
3162,-131301882927554,1012,66915,-30298.1,32737.1,11.3,-0.057,83335929,178667729,LOCKED,1.000030298000,134278748327914
3163,-131301882937308,20403,86306,-30275.4,32838.5,11.3,-0.058,83335929,178755943,LOCKED,1.000030275000,134279748465192
3164,-131301882988254,-892,65011,-30243.2,32734.4,11.2,-0.060,83335929,178815509,LOCKED,1.000030243000,134280748599438
3165,-131301883062772,-42872,23031,-30284.6,33145.0,11.1,-0.066,83335928,178871791,LOCKED,1.000030285000,134281748644723
3166,-131301883021815,25511,91414,-30186.5,33068.4,10.4,-0.059,83335930,178957711,LOCKED,1.000030187000,134282748785912
3167,-131301883087755,-7558,58345,-30306.0,32046.1,9.6,-0.052,83335930,179027116,LOCKED,1.000030306000,134283748825218
3168,-131301883145222,-32728,33175,-30349.3,32334.6,9.2,-0.050,83335929,179011653,LOCKED,1.000030349000,134284748848567
3169,-131301883175834,-31590,34313,-30365.5,32476.5,8.9,-0.043,83335930,179071438,LOCKED,1.000030366000,134285748995936
3170,-131301883185393,-11114,54789,-30330.8,32239.0,8.5,-0.041,83335929,179153435,LOCKED,1.000030331000,134286749143270
3171,-131301883215394,-8639,57264,-30421.9,31719.6,8.1,-0.038,83335929,179231807,LOCKED,1.000030422000,134287749288695
3172,-131301883219399,17640,83543,-30444.5,31538.1,8.0,-0.037,83335929,179307881,LOCKED,1.000030445000,134288749450143
3173,-131301883220317,44465,110368,-30385.8,32076.4,7.9,-0.035,83335929,179396628,LOCKED,1.000030386000,134289749485528
3174,-131301883243659,48290,114193,-30308.0,32735.6,7.9,-0.030,83335930,179361097,LOCKED,1.000030308000,134290749646839
3175,-131301883350458,-26770,39133,-30333.7,32895.9,7.9,-0.031,83335929,179450216,LOCKED,1.000030334000,134291749806176
3176,-131301883358398,-4850,61053,-30302.4,32757.2,8.0,-0.029,83335930,179536869,LOCKED,1.000030302000,134292749964482
3177,-131301883366541,15035,80938,-30215.5,32485.1,8.4,-0.021,83335931,179619833,LOCKED,1.000030216000,134293749976697
3178,-131301883369054,41561,107464,-30227.0,32319.0,8.9,-0.017,83335931,179603718,LOCKED,1.000030227000,134294750019924
3179,-131301883480627,-35822,30081,-30362.1,32198.9,8.9,-0.019,83335929,179690026,LOCKED,1.000030362000,134295750189290
3180,-131301883476966,-1008,64895,-30399.4,32081.9,8.9,-0.014,83335930,179788481,LOCKED,1.000030399000,134296750339693
3181,-131301883491721,13931,79834,-30387.9,32121.8,8.9,-0.009,83335930,179866771,LOCKED,1.000030388000,134297750477084
3182,-131301883522479,12414,78317,-30352.2,32147.8,9.0,-0.009,83335930,179930212,LOCKED,1.000030352000,134298750626439
3183,-131301883527005,34694,100597,-30235.6,32203.0,8.7,0.001,83335930,180013006,LOCKED,1.000030236000,134299750765677
# STATS: PDUs=2997 CSV=2996 Gaps=0 Dups=0 Skip=0 d_min=-65903 ns drift=-30235.6 ns/s sigma=32203.0 ns state=LOCKED clk_err=+0 ns
3184,-131301883553975,34494,100397,-30122.7,32287.6,8.6,0.005,83335929,180083107,LOCKED,1.000030123000,134300750930803
3185,-131301883566127,47594,113497,-29962.5,32387.3,8.6,0.010,83335930,180171230,LOCKED,1.000029963000,134301750957765
3186,-131301883692678,-44127,21776,-30128.3,32216.4,8.5,0.016,83335929,180130640,LOCKED,1.000030128000,134302751107896
3187,-131301883704843,-23123,42780,-30239.3,31906.2,8.5,0.015,83335929,180211632,LOCKED,1.000030239000,134303751250138
3188,-131301883699358,11992,77895,-30229.3,31936.3,8.5,0.021,83335928,180306378,LOCKED,1.000030229000,134304751276367
3189,-131301883720938,18995,84898,-30180.0,32016.4,8.5,0.028,83335930,180377095,LOCKED,1.000030180000,134305751416550
3190,-131301883747094,20659,86562,-30098.4,31946.0,8.5,0.028,83335929,180444322,LOCKED,1.000030098000,134306751574652
3191,-131301883752630,41187,107090,-29968.7,32124.4,8.5,0.027,83335929,180532272,LOCKED,1.000029969000,134307751707623
3192,-131301883782184,37553,103456,-29832.2,32063.0,8.7,0.029,83335928,180594090,LOCKED,1.000029832000,134308751731454
3193,-131301883811573,36398,102301,-29814.3,32246.0,8.6,0.018,83335929,180552703,LOCKED,1.000029814000,134309751884271
3194,-131301883831236,44660,110563,-29795.8,32482.3,8.6,0.031,83335928,180623642,LOCKED,1.000029796000,134310752031070
3195,-131301883866608,37118,103021,-29761.0,32787.4,8.6,0.032,83335929,180681041,LOCKED,1.000029761000,134311752037830
3196,-131301883908118,24338,90241,-29750.9,32857.1,8.6,0.033,83335929,180730627,LOCKED,1.000029751000,134312752206585
3197,-131301884006720,-41626,24277,-29823.4,33339.7,8.8,0.037,83335928,180828339,LOCKED,1.000029823000,134313752351411
3198,-131301883990870,2222,68125,-29737.4,32728.4,9.0,0.012,83335928,180937686,LOCKED,1.000029737000,134314752374148
3199,-131301884017263,6673,72576,-29802.9,32189.7,9.1,-0.009,83335928,181000160,LOCKED,1.000029803000,134315752520954
3200,-131301884040173,13306,79209,-29812.3,32140.6,9.1,-0.042,83335928,181074044,LOCKED,1.000029812000,134316752679770
3201,-131301884045122,35367,101270,-29733.5,32471.4,9.4,-0.074,83335927,181159307,LOCKED,1.000029733000,134317752695503
3202,-131301884082271,24905,90808,-29625.2,32260.6,9.4,-0.091,83335928,181108727,LOCKED,1.000029625000,134318752855132
3203,-131301884187038,-48558,17345,-29626.8,32286.0,9.4,-0.109,83335928,181198167,LOCKED,1.000029627000,134319752999762
3204,-131301884207576,-38966,26937,-29586.6,31618.3,9.3,-0.128,83335928,181270521,LOCKED,1.000029587000,134320753157352
3205,-131301884218545,-20667,45236,-29536.5,31030.2,8.8,-0.173,83335928,181356332,LOCKED,1.000029536000,134321753303891
3206,-131301884247759,-18265,47638,-29608.3,30976.4,8.8,-0.159,83335929,181431067,LOCKED,1.000029608000,134322753450502
3207,-131301884313090,-50196,15707,-29711.1,31696.7,8.7,-0.159,83335928,181510165,LOCKED,1.000029711000,134323753487213
3208,-131301884341412,-46500,19403,-29747.0,32126.0,8.7,-0.151,83335929,181505895,LOCKED,1.000029747000,134324753522960
3209,-131301884365314,-39240,26663,-29751.2,32177.9,8.8,-0.155,83335928,181576103,LOCKED,1.000029751000,134325753668714
3210,-131301884398127,-41366,24537,-29728.2,31816.7,8.6,-0.150,83335929,181649088,LOCKED,1.000029728000,134326753817445
3211,-131301884390490,-5494,60409,-29645.6,31013.7,8.7,-0.144,83335929,181732439,LOCKED,1.000029646000,134327753965094
3212,-131301884398868,15770,81673,-29671.8,30807.4,8.6,-0.138,83335929,181814117,LOCKED,1.000029672000,134328754119769
3213,-131301884413401,29643,95546,-29658.9,30921.2,8.7,-0.134,83335929,181894099,LOCKED,1.000029659000,134329754273431
3214,-131301884418967,50299,116202,-29573.8,31665.7,9.0,-0.123,83335930,181979798,LOCKED,1.000029574000,134330754282004
3215,-131301884464738,31338,97241,-29490.1,31872.9,9.0,-0.120,83335929,181918052,LOCKED,1.000029490000,134331754445498
3216,-131301884574887,-47324,18579,-29509.4,32137.9,9.1,-0.110,83335930,182005331,LOCKED,1.000029509000,134332754593010
3217,-131301884585798,-28257,37646,-29485.3,31860.4,9.2,-0.108,83335929,182086394,LOCKED,1.000029485000,134333754743498
3218,-131301884580120,7562,73465,-29530.2,31557.5,9.2,-0.106,83335929,182186951,LOCKED,1.000029530000,134334754769028
3219,-131301884604305,13096,78999,-29561.3,31328.5,9.4,-0.099,83335930,182253987,LOCKED,1.000029561000,134335754914592
3220,-131301884626287,20136,86039,-29568.4,31276.2,9.9,-0.089,83335931,182323939,LOCKED,1.000029568000,134336755063163
3221,-131301884645634,28954,94857,-29547.6,31436.7,10.4,-0.079,83335931,182398151,LOCKED,1.000029548000,134337755211714
3222,-131301884655412,45431,111334,-29461.4,32032.3,10.9,-0.070,83335931,182475711,LOCKED,1.000029461000,134338755346178
3223,-131301884683350,43057,108960,-29341.5,32379.6,11.4,-0.062,83335931,182543255,LOCKED,1.000029342000,134339755378519
3224,-131301884815703,-56289,9614,-29427.9,33256.0,11.8,-0.055,83335931,182500633,LOCKED,1.000029428000,134340755513950
3225,-131301884758037,30122,96025,-29444.6,33072.2,11.7,-0.055,83335930,182543467,LOCKED,1.000029445000,134341755550394
3226,-131301884873225,-52976,12927,-29486.4,33613.8,11.6,-0.053,83335929,182623970,LOCKED,1.000029486000,134342755689883
3227,-131301884889801,-37220,28683,-29564.3,33977.6,11.7,-0.048,83335930,182701209,LOCKED,1.000029564000,134343755842450
3228,-131301884850271,31033,96936,-29574.6,33868.6,11.7,-0.050,83335929,182832623,LOCKED,1.000029575000,134344755987028
3229,-131301884869067,40407,106310,-29572.9,33889.8,11.6,-0.048,83335929,182904419,LOCKED,1.000029573000,134345756016600
3230,-131301884992233,-49037,16866,-29695.2,34423.0,11.7,-0.047,83335930,182873194,LOCKED,1.000029695000,134346756161298
3231,-131301885001620,-26053,39850,-29783.4,34447.7,11.7,-0.048,83335929,182957341,LOCKED,1.000029783000,134347756306084
3232,-131301885016509,-10398,55505,-29803.4,34476.4,11.8,-0.052,83335928,183033624,LOCKED,1.000029803000,134348756445890
3233,-131301885035298,-337,65566,-29756.0,34275.2,11.8,-0.054,83335929,183100073,LOCKED,1.000029756000,134349756594649
3234,-131301885041657,20370,86273,-29657.7,34043.2,11.7,-0.051,83335929,183191304,LOCKED,1.000029658000,134350756737310
3235,-131301885048627,41532,107435,-29651.9,34114.4,11.9,-0.054,83335928,183278006,LOCKED,1.000029652000,134351756775962
3236,-131301885172352,-48534,17369,-29768.0,34662.0,11.8,-0.050,83335929,183244792,LOCKED,1.000029768000,134352756918733
3237,-131301885196171,-39848,26055,-29836.2,35081.5,11.5,-0.040,83335929,183315395,LOCKED,1.000029836000,134353757076573
3238,-131301885149046,33802,99705,-29729.7,35191.0,11.3,-0.030,83335928,183452767,LOCKED,1.000029730000,134354757101302
3239,-131301885168042,43367,109270,-29744.6,34979.3,11.3,-0.031,83335929,183527615,LOCKED,1.000029745000,134355757136046
3240,-131301885294209,-48922,16981,-29866.3,35495.7,11.2,-0.025,83335929,183489435,LOCKED,1.000029866000,134356757281915
3241,-131301885306379,-28911,36992,-29931.9,35693.3,11.2,-0.019,83335930,183574375,LOCKED,1.000029932000,134357757423850
3242,-131301885318706,-10204,55699,-29969.1,35689.0,11.1,-0.011,83335929,183654003,LOCKED,1.000029969000,134358757568822
3243,-131301885328851,8550,74453,-29930.7,35662.0,11.0,-0.003,83335929,183733583,LOCKED,1.000029931000,134359757706755
# STATS: PDUs=3057 CSV=3056 Gaps=0 Dups=0 Skip=0 d_min=-65903 ns drift=-29930.7 ns/s sigma=35662.0 ns state=LOCKED clk_err=+0 ns
3244,-131301885373257,-6124,59779,-29910.8,35592.3,11.0,-0.003,83335929,183799798,LOCKED,1.000029911000,134360757844668
3245,-131301885426195,-28464,37439,-29897.1,35461.2,11.0,0.008,83335928,183868910,LOCKED,1.000029897000,134361758003568
3246,-131301885472792,-40265,17794,-30070.9,34978.2,11.0,0.009,83335929,183965955,LOCKED,1.000030071000,134362758055639
3247,-131301885490151,-24211,33848,-30194.9,34560.3,11.0,0.010,83335929,183945455,LOCKED,1.000030195000,134363758219837
3248,-131301885432467,60025,118084,-30115.8,35450.7,10.9,-0.003,83335929,184094959,LOCKED,1.000030116000,134364758136949
3249,-131301885561136,-35847,22212,-30187.9,35776.1,10.9,-0.008,83335928,184056481,LOCKED,1.000030188000,134365758272140
3250,-131301885584748,-27272,30787,-30240.8,35965.2,10.9,-0.007,83335929,184127268,LOCKED,1.000030241000,134366758414384
3251,-131301885620332,-31182,26877,-30259.3,36104.9,11.0,-0.021,83335928,184207519,LOCKED,1.000030259000,134367758554646
3252,-131301885606501,11346,69405,-30201.4,36017.8,10.9,-0.048,83335928,184287823,LOCKED,1.000030201000,134368758716851
3253,-131301885604847,39579,97638,-30089.2,36265.6,10.9,-0.046,83335929,184383106,LOCKED,1.000030089000,134369758741940
3254,-131301885624990,45041,103100,-29943.7,36415.4,10.7,-0.061,83335929,184349246,LOCKED,1.000029944000,134370758904887
3255,-131301885731880,-31056,27003,-29933.7,36317.6,10.7,-0.075,83335928,184441701,LOCKED,1.000029934000,134371758952821
3256,-131301885730680,-814,57245,-29888.5,36137.4,10.7,-0.091,83335928,184536651,LOCKED,1.000029889000,134372759116713
3257,-131301885729414,29710,87769,-29907.0,35948.3,10.6,-0.143,83335927,184634985,LOCKED,1.000029907000,134373759176620
3258,-131301885786725,2031,60090,-29896.9,35945.8,10.6,-0.131,83335929,184668670,LOCKED,1.000029897000,134374759213517
3259,-131301885803739,13692,71751,-29859.6,35979.1,10.6,-0.122,83335929,184739161,LOCKED,1.000029860000,134375759362380
3260,-131301885809097,35192,93251,-29770.7,36233.7,10.5,-0.114,83335929,184826665,LOCKED,1.000029771000,134376759528154
3261,-131301885818667,50367,108426,-29607.5,36414.9,10.1,-0.115,83335928,184911081,LOCKED,1.000029607000,134377759557761
3262,-131301885937444,-37610,20449,-29603.4,36369.5,10.3,-0.128,83335927,184881933,LOCKED,1.000029603000,134378759723368
3263,-131301885929225,1325,59384,-29660.4,36079.0,10.2,-0.122,83335929,184983976,LOCKED,1.000029660000,134379759888032
3264,-131301885922333,36314,94373,-29644.0,36229.6,10.1,-0.126,83335928,185082615,LOCKED,1.000029644000,134380759903675
3265,-131301885946542,39331,97390,-29590.7,36601.2,10.0,-0.122,83335929,185045303,LOCKED,1.000029591000,134381760059269
3266,-131301886067217,-48130,9929,-29688.6,37165.4,10.1,-0.126,83335928,185119174,LOCKED,1.000029689000,134382760212961
3267,-131301886073978,-22043,36016,-29807.3,36767.2,10.0,-0.130,83335928,185206910,LOCKED,1.000029807000,134383760356771
3268,-131301886071153,11504,69563,-29871.5,36215.9,10.0,-0.127,83335929,185302888,LOCKED,1.000029871000,134384760393642
3269,-131301886080079,31842,89901,-29894.6,35956.0,9.9,-0.126,83335929,185387240,LOCKED,1.000029895000,134385760535539
3270,-131301886104820,36256,94315,-29918.7,35651.0,9.9,-0.129,83335928,185451569,LOCKED,1.000029919000,134386760686461
3271,-131301886112761,54934,112993,-29848.0,36369.0,10.2,-0.137,83335927,185533913,LOCKED,1.000029848000,134387760711308
3272,-131301886242554,-42343,15716,-29908.6,36805.5,10.3,-0.135,83335929,185497626,LOCKED,1.000029909000,134388760865220
3273,-131301886246738,-16278,41781,-29898.2,36748.3,10.3,-0.138,83335928,185586186,LOCKED,1.000029898000,134389761010121
3274,-131301886255271,3173,61232,-29809.4,36180.4,10.5,-0.143,83335927,185670385,LOCKED,1.000029809000,134390761156933
3275,-131301886266640,19043,77102,-29714.7,35960.8,10.5,-0.145,83335928,185749643,LOCKED,1.000029715000,134391761302651
3276,-131301886287187,27788,85847,-29740.3,35697.5,10.5,-0.145,83335928,185822195,LOCKED,1.000029740000,134392761445394
3277,-131301886305709,37320,95379,-29719.5,35888.8,10.5,-0.147,83335928,185895248,LOCKED,1.000029720000,134393761463113
3278,-131301886420668,-45119,12940,-29782.1,36385.4,10.5,-0.149,83335928,185872198,LOCKED,1.000029782000,134394761484894
3279,-131301886439397,-32321,25738,-29814.0,36599.1,10.7,-0.150,83335927,185941308,LOCKED,1.000029814000,134395761615711
3280,-131301886469798,-31493,26566,-29831.1,36729.4,10.3,-0.145,83335928,186003521,LOCKED,1.000029831000,134396761766545
3281,-131301886479349,-11572,46487,-29794.1,36494.8,9.8,-0.138,83335928,186086780,LOCKED,1.000029794000,134397761903342
3282,-131301886505691,-9409,48650,-29715.0,35759.0,9.2,-0.131,83335928,186154621,LOCKED,1.000029715000,134398762060060
3283,-131301886505444,17225,75284,-29580.1,34905.0,8.9,-0.125,83335927,186244396,LOCKED,1.000029580000,134399762192643
3284,-131301886533585,18726,76785,-29614.3,34609.7,8.2,-0.116,83335928,186309454,LOCKED,1.000029614000,134400762347261
3285,-131301886558696,20151,78210,-29496.5,34125.3,8.0,-0.111,83335928,186376339,LOCKED,1.000029497000,134401762365757
3286,-131301886587917,20254,78313,-29521.8,33910.6,8.0,-0.110,83335928,186439122,LOCKED,1.000029522000,134402762522282
3287,-131301886596451,39341,97400,-29493.9,34181.3,8.1,-0.104,83335927,186522347,LOCKED,1.000029494000,134403762541775
3288,-131301886699209,-33230,24829,-29472.6,33922.6,8.1,-0.103,83335928,186514495,LOCKED,1.000029473000,134404762578247
3289,-131301886716375,-21497,36562,-29408.6,33123.6,8.1,-0.101,83335928,186588355,LOCKED,1.000029409000,134405762724658
3290,-131301886729553,-3842,54217,-29472.2,32833.1,8.1,-0.093,83335927,186664383,LOCKED,1.000029472000,134406762869133
3291,-131301886748114,7101,65160,-29485.6,32786.0,8.1,-0.090,83335928,186738320,LOCKED,1.000029486000,134407763008621
3292,-131301886783268,1371,59430,-29484.9,32786.3,8.0,-0.095,83335928,186808109,LOCKED,1.000029485000,134408763144109
3293,-131301886821406,-7133,50926,-29480.3,32774.0,8.8,-0.090,83335926,186877808,LOCKED,1.000029480000,134409763289592
3294,-131301886891198,-45468,12591,-29501.7,33042.9,9.0,-0.085,83335927,186960464,LOCKED,1.000029502000,134410763325093
3295,-131301886827553,42694,100753,-29327.8,32658.5,9.1,-0.089,83335927,186921756,LOCKED,1.000029328000,134411763491424
3296,-131301886935271,-32293,25766,-29441.3,32655.8,9.3,-0.082,83335927,187015884,LOCKED,1.000029441000,134412763646869
3297,-131301886942821,-8718,49341,-29509.6,32418.4,9.9,-0.072,83335926,187095251,LOCKED,1.000029510000,134413763676378
3298,-131301886930703,29303,87362,-29381.1,32110.7,10.4,-0.071,83335926,187093056,LOCKED,1.000029381000,134414763717759
3299,-131301887045928,-54813,3246,-29374.6,31991.1,10.9,-0.056,83335926,187175156,LOCKED,1.000029375000,134415763881137
3300,-131301887054045,-30167,27892,-29491.0,31875.5,11.3,-0.038,83335926,187259652,LOCKED,1.000029491000,134416764047632
3301,-131301887057207,-2840,55219,-29535.4,31731.5,11.2,-0.044,83335926,187349809,LOCKED,1.000029535000,134417764206171
3302,-131301887067553,15517,73576,-29520.3,31787.5,11.4,-0.060,83335926,187431626,LOCKED,1.000029520000,134418764354694
3303,-131301887072531,37037,95096,-29433.4,32138.0,11.3,-0.055,83335927,187516599,LOCKED,1.000029433000,134419764375127
# STATS: PDUs=3117 CSV=3116 Gaps=0 Dups=0 Skip=0 d_min=-58059 ns drift=-29433.4 ns/s sigma=32138.0 ns state=LOCKED clk_err=+0 ns
3304,-131301887109633,27467,85526,-29385.7,32353.7,11.5,-0.065,83335926,187466729,LOCKED,1.000029386000,134420764516515
3305,-131301887135186,30026,88085,-29373.1,32461.7,11.7,-0.088,83335926,187533662,LOCKED,1.000029373000,134421764672891
3306,-131301887242372,-43326,14733,-29520.2,32526.7,11.8,-0.094,83335926,187621381,LOCKED,1.000029520000,134422764813414
3307,-131301887260694,-28945,29114,-29628.5,32459.2,11.8,-0.098,83335926,187697378,LOCKED,1.000029629000,134423764962046
3308,-131301887233605,24260,82319,-29496.2,31876.5,11.9,-0.100,83335926,187813885,LOCKED,1.000029496000,134424764983541
3309,-131301887259618,27390,85449,-29524.5,31543.3,12.3,-0.130,83335925,187878957,LOCKED,1.000029525000,134425765028065
3310,-131301887374779,-53136,4923,-29687.3,31906.1,12.3,-0.158,83335925,187855927,LOCKED,1.000029687000,134426765168755
3311,-131301887400313,-44123,13936,-29852.7,31738.9,12.3,-0.168,83335926,187924888,LOCKED,1.000029853000,134427765332611
3312,-131301887401708,-14259,43800,-29898.1,31758.7,12.3,-0.177,83335926,188014115,LOCKED,1.000029898000,134428765471512
3313,-131301887425617,-8353,49706,-29880.1,31678.3,12.1,-0.185,83335926,188084174,LOCKED,1.000029880000,134429765619395
3314,-131301887442563,3305,61364,-29822.9,31429.8,11.8,-0.184,83335927,188156131,LOCKED,1.000029823000,134430765760221
3315,-131301887503797,-24760,33299,-29946.1,30997.7,11.7,-0.189,83335926,188194026,LOCKED,1.000029946000,134431765787167
3316,-131301887525405,-14738,43321,-30004.4,30960.9,11.7,-0.194,83335926,188260343,LOCKED,1.000030004000,134432765934174
3317,-131301887545531,-4910,53149,-29993.7,30932.1,11.7,-0.198,83335926,188333638,LOCKED,1.000029994000,134433766085171
3318,-131301887529270,39180,97239,-29952.6,31313.5,11.4,-0.194,83335927,188440324,LOCKED,1.000029953000,134434766116123
3319,-131301887553244,42305,100364,-29882.8,31834.4,11.1,-0.190,83335927,188513697,LOCKED,1.000029883000,134435766264009
3320,-131301887569418,51592,109651,-29751.3,32441.4,10.7,-0.187,83335927,188586785,LOCKED,1.000029751000,134436766275759
3321,-131301887615727,31189,89248,-29614.2,32087.7,10.7,-0.183,83335927,188527433,LOCKED,1.000029614000,134437766417376
3322,-131301887640517,34931,92990,-29619.2,32028.4,10.7,-0.186,83335926,188593649,LOCKED,1.000029619000,134438766566998
3323,-131301887761282,-52516,5543,-29713.6,32812.3,10.3,-0.182,83335927,188669892,LOCKED,1.000029714000,134439766720715
3324,-131301887777192,-37306,20753,-29720.5,32891.0,10.3,-0.179,83335927,188745569,LOCKED,1.000029721000,134440766870439
3325,-131301887794170,-24294,33765,-29693.3,32610.5,10.2,-0.169,83335928,188824350,LOCKED,1.000029693000,134441767024135
3326,-131301887802705,-1291,56768,-29781.9,31917.9,10.3,-0.162,83335928,188909295,LOCKED,1.000029782000,134442767158920
3327,-131301887844283,-11246,46813,-29853.7,31699.0,10.3,-0.163,83335926,188975777,LOCKED,1.000029854000,134443767203774
3328,-131301887908332,-42504,15555,-29927.3,32220.1,9.9,-0.157,83335927,188983699,LOCKED,1.000029927000,134444767233701
3329,-131301887923350,-26468,31591,-29938.5,32305.6,9.5,-0.151,83335927,189061958,LOCKED,1.000029939000,134445767382643
3330,-131301887936312,-9731,48328,-29910.6,32143.8,9.4,-0.147,83335927,189142160,LOCKED,1.000029911000,134446767519556
3331,-131301887974286,-18274,39785,-29856.5,31542.5,9.4,-0.147,83335927,189205739,LOCKED,1.000029857000,134447767662415
3332,-131301887987311,254,58313,-29940.4,30859.5,9.0,-0.140,83335927,189274631,LOCKED,1.000029940000,134448767833359
3333,-131301887983069,33052,91111,-29927.4,30989.1,9.0,-0.138,83335926,189371639,LOCKED,1.000029927000,134449767981289
3334,-131301887998658,44471,102530,-29857.9,31565.1,9.0,-0.138,83335927,189447825,LOCKED,1.000029858000,134450768008146
3335,-131301888028993,40637,98696,-29760.6,31980.2,8.9,-0.134,83335927,189402787,LOCKED,1.000029761000,134451768175910
3336,-131301888128734,-28320,29739,-29763.7,32007.9,8.8,-0.130,83335927,189500170,LOCKED,1.000029764000,134452768329677
3337,-131301888143324,-13580,44479,-29719.7,31628.5,8.8,-0.127,83335926,189577211,LOCKED,1.000029720000,134453768475400
3338,-131301888132650,26550,84609,-29751.0,31257.4,8.7,-0.123,83335926,189680814,LOCKED,1.000029751000,134454768500150
3339,-131301888156407,31611,89670,-29757.8,31180.2,8.8,-0.124,83335927,189748273,LOCKED,1.000029758000,134455768645911
3340,-131301888185378,31541,89600,-29768.3,31058.5,8.7,-0.119,83335926,189816047,LOCKED,1.000029768000,134456768797682
3341,-131301888198134,46021,104080,-29720.5,31578.4,8.7,-0.114,83335926,189895799,LOCKED,1.000029720000,134457768805401
3342,-131301888245840,26714,84773,-29700.0,31720.4,8.5,-0.107,83335927,189831598,LOCKED,1.000029700000,134458768965104
3343,-131301888352007,-47012,11047,-29756.5,32293.9,8.6,-0.108,83335927,189920283,LOCKED,1.000029756000,134459769110863
3344,-131301888374525,-37713,20346,-29794.9,32627.1,8.8,-0.100,83335925,189993795,LOCKED,1.000029795000,134460769263661
3345,-131301888424316,-54630,3429,-29855.3,33347.1,8.7,-0.091,83335926,190037183,LOCKED,1.000029855000,134461769280515
3346,-131301888350861,44838,102897,-29741.0,33786.0,8.6,-0.081,83335926,190096639,LOCKED,1.000029741000,134462769426259
3347,-131301888471827,-44855,13204,-29741.6,33794.0,9.0,-0.078,83335925,190170723,LOCKED,1.000029742000,134463769565003
3348,-131301888450942,6296,64355,-29777.9,33605.5,9.1,-0.063,83335925,190286194,LOCKED,1.000029778000,134464769597780
3349,-131301888468899,17473,75532,-29775.4,33618.8,8.9,-0.048,83335926,190358330,LOCKED,1.000029775000,134465769740558
3350,-131301888491458,23082,81141,-29734.8,33764.6,9.2,-0.040,83335925,190426340,LOCKED,1.000029735000,134466769890296
3351,-131301888499034,41896,99955,-29640.2,34201.3,9.1,-0.017,83335925,190513491,LOCKED,1.000029640000,134467770034939
3352,-131301888520748,46286,104345,-29543.4,34753.1,9.0,-0.019,83335925,190583619,LOCKED,1.000029543000,134468770064482
3353,-131301888654902,-54618,3441,-29634.7,35534.0,9.0,-0.027,83335926,190540162,LOCKED,1.000029635000,134469770210120
3354,-131301888673085,-39047,19012,-29772.1,35527.6,9.1,-0.037,83335925,190614180,LOCKED,1.000029772000,134470770356895
3355,-131301888685009,-21485,36574,-29722.3,34996.5,9.0,-0.030,83335926,190693342,LOCKED,1.000029722000,134471770496620
3356,-131301888707560,-12538,45521,-29788.7,34868.2,9.0,-0.023,83335926,190766251,LOCKED,1.000029789000,134472770644412
3357,-131301888724134,811,58870,-29796.6,34860.9,9.0,-0.030,83335926,190839116,LOCKED,1.000029797000,134473770778211
3358,-131301888717866,33269,91328,-29674.8,34806.2,8.9,-0.038,83335926,190935594,LOCKED,1.000029675000,134474770810885
3359,-131301888737262,42236,100295,-29680.7,34727.8,9.0,-0.034,83335927,191008374,LOCKED,1.000029681000,134475770952568
3360,-131301888759789,47035,105094,-29643.3,35137.3,9.0,-0.045,83335926,191078758,LOCKED,1.000029643000,134476770988211
3361,-131301888887938,-48146,9913,-29726.5,35740.3,9.0,-0.045,83335926,191041647,LOCKED,1.000029727000,134477771131940
3362,-131301888904920,-33712,24347,-29753.4,35945.8,9.1,-0.033,83335927,191115246,LOCKED,1.000029753000,134478771279696
3363,-131301888917239,-16660,41399,-29706.8,35535.3,9.1,-0.026,83335927,191197283,LOCKED,1.000029707000,134479771421406
# STATS: PDUs=3177 CSV=3176 Gaps=0 Dups=0 Skip=0 d_min=-58059 ns drift=-29706.8 ns/s sigma=35535.3 ns state=LOCKED clk_err=+0 ns
3364,-131301888948660,-18454,39605,-29672.1,35242.9,9.1,-0.027,83335926,191262633,LOCKED,1.000029672000,134480771572081
3365,-131301888964241,-5558,52501,-29604.1,34732.4,9.1,-0.028,83335926,191337512,LOCKED,1.000029604000,134481771729688
3366,-131301888958187,29153,83966,-29606.1,34713.8,9.1,-0.029,83335926,191433966,LOCKED,1.000029606000,134482771770294
3367,-131301888983761,31698,86511,-29585.8,34872.9,9.1,-0.030,83335926,191392072,LOCKED,1.000029586000,134483771927883
3368,-131301889047484,-3490,51323,-29528.3,34526.1,9.2,-0.024,83335927,191525144,LOCKED,1.000029528000,134484771975411
3369,-131301889060110,11133,65946,-29434.8,34080.6,9.0,-0.018,83335927,191606860,LOCKED,1.000029435000,134485772129849
3370,-131301889064444,35217,90030,-29443.5,33979.1,8.9,-0.014,83335927,191694760,LOCKED,1.000029443000,134486772170292
3371,-131301889085605,41931,96744,-29436.3,34068.0,9.2,-0.004,83335928,191658480,LOCKED,1.000029436000,134487772331732
3372,-131301889190768,-31234,23579,-29510.2,34299.1,9.2,-0.001,83335927,191752736,LOCKED,1.000029510000,134488772492246
3373,-131301889192941,-3404,51409,-29528.7,34288.3,9.5,0.008,83335928,191840164,LOCKED,1.000029529000,134489772628777
3374,-131301889218484,384,55197,-29519.7,34282.2,9.8,0.016,83335928,191903964,LOCKED,1.000029520000,134490772782300
3375,-131301889240634,8136,62949,-29552.0,34109.4,10.1,0.023,83335928,191977728,LOCKED,1.000029552000,134491772794851
3376,-131301889276154,2701,57514,-29582.7,34000.9,10.3,0.028,83335928,192031274,LOCKED,1.000029583000,134492772948437
3377,-131301889287516,19963,74776,-29568.8,34069.5,10.3,0.029,83335927,192112651,LOCKED,1.000029569000,134493772966005
3378,-131301889397087,-57257,0,-29610.2,34645.4,10.5,0.036,83335928,192094061,LOCKED,1.000029610000,134494773004615
3379,-131301889403657,-33311,23946,-29599.2,34523.6,10.7,0.042,83335928,192182406,LOCKED,1.000029599000,134495773146217
3380,-131301889431030,-30883,26374,-29557.7,33978.6,10.6,0.044,83335927,192246043,LOCKED,1.000029558000,134496773295778
3381,-131301889437551,-8686,48571,-29501.9,33550.9,10.8,0.050,83335928,192329469,LOCKED,1.000029502000,134497773437283
3382,-131301889454346,2168,59425,-29414.4,32920.0,11.0,0.052,83335928,192405138,LOCKED,1.000029414000,134498773590701
3383,-131301889465484,20455,77712,-29449.0,32582.5,11.1,0.058,83335928,192484213,LOCKED,1.000029449000,134499773719152
3384,-131301889501801,13662,70919,-29475.5,32401.0,11.3,0.062,83335928,192538566,LOCKED,1.000029475000,134500773876631
3385,-131301889502551,40223,97480,-29436.1,32769.5,11.0,0.069,83335927,192633854,LOCKED,1.000029436000,134501773884066
3386,-131301889544516,25782,83039,-29385.0,32952.9,11.0,0.078,83335928,192572346,LOCKED,1.000029385000,134502774042454
3387,-131301889639891,-37337,19920,-29464.0,33324.3,11.0,0.077,83335927,192672923,LOCKED,1.000029464000,134503774180921
3388,-131301889616634,15856,73113,-29513.6,32851.1,10.9,0.080,83335927,192789889,LOCKED,1.000029514000,134504774213434
3389,-131301889663014,127,57384,-29569.8,32559.4,10.9,0.083,83335927,192835416,LOCKED,1.000029570000,134505774347006
3390,-131301889691548,1680,58937,-29598.0,32470.5,10.9,0.087,83335927,192899391,LOCKED,1.000029598000,134506774499607
3391,-131301889697698,24406,81663,-29603.2,32427.3,11.0,0.091,83335928,192983626,LOCKED,1.000029603000,134507774640213
3392,-131301889711665,37831,95088,-29557.5,32792.7,11.2,0.096,83335928,193060440,LOCKED,1.000029558000,134508774674770
3393,-131301889830231,-48601,8656,-29603.2,33309.9,11.3,0.094,83335928,193034834,LOCKED,1.000029603000,134509774823376
3394,-131301889839385,-27534,29723,-29587.7,33153.0,11.3,0.098,83335927,193122351,LOCKED,1.000029588000,134510774968967
3395,-131301889843506,-3172,54085,-29528.1,32769.1,11.3,0.103,83335927,193206429,LOCKED,1.000029528000,134511775107498
3396,-131301889859892,10340,67597,-29563.5,32535.6,11.2,0.109,83335927,193279982,LOCKED,1.000029564000,134512775267065
3397,-131301889861842,36064,93321,-29530.7,32817.8,11.2,0.106,83335927,193372856,LOCKED,1.000029531000,134513775299595
3398,-131301889964922,-35813,21444,-29553.3,33029.5,11.2,0.103,83335927,193362727,LOCKED,1.000029553000,134514775339148
3399,-131301889960295,-2495,54762,-29506.7,32794.7,11.2,0.109,83335927,193456199,LOCKED,1.000029507000,134515775478657
3400,-131301889969089,15982,73239,-29423.4,32586.3,11.2,0.105,83335927,193539744,LOCKED,1.000029423000,134516775640084
3401,-131301889979058,31433,88690,-29278.9,32127.9,11.2,0.104,83335926,193623998,LOCKED,1.000029279000,134517775777366
3402,-131301890009979,26614,83871,-29167.0,31933.6,11.4,0.119,83335925,193682744,LOCKED,1.000029167000,134518775794532
3403,-131301890051180,14841,72098,-29204.6,31615.8,11.4,0.133,83335926,193636501,LOCKED,1.000029205000,134519775961740
3404,-131301890142531,-43177,14080,-29335.7,31867.7,11.5,0.086,83335926,193733125,LOCKED,1.000029336000,134520776106079
3405,-131301890191237,-56621,636,-29532.7,31895.5,11.5,0.076,83335927,193792644,LOCKED,1.000029533000,134521776129611
3406,-131301890205586,-40121,17136,-29530.6,31867.1,11.5,0.083,83335928,193856673,LOCKED,1.000029531000,134522776272144
3407,-131301890217341,-19270,37987,-29649.7,31284.0,11.3,0.059,83335927,193932003,LOCKED,1.000029650000,134523776409796
3408,-131301890231104,-3090,54167,-29659.0,31285.3,11.2,0.018,83335926,194033758,LOCKED,1.000029659000,134524776445455
3409,-131301890218448,36367,93624,-29579.0,31647.9,11.1,0.006,83335927,194119286,LOCKED,1.000029579000,134525776460033
3410,-131301890252783,28949,86206,-29496.4,31795.3,10.7,-0.027,83335927,194066363,LOCKED,1.000029496000,134526776619533
3411,-131301890355113,-42445,14812,-29496.4,31796.0,10.1,-0.067,83335927,194159091,LOCKED,1.000029496000,134527776758032
3412,-131301890384194,-41018,16239,-29477.8,31509.6,9.7,-0.055,83335927,194230699,LOCKED,1.000029478000,134528776899513
3413,-131301890419084,-41713,15544,-29640.2,31259.1,9.6,-0.049,83335927,194309380,LOCKED,1.000029640000,134529777057157
3414,-131301890397230,10628,67885,-29699.6,30703.8,9.3,-0.030,83335928,194394457,LOCKED,1.000029700000,134530777223860
3415,-131301890390777,44719,101976,-29672.8,31042.4,9.1,-0.027,83335927,194497677,LOCKED,1.000029673000,134531777275533
3416,-131301890491738,-24083,33174,-29754.9,31060.8,9.0,-0.024,83335927,194486031,LOCKED,1.000029755000,134532777436291
3417,-131301890482092,14723,71980,-29750.2,31082.3,8.8,-0.023,83335927,194586690,LOCKED,1.000029750000,134533777476041
3418,-131301890562256,-34160,23097,-29768.5,31261.4,8.7,-0.021,83335927,194601323,LOCKED,1.000029769000,134534777513809
3419,-131301890594401,-35310,21947,-29770.0,31278.3,8.7,-0.021,83335927,194660663,LOCKED,1.000029770000,134535777673582
3420,-131301890589978,-2474,54783,-29699.1,30733.5,8.5,-0.021,83335927,194755644,LOCKED,1.000029699000,134536777838285
3421,-131301890580712,35874,93131,-29728.6,30283.7,8.5,-0.028,83335926,194856236,LOCKED,1.000029729000,134537777980016
3422,-131301890594073,50255,107512,-29714.7,30506.5,8.5,-0.028,83335927,194937875,LOCKED,1.000029715000,134538778002730
3423,-131301890724632,-46430,10827,-29841.8,30949.3,8.6,-0.035,83335926,194898433,LOCKED,1.000029842000,134539778152575
# STATS: PDUs=3237 CSV=3236 Gaps=0 Dups=0 Skip=0 d_min=-57257 ns drift=-29841.8 ns/s sigma=30949.3 ns state=LOCKED clk_err=+0 ns
3424,-131301890733405,-22675,34582,-29936.1,30813.6,8.6,-0.041,83335926,194982716,LOCKED,1.000029936000,134540778290514
3425,-131301890766119,-23139,34118,-30011.3,30857.2,8.9,-0.053,83335925,195045117,LOCKED,1.000030011000,134541778449529
3426,-131301890755512,15871,73128,-29958.7,30872.8,8.9,-0.059,83335926,195146130,LOCKED,1.000029959000,134542778588490
3427,-131301890768863,29698,86955,-29871.5,31015.8,8.8,-0.065,83335926,195224229,LOCKED,1.000029871000,134543778616361
3428,-131301890843959,-14139,43118,-29916.1,31036.9,8.9,-0.069,83335926,195237986,LOCKED,1.000029916000,134544778635276
3429,-131301890886152,-24853,32404,-29951.6,31213.5,9.0,-0.073,83335926,195288928,LOCKED,1.000029952000,134545778785231
3430,-131301890904718,-13582,43675,-29923.3,31006.5,9.1,-0.077,83335926,195366890,LOCKED,1.000029923000,134546778927157
3431,-131301890922660,-2832,54425,-29858.0,30528.0,9.1,-0.078,83335926,195439494,LOCKED,1.000029858000,134547779078018
3432,-131301890932857,16820,74077,-29885.6,30292.3,9.2,-0.081,83335926,195519567,LOCKED,1.000029886000,134548779226907
3433,-131301890939007,38135,95392,-29830.2,30719.1,9.1,-0.077,83335927,195604969,LOCKED,1.000029830000,134549779240736
3434,-131301890972790,32004,89261,-29776.4,31024.5,9.0,-0.074,83335927,195556854,LOCKED,1.000029776000,134550779370515
3435,-131301891006433,26062,83319,-29717.8,31209.7,9.0,-0.073,83335926,195615332,LOCKED,1.000029718000,134551779406232
3436,-131301891018841,40452,97709,-29641.6,31686.8,8.9,-0.071,83335926,195695795,LOCKED,1.000029642000,134552779545876
3437,-131301891144986,-53171,4086,-29694.6,32349.6,9.3,-0.075,83335925,195768475,LOCKED,1.000029695000,134553779703574
3438,-131301891106729,15728,72985,-29767.4,31474.0,9.3,-0.072,83335926,195897061,LOCKED,1.000029767000,134554779725341
3439,-131301891135323,17052,74309,-29803.2,31146.0,9.5,-0.071,83335925,195960758,LOCKED,1.000029803000,134555779886148
3440,-131301891133700,46560,103817,-29786.6,31380.6,9.9,-0.073,83335925,196054585,LOCKED,1.000029787000,134556780019937
3441,-131301891158466,48717,105974,-29726.9,32008.2,10.0,-0.069,83335925,196123033,LOCKED,1.000029727000,134557780056664
3442,-131301891284572,-44528,12729,-29806.8,32574.0,10.7,-0.066,83335924,196090040,LOCKED,1.000029807000,134558780195474
3443,-131301891303125,-31643,25614,-29834.3,32784.7,10.8,-0.060,83335925,196163110,LOCKED,1.000029834000,134559780356312
3444,-131301891304883,-3650,53607,-29824.1,32763.3,10.9,-0.053,83335925,196250598,LOCKED,1.000029824000,134560780492139
3445,-131301891321845,7311,64568,-29742.8,32346.3,11.1,-0.051,83335925,196328265,LOCKED,1.000029743000,134561780649885
3446,-131301891325387,30339,87596,-29637.4,32355.3,11.1,-0.041,83335925,196417688,LOCKED,1.000029637000,134562780787525
3447,-131301891340365,43165,100422,-29619.1,32579.5,11.3,-0.037,83335925,196491546,LOCKED,1.000029619000,134563780818144
3448,-131301891426305,-12946,44311,-29607.9,32520.7,11.5,-0.032,83335925,196499678,LOCKED,1.000029608000,134564780831751
3449,-131301891465102,-20812,36445,-29638.3,32639.9,11.5,-0.027,83335926,196554845,LOCKED,1.000029638000,134565780993393
3450,-131301891470637,2941,60198,-29625.9,32637.6,11.6,-0.020,83335925,196641858,LOCKED,1.000029626000,134566781126021
3451,-131301891493409,8226,65483,-29562.5,32435.4,11.5,-0.001,83335925,196708518,LOCKED,1.000029563000,134567781285587
3452,-131301891498347,29189,86446,-29431.1,32079.8,11.3,0.021,83335925,196793960,LOCKED,1.000029431000,134568781422021
3453,-131301891535749,21142,78399,-29462.6,31766.8,11.0,0.047,83335925,196864456,LOCKED,1.000029463000,134569781433483
3454,-131301891598707,-10857,46400,-29518.1,31675.4,11.0,0.065,83335925,196811373,LOCKED,1.000029518000,134570781590004
3455,-131301891666561,-46087,11170,-29594.0,32285.6,11.1,0.051,83335925,196904901,LOCKED,1.000029594000,134571781728601
3456,-131301891686807,-34834,22423,-29629.6,32570.5,11.0,0.059,83335926,196972635,LOCKED,1.000029630000,134572781884234
3457,-131301891691526,-10678,46579,-29574.7,32100.4,10.8,0.068,83335926,197061149,LOCKED,1.000029575000,134573781920808
3458,-131301891670026,38736,95993,-29557.6,32289.6,10.6,0.079,83335926,197067046,LOCKED,1.000029558000,134574782069369
3459,-131301891784011,-42873,14384,-29624.8,32804.3,10.4,0.093,83335926,197152148,LOCKED,1.000029625000,134575782234997
3460,-131301891777989,-7562,49695,-29595.6,32655.6,10.3,0.096,83335925,197251674,LOCKED,1.000029596000,134576782408596
3461,-131301891764550,31658,88915,-29460.8,32359.7,10.3,0.099,83335926,197355164,LOCKED,1.000029461000,134577782419056
3462,-131301891805105,17625,74882,-29345.7,31785.5,10.3,0.087,83335926,197301951,LOCKED,1.000029346000,134578782588405
3463,-131301891904223,-50095,7162,-29363.1,32044.6,10.3,0.107,83335927,197397882,LOCKED,1.000029363000,134579782742771
3464,-131301891919173,-32667,24590,-29456.9,32226.3,10.3,0.101,83335926,197476930,LOCKED,1.000029457000,134580782893231
3465,-131301891950310,-30691,26566,-29585.5,31973.5,10.3,0.094,83335926,197535528,LOCKED,1.000029586000,134581782919816
3466,-131301891983127,-30666,26591,-29694.6,31958.3,9.9,0.096,83335927,197599025,LOCKED,1.000029695000,134582783066514
3467,-131301891990870,-7586,49671,-29737.4,31892.9,9.8,0.100,83335927,197678947,LOCKED,1.000029737000,134583783214254
3468,-131301891965149,44837,102094,-29662.9,32467.3,10.0,0.088,83335925,197794443,LOCKED,1.000029663000,134584783239916
3469,-131301891990568,44508,101765,-29512.2,32542.4,9.9,0.084,83335926,197864160,LOCKED,1.000029512000,134585783378431
3470,-131301892020510,39843,97100,-29370.3,32514.2,9.8,0.081,83335926,197922552,LOCKED,1.000029370000,134586783402801
3471,-131301892050668,37436,94693,-29353.1,32694.9,9.6,0.079,83335926,197880504,LOCKED,1.000029353000,134587783542157
3472,-131301892180002,-57547,0,-29502.9,33401.4,9.5,0.078,83335926,197947553,LOCKED,1.000029503000,134588783689663
3473,-131301892193968,-38035,19512,-29635.0,33416.6,9.3,0.077,83335926,198027874,LOCKED,1.000029635000,134589783828301
3474,-131301892216118,-28905,28642,-29667.8,33617.6,8.7,0.078,83335926,198093540,LOCKED,1.000029668000,134590783971972
3475,-131301892232064,-15730,41817,-29614.6,33100.2,8.6,0.073,83335925,198172724,LOCKED,1.000029615000,134591784116590
3476,-131301892251628,-4555,52992,-29662.4,32962.5,8.6,0.079,83335927,198243020,LOCKED,1.000029662000,134592784264255
3477,-131301892267212,8407,65954,-29621.5,32920.1,8.5,0.086,83335927,198318961,LOCKED,1.000029621000,134593784394879
3478,-131301892260100,43349,100896,-29605.6,33116.3,8.4,0.092,83335927,198416733,LOCKED,1.000029606000,134594784298480
3479,-131301892307700,24962,82509,-29627.9,32893.7,8.7,0.103,83335928,198356893,LOCKED,1.000029628000,134595784440111
3480,-131301892328807,31484,89031,-29582.1,33162.4,8.5,0.109,83335927,198427682,LOCKED,1.000029582000,134596784582696
3481,-131301892348768,37291,94838,-29456.7,33223.1,8.7,0.106,83335925,198499735,LOCKED,1.000029457000,134597784731156
3482,-131301892469172,-51968,5579,-29453.1,33162.1,8.6,0.113,83335927,198577226,LOCKED,1.000029453000,134598784877612
3483,-131301892483095,-32563,24984,-29589.4,32888.8,8.7,0.117,83335927,198654806,LOCKED,1.000029589000,134599785019204
# STATS: PDUs=3297 CSV=3296 Gaps=0 Dups=0 Skip=0 d_min=-57547 ns drift=-29589.4 ns/s sigma=32888.8 ns state=LOCKED clk_err=+0 ns
3484,-131301892518249,-34694,22853,-29700.4,32996.0,8.7,0.118,83335926,198711856,LOCKED,1.000029700000,134600785161907
3485,-131301892541006,-24783,32764,-29805.0,32827.1,8.6,0.116,83335926,198781783,LOCKED,1.000029805000,134601785304715
3486,-131301892554751,-8230,49317,-29815.6,32844.7,8.7,0.119,83335927,198856008,LOCKED,1.000029816000,134602785441533
3487,-131301892603538,-26050,31497,-29828.7,32938.6,8.7,0.121,83335926,198919133,LOCKED,1.000029829000,134603785575364
3488,-131301892629853,-20192,37355,-29910.4,32858.0,8.7,0.122,83335926,199027191,LOCKED,1.000029910000,134604785492271
3489,-131301892600990,37446,94993,-29917.0,32775.0,8.8,0.126,83335927,198983000,LOCKED,1.000029917000,134605785630191
3490,-131301892663424,5654,63201,-29962.1,32505.8,8.9,0.130,83335927,199046569,LOCKED,1.000029962000,134606785790156
3491,-131301892745710,-42923,14624,-30074.8,32896.8,9.0,0.134,83335927,199128494,LOCKED,1.000030075000,134607785929234
3492,-131301892774119,-38425,19122,-30150.0,33302.5,9.0,0.136,83335926,199192911,LOCKED,1.000030150000,134608786071387
3493,-131301892801864,-34273,23274,-30178.8,33538.8,8.8,0.145,83335927,199261900,LOCKED,1.000030179000,134609786235569
3494,-131301892798627,-1276,56271,-30156.1,33483.3,8.6,0.155,83335927,199355930,LOCKED,1.000030156000,134610786395728
3495,-131301892817333,9122,66669,-30119.5,33468.5,8.7,0.159,83335927,199430803,LOCKED,1.000030120000,134611786433847
3496,-131301892831506,22419,79966,-30026.6,33349.4,8.8,0.164,83335927,199505910,LOCKED,1.000030027000,134612786585877
3497,-131301892837659,45370,102917,-30056.9,32830.0,8.9,0.161,83335927,199592583,LOCKED,1.000030057000,134613786621934
3498,-131301892928007,-14049,43498,-30076.4,32882.9,9.0,0.166,83335925,199593521,LOCKED,1.000030076000,134614786651010
3499,-131301892946222,-2183,55364,-30073.0,32879.5,9.0,0.163,83335926,199670369,LOCKED,1.000030073000,134615786802086
3500,-131301892955781,15938,73485,-29981.8,32585.2,9.0,0.160,83335926,199752261,LOCKED,1.000029982000,134616786964071
3501,-131301892963526,34215,91762,-29844.1,32359.8,8.9,0.157,83335926,199836553,LOCKED,1.000029844000,134617787113918
3502,-131301892981064,45084,102631,-29848.6,32292.4,8.7,0.143,83335926,199912245,LOCKED,1.000029849000,134618787249769
3503,-131301893004018,49866,107413,-29827.9,32587.8,8.6,0.138,83335926,199982364,LOCKED,1.000029828000,134619787286597
3504,-131301893133740,-46413,11134,-29928.2,33159.0,8.6,0.133,83335926,199944450,LOCKED,1.000029928000,134620787426528
3505,-131301893153701,-34067,23480,-29988.5,33480.1,8.7,0.123,83335927,200014451,LOCKED,1.000029988000,134621787578520
3506,-131301893169252,-19184,38363,-29978.4,33410.3,8.8,0.112,83335927,200093892,LOCKED,1.000029978000,134622787725501
3507,-131301893183226,-4339,53208,-29914.1,32948.8,9.2,0.066,83335925,200172354,LOCKED,1.000029914000,134623787868418
3508,-131301893163980,42319,99866,-29861.6,33404.2,9.1,0.043,83335926,200284515,LOCKED,1.000029862000,134624787895279
3509,-131301893182125,51209,108756,-29808.0,34005.1,9.2,0.037,83335926,200354167,LOCKED,1.000029808000,134625787906086
3510,-131301893226679,33958,91505,-29741.4,34311.9,9.0,0.016,83335926,200297565,LOCKED,1.000029741000,134626788044830
3511,-131301893250621,36756,94303,-29655.1,34631.6,8.9,-0.006,83335926,200364337,LOCKED,1.000029655000,134627788201488
3512,-131301893365799,-46909,10638,-29668.3,34804.1,8.6,-0.030,83335926,200444388,LOCKED,1.000029668000,134628788342159
3513,-131301893390565,-40365,17182,-29681.7,34951.9,8.4,-0.072,83335925,200512958,LOCKED,1.000029682000,134629788491844
3514,-131301893402685,-21330,36217,-29718.6,35071.7,7.9,-0.106,83335926,200592866,LOCKED,1.000029719000,134630788634565
3515,-131301893428840,-15324,42223,-29813.1,34740.1,7.7,-0.098,83335926,200661769,LOCKED,1.000029813000,134631788785381
3516,-131301893433042,10693,68240,-29851.0,34493.3,7.7,-0.095,83335926,200749098,LOCKED,1.000029851000,134632788931235
3517,-131301893444400,27588,85135,-29818.4,34674.6,7.7,-0.093,83335926,200830614,LOCKED,1.000029818000,134633788955053
3518,-131301893557815,-53789,3758,-29837.8,34958.4,7.8,-0.101,83335925,200809743,LOCKED,1.000029838000,134634789083893
3519,-131301893481603,50210,107757,-29820.7,35191.7,7.8,-0.099,83335926,200980092,LOCKED,1.000029821000,134635789103713
3520,-131301893521110,38075,95622,-29763.7,35561.4,7.8,-0.087,83335927,200925185,LOCKED,1.000029764000,134636789242479
3521,-131301893543292,41402,98949,-29623.5,35620.0,7.8,-0.086,83335926,200996157,LOCKED,1.000029623000,134637789389105
3522,-131301893660037,-43807,13740,-29644.5,35854.1,7.8,-0.085,83335926,201076294,LOCKED,1.000029645000,134638789520752
3523,-131301893682391,-32908,24639,-29767.2,35780.1,7.7,-0.085,83335926,201145385,LOCKED,1.000029767000,134639789661522
3524,-131301893711553,-29337,28210,-29864.1,35828.3,7.8,-0.078,83335927,201208855,LOCKED,1.000029864000,134640789820389
3525,-131301893703065,9431,66978,-29900.3,35617.8,8.0,-0.071,83335927,201310592,LOCKED,1.000029900000,134641789965292
3526,-131301893737694,5555,63102,-29951.5,35311.9,8.0,-0.065,83335927,201382707,LOCKED,1.000029951000,134642790098246
3527,-131301893781424,-7197,50350,-29990.0,35268.5,8.1,-0.059,83335927,201446272,LOCKED,1.000029990000,134643790137236
3528,-131301893845283,-39718,17829,-29990.0,35269.5,7.8,-0.061,83335926,201443507,LOCKED,1.000029990000,134644790163225
3529,-131301893866527,-30477,27070,-29963.6,34967.8,7.8,-0.062,83335926,201514047,LOCKED,1.000029964000,134645790322192
3530,-131301893872253,-7424,50123,-29893.0,34377.7,7.8,-0.063,83335926,201600270,LOCKED,1.000029893000,134646790468088
3531,-131301893900643,-7218,50329,-29817.1,33701.6,7.8,-0.065,83335926,201677200,LOCKED,1.000029817000,134647790604908
3532,-131301893942992,-16940,40607,-29927.1,33202.9,7.7,-0.066,83335926,201746820,LOCKED,1.000029927000,134648790754838
3533,-131301893919166,35540,93087,-29923.7,33239.9,7.7,-0.067,83335926,201829959,LOCKED,1.000029924000,134649790907765
3534,-131301893929488,52453,110000,-29878.9,33797.5,7.9,-0.073,83335925,201910821,LOCKED,1.000029879000,134650790949644
3535,-131301894047065,-32521,25026,-29958.7,34039.2,7.6,-0.077,83335926,201885920,LOCKED,1.000029959000,134651791113606
3536,-131301894038616,5659,63206,-29956.9,34042.0,7.5,-0.076,83335926,201987763,LOCKED,1.000029957000,134652791285567
3537,-131301894020542,49878,107425,-29852.6,34684.8,7.7,-0.077,83335925,202097627,LOCKED,1.000029853000,134653791302419
3538,-131301894114501,-14937,42610,-29792.9,34100.5,8.3,-0.081,83335924,202093779,LOCKED,1.000029793000,134654791468215
3539,-131301894113838,13374,70921,-29709.7,33833.7,8.5,-0.080,83335924,202189138,LOCKED,1.000029710000,134655791605927
3540,-131301894129796,23844,81391,-29588.0,33421.1,8.6,-0.079,83335925,202265671,LOCKED,1.000029588000,134656791754518
3541,-131301894129939,47851,105398,-29400.3,33084.9,8.5,-0.087,83335925,202353310,LOCKED,1.000029400000,134657791757917
3542,-131301894174161,31748,89295,-29390.3,33177.2,8.6,-0.085,83335925,202296741,LOCKED,1.000029390000,134658791918311
3543,-131301894278059,-39605,17942,-29479.4,33575.8,8.6,-0.083,83335925,202387579,LOCKED,1.000029479000,134659792059793
# STATS: PDUs=3357 CSV=3356 Gaps=0 Dups=0 Skip=0 d_min=-57547 ns drift=-29479.4 ns/s sigma=33575.8 ns state=LOCKED clk_err=+0 ns
3544,-131301894315588,-43920,13627,-29589.8,34002.9,8.8,-0.086,83335925,202448177,LOCKED,1.000029590000,134660792224386
3545,-131301894323750,-20525,37022,-29652.4,34054.9,8.9,-0.088,83335925,202535147,LOCKED,1.000029652000,134661792362041
3546,-131301894323880,8446,65993,-29639.3,34074.0,8.9,-0.085,83335925,202622068,LOCKED,1.000029639000,134662792520684
3547,-131301894324658,35546,93093,-29612.0,34307.6,8.9,-0.086,83335926,202713379,LOCKED,1.000029612000,134663792542295
3548,-131301894438938,-45370,12177,-29720.9,34782.0,8.9,-0.088,83335926,202691669,LOCKED,1.000029721000,134664792576015
3549,-131301894453743,-29775,27772,-29704.6,34612.4,9.0,-0.083,83335925,202765809,LOCKED,1.000029705000,134665792719723
3550,-131301894473716,-19006,38541,-29724.0,34691.6,9.0,-0.077,83335925,202842036,LOCKED,1.000029724000,134666792872450
3551,-131301894473514,11700,69247,-29781.8,34193.1,9.0,-0.069,83335925,202929682,LOCKED,1.000029782000,134667793013235
3552,-131301894492444,22620,80167,-29822.9,33756.9,9.1,-0.070,83335925,203002458,LOCKED,1.000029823000,134668793163061
3553,-131301894494386,48762,106309,-29818.7,33819.5,9.1,-0.060,83335925,203092711,LOCKED,1.000029819000,134669793292882
3554,-131301894518360,51548,109095,-29754.2,34478.0,9.1,-0.049,83335925,203164555,LOCKED,1.000029754000,134670793301635
3555,-131301894560510,36704,94251,-29695.0,34834.1,9.0,-0.036,83335925,203107182,LOCKED,1.000029695000,134671793442333
3556,-131301894582288,41263,98810,-29598.6,35232.8,8.9,-0.021,83335925,203177457,LOCKED,1.000029599000,134672793581934
3557,-131301894702634,-47586,9961,-29612.6,35415.1,9.1,0.000,83335924,203255718,LOCKED,1.000029613000,134673793727550
3558,-131301894679160,5813,63360,-29637.7,35318.5,9.1,-0.021,83335925,203370656,LOCKED,1.000029638000,134674793873191
3559,-131301894688315,24915,82462,-29611.3,35454.8,9.1,-0.026,83335925,203450072,LOCKED,1.000029611000,134675794034806
3560,-131301894699713,39977,97524,-29523.0,35840.3,9.1,-0.031,83335925,203538712,LOCKED,1.000029523000,134676794038328
3561,-131301894745870,20682,78229,-29426.6,35647.1,9.1,-0.035,83335925,203474903,LOCKED,1.000029427000,134677794186758
3562,-131301894854792,-56633,914,-29439.4,35847.0,9.2,-0.038,83335925,203560567,LOCKED,1.000029439000,134678794329200
3563,-131301894874158,-45439,12108,-29418.8,35534.6,9.2,-0.040,83335925,203639899,LOCKED,1.000029419000,134679794465621
3564,-131301894899932,-37719,19828,-29556.3,35473.3,9.2,-0.043,83335925,203700579,LOCKED,1.000029556000,134680794620181
3565,-131301894903946,-10208,47339,-29636.1,35175.1,9.0,-0.026,83335925,203789130,LOCKED,1.000029636000,134681794773820
3566,-131301894902100,20692,78239,-29642.0,35135.7,9.0,-0.019,83335924,203882433,LOCKED,1.000029642000,134682794827462
3567,-131301895001869,-45910,11637,-29738.8,35662.1,9.0,-0.023,83335925,203875144,LOCKED,1.000029739000,134683794987204
3568,-131301894965322,17805,75352,-29642.1,35381.6,9.0,-0.028,83335925,204003686,LOCKED,1.000029642000,134684795020846
3569,-131301894987351,22028,79575,-29512.0,34795.2,9.0,-0.033,83335925,204072060,LOCKED,1.000029512000,134685795179361
3570,-131301894991904,42548,100095,-29364.7,34818.8,9.1,-0.047,83335924,204160604,LOCKED,1.000029365000,134686795211725
3571,-131301895111285,-46092,11455,-29355.5,34683.8,9.3,-0.058,83335924,204130565,LOCKED,1.000029356000,134687795364084
3572,-131301895111831,-15073,42474,-29439.1,34461.3,9.2,-0.060,83335925,204224811,LOCKED,1.000029439000,134688795520526
3573,-131301895117582,9079,66626,-29477.0,34230.2,9.8,-0.077,83335923,204308770,LOCKED,1.000029477000,134689795660006
3574,-131301895126555,28165,85712,-29454.2,34381.6,9.8,-0.085,83335924,204393670,LOCKED,1.000029454000,134690795680459
3575,-131301895161657,21450,78997,-29437.5,34466.8,9.8,-0.084,83335925,204340818,LOCKED,1.000029438000,134691795821899
3576,-131301895188036,22473,80020,-29374.9,34554.8,9.8,-0.091,83335924,204409849,LOCKED,1.000029375000,134692795985277
3577,-131301895291593,-49446,8101,-29403.7,34914.8,9.9,-0.096,83335924,204500276,LOCKED,1.000029404000,134693796131684
3578,-131301895272288,993,58540,-29490.5,34235.4,9.9,-0.096,83335925,204613848,LOCKED,1.000029491000,134694796168174
3579,-131301895277494,21910,79457,-29361.4,33638.5,9.8,-0.095,83335925,204701227,LOCKED,1.000029361000,134695796318538
3580,-131301895294244,30744,88291,-29226.9,33316.7,9.5,-0.097,83335924,204778421,LOCKED,1.000029227000,134696796341764
3581,-131301895325377,25052,82599,-29082.5,32573.2,9.5,-0.100,83335924,204731655,LOCKED,1.000029082000,134697796486849
3582,-131301895441567,-57171,376,-29227.4,33306.4,9.6,-0.093,83335926,204811132,LOCKED,1.000029227000,134698796641080
3583,-131301895450503,-33735,23812,-29325.8,33482.0,9.6,-0.095,83335924,204893501,LOCKED,1.000029326000,134699796777408
3584,-131301895471475,-22897,34650,-29409.8,33454.1,9.2,-0.091,83335925,204964856,LOCKED,1.000029410000,134700796928821
3585,-131301895498986,-19977,37570,-29426.7,33534.6,8.7,-0.086,83335925,205031324,LOCKED,1.000029427000,134701796949247
3586,-131301895522174,-13017,44530,-29440.5,33573.9,8.3,-0.084,83335924,205094577,LOCKED,1.000029441000,134702797089690
3587,-131301895553347,-13481,44066,-29480.4,33600.2,7.8,-0.077,83335925,205160003,LOCKED,1.000029480000,134703797221173
3588,-131301895532268,36159,93706,-29495.4,33408.8,7.6,-0.074,83335925,205268098,LOCKED,1.000029495000,134704797119664
3589,-131301895575185,22536,80083,-29523.1,33142.4,7.6,-0.073,83335924,205211821,LOCKED,1.000029523000,134705797258190
3590,-131301895604801,21531,79078,-29514.1,33196.5,7.5,-0.071,83335924,205275118,LOCKED,1.000029514000,134706797418708
3591,-131301895705739,-46127,11420,-29622.4,33715.4,7.4,-0.066,83335925,205368258,LOCKED,1.000029622000,134707797564333
3592,-131301895724118,-31579,25592,-29732.4,33723.5,7.2,-0.061,83335925,205446548,LOCKED,1.000029732000,134708797723069
3593,-131301895735848,-13332,43839,-29722.1,33671.7,7.0,-0.056,83335925,205524908,LOCKED,1.000029722000,134709797860794
3594,-131301895751434,-563,56608,-29654.0,33243.5,7.3,-0.054,83335926,205602535,LOCKED,1.000029654000,134710798009451
3595,-131301895760772,19995,77166,-29699.2,32769.7,7.2,-0.050,83335924,205687256,LOCKED,1.000029699000,134711798148153
3596,-131301895786704,22553,79724,-29677.4,32883.9,7.0,-0.044,83335925,205749865,LOCKED,1.000029677000,134712798176830
3597,-131301895811447,24442,81613,-29568.3,32651.0,7.0,-0.043,83335925,205711998,LOCKED,1.000029568000,134713798326401
3598,-131301895885751,-18203,38968,-29640.8,32593.3,7.0,-0.049,83335924,205833924,LOCKED,1.000029641000,134714798367042
3599,-131301895900191,-2970,54201,-29637.4,32589.0,6.8,-0.055,83335925,205915299,LOCKED,1.000029637000,134715798511682
3600,-131301895914902,10551,67722,-29585.9,32520.2,7.1,-0.055,83335926,205991653,LOCKED,1.000029586000,134716798672271
3601,-131301895925252,26186,83357,-29452.4,32003.3,7.1,-0.055,83335925,206069896,LOCKED,1.000029452000,134717798811726
3602,-131301895964653,13862,71033,-29358.7,31604.8,7.3,-0.056,83335926,206143040,LOCKED,1.000029359000,134718798824084
3603,-131301896032024,-21523,35648,-29452.1,31446.2,7.3,-0.057,83335925,206087959,LOCKED,1.000029452000,134719798973539
# STATS: PDUs=3417 CSV=3416 Gaps=0 Dups=0 Skip=0 d_min=-57171 ns drift=-29452.1 ns/s sigma=31446.2 ns state=LOCKED clk_err=+0 ns
3604,-131301896109913,-63986,0,-29639.2,32103.7,7.3,-0.057,83335925,206164446,LOCKED,1.000029639000,134720799114181
3605,-131301896137346,-56878,7108,-29785.5,32822.5,7.3,-0.058,83335925,206230749,LOCKED,1.000029785000,134721799274970
3606,-131301896132092,-20393,43593,-29822.6,32938.9,7.4,-0.057,83335924,206327605,LOCKED,1.000029823000,134722799424796
3607,-131301896148841,-7760,56226,-29787.9,32743.3,7.3,-0.046,83335925,206401150,LOCKED,1.000029788000,134723799448583
3608,-131301896145341,25712,89698,-29839.9,32059.9,7.1,-0.034,83335925,206391446,LOCKED,1.000029840000,134724799504423
3609,-131301896258342,-52272,11714,-30007.3,32306.9,7.1,-0.033,83335925,206475358,LOCKED,1.000030007000,134725799666434
3610,-131301896259528,-20656,43330,-30110.3,32013.6,7.2,-0.042,83335924,206568423,LOCKED,1.000030110000,134726799829548
3611,-131301896263836,5183,69169,-30120.8,31985.5,7.2,-0.033,83335925,206655045,LOCKED,1.000030121000,134727799984672
3612,-131301896266979,30088,94074,-30069.0,32245.3,7.5,-0.007,83335926,206745459,LOCKED,1.000030069000,134728800123744
3613,-131301896285938,37565,101551,-29953.0,32414.3,7.7,0.015,83335926,206817602,LOCKED,1.000029953000,134729800161697
3614,-131301896306268,42856,106842,-29811.3,32527.6,7.7,0.022,83335925,206783425,LOCKED,1.000029811000,134730800306511
3615,-131301896335801,39338,103324,-29690.2,32714.9,7.9,0.044,83335926,206847477,LOCKED,1.000029690000,134731800325200
3616,-131301896466787,-59300,4686,-29722.1,33225.2,7.8,0.053,83335925,206912739,LOCKED,1.000029722000,134732800474925
3617,-131301896485340,-43376,20610,-29883.6,33087.6,7.8,0.043,83335925,206988106,LOCKED,1.000029884000,134733800626812
3618,-131301896468451,3186,67172,-29878.6,33090.4,7.9,0.056,83335926,207097292,LOCKED,1.000029879000,134734800647690
3619,-131301896502448,-1554,62432,-29845.4,32973.9,8.0,0.066,83335926,207154900,LOCKED,1.000029845000,134735800804539
3620,-131301896514790,13569,77555,-29750.9,32568.7,8.0,0.064,83335925,207234791,LOCKED,1.000029751000,134736800941293
3621,-131301896535551,20185,84171,-29667.9,32474.7,8.0,0.063,83335925,207305205,LOCKED,1.000029668000,134737801096964
3622,-131301896540117,43991,107977,-29677.5,32329.3,8.2,0.052,83335924,207392859,LOCKED,1.000029677000,134738801100640
3623,-131301896586902,26503,90489,-29702.9,32048.5,8.2,0.051,83335925,207332802,LOCKED,1.000029703000,134739801261346
3624,-131301896696436,-48561,15425,-29856.5,32288.4,8.2,0.051,83335925,207417118,LOCKED,1.000029856000,134740801403205
3625,-131301896714366,-33665,30321,-29946.3,32522.7,8.2,0.050,83335925,207493279,LOCKED,1.000029946000,134741801563155
3626,-131301896717732,-7016,56970,-29938.0,32497.4,8.2,0.043,83335924,207584286,LOCKED,1.000029938000,134742801701096
3627,-131301896735297,6925,70911,-30026.7,31559.6,8.2,0.043,83335925,207658312,LOCKED,1.000030027000,134743801732122
3628,-131301896723626,45283,109269,-29937.9,32145.0,8.4,0.037,83335924,207654088,LOCKED,1.000029938000,134744801743059
3629,-131301896765410,30755,94741,-29857.3,32349.2,8.4,0.037,83335925,207704738,LOCKED,1.000029857000,134745801905920
3630,-131301896877952,-49975,14011,-29870.1,32541.3,8.3,0.037,83335925,207787625,LOCKED,1.000029870000,134746802051793
3631,-131301896899922,-37818,26168,-30016.5,32355.6,8.3,0.031,83335924,207865203,LOCKED,1.000030016000,134747802200813
3632,-131301896911671,-17589,46397,-30083.6,32321.7,8.5,0.037,83335926,207942300,LOCKED,1.000030084000,134748802341899
3633,-131301896931030,-6470,57516,-30092.2,32332.9,8.1,0.029,83335924,208014471,LOCKED,1.000030092000,134749802493994
3634,-131301896943606,9575,73561,-30035.8,32213.7,8.2,0.032,83335926,208093800,LOCKED,1.000030036000,134750802644033
3635,-131301896964130,17199,81185,-29971.6,32190.5,8.3,0.037,83335926,208163140,LOCKED,1.000029972000,134751802802008
3636,-131301896975099,33015,97001,-29870.0,32323.9,8.2,0.035,83335925,208249502,LOCKED,1.000029870000,134752802939881
3637,-131301897015084,22938,86924,-29910.1,31872.3,8.2,0.029,83335924,208314627,LOCKED,1.000029910000,134753802965790
3638,-131301897102571,-32421,31565,-29965.1,32174.6,8.2,0.029,83335925,208306612,LOCKED,1.000029965000,134754802999755
3639,-131301897117721,-17285,46701,-29952.1,32085.0,8.2,0.030,83335925,208383747,LOCKED,1.000029952000,134755803141710
3640,-131301897135486,-6067,57919,-29894.3,31655.2,8.7,0.033,83335927,208455758,LOCKED,1.000029894000,134756803299608
3641,-131301897143646,13306,77292,-29800.3,31231.4,8.7,0.032,83335926,208541892,LOCKED,1.000029800000,134757803437411
3642,-131301897181003,6803,70789,-29863.5,30698.8,8.6,0.038,83335926,208608763,LOCKED,1.000029864000,134758803569277
3643,-131301897249561,-28996,34990,-29957.6,30768.8,8.5,0.034,83335925,208677058,LOCKED,1.000029958000,134759803724238
3644,-131301897205705,42516,106502,-29915.3,31205.9,8.6,0.036,83335926,208754208,LOCKED,1.000029915000,134760803884157
3645,-131301897234020,41773,105759,-29869.7,31645.0,8.6,0.037,83335925,208819292,LOCKED,1.000029870000,134761803789022
3646,-131301897275232,28742,92728,-29834.5,31862.9,8.6,0.033,83335926,208763701,LOCKED,1.000029835000,134762803927859
3647,-131301897301734,30309,94295,-29798.2,32101.2,9.1,0.036,83335927,208829369,LOCKED,1.000029798000,134763804095661
3648,-131301897358467,1765,65751,-29722.1,31599.2,9.1,0.035,83335925,208967007,LOCKED,1.000029722000,134764804128383
3649,-131301897414662,-24149,39837,-29709.3,31480.5,9.4,0.031,83335927,209041102,LOCKED,1.000029709000,134765804286096
3650,-131301897387625,29382,93368,-29600.1,31417.0,9.4,0.025,83335926,209128164,LOCKED,1.000029600000,134766804334696
3651,-131301897505146,-53561,10425,-29755.6,31892.9,9.8,0.024,83335927,209104680,LOCKED,1.000029756000,134767804487455
3652,-131301897508505,-24461,39525,-29847.8,31837.3,9.8,0.023,83335925,209188159,LOCKED,1.000029848000,134768804648306
3653,-131301897513229,1047,65033,-29868.5,31790.0,9.8,0.022,83335926,209276298,LOCKED,1.000029868000,134769804822178
3654,-131301897509424,32443,96429,-29810.5,32093.7,10.1,0.027,83335927,209376210,LOCKED,1.000029811000,134770804956991
3655,-131301897533558,34898,98884,-29710.3,32300.4,10.0,0.016,83335926,209443724,LOCKED,1.000029710000,134771805102704
3656,-131301897557891,36695,100681,-29595.4,32446.9,10.1,0.013,83335926,209509462,LOCKED,1.000029595000,134772805121299
3657,-131301897595825,25278,89264,-29486.1,32238.5,10.4,0.008,83335927,209460277,LOCKED,1.000029486000,134773805270788
3658,-131301897686701,-33619,30367,-29552.7,32554.9,10.2,-0.008,83335926,209561441,LOCKED,1.000029553000,134774805298340
3659,-131301897710741,-26588,37398,-29583.0,32730.2,10.2,-0.013,83335925,209633142,LOCKED,1.000029583000,134775805450926
3660,-131301897721262,-7832,56154,-29554.9,32586.9,10.2,-0.007,83335926,209712583,LOCKED,1.000029555000,134776805595484
3661,-131301897740248,1078,65064,-29475.1,32023.6,10.3,-0.000,83335926,209786173,LOCKED,1.000029475000,134777805739962
3662,-131301897766162,3083,67069,-29403.7,31615.8,10.5,0.034,83335927,209855141,LOCKED,1.000029404000,134778805874368
3663,-131301897787925,9946,73932,-29382.1,31643.0,10.7,0.052,83335927,209921128,LOCKED,1.000029382000,134779806024753
# STATS: PDUs=3477 CSV=3476 Gaps=0 Dups=0 Skip=0 d_min=-63986 ns drift=-29382.1 ns/s sigma=31643.0 ns state=LOCKED clk_err=+0 ns
3664,-131301897800458,26572,90558,-29415.4,31240.7,10.8,0.068,83335927,209998478,LOCKED,1.000029415000,134780806158171
3665,-131301897838620,18194,82180,-29463.8,30714.2,10.9,0.082,83335927,210060643,LOCKED,1.000029464000,134781806175634
3666,-131301897866182,19244,83230,-29454.0,30769.4,11.2,0.093,83335928,210014265,LOCKED,1.000029454000,134782806323091
3667,-131301897884893,28077,92063,-29406.9,31004.3,11.3,0.106,83335927,210087393,LOCKED,1.000029407000,134783806463501
3668,-131301897972667,-29408,34578,-29401.3,30945.0,11.4,0.118,83335927,210200658,LOCKED,1.000029401000,134784806494902
3669,-131301897988404,-13061,50925,-29511.4,30250.3,11.4,0.133,83335927,210271029,LOCKED,1.000029511000,134785806658417
3670,-131301897997570,7656,71642,-29542.5,30071.7,11.1,0.146,83335927,210358014,LOCKED,1.000029542000,134786806806962
3671,-131301898011716,21607,85593,-29507.4,30213.7,11.0,0.144,83335926,210433648,LOCKED,1.000029507000,134787806827469
3672,-131301898047452,13531,77517,-29439.1,30072.2,11.1,0.150,83335927,210384221,LOCKED,1.000029439000,134788806976911
3673,-131301898160407,-66705,0,-29489.2,30976.9,11.1,0.155,83335927,210465089,LOCKED,1.000029489000,134789807120403
3674,-131301898176377,-51313,15392,-29495.8,31086.9,11.3,0.171,83335928,210541045,LOCKED,1.000029496000,134790807259902
3675,-131301898204476,-48304,18401,-29494.5,31066.4,11.5,0.183,83335928,210606236,LOCKED,1.000029495000,134791807297396
3676,-131301898218677,-29171,37534,-29634.7,30548.9,11.4,0.187,83335927,210682506,LOCKED,1.000029635000,134792807440034
3677,-131301898242426,-20295,46410,-29748.0,30077.7,11.5,0.197,83335928,210751012,LOCKED,1.000029748000,134793807604785
3678,-131301898212362,36996,103701,-29685.6,30493.8,11.7,0.207,83335928,210872219,LOCKED,1.000029686000,134794807627470
3679,-131301898235323,41029,107734,-29621.7,30992.5,11.7,0.209,83335927,210944466,LOCKED,1.000029622000,134795807760094
3680,-131301898266655,36299,103004,-29533.7,31325.3,11.8,0.216,83335928,211001700,LOCKED,1.000029534000,134796807778627
3681,-131301898307658,22384,89089,-29450.7,31290.1,11.7,0.217,83335927,210948010,LOCKED,1.000029451000,134797807925081
3682,-131301898426807,-64681,2024,-29472.4,31713.0,11.4,0.221,83335928,211024858,LOCKED,1.000029472000,134798808085557
3683,-131301898427138,-34441,32264,-29469.0,31673.6,11.3,0.221,83335927,211117850,LOCKED,1.000029469000,134799808227029
3684,-131301898457919,-32014,34691,-29599.5,31447.5,11.2,0.220,83335927,211190958,LOCKED,1.000029600000,134800808367631
3685,-131301898516913,-56254,10451,-29759.2,32014.5,11.1,0.219,83335927,211269597,LOCKED,1.000029759000,134801808526394
3686,-131301898455703,32887,99592,-29724.1,32277.2,10.6,0.216,83335927,211365720,LOCKED,1.000029724000,134802808568118
3687,-131301898577437,-55264,11441,-29821.8,33138.1,10.7,0.219,83335928,211336461,LOCKED,1.000029822000,134803808724943
3688,-131301898544105,6074,72779,-29742.7,32721.2,10.2,0.214,83335927,211457429,LOCKED,1.000029743000,134804808765685
3689,-131301898553705,23514,90219,-29648.9,32624.1,10.2,0.215,83335928,211542896,LOCKED,1.000029649000,134805808920337
3690,-131301898563048,42637,109342,-29661.8,32430.2,10.0,0.212,83335927,211624776,LOCKED,1.000029662000,134806808971999
3691,-131301898678608,-38971,27734,-29807.8,32304.2,9.6,0.209,83335928,211603735,LOCKED,1.000029808000,134807809127810
3692,-131301898676399,-5479,61226,-29871.2,32042.8,9.8,0.211,83335928,211695574,LOCKED,1.000029871000,134808809290685
3693,-131301898671345,28282,94987,-29861.1,32127.0,9.3,0.201,83335926,211793565,LOCKED,1.000029861000,134809809304545
3694,-131301898702730,25211,91916,-29827.1,32299.3,9.3,0.201,83335927,211747450,LOCKED,1.000029827000,134810809471376
3695,-131301898802028,-41516,25189,-29892.8,32783.1,9.3,0.200,83335927,211844358,LOCKED,1.000029893000,134811809603271
3696,-131301898829974,-37721,28984,-29920.9,33049.3,9.2,0.194,83335926,211912964,LOCKED,1.000029921000,134812809754195
3697,-131301898836587,-13870,52835,-29924.4,33063.9,8.7,0.185,83335928,211992673,LOCKED,1.000029924000,134813809893122
3698,-131301898818093,33815,100520,-29944.7,32807.1,8.7,0.180,83335928,212108682,LOCKED,1.000029945000,134814809923066
3699,-131301898830866,48756,115461,-29916.3,33175.3,8.4,0.173,83335927,212184773,LOCKED,1.000029916000,134815810061985
3700,-131301898860611,46443,113148,-29871.6,33649.7,8.5,0.177,83335926,212249351,LOCKED,1.000029872000,134816810200859
3701,-131301898889955,43883,110588,-29792.9,34173.1,8.5,0.175,83335927,212314034,LOCKED,1.000029793000,134817810211651
3702,-131301898933458,28376,95081,-29751.8,34383.1,8.5,0.174,83335927,212255096,LOCKED,1.000029752000,134818810339405
3703,-131301898962448,28679,95384,-29777.1,34104.8,8.2,0.165,83335927,212320187,LOCKED,1.000029777000,134819810485185
3704,-131301898991218,26803,93508,-29680.0,34078.2,8.3,0.164,83335926,212381115,LOCKED,1.000029680000,134820810634868
3705,-131301899117743,-66583,122,-29739.0,34973.4,8.3,0.153,83335928,212451523,LOCKED,1.000029739000,134821810666607
3706,-131301899137705,-53823,12882,-29796.0,35611.4,8.5,0.149,83335928,212528904,LOCKED,1.000029796000,134822810808406
3707,-131301899160283,-44381,22324,-29831.4,35968.2,8.5,0.156,83335926,212593095,LOCKED,1.000029831000,134823810959241
3708,-131301899149208,-3161,63544,-29841.6,35969.0,8.2,0.143,83335927,212697970,LOCKED,1.000029842000,134824810980082
3709,-131301899180146,-3005,63700,-29898.2,35751.1,8.3,0.152,83335926,212759258,LOCKED,1.000029898000,134825811126983
3710,-131301899194115,11233,77938,-29833.7,35615.3,8.4,0.151,83335926,212833692,LOCKED,1.000029834000,134826811259819
3711,-131301899219481,16679,83384,-29909.6,34745.1,8.3,0.164,83335926,212904040,LOCKED,1.000029910000,134827811421732
3712,-131301899218007,46171,112876,-29893.6,34946.7,8.1,0.146,83335927,212996226,LOCKED,1.000029894000,134828811557628
3713,-131301899245577,45767,112472,-29835.7,35452.7,8.6,0.104,83335926,213061804,LOCKED,1.000029836000,134829811598464
3714,-131301899359355,-36414,30291,-29861.7,35675.3,8.6,0.100,83335927,213039851,LOCKED,1.000029862000,134830811738328
3715,-131301899373061,-19859,46846,-29848.2,35581.0,8.6,0.100,83335928,213116286,LOCKED,1.000029848000,134831811889179
3716,-131301899389412,-7090,59615,-29800.5,35288.5,8.6,0.100,83335928,213191790,LOCKED,1.000029801000,134832812028982
3717,-131301899412346,-1151,65554,-29753.0,35079.5,8.9,0.084,83335926,213262841,LOCKED,1.000029753000,134833812064735
3718,-131301899501132,-55240,11465,-29904.1,35625.8,8.9,0.069,83335927,213266763,LOCKED,1.000029904000,134834812213642
3719,-131301899512298,-33155,33550,-30013.4,35689.7,8.7,0.018,83335926,213344674,LOCKED,1.000030013000,134835812367659
3720,-131301899525267,-14633,52072,-30061.7,35702.0,8.6,-0.003,83335927,213426935,LOCKED,1.000030062000,134836812502723
3721,-131301899560453,-18364,48341,-30099.6,35786.2,8.4,-0.000,83335927,213491447,LOCKED,1.000030100000,134837812650826
3722,-131301899564035,7622,74327,-30086.1,35801.2,8.4,-0.001,83335927,213572345,LOCKED,1.000030086000,134838812804915
3723,-131301899565569,33533,100238,-30012.2,36070.5,8.6,-0.013,83335926,213661925,LOCKED,1.000030012000,134839812853927
# STATS: PDUs=3537 CSV=3536 Gaps=0 Dups=0 Skip=0 d_min=-66705 ns drift=-30012.2 ns/s sigma=36070.5 ns state=LOCKED clk_err=+0 ns
3724,-131301899676966,-45671,21034,-30043.3,36402.8,8.6,-0.013,83335927,213644976,LOCKED,1.000030043000,134840813012974
3725,-131301899680737,-18808,47897,-30041.0,36389.8,8.7,-0.023,83335926,213735702,LOCKED,1.000030041000,134841813176018
3726,-131301899676490,13696,80401,-29976.1,36299.3,8.6,-0.023,83335927,213831987,LOCKED,1.000029976000,134842813330997
3727,-131301899687993,28854,95559,-29861.1,36168.4,8.6,-0.023,83335927,213912670,LOCKED,1.000029861000,134843813349857
3728,-131301899793508,-43170,23535,-29967.7,36562.1,8.6,-0.022,83335927,213898017,LOCKED,1.000029968000,134844813392825
3729,-131301899800893,-19043,47662,-30011.9,36643.9,8.7,-0.029,83335926,213983738,LOCKED,1.000030012000,134845813565841
3730,-131301899793058,17129,83834,-29958.1,36671.3,8.7,-0.029,83335927,214084603,LOCKED,1.000029958000,134846813721802
3731,-131301899804008,32755,99460,-29846.4,36700.3,8.7,-0.022,83335928,214164677,LOCKED,1.000029846000,134847813871651
3732,-131301899812775,49388,116093,-29710.0,37108.5,8.7,-0.022,83335927,214249173,LOCKED,1.000029710000,134848813880360
3733,-131301899854732,36430,103135,-29735.8,36787.2,8.9,-0.016,83335928,214194681,LOCKED,1.000029736000,134849814019099
3734,-131301899886815,33188,99893,-29747.1,36669.5,8.7,-0.015,83335927,214252303,LOCKED,1.000029747000,134850814172849
3735,-131301899998384,-44153,22552,-29893.9,36766.3,8.6,-0.014,83335927,214337079,LOCKED,1.000029894000,134851814199742
3736,-131301900019581,-32211,34494,-29999.7,36827.2,8.6,-0.014,83335927,214407795,LOCKED,1.000030000000,134852814341745
3737,-131301900043931,-24000,42705,-30085.7,36814.4,8.5,-0.012,83335927,214474848,LOCKED,1.000030086000,134853814489834
3738,-131301900021438,25637,92342,-29983.8,36714.2,8.5,-0.015,83335926,214590398,LOCKED,1.000029984000,134854814523817
3739,-131301900046474,27172,93877,-29861.2,36440.5,8.5,-0.014,83335927,214660310,LOCKED,1.000029861000,134855814671681
3740,-131301900070396,29452,96157,-29730.4,36142.3,8.3,-0.012,83335927,214729220,LOCKED,1.000029730000,134856814810414
3741,-131301900084582,40801,107506,-29592.1,36196.7,8.3,-0.011,83335927,214803532,LOCKED,1.000029592000,134857814957009
3742,-131301900110704,42970,109675,-29599.7,36095.7,8.2,-0.008,83335927,214869960,LOCKED,1.000029600000,134858814970608
3743,-131301900155254,26860,93565,-29587.4,36179.2,8.2,-0.008,83335927,214809011,LOCKED,1.000029587000,134859815108198
3744,-131301900178867,31414,98119,-29570.0,36313.1,8.3,-0.010,83335926,214879016,LOCKED,1.000029570000,134860815250771
3745,-131301900302988,-57322,9383,-29760.4,36479.8,8.4,-0.012,83335926,214950001,LOCKED,1.000029760000,134861815390534
3746,-131301900332170,-54191,12514,-29795.6,36925.4,8.4,-0.012,83335927,215013727,LOCKED,1.000029796000,134862815540333
3747,-131301900340109,-28318,38387,-29945.9,36297.6,8.2,-0.007,83335927,215095705,LOCKED,1.000029946000,134863815676282
3748,-131301900339780,1800,68505,-29941.2,36298.3,8.8,-0.010,83335925,215192220,LOCKED,1.000029941000,134864815705223
3749,-131301900364599,5761,72466,-29893.7,36190.8,8.7,-0.006,83335926,215259865,LOCKED,1.000029894000,134865815846119
3750,-131301900389966,8165,74870,-29802.9,35720.8,8.8,-0.006,83335926,215327198,LOCKED,1.000029803000,134866815997925
3751,-131301900395307,31801,98506,-29815.3,35592.0,8.7,-0.000,83335926,215413662,LOCKED,1.000029815000,134867816137743
3752,-131301900415657,38862,105567,-29761.9,35963.1,8.5,0.006,83335926,215486375,LOCKED,1.000029762000,134868816156504
3753,-131301900454623,26822,93527,-29667.1,35957.5,8.5,0.001,83335926,215431979,LOCKED,1.000029667000,134869816291174
3754,-131301900483589,24788,91493,-29573.9,35908.9,8.5,0.003,83335927,215496116,LOCKED,1.000029574000,134870816421750
3755,-131301900528392,10221,76926,-29623.5,35553.1,8.9,0.005,83335925,215561681,LOCKED,1.000029624000,134871816579377
3756,-131301900619068,-46221,20484,-29773.2,35709.3,8.9,-0.000,83335926,215645772,LOCKED,1.000029773000,134872816723153
3757,-131301900658075,-51170,15535,-29898.6,36273.9,8.8,0.011,83335926,215720033,LOCKED,1.000029899000,134873816859054
3758,-131301900639410,-3263,63442,-29860.9,36120.0,8.5,0.024,83335926,215813380,LOCKED,1.000029861000,134874816909915
3759,-131301900656026,7883,74588,-29770.8,35650.0,8.5,0.027,83335927,215900012,LOCKED,1.000029771000,134875817054689
3760,-131301900700713,-8137,58568,-29703.0,35095.9,8.5,0.021,83335927,215971823,LOCKED,1.000029703000,134876817204395
3761,-131301900768235,-44639,22066,-29693.3,34958.5,8.5,0.025,83335927,216056333,LOCKED,1.000029693000,134877817253088
3762,-131301900793421,-38796,27909,-29694.3,34969.9,8.5,0.030,83335927,216032730,LOCKED,1.000029694000,134878817411786
3763,-131301900796574,-12799,53906,-29646.2,34584.6,8.5,0.038,83335926,216119620,LOCKED,1.000029646000,134879817574436
3764,-131301900805535,5926,72631,-29559.7,34087.6,8.5,0.030,83335927,216203726,LOCKED,1.000029560000,134880817733999
3765,-131301900818430,22799,89504,-29607.9,33539.3,8.1,0.053,83335927,216279776,LOCKED,1.000029608000,134881817757606
3766,-131301900840991,29349,96054,-29632.5,33258.5,7.9,0.059,83335926,216350648,LOCKED,1.000029632000,134882817784238
3767,-131301900873944,25612,92317,-29654.6,33033.8,7.8,0.054,83335927,216304666,LOCKED,1.000029655000,134883817952896
3768,-131301900938480,-8691,58014,-29668.6,33054.7,7.8,0.065,83335927,216435563,LOCKED,1.000029669000,134884817991564
3769,-131301900959057,401,67106,-29669.3,33054.6,7.8,0.061,83335927,216508010,LOCKED,1.000029669000,134885818135236
3770,-131301900973814,13823,80528,-29619.0,33046.3,7.9,0.042,83335926,216587919,LOCKED,1.000029619000,134886818291858
3771,-131301900985391,29105,95810,-29531.8,33163.7,7.9,0.036,83335927,216667774,LOCKED,1.000029532000,134887818432393
3772,-131301901007314,32522,99227,-29379.9,32639.6,7.9,0.036,83335926,216740967,LOCKED,1.000029380000,134888818466773
3773,-131301901131123,-59909,6796,-29378.3,32607.6,7.8,0.041,83335927,216706962,LOCKED,1.000029378000,134889818613154
3774,-131301901146034,-41772,24933,-29489.1,32968.8,7.8,0.042,83335927,216782039,LOCKED,1.000029489000,134890818760646
3775,-131301901165379,-29282,37423,-29555.7,33186.9,7.6,0.040,83335927,216855021,LOCKED,1.000029556000,134891818902204
3776,-131301901188525,-21482,45223,-29588.3,33312.5,7.4,0.029,83335926,216922434,LOCKED,1.000029588000,134892819050795
3777,-131301901197102,-740,65965,-29573.8,33290.3,7.4,0.023,83335926,217004838,LOCKED,1.000029574000,134893819059368
3778,-131301901200994,24974,91679,-29617.0,32777.1,7.4,0.025,83335927,216985301,LOCKED,1.000029617000,134894819088984
3779,-131301901223975,30679,97384,-29622.4,32721.7,7.4,0.020,83335926,217056431,LOCKED,1.000029622000,134895819241609
3780,-131301901337376,-49036,17669,-29740.5,33299.5,7.4,0.014,83335926,217141257,LOCKED,1.000029740000,134896819389352
3781,-131301901357522,-35983,30722,-29850.6,33458.7,7.5,0.009,83335926,217211505,LOCKED,1.000029851000,134897819533205
3782,-131301901375668,-22577,44128,-29896.6,33595.2,7.5,0.012,83335927,217289176,LOCKED,1.000029897000,134898819683105
3783,-131301901379395,2571,69276,-29850.7,33443.5,7.4,0.014,83335927,217374360,LOCKED,1.000029851000,134899819817958
# STATS: PDUs=3597 CSV=3596 Gaps=0 Dups=0 Skip=0 d_min=-66705 ns drift=-29850.7 ns/s sigma=33443.5 ns state=LOCKED clk_err=+0 ns
3784,-131301901407148,6238,72943,-29938.2,32572.5,7.4,0.016,83335927,217437313,LOCKED,1.000029938000,134900819963899
3785,-131301901436730,7289,73994,-29984.6,32264.5,7.8,0.006,83335925,217507494,LOCKED,1.000029985000,134901820104886
3786,-131301901447055,25248,91953,-29943.0,32445.4,7.8,0.009,83335927,217583138,LOCKED,1.000029943000,134902820257832
3787,-131301901452410,46006,112711,-29831.4,32954.2,7.8,0.006,83335926,217670172,LOCKED,1.000029831000,134903820276663
3788,-131301901550521,-18987,47718,-29961.3,32195.6,7.8,0.009,83335927,217665726,LOCKED,1.000029961000,134904820306624
3789,-131301901575495,-11853,54852,-30047.1,31840.2,7.8,0.010,83335927,217732216,LOCKED,1.000030047000,134905820453674
3790,-131301901590284,3257,69962,-30045.3,31841.8,7.8,0.008,83335926,217805281,LOCKED,1.000030045000,134906820607722
3791,-131301901606053,15831,82536,-29987.9,31832.1,7.5,0.013,83335927,217884996,LOCKED,1.000029988000,134907820741713
3792,-131301901633148,16179,82884,-29889.8,31446.3,7.5,0.012,83335926,217949295,LOCKED,1.000029890000,134908820895606
3793,-131301901644709,31227,97810,-29780.5,31448.6,7.2,0.014,83335926,218033412,LOCKED,1.000029780000,134909821045390
3794,-131301901671647,30785,97368,-29670.3,31424.9,7.2,0.017,83335927,218103608,LOCKED,1.000029670000,134910821193063
3795,-131301901767029,-31106,35477,-29806.3,31072.4,7.2,0.021,83335927,218152901,LOCKED,1.000029806000,134911821224869
3796,-131301901722729,41612,108195,-29807.4,31057.0,7.2,0.021,83335926,218228245,LOCKED,1.000029807000,134912821364679
3797,-131301901766358,27257,93840,-29826.7,30843.0,7.5,0.027,83335928,218295601,LOCKED,1.000029827000,134913821410506
3798,-131301901818616,4099,70682,-29797.7,30802.0,7.5,0.026,83335927,218315851,LOCKED,1.000029798000,134914821430303
3799,-131301901851828,34,66617,-29765.8,30703.0,7.5,0.029,83335927,218375845,LOCKED,1.000029766000,134915821568071
3800,-131301901878401,2174,68757,-29717.6,30511.8,7.5,0.033,83335927,218441003,LOCKED,1.000029718000,134916821712792
3801,-131301901893411,14362,80945,-29617.7,30020.4,7.4,0.034,83335926,218513733,LOCKED,1.000029618000,134917821854412
3802,-131301901939132,-3282,63301,-29536.4,29257.6,7.4,0.037,83335926,218588037,LOCKED,1.000029536000,134918822006952
3803,-131301902015262,-47898,18685,-29553.8,29525.5,7.4,0.040,83335926,218669556,LOCKED,1.000029554000,134919822043506
3804,-131301902055256,-56038,10545,-29573.5,29876.7,7.4,0.038,83335927,218633385,LOCKED,1.000029574000,134920822201083
3805,-131301902049966,-18178,48405,-29690.6,29242.8,7.4,0.036,83335926,218726998,LOCKED,1.000029691000,134921822367777
3806,-131301902046740,15518,82101,-29754.8,28451.3,7.4,0.040,83335927,218824973,LOCKED,1.000029755000,134922822404532
3807,-131301902059646,31375,97958,-29758.3,28409.1,7.4,0.045,83335927,218796398,LOCKED,1.000029758000,134923822569294
3808,-131301902114818,5724,72307,-29756.2,28413.2,7.1,0.035,83335926,218939809,LOCKED,1.000029756000,134924822613050
3809,-131301902125982,22724,89307,-29715.8,28580.2,7.1,0.032,83335927,219022755,LOCKED,1.000029716000,134925822656766
3810,-131301902135273,40159,106742,-29635.7,29086.2,7.1,0.028,83335927,219000554,LOCKED,1.000029636000,134926822813405
3811,-131301902240635,-34309,32274,-29640.4,29142.4,7.2,0.024,83335926,219093031,LOCKED,1.000029640000,134927822971049
3812,-131301902242036,-7071,59512,-29579.3,28598.0,7.2,0.019,83335927,219182541,LOCKED,1.000029579000,134928823117631
3813,-131301902258146,4810,71393,-29509.3,28204.2,7.2,0.013,83335927,219256047,LOCKED,1.000029509000,134929823261143
3814,-131301902273548,16410,82993,-29413.3,27809.3,7.2,0.018,83335927,219337526,LOCKED,1.000029413000,134930823399559
3815,-131301902289698,26871,93454,-29320.3,27821.5,6.8,-0.003,83335927,219410758,LOCKED,1.000029320000,134931823429879
3816,-131301902413636,-62262,4321,-29486.2,28743.1,6.7,-0.004,83335927,219377089,LOCKED,1.000029486000,134932823576368
3817,-131301902433574,-47739,18844,-29651.3,28783.9,6.7,-0.022,83335926,219448733,LOCKED,1.000029651000,134933823721022
3818,-131301902406257,8729,75312,-29641.2,28805.4,6.6,-0.023,83335927,219571465,LOCKED,1.000029641000,134934823746663
3819,-131301902431671,11776,78359,-29602.8,28816.9,6.7,-0.013,83335927,219633815,LOCKED,1.000029603000,134935823892269
3820,-131301902449848,21821,88404,-29571.3,28964.2,7.0,0.012,83335928,219710232,LOCKED,1.000029571000,134936824040843
3821,-131301902462387,37702,104285,-29577.5,28874.3,7.2,0.035,83335928,219787213,LOCKED,1.000029578000,134937824053420
3822,-131301902508325,21234,87817,-29607.7,28545.4,7.1,0.047,83335927,219727953,LOCKED,1.000029608000,134938824204031
3823,-131301902624098,-60247,6336,-29737.6,29634.9,7.2,0.028,83335926,219807935,LOCKED,1.000029738000,134939824340771
3824,-131301902649871,-52749,13834,-29823.4,30483.9,7.2,0.042,83335927,219875571,LOCKED,1.000029823000,134940824494598
3825,-131301902656166,-27957,38626,-29838.9,30609.6,7.2,0.042,83335927,219964103,LOCKED,1.000029839000,134941824638440
3826,-131301902673535,-15371,51212,-29819.0,30465.4,7.2,0.034,83335926,220037998,LOCKED,1.000029819000,134942824788262
3827,-131301902681128,5579,72162,-29765.6,30286.7,7.3,0.025,83335926,220122627,LOCKED,1.000029766000,134943824806027
3828,-131301902775068,-54520,12063,-29875.1,31159.8,7.4,0.017,83335926,220118441,LOCKED,1.000029875000,134944824843902
3829,-131301902786425,-33623,32960,-29936.1,31492.1,7.4,0.010,83335926,220200552,LOCKED,1.000029936000,134945824986841
3830,-131301902796611,-13396,53187,-29937.2,31497.0,7.4,0.005,83335926,220283910,LOCKED,1.000029937000,134946825127781
3831,-131301902806965,4734,71317,-29873.6,31211.2,7.4,0.008,83335927,220362928,LOCKED,1.000029874000,134947825262657
3832,-131301902825292,13827,80410,-29776.0,30747.0,7.4,0.011,83335927,220438886,LOCKED,1.000029776000,134948825416436
3833,-131301902829862,38121,104704,-29794.7,30467.8,7.6,0.020,83335928,220528697,LOCKED,1.000029795000,134949825430230
3834,-131301902860597,35961,102544,-29794.6,30468.3,7.7,0.016,83335926,220477383,LOCKED,1.000029795000,134950825587028
3835,-131301902964198,-34495,32088,-29902.0,30612.2,7.7,0.018,83335927,220572155,LOCKED,1.000029902000,134951825730933
3836,-131301902986740,-24602,41981,-29985.5,30634.7,7.6,0.019,83335927,220646770,LOCKED,1.000029985000,134952825893922
3837,-131301902977838,13493,80076,-29969.0,30684.4,7.6,0.020,83335927,220747441,LOCKED,1.000029969000,134953825920890
3838,-131301903066994,-43461,23122,-30006.4,31101.5,7.6,0.022,83335927,220750718,LOCKED,1.000030006000,134954825957896
3839,-131301903069967,-16333,50250,-29983.8,30927.6,7.5,0.022,83335927,220839052,LOCKED,1.000029984000,134955826098883
3840,-131301903085333,156,66739,-30076.1,30085.4,7.7,0.026,83335928,220914493,LOCKED,1.000030076000,134956826248962
3841,-131301903094308,21426,88009,-30120.1,29558.2,7.6,0.026,83335927,220997843,LOCKED,1.000030120000,134957826384085
3842,-131301903122641,22937,89520,-30144.8,29293.6,7.8,0.031,83335928,221069620,LOCKED,1.000030145000,134958826532233
3843,-131301903183244,-6620,59963,-30178.1,29259.3,8.0,0.036,83335928,221154997,LOCKED,1.000030178000,134959826567411
# STATS: PDUs=3657 CSV=3656 Gaps=0 Dups=0 Skip=0 d_min=-66583 ns drift=-30178.1 ns/s sigma=29259.3 ns state=LOCKED clk_err=+0 ns
3844,-131301903237370,-28212,38371,-30246.9,29471.0,8.0,0.038,83335927,221130556,LOCKED,1.000030247000,134960826710661
3845,-131301903267771,-26117,40466,-30314.0,29637.9,7.8,0.036,83335928,221205741,LOCKED,1.000030314000,134961826839977
3846,-131301903280314,-8006,58577,-30317.3,29646.3,7.9,0.040,83335928,221274893,LOCKED,1.000030317000,134962826991298
3847,-131301903291264,9583,76166,-30245.9,29371.3,7.8,0.038,83335927,221357275,LOCKED,1.000030246000,134963827022543
3848,-131301903372935,-37982,28601,-30372.4,29457.3,7.8,0.039,83335927,221369460,LOCKED,1.000030372000,134964827055915
3849,-131301903382080,-14581,52002,-30455.0,29191.8,8.0,0.042,83335928,221451797,LOCKED,1.000030455000,134965827202373
3850,-131301903422683,-22467,44116,-30528.8,29229.5,7.9,0.039,83335927,221522280,LOCKED,1.000030529000,134966827339905
3851,-131301903427848,2943,69526,-30535.9,29216.6,8.6,0.044,83335929,221595211,LOCKED,1.000030536000,134967827504445
3852,-131301903419995,38777,105360,-30474.9,29682.5,8.6,0.041,83335928,221692623,LOCKED,1.000030475000,134968827662923
3853,-131301903414120,69707,136290,-30324.6,31079.0,8.7,0.038,83335928,221790189,LOCKED,1.000030325000,134969827699247
3854,-131301903545050,-29657,36926,-30336.2,31182.5,9.2,0.041,83335929,221757028,LOCKED,1.000030336000,134970827859587
3855,-131301903544826,2227,68810,-30405.0,30671.2,9.3,0.042,83335928,221849790,LOCKED,1.000030405000,134971827892992
3856,-131301903557578,17573,84156,-30320.8,30485.1,9.2,0.037,83335927,221929737,LOCKED,1.000030321000,134972828055316
3857,-131301903553719,47725,114308,-30202.3,31049.5,9.2,0.044,83335928,222025218,LOCKED,1.000030202000,134973828089518
3858,-131301903630052,1461,68044,-30198.2,31049.9,9.2,0.045,83335927,222042681,LOCKED,1.000030198000,134974828129716
3859,-131301903652423,8751,75334,-30186.4,31071.4,9.3,0.045,83335928,222114558,LOCKED,1.000030186000,134975828281906
3860,-131301903663810,25700,92283,-30138.2,31265.8,9.4,0.046,83335928,222196724,LOCKED,1.000030138000,134976828437047
3861,-131301903671916,44030,110613,-30029.6,31739.0,9.4,0.037,83335928,222277536,LOCKED,1.000030030000,134977828584080
3862,-131301903690109,52065,118648,-29929.4,32509.7,9.7,0.025,83335929,222354996,LOCKED,1.000029929000,134978828595008
3863,-131301903727460,43037,109620,-29922.2,32605.2,9.7,0.013,83335928,222301705,LOCKED,1.000029922000,134979828765934
3864,-131301903823013,-19452,47131,-30044.2,31994.9,10.1,0.007,83335929,222401153,LOCKED,1.000030044000,134980828913981
3865,-131301903836156,-1751,64832,-30080.6,31891.4,9.9,-0.010,83335928,222484068,LOCKED,1.000030081000,134981829065065
3866,-131301903840713,21796,88379,-30019.8,31980.5,10.3,-0.019,83335929,222571636,LOCKED,1.000030020000,134982829199087
3867,-131301903868036,21844,88427,-29925.9,31828.0,11.1,-0.035,83335930,222635573,LOCKED,1.000029926000,134983829236013
3868,-131301903959752,-37663,28920,-29975.4,32210.8,11.6,-0.001,83335930,222636167,LOCKED,1.000029975000,134984829264988
3869,-131301903974901,-22271,44312,-29966.1,32135.3,11.9,0.021,83335929,222714194,LOCKED,1.000029966000,134985829410957
3870,-131301903984266,-3206,63377,-29885.2,31431.6,12.4,0.055,83335930,222796805,LOCKED,1.000029885000,134986829555845
3871,-131301904000625,10409,76992,-29906.9,31310.7,12.7,0.071,83335930,222872170,LOCKED,1.000029907000,134987829700755
3872,-131301904010011,28769,95352,-29848.6,31547.6,12.8,0.084,83335929,222953547,LOCKED,1.000029849000,134988829844607
3873,-131301904021944,42997,109580,-29738.9,31973.1,12.8,0.096,83335929,223035302,LOCKED,1.000029739000,134989829870345
3874,-131301904146478,-49657,16926,-29761.5,32292.1,12.8,0.094,83335928,222999106,LOCKED,1.000029761000,134990830015109
3875,-131301904161435,-34292,32291,-29731.8,31876.8,13.0,0.077,83335927,223080737,LOCKED,1.000029732000,134991830160844
3876,-131301904176240,-16751,49832,-29832.5,31477.0,13.0,0.093,83335929,223156486,LOCKED,1.000029833000,134992830305679
3877,-131301904197756,-6746,59837,-29904.3,31146.0,12.7,0.109,83335929,223225632,LOCKED,1.000029904000,134993830447586
3878,-131301904177475,39935,106518,-29798.5,31493.0,12.7,0.119,83335929,223339208,LOCKED,1.000029799000,134994830473384
3879,-131301904207044,36632,103215,-29685.9,31661.9,12.9,0.139,83335930,223404958,LOCKED,1.000029686000,134995830623073
3880,-131301904218038,50314,116897,-29523.4,31875.8,12.9,0.145,83335929,223484420,LOCKED,1.000029523000,134996830651596
3881,-131301904349188,-50112,16471,-29498.9,31410.8,12.9,0.140,83335928,223444803,LOCKED,1.000029499000,134997830799098
3882,-131301904359741,-30817,35766,-29464.7,30942.8,12.9,0.146,83335929,223526162,LOCKED,1.000029465000,134998830940565
3883,-131301904378499,-17683,48900,-29554.6,30698.8,12.5,0.144,83335928,223597250,LOCKED,1.000029555000,134999831091123
3884,-131301904386637,4583,71166,-29604.0,30380.9,12.5,0.148,83335929,223679093,LOCKED,1.000029604000,135000831230730
3885,-131301904420783,424,67007,-29623.5,30340.2,12.4,0.152,83335929,223739358,LOCKED,1.000029624000,135001831264353
3886,-131301904428136,21223,87806,-29586.5,30476.8,12.1,0.148,83335928,223824399,LOCKED,1.000029587000,135002831396942
3887,-131301904474481,3420,70003,-29540.9,30325.1,11.7,0.144,83335928,223868255,LOCKED,1.000029541000,135003831411482
3888,-131301904473977,32625,99208,-29553.9,30159.9,11.3,0.139,83335928,223856856,LOCKED,1.000029554000,135004831553039
3889,-131301904486989,46753,113336,-29513.2,30655.2,10.8,0.134,83335928,224037898,LOCKED,1.000029513000,135005831566551
3890,-131301904530559,30708,97291,-29466.6,30932.4,10.4,0.134,83335929,223983430,LOCKED,1.000029467000,135006831719021
3891,-131301904637314,-44077,22506,-29516.2,31433.3,10.3,0.130,83335928,224069710,LOCKED,1.000029516000,135007831850540
3892,-131301904660655,-36320,30263,-29533.5,31613.9,10.2,0.131,83335929,224142752,LOCKED,1.000029533000,135008831995076
3893,-131301904679018,-25248,41335,-29486.6,31005.3,10.2,0.132,83335929,224217726,LOCKED,1.000029487000,135009832130565
3894,-131301904709788,-26588,39995,-29439.4,30358.7,9.7,0.130,83335929,224290101,LOCKED,1.000029439000,135010832273007
3895,-131301904769366,-52441,14142,-29562.8,31087.6,9.6,0.125,83335928,224368709,LOCKED,1.000029563000,135011832438573
3896,-131301904699367,44524,111107,-29509.3,31612.8,9.5,0.120,83335928,224472684,LOCKED,1.000029509000,135012832479082
3897,-131301904814685,-39433,27150,-29534.6,31882.8,9.3,0.115,83335928,224447408,LOCKED,1.000029535000,135013832632620
3898,-131301904789209,15707,82290,-29567.2,31613.1,9.2,0.110,83335928,224564918,LOCKED,1.000029567000,135014832669187
3899,-131301904882782,-44841,21742,-29662.5,32168.3,9.1,0.105,83335928,224646245,LOCKED,1.000029662000,135015832690849
3900,-131301904826371,38467,105050,-29590.6,32587.9,9.1,0.103,83335928,224602603,LOCKED,1.000029591000,135016832828442
3901,-131301904848697,41935,108518,-29473.8,32911.4,9.0,0.098,83335928,224674602,LOCKED,1.000029474000,135017832991919
3902,-131301904951267,-30103,36480,-29475.7,32929.1,9.0,0.096,83335928,224769314,LOCKED,1.000029476000,135018833151398
3903,-131301904957837,-6691,59892,-29489.4,32941.2,9.0,0.095,83335928,224859256,LOCKED,1.000029489000,135019833303891
# STATS: PDUs=3717 CSV=3716 Gaps=0 Dups=0 Skip=0 d_min=-66583 ns drift=-29489.4 ns/s sigma=32941.2 ns state=LOCKED clk_err=+0 ns
3904,-131301904948379,31029,97612,-29480.8,33020.0,8.9,0.089,83335928,224953363,LOCKED,1.000029481000,135020833450375
3905,-131301904976125,31557,98140,-29474.0,33083.3,8.9,0.087,83335928,225025075,LOCKED,1.000029474000,135021833477848
3906,-131301905093303,-52109,14474,-29585.7,33794.9,8.9,0.086,83335928,224996121,LOCKED,1.000029586000,135022833636437
3907,-131301905097037,-24695,41888,-29621.4,33955.7,8.8,0.079,83335928,225088405,LOCKED,1.000029621000,135023833777061
3908,-131301905077133,24824,91407,-29662.5,33487.5,8.6,0.072,83335928,225196970,LOCKED,1.000029662000,135024833803723
3909,-131301905093502,36645,103228,-29651.2,33605.8,8.6,0.071,83335928,225271613,LOCKED,1.000029651000,135025833951377
3910,-131301905112515,45607,112190,-29644.8,33693.5,8.5,0.062,83335929,225344270,LOCKED,1.000029645000,135026833983021
3911,-131301905240654,-48822,17761,-29763.3,34244.9,8.4,0.068,83335929,225308119,LOCKED,1.000029763000,135027834118787
3912,-131301905265624,-41693,24890,-29808.7,34643.3,8.5,0.066,83335929,225377157,LOCKED,1.000029809000,135028834271599
3913,-131301905274750,-21347,40915,-29756.5,34064.8,8.5,0.064,83335929,225458264,LOCKED,1.000029756000,135029834412358
3914,-131301905308115,-21757,40505,-29877.5,33584.5,8.8,0.069,83335930,225517708,LOCKED,1.000029878000,135030834557238
3915,-131301905333622,-15548,46714,-29942.1,33526.9,9.1,0.064,83335930,225584264,LOCKED,1.000029942000,135031834585179
3916,-131301905366391,-16977,45285,-29982.5,33595.9,8.9,0.051,83335928,225644857,LOCKED,1.000029982000,135032834733165
3917,-131301905377207,1156,63418,-29933.6,33399.6,8.9,0.049,83335928,225725410,LOCKED,1.000029934000,135033834873101
3918,-131301905356930,48619,110881,-29879.5,33960.3,8.7,0.033,83335928,225837073,LOCKED,1.000029880000,135034834895980
3919,-131301905399880,33562,95824,-29837.8,34239.1,8.7,0.031,83335929,225780530,LOCKED,1.000029838000,135035835038821
3920,-131301905511854,-45722,16540,-29901.8,34775.0,8.6,0.029,83335929,225865957,LOCKED,1.000029902000,135036835195726
3921,-131301905520156,-23554,38708,-29890.5,34683.2,8.6,0.026,83335929,225951395,LOCKED,1.000029890000,135037835330619
3922,-131301905543918,-17724,44538,-29846.2,34273.8,8.7,0.022,83335928,226020349,LOCKED,1.000029846000,135038835488469
3923,-131301905545659,8446,70708,-29765.2,33906.5,8.6,0.019,83335929,226109443,LOCKED,1.000029765000,135039835638237
3924,-131301905562430,20881,83143,-29772.5,33854.4,8.6,0.030,83335929,226186437,LOCKED,1.000029772000,135040835788013
3925,-131301905580787,30510,92772,-29735.5,34083.0,9.0,-0.000,83335927,226258143,LOCKED,1.000029735000,135041835929751
3926,-131301905599608,38191,100453,-29640.1,34405.1,9.0,-0.001,83335928,226331469,LOCKED,1.000029640000,135042835950390
3927,-131301905630710,33641,95903,-29544.3,34589.8,9.0,0.007,83335927,226287393,LOCKED,1.000029544000,135043836098937
3928,-131301905726845,-29523,32739,-29663.6,34426.3,8.8,-0.004,83335928,226385377,LOCKED,1.000029664000,135044836132600
3929,-131301905753458,-23827,38435,-29754.0,34372.3,8.8,-0.011,83335928,226452984,LOCKED,1.000029754000,135045836274357
3930,-131301905774224,-13537,48725,-29795.5,34394.0,8.4,-0.019,83335928,226526567,LOCKED,1.000029796000,135046836434156
3931,-131301905777134,12410,74672,-29770.0,34434.0,8.1,-0.025,83335928,226614057,LOCKED,1.000029770000,135047836574929
3932,-131301905811919,6144,68406,-29718.8,34301.0,8.3,-0.037,83335927,226683104,LOCKED,1.000029719000,135048836718651
3933,-131301905874729,-26619,35643,-29690.5,33999.7,8.3,-0.031,83335929,226766810,LOCKED,1.000029691000,135049836753341
3934,-131301905838232,38666,100928,-29710.6,33723.1,8.4,-0.025,83335929,226721910,LOCKED,1.000029711000,135050836894054
3935,-131301905860097,44736,106998,-29697.8,33886.2,8.1,-0.027,83335928,226796182,LOCKED,1.000029698000,135051837057755
3936,-131301905961039,-23999,38263,-29781.3,33891.6,8.0,-0.029,83335928,226893510,LOCKED,1.000029781000,135052837221540
3937,-131301905963009,4158,66420,-29805.2,33809.9,8.0,-0.025,83335929,226981576,LOCKED,1.000029805000,135053837258345
3938,-131301906044109,-45111,17151,-29829.6,34098.4,8.1,-0.020,83335929,226996289,LOCKED,1.000029830000,135054837298174
3939,-131301906057102,-27503,34759,-29821.7,34025.9,7.9,-0.026,83335927,227071489,LOCKED,1.000029822000,135055837448999
3940,-131301906072246,-13727,48535,-29754.5,33334.9,7.9,-0.027,83335928,227151138,LOCKED,1.000029754000,135056837602757
3941,-131301906082384,7046,69308,-29823.1,32753.6,7.9,-0.029,83335928,227230573,LOCKED,1.000029823000,135057837766584
3942,-131301906083134,34766,97028,-29814.5,32842.6,7.8,-0.029,83335928,227320682,LOCKED,1.000029814000,135058837917402
3943,-131301906093300,51531,113793,-29758.6,33473.6,7.8,-0.031,83335928,227403967,LOCKED,1.000029759000,135059837945160
3944,-131301906226834,-48928,13334,-29840.1,34125.0,8.0,-0.035,83335927,227360591,LOCKED,1.000029840000,135060838082003
3945,-131301906163971,41043,103305,-29774.2,34574.0,7.9,-0.034,83335928,227411687,LOCKED,1.000029774000,135061838097776
3946,-131301906197889,33826,96088,-29679.5,34769.8,7.9,-0.035,83335928,227471418,LOCKED,1.000029679000,135062838244458
3947,-131301906317506,-52667,9595,-29761.0,35487.9,8.1,-0.040,83335927,227546088,LOCKED,1.000029761000,135063838385222
3948,-131301906317585,-22656,39606,-29739.4,35303.2,8.1,-0.042,83335928,227638544,LOCKED,1.000029739000,135064838408961
3949,-131301906356778,-31799,30463,-29701.7,34821.7,8.3,-0.046,83335927,227692157,LOCKED,1.000029702000,135065838556666
3950,-131301906369955,-15682,46580,-29655.5,34416.9,8.2,-0.044,83335928,227770057,LOCKED,1.000029656000,135066838699324
3951,-131301906389121,-3764,58498,-29719.5,34132.8,8.2,-0.046,83335928,227842926,LOCKED,1.000029720000,135067838856047
3952,-131301906400659,14438,76700,-29744.6,33965.4,8.3,-0.046,83335927,227921541,LOCKED,1.000029745000,135068838986794
3953,-131301906423804,20298,82560,-29742.1,33980.8,8.2,-0.043,83335928,227989538,LOCKED,1.000029742000,135069839136539
3954,-131301906442127,30337,92599,-29724.8,34116.6,8.3,-0.038,83335929,228064732,LOCKED,1.000029725000,135070839273266
3955,-131301906474897,27206,89468,-29765.9,33619.4,8.4,-0.038,83335929,228127464,LOCKED,1.000029766000,135071839425035
3956,-131301906481655,45397,107659,-29604.7,33590.3,8.4,-0.040,83335928,228211772,LOCKED,1.000029605000,135072839448639
3957,-131301906511816,43068,105330,-29589.3,33775.9,8.4,-0.041,83335929,228165961,LOCKED,1.000029589000,135073839606232
3958,-131301906605924,-20719,41543,-29590.7,33784.9,8.4,-0.043,83335928,228273056,LOCKED,1.000029591000,135074839625822
3959,-131301906641916,-23909,38353,-29708.8,33424.2,8.4,-0.045,83335928,228327385,LOCKED,1.000029709000,135075839775534
3960,-131301906660849,-13574,48688,-29664.5,33057.4,8.5,-0.047,83335929,228399396,LOCKED,1.000029665000,135076839921201
3961,-131301906679420,-3931,58331,-29586.6,32402.6,8.6,-0.050,83335929,228471019,LOCKED,1.000029587000,135077840075791
3962,-131301906690341,14489,76751,-29598.7,32332.1,8.5,-0.053,83335928,228556069,LOCKED,1.000029599000,135078840218393
3963,-131301906708742,23994,86256,-29555.5,32495.7,8.7,-0.056,83335927,228630139,LOCKED,1.000029555000,135079840370952
# STATS: PDUs=3777 CSV=3776 Gaps=0 Dups=0 Skip=0 d_min=-62262 ns drift=-29555.5 ns/s sigma=32495.7 ns state=LOCKED clk_err=+0 ns
3964,-131301906717260,40751,103013,-29412.8,32499.5,8.8,-0.060,83335929,228711784,LOCKED,1.000029413000,135080840501367
3965,-131301906753999,29700,91962,-29279.2,32133.6,8.8,-0.065,83335928,228768724,LOCKED,1.000029279000,135081840524646
3966,-131301906794184,18808,81070,-29311.2,31839.3,8.8,-0.071,83335929,228726988,LOCKED,1.000029311000,135082840689961
3967,-131301906885682,-40111,22151,-29405.1,32250.5,8.8,-0.079,83335929,228816548,LOCKED,1.000029405000,135083840835369
3968,-131301906863246,9849,72111,-29329.0,31955.3,8.8,-0.088,83335929,228947518,LOCKED,1.000029329000,135084840854697
3969,-131301906882003,17454,79716,-29212.1,31339.2,8.7,-0.096,83335928,229004775,LOCKED,1.000029212000,135085841010912
3970,-131301906901748,23056,85318,-29060.5,30294.7,8.8,-0.095,83335929,229078838,LOCKED,1.000029061000,135086841140975
3971,-131301906943526,10680,72942,-29095.1,30046.8,9.0,-0.065,83335929,229137550,LOCKED,1.000029095000,135087841274073
3972,-131301906993668,-8758,53504,-29159.6,29828.4,9.0,-0.056,83335928,229197263,LOCKED,1.000029160000,135088841304232
3973,-131301907065449,-47697,14565,-29261.2,30491.7,9.0,-0.048,83335928,229151768,LOCKED,1.000029261000,135089841452496
3974,-131301907113819,-61902,360,-29399.2,31547.1,8.8,-0.041,83335927,229227605,LOCKED,1.000029399000,135090841610898
3975,-131301907120372,-35975,26287,-29490.8,31846.6,8.5,-0.030,83335927,229313182,LOCKED,1.000029491000,135091841639388
3976,-131301907173917,-55394,6868,-29626.4,32586.9,8.6,-0.050,83335927,229386905,LOCKED,1.000029626000,135092841796018
3977,-131301907153495,-4777,57485,-29646.4,32580.9,8.7,-0.071,83335927,229464868,LOCKED,1.000029646000,135093841837664
3978,-131301907233190,-52682,9580,-29664.0,32850.4,8.6,-0.081,83335928,229481099,LOCKED,1.000029664000,135094841875328
3979,-131301907244112,-32748,29514,-29668.0,32891.0,8.5,-0.094,83335927,229555547,LOCKED,1.000029668000,135095842010999
3980,-131301907281325,-35976,26286,-29820.3,32525.5,8.4,-0.105,83335927,229624799,LOCKED,1.000029820000,135096842149822
3981,-131301907288715,-11525,50737,-29900.5,32230.2,8.6,-0.091,83335929,229698852,LOCKED,1.000029900000,135097842317726
3982,-131301907276626,29512,91774,-29902.8,32207.0,8.6,-0.087,83335928,229804065,LOCKED,1.000029903000,135098842480632
3983,-131301907283011,49708,111970,-29822.3,32902.7,8.4,-0.086,83335928,229891224,LOCKED,1.000029822000,135099842520454
3984,-131301907403749,-38887,23375,-29871.6,33291.7,8.3,-0.084,83335928,229862946,LOCKED,1.000029872000,135100842683329
3985,-131301907400711,-6311,55951,-29844.7,33172.7,8.2,-0.089,83335927,229956102,LOCKED,1.000029845000,135101842837177
3986,-131301907405072,16794,79056,-29755.7,32929.7,8.3,-0.094,83335927,230046637,LOCKED,1.000029756000,135102842982936
3987,-131301907421666,26823,89085,-29646.4,32776.6,8.5,-0.106,83335926,230121627,LOCKED,1.000029646000,135103843008582
3988,-131301907504973,-24177,38085,-29736.9,32728.4,8.6,-0.103,83335928,230129539,LOCKED,1.000029737000,135104843025318
3989,-131301907537164,-23994,38268,-29826.6,32683.0,8.6,-0.107,83335927,230188252,LOCKED,1.000029827000,135105843190148
3990,-131301907538941,4486,66748,-29855.2,32566.2,8.7,-0.111,83335927,230280454,LOCKED,1.000029855000,135106843338006
3991,-131301907535879,34810,97072,-29785.7,32900.9,8.7,-0.114,83335927,230372395,LOCKED,1.000029786000,135107843359791
3992,-131301907569269,29129,91391,-29732.2,33137.3,8.9,-0.124,83335926,230328248,LOCKED,1.000029732000,135108843507526
3993,-131301907681626,-48999,13263,-29871.6,33543.5,8.8,-0.120,83335928,230413363,LOCKED,1.000029872000,135109843657401
3994,-131301907692957,-29544,32718,-29867.4,33502.5,8.7,-0.117,83335928,230491069,LOCKED,1.000029867000,135110843797271
3995,-131301907713107,-19909,42353,-29830.1,33143.8,8.7,-0.115,83335928,230566293,LOCKED,1.000029830000,135111843949104
3996,-131301907715465,7999,70261,-29864.9,32945.7,8.7,-0.113,83335928,230656161,LOCKED,1.000029865000,135112844089972
3997,-131301907737607,14752,77014,-29841.8,33005.9,8.6,-0.114,83335927,230727183,LOCKED,1.000029842000,135113844123813
3998,-131301907835366,-47961,14301,-30017.8,32880.7,8.5,-0.110,83335928,230719679,LOCKED,1.000030018000,135114844137830
3999,-131301907862120,-40432,21830,-30160.1,32873.6,8.4,-0.111,83335928,230783691,LOCKED,1.000030160000,135115844281993
4000,-131301907876690,-22227,40035,-30251.7,32759.4,8.5,-0.113,83335927,230862677,LOCKED,1.000030252000,135116844422248
4001,-131301907898463,-12428,49834,-30295.9,32757.0,8.7,-0.109,83335929,230932970,LOCKED,1.000030296000,135117844567547
4002,-131301907915002,727,62989,-30267.5,32689.9,9.0,-0.106,83335929,231008737,LOCKED,1.000030268000,135118844711817
4003,-131301907930144,13600,75862,-30179.4,32361.7,9.0,-0.106,83335928,231084298,LOCKED,1.000030179000,135119844838999
4004,-131301907959285,15809,78071,-30263.4,31258.9,8.8,-0.110,83335928,231150547,LOCKED,1.000030263000,135120844986265
4005,-131301907981011,21911,84173,-30180.1,31207.4,8.8,-0.110,83335928,231219675,LOCKED,1.000030180000,135121845007444
4006,-131301908008404,22278,84540,-30098.2,31178.0,8.8,-0.110,83335928,231285168,LOCKED,1.000030098000,135122845151545
4007,-131301908022330,38037,100299,-30141.3,30437.5,8.6,-0.116,83335928,231360506,LOCKED,1.000030141000,135123845169685
4008,-131301908126065,-32059,30203,-30259.9,30365.9,8.6,-0.116,83335928,231352734,LOCKED,1.000030260000,135124845200944
4009,-131301908144626,-17433,44829,-30374.8,29749.3,8.6,-0.122,83335929,231427112,LOCKED,1.000030375000,135125845346322
4010,-131301908160201,-1300,60962,-30438.2,29370.5,9.2,-0.123,83335930,231504866,LOCKED,1.000030438000,135126845491763
4011,-131301908172952,16191,78453,-30455.5,29239.1,9.7,-0.124,83335930,231581760,LOCKED,1.000030456000,135127845637222
4012,-131301908189697,28237,90499,-30420.7,29467.4,9.6,-0.133,83335929,231657692,LOCKED,1.000030421000,135128845786646
4013,-131301908204483,41042,103304,-30350.0,29989.7,9.6,-0.137,83335929,231739146,LOCKED,1.000030350000,135129845933999
4014,-131301908215248,56259,118521,-30229.0,30899.0,9.6,-0.133,83335928,231819134,LOCKED,1.000030229000,135130845976228
4015,-131301908331190,-27975,34287,-30255.1,31080.8,9.7,-0.130,83335929,231797023,LOCKED,1.000030255000,135131846119486
4016,-131301908350936,-17548,44714,-30221.8,30775.2,9.8,-0.136,83335929,231871544,LOCKED,1.000030222000,135132846273711
4017,-131301908353694,7989,70251,-30140.3,30347.5,9.7,-0.132,83335928,231960015,LOCKED,1.000030140000,135133846405854
4018,-131301908345845,43739,106001,-30103.1,30771.7,9.9,-0.136,83335927,232069447,LOCKED,1.000030103000,135134846545960
4019,-131301908388038,30538,92800,-30099.4,30809.2,9.8,-0.143,83335928,232137264,LOCKED,1.000030099000,135135846579059
4020,-131301908482737,-31242,31020,-30186.0,31002.3,9.9,-0.141,83335929,232105330,LOCKED,1.000030186000,135136846725248
4021,-131301908505323,-21808,40454,-30239.8,31120.0,10.0,-0.133,83335927,232180259,LOCKED,1.000030240000,135137846879491
4022,-131301908499508,13019,75281,-30201.1,31146.0,10.1,-0.123,83335928,232272306,LOCKED,1.000030201000,135138847037696
4023,-131301908497263,41778,104040,-30089.5,31518.3,10.2,-0.113,83335929,232372204,LOCKED,1.000030089000,135139847064785
# STATS: PDUs=3837 CSV=3836 Gaps=0 Dups=0 Skip=0 d_min=-62262 ns drift=-30089.5 ns/s sigma=31518.3 ns state=LOCKED clk_err=+0 ns
4024,-131301908517817,46427,108689,-29926.5,31516.2,10.2,-0.112,83335927,232336348,LOCKED,1.000029927000,135140847223715
4025,-131301908631782,-36652,25610,-29912.6,31327.2,10.2,-0.109,83335928,232420356,LOCKED,1.000029913000,135141847399631
4026,-131301908608185,14558,76820,-29823.8,31004.3,10.2,-0.095,83335928,232538093,LOCKED,1.000029824000,135142847556458
4027,-131301908612499,38214,100476,-29796.3,31286.2,10.5,-0.066,83335929,232627449,LOCKED,1.000029796000,135143847589254
4028,-131301908702447,-21494,40768,-29782.3,31165.9,10.6,-0.038,83335929,232625783,LOCKED,1.000029782000,135144847611036
4029,-131301908715024,-5403,56859,-29718.5,30653.6,10.8,-0.026,83335929,232702730,LOCKED,1.000029718000,135145847770758
4030,-131301908723390,13096,75358,-29600.0,29800.5,11.1,0.020,83335930,232790292,LOCKED,1.000029600000,135146847903361
4031,-131301908747316,15997,78259,-29490.3,29202.9,11.4,0.041,83335930,232857388,LOCKED,1.000029490000,135147848057855
4032,-131301908756054,33369,95631,-29379.7,29275.6,11.7,0.061,83335930,232940483,LOCKED,1.000029380000,135148848204238
4033,-131301908772468,43636,105538,-29319.7,29841.8,11.8,0.068,83335929,233015829,LOCKED,1.000029320000,135149848235557
4034,-131301908898997,-49170,12732,-29454.3,30349.5,11.7,0.076,83335929,232978725,LOCKED,1.000029454000,135150848369014
4035,-131301908839891,37107,99009,-29403.9,30744.1,11.6,0.083,83335929,233024421,LOCKED,1.000029404000,135151848396417
4036,-131301908959300,-48400,13502,-29544.4,31141.8,11.4,0.088,83335929,233101169,LOCKED,1.000029544000,135152848539964
4037,-131301908978274,-35846,26056,-29582.2,31460.2,11.3,0.093,83335929,233172711,LOCKED,1.000029582000,135153848689549
4038,-131301908944997,26460,88362,-29599.1,31282.7,11.3,0.096,83335929,233302027,LOCKED,1.000029599000,135154848828151
4039,-131301908963607,35647,97549,-29569.9,31549.7,11.2,0.092,83335928,233376008,LOCKED,1.000029570000,135155848974724
4040,-131301908982932,43798,105700,-29539.9,31900.1,11.0,0.095,83335929,233445046,LOCKED,1.000029540000,135156848987263
4041,-131301909023466,30832,92734,-29494.4,32167.0,11.0,0.092,83335928,233391784,LOCKED,1.000029494000,135157849144761
4042,-131301909128832,-43361,18541,-29504.6,32302.4,11.0,0.094,83335929,233481307,LOCKED,1.000029505000,135158849285268
4043,-131301909147774,-32722,29180,-29453.8,31512.2,11.0,0.096,83335929,233554161,LOCKED,1.000029454000,135159849428725
4044,-131301909159692,-13316,48586,-29523.6,31358.6,11.1,0.098,83335929,233637713,LOCKED,1.000029524000,135160849579252
4045,-131301909169106,6226,68128,-29506.1,31365.9,11.1,0.103,83335930,233718081,LOCKED,1.000029506000,135161849725761
4046,-131301909179597,22619,84521,-29414.9,31262.0,10.9,0.102,83335929,233800535,LOCKED,1.000029415000,135162849874179
4047,-131301909196962,30912,92814,-29281.6,30943.0,10.3,0.099,83335929,233877013,LOCKED,1.000029282000,135163849904460
4048,-131301909290485,-31005,30897,-29344.3,31221.5,10.3,0.100,83335929,233871166,LOCKED,1.000029344000,135164849927804
4049,-131301909314710,-23902,38000,-29401.9,31366.0,10.1,0.098,83335929,233938452,LOCKED,1.000029402000,135165850075209
4050,-131301909326048,-6031,55871,-29382.4,31290.1,10.0,0.092,83335928,234020860,LOCKED,1.000029382000,135166850215594
4051,-131301909346233,1275,63177,-29291.5,30527.6,9.9,0.092,83335930,234092518,LOCKED,1.000029292000,135167850369889
4052,-131301909356788,17042,78944,-29173.9,29851.5,9.2,0.085,83335929,234174497,LOCKED,1.000029174000,135168850498065
4053,-131301909398357,5313,67215,-29215.5,29598.4,9.4,0.087,83335930,234232123,LOCKED,1.000029216000,135169850637283
4054,-131301909470292,-34540,27362,-29298.9,29915.7,9.4,0.086,83335929,234296587,LOCKED,1.000029299000,135170850791585
4055,-131301909419465,42821,104723,-29234.3,30464.7,9.3,0.085,83335929,234382238,LOCKED,1.000029234000,135171850828819
4056,-131301909546631,-52260,9642,-29287.4,31137.4,9.4,0.081,83335928,234347826,LOCKED,1.000029287000,135172850996110
4057,-131301909540400,-16614,45288,-29266.0,30973.0,9.1,0.075,83335929,234447182,LOCKED,1.000029266000,135173851028376
4058,-131301909523900,28532,90434,-29283.0,30778.7,9.1,0.073,83335929,234447578,LOCKED,1.000029283000,135174851072659
4059,-131301909635481,-49023,12879,-29434.6,31078.4,9.0,0.070,83335929,234535186,LOCKED,1.000029435000,135175851226097
4060,-131301909645015,-26333,35569,-29527.8,31069.9,8.8,0.061,83335928,234617299,LOCKED,1.000029528000,135176851383628
4061,-131301909647780,1132,63034,-29564.3,30927.4,8.8,0.064,83335929,234704892,LOCKED,1.000029564000,135177851547196
4062,-131301909646550,30197,92099,-29529.5,31166.1,8.8,0.067,83335929,234800306,LOCKED,1.000029530000,135178851695729
4063,-131301909658508,44516,106418,-29443.8,31741.5,8.7,0.063,83335929,234880100,LOCKED,1.000029444000,135179851712172
4064,-131301909689454,39999,101901,-29362.2,32190.6,9.1,0.060,83335927,234835789,LOCKED,1.000029362000,135180851859537
4065,-131301909737727,19181,81083,-29300.4,32222.0,9.1,0.055,83335929,234879605,LOCKED,1.000029300000,135181851876837
4066,-131301909764469,19666,81568,-29231.2,32220.7,9.0,0.051,83335929,234943483,LOCKED,1.000029231000,135182852044072
4067,-131301909869258,-53496,8406,-29259.9,32641.7,9.1,0.046,83335928,235035312,LOCKED,1.000029260000,135183852184335
4068,-131301909853025,-6261,55641,-29335.1,32271.5,9.0,0.040,83335929,235143670,LOCKED,1.000029335000,135184852206669
4069,-131301909881563,-4154,57748,-29392.6,32041.4,9.4,0.047,83335927,235205372,LOCKED,1.000029393000,135185852352064
4070,-131301909900727,6244,68146,-29411.4,31969.8,9.2,0.065,83335928,235278969,LOCKED,1.000029411000,135186852500478
4071,-131301909930877,5189,67091,-29404.5,31977.2,8.9,0.086,83335928,235344636,LOCKED,1.000029404000,135187852639885
4072,-131301909956227,8259,70161,-29369.8,31958.6,9.1,0.100,83335927,235408270,LOCKED,1.000029370000,135188852787258
4073,-131301909971036,20430,82332,-29286.3,31865.7,9.9,0.122,83335926,235485018,LOCKED,1.000029286000,135189852930547
4074,-131301909988377,28659,90561,-29151.3,31424.6,10.5,0.074,83335927,235559963,LOCKED,1.000029151000,135190852963698
4075,-131301910115896,-64040,0,-29323.4,32275.5,10.9,0.048,83335927,235524010,LOCKED,1.000029323000,135191853103024
4076,-131301910134082,-48490,15550,-29459.5,32701.5,11.2,0.027,83335927,235591803,LOCKED,1.000029460000,135192853245486
4077,-131301910155651,-37753,26287,-29536.6,33090.2,11.9,-0.021,83335926,235666696,LOCKED,1.000029537000,135193853385025
4078,-131301910148346,-1832,62208,-29488.3,32849.5,11.6,-0.053,83335928,235765959,LOCKED,1.000029488000,135194853417513
4079,-131301910158548,15697,79737,-29428.0,32820.8,11.5,-0.070,83335928,235850334,LOCKED,1.000029428000,135195853557944
4080,-131301910172510,30628,94668,-29452.8,32520.5,11.5,-0.072,83335928,235922587,LOCKED,1.000029453000,135196853703400
4081,-131301910192060,39225,103265,-29454.0,32505.5,11.0,-0.117,83335928,235995732,LOCKED,1.000029454000,135197853834856
4082,-131301910219810,38468,102508,-29397.0,32912.4,11.3,-0.141,83335926,236061222,LOCKED,1.000029397000,135198853868253
4083,-131301910343766,-53330,10710,-29443.9,33505.8,11.3,-0.141,83335928,236025673,LOCKED,1.000029444000,135199854015700
# STATS: PDUs=3897 CSV=3896 Gaps=0 Dups=0 Skip=0 d_min=-64040 ns drift=-29443.9 ns/s sigma=33505.8 ns state=LOCKED clk_err=+0 ns
4084,-131301910355914,-34872,29168,-29442.9,33495.0,11.2,-0.147,83335927,236107628,LOCKED,1.000029443000,135200854159146
4085,-131301910378079,-24204,39836,-29569.3,33022.0,11.2,-0.155,83335927,236180909,LOCKED,1.000029569000,135201854303718
4086,-131301910381837,1466,65506,-29564.8,33022.3,11.3,-0.162,83335927,236263952,LOCKED,1.000029565000,135202854466286
4087,-131301910387191,23125,87165,-29477.8,32975.8,11.4,-0.152,83335929,236352657,LOCKED,1.000029478000,135203854493763
4088,-131301910482911,-39270,24770,-29601.6,33132.2,11.4,-0.151,83335928,236345060,LOCKED,1.000029602000,135204854526364
4089,-131301910495880,-20569,43471,-29669.0,33161.0,11.3,-0.150,83335928,236427637,LOCKED,1.000029669000,135205854675036
4090,-131301910505450,-488,63552,-29667.3,33160.5,11.0,-0.149,83335928,236509748,LOCKED,1.000029667000,135206854837707
4091,-131301910502788,29528,93568,-29602.8,33387.5,10.9,-0.140,83335929,236603509,LOCKED,1.000029603000,135207854980313
4092,-131301910537394,21940,85980,-29512.3,33276.7,10.6,-0.139,83335928,236670964,LOCKED,1.000029512000,135208855006825
4093,-131301910600155,-12094,51946,-29453.4,32735.6,10.7,-0.132,83335929,236632925,LOCKED,1.000029453000,135209855150281
4094,-131301910679037,-55899,8141,-29636.8,32947.3,10.7,-0.125,83335929,236702728,LOCKED,1.000029637000,135210855283920
4095,-131301910612811,36209,100249,-29512.5,32977.7,10.8,-0.118,83335929,236754571,LOCKED,1.000029513000,135211855319432
4096,-131301910730352,-46733,17307,-29684.8,32845.9,10.8,-0.117,83335928,236831369,LOCKED,1.000029685000,135212855459120
4097,-131301910769186,-50713,13327,-29854.5,32972.1,10.7,-0.116,83335928,236903322,LOCKED,1.000029854000,135213855604977
4098,-131301910794697,-43756,20284,-29910.0,33463.2,10.7,-0.115,83335928,237020220,LOCKED,1.000029910000,135214855641887
4099,-131301910749002,29023,93063,-29819.5,33553.9,10.8,-0.120,83335927,237094866,LOCKED,1.000029819000,135215855779709
4100,-131301910798419,7621,71661,-29743.4,33217.1,10.7,-0.119,83335928,237165002,LOCKED,1.000029743000,135216855825452
4101,-131301910888337,-50060,13980,-29782.6,33696.0,10.8,-0.123,83335927,237138528,LOCKED,1.000029783000,135217855976238
4102,-131301910902979,-31058,32982,-29920.7,33334.7,10.9,-0.125,83335927,237214972,LOCKED,1.000029921000,135218856124162
4103,-131301910918076,-13806,50234,-30017.1,32915.8,10.9,-0.123,83335928,237294248,LOCKED,1.000030017000,135219856283183
4104,-131301910919467,14738,78778,-30037.6,32780.7,10.8,-0.121,83335928,237382880,LOCKED,1.000030038000,135220856443224
4105,-131301910920809,40846,104886,-29978.5,33232.6,10.5,-0.115,83335928,237475815,LOCKED,1.000029979000,135221856479202
4106,-131301910940131,47709,111749,-29871.5,33809.8,10.5,-0.112,83335928,237442287,LOCKED,1.000029871000,135222856649077
4107,-131301911033276,-15501,48539,-29848.8,33654.1,10.5,-0.108,83335929,237546209,LOCKED,1.000029849000,135223856805929
4108,-131301911000845,44863,108903,-29829.3,33891.9,10.6,-0.103,83335929,237672775,LOCKED,1.000029829000,135224856722754
4109,-131301911124222,-44554,19486,-29958.2,34202.8,10.7,-0.098,83335929,237637985,LOCKED,1.000029958000,135225856882716
4110,-131301911132183,-20626,43414,-30018.8,34265.3,10.8,-0.099,83335929,237727001,LOCKED,1.000030019000,135226857039738
4111,-131301911135709,5678,69718,-30018.9,34264.9,10.5,-0.090,83335928,237812717,LOCKED,1.000030019000,135227857185760
4112,-131301911151319,18331,82371,-29963.2,34306.4,10.4,-0.087,83335928,237892165,LOCKED,1.000029963000,135228857334726
4113,-131301911161849,35193,99233,-29895.4,34634.5,10.1,-0.077,83335928,237972602,LOCKED,1.000029895000,135229857470624
4114,-131301911190226,35560,99600,-29898.0,34605.2,10.0,-0.072,83335928,238039503,LOCKED,1.000029898000,135230857491521
4115,-131301911216000,35692,99732,-29761.2,34466.7,9.9,-0.067,83335928,237998307,LOCKED,1.000029761000,135231857639285
4116,-131301911330918,-44553,19487,-29928.5,34305.7,9.9,-0.069,83335928,238075441,LOCKED,1.000029928000,135232857800217
4117,-131301911338840,-20420,43620,-29999.0,34312.2,9.8,-0.063,83335928,238165890,LOCKED,1.000029999000,135233857938219
4118,-131301911308412,36586,100626,-29891.8,34509.0,9.8,-0.057,83335928,238284977,LOCKED,1.000029892000,135234857971110
4119,-131301911326773,46791,110831,-29904.6,34311.5,9.8,-0.049,83335927,238362437,LOCKED,1.000029905000,135235857985014
4120,-131301911368306,34070,98110,-29907.7,34278.6,9.9,-0.051,83335929,238304436,LOCKED,1.000029908000,135236858142925
4121,-131301911474285,-38938,25102,-29993.4,34657.6,9.8,-0.043,83335928,238395942,LOCKED,1.000029993000,135237858283921
4122,-131301911502430,-35317,28723,-30021.7,34890.7,9.7,-0.033,83335928,238463262,LOCKED,1.000030022000,135238858440946
4123,-131301911510552,-13789,50251,-29980.4,34571.3,9.6,-0.022,83335928,238546778,LOCKED,1.000029980000,135239858577929
4124,-131301911542345,-15870,48170,-29940.8,34242.3,9.5,-0.036,83335928,238606798,LOCKED,1.000029941000,135240858722873
4125,-131301911562056,-6015,58025,-29912.3,34118.7,9.4,-0.017,83335928,238678397,LOCKED,1.000029912000,135241858735784
4126,-131301911595637,-9945,54095,-29882.9,33951.7,9.2,-0.000,83335928,238738665,LOCKED,1.000029883000,135242858893670
4127,-131301911603398,12940,76980,-29942.0,33401.6,9.2,0.003,83335928,238821550,LOCKED,1.000029942000,135243858907611
4128,-131301911612858,31358,95398,-29892.7,33669.0,9.0,0.020,83335928,238799675,LOCKED,1.000029893000,135244858942503
4129,-131301911624295,46608,110648,-29812.8,34258.4,9.1,0.023,83335929,238881586,LOCKED,1.000029813000,135245859084319
4130,-131301911748457,-45011,19029,-29872.0,34766.0,9.1,0.026,83335928,238952438,LOCKED,1.000029872000,135246859241194
4131,-131301911762026,-27178,36862,-29902.0,34934.4,9.2,0.017,83335927,239034370,LOCKED,1.000029902000,135247859374099
4132,-131301911795591,-29316,34724,-29928.1,35106.0,9.3,0.017,83335929,239091898,LOCKED,1.000029928000,135248859527030
4133,-131301911797302,-2010,62030,-29879.9,34878.0,8.9,-0.006,83335929,239180079,LOCKED,1.000029880000,135249859665913
4134,-131301911829228,-5259,58781,-29812.0,34369.9,8.9,0.009,83335929,239240462,LOCKED,1.000029812000,135250859816728
4135,-131301911840022,14559,78599,-29875.6,33727.5,8.9,0.023,83335929,239324863,LOCKED,1.000029876000,135251859956606
4136,-131301911863040,21429,85469,-29912.0,33365.1,8.7,0.023,83335928,239403584,LOCKED,1.000029912000,135252860096521
4137,-131301911927749,-11299,52741,-29994.9,33040.9,8.2,0.035,83335929,239482148,LOCKED,1.000029995000,135253860140516
4138,-131301911945462,972,65012,-29996.0,33040.5,8.2,0.042,83335929,239501528,LOCKED,1.000029996000,135254860165511
4139,-131301911965387,9720,73760,-29947.1,32975.1,8.3,0.048,83335929,239568612,LOCKED,1.000029947000,135255860312461
4140,-131301911986616,16049,80089,-29856.4,32689.2,8.4,0.053,83335929,239643751,LOCKED,1.000029856000,135256860444320
4141,-131301912034150,-3159,60881,-29775.9,32005.4,8.7,0.066,83335930,239708497,LOCKED,1.000029776000,135257860592099
4142,-131301912100889,-39326,24714,-29749.4,31595.6,8.4,0.076,83335930,239786071,LOCKED,1.000029749000,135258860629848
4143,-131301912143854,-47878,16162,-29899.0,31854.9,8.7,0.086,83335930,239758953,LOCKED,1.000029899000,135259860790750
# STATS: PDUs=3957 CSV=3956 Gaps=0 Dups=0 Skip=0 d_min=-64040 ns drift=-29899.0 ns/s sigma=31854.9 ns state=LOCKED clk_err=+0 ns
4144,-131301912147024,-18975,45065,-29974.3,31792.6,8.5,0.088,83335929,239848078,LOCKED,1.000029974000,135260860941727
4145,-131301912162418,-3492,60548,-30012.9,31696.6,8.3,0.083,83335928,239931719,LOCKED,1.000030013000,135261861096743
4146,-131301912158131,28594,92634,-29951.6,31922.0,8.1,0.079,83335928,240019806,LOCKED,1.000029952000,135262861250698
4147,-131301912164117,48062,112102,-29810.6,32284.2,8.0,0.077,83335928,240106819,LOCKED,1.000029811000,135263861271508
4148,-131301912274812,-29703,34337,-29914.5,32286.7,8.1,0.074,83335928,240088378,LOCKED,1.000029914000,135264861307422
4149,-131301912291829,-15189,48851,-29968.7,32282.0,8.1,0.071,83335928,240161178,LOCKED,1.000029969000,135265861472394
4150,-131301912284955,20144,84184,-29928.0,32395.0,8.1,0.068,83335928,240262630,LOCKED,1.000029928000,135266861620325
4151,-131301912296521,34784,98824,-29802.9,32359.0,8.1,0.068,83335928,240343629,LOCKED,1.000029803000,135267861763131
4152,-131301912312679,44095,108135,-29663.3,32552.5,8.1,0.066,83335928,240420722,LOCKED,1.000029663000,135268861781793
4153,-131301912353625,30462,94502,-29598.5,32802.5,8.3,0.063,83335927,240366201,LOCKED,1.000029598000,135269861916394
4154,-131301912382958,30105,94145,-29618.1,32577.9,8.2,0.064,83335928,240429530,LOCKED,1.000029618000,135270862073015
4155,-131301912496292,-51884,12156,-29616.5,32551.2,8.1,0.066,83335928,240510301,LOCKED,1.000029616000,135271862091631
4156,-131301912524461,-46047,17993,-29755.6,32836.1,8.2,0.065,83335928,240577728,LOCKED,1.000029756000,135272862248390
4157,-131301912532231,-20951,43089,-29873.6,32352.5,8.2,0.063,83335928,240660537,LOCKED,1.000029874000,135273862396267
4158,-131301912498343,41558,105598,-29881.4,32242.5,8.2,0.062,83335928,240788686,LOCKED,1.000029881000,135274862297144
4159,-131301912538652,28176,92216,-29783.0,32246.9,8.0,0.057,83335928,240730861,LOCKED,1.000029783000,135275862447930
4160,-131301912651826,-51998,12042,-29854.5,32975.8,8.0,0.056,83335928,240818735,LOCKED,1.000029855000,135276862600788
4161,-131301912660972,-27590,36450,-29990.5,32488.1,7.8,0.050,83335928,240902637,LOCKED,1.000029990000,135277862743781
4162,-131301912678734,-13062,50978,-30081.8,32101.8,7.6,0.043,83335928,240976756,LOCKED,1.000030082000,135278862889866
4163,-131301912690132,6164,70204,-30118.7,31899.1,7.9,0.041,83335927,241059851,LOCKED,1.000030119000,135279863033988
4164,-131301912712649,12876,76916,-30096.5,31947.0,8.2,0.039,83335927,241125870,LOCKED,1.000030096000,135280863181087
4165,-131301912731426,21655,85695,-30007.6,31839.0,8.4,0.038,83335927,241199200,LOCKED,1.000030008000,135281863320097
4166,-131301912753996,25784,89824,-29887.9,31506.7,8.4,0.037,83335928,241269263,LOCKED,1.000029888000,135282863472988
4167,-131301912763119,44084,108124,-29840.2,31988.4,8.3,0.043,83335928,241355613,LOCKED,1.000029840000,135283863487827
4168,-131301912878046,-39862,24178,-29829.8,31841.7,8.4,0.051,83335927,241327206,LOCKED,1.000029830000,135284863520656
4169,-131301912904774,-32837,31203,-29968.0,31539.9,8.4,0.060,83335927,241394218,LOCKED,1.000029968000,135285863653627
4170,-131301912943979,-38393,25647,-30085.0,31735.1,8.9,0.071,83335926,241450198,LOCKED,1.000030085000,135286863809715
4171,-131301912942133,-5870,58170,-30104.3,31737.5,9.5,0.076,83335926,241542694,LOCKED,1.000030104000,135287863941822
4172,-131301912962683,3151,67191,-30083.4,31717.9,9.6,0.080,83335927,241616904,LOCKED,1.000030083000,135288864095909
4173,-131301912959862,32742,96782,-29975.0,31783.9,9.7,0.086,83335927,241707604,LOCKED,1.000029975000,135289864231887
4174,-131301912986991,32146,96186,-29859.3,31751.2,9.8,0.092,83335927,241774701,LOCKED,1.000029859000,135290864388750
4175,-131301912990345,53456,117496,-29692.9,32080.7,9.9,0.101,83335927,241864165,LOCKED,1.000029693000,135291864525446
4176,-131301913032315,39801,103841,-29691.5,32098.9,10.3,0.115,83335926,241924338,LOCKED,1.000029692000,135292864533136
4177,-131301913079500,21474,85514,-29686.4,32132.8,11.0,0.069,83335926,241864231,LOCKED,1.000029686000,135293864694826
4178,-131301913122588,6179,70219,-29603.5,31656.2,11.6,0.032,83335926,242004348,LOCKED,1.000029604000,135294864716429
4179,-131301913159161,-2586,61454,-29510.9,30751.7,11.9,-0.013,83335926,242061212,LOCKED,1.000029511000,135295864870943
4180,-131301913166519,16724,80764,-29399.0,30164.1,11.9,-0.010,83335927,242145722,LOCKED,1.000029399000,135296865009345
4181,-131301913199297,13330,77370,-29420.5,30018.1,11.9,-0.021,83335927,242216769,LOCKED,1.000029420000,135297865147768
4182,-131301913267063,-22535,41505,-29504.9,29972.6,12.0,-0.032,83335927,242291245,LOCKED,1.000029505000,135298865196273
4183,-131301913332785,-54705,9335,-29612.7,30865.6,12.2,-0.057,83335926,242267713,LOCKED,1.000029613000,135299865337889
4184,-131301913340758,-30535,33505,-29686.3,31104.2,12.4,-0.083,83335926,242338300,LOCKED,1.000029686000,135300865505579
4185,-131301913339492,501,64541,-29691.2,31101.0,12.6,-0.102,83335926,242431842,LOCKED,1.000029691000,135301865548270
4186,-131301913419621,-46442,17598,-29785.7,31718.0,13.0,-0.131,83335925,242518009,LOCKED,1.000029786000,135302865708059
4187,-131301913351402,47796,111836,-29680.1,32331.2,13.4,-0.156,83335925,242605304,LOCKED,1.000029680000,135303865749739
4188,-131301913443786,-15113,48927,-29644.8,32041.4,13.4,-0.167,83335926,242603359,LOCKED,1.000029645000,135304865794384
4189,-131301913498679,-39581,24459,-29617.2,31608.2,13.2,-0.168,83335927,242690573,LOCKED,1.000029617000,135305865951004
4190,-131301913462081,26128,90168,-29635.9,31412.3,13.3,-0.158,83335928,242772356,LOCKED,1.000029636000,135306865979639
4191,-131301913481232,34977,99017,-29613.7,31624.3,13.3,-0.157,83335927,242735930,LOCKED,1.000029614000,135307866147256
4192,-131301913577333,-28575,35465,-29710.4,31656.2,13.1,-0.158,83335927,242838030,LOCKED,1.000029710000,135308866309970
4193,-131301913575327,2986,67026,-29707.8,31658.2,12.9,-0.157,83335927,242933787,LOCKED,1.000029708000,135309866482682
4194,-131301913570429,35269,99309,-29652.4,32014.5,12.7,-0.164,83335926,243029048,LOCKED,1.000029652000,135310866623337
4195,-131301913587406,44287,100186,-29546.3,32500.2,12.5,-0.169,83335926,243104327,LOCKED,1.000029546000,135311866663883
4196,-131301913617152,40373,96272,-29431.0,32778.2,12.6,-0.174,83335926,243063942,LOCKED,1.000029431000,135312866819317
4197,-131301913723289,-33749,22150,-29501.8,33084.7,12.4,-0.177,83335926,243155581,LOCKED,1.000029502000,135313866957822
4198,-131301913719801,-825,55074,-29497.1,33081.5,12.2,-0.180,83335926,243246747,LOCKED,1.000029497000,135314866988319
4199,-131301913747005,931,56830,-29472.3,33032.7,12.2,-0.186,83335925,243312879,LOCKED,1.000029472000,135315867129794
4200,-131301913766798,9171,65070,-29416.8,32915.2,12.2,-0.192,83335925,243388538,LOCKED,1.000029417000,135316867273214
4201,-131301913789120,15001,70900,-29379.6,32967.4,11.7,-0.194,83335925,243450418,LOCKED,1.000029380000,135317867421597
4202,-131301913798514,33717,89616,-29373.4,33030.8,10.9,-0.191,83335926,243536145,LOCKED,1.000029373000,135318867433969
4203,-131301913837636,23898,79797,-29409.7,32631.3,10.2,-0.191,83335925,243484513,LOCKED,1.000029410000,135319867586382
# STATS: PDUs=4017 CSV=4016 Gaps=0 Dups=0 Skip=0 d_min=-55899 ns drift=-29409.7 ns/s sigma=32631.3 ns state=LOCKED clk_err=+0 ns
4204,-131301913947578,-52263,3636,-29537.6,33276.0,10.1,-0.191,83335925,243570517,LOCKED,1.000029538000,135320867721922
4205,-131301913883939,38581,94480,-29487.2,33659.5,10.0,-0.190,83335926,243621956,LOCKED,1.000029487000,135321867873412
4206,-131301913993090,-39233,16666,-29512.8,33913.8,9.9,-0.189,83335926,243714030,LOCKED,1.000029513000,135322868022928
4207,-131301914000272,-17420,38479,-29458.3,33352.5,10.1,-0.190,83335925,243791251,LOCKED,1.000029458000,135323868171389
4208,-131301913975227,35672,91571,-29448.3,33455.3,10.0,-0.188,83335926,243910198,LOCKED,1.000029448000,135324868193837
4209,-131301914003760,34821,90720,-29419.5,33695.5,10.6,-0.191,83335924,243972620,LOCKED,1.000029420000,135325868216256
4210,-131301914032729,32382,88281,-29331.4,33894.4,10.5,-0.188,83335926,243928821,LOCKED,1.000029331000,135326868364590
4211,-131301914151060,-54204,1695,-29359.7,34297.7,10.4,-0.184,83335926,244011468,LOCKED,1.000029360000,135327868510953
4212,-131301914161470,-34693,21206,-29329.5,33893.3,10.3,-0.180,83335926,244086667,LOCKED,1.000029329000,135328868641285
4213,-131301914188016,-31259,24640,-29309.4,33662.0,10.3,-0.181,83335926,244151460,LOCKED,1.000029309000,135329868800598
4214,-131301914199729,-14259,41640,-29256.3,33170.6,10.2,-0.176,83335926,244235002,LOCKED,1.000029256000,135330868940857
4215,-131301914208088,7438,63337,-29308.0,32804.6,10.1,-0.171,83335926,244317307,LOCKED,1.000029308000,135331869097168
4216,-131301914218485,25906,81805,-29329.4,32584.3,9.9,-0.165,83335926,244398073,LOCKED,1.000029329000,135332869237500
4217,-131301914263263,10387,66286,-29343.2,32520.3,9.8,-0.158,83335927,244465249,LOCKED,1.000029343000,135333869273843
4218,-131301914332903,-29434,26465,-29317.6,32214.2,9.7,-0.151,83335927,244463867,LOCKED,1.000029318000,135334869309160
4219,-131301914348896,-16231,39668,-29284.6,31936.2,9.6,-0.143,83335927,244541983,LOCKED,1.000029285000,135335869471448
4220,-131301914347073,15474,71373,-29339.8,31363.8,9.5,-0.134,83335927,244632053,LOCKED,1.000029340000,135336869607790
4221,-131301914390451,2325,58224,-29387.3,31109.0,9.4,-0.125,83335926,244697525,LOCKED,1.000029387000,135337869758180
4222,-131301914466604,-40891,15008,-29493.8,31486.0,9.2,-0.115,83335927,244765718,LOCKED,1.000029494000,135338869790673
4223,-131301914429926,23789,79688,-29460.0,31645.2,9.3,-0.113,83335927,244724350,LOCKED,1.000029460000,135339869940136
4224,-131301914547708,-60434,0,-29560.9,32689.6,9.3,-0.112,83335927,244804343,LOCKED,1.000029561000,135340870105700
4225,-131301914540626,-22636,37798,-29580.0,32795.0,9.3,-0.109,83335926,244901811,LOCKED,1.000029580000,135341870265283
4226,-131301914542007,4575,65009,-29539.0,32701.6,9.1,-0.093,83335926,244992254,LOCKED,1.000029539000,135342870311822
4227,-131301914551749,21432,81866,-29430.1,32363.2,8.9,-0.074,83335926,244969479,LOCKED,1.000029430000,135343870481256
4228,-131301914607869,-3541,56893,-29508.7,31878.5,8.8,-0.062,83335926,245109209,LOCKED,1.000029509000,135344870519764
4229,-131301914630265,4721,65155,-29573.1,31384.1,8.8,-0.051,83335926,245179694,LOCKED,1.000029573000,135345870679340
4230,-131301914632403,31858,92292,-29611.5,30826.9,8.8,-0.054,83335926,245271482,LOCKED,1.000029612000,135346870705951
4231,-131301914658173,34210,94644,-29595.3,30990.3,8.8,-0.058,83335926,245230520,LOCKED,1.000029595000,135347870869550
4232,-131301914765547,-40188,20246,-29694.6,31388.0,8.7,-0.048,83335926,245324352,LOCKED,1.000029695000,135348871028248
4233,-131301914775917,-19957,40477,-29705.9,31451.2,8.7,-0.038,83335926,245402328,LOCKED,1.000029706000,135349871170957
4234,-131301914795818,-10037,50397,-29694.8,31402.6,8.6,-0.027,83335926,245473780,LOCKED,1.000029695000,135350871321655
4235,-131301914812800,1054,61488,-29616.8,30843.8,8.7,-0.001,83335927,245553467,LOCKED,1.000029617000,135351871463275
4236,-131301914834950,6829,67263,-29545.0,30507.4,9.1,0.022,83335928,245618955,LOCKED,1.000029545000,135352871613823
4237,-131301914845700,23320,83754,-29470.5,30561.1,9.5,0.044,83335928,245702908,LOCKED,1.000029471000,135353871638293
4238,-131301914952180,-50454,9980,-29545.5,31302.4,9.5,0.052,83335927,245688252,LOCKED,1.000029546000,135354871668838
4239,-131301914972620,-38639,21795,-29614.4,31739.0,9.6,0.058,83335927,245758572,LOCKED,1.000029614000,135355871806455
4240,-131301914997978,-32821,27613,-29636.5,31932.6,9.5,0.062,83335927,245824589,LOCKED,1.000029636000,135356871955095
4241,-131301915008896,-13762,46672,-29630.3,31900.8,9.5,0.066,83335927,245904701,LOCKED,1.000029630000,135357872099728
4242,-131301915021238,3967,64401,-29658.6,31788.2,9.4,0.070,83335927,245983777,LOCKED,1.000029659000,135358872244389
4243,-131301915040399,15439,75873,-29732.2,30887.7,9.5,0.074,83335927,246056575,LOCKED,1.000029732000,135359872384124
4244,-131301915065141,20405,80839,-29765.0,30553.4,9.5,0.077,83335927,246127862,LOCKED,1.000029765000,135360872537892
4245,-131301915091291,22794,83228,-29742.7,30679.2,9.5,0.081,83335927,246191893,LOCKED,1.000029743000,135361872562634
4246,-131301915110844,32851,93285,-29791.0,29898.7,9.3,0.083,83335927,246266081,LOCKED,1.000029791000,135362872577424
4247,-131301915150622,20223,80657,-29694.8,29654.1,9.1,0.085,83335927,246210187,LOCKED,1.000029695000,135363872728122
4248,-131301915223509,-20645,39789,-29774.7,29593.3,9.4,0.093,83335928,246329694,LOCKED,1.000029775000,135364872752896
4249,-131301915252067,-16414,44020,-29895.6,28807.2,9.3,0.090,83335926,246397086,LOCKED,1.000029896000,135365872885794
4250,-131301915282235,-15926,44508,-29906.5,28858.1,9.0,0.094,83335927,246457727,LOCKED,1.000029906000,135366873030703
4251,-131301915297010,-1429,59005,-29872.8,28722.9,8.9,0.097,83335927,246535735,LOCKED,1.000029873000,135367873165578
4252,-131301915317744,8683,69117,-29935.2,28112.0,8.8,0.101,83335927,246607861,LOCKED,1.000029935000,135368873316516
4253,-131301915329690,25440,85874,-29917.0,28249.4,8.8,0.100,83335926,246687709,LOCKED,1.000029917000,135369873465436
4254,-131301915341635,39936,100370,-29812.7,28641.9,8.8,0.101,83335927,246769508,LOCKED,1.000029813000,135370873500248
4255,-131301915464013,-50381,10053,-29839.2,29056.7,8.8,0.102,83335927,246738796,LOCKED,1.000029839000,135371873643090
4256,-131301915479567,-34947,25487,-29837.4,29033.7,9.2,0.096,83335925,246815505,LOCKED,1.000029837000,135372873794931
4257,-131301915487332,-10735,49699,-29924.8,28581.9,9.2,0.094,83335926,246897577,LOCKED,1.000029925000,135373873942859
4258,-131301915477148,27756,88190,-29891.5,28804.7,9.2,0.092,83335926,247013200,LOCKED,1.000029891000,135374873955749
4259,-131301915510645,22770,83204,-29861.6,28959.9,9.1,0.087,83335926,247057627,LOCKED,1.000029862000,135375874103614
4260,-131301915529579,31347,91781,-29798.2,29263.8,8.9,0.082,83335926,247131313,LOCKED,1.000029798000,135376874234415
4261,-131301915582788,6963,67397,-29762.0,29219.9,8.8,0.078,83335927,247190551,LOCKED,1.000029762000,135377874383180
4262,-131301915654722,-34096,26338,-29759.9,29193.9,8.8,0.078,83335927,247267899,LOCKED,1.000029760000,135378874423940
4263,-131301915705928,-52836,7598,-29804.9,29835.5,8.6,0.073,83335927,247231791,LOCKED,1.000029805000,135379874580748
# STATS: PDUs=4077 CSV=4076 Gaps=0 Dups=0 Skip=0 d_min=-60434 ns drift=-29804.9 ns/s sigma=29835.5 ns state=LOCKED clk_err=+0 ns
4264,-131301915709670,-23266,37168,-29938.6,29127.2,8.4,0.066,83335926,247320374,LOCKED,1.000029939000,135380874726690
4265,-131301915744459,-27491,32943,-29923.5,28953.6,8.4,0.064,83335926,247383798,LOCKED,1.000029923000,135381874891617
4266,-131301915739965,7863,68297,-29982.7,28417.0,8.5,0.062,83335926,247478912,LOCKED,1.000029983000,135382875050603
4267,-131301915742567,33666,94100,-29961.2,28635.0,8.5,0.054,83335925,247564794,LOCKED,1.000029961000,135383875066563
4268,-131301915855273,-46998,13436,-29985.2,28987.1,8.6,0.051,83335926,247545493,LOCKED,1.000029985000,135384875106548
4269,-131301915877402,-37776,22658,-29989.4,29042.6,7.8,0.036,83335926,247615023,LOCKED,1.000029989000,135385875270541
4270,-131301915874380,-5705,54729,-29933.6,28602.6,7.8,0.033,83335926,247707613,LOCKED,1.000029934000,135386875430478
4271,-131301915893150,6719,67153,-30006.8,27850.0,7.8,0.030,83335926,247785984,LOCKED,1.000030007000,135387875569488
4272,-131301915919487,10780,71214,-30044.0,27547.7,7.8,0.028,83335926,247852476,LOCKED,1.000030044000,135388875718535
4273,-131301915931641,27817,88251,-30048.4,27498.5,8.1,0.026,83335925,247929774,LOCKED,1.000030048000,135389875860586
4274,-131301915960026,28001,88435,-30022.4,27702.8,8.2,0.023,83335926,247995232,LOCKED,1.000030022000,135390876012612
4275,-131301915979549,35709,96143,-29944.6,28099.7,8.2,0.020,83335926,248068945,LOCKED,1.000029945000,135391876028556
4276,-131301916011942,30097,90531,-29839.2,28100.8,8.2,0.014,83335927,248130496,LOCKED,1.000029839000,135392876171398
4277,-131301916021480,46512,106946,-29725.6,28694.9,8.2,0.019,83335927,248209180,LOCKED,1.000029726000,135393876199123
4278,-131301916112016,-12745,47689,-29780.8,28634.4,8.2,0.026,83335927,248212329,LOCKED,1.000029781000,135394876228903
4279,-131301916126185,2904,63338,-29787.4,28622.7,8.1,0.036,83335926,248286732,LOCKED,1.000029787000,135395876376693
4280,-131301916138178,18534,78968,-29711.9,28539.0,8.1,0.032,83335926,248371530,LOCKED,1.000029712000,135396876523408
4281,-131301916146496,36889,97323,-29623.9,28919.3,8.1,0.033,83335927,248452364,LOCKED,1.000029624000,135397876549031
4282,-131301916172023,39355,99789,-29609.4,29105.5,8.1,0.032,83335926,248412997,LOCKED,1.000029609000,135398876693643
4283,-131301916288132,-45229,15205,-29628.2,29375.2,8.2,0.064,83335928,248495363,LOCKED,1.000029628000,135399876837274
4284,-131301916317483,-40266,20168,-29791.5,29004.5,8.1,0.080,83335927,248558373,LOCKED,1.000029791000,135400876988069
4285,-131301916321612,-12951,47483,-29851.2,28916.1,8.1,0.082,83335927,248647198,LOCKED,1.000029851000,135401877122923
4286,-131301916339002,-639,59795,-29842.8,28906.8,8.2,0.069,83335926,248721726,LOCKED,1.000029843000,135402877271769
4287,-131301916345164,20680,81114,-29761.1,28829.3,8.2,0.071,83335927,248808238,LOCKED,1.000029761000,135403877297529
4288,-131301916453212,-53930,6504,-29852.0,29743.6,8.3,0.061,83335926,248795972,LOCKED,1.000029852000,135404877329381
4289,-131301916471588,-39951,20483,-29908.5,30216.0,8.7,0.041,83335925,248867218,LOCKED,1.000029908000,135405877466292
4290,-131301916487622,-25536,34898,-29892.5,30048.5,8.7,0.034,83335926,248941503,LOCKED,1.000029893000,135406877613188
4291,-131301916494360,-3568,56866,-29828.2,29551.1,8.7,0.028,83335926,249027088,LOCKED,1.000029828000,135407877753019
4292,-131301916509922,11156,71590,-29869.3,29214.1,8.7,0.023,83335926,249101946,LOCKED,1.000029869000,135408877902891
4293,-131301916514676,34484,94918,-29838.9,29495.4,8.8,0.018,83335926,249190323,LOCKED,1.000029839000,135409878042733
4294,-131301916544778,32234,92668,-29794.9,29802.6,8.7,0.022,83335927,249255490,LOCKED,1.000029795000,135410878078528
4295,-131301916561384,42259,102693,-29709.8,30338.0,8.8,0.017,83335926,249222460,LOCKED,1.000029710000,135411878218241
4296,-131301916682914,-46866,13568,-29764.2,30923.8,8.5,0.013,83335926,249301221,LOCKED,1.000029764000,135412878369008
4297,-131301916687452,-21375,39059,-29741.6,30709.3,8.1,0.009,83335926,249389263,LOCKED,1.000029742000,135413878503752
4298,-131301916672620,23052,83486,-29772.8,30365.8,8.1,0.013,83335927,249502928,LOCKED,1.000029773000,135414878523524
4299,-131301916711573,14088,74522,-29807.0,30083.0,8.1,0.017,83335927,249547997,LOCKED,1.000029807000,135415878664334
4300,-131301916731731,23225,83659,-29820.5,29955.0,8.4,0.026,83335928,249621409,LOCKED,1.000029820000,135416878800157
4301,-131301916784149,1031,61465,-29842.0,29900.4,8.4,0.029,83335927,249688844,LOCKED,1.000029842000,135417878835999
4302,-131301916850478,-33259,27175,-29894.6,30236.3,8.4,0.032,83335927,249655288,LOCKED,1.000029895000,135418878975896
4303,-131301916896240,-46366,14068,-29953.1,30834.2,8.4,0.035,83335927,249731965,LOCKED,1.000029953000,135419879134852
4304,-131301916903806,-23003,37431,-29962.7,30900.7,8.3,0.034,83335926,249818321,LOCKED,1.000029963000,135420879293818
4305,-131301916903924,5673,66107,-29914.7,30769.4,8.3,0.037,83335927,249907561,LOCKED,1.000029915000,135421879343733
4306,-131301916908905,27490,87924,-29807.3,30653.6,8.3,0.040,83335927,249996313,LOCKED,1.000029807000,135422879374540
4307,-131301916936791,26594,87028,-29713.1,30644.7,8.3,0.043,83335927,249958385,LOCKED,1.000029713000,135423879541257
4308,-131301916992882,642,61076,-29735.1,30592.4,7.9,0.046,83335926,250095126,LOCKED,1.000029735000,135424879576992
4309,-131301917058463,-32485,27949,-29814.7,30859.0,7.9,0.044,83335926,250170704,LOCKED,1.000029815000,135425879730810
4310,-131301917106025,-46455,13979,-29923.0,31428.4,8.2,0.042,83335925,250260246,LOCKED,1.000029923000,135426879760732
4311,-131301917137234,-44540,15894,-30006.1,32002.7,8.1,0.046,83335927,250228907,LOCKED,1.000030006000,135427879920742
4312,-131301917136573,-13124,47310,-30021.1,32046.2,8.1,0.050,83335927,250322570,LOCKED,1.000030021000,135428880065766
4313,-131301917159931,-6791,53643,-29993.5,31913.4,8.1,0.048,83335926,250392261,LOCKED,1.000029994000,135429880221763
4314,-131301917169248,11586,72020,-29899.8,31441.8,8.1,0.050,83335926,250475739,LOCKED,1.000029900000,135430880364666
4315,-131301917187794,23024,83458,-29942.3,30938.1,8.0,0.053,83335926,250547510,LOCKED,1.000029942000,135431880509611
4316,-131301917204152,35406,95840,-29942.2,30939.4,7.8,0.047,83335926,250626733,LOCKED,1.000029942000,135432880546553
4317,-131301917321542,-48179,12255,-30051.8,31563.4,7.8,0.045,83335926,250600280,LOCKED,1.000030052000,135433880686608
4318,-131301917312273,-9054,51380,-30027.1,31430.4,7.8,0.043,83335926,250698466,LOCKED,1.000030027000,135434880717635
4319,-131301917339658,-6695,53739,-30002.1,31314.3,8.1,0.041,83335925,250765794,LOCKED,1.000030002000,135435880851640
4320,-131301917370187,-7861,52573,-29957.5,31005.2,8.9,0.039,83335924,250826222,LOCKED,1.000029958000,135436881008601
4321,-131301917377368,13544,73978,-29912.6,31016.6,9.0,0.044,83335925,250913386,LOCKED,1.000029913000,135437881158517
4322,-131301917384355,35053,95487,-29901.4,31137.5,9.1,0.051,83335925,250999067,LOCKED,1.000029901000,135438881177418
4323,-131301917409453,38955,99389,-29922.0,30824.0,9.2,0.058,83335925,250959961,LOCKED,1.000029922000,135439881438346
# STATS: PDUs=4137 CSV=4136 Gaps=0 Dups=0 Skip=0 d_min=-60434 ns drift=-29922.0 ns/s sigma=30824.0 ns state=LOCKED clk_err=+0 ns
4324,-131301917428595,47390,107824,-29885.7,31279.9,9.4,0.059,83335925,251140284,LOCKED,1.000029886000,135440881478231
4325,-131301917454948,48669,109103,-29856.0,31678.8,9.5,0.061,83335925,251099024,LOCKED,1.000029856000,135441881625090
4326,-131301917573702,-37685,22749,-29918.3,32088.1,9.5,0.062,83335926,251179278,LOCKED,1.000029918000,135442881778011
4327,-131301917575856,-10218,50216,-29886.6,31887.8,9.4,0.053,83335926,251266318,LOCKED,1.000029887000,135443881913900
4328,-131301917564988,30316,90750,-29926.3,31338.3,9.6,0.056,83335925,251370517,LOCKED,1.000029926000,135444881939826
4329,-131301917610768,15113,75547,-29983.5,30728.8,9.7,0.060,83335925,251419351,LOCKED,1.000029984000,135445882075812
4330,-131301917642533,13049,73483,-29991.4,30687.7,9.9,0.065,83335925,251479499,LOCKED,1.000029991000,135446882229807
4331,-131301917649263,34184,94618,-29943.8,31022.0,10.2,0.038,83335925,251564372,LOCKED,1.000029944000,135447882366754
4332,-131301917665653,44725,105159,-29870.2,31608.8,10.4,0.016,83335925,251637333,LOCKED,1.000029870000,135448882394624
4333,-131301917790595,-47620,12814,-29924.9,32186.5,10.7,-0.032,83335924,251604247,LOCKED,1.000029925000,135449882546552
4334,-131301917813908,-38921,21513,-29962.7,32532.0,10.8,-0.048,83335925,251677670,LOCKED,1.000029963000,135450882700518
4335,-131301917838047,-31866,28568,-29970.1,32603.2,10.8,-0.064,83335925,251742878,LOCKED,1.000029970000,135451882721487
4336,-131301917870651,-33124,27310,-29982.6,32722.0,10.8,-0.065,83335925,251803634,LOCKED,1.000029983000,135452882874473
4337,-131301917879185,-12485,47949,-29921.9,32136.2,10.8,-0.064,83335925,251885028,LOCKED,1.000029922000,135453883007397
4338,-131301917878733,17082,77516,-29910.7,32187.0,10.8,-0.062,83335925,251979234,LOCKED,1.000029911000,135454883048308
4339,-131301917886489,36522,96956,-29838.1,32560.1,10.9,-0.078,83335925,252060090,LOCKED,1.000029838000,135455883189149
4340,-131301917901447,47247,107681,-29712.5,33020.6,10.9,-0.086,83335925,252138391,LOCKED,1.000029713000,135456883227861
4341,-131301918025801,-45951,14483,-29706.9,32935.2,10.8,-0.095,83335925,252109579,LOCKED,1.000029707000,135457883378571
4342,-131301918037147,-27634,32800,-29658.7,32292.1,10.8,-0.100,83335925,252189362,LOCKED,1.000029659000,135458883536233
4343,-131301918035357,4516,64950,-29700.7,32065.6,10.2,-0.107,83335925,252281633,LOCKED,1.000029701000,135459883672936
4344,-131301918070739,-91,53839,-29753.4,31806.6,10.0,-0.112,83335925,252351244,LOCKED,1.000029753000,135460883812692
4345,-131301918124061,-21907,32023,-29803.0,31933.5,10.0,-0.125,83335924,252412031,LOCKED,1.000029803000,135461883970498
4346,-131301918177846,-43064,10866,-29870.2,32458.1,10.2,-0.135,83335924,252511224,LOCKED,1.000029870000,135462884007368
4347,-131301918211436,-44651,9279,-29900.6,32811.1,10.0,-0.136,83335925,252471662,LOCKED,1.000029901000,135463884169272
4348,-131301918191735,6314,60244,-29978.2,32096.1,10.0,-0.137,83335925,252583251,LOCKED,1.000029978000,135464884211250
4349,-131301918246488,-15852,38078,-30080.1,31652.4,10.1,-0.145,83335924,252675765,LOCKED,1.000030080000,135465884242330
4350,-131301918215274,43544,97474,-30059.3,31910.7,10.2,-0.152,83335924,252640603,LOCKED,1.000030059000,135466884385392
4351,-131301918231387,54053,107983,-29980.4,32721.0,10.2,-0.152,83335925,252714403,LOCKED,1.000029980000,135467884538376
4352,-131301918348362,-31022,22908,-30023.1,32978.6,10.3,-0.147,83335926,252796049,LOCKED,1.000030023000,135468884698403
4353,-131301918353944,-7196,46734,-29980.8,32718.1,10.3,-0.148,83335925,252882733,LOCKED,1.000029981000,135469884862387
4354,-131301918353309,20793,74723,-29886.3,32530.7,10.1,-0.146,83335925,252975601,LOCKED,1.000029886000,135470885021277
4355,-131301918360823,38711,92641,-29731.8,32262.0,10.0,-0.146,83335925,253063381,LOCKED,1.000029732000,135471885161012
4356,-131301918382417,45054,98984,-29718.7,32438.5,10.0,-0.146,83335925,253133146,LOCKED,1.000029719000,135472885174730
4357,-131301918418107,36988,90918,-29677.3,32774.8,10.2,-0.150,83335924,253082153,LOCKED,1.000029677000,135473885329410
4358,-131301918511677,-26206,27724,-29668.0,32688.4,10.0,-0.147,83335925,253186852,LOCKED,1.000029668000,135474885357077
4359,-131301918530615,-15253,38677,-29653.5,32598.3,9.8,-0.141,83335926,253258505,LOCKED,1.000029654000,135475885497733
4360,-131301918559961,-15109,38821,-29620.3,32333.4,9.2,-0.131,83335926,253324960,LOCKED,1.000029620000,135476885643356
4361,-131301918578150,-3876,50054,-29604.1,32288.6,9.0,-0.124,83335926,253394184,LOCKED,1.000029604000,135477885790963
4362,-131301918594484,9545,63475,-29627.4,32165.4,8.8,-0.120,83335925,253468400,LOCKED,1.000029627000,135478885925593
4363,-131301918621669,12548,66478,-29675.9,31743.9,8.5,-0.115,83335925,253533766,LOCKED,1.000029676000,135479886058271
4364,-131301918650195,13490,67420,-29688.1,31675.0,8.4,-0.114,83335925,253597461,LOCKED,1.000029688000,135480886200962
4365,-131301918683725,8749,62679,-29658.5,31677.9,8.1,-0.108,83335925,253656010,LOCKED,1.000029658000,135481886218620
4366,-131301918723718,-2607,51323,-29603.9,31347.3,7.8,-0.101,83335925,253708272,LOCKED,1.000029604000,135482886368227
4367,-131301918740504,8291,62221,-29523.3,30947.2,7.6,-0.095,83335924,253783470,LOCKED,1.000029523000,135483886397750
4368,-131301918834791,-53268,662,-29592.1,31724.1,7.7,-0.094,83335924,253781684,LOCKED,1.000029592000,135484886420341
4369,-131301918850192,-35774,18156,-29694.9,31943.2,7.7,-0.091,83335925,253856082,LOCKED,1.000029695000,135485886562039
4370,-131301918875538,-27928,26002,-29820.4,31617.8,7.8,-0.092,83335926,253921763,LOCKED,1.000029820000,135486886712862
4371,-131301918894484,-14310,39620,-29931.4,30969.9,7.5,-0.082,83335926,253997982,LOCKED,1.000029931000,135487886861796
4372,-131301918899222,10920,64850,-29951.5,30856.5,7.2,-0.071,83335926,254082132,LOCKED,1.000029951000,135488887009751
4373,-131301918915184,23854,77784,-29939.3,30940.8,7.3,-0.066,83335926,254163571,LOCKED,1.000029939000,135489887150693
4374,-131301918937929,28917,82847,-29882.7,31185.7,7.2,-0.061,83335925,254229749,LOCKED,1.000029883000,135490887301579
4375,-131301918947895,45126,99056,-29775.6,31707.9,7.1,-0.055,83335925,254313073,LOCKED,1.000029776000,135491887445357
4376,-131301918967069,51033,104963,-29629.8,32162.2,7.0,-0.049,83335925,254382676,LOCKED,1.000029630000,135492887474986
4377,-131301918997586,48605,102535,-29635.0,32076.1,6.9,-0.042,83335925,254341551,LOCKED,1.000029635000,135493887624624
4378,-131301919081334,-4665,49265,-29668.7,32021.5,6.8,-0.034,83335925,254455458,LOCKED,1.000029669000,135494887653292
4379,-131301919095727,10369,64299,-29674.1,32000.4,7.0,-0.033,83335924,254529876,LOCKED,1.000029674000,135495887790969
4380,-131301919127056,8643,62573,-29685.0,31958.3,6.7,-0.047,83335925,254591200,LOCKED,1.000029685000,135496887949657
4381,-131301919127646,35053,88983,-29611.4,32297.2,6.7,-0.050,83335925,254687669,LOCKED,1.000029611000,135497888095271
4382,-131301919163444,25947,79877,-29511.1,32210.1,6.7,-0.053,83335925,254757562,LOCKED,1.000029511000,135498888115781
4383,-131301919222174,-4352,49578,-29450.7,31782.1,6.7,-0.050,83335925,254712533,LOCKED,1.000029451000,135499888256235
# STATS: PDUs=4197 CSV=4196 Gaps=0 Dups=0 Skip=0 d_min=-53930 ns drift=-29450.7 ns/s sigma=31782.1 ns state=LOCKED clk_err=+0 ns
4384,-131301919305260,-55937,0,-29458.3,31916.1,6.7,-0.066,83335924,254782728,LOCKED,1.000029458000,135500888383696
4385,-131301919328253,-48133,7804,-29443.9,31667.5,6.8,-0.064,83335925,254831916,LOCKED,1.000029444000,135501888526143
4386,-131301919275571,32808,88745,-29440.3,31705.2,6.7,-0.049,83335925,254890619,LOCKED,1.000029440000,135502888695587
4387,-131301919371553,-31392,24545,-29503.2,31984.8,6.6,-0.032,83335925,254993031,LOCKED,1.000029503000,135503888853093
4388,-131301919345648,21305,77242,-29405.4,31772.1,6.6,-0.032,83335925,255108728,LOCKED,1.000029405000,135504888897498
4389,-131301919360416,32896,88833,-29310.4,31954.3,6.6,-0.032,83335925,255183869,LOCKED,1.000029310000,135505888930808
4390,-131301919488390,-62206,0,-29381.8,32923.2,6.6,-0.034,83335925,255150562,LOCKED,1.000029382000,135506889087193
4391,-131301919498540,-41626,20580,-29378.7,32881.1,6.6,-0.031,83335925,255233599,LOCKED,1.000029379000,135507889237575
4392,-131301919505890,-20254,41952,-29312.7,32044.8,7.2,-0.054,83335923,255315449,LOCKED,1.000029313000,135508889394891
4393,-131301919513447,2551,64757,-29368.5,31704.3,7.0,-0.048,83335925,255402219,LOCKED,1.000029369000,135509889542262
4394,-131301919529213,16125,78331,-29394.0,31506.1,7.0,-0.046,83335925,255476063,LOCKED,1.000029394000,135510889571655
4395,-131301919612345,-34269,27937,-29501.3,31636.8,7.1,-0.043,83335925,255482706,LOCKED,1.000029501000,135511889595156
4396,-131301919641518,-30629,31577,-29613.2,31589.9,7.3,-0.032,83335926,255549319,LOCKED,1.000029613000,135512889756773
4397,-131301919643288,-2089,60117,-29644.0,31521.2,7.3,-0.031,83335925,255638514,LOCKED,1.000029644000,135513889777416
4398,-131301919645755,23008,85214,-29580.0,31622.8,7.3,-0.030,83335925,255621499,LOCKED,1.000029580000,135514889815996
4399,-131301919756396,-55513,6693,-29612.3,32117.1,7.3,-0.029,83335925,255705109,LOCKED,1.000029612000,135515889970612
4400,-131301919765926,-34871,27335,-29581.8,31677.7,7.3,-0.028,83335925,255793454,LOCKED,1.000029582000,135516890128197
4401,-131301919770868,-8230,53976,-29666.5,31226.8,7.3,-0.027,83335925,255878313,LOCKED,1.000029666000,135517890266866
4402,-131301919794245,-987,61219,-29711.7,31044.6,7.3,-0.026,83335925,255947045,LOCKED,1.000029712000,135518890417581
4403,-131301919805803,15887,78093,-29675.3,31112.3,7.3,-0.025,83335925,256029185,LOCKED,1.000029675000,135519890560259
4404,-131301919822921,26591,88797,-29628.4,31321.1,7.4,-0.030,83335924,256102588,LOCKED,1.000029628000,135520890707890
4405,-131301919831499,45298,107504,-29588.7,31771.2,7.3,-0.031,83335925,256182599,LOCKED,1.000029589000,135521890715478
4406,-131301919872245,33480,95686,-29612.0,31459.9,7.1,-0.032,83335925,256131393,LOCKED,1.000029612000,135522890879093
4407,-131301919969991,-30640,31566,-29758.3,30912.6,7.1,-0.031,83335925,256228732,LOCKED,1.000029758000,135523891024854
4408,-131301919953051,15285,77491,-29745.8,30962.5,7.1,-0.031,83335925,256340058,LOCKED,1.000029746000,135524891052599
4409,-131301919969860,27491,89697,-29755.7,30860.1,7.1,-0.029,83335926,256412097,LOCKED,1.000029756000,135525891199358
4410,-131301919984606,38854,101060,-29641.1,31100.6,6.9,-0.032,83335925,256491851,LOCKED,1.000029641000,135526891215998
4411,-131301920020927,28641,90847,-29515.1,30787.8,7.1,-0.028,83335926,256442015,LOCKED,1.000029515000,135527891368516
4412,-131301920134694,-50656,11550,-29674.4,31071.3,7.6,-0.019,83335927,256522145,LOCKED,1.000029674000,135528891515193
4413,-131301920147236,-30653,31553,-29764.4,31222.7,7.8,-0.017,83335926,256603719,LOCKED,1.000029764000,135529891656960
4414,-131301920169965,-22321,39885,-29791.0,31354.3,7.9,-0.015,83335926,256672182,LOCKED,1.000029791000,135530891808754
4415,-131301920178755,-2206,60000,-29743.7,31104.8,8.0,-0.013,83335926,256757197,LOCKED,1.000029744000,135531891949501
4416,-131301920195085,9170,71376,-29658.8,30670.0,8.6,-0.009,83335927,256832236,LOCKED,1.000029659000,135532892101163
4417,-131301920204835,25979,88185,-29549.7,30476.6,8.5,-0.013,83335926,256914942,LOCKED,1.000029550000,135533892121712
4418,-131301920314554,-49857,12349,-29679.7,31044.8,8.9,-0.011,83335927,256896152,LOCKED,1.000029680000,135534892151391
4419,-131301920333916,-36401,25805,-29773.3,31350.8,8.9,-0.006,83335926,256968782,LOCKED,1.000029773000,135535892292167
4420,-131301920347121,-17907,44299,-29838.2,31338.1,8.9,-0.001,83335926,257046745,LOCKED,1.000029838000,135536892441008
4421,-131301920353835,5190,67396,-29845.5,31320.1,8.9,0.004,83335926,257134053,LOCKED,1.000029846000,135537892579856
4422,-131301920377773,10254,72460,-29821.1,31347.1,8.9,0.003,83335925,257201765,LOCKED,1.000029821000,135538892734680
4423,-131301920383118,32242,94448,-29752.5,31637.5,8.9,0.002,83335925,257287232,LOCKED,1.000029752000,135539892878435
4424,-131301920418728,24343,86549,-29692.7,31782.0,8.9,0.000,83335925,257362809,LOCKED,1.000029693000,135540893024131
4425,-131301920502282,-27848,34358,-29728.4,31990.1,9.1,-0.001,83335924,257423293,LOCKED,1.000029728000,135541892929855
4426,-131301920470779,31321,93527,-29679.2,32268.6,9.1,-0.003,83335925,257372725,LOCKED,1.000029679000,135542893060537
4427,-131301920532597,-1116,61090,-29662.7,32237.3,8.9,-0.013,83335925,257433274,LOCKED,1.000029663000,135543893214203
4428,-131301920573836,-10087,52119,-29774.0,31440.7,8.7,-0.024,83335925,257556980,LOCKED,1.000029774000,135544893234976
4429,-131301920609425,-13431,48775,-29873.1,30944.8,8.7,-0.027,83335925,257616389,LOCKED,1.000029873000,135545893373852
4430,-131301920627795,-400,61806,-29947.6,30413.2,8.6,-0.020,83335925,257686871,LOCKED,1.000029948000,135546893519803
4431,-131301920643757,13835,76041,-29982.9,30119.4,8.6,-0.011,83335925,257766436,LOCKED,1.000029983000,135547893659789
4432,-131301920715183,-25459,36747,-30046.2,30282.8,8.6,-0.004,83335926,257838827,LOCKED,1.000030046000,135548893710835
4433,-131301920766253,-43520,18686,-30119.3,30853.1,8.6,0.003,83335926,257827484,LOCKED,1.000030119000,135549893854957
4434,-131301920788439,-33532,28674,-30164.5,31169.5,8.6,-0.003,83335925,257896818,LOCKED,1.000030164000,135550894018125
4435,-131301920779625,4182,66388,-30109.3,30953.3,8.6,-0.009,83335925,257997387,LOCKED,1.000030109000,135551894185238
4436,-131301920779358,30968,93174,-29984.3,30754.8,8.7,0.001,83335926,258089024,LOCKED,1.000029984000,135552894341226
4437,-131301920790348,45258,107464,-29828.4,30797.2,8.7,0.010,83335926,258169855,LOCKED,1.000029828000,135553894365054
4438,-131301920886640,-19640,42566,-29872.7,30903.1,8.7,0.003,83335925,258169182,LOCKED,1.000029873000,135554894402926
4439,-131301920899228,-2495,59711,-29861.6,30882.0,8.6,-0.006,83335926,258247231,LOCKED,1.000029862000,135555894564791
4440,-131301920895211,29081,91287,-29796.9,31115.2,8.6,-0.014,83335925,258341712,LOCKED,1.000029797000,135556894726591
4441,-131301920908544,41296,103502,-29656.8,31178.3,8.6,-0.023,83335925,258426201,LOCKED,1.000029657000,135557894747247
4442,-131301920931510,43645,105851,-29516.0,31344.1,8.7,-0.047,83335924,258386890,LOCKED,1.000029516000,135558894907766
4443,-131301921036672,-30305,31901,-29548.9,31574.2,8.8,-0.059,83335924,258479008,LOCKED,1.000029549000,135559895054318
# STATS: PDUs=4257 CSV=4256 Gaps=0 Dups=0 Skip=0 d_min=-62206 ns drift=-29548.9 ns/s sigma=31574.2 ns state=LOCKED clk_err=+0 ns
4444,-131301921058569,-19771,42435,-29657.7,31163.7,8.8,-0.067,83335924,258548629,LOCKED,1.000029658000,135560895181978
4445,-131301921092371,-21052,41154,-29763.4,30837.2,8.8,-0.066,83335925,258611375,LOCKED,1.000029763000,135561895316744
4446,-131301921104105,-4149,58057,-29701.1,30367.3,8.9,-0.075,83335924,258687362,LOCKED,1.000029701000,135562895453448
4447,-131301921125859,4350,66556,-29735.5,30198.3,9.0,-0.083,83335924,258757836,LOCKED,1.000029735000,135563895465182
4448,-131301921126147,30594,92800,-29628.9,30206.2,9.1,-0.090,83335924,258741914,LOCKED,1.000029629000,135564895483810
4449,-131301921155528,27229,89435,-29496.6,29718.8,9.2,-0.097,83335924,258805650,LOCKED,1.000029497000,135565895638310
4450,-131301921270478,-52907,9299,-29669.9,29931.9,9.2,-0.102,83335924,258889385,LOCKED,1.000029670000,135566895776983
4451,-131301921289439,-38405,23801,-29792.5,30080.3,9.6,-0.115,83335923,258959571,LOCKED,1.000029792000,135567895924779
4452,-131301921299621,-17152,45054,-29844.7,30121.7,9.1,-0.120,83335924,259042588,LOCKED,1.000029845000,135568896068627
4453,-131301921310388,1528,63734,-29827.6,30101.9,9.2,-0.125,83335924,259125683,LOCKED,1.000029828000,135569896216458
4454,-131301921323285,16496,78702,-29758.6,30024.9,9.2,-0.129,83335924,259202647,LOCKED,1.000029759000,135570896243216
4455,-131301921381498,-10237,51969,-29826.2,29810.0,9.3,-0.133,83335924,259238200,LOCKED,1.000029826000,135571896268042
4456,-131301921395643,6090,68296,-29868.1,29541.8,9.3,-0.135,83335924,259312696,LOCKED,1.000029868000,135572896403913
4457,-131301921412613,17879,80085,-29843.4,29637.0,9.3,-0.139,83335924,259390979,LOCKED,1.000029843000,135573896436756
4458,-131301921476542,-15952,46254,-29829.3,29537.1,9.4,-0.142,83335924,259416931,LOCKED,1.000029829000,135574896457585
4459,-131301921509102,-15610,46596,-29954.4,28629.5,9.7,-0.149,83335923,259477945,LOCKED,1.000029954000,135575896610543
4460,-131301921512700,11373,73579,-30004.2,28158.6,9.7,-0.148,83335925,259566118,LOCKED,1.000030004000,135576896754550
4461,-131301921521039,31458,93664,-29978.9,28386.6,9.8,-0.151,83335924,259649618,LOCKED,1.000029979000,135577896910532
4462,-131301921523201,55770,117976,-29899.5,29344.9,9.8,-0.154,83335924,259742261,LOCKED,1.000029900000,135578896911430
4463,-131301921572066,34108,96314,-29823.8,29682.5,10.2,-0.160,83335923,259677468,LOCKED,1.000029824000,135579897073257
4464,-131301921676072,-38257,23949,-29849.4,29962.0,10.0,-0.166,83335924,259767862,LOCKED,1.000029849000,135580897212109
4465,-131301921697010,-28944,33262,-29820.9,29588.7,10.3,-0.171,83335923,259840622,LOCKED,1.000029821000,135581897372933
4466,-131301921696396,181,62387,-29756.8,29173.1,10.6,-0.176,83335923,259933494,LOCKED,1.000029757000,135582897510692
4467,-131301921711510,14829,77035,-29781.7,28975.0,10.9,-0.180,83335923,260010123,LOCKED,1.000029782000,135583897543473
4468,-131301921805465,-46675,15531,-29835.2,29578.8,11.2,-0.184,83335923,260009812,LOCKED,1.000029835000,135584897559307
4469,-131301921733022,51032,113238,-29695.5,30129.5,11.4,-0.184,83335923,260067197,LOCKED,1.000029695000,135585897709006
4470,-131301921848796,-34348,27858,-29672.6,29800.8,11.4,-0.186,83335924,260150694,LOCKED,1.000029673000,135586897849681
4471,-131301921862546,-18655,43551,-29630.2,29337.0,11.4,-0.181,83335925,260226863,LOCKED,1.000029630000,135587898001314
4472,-131301921869705,4867,67073,-29690.0,28863.0,11.1,-0.172,83335924,260312309,LOCKED,1.000029690000,135588898136007
4473,-131301921896862,7731,69937,-29719.1,28691.9,11.0,-0.168,83335924,260375498,LOCKED,1.000029719000,135589898287729
4474,-131301921906424,26702,88908,-29705.3,28807.2,11.0,-0.163,83335924,260462645,LOCKED,1.000029705000,135590898430437
4475,-131301921937410,23709,85915,-29660.6,28985.6,10.9,-0.157,83335924,260535814,LOCKED,1.000029661000,135591898567100
4476,-131301921988748,1365,63571,-29630.1,28904.0,10.5,-0.143,83335924,260593934,LOCKED,1.000029630000,135592898605730
4477,-131301922071433,-49566,12640,-29651.9,29246.5,10.4,-0.136,83335924,260568760,LOCKED,1.000029652000,135593898751385
4478,-131301922065425,-11597,50609,-29746.2,28724.1,10.0,-0.119,83335924,260681775,LOCKED,1.000029746000,135594898774130
4479,-131301922075146,9051,71257,-29791.9,28352.3,9.8,-0.108,83335924,260752839,LOCKED,1.000029792000,135595898918925
4480,-131301922097324,16269,78475,-29799.5,28299.7,9.9,-0.095,83335923,260826468,LOCKED,1.000029800000,135596899056727
4481,-131301922168129,-23181,39025,-29837.4,28473.4,9.9,-0.080,83335923,260896675,LOCKED,1.000029837000,135597899217568
4482,-131301922116059,54682,116888,-29729.7,29411.4,10.1,-0.073,83335923,260986120,LOCKED,1.000029730000,135598899253297
4483,-131301922241829,-39788,22418,-29740.6,29554.0,10.3,-0.064,83335923,260954789,LOCKED,1.000029741000,135599899419041
4484,-131301922246207,-14441,47765,-29715.7,29362.9,10.4,-0.054,83335923,261042588,LOCKED,1.000029716000,135600899450756
4485,-131301922293720,-29351,32855,-29808.8,29456.2,11.0,-0.051,83335922,261088402,LOCKED,1.000029809000,135601899491565
4486,-131301922340900,-44846,17360,-29826.3,29704.1,11.7,-0.096,83335921,261166848,LOCKED,1.000029826000,135602899647395
4487,-131301922304469,19895,82101,-29784.9,29822.4,11.9,-0.115,83335922,261258545,LOCKED,1.000029785000,135603899691180
4488,-131301922397189,-40015,22191,-29866.9,30299.4,12.0,-0.131,83335922,261261437,LOCKED,1.000029867000,135604899848050
4489,-131301922398014,-9780,52426,-29909.3,30265.4,12.1,-0.146,83335922,261350519,LOCKED,1.000029909000,135605900004963
4490,-131301922408952,8734,70940,-29901.4,30283.3,12.1,-0.144,83335923,261432297,LOCKED,1.000029901000,135606900166868
4491,-131301922409074,35684,97890,-29821.7,30639.9,12.2,-0.156,83335922,261525078,LOCKED,1.000029822000,135607900192689
4492,-131301922436472,36627,98833,-29810.0,30774.2,12.1,-0.135,83335923,261483333,LOCKED,1.000029810000,135608900361503
4493,-131301922528810,-22486,39720,-29940.5,30110.2,12.0,-0.125,83335922,261587493,LOCKED,1.000029940000,135609900513447
4494,-131301922537328,626,62832,-30024.6,29378.1,11.9,-0.145,83335922,261673721,LOCKED,1.000030025000,135610900668475
4495,-131301922538266,28218,90424,-29998.1,29573.4,11.8,-0.161,83335922,261763197,LOCKED,1.000029998000,135611900807476
4496,-131301922560476,33090,95296,-29909.9,29821.1,11.1,-0.166,83335923,261835471,LOCKED,1.000029910000,135612900955389
4497,-131301922579798,39553,101759,-29772.9,29845.6,10.3,-0.169,83335923,261906276,LOCKED,1.000029773000,135613900976161
4498,-131301922690533,-37920,24286,-29881.3,30112.3,10.0,-0.170,83335923,261890322,LOCKED,1.000029881000,135614900997042
4499,-131301922711302,-26614,35592,-29944.8,30300.3,9.3,-0.162,83335924,261959144,LOCKED,1.000029945000,135615901139990
4500,-131301922728848,-14049,48157,-29929.6,30202.9,9.2,-0.153,83335924,262034347,LOCKED,1.000029930000,135616901280922
4501,-131301922758998,-14688,47518,-29884.5,29767.1,8.8,-0.153,83335923,262099160,LOCKED,1.000029885000,135617901431810
4502,-131301922772791,-342,61864,-29798.1,28994.7,8.8,-0.152,83335923,262174640,LOCKED,1.000029798000,135618901573611
4503,-131301922791557,10739,72945,-29818.4,28872.8,8.7,-0.151,83335923,262245285,LOCKED,1.000029818000,135619901715432
# STATS: PDUs=4317 CSV=4316 Gaps=0 Dups=0 Skip=0 d_min=-62206 ns drift=-29818.4 ns/s sigma=28872.8 ns state=LOCKED clk_err=+0 ns
4504,-131301922814079,17381,79587,-29815.2,28892.0,8.7,-0.150,83335923,262317430,LOCKED,1.000029815000,135620901856250
4505,-131301922849484,11691,73897,-29829.8,28807.7,8.3,-0.148,83335923,262378238,LOCKED,1.000029830000,135621902024083
4506,-131301922840818,47020,109226,-29752.4,29504.3,8.3,-0.152,83335922,262482476,LOCKED,1.000029752000,135622902039834
4507,-131301922878160,36646,98852,-29676.6,29907.6,8.3,-0.151,83335923,262426317,LOCKED,1.000029677000,135623902192514
4508,-131301922945492,-2201,60005,-29614.3,29466.8,8.3,-0.154,83335922,262552807,LOCKED,1.000029614000,135624902216128
4509,-131301922980480,-8433,53773,-29558.0,28971.1,8.4,-0.157,83335922,262610771,LOCKED,1.000029558000,135625902368689
4510,-131301922993014,9444,64957,-29615.7,28423.4,8.4,-0.160,83335922,262688144,LOCKED,1.000029616000,135626902527308
4511,-131301923003348,28001,83514,-29626.8,28295.6,8.5,-0.164,83335922,262771867,LOCKED,1.000029627000,135627902669938
4512,-131301923009918,48279,103792,-29570.6,28961.3,8.4,-0.161,83335923,262855337,LOCKED,1.000029571000,135628902671507
4513,-131301923061648,24317,79830,-29522.5,29145.8,8.8,-0.166,83335921,262792380,LOCKED,1.000029522000,135629902830033
4514,-131301923162221,-44390,11123,-29563.7,29627.6,8.8,-0.167,83335922,262887889,LOCKED,1.000029564000,135630902976600
4515,-131301923187940,-37645,17868,-29643.6,30046.1,8.8,-0.168,83335922,262955599,LOCKED,1.000029644000,135631903011243
4516,-131301923192321,-11766,43747,-29654.3,30078.7,8.8,-0.165,83335923,263039991,LOCKED,1.000029654000,135632903154900
4517,-131301923207459,1960,57473,-29618.7,29976.6,8.7,-0.162,83335923,263116327,LOCKED,1.000029619000,135633903181518
4518,-131301923195807,40907,96420,-29572.6,30422.2,8.9,-0.156,83335924,263113796,LOCKED,1.000029573000,135634903189089
4519,-131301923231964,32663,88176,-29545.5,30655.3,9.1,-0.155,83335924,263169549,LOCKED,1.000029545000,135635903317637
4520,-131301923269305,22959,78472,-29489.9,30790.5,8.7,-0.148,83335923,263225296,LOCKED,1.000029490000,135636903582133
4521,-131301923278451,39443,94956,-29365.8,30962.1,8.8,-0.143,83335924,263412831,LOCKED,1.000029366000,135637903593498
4522,-131301923324801,18928,74441,-29223.7,29901.9,8.9,-0.138,83335924,263356038,LOCKED,1.000029224000,135638903742725
4523,-131301923438111,-62503,0,-29250.1,30407.5,9.1,-0.139,83335924,263434925,LOCKED,1.000029250000,135639903878978
4524,-131301923465469,-55796,6707,-29393.9,31134.4,9.1,-0.135,83335923,263502996,LOCKED,1.000029394000,135640904013374
4525,-131301923489690,-46612,15891,-29513.4,31635.9,9.2,-0.137,83335924,263567474,LOCKED,1.000029513000,135641904168891
4526,-131301923496836,-22848,39655,-29544.1,31779.2,9.3,-0.139,83335924,263651824,LOCKED,1.000029544000,135642904331438
4527,-131301923498378,4173,66676,-29502.8,31675.1,9.4,-0.142,83335924,263743483,LOCKED,1.000029503000,135643904380941
4528,-131301923577910,-41422,21081,-29651.8,31621.8,9.4,-0.146,83335923,263758673,LOCKED,1.000029652000,135644904423593
4529,-131301923585282,-19698,42805,-29591.6,30875.5,9.4,-0.151,83335924,263842323,LOCKED,1.000029592000,135645904583188
4530,-131301923587844,7826,70329,-29629.0,30639.7,9.5,-0.149,83335924,263931733,LOCKED,1.000029629000,135646904741820
4531,-131301923592014,31620,94123,-29599.8,30872.2,9.4,-0.137,83335924,264018238,LOCKED,1.000029600000,135647904895423
4532,-131301923607184,42804,105307,-29511.5,31397.9,9.4,-0.135,83335924,264096101,LOCKED,1.000029512000,135648904904933
4533,-131301923650281,26920,89423,-29443.4,31568.3,9.4,-0.131,83335923,264039506,LOCKED,1.000029443000,135649905085380
4534,-131301923739455,-31798,30705,-29440.2,31533.5,9.5,-0.128,83335924,264144926,LOCKED,1.000029440000,135650905225823
4535,-131301923764617,-26839,35664,-29428.9,31420.1,9.6,-0.125,83335924,264211910,LOCKED,1.000029429000,135651905377255
4536,-131301923778995,-11446,51057,-29426.6,31411.0,9.6,-0.120,83335923,264291532,LOCKED,1.000029427000,135652905514684
4537,-131301923796748,1548,64051,-29494.1,30937.2,9.5,-0.113,83335923,264361364,LOCKED,1.000029494000,135653905540178
4538,-131301923800448,25807,88310,-29461.7,31119.4,9.6,-0.091,83335923,264346811,LOCKED,1.000029462000,135654905681642
4539,-131301923819844,33111,95614,-29381.0,31393.9,9.8,-0.053,83335924,264521556,LOCKED,1.000029381000,135655905717023
4540,-131301923844862,34298,96801,-29282.1,31594.7,9.9,-0.067,83335922,264484142,LOCKED,1.000029282000,135656905859308
4541,-131301923968179,-55298,7205,-29408.1,32396.4,9.9,-0.065,83335923,264558653,LOCKED,1.000029408000,135657906016719
4542,-131301923981289,-38522,23981,-29367.4,31726.8,10.1,-0.049,83335924,264639085,LOCKED,1.000029367000,135658906154089
4543,-131301924001227,-26143,36360,-29468.9,31632.5,10.1,-0.050,83335923,264708232,LOCKED,1.000029469000,135659906307561
4544,-131301924014997,-9439,53064,-29502.6,31630.6,10.1,-0.065,83335922,264786148,LOCKED,1.000029503000,135660906453067
4545,-131301924032391,3457,65960,-29547.1,31391.1,10.1,-0.119,83335921,264862295,LOCKED,1.000029547000,135661906483614
4546,-131301924053156,13054,75557,-29609.0,30748.5,9.7,-0.104,83335923,264932418,LOCKED,1.000029609000,135662906624226
4547,-131301924073306,20555,83058,-29546.9,30809.3,9.7,-0.095,83335923,265001815,LOCKED,1.000029547000,135663906646772
4548,-131301924176417,-48009,14494,-29712.8,30849.3,9.6,-0.088,83335923,264990734,LOCKED,1.000029713000,135664906661484
4549,-131301924114214,41807,104310,-29679.2,31216.0,9.5,-0.082,83335923,265040589,LOCKED,1.000029679000,135665906815166
4550,-131301924228896,-40253,22250,-29756.8,31686.3,9.5,-0.079,83335923,265123901,LOCKED,1.000029757000,135666906955926
4551,-131301924249289,-29678,32825,-29766.9,31776.0,9.4,-0.075,83335923,265194920,LOCKED,1.000029767000,135667907111696
4552,-131301924250243,-1705,60798,-29722.8,31566.4,9.4,-0.072,83335923,265283352,LOCKED,1.000029723000,135668907261422
4553,-131301924265377,13177,75680,-29759.1,31279.8,9.6,-0.086,83335921,265362946,LOCKED,1.000029759000,135669907405184
4554,-131301924280950,26069,88572,-29739.0,31417.3,9.6,-0.091,83335922,265438614,LOCKED,1.000029739000,135670907537926
4555,-131301924306881,27462,89965,-29666.0,31579.4,9.5,-0.095,83335922,265503046,LOCKED,1.000029666000,135671907563591
4556,-131301924334850,26477,88980,-29578.2,31621.9,9.5,-0.093,83335923,265462723,LOCKED,1.000029578000,135672907695172
4557,-131301924364953,23051,85554,-29474.0,31389.3,9.5,-0.092,83335923,265523363,LOCKED,1.000029474000,135673907852649
4558,-131301924463276,-41437,21066,-29619.4,31387.9,9.5,-0.090,83335923,265620882,LOCKED,1.000029619000,135674907879268
4559,-131301924495864,-40284,22219,-29754.9,31462.3,9.4,-0.088,83335923,265682627,LOCKED,1.000029755000,135675908023026
4560,-131301924513246,-25136,37367,-29849.5,31404.2,9.3,-0.085,83335923,265757965,LOCKED,1.000029849000,135676908165878
4561,-131301924527148,-7524,54979,-29918.8,31118.7,9.4,-0.089,83335922,265834901,LOCKED,1.000029919000,135677908303800
4562,-131301924566557,-15296,47207,-29977.8,31088.0,9.4,-0.088,83335923,265903838,LOCKED,1.000029978000,135678908456781
4563,-131301924563947,16467,78970,-29964.7,31144.4,9.4,-0.087,83335923,265984628,LOCKED,1.000029965000,135679908612749
# STATS: PDUs=4377 CSV=4376 Gaps=0 Dups=0 Skip=0 d_min=-62503 ns drift=-29964.7 ns/s sigma=31144.4 ns state=LOCKED clk_err=+0 ns
4564,-131301924578309,30037,92540,-29914.8,31409.6,9.4,-0.086,83335923,266059650,LOCKED,1.000029915000,135680908765667
4565,-131301924600030,35949,98452,-29862.5,31775.9,9.4,-0.085,83335923,266133647,LOCKED,1.000029863000,135681908791529
4566,-131301924626596,35584,98087,-29741.8,31822.0,9.3,-0.091,83335922,266091686,LOCKED,1.000029742000,135682908957274
4567,-131301924730330,-36886,25617,-29755.2,31967.9,9.3,-0.091,83335923,266182510,LOCKED,1.000029755000,135683909110032
4568,-131301924699873,22063,84566,-29729.8,32091.4,9.2,-0.094,83335923,266305563,LOCKED,1.000029730000,135684909128761
4569,-131301924731070,19676,82179,-29717.4,32157.0,9.0,-0.098,83335923,266367097,LOCKED,1.000029717000,135685909286482
4570,-131301924737824,39720,102223,-29640.0,32600.7,8.9,-0.104,83335922,266454203,LOCKED,1.000029640000,135686909310121
4571,-131301924868222,-57917,4586,-29697.0,33357.6,8.6,-0.109,83335923,266412886,LOCKED,1.000029697000,135687909469821
4572,-131301924872748,-32225,30278,-29668.8,32998.8,8.8,-0.108,83335924,266502277,LOCKED,1.000029669000,135688909614493
4573,-131301924878518,-8732,53771,-29634.3,32793.9,8.0,-0.118,83335923,266586820,LOCKED,1.000029634000,135689909764130
4574,-131301924898656,2077,64580,-29702.3,32322.3,7.7,-0.125,83335923,266662882,LOCKED,1.000029702000,135690909899835
4575,-131301924942582,-10036,52467,-29789.4,31899.9,7.3,-0.133,83335923,266708910,LOCKED,1.000029789000,135691909930624
4576,-131301924969326,-5957,56546,-29830.3,31823.1,7.5,-0.136,83335922,266771888,LOCKED,1.000029830000,135692910068457
4577,-131301924989732,3377,65880,-29831.5,31821.5,7.4,-0.139,83335923,266844129,LOCKED,1.000029832000,135693910084288
4578,-131301924994639,25220,87723,-29722.0,31603.2,7.4,-0.136,83335923,266827252,LOCKED,1.000029722000,135694910226013
4579,-131301925001840,43493,105996,-29585.6,31811.3,7.3,-0.133,83335923,267012431,LOCKED,1.000029586000,135695910256598
4580,-131301925128574,-51182,11321,-29621.9,32297.6,7.3,-0.137,83335923,266982677,LOCKED,1.000029622000,135696910395223
4581,-131301925149708,-41626,20877,-29605.1,32041.5,7.4,-0.133,83335922,267051147,LOCKED,1.000029605000,135697910549831
4582,-131301925164898,-26661,35842,-29587.7,31860.4,7.4,-0.129,83335923,267130571,LOCKED,1.000029588000,135698910690421
4583,-131301925178044,-8037,54466,-29681.6,31273.3,7.4,-0.125,83335923,267203780,LOCKED,1.000029682000,135699910854106
4584,-131301925185178,15123,77626,-29736.9,30693.1,7.3,-0.130,83335923,267296179,LOCKED,1.000029737000,135700910999846
4585,-131301925189556,39312,101815,-29744.9,30579.0,7.3,-0.125,83335923,267379131,LOCKED,1.000029745000,135701911025590
4586,-131301925209914,46296,108799,-29703.9,31063.1,7.4,-0.117,83335922,267345297,LOCKED,1.000029704000,135702911169297
4587,-131301925329507,-40935,21568,-29766.4,31548.3,7.5,-0.108,83335922,267424640,LOCKED,1.000029766000,135703911310066
4588,-131301925301799,16982,79485,-29816.5,31021.7,7.5,-0.113,83335923,267541766,LOCKED,1.000029817000,135704911336882
4589,-131301925322976,24812,87315,-29818.0,31008.8,7.6,-0.089,83335923,267614581,LOCKED,1.000029818000,135705911486703
4590,-131301925326722,47552,110055,-29733.4,31673.9,7.6,-0.068,83335923,267698044,LOCKED,1.000029733000,135706911507436
4591,-131301925355944,44005,106508,-29607.2,32007.8,7.5,-0.049,83335923,267657433,LOCKED,1.000029607000,135707911660046
4592,-131301925465050,-34717,27786,-29587.5,31746.0,7.4,-0.030,83335923,267748511,LOCKED,1.000029588000,135708911804636
4593,-131301925473372,-13723,48780,-29551.3,31455.9,7.4,-0.025,83335923,267829425,LOCKED,1.000029551000,135709911956190
4594,-131301925482354,7179,69682,-29579.6,31311.1,7.2,-0.005,83335923,267911570,LOCKED,1.000029580000,135710912094772
4595,-131301925503284,15475,77978,-29588.1,31260.5,7.0,0.016,83335923,267985505,LOCKED,1.000029588000,135711912248363
4596,-131301925509634,36393,98896,-29534.6,31638.5,7.1,0.010,83335922,268068714,LOCKED,1.000029535000,135712912268897
4597,-131301925638648,-59208,3295,-29626.6,32631.3,7.2,0.005,83335922,268030267,LOCKED,1.000029627000,135713912424527
4598,-131301925600516,6960,69463,-29560.0,32372.0,7.3,-0.005,83335922,268161024,LOCKED,1.000029560000,135714912451086
4599,-131301925629509,5585,68088,-29473.8,31835.3,7.1,-0.017,83335922,268226709,LOCKED,1.000029474000,135715912596563
4600,-131301925645070,16521,79024,-29354.9,31145.3,7.0,-0.022,83335922,268301584,LOCKED,1.000029355000,135716912736921
4601,-131301925668632,22147,84650,-29383.7,30849.7,7.1,-0.029,83335922,268374197,LOCKED,1.000029384000,135717912871307
4602,-131301925744790,-22221,40282,-29465.0,30823.0,7.1,-0.017,83335924,268433642,LOCKED,1.000029465000,135718912909772
4603,-131301925805760,-49663,12840,-29582.0,31466.6,7.4,-0.006,83335924,268398663,LOCKED,1.000029582000,135719913052357
4604,-131301925847074,-57261,5242,-29689.8,32408.0,7.3,-0.003,83335923,268465235,LOCKED,1.000029690000,135720913210050
4605,-131301925862064,-39985,22518,-29749.9,32850.5,6.8,-0.001,83335923,268543319,LOCKED,1.000029750000,135721913251800
4606,-131301925868433,-15980,46523,-29754.0,32869.7,6.9,-0.006,83335922,268627904,LOCKED,1.000029754000,135722913405557
4607,-131301925875166,5794,68297,-29702.3,32721.7,6.9,-0.004,83335923,268713940,LOCKED,1.000029702000,135723913437259
4608,-131301925970074,-53952,8551,-29880.9,32895.1,7.0,-0.009,83335922,268711553,LOCKED,1.000029881000,135724913474140
4609,-131301925990630,-43023,19480,-29888.0,32988.8,7.1,-0.012,83335922,268783940,LOCKED,1.000029888000,135725913621031
4610,-131301926012856,-31572,30931,-30021.7,32708.2,7.1,-0.016,83335922,268868173,LOCKED,1.000030022000,135726913770056
4611,-131301926002410,9627,72130,-30073.7,32296.7,7.2,-0.019,83335922,268957697,LOCKED,1.000030074000,135727913923133
4612,-131301926004188,35875,98378,-30032.8,32617.5,7.2,-0.021,83335922,269046422,LOCKED,1.000030033000,135728913965166
4613,-131301926013554,52773,115276,-29935.5,33393.4,6.8,-0.027,83335922,269024545,LOCKED,1.000029935000,135729914117105
4614,-131301926132460,-34483,28020,-29962.3,33619.3,6.7,-0.027,83335923,269104199,LOCKED,1.000029962000,135730914275071
4615,-131301926130230,-2919,59584,-29926.5,33472.2,6.7,-0.031,83335922,269198215,LOCKED,1.000029927000,135731914434001
4616,-131301926130368,24229,86732,-29837.1,33436.1,6.7,-0.029,83335923,269291405,LOCKED,1.000029837000,135732914576841
4617,-131301926140294,40295,102798,-29715.1,33647.2,6.7,-0.027,83335923,269373321,LOCKED,1.000029715000,135733914596555
4618,-131301926243234,-29593,32910,-29829.9,33534.2,6.7,-0.025,83335923,269363488,LOCKED,1.000029830000,135734914617384
4619,-131301926278575,-31415,31088,-29959.0,33315.4,6.7,-0.023,83335923,269418479,LOCKED,1.000029959000,135735914777346
4620,-131301926281332,-2817,59686,-30022.9,33002.5,6.7,-0.022,83335923,269509410,LOCKED,1.000030023000,135736914906371
4621,-131301926304306,4623,67126,-30049.9,32896.7,6.7,-0.024,83335923,269575694,LOCKED,1.000030050000,135737915059424
4622,-131301926307292,30645,93148,-30049.7,32898.0,6.7,-0.022,83335923,269665758,LOCKED,1.000030050000,135738915198477
4623,-131301926317626,47051,109554,-29965.4,33512.4,6.7,-0.022,83335922,269744851,LOCKED,1.000029965000,135739915223442
# STATS: PDUs=4437 CSV=4436 Gaps=0 Dups=0 Skip=0 d_min=-62503 ns drift=-29965.4 ns/s sigma=33512.4 ns state=LOCKED clk_err=+0 ns
4624,-131301926358760,32935,95438,-29875.4,33717.0,6.8,-0.022,83335922,269693931,LOCKED,1.000029875000,135740915475323
4625,-131301926373742,43751,106254,-29747.8,34008.9,6.8,-0.021,83335923,269876980,LOCKED,1.000029748000,135741915502070
4626,-131301926497268,-47967,14536,-29769.1,34284.5,6.8,-0.025,83335922,269847195,LOCKED,1.000029769000,135742915649842
4627,-131301926505254,-23234,39269,-29875.5,34052.6,6.8,-0.024,83335923,269931784,LOCKED,1.000029875000,135743915787720
4628,-131301926499538,10904,73407,-29822.2,33981.8,6.8,-0.022,83335923,270026661,LOCKED,1.000029822000,135744915817542
4629,-131301926517519,20604,83107,-29751.2,33989.9,6.8,-0.020,83335923,270102021,LOCKED,1.000029751000,135745915964296
4630,-131301926531712,32311,94814,-29615.7,33723.3,6.7,-0.025,83335923,270178964,LOCKED,1.000029616000,135746915978911
4631,-131301926567802,25874,88377,-29660.7,33176.1,7.0,-0.024,83335924,270129069,LOCKED,1.000029661000,135747916122575
4632,-131301926581568,40021,102524,-29641.4,33386.0,7.7,-0.015,83335925,270204926,LOCKED,1.000029641000,135748916274220
4633,-131301926688539,-34690,27813,-29712.4,33707.6,7.9,-0.014,83335924,270295829,LOCKED,1.000029712000,135749916422935
4634,-131301926707656,-22600,39903,-29748.2,33845.8,8.1,-0.014,83335924,270370281,LOCKED,1.000029748000,135750916566686
4635,-131301926718991,-3492,59011,-29776.5,33805.3,8.1,-0.013,83335923,270446088,LOCKED,1.000029777000,135751916591462
4636,-131301926745187,437,62940,-29794.4,33774.5,8.2,-0.023,83335924,270516635,LOCKED,1.000029794000,135752916740259
4637,-131301926764125,10625,73128,-29779.3,33804.2,8.2,-0.023,83335923,270590865,LOCKED,1.000029779000,135753916759037
4638,-131301926863417,-55829,6674,-29836.6,34501.2,8.3,-0.022,83335923,270581332,LOCKED,1.000029837000,135754916794873
4639,-131301926876170,-37739,24764,-29823.2,34330.8,8.5,-0.024,83335924,270663063,LOCKED,1.000029823000,135755916933699
4640,-131301926896528,-24778,37725,-29953.8,33828.3,8.6,-0.028,83335924,270731553,LOCKED,1.000029954000,135756917086656
4641,-131301926907869,-4257,58246,-30040.6,33271.1,8.8,-0.015,83335924,270812773,LOCKED,1.000030041000,135757917227699
4642,-131301926933451,1311,63814,-30097.3,32955.7,8.9,0.007,83335924,270882022,LOCKED,1.000030097000,135758917377799
4643,-131301926952345,12334,71542,-30109.0,32897.0,9.1,0.027,83335924,270955194,LOCKED,1.000030109000,135759917525911
4644,-131301926982330,11546,70754,-30083.4,32931.7,9.2,0.045,83335924,271018726,LOCKED,1.000030083000,135760917678998
4645,-131301926979660,40439,99647,-29960.9,33146.9,9.2,0.063,83335924,271111672,LOCKED,1.000029961000,135761917823962
4646,-131301927010446,35621,94829,-29824.0,32997.3,9.2,0.064,83335924,271190343,LOCKED,1.000029824000,135762917849785
4647,-131301927077860,-406,58802,-29900.2,32475.3,9.2,0.050,83335923,271143159,LOCKED,1.000029900000,135763917988688
4648,-131301927116719,-9140,50068,-29896.0,32461.1,9.2,0.054,83335923,271248890,LOCKED,1.000029896000,135764918011583
4649,-131301927140488,-3509,55699,-29865.8,32342.2,9.2,0.051,83335923,271320828,LOCKED,1.000029866000,135765918168452
4650,-131301927146670,17257,76465,-29751.0,31760.2,9.2,0.048,83335923,271408297,LOCKED,1.000029751000,135766918306206
4651,-131301927186820,4656,63864,-29650.5,30950.7,9.2,0.046,83335923,271472381,LOCKED,1.000029651000,135767918442859
4652,-131301927254994,-30900,28308,-29744.9,31077.9,9.2,0.044,83335923,271540187,LOCKED,1.000029745000,135768918597607
4653,-131301927203959,46778,105986,-29670.3,31715.3,9.4,0.032,83335922,271626151,LOCKED,1.000029670000,135769918632277
4654,-131301927334281,-50965,8243,-29728.4,32371.2,9.4,0.032,83335923,271586615,LOCKED,1.000029728000,135770918786009
4655,-131301927341039,-27043,32165,-29730.1,32386.1,9.4,0.031,83335923,271671016,LOCKED,1.000029730000,135771918942742
4656,-131301927344177,-2098,57110,-29645.7,31659.3,9.3,0.031,83335923,271762213,LOCKED,1.000029646000,135772919103391
4657,-131301927344747,26746,85954,-29678.8,31257.9,9.1,0.030,83335923,271847737,LOCKED,1.000029679000,135773919122069
4658,-131301927356238,41347,100555,-29571.4,31642.7,9.0,0.029,83335923,271825743,LOCKED,1.000029571000,135774919170640
4659,-131301927464855,-36026,23182,-29593.6,31861.0,8.8,0.028,83335923,271914414,LOCKED,1.000029594000,135775919330237
4660,-131301927469228,-11361,47847,-29547.3,31484.0,8.7,0.027,83335923,272005060,LOCKED,1.000029547000,135776919481787
4661,-131301927482954,2639,61847,-29462.1,30861.7,8.5,0.025,83335923,272079901,LOCKED,1.000029462000,135777919620252
4662,-131301927505500,8849,68057,-29442.2,30883.2,8.6,0.020,83335922,272148214,LOCKED,1.000029442000,135778919773697
4663,-131301927511706,30949,90157,-29437.9,30926.7,8.4,0.021,83335923,272236768,LOCKED,1.000029438000,135779919911138
4664,-131301927539012,32305,91513,-29453.6,30729.8,8.6,0.025,83335924,272299827,LOCKED,1.000029454000,135780920068595
4665,-131301927560974,38159,97367,-29436.7,30922.3,8.6,0.025,83335923,272370062,LOCKED,1.000029437000,135781920084031
4666,-131301927588174,37971,97179,-29380.7,31338.4,8.4,0.022,83335923,272431275,LOCKED,1.000029381000,135782920119411
4667,-131301927718916,-59852,0,-29454.9,32287.7,8.4,0.022,83335923,272393712,LOCKED,1.000029455000,135783920262869
4668,-131301927701795,-10785,49067,-29559.5,31632.8,8.3,0.019,83335923,272506713,LOCKED,1.000029559000,135784920294428
4669,-131301927719396,2552,62404,-29631.5,31075.0,8.1,0.016,83335923,272578417,LOCKED,1.000029632000,135785920431062
4670,-131301927744550,7878,67730,-29686.4,30635.1,8.0,0.015,83335924,272642873,LOCKED,1.000029686000,135786920585752
4671,-131301927751512,28661,88513,-29638.7,30880.7,7.9,0.011,83335923,272725374,LOCKED,1.000029639000,135787920726394
4672,-131301927775250,31404,91256,-29535.8,30952.5,7.8,0.010,83335924,272798724,LOCKED,1.000029536000,135788920739929
4673,-131301927813788,19262,79114,-29413.5,30296.7,7.6,0.005,83335923,272742929,LOCKED,1.000029413000,135789920995349
4674,-131301927830157,31366,91218,-29419.5,30227.4,7.7,0.006,83335924,272924339,LOCKED,1.000029420000,135790921005767
4675,-131301927874271,15736,75588,-29399.7,30296.8,7.4,0.001,83335923,272864448,LOCKED,1.000029400000,135791921146169
4676,-131301927896785,20316,80168,-29320.2,30231.3,7.5,0.001,83335924,272934301,LOCKED,1.000029320000,135792921295492
4677,-131301928014975,-65660,0,-29353.0,30868.2,7.6,0.001,83335924,273013082,LOCKED,1.000029353000,135793921439848
4678,-131301928023534,-41090,24570,-29470.2,31172.9,7.7,0.001,83335924,273097726,LOCKED,1.000029470000,135794921459317
4679,-131301928060710,-44461,21199,-29609.3,31397.1,7.7,-0.000,83335924,273153879,LOCKED,1.000029609000,135795921611929
4680,-131301928067436,-19773,45887,-29665.1,31469.3,7.8,-0.001,83335924,273236095,LOCKED,1.000029665000,135796921751597
4681,-131301928097190,-18341,47319,-29709.3,31553.8,7.8,-0.003,83335923,273302452,LOCKED,1.000029709000,135797921897309
4682,-131301928107151,692,66352,-29675.3,31451.5,7.8,-0.005,83335923,273381167,LOCKED,1.000029675000,135798922043987
4683,-131301928126349,9131,74791,-29590.3,31018.5,7.8,-0.015,83335922,273456689,LOCKED,1.000029590000,135799922200581
# STATS: PDUs=4497 CSV=4496 Gaps=0 Dups=0 Skip=0 d_min=-65660 ns drift=-29590.3 ns/s sigma=31018.5 ns state=LOCKED clk_err=+0 ns
4684,-131301928141319,21177,86837,-29499.0,30867.7,7.5,-0.025,83335923,273533724,LOCKED,1.000029499000,135800922343083
4685,-131301928164781,23833,89493,-29372.5,30335.6,7.5,-0.029,83335923,273598694,LOCKED,1.000029372000,135801922479458
4686,-131301928240614,-19768,45892,-29480.1,29924.8,7.4,-0.040,83335922,273670288,LOCKED,1.000029480000,135802922523938
4687,-131301928301996,-47519,18141,-29605.0,30442.5,7.4,-0.044,83335923,273647324,LOCKED,1.000029605000,135803922664546
4688,-131301928316912,-30970,34690,-29644.9,30711.2,7.4,-0.049,83335923,273748926,LOCKED,1.000029645000,135804922703191
4689,-131301928303832,10345,76005,-29592.8,30630.6,7.4,-0.054,83335923,273828856,LOCKED,1.000029593000,135805922853787
4690,-131301928334922,7056,72716,-29516.4,30242.3,7.3,-0.060,83335923,273905338,LOCKED,1.000029516000,135806922992306
4691,-131301928380044,-9084,56576,-29475.0,29939.8,7.4,-0.056,83335924,273971495,LOCKED,1.000029475000,135807923016780
4692,-131301928442458,-40969,24691,-29458.5,29674.2,7.0,-0.036,83335923,273926717,LOCKED,1.000029459000,135808923159241
4693,-131301928492332,-56556,9104,-29601.7,30461.8,6.9,-0.030,83335923,274002183,LOCKED,1.000029602000,135809923304846
4694,-131301928518713,-49255,16405,-29720.3,31087.4,7.0,-0.008,83335924,274076014,LOCKED,1.000029720000,135810923463570
4695,-131301928534192,-32636,33024,-29782.8,31399.1,7.1,-0.000,83335924,274150624,LOCKED,1.000029783000,135811923500353
4696,-131301928563564,-30102,35558,-29837.0,31663.8,7.0,0.020,83335924,274211443,LOCKED,1.000029837000,135812923664194
4697,-131301928573353,-9699,55961,-29838.3,31667.9,7.4,0.039,83335925,274295259,LOCKED,1.000029838000,135813923826036
4698,-131301928552069,40737,106397,-29872.5,31089.8,7.8,0.057,83335925,274407982,LOCKED,1.000029873000,135814923851908
4699,-131301928576021,45152,110812,-29873.7,31071.2,7.6,0.081,83335924,274476234,LOCKED,1.000029874000,135815923891782
4700,-131301928702195,-46559,19101,-30021.8,31287.3,7.5,0.122,83335925,274444302,LOCKED,1.000030022000,135816924054807
4701,-131301928701497,-14025,51635,-30087.6,31182.1,7.4,0.122,83335924,274536419,LOCKED,1.000030088000,135817924215898
4702,-131301928698882,18168,83828,-30092.9,31147.4,7.4,0.121,83335924,274629187,LOCKED,1.000030093000,135818924377994
4703,-131301928702220,42361,108021,-30037.5,31640.3,7.5,0.132,83335925,274719946,LOCKED,1.000030037000,135819924519034
4704,-131301928721186,50290,115950,-29966.8,32340.7,7.7,0.141,83335925,274792432,LOCKED,1.000029967000,135820924551000
4705,-131301928846936,-43328,22332,-30001.1,32712.6,7.8,0.149,83335925,274757424,LOCKED,1.000030001000,135821924691004
4706,-131301928873070,-37665,27995,-30026.6,32961.1,7.7,0.149,83335924,274826528,LOCKED,1.000030027000,135822924839034
4707,-131301928890051,-22551,43109,-30090.7,33048.2,7.7,0.149,83335924,274897366,LOCKED,1.000030091000,135823924971127
4708,-131301928868807,27731,93391,-30085.2,33094.3,7.8,0.157,83335925,275013625,LOCKED,1.000030085000,135824925000212
4709,-131301928889136,35682,101342,-30055.9,33347.7,7.9,0.163,83335925,275085198,LOCKED,1.000030056000,135825925142271
4710,-131301928910694,41145,106805,-29975.2,33806.1,8.0,0.169,83335925,275157071,LOCKED,1.000029975000,135826925166246
4711,-131301928943060,36352,102012,-29917.7,34161.3,8.1,0.174,83335925,275111075,LOCKED,1.000029918000,135827925315167
4712,-131301929056014,-42291,23369,-30063.2,34196.4,8.2,0.179,83335925,275194187,LOCKED,1.000030063000,135828925458233
4713,-131301929067788,-23642,42018,-30041.5,33996.4,7.9,0.182,83335925,275271236,LOCKED,1.000030041000,135829925598277
4714,-131301929090150,-12839,52821,-30173.7,32963.2,8.4,0.190,83335926,275343450,LOCKED,1.000030174000,135830925740454
4715,-131301929104680,4088,69748,-30243.7,32422.4,8.4,0.193,83335925,275425294,LOCKED,1.000030244000,135831925882701
4716,-131301929119466,18934,84594,-30245.2,32413.1,8.4,0.191,83335924,275503173,LOCKED,1.000030245000,135832926017949
4717,-131301929130412,35441,101101,-30166.9,32744.7,8.4,0.193,83335925,275577508,LOCKED,1.000030167000,135833926044115
4718,-131301929133711,57265,122925,-30014.3,33411.8,8.5,0.195,83335925,275566619,LOCKED,1.000030014000,135834926065129
4719,-131301929264072,-38789,26871,-30160.7,33274.7,8.8,0.200,83335926,275634878,LOCKED,1.000030161000,135835926209293
4720,-131301929278650,-20917,44743,-30238.5,33243.8,8.9,0.201,83335925,275713897,LOCKED,1.000030238000,135836926344534
4721,-131301929300396,-11307,54353,-30274.6,33255.3,9.2,0.205,83335926,275785437,LOCKED,1.000030275000,135837926495812
4722,-131301929296567,21402,87062,-30241.7,33380.2,8.9,0.202,83335925,275876345,LOCKED,1.000030242000,135838926632056
4723,-131301929315541,29811,95471,-30150.8,33491.8,8.9,0.201,83335925,275950633,LOCKED,1.000030151000,135839926779210
4724,-131301929338650,33542,99202,-30043.9,33594.0,9.0,0.204,83335925,276021495,LOCKED,1.000030044000,135840926923257
4725,-131301929349425,48089,113749,-29891.8,33818.4,9.0,0.204,83335925,276102147,LOCKED,1.000029892000,135841926841145
4726,-131301929476586,-47506,18154,-29895.0,33863.7,9.0,0.202,83335925,276067880,LOCKED,1.000029895000,135842926980043
4727,-131301929490532,-27717,37943,-30037.6,33284.6,9.0,0.199,83335924,276144620,LOCKED,1.000030038000,135843927136084
4728,-131301929466459,25050,90710,-30013.3,33423.4,9.3,0.199,83335926,276259963,LOCKED,1.000030013000,135844927156097
4729,-131301929497072,22816,88476,-29971.0,33566.2,9.3,0.196,83335925,276323893,LOCKED,1.000029971000,135845927313071
4730,-131301929494626,51407,117067,-29868.5,34271.1,9.3,0.199,83335925,276421292,LOCKED,1.000029868000,135846927329939
4731,-131301929525804,45763,111423,-29731.7,34553.0,9.3,0.196,83335925,276374194,LOCKED,1.000029732000,135847927483674
4732,-131301929638134,-35845,29815,-29720.6,34421.5,9.3,0.198,83335924,276463205,LOCKED,1.000029721000,135848927621397
4733,-131301929660912,-28189,37471,-29708.7,34306.3,9.4,0.194,83335925,276530377,LOCKED,1.000029709000,135849927779109
4734,-131301929672241,-10830,54830,-29640.4,33666.5,9.3,0.197,83335924,276612533,LOCKED,1.000029640000,135850927916752
4735,-131301929709423,-18455,47205,-29605.5,33355.5,9.4,0.192,83335925,276681230,LOCKED,1.000029606000,135851928070361
4736,-131301929774769,-52254,13406,-29613.9,33487.4,9.4,0.195,83335925,276766412,LOCKED,1.000029614000,135852928224978
4737,-131301929700187,49887,115547,-29596.0,33738.2,9.5,0.198,83335925,276858340,LOCKED,1.000029596000,135853928273574
4738,-131301929772851,7030,72690,-29618.1,33646.3,9.5,0.202,83335925,276879646,LOCKED,1.000029618000,135854928307192
4739,-131301929826252,-14720,50940,-29693.6,33485.8,9.5,0.207,83335924,276958967,LOCKED,1.000029694000,135855928371886
4740,-131301929883121,-38910,26750,-29775.5,33883.5,9.4,0.213,83335924,276951827,LOCKED,1.000029775000,135856928522665
4741,-131301929887359,-12179,53481,-29813.9,33898.1,9.4,0.209,83335924,277040197,LOCKED,1.000029814000,135857928673482
4742,-131301929892921,10988,76648,-29778.9,33908.8,9.4,0.204,83335924,277123439,LOCKED,1.000029779000,135858928845265
4743,-131301929887695,42315,107975,-29668.5,34278.2,9.3,0.188,83335923,277222873,LOCKED,1.000029669000,135859928888933
# STATS: PDUs=4557 CSV=4556 Gaps=0 Dups=0 Skip=0 d_min=-65660 ns drift=-29668.5 ns/s sigma=34278.2 ns state=LOCKED clk_err=+0 ns
4744,-131301930006997,-45517,20143,-29681.3,34441.6,9.3,0.165,83335925,277196048,LOCKED,1.000029681000,135860929029617
4745,-131301930031923,-39628,26032,-29671.0,34307.4,9.3,0.146,83335925,277269030,LOCKED,1.000029671000,135861929200292
4746,-131301930022309,-357,65303,-29669.7,34307.1,9.1,0.097,83335924,277364894,LOCKED,1.000029670000,135862929342965
4747,-131301930035266,16311,81971,-29694.6,34127.2,9.1,0.065,83335924,277444353,LOCKED,1.000029695000,135863929375659
4748,-131301930124766,-40089,25571,-29795.3,34478.6,9.0,0.032,83335924,277445473,LOCKED,1.000029795000,135864929389453
4749,-131301930061519,48746,114406,-29669.6,34970.0,8.7,-0.003,83335924,277495154,LOCKED,1.000029670000,135865929558126
4750,-131301930157685,-17424,48236,-29656.6,34887.3,8.3,-0.042,83335924,277595048,LOCKED,1.000029657000,135866929709786
4751,-131301930164646,4579,70239,-29630.2,34863.9,8.2,-0.066,83335924,277682198,LOCKED,1.000029630000,135867929855419
4752,-131301930171780,26029,91689,-29622.2,34921.7,7.8,-0.065,83335924,277763663,LOCKED,1.000029622000,135868929995044
4753,-131301930193966,32696,98356,-29638.9,34732.6,7.5,-0.064,83335924,277836451,LOCKED,1.000029639000,135869930021682
4754,-131301930225060,30568,96228,-29656.7,34539.4,7.4,-0.066,83335924,277791106,LOCKED,1.000029657000,135870930160341
4755,-131301930334823,-45373,20287,-29785.9,34873.4,7.4,-0.069,83335924,277874566,LOCKED,1.000029786000,135871930200127
4756,-131301930352628,-30172,35488,-29894.0,34852.1,7.4,-0.061,83335925,277953798,LOCKED,1.000029894000,135872930336024
4757,-131301930373754,-19524,46136,-29953.9,34896.1,7.7,-0.074,83335923,278023346,LOCKED,1.000029954000,135873930494981
4758,-131301930348277,32409,98069,-29835.9,34852.2,7.6,-0.077,83335924,278140777,LOCKED,1.000029836000,135874930521816
4759,-131301930370050,36362,102022,-29694.4,34681.3,7.7,-0.072,83335925,278214165,LOCKED,1.000029694000,135875930542510
4760,-131301930396604,38526,104186,-29710.6,34469.0,7.7,-0.074,83335924,278173084,LOCKED,1.000029711000,135876930696224
4761,-131301930511574,-43052,22608,-29819.9,34863.0,7.6,-0.077,83335924,278252826,LOCKED,1.000029820000,135877930842047
4762,-131301930526543,-26709,38951,-29848.7,35023.4,7.6,-0.079,83335924,278330347,LOCKED,1.000029849000,135878930977898
4763,-131301930547689,-18054,47606,-29816.3,34756.7,7.6,-0.081,83335924,278400477,LOCKED,1.000029816000,135879931130717
4764,-131301930556211,1387,67047,-29727.5,34106.7,7.6,-0.082,83335924,278488200,LOCKED,1.000029727000,135880931264447
4765,-131301930581165,7202,72862,-29790.7,33611.3,7.8,-0.089,83335923,278551784,LOCKED,1.000029791000,135881931410241
4766,-131301930599143,19190,84850,-29831.3,33217.9,7.8,-0.091,83335924,278626811,LOCKED,1.000029831000,135882931552075
4767,-131301930623113,24481,90141,-29844.1,33104.0,8.0,-0.098,83335923,278695650,LOCKED,1.000029844000,135883931588919
4768,-131301930708212,-29373,36287,-29864.0,33253.9,7.9,-0.099,83335924,278701975,LOCKED,1.000029864000,135884931613782
4769,-131301930730009,-20844,44816,-29852.0,33161.0,7.9,-0.099,83335924,278770986,LOCKED,1.000029852000,135885931760637
4770,-131301930740967,-3064,62596,-29792.1,32776.6,8.1,-0.103,83335923,278852267,LOCKED,1.000029792000,135886931901432
4771,-131301930761333,4712,70372,-29718.8,32393.2,8.3,-0.106,83335923,278925108,LOCKED,1.000029719000,135887932058154
4772,-131301930764439,30733,96393,-29740.9,32125.4,8.5,-0.109,83335923,279011673,LOCKED,1.000029741000,135888932191898
4773,-131301930786645,36691,102351,-29724.5,32296.9,8.7,-0.112,83335923,279082487,LOCKED,1.000029725000,135889932344626
4774,-131301930797206,52908,118568,-29667.8,32968.4,8.4,-0.107,83335924,279163473,LOCKED,1.000029668000,135890932371293
4775,-131301930933352,-49922,15738,-29764.1,33651.4,8.5,-0.109,83335923,279119791,LOCKED,1.000029764000,135891932516060
4776,-131301930949486,-34194,31466,-29810.2,33953.3,8.7,-0.113,83335923,279193799,LOCKED,1.000029810000,135892932652873
4777,-131301930969048,-23258,42402,-29805.2,33915.5,8.8,-0.114,83335923,279271080,LOCKED,1.000029805000,135893932795681
4778,-131301931016207,-39757,25903,-29781.0,33563.2,8.9,-0.114,83335923,279367552,LOCKED,1.000029781000,135894932833462
4779,-131301930971508,33955,99615,-29799.9,33330.2,8.6,-0.107,83335924,279448751,LOCKED,1.000029800000,135895932962264
4780,-131301931011910,22880,88540,-29814.8,33202.4,8.7,-0.106,83335923,279505888,LOCKED,1.000029815000,135896933104082
4781,-131301931076848,-10624,55036,-29876.6,33064.4,8.3,-0.098,83335924,279577536,LOCKED,1.000029877000,135897933261962
4782,-131301931136009,-37545,28115,-29930.3,33441.9,8.4,-0.096,83335923,279658540,LOCKED,1.000029930000,135898933294892
4783,-131301931068379,55545,121205,-29803.1,34203.8,8.5,-0.093,83335923,279616504,LOCKED,1.000029803000,135899933455698
4784,-131301931177105,-22754,42906,-29795.8,34148.4,8.5,-0.088,83335924,279706698,LOCKED,1.000029796000,135900933619497
4785,-131301931178247,3950,69610,-29706.5,33551.6,8.5,-0.084,83335923,279795782,LOCKED,1.000029707000,135901933661203
4786,-131301931182212,29330,94990,-29737.6,33177.0,8.6,-0.079,83335923,279885565,LOCKED,1.000029738000,135902933688940
4787,-131301931207566,32638,98298,-29739.1,33161.0,8.7,-0.080,83335923,279843768,LOCKED,1.000029739000,135903933852683
4788,-131301931273497,-3961,61699,-29712.5,33063.4,8.4,-0.065,83335923,279976177,LOCKED,1.000029713000,135904933889395
4789,-131301931294038,4224,69884,-29671.1,32963.0,8.4,-0.057,83335923,280048329,LOCKED,1.000029671000,135905934052070
4790,-131301931294456,29532,95192,-29526.3,32415.3,8.2,-0.048,83335924,280143548,LOCKED,1.000029526000,135906934091596
4791,-131301931408802,-53563,12097,-29521.8,32335.0,8.2,-0.037,83335923,280118784,LOCKED,1.000029522000,135907934253121
4792,-131301931400732,-14110,51550,-29589.8,32217.9,8.2,-0.037,83335924,280219783,LOCKED,1.000029590000,135908934430715
4793,-131301931385274,29595,95255,-29573.1,32352.8,8.0,-0.025,83335924,280326913,LOCKED,1.000029573000,135909934570291
4794,-131301931402220,39549,105209,-29507.6,32794.2,8.1,-0.021,83335923,280399984,LOCKED,1.000029508000,135910934601798
4795,-131301931530406,-54997,10663,-29619.1,33613.6,7.9,0.001,83335924,280366115,LOCKED,1.000029619000,135911934746420
4796,-131301931545916,-36667,28993,-29765.6,33378.5,7.7,0.005,83335923,280438797,LOCKED,1.000029766000,135912934901189
4797,-131301931555273,-16964,39592,-29702.6,32677.8,7.4,0.026,83335924,280523538,LOCKED,1.000029703000,135913935046895
4798,-131301931536393,29129,85685,-29628.7,32869.0,7.0,0.048,83335924,280634085,LOCKED,1.000029629000,135914935075523
4799,-131301931557370,35618,92174,-29581.7,33201.3,7.0,0.057,83335924,280705112,LOCKED,1.000029582000,135915935217108
4800,-131301931576567,44193,100749,-29566.4,33394.1,7.1,0.053,83335923,280776836,LOCKED,1.000029566000,135916935249674
4801,-131301931706877,-52506,4050,-29677.8,34114.0,7.1,0.052,83335923,280739993,LOCKED,1.000029678000,135917935386354
4802,-131301931731275,-44504,12052,-29737.5,34616.0,7.2,0.052,83335923,280808301,LOCKED,1.000029737000,135918935537095
# STATS: PDUs=4616 CSV=4615 Gaps=0 Dups=0 Skip=0 d_min=-56556 ns drift=-29737.5 ns/s sigma=34616.0 ns state=LOCKED clk_err=+0 ns
4803,-131301931742621,-25900,30656,-29704.7,34263.9,7.3,0.035,83335923,280887691,LOCKED,1.000029705000,135919935734804
4804,-131301931717739,28250,84806,-29730.3,33983.3,7.5,0.009,83335922,281008739,LOCKED,1.000029730000,135920935878537
4805,-131301931723904,49780,106336,-29713.2,34220.2,7.2,-0.001,83335923,281089201,LOCKED,1.000029713000,135921935910250
4806,-131301931849258,-42822,13734,-29791.3,34709.9,7.5,-0.018,83335922,281054950,LOCKED,1.000029791000,135922936054044
