# seq,elapsed_s,d_total_ns,d_detrended_ns,offset_ns,drift_ns_per_s,drift_sigma_ns,gm_sigma_ns,gm_a1_ppb,clock_error_ns,sync_state
39304,0.615,-170427249120907,0,0,-419491.0,inf,12.7,0.087,0,ACQUIRING
39305,1.616,-170427249132103,0,0,-215343.5,166685.7,14.4,0.085,0,ACQUIRING
39306,2.617,-170427249057812,0,0,-108038.4,181886.5,15.8,0.082,0,ACQUIRING
39307,3.616,-170427249022966,0,0,-58000.5,174359.1,17.1,0.076,0,ACQUIRING
39308,4.615,-170427248994856,0,0,-31402.5,164096.5,18.8,0.068,0,ACQUIRING
39309,5.616,-170427248967374,0,0,-15594.1,154514.0,20.3,0.056,0,ACQUIRING
39310,6.616,-170427248930736,0,0,-4654.6,146870.3,20.8,0.044,0,ACQUIRING
39311,7.617,-170427248890643,0,0,3433.7,140704.4,21.6,0.027,0,ACQUIRING
39312,8.616,-170427248830574,0,0,10640.5,136935.5,22.3,0.006,0,ACQUIRING
39313,9.616,-170427248884720,0,0,11626.7,129242.1,23.0,-0.008,0,ACQUIRING
39314,10.616,-170427248823462,0,0,14104.5,123797.5,23.5,-0.039,0,ACQUIRING
39315,11.617,-170427248755592,0,0,17374.6,120753.1,23.8,-0.058,0,ACQUIRING
39316,12.618,-170427248778095,0,0,18290.7,115887.2,24.3,-0.010,0,ACQUIRING
39317,13.617,-170427248678239,0,0,20925.4,114213.0,24.3,-0.009,0,ACQUIRING
39318,14.617,-170427248661135,0,0,22603.9,111499.7,24.1,-0.010,0,ACQUIRING
39319,15.616,-170427248664317,0,0,23250.3,107982.4,24.6,0.028,0,ACQUIRING
39320,16.617,-170427248657392,0,0,23417.4,104575.1,24.7,0.030,0,ACQUIRING
39321,17.617,-170427248633918,0,0,23538.0,101466.3,24.7,0.027,0,ACQUIRING
39322,18.617,-170427248601862,0,0,23747.5,98656.9,24.6,0.005,0,ACQUIRING
39323,19.617,-170427248564190,0,0,24083.5,96176.2,24.3,-0.039,0,ACQUIRING
39324,20.618,-170427248516934,0,0,24610.5,94177.3,24.3,-0.020,0,ACQUIRING
39325,21.617,-170427248457874,0,0,25386.0,93004.7,24.1,-0.014,0,ACQUIRING
39326,22.618,-170427248403006,0,0,26277.9,92529.2,23.9,0.001,0,ACQUIRING
39327,23.617,-170427248426134,0,0,26516.2,90631.2,23.6,0.003,0,ACQUIRING
39328,24.618,-170427248435803,0,0,26394.3,88763.8,23.4,0.004,0,ACQUIRING
39329,25.617,-170427248342748,0,0,26826.6,87555.1,23.4,-0.006,0,ACQUIRING
39330,26.618,-170427248345524,0,0,26953.9,85912.3,23.3,0.002,0,ACQUIRING
39331,27.618,-170427248244629,0,0,27566.6,85799.5,23.3,-0.008,0,ACQUIRING
39332,28.618,-170427248213364,0,0,28088.5,85455.8,23.2,-0.010,0,ACQUIRING
39333,29.618,-170427248201111,0,0,28419.9,84508.4,23.2,-0.019,0,ACQUIRING
39334,30.618,-170427248223400,0,0,28404.8,83089.3,23.2,-0.027,0,ACQUIRING
39335,31.618,-170427248176369,0,0,28491.9,81784.4,23.2,-0.035,0,ACQUIRING
39336,32.619,-170427248108454,0,0,28763.3,80993.9,23.2,-0.044,0,ACQUIRING
39337,33.619,-170427248062184,0,0,29074.1,80474.8,23.3,-0.057,0,ACQUIRING
39338,34.618,-170427248085718,0,0,29099.0,79287.5,23.1,-0.066,0,ACQUIRING
39339,35.618,-170427248024057,0,0,29259.0,78376.5,22.5,-0.076,0,ACQUIRING
39340,36.618,-170427247965766,0,0,29512.5,77911.3,22.5,-0.084,0,ACQUIRING
39341,37.618,-170427247982100,0,0,29552.7,76868.5,22.2,-0.094,0,ACQUIRING
39342,38.618,-170427247987018,0,0,29461.0,75948.7,22.1,-0.108,0,ACQUIRING
39343,39.618,-170427247880982,0,0,29648.9,75417.9,22.2,-0.119,0,ACQUIRING
39344,40.618,-170427247889268,0,0,29685.2,74487.4,21.9,-0.130,0,ACQUIRING
39345,41.619,-170427247883796,0,0,29639.9,73604.2,21.5,-0.147,0,ACQUIRING
39346,42.620,-170427247861756,0,0,29577.4,72786.1,21.3,-0.162,0,ACQUIRING
39347,43.618,-170427247829462,0,0,29530.8,71973.0,21.4,-0.173,0,ACQUIRING
39348,44.618,-170427247758754,0,0,29604.3,71252.9,21.2,-0.189,0,ACQUIRING
39349,45.618,-170427247711718,0,0,29715.1,70707.7,21.6,-0.203,0,ACQUIRING
39350,46.618,-170427247663267,0,0,29860.5,70397.2,21.4,-0.219,0,ACQUIRING
39351,47.619,-170427247616758,0,0,30029.5,70311.2,21.7,-0.233,0,ACQUIRING
39352,48.619,-170427247657318,0,0,30013.0,69581.8,21.7,-0.246,0,ACQUIRING
39353,49.619,-170427247572434,0,0,30122.4,69187.9,21.0,-0.269,0,ACQUIRING
39354,50.619,-170427247604160,0,0,30085.1,68532.2,21.0,-0.289,0,ACQUIRING
39355,51.619,-170427247504308,0,0,30198.1,68244.8,21.3,-0.305,0,ACQUIRING
39356,52.619,-170427247522218,0,0,30201.8,67585.9,22.2,-0.315,0,ACQUIRING
39357,53.619,-170427247521554,0,0,30147.6,67046.6,22.8,-0.317,0,ACQUIRING
39358,54.619,-170427247480448,0,0,30119.6,66451.7,23.3,-0.319,0,ACQUIRING
39359,55.619,-170427247371208,0,0,30238.0,66390.3,23.7,-0.327,0,ACQUIRING
39360,56.620,-170427247357934,0,0,30314.9,66037.5,24.2,-0.327,0,ACQUIRING
39361,57.620,-170427247400024,0,0,30261.4,65579.9,25.0,-0.325,0,ACQUIRING
39362,58.621,-170427247349964,-9013,0,30245.6,65023.7,25.4,-0.323,0,ACQUIRING
39363,59.620,-170427247297272,-1574,7439,30986.4,30208.1,25.9,-0.320,116436,ACQUIRING
39364,60.620,-170427247284370,-18480,0,30959.2,30309.4,26.3,-0.314,-626205,ACQUIRING
39365,61.621,-170427247392331,-145844,0,30634.0,35804.4,26.5,-0.283,-704958,ACQUIRING
39366,62.620,-170427247392457,-164989,0,30337.8,42233.3,26.6,-0.246,-673104,ACQUIRING
39367,63.622,-170427247406103,-195198,0,29985.8,49856.9,26.5,-0.246,-659563,LOCKED
39368,64.620,-170427247401028,-205303,0,29599.9,57087.1,25.9,-0.195,-623002,LOCKED
39369,65.620,-170427247432580,-248286,0,29120.3,66211.5,25.2,-0.160,-622628,LOCKED
39370,66.620,-170427247456740,-281012,0,28577.9,76324.0,25.0,-0.148,-728491,LOCKED
39371,67.621,-170427247485078,-314992,0,27975.1,87405.5,24.6,-0.120,-724725,LOCKED
39372,68.620,-170427247510388,-343997,0,27354.5,99096.1,24.1,-0.085,-717318,LOCKED
39373,69.621,-170427247635922,-461094,0,26362.9,116359.7,23.4,-0.044,-698504,LOCKED
39374,70.620,-170427247667624,-482292,0,25353.8,132923.7,22.6,0.008,-696432,LOCKED
39375,71.620,-170427247690390,-493441,0,24358.2,148514.8,21.9,0.069,-681049,LOCKED
39376,72.620,-170427247719298,-506356,0,23217.9,162487.8,20.8,0.045,-673773,LOCKED
39377,73.620,-170427247754232,-524618,0,22130.7,176945.2,20.6,0.020,-673545,LOCKED
39378,74.620,-170427247754925,-507649,16969,21020.0,189129.5,19.9,-0.003,-637779,LOCKED
39379,75.620,-170427247794458,-525358,0,19788.8,200705.7,18.5,-0.023,-634824,LOCKED
39380,76.620,-170427247836332,-541490,0,18452.3,211639.1,17.0,-0.039,-633391,LOCKED
39381,77.620,-170427247873094,-549556,0,17049.7,221820.2,15.9,-0.050,-630157,LOCKED
39382,78.620,-170427247806264,-458197,91359,15768.7,227392.7,15.2,-0.058,-629874,LOCKED
39383,79.621,-170427247826826,-452844,96712,14473.6,232342.5,14.9,-0.064,-494316,LOCKED
39384,80.620,-170427247866520,-464408,85148,13152.6,237528.9,14.1,-0.062,-598967,LOCKED
39385,81.621,-170427247991483,-554018,0,11690.7,246245.4,13.7,-0.059,-563372,LOCKED
39386,82.621,-170427248002609,-530132,23886,10277.6,253804.5,12.8,-0.061,-528793,LOCKED
39387,83.622,-170427248035542,-524483,29535,8749.1,259355.9,12.4,-0.063,-510420,LOCKED
39388,84.621,-170427248036837,-486150,67868,7180.4,261812.6,11.9,-0.063,-460046,LOCKED
39389,85.621,-170427248081410,-490645,63373,5674.2,265484.7,11.7,-0.064,-450333,LOCKED
39390,86.622,-170427248099739,-467182,86836,4118.6,266935.0,10.5,-0.061,-416732,LOCKED
39391,87.621,-170427248123277,-450358,103660,2681.9,269225.9,10.3,-0.061,-380896,LOCKED
39392,88.621,-170427248159607,-444807,109211,1231.8,270992.9,9.6,-0.057,-358275,LOCKED
39393,89.622,-170427248178749,-421144,132874,-231.9,271206.1,9.6,-0.060,-320120,LOCKED
39394,90.621,-170427248208030,-404935,149083,-1782.6,268955.5,9.3,-0.057,-286688,LOCKED
39395,91.621,-170427248244340,-394938,159080,-3313.9,266443.5,9.2,-0.057,-263788,LOCKED
39396,92.622,-170427248282897,-387055,166963,-4789.6,264469.7,9.1,-0.057,-236481,LOCKED
39397,93.621,-170427248317006,-374334,179684,-6233.1,262320.0,9.0,-0.055,-202197,LOCKED
39398,94.622,-170427248294696,-306278,247740,-7665.7,256379.1,8.7,-0.050,-115110,LOCKED
39399,95.621,-170427248329417,-295394,258624,-9039.1,250897.0,8.5,-0.047,-76652,LOCKED
39400,96.622,-170427248357973,-278931,275087,-10343.6,245755.7,8.7,-0.045,-38567,LOCKED
39401,97.622,-170427248386525,-260706,293312,-11700.8,238306.5,8.4,-0.040,4825,LOCKED
39402,98.622,-170427248404633,-231359,322659,-13073.5,228401.8,8.5,-0.038,58905,LOCKED
39403,99.622,-170427248422555,-204880,349138,-14272.7,220702.7,8.5,-0.035,115561,LOCKED
39404,100.621,-170427248459497,-195629,358389,-15516.3,211067.7,8.0,-0.026,152605,LOCKED
39405,101.622,-170427248481036,-170693,383325,-16754.3,199501.8,8.0,-0.022,206071,LOCKED
39406,102.622,-170427248522588,-164781,389237,-17989.9,186885.1,8.4,-0.017,240815,LOCKED
39407,103.622,-170427248554140,-148977,405041,-19185.8,173480.1,8.4,-0.011,290791,LOCKED
39408,104.622,-170427248661786,-205812,348206,-20398.0,162876.9,8.3,-0.004,263865,LOCKED
39409,105.622,-170427248688151,-182700,371318,-21523.5,152497.5,8.4,-0.003,318420,LOCKED
39410,106.622,-170427248705064,-152252,401766,-22540.4,142511.7,8.3,0.006,387630,LOCKED
39411,107.622,-170427248727975,-129570,424448,-23458.1,133262.9,8.4,0.008,444910,LOCKED
39412,108.622,-170427248757773,-112307,441711,-24431.7,119889.9,8.6,0.021,504218,LOCKED
39413,109.623,-170427248787829,-97981,456037,-25249.5,109760.5,8.3,0.035,552039,LOCKED
39414,110.622,-170427248810152,-75407,478611,-26090.1,95613.5,8.4,0.041,619864,LOCKED
39415,111.622,-170427248828726,-53180,500838,-26724.9,86225.0,8.4,0.048,690895,LOCKED
39416,112.622,-170427248875860,-58022,495996,-27393.8,74616.7,8.4,0.044,754858,LOCKED
39417,113.623,-170427248862370,-5359,548659,-27964.2,60666.8,8.7,0.057,832826,LOCKED
39418,114.623,-170427248862295,30316,584334,-28390.3,48164.4,8.7,0.068,811467,LOCKED
39419,115.623,-170427248965582,-36561,517457,-28723.7,43695.1,8.8,0.057,873410,LOCKED
39420,116.622,-170427248929764,30281,584299,-28887.4,40551.3,8.9,0.050,921611,LOCKED
39421,117.623,-170427248954674,36842,590860,-29075.8,35850.9,9.3,0.014,988468,LOCKED
39422,118.623,-170427249073590,-47088,506930,-29288.0,35005.8,9.6,-0.004,1072735,LOCKED
39423,119.625,-170427249077944,-20755,533263,-29322.2,35118.7,9.8,-0.020,1155188,LOCKED
39424,120.624,-170427249101202,-15162,538856,-29273.7,34695.4,10.0,-0.033,1221941,LOCKED
39425,121.623,-170427249115359,1072,555090,-29330.5,34397.2,10.2,-0.046,1298452,LOCKED
39426,122.625,-170427249127708,17097,571115,-29312.0,34464.1,10.4,-0.058,1377867,LOCKED
39427,123.623,-170427249149374,22824,576842,-29255.6,34580.1,10.5,-0.072,1448515,LOCKED
39428,124.624,-170427249257922,-54299,499719,-29271.8,34823.3,10.2,-0.090,1429196,LOCKED
39429,125.623,-170427249276678,-42403,511615,-29269.0,34786.6,10.3,-0.102,1498379,LOCKED
39430,126.623,-170427249293192,-29409,524609,-29231.7,34332.4,10.3,-0.113,1572664,LOCKED
39431,127.623,-170427249298310,-6752,547266,-29148.8,33551.6,10.2,-0.121,1658951,LOCKED
39432,128.624,-170427249328099,-8958,545060,-29056.8,32522.2,10.5,-0.138,1722115,LOCKED
39433,129.622,-170427249329196,18804,572822,-29078.5,32347.1,10.4,-0.144,1809624,LOCKED
39434,130.623,-170427249346923,29369,583387,-29088.8,32238.6,10.4,-0.149,1882373,LOCKED
39435,131.623,-170427249380981,23825,577843,-29100.2,32137.6,9.9,-0.146,1825909,LOCKED
39436,132.624,-170427249401129,31692,585710,-29099.7,32142.8,9.5,-0.150,1898571,LOCKED
39437,133.623,-170427249526081,-58712,495306,-29269.8,32706.0,9.4,-0.153,1973482,LOCKED
39438,134.623,-170427249512165,-14034,539984,-29319.8,32702.5,9.3,-0.149,2079032,LOCKED
39439,135.623,-170427249539911,-10777,543241,-29384.6,32541.4,9.2,-0.151,2139274,LOCKED
39440,136.623,-170427249562051,-1940,552078,-29459.7,32065.3,9.1,-0.148,2208026,LOCKED
39441,137.623,-170427249576371,14045,568063,-29524.6,31363.5,9.0,-0.149,2285702,LOCKED
39442,138.624,-170427249593915,22927,576945,-29410.4,30992.3,8.9,-0.150,2355240,LOCKED
39443,139.624,-170427249607277,34614,588632,-29253.7,30450.6,8.8,-0.146,2431014,LOCKED
39444,140.623,-170427249638600,28781,582799,-29116.6,29958.4,8.3,-0.139,2490506,LOCKED
39445,141.624,-170427249668290,27773,581791,-29141.5,29651.9,7.7,-0.133,2440436,LOCKED
39446,142.624,-170427249788676,-58481,495537,-29289.4,30494.8,7.6,-0.128,2520780,LOCKED
39447,143.624,-170427249810758,-46825,507193,-29430.1,30818.3,7.4,-0.127,2590363,LOCKED
39448,144.624,-170427249791264,2272,556290,-29442.4,30794.1,7.3,-0.123,2702833,LOCKED
39449,145.624,-170427249807818,15007,569025,-29459.9,30674.5,7.1,-0.121,2774185,LOCKED
39450,146.624,-170427249841330,10744,564762,-29467.4,30641.1,7.0,-0.118,2835631,LOCKED
39451,147.625,-170427249862440,18185,572203,-29452.7,30711.7,6.8,-0.113,2903513,LOCKED
39452,148.625,-170427249889307,19977,573995,-29447.0,30747.9,6.6,-0.109,2967623,LOCKED
39453,149.625,-170427249942268,-3080,550938,-29464.3,30736.7,6.6,-0.108,3033262,LOCKED
39454,150.625,-170427250016779,-44756,509262,-29555.5,31316.4,6.4,-0.102,3000301,LOCKED
39455,151.625,-170427250061108,-55122,498896,-29680.4,32124.3,6.5,-0.100,3065212,LOCKED
39456,152.625,-170427250074278,-35166,518852,-29791.2,32253.1,6.5,-0.099,3144216,LOCKED
39457,153.625,-170427250114316,-41274,512744,-29925.9,32378.1,6.7,-0.094,3209430,LOCKED
39458,154.624,-170427250145624,-40306,513712,-29974.3,32792.0,6.5,-0.088,3318771,LOCKED
39459,155.626,-170427250109559,23813,577831,-29919.5,32935.7,6.5,-0.086,3379792,LOCKED
39460,156.625,-170427250161738,1114,555132,-29899.8,32907.2,6.4,-0.091,3447807,LOCKED
39461,157.625,-170427250232874,-37921,516097,-29944.8,33266.2,6.5,-0.090,3412067,LOCKED
39462,158.625,-170427250172576,48134,602152,-29819.1,33750.8,6.5,-0.089,3475991,LOCKED
39463,159.625,-170427250295126,-42992,511026,-29826.4,33843.7,6.6,-0.087,3559171,LOCKED
39464,160.625,-170427250302609,-20402,533616,-29804.5,33662.0,6.7,-0.075,3639900,LOCKED
39465,161.625,-170427250321404,-10205,543813,-29747.5,33187.7,6.7,-0.073,3715502,LOCKED
39466,162.626,-170427250334713,4711,558729,-29680.5,32880.5,6.7,-0.080,3792902,LOCKED
39467,163.626,-170427250355041,12012,566030,-29599.6,32593.0,6.7,-0.077,3859368,LOCKED
39468,164.625,-170427250357549,37931,591949,-29605.2,32521.8,6.7,-0.075,3839400,LOCKED
39469,165.624,-170427250480855,-50831,503187,-29763.3,32813.5,6.8,-0.070,3918341,LOCKED
39470,166.625,-170427250490364,-27553,526465,-29866.1,32755.3,6.9,-0.046,4001958,LOCKED
39471,167.625,-170427250515307,-20249,533769,-29949.5,32661.3,7.0,-0.025,4066448,LOCKED
39472,168.625,-170427250526993,-865,553153,-30003.1,32411.0,7.0,-0.035,4148258,LOCKED
39473,169.625,-170427250549329,7422,561440,-30046.0,32136.4,7.0,-0.032,4214478,LOCKED
39474,170.625,-170427250563067,23057,577075,-30051.4,32093.2,7.0,-0.014,4295332,LOCKED
39475,171.625,-170427250578990,35289,589307,-30016.9,32379.5,7.0,-0.009,4368036,LOCKED
39476,172.625,-170427250601278,41306,595324,-30001.6,32562.7,7.2,-0.017,4435312,LOCKED
39477,173.625,-170427250623446,45607,599625,-29903.9,33117.9,7.2,-0.028,4506649,LOCKED
39478,174.625,-170427250725092,-25850,528168,-29874.8,32801.2,7.1,-0.020,4493509,LOCKED
39479,175.626,-170427250763256,-30954,523064,-29979.8,32834.9,7.1,-0.012,4546667,LOCKED
39480,176.626,-170427250805535,-41565,512453,-29993.6,33000.1,7.1,-0.017,4601724,LOCKED
39481,177.626,-170427250825032,-30371,523647,-29977.3,32817.5,7.1,-0.008,4666819,LOCKED
39482,178.627,-170427250828763,-2270,551748,-30064.7,32176.5,7.1,-0.010,4755646,LOCKED
39483,179.626,-170427250861475,-3756,550262,-30115.5,31997.1,7.2,-0.003,4815406,LOCKED
39484,180.626,-170427250921775,-31056,522962,-30205.6,32155.9,7.2,-0.005,4845789,LOCKED
39485,181.627,-170427250949774,-26748,527270,-30264.4,32347.3,7.5,-0.015,4907491,LOCKED
39486,182.626,-170427250964686,-10979,543039,-30266.6,32354.7,7.5,-0.010,4984394,LOCKED
39487,183.626,-170427250987139,-3580,550438,-30240.2,32259.6,7.6,-0.005,5053762,LOCKED
39488,184.627,-170427250965095,47489,601507,-30259.6,31923.1,7.6,-0.007,5169630,LOCKED
39489,185.626,-170427250990230,50839,604857,-30257.1,31964.5,7.6,-0.009,5234244,LOCKED
39490,186.626,-170427251003424,64729,618747,-30209.0,32762.0,7.6,-0.011,5199688,LOCKED
39491,187.627,-170427251114357,-14538,539480,-30256.4,32777.6,7.7,-0.008,5291746,LOCKED
39492,188.626,-170427251119805,10049,564067,-30262.2,32755.5,7.4,-0.006,5376953,LOCKED
39493,189.627,-170427251155167,4121,558139,-30228.4,32695.3,7.4,-0.009,5449034,LOCKED
39494,190.626,-170427251224699,-33858,520160,-30237.1,32783.1,7.5,-0.006,5547714,LOCKED
39495,191.627,-170427251247083,-25176,528842,-30235.9,32773.0,7.5,-0.003,5526504,LOCKED
39496,192.627,-170427251243569,6787,560805,-30159.3,32401.6,7.5,-0.001,5620763,LOCKED
39497,193.626,-170427251245099,34951,588969,-30194.7,31880.3,7.5,-0.004,5711007,LOCKED
39498,194.627,-170427251343425,-30569,523449,-30272.1,32096.4,7.5,-0.004,5703304,LOCKED
39499,195.626,-170427251347186,-3357,550661,-30301.0,32050.2,7.5,-0.006,5787272,LOCKED
39500,196.627,-170427251344088,28288,582306,-30261.9,32269.3,7.5,-0.002,5887256,LOCKED
39501,197.627,-170427251347596,51111,605129,-30153.8,32976.2,7.5,-0.005,5970008,LOCKED
39502,198.627,-170427251353108,69969,623987,-29986.0,34139.6,7.5,-0.007,5947223,LOCKED
39503,199.628,-170427251459442,-7518,546500,-29917.4,33562.9,7.4,-0.006,6041682,LOCKED
39504,200.627,-170427251466388,12842,566860,-29810.4,32964.8,7.4,-0.004,6126874,LOCKED
39505,201.627,-170427251471854,33031,0,-29661.1,32506.8,7.3,-0.002,6216953,LOCKED
39506,202.629,-170427251480592,51572,18541,-29629.9,32934.4,7.3,0.001,6291465,LOCKED
39507,203.627,-170427251589098,-24637,0,-29720.1,32903.8,7.3,-0.001,6278988,LOCKED
39508,204.627,-170427251541814,48305,72942,-29600.8,33444.3,7.5,0.001,6414622,LOCKED
39509,205.627,-170427251580173,35780,60417,-29475.2,33442.9,7.7,-0.002,6354589,LOCKED
39510,206.627,-170427251682919,-36239,0,-29476.3,33455.8,7.7,-0.004,6452255,LOCKED
39511,207.627,-170427251685655,-10386,25853,-29415.4,32919.8,7.7,0.001,6541389,LOCKED
39512,208.627,-170427251700369,2353,38592,-29322.8,32200.5,7.7,-0.001,6617698,LOCKED
39513,209.627,-170427251713486,16339,52578,-29240.9,32011.7,7.8,0.005,6698447,LOCKED
39514,210.627,-170427251814747,-51655,0,-29352.8,32729.5,7.7,0.012,6684904,LOCKED
39515,211.628,-170427251825291,-29716,21939,-29457.2,32727.6,7.8,0.021,6763066,LOCKED
39516,212.628,-170427251826847,-1141,50514,-29488.4,32649.5,7.9,0.031,6855502,LOCKED
39517,213.627,-170427251818745,35026,86681,-29476.8,32767.6,7.7,0.021,6954678,LOCKED
39518,214.627,-170427251900594,-15185,36470,-29557.8,32561.7,7.9,0.018,6961848,LOCKED
39519,215.628,-170427251905945,7370,59025,-29488.9,32287.0,7.7,0.029,7048478,LOCKED
39520,216.628,-170427251909297,30937,82592,-29414.0,32520.2,7.7,0.029,7136308,LOCKED
39521,217.628,-170427252026639,-52349,0,-29555.0,33069.2,7.9,0.033,7106938,LOCKED
39522,218.629,-170427252011995,-9553,42796,-29470.1,32144.8,7.9,0.026,7215449,LOCKED
39523,219.628,-170427252011467,20163,72512,-29489.9,31977.8,7.8,0.034,7305192,LOCKED
39524,220.628,-170427252020805,38056,90405,-29442.2,32359.0,7.7,0.031,7385782,LOCKED
39525,221.628,-170427252130161,-39148,13201,-29510.2,32792.7,7.6,0.041,7368872,LOCKED
39526,222.628,-170427252123913,-3676,48673,-29490.0,32731.5,7.6,0.052,7463062,LOCKED
39527,223.628,-170427252116821,29924,82273,-29393.2,32803.6,7.6,0.062,7561247,LOCKED
39528,224.628,-170427252214028,-37259,15090,-29362.1,32340.4,7.4,0.093,7555026,LOCKED
39529,225.628,-170427252210621,-2983,49366,-29431.3,31961.9,7.8,0.078,7648237,LOCKED
39530,226.628,-170427252206564,29160,81509,-29413.8,32100.9,7.7,0.068,7745149,LOCKED
39531,227.628,-170427252223851,39102,91451,-29371.5,32473.3,7.6,0.060,7709846,LOCKED
39532,228.628,-170427252309953,-16584,35765,-29395.2,32548.7,7.9,0.044,7824688,LOCKED
39533,229.628,-170427252333562,-10419,41930,-29396.4,32552.7,8.0,0.041,7915575,LOCKED
39534,230.628,-170427252409642,-54246,0,-29446.5,33192.9,7.9,0.047,7904002,LOCKED
39535,231.629,-170427252435361,-48535,5711,-29463.1,33422.6,7.9,0.044,8004844,LOCKED
39536,232.629,-170427252388906,24028,78274,-29338.2,32963.6,8.0,0.034,8105967,LOCKED
39537,233.629,-170427252488098,-44797,9449,-29314.1,32564.1,8.0,0.032,8094803,LOCKED
39538,234.629,-170427252439795,31063,85309,-29279.5,32800.2,8.0,0.031,8232860,LOCKED
39539,235.628,-170427252562664,-57797,0,-29415.7,33617.8,8.1,0.022,8217326,LOCKED
39540,236.629,-170427252534448,1052,58849,-29477.3,33256.9,8.1,0.021,8327950,LOCKED
39541,237.629,-170427252520532,42511,100308,-29453.1,33528.5,8.0,0.021,8426954,LOCKED
39542,238.629,-170427252630274,-35206,22591,-29520.9,33864.4,8.0,0.020,8408260,LOCKED
39543,239.630,-170427252615203,9047,66844,-29519.3,33868.6,8.0,0.015,8513304,LOCKED
39544,240.629,-170427252624336,28825,86622,-29537.4,33676.8,8.0,0.015,8482276,LOCKED
39545,241.629,-170427252719634,-33224,24573,-29664.6,33555.4,7.8,0.013,8591236,LOCKED
39546,242.629,-170427252706348,10044,67841,-29697.0,33359.6,7.7,0.014,8694789,LOCKED
39547,243.630,-170427252706698,37592,95389,-29671.1,33604.8,7.7,0.011,8674747,LOCKED
39548,244.629,-170427252764583,7815,65612,-29607.3,33396.5,7.7,0.011,8824920,LOCKED
39549,245.628,-170427252760662,37477,95274,-29479.6,33439.4,7.9,0.008,8910990,LOCKED
39550,246.629,-170427252892222,-62250,0,-29491.6,33660.4,7.9,0.008,8873513,LOCKED
39551,247.629,-170427252884377,-22480,39770,-29573.8,33635.8,7.8,0.008,8972245,LOCKED
39552,248.629,-170427252866138,23777,86027,-29536.9,33788.4,7.8,0.008,9084531,LOCKED
39553,249.629,-170427252973835,-50582,11668,-29639.5,34462.7,7.8,0.009,9062027,LOCKED
39554,250.629,-170427252978531,-22299,39951,-29766.6,33917.8,7.6,0.013,9151346,LOCKED
39555,251.630,-170427252968297,18120,80370,-29817.4,33400.6,7.4,0.018,9249870,LOCKED
39556,252.633,-170427253065987,-45972,16278,-29926.7,33906.1,7.2,0.023,9241574,LOCKED
39557,253.631,-170427253064089,-13535,48715,-29934.2,33932.7,7.4,0.026,9336876,LOCKED
39558,254.630,-170427253034533,44933,107183,-29958.9,33533.4,7.4,0.027,9454975,LOCKED
39559,255.629,-170427253148977,-35804,26446,-30083.5,33543.4,7.3,0.028,9429009,LOCKED
39560,256.629,-170427253151078,-7118,55132,-30106.2,33548.0,7.1,0.035,9520435,LOCKED
39561,257.630,-170427253155584,16610,78860,-30041.9,33512.8,7.3,0.037,9601648,LOCKED
39562,258.632,-170427253148500,48688,110938,-29874.8,33567.1,7.3,0.039,9706388,LOCKED
39563,259.630,-170427253265224,-34851,27399,-29979.5,33730.5,7.3,0.040,9677166,LOCKED
39564,260.630,-170427253257766,2578,64828,-29983.4,33726.0,7.3,0.042,9776872,LOCKED
39565,261.630,-170427253248676,38294,100544,-29882.1,34021.9,7.3,0.044,9877566,LOCKED
39566,262.630,-170427253256194,55269,117519,-29709.2,34339.4,7.2,0.047,9850527,LOCKED
39567,263.630,-170427253364676,-20959,41291,-29799.4,34207.7,7.4,0.048,9944553,LOCKED
39568,264.630,-170427253332392,36992,99242,-29657.8,34060.5,7.4,0.041,10067902,LOCKED
39569,265.630,-170427253354987,39877,102127,-29518.8,34070.8,7.3,0.034,10023736,LOCKED
39570,266.630,-170427253456681,-29209,33041,-29622.1,34063.5,7.3,0.036,10125290,LOCKED
39571,267.630,-170427253446415,10180,72430,-29614.5,34082.2,7.3,0.038,10225460,LOCKED
39572,268.632,-170427253464989,19542,81792,-29564.5,34163.6,7.4,0.038,10320779,LOCKED
39573,269.631,-170427253539512,-24655,37595,-29560.9,34134.7,7.4,0.042,10310988,LOCKED
39574,270.630,-170427253591215,-42288,19962,-29712.1,34095.2,7.5,0.057,10418959,LOCKED
39575,271.630,-170427253555756,22374,84624,-29724.4,33997.0,7.4,0.042,10392119,LOCKED
39576,272.630,-170427253628712,-19419,42831,-29762.8,34097.5,7.4,0.042,10491727,LOCKED
39577,273.631,-170427253626688,10412,72662,-29684.0,33802.9,7.5,0.054,10586319,LOCKED
39578,274.630,-170427253685447,-16955,45295,-29739.7,33821.2,7.2,0.082,10619905,LOCKED
39579,275.631,-170427253701292,-3125,59125,-29731.3,33806.8,7.2,0.083,10719733,LOCKED
39580,276.630,-170427253780044,-49912,12338,-29758.0,34155.6,7.2,0.085,10708877,LOCKED
39581,277.631,-170427253772646,-10186,52064,-29867.4,33439.8,7.2,0.083,10805606,LOCKED
39582,278.631,-170427253754337,35911,98161,-29825.0,33756.1,7.2,0.089,10914243,LOCKED
39583,279.631,-170427253852675,-31119,31131,-29846.0,33920.4,7.6,0.107,10907382,LOCKED
39584,280.631,-170427253831403,17370,79620,-29745.7,33569.3,7.8,0.119,11019180,LOCKED
39585,281.631,-170427253826673,49687,111937,-29722.4,33882.3,8.5,0.142,11003289,LOCKED
39586,282.632,-170427253911781,-5289,56961,-29733.7,33889.6,8.5,0.143,11120547,LOCKED
39587,283.631,-170427253900763,31978,94228,-29615.6,33827.1,8.6,0.153,11220804,LOCKED
39588,284.631,-170427253995432,-29971,32279,-29718.3,33848.9,8.7,0.162,11217423,LOCKED
39589,285.631,-170427254003421,-7755,54495,-29729.3,33864.7,8.6,0.156,11298468,LOCKED
39590,286.631,-170427254001951,20751,83001,-29631.5,33646.3,8.6,0.157,11391903,LOCKED
39591,287.631,-170427254010855,37095,99345,-29477.7,33320.3,8.6,0.158,11362239,LOCKED
39592,288.631,-170427254095637,-16986,45264,-29509.6,33399.7,8.3,0.158,11475758,LOCKED
39593,289.631,-170427254088167,18559,80809,-29470.0,33490.2,8.4,0.153,11577071,LOCKED
39594,290.631,-170427254097435,37629,99879,-29477.0,33402.4,8.3,0.155,11548812,LOCKED
39595,291.632,-170427254189131,-21677,40573,-29584.2,33101.4,8.3,0.156,11658263,LOCKED
39596,292.631,-170427254184085,11009,73259,-29506.9,32829.2,8.1,0.155,11753344,LOCKED
39597,293.631,-170427254177179,45468,107718,-29486.6,33085.9,8.1,0.155,11851481,LOCKED
39598,294.632,-170427254263262,-11843,50407,-29431.7,32602.7,8.2,0.152,11853347,LOCKED
39599,295.632,-170427254272865,9057,71307,-29499.5,31976.0,8.0,0.150,11937722,LOCKED
39600,296.632,-170427254282405,26896,89146,-29440.1,32169.9,8.0,0.150,12020115,LOCKED
39601,297.632,-170427254381831,-42015,20235,-29422.9,31905.5,8.0,0.151,12005925,LOCKED
39602,298.632,-170427254376160,-5590,56660,-29479.0,31712.4,8.1,0.148,12105492,LOCKED
39603,299.632,-170427254370089,27474,89724,-29402.6,31856.1,7.9,0.142,12203508,LOCKED
39604,300.633,-170427254475579,-46734,15516,-29417.1,32059.1,7.9,0.142,12186082,LOCKED
39605,301.632,-170427254451734,6983,69233,-29451.1,31872.2,8.0,0.139,12301782,LOCKED
39606,302.631,-170427254448714,36397,98647,-29361.4,32190.9,8.1,0.137,12282774,LOCKED
39607,303.632,-170427254543848,-29002,33248,-29331.5,31821.3,7.9,0.133,12384869,LOCKED
39608,304.632,-170427254511753,29659,91909,-29244.9,31963.3,7.9,0.132,12510791,LOCKED
39609,305.632,-170427254630726,-58006,4244,-29249.6,32051.6,8.1,0.124,12481452,LOCKED
39610,306.632,-170427254625672,-20654,41596,-29365.2,31582.3,8.1,0.123,12576203,LOCKED
39611,307.632,-170427254630349,4169,66419,-29378.7,31546.0,7.9,0.116,12663280,LOCKED
39612,308.632,-170427254626646,33660,95910,-29258.3,31518.4,7.7,0.108,12760960,LOCKED
39613,309.632,-170427254746351,-51768,10482,-29418.8,31838.1,7.8,0.106,12728179,LOCKED
39614,310.632,-170427254749681,-23355,38895,-29494.2,31884.2,7.8,0.105,12819502,LOCKED
39615,311.632,-170427254780827,-23976,38274,-29504.9,31957.9,7.9,0.103,12907074,LOCKED
39616,312.632,-170427254849890,-57739,4511,-29693.6,32199.8,7.9,0.101,12896678,LOCKED
39617,313.633,-170427254841503,-17584,44666,-29766.3,32125.2,7.8,0.108,12996175,LOCKED
39618,314.633,-170427254802940,46339,108589,-29626.9,32424.3,7.9,0.106,13016113,LOCKED
39619,315.633,-170427254902647,-20608,41642,-29746.6,31894.1,7.9,0.104,13117332,LOCKED
39620,316.632,-170427254942383,-27805,34445,-29837.6,31949.8,7.9,0.103,13215428,LOCKED
39621,317.633,-170427254890567,50395,112645,-29751.7,32673.9,8.2,0.116,13202086,LOCKED
39622,318.633,-170427254989735,-19022,43228,-29720.0,32386.2,8.2,0.116,13307566,LOCKED
39623,319.633,-170427254965630,34140,96390,-29744.3,32060.7,8.3,0.117,13420054,LOCKED
39624,320.633,-170427255076360,-43369,18881,-29843.0,32549.9,8.3,0.114,13403560,LOCKED
39625,321.633,-170427255057652,4059,66309,-29794.5,32396.7,8.6,0.086,13512568,LOCKED
39626,322.633,-170427255053792,33673,95923,-29652.0,32071.9,8.7,0.062,13495870,LOCKED
39627,323.634,-170427255140138,-20635,41615,-29734.9,31989.6,8.8,0.056,13609606,LOCKED
39628,324.633,-170427255214194,-61824,426,-29785.9,32772.5,8.8,0.053,13628592,LOCKED
39629,325.633,-170427255207528,-25056,37194,-29759.6,32497.4,8.9,0.034,13729556,LOCKED
39630,326.633,-170427255193444,18567,80817,-29779.7,32339.0,8.9,0.015,13831380,LOCKED
39631,327.633,-170427255194546,43886,106136,-29687.7,32862.9,8.9,-0.005,13920551,LOCKED
39632,328.633,-170427255316115,-45603,16647,-29729.3,33309.1,8.9,0.009,13895322,LOCKED
39633,329.633,-170427255300403,616,62866,-29768.6,33162.1,9.0,-0.001,13994170,LOCKED
39634,330.633,-170427255314756,16541,78791,-29821.3,32631.6,9.0,0.002,14071131,LOCKED
39635,331.633,-170427255318910,38927,101177,-29724.8,32984.7,9.3,-0.014,14161325,LOCKED
39636,332.633,-170427255435428,-43932,18318,-29845.0,33352.5,9.3,-0.021,14132201,LOCKED
39637,333.633,-170427255426744,-5184,57066,-29847.2,33355.6,9.3,-0.026,14230061,LOCKED
39638,334.634,-170427255497059,-41854,20396,-29964.2,33667.4,9.5,-0.040,14251244,LOCKED
39639,335.634,-170427255497443,-11010,51240,-30008.0,33647.1,9.5,-0.042,14339240,LOCKED
39640,336.634,-170427255500934,16635,78885,-30091.2,32580.8,9.5,-0.037,14427370,LOCKED
39641,337.634,-170427255489270,55608,117858,-30047.1,33187.8,9.5,-0.040,14534625,LOCKED
39642,338.634,-170427255595818,-20127,42123,-30051.2,33212.6,9.5,-0.036,14516804,LOCKED
39643,339.634,-170427255587350,18863,81113,-30105.8,32611.8,9.2,-0.038,14614810,LOCKED
39644,340.634,-170427255589050,44243,106493,-30030.7,33160.1,8.9,-0.039,14705665,LOCKED
39645,341.634,-170427255702820,-38088,24162,-30036.5,33226.5,8.0,-0.033,14682003,LOCKED
39646,342.634,-170427255701107,-5287,56963,-30079.4,33131.8,8.0,-0.034,14776180,LOCKED
39647,343.634,-170427255697239,26118,88368,-29997.9,33206.1,7.7,-0.028,14873634,LOCKED
39648,344.634,-170427255725364,27569,89819,-30023.1,32927.3,7.3,-0.027,14841779,LOCKED
39649,345.634,-170427255814499,-28763,33487,-30111.9,33025.1,7.3,-0.025,14935681,LOCKED
39650,346.635,-170427255815838,-231,62019,-30099.7,33010.7,7.3,-0.025,15026113,LOCKED
39651,347.634,-170427255839598,4749,66999,-30040.7,32783.4,7.2,-0.024,15116709,LOCKED
39652,348.635,-170427255914912,-37099,25151,-30147.3,33011.8,7.2,-0.024,15107603,LOCKED
39653,349.635,-170427255906474,1024,63274,-30126.3,32978.6,7.2,-0.022,15203818,LOCKED
39654,350.636,-170427255899169,34868,97118,-30008.0,33021.1,7.2,-0.021,15304093,LOCKED
39655,351.636,-170427256006993,-39303,22947,-30121.7,33269.0,7.1,-0.020,15287154,LOCKED
39656,352.635,-170427255984931,11828,74078,-30089.7,33296.3,7.1,-0.016,15401654,LOCKED
39657,353.635,-170427255974195,47754,110004,-29928.3,33384.5,7.1,-0.014,15504129,LOCKED
39658,354.635,-170427256047881,3972,66222,-29933.8,33375.0,7.1,-0.014,15522013,LOCKED
39659,355.635,-170427256047079,32021,94271,-29855.0,33611.5,7.1,-0.010,15614126,LOCKED
39660,356.635,-170427256055589,48721,110971,-29707.8,33920.4,7.1,-0.007,15701071,LOCKED
39661,357.636,-170427256154138,-17803,44447,-29792.1,33757.0,7.5,-0.001,15690839,LOCKED
39662,358.635,-170427256145851,18876,81126,-29754.7,33852.5,7.6,-0.002,15790638,LOCKED
39663,359.635,-170427256151763,38637,100887,-29618.4,33842.5,7.6,-0.003,15759099,LOCKED
39664,360.636,-170427256268681,-44409,17841,-29753.5,34088.2,7.6,0.001,15843642,LOCKED
39665,361.635,-170427256273808,-19066,43184,-29757.0,34107.6,7.6,-0.001,15929505,LOCKED
39666,362.635,-170427256257124,23916,86166,-29626.7,33572.3,7.7,-0.003,16037609,LOCKED
39667,363.636,-170427256254090,53257,115507,-29552.3,34311.2,7.6,0.002,16019932,LOCKED
39668,364.636,-170427256306328,26850,89100,-29414.0,33773.7,8.0,0.006,16170906,LOCKED
39669,365.636,-170427256422840,-55231,7019,-29568.6,34305.5,7.7,-0.004,16142360,LOCKED
39670,366.636,-170427256415595,-17133,44691,-29603.3,34382.5,7.7,0.001,16241416,LOCKED
39671,367.636,-170427256408930,17173,78997,-29535.4,34337.4,7.7,-0.004,16342320,LOCKED
39672,368.637,-170427256500869,-44185,17639,-29513.2,33991.4,7.7,-0.007,16341559,LOCKED
39673,369.636,-170427256471577,14701,76525,-29541.6,33789.7,8.1,-0.015,16457859,LOCKED
39674,370.636,-170427256465290,47456,109280,-29469.6,34387.9,8.1,-0.020,16555168,LOCKED
39675,371.636,-170427256573461,-28987,32837,-29532.3,34600.2,8.1,-0.015,16533131,LOCKED
39676,372.636,-170427256554593,19745,81569,-29581.5,34090.9,8.4,-0.029,16648916,LOCKED
39677,373.636,-170427256655069,-47408,14416,-29686.5,34652.1,8.4,-0.028,16638547,LOCKED
39678,374.636,-170427256623545,11131,72955,-29573.7,33923.9,8.4,-0.040,16763190,LOCKED
39679,375.636,-170427256616338,45223,107047,-29516.9,34431.3,8.3,-0.038,16857732,LOCKED
39680,376.636,-170427256723043,-29142,32682,-29607.1,34525.2,8.3,-0.050,16845025,LOCKED
39681,377.636,-170427256717181,4032,65856,-29501.0,33665.9,7.9,-0.065,16937890,LOCKED
39682,378.636,-170427256715301,33412,95236,-29458.3,33947.9,7.8,-0.081,17032006,LOCKED
39683,379.636,-170427256821049,-41591,20233,-29452.2,33866.5,7.6,-0.100,17014165,LOCKED
39684,380.636,-170427256815983,-5460,56364,-29522.4,33547.5,7.6,-0.102,17108186,LOCKED
39685,381.637,-170427256814085,23904,85728,-29461.2,33670.8,7.6,-0.100,17205046,LOCKED
39686,382.636,-170427256927779,-57939,3885,-29482.1,34009.1,7.7,-0.111,17180432,LOCKED
39687,383.637,-170427256928467,-26925,34899,-29546.4,34179.5,7.7,-0.109,17276464,LOCKED
39688,384.636,-170427256906760,24610,86434,-29601.2,33493.4,7.8,-0.100,17283602,LOCKED
39689,385.636,-170427257007150,-42422,19402,-29715.3,33846.0,7.9,-0.089,17375163,LOCKED
39690,386.637,-170427257020468,-24935,36889,-29727.3,33926.2,7.9,-0.089,17454024,LOCKED
39691,387.637,-170427257032620,-8450,53374,-29659.6,33338.2,7.9,-0.090,17543873,LOCKED
39692,388.637,-170427257091882,-34183,27641,-29792.9,33176.3,7.8,-0.090,17538035,LOCKED
39693,389.637,-170427257107084,-18302,43522,-29825.9,33269.2,7.8,-0.091,17635624,LOCKED
39694,390.637,-170427257113030,4738,66562,-29792.5,33218.7,7.9,-0.085,17724148,LOCKED
39695,391.638,-170427257102549,40715,102539,-29649.0,33209.9,7.5,-0.086,17827996,LOCKED
39696,392.638,-170427257216265,-39151,22673,-29790.3,33158.3,7.5,-0.087,17802538,LOCKED
39697,393.637,-170427257187803,18101,79925,-29771.3,33234.7,7.5,-0.088,17918042,LOCKED
39698,394.637,-170427257265679,-26464,35360,-29901.3,32795.8,7.1,-0.091,17934218,LOCKED
39699,395.637,-170427257256004,13006,74830,-29917.8,32702.1,7.3,-0.098,18034181,LOCKED
39700,396.638,-170427257250040,45611,107435,-29832.7,33281.1,7.2,-0.098,18019757,LOCKED
39701,397.637,-170427257333895,-9406,52418,-29768.1,32708.0,7.2,-0.099,18139529,LOCKED
39702,398.637,-170427257319413,33500,95324,-29757.8,32808.8,7.4,-0.103,18245662,LOCKED
39703,399.638,-170427257334721,44503,106327,-29662.5,33333.9,7.4,-0.105,18209565,LOCKED
39704,400.637,-170427257422809,-14353,47471,-29617.4,32944.1,7.4,-0.103,18323954,LOCKED
39705,401.637,-170427257417748,20396,82220,-29654.9,32569.7,7.5,-0.099,18419114,LOCKED
39706,402.638,-170427257429418,36305,98129,-29613.3,32896.2,7.4,-0.102,18387512,LOCKED
39707,403.638,-170427257520954,-24662,37162,-29619.2,32939.5,7.4,-0.101,18499409,LOCKED
39708,404.637,-170427257494242,28830,90654,-29527.6,33018.8,7.5,-0.101,18505208,LOCKED
39709,405.637,-170427257603396,-46374,15450,-29667.8,33303.7,7.5,-0.100,18597399,LOCKED
39710,406.638,-170427257601112,-13178,48646,-29707.0,33328.3,7.4,-0.103,18693639,LOCKED
39711,407.637,-170427257575830,39238,101062,-29645.9,33746.3,7.4,-0.104,18810240,LOCKED
39712,408.638,-170427257675550,-27199,34625,-29779.4,33290.6,7.4,-0.108,18799791,LOCKED
39713,409.638,-170427257671723,6495,68319,-29794.5,33239.0,7.4,-0.107,18889758,LOCKED
39714,410.638,-170427257661196,43066,104890,-29681.9,33626.9,7.3,-0.111,18992690,LOCKED
39715,411.638,-170427257780930,-42132,19692,-29850.4,33313.7,7.2,-0.115,18963297,LOCKED
39716,412.638,-170427257771832,-2733,59091,-29868.0,33301.0,7.2,-0.114,19062500,LOCKED
39717,413.640,-170427257763186,32364,94188,-29753.9,33295.1,7.1,-0.119,19162713,LOCKED
39718,414.638,-170427257862669,-34675,27149,-29828.4,33609.7,7.2,-0.117,19154035,LOCKED
39719,415.638,-170427257869666,-11775,50049,-29812.2,33526.2,7.2,-0.115,19237219,LOCKED
39720,416.638,-170427257894756,-8040,53784,-29750.2,33022.5,7.1,-0.121,19306559,LOCKED
39721,417.638,-170427257875931,38655,100479,-29722.2,33294.9,6.9,-0.111,19409739,LOCKED
39722,418.638,-170427257996791,-49574,12250,-29782.6,33906.5,6.9,-0.109,19386048,LOCKED
39723,419.639,-170427257985081,-8832,52992,-29730.9,33527.1,7.0,-0.107,19487956,LOCKED
39724,420.638,-170427257998237,8791,70615,-29797.2,32947.2,6.9,-0.115,19581802,LOCKED
39725,421.639,-170427257987737,46723,108547,-29758.7,33383.0,6.9,-0.112,19555097,LOCKED
39726,422.639,-170427258096870,-31247,30577,-29775.7,33523.8,6.9,-0.108,19649528,LOCKED
39727,423.638,-170427258115452,-20575,41249,-29715.7,32807.6,6.8,-0.117,19736837,LOCKED
39728,424.639,-170427258180648,-53587,8237,-29747.8,33260.9,6.9,-0.073,19747486,LOCKED
39729,425.639,-170427258182350,-22184,39640,-29875.9,32674.0,7.1,-0.060,19838360,LOCKED
39730,426.639,-170427258186107,4283,66107,-29900.1,32586.6,7.1,-0.052,19927890,LOCKED
39731,427.639,-170427258234095,-13486,48338,-29893.4,32552.8,7.0,-0.045,20002073,LOCKED
39732,428.639,-170427258198429,50153,111977,-29882.5,32717.3,7.0,-0.051,19983615,LOCKED
39733,429.639,-170427258288955,-10273,51551,-29876.1,32692.3,6.5,-0.028,20095723,LOCKED
39734,430.639,-170427258285481,19886,81710,-29752.3,32072.9,6.7,-0.022,20189589,LOCKED
39735,431.639,-170427258386368,-47133,14691,-29876.1,32549.5,6.6,-0.012,20179104,LOCKED
39736,432.639,-170427258354157,13250,75074,-29814.4,32462.7,5.9,0.021,20302480,LOCKED
39737,433.639,-170427258342323,52885,114709,-29803.6,32636.8,5.9,0.019,20404690,LOCKED
39738,434.639,-170427258436782,-11446,50378,-29800.4,32624.2,6.5,0.039,20400512,LOCKED
39739,435.639,-170427258437318,14967,76791,-29685.2,31952.1,6.5,0.035,20491312,LOCKED
39740,436.639,-170427258436720,43047,104871,-29648.6,32342.4,6.5,0.032,20579243,LOCKED
39741,437.639,-170427258553862,-42000,19824,-29698.9,32791.6,6.4,0.028,20553216,LOCKED
39742,438.639,-170427258546572,-6163,55661,-29632.0,32245.2,6.4,0.026,20646666,LOCKED
39743,439.641,-170427258547534,22007,83831,-29644.1,32144.3,6.4,0.024,20742001,LOCKED
39744,440.639,-170427258555023,41139,102963,-29564.0,32620.3,6.4,0.022,20821596,LOCKED
39745,441.639,-170427258672929,-45394,16430,-29577.3,32798.3,6.5,0.020,20796846,LOCKED
39746,442.639,-170427258680059,-19944,41880,-29691.7,32329.8,6.2,0.018,20880743,LOCKED
39747,443.640,-170427258674817,14686,76510,-29701.3,32275.4,6.2,0.016,20976103,LOCKED
39748,444.640,-170427258763084,-42038,19786,-29721.7,32515.9,6.1,0.016,20980170,LOCKED
39749,445.640,-170427258779444,-25489,36335,-29836.0,32252.4,6.2,0.010,21054029,LOCKED
39750,446.640,-170427258780536,3938,65762,-29876.1,32050.3,6.2,0.009,21148199,LOCKED
39751,447.640,-170427258773500,38555,100379,-29827.5,32441.8,6.2,0.008,21244721,LOCKED
39752,448.640,-170427258884214,-38257,23567,-29964.1,32410.9,6.2,0.007,21222444,LOCKED
39753,449.640,-170427258877523,-531,61293,-30015.9,32170.7,6.2,0.006,21321458,LOCKED
39754,450.640,-170427258886269,19623,81447,-29993.8,32266.9,6.1,0.007,21401364,LOCKED
39755,451.640,-170427258911390,21779,83603,-29896.5,32077.2,6.1,0.006,21469442,LOCKED
39756,452.640,-170427258913688,47733,109557,-29895.2,32097.5,6.1,0.005,21556600,LOCKED
39757,453.640,-170427259030013,-36507,25317,-29942.0,32450.8,6.1,0.005,21531590,LOCKED
39758,454.640,-170427258997673,25390,87214,-29965.4,32206.4,6.1,0.004,21654363,LOCKED
39759,455.640,-170427259011070,39260,101084,-29898.1,32644.5,5.8,-0.001,21734498,LOCKED
39760,456.640,-170427259126635,-44599,17225,-29912.7,32833.5,6.0,0.001,21708466,LOCKED
39761,457.640,-170427259122939,-9719,52105,-29959.0,32781.6,6.0,-0.000,21799524,LOCKED
39762,458.641,-170427259121667,19239,81063,-29879.3,32692.2,5.8,-0.003,21896235,LOCKED
39763,459.640,-170427259186762,-16381,45443,-29832.1,32235.7,5.8,-0.005,21979285,LOCKED
39764,460.640,-170427259240527,-37275,24549,-29919.4,32586.4,5.7,-0.001,21959436,LOCKED
39765,461.642,-170427259229204,3034,64858,-29878.6,32472.7,5.5,0.003,22061068,LOCKED
39766,462.641,-170427259223302,34958,96782,-29747.2,32365.5,5.5,0.002,22158468,LOCKED
39767,463.641,-170427259333812,-42234,19590,-29852.4,32781.0,5.5,0.001,22140296,LOCKED
39768,464.641,-170427259277479,39892,101716,-29719.2,32863.0,5.4,0.006,22285573,LOCKED
39769,465.641,-170427259294400,50579,112403,-29699.8,33142.7,5.4,0.005,22251045,LOCKED
39770,466.641,-170427259389358,-13444,48380,-29738.1,33173.3,5.7,0.004,22360857,LOCKED
39771,467.641,-170427259361686,39589,101413,-29588.8,33032.3,5.5,0.011,22477758,LOCKED
39772,468.641,-170427259476050,-41581,20243,-29696.8,33401.0,5.7,0.010,22456514,LOCKED
39773,469.641,-170427259466573,-2605,59219,-29682.7,33371.6,5.7,0.009,22557970,LOCKED
39774,470.641,-170427259451126,38043,99867,-29525.8,33037.3,5.7,0.008,22659762,LOCKED
39775,471.641,-170427259562263,-39609,22215,-29654.4,33156.5,5.7,0.007,22639835,LOCKED
39776,472.641,-170427259557706,-5087,56737,-29661.2,33163.2,5.7,0.007,22736244,LOCKED
39777,473.642,-170427259545272,33288,95112,-29533.7,33039.0,5.7,0.006,22841993,LOCKED
39778,474.641,-170427259639379,-28365,33459,-29630.1,33066.1,5.8,0.002,22838106,LOCKED
39779,475.641,-170427259647717,-6385,55439,-29653.3,33064.5,6.1,0.004,22917706,LOCKED
39780,476.641,-170427259612604,54684,116508,-29562.6,33885.7,5.9,0.013,22931031,LOCKED
39781,477.642,-170427259694399,720,62544,-29478.6,33275.1,5.9,0.009,23051677,LOCKED
39782,478.642,-170427259680878,42240,104064,-29476.3,33305.7,5.9,0.005,23156150,LOCKED
39783,479.642,-170427259792980,-37724,24100,-29544.3,33697.0,5.7,0.017,23137978,LOCKED
39784,480.642,-170427259801837,-16392,45432,-29548.7,33717.6,5.8,0.014,23220087,LOCKED
39785,481.642,-170427259789199,22306,84130,-29414.3,33039.5,6.0,-0.003,23320873,LOCKED
39786,482.643,-170427259903099,-57443,4381,-29551.5,33830.0,6.0,-0.006,23297055,LOCKED
39787,483.642,-170427259901258,-23912,37912,-29616.8,33937.2,6.0,-0.010,23389719,LOCKED
39788,484.642,-170427259866518,39505,101329,-29636.4,33662.0,5.8,-0.014,23515855,LOCKED
39789,485.642,-170427259886670,46633,108457,-29598.3,34085.5,5.6,-0.016,23476890,LOCKED
39790,486.641,-170427259994604,-29672,28267,-29648.7,34322.6,5.8,-0.027,23569344,LOCKED
39791,487.643,-170427259983732,10758,68697,-29662.2,34262.3,5.8,-0.026,23673316,LOCKED
39792,488.642,-170427260062824,-37690,20249,-29647.6,34074.8,5.8,-0.026,23686436,LOCKED
39793,489.642,-170427260055746,-467,57472,-29671.3,34028.9,5.8,-0.025,23780697,LOCKED
39794,490.642,-170427260053660,28616,86555,-29587.5,34150.7,5.6,-0.025,23880544,LOCKED
39795,491.643,-170427260145802,-30074,27865,-29727.4,33723.9,5.6,-0.025,23875209,LOCKED
39796,492.645,-170427260170528,-23697,34242,-29755.6,33861.2,5.6,-0.024,23980355,LOCKED
39797,493.643,-170427260219654,-41898,16041,-29743.2,33686.8,5.6,-0.023,23978225,LOCKED
39798,494.642,-170427260184921,21573,79512,-29729.7,33761.4,4.7,-0.022,24108261,LOCKED
39799,495.642,-170427260284870,-45987,11952,-29783.9,34272.6,4.7,-0.022,24101516,LOCKED
39800,496.642,-170427260292200,-23500,34439,-29746.3,33876.1,4.7,-0.021,24203078,LOCKED
39801,497.642,-170427260348342,-45312,12627,-29896.2,33995.0,4.7,-0.021,24312486,LOCKED
39802,498.643,-170427260353928,-19389,38550,-29943.2,34081.9,4.7,-0.020,24299789,LOCKED
39803,499.643,-170427260348670,14106,72045,-29882.8,34023.6,4.9,-0.025,24398633,LOCKED
39804,500.646,-170427260441778,-47414,10525,-29887.6,34092.1,4.9,-0.024,24393235,LOCKED
39805,501.643,-170427260422274,3247,61186,-29955.5,33616.0,4.9,-0.024,24505073,LOCKED
39806,502.643,-170427260404008,48852,106791,-29908.2,34134.9,5.1,-0.028,24610760,LOCKED
39807,503.643,-170427260505556,-21755,36184,-29922.8,34213.8,5.1,-0.027,24603763,LOCKED
39808,504.643,-170427260479805,33204,91143,-29943.0,33970.9,5.4,-0.023,24718919,LOCKED
39809,505.643,-170427260485347,54961,112900,-29904.6,34490.0,5.1,-0.026,24805814,LOCKED
39810,506.642,-170427260599271,-27015,30924,-29960.0,34679.0,5.1,-0.026,24781386,LOCKED
39811,507.644,-170427260594969,5738,63677,-29895.4,34429.4,5.1,-0.026,24877058,LOCKED
39812,508.643,-170427260586535,42780,100719,-29903.4,34319.3,5.1,-0.026,24979042,LOCKED
39813,509.644,-170427260691877,-30118,27821,-29978.1,34520.4,5.1,-0.026,24963079,LOCKED
39814,510.643,-170427260696668,-4837,53102,-29974.7,34514.4,5.3,-0.028,25049007,LOCKED
39815,511.643,-170427260699191,20747,78686,-29917.4,34591.2,5.3,-0.028,25139044,LOCKED
39816,512.643,-170427260697518,47563,105502,-29761.9,34743.1,5.3,-0.028,25119208,LOCKED
39817,513.644,-170427260784669,-7825,50114,-29847.3,34313.1,5.6,-0.027,25230665,LOCKED
39818,514.643,-170427260838718,-30550,27389,-29869.0,34474.7,5.6,-0.028,25267755,LOCKED
39819,515.643,-170427260842050,-4913,53026,-29816.5,34155.2,5.6,-0.028,25358859,LOCKED
39820,516.644,-170427260823432,42314,100253,-29827.7,33998.7,5.6,-0.023,25462911,LOCKED
39821,517.643,-170427260930332,-31931,26008,-29913.5,34196.0,5.6,-0.023,25451303,LOCKED
39822,518.644,-170427260917852,9388,67327,-29876.3,34182.0,5.4,-0.016,25552158,LOCKED
39823,519.644,-170427260906574,47996,105935,-29831.1,34666.8,5.6,-0.016,25650939,LOCKED
39824,520.643,-170427261029077,-40238,17701,-29982.3,34534.6,5.6,-0.016,25620795,LOCKED
39825,521.644,-170427261021566,-2255,55684,-30002.6,34512.7,5.8,-0.015,25718599,LOCKED
39826,522.646,-170427261007522,38212,96151,-29890.2,34723.6,6.0,-0.017,25825297,LOCKED
39827,523.644,-170427261010819,62311,120250,-29871.5,35046.0,6.2,-0.015,25803538,LOCKED
39828,524.644,-170427261067332,32242,90181,-29756.7,35028.9,6.4,-0.018,25946538,LOCKED
39829,525.644,-170427261081844,42748,100687,-29594.9,34863.7,6.6,-0.021,25914387,LOCKED
39830,526.644,-170427261183574,-27114,30825,-29661.4,35026.6,6.6,-0.038,26011031,LOCKED
39831,527.644,-170427261178299,5822,63761,-29572.8,34504.5,6.8,-0.017,26112274,LOCKED
39832,528.645,-170427261174613,37763,95702,-29570.9,34525.2,6.9,0.013,26204208,LOCKED
39833,529.644,-170427261280555,-36134,21805,-29632.3,34871.8,6.9,0.012,26189290,LOCKED
39834,530.645,-170427261271688,712,58651,-29552.2,34332.7,7.0,0.026,26290253,LOCKED
39835,531.645,-170427261259027,41248,99187,-29538.5,34488.9,7.0,0.025,26391160,LOCKED
39836,532.644,-170427261368548,-36209,21730,-29602.4,34837.6,7.0,0.025,26371623,LOCKED
39837,533.645,-170427261371262,-10065,47874,-29549.0,34427.3,7.2,0.011,26457954,LOCKED
39838,534.644,-170427261444576,-49611,8328,-29673.8,34957.8,7.0,0.029,26477470,LOCKED
39839,535.645,-170427261452114,-25572,32367,-29724.8,35126.6,7.0,0.025,26558964,LOCKED
39840,536.645,-170427261463061,-8358,49581,-29633.9,34181.6,7.1,0.035,26647362,LOCKED
39841,537.645,-170427261475463,7900,65839,-29599.2,34160.2,7.1,0.033,26739931,LOCKED
39842,538.645,-170427261559155,-45060,12879,-29579.7,33856.4,7.1,0.031,26721474,LOCKED
39843,539.645,-170427261568729,-22622,35317,-29661.6,33837.7,7.2,0.039,26804047,LOCKED
39844,540.645,-170427261544645,29292,87231,-29620.4,34061.7,7.3,0.046,26921236,LOCKED
39845,541.645,-170427261602362,-121,57818,-29555.5,33686.3,7.1,0.045,26905331,LOCKED
39846,542.645,-170427261674338,-38287,19652,-29700.9,33542.0,7.1,0.043,26984718,LOCKED
39847,543.645,-170427261645052,19939,77878,-29696.7,33566.6,7.1,0.041,27089638,LOCKED
39848,544.645,-170427261710143,-15996,41943,-29643.5,33042.2,7.2,0.039,27116914,LOCKED
39849,545.645,-170427261747884,-24477,33462,-29583.8,32244.3,7.2,0.038,27215966,LOCKED
39850,546.645,-170427261691630,57925,115864,-29511.4,33112.9,7.0,0.036,27204963,LOCKED
39851,547.645,-170427261765344,12008,69947,-29447.1,32983.6,7.1,0.040,27329477,LOCKED
39852,548.645,-170427261749295,54527,112466,-29391.6,33661.8,7.1,0.038,27328522,LOCKED
39853,549.646,-170427261857347,-23030,34909,-29407.4,33753.5,7.2,0.042,27422529,LOCKED
39854,550.645,-170427261837675,22835,80774,-29287.4,33324.7,7.2,0.045,27536089,LOCKED
39855,551.645,-170427261851180,36548,94487,-29246.6,33644.2,7.3,0.044,27498503,LOCKED
39856,552.647,-170427261949761,-30376,27563,-29314.5,33877.2,7.3,0.043,27603665,LOCKED
39857,553.645,-170427261951479,-1605,56334,-29369.6,33634.9,7.3,0.041,27695681,LOCKED
39858,554.646,-170427262026050,-44835,13104,-29391.8,33901.6,7.4,0.044,27707276,LOCKED
39859,555.645,-170427262032560,-19266,38673,-29491.8,33613.3,7.4,0.042,27792675,LOCKED
39860,556.645,-170427262024333,17883,75822,-29493.6,33602.8,7.4,0.041,27889879,LOCKED
39861,557.645,-170427262129667,-52646,5293,-29667.0,33775.9,7.6,0.037,27875665,LOCKED
39862,558.645,-170427262123983,-15262,42677,-29741.6,33636.3,7.6,0.036,27971380,LOCKED
39863,559.645,-170427262118295,18680,76619,-29699.6,33724.2,7.5,0.034,28069424,LOCKED
39864,560.646,-170427262215202,-43470,14469,-29875.9,33348.0,7.6,0.035,28060877,LOCKED
39865,561.646,-170427262220132,-16879,41060,-29928.6,33378.4,7.7,0.036,28151136,LOCKED
39866,562.646,-170427262213702,17098,75037,-29840.0,33149.2,7.8,0.029,28242165,LOCKED
39867,563.646,-170427262201665,56317,114256,-29803.2,33680.2,7.8,0.028,28346723,LOCKED
39868,564.646,-170427262279330,7246,65185,-29755.8,33587.3,7.7,0.032,28358318,LOCKED
39869,565.646,-170427262282047,30534,88473,-29622.2,33269.9,7.7,0.031,28445903,LOCKED
39870,566.646,-170427262300756,39898,97837,-29612.6,33382.9,7.8,0.031,28409374,LOCKED
39871,567.646,-170427262411887,-38865,19074,-29683.2,33797.0,7.8,0.030,28499479,LOCKED
39872,568.646,-170427262413603,-11362,46577,-29641.5,33493.3,7.8,0.029,28584902,LOCKED
39873,569.646,-170427262414565,17474,75413,-29678.3,33168.1,7.8,0.028,28677238,LOCKED
39874,570.646,-170427262436987,23644,81583,-29664.3,33255.3,7.6,0.019,28747435,LOCKED
39875,571.646,-170427262449132,38112,96051,-29577.8,33620.9,7.6,0.018,28825533,LOCKED
39876,572.646,-170427262563005,-44668,13271,-29577.8,33621.6,7.6,0.017,28804838,LOCKED
39877,573.646,-170427262564347,-14983,42956,-29624.1,33647.4,7.5,0.025,28889503,LOCKED
39878,574.647,-170427262554810,23845,81784,-29647.5,33423.8,7.6,0.022,28998713,LOCKED
39879,575.646,-170427262657012,-45122,12817,-29748.7,33937.7,7.7,0.019,28984359,LOCKED
39880,576.646,-170427262650486,-9382,48557,-29706.8,33659.4,7.5,0.002,29081063,LOCKED
39881,577.646,-170427262666012,5884,63823,-29770.0,33184.0,7.5,-0.000,29164486,LOCKED
39882,578.647,-170427262744149,-39641,18298,-29843.7,33616.2,7.6,-0.008,29145190,LOCKED
39883,579.646,-170427262763524,-28514,29425,-29828.5,33460.1,7.9,0.035,29240399,LOCKED
39884,580.647,-170427262753255,12629,70568,-29901.0,32693.3,8.1,0.058,29339121,LOCKED
39885,581.649,-170427262742381,50592,108531,-29847.0,33298.6,8.0,0.047,29441344,LOCKED
39886,582.647,-170427262856033,-31869,26070,-29860.0,33413.7,8.0,0.080,29419154,LOCKED
39887,583.647,-170427262838985,12341,70280,-29747.9,32713.5,8.5,0.097,29527527,LOCKED
39888,584.647,-170427262924486,-41552,16387,-29770.1,32964.2,8.8,0.145,29532431,LOCKED
39889,585.647,-170427262920043,-8350,49589,-29706.4,32421.5,8.7,0.197,29626822,LOCKED
39890,586.647,-170427262907708,32319,90258,-29692.8,32546.8,8.2,0.243,29729485,LOCKED
39891,587.647,-170427262925920,40624,98563,-29604.3,32983.9,8.4,0.259,29692479,LOCKED
39892,588.647,-170427263020156,-23956,33983,-29566.9,32568.7,8.6,0.273,29802203,LOCKED
39893,589.647,-170427263009666,16014,73953,-29589.4,32406.0,8.4,0.276,29901725,LOCKED
39894,590.647,-170427263011810,40359,98298,-29504.2,32847.2,8.6,0.288,29991633,LOCKED
39895,591.648,-170427263129517,-46479,11460,-29493.8,32682.6,8.6,0.299,29963074,LOCKED
39896,592.647,-170427263118871,-5072,52867,-29547.7,32503.8,8.6,0.309,30065683,LOCKED
39897,593.647,-170427263108241,32849,90788,-29491.4,32808.3,8.2,0.319,30167343,LOCKED
39898,594.647,-170427263211296,-36618,21321,-29631.9,32653.5,8.0,0.319,30156398,LOCKED
39899,595.648,-170427263212803,-7084,50855,-29689.4,32480.4,8.1,0.325,30237818,LOCKED
39900,596.648,-170427263233347,2228,60167,-29701.3,32458.7,8.3,0.332,30317594,LOCKED
39901,597.648,-170427263214689,47040,104979,-29605.3,33064.7,8.1,0.330,30422534,LOCKED
39902,598.648,-170427263330009,-34689,23250,-29743.5,32856.3,8.1,0.335,30398463,LOCKED
39903,599.648,-170427263327752,-1571,56368,-29795.8,32632.0,8.3,0.329,30487756,LOCKED
39904,600.648,-170427263333272,20442,78381,-29718.6,32592.8,8.3,0.329,30574650,LOCKED
39905,601.648,-170427263341030,39713,97652,-29652.5,33034.8,8.2,0.328,30655268,LOCKED
39906,602.648,-170427263454527,-39825,18114,-29797.9,32959.1,8.1,0.326,30632948,LOCKED
39907,603.648,-170427263454065,-9329,48610,-29794.0,32946.0,8.0,0.325,30724548,LOCKED
39908,604.648,-170427263426549,45636,103575,-29754.7,33374.7,7.9,0.324,30841534,LOCKED
39909,605.648,-170427263455717,44258,102197,-29731.9,33645.4,8.4,0.330,30904688,LOCKED
39910,606.648,-170427263580425,-49225,3421,-29723.2,33505.2,8.4,0.331,30872203,LOCKED
39911,607.648,-170427263581793,-19919,32727,-29736.8,33573.4,8.6,0.335,30958100,LOCKED
39912,608.648,-170427263562931,24878,77524,-29591.3,32807.3,8.6,0.336,31070217,LOCKED
39913,609.648,-170427263565993,48578,101224,-29533.2,33398.4,8.6,0.337,31157420,LOCKED
39914,610.648,-170427263694777,-48526,4120,-29557.9,33719.4,9.2,0.343,31119598,LOCKED
39915,611.648,-170427263702658,-26808,25838,-29515.2,33196.2,9.2,0.338,31201703,LOCKED
39916,612.648,-170427263757219,-47972,4674,-29626.1,33765.5,9.2,0.335,31285868,LOCKED
39917,613.648,-170427263700158,35870,88516,-29546.0,34088.9,9.1,0.332,31387550,LOCKED
39918,614.649,-170427263779233,-11663,40983,-29624.7,33825.9,9.1,0.334,31399744,LOCKED
39919,615.648,-170427263847334,-46451,6195,-29728.7,34364.8,9.0,0.331,31501201,LOCKED
39920,616.648,-170427263867932,-35645,17001,-29751.6,34568.5,9.0,0.328,31487459,LOCKED
39921,617.649,-170427263859830,3822,56468,-29837.4,33822.9,8.7,0.318,31587121,LOCKED
39922,618.649,-170427263841771,49047,101693,-29787.7,34357.3,8.6,0.314,31697482,LOCKED
39923,619.649,-170427263951298,-29198,23448,-29812.5,34524.9,8.6,0.316,31675010,LOCKED
39924,620.649,-170427263937180,15509,68155,-29876.6,33859.4,8.6,0.318,31783374,LOCKED
39925,621.649,-170427263931714,48550,101196,-29844.3,34251.3,8.6,0.321,31876218,LOCKED
39926,622.649,-170427264049670,-37181,15465,-29899.4,34612.7,8.4,0.310,31855746,LOCKED
39927,623.649,-170427264031812,8330,60976,-29802.9,34044.1,8.4,0.305,31959960,LOCKED
39928,624.649,-170427264089512,-18376,34270,-29830.8,34133.8,8.3,0.300,31996758,LOCKED
39929,625.649,-170427264088047,11111,63757,-29760.3,33938.3,8.3,0.294,32086457,LOCKED
39930,626.649,-170427264074417,49539,102185,-29598.9,34112.9,8.3,0.299,32192485,LOCKED
39931,627.649,-170427264174118,-18084,34562,-29690.7,33883.1,8.3,0.292,32184002,LOCKED
39932,628.650,-170427264163065,21497,74143,-29669.3,33985.1,8.5,0.282,32282024,LOCKED
39933,629.649,-170427264165964,44478,97124,-29557.1,34415.9,8.5,0.273,32370415,LOCKED
39934,630.650,-170427264277081,-35657,16989,-29567.8,34521.8,8.9,0.228,32350502,LOCKED
39935,631.650,-170427264277434,-7616,45030,-29497.3,33922.0,9.1,0.191,32440122,LOCKED
39936,632.650,-170427264269968,28556,81202,-29506.0,33838.0,9.1,0.157,32537682,LOCKED
39937,633.650,-170427264379862,-48239,4407,-29602.3,34454.3,9.0,0.125,32518727,LOCKED
39938,634.649,-170427264333758,24672,77318,-29506.0,34371.8,9.1,0.108,32655869,LOCKED
39939,635.650,-170427264439311,-46719,5927,-29657.0,34539.7,9.1,0.091,32637560,LOCKED
39940,636.649,-170427264440260,-16585,36061,-29699.5,34597.4,9.1,0.087,32724560,LOCKED
39941,637.650,-170427264433180,18702,71348,-29657.3,34682.8,8.7,0.050,32826987,LOCKED
39942,638.650,-170427264431140,48523,101169,-29645.9,34838.4,8.6,0.027,32808297,LOCKED
39943,639.650,-170427264527062,-15499,37147,-29730.9,34613.5,8.9,0.011,32914750,LOCKED
39944,640.650,-170427264511423,27789,80435,-29674.9,34814.0,8.9,0.009,33023560,LOCKED
39945,641.650,-170427264520950,43286,95932,-29518.3,34749.4,8.7,0.008,32988792,LOCKED
39946,642.650,-170427264615692,-19399,33247,-29610.8,34553.1,8.7,0.006,33093409,LOCKED
39947,643.650,-170427264603826,20300,72946,-29557.2,34634.9,8.6,0.003,33195169,LOCKED
39948,644.650,-170427264685113,-27912,24734,-29683.7,34319.9,8.5,0.001,33208093,LOCKED
39949,645.650,-170427264691027,-3400,49246,-29714.6,34268.9,8.6,-0.009,33292225,LOCKED
39950,646.650,-170427264721632,-4903,47743,-29676.2,34082.2,8.7,-0.017,33385582,LOCKED
39951,647.650,-170427264790902,-42934,9712,-29681.5,34149.9,8.8,-0.025,33374146,LOCKED
39952,648.651,-170427264784696,-5808,46838,-29732.7,34010.9,8.8,-0.031,33470581,LOCKED
39953,649.650,-170427264775002,30933,83579,-29652.2,34208.8,8.9,-0.037,33573694,LOCKED
39954,650.651,-170427264874712,-38069,14577,-29640.7,34061.9,8.9,-0.041,33565285,LOCKED
39955,651.651,-170427264861853,5532,58178,-29704.1,33596.9,8.9,-0.045,33667244,LOCKED
39956,652.650,-170427264845347,48511,101157,-29626.1,34232.3,8.9,-0.048,33773079,LOCKED
39957,653.651,-170427264946685,-22948,29698,-29600.2,33990.8,8.8,-0.050,33763069,LOCKED
39958,654.651,-170427264910385,41291,93937,-29587.4,34139.9,9.0,-0.045,33891460,LOCKED
39959,655.651,-170427265026528,-42095,10551,-29673.1,34602.9,8.9,-0.046,33864428,LOCKED
39960,656.651,-170427265028748,-13702,38944,-29696.5,34652.9,8.9,-0.047,33959343,LOCKED
39961,657.651,-170427265010466,30439,83085,-29558.5,34277.5,8.9,-0.050,34056911,LOCKED
39962,658.651,-170427265007971,59530,112176,-29512.0,34930.7,8.9,-0.049,34040642,LOCKED
39963,659.651,-170427265118113,-19679,32967,-29549.1,35032.2,8.8,-0.054,34132677,LOCKED
39964,660.651,-170427265121428,5403,58049,-29501.5,34915.0,8.8,-0.053,34218355,LOCKED
39965,661.651,-170427265114502,37604,90250,-29356.3,34748.2,8.8,-0.052,34316380,LOCKED
39966,662.651,-170427265222076,-36825,15821,-29481.2,34793.2,8.8,-0.051,34299808,LOCKED
39967,663.651,-170427265224794,-9134,43512,-29511.6,34797.5,8.8,-0.050,34388800,LOCKED
39968,664.651,-170427265296865,-49930,2716,-29515.1,34849.4,8.9,-0.050,34407887,LOCKED
39969,665.651,-170427265290490,-14787,37859,-29453.7,34245.2,8.7,-0.043,34502353,LOCKED
39970,666.651,-170427265282206,22874,75520,-29488.1,33898.2,8.5,-0.039,34602663,LOCKED
39971,667.651,-170427265272089,58967,111613,-29413.7,34758.9,8.4,-0.033,34591676,LOCKED
39972,668.651,-170427265363843,-4245,48401,-29363.7,34478.6,8.6,-0.028,34698191,LOCKED
39973,669.651,-170427265339568,44144,96790,-29179.1,33996.5,8.6,-0.027,34814350,LOCKED
39974,670.652,-170427265462083,-44906,7740,-29315.1,34253.6,7.8,-0.013,34782681,LOCKED
39975,671.651,-170427265459645,-11795,40851,-29362.2,34229.9,7.8,-0.017,34875645,LOCKED
39976,672.652,-170427265447975,28727,81373,-29385.0,33982.1,7.8,-0.014,34973301,LOCKED
39977,673.651,-170427265461089,40644,93290,-29238.6,33932.5,7.9,-0.011,34939140,LOCKED
39978,674.652,-170427265523964,6638,59284,-29231.5,33942.7,8.2,-0.007,35078401,LOCKED
39979,675.651,-170427265520340,38305,90951,-29236.9,33875.9,8.2,-0.002,35170653,LOCKED
39980,676.652,-170427265640511,-48065,4581,-29381.3,34183.7,8.2,0.004,35141239,LOCKED
39981,677.652,-170427265631997,-9479,43167,-29399.4,34207.7,8.2,-0.000,35240531,LOCKED
39982,678.652,-170427265632130,16961,69607,-29288.7,33706.7,8.2,0.007,35330463,LOCKED
39983,679.652,-170427265637676,39065,91711,-29273.2,33873.7,8.1,0.015,35417046,LOCKED
39984,680.652,-170427265761374,-52175,471,-29342.9,34565.4,8.1,0.025,35384062,LOCKED
39985,681.652,-170427265751492,-13650,38996,-29285.7,34040.4,8.4,0.026,35481729,LOCKED
39986,682.652,-170427265782264,-12829,39817,-29377.8,33656.2,8.4,0.011,35570925,LOCKED
39987,683.652,-170427265846760,-44974,7672,-29449.0,34200.8,8.4,0.015,35566542,LOCKED
39988,684.652,-170427265868041,-33572,19074,-29552.1,34332.9,8.7,-0.000,35706875,LOCKED
39989,685.652,-170427265911395,-44388,8258,-29625.0,34855.9,8.6,0.003,35684154,LOCKED
39990,686.652,-170427265915546,-19175,33471,-29580.2,34421.4,8.8,-0.023,35775190,LOCKED
39991,687.652,-170427265897706,27175,79821,-29572.8,34477.8,9.0,-0.032,35881527,LOCKED
39992,688.652,-170427266000060,-43208,9438,-29618.7,34897.0,8.9,-0.021,35870261,LOCKED
39993,689.653,-170427265985254,-309,52337,-29543.2,34396.2,9.0,-0.025,35972183,LOCKED
39994,690.652,-170427265982132,31425,84071,-29549.8,34329.0,9.0,-0.043,36068710,LOCKED
39995,691.653,-170427265999397,41111,93757,-29490.5,34765.8,8.9,-0.045,36029344,LOCKED
39996,692.653,-170427266079356,-9769,42877,-29454.0,34542.1,9.0,-0.058,36150710,LOCKED
39997,693.653,-170427266062673,35605,88251,-29475.8,34262.8,8.9,-0.070,36258344,LOCKED
39998,694.653,-170427266132000,-4818,47828,-29439.7,34094.4,8.9,-0.079,36276967,LOCKED
39999,695.652,-170427266129137,27333,79979,-29477.8,33642.3,9.2,-0.096,36373860,LOCKED
40000,696.653,-170427266135657,47786,100432,-29434.3,34120.1,8.6,-0.095,36345064,LOCKED
40001,697.653,-170427266218390,-5609,47037,-29420.2,34078.2,8.5,-0.100,36463611,LOCKED
40002,698.653,-170427266212990,25783,78429,-29294.6,33687.1,8.4,-0.105,36558370,LOCKED
40003,699.653,-170427266327316,-54840,0,-29420.0,34426.0,8.4,-0.109,36534974,LOCKED
40004,700.653,-170427266323826,-21346,33494,-29413.1,34376.9,8.3,-0.112,36624173,LOCKED
40005,701.653,-170427266313552,15610,70450,-29304.8,33867.0,8.1,-0.108,36728532,LOCKED
40006,702.653,-170427266319055,37365,92205,-29266.4,34180.2,8.0,-0.110,36701964,LOCKED
40007,703.653,-170427266403652,-17659,37181,-29252.0,34083.6,7.8,-0.106,36817312,LOCKED
40008,704.653,-170427266380849,32992,87832,-29238.0,34208.9,7.7,-0.107,36819827,LOCKED
40009,705.653,-170427266480236,-34667,20173,-29302.7,34529.9,7.7,-0.109,36920421,LOCKED
40010,706.653,-170427266475762,-668,54172,-29312.5,34523.6,8.0,-0.116,37016651,LOCKED
40011,707.653,-170427266465682,37714,92554,-29325.7,34356.3,8.1,-0.117,37119601,LOCKED
40012,708.653,-170427266586778,-50157,4683,-29433.8,34990.0,8.1,-0.119,37086331,LOCKED
40013,709.654,-170427266591327,-24463,30377,-29432.8,34982.7,8.1,-0.116,37171652,LOCKED
40014,710.654,-170427266588627,8651,63491,-29495.5,34479.6,8.2,-0.114,37266433,LOCKED
40015,711.654,-170427266576188,47456,102296,-29420.7,35070.6,8.2,-0.115,37365855,LOCKED
40016,712.653,-170427266692105,-37917,16923,-29412.7,34974.1,8.5,-0.119,37342028,LOCKED
40017,713.654,-170427266682674,1794,56634,-29458.4,34769.9,8.6,-0.118,37443357,LOCKED
40018,714.654,-170427266767520,-51309,3531,-29485.2,35121.9,7.9,-0.111,37447228,LOCKED
40019,715.654,-170427266781347,-31668,23172,-29628.3,34728.1,7.9,-0.111,37525448,LOCKED
40020,716.654,-170427266798069,-16637,38203,-29705.0,34605.8,8.0,-0.111,37604781,LOCKED
40021,717.654,-170427266793983,15426,70266,-29645.8,34579.3,8.0,-0.110,37693169,LOCKED
40022,718.654,-170427266791246,42955,97795,-29478.7,34340.1,8.1,-0.108,37787188,LOCKED
40023,719.654,-170427266913820,-46108,8732,-29600.1,34764.4,8.1,-0.107,37749739,LOCKED
40024,720.654,-170427266925922,-26745,28095,-29647.3,34953.6,7.9,-0.100,37830472,LOCKED
40025,721.654,-170427266930874,-3100,51740,-29590.5,34622.3,7.8,-0.093,37918790,LOCKED
40026,722.653,-170427266952620,5774,60614,-29650.7,34199.6,7.6,-0.086,38004898,LOCKED
40027,723.654,-170427267025748,-34725,20115,-29739.3,34456.4,7.7,-0.078,37980037,LOCKED
40028,724.654,-170427267057014,-31879,22961,-29901.2,33742.9,7.5,-0.069,38109205,LOCKED
40029,725.654,-170427267017584,36001,90841,-29889.8,33858.6,7.4,-0.075,38207187,LOCKED
40030,726.654,-170427267101923,-17511,37329,-29906.7,33925.2,7.5,-0.073,38201019,LOCKED
40031,727.654,-170427267131077,-17263,37577,-29853.1,33380.1,7.5,-0.071,38292907,LOCKED
40032,728.654,-170427267096411,44562,99402,-29794.9,33889.1,7.4,-0.080,38387660,LOCKED
40033,729.655,-170427267200361,-29119,25721,-29769.7,33603.6,7.5,-0.079,38373050,LOCKED
40034,730.654,-170427267188510,13264,68104,-29829.3,33034.4,7.5,-0.078,38474193,LOCKED
40035,731.655,-170427267166636,61336,116176,-29753.0,33982.4,7.5,-0.077,38585351,LOCKED
40036,732.655,-170427267284566,-25915,28925,-29755.3,34000.8,7.8,-0.080,38559834,LOCKED
40037,733.655,-170427267269078,16671,71511,-29652.4,33595.4,8.4,-0.041,38667531,LOCKED
40038,734.655,-170427267331169,-15152,39688,-29657.5,33617.0,8.4,-0.038,38694721,LOCKED
40039,735.655,-170427267332353,10926,65766,-29557.8,33067.7,8.4,-0.039,38784623,LOCKED
40040,736.655,-170427267325101,46003,100843,-29549.3,33185.5,8.4,-0.025,38880065,LOCKED
40041,737.655,-170427267434777,-31761,23079,-29612.5,33459.5,8.4,-0.026,38864363,LOCKED
40042,738.655,-170427267426321,5106,59946,-29562.0,33311.0,8.5,-0.013,38958908,LOCKED
40043,739.655,-170427267422836,34018,88858,-29415.3,32948.5,8.5,0.001,39055588,LOCKED
40044,740.654,-170427267431794,52267,107107,-29393.9,33263.2,8.5,0.017,39137681,LOCKED
40045,741.656,-170427267549484,-33630,21210,-29455.8,33574.5,8.5,0.014,39109775,LOCKED
40046,742.655,-170427267543022,2282,57122,-29459.3,33570.8,8.5,0.017,39208161,LOCKED
40047,743.655,-170427267537964,35725,90565,-29466.0,33491.6,8.2,0.018,39300276,LOCKED
40048,744.655,-170427267626079,-20339,34501,-29559.3,33307.9,8.1,0.024,39304152,LOCKED
40049,745.655,-170427267633823,3036,57876,-29641.0,32620.9,8.4,0.036,39388429,LOCKED
40050,746.655,-170427267621571,42924,97764,-29614.0,32926.4,8.4,0.030,39484857,LOCKED
40051,747.655,-170427267728090,-32424,22416,-29636.5,33113.1,8.4,0.034,39473573,LOCKED
40052,748.656,-170427267720417,6333,61173,-29718.3,32334.5,8.3,0.036,39569380,LOCKED
40053,749.656,-170427267721771,32837,87677,-29681.5,32600.6,8.3,0.039,39660229,LOCKED
40054,750.656,-170427267735437,44967,99807,-29565.4,33041.6,8.2,0.040,39738903,LOCKED
40055,751.656,-170427267856990,-45185,9655,-29580.3,33235.9,8.2,0.042,39706515,LOCKED
40056,752.656,-170427267853360,-10769,44071,-29621.7,33222.7,8.2,0.043,39801126,LOCKED
40057,753.656,-170427267833453,35164,90004,-29503.5,33277.4,8.2,0.038,39909164,LOCKED
40058,754.656,-170427267905567,-6826,48014,-29522.6,33285.6,8.4,0.044,39925253,LOCKED
40059,755.656,-170427267911871,14401,69241,-29448.7,33129.1,8.1,0.038,40009826,LOCKED
40060,756.656,-170427267902062,48398,103238,-29270.6,32994.7,8.0,0.040,40110709,LOCKED
40061,757.656,-170427268017709,-35679,19161,-29324.2,33341.3,8.1,0.035,40090345,LOCKED
40062,758.656,-170427268011510,-1443,53397,-29258.5,32920.5,8.0,0.035,40185176,LOCKED
40063,759.656,-170427268002437,35940,90780,-29271.8,32751.9,8.0,0.034,40283379,LOCKED
40064,760.655,-170427268043163,23310,78150,-29252.8,32860.8,7.9,0.033,40240993,LOCKED
40065,761.657,-170427268121697,-25183,29657,-29249.6,32834.1,8.0,0.031,40344876,LOCKED
40066,762.656,-170427268168077,-41286,13554,-29231.3,32560.0,8.0,0.027,40435897,LOCKED
40067,763.657,-170427268107735,45197,100037,-29154.7,33132.8,8.2,0.031,40427578,LOCKED
40068,764.656,-170427268170669,8943,63783,-29047.9,32395.6,8.2,0.027,40567021,LOCKED
40069,765.656,-170427268243331,-31935,22905,-29129.2,32625.6,8.2,0.025,40545074,LOCKED
40070,766.656,-170427268272782,-30726,24114,-29153.3,32810.1,7.7,0.019,40646184,LOCKED
40071,767.656,-170427268260108,8502,63342,-29039.6,31926.8,7.6,0.016,40745608,LOCKED
40072,768.657,-170427268358810,-56133,0,-29193.3,32544.2,7.5,0.013,40735612,LOCKED
40073,769.657,-170427268355163,-21410,34723,-29250.2,32639.3,7.5,0.014,40829729,LOCKED
40074,770.657,-170427268348105,13284,69417,-29192.9,32583.2,7.5,0.016,40925681,LOCKED
40075,771.657,-170427268354411,31725,87858,-29027.1,31740.4,7.4,0.011,40897218,LOCKED
40076,772.656,-170427268455973,-37538,18595,-29125.5,32048.0,6.9,0.001,41000928,LOCKED
40077,773.657,-170427268443271,3432,59565,-29089.1,31964.6,7.0,0.001,41103035,LOCKED
40078,774.657,-170427268537052,-56040,93,-29252.3,32470.1,6.9,-0.004,41095022,LOCKED
40079,775.657,-170427268549966,-36246,19887,-29361.9,32647.4,6.7,-0.011,41172688,LOCKED
40080,776.657,-170427268545316,-1532,54601,-29393.8,32569.2,6.7,-0.018,41269313,LOCKED
40081,777.657,-170427268536853,33443,89576,-29307.9,32816.3,6.7,-0.017,41364791,LOCKED
40082,778.657,-170427268651616,-50292,5841,-29308.6,32827.8,6.7,-0.017,41341002,LOCKED
40083,779.657,-170427268645942,-12924,43209,-29404.4,32383.2,6.7,-0.017,41438421,LOCKED
40084,780.657,-170427268682611,-17950,38183,-29484.5,32255.2,6.7,-0.016,41487613,LOCKED
40085,781.657,-170427268680972,12510,68643,-29472.8,32290.3,6.8,-0.014,41582289,LOCKED
40086,782.657,-170427268680100,40002,96135,-29399.2,32743.0,6.9,-0.028,41674257,LOCKED
40087,783.658,-170427268785668,-32475,23658,-29526.6,32584.6,6.9,-0.019,41659691,LOCKED
40088,784.658,-170427268747324,34624,90757,-29546.4,32326.9,6.7,-0.034,41785881,LOCKED
40089,785.657,-170427268757907,49398,105531,-29422.7,32890.6,6.7,-0.028,41867460,LOCKED
40090,786.658,-170427268878596,-38127,18006,-29543.1,33036.0,6.8,-0.025,41835872,LOCKED
40091,787.657,-170427268867914,3083,59216,-29596.7,32721.1,6.8,-0.021,41938385,LOCKED
40092,788.658,-170427268864264,33022,89155,-29489.1,32801.4,6.8,-0.018,42031231,LOCKED
40093,789.658,-170427268977358,-45863,10270,-29644.8,32874.5,6.8,-0.016,42013271,LOCKED
40094,790.658,-170427268970332,-8393,47740,-29670.1,32883.9,6.9,-0.028,42110226,LOCKED
40095,791.658,-170427268957624,30283,86416,-29538.5,32577.7,6.9,-0.026,42208234,LOCKED
40096,792.658,-170427268982499,33988,90121,-29548.0,32464.4,6.9,0.011,42288182,LOCKED
40097,793.658,-170427269075838,-28001,28132,-29590.0,32681.7,6.9,0.021,42275366,LOCKED
40098,794.658,-170427269088949,-9801,46332,-29658.3,32468.5,7.1,0.034,42384987,LOCKED
40099,795.658,-170427269153474,-41662,14471,-29736.6,32955.1,7.0,0.046,42376207,LOCKED
40100,796.658,-170427269149836,-8823,47310,-29695.6,32684.8,7.2,0.055,42472127,LOCKED
40101,797.658,-170427269176610,-3991,52142,-29782.9,32092.1,7.0,0.055,42560315,LOCKED
40102,798.658,-170427269234298,-29459,26674,-29853.6,32306.7,7.1,0.062,42662985,LOCKED
40103,799.658,-170427269242013,-7533,48600,-29830.6,32201.1,7.2,0.068,42648281,LOCKED
40104,800.658,-170427269232743,28092,84225,-29706.5,31904.1,7.3,0.074,42752007,LOCKED
40105,801.658,-170427269332497,-37849,18284,-29845.4,31824.3,7.3,0.072,42742590,LOCKED
40106,802.658,-170427269318166,6224,62357,-29850.7,31810.7,7.4,0.076,42847999,LOCKED
40107,803.659,-170427269326320,25264,81397,-29762.1,31811.1,7.4,0.081,42931373,LOCKED
40108,804.659,-170427269397188,-13796,42337,-29839.7,31596.6,7.5,0.079,42951900,LOCKED
40109,805.659,-170427269399756,12965,69098,-29836.2,31610.5,7.4,0.084,43038518,LOCKED
40110,806.659,-170427269397931,40697,96830,-29710.9,31816.1,7.3,0.086,43133824,LOCKED
40111,807.658,-170427269506633,-34391,21742,-29845.5,31637.3,7.3,0.089,43114447,LOCKED
40112,808.659,-170427269512123,-9081,47052,-29877.3,31637.4,7.4,0.092,43199074,LOCKED
40113,809.659,-170427269509672,21119,77252,-29807.8,31667.5,7.5,0.095,43293045,LOCKED
40114,810.659,-170427269503379,52276,108409,-29651.8,32068.6,7.8,0.089,43388779,LOCKED
40115,811.659,-170427269520281,62490,118623,-29631.3,32447.4,7.8,0.092,43352095,LOCKED
40116,812.659,-170427269613425,-328,55805,-29664.9,32346.5,7.9,0.094,43464186,LOCKED
40117,813.659,-170427269602303,36847,92980,-29548.7,32486.6,7.8,0.093,43561431,LOCKED
40118,814.659,-170427269704022,-32700,23433,-29623.2,32761.6,7.7,0.098,43549926,LOCKED
40119,815.659,-170427269708399,-7358,48775,-29615.6,32738.5,7.6,0.097,43637521,LOCKED
40120,816.659,-170427269702301,24790,80923,-29481.6,32154.8,7.7,0.098,43734856,LOCKED
40121,817.659,-170427269710267,44295,100428,-29456.6,32457.4,8.5,0.101,43706022,LOCKED
40122,818.659,-170427269798960,-14140,41993,-29472.4,32506.7,8.5,0.101,43818396,LOCKED
40123,819.659,-170427269788431,22729,78862,-29356.3,32113.9,8.6,0.102,43916856,LOCKED
40124,820.659,-170427269802345,34490,90623,-29232.7,32083.8,8.6,0.101,43885954,LOCKED
40125,821.660,-170427269892298,-24205,31928,-29292.0,32225.4,8.5,0.096,43998981,LOCKED
40126,822.659,-170427269872266,24426,80559,-29298.6,32168.4,8.3,0.090,44106674,LOCKED
40127,823.660,-170427269972810,-45786,10347,-29273.1,31722.6,9.1,0.097,44092018,LOCKED
40128,824.659,-170427269918646,34228,90361,-29161.8,31814.5,9.0,0.090,44240031,LOCKED
40129,825.660,-170427270036035,-50121,6012,-29269.0,32500.0,9.0,0.090,44210378,LOCKED
40130,826.660,-170427270013538,1996,58129,-29289.6,32447.6,9.3,0.089,44326458,LOCKED
40131,827.660,-170427270000450,40576,96709,-29170.5,32702.0,9.6,0.087,44424457,LOCKED
40132,828.660,-170427270111392,-37222,18911,-29303.9,32667.3,9.9,0.085,44408365,LOCKED
40133,829.660,-170427270110494,-6233,49900,-29332.2,32650.4,9.9,0.083,44496834,LOCKED
40134,830.660,-170427270104623,26235,82368,-29241.4,32660.3,10.1,0.079,44596461,LOCKED
40135,831.660,-170427270122346,33591,89724,-29092.7,32235.9,10.1,0.076,44558631,LOCKED
40136,832.660,-170427270199515,-12993,43140,-29144.4,32206.2,10.1,0.072,44677341,LOCKED
40137,833.660,-170427270229645,-13861,42272,-29127.1,32099.8,10.1,0.054,44775314,LOCKED
40138,834.660,-170427270278885,-30439,25694,-29250.2,31911.2,10.1,0.048,44781371,LOCKED
40139,835.660,-170427270287053,-7839,48294,-29311.8,31713.3,10.2,0.043,44859844,LOCKED
40140,836.660,-170427270301193,6706,62839,-29292.1,31720.5,9.8,0.023,44942588,LOCKED
40141,837.660,-170427270323929,10972,67105,-29197.8,31218.7,9.9,0.033,44918350,LOCKED
40142,838.660,-170427270392456,-25200,30933,-29311.0,30947.0,10.0,0.041,45027235,LOCKED
40143,839.660,-170427270453178,-52662,3471,-29417.5,31743.8,10.1,0.046,45138780,LOCKED
40144,840.660,-170427270390332,37617,93750,-29382.6,32061.9,10.1,0.050,45210246,LOCKED
40145,841.661,-170427270516040,-55338,795,-29456.1,32880.4,9.8,0.023,45193130,LOCKED
40146,842.660,-170427270443617,42092,98225,-29307.4,32866.1,10.2,0.053,45335073,LOCKED
40147,843.661,-170427270541726,-24003,32130,-29400.5,32790.1,10.2,0.071,45331002,LOCKED
40148,844.661,-170427270596012,-46902,9231,-29420.1,33047.9,10.2,0.070,45368404,LOCKED
40149,845.660,-170427270572398,3886,60019,-29316.1,32184.0,10.1,0.069,45477055,LOCKED
40150,846.661,-170427270565379,38671,94804,-29304.3,32319.5,10.0,0.068,45467066,LOCKED
40151,847.661,-170427270646285,-12329,43804,-29313.3,32348.1,9.9,0.077,45588300,LOCKED
40152,848.661,-170427270630564,29238,85371,-29191.6,32130.3,9.9,0.065,45692845,LOCKED
40153,849.661,-170427270738331,-44800,11333,-29340.0,32250.1,9.8,0.064,45674948,LOCKED
40154,850.661,-170427270739087,-14900,41233,-29379.9,32295.9,9.2,0.062,45762214,LOCKED
40155,851.661,-170427270727184,23563,79696,-29280.5,32140.3,9.1,0.060,45867133,LOCKED
40156,852.661,-170427270836350,-54017,2116,-29303.8,32500.2,9.1,0.058,45850922,LOCKED
40157,853.661,-170427270829872,-16302,39831,-29371.7,32432.8,9.1,0.055,45941125,LOCKED
40158,854.661,-170427270807808,33126,89259,-29328.2,32723.8,9.1,0.053,45943068,LOCKED
40159,855.661,-170427270899944,-26321,29812,-29449.6,32398.7,9.1,0.051,46053108,LOCKED
40160,856.661,-170427270906510,-2756,53377,-29478.5,32347.1,9.1,0.049,46137362,LOCKED
40161,857.661,-170427270905828,26025,82158,-29454.1,32498.1,9.0,0.052,46226139,LOCKED
40162,858.661,-170427270904087,54841,110974,-29428.5,32889.8,9.1,0.055,46207900,LOCKED
40163,859.662,-170427270996249,-6734,49399,-29474.3,32797.2,9.1,0.058,46317307,LOCKED
40164,860.662,-170427270998382,18674,74807,-29410.3,32806.2,9.2,0.056,46407108,LOCKED
40165,861.661,-170427271007499,38122,94255,-29432.3,32492.2,9.3,0.061,46377023,LOCKED
40166,862.661,-170427271104619,-27342,28791,-29496.1,32680.6,9.6,0.055,46480989,LOCKED
40167,863.667,-170427271089797,15516,71649,-29450.1,32716.2,9.6,0.057,46584821,LOCKED
40168,864.663,-170427271161872,-24365,31768,-29544.5,32639.3,9.5,0.053,46605846,LOCKED
40169,865.662,-170427271162819,4136,60269,-29546.6,32636.0,9.5,0.051,46693843,LOCKED
40170,866.662,-170427271145785,46560,102693,-29419.8,33058.0,9.5,0.052,46798063,LOCKED
40171,867.662,-170427271268892,-42394,13739,-29581.9,32859.9,9.6,0.053,46769032,LOCKED
40172,868.662,-170427271259470,-2138,53995,-29639.9,32591.2,9.6,0.054,46868299,LOCKED
40173,869.662,-170427271252600,32173,88306,-29585.4,32882.4,9.6,0.052,46964460,LOCKED
40174,870.662,-170427271289749,21814,77947,-29484.3,32654.6,9.0,0.044,46926174,LOCKED
40175,871.662,-170427271389619,-47137,8996,-29476.3,32526.7,9.0,0.042,47007914,LOCKED
40176,872.662,-170427271401763,-27531,28602,-29542.2,32712.4,9.1,0.041,47090497,LOCKED
40177,873.662,-170427271419541,-15707,40426,-29519.0,32545.5,9.1,0.040,47177335,LOCKED
40178,874.662,-170427271464194,-27442,28691,-29640.4,32262.4,9.1,0.039,47201418,LOCKED
40179,875.662,-170427271472391,-4927,51206,-29684.9,32149.9,9.2,0.038,47286260,LOCKED
40180,876.662,-170427271468536,26293,82426,-29614.6,32293.6,9.2,0.036,47380412,LOCKED
40181,877.662,-170427271503870,17993,74126,-29517.7,31987.3,8.8,0.048,47467966,LOCKED
40182,878.662,-170427271571776,-18448,37685,-29582.7,31985.3,8.8,0.046,47454721,LOCKED
40183,879.663,-170427271604717,-21039,35094,-29585.4,32003.0,8.9,0.044,47547344,LOCKED
40184,880.663,-170427271566911,42145,98278,-29448.7,32145.3,8.7,0.034,47644981,LOCKED
40185,881.663,-170427271679665,-37793,18340,-29551.3,32430.6,8.9,0.033,47622351,LOCKED
40186,882.663,-170427271667185,3093,59226,-29500.2,32239.4,8.7,0.022,47723679,LOCKED
40187,883.663,-170427271652097,46016,102149,-29494.9,32315.1,8.3,0.039,47830561,LOCKED
40188,884.662,-170427271728228,-1889,54244,-29429.4,31873.2,8.1,0.024,47847431,LOCKED
40189,885.663,-170427271723950,31284,87417,-29455.3,31541.7,8.1,0.019,47943731,LOCKED
40190,886.663,-170427271820096,-33233,22900,-29506.8,31858.6,8.1,0.025,47935478,LOCKED
40191,887.663,-170427271808438,5899,62032,-29416.7,31263.6,8.1,0.037,48034173,LOCKED
40192,888.663,-170427271801194,40880,96920,-29402.2,31441.9,8.1,0.034,48135479,LOCKED
40193,889.663,-170427271913528,-39212,16828,-29476.5,31886.7,8.1,0.019,48110016,LOCKED
40194,890.663,-170427271883050,18374,74414,-29390.7,31713.4,8.1,0.020,48234426,LOCKED
40195,891.663,-170427271881968,44170,100210,-29234.3,31691.1,8.1,0.008,48324598,LOCKED
40196,892.663,-170427272000338,-42102,13938,-29304.9,32201.8,8.1,0.010,48294084,LOCKED
40197,893.663,-170427271987413,133,56173,-29305.4,32201.7,8.1,0.029,48399591,LOCKED
40198,894.663,-170427272068744,-47840,8200,-29424.9,32734.0,8.1,0.017,48409184,LOCKED
40199,895.663,-170427272071316,-19548,36492,-29463.1,32840.1,7.8,-0.018,48496445,LOCKED
40200,896.663,-170427272041634,36613,92653,-29377.4,33172.6,7.9,-0.008,48619188,LOCKED
40201,897.663,-170427272146161,-36732,19308,-29404.9,33423.5,7.9,-0.002,48603707,LOCKED
40202,898.663,-170427272142094,-2451,53589,-29440.6,33336.5,7.8,-0.009,48696602,LOCKED
40203,899.663,-170427272142611,26436,82476,-29482.9,32819.5,7.8,-0.003,48788056,LOCKED
40204,900.663,-170427272158698,35934,91974,-29351.1,32750.0,7.8,0.001,48857957,LOCKED
40205,901.663,-170427272185671,37591,93631,-29378.3,32350.9,7.8,-0.002,48812037,LOCKED
40206,902.663,-170427272279187,-26364,29676,-29343.3,31934.7,7.5,-0.007,48919461,LOCKED
40207,903.663,-170427272273905,8396,64436,-29364.0,31837.6,7.4,-0.010,49014692,LOCKED
40208,904.664,-170427272343397,-28129,27911,-29494.3,31446.6,7.4,-0.013,49037045,LOCKED
40209,905.664,-170427272342581,1949,57989,-29486.1,31445.5,7.4,-0.015,49126785,LOCKED
40210,906.664,-170427272334535,35598,91638,-29354.5,31360.2,7.4,-0.017,49226991,LOCKED
40211,907.664,-170427272455053,-51683,4357,-29459.2,32117.3,7.6,-0.025,49190499,LOCKED
40212,908.664,-170427272461041,-27535,28505,-29446.7,31988.8,7.3,-0.022,49279525,LOCKED
40213,909.664,-170427272456773,7184,63224,-29508.0,31487.0,7.6,-0.029,49372901,LOCKED
40214,910.664,-170427272450929,40307,96347,-29465.6,31884.3,7.6,-0.031,49469726,LOCKED
40215,911.664,-170427272495075,23107,79147,-29380.2,31849.4,7.6,-0.033,49428310,LOCKED
40216,912.664,-170427272570197,-19443,36597,-29504.8,31181.0,7.5,-0.035,49535702,LOCKED
40217,913.664,-170427272636103,-51550,4490,-29630.0,31842.7,7.5,-0.037,49649443,LOCKED
40218,914.664,-170427272674175,-57043,0,-29679.9,32540.8,7.5,-0.039,49661325,LOCKED
40219,915.664,-170427272632748,14280,71323,-29714.4,32271.3,7.5,-0.041,49762831,LOCKED
40220,916.664,-170427272709849,-30532,26511,-29790.1,32491.3,7.6,-0.039,49753568,LOCKED
40221,917.664,-170427272738624,-28127,28916,-29811.6,32644.0,7.6,-0.035,49847702,LOCKED
40222,918.664,-170427272682562,52407,109450,-29636.3,32781.4,7.5,-0.034,49965794,LOCKED
40223,919.664,-170427272780519,-14551,42492,-29679.1,32813.8,7.8,-0.036,49956203,LOCKED
40224,920.664,-170427272760244,32550,89593,-29593.0,33034.1,7.7,-0.038,50067471,LOCKED
40225,921.664,-170427272862795,-39091,17952,-29592.6,33029.3,7.3,-0.032,50053178,LOCKED
40226,922.665,-170427272838513,14718,71761,-29614.0,32887.8,7.0,-0.038,50169719,LOCKED
40227,923.665,-170427272832255,46760,103803,-29503.6,33422.8,7.0,-0.034,50154094,LOCKED
40228,924.665,-170427272887363,20566,77609,-29508.8,33386.2,7.1,-0.035,50299369,LOCKED
40229,925.665,-170427272893072,41344,98387,-29429.2,33850.5,7.1,-0.038,50382581,LOCKED
40230,926.665,-170427273015469,-50010,7033,-29425.1,33786.3,7.1,-0.034,50345242,LOCKED
40231,927.665,-170427273007376,-10363,46680,-29512.6,33387.1,7.1,-0.031,50450641,LOCKED
40232,928.665,-170427272996340,28346,85389,-29469.4,33604.5,7.3,-0.028,50549642,LOCKED
40233,929.667,-170427273008853,41243,98286,-29338.5,33764.9,7.3,-0.030,50517244,LOCKED
40234,930.666,-170427273121744,-40537,16506,-29358.1,33977.3,7.2,-0.025,50608515,LOCKED
40235,931.665,-170427273108709,3086,60129,-29423.7,33531.0,7.5,-0.028,50709266,LOCKED
40236,932.665,-170427273105210,34533,91576,-29408.7,33673.2,7.7,-0.030,50807645,LOCKED
40237,933.667,-170427273214916,-42291,14752,-29509.0,34099.4,7.6,-0.024,50784961,LOCKED
40238,934.666,-170427273187644,14634,71677,-29540.5,33869.1,7.5,-0.017,50901166,LOCKED
40239,935.666,-170427273186410,42889,99932,-29488.1,34320.9,7.4,-0.009,50992536,LOCKED
40240,936.667,-170427273294948,-34508,22535,-29511.8,34522.1,7.3,0.001,50975510,LOCKED
40241,937.666,-170427273284409,4670,61713,-29476.7,34464.8,7.2,0.011,51074997,LOCKED
40242,938.666,-170427273276927,39649,96692,-29445.4,34756.7,7.2,0.011,51064531,LOCKED
40243,939.666,-170427273372889,-24273,32770,-29532.6,34741.6,7.2,0.006,51168778,LOCKED
40244,940.665,-170427273367611,8543,65586,-29448.7,34349.2,7.2,0.002,51263978,LOCKED
40245,941.666,-170427273368721,35849,92892,-29457.7,34243.1,7.0,-0.016,51244991,LOCKED
40246,942.666,-170427273462027,-26158,30885,-29504.7,34426.7,7.0,-0.020,51351786,LOCKED
40247,943.666,-170427273449957,12981,70024,-29406.5,33973.7,7.1,-0.038,51452850,LOCKED
40248,944.666,-170427273519304,-25197,31846,-29451.2,34145.6,7.2,-0.013,51475211,LOCKED
40249,945.666,-170427273514640,7253,64296,-29381.4,33872.8,7.3,-0.015,51569731,LOCKED
40250,946.666,-170427273517775,32378,89421,-29380.2,33884.6,7.1,-0.000,51551599,LOCKED
40251,947.666,-170427273602919,-22141,34902,-29404.5,33999.1,7.1,-0.003,51668518,LOCKED
40252,948.666,-170427273624909,-15260,41783,-29352.9,33516.5,7.1,-0.004,51760471,LOCKED
40253,949.667,-170427273689251,-45791,11252,-29495.7,33742.0,7.1,-0.004,51737326,LOCKED
40254,950.668,-170427273707232,-32720,24323,-29517.8,33923.0,7.1,-0.005,51827857,LOCKED
40255,951.667,-170427273689370,12007,69050,-29407.3,33248.6,7.1,-0.005,51939910,LOCKED
40256,952.666,-170427273788520,-52848,4195,-29559.6,33699.6,7.2,-0.016,51931828,LOCKED
40257,953.666,-170427273760081,4674,61717,-29543.9,33700.7,7.0,-0.017,52048096,LOCKED
40258,954.666,-170427273844761,-45612,11431,-29706.4,33663.4,7.0,-0.016,52051673,LOCKED
40259,955.667,-170427273834106,-4081,52962,-29757.2,33498.5,7.0,-0.016,52151392,LOCKED
40260,956.667,-170427273836836,20364,77407,-29664.1,33317.5,6.8,-0.016,52245035,LOCKED
40261,957.667,-170427273842918,42393,99436,-29658.4,33390.8,6.7,-0.015,52217273,LOCKED
40262,958.667,-170427273931068,-14831,42212,-29696.0,33439.4,6.7,-0.015,52327462,LOCKED
40263,959.667,-170427273928590,15496,72539,-29631.0,33377.3,6.5,-0.014,52420128,LOCKED
40264,960.667,-170427273934541,35390,92433,-29503.8,33341.9,6.5,-0.007,52395423,LOCKED
40265,961.667,-170427274037867,-37384,19659,-29493.0,33203.9,6.7,-0.002,52492403,LOCKED
40266,962.667,-170427274015160,14479,71522,-29500.6,33164.0,6.7,-0.002,52606999,LOCKED
40267,963.667,-170427274013681,41996,99039,-29400.3,33587.4,6.9,0.003,52586472,LOCKED
40268,964.667,-170427274064199,20265,77308,-29403.9,33563.2,7.0,0.007,52740205,LOCKED
40269,965.668,-170427274077528,33742,90785,-29332.4,33861.0,7.2,0.010,52705697,LOCKED
40270,966.669,-170427274158697,-18456,38587,-29283.9,33370.9,7.2,0.010,52828287,LOCKED
40271,967.667,-170427274153830,16093,73136,-29330.3,32939.2,7.1,0.010,52922971,LOCKED
40272,968.667,-170427274260161,-56227,816,-29466.8,33685.0,7.1,0.016,52903407,LOCKED
40273,969.668,-170427274259671,-24849,32194,-29495.2,33833.3,7.1,0.015,52994809,LOCKED
40274,970.667,-170427274255449,6836,63879,-29406.7,33322.4,7.2,0.017,53089173,LOCKED
40275,971.668,-170427274251535,36471,93514,-29286.2,33403.1,7.3,0.019,53181126,LOCKED
40276,972.668,-170427274354497,-34449,22594,-29364.3,33701.4,7.8,0.022,53172011,LOCKED
40277,973.668,-170427274357780,-6206,50837,-29460.3,33061.0,7.8,0.021,53257441,LOCKED
40278,974.668,-170427274436297,-49644,7399,-29653.9,32717.0,7.9,0.022,53266902,LOCKED
40279,975.668,-170427274434835,-17467,39576,-29676.9,32797.6,8.0,0.022,53361440,LOCKED
40280,976.668,-170427274426797,20378,77421,-29717.3,32381.7,8.0,0.028,53459853,LOCKED
40281,977.668,-170427274431311,44110,101153,-29718.5,32365.0,7.9,0.032,53431546,LOCKED
40282,978.668,-170427274518240,-13565,43478,-29673.0,31971.2,7.9,0.032,53546139,LOCKED
40283,979.668,-170427274512614,21206,78249,-29682.4,31897.5,7.9,0.024,53643033,LOCKED
40284,980.668,-170427274513143,46341,103384,-29562.0,32370.8,7.9,0.023,53735655,LOCKED
40285,981.668,-170427274623258,-30405,26638,-29698.6,31990.1,8.0,0.022,53715780,LOCKED
40286,982.668,-170427274607981,13552,70595,-29671.1,32041.7,8.0,0.021,53816034,LOCKED
40287,983.668,-170427274598350,48128,105171,-29518.9,32276.7,7.9,0.029,53918048,LOCKED
40288,984.668,-170427274677225,-1732,55311,-29491.2,32190.0,7.8,0.037,53929361,LOCKED
40289,985.668,-170427274690362,12257,69300,-29395.3,31713.6,8.0,0.038,54006098,LOCKED
40290,986.668,-170427274685351,45201,102244,-29398.8,31660.6,7.9,0.047,54104113,LOCKED
40291,987.668,-170427274786667,-24600,32443,-29461.8,31799.0,8.1,0.050,54088636,LOCKED
40292,988.669,-170427274787423,2922,59965,-29408.5,31581.7,8.2,0.042,54182826,LOCKED
40293,989.668,-170427274802957,14158,71201,-29302.3,31006.7,8.2,0.043,54273960,LOCKED
40294,990.669,-170427274884417,-34413,22630,-29421.4,31025.8,8.3,0.040,54265960,LOCKED
40295,991.669,-170427274898963,-18448,38595,-29444.2,31118.0,8.2,0.037,54341157,LOCKED
40296,992.670,-170427274891692,15809,72852,-29349.6,30759.9,8.1,0.014,54440484,LOCKED
40297,993.669,-170427274928881,8753,65796,-29402.8,30322.9,8.3,-0.009,54410962,LOCKED
40298,994.668,-170427274982883,-15324,41719,-29402.9,30323.7,8.3,-0.015,54528271,LOCKED
40299,995.669,-170427274962461,30712,87755,-29267.8,29954.3,8.3,-0.022,54639681,LOCKED
40300,996.669,-170427275081231,-54015,3028,-29412.6,30594.2,8.2,-0.029,54611850,LOCKED
40301,997.669,-170427275082753,-24675,32368,-29442.7,30760.5,8.3,-0.022,54714617,LOCKED
40302,998.669,-170427275140704,-51192,5851,-29455.3,30964.2,8.3,-0.032,54827963,LOCKED
40303,999.669,-170427275128269,-7989,49054,-29506.5,30848.7,8.3,-0.032,54835040,LOCKED
40304,1000.669,-170427275106415,40158,97201,-29415.5,31286.1,8.8,-0.008,54944885,LOCKED
40305,1001.669,-170427275205911,-29388,27655,-29392.7,31011.0,8.8,-0.009,54935479,LOCKED
40306,1002.671,-170427275183859,21278,78321,-29389.9,31030.6,8.9,-0.001,55050399,LOCKED
40307,1003.669,-170427275198170,33287,90330,-29294.4,31226.0,8.7,0.008,55013979,LOCKED
40308,1004.668,-170427275263037,-1596,55447,-29325.7,31149.0,8.7,0.014,55150239,LOCKED
40309,1005.670,-170427275275210,13992,71035,-29272.1,31125.5,8.5,0.020,55227804,LOCKED
40310,1006.669,-170427275267180,46479,103522,-29112.8,31182.0,8.5,0.025,55214927,LOCKED
40311,1007.669,-170427275358858,-14809,42234,-29150.8,31232.7,8.5,0.022,55326183,LOCKED
40312,1008.669,-170427275346223,25247,82290,-29107.9,31420.2,8.6,0.026,55429315,LOCKED
40313,1009.671,-170427275460746,-55084,1959,-29266.1,31943.7,8.6,0.029,55399513,LOCKED
40314,1010.670,-170427275455488,-18280,38763,-29347.7,31809.2,8.6,0.032,55494372,LOCKED
40315,1011.670,-170427275450962,14035,71078,-29294.5,31789.1,8.6,0.035,55592846,LOCKED
40316,1012.669,-170427275457336,36283,93326,-29321.9,31387.1,8.4,0.036,55565445,LOCKED
40317,1013.669,-170427275555226,-30304,26739,-29368.8,31652.1,8.4,0.037,55664519,LOCKED
40318,1014.670,-170427275520697,33162,90205,-29402.9,31162.8,8.4,0.039,55679894,LOCKED
40319,1015.670,-170427275627098,-40485,16558,-29500.2,31578.2,8.7,0.031,55776661,LOCKED
40320,1016.670,-170427275647325,-29491,27552,-29535.6,31806.3,8.7,0.028,55851674,LOCKED
40321,1017.670,-170427275626249,18670,75713,-29446.3,31604.0,8.7,0.029,55962863,LOCKED
40322,1018.669,-170427275730572,-51769,5274,-29578.2,32219.1,8.7,0.029,55945655,LOCKED
40323,1019.670,-170427275721478,-12415,44628,-29591.0,32255.7,8.7,0.029,56043653,LOCKED
40324,1020.670,-170427275746987,-8747,48296,-29556.1,32042.2,8.7,0.032,56108394,LOCKED
40325,1021.671,-170427275752740,15525,72568,-29605.0,31565.1,8.7,0.035,56191745,LOCKED
40326,1022.670,-170427275749870,44665,101708,-29515.5,32130.8,8.7,0.035,56287663,LOCKED
40327,1023.670,-170427275858603,-33620,23423,-29505.3,32008.5,8.9,0.040,56272136,LOCKED
40328,1024.670,-170427275830512,21751,78794,-29432.1,32029.9,8.9,0.043,56388197,LOCKED
40329,1025.670,-170427275841468,36337,93380,-29301.4,31989.0,8.9,0.044,56354244,LOCKED
40330,1026.671,-170427275944816,-34935,22108,-29379.6,32312.2,8.9,0.043,56454004,LOCKED
40331,1027.671,-170427275943695,-4901,52142,-29348.4,32172.3,8.9,0.047,56544819,LOCKED
40332,1028.670,-170427275940461,27645,84688,-29392.8,31583.1,8.8,0.050,56634050,LOCKED
40333,1029.671,-170427276055358,-53239,3804,-29531.2,32211.0,8.8,0.054,56609007,LOCKED
40334,1030.670,-170427276060456,-27077,29966,-29571.1,32414.8,8.8,0.058,56698053,LOCKED
40335,1031.671,-170427276069918,-7753,49290,-29519.6,32037.2,8.7,0.062,56789285,LOCKED
40336,1032.671,-170427276141120,-45088,11955,-29658.2,32288.8,8.4,0.074,56891537,LOCKED
40337,1033.671,-170427276155470,-27457,29586,-29726.7,32465.3,8.4,0.072,56876623,LOCKED
40338,1034.671,-170427276115577,41493,97720,-29762.9,31851.1,8.3,0.077,57005853,LOCKED
40339,1035.671,-170427276227846,-37220,19007,-29887.4,31921.8,8.3,0.083,56983796,LOCKED
40340,1036.670,-170427276197111,21865,78092,-29848.2,32059.5,8.2,0.089,57109979,LOCKED
40341,1037.670,-170427276194421,49978,106205,-29713.9,32570.1,8.3,0.087,57088224,LOCKED
40342,1038.671,-170427276297163,-20653,35574,-29797.4,32484.9,8.3,0.084,57187023,LOCKED
40343,1039.671,-170427276288509,16446,72673,-29758.3,32551.9,8.1,0.072,57285793,LOCKED
40344,1040.671,-170427276280854,49155,105382,-29608.9,32866.2,8.4,0.064,57384281,LOCKED
40345,1041.672,-170427276393562,-30398,25829,-29732.6,32672.1,8.4,0.075,57365832,LOCKED
40346,1042.671,-170427276379733,12276,68503,-29709.4,32714.4,8.4,0.069,57461656,LOCKED
40347,1043.673,-170427276385212,32772,88999,-29580.4,32547.4,8.4,0.063,57553557,LOCKED
40348,1044.672,-170427276476704,-27095,29132,-29635.8,32749.0,8.4,0.057,57549279,LOCKED
40349,1045.672,-170427276479692,-776,55451,-29618.3,32716.7,8.2,0.020,57637298,LOCKED
40350,1046.671,-170427276481021,24188,80415,-29495.1,32280.2,8.1,0.029,57726184,LOCKED
40351,1047.671,-170427276490296,42243,98470,-29459.0,32653.6,7.7,0.007,57698002,LOCKED
40352,1048.671,-170427276594869,-30968,25259,-29501.0,32909.4,7.2,-0.018,57794549,LOCKED
40353,1049.672,-170427276596971,-4017,52210,-29472.3,32797.4,7.1,-0.030,57883389,LOCKED
40354,1050.672,-170427276590294,31054,87281,-29471.0,32809.9,7.1,-0.024,57979168,LOCKED
40355,1051.672,-170427276599838,48213,104440,-29415.3,33382.5,7.1,-0.020,58057608,LOCKED
40356,1052.673,-170427276724180,-44372,11855,-29456.5,33803.4,7.1,-0.014,58027264,LOCKED
40357,1053.672,-170427276715686,-6437,49790,-29445.0,33768.7,6.5,-0.006,58124609,LOCKED
40358,1054.672,-170427276786562,-44392,11835,-29541.9,34270.6,6.4,-0.003,58144775,LOCKED
40359,1055.672,-170427276798758,-26512,29715,-29524.0,34096.2,6.2,0.000,58225544,LOCKED
40360,1056.673,-170427276795244,7798,64025,-29599.6,33405.0,6.2,-0.006,58318216,LOCKED
40361,1057.672,-170427276791241,39578,95805,-29575.9,33648.7,6.5,0.004,58412281,LOCKED
40362,1058.672,-170427276802965,55524,111751,-29574.7,33668.7,6.6,0.013,58380780,LOCKED
40363,1059.674,-170427276903095,-13564,42663,-29624.3,33660.0,6.4,0.013,58483930,LOCKED
40364,1060.672,-170427276898639,18006,74233,-29530.8,33406.9,6.4,0.021,58575507,LOCKED
40365,1061.673,-170427276896442,47552,103779,-29502.8,33753.8,6.2,0.020,58667586,LOCKED
40366,1062.674,-170427277018963,-43158,13069,-29544.4,34156.7,6.4,0.027,58637026,LOCKED
40367,1063.673,-170427277011278,-6694,49533,-29495.6,33845.8,6.6,0.032,58735706,LOCKED
40368,1064.673,-170427277091713,-53929,2298,-29587.8,34628.5,6.7,0.037,58744376,LOCKED
40369,1065.672,-170427277096707,-27991,28236,-29607.3,34760.9,6.9,0.042,58833376,LOCKED
40370,1066.672,-170427277135288,-36384,19843,-29575.2,34315.4,7.0,0.046,58918646,LOCKED
40371,1067.673,-170427277084662,41130,97357,-29511.6,34760.6,7.0,0.048,59026067,LOCKED
40372,1068.672,-170427277194184,-37631,18596,-29510.3,34745.5,7.0,0.047,59003624,LOCKED
40373,1069.673,-170427277181305,5959,62186,-29579.3,34206.1,7.1,0.051,59106484,LOCKED
40374,1070.673,-170427277170415,43856,100083,-29525.9,34672.9,7.1,0.050,59207422,LOCKED
40375,1071.672,-170427277289580,-43516,12711,-29564.9,35054.0,7.2,0.053,59180449,LOCKED
40376,1072.673,-170427277289279,-14242,41985,-29512.0,34585.6,7.2,0.052,59272727,LOCKED
40377,1073.673,-170427277290008,14309,70536,-29524.4,34518.1,7.3,0.055,59362125,LOCKED
40378,1074.672,-170427277378272,-42931,13296,-29526.6,34546.4,7.4,0.057,59365857,LOCKED
40379,1075.673,-170427277382669,-15516,40711,-29613.2,34304.4,6.7,0.049,59447520,LOCKED
40380,1076.673,-170427277395621,1982,58209,-29657.6,34103.8,6.5,0.044,59529644,LOCKED
40381,1077.673,-170427277382531,41102,97329,-29547.8,34433.4,6.5,0.044,59629965,LOCKED
40382,1078.673,-170427277500249,-42332,13895,-29710.1,34236.3,6.5,0.043,59604493,LOCKED
40383,1079.674,-170427277494599,-5970,50257,-29749.4,34172.9,6.7,0.044,59698124,LOCKED
40384,1080.673,-170427277501470,16261,72488,-29744.7,34194.6,6.7,0.043,59780641,LOCKED
40385,1081.675,-170427277504630,39725,95952,-29657.4,34590.6,6.7,0.043,59866810,LOCKED
40386,1082.675,-170427277512963,55590,111817,-29481.6,34880.5,6.7,0.043,59839721,LOCKED
40387,1083.673,-170427277612077,-12148,44079,-29554.6,34689.5,6.6,0.049,59940917,LOCKED
40388,1084.673,-170427277575814,49323,105550,-29423.0,35157.5,6.8,0.049,60070041,LOCKED
40389,1085.673,-170427277701951,-45899,10328,-29419.8,35112.9,6.7,0.042,60034056,LOCKED
40390,1086.673,-170427277719524,-31020,25207,-29517.2,35207.4,6.7,0.041,60103321,LOCKED
40391,1087.674,-170427277722441,-4243,51984,-29518.9,35209.3,6.8,0.040,60192324,LOCKED
40392,1088.673,-170427277716304,28167,84394,-29406.2,35075.1,6.9,0.038,60292591,LOCKED
40393,1089.674,-170427277736238,36720,92947,-29422.2,34876.3,6.9,0.038,60249693,LOCKED
40394,1090.673,-170427277829578,-24649,31578,-29506.5,34892.1,7.0,0.035,60361407,LOCKED
40395,1091.674,-170427277813305,19952,76179,-29481.8,34988.1,7.0,0.034,60461658,LOCKED
40396,1092.673,-170427277811630,49361,105588,-29478.1,35040.8,7.1,0.031,60558443,LOCKED
40397,1093.674,-170427277943565,-48520,7707,-29622.3,35360.2,7.2,0.026,60516505,LOCKED
40398,1094.674,-170427277898284,23609,79836,-29525.2,35242.4,7.2,0.033,60650800,LOCKED
40399,1095.674,-170427277910413,39937,96164,-29539.2,35058.0,7.2,0.038,60723961,LOCKED
40400,1096.674,-170427277921151,54571,110798,-29425.3,35804.7,7.3,0.042,60695167,LOCKED
40401,1097.674,-170427278018480,-13973,42254,-29370.5,35325.4,7.3,0.046,60801524,LOCKED
40402,1098.674,-170427278036054,-1184,55043,-29417.3,35155.4,7.3,0.035,60889837,LOCKED
40403,1099.675,-170427278121767,-54100,2127,-29493.3,35885.2,7.1,0.023,60880136,LOCKED
40404,1100.675,-170427278145862,-47092,9135,-29494.0,35894.5,7.0,0.041,60971661,LOCKED
40405,1101.674,-170427278104268,23600,79827,-29513.9,35723.6,6.8,0.025,61075000,LOCKED
40406,1102.674,-170427278209754,-49193,7034,-29588.2,36331.0,6.8,0.025,61063529,LOCKED
40407,1103.675,-170427278189052,37,56264,-29536.2,36107.3,6.8,0.032,61177277,LOCKED
40408,1104.675,-170427278274355,-51097,5130,-29678.8,36537.8,6.8,0.037,61177176,LOCKED
40409,1105.675,-170427278289167,-33625,22602,-29750.9,36808.0,6.3,0.044,61254400,LOCKED
40410,1106.674,-170427278270917,12800,69027,-29694.7,36756.5,6.3,0.047,61363011,LOCKED
40411,1107.675,-170427278261991,46696,102923,-29540.2,36872.6,6.2,0.050,61469069,LOCKED
40412,1108.674,-170427278370345,-29061,27166,-29642.1,36872.8,6.3,0.044,61446889,LOCKED
40413,1109.675,-170427278365098,5601,61828,-29640.3,36875.4,6.5,0.054,61542066,LOCKED
40414,1110.675,-170427278358782,37801,94028,-29518.5,36982.4,6.4,0.056,61638665,LOCKED
40415,1111.675,-170427278473530,-46183,10044,-29502.8,36755.0,6.6,0.064,61614077,LOCKED
40416,1112.676,-170427278472685,-13556,42671,-29592.3,36447.1,6.5,0.065,61705858,LOCKED
40417,1113.675,-170427278460202,26749,82976,-29549.8,36626.1,6.4,0.065,61805367,LOCKED
40418,1114.675,-170427278541938,-22348,33879,-29664.5,36283.7,6.6,0.071,61813849,LOCKED
40419,1115.675,-170427278545808,4201,60428,-29708.6,36068.3,6.5,0.070,61906995,LOCKED
40420,1116.675,-170427278529384,46995,103222,-29622.8,36627.6,5.9,0.069,62011722,LOCKED
40421,1117.675,-170427278638486,-31618,24609,-29612.6,36527.1,6.1,0.064,61992876,LOCKED
40422,1118.677,-170427278639799,-4995,51232,-29521.9,35711.1,6.1,0.065,62080632,LOCKED
40423,1119.675,-170427278645898,17566,73793,-29508.8,35764.5,6.1,0.060,62165655,LOCKED
40424,1120.675,-170427278649499,39853,96080,-29397.1,36026.9,6.1,0.061,62252040,LOCKED
40425,1121.676,-170427278762805,-43140,13087,-29370.2,35625.7,6.0,0.060,62225762,LOCKED
40426,1122.676,-170427278766675,-15422,40805,-29453.6,35419.3,6.2,0.058,62318693,LOCKED
40427,1123.676,-170427278753460,25401,81628,-29405.2,35585.6,6.3,0.056,62415791,LOCKED
40428,1124.676,-170427278838536,-26709,29518,-29535.8,35177.1,6.4,0.055,62424796,LOCKED
40429,1125.675,-170427278840696,1540,57767,-29581.3,34979.0,6.4,0.057,62510516,LOCKED
40430,1126.676,-170427278845611,25780,82007,-29603.3,34766.0,6.4,0.057,62599795,LOCKED
40431,1127.675,-170427278856788,39994,96221,-29462.8,34763.0,6.7,0.061,62566773,LOCKED
40432,1128.676,-170427278954256,-25000,31227,-29569.3,34590.1,6.7,0.057,62670646,LOCKED
40433,1129.676,-170427278953987,4412,60639,-29555.6,34592.3,6.7,0.059,62758769,LOCKED
40434,1130.676,-170427278965370,19642,75869,-29443.7,34171.8,6.7,0.057,62843634,LOCKED
40435,1131.676,-170427278982720,31064,87291,-29462.4,33961.4,6.6,0.060,62931989,LOCKED
40436,1132.676,-170427279066626,-21400,34827,-29524.1,34034.1,6.6,0.057,62920519,LOCKED
40437,1133.676,-170427279102328,-26228,29999,-29546.8,34172.3,6.6,0.059,63007450,LOCKED
40438,1134.677,-170427279144787,-35081,21146,-29687.9,33946.7,6.5,0.062,63024857,LOCKED
40439,1135.676,-170427279165568,-23654,32573,-29772.4,33934.9,6.6,0.058,63089181,LOCKED
40440,1136.676,-170427279188909,-15760,40467,-29818.1,33973.7,6.5,0.055,63164209,LOCKED
40441,1137.677,-170427279222875,-19658,36569,-29797.6,33811.4,6.6,0.050,63248268,LOCKED
40442,1138.678,-170427279272628,-35201,21026,-29955.9,33318.1,6.5,0.046,63236711,LOCKED
40443,1139.677,-170427279285311,-15943,40284,-30026.9,33221.2,6.5,0.049,63334941,LOCKED
40444,1140.677,-170427279282453,15963,72190,-30005.4,33288.1,6.5,0.043,63435442,LOCKED
40445,1141.676,-170427279281198,43370,99597,-29888.2,33654.6,6.4,0.036,63521331,LOCKED
40446,1142.676,-170427279385144,-30299,25928,-29856.8,33267.4,6.3,0.028,63510910,LOCKED
40447,1143.677,-170427279370013,14360,70587,-29864.6,33226.7,6.3,0.032,63613340,LOCKED
40448,1144.677,-170427279436113,-22004,34223,-29821.6,32756.5,6.4,0.038,63641594,LOCKED
40449,1145.676,-170427279429717,14866,71093,-29878.5,32183.5,6.7,0.039,63737395,LOCKED
40450,1146.677,-170427279419817,52350,108577,-29852.9,32557.8,6.7,0.008,63836625,LOCKED
40451,1147.677,-170427279526148,-22173,34054,-29912.1,32658.8,6.7,0.013,63821737,LOCKED
40452,1148.677,-170427279510295,21296,77523,-29834.7,32639.3,6.7,0.018,63930169,LOCKED
40453,1149.677,-170427279507837,48934,105161,-29687.3,32966.0,6.6,0.008,64023142,LOCKED
40454,1150.676,-170427279619987,-30536,25691,-29783.6,33060.7,6.6,0.012,63999273,LOCKED
40455,1151.677,-170427279609705,8279,64506,-29735.9,32979.9,6.5,0.000,64101635,LOCKED
40456,1152.677,-170427279607383,35983,92210,-29581.7,32585.4,6.5,0.005,64196348,LOCKED
40457,1153.677,-170427279623497,47752,103979,-29577.8,32644.2,6.5,0.010,64158442,LOCKED
40458,1154.677,-170427279689636,9534,63634,-29512.2,32449.9,7.2,0.037,64294466,LOCKED
40459,1155.677,-170427279682739,41371,95471,-29356.4,32293.8,7.2,0.036,64392461,LOCKED
40460,1156.677,-170427279784083,-30990,23110,-29286.3,31109.7,7.2,0.035,64383104,LOCKED
40461,1157.677,-170427279777677,4172,58272,-29267.2,31101.5,7.2,0.035,64475258,LOCKED
40462,1158.677,-170427279775963,32233,86333,-29177.3,31301.5,7.1,0.036,64567696,LOCKED
40463,1159.677,-170427279895476,-53156,944,-29332.0,31768.8,7.1,0.035,64537951,LOCKED
40464,1160.677,-170427279893630,-19412,34688,-29425.8,31539.3,7.1,0.034,64630416,LOCKED
40465,1161.679,-170427279893904,7979,62079,-29352.5,31221.8,7.1,0.034,64721152,LOCKED
40466,1162.677,-170427279893062,37014,91114,-29357.2,31161.6,7.2,0.026,64810053,LOCKED
40467,1163.687,-170427280000003,-38230,15870,-29408.5,31567.7,7.4,0.033,64794940,LOCKED
40468,1164.678,-170427279952664,37602,91702,-29426.2,31315.5,7.4,0.033,64933176,LOCKED
40469,1165.679,-170427279976636,41425,95525,-29415.0,31458.8,7.5,0.039,64887180,LOCKED
40470,1166.678,-170427280073347,-24578,29522,-29437.7,31595.7,7.7,0.044,64994600,LOCKED
40471,1167.678,-170427280078217,-1675,52425,-29353.0,30859.7,7.7,0.044,65076665,LOCKED
40472,1168.678,-170427280076805,28053,82153,-29348.8,30898.5,7.7,0.047,65172077,LOCKED
40473,1169.678,-170427280185500,-48231,5869,-29419.0,31565.5,7.6,0.053,65152154,LOCKED
40474,1170.678,-170427280194802,-27711,26389,-29392.6,31254.0,7.7,0.057,65231724,LOCKED
40475,1171.678,-170427280210123,-11399,42701,-29483.8,30802.7,7.7,0.063,65310412,LOCKED
40476,1172.678,-170427280201857,25087,79187,-29463.4,30936.3,7.8,0.067,65409599,LOCKED
40477,1173.678,-170427280226815,26722,80822,-29366.8,30908.7,7.9,0.070,65377336,LOCKED
40478,1174.678,-170427280266270,16253,70353,-29375.2,30855.4,7.7,0.072,65519456,LOCKED
40479,1175.678,-170427280268818,40160,94260,-29298.5,31329.9,7.7,0.072,65610698,LOCKED
40480,1176.679,-170427280298128,35838,89938,-29146.3,30940.5,7.8,0.075,65561283,LOCKED
40481,1177.680,-170427280409891,-42932,11168,-29263.9,31313.7,7.9,0.069,65649077,LOCKED
40482,1178.679,-170427280417458,-19874,34226,-29297.7,31429.7,7.9,0.069,65736691,LOCKED
40483,1179.679,-170427280400633,23771,77871,-29215.5,31438.6,7.8,0.065,65838033,LOCKED
40484,1180.678,-170427280510735,-55108,0,-29222.3,31560.4,7.8,0.065,65821778,LOCKED
40485,1181.679,-170427280497837,-11100,44008,-29296.7,31309.3,7.8,0.066,65925349,LOCKED
40486,1182.681,-170427280476779,36984,92092,-29246.6,31688.8,7.7,0.061,66038556,LOCKED
40487,1183.679,-170427280600677,-55076,32,-29282.3,32215.6,7.5,0.056,66004533,LOCKED
40488,1184.680,-170427280566728,8311,63419,-29303.8,32113.9,7.6,0.050,66128193,LOCKED
40489,1185.679,-170427280574152,28047,83155,-29245.1,32330.6,7.6,0.050,66211627,LOCKED
40490,1186.679,-170427280683447,-49659,5449,-29277.6,32754.8,7.5,0.045,66192581,LOCKED
40491,1187.679,-170427280671197,-9257,45851,-29206.8,32078.8,7.3,0.052,66297561,LOCKED
40492,1188.679,-170427280671507,18880,73988,-29200.9,32112.0,7.3,0.045,66381093,LOCKED
40493,1189.679,-170427280689447,27730,82838,-29128.6,32279.7,7.5,0.046,66344813,LOCKED
40494,1190.679,-170427280779149,-31816,23292,-29126.1,32253.5,7.7,0.048,66457046,LOCKED
40495,1191.680,-170427280789487,-13720,41388,-29069.2,31693.0,7.8,0.050,66534299,LOCKED
40496,1192.679,-170427280788209,15744,70852,-29052.0,31754.8,8.4,0.055,66623236,LOCKED
40497,1193.680,-170427280893401,-56054,0,-29172.1,32610.6,8.6,0.059,66608589,LOCKED
40498,1194.680,-170427280878077,-9853,46201,-29239.5,32406.2,8.7,0.064,66717471,LOCKED
40499,1195.679,-170427280897026,1158,57212,-29276.9,32262.6,8.6,0.055,66790350,LOCKED
40500,1196.680,-170427280902761,23696,79750,-29267.0,32329.8,8.7,0.062,66875453,LOCKED
40501,1197.680,-170427281014289,-53984,2070,-29402.3,33000.8,8.9,0.027,66849780,LOCKED
40502,1198.680,-170427281017175,-24114,31940,-29527.1,32541.4,8.9,0.027,66941666,LOCKED
40503,1199.680,-170427281004314,18231,74285,-29555.3,32300.5,8.9,0.027,67042601,LOCKED
40504,1200.680,-170427281021152,29058,85112,-29510.8,32536.8,9.0,0.013,67004919,LOCKED
40505,1201.679,-170427281119188,-37830,18224,-29528.2,32721.6,9.2,0.000,67109214,LOCKED
40506,1202.682,-170427281103106,8806,64860,-29593.4,32143.4,9.2,0.002,67212294,LOCKED
40507,1203.680,-170427281103605,35573,91627,-29538.2,32499.5,9.3,-0.009,67305889,LOCKED
40508,1204.680,-170427281187507,-16246,39808,-29636.3,32125.4,9.2,-0.038,67307177,LOCKED
40509,1205.680,-170427281201471,-303,55751,-29649.1,32111.4,9.1,-0.018,67386220,LOCKED
40510,1206.681,-170427281204810,23247,79301,-29552.1,31971.2,9.0,-0.013,67476147,LOCKED
40511,1207.680,-170427281206772,48920,104974,-29539.4,32160.2,9.0,-0.012,67450403,LOCKED
40512,1208.680,-170427281311886,-25007,31047,-29578.7,32337.1,9.2,0.000,67547464,LOCKED
40513,1209.682,-170427281298209,15932,71986,-29491.3,32080.8,9.2,0.001,67651407,LOCKED
40514,1210.680,-170427281329578,14668,70722,-29546.0,31534.2,9.2,0.001,67737807,LOCKED
40515,1211.681,-170427281411468,-34937,21117,-29622.5,31867.3,9.3,0.010,67718417,LOCKED
40516,1212.680,-170427281443966,-36068,19986,-29648.1,32110.0,9.4,0.018,67806675,LOCKED
40517,1213.682,-170427281401164,32845,88899,-29528.9,32064.7,9.4,0.018,67911348,LOCKED
40518,1214.681,-170427281458275,4848,60902,-29516.6,32070.1,9.0,0.025,67941448,LOCKED
40519,1215.680,-170427281499985,-8165,47889,-29462.7,31651.3,9.1,0.031,68039235,LOCKED
40520,1216.680,-170427281569490,-44054,12000,-29593.5,31943.2,9.3,0.024,68021971,LOCKED
40521,1217.680,-170427281543682,10552,66606,-29571.9,31974.5,9.4,0.030,68131328,LOCKED
40522,1218.681,-170427281640970,-54565,1489,-29608.8,32504.5,9.5,0.024,68122288,LOCKED
40523,1219.681,-170427281626106,-7569,48485,-29720.3,31619.4,9.5,0.024,68228246,LOCKED
40524,1220.681,-170427281610853,35925,91979,-29707.4,31757.1,9.5,0.024,68331681,LOCKED
40525,1221.681,-170427281728375,-48520,7534,-29792.2,32433.4,9.5,0.024,68306539,LOCKED
40526,1222.680,-170427281721325,-11887,44167,-29762.2,32233.0,9.5,0.027,68404799,LOCKED
40527,1223.681,-170427281716816,22480,78534,-29804.3,31754.7,9.4,0.029,68502725,LOCKED
40528,1224.681,-170427281813501,-42453,13601,-29829.4,32046.1,9.5,0.025,68493284,LOCKED
40529,1225.682,-170427281821065,-20024,36030,-29804.0,31818.6,9.5,0.032,68579098,LOCKED
40530,1226.682,-170427281826009,5546,61600,-29848.2,31552.5,9.5,0.032,68664543,LOCKED
40531,1227.682,-170427281837744,22377,78431,-29822.5,31681.3,9.5,0.032,68745110,LOCKED
40532,1228.682,-170427281834679,50878,106932,-29691.5,32264.5,9.3,0.036,68837611,LOCKED
40533,1229.682,-170427281957533,-37810,18244,-29848.5,31906.0,9.2,0.043,68804034,LOCKED
40534,1230.683,-170427281951448,-550,55504,-29912.9,31526.3,9.0,0.048,68902227,LOCKED
40535,1231.681,-170427281947589,31865,87919,-29899.2,31653.4,9.0,0.056,68997619,LOCKED
40536,1232.683,-170427282055340,-43448,12606,-29951.7,32146.0,8.7,0.061,68982381,LOCKED
40537,1233.682,-170427282054669,-12589,43465,-29942.3,32099.2,8.7,0.069,69071485,LOCKED
40538,1234.683,-170427282021341,47078,103132,-29843.6,32705.7,9.2,0.074,69198353,LOCKED
40539,1235.682,-170427282136734,-37264,18790,-29840.9,32672.1,9.4,0.077,69172426,LOCKED
40540,1236.682,-170427282134631,-6332,49722,-29780.5,32212.0,9.3,0.085,69261789,LOCKED
40541,1237.682,-170427282130353,27212,83266,-29800.6,31995.8,9.2,0.081,69356433,LOCKED
40542,1238.684,-170427282129306,54888,110942,-29736.1,32760.2,9.3,0.083,69451740,LOCKED
40543,1239.682,-170427282248807,-33580,22474,-29743.9,32838.6,9.3,0.086,69423951,LOCKED
40544,1240.682,-170427282257141,-9698,46356,-29849.3,32144.5,9.3,0.089,69505808,LOCKED
40545,1241.682,-170427282247847,27914,83968,-29820.5,32329.5,9.3,0.093,69605397,LOCKED
40546,1242.683,-170427282273841,28357,84411,-29701.4,32111.5,9.2,0.097,69695533,LOCKED
40547,1243.682,-170427282348511,-13836,42218,-29814.9,31416.2,9.2,0.101,69682764,LOCKED
40548,1244.684,-170427282328871,33007,89061,-29741.4,31711.4,9.3,0.097,69702158,LOCKED
40549,1245.682,-170427282415423,-23355,32699,-29724.6,31553.3,9.2,0.103,69799643,LOCKED
40550,1246.682,-170427282408142,14267,70321,-29778.7,31013.1,9.2,0.109,69898724,LOCKED
40551,1247.682,-170427282437267,14142,70196,-29763.9,31062.8,9.1,0.116,69977422,LOCKED
40552,1248.683,-170427282522929,-39836,16218,-29792.0,31363.8,9.1,0.110,69965693,LOCKED
40553,1249.684,-170427282537527,-24237,31817,-29771.5,31156.5,9.2,0.091,70044451,LOCKED
40554,1250.682,-170427282522073,20370,76424,-29775.0,31131.1,9.2,0.074,70149269,LOCKED
40555,1251.683,-170427282520019,48930,104984,-29695.8,31828.2,9.1,0.058,70129593,LOCKED
40556,1252.682,-170427282602361,-4431,51623,-29653.3,31594.6,8.7,0.027,70246806,LOCKED
40557,1253.683,-170427282580499,45523,101577,-29652.4,31608.0,8.7,0.026,70359837,LOCKED
40558,1254.683,-170427282663235,-7017,49037,-29667.4,31621.7,8.7,0.022,70367236,LOCKED
40559,1255.683,-170427282651320,32024,88078,-29595.8,31896.9,8.8,0.035,70472303,LOCKED
40560,1256.683,-170427282766626,-51343,4711,-29625.5,32313.5,8.6,0.013,70452188,LOCKED
40561,1257.683,-170427282738770,7303,63357,-29694.9,31694.9,8.5,0.014,70568092,LOCKED
40562,1258.683,-170427282729308,44209,100263,-29657.9,32105.6,8.5,0.012,70665761,LOCKED
40563,1259.685,-170427282836814,-32098,23956,-29680.2,32293.0,8.5,0.010,70650532,LOCKED
40564,1260.683,-170427282865508,-30170,25884,-29676.2,32252.5,8.3,0.011,70711958,LOCKED
40565,1261.682,-170427282863196,2858,58912,-29732.1,31907.8,8.3,0.001,70804501,LOCKED
40566,1262.683,-170427282849769,42733,98787,-29641.9,32409.5,8.3,-0.000,70907524,LOCKED
40567,1263.683,-170427282963496,-39997,16057,-29641.8,32408.8,8.2,0.008,70888121,LOCKED
40568,1264.683,-170427282932544,19686,75740,-29629.9,32471.8,8.0,0.015,71009160,LOCKED
40569,1265.683,-170427282932549,46018,102072,-29544.6,33065.8,8.1,0.020,71096333,LOCKED
40570,1266.684,-170427283039311,-30191,25863,-29543.9,33058.4,8.2,0.025,71081757,LOCKED
40571,1267.684,-170427283028657,7380,63434,-29427.0,32079.7,8.2,0.029,71184390,LOCKED
40572,1268.683,-170427283028163,35277,91331,-29386.3,32394.1,8.2,0.027,71162927,LOCKED
40573,1269.683,-170427283112504,-19446,36608,-29365.2,32219.9,8.2,0.025,71276644,LOCKED
40574,1270.683,-170427283108186,12280,68334,-29289.5,31988.5,8.2,0.029,71375835,LOCKED
40575,1271.683,-170427283119921,28531,84585,-29272.9,32117.9,8.2,0.028,71341964,LOCKED
40576,1272.685,-170427283204662,-24432,31622,-29355.4,32142.4,8.1,0.027,71456180,LOCKED
40577,1273.684,-170427283191221,15600,71654,-29245.5,31570.8,8.1,0.026,71561417,LOCKED
40578,1274.684,-170427283264684,-27525,28529,-29253.3,31636.7,8.0,0.026,71576920,LOCKED
40579,1275.683,-170427283239898,24416,80470,-29190.8,31773.4,7.9,0.027,71692399,LOCKED
40580,1276.683,-170427283343372,-45710,10344,-29319.0,32159.0,7.7,0.023,71680690,LOCKED
40581,1277.684,-170427283331314,-4857,51197,-29285.2,31998.0,7.6,0.024,71781383,LOCKED
40582,1278.684,-170427283322804,32208,88262,-29303.0,31779.7,7.5,0.023,71881859,LOCKED
40583,1279.684,-170427283337319,43939,99993,-29225.9,32334.9,7.5,0.025,71847328,LOCKED
40584,1280.684,-170427283429265,-19096,36958,-29178.5,31829.5,7.5,0.023,71956443,LOCKED
40585,1281.684,-170427283423770,15889,71943,-29220.4,31442.8,7.8,0.019,72050618,LOCKED
40586,1282.685,-170427283452967,15066,71120,-29203.9,31499.9,7.7,0.022,72025729,LOCKED
40587,1283.685,-170427283524070,-26028,30026,-29200.1,31465.6,7.9,0.019,72133971,LOCKED
40588,1284.685,-170427283525765,2657,58711,-29262.5,31035.7,7.7,0.013,72129607,LOCKED
40589,1285.684,-170427283606867,-45347,10707,-29375.6,31533.9,7.6,0.017,72226810,LOCKED
40590,1286.684,-170427283596625,-5435,50619,-29381.0,31540.9,7.4,0.011,72327693,LOCKED
40591,1287.685,-170427283607755,11317,67371,-29326.1,31461.7,7.6,0.008,72425215,LOCKED
40592,1288.685,-170427283687860,-38701,17353,-29299.0,31038.3,7.6,0.007,72416584,LOCKED
40593,1289.684,-170427283721831,-39319,16735,-29432.9,31090.5,7.5,0.012,72502059,LOCKED
40594,1290.685,-170427283775069,-58837,0,-29545.6,32092.1,7.5,0.011,72608797,LOCKED
40595,1291.685,-170427283781818,-34545,24292,-29561.6,32248.4,7.5,0.018,72595728,LOCKED
40596,1292.685,-170427283808977,-28312,30525,-29702.7,31693.8,7.5,0.017,72684398,LOCKED
40597,1293.686,-170427283859322,-44889,13948,-29827.8,32074.0,7.6,0.025,72801366,LOCKED
40598,1294.685,-170427283883213,-37528,21309,-29835.3,32160.9,6.9,0.042,72835448,LOCKED
40599,1295.685,-170427283917139,-37201,21636,-29990.6,31800.1,6.9,0.051,72825364,LOCKED
40600,1296.685,-170427283917622,-6389,52448,-30044.1,31642.7,6.8,0.064,72912234,LOCKED
40601,1297.684,-170427283978057,-34664,24173,-30090.3,31971.1,6.8,0.067,73029137,LOCKED
40602,1298.685,-170427283997421,-23673,35164,-30063.9,31698.3,6.7,0.057,73016031,LOCKED
40603,1299.685,-170427283984958,19256,78093,-30115.7,31107.2,6.7,0.060,73121367,LOCKED
40604,1300.685,-170427283971024,60181,119018,-30062.4,31907.9,6.7,0.052,73223870,LOCKED
40605,1301.686,-170427284068607,-7185,51652,-30058.0,31895.8,6.8,0.047,73216179,LOCKED
40606,1302.687,-170427284053113,35400,94237,-29971.1,32198.7,6.8,0.042,73323230,LOCKED
40607,1303.685,-170427284060246,55394,114231,-29923.6,32841.7,6.8,0.039,73294690,LOCKED
40608,1304.685,-170427284116486,26478,85315,-29839.9,32911.4,6.8,0.035,73442419,LOCKED
40609,1305.685,-170427284119904,50560,109397,-29809.1,33319.7,7.1,0.019,73527425,LOCKED
40610,1306.685,-170427284233792,-31459,27378,-29858.0,33588.9,7.3,0.003,73509794,LOCKED
40611,1307.685,-170427284217538,13586,72423,-29828.1,33636.3,7.4,0.013,73618362,LOCKED
40612,1308.685,-170427284211010,48416,107253,-29833.8,33547.1,7.4,0.010,73600333,LOCKED
40613,1309.686,-170427284306183,-14546,44291,-29926.5,33200.3,7.4,0.008,73706530,LOCKED
40614,1310.686,-170427284299141,20834,79671,-29883.1,33316.4,7.5,0.018,73805951,LOCKED
40615,1311.685,-170427284293051,51885,110722,-29727.5,33683.6,7.5,0.016,73903600,LOCKED
40616,1312.686,-170427284395192,-18815,40022,-29780.4,33745.2,7.5,0.014,73889831,LOCKED
40617,1313.686,-170427284390742,13118,71955,-29689.3,33378.2,7.4,0.012,73984389,LOCKED
40618,1314.686,-170427284475218,-38591,20246,-29776.3,33753.7,7.3,0.009,73991286,LOCKED
40619,1315.686,-170427284454635,10053,68890,-29708.7,33558.8,7.1,0.008,74100007,LOCKED
40620,1316.686,-170427284471908,22852,81689,-29764.7,32871.6,7.3,0.014,74178117,LOCKED
40621,1317.686,-170427284571067,-43512,15325,-29841.2,33398.4,7.4,0.020,74167144,LOCKED
40622,1318.686,-170427284552181,3622,62459,-29768.9,33009.1,7.4,0.019,74274374,LOCKED
40623,1319.686,-170427284564746,20717,79554,-29798.1,32737.7,7.4,0.018,74354266,LOCKED
40624,1320.688,-170427284565212,48066,106903,-29780.7,32978.1,7.4,0.017,74443044,LOCKED
40625,1321.685,-170427284681193,-35422,23415,-29855.0,33313.5,7.2,0.015,74417414,LOCKED
40626,1322.686,-170427284682091,-7197,51640,-29807.0,32995.8,7.2,0.014,74507799,LOCKED
40627,1323.686,-170427284681417,23344,82181,-29848.9,32521.8,7.1,0.014,74599934,LOCKED
40628,1324.686,-170427284784735,-47237,11600,-29912.2,33113.8,6.9,0.015,74585896,LOCKED
40629,1325.686,-170427284798644,-30540,28297,-29895.4,32924.5,6.8,0.016,74664385,LOCKED
40630,1326.686,-170427284788786,9782,68619,-29939.6,32606.1,6.6,0.018,74764754,LOCKED
40631,1327.687,-170427284788883,36932,95769,-29868.8,32986.2,6.6,0.017,74858052,LOCKED
40632,1328.686,-170427284898240,-40969,17868,-29878.6,33104.9,6.6,0.016,74838226,LOCKED
40633,1329.686,-170427284901131,-12470,46367,-29932.1,33057.3,6.6,0.016,74925645,LOCKED
40634,1330.686,-170427284904289,12891,71728,-29884.1,33045.2,6.7,0.016,75015095,LOCKED
40635,1331.687,-170427284936258,8967,67804,-29808.6,32741.8,6.7,0.016,75097279,LOCKED
40636,1332.687,-170427284994169,-17286,41551,-29870.7,32733.3,6.7,0.016,75083336,LOCKED
40637,1333.688,-170427285039291,-31198,27639,-29884.6,32854.4,6.7,0.016,75179675,LOCKED
40638,1334.688,-170427285076714,-35558,23279,-29981.6,33098.5,6.7,0.017,75203869,LOCKED
40639,1335.686,-170427285079287,-8698,50139,-29940.2,32827.1,6.7,0.017,75296734,LOCKED
40640,1336.686,-170427285074809,25356,84193,-29964.5,32573.9,6.7,0.017,75391807,LOCKED
40641,1337.686,-170427285145979,-14850,43987,-29988.9,32636.0,6.7,0.017,75377516,LOCKED
40642,1338.688,-170427285166957,-6759,52078,-29932.4,32217.0,6.4,0.023,75478103,LOCKED
40643,1339.687,-170427285150487,35170,94007,-29771.0,31640.3,6.2,0.029,75584497,LOCKED
40644,1340.688,-170427285155365,56161,114998,-29672.7,32546.5,6.2,0.030,75560999,LOCKED
40645,1341.687,-170427285247511,-7138,51699,-29620.3,32169.5,6.0,0.024,75670219,LOCKED
40646,1342.689,-170427285234257,32086,90923,-29494.2,32009.9,6.0,0.025,75775603,LOCKED
40647,1343.688,-170427285243758,48622,107459,-29405.2,32682.5,5.9,0.018,75743186,LOCKED
40648,1344.689,-170427285300302,19029,77866,-29316.3,32500.6,6.1,0.020,75889770,LOCKED
40649,1345.687,-170427285315050,31986,90823,-29290.3,32706.3,6.2,0.021,75965846,LOCKED
40650,1346.688,-170427285426983,-48105,10732,-29335.6,33214.8,6.5,0.021,75942680,LOCKED
40651,1347.688,-170427285415303,-7973,50864,-29278.9,32778.2,6.3,0.012,76042928,LOCKED
40652,1348.689,-170427285414820,20638,79475,-29256.7,32880.0,6.5,0.015,76138339,LOCKED
40653,1349.687,-170427285424141,38353,97190,-29211.4,33246.5,6.7,0.013,76105768,LOCKED
40654,1350.687,-170427285527825,-32569,26268,-29331.7,33180.2,6.9,0.010,76201043,LOCKED
40655,1351.687,-170427285529182,-3725,55112,-29368.3,33102.4,6.8,0.029,76289375,LOCKED
40656,1352.688,-170427285528706,24963,83800,-29353.0,33202.2,6.8,0.028,76382831,LOCKED
40657,1353.689,-170427285541413,40152,98989,-29348.3,33259.8,6.8,0.030,76350017,LOCKED
40658,1354.688,-170427285592869,17978,76815,-29375.0,33043.1,7.0,0.013,76502631,LOCKED
40659,1355.688,-170427285604880,34358,93195,-29383.9,32938.8,6.9,0.043,76581511,LOCKED
40660,1356.687,-170427285727183,-54352,4485,-29500.3,33716.0,6.8,0.028,76549134,LOCKED
40661,1357.689,-170427285706300,-2186,56651,-29584.3,33140.2,6.9,0.042,76660934,LOCKED
40662,1358.688,-170427285694051,38362,97199,-29585.1,33131.1,7.0,0.058,76762323,LOCKED
40663,1359.688,-170427285815561,-50145,8692,-29669.6,33822.6,7.0,0.075,76729997,LOCKED
40664,1360.687,-170427285803299,-9142,49695,-29608.7,33316.6,7.1,0.083,76833405,LOCKED
40665,1361.687,-170427285801269,21746,80583,-29608.0,33321.2,7.1,0.078,76925740,LOCKED
40666,1362.689,-170427285811550,37634,96471,-29501.6,33565.4,7.1,0.073,77008526,LOCKED
40667,1363.688,-170427285934872,-54144,4693,-29511.8,33728.4,7.2,0.080,76973347,LOCKED
40668,1364.687,-170427285889740,18399,77236,-29439.1,33675.7,7.1,0.084,77107402,LOCKED
40669,1365.687,-170427285901709,31826,90663,-29293.3,33228.8,6.9,0.081,77075483,LOCKED
40670,1366.687,-170427285992678,-26957,31880,-29390.7,33204.0,7.1,0.095,77185609,LOCKED
40671,1367.687,-170427285992758,1730,60567,-29362.9,33149.3,7.0,0.098,77277192,LOCKED
40672,1368.688,-170427285988879,30995,89832,-29219.0,32687.9,7.0,0.094,77372086,LOCKED
40673,1369.687,-170427286095016,-42596,16241,-29311.6,33166.7,7.1,0.091,77357800,LOCKED
40674,1370.688,-170427286087938,-6599,52238,-29281.3,33019.8,7.0,0.094,77453889,LOCKED
40675,1371.688,-170427286100680,7271,66108,-29162.1,31989.9,7.0,0.098,77536710,LOCKED
40676,1372.689,-170427286176438,-36508,22329,-29239.8,32354.4,7.1,0.100,77523139,LOCKED
40677,1373.688,-170427286226792,-54676,4161,-29293.5,33034.5,7.1,0.097,77619180,LOCKED
40678,1374.688,-170427286267686,-60920,0,-29455.4,33786.2,7.1,0.095,77735339,LOCKED
40679,1375.688,-170427286285203,-46271,14649,-29511.6,34310.9,7.2,0.092,77708281,LOCKED
40680,1376.689,-170427286308909,-38696,22224,-29534.1,34533.1,7.1,0.097,77779695,LOCKED
40681,1377.688,-170427286290911,9707,70627,-29593.1,34052.8,7.0,0.101,77880865,LOCKED
40682,1378.688,-170427286277453,49246,110166,-29502.5,34701.7,7.0,0.099,77986416,LOCKED
40683,1379.689,-170427286393602,-35679,25241,-29527.7,34918.6,7.4,0.104,77962459,LOCKED
40684,1380.689,-170427286380485,4827,65747,-29430.5,34242.7,7.5,0.103,78061541,LOCKED
40685,1381.688,-170427286385457,28457,89377,-29437.3,34180.1,7.5,0.104,78149646,LOCKED
40686,1382.689,-170427286386179,53621,114541,-29352.0,34940.6,7.6,0.106,78127590,LOCKED
40687,1383.688,-170427286478313,-9453,51467,-29321.9,34776.8,7.6,0.107,78235651,LOCKED
40688,1384.688,-170427286553221,-49931,10989,-29489.8,34879.9,7.7,0.106,78250542,LOCKED
40689,1385.689,-170427286545189,-10427,50493,-29569.9,34578.9,7.7,0.105,78349986,LOCKED
40690,1386.689,-170427286520131,41281,102201,-29495.2,35029.8,7.7,0.104,78463250,LOCKED
40691,1387.689,-170427286635669,-42928,17992,-29513.8,35239.4,7.6,0.098,78441890,LOCKED
40692,1388.689,-170427286612587,10599,71519,-29577.3,34691.2,7.6,0.099,78555896,LOCKED
40693,1389.689,-170427286605282,45161,106081,-29538.4,35090.3,7.7,0.100,78651285,LOCKED
40694,1390.688,-170427286714240,-32144,28776,-29588.8,35357.8,7.5,0.094,78631500,LOCKED
40695,1391.690,-170427286706769,4593,65513,-29580.6,35363.3,7.6,0.094,78732011,LOCKED
40696,1392.691,-170427286694467,44389,105309,-29552.0,35670.3,7.7,0.094,78831487,LOCKED
40697,1393.689,-170427286714601,51775,112695,-29538.4,35862.3,7.7,0.093,78791449,LOCKED
40698,1394.689,-170427286780349,16323,77243,-29602.8,35199.7,7.8,0.093,78927984,LOCKED
40699,1395.688,-170427286787502,37224,98144,-29588.7,35339.3,7.8,0.092,78901869,LOCKED
40700,1396.689,-170427286871572,-16274,44646,-29609.9,35403.8,7.9,0.091,79022182,LOCKED
40701,1397.688,-170427286864142,20671,81591,-29639.7,35144.6,7.9,0.090,79116730,LOCKED
40702,1398.689,-170427286878236,34891,95811,-29632.7,35213.6,8.0,0.088,79084786,LOCKED
40703,1399.689,-170427286978777,-34152,26768,-29667.5,35464.5,8.0,0.086,79184647,LOCKED
40704,1400.690,-170427286978335,-5076,55844,-29608.3,35076.1,8.0,0.085,79277266,LOCKED
40705,1401.689,-170427286970268,31184,92104,-29590.6,35214.0,8.4,0.080,79375559,LOCKED
40706,1402.690,-170427287083364,-49630,11290,-29640.2,35735.8,8.4,0.079,79353564,LOCKED
40707,1403.689,-170427287077284,-14379,46541,-29593.2,35349.0,8.4,0.075,79447721,LOCKED
40708,1404.689,-170427287043941,44846,105766,-29485.4,35798.8,8.2,0.059,79462262,LOCKED
40709,1405.689,-170427287146373,-27410,33510,-29473.7,35692.7,7.9,0.042,79562140,LOCKED
40710,1406.689,-170427287136075,13124,74044,-29533.1,35163.4,7.9,0.052,79660340,LOCKED
40711,1407.690,-170427287141617,34986,95906,-29486.7,35463.9,7.9,0.049,79633807,LOCKED
40712,1408.690,-170427287237331,-29945,30975,-29500.5,35570.3,7.6,0.030,79739402,LOCKED
40713,1409.690,-170427287242253,-6441,54479,-29436.9,35105.0,7.6,0.027,79822471,LOCKED
40714,1410.689,-170427287236402,27930,88850,-29438.4,35092.2,7.8,0.053,79919380,LOCKED
40715,1411.690,-170427287245721,44983,105903,-29362.6,35619.1,7.5,0.014,79997978,LOCKED
40716,1412.692,-170427287360273,-38579,22341,-29378.3,35777.2,7.7,0.032,79978371,LOCKED
40717,1413.690,-170427287357365,-7449,53471,-29309.0,35218.8,7.9,0.044,80067289,LOCKED
40718,1414.689,-170427287441913,-59539,1381,-29364.7,35936.9,7.4,0.048,80074670,LOCKED
40719,1415.690,-170427287449029,-36365,24555,-29349.5,35756.7,7.3,0.048,80165330,LOCKED
40720,1416.690,-170427287466215,-21089,39831,-29467.4,35319.7,7.2,0.049,80255739,LOCKED
40721,1417.690,-170427287516073,-38791,22129,-29535.0,35710.3,7.2,0.049,80242284,LOCKED
40722,1418.690,-170427287535463,-28139,32781,-29513.0,35487.0,7.4,0.041,80344483,LOCKED
40723,1419.690,-170427287520440,16981,77901,-29570.1,34920.7,7.4,0.042,80447661,LOCKED
40724,1420.690,-170427287515163,48808,109728,-29502.9,35515.5,7.4,0.043,80433961,LOCKED
40725,1421.691,-170427287596901,-3938,56982,-29471.2,35393.3,7.3,0.043,80555582,LOCKED
40726,1422.692,-170427287578807,39370,100290,-29327.4,35323.9,7.2,0.043,80660652,LOCKED
40727,1423.692,-170427287695536,-43341,17579,-29485.9,35237.2,7.1,0.043,80631886,LOCKED
40728,1424.690,-170427287656256,23011,83931,-29405.6,35239.9,7.1,0.044,80762909,LOCKED
40729,1425.690,-170427287669657,35058,95978,-29269.4,35085.6,7.0,0.043,80727701,LOCKED
40730,1426.690,-170427287765143,-28637,32283,-29345.6,35242.8,6.9,0.041,80835261,LOCKED
40731,1427.690,-170427287753071,11537,72457,-29303.7,35237.7,6.9,0.042,80933989,LOCKED
40732,1428.691,-170427287755794,34079,94999,-29161.9,34967.2,6.8,0.041,80912184,LOCKED
40733,1429.690,-170427287861148,-38518,22402,-29274.5,35183.6,6.7,0.039,81006043,LOCKED
40734,1430.691,-170427287858206,-6142,54778,-29272.1,35178.8,6.7,0.040,81100513,LOCKED
40735,1431.692,-170427287855983,22893,83813,-29189.3,35161.0,6.7,0.041,81193671,LOCKED
40736,1432.693,-170427287868281,37855,98775,-29157.5,35433.7,6.8,0.039,81273174,LOCKED
40737,1433.691,-170427287988818,-48679,12241,-29314.7,35613.5,6.9,0.040,81243243,LOCKED
40738,1434.690,-170427287948099,21870,82790,-29376.4,34885.4,7.0,0.035,81375640,LOCKED
40739,1435.692,-170427287963454,35172,96092,-29399.7,34590.9,6.9,0.033,81337253,LOCKED
40740,1436.692,-170427288049805,-18867,42053,-29511.5,34146.4,7.1,0.036,81458101,LOCKED
40741,1437.692,-170427288039712,19427,80347,-29479.4,34247.8,7.1,0.037,81551152,LOCKED
40742,1438.692,-170427288045264,39122,100042,-29336.5,34175.7,7.2,0.035,81633751,LOCKED
40743,1439.692,-170427288163339,-45055,15865,-29485.7,34290.0,7.1,0.040,81605655,LOCKED
40744,1440.692,-170427288164092,-15199,45721,-29515.6,34351.2,7.0,0.036,81695611,LOCKED
40745,1441.692,-170427288167617,9356,70276,-29460.6,34244.4,6.9,0.037,81783261,LOCKED
40746,1442.695,-170427288174339,28254,89174,-29318.8,33709.8,6.9,0.039,81865600,LOCKED
40747,1443.692,-170427288293837,-57714,3206,-29429.7,34600.7,6.9,0.041,81837040,LOCKED
40748,1444.692,-170427288255132,11525,72445,-29503.2,33866.9,6.8,0.036,81965450,LOCKED
40749,1445.692,-170427288253741,40301,101221,-29466.3,34206.8,6.9,0.030,82058925,LOCKED
40750,1446.693,-170427288373246,-47683,13237,-29487.8,34480.8,6.7,0.024,82028524,LOCKED
40751,1447.692,-170427288370593,-12869,48051,-29597.8,33853.9,6.6,0.017,82120142,LOCKED
40752,1448.691,-170427288371883,14473,75393,-29574.5,33910.5,6.6,0.018,82212884,LOCKED
40753,1449.692,-170427288375024,37040,97960,-29446.1,33927.6,6.6,0.019,82298002,LOCKED
40754,1450.691,-170427288400366,39785,100705,-29445.6,33933.9,6.6,0.012,82265527,LOCKED
40755,1451.692,-170427288487283,-16406,44514,-29481.2,34002.8,6.6,0.013,82367040,LOCKED
40756,1452.692,-170427288512850,-12914,48006,-29438.9,33674.8,6.6,0.015,82467085,LOCKED
40757,1453.692,-170427288586728,-55238,5682,-29450.8,33867.2,6.6,0.016,82449008,LOCKED
40758,1454.692,-170427288590252,-27857,33063,-29475.9,34028.2,6.8,0.014,82577048,LOCKED
40759,1455.691,-170427288547537,40257,101177,-29342.5,34119.6,6.8,0.015,82671926,LOCKED
40760,1456.691,-170427288646502,-26956,33964,-29416.1,34255.0,7.0,0.033,82658590,LOCKED
40761,1457.692,-170427288671465,-21702,39218,-29419.3,34275.6,7.0,0.034,82753000,LOCKED
40762,1458.692,-170427288726566,-45495,15425,-29436.3,34487.2,7.2,0.019,82856113,LOCKED
40763,1459.692,-170427288747547,-33483,27437,-29555.4,34469.7,7.2,0.020,82830535,LOCKED
40764,1460.693,-170427288739453,4164,65084,-29562.2,34457.0,7.0,0.005,82927598,LOCKED
40765,1461.693,-170427288719795,48940,109860,-29425.3,34867.7,6.8,0.026,83042486,LOCKED
40766,1462.693,-170427288836553,-34206,26714,-29574.2,34494.8,6.7,0.008,83011833,LOCKED
40767,1463.692,-170427288819867,11931,72851,-29588.0,34427.9,6.7,0.008,83117543,LOCKED
40768,1464.693,-170427288898786,-36374,24546,-29577.8,34305.8,6.8,-0.005,83127867,LOCKED
40769,1465.693,-170427288918554,-23868,37052,-29670.6,34232.0,7.0,-0.015,83203249,LOCKED
40770,1466.694,-170427288902292,20361,81281,-29620.8,34326.1,7.0,-0.014,83311631,LOCKED
40771,1467.693,-170427289002830,-48382,12538,-29647.0,34653.5,7.0,-0.013,83300369,LOCKED
40772,1468.693,-170427288998308,-12220,48700,-29724.7,34419.0,7.0,-0.012,83395001,LOCKED
40773,1469.693,-170427288993034,21628,82548,-29704.1,34517.8,6.8,-0.010,83488468,LOCKED
40774,1470.693,-170427289030151,12434,73354,-29637.3,34382.2,6.6,-0.010,83542694,LOCKED
40775,1471.693,-170427289035500,32725,93645,-29495.3,34043.0,6.5,-0.009,83625548,LOCKED
40776,1472.695,-170427289050821,44925,105845,-29473.1,34306.6,6.2,-0.008,83594313,LOCKED
40777,1473.694,-170427289138979,-12848,48072,-29496.5,34350.8,6.2,-0.014,83705272,LOCKED
40778,1474.693,-170427289206118,-45338,15582,-29674.3,34057.3,6.2,-0.013,83726120,LOCKED
40779,1475.693,-170427289208220,-15309,45611,-29769.6,33706.4,6.2,-0.012,83818069,LOCKED
40780,1476.693,-170427289199750,22430,83350,-29782.4,33602.5,6.2,-0.011,83918919,LOCKED
40781,1477.694,-170427289193316,56534,117454,-29772.8,33763.9,6.4,-0.005,84013769,LOCKED
40782,1478.693,-170427289298467,-16212,44708,-29875.2,33346.7,6.2,-0.006,83998957,LOCKED
40783,1479.693,-170427289294580,16436,77356,-29847.8,33421.1,6.5,-0.001,84094123,LOCKED
40784,1480.693,-170427289287063,49141,110061,-29700.6,33751.0,6.7,0.003,84081126,LOCKED
40785,1481.694,-170427289384193,-16664,44256,-29752.6,33780.4,6.9,0.007,84187536,LOCKED
40786,1482.694,-170427289385891,9539,70459,-29677.5,33501.1,7.0,0.011,84276927,LOCKED
40787,1483.694,-170427289381005,42937,103857,-29691.7,33289.9,7.0,0.011,84371153,LOCKED
40788,1484.693,-170427289464363,-10561,50359,-29682.4,33250.9,7.0,0.011,84378145,LOCKED
40789,1485.693,-170427289462108,18891,79811,-29591.7,33049.5,7.2,0.014,84472643,LOCKED
40790,1486.693,-170427289469251,39653,100573,-29574.8,33235.7,7.2,0.013,84442697,LOCKED
40791,1487.693,-170427289545393,-6829,54091,-29567.6,33215.5,7.3,0.015,84566804,LOCKED
40792,1488.694,-170427289541135,23965,84885,-29458.5,32967.3,7.5,0.017,84661163,LOCKED
40793,1489.693,-170427289564620,29129,90049,-29467.2,32879.3,7.5,0.016,84732766,LOCKED
40794,1490.694,-170427289603209,18807,79727,-29439.5,32975.7,7.6,0.018,84692698,LOCKED
40795,1491.694,-170427289690275,-37266,23654,-29453.9,33126.9,7.7,0.019,84786192,LOCKED
40796,1492.694,-170427289731873,-47762,13158,-29455.3,33148.3,7.6,0.014,84876181,LOCKED
40797,1493.694,-170427289670631,41562,102482,-29457.1,33124.7,7.6,0.020,84984059,LOCKED
40798,1494.696,-170427289747082,-5949,53590,-29421.7,32944.1,7.5,0.014,84996573,LOCKED
40799,1495.694,-170427289817267,-45068,14471,-29427.4,33023.4,7.6,0.014,85094966,LOCKED
40800,1496.694,-170427289739165,58860,118399,-29348.4,33925.1,7.6,0.020,85074607,LOCKED
40801,1497.695,-170427289836115,-9065,50474,-29317.4,33752.4,7.7,0.019,85181209,LOCKED
40802,1498.695,-170427289827436,25315,84854,-29181.7,33182.3,7.7,0.025,85279705,LOCKED
40803,1499.695,-170427289942598,-55644,3895,-29336.0,33747.7,7.5,0.016,85253378,LOCKED
40804,1500.695,-170427289933107,-15458,44081,-29377.0,33795.6,8.0,0.013,85354219,LOCKED
40805,1501.695,-170427289925422,19640,79179,-29313.1,33824.0,8.0,0.011,85448925,LOCKED
40806,1502.695,-170427289943715,27291,86830,-29193.0,33562.2,8.1,0.008,85413526,LOCKED
40807,1503.695,-170427290038853,-34633,24906,-29333.0,33329.3,8.1,0.003,85519426,LOCKED
40808,1504.695,-170427289998197,32442,91981,-29243.7,33525.7,8.2,-0.002,85650703,LOCKED
40809,1505.696,-170427290110466,-49011,10528,-29239.4,33456.4,7.9,-0.019,85625415,LOCKED
40810,1506.695,-170427290089115,2707,62246,-29299.3,33080.8,8.0,-0.009,85739477,LOCKED
40811,1507.695,-170427290078582,40020,99559,-29242.2,33509.0,8.0,-0.003,85841760,LOCKED
40812,1508.696,-170427290182148,-32787,26752,-29262.1,33678.0,8.1,0.002,85830085,LOCKED
40813,1509.696,-170427290173678,3028,62567,-29172.8,33047.2,8.1,0.006,85929276,LOCKED
40814,1510.695,-170427290173956,28009,87548,-29027.1,32411.6,7.8,-0.020,86018790,LOCKED
40815,1511.695,-170427290285497,-51031,8508,-29112.9,33142.9,8.2,-0.005,85996873,LOCKED
40816,1512.699,-170427290280969,-16391,43148,-29134.7,33213.2,8.1,-0.019,86090802,LOCKED
40817,1513.696,-170427290262129,30900,90439,-29152.5,33008.8,8.2,-0.020,86197372,LOCKED
40818,1514.696,-170427290354882,-30000,29539,-29235.3,33176.9,8.2,-0.004,86198315,LOCKED
40819,1515.695,-170427290361558,-8706,50833,-29158.6,32424.6,8.2,0.004,86280329,LOCKED
40820,1516.695,-170427290357316,23556,83095,-29141.9,32526.4,8.2,-0.003,86371404,LOCKED
40821,1517.695,-170427290464421,-50537,9002,-29248.0,33215.0,8.2,-0.007,86356909,LOCKED
40822,1518.696,-170427290456591,-11307,48232,-29335.0,32840.9,7.9,0.001,86454415,LOCKED
40823,1519.696,-170427290438250,35105,94644,-29331.3,32880.7,7.9,-0.003,86564214,LOCKED
40824,1520.695,-170427290557419,-51286,8253,-29415.4,33607.0,7.9,0.002,86535007,LOCKED
40825,1521.696,-170427290552158,-17224,42315,-29356.4,32973.5,7.9,0.006,86632135,LOCKED
40826,1522.695,-170427290581692,-15148,44391,-29442.0,32720.1,7.8,0.009,86726256,LOCKED
40827,1523.696,-170427290651210,-51953,7586,-29516.2,33446.7,7.8,0.012,86712160,LOCKED
40828,1524.696,-170427290651697,-20067,39472,-29623.3,33092.7,7.4,0.014,86843339,LOCKED
40829,1525.696,-170427290621378,38439,97978,-29616.7,33168.9,7.3,0.021,86925713,LOCKED
40830,1526.696,-170427290742317,-49783,9756,-29686.2,33822.8,7.2,0.022,86895016,LOCKED
40831,1527.696,-170427290729662,-4898,54641,-29803.1,32772.4,7.2,0.018,87001836,LOCKED
40832,1528.696,-170427290788619,-30773,28766,-29913.1,32752.0,7.2,0.018,87094803,LOCKED
40833,1529.698,-170427290833974,-43208,16331,-29988.9,33273.4,7.1,0.019,87073528,LOCKED
40834,1530.697,-170427290849080,-26192,33347,-30050.2,33442.0,7.0,0.018,87153980,LOCKED
40835,1531.696,-170427290836657,14741,74280,-29999.0,33444.5,7.0,0.018,87253007,LOCKED
40836,1532.698,-170427290819775,56594,116133,-29846.1,34063.1,6.9,0.017,87360549,LOCKED
40837,1533.696,-170427290920517,-12588,46951,-29909.4,33955.9,6.3,0.014,87350279,LOCKED
40838,1534.697,-170427290890189,46646,106185,-29937.8,33470.9,6.2,0.012,87361800,LOCKED
40839,1535.697,-170427290974154,-5644,53895,-30013.8,33085.6,6.3,0.014,87481528,LOCKED
40840,1536.697,-170427290955436,40354,99893,-29946.7,33535.2,6.2,0.011,87591728,LOCKED
40841,1537.697,-170427291066213,-39031,20508,-29952.7,33605.2,6.2,0.012,87568584,LOCKED
40842,1538.697,-170427291044479,13116,72655,-29997.2,33243.9,6.2,0.007,87682710,LOCKED
40843,1539.696,-170427291032429,51803,111342,-29918.3,33967.4,6.2,0.008,87789267,LOCKED
40844,1540.696,-170427291133183,-18862,40677,-29895.3,33785.7,6.2,0.009,87777095,LOCKED
40845,1541.697,-170427291127705,16561,76100,-29925.3,33550.0,6.2,0.010,87873931,LOCKED
40846,1542.699,-170427291115807,54828,114367,-29841.8,34352.2,6.2,0.011,87978202,LOCKED
40847,1543.697,-170427291227122,-25878,33661,-29836.4,34306.8,6.2,0.006,87956378,LOCKED
40848,1544.698,-170427291183996,44805,104344,-29799.0,34696.1,6.2,0.000,88086786,LOCKED
40849,1545.697,-170427291213945,41466,101005,-29711.3,35130.9,6.2,0.001,88038188,LOCKED
40850,1546.697,-170427291320863,-34523,25016,-29713.6,35154.5,6.2,0.003,88135751,LOCKED
40851,1547.697,-170427291314241,2100,61639,-29731.2,35116.8,6.2,0.004,88231540,LOCKED
40852,1548.698,-170427291294127,47865,107404,-29610.4,35598.6,6.4,0.005,88340882,LOCKED
40853,1549.698,-170427291417280,-43719,15820,-29633.8,35854.0,6.2,-0.001,88309002,LOCKED
40854,1550.698,-170427291421759,-18089,41450,-29627.0,35814.2,6.2,-0.000,88398532,LOCKED
40855,1551.698,-170427291408709,24142,83681,-29645.4,35655.7,6.2,0.001,88498770,LOCKED
40856,1552.700,-170427291424167,37440,96979,-29664.0,35419.2,6.2,0.002,88464421,LOCKED
40857,1553.697,-170427291524936,-32835,26704,-29650.1,35266.2,6.4,0.005,88566087,LOCKED
40858,1554.698,-170427291494451,25669,85208,-29612.7,35433.2,6.5,0.009,88688775,LOCKED
40859,1555.698,-170427291506571,41831,101370,-29617.0,35377.9,6.5,0.011,88763819,LOCKED
40860,1556.697,-170427291534498,38630,98169,-29440.8,34765.0,6.5,0.014,88833994,LOCKED
40861,1557.697,-170427291639792,-34803,24736,-29501.9,35084.8,6.5,0.017,88814834,LOCKED
40862,1558.698,-170427291629946,3018,62557,-29431.8,34726.7,6.5,0.022,88915492,LOCKED
40863,1559.698,-170427291620276,40918,100457,-29440.9,34606.5,6.5,-0.005,89015269,LOCKED
40864,1560.698,-170427291687992,2768,62307,-29451.7,34587.3,6.2,0.015,88955059,LOCKED
40865,1561.698,-170427291765934,-43672,15867,-29479.7,34890.0,6.1,0.006,89051663,LOCKED
40866,1562.699,-170427291767688,-16217,43322,-29439.3,34550.9,6.1,0.012,89139119,LOCKED
40867,1563.698,-170427291795433,-12768,46771,-29504.3,34436.6,6.1,0.018,89220049,LOCKED
40868,1564.698,-170427291841321,-28714,30825,-29478.0,34144.5,6.2,0.010,89243669,LOCKED
40869,1565.698,-170427291854245,-10133,49406,-29560.8,33799.6,6.1,-0.003,89322830,LOCKED
40870,1566.698,-170427291848183,23468,83007,-29500.5,33917.1,6.1,-0.001,89419876,LOCKED
40871,1567.699,-170427291881577,16550,76089,-29379.4,33234.3,6.1,0.001,89385288,LOCKED
40872,1568.699,-170427291953672,-23884,35655,-29451.8,33308.4,6.2,-0.009,89492757,LOCKED
40873,1569.698,-170427291989269,-28692,30847,-29469.7,33441.7,6.3,-0.017,89578589,LOCKED
40874,1570.698,-170427292037059,-45552,13987,-29465.6,33380.9,6.3,-0.023,89569548,LOCKED
40875,1571.698,-170427292042737,-19267,40272,-29556.3,33191.9,6.0,-0.022,89673041,LOCKED
40876,1572.701,-170427292022292,28779,88318,-29508.1,33420.7,5.9,-0.018,89783487,LOCKED
40877,1573.699,-170427292120210,-38652,20887,-29491.8,33197.4,6.4,-0.032,89778761,LOCKED
40878,1574.698,-170427292059508,48634,108173,-29429.9,33799.5,6.5,-0.037,89817455,LOCKED
40879,1575.698,-170427292190842,-50146,9393,-29499.9,34450.7,6.6,-0.041,89936293,LOCKED
40880,1576.698,-170427292129396,36717,96256,-29360.3,34319.0,6.5,-0.045,89927635,LOCKED
40881,1577.698,-170427292207094,-9846,49693,-29431.2,34093.3,6.5,-0.049,90050255,LOCKED
40882,1578.699,-170427292187244,36730,96269,-29359.4,34451.5,6.9,-0.057,90158878,LOCKED
40883,1579.698,-170427292300993,-46345,13194,-29346.8,34259.1,6.9,-0.061,90136771,LOCKED
40884,1580.700,-170427292276295,8340,67879,-29392.2,33961.2,6.9,-0.063,90252286,LOCKED
40885,1581.699,-170427292268049,43044,102583,-29319.6,34459.8,7.2,-0.070,90351597,LOCKED
40886,1582.698,-170427292382002,-38870,20669,-29388.6,34861.7,7.3,-0.067,90326618,LOCKED
40887,1583.699,-170427292369506,4219,63758,-29454.8,34396.7,7.6,-0.072,90431904,LOCKED
40888,1584.700,-170427292459596,-52221,7318,-29574.1,35054.4,7.7,-0.069,90430784,LOCKED
40889,1585.699,-170427292458370,-21399,38140,-29539.5,34728.4,7.4,-0.064,90522067,LOCKED
40890,1586.700,-170427292448684,18273,77812,-29591.9,34196.8,7.5,-0.061,90621985,LOCKED
40891,1587.700,-170427292455002,39133,98672,-29538.4,34587.4,7.4,-0.065,90595692,LOCKED
40892,1588.699,-170427292550167,-23529,36010,-29645.0,34364.4,7.4,-0.065,90704899,LOCKED
40893,1589.699,-170427292557285,943,60482,-29742.2,33500.5,7.4,-0.065,90787814,LOCKED
40894,1590.699,-170427292541023,45416,104955,-29742.6,33494.8,7.5,-0.065,90780384,LOCKED
40895,1591.699,-170427292642180,-24140,35399,-29793.8,33647.9,7.5,-0.065,90884782,LOCKED
40896,1592.702,-170427292628078,17123,76662,-29692.9,33278.3,7.5,-0.063,90985163,LOCKED
40897,1593.700,-170427292623377,49073,108612,-29654.5,33737.5,7.5,-0.060,90970213,LOCKED
40898,1594.699,-170427292683461,16343,75882,-29568.6,33518.5,7.6,-0.058,91113468,LOCKED
40899,1595.700,-170427292688466,38877,98416,-29533.6,33834.5,7.3,-0.050,91086611,LOCKED
40900,1596.699,-170427292768364,-11722,47817,-29502.5,33635.4,7.3,-0.049,91206723,LOCKED
40901,1597.701,-170427292762314,23955,83494,-29548.6,33097.1,7.3,-0.047,91300816,LOCKED
40902,1598.700,-170427292870260,-50849,8690,-29640.5,33809.0,7.3,-0.051,91281889,LOCKED
40903,1599.700,-170427292864186,-15424,44115,-29600.6,33474.5,7.3,-0.049,91383101,LOCKED
40904,1600.700,-170427292864711,13792,73331,-29630.5,33264.0,7.3,-0.046,91470856,LOCKED
40905,1601.701,-170427292868017,37422,96961,-29560.3,33648.0,7.4,-0.043,91447586,LOCKED
40906,1602.701,-170427292959200,-24147,35392,-29522.8,33236.2,7.4,-0.040,91560831,LOCKED
40907,1603.701,-170427292951322,13523,73062,-29558.5,32966.8,7.3,-0.044,91655739,LOCKED
40908,1604.700,-170427293038349,-42318,17221,-29568.0,33086.7,7.3,-0.049,91661693,LOCKED
40909,1605.700,-170427293029946,-5317,54222,-29511.4,32698.8,7.3,-0.045,91760229,LOCKED
40910,1606.700,-170427293034432,19674,79213,-29542.5,32412.1,7.3,-0.039,91843824,LOCKED
40911,1607.700,-170427293043358,37775,97314,-29481.8,32812.8,7.3,-0.033,91931501,LOCKED
40912,1608.702,-170427293144500,-33268,26271,-29456.7,32486.0,7.3,-0.038,91915037,LOCKED
40913,1609.701,-170427293176825,-32320,27219,-29590.5,32232.2,7.4,-0.016,92006280,LOCKED
40914,1610.700,-170427293224440,-46301,13238,-29712.2,32689.6,7.4,0.004,91998721,LOCKED
40915,1611.701,-170427293231118,-22300,37239,-29722.5,32753.8,7.7,0.037,92102043,LOCKED
40916,1612.705,-170427293213661,22227,81766,-29629.2,32621.7,7.5,0.054,92210886,LOCKED
40917,1613.700,-170427293312990,-43147,16392,-29770.0,32757.1,7.6,0.043,92201834,LOCKED
40918,1614.700,-170427293263705,32941,88585,-29679.0,32960.7,7.7,0.033,92338167,LOCKED
40919,1615.701,-170427293376042,-47785,7859,-29694.3,33172.9,7.9,0.026,92322461,LOCKED
40920,1616.701,-170427293346795,9038,64682,-29605.2,32706.9,8.1,0.061,92445825,LOCKED
40921,1617.701,-170427293336423,46850,102494,-29576.8,33058.7,7.9,0.087,92429410,LOCKED
40922,1618.701,-170427293420004,-6965,48679,-29574.5,33053.0,8.3,0.064,92548485,LOCKED
40923,1619.700,-170427293397753,40347,95991,-29419.8,32867.5,8.3,0.069,92662421,LOCKED
40924,1620.701,-170427293504617,-35162,20482,-29456.3,33155.4,8.6,0.050,92647645,LOCKED
40925,1621.701,-170427293508804,-8103,47541,-29530.9,32843.0,8.6,0.054,92735252,LOCKED
40926,1622.701,-170427293500899,27736,83380,-29498.6,33034.1,8.6,0.048,92833165,LOCKED
40927,1623.701,-170427293612428,-50524,5120,-29599.8,33724.8,8.5,0.043,92808782,LOCKED
40928,1624.702,-170427293569880,21078,76722,-29608.1,33664.2,8.5,0.040,92947528,LOCKED
40929,1625.701,-170427293584844,33738,89382,-29566.7,33946.5,8.5,0.037,92907786,LOCKED
40930,1626.701,-170427293676650,-27513,28131,-29569.5,33969.0,8.5,0.041,93014356,LOCKED
40931,1627.701,-170427293680925,-2840,52804,-29534.2,33827.8,8.4,0.045,93102534,LOCKED
40932,1628.701,-170427293678874,27479,83123,-29517.7,33944.1,8.8,0.054,93194705,LOCKED
40933,1629.702,-170427293790221,-50000,5644,-29648.3,34456.7,8.8,0.057,93174393,LOCKED
40934,1630.701,-170427293782354,-10137,45507,-29746.9,33911.5,8.8,0.060,93269289,LOCKED
40935,1631.702,-170427293786492,15319,70963,-29764.9,33797.1,8.8,0.058,93362470,LOCKED
40936,1632.701,-170427293784025,43679,99323,-29647.3,34166.4,9.0,0.066,93339314,LOCKED
40937,1633.702,-170427293871461,-11803,43841,-29741.1,33732.0,8.8,0.062,93451361,LOCKED
40938,1634.701,-170427293842766,42087,97731,-29587.6,33652.1,8.9,0.063,93573121,LOCKED
40939,1635.701,-170427293967376,-47771,7873,-29762.0,33545.9,8.9,0.065,93538882,LOCKED
40940,1636.701,-170427293955894,-7245,48399,-29714.6,33236.5,8.9,0.066,93644326,LOCKED
40941,1637.701,-170427293950607,26339,81983,-29688.8,33391.2,8.9,0.063,93738093,LOCKED
40942,1638.703,-170427293956780,45344,100988,-29542.6,33558.5,8.7,0.061,93711115,LOCKED
40943,1639.702,-170427294061099,-26123,29521,-29661.8,33262.8,8.7,0.061,93808211,LOCKED
40944,1640.702,-170427294053609,10024,65668,-29629.1,33269.9,8.8,0.058,93904633,LOCKED
40945,1641.702,-170427294045158,43394,99038,-29469.8,33167.2,8.5,0.052,94001404,LOCKED
40946,1642.701,-170427294150136,-28954,26690,-29576.9,33112.6,8.5,0.056,93989574,LOCKED
40947,1643.702,-170427294152059,-1437,54207,-29567.8,33100.9,8.3,0.051,94077297,LOCKED
40948,1644.702,-170427294126162,52297,107941,-29569.9,33066.2,8.2,0.053,94087246,LOCKED
40949,1645.702,-170427294232330,-21903,33741,-29651.3,33032.1,8.5,0.058,94180529,LOCKED
40950,1646.702,-170427294232038,7107,62751,-29617.2,33003.9,8.5,0.061,94269324,LOCKED
40951,1647.702,-170427294239378,26249,81893,-29506.8,32819.0,8.5,0.060,94353252,LOCKED
40952,1648.702,-170427294305521,-8864,46780,-29566.9,32658.8,8.5,0.058,94318432,LOCKED
40953,1649.704,-170427294365050,-36132,19512,-29639.2,33018.2,8.5,0.056,94403882,LOCKED
40954,1650.702,-170427294375176,-16844,38800,-29600.0,32666.8,8.5,0.054,94486939,LOCKED
40955,1651.702,-170427294373145,14833,70477,-29627.0,32470.0,8.5,0.052,94581213,LOCKED
40956,1652.703,-170427294368243,45756,101400,-29525.9,33019.6,8.5,0.056,94563184,LOCKED
40957,1653.702,-170427294463396,-20199,35445,-29476.2,32469.7,8.5,0.061,94672449,LOCKED
40958,1654.703,-170427294527484,-51935,3709,-29531.0,33108.3,8.4,0.067,94696299,LOCKED
40959,1655.703,-170427294528844,-23710,31934,-29494.1,32704.6,8.4,0.073,94786881,LOCKED
40960,1656.703,-170427294519966,13821,69465,-29475.8,32755.2,8.4,0.071,94884077,LOCKED
40961,1657.703,-170427294514727,44300,99944,-29341.4,33011.2,8.4,0.068,94979309,LOCKED
40962,1658.703,-170427294639257,-46167,9477,-29496.6,33104.9,8.5,0.066,94945772,LOCKED
40963,1659.703,-170427294633550,-9871,45773,-29533.9,33095.8,8.5,0.060,95045018,LOCKED
40964,1660.702,-170427294626097,24804,80448,-29461.5,33191.5,8.5,0.054,95140667,LOCKED
40965,1661.704,-170427294637175,38890,94534,-29315.0,33057.5,8.6,0.083,95108648,LOCKED
40966,1662.704,-170427294736321,-28505,27139,-29387.3,33238.5,8.6,0.094,95211663,LOCKED
40967,1663.704,-170427294723459,12096,67740,-29326.4,33136.7,8.7,0.103,95314230,LOCKED
40968,1664.704,-170427294808351,-39541,16103,-29453.7,33267.5,8.7,0.112,95316337,LOCKED
40969,1665.703,-170427294819531,-19921,35723,-29486.7,33377.0,8.8,0.105,95397962,LOCKED
40970,1666.703,-170427294821260,6478,62122,-29430.7,33209.0,8.8,0.113,95484350,LOCKED
40971,1667.703,-170427294830774,23079,78723,-29306.1,32714.3,8.9,0.121,95567867,LOCKED
40972,1668.703,-170427294842520,38653,94297,-29272.9,33024.5,8.9,0.130,95534019,LOCKED
40973,1669.704,-170427294937194,-24250,31394,-29355.3,33044.2,8.9,0.137,95642247,LOCKED
40974,1670.703,-170427294934732,8524,64168,-29416.5,32533.6,9.0,0.143,95733480,LOCKED
40975,1671.705,-170427294931686,39102,94746,-29389.1,32810.1,8.9,0.146,95716488,LOCKED
40976,1672.705,-170427295035820,-34098,21546,-29408.2,32985.4,8.9,0.140,95812592,LOCKED
40977,1673.704,-170427295034569,-1670,53974,-29492.4,32380.1,8.8,0.147,95902745,LOCKED
40978,1674.704,-170427295007089,50735,106379,-29352.3,32867.5,8.7,0.152,95909196,LOCKED
40979,1675.705,-170427295128258,-36743,18901,-29504.4,32543.2,8.1,0.149,95993351,LOCKED
40980,1676.705,-170427295151782,-28894,26750,-29548.2,32774.5,8.3,0.160,96058571,LOCKED
40981,1677.705,-170427295151885,-923,54721,-29474.2,32247.3,8.3,0.163,96145635,LOCKED
40982,1678.704,-170427295145854,32601,88245,-29431.1,32531.6,7.7,0.165,96245814,LOCKED
40983,1679.704,-170427295160928,42429,98073,-29279.1,32486.3,7.7,0.168,96208656,LOCKED
40984,1680.705,-170427295195697,35494,91138,-29267.2,32609.5,7.0,0.169,96264043,LOCKED
40985,1681.704,-170427295294858,-32017,23627,-29331.0,32892.7,7.0,0.171,96366546,LOCKED
40986,1682.705,-170427295299552,-7947,47697,-29289.8,32632.7,6.9,0.166,96451618,LOCKED
40987,1683.704,-170427295298321,22737,78381,-29335.8,32098.1,6.7,0.166,96544799,LOCKED
40988,1684.705,-170427295390437,-38119,17525,-29366.9,32395.0,6.5,0.166,96540480,LOCKED
40989,1685.704,-170427295390745,-9632,46012,-29322.7,32074.5,6.3,0.166,96630070,LOCKED
40990,1686.705,-170427295382843,26651,82295,-29320.8,32090.7,6.6,0.171,96731882,LOCKED
40991,1687.704,-170427295411410,25668,81312,-29278.2,32278.9,6.9,0.176,96699748,LOCKED
40992,1688.704,-170427295489756,-22904,32740,-29264.4,32157.7,6.8,0.179,96801849,LOCKED
40993,1689.705,-170427295524297,-24683,30961,-29395.2,31611.9,6.9,0.177,96885706,LOCKED
40994,1690.704,-170427295581446,-48458,7186,-29510.1,32206.3,6.9,0.175,96991952,LOCKED
40995,1691.705,-170427295586632,-22745,32899,-29540.5,32345.8,6.8,0.169,96976061,LOCKED
40996,1692.706,-170427295573550,17353,72997,-29445.3,32040.6,6.7,0.171,97078319,LOCKED
40997,1693.705,-170427295573252,44628,100272,-29398.3,32518.7,6.6,0.166,97057696,LOCKED
40998,1694.706,-170427295605839,37391,93035,-29261.5,32447.3,6.6,0.167,97227247,LOCKED
40999,1695.704,-170427295732397,-54325,1319,-29445.5,32558.8,6.7,0.166,97190573,LOCKED
41000,1696.704,-170427295725874,-16659,38985,-29501.1,32572.8,6.7,0.166,97285740,LOCKED
41001,1697.704,-170427295715448,21154,76798,-29432.4,32607.3,6.6,0.160,97388347,LOCKED
41002,1698.705,-170427295724178,37691,93335,-29290.4,32478.4,6.7,0.160,97358686,LOCKED
41003,1699.705,-170427295810720,-17377,38267,-29368.8,32351.3,6.7,0.161,97473272,LOCKED
41004,1700.707,-170427295799410,21554,77198,-29318.8,32469.6,6.6,0.156,97573250,LOCKED
41005,1701.705,-170427295813108,33224,88868,-29179.9,32181.0,6.5,0.151,97648514,LOCKED
41006,1702.706,-170427295838442,35507,91151,-29162.2,32356.7,6.5,0.151,97604976,LOCKED
41007,1703.705,-170427295934780,-29654,25990,-29211.9,32605.8,6.6,0.151,97711404,LOCKED
41008,1704.706,-170427295899187,31017,86661,-29060.3,32002.4,6.5,0.144,97725613,LOCKED
41009,1705.707,-170427296016799,-53238,2406,-29182.9,32730.5,6.3,0.153,97810023,LOCKED
41010,1706.705,-170427296008958,-15484,40160,-29192.9,32771.3,6.2,0.144,97905312,LOCKED
41011,1707.706,-170427296011259,9609,65253,-29120.5,32513.3,6.2,0.144,97996844,LOCKED
41012,1708.706,-170427296017949,30048,85692,-29072.7,32766.2,6.3,0.143,97968853,LOCKED
41013,1709.706,-170427296107927,-27773,27871,-29178.0,32688.9,6.3,0.145,98078679,LOCKED
41014,1710.705,-170427296100433,8872,64516,-29191.5,32634.0,6.4,0.144,98174737,LOCKED
41015,1711.705,-170427296107942,28105,83749,-29117.9,32802.5,6.5,0.143,98148032,LOCKED
41016,1712.707,-170427296213056,-46439,9205,-29111.9,32710.0,6.5,0.142,98246842,LOCKED
41017,1713.706,-170427296210210,-13060,42584,-29160.0,32699.8,6.6,0.131,98338256,LOCKED
41018,1714.706,-170427296273674,-42591,13053,-29323.7,32483.7,6.6,0.122,98361434,LOCKED
41019,1715.707,-170427296279275,-16713,38931,-29401.9,32342.3,6.7,0.114,98450577,LOCKED
41020,1716.706,-170427296292572,-832,54812,-29389.5,32324.8,6.7,0.077,98523295,LOCKED
41021,1717.706,-170427296288534,29042,84686,-29263.1,32035.8,6.9,0.055,98618348,LOCKED
41022,1718.706,-170427296396480,-44806,10838,-29426.2,31944.7,6.7,0.017,98602291,LOCKED
41023,1719.707,-170427296390362,-8059,47585,-29471.9,31869.6,6.7,-0.006,98696070,LOCKED
41024,1720.706,-170427296382096,27170,82814,-29393.8,31995.8,6.7,-0.032,98796461,LOCKED
41025,1721.707,-170427296492054,-51184,4460,-29417.2,32335.9,6.7,-0.041,98777557,LOCKED
41026,1722.708,-170427296482380,-10271,45373,-29489.7,32089.9,6.7,-0.048,98877470,LOCKED
41027,1723.707,-170427296486530,13797,69441,-29450.1,32122.5,6.7,-0.054,98978909,LOCKED
41028,1724.707,-170427296539765,-7819,47825,-29543.8,31538.4,6.7,-0.059,98999360,LOCKED
41029,1725.706,-170427296546542,14998,70642,-29571.2,31328.5,6.7,-0.062,99080734,LOCKED
41030,1726.706,-170427296547484,40938,96582,-29507.2,31812.3,6.7,-0.057,99173944,LOCKED
41031,1727.706,-170427296655187,-35393,20251,-29540.0,32093.0,6.7,-0.053,99153368,LOCKED
41032,1728.707,-170427296678152,-28091,27553,-29528.9,31979.2,6.8,-0.048,99247010,LOCKED
41033,1729.707,-170427296645294,33043,88687,-29522.4,32045.8,6.8,-0.052,99343600,LOCKED
41034,1730.707,-170427296739443,-29589,26055,-29571.1,32295.8,6.8,-0.055,99344513,LOCKED
41035,1731.707,-170427296726757,10729,66373,-29493.6,32007.5,6.8,-0.058,99445247,LOCKED
41036,1732.709,-170427296728495,37263,92907,-29495.7,31981.5,6.8,-0.061,99423645,LOCKED
41037,1733.707,-170427296825373,-27858,27786,-29560.4,32181.0,6.8,-0.057,99530900,LOCKED
41038,1734.706,-170427296785881,36970,91295,-29414.3,31956.0,6.8,-0.059,99661033,LOCKED
41039,1735.707,-170427296892657,-36404,17921,-29549.8,31856.7,7.2,-0.052,99642415,LOCKED
41040,1736.707,-170427296880980,5808,60133,-29607.9,31424.1,6.9,-0.052,99747916,LOCKED
41041,1737.707,-170427296868549,45135,99460,-29549.7,31975.0,6.9,-0.053,99848551,LOCKED
41042,1738.708,-170427296973623,-29227,25098,-29558.2,32049.6,6.9,-0.050,99833660,LOCKED
41043,1739.709,-170427296964533,7491,61816,-29475.8,31613.1,7.3,-0.055,99932761,LOCKED
41044,1740.707,-170427296973470,24965,79290,-29366.7,31389.2,7.3,-0.052,100016931,LOCKED
41045,1741.708,-170427297089800,-56998,0,-29517.5,32087.8,7.3,-0.049,99990526,LOCKED
41046,1742.707,-170427297078546,-14895,42103,-29558.2,32131.8,7.3,-0.049,100088561,LOCKED
41047,1743.708,-170427297081240,10477,67475,-29502.3,32031.8,7.3,-0.046,100176055,LOCKED
41048,1744.707,-170427297147328,-23099,33899,-29611.8,31738.2,7.3,-0.043,100201085,LOCKED
41049,1745.709,-170427297135277,17810,74808,-29604.4,31776.5,7.4,-0.043,100306126,LOCKED
41050,1746.708,-170427297234855,-49557,7441,-29650.0,32323.0,7.1,-0.039,100296802,LOCKED
41051,1747.709,-170427297234764,-19346,37652,-29640.9,32257.9,6.7,-0.034,100387034,LOCKED
41052,1748.708,-170427297227902,16813,73811,-29652.0,32185.5,6.8,-0.031,100481130,LOCKED
41053,1749.708,-170427297226253,45953,102951,-29622.3,32546.7,6.8,-0.032,100463947,LOCKED
41054,1750.707,-170427297330143,-24575,32423,-29765.3,31790.0,6.7,-0.036,100559435,LOCKED
41055,1751.708,-170427297333692,2775,59773,-29825.7,31388.0,6.7,-0.040,100645014,LOCKED
41056,1752.711,-170427297327982,35713,92711,-29757.4,31757.5,6.7,-0.044,100747137,LOCKED
41057,1753.709,-170427297447343,-51545,5453,-29786.9,32175.4,6.6,-0.048,100718194,LOCKED
41058,1754.708,-170427297415615,8237,65235,-29715.4,31890.2,6.7,-0.045,100842143,LOCKED
41059,1755.707,-170427297427748,26199,83197,-29777.7,30973.0,6.6,-0.050,100917362,LOCKED
41060,1756.708,-170427297443897,38198,95196,-29761.2,31159.7,6.6,-0.056,100992404,LOCKED
41061,1757.708,-170427297453667,54047,111045,-29647.7,31979.2,6.5,-0.061,100962007,LOCKED
41062,1758.708,-170427297562836,-24962,32036,-29631.2,31818.7,6.5,-0.067,101057746,LOCKED
41063,1759.709,-170427297580558,-11501,45497,-29688.4,31728.1,6.5,-0.066,101138721,LOCKED
41064,1760.709,-170427297649917,-48445,8553,-29741.7,32310.2,6.5,-0.065,101248724,LOCKED
41065,1761.709,-170427297642259,-11447,45551,-29702.8,32024.1,6.6,-0.061,101246288,LOCKED
41066,1762.710,-170427297620428,36150,93148,-29569.5,31941.8,6.6,-0.060,101359450,LOCKED
41067,1763.709,-170427297721510,-32303,24695,-29666.1,32092.6,6.6,-0.058,101351540,LOCKED
41068,1764.709,-170427297682390,32787,89785,-29539.0,31947.9,6.7,-0.051,101481608,LOCKED
41069,1765.709,-170427297801554,-51662,5336,-29707.5,32148.0,6.7,-0.051,101449335,LOCKED
41070,1766.709,-170427297788463,-7893,49105,-29742.0,32125.9,6.7,-0.051,101556354,LOCKED
41071,1767.709,-170427297774557,32945,89943,-29658.7,32375.8,6.7,-0.050,101659655,LOCKED
41072,1768.710,-170427297881659,-42928,14070,-29664.4,32451.9,6.7,-0.049,101644842,LOCKED
41073,1769.710,-170427297885397,-15249,41749,-29725.2,32411.1,6.5,-0.062,101728603,LOCKED
41074,1770.708,-170427297876099,21697,78695,-29659.2,32472.7,6.7,-0.048,101833111,LOCKED
41075,1771.709,-170427297879848,43179,100177,-29513.4,32548.6,6.8,-0.033,101919680,LOCKED
41076,1772.713,-170427297993170,-36943,20055,-29633.1,32657.2,6.8,-0.017,101893479,LOCKED
41077,1773.709,-170427297997108,-10439,46559,-29655.5,32686.4,6.8,-0.024,101980424,LOCKED
41078,1774.709,-170427297974419,40403,97401,-29649.0,32767.3,6.7,-0.029,101985398,LOCKED
41079,1775.710,-170427298079760,-32536,24462,-29730.1,33011.1,6.7,-0.033,102081439,LOCKED
41080,1776.710,-170427298084685,-7248,49750,-29741.8,33025.7,6.7,-0.035,102168699,LOCKED
41081,1777.711,-170427298084403,20157,77155,-29646.6,32813.1,6.6,-0.037,102257340,LOCKED
41082,1778.709,-170427298085133,47252,104250,-29635.8,32966.2,6.9,-0.047,102348875,LOCKED
41083,1779.710,-170427298207658,-42454,14544,-29721.6,33454.9,7.0,-0.040,102312445,LOCKED
41084,1780.709,-170427298217941,-22503,34495,-29709.2,33353.8,7.0,-0.042,102398294,LOCKED
41085,1781.711,-170427298214090,11987,68985,-29774.9,32711.1,7.0,-0.037,102491492,LOCKED
41086,1782.709,-170427298214984,38644,95642,-29730.0,33082.1,7.1,-0.033,102580810,LOCKED
41087,1783.710,-170427298321130,-35750,21248,-29769.9,33389.6,7.1,-0.029,102563037,LOCKED
41088,1784.709,-170427298293238,20847,77845,-29752.3,33477.2,7.1,-0.025,102683161,LOCKED
41089,1785.709,-170427298295754,44551,101549,-29652.8,33979.4,7.1,-0.028,102771934,LOCKED
41090,1786.709,-170427298408872,-37827,19171,-29643.2,33858.6,7.2,-0.024,102752079,LOCKED
41091,1787.709,-170427298410766,-8319,48679,-29715.8,33578.1,7.1,-0.025,102839250,LOCKED
41092,1788.710,-170427298398740,32214,89212,-29710.1,33633.0,7.1,-0.022,102941450,LOCKED
41093,1789.710,-170427298408078,48074,105072,-29568.3,33970.6,7.2,-0.020,103022451,LOCKED
41094,1790.710,-170427298526208,-36928,20070,-29681.8,34130.2,7.2,-0.019,102995541,LOCKED
41095,1791.709,-170427298510898,7163,64161,-29649.5,34109.6,7.2,-0.018,103101793,LOCKED
41096,1792.712,-170427298534480,11029,68027,-29559.6,33702.2,8.2,-0.011,103194174,LOCKED
41097,1793.711,-170427298614359,-35940,21058,-29664.5,33899.0,8.2,-0.008,103179029,LOCKED
41098,1794.710,-170427298607873,-1214,55784,-29592.4,33408.4,8.4,-0.006,103307152,LOCKED
41099,1795.711,-170427298681191,-40953,16045,-29720.2,33589.1,8.4,0.003,103293700,LOCKED
41100,1796.710,-170427298687956,-17019,39979,-29739.9,33659.4,8.4,0.002,103381987,LOCKED
41101,1797.710,-170427298692477,6075,63073,-29645.6,33039.6,8.4,0.000,103471445,LOCKED
41102,1798.711,-170427298770023,-38300,18698,-29755.1,33285.2,8.4,0.002,103573423,LOCKED
41103,1799.711,-170427298782797,-20321,36677,-29770.3,33362.0,8.0,-0.004,103553376,LOCKED
41104,1800.710,-170427298789675,1319,58317,-29710.9,33068.2,8.0,-0.002,103637082,LOCKED
41105,1801.711,-170427298790823,29663,86661,-29749.6,32563.0,8.0,0.000,103726227,LOCKED
