Waiting for data...

[RX] Connected to /dev/cu.usbmodem21101
[GM] Connected to /dev/cu.usbmodem1101
[2J[H========================================================================
 LTSP Test Harness v0.4  |  5s elapsed
========================================================================
 GM  | GPS Lock: NO  PPS: 0  Crystal: +0 ns  Interp: +0 ns
      | TX latency: no data
------------------------------------------------------------------------
 RX  | Packets: 5  Seq gaps: 0  Errors: GM=0 RX=0  State: ACQUIRING
      | Drift: +23774.2 ns/s = +23.8 ppm  sigma=85646 ns
------------------------------------------------------------------------
 JIT | Waiting for drift regression to converge (~60 samples)...
------------------------------------------------------------------------
 CLK | Clock not yet initialized
========================================================================
 ... collecting samples ...
========================================================================
[2J[H========================================================================
 LTSP Test Harness v0.4  |  10s elapsed
========================================================================
 GM  | GPS Lock: NO  PPS: 0  Crystal: +0 ns  Interp: +0 ns
      | TX latency: mean=+251796 ns std=0 ns min=+251796 ns max=+251796 ns n=1
------------------------------------------------------------------------
 RX  | Packets: 10  Seq gaps: 0  Errors: GM=0 RX=0  State: ACQUIRING
      | Drift: +26672.2 ns/s = +26.7 ppm  sigma=79364 ns
------------------------------------------------------------------------
 JIT | Waiting for drift regression to converge (~60 samples)...
------------------------------------------------------------------------
 CLK | Clock not yet initialized
========================================================================
 ... collecting samples ...
========================================================================
[2J[H========================================================================
 LTSP Test Harness v0.4  |  15s elapsed
========================================================================
 GM  | GPS Lock: NO  PPS: 0  Crystal: +0 ns  Interp: +0 ns
      | TX latency: mean=+251796 ns std=0 ns min=+251796 ns max=+251796 ns n=1
------------------------------------------------------------------------
 RX  | Packets: 15  Seq gaps: 0  Errors: GM=0 RX=0  State: ACQUIRING
      | Drift: +28084.1 ns/s = +28.1 ppm  sigma=73770 ns
------------------------------------------------------------------------
 JIT | Waiting for drift regression to converge (~60 samples)...
------------------------------------------------------------------------
 CLK | Clock not yet initialized
========================================================================
 ... collecting samples ...
========================================================================
[2J[H========================================================================
 LTSP Test Harness v0.4  |  20s elapsed
========================================================================
 GM  | GPS Lock: NO  PPS: 0  Crystal: +0 ns  Interp: +0 ns
      | TX latency: mean=+252108 ns std=441 ns min=+251796 ns max=+252420 ns n=2
------------------------------------------------------------------------
 RX  | Packets: 20  Seq gaps: 0  Errors: GM=0 RX=0  State: ACQUIRING
      | Drift: +29198.3 ns/s = +29.2 ppm  sigma=69937 ns
------------------------------------------------------------------------
 JIT | Waiting for drift regression to converge (~60 samples)...
------------------------------------------------------------------------
 CLK | Clock not yet initialized
========================================================================
 ... collecting samples ...
========================================================================
[2J[H========================================================================
 LTSP Test Harness v0.4  |  25s elapsed
========================================================================
 GM  | GPS Lock: YES  PPS: 40591  Crystal: +31356 ns  Interp: +655 ns
      | Regression: a1=+0.061 ppb  sigma=19.3 ns
      | TX latency: mean=+252108 ns std=441 ns min=+251796 ns max=+252420 ns n=2
------------------------------------------------------------------------
 RX  | Packets: 25  Seq gaps: 0  Errors: GM=0 RX=0  State: ACQUIRING
      | Drift: +29877.9 ns/s = +29.9 ppm  sigma=66634 ns
------------------------------------------------------------------------
 JIT | Waiting for drift regression to converge (~60 samples)...
------------------------------------------------------------------------
 CLK | Clock not yet initialized
========================================================================
 ... collecting samples ...
========================================================================
[2J[H========================================================================
 LTSP Test Harness v0.4  |  30s elapsed
========================================================================
 GM  | GPS Lock: YES  PPS: 40591  Crystal: +31356 ns  Interp: +655 ns
      | Regression: a1=+0.061 ppb  sigma=19.3 ns
      | TX latency: mean=+251808 ns std=606 ns min=+251208 ns max=+252420 ns n=3
------------------------------------------------------------------------
 RX  | Packets: 30  Seq gaps: 0  Errors: GM=0 RX=0  State: ACQUIRING
      | Drift: +30265.5 ns/s = +30.3 ppm  sigma=63490 ns
------------------------------------------------------------------------
 JIT | Waiting for drift regression to converge (~60 samples)...
------------------------------------------------------------------------
 CLK | Clock not yet initialized
========================================================================
 ... collecting samples ...
========================================================================
[2J[H========================================================================
 LTSP Test Harness v0.4  |  35s elapsed
========================================================================
 GM  | GPS Lock: YES  PPS: 40591  Crystal: +31356 ns  Interp: +655 ns
      | Regression: a1=+0.061 ppb  sigma=19.3 ns
      | TX latency: mean=+251808 ns std=606 ns min=+251208 ns max=+252420 ns n=3
------------------------------------------------------------------------
 RX  | Packets: 35  Seq gaps: 0  Errors: GM=0 RX=0  State: ACQUIRING
      | Drift: +30121.8 ns/s = +30.1 ppm  sigma=60156 ns
------------------------------------------------------------------------
 JIT | Waiting for drift regression to converge (~60 samples)...
------------------------------------------------------------------------
 CLK | Clock not yet initialized
========================================================================
 ... collecting samples ...
========================================================================
[2J[H========================================================================
 LTSP Test Harness v0.4  |  40s elapsed
========================================================================
 GM  | GPS Lock: YES  PPS: 40591  Crystal: +31356 ns  Interp: +655 ns
      | Regression: a1=+0.061 ppb  sigma=19.3 ns
      | TX latency: mean=+251865 ns std=508 ns min=+251208 ns max=+252420 ns n=4
------------------------------------------------------------------------
 RX  | Packets: 40  Seq gaps: 0  Errors: GM=0 RX=0  State: ACQUIRING
      | Drift: +30271.0 ns/s = +30.3 ppm  sigma=57923 ns
------------------------------------------------------------------------
 JIT | Waiting for drift regression to converge (~60 samples)...
------------------------------------------------------------------------
 CLK | Clock not yet initialized
========================================================================
 ... collecting samples ...
========================================================================
[RX] # STATS: PDUs=57 CSV=56 Gaps=0 Dups=0 Skip=0 d_min=9223372036854775807 ns drift=30276.6 ns/s sigma=56683.0 ns state=ACQUIRING clk_err=+0 ns
[2J[H========================================================================
 LTSP Test Harness v0.4  |  45s elapsed
========================================================================
 GM  | GPS Lock: YES  PPS: 40591  Crystal: +31356 ns  Interp: +655 ns
      | Regression: a1=+0.061 ppb  sigma=19.3 ns
      | TX latency: mean=+251865 ns std=508 ns min=+251208 ns max=+252420 ns n=4
------------------------------------------------------------------------
 RX  | Packets: 45  Seq gaps: 0  Errors: GM=0 RX=0  State: ACQUIRING
      | Drift: +30277.6 ns/s = +30.3 ppm  sigma=56062 ns
------------------------------------------------------------------------
 JIT | Waiting for drift regression to converge (~60 samples)...
------------------------------------------------------------------------
 CLK | Clock not yet initialized
========================================================================
 ... collecting samples ...
========================================================================
[RX] # CLOCK: Initial set — GPS time 40614747053003 ns, drift 30375.9 ns/s, sf=0.999969624
[RX] # 1PPS: Enabled (state=ACQUIRING)
[2J[H========================================================================
 LTSP Test Harness v0.4  |  50s elapsed
========================================================================
 GM  | GPS Lock: YES  PPS: 40591  Crystal: +31356 ns  Interp: +655 ns
      | Regression: a1=+0.061 ppb  sigma=19.3 ns
      | TX latency: mean=+251777 ns std=482 ns min=+251208 ns max=+252420 ns n=5
------------------------------------------------------------------------
 RX  | Packets: 50  Seq gaps: 0  Errors: GM=0 RX=0  State: ACQUIRING
      | Drift: +31161.8 ns/s = +31.2 ppm  sigma=28668 ns
------------------------------------------------------------------------
 JIT | Detrended: mean=+25500 ns std=10001 ns min=+11973 ns max=+36111 ns n=4
      | Offset:    mean=+9698 ns std=11849 ns min=+0 ns max=+24138 ns n=4
------------------------------------------------------------------------
 CLK | One-way delay: mean=-328385 ns std=432853 ns min=-583372 ns max=+171396 ns n=3
      | Sigma: 432.9 us  Mean: -328.4 us (expected ~constant)
========================================================================
 ... collecting samples ...
========================================================================
[RX] # STATE: ACQUIRING → LOCKED (error +0 ns)
[2J[H========================================================================
 LTSP Test Harness v0.4  |  55s elapsed
========================================================================
 GM  | GPS Lock: YES  PPS: 40621  Crystal: +31344 ns  Interp: +667 ns
      | Regression: a1=-0.118 ppb  sigma=20.1 ns
      | TX latency: mean=+251777 ns std=482 ns min=+251208 ns max=+252420 ns n=5
------------------------------------------------------------------------
 RX  | Packets: 55  Seq gaps: 0  Errors: GM=0 RX=0  State: LOCKED
      | Drift: +31033.0 ns/s = +31.0 ppm  sigma=29214 ns
------------------------------------------------------------------------
 JIT | Detrended: mean=+6069 ns std=28349 ns min=-44271 ns max=+36111 ns n=9
      | Offset:    mean=+13400 ns std=22486 ns min=+0 ns max=+68726 ns n=9
------------------------------------------------------------------------
 CLK | One-way delay: mean=-506298 ns std=275181 ns min=-646160 ns max=+171396 ns n=8
      | Sigma: 275.2 us  Mean: -506.3 us (expected ~constant)
========================================================================
 ... collecting samples ...
========================================================================
[2J[H========================================================================
 LTSP Test Harness v0.4  |  60s elapsed
========================================================================
 GM  | GPS Lock: YES  PPS: 40621  Crystal: +31344 ns  Interp: +667 ns
      | Regression: a1=-0.118 ppb  sigma=20.1 ns
      | TX latency: mean=+251582 ns std=643 ns min=+250608 ns max=+252420 ns n=6
------------------------------------------------------------------------
 RX  | Packets: 60  Seq gaps: 0  Errors: GM=0 RX=0  State: LOCKED
      | Drift: +31202.3 ns/s = +31.2 ppm  sigma=29232 ns
------------------------------------------------------------------------
 JIT | Detrended: mean=+9226 ns std=25992 ns min=-44271 ns max=+40352 ns n=14
      | Offset:    mean=+29750 ns std=31481 ns min=+0 ns max=+84623 ns n=14
------------------------------------------------------------------------
 CLK | One-way delay: mean=-543309 ns std=217424 ns min=-673261 ns max=+171396 ns n=13
      | Sigma: 217.4 us  Mean: -543.3 us (expected ~constant)
========================================================================
 PASS: Jitter sigma = 26.0 us
 PASS: Zero packet loss
 PASS: GM regression sigma = 20.1 ns
 PASS: RX crystal = 31.2 ppm
 PASS: Drift sigma = 29232 ns
 WARN: One-way delay sigma = 217.4 us (unstable — frequency tracking issue?)
 PASS: Sync state = LOCKED
========================================================================
[2J[H========================================================================
 LTSP Test Harness v0.4  |  65s elapsed
========================================================================
 GM  | GPS Lock: YES  PPS: 40621  Crystal: +31344 ns  Interp: +667 ns
      | Regression: a1=-0.118 ppb  sigma=20.1 ns
      | TX latency: mean=+251582 ns std=643 ns min=+250608 ns max=+252420 ns n=6
------------------------------------------------------------------------
 RX  | Packets: 65  Seq gaps: 0  Errors: GM=0 RX=0  State: LOCKED
      | Drift: +31052.8 ns/s = +31.1 ppm  sigma=30484 ns
------------------------------------------------------------------------
 JIT | Detrended: mean=+3799 ns std=29110 ns min=-48416 ns max=+40352 ns n=19
      | Offset:    mean=+31227 ns std=31423 ns min=+0 ns max=+84623 ns n=19
------------------------------------------------------------------------
 CLK | One-way delay: mean=-558981 ns std=185343 ns min=-673261 ns max=+171396 ns n=18
      | Sigma: 185.3 us  Mean: -559.0 us (expected ~constant)
========================================================================
 PASS: Jitter sigma = 29.1 us
 PASS: Zero packet loss
 PASS: GM regression sigma = 20.1 ns
 PASS: RX crystal = 31.1 ppm
 PASS: Drift sigma = 30484 ns
 WARN: One-way delay sigma = 185.3 us (unstable — frequency tracking issue?)
 PASS: Sync state = LOCKED
========================================================================
[2J[H========================================================================
 LTSP Test Harness v0.4  |  70s elapsed
========================================================================
 GM  | GPS Lock: YES  PPS: 40621  Crystal: +31344 ns  Interp: +667 ns
      | Regression: a1=-0.118 ppb  sigma=20.1 ns
      | TX latency: mean=+251448 ns std=686 ns min=+250608 ns max=+252420 ns n=7
------------------------------------------------------------------------
 RX  | Packets: 70  Seq gaps: 0  Errors: GM=0 RX=0  State: LOCKED
      | Drift: +30963.9 ns/s = +31.0 ppm  sigma=30306 ns
------------------------------------------------------------------------
 JIT | Detrended: mean=+1587 ns std=30604 ns min=-48416 ns max=+40352 ns n=24
      | Offset:    mean=+33388 ns std=32331 ns min=+0 ns max=+86456 ns n=24
------------------------------------------------------------------------
 CLK | One-way delay: mean=-565188 ns std=164149 ns min=-673261 ns max=+171396 ns n=23
      | Sigma: 164.1 us  Mean: -565.2 us (expected ~constant)
========================================================================
 PASS: Jitter sigma = 30.6 us
 PASS: Zero packet loss
 PASS: GM regression sigma = 20.1 ns
 PASS: RX crystal = 31.0 ppm
 PASS: Drift sigma = 30306 ns
 WARN: One-way delay sigma = 164.1 us (unstable — frequency tracking issue?)
 PASS: Sync state = LOCKED
========================================================================
[2J[H========================================================================
 LTSP Test Harness v0.4  |  75s elapsed
========================================================================
 GM  | GPS Lock: YES  PPS: 40621  Crystal: +31344 ns  Interp: +667 ns
      | Regression: a1=-0.118 ppb  sigma=20.1 ns
      | TX latency: mean=+251448 ns std=686 ns min=+250608 ns max=+252420 ns n=7
------------------------------------------------------------------------
 RX  | Packets: 75  Seq gaps: 0  Errors: GM=0 RX=0  State: LOCKED
      | Drift: +30915.9 ns/s = +30.9 ppm  sigma=30092 ns
------------------------------------------------------------------------
 JIT | Detrended: mean=+1833 ns std=29992 ns min=-48416 ns max=+40431 ns n=29
      | Offset:    mean=+36498 ns std=32196 ns min=+0 ns max=+88847 ns n=29
------------------------------------------------------------------------
 CLK | One-way delay: mean=-570416 ns std=149202 ns min=-673261 ns max=+171396 ns n=28
      | Sigma: 149.2 us  Mean: -570.4 us (expected ~constant)
========================================================================
 PASS: Jitter sigma = 30.0 us
 PASS: Zero packet loss
 PASS: GM regression sigma = 20.1 ns
 PASS: RX crystal = 30.9 ppm
 PASS: Drift sigma = 30092 ns
 WARN: One-way delay sigma = 149.2 us (unstable — frequency tracking issue?)
 PASS: Sync state = LOCKED
========================================================================
[2J[H========================================================================
 LTSP Test Harness v0.4  |  80s elapsed
========================================================================
 GM  | GPS Lock: YES  PPS: 40621  Crystal: +31344 ns  Interp: +667 ns
      | Regression: a1=-0.118 ppb  sigma=20.1 ns
      | TX latency: mean=+251547 ns std=694 ns min=+250608 ns max=+252420 ns n=8
------------------------------------------------------------------------
 RX  | Packets: 80  Seq gaps: 0  Errors: GM=0 RX=0  State: LOCKED
      | Drift: +30946.7 ns/s = +30.9 ppm  sigma=30259 ns
------------------------------------------------------------------------
 JIT | Detrended: mean=+1660 ns std=30091 ns min=-48416 ns max=+40431 ns n=34
      | Offset:    mean=+38347 ns std=32280 ns min=+0 ns max=+88847 ns n=34
------------------------------------------------------------------------
 CLK | One-way delay: mean=-573168 ns std=137980 ns min=-673261 ns max=+171396 ns n=33
      | Sigma: 138.0 us  Mean: -573.2 us (expected ~constant)
========================================================================
 PASS: Jitter sigma = 30.1 us
 PASS: Zero packet loss
 PASS: GM regression sigma = 20.1 ns
 PASS: RX crystal = 30.9 ppm
 PASS: Drift sigma = 30259 ns
 WARN: One-way delay sigma = 138.0 us (unstable — frequency tracking issue?)
 PASS: Sync state = LOCKED
========================================================================
[2J[H========================================================================
 LTSP Test Harness v0.4  |  85s elapsed
========================================================================
 GM  | GPS Lock: YES  PPS: 40651  Crystal: +31332 ns  Interp: +655 ns
      | Regression: a1=-0.082 ppb  sigma=10.1 ns
      | TX latency: mean=+251547 ns std=694 ns min=+250608 ns max=+252420 ns n=8
------------------------------------------------------------------------
 RX  | Packets: 85  Seq gaps: 0  Errors: GM=0 RX=0  State: LOCKED
      | Drift: +30994.5 ns/s = +31.0 ppm  sigma=30078 ns
------------------------------------------------------------------------
 JIT | Detrended: mean=+600 ns std=29926 ns min=-48416 ns max=+40431 ns n=39
      | Offset:    mean=+38791 ns std=31745 ns min=+0 ns max=+88847 ns n=39
------------------------------------------------------------------------
 CLK | One-way delay: mean=-571805 ns std=128773 ns min=-673261 ns max=+171396 ns n=38
      | Sigma: 128.8 us  Mean: -571.8 us (expected ~constant)
========================================================================
 PASS: Jitter sigma = 29.9 us
 PASS: Zero packet loss
 PASS: GM regression sigma = 10.1 ns
 PASS: RX crystal = 31.0 ppm
 PASS: Drift sigma = 30078 ns
 WARN: One-way delay sigma = 128.8 us (unstable — frequency tracking issue?)
 PASS: Sync state = LOCKED
========================================================================
[2J[H========================================================================
 LTSP Test Harness v0.4  |  90s elapsed
========================================================================
 GM  | GPS Lock: YES  PPS: 40651  Crystal: +31332 ns  Interp: +655 ns
      | Regression: a1=-0.082 ppb  sigma=10.1 ns
      | TX latency: mean=+251712 ns std=816 ns min=+250608 ns max=+253032 ns n=9
------------------------------------------------------------------------
 RX  | Packets: 90  Seq gaps: 0  Errors: GM=0 RX=0  State: LOCKED
      | Drift: +31208.3 ns/s = +31.2 ppm  sigma=30939 ns
------------------------------------------------------------------------
 JIT | Detrended: mean=+1840 ns std=30739 ns min=-48416 ns max=+55728 ns n=44
      | Offset:    mean=+41193 ns std=32829 ns min=+0 ns max=+104144 ns n=44
------------------------------------------------------------------------
 CLK | One-way delay: mean=-568248 ns std=121949 ns min=-673261 ns max=+171396 ns n=43
      | Sigma: 121.9 us  Mean: -568.2 us (expected ~constant)
========================================================================
 PASS: Jitter sigma = 30.7 us
 PASS: Zero packet loss
 PASS: GM regression sigma = 10.1 ns
 PASS: RX crystal = 31.2 ppm
 PASS: Drift sigma = 30939 ns
 WARN: One-way delay sigma = 121.9 us (unstable — frequency tracking issue?)
 PASS: Sync state = LOCKED
========================================================================
[2J[H========================================================================
 LTSP Test Harness v0.4  |  95s elapsed
========================================================================
 GM  | GPS Lock: YES  PPS: 40651  Crystal: +31332 ns  Interp: +655 ns
      | Regression: a1=-0.082 ppb  sigma=10.1 ns
      | TX latency: mean=+251712 ns std=816 ns min=+250608 ns max=+253032 ns n=9
------------------------------------------------------------------------
 RX  | Packets: 95  Seq gaps: 0  Errors: GM=0 RX=0  State: LOCKED
      | Drift: +31113.9 ns/s = +31.1 ppm  sigma=31593 ns
------------------------------------------------------------------------
 JIT | Detrended: mean=+1970 ns std=30523 ns min=-48416 ns max=+55728 ns n=49
      | Offset:    mean=+42247 ns std=32565 ns min=+0 ns max=+104144 ns n=49
------------------------------------------------------------------------
 CLK | One-way delay: mean=-567253 ns std=115924 ns min=-673261 ns max=+171396 ns n=48
      | Sigma: 115.9 us  Mean: -567.3 us (expected ~constant)
========================================================================
 PASS: Jitter sigma = 30.5 us
 PASS: Zero packet loss
 PASS: GM regression sigma = 10.1 ns
 PASS: RX crystal = 31.1 ppm
 PASS: Drift sigma = 31593 ns
 WARN: One-way delay sigma = 115.9 us (unstable — frequency tracking issue?)
 PASS: Sync state = LOCKED
========================================================================
[2J[H========================================================================
 LTSP Test Harness v0.4  |  100s elapsed
========================================================================
 GM  | GPS Lock: YES  PPS: 40651  Crystal: +31332 ns  Interp: +655 ns
      | Regression: a1=-0.082 ppb  sigma=10.1 ns
      | TX latency: mean=+251664 ns std=784 ns min=+250608 ns max=+253032 ns n=10
------------------------------------------------------------------------
 RX  | Packets: 100  Seq gaps: 0  Errors: GM=0 RX=0  State: LOCKED
      | Drift: +31143.3 ns/s = +31.1 ppm  sigma=32320 ns
------------------------------------------------------------------------
 JIT | Detrended: mean=+2174 ns std=30928 ns min=-48416 ns max=+55728 ns n=54
      | Offset:    mean=+43206 ns std=32894 ns min=+0 ns max=+104144 ns n=54
------------------------------------------------------------------------
 CLK | One-way delay: mean=-565759 ns std=111118 ns min=-673261 ns max=+171396 ns n=53
      | Sigma: 111.1 us  Mean: -565.8 us (expected ~constant)
========================================================================
 PASS: Jitter sigma = 30.9 us
 PASS: Zero packet loss
 PASS: GM regression sigma = 10.1 ns
 PASS: RX crystal = 31.1 ppm
 PASS: Drift sigma = 32320 ns
 WARN: One-way delay sigma = 111.1 us (unstable — frequency tracking issue?)
 PASS: Sync state = LOCKED
========================================================================
[RX] # STATS: PDUs=117 CSV=116 Gaps=0 Dups=0 Skip=0 d_min=-48416 ns drift=31092.7 ns/s sigma=32297.3 ns state=LOCKED clk_err=+0 ns
[2J[H========================================================================
 LTSP Test Harness v0.4  |  105s elapsed
========================================================================
 GM  | GPS Lock: YES  PPS: 40651  Crystal: +31332 ns  Interp: +655 ns
      | Regression: a1=-0.082 ppb  sigma=10.1 ns
      | TX latency: mean=+251664 ns std=784 ns min=+250608 ns max=+253032 ns n=10
------------------------------------------------------------------------
 RX  | Packets: 105  Seq gaps: 0  Errors: GM=0 RX=0  State: LOCKED
      | Drift: +31041.7 ns/s = +31.0 ppm  sigma=31461 ns
------------------------------------------------------------------------
 JIT | Detrended: mean=+2380 ns std=30343 ns min=-48416 ns max=+55728 ns n=59
      | Offset:    mean=+44037 ns std=32288 ns min=+0 ns max=+104144 ns n=59
------------------------------------------------------------------------
 CLK | One-way delay: mean=-561719 ns std=107206 ns min=-673261 ns max=+171396 ns n=58
      | Sigma: 107.2 us  Mean: -561.7 us (expected ~constant)
========================================================================
 PASS: Jitter sigma = 30.3 us
 PASS: Zero packet loss
 PASS: GM regression sigma = 10.1 ns
 PASS: RX crystal = 31.0 ppm
 PASS: Drift sigma = 31461 ns
 WARN: One-way delay sigma = 107.2 us (unstable — frequency tracking issue?)
 PASS: Sync state = LOCKED
========================================================================
[2J[H========================================================================
 LTSP Test Harness v0.4  |  110s elapsed
========================================================================
 GM  | GPS Lock: YES  PPS: 40651  Crystal: +31332 ns  Interp: +655 ns
      | Regression: a1=-0.082 ppb  sigma=10.1 ns
      | TX latency: mean=+251625 ns std=756 ns min=+250608 ns max=+253032 ns n=11
------------------------------------------------------------------------
 RX  | Packets: 110  Seq gaps: 0  Errors: GM=0 RX=0  State: LOCKED
      | Drift: +31355.4 ns/s = +31.4 ppm  sigma=32387 ns
------------------------------------------------------------------------
 JIT | Detrended: mean=+3527 ns std=30537 ns min=-48416 ns max=+55728 ns n=64
      | Offset:    mean=+45713 ns std=32595 ns min=+0 ns max=+104144 ns n=64
------------------------------------------------------------------------
 CLK | One-way delay: mean=-559845 ns std=103488 ns min=-673261 ns max=+171396 ns n=63
      | Sigma: 103.5 us  Mean: -559.8 us (expected ~constant)
========================================================================
 PASS: Jitter sigma = 30.5 us
 PASS: Zero packet loss
 PASS: GM regression sigma = 10.1 ns
 PASS: RX crystal = 31.4 ppm
 PASS: Drift sigma = 32387 ns
 WARN: One-way delay sigma = 103.5 us (unstable — frequency tracking issue?)
 PASS: Sync state = LOCKED
========================================================================
[2J[H========================================================================
 LTSP Test Harness v0.4  |  115s elapsed
========================================================================
 GM  | GPS Lock: YES  PPS: 40681  Crystal: +31332 ns  Interp: +667 ns
      | Regression: a1=-0.034 ppb  sigma=8.0 ns
      | TX latency: mean=+251625 ns std=756 ns min=+250608 ns max=+253032 ns n=11
------------------------------------------------------------------------
 RX  | Packets: 115  Seq gaps: 0  Errors: GM=0 RX=0  State: LOCKED
      | Drift: +31376.5 ns/s = +31.4 ppm  sigma=32381 ns
------------------------------------------------------------------------
 JIT | Detrended: mean=+3665 ns std=30189 ns min=-48416 ns max=+55728 ns n=69
      | Offset:    mean=+46301 ns std=32187 ns min=+0 ns max=+104144 ns n=69
------------------------------------------------------------------------
 CLK | One-way delay: mean=-557987 ns std=100147 ns min=-673261 ns max=+171396 ns n=68
      | Sigma: 100.1 us  Mean: -558.0 us (expected ~constant)
========================================================================
 PASS: Jitter sigma = 30.2 us
 PASS: Zero packet loss
 PASS: GM regression sigma = 8.0 ns
 PASS: RX crystal = 31.4 ppm
 PASS: Drift sigma = 32381 ns
 WARN: One-way delay sigma = 100.1 us (unstable — frequency tracking issue?)
 PASS: Sync state = LOCKED
========================================================================
[2J[H========================================================================
 LTSP Test Harness v0.4  |  120s elapsed
========================================================================
 GM  | GPS Lock: YES  PPS: 40681  Crystal: +31332 ns  Interp: +667 ns
      | Regression: a1=-0.034 ppb  sigma=8.0 ns
      | TX latency: mean=+251656 ns std=728 ns min=+250608 ns max=+253032 ns n=12
------------------------------------------------------------------------
 RX  | Packets: 120  Seq gaps: 0  Errors: GM=0 RX=0  State: LOCKED
      | Drift: +31575.2 ns/s = +31.6 ppm  sigma=31873 ns
------------------------------------------------------------------------
 JIT | Detrended: mean=+3425 ns std=29895 ns min=-48416 ns max=+55728 ns n=74
      | Offset:    mean=+46452 ns std=31771 ns min=+0 ns max=+104144 ns n=74
------------------------------------------------------------------------
 CLK | One-way delay: mean=-553281 ns std=98430 ns min=-673261 ns max=+171396 ns n=73
      | Sigma: 98.4 us  Mean: -553.3 us (expected ~constant)
========================================================================
 PASS: Jitter sigma = 29.9 us
 PASS: Zero packet loss
 PASS: GM regression sigma = 8.0 ns
 PASS: RX crystal = 31.6 ppm
 PASS: Drift sigma = 31873 ns
 PASS: One-way delay sigma = 98.4 us (stable)
 PASS: Sync state = LOCKED
========================================================================
[2J[H========================================================================
 LTSP Test Harness v0.4  |  125s elapsed
========================================================================
 GM  | GPS Lock: YES  PPS: 40681  Crystal: +31332 ns  Interp: +667 ns
      | Regression: a1=-0.034 ppb  sigma=8.0 ns
      | TX latency: mean=+251656 ns std=728 ns min=+250608 ns max=+253032 ns n=12
------------------------------------------------------------------------
 RX  | Packets: 125  Seq gaps: 0  Errors: GM=0 RX=0  State: LOCKED
      | Drift: +31377.2 ns/s = +31.4 ppm  sigma=32231 ns
------------------------------------------------------------------------
 JIT | Detrended: mean=+1772 ns std=30392 ns min=-53414 ns max=+55728 ns n=79
      | Offset:    mean=+45204 ns std=31790 ns min=+0 ns max=+104144 ns n=79
------------------------------------------------------------------------
 CLK | One-way delay: mean=-551386 ns std=95726 ns min=-673261 ns max=+171396 ns n=78
      | Sigma: 95.7 us  Mean: -551.4 us (expected ~constant)
========================================================================
 PASS: Jitter sigma = 30.4 us
 PASS: Zero packet loss
 PASS: GM regression sigma = 8.0 ns
 PASS: RX crystal = 31.4 ppm
 PASS: Drift sigma = 32231 ns
 PASS: One-way delay sigma = 95.7 us (stable)
 PASS: Sync state = LOCKED
========================================================================
[2J[H========================================================================
 LTSP Test Harness v0.4  |  130s elapsed
========================================================================
 GM  | GPS Lock: YES  PPS: 40681  Crystal: +31332 ns  Interp: +667 ns
      | Regression: a1=-0.034 ppb  sigma=8.0 ns
      | TX latency: mean=+251682 ns std=704 ns min=+250608 ns max=+253032 ns n=13
------------------------------------------------------------------------
 RX  | Packets: 130  Seq gaps: 0  Errors: GM=0 RX=0  State: LOCKED
      | Drift: +31363.2 ns/s = +31.4 ppm  sigma=31291 ns
------------------------------------------------------------------------
 JIT | Detrended: mean=+1556 ns std=30031 ns min=-53414 ns max=+55728 ns n=84
      | Offset:    mean=+45581 ns std=31387 ns min=+0 ns max=+104144 ns n=84
------------------------------------------------------------------------
 CLK | One-way delay: mean=-546793 ns std=94676 ns min=-673261 ns max=+171396 ns n=83
      | Sigma: 94.7 us  Mean: -546.8 us (expected ~constant)
========================================================================
 PASS: Jitter sigma = 30.0 us
 PASS: Zero packet loss
 PASS: GM regression sigma = 8.0 ns
 PASS: RX crystal = 31.4 ppm
 PASS: Drift sigma = 31291 ns
 PASS: One-way delay sigma = 94.7 us (stable)
 PASS: Sync state = LOCKED
========================================================================
[2J[H========================================================================
 LTSP Test Harness v0.4  |  135s elapsed
========================================================================
 GM  | GPS Lock: YES  PPS: 40681  Crystal: +31332 ns  Interp: +667 ns
      | Regression: a1=-0.034 ppb  sigma=8.0 ns
      | TX latency: mean=+251682 ns std=704 ns min=+250608 ns max=+253032 ns n=13
------------------------------------------------------------------------
 RX  | Packets: 135  Seq gaps: 0  Errors: GM=0 RX=0  State: LOCKED
      | Drift: +31292.3 ns/s = +31.3 ppm  sigma=31650 ns
------------------------------------------------------------------------
 JIT | Detrended: mean=+874 ns std=30141 ns min=-57722 ns max=+55728 ns n=89
      | Offset:    mean=+45669 ns std=31293 ns min=+0 ns max=+104144 ns n=89
------------------------------------------------------------------------
 CLK | One-way delay: mean=-544413 ns std=92858 ns min=-673261 ns max=+171396 ns n=88
      | Sigma: 92.9 us  Mean: -544.4 us (expected ~constant)
========================================================================
 PASS: Jitter sigma = 30.1 us
 PASS: Zero packet loss
 PASS: GM regression sigma = 8.0 ns
 PASS: RX crystal = 31.3 ppm
 PASS: Drift sigma = 31650 ns
 PASS: One-way delay sigma = 92.9 us (stable)
 PASS: Sync state = LOCKED
========================================================================
[2J[H========================================================================
 LTSP Test Harness v0.4  |  140s elapsed
========================================================================
 GM  | GPS Lock: YES  PPS: 40681  Crystal: +31332 ns  Interp: +667 ns
      | Regression: a1=-0.034 ppb  sigma=8.0 ns
      | TX latency: mean=+251648 ns std=689 ns min=+250608 ns max=+253032 ns n=14
------------------------------------------------------------------------
 RX  | Packets: 140  Seq gaps: 0  Errors: GM=0 RX=0  State: LOCKED
      | Drift: +31160.1 ns/s = +31.2 ppm  sigma=32309 ns
------------------------------------------------------------------------
 JIT | Detrended: mean=+3 ns std=30624 ns min=-57722 ns max=+55728 ns n=94
      | Offset:    mean=+45486 ns std=31492 ns min=+0 ns max=+104144 ns n=94
------------------------------------------------------------------------
 CLK | One-way delay: mean=-542122 ns std=91146 ns min=-673261 ns max=+171396 ns n=93
      | Sigma: 91.1 us  Mean: -542.1 us (expected ~constant)
========================================================================
 PASS: Jitter sigma = 30.6 us
 PASS: Zero packet loss
 PASS: GM regression sigma = 8.0 ns
 PASS: RX crystal = 31.2 ppm
 PASS: Drift sigma = 32309 ns
 PASS: One-way delay sigma = 91.1 us (stable)
 PASS: Sync state = LOCKED
========================================================================
[2J[H========================================================================
 LTSP Test Harness v0.4  |  145s elapsed
========================================================================
 GM  | GPS Lock: YES  PPS: 40711  Crystal: +31320 ns  Interp: -320 ns
      | Regression: a1=-0.074 ppb  sigma=11.4 ns
      | TX latency: mean=+251648 ns std=689 ns min=+250608 ns max=+253032 ns n=14
------------------------------------------------------------------------
 RX  | Packets: 145  Seq gaps: 0  Errors: GM=0 RX=0  State: LOCKED
      | Drift: +31103.5 ns/s = +31.1 ppm  sigma=32246 ns
------------------------------------------------------------------------
 JIT | Detrended: mean=+515 ns std=30657 ns min=-57722 ns max=+55728 ns n=99
      | Offset:    mean=+46616 ns std=31786 ns min=+0 ns max=+104144 ns n=99
------------------------------------------------------------------------
 CLK | One-way delay: mean=-537575 ns std=91187 ns min=-673261 ns max=+171396 ns n=98
      | Sigma: 91.2 us  Mean: -537.6 us (expected ~constant)
========================================================================
 PASS: Jitter sigma = 30.7 us
 PASS: Zero packet loss
 PASS: GM regression sigma = 11.4 ns
 PASS: RX crystal = 31.1 ppm
 PASS: Drift sigma = 32246 ns
 PASS: One-way delay sigma = 91.2 us (stable)
 PASS: Sync state = LOCKED
========================================================================
[2J[H========================================================================
 LTSP Test Harness v0.4  |  150s elapsed
========================================================================
 GM  | GPS Lock: YES  PPS: 40711  Crystal: +31320 ns  Interp: -320 ns
      | Regression: a1=-0.074 ppb  sigma=11.4 ns
      | TX latency: mean=+251647 ns std=664 ns min=+250608 ns max=+253032 ns n=15
------------------------------------------------------------------------
 RX  | Packets: 150  Seq gaps: 0  Errors: GM=0 RX=0  State: LOCKED
      | Drift: +31051.1 ns/s = +31.1 ppm  sigma=31659 ns
------------------------------------------------------------------------
 JIT | Detrended: mean=+352 ns std=30641 ns min=-57722 ns max=+55728 ns n=104
      | Offset:    mean=+47012 ns std=31757 ns min=+0 ns max=+105218 ns n=104
------------------------------------------------------------------------
 CLK | One-way delay: mean=-533774 ns std=90771 ns min=-673261 ns max=+171396 ns n=103
      | Sigma: 90.8 us  Mean: -533.8 us (expected ~constant)
========================================================================
 PASS: Jitter sigma = 30.6 us
 PASS: Zero packet loss
 PASS: GM regression sigma = 11.4 ns
 PASS: RX crystal = 31.1 ppm
 PASS: Drift sigma = 31659 ns
 PASS: One-way delay sigma = 90.8 us (stable)
 PASS: Sync state = LOCKED
========================================================================
[2J[H========================================================================
 LTSP Test Harness v0.4  |  155s elapsed
========================================================================
 GM  | GPS Lock: YES  PPS: 40711  Crystal: +31320 ns  Interp: -320 ns
      | Regression: a1=-0.074 ppb  sigma=11.4 ns
      | TX latency: mean=+251647 ns std=664 ns min=+250608 ns max=+253032 ns n=15
------------------------------------------------------------------------
 RX  | Packets: 155  Seq gaps: 0  Errors: GM=0 RX=0  State: LOCKED
      | Drift: +31144.8 ns/s = +31.1 ppm  sigma=31974 ns
------------------------------------------------------------------------
 JIT | Detrended: mean=+1012 ns std=30737 ns min=-57722 ns max=+55728 ns n=109
      | Offset:    mean=+48179 ns std=32103 ns min=+0 ns max=+105218 ns n=109
------------------------------------------------------------------------
 CLK | One-way delay: mean=-528931 ns std=91567 ns min=-673261 ns max=+171396 ns n=108
      | Sigma: 91.6 us  Mean: -528.9 us (expected ~constant)
========================================================================
 PASS: Jitter sigma = 30.7 us
 PASS: Zero packet loss
 PASS: GM regression sigma = 11.4 ns
 PASS: RX crystal = 31.1 ppm
 PASS: Drift sigma = 31974 ns
 PASS: One-way delay sigma = 91.6 us (stable)
 PASS: Sync state = LOCKED
========================================================================
[2J[H========================================================================
 LTSP Test Harness v0.4  |  160s elapsed
========================================================================
 GM  | GPS Lock: YES  PPS: 40711  Crystal: +31320 ns  Interp: -320 ns
      | Regression: a1=-0.074 ppb  sigma=11.4 ns
      | TX latency: mean=+251620 ns std=650 ns min=+250608 ns max=+253032 ns n=16
------------------------------------------------------------------------
 RX  | Packets: 160  Seq gaps: 0  Errors: GM=0 RX=0  State: LOCKED
      | Drift: +31080.2 ns/s = +31.1 ppm  sigma=31067 ns
------------------------------------------------------------------------
 JIT | Detrended: mean=+875 ns std=30482 ns min=-57722 ns max=+55728 ns n=114
      | Offset:    mean=+48505 ns std=31830 ns min=+0 ns max=+105218 ns n=114
------------------------------------------------------------------------
 CLK | One-way delay: mean=-525861 ns std=90868 ns min=-673261 ns max=+171396 ns n=113
      | Sigma: 90.9 us  Mean: -525.9 us (expected ~constant)
========================================================================
 PASS: Jitter sigma = 30.5 us
 PASS: Zero packet loss
 PASS: GM regression sigma = 11.4 ns
 PASS: RX crystal = 31.1 ppm
 PASS: Drift sigma = 31067 ns
 PASS: One-way delay sigma = 90.9 us (stable)
 PASS: Sync state = LOCKED
========================================================================
[RX] # STATS: PDUs=177 CSV=176 Gaps=0 Dups=0 Skip=0 d_min=-57722 ns drift=31097.8 ns/s sigma=31037.6 ns state=LOCKED clk_err=+0 ns
[2J[H========================================================================
 LTSP Test Harness v0.4  |  165s elapsed
========================================================================
 GM  | GPS Lock: YES  PPS: 40711  Crystal: +31320 ns  Interp: -320 ns
      | Regression: a1=-0.074 ppb  sigma=11.4 ns
      | TX latency: mean=+251620 ns std=650 ns min=+250608 ns max=+253032 ns n=16
------------------------------------------------------------------------
 RX  | Packets: 165  Seq gaps: 0  Errors: GM=0 RX=0  State: LOCKED
      | Drift: +30997.4 ns/s = +31.0 ppm  sigma=31798 ns
------------------------------------------------------------------------
 JIT | Detrended: mean=+694 ns std=30578 ns min=-57722 ns max=+55728 ns n=119
      | Offset:    mean=+48748 ns std=31876 ns min=+0 ns max=+105218 ns n=119
------------------------------------------------------------------------
 CLK | One-way delay: mean=-522514 ns std=90737 ns min=-673261 ns max=+171396 ns n=118
      | Sigma: 90.7 us  Mean: -522.5 us (expected ~constant)
========================================================================
 PASS: Jitter sigma = 30.6 us
 PASS: Zero packet loss
 PASS: GM regression sigma = 11.4 ns
 PASS: RX crystal = 31.0 ppm
 PASS: Drift sigma = 31798 ns
 PASS: One-way delay sigma = 90.7 us (stable)
 PASS: Sync state = LOCKED
========================================================================
[2J[H========================================================================
 LTSP Test Harness v0.4  |  170s elapsed
========================================================================
 GM  | GPS Lock: YES  PPS: 40711  Crystal: +31320 ns  Interp: -320 ns
      | Regression: a1=-0.074 ppb  sigma=11.4 ns
      | TX latency: mean=+251630 ns std=631 ns min=+250608 ns max=+253032 ns n=17
------------------------------------------------------------------------
 RX  | Packets: 170  Seq gaps: 0  Errors: GM=0 RX=0  State: LOCKED
      | Drift: +30908.0 ns/s = +30.9 ppm  sigma=32084 ns
------------------------------------------------------------------------
 JIT | Detrended: mean=-8 ns std=30789 ns min=-57722 ns max=+55728 ns n=124
      | Offset:    mean=+48436 ns std=31878 ns min=+0 ns max=+105218 ns n=124
------------------------------------------------------------------------
 CLK | One-way delay: mean=-519105 ns std=90615 ns min=-673261 ns max=+171396 ns n=123
      | Sigma: 90.6 us  Mean: -519.1 us (expected ~constant)
========================================================================
 PASS: Jitter sigma = 30.8 us
 PASS: Zero packet loss
 PASS: GM regression sigma = 11.4 ns
 PASS: RX crystal = 30.9 ppm
 PASS: Drift sigma = 32084 ns
 PASS: One-way delay sigma = 90.6 us (stable)
 PASS: Sync state = LOCKED
========================================================================
[2J[H========================================================================
 LTSP Test Harness v0.4  |  175s elapsed
========================================================================
 GM  | GPS Lock: YES  PPS: 40741  Crystal: +31320 ns  Interp: -308 ns
      | Regression: a1=-0.019 ppb  sigma=9.8 ns
      | TX latency: mean=+251630 ns std=631 ns min=+250608 ns max=+253032 ns n=17
------------------------------------------------------------------------
 RX  | Packets: 175  Seq gaps: 0  Errors: GM=0 RX=0  State: LOCKED
      | Drift: +31042.4 ns/s = +31.0 ppm  sigma=33006 ns
------------------------------------------------------------------------
 JIT | Detrended: mean=+357 ns std=31044 ns min=-57722 ns max=+55728 ns n=129
      | Offset:    mean=+49161 ns std=32235 ns min=+0 ns max=+105695 ns n=129
------------------------------------------------------------------------
 CLK | One-way delay: mean=-514677 ns std=91777 ns min=-673261 ns max=+171396 ns n=128
      | Sigma: 91.8 us  Mean: -514.7 us (expected ~constant)
========================================================================
 PASS: Jitter sigma = 31.0 us
 PASS: Zero packet loss
 PASS: GM regression sigma = 9.8 ns
 PASS: RX crystal = 31.0 ppm
 PASS: Drift sigma = 33006 ns
 PASS: One-way delay sigma = 91.8 us (stable)
 PASS: Sync state = LOCKED
========================================================================
[2J[H========================================================================
 LTSP Test Harness v0.4  |  180s elapsed
========================================================================
 GM  | GPS Lock: YES  PPS: 40741  Crystal: +31320 ns  Interp: -308 ns
      | Regression: a1=-0.019 ppb  sigma=9.8 ns
      | TX latency: mean=+251685 ns std=656 ns min=+250608 ns max=+253032 ns n=18
------------------------------------------------------------------------
 RX  | Packets: 180  Seq gaps: 0  Errors: GM=0 RX=0  State: LOCKED
      | Drift: +31121.5 ns/s = +31.1 ppm  sigma=32874 ns
------------------------------------------------------------------------
 JIT | Detrended: mean=+462 ns std=30805 ns min=-57722 ns max=+55728 ns n=134
      | Offset:    mean=+49598 ns std=32034 ns min=+0 ns max=+105695 ns n=134
------------------------------------------------------------------------
 CLK | One-way delay: mean=-510437 ns std=92711 ns min=-673261 ns max=+171396 ns n=133
      | Sigma: 92.7 us  Mean: -510.4 us (expected ~constant)
========================================================================
 PASS: Jitter sigma = 30.8 us
 PASS: Zero packet loss
 PASS: GM regression sigma = 9.8 ns
 PASS: RX crystal = 31.1 ppm
 PASS: Drift sigma = 32874 ns
 PASS: One-way delay sigma = 92.7 us (stable)
 PASS: Sync state = LOCKED
========================================================================
[2J[H========================================================================
 LTSP Test Harness v0.4  |  185s elapsed
========================================================================
 GM  | GPS Lock: YES  PPS: 40741  Crystal: +31320 ns  Interp: -308 ns
      | Regression: a1=-0.019 ppb  sigma=9.8 ns
      | TX latency: mean=+251685 ns std=656 ns min=+250608 ns max=+253032 ns n=18
------------------------------------------------------------------------
 RX  | Packets: 185  Seq gaps: 0  Errors: GM=0 RX=0  State: LOCKED
      | Drift: +30906.3 ns/s = +30.9 ppm  sigma=32805 ns
------------------------------------------------------------------------
 JIT | Detrended: mean=+61 ns std=30794 ns min=-57722 ns max=+55728 ns n=139
      | Offset:    mean=+49506 ns std=31916 ns min=+0 ns max=+105695 ns n=139
------------------------------------------------------------------------
 CLK | One-way delay: mean=-507447 ns std=92490 ns min=-673261 ns max=+171396 ns n=138
      | Sigma: 92.5 us  Mean: -507.4 us (expected ~constant)
========================================================================
 PASS: Jitter sigma = 30.8 us
 PASS: Zero packet loss
 PASS: GM regression sigma = 9.8 ns
 PASS: RX crystal = 30.9 ppm
 PASS: Drift sigma = 32805 ns
 PASS: One-way delay sigma = 92.5 us (stable)
 PASS: Sync state = LOCKED
========================================================================
[2J[H========================================================================
 LTSP Test Harness v0.4  |  190s elapsed
========================================================================
 GM  | GPS Lock: YES  PPS: 40741  Crystal: +31320 ns  Interp: -308 ns
      | Regression: a1=-0.019 ppb  sigma=9.8 ns
      | TX latency: mean=+251702 ns std=641 ns min=+250608 ns max=+253032 ns n=19
------------------------------------------------------------------------
 RX  | Packets: 190  Seq gaps: 0  Errors: GM=0 RX=0  State: LOCKED
      | Drift: +31037.8 ns/s = +31.0 ppm  sigma=33501 ns
------------------------------------------------------------------------
 JIT | Detrended: mean=+400 ns std=30845 ns min=-57722 ns max=+55728 ns n=144
      | Offset:    mean=+50132 ns std=32047 ns min=+0 ns max=+105695 ns n=144
------------------------------------------------------------------------
 CLK | One-way delay: mean=-504463 ns std=92482 ns min=-673261 ns max=+171396 ns n=143
      | Sigma: 92.5 us  Mean: -504.5 us (expected ~constant)
========================================================================
 PASS: Jitter sigma = 30.8 us
 PASS: Zero packet loss
 PASS: GM regression sigma = 9.8 ns
 PASS: RX crystal = 31.0 ppm
 PASS: Drift sigma = 33501 ns
 PASS: One-way delay sigma = 92.5 us (stable)
 PASS: Sync state = LOCKED
========================================================================
[2J[H========================================================================
 LTSP Test Harness v0.4  |  195s elapsed
========================================================================
 GM  | GPS Lock: YES  PPS: 40741  Crystal: +31320 ns  Interp: -308 ns
      | Regression: a1=-0.019 ppb  sigma=9.8 ns
      | TX latency: mean=+251702 ns std=641 ns min=+250608 ns max=+253032 ns n=19
------------------------------------------------------------------------
 RX  | Packets: 195  Seq gaps: 0  Errors: GM=0 RX=0  State: LOCKED
      | Drift: +30926.8 ns/s = +30.9 ppm  sigma=33235 ns
------------------------------------------------------------------------
 JIT | Detrended: mean=+242 ns std=30758 ns min=-57722 ns max=+55728 ns n=149
      | Offset:    mean=+50243 ns std=31918 ns min=+0 ns max=+105695 ns n=149
------------------------------------------------------------------------
 CLK | One-way delay: mean=-500586 ns std=93392 ns min=-673261 ns max=+171396 ns n=148
      | Sigma: 93.4 us  Mean: -500.6 us (expected ~constant)
========================================================================
 PASS: Jitter sigma = 30.8 us
 PASS: Zero packet loss
 PASS: GM regression sigma = 9.8 ns
 PASS: RX crystal = 30.9 ppm
 PASS: Drift sigma = 33235 ns
 PASS: One-way delay sigma = 93.4 us (stable)
 PASS: Sync state = LOCKED
========================================================================
[2J[H========================================================================
 LTSP Test Harness v0.4  |  200s elapsed
========================================================================
 GM  | GPS Lock: YES  PPS: 40741  Crystal: +31320 ns  Interp: -308 ns
      | Regression: a1=-0.019 ppb  sigma=9.8 ns
      | TX latency: mean=+251689 ns std=627 ns min=+250608 ns max=+253032 ns n=20
------------------------------------------------------------------------
 RX  | Packets: 200  Seq gaps: 0  Errors: GM=0 RX=0  State: LOCKED
      | Drift: +30642.0 ns/s = +30.6 ppm  sigma=33174 ns
------------------------------------------------------------------------
 JIT | Detrended: mean=-412 ns std=31026 ns min=-57722 ns max=+55728 ns n=154
      | Offset:    mean=+49839 ns std=32016 ns min=+0 ns max=+105695 ns n=154
------------------------------------------------------------------------
 CLK | One-way delay: mean=-497328 ns std=93752 ns min=-673261 ns max=+171396 ns n=153
      | Sigma: 93.8 us  Mean: -497.3 us (expected ~constant)
========================================================================
 PASS: Jitter sigma = 31.0 us
 PASS: Zero packet loss
 PASS: GM regression sigma = 9.8 ns
 PASS: RX crystal = 30.6 ppm
 PASS: Drift sigma = 33174 ns
 PASS: One-way delay sigma = 93.8 us (stable)
 PASS: Sync state = LOCKED
========================================================================
[2J[H========================================================================
 LTSP Test Harness v0.4  |  205s elapsed
========================================================================
 GM  | GPS Lock: YES  PPS: 40771  Crystal: +31308 ns  Interp: -320 ns
      | Regression: a1=+0.012 ppb  sigma=9.8 ns
      | TX latency: mean=+251689 ns std=627 ns min=+250608 ns max=+253032 ns n=20
------------------------------------------------------------------------
 RX  | Packets: 205  Seq gaps: 0  Errors: GM=0 RX=0  State: LOCKED
      | Drift: +30626.8 ns/s = +30.6 ppm  sigma=32843 ns
------------------------------------------------------------------------
 JIT | Detrended: mean=-511 ns std=30843 ns min=-57722 ns max=+55728 ns n=159
      | Offset:    mean=+49975 ns std=31812 ns min=+0 ns max=+105695 ns n=159
------------------------------------------------------------------------
 CLK | One-way delay: mean=-493022 ns std=95465 ns min=-673261 ns max=+171396 ns n=158
      | Sigma: 95.5 us  Mean: -493.0 us (expected ~constant)
========================================================================
 PASS: Jitter sigma = 30.8 us
 PASS: Zero packet loss
 PASS: GM regression sigma = 9.8 ns
 PASS: RX crystal = 30.6 ppm
 PASS: Drift sigma = 32843 ns
 PASS: One-way delay sigma = 95.5 us (stable)
 PASS: Sync state = LOCKED
========================================================================
[2J[H========================================================================
 LTSP Test Harness v0.4  |  210s elapsed
========================================================================
 GM  | GPS Lock: YES  PPS: 40771  Crystal: +31308 ns  Interp: -320 ns
      | Regression: a1=+0.012 ppb  sigma=9.8 ns
      | TX latency: mean=+251647 ns std=640 ns min=+250608 ns max=+253032 ns n=21
------------------------------------------------------------------------
 RX  | Packets: 210  Seq gaps: 0  Errors: GM=0 RX=0  State: LOCKED
      | Drift: +30538.7 ns/s = +30.5 ppm  sigma=32129 ns
------------------------------------------------------------------------
 JIT | Detrended: mean=-410 ns std=30656 ns min=-57722 ns max=+55728 ns n=164
      | Offset:    mean=+50297 ns std=31648 ns min=+0 ns max=+105695 ns n=164
------------------------------------------------------------------------
 CLK | One-way delay: mean=-488865 ns std=97017 ns min=-673261 ns max=+171396 ns n=163
      | Sigma: 97.0 us  Mean: -488.9 us (expected ~constant)
========================================================================
 PASS: Jitter sigma = 30.7 us
 PASS: Zero packet loss
 PASS: GM regression sigma = 9.8 ns
 PASS: RX crystal = 30.5 ppm
 PASS: Drift sigma = 32129 ns
 PASS: One-way delay sigma = 97.0 us (stable)
 PASS: Sync state = LOCKED
========================================================================
[2J[H========================================================================
 LTSP Test Harness v0.4  |  215s elapsed
========================================================================
 GM  | GPS Lock: YES  PPS: 40771  Crystal: +31308 ns  Interp: -320 ns
      | Regression: a1=+0.012 ppb  sigma=9.8 ns
      | TX latency: mean=+251647 ns std=640 ns min=+250608 ns max=+253032 ns n=21
------------------------------------------------------------------------
 RX  | Packets: 215  Seq gaps: 0  Errors: GM=0 RX=0  State: LOCKED
      | Drift: +30734.1 ns/s = +30.7 ppm  sigma=32162 ns
------------------------------------------------------------------------
 JIT | Detrended: mean=-32 ns std=30673 ns min=-57722 ns max=+59783 ns n=169
      | Offset:    mean=+50882 ns std=31740 ns min=+0 ns max=+117505 ns n=169
------------------------------------------------------------------------
 CLK | One-way delay: mean=-484714 ns std=98603 ns min=-673261 ns max=+171396 ns n=168
      | Sigma: 98.6 us  Mean: -484.7 us (expected ~constant)
========================================================================
 PASS: Jitter sigma = 30.7 us
 PASS: Zero packet loss
 PASS: GM regression sigma = 9.8 ns
 PASS: RX crystal = 30.7 ppm
 PASS: Drift sigma = 32162 ns
 PASS: One-way delay sigma = 98.6 us (stable)
 PASS: Sync state = LOCKED
========================================================================
[2J[H========================================================================
 LTSP Test Harness v0.4  |  220s elapsed
========================================================================
 GM  | GPS Lock: YES  PPS: 40771  Crystal: +31308 ns  Interp: -320 ns
      | Regression: a1=+0.012 ppb  sigma=9.8 ns
      | TX latency: mean=+251573 ns std=715 ns min=+250020 ns max=+253032 ns n=22
------------------------------------------------------------------------
 RX  | Packets: 220  Seq gaps: 0  Errors: GM=0 RX=0  State: LOCKED
      | Drift: +30739.0 ns/s = +30.7 ppm  sigma=32307 ns
------------------------------------------------------------------------
 JIT | Detrended: mean=-7 ns std=30556 ns min=-57722 ns max=+59783 ns n=174
      | Offset:    mean=+51103 ns std=31622 ns min=+0 ns max=+117505 ns n=174
------------------------------------------------------------------------
 CLK | One-way delay: mean=-480794 ns std=99908 ns min=-673261 ns max=+171396 ns n=173
      | Sigma: 99.9 us  Mean: -480.8 us (expected ~constant)
========================================================================
 PASS: Jitter sigma = 30.6 us
 PASS: Zero packet loss
 PASS: GM regression sigma = 9.8 ns
 PASS: RX crystal = 30.7 ppm
 PASS: Drift sigma = 32307 ns
 PASS: One-way delay sigma = 99.9 us (stable)
 PASS: Sync state = LOCKED
========================================================================
[RX] # STATS: PDUs=237 CSV=236 Gaps=0 Dups=0 Skip=0 d_min=-57722 ns drift=30986.8 ns/s sigma=32643.2 ns state=LOCKED clk_err=+0 ns
[2J[H========================================================================
 LTSP Test Harness v0.4  |  225s elapsed
========================================================================
 GM  | GPS Lock: YES  PPS: 40771  Crystal: +31308 ns  Interp: -320 ns
      | Regression: a1=+0.012 ppb  sigma=9.8 ns
      | TX latency: mean=+251573 ns std=715 ns min=+250020 ns max=+253032 ns n=22
------------------------------------------------------------------------
 RX  | Packets: 225  Seq gaps: 0  Errors: GM=0 RX=0  State: LOCKED
      | Drift: +30879.9 ns/s = +30.9 ppm  sigma=32178 ns
------------------------------------------------------------------------
 JIT | Detrended: mean=+309 ns std=30552 ns min=-57722 ns max=+59783 ns n=179
      | Offset:    mean=+51604 ns std=31672 ns min=+0 ns max=+117505 ns n=179
------------------------------------------------------------------------
 CLK | One-way delay: mean=-477005 ns std=101129 ns min=-673261 ns max=+171396 ns n=178
      | Sigma: 101.1 us  Mean: -477.0 us (expected ~constant)
========================================================================
 PASS: Jitter sigma = 30.6 us
 PASS: Zero packet loss
 PASS: GM regression sigma = 9.8 ns
 PASS: RX crystal = 30.9 ppm
 PASS: Drift sigma = 32178 ns
 WARN: One-way delay sigma = 101.1 us (unstable — frequency tracking issue?)
 PASS: Sync state = LOCKED
========================================================================
[2J[H========================================================================
 LTSP Test Harness v0.4  |  230s elapsed
========================================================================
 GM  | GPS Lock: YES  PPS: 40771  Crystal: +31308 ns  Interp: -320 ns
      | Regression: a1=+0.012 ppb  sigma=9.8 ns
      | TX latency: mean=+251428 ns std=985 ns min=+248244 ns max=+253032 ns n=23
------------------------------------------------------------------------
 RX  | Packets: 230  Seq gaps: 0  Errors: GM=0 RX=0  State: LOCKED
      | Drift: +30849.7 ns/s = +30.8 ppm  sigma=31786 ns
------------------------------------------------------------------------
 JIT | Detrended: mean=+533 ns std=30533 ns min=-57722 ns max=+59783 ns n=184
      | Offset:    mean=+52002 ns std=31685 ns min=+0 ns max=+117505 ns n=184
------------------------------------------------------------------------
 CLK | One-way delay: mean=-472706 ns std=103114 ns min=-673261 ns max=+171396 ns n=183
      | Sigma: 103.1 us  Mean: -472.7 us (expected ~constant)
========================================================================
 PASS: Jitter sigma = 30.5 us
 PASS: Zero packet loss
 PASS: GM regression sigma = 9.8 ns
 PASS: RX crystal = 30.8 ppm
 PASS: Drift sigma = 31786 ns
 WARN: One-way delay sigma = 103.1 us (unstable — frequency tracking issue?)
 PASS: Sync state = LOCKED
========================================================================
[2J[H========================================================================
 LTSP Test Harness v0.4  |  235s elapsed
========================================================================
 GM  | GPS Lock: YES  PPS: 40801  Crystal: +31308 ns  Interp: +691 ns
      | Regression: a1=+0.225 ppb  sigma=6.8 ns
      | TX latency: mean=+251428 ns std=985 ns min=+248244 ns max=+253032 ns n=23
------------------------------------------------------------------------
 RX  | Packets: 235  Seq gaps: 0  Errors: GM=0 RX=0  State: LOCKED
      | Drift: +31011.5 ns/s = +31.0 ppm  sigma=31782 ns
------------------------------------------------------------------------
 JIT | Detrended: mean=+708 ns std=30703 ns min=-57722 ns max=+60803 ns n=189
      | Offset:    mean=+52343 ns std=31869 ns min=+0 ns max=+118525 ns n=189
------------------------------------------------------------------------
 CLK | One-way delay: mean=-468444 ns std=105163 ns min=-673261 ns max=+171396 ns n=188
      | Sigma: 105.2 us  Mean: -468.4 us (expected ~constant)
========================================================================
 PASS: Jitter sigma = 30.7 us
 PASS: Zero packet loss
 PASS: GM regression sigma = 6.8 ns
 PASS: RX crystal = 31.0 ppm
 PASS: Drift sigma = 31782 ns
 WARN: One-way delay sigma = 105.2 us (unstable — frequency tracking issue?)
 PASS: Sync state = LOCKED
========================================================================
[2J[H========================================================================
 LTSP Test Harness v0.4  |  240s elapsed
========================================================================
 GM  | GPS Lock: YES  PPS: 40801  Crystal: +31308 ns  Interp: +691 ns
      | Regression: a1=+0.225 ppb  sigma=6.8 ns
      | TX latency: mean=+251477 ns std=992 ns min=+248244 ns max=+253032 ns n=24
------------------------------------------------------------------------
 RX  | Packets: 240  Seq gaps: 0  Errors: GM=0 RX=0  State: LOCKED
      | Drift: +31355.8 ns/s = +31.4 ppm  sigma=32481 ns
------------------------------------------------------------------------
 JIT | Detrended: mean=+1415 ns std=30806 ns min=-57722 ns max=+60803 ns n=194
      | Offset:    mean=+53207 ns std=32084 ns min=+0 ns max=+118525 ns n=194
------------------------------------------------------------------------
 CLK | One-way delay: mean=-463408 ns std=108382 ns min=-673261 ns max=+171396 ns n=193
      | Sigma: 108.4 us  Mean: -463.4 us (expected ~constant)
========================================================================
 PASS: Jitter sigma = 30.8 us
 PASS: Zero packet loss
 PASS: GM regression sigma = 6.8 ns
 PASS: RX crystal = 31.4 ppm
 PASS: Drift sigma = 32481 ns
 WARN: One-way delay sigma = 108.4 us (unstable — frequency tracking issue?)
 PASS: Sync state = LOCKED
========================================================================
[2J[H========================================================================
 LTSP Test Harness v0.4  |  245s elapsed
========================================================================
 GM  | GPS Lock: YES  PPS: 40801  Crystal: +31308 ns  Interp: +691 ns
      | Regression: a1=+0.225 ppb  sigma=6.8 ns
      | TX latency: mean=+251477 ns std=992 ns min=+248244 ns max=+253032 ns n=24
------------------------------------------------------------------------
 RX  | Packets: 245  Seq gaps: 0  Errors: GM=0 RX=0  State: LOCKED
      | Drift: +31383.6 ns/s = +31.4 ppm  sigma=32306 ns
------------------------------------------------------------------------
 JIT | Detrended: mean=+1323 ns std=30734 ns min=-57722 ns max=+60803 ns n=199
      | Offset:    mean=+53264 ns std=31981 ns min=+0 ns max=+118525 ns n=199
------------------------------------------------------------------------
 CLK | One-way delay: mean=-459026 ns std=110519 ns min=-673261 ns max=+171396 ns n=198
      | Sigma: 110.5 us  Mean: -459.0 us (expected ~constant)
========================================================================
 PASS: Jitter sigma = 30.7 us
 PASS: Zero packet loss
 PASS: GM regression sigma = 6.8 ns
 PASS: RX crystal = 31.4 ppm
 PASS: Drift sigma = 32306 ns
 WARN: One-way delay sigma = 110.5 us (unstable — frequency tracking issue?)
 PASS: Sync state = LOCKED
========================================================================
[2J[H========================================================================
 LTSP Test Harness v0.4  |  250s elapsed
========================================================================
 GM  | GPS Lock: YES  PPS: 40801  Crystal: +31308 ns  Interp: +691 ns
      | Regression: a1=+0.225 ppb  sigma=6.8 ns
      | TX latency: mean=+251450 ns std=981 ns min=+248244 ns max=+253032 ns n=25
------------------------------------------------------------------------
 RX  | Packets: 250  Seq gaps: 0  Errors: GM=0 RX=0  State: LOCKED
      | Drift: +31477.4 ns/s = +31.5 ppm  sigma=31430 ns
------------------------------------------------------------------------
 JIT | Detrended: mean=+956 ns std=30747 ns min=-57722 ns max=+60803 ns n=204
      | Offset:    mean=+53039 ns std=31911 ns min=+0 ns max=+118525 ns n=204
------------------------------------------------------------------------
 CLK | One-way delay: mean=-455037 ns std=112099 ns min=-673261 ns max=+171396 ns n=203
      | Sigma: 112.1 us  Mean: -455.0 us (expected ~constant)
========================================================================
 PASS: Jitter sigma = 30.7 us
 PASS: Zero packet loss
 PASS: GM regression sigma = 6.8 ns
 PASS: RX crystal = 31.5 ppm
 PASS: Drift sigma = 31430 ns
 WARN: One-way delay sigma = 112.1 us (unstable — frequency tracking issue?)
 PASS: Sync state = LOCKED
========================================================================
[2J[H========================================================================
 LTSP Test Harness v0.4  |  255s elapsed
========================================================================
 GM  | GPS Lock: YES  PPS: 40801  Crystal: +31308 ns  Interp: +691 ns
      | Regression: a1=+0.225 ppb  sigma=6.8 ns
      | TX latency: mean=+251450 ns std=981 ns min=+248244 ns max=+253032 ns n=25
------------------------------------------------------------------------
 RX  | Packets: 255  Seq gaps: 0  Errors: GM=0 RX=0  State: LOCKED
      | Drift: +31481.0 ns/s = +31.5 ppm  sigma=31612 ns
------------------------------------------------------------------------
 JIT | Detrended: mean=+638 ns std=30801 ns min=-57722 ns max=+60803 ns n=209
      | Offset:    mean=+52836 ns std=31897 ns min=+0 ns max=+118525 ns n=209
------------------------------------------------------------------------
 CLK | One-way delay: mean=-451009 ns std=113790 ns min=-673261 ns max=+171396 ns n=208
      | Sigma: 113.8 us  Mean: -451.0 us (expected ~constant)
========================================================================
 PASS: Jitter sigma = 30.8 us
 PASS: Zero packet loss
 PASS: GM regression sigma = 6.8 ns
 PASS: RX crystal = 31.5 ppm
 PASS: Drift sigma = 31612 ns
 WARN: One-way delay sigma = 113.8 us (unstable — frequency tracking issue?)
 PASS: Sync state = LOCKED
========================================================================
[2J[H========================================================================
 LTSP Test Harness v0.4  |  260s elapsed
========================================================================
 GM  | GPS Lock: YES  PPS: 40801  Crystal: +31308 ns  Interp: +691 ns
      | Regression: a1=+0.225 ppb  sigma=6.8 ns
      | TX latency: mean=+251465 ns std=964 ns min=+248244 ns max=+253032 ns n=26
------------------------------------------------------------------------
 RX  | Packets: 260  Seq gaps: 0  Errors: GM=0 RX=0  State: LOCKED
      | Drift: +31359.5 ns/s = +31.4 ppm  sigma=31320 ns
------------------------------------------------------------------------
 JIT | Detrended: mean=+469 ns std=30865 ns min=-57722 ns max=+60803 ns n=214
      | Offset:    mean=+52776 ns std=31917 ns min=+0 ns max=+118525 ns n=214
------------------------------------------------------------------------
 CLK | One-way delay: mean=-446797 ns std=115795 ns min=-673261 ns max=+171396 ns n=213
      | Sigma: 115.8 us  Mean: -446.8 us (expected ~constant)
========================================================================
 PASS: Jitter sigma = 30.9 us
 PASS: Zero packet loss
 PASS: GM regression sigma = 6.8 ns
 PASS: RX crystal = 31.4 ppm
 PASS: Drift sigma = 31320 ns
 WARN: One-way delay sigma = 115.8 us (unstable — frequency tracking issue?)
 PASS: Sync state = LOCKED
========================================================================
[2J[H========================================================================
 LTSP Test Harness v0.4  |  265s elapsed
========================================================================
 GM  | GPS Lock: YES  PPS: 40831  Crystal: +31308 ns  Interp: -296 ns
      | Regression: a1=-0.021 ppb  sigma=13.2 ns
      | TX latency: mean=+251465 ns std=964 ns min=+248244 ns max=+253032 ns n=26
------------------------------------------------------------------------
 RX  | Packets: 265  Seq gaps: 0  Errors: GM=0 RX=0  State: LOCKED
      | Drift: +31533.2 ns/s = +31.5 ppm  sigma=31778 ns
------------------------------------------------------------------------
 JIT | Detrended: mean=+952 ns std=30850 ns min=-57722 ns max=+60803 ns n=219
      | Offset:    mean=+53363 ns std=31954 ns min=+0 ns max=+118525 ns n=219
------------------------------------------------------------------------
 CLK | One-way delay: mean=-442436 ns std=118086 ns min=-673261 ns max=+171396 ns n=218
      | Sigma: 118.1 us  Mean: -442.4 us (expected ~constant)
========================================================================
 PASS: Jitter sigma = 30.9 us
 PASS: Zero packet loss
 PASS: GM regression sigma = 13.2 ns
 PASS: RX crystal = 31.5 ppm
 PASS: Drift sigma = 31778 ns
 WARN: One-way delay sigma = 118.1 us (unstable — frequency tracking issue?)
 PASS: Sync state = LOCKED
========================================================================
[2J[H========================================================================
 LTSP Test Harness v0.4  |  270s elapsed
========================================================================
 GM  | GPS Lock: YES  PPS: 40831  Crystal: +31308 ns  Interp: -296 ns
      | Regression: a1=-0.021 ppb  sigma=13.2 ns
      | TX latency: mean=+251479 ns std=948 ns min=+248244 ns max=+253032 ns n=27
------------------------------------------------------------------------
 RX  | Packets: 270  Seq gaps: 0  Errors: GM=0 RX=0  State: LOCKED
      | Drift: +31351.3 ns/s = +31.4 ppm  sigma=32357 ns
------------------------------------------------------------------------
 JIT | Detrended: mean=+630 ns std=30851 ns min=-57722 ns max=+60803 ns n=224
      | Offset:    mean=+53142 ns std=31893 ns min=+0 ns max=+118525 ns n=224
------------------------------------------------------------------------
 CLK | One-way delay: mean=-438468 ns std=119740 ns min=-673261 ns max=+171396 ns n=223
      | Sigma: 119.7 us  Mean: -438.5 us (expected ~constant)
========================================================================
 PASS: Jitter sigma = 30.9 us
 PASS: Zero packet loss
 PASS: GM regression sigma = 13.2 ns
 PASS: RX crystal = 31.4 ppm
 PASS: Drift sigma = 32357 ns
 WARN: One-way delay sigma = 119.7 us (unstable — frequency tracking issue?)
 PASS: Sync state = LOCKED
========================================================================
[2J[H========================================================================
 LTSP Test Harness v0.4  |  275s elapsed
========================================================================
 GM  | GPS Lock: YES  PPS: 40831  Crystal: +31308 ns  Interp: -296 ns
      | Regression: a1=-0.021 ppb  sigma=13.2 ns
      | TX latency: mean=+251479 ns std=948 ns min=+248244 ns max=+253032 ns n=27
------------------------------------------------------------------------
 RX  | Packets: 275  Seq gaps: 0  Errors: GM=0 RX=0  State: LOCKED
      | Drift: +31399.5 ns/s = +31.4 ppm  sigma=32881 ns
------------------------------------------------------------------------
 JIT | Detrended: mean=+709 ns std=30933 ns min=-57722 ns max=+60803 ns n=229
      | Offset:    mean=+53317 ns std=31967 ns min=+0 ns max=+118525 ns n=229
------------------------------------------------------------------------
 CLK | One-way delay: mean=-434542 ns std=121444 ns min=-673261 ns max=+171396 ns n=228
      | Sigma: 121.4 us  Mean: -434.5 us (expected ~constant)
========================================================================
 PASS: Jitter sigma = 30.9 us
 PASS: Zero packet loss
 PASS: GM regression sigma = 13.2 ns
 PASS: RX crystal = 31.4 ppm
 PASS: Drift sigma = 32881 ns
 WARN: One-way delay sigma = 121.4 us (unstable — frequency tracking issue?)
 PASS: Sync state = LOCKED
========================================================================
[2J[H========================================================================
 LTSP Test Harness v0.4  |  280s elapsed
========================================================================
 GM  | GPS Lock: YES  PPS: 40831  Crystal: +31308 ns  Interp: -296 ns
      | Regression: a1=-0.021 ppb  sigma=13.2 ns
      | TX latency: mean=+251555 ns std=1014 ns min=+248244 ns max=+253620 ns n=28
------------------------------------------------------------------------
 RX  | Packets: 280  Seq gaps: 0  Errors: GM=0 RX=0  State: LOCKED
      | Drift: +31372.5 ns/s = +31.4 ppm  sigma=32590 ns
------------------------------------------------------------------------
 JIT | Detrended: mean=+841 ns std=30806 ns min=-57722 ns max=+60803 ns n=234
      | Offset:    mean=+53540 ns std=31846 ns min=+0 ns max=+118525 ns n=234
------------------------------------------------------------------------
 CLK | One-way delay: mean=-430114 ns std=123873 ns min=-673261 ns max=+171396 ns n=233
      | Sigma: 123.9 us  Mean: -430.1 us (expected ~constant)
========================================================================
 PASS: Jitter sigma = 30.8 us
 PASS: Zero packet loss
 PASS: GM regression sigma = 13.2 ns
 PASS: RX crystal = 31.4 ppm
 PASS: Drift sigma = 32590 ns
 WARN: One-way delay sigma = 123.9 us (unstable — frequency tracking issue?)
 PASS: Sync state = LOCKED
========================================================================
[RX] # STATS: PDUs=297 CSV=296 Gaps=0 Dups=0 Skip=0 d_min=-56893 ns drift=31502.8 ns/s sigma=32579.6 ns state=LOCKED clk_err=+0 ns
[2J[H========================================================================
 LTSP Test Harness v0.4  |  285s elapsed
========================================================================
 GM  | GPS Lock: YES  PPS: 40831  Crystal: +31308 ns  Interp: -296 ns
      | Regression: a1=-0.021 ppb  sigma=13.2 ns
      | TX latency: mean=+251555 ns std=1014 ns min=+248244 ns max=+253620 ns n=28
------------------------------------------------------------------------
 RX  | Packets: 285  Seq gaps: 0  Errors: GM=0 RX=0  State: LOCKED
      | Drift: +31372.4 ns/s = +31.4 ppm  sigma=32400 ns
------------------------------------------------------------------------
 JIT | Detrended: mean=+711 ns std=30705 ns min=-57722 ns max=+60803 ns n=239
      | Offset:    mean=+53498 ns std=31715 ns min=+0 ns max=+118525 ns n=239
------------------------------------------------------------------------
 CLK | One-way delay: mean=-425915 ns std=125934 ns min=-673261 ns max=+171396 ns n=238
      | Sigma: 125.9 us  Mean: -425.9 us (expected ~constant)
========================================================================
 PASS: Jitter sigma = 30.7 us
 PASS: Zero packet loss
 PASS: GM regression sigma = 13.2 ns
 PASS: RX crystal = 31.4 ppm
 PASS: Drift sigma = 32400 ns
 WARN: One-way delay sigma = 125.9 us (unstable — frequency tracking issue?)
 PASS: Sync state = LOCKED
========================================================================
[2J[H========================================================================
 LTSP Test Harness v0.4  |  290s elapsed
========================================================================
 GM  | GPS Lock: YES  PPS: 40831  Crystal: +31308 ns  Interp: -296 ns
      | Regression: a1=-0.021 ppb  sigma=13.2 ns
      | TX latency: mean=+251544 ns std=998 ns min=+248244 ns max=+253620 ns n=29
------------------------------------------------------------------------
 RX  | Packets: 290  Seq gaps: 0  Errors: GM=0 RX=0  State: LOCKED
      | Drift: +31135.5 ns/s = +31.1 ppm  sigma=32312 ns
------------------------------------------------------------------------
 JIT | Detrended: mean=+211 ns std=30670 ns min=-57722 ns max=+60803 ns n=244
      | Offset:    mean=+53082 ns std=31602 ns min=+0 ns max=+118525 ns n=244
------------------------------------------------------------------------
 CLK | One-way delay: mean=-422052 ns std=127508 ns min=-673261 ns max=+171396 ns n=243
      | Sigma: 127.5 us  Mean: -422.1 us (expected ~constant)
========================================================================
 PASS: Jitter sigma = 30.7 us
 PASS: Zero packet loss
 PASS: GM regression sigma = 13.2 ns
 PASS: RX crystal = 31.1 ppm
 PASS: Drift sigma = 32312 ns
 WARN: One-way delay sigma = 127.5 us (unstable — frequency tracking issue?)
 PASS: Sync state = LOCKED
========================================================================
[2J[H========================================================================
 LTSP Test Harness v0.4  |  295s elapsed
========================================================================
 GM  | GPS Lock: YES  PPS: 40861  Crystal: +31320 ns  Interp: +691 ns
      | Regression: a1=+0.034 ppb  sigma=9.5 ns
      | TX latency: mean=+251544 ns std=998 ns min=+248244 ns max=+253620 ns n=29
------------------------------------------------------------------------
 RX  | Packets: 295  Seq gaps: 0  Errors: GM=0 RX=0  State: LOCKED
      | Drift: +30985.8 ns/s = +31.0 ppm  sigma=31090 ns
------------------------------------------------------------------------
 JIT | Detrended: mean=+134 ns std=30558 ns min=-57722 ns max=+60803 ns n=249
      | Offset:    mean=+53086 ns std=31471 ns min=+0 ns max=+118525 ns n=249
------------------------------------------------------------------------
 CLK | One-way delay: mean=-418557 ns std=128657 ns min=-673261 ns max=+171396 ns n=248
      | Sigma: 128.7 us  Mean: -418.6 us (expected ~constant)
========================================================================
 PASS: Jitter sigma = 30.6 us
 PASS: Zero packet loss
 PASS: GM regression sigma = 9.5 ns
 PASS: RX crystal = 31.0 ppm
 PASS: Drift sigma = 31090 ns
 WARN: One-way delay sigma = 128.7 us (unstable — frequency tracking issue?)
 PASS: Sync state = LOCKED
========================================================================
[2J[H========================================================================
 LTSP Test Harness v0.4  |  300s elapsed
========================================================================
 GM  | GPS Lock: YES  PPS: 40861  Crystal: +31320 ns  Interp: +691 ns
      | Regression: a1=+0.034 ppb  sigma=9.5 ns
      | TX latency: mean=+251526 ns std=986 ns min=+248244 ns max=+253620 ns n=30
------------------------------------------------------------------------
 RX  | Packets: 300  Seq gaps: 0  Errors: GM=0 RX=0  State: LOCKED
      | Drift: +31179.5 ns/s = +31.2 ppm  sigma=31477 ns
------------------------------------------------------------------------
 JIT | Detrended: mean=+239 ns std=30613 ns min=-57722 ns max=+60803 ns n=254
      | Offset:    mean=+53269 ns std=31524 ns min=+0 ns max=+118525 ns n=254
------------------------------------------------------------------------
 CLK | One-way delay: mean=-414887 ns std=130113 ns min=-673261 ns max=+171396 ns n=253
      | Sigma: 130.1 us  Mean: -414.9 us (expected ~constant)
========================================================================
 PASS: Jitter sigma = 30.6 us
 PASS: Zero packet loss
 PASS: GM regression sigma = 9.5 ns
 PASS: RX crystal = 31.2 ppm
 PASS: Drift sigma = 31477 ns
 WARN: One-way delay sigma = 130.1 us (unstable — frequency tracking issue?)
 PASS: Sync state = LOCKED
========================================================================
[2J[H========================================================================
 LTSP Test Harness v0.4  |  305s elapsed
========================================================================
 GM  | GPS Lock: YES  PPS: 40861  Crystal: +31320 ns  Interp: +691 ns
      | Regression: a1=+0.034 ppb  sigma=9.5 ns
      | TX latency: mean=+251526 ns std=986 ns min=+248244 ns max=+253620 ns n=30
------------------------------------------------------------------------
 RX  | Packets: 305  Seq gaps: 0  Errors: GM=0 RX=0  State: LOCKED
      | Drift: +31182.5 ns/s = +31.2 ppm  sigma=31659 ns
------------------------------------------------------------------------
 JIT | Detrended: mean=+262 ns std=30601 ns min=-57722 ns max=+60803 ns n=259
      | Offset:    mean=+53366 ns std=31502 ns min=+0 ns max=+118525 ns n=259
------------------------------------------------------------------------
 CLK | One-way delay: mean=-410785 ns std=132190 ns min=-673261 ns max=+171396 ns n=258
      | Sigma: 132.2 us  Mean: -410.8 us (expected ~constant)
========================================================================
 PASS: Jitter sigma = 30.6 us
 PASS: Zero packet loss
 PASS: GM regression sigma = 9.5 ns
 PASS: RX crystal = 31.2 ppm
 PASS: Drift sigma = 31659 ns
 WARN: One-way delay sigma = 132.2 us (unstable — frequency tracking issue?)
 PASS: Sync state = LOCKED
========================================================================
[2J[H========================================================================
 LTSP Test Harness v0.4  |  310s elapsed
========================================================================
 GM  | GPS Lock: YES  PPS: 40861  Crystal: +31320 ns  Interp: +691 ns
      | Regression: a1=+0.034 ppb  sigma=9.5 ns
      | TX latency: mean=+251549 ns std=978 ns min=+248244 ns max=+253620 ns n=31
------------------------------------------------------------------------
 RX  | Packets: 310  Seq gaps: 0  Errors: GM=0 RX=0  State: LOCKED
      | Drift: +30948.0 ns/s = +30.9 ppm  sigma=31463 ns
------------------------------------------------------------------------
 JIT | Detrended: mean=+16 ns std=30557 ns min=-57722 ns max=+60803 ns n=264
      | Offset:    mean=+53192 ns std=31417 ns min=+0 ns max=+118525 ns n=264
------------------------------------------------------------------------
 CLK | One-way delay: mean=-407364 ns std=133260 ns min=-673261 ns max=+171396 ns n=263
      | Sigma: 133.3 us  Mean: -407.4 us (expected ~constant)
========================================================================
 PASS: Jitter sigma = 30.6 us
 PASS: Zero packet loss
 PASS: GM regression sigma = 9.5 ns
 PASS: RX crystal = 30.9 ppm
 PASS: Drift sigma = 31463 ns
 WARN: One-way delay sigma = 133.3 us (unstable — frequency tracking issue?)
 PASS: Sync state = LOCKED
========================================================================
[2J[H========================================================================
 LTSP Test Harness v0.4  |  315s elapsed
========================================================================
 GM  | GPS Lock: YES  PPS: 40861  Crystal: +31320 ns  Interp: +691 ns
      | Regression: a1=+0.034 ppb  sigma=9.5 ns
      | TX latency: mean=+251549 ns std=978 ns min=+248244 ns max=+253620 ns n=31
------------------------------------------------------------------------
 RX  | Packets: 315  Seq gaps: 0  Errors: GM=0 RX=0  State: LOCKED
      | Drift: +30863.8 ns/s = +30.9 ppm  sigma=30992 ns
------------------------------------------------------------------------
 JIT | Detrended: mean=+157 ns std=30545 ns min=-57722 ns max=+60803 ns n=269
      | Offset:    mean=+53402 ns std=31411 ns min=+0 ns max=+118525 ns n=269
------------------------------------------------------------------------
 CLK | One-way delay: mean=-403243 ns std=135418 ns min=-673261 ns max=+171396 ns n=268
      | Sigma: 135.4 us  Mean: -403.2 us (expected ~constant)
========================================================================
 PASS: Jitter sigma = 30.5 us
 PASS: Zero packet loss
 PASS: GM regression sigma = 9.5 ns
 PASS: RX crystal = 30.9 ppm
 PASS: Drift sigma = 30992 ns
 WARN: One-way delay sigma = 135.4 us (unstable — frequency tracking issue?)
 PASS: Sync state = LOCKED
========================================================================
[2J[H========================================================================
 LTSP Test Harness v0.4  |  320s elapsed
========================================================================
 GM  | GPS Lock: YES  PPS: 40861  Crystal: +31320 ns  Interp: +691 ns
      | Regression: a1=+0.034 ppb  sigma=9.5 ns
      | TX latency: mean=+251519 ns std=976 ns min=+248244 ns max=+253620 ns n=32
------------------------------------------------------------------------
 RX  | Packets: 320  Seq gaps: 0  Errors: GM=0 RX=0  State: LOCKED
      | Drift: +30705.0 ns/s = +30.7 ppm  sigma=30835 ns
------------------------------------------------------------------------
 JIT | Detrended: mean=-2 ns std=30586 ns min=-57722 ns max=+60803 ns n=274
      | Offset:    mean=+53309 ns std=31420 ns min=+0 ns max=+118525 ns n=274
------------------------------------------------------------------------
 CLK | One-way delay: mean=-399394 ns std=137178 ns min=-673261 ns max=+171396 ns n=273
      | Sigma: 137.2 us  Mean: -399.4 us (expected ~constant)
========================================================================
 PASS: Jitter sigma = 30.6 us
 PASS: Zero packet loss
 PASS: GM regression sigma = 9.5 ns
 PASS: RX crystal = 30.7 ppm
 PASS: Drift sigma = 30835 ns
 WARN: One-way delay sigma = 137.2 us (unstable — frequency tracking issue?)
 PASS: Sync state = LOCKED
========================================================================
[2J[H========================================================================
 LTSP Test Harness v0.4  |  325s elapsed
========================================================================
 GM  | GPS Lock: YES  PPS: 40891  Crystal: +31296 ns  Interp: +703 ns
      | Regression: a1=-0.118 ppb  sigma=7.6 ns
      | TX latency: mean=+251519 ns std=976 ns min=+248244 ns max=+253620 ns n=32
------------------------------------------------------------------------
 RX  | Packets: 325  Seq gaps: 0  Errors: GM=0 RX=0  State: LOCKED
      | Drift: +31055.7 ns/s = +31.1 ppm  sigma=31163 ns
------------------------------------------------------------------------
 JIT | Detrended: mean=+349 ns std=30630 ns min=-57722 ns max=+60803 ns n=279
      | Offset:    mean=+53725 ns std=31492 ns min=+0 ns max=+118525 ns n=279
------------------------------------------------------------------------
 CLK | One-way delay: mean=-395334 ns std=139322 ns min=-673261 ns max=+171396 ns n=278
      | Sigma: 139.3 us  Mean: -395.3 us (expected ~constant)
========================================================================
 PASS: Jitter sigma = 30.6 us
 PASS: Zero packet loss
 PASS: GM regression sigma = 7.6 ns
 PASS: RX crystal = 31.1 ppm
 PASS: Drift sigma = 31163 ns
 WARN: One-way delay sigma = 139.3 us (unstable — frequency tracking issue?)
 PASS: Sync state = LOCKED
========================================================================
[2J[H========================================================================
 LTSP Test Harness v0.4  |  330s elapsed
========================================================================
 GM  | GPS Lock: YES  PPS: 40891  Crystal: +31296 ns  Interp: +703 ns
      | Regression: a1=-0.118 ppb  sigma=7.6 ns
      | TX latency: mean=+251455 ns std=1029 ns min=+248244 ns max=+253620 ns n=33
------------------------------------------------------------------------
 RX  | Packets: 330  Seq gaps: 0  Errors: GM=0 RX=0  State: LOCKED
      | Drift: +30923.2 ns/s = +30.9 ppm  sigma=30971 ns
------------------------------------------------------------------------
 JIT | Detrended: mean=+278 ns std=30575 ns min=-57722 ns max=+60803 ns n=284
      | Offset:    mean=+53715 ns std=31419 ns min=+0 ns max=+118525 ns n=284
------------------------------------------------------------------------
 CLK | One-way delay: mean=-391609 ns std=140909 ns min=-673261 ns max=+171396 ns n=283
      | Sigma: 140.9 us  Mean: -391.6 us (expected ~constant)
========================================================================
 PASS: Jitter sigma = 30.6 us
 PASS: Zero packet loss
 PASS: GM regression sigma = 7.6 ns
 PASS: RX crystal = 30.9 ppm
 PASS: Drift sigma = 30971 ns
 WARN: One-way delay sigma = 140.9 us (unstable — frequency tracking issue?)
 PASS: Sync state = LOCKED
========================================================================
[2J[H========================================================================
 LTSP Test Harness v0.4  |  335s elapsed
========================================================================
 GM  | GPS Lock: YES  PPS: 40891  Crystal: +31296 ns  Interp: +703 ns
      | Regression: a1=-0.118 ppb  sigma=7.6 ns
      | TX latency: mean=+251455 ns std=1029 ns min=+248244 ns max=+253620 ns n=33
------------------------------------------------------------------------
 RX  | Packets: 335  Seq gaps: 0  Errors: GM=0 RX=0  State: LOCKED
      | Drift: +31144.5 ns/s = +31.1 ppm  sigma=30390 ns
------------------------------------------------------------------------
 JIT | Detrended: mean=+547 ns std=30538 ns min=-57722 ns max=+60803 ns n=289
      | Offset:    mean=+54044 ns std=31400 ns min=+0 ns max=+118525 ns n=289
------------------------------------------------------------------------
 CLK | One-way delay: mean=-388003 ns std=142389 ns min=-673261 ns max=+171396 ns n=288
      | Sigma: 142.4 us  Mean: -388.0 us (expected ~constant)
========================================================================
 PASS: Jitter sigma = 30.5 us
 PASS: Zero packet loss
 PASS: GM regression sigma = 7.6 ns
 PASS: RX crystal = 31.1 ppm
 PASS: Drift sigma = 30390 ns
 WARN: One-way delay sigma = 142.4 us (unstable — frequency tracking issue?)
 PASS: Sync state = LOCKED
========================================================================
[2J[H========================================================================
 LTSP Test Harness v0.4  |  340s elapsed
========================================================================
 GM  | GPS Lock: YES  PPS: 40891  Crystal: +31296 ns  Interp: +703 ns
      | Regression: a1=-0.118 ppb  sigma=7.6 ns
      | TX latency: mean=+251465 ns std=1015 ns min=+248244 ns max=+253620 ns n=34
------------------------------------------------------------------------
 RX  | Packets: 340  Seq gaps: 0  Errors: GM=0 RX=0  State: LOCKED
      | Drift: +31373.0 ns/s = +31.4 ppm  sigma=30182 ns
------------------------------------------------------------------------
 JIT | Detrended: mean=+691 ns std=30481 ns min=-57722 ns max=+60803 ns n=294
      | Offset:    mean=+54246 ns std=31349 ns min=+0 ns max=+118525 ns n=294
------------------------------------------------------------------------
 CLK | One-way delay: mean=-384070 ns std=144384 ns min=-673261 ns max=+171396 ns n=293
      | Sigma: 144.4 us  Mean: -384.1 us (expected ~constant)
========================================================================
 PASS: Jitter sigma = 30.5 us
 PASS: Zero packet loss
 PASS: GM regression sigma = 7.6 ns
 PASS: RX crystal = 31.4 ppm
 PASS: Drift sigma = 30182 ns
 WARN: One-way delay sigma = 144.4 us (unstable — frequency tracking issue?)
 PASS: Sync state = LOCKED
========================================================================
[RX] # STATS: PDUs=357 CSV=356 Gaps=0 Dups=0 Skip=0 d_min=-56893 ns drift=31419.6 ns/s sigma=29854.8 ns state=LOCKED clk_err=+0 ns
[2J[H========================================================================
 LTSP Test Harness v0.4  |  345s elapsed
========================================================================
 GM  | GPS Lock: YES  PPS: 40891  Crystal: +31296 ns  Interp: +703 ns
      | Regression: a1=-0.118 ppb  sigma=7.6 ns
      | TX latency: mean=+251465 ns std=1015 ns min=+248244 ns max=+253620 ns n=34
------------------------------------------------------------------------
 RX  | Packets: 345  Seq gaps: 0  Errors: GM=0 RX=0  State: LOCKED
      | Drift: +31552.2 ns/s = +31.6 ppm  sigma=30415 ns
------------------------------------------------------------------------
 JIT | Detrended: mean=+786 ns std=30492 ns min=-57722 ns max=+60803 ns n=299
      | Offset:    mean=+54396 ns std=31358 ns min=+0 ns max=+118525 ns n=299
------------------------------------------------------------------------
 CLK | One-way delay: mean=-380101 ns std=146482 ns min=-673261 ns max=+171396 ns n=298
      | Sigma: 146.5 us  Mean: -380.1 us (expected ~constant)
========================================================================
 PASS: Jitter sigma = 30.5 us
 PASS: Zero packet loss
 PASS: GM regression sigma = 7.6 ns
 PASS: RX crystal = 31.6 ppm
 PASS: Drift sigma = 30415 ns
 WARN: One-way delay sigma = 146.5 us (unstable — frequency tracking issue?)
 PASS: Sync state = LOCKED
========================================================================
[2J[H========================================================================
 LTSP Test Harness v0.4  |  350s elapsed
========================================================================
 GM  | GPS Lock: YES  PPS: 40891  Crystal: +31296 ns  Interp: +703 ns
      | Regression: a1=-0.118 ppb  sigma=7.6 ns
      | TX latency: mean=+251453 ns std=1003 ns min=+248244 ns max=+253620 ns n=35
------------------------------------------------------------------------
 RX  | Packets: 350  Seq gaps: 0  Errors: GM=0 RX=0  State: LOCKED
      | Drift: +31508.7 ns/s = +31.5 ppm  sigma=30682 ns
------------------------------------------------------------------------
 JIT | Detrended: mean=+838 ns std=30363 ns min=-57722 ns max=+60803 ns n=304
      | Offset:    mean=+54503 ns std=31227 ns min=+0 ns max=+118525 ns n=304
------------------------------------------------------------------------
 CLK | One-way delay: mean=-376102 ns std=148568 ns min=-673261 ns max=+171396 ns n=303
      | Sigma: 148.6 us  Mean: -376.1 us (expected ~constant)
========================================================================
 PASS: Jitter sigma = 30.4 us
 PASS: Zero packet loss
 PASS: GM regression sigma = 7.6 ns
 PASS: RX crystal = 31.5 ppm
 PASS: Drift sigma = 30682 ns
 WARN: One-way delay sigma = 148.6 us (unstable — frequency tracking issue?)
 PASS: Sync state = LOCKED
========================================================================
[2J[H========================================================================
 LTSP Test Harness v0.4  |  355s elapsed
========================================================================
 GM  | GPS Lock: YES  PPS: 40921  Crystal: +31284 ns  Interp: -284 ns
      | Regression: a1=-0.108 ppb  sigma=8.9 ns
      | TX latency: mean=+251453 ns std=1003 ns min=+248244 ns max=+253620 ns n=35
------------------------------------------------------------------------
 RX  | Packets: 355  Seq gaps: 0  Errors: GM=0 RX=0  State: LOCKED
      | Drift: +31365.6 ns/s = +31.4 ppm  sigma=31938 ns
------------------------------------------------------------------------
 JIT | Detrended: mean=+571 ns std=30502 ns min=-57722 ns max=+60803 ns n=309
      | Offset:    mean=+54288 ns std=31324 ns min=+0 ns max=+118525 ns n=309
------------------------------------------------------------------------
 CLK | One-way delay: mean=-372177 ns std=150569 ns min=-673261 ns max=+171396 ns n=308
      | Sigma: 150.6 us  Mean: -372.2 us (expected ~constant)
========================================================================
 PASS: Jitter sigma = 30.5 us
 PASS: Zero packet loss
 PASS: GM regression sigma = 8.9 ns
 PASS: RX crystal = 31.4 ppm
 PASS: Drift sigma = 31938 ns
 WARN: One-way delay sigma = 150.6 us (unstable — frequency tracking issue?)
 PASS: Sync state = LOCKED
========================================================================
[2J[H========================================================================
 LTSP Test Harness v0.4  |  360s elapsed
========================================================================
 GM  | GPS Lock: YES  PPS: 40921  Crystal: +31284 ns  Interp: -284 ns
      | Regression: a1=-0.108 ppb  sigma=8.9 ns
      | TX latency: mean=+251451 ns std=988 ns min=+248244 ns max=+253620 ns n=36
------------------------------------------------------------------------
 RX  | Packets: 360  Seq gaps: 0  Errors: GM=0 RX=0  State: LOCKED
      | Drift: +31322.0 ns/s = +31.3 ppm  sigma=31841 ns
------------------------------------------------------------------------
 JIT | Detrended: mean=+374 ns std=30553 ns min=-57722 ns max=+60803 ns n=314
      | Offset:    mean=+54141 ns std=31343 ns min=+0 ns max=+118525 ns n=314
------------------------------------------------------------------------
 CLK | One-way delay: mean=-368217 ns std=152622 ns min=-673261 ns max=+171396 ns n=313
      | Sigma: 152.6 us  Mean: -368.2 us (expected ~constant)
========================================================================
 PASS: Jitter sigma = 30.6 us
 PASS: Zero packet loss
 PASS: GM regression sigma = 8.9 ns
 PASS: RX crystal = 31.3 ppm
 PASS: Drift sigma = 31841 ns
 WARN: One-way delay sigma = 152.6 us (unstable — frequency tracking issue?)
 PASS: Sync state = LOCKED
========================================================================
[2J[H========================================================================
 LTSP Test Harness v0.4  |  365s elapsed
========================================================================
 GM  | GPS Lock: YES  PPS: 40921  Crystal: +31284 ns  Interp: -284 ns
      | Regression: a1=-0.108 ppb  sigma=8.9 ns
      | TX latency: mean=+251451 ns std=988 ns min=+248244 ns max=+253620 ns n=36
------------------------------------------------------------------------
 RX  | Packets: 365  Seq gaps: 0  Errors: GM=0 RX=0  State: LOCKED
      | Drift: +31248.2 ns/s = +31.2 ppm  sigma=32629 ns
------------------------------------------------------------------------
 JIT | Detrended: mean=+150 ns std=30703 ns min=-57722 ns max=+60803 ns n=319
      | Offset:    mean=+53967 ns std=31458 ns min=+0 ns max=+118525 ns n=319
------------------------------------------------------------------------
 CLK | One-way delay: mean=-364311 ns std=154613 ns min=-673261 ns max=+171396 ns n=318
      | Sigma: 154.6 us  Mean: -364.3 us (expected ~constant)
========================================================================
 PASS: Jitter sigma = 30.7 us
 PASS: Zero packet loss
 PASS: GM regression sigma = 8.9 ns
 PASS: RX crystal = 31.2 ppm
 PASS: Drift sigma = 32629 ns
 WARN: One-way delay sigma = 154.6 us (unstable — frequency tracking issue?)
 PASS: Sync state = LOCKED
========================================================================
[2J[H========================================================================
 LTSP Test Harness v0.4  |  370s elapsed
========================================================================
 GM  | GPS Lock: YES  PPS: 40921  Crystal: +31284 ns  Interp: -284 ns
      | Regression: a1=-0.108 ppb  sigma=8.9 ns
      | TX latency: mean=+251418 ns std=996 ns min=+248244 ns max=+253620 ns n=37
------------------------------------------------------------------------
 RX  | Packets: 370  Seq gaps: 0  Errors: GM=0 RX=0  State: LOCKED
      | Drift: +31288.3 ns/s = +31.3 ppm  sigma=33233 ns
------------------------------------------------------------------------
 JIT | Detrended: mean=+396 ns std=30790 ns min=-57722 ns max=+60803 ns n=324
      | Offset:    mean=+54260 ns std=31557 ns min=+0 ns max=+118525 ns n=324
------------------------------------------------------------------------
 CLK | One-way delay: mean=-359949 ns std=157374 ns min=-673261 ns max=+171396 ns n=323
      | Sigma: 157.4 us  Mean: -359.9 us (expected ~constant)
========================================================================
 PASS: Jitter sigma = 30.8 us
 PASS: Zero packet loss
 PASS: GM regression sigma = 8.9 ns
 PASS: RX crystal = 31.3 ppm
 PASS: Drift sigma = 33233 ns
 WARN: One-way delay sigma = 157.4 us (unstable — frequency tracking issue?)
 PASS: Sync state = LOCKED
========================================================================
[2J[H========================================================================
 LTSP Test Harness v0.4  |  375s elapsed
========================================================================
 GM  | GPS Lock: YES  PPS: 40921  Crystal: +31284 ns  Interp: -284 ns
      | Regression: a1=-0.108 ppb  sigma=8.9 ns
      | TX latency: mean=+251418 ns std=996 ns min=+248244 ns max=+253620 ns n=37
------------------------------------------------------------------------
 RX  | Packets: 375  Seq gaps: 0  Errors: GM=0 RX=0  State: LOCKED
      | Drift: +31236.3 ns/s = +31.2 ppm  sigma=33668 ns
------------------------------------------------------------------------
 JIT | Detrended: mean=+271 ns std=30835 ns min=-57722 ns max=+60803 ns n=329
      | Offset:    mean=+54184 ns std=31579 ns min=+0 ns max=+118525 ns n=329
------------------------------------------------------------------------
 CLK | One-way delay: mean=-355968 ns std=159475 ns min=-673261 ns max=+171396 ns n=328
      | Sigma: 159.5 us  Mean: -356.0 us (expected ~constant)
========================================================================
 PASS: Jitter sigma = 30.8 us
 PASS: Zero packet loss
 PASS: GM regression sigma = 8.9 ns
 PASS: RX crystal = 31.2 ppm
 PASS: Drift sigma = 33668 ns
 WARN: One-way delay sigma = 159.5 us (unstable — frequency tracking issue?)
 PASS: Sync state = LOCKED
========================================================================
[2J[H========================================================================
 LTSP Test Harness v0.4  |  380s elapsed
========================================================================
 GM  | GPS Lock: YES  PPS: 40921  Crystal: +31284 ns  Interp: -284 ns
      | Regression: a1=-0.108 ppb  sigma=8.9 ns
      | TX latency: mean=+251350 ns std=1066 ns min=+248244 ns max=+253620 ns n=38
------------------------------------------------------------------------
 RX  | Packets: 380  Seq gaps: 0  Errors: GM=0 RX=0  State: LOCKED
      | Drift: +31020.9 ns/s = +31.0 ppm  sigma=33054 ns
------------------------------------------------------------------------
 JIT | Detrended: mean=+191 ns std=30872 ns min=-57722 ns max=+60803 ns n=334
      | Offset:    mean=+54157 ns std=31598 ns min=+0 ns max=+118525 ns n=334
------------------------------------------------------------------------
 CLK | One-way delay: mean=-352096 ns std=161428 ns min=-673261 ns max=+171396 ns n=333
      | Sigma: 161.4 us  Mean: -352.1 us (expected ~constant)
========================================================================
 PASS: Jitter sigma = 30.9 us
 PASS: Zero packet loss
 PASS: GM regression sigma = 8.9 ns
 PASS: RX crystal = 31.0 ppm
 PASS: Drift sigma = 33054 ns
 WARN: One-way delay sigma = 161.4 us (unstable — frequency tracking issue?)
 PASS: Sync state = LOCKED
========================================================================
[2J[H========================================================================
 LTSP Test Harness v0.4  |  385s elapsed
========================================================================
 GM  | GPS Lock: YES  PPS: 40951  Crystal: +31296 ns  Interp: -284 ns
      | Regression: a1=-0.040 ppb  sigma=9.0 ns
      | TX latency: mean=+251350 ns std=1066 ns min=+248244 ns max=+253620 ns n=38
------------------------------------------------------------------------
 RX  | Packets: 385  Seq gaps: 0  Errors: GM=0 RX=0  State: LOCKED
      | Drift: +31051.4 ns/s = +31.1 ppm  sigma=33046 ns
------------------------------------------------------------------------
 JIT | Detrended: mean=+135 ns std=30812 ns min=-57722 ns max=+60803 ns n=339
      | Offset:    mean=+54154 ns std=31525 ns min=+0 ns max=+118525 ns n=339
------------------------------------------------------------------------
 CLK | One-way delay: mean=-348061 ns std=163610 ns min=-673261 ns max=+171396 ns n=338
      | Sigma: 163.6 us  Mean: -348.1 us (expected ~constant)
========================================================================
 PASS: Jitter sigma = 30.8 us
 PASS: Zero packet loss
 PASS: GM regression sigma = 9.0 ns
 PASS: RX crystal = 31.1 ppm
 PASS: Drift sigma = 33046 ns
 WARN: One-way delay sigma = 163.6 us (unstable — frequency tracking issue?)
 PASS: Sync state = LOCKED
========================================================================
[2J[H========================================================================
 LTSP Test Harness v0.4  |  390s elapsed
========================================================================
 GM  | GPS Lock: YES  PPS: 40951  Crystal: +31296 ns  Interp: -284 ns
      | Regression: a1=-0.040 ppb  sigma=9.0 ns
      | TX latency: mean=+251356 ns std=1053 ns min=+248244 ns max=+253620 ns n=39
------------------------------------------------------------------------
 RX  | Packets: 390  Seq gaps: 0  Errors: GM=0 RX=0  State: LOCKED
      | Drift: +30947.5 ns/s = +30.9 ppm  sigma=32712 ns
------------------------------------------------------------------------
 JIT | Detrended: mean=+180 ns std=30764 ns min=-57722 ns max=+60803 ns n=344
      | Offset:    mean=+54249 ns std=31476 ns min=+0 ns max=+118525 ns n=344
------------------------------------------------------------------------
 CLK | One-way delay: mean=-344296 ns std=165394 ns min=-673261 ns max=+171396 ns n=343
      | Sigma: 165.4 us  Mean: -344.3 us (expected ~constant)
========================================================================
 PASS: Jitter sigma = 30.8 us
 PASS: Zero packet loss
 PASS: GM regression sigma = 9.0 ns
 PASS: RX crystal = 30.9 ppm
 PASS: Drift sigma = 32712 ns
 WARN: One-way delay sigma = 165.4 us (unstable — frequency tracking issue?)
 PASS: Sync state = LOCKED
========================================================================
[2J[H========================================================================
 LTSP Test Harness v0.4  |  395s elapsed
========================================================================
 GM  | GPS Lock: YES  PPS: 40951  Crystal: +31296 ns  Interp: -284 ns
      | Regression: a1=-0.040 ppb  sigma=9.0 ns
      | TX latency: mean=+251356 ns std=1053 ns min=+248244 ns max=+253620 ns n=39
------------------------------------------------------------------------
 RX  | Packets: 395  Seq gaps: 0  Errors: GM=0 RX=0  State: LOCKED
      | Drift: +30924.5 ns/s = +30.9 ppm  sigma=33254 ns
------------------------------------------------------------------------
 JIT | Detrended: mean=+87 ns std=30766 ns min=-57722 ns max=+60803 ns n=349
      | Offset:    mean=+54205 ns std=31461 ns min=+0 ns max=+118525 ns n=349
------------------------------------------------------------------------
 CLK | One-way delay: mean=-340715 ns std=166904 ns min=-673261 ns max=+171396 ns n=348
      | Sigma: 166.9 us  Mean: -340.7 us (expected ~constant)
========================================================================
 PASS: Jitter sigma = 30.8 us
 PASS: Zero packet loss
 PASS: GM regression sigma = 9.0 ns
 PASS: RX crystal = 30.9 ppm
 PASS: Drift sigma = 33254 ns
 WARN: One-way delay sigma = 166.9 us (unstable — frequency tracking issue?)
 PASS: Sync state = LOCKED
========================================================================
[2J[H========================================================================
 LTSP Test Harness v0.4  |  400s elapsed
========================================================================
 GM  | GPS Lock: YES  PPS: 40951  Crystal: +31296 ns  Interp: -284 ns
      | Regression: a1=-0.040 ppb  sigma=9.0 ns
      | TX latency: mean=+251342 ns std=1043 ns min=+248244 ns max=+253620 ns n=40
------------------------------------------------------------------------
 RX  | Packets: 400  Seq gaps: 0  Errors: GM=0 RX=0  State: LOCKED
      | Drift: +30974.6 ns/s = +31.0 ppm  sigma=33712 ns
------------------------------------------------------------------------
 JIT | Detrended: mean=+161 ns std=30800 ns min=-57722 ns max=+60803 ns n=354
      | Offset:    mean=+54327 ns std=31494 ns min=+0 ns max=+118525 ns n=354
------------------------------------------------------------------------
 CLK | One-way delay: mean=-336937 ns std=168769 ns min=-673261 ns max=+171396 ns n=353
      | Sigma: 168.8 us  Mean: -336.9 us (expected ~constant)
========================================================================
 PASS: Jitter sigma = 30.8 us
 PASS: Zero packet loss
 PASS: GM regression sigma = 9.0 ns
 PASS: RX crystal = 31.0 ppm
 PASS: Drift sigma = 33712 ns
 WARN: One-way delay sigma = 168.8 us (unstable — frequency tracking issue?)
 PASS: Sync state = LOCKED
========================================================================
[RX] # STATS: PDUs=417 CSV=416 Gaps=0 Dups=0 Skip=0 d_min=-57496 ns drift=30903.3 ns/s sigma=33656.3 ns state=LOCKED clk_err=+0 ns
[2J[H========================================================================
 LTSP Test Harness v0.4  |  405s elapsed
========================================================================
 GM  | GPS Lock: YES  PPS: 40951  Crystal: +31296 ns  Interp: -284 ns
      | Regression: a1=-0.040 ppb  sigma=9.0 ns
      | TX latency: mean=+251342 ns std=1043 ns min=+248244 ns max=+253620 ns n=40
------------------------------------------------------------------------
 RX  | Packets: 405  Seq gaps: 0  Errors: GM=0 RX=0  State: LOCKED
      | Drift: +31054.5 ns/s = +31.1 ppm  sigma=33118 ns
------------------------------------------------------------------------
 JIT | Detrended: mean=+228 ns std=30732 ns min=-57722 ns max=+60803 ns n=359
      | Offset:    mean=+54440 ns std=31428 ns min=+0 ns max=+118525 ns n=359
------------------------------------------------------------------------
 CLK | One-way delay: mean=-332869 ns std=171076 ns min=-673261 ns max=+171396 ns n=358
      | Sigma: 171.1 us  Mean: -332.9 us (expected ~constant)
========================================================================
 PASS: Jitter sigma = 30.7 us
 PASS: Zero packet loss
 PASS: GM regression sigma = 9.0 ns
 PASS: RX crystal = 31.1 ppm
 PASS: Drift sigma = 33118 ns
 WARN: One-way delay sigma = 171.1 us (unstable — frequency tracking issue?)
 PASS: Sync state = LOCKED
========================================================================
[2J[H========================================================================
 LTSP Test Harness v0.4  |  410s elapsed
========================================================================
 GM  | GPS Lock: YES  PPS: 40951  Crystal: +31296 ns  Interp: -284 ns
      | Regression: a1=-0.040 ppb  sigma=9.0 ns
      | TX latency: mean=+251305 ns std=1057 ns min=+248244 ns max=+253620 ns n=41
------------------------------------------------------------------------
 RX  | Packets: 410  Seq gaps: 0  Errors: GM=0 RX=0  State: LOCKED
      | Drift: +31171.7 ns/s = +31.2 ppm  sigma=33253 ns
------------------------------------------------------------------------
 JIT | Detrended: mean=+216 ns std=30682 ns min=-57722 ns max=+60803 ns n=364
      | Offset:    mean=+54473 ns std=31370 ns min=+0 ns max=+118525 ns n=364
------------------------------------------------------------------------
 CLK | One-way delay: mean=-328815 ns std=173359 ns min=-673261 ns max=+171396 ns n=363
      | Sigma: 173.4 us  Mean: -328.8 us (expected ~constant)
========================================================================
 PASS: Jitter sigma = 30.7 us
 PASS: Zero packet loss
 PASS: GM regression sigma = 9.0 ns
 PASS: RX crystal = 31.2 ppm
 PASS: Drift sigma = 33253 ns
 WARN: One-way delay sigma = 173.4 us (unstable — frequency tracking issue?)
 PASS: Sync state = LOCKED
========================================================================
[2J[H========================================================================
 LTSP Test Harness v0.4  |  415s elapsed
========================================================================
 GM  | GPS Lock: YES  PPS: 40981  Crystal: +31296 ns  Interp: +691 ns
      | Regression: a1=-0.015 ppb  sigma=8.7 ns
      | TX latency: mean=+251305 ns std=1057 ns min=+248244 ns max=+253620 ns n=41
------------------------------------------------------------------------
 RX  | Packets: 415  Seq gaps: 0  Errors: GM=0 RX=0  State: LOCKED
      | Drift: +31126.4 ns/s = +31.1 ppm  sigma=33020 ns
------------------------------------------------------------------------
 JIT | Detrended: mean=+245 ns std=30692 ns min=-57722 ns max=+60803 ns n=369
      | Offset:    mean=+54547 ns std=31376 ns min=+0 ns max=+118525 ns n=369
------------------------------------------------------------------------
 CLK | One-way delay: mean=-324994 ns std=175293 ns min=-673261 ns max=+171396 ns n=368
      | Sigma: 175.3 us  Mean: -325.0 us (expected ~constant)
========================================================================
 PASS: Jitter sigma = 30.7 us
 PASS: Zero packet loss
 PASS: GM regression sigma = 8.7 ns
 PASS: RX crystal = 31.1 ppm
 PASS: Drift sigma = 33020 ns
 WARN: One-way delay sigma = 175.3 us (unstable — frequency tracking issue?)
 PASS: Sync state = LOCKED
========================================================================
[2J[H========================================================================
 LTSP Test Harness v0.4  |  420s elapsed
========================================================================
 GM  | GPS Lock: YES  PPS: 40981  Crystal: +31296 ns  Interp: +691 ns
      | Regression: a1=-0.015 ppb  sigma=8.7 ns
      | TX latency: mean=+251322 ns std=1049 ns min=+248244 ns max=+253620 ns n=42
------------------------------------------------------------------------
 RX  | Packets: 420  Seq gaps: 0  Errors: GM=0 RX=0  State: LOCKED
      | Drift: +30970.9 ns/s = +31.0 ppm  sigma=32634 ns
------------------------------------------------------------------------
 JIT | Detrended: mean=+98 ns std=30642 ns min=-57722 ns max=+60803 ns n=374
      | Offset:    mean=+54442 ns std=31305 ns min=+0 ns max=+118525 ns n=374
------------------------------------------------------------------------
 CLK | One-way delay: mean=-321068 ns std=177372 ns min=-673261 ns max=+171396 ns n=373
      | Sigma: 177.4 us  Mean: -321.1 us (expected ~constant)
========================================================================
 PASS: Jitter sigma = 30.6 us
 PASS: Zero packet loss
 PASS: GM regression sigma = 8.7 ns
 PASS: RX crystal = 31.0 ppm
 PASS: Drift sigma = 32634 ns
 WARN: One-way delay sigma = 177.4 us (unstable — frequency tracking issue?)
 PASS: Sync state = LOCKED
========================================================================
[2J[H========================================================================
 LTSP Test Harness v0.4  |  425s elapsed
========================================================================
 GM  | GPS Lock: YES  PPS: 40981  Crystal: +31296 ns  Interp: +691 ns
      | Regression: a1=-0.015 ppb  sigma=8.7 ns
      | TX latency: mean=+251322 ns std=1049 ns min=+248244 ns max=+253620 ns n=42
------------------------------------------------------------------------
 RX  | Packets: 425  Seq gaps: 0  Errors: GM=0 RX=0  State: LOCKED
      | Drift: +30783.2 ns/s = +30.8 ppm  sigma=32065 ns
------------------------------------------------------------------------
 JIT | Detrended: mean=-5 ns std=30673 ns min=-57722 ns max=+60803 ns n=379
      | Offset:    mean=+54381 ns std=31319 ns min=+0 ns max=+118525 ns n=379
------------------------------------------------------------------------
 CLK | One-way delay: mean=-317163 ns std=179439 ns min=-673261 ns max=+171396 ns n=378
      | Sigma: 179.4 us  Mean: -317.2 us (expected ~constant)
========================================================================
 PASS: Jitter sigma = 30.7 us
 PASS: Zero packet loss
 PASS: GM regression sigma = 8.7 ns
 PASS: RX crystal = 30.8 ppm
 PASS: Drift sigma = 32065 ns
 WARN: One-way delay sigma = 179.4 us (unstable — frequency tracking issue?)
 PASS: Sync state = LOCKED
========================================================================
[2J[H========================================================================
 LTSP Test Harness v0.4  |  430s elapsed
========================================================================
 GM  | GPS Lock: YES  PPS: 40981  Crystal: +31296 ns  Interp: +691 ns
      | Regression: a1=-0.015 ppb  sigma=8.7 ns
      | TX latency: mean=+251329 ns std=1038 ns min=+248244 ns max=+253620 ns n=43
------------------------------------------------------------------------
 RX  | Packets: 430  Seq gaps: 0  Errors: GM=0 RX=0  State: LOCKED
      | Drift: +31094.3 ns/s = +31.1 ppm  sigma=31868 ns
------------------------------------------------------------------------
 JIT | Detrended: mean=+247 ns std=30719 ns min=-57722 ns max=+60803 ns n=384
      | Offset:    mean=+54673 ns std=31382 ns min=+0 ns max=+118525 ns n=384
------------------------------------------------------------------------
 CLK | One-way delay: mean=-312877 ns std=182158 ns min=-673261 ns max=+171396 ns n=383
      | Sigma: 182.2 us  Mean: -312.9 us (expected ~constant)
========================================================================
 PASS: Jitter sigma = 30.7 us
 PASS: Zero packet loss
 PASS: GM regression sigma = 8.7 ns
 PASS: RX crystal = 31.1 ppm
 PASS: Drift sigma = 31868 ns
 WARN: One-way delay sigma = 182.2 us (unstable — frequency tracking issue?)
 PASS: Sync state = LOCKED
========================================================================
[2J[H========================================================================
 LTSP Test Harness v0.4  |  435s elapsed
========================================================================
 GM  | GPS Lock: YES  PPS: 40981  Crystal: +31296 ns  Interp: +691 ns
      | Regression: a1=-0.015 ppb  sigma=8.7 ns
      | TX latency: mean=+251329 ns std=1038 ns min=+248244 ns max=+253620 ns n=43
------------------------------------------------------------------------
 RX  | Packets: 435  Seq gaps: 0  Errors: GM=0 RX=0  State: LOCKED
      | Drift: +30974.5 ns/s = +31.0 ppm  sigma=31667 ns
------------------------------------------------------------------------
 JIT | Detrended: mean=+64 ns std=30722 ns min=-57722 ns max=+60803 ns n=389
      | Offset:    mean=+54530 ns std=31361 ns min=+0 ns max=+118525 ns n=389
------------------------------------------------------------------------
 CLK | One-way delay: mean=-308998 ns std=184170 ns min=-673261 ns max=+171396 ns n=388
      | Sigma: 184.2 us  Mean: -309.0 us (expected ~constant)
========================================================================
 PASS: Jitter sigma = 30.7 us
 PASS: Zero packet loss
 PASS: GM regression sigma = 8.7 ns
 PASS: RX crystal = 31.0 ppm
 PASS: Drift sigma = 31667 ns
 WARN: One-way delay sigma = 184.2 us (unstable — frequency tracking issue?)
 PASS: Sync state = LOCKED
========================================================================
[2J[H========================================================================
 LTSP Test Harness v0.4  |  440s elapsed
========================================================================
 GM  | GPS Lock: YES  PPS: 40981  Crystal: +31296 ns  Interp: +691 ns
      | Regression: a1=-0.015 ppb  sigma=8.7 ns
      | TX latency: mean=+251344 ns std=1031 ns min=+248244 ns max=+253620 ns n=44
------------------------------------------------------------------------
 RX  | Packets: 440  Seq gaps: 0  Errors: GM=0 RX=0  State: LOCKED
      | Drift: +30955.3 ns/s = +31.0 ppm  sigma=32209 ns
------------------------------------------------------------------------
 JIT | Detrended: mean=+97 ns std=30810 ns min=-57722 ns max=+60803 ns n=394
      | Offset:    mean=+54602 ns std=31444 ns min=+0 ns max=+118525 ns n=394
------------------------------------------------------------------------
 CLK | One-way delay: mean=-305172 ns std=186134 ns min=-673261 ns max=+171396 ns n=393
      | Sigma: 186.1 us  Mean: -305.2 us (expected ~constant)
========================================================================
 PASS: Jitter sigma = 30.8 us
 PASS: Zero packet loss
 PASS: GM regression sigma = 8.7 ns
 PASS: RX crystal = 31.0 ppm
 PASS: Drift sigma = 32209 ns
 WARN: One-way delay sigma = 186.1 us (unstable — frequency tracking issue?)
 PASS: Sync state = LOCKED
========================================================================
[2J[H========================================================================
 LTSP Test Harness v0.4  |  445s elapsed
========================================================================
 GM  | GPS Lock: YES  PPS: 41011  Crystal: +31284 ns  Interp: +715 ns
      | Regression: a1=-0.010 ppb  sigma=8.1 ns
      | TX latency: mean=+251344 ns std=1031 ns min=+248244 ns max=+253620 ns n=44
------------------------------------------------------------------------
 RX  | Packets: 445  Seq gaps: 0  Errors: GM=0 RX=0  State: LOCKED
      | Drift: +30862.5 ns/s = +30.9 ppm  sigma=32551 ns
------------------------------------------------------------------------
 JIT | Detrended: mean=+31 ns std=30806 ns min=-57722 ns max=+60803 ns n=399
      | Offset:    mean=+54573 ns std=31428 ns min=+0 ns max=+118525 ns n=399
------------------------------------------------------------------------
 CLK | One-way delay: mean=-301205 ns std=188313 ns min=-673261 ns max=+171396 ns n=398
      | Sigma: 188.3 us  Mean: -301.2 us (expected ~constant)
========================================================================
 PASS: Jitter sigma = 30.8 us
 PASS: Zero packet loss
 PASS: GM regression sigma = 8.1 ns
 PASS: RX crystal = 30.9 ppm
 PASS: Drift sigma = 32551 ns
 WARN: One-way delay sigma = 188.3 us (unstable — frequency tracking issue?)
 PASS: Sync state = LOCKED
========================================================================
[2J[H========================================================================
 LTSP Test Harness v0.4  |  450s elapsed
========================================================================
 GM  | GPS Lock: YES  PPS: 41011  Crystal: +31284 ns  Interp: +715 ns
      | Regression: a1=-0.010 ppb  sigma=8.1 ns
      | TX latency: mean=+251332 ns std=1022 ns min=+248244 ns max=+253620 ns n=45
------------------------------------------------------------------------
 RX  | Packets: 450  Seq gaps: 0  Errors: GM=0 RX=0  State: LOCKED
      | Drift: +31107.4 ns/s = +31.1 ppm  sigma=32543 ns
------------------------------------------------------------------------
 JIT | Detrended: mean=+291 ns std=30755 ns min=-57722 ns max=+60803 ns n=404
      | Offset:    mean=+54869 ns std=31396 ns min=+0 ns max=+118525 ns n=404
------------------------------------------------------------------------
 CLK | One-way delay: mean=-297142 ns std=190666 ns min=-673261 ns max=+171396 ns n=403
      | Sigma: 190.7 us  Mean: -297.1 us (expected ~constant)
========================================================================
 PASS: Jitter sigma = 30.8 us
 PASS: Zero packet loss
 PASS: GM regression sigma = 8.1 ns
 PASS: RX crystal = 31.1 ppm
 PASS: Drift sigma = 32543 ns
 WARN: One-way delay sigma = 190.7 us (unstable — frequency tracking issue?)
 PASS: Sync state = LOCKED
========================================================================
[2J[H========================================================================
 LTSP Test Harness v0.4  |  455s elapsed
========================================================================
 GM  | GPS Lock: YES  PPS: 41011  Crystal: +31284 ns  Interp: +715 ns
      | Regression: a1=-0.010 ppb  sigma=8.1 ns
      | TX latency: mean=+251332 ns std=1022 ns min=+248244 ns max=+253620 ns n=45
------------------------------------------------------------------------
 RX  | Packets: 455  Seq gaps: 0  Errors: GM=0 RX=0  State: LOCKED
      | Drift: +31005.6 ns/s = +31.0 ppm  sigma=32302 ns
------------------------------------------------------------------------
 JIT | Detrended: mean=+205 ns std=30719 ns min=-57722 ns max=+60803 ns n=409
      | Offset:    mean=+54819 ns std=31347 ns min=+0 ns max=+118525 ns n=409
------------------------------------------------------------------------
 CLK | One-way delay: mean=-293153 ns std=192880 ns min=-673261 ns max=+171396 ns n=408
      | Sigma: 192.9 us  Mean: -293.2 us (expected ~constant)
========================================================================
 PASS: Jitter sigma = 30.7 us
 PASS: Zero packet loss
 PASS: GM regression sigma = 8.1 ns
 PASS: RX crystal = 31.0 ppm
 PASS: Drift sigma = 32302 ns
 WARN: One-way delay sigma = 192.9 us (unstable — frequency tracking issue?)
 PASS: Sync state = LOCKED
========================================================================
[2J[H========================================================================
 LTSP Test Harness v0.4  |  460s elapsed
========================================================================
 GM  | GPS Lock: YES  PPS: 41011  Crystal: +31284 ns  Interp: +715 ns
      | Regression: a1=-0.010 ppb  sigma=8.1 ns
      | TX latency: mean=+251378 ns std=1057 ns min=+248244 ns max=+253620 ns n=46
------------------------------------------------------------------------
 RX  | Packets: 460  Seq gaps: 0  Errors: GM=0 RX=0  State: LOCKED
      | Drift: +31161.4 ns/s = +31.2 ppm  sigma=31833 ns
------------------------------------------------------------------------
 JIT | Detrended: mean=+348 ns std=30684 ns min=-57722 ns max=+60803 ns n=414
      | Offset:    mean=+54996 ns std=31320 ns min=+0 ns max=+118525 ns n=414
------------------------------------------------------------------------
 CLK | One-way delay: mean=-289525 ns std=194530 ns min=-673261 ns max=+171396 ns n=413
      | Sigma: 194.5 us  Mean: -289.5 us (expected ~constant)
========================================================================
 PASS: Jitter sigma = 30.7 us
 PASS: Zero packet loss
 PASS: GM regression sigma = 8.1 ns
 PASS: RX crystal = 31.2 ppm
 PASS: Drift sigma = 31833 ns
 WARN: One-way delay sigma = 194.5 us (unstable — frequency tracking issue?)
 PASS: Sync state = LOCKED
========================================================================
[RX] # STATS: PDUs=477 CSV=476 Gaps=0 Dups=0 Skip=0 d_min=-57496 ns drift=31062.8 ns/s sigma=32546.3 ns state=LOCKED clk_err=+0 ns
[2J[H========================================================================
 LTSP Test Harness v0.4  |  465s elapsed
========================================================================
 GM  | GPS Lock: YES  PPS: 41011  Crystal: +31284 ns  Interp: +715 ns
      | Regression: a1=-0.010 ppb  sigma=8.1 ns
      | TX latency: mean=+251378 ns std=1057 ns min=+248244 ns max=+253620 ns n=46
------------------------------------------------------------------------
 RX  | Packets: 465  Seq gaps: 0  Errors: GM=0 RX=0  State: LOCKED
      | Drift: +31094.0 ns/s = +31.1 ppm  sigma=32437 ns
------------------------------------------------------------------------
 JIT | Detrended: mean=+206 ns std=30714 ns min=-57722 ns max=+60803 ns n=419
      | Offset:    mean=+54889 ns std=31330 ns min=+0 ns max=+118525 ns n=419
------------------------------------------------------------------------
 CLK | One-way delay: mean=-285476 ns std=196858 ns min=-673261 ns max=+171396 ns n=418
      | Sigma: 196.9 us  Mean: -285.5 us (expected ~constant)
========================================================================
 PASS: Jitter sigma = 30.7 us
 PASS: Zero packet loss
 PASS: GM regression sigma = 8.1 ns
 PASS: RX crystal = 31.1 ppm
 PASS: Drift sigma = 32437 ns
 WARN: One-way delay sigma = 196.9 us (unstable — frequency tracking issue?)
 PASS: Sync state = LOCKED
========================================================================
[2J[H========================================================================
 LTSP Test Harness v0.4  |  470s elapsed
========================================================================
 GM  | GPS Lock: YES  PPS: 41011  Crystal: +31284 ns  Interp: +715 ns
      | Regression: a1=-0.010 ppb  sigma=8.1 ns
      | TX latency: mean=+251382 ns std=1046 ns min=+248244 ns max=+253620 ns n=47
------------------------------------------------------------------------
 RX  | Packets: 470  Seq gaps: 0  Errors: GM=0 RX=0  State: LOCKED
      | Drift: +31040.6 ns/s = +31.0 ppm  sigma=32619 ns
------------------------------------------------------------------------
 JIT | Detrended: mean=+119 ns std=30697 ns min=-57722 ns max=+60803 ns n=424
      | Offset:    mean=+54835 ns std=31301 ns min=+0 ns max=+118525 ns n=424
------------------------------------------------------------------------
 CLK | One-way delay: mean=-281519 ns std=199040 ns min=-673261 ns max=+171396 ns n=423
      | Sigma: 199.0 us  Mean: -281.5 us (expected ~constant)
========================================================================
 PASS: Jitter sigma = 30.7 us
 PASS: Zero packet loss
 PASS: GM regression sigma = 8.1 ns
 PASS: RX crystal = 31.0 ppm
 PASS: Drift sigma = 32619 ns
 WARN: One-way delay sigma = 199.0 us (unstable — frequency tracking issue?)
 PASS: Sync state = LOCKED
========================================================================
[2J[H========================================================================
 LTSP Test Harness v0.4  |  475s elapsed
========================================================================
 GM  | GPS Lock: YES  PPS: 41041  Crystal: +31308 ns  Interp: -296 ns
      | Regression: a1=+0.021 ppb  sigma=7.0 ns
      | TX latency: mean=+251382 ns std=1046 ns min=+248244 ns max=+253620 ns n=47
------------------------------------------------------------------------
 RX  | Packets: 475  Seq gaps: 0  Errors: GM=0 RX=0  State: LOCKED
      | Drift: +31196.8 ns/s = +31.2 ppm  sigma=32622 ns
------------------------------------------------------------------------
 JIT | Detrended: mean=+241 ns std=30726 ns min=-57722 ns max=+60803 ns n=429
      | Offset:    mean=+54989 ns std=31334 ns min=+0 ns max=+118525 ns n=429
------------------------------------------------------------------------
 CLK | One-way delay: mean=-277799 ns std=200855 ns min=-673261 ns max=+171396 ns n=428
      | Sigma: 200.9 us  Mean: -277.8 us (expected ~constant)
========================================================================
 PASS: Jitter sigma = 30.7 us
 PASS: Zero packet loss
 PASS: GM regression sigma = 7.0 ns
 PASS: RX crystal = 31.2 ppm
 PASS: Drift sigma = 32622 ns
 WARN: One-way delay sigma = 200.9 us (unstable — frequency tracking issue?)
 PASS: Sync state = LOCKED
========================================================================
[2J[H========================================================================
 LTSP Test Harness v0.4  |  480s elapsed
========================================================================
 GM  | GPS Lock: YES  PPS: 41041  Crystal: +31308 ns  Interp: -296 ns
      | Regression: a1=+0.021 ppb  sigma=7.0 ns
      | TX latency: mean=+251362 ns std=1045 ns min=+248244 ns max=+253620 ns n=48
------------------------------------------------------------------------
 RX  | Packets: 480  Seq gaps: 0  Errors: GM=0 RX=0  State: LOCKED
      | Drift: +31185.5 ns/s = +31.2 ppm  sigma=32392 ns
------------------------------------------------------------------------
 JIT | Detrended: mean=+303 ns std=30633 ns min=-57722 ns max=+60803 ns n=434
      | Offset:    mean=+55083 ns std=31243 ns min=+0 ns max=+118525 ns n=434
------------------------------------------------------------------------
 CLK | One-way delay: mean=-273881 ns std=202989 ns min=-673261 ns max=+171396 ns n=433
      | Sigma: 203.0 us  Mean: -273.9 us (expected ~constant)
========================================================================
 PASS: Jitter sigma = 30.6 us
 PASS: Zero packet loss
 PASS: GM regression sigma = 7.0 ns
 PASS: RX crystal = 31.2 ppm
 PASS: Drift sigma = 32392 ns
 WARN: One-way delay sigma = 203.0 us (unstable — frequency tracking issue?)
 PASS: Sync state = LOCKED
========================================================================
[2J[H========================================================================
 LTSP Test Harness v0.4  |  485s elapsed
========================================================================
 GM  | GPS Lock: YES  PPS: 41041  Crystal: +31308 ns  Interp: -296 ns
      | Regression: a1=+0.021 ppb  sigma=7.0 ns
      | TX latency: mean=+251362 ns std=1045 ns min=+248244 ns max=+253620 ns n=48
------------------------------------------------------------------------
 RX  | Packets: 485  Seq gaps: 0  Errors: GM=0 RX=0  State: LOCKED
      | Drift: +31126.7 ns/s = +31.1 ppm  sigma=32224 ns
------------------------------------------------------------------------
 JIT | Detrended: mean=+331 ns std=30655 ns min=-57722 ns max=+60803 ns n=439
      | Offset:    mean=+55142 ns std=31261 ns min=+0 ns max=+118525 ns n=439
------------------------------------------------------------------------
 CLK | One-way delay: mean=-269990 ns std=205082 ns min=-673261 ns max=+171396 ns n=438
      | Sigma: 205.1 us  Mean: -270.0 us (expected ~constant)
========================================================================
 PASS: Jitter sigma = 30.7 us
 PASS: Zero packet loss
 PASS: GM regression sigma = 7.0 ns
 PASS: RX crystal = 31.1 ppm
 PASS: Drift sigma = 32224 ns
 WARN: One-way delay sigma = 205.1 us (unstable — frequency tracking issue?)
 PASS: Sync state = LOCKED
========================================================================
[2J[H========================================================================
 LTSP Test Harness v0.4  |  490s elapsed
========================================================================
 GM  | GPS Lock: YES  PPS: 41041  Crystal: +31308 ns  Interp: -296 ns
      | Regression: a1=+0.021 ppb  sigma=7.0 ns
      | TX latency: mean=+251306 ns std=1105 ns min=+248244 ns max=+253620 ns n=49
------------------------------------------------------------------------
 RX  | Packets: 490  Seq gaps: 0  Errors: GM=0 RX=0  State: LOCKED
      | Drift: +31343.5 ns/s = +31.3 ppm  sigma=31471 ns
------------------------------------------------------------------------
 JIT | Detrended: mean=+389 ns std=30604 ns min=-57722 ns max=+60803 ns n=444
      | Offset:    mean=+55230 ns std=31210 ns min=+0 ns max=+118525 ns n=444
------------------------------------------------------------------------
 CLK | One-way delay: mean=-266282 ns std=206905 ns min=-673261 ns max=+171396 ns n=443
      | Sigma: 206.9 us  Mean: -266.3 us (expected ~constant)
========================================================================
 PASS: Jitter sigma = 30.6 us
 PASS: Zero packet loss
 PASS: GM regression sigma = 7.0 ns
 PASS: RX crystal = 31.3 ppm
 PASS: Drift sigma = 31471 ns
 WARN: One-way delay sigma = 206.9 us (unstable — frequency tracking issue?)
 PASS: Sync state = LOCKED
========================================================================
[2J[H========================================================================
 LTSP Test Harness v0.4  |  495s elapsed
========================================================================
 GM  | GPS Lock: YES  PPS: 41041  Crystal: +31308 ns  Interp: -296 ns
      | Regression: a1=+0.021 ppb  sigma=7.0 ns
      | TX latency: mean=+251306 ns std=1105 ns min=+248244 ns max=+253620 ns n=49
------------------------------------------------------------------------
 RX  | Packets: 495  Seq gaps: 0  Errors: GM=0 RX=0  State: LOCKED
      | Drift: +31225.8 ns/s = +31.2 ppm  sigma=31613 ns
------------------------------------------------------------------------
 JIT | Detrended: mean=+345 ns std=30610 ns min=-57722 ns max=+60803 ns n=449
      | Offset:    mean=+55194 ns std=31188 ns min=+0 ns max=+118525 ns n=449
------------------------------------------------------------------------
 CLK | One-way delay: mean=-262202 ns std=209337 ns min=-673261 ns max=+171396 ns n=448
      | Sigma: 209.3 us  Mean: -262.2 us (expected ~constant)
========================================================================
 PASS: Jitter sigma = 30.6 us
 PASS: Zero packet loss
 PASS: GM regression sigma = 7.0 ns
 PASS: RX crystal = 31.2 ppm
 PASS: Drift sigma = 31613 ns
 WARN: One-way delay sigma = 209.3 us (unstable — frequency tracking issue?)
 PASS: Sync state = LOCKED
========================================================================
[2J[H========================================================================
 LTSP Test Harness v0.4  |  500s elapsed
========================================================================
 GM  | GPS Lock: YES  PPS: 41041  Crystal: +31308 ns  Interp: -296 ns
      | Regression: a1=+0.021 ppb  sigma=7.0 ns
      | TX latency: mean=+251264 ns std=1133 ns min=+248244 ns max=+253620 ns n=50
------------------------------------------------------------------------
 RX  | Packets: 500  Seq gaps: 0  Errors: GM=0 RX=0  State: LOCKED
      | Drift: +31147.6 ns/s = +31.1 ppm  sigma=31174 ns
------------------------------------------------------------------------
 JIT | Detrended: mean=+204 ns std=30642 ns min=-57722 ns max=+60803 ns n=454
      | Offset:    mean=+55048 ns std=31219 ns min=+0 ns max=+118525 ns n=454
------------------------------------------------------------------------
 CLK | One-way delay: mean=-258231 ns std=211578 ns min=-673261 ns max=+171396 ns n=453
      | Sigma: 211.6 us  Mean: -258.2 us (expected ~constant)
========================================================================
 PASS: Jitter sigma = 30.6 us
 PASS: Zero packet loss
 PASS: GM regression sigma = 7.0 ns
 PASS: RX crystal = 31.1 ppm
 PASS: Drift sigma = 31174 ns
 WARN: One-way delay sigma = 211.6 us (unstable — frequency tracking issue?)
 PASS: Sync state = LOCKED
========================================================================
[2J[H========================================================================
 LTSP Test Harness v0.4  |  505s elapsed
========================================================================
 GM  | GPS Lock: YES  PPS: 41071  Crystal: +31296 ns  Interp: -296 ns
      | Regression: a1=-0.022 ppb  sigma=7.8 ns
      | TX latency: mean=+251264 ns std=1133 ns min=+248244 ns max=+253620 ns n=50
------------------------------------------------------------------------
 RX  | Packets: 505  Seq gaps: 0  Errors: GM=0 RX=0  State: LOCKED
      | Drift: +30950.8 ns/s = +31.0 ppm  sigma=31110 ns
------------------------------------------------------------------------
 JIT | Detrended: mean=+70 ns std=30662 ns min=-57722 ns max=+60803 ns n=459
      | Offset:    mean=+54924 ns std=31229 ns min=+0 ns max=+118525 ns n=459
------------------------------------------------------------------------
 CLK | One-way delay: mean=-254559 ns std=213327 ns min=-673261 ns max=+171396 ns n=458
      | Sigma: 213.3 us  Mean: -254.6 us (expected ~constant)
========================================================================
 PASS: Jitter sigma = 30.7 us
 PASS: Zero packet loss
 PASS: GM regression sigma = 7.8 ns
 PASS: RX crystal = 31.0 ppm
 PASS: Drift sigma = 31110 ns
 WARN: One-way delay sigma = 213.3 us (unstable — frequency tracking issue?)
 PASS: Sync state = LOCKED
========================================================================
[2J[H========================================================================
 LTSP Test Harness v0.4  |  510s elapsed
========================================================================
 GM  | GPS Lock: YES  PPS: 41071  Crystal: +31296 ns  Interp: -296 ns
      | Regression: a1=-0.022 ppb  sigma=7.8 ns
      | TX latency: mean=+251259 ns std=1122 ns min=+248244 ns max=+253620 ns n=51
------------------------------------------------------------------------
 RX  | Packets: 510  Seq gaps: 0  Errors: GM=0 RX=0  State: LOCKED
      | Drift: +31313.6 ns/s = +31.3 ppm  sigma=32030 ns
------------------------------------------------------------------------
 JIT | Detrended: mean=+322 ns std=30705 ns min=-57722 ns max=+60803 ns n=464
      | Offset:    mean=+55186 ns std=31273 ns min=+0 ns max=+118525 ns n=464
------------------------------------------------------------------------
 CLK | One-way delay: mean=-250423 ns std=215873 ns min=-673261 ns max=+171396 ns n=463
      | Sigma: 215.9 us  Mean: -250.4 us (expected ~constant)
========================================================================
 PASS: Jitter sigma = 30.7 us
 PASS: Zero packet loss
 PASS: GM regression sigma = 7.8 ns
 PASS: RX crystal = 31.3 ppm
 PASS: Drift sigma = 32030 ns
 WARN: One-way delay sigma = 215.9 us (unstable — frequency tracking issue?)
 PASS: Sync state = LOCKED
========================================================================
[2J[H========================================================================
 LTSP Test Harness v0.4  |  515s elapsed
========================================================================
 GM  | GPS Lock: YES  PPS: 41071  Crystal: +31296 ns  Interp: -296 ns
      | Regression: a1=-0.022 ppb  sigma=7.8 ns
      | TX latency: mean=+251259 ns std=1122 ns min=+248244 ns max=+253620 ns n=51
------------------------------------------------------------------------
 RX  | Packets: 515  Seq gaps: 0  Errors: GM=0 RX=0  State: LOCKED
      | Drift: +31210.7 ns/s = +31.2 ppm  sigma=32290 ns
------------------------------------------------------------------------
 JIT | Detrended: mean=+250 ns std=30701 ns min=-57722 ns max=+60803 ns n=469
      | Offset:    mean=+55124 ns std=31261 ns min=+0 ns max=+118525 ns n=469
------------------------------------------------------------------------
 CLK | One-way delay: mean=-246543 ns std=217968 ns min=-673261 ns max=+171396 ns n=468
      | Sigma: 218.0 us  Mean: -246.5 us (expected ~constant)
========================================================================
 PASS: Jitter sigma = 30.7 us
 PASS: Zero packet loss
 PASS: GM regression sigma = 7.8 ns
 PASS: RX crystal = 31.2 ppm
 PASS: Drift sigma = 32290 ns
 WARN: One-way delay sigma = 218.0 us (unstable — frequency tracking issue?)
 PASS: Sync state = LOCKED
========================================================================
[2J[H========================================================================
 LTSP Test Harness v0.4  |  520s elapsed
========================================================================
 GM  | GPS Lock: YES  PPS: 41071  Crystal: +31296 ns  Interp: -296 ns
      | Regression: a1=-0.022 ppb  sigma=7.8 ns
      | TX latency: mean=+251244 ns std=1117 ns min=+248244 ns max=+253620 ns n=52
------------------------------------------------------------------------
 RX  | Packets: 520  Seq gaps: 0  Errors: GM=0 RX=0  State: LOCKED
      | Drift: +31286.8 ns/s = +31.3 ppm  sigma=32659 ns
------------------------------------------------------------------------
 JIT | Detrended: mean=+213 ns std=30725 ns min=-57722 ns max=+60803 ns n=474
      | Offset:    mean=+55096 ns std=31278 ns min=+0 ns max=+118525 ns n=474
------------------------------------------------------------------------
 CLK | One-way delay: mean=-242519 ns std=220315 ns min=-673261 ns max=+183019 ns n=473
      | Sigma: 220.3 us  Mean: -242.5 us (expected ~constant)
========================================================================
 PASS: Jitter sigma = 30.7 us
 PASS: Zero packet loss
 PASS: GM regression sigma = 7.8 ns
 PASS: RX crystal = 31.3 ppm
 PASS: Drift sigma = 32659 ns
 WARN: One-way delay sigma = 220.3 us (unstable — frequency tracking issue?)
 PASS: Sync state = LOCKED
========================================================================
[RX] # STATS: PDUs=537 CSV=536 Gaps=0 Dups=0 Skip=0 d_min=-55760 ns drift=31201.2 ns/s sigma=32144.0 ns state=LOCKED clk_err=+0 ns
[2J[H========================================================================
 LTSP Test Harness v0.4  |  525s elapsed
========================================================================
 GM  | GPS Lock: YES  PPS: 41071  Crystal: +31296 ns  Interp: -296 ns
      | Regression: a1=-0.022 ppb  sigma=7.8 ns
      | TX latency: mean=+251244 ns std=1117 ns min=+248244 ns max=+253620 ns n=52
------------------------------------------------------------------------
 RX  | Packets: 525  Seq gaps: 0  Errors: GM=0 RX=0  State: LOCKED
      | Drift: +31109.3 ns/s = +31.1 ppm  sigma=32443 ns
------------------------------------------------------------------------
 JIT | Detrended: mean=+136 ns std=30720 ns min=-57722 ns max=+60803 ns n=479
      | Offset:    mean=+55028 ns std=31265 ns min=+0 ns max=+118525 ns n=479
------------------------------------------------------------------------
 CLK | One-way delay: mean=-238543 ns std=222572 ns min=-673261 ns max=+189225 ns n=478
      | Sigma: 222.6 us  Mean: -238.5 us (expected ~constant)
========================================================================
 PASS: Jitter sigma = 30.7 us
 PASS: Zero packet loss
 PASS: GM regression sigma = 7.8 ns
 PASS: RX crystal = 31.1 ppm
 PASS: Drift sigma = 32443 ns
 WARN: One-way delay sigma = 222.6 us (unstable — frequency tracking issue?)
 PASS: Sync state = LOCKED
========================================================================
[2J[H========================================================================
 LTSP Test Harness v0.4  |  530s elapsed
========================================================================
 GM  | GPS Lock: YES  PPS: 41071  Crystal: +31296 ns  Interp: -296 ns
      | Regression: a1=-0.022 ppb  sigma=7.8 ns
      | TX latency: mean=+251258 ns std=1111 ns min=+248244 ns max=+253620 ns n=53
------------------------------------------------------------------------
 RX  | Packets: 530  Seq gaps: 0  Errors: GM=0 RX=0  State: LOCKED
      | Drift: +30935.7 ns/s = +30.9 ppm  sigma=32274 ns
------------------------------------------------------------------------
 JIT | Detrended: mean=+98 ns std=30720 ns min=-57722 ns max=+60803 ns n=484
      | Offset:    mean=+54999 ns std=31259 ns min=+0 ns max=+118525 ns n=484
------------------------------------------------------------------------
 CLK | One-way delay: mean=-234557 ns std=224848 ns min=-673261 ns max=+200889 ns n=483
      | Sigma: 224.8 us  Mean: -234.6 us (expected ~constant)
========================================================================
 PASS: Jitter sigma = 30.7 us
 PASS: Zero packet loss
 PASS: GM regression sigma = 7.8 ns
 PASS: RX crystal = 30.9 ppm
 PASS: Drift sigma = 32274 ns
 WARN: One-way delay sigma = 224.8 us (unstable — frequency tracking issue?)
 PASS: Sync state = LOCKED
========================================================================
[2J[H========================================================================
 LTSP Test Harness v0.4  |  535s elapsed
========================================================================
 GM  | GPS Lock: YES  PPS: 41101  Crystal: +31284 ns  Interp: +715 ns
      | Regression: a1=-0.078 ppb  sigma=8.7 ns
      | TX latency: mean=+251258 ns std=1111 ns min=+248244 ns max=+253620 ns n=53
------------------------------------------------------------------------
 RX  | Packets: 535  Seq gaps: 0  Errors: GM=0 RX=0  State: LOCKED
      | Drift: +31085.2 ns/s = +31.1 ppm  sigma=32691 ns
------------------------------------------------------------------------
 JIT | Detrended: mean=+207 ns std=30775 ns min=-57722 ns max=+60803 ns n=489
      | Offset:    mean=+55117 ns std=31310 ns min=+0 ns max=+118525 ns n=489
------------------------------------------------------------------------
 CLK | One-way delay: mean=-230412 ns std=227404 ns min=-673261 ns max=+213087 ns n=488
      | Sigma: 227.4 us  Mean: -230.4 us (expected ~constant)
========================================================================
 PASS: Jitter sigma = 30.8 us
 PASS: Zero packet loss
 PASS: GM regression sigma = 8.7 ns
 PASS: RX crystal = 31.1 ppm
 PASS: Drift sigma = 32691 ns
 WARN: One-way delay sigma = 227.4 us (unstable — frequency tracking issue?)
 PASS: Sync state = LOCKED
========================================================================
[2J[H========================================================================
 LTSP Test Harness v0.4  |  540s elapsed
========================================================================
 GM  | GPS Lock: YES  PPS: 41101  Crystal: +31284 ns  Interp: +715 ns
      | Regression: a1=-0.078 ppb  sigma=8.7 ns
      | TX latency: mean=+251254 ns std=1102 ns min=+248244 ns max=+253620 ns n=54
------------------------------------------------------------------------
 RX  | Packets: 540  Seq gaps: 0  Errors: GM=0 RX=0  State: LOCKED
      | Drift: +31088.7 ns/s = +31.1 ppm  sigma=32961 ns
------------------------------------------------------------------------
 JIT | Detrended: mean=+170 ns std=30731 ns min=-57722 ns max=+60803 ns n=494
      | Offset:    mean=+55088 ns std=31260 ns min=+0 ns max=+118525 ns n=494
------------------------------------------------------------------------
 CLK | One-way delay: mean=-226393 ns std=229725 ns min=-673261 ns max=+213087 ns n=493
      | Sigma: 229.7 us  Mean: -226.4 us (expected ~constant)
========================================================================
 PASS: Jitter sigma = 30.7 us
 PASS: Zero packet loss
 PASS: GM regression sigma = 8.7 ns
 PASS: RX crystal = 31.1 ppm
 PASS: Drift sigma = 32961 ns
 WARN: One-way delay sigma = 229.7 us (unstable — frequency tracking issue?)
 PASS: Sync state = LOCKED
========================================================================
[2J[H========================================================================
 LTSP Test Harness v0.4  |  545s elapsed
========================================================================
 GM  | GPS Lock: YES  PPS: 41101  Crystal: +31284 ns  Interp: +715 ns
      | Regression: a1=-0.078 ppb  sigma=8.7 ns
      | TX latency: mean=+251254 ns std=1102 ns min=+248244 ns max=+253620 ns n=54
------------------------------------------------------------------------
 RX  | Packets: 545  Seq gaps: 0  Errors: GM=0 RX=0  State: LOCKED
      | Drift: +31088.0 ns/s = +31.1 ppm  sigma=33148 ns
------------------------------------------------------------------------
 JIT | Detrended: mean=+177 ns std=30766 ns min=-57722 ns max=+60803 ns n=499
      | Offset:    mean=+55104 ns std=31290 ns min=+0 ns max=+118525 ns n=499
------------------------------------------------------------------------
 CLK | One-way delay: mean=-222568 ns std=231740 ns min=-673261 ns max=+218098 ns n=498
      | Sigma: 231.7 us  Mean: -222.6 us (expected ~constant)
========================================================================
 PASS: Jitter sigma = 30.8 us
 PASS: Zero packet loss
 PASS: GM regression sigma = 8.7 ns
 PASS: RX crystal = 31.1 ppm
 PASS: Drift sigma = 33148 ns
 WARN: One-way delay sigma = 231.7 us (unstable — frequency tracking issue?)
 PASS: Sync state = LOCKED
========================================================================
[2J[H========================================================================
 LTSP Test Harness v0.4  |  550s elapsed
========================================================================
 GM  | GPS Lock: YES  PPS: 41101  Crystal: +31284 ns  Interp: +715 ns
      | Regression: a1=-0.078 ppb  sigma=8.7 ns
      | TX latency: mean=+251282 ns std=1112 ns min=+248244 ns max=+253620 ns n=55
------------------------------------------------------------------------
 RX  | Packets: 550  Seq gaps: 0  Errors: GM=0 RX=0  State: LOCKED
      | Drift: +31049.2 ns/s = +31.0 ppm  sigma=34028 ns
------------------------------------------------------------------------
 JIT | Detrended: mean=+42 ns std=30836 ns min=-57722 ns max=+60803 ns n=504
      | Offset:    mean=+54977 ns std=31350 ns min=+0 ns max=+118525 ns n=504
------------------------------------------------------------------------
 CLK | One-way delay: mean=-218652 ns std=233901 ns min=-673261 ns max=+220639 ns n=503
      | Sigma: 233.9 us  Mean: -218.7 us (expected ~constant)
========================================================================
 PASS: Jitter sigma = 30.8 us
 PASS: Zero packet loss
 PASS: GM regression sigma = 8.7 ns
 PASS: RX crystal = 31.0 ppm
 PASS: Drift sigma = 34028 ns
 WARN: One-way delay sigma = 233.9 us (unstable — frequency tracking issue?)
 PASS: Sync state = LOCKED
========================================================================
[2J[H========================================================================
 LTSP Test Harness v0.4  |  555s elapsed
========================================================================
 GM  | GPS Lock: YES  PPS: 41101  Crystal: +31284 ns  Interp: +715 ns
      | Regression: a1=-0.078 ppb  sigma=8.7 ns
      | TX latency: mean=+251282 ns std=1112 ns min=+248244 ns max=+253620 ns n=55
------------------------------------------------------------------------
 RX  | Packets: 555  Seq gaps: 0  Errors: GM=0 RX=0  State: LOCKED
      | Drift: +31034.3 ns/s = +31.0 ppm  sigma=33928 ns
------------------------------------------------------------------------
 JIT | Detrended: mean=+36 ns std=30821 ns min=-57722 ns max=+60803 ns n=509
      | Offset:    mean=+54979 ns std=31330 ns min=+0 ns max=+118525 ns n=509
------------------------------------------------------------------------
 CLK | One-way delay: mean=-214579 ns std=236328 ns min=-673261 ns max=+230611 ns n=508
      | Sigma: 236.3 us  Mean: -214.6 us (expected ~constant)
========================================================================
 PASS: Jitter sigma = 30.8 us
 PASS: Zero packet loss
 PASS: GM regression sigma = 8.7 ns
 PASS: RX crystal = 31.0 ppm
 PASS: Drift sigma = 33928 ns
 WARN: One-way delay sigma = 236.3 us (unstable — frequency tracking issue?)
 PASS: Sync state = LOCKED
========================================================================
[2J[H========================================================================
 LTSP Test Harness v0.4  |  560s elapsed
========================================================================
 GM  | GPS Lock: YES  PPS: 41101  Crystal: +31284 ns  Interp: +715 ns
      | Regression: a1=-0.078 ppb  sigma=8.7 ns
      | TX latency: mean=+251314 ns std=1126 ns min=+248244 ns max=+253620 ns n=56
------------------------------------------------------------------------
 RX  | Packets: 560  Seq gaps: 0  Errors: GM=0 RX=0  State: LOCKED
      | Drift: +30989.5 ns/s = +31.0 ppm  sigma=33613 ns
------------------------------------------------------------------------
 JIT | Detrended: mean=+107 ns std=30810 ns min=-57722 ns max=+60803 ns n=514
      | Offset:    mean=+55059 ns std=31316 ns min=+0 ns max=+118525 ns n=514
------------------------------------------------------------------------
 CLK | One-way delay: mean=-210530 ns std=238711 ns min=-673261 ns max=+246099 ns n=513
      | Sigma: 238.7 us  Mean: -210.5 us (expected ~constant)
========================================================================
 PASS: Jitter sigma = 30.8 us
 PASS: Zero packet loss
 PASS: GM regression sigma = 8.7 ns
 PASS: RX crystal = 31.0 ppm
 PASS: Drift sigma = 33613 ns
 WARN: One-way delay sigma = 238.7 us (unstable — frequency tracking issue?)
 PASS: Sync state = LOCKED
========================================================================
[2J[H========================================================================
 LTSP Test Harness v0.4  |  565s elapsed
========================================================================
 GM  | GPS Lock: YES  PPS: 41131  Crystal: +31272 ns  Interp: -272 ns
      | Regression: a1=-0.047 ppb  sigma=9.7 ns
      | TX latency: mean=+251314 ns std=1126 ns min=+248244 ns max=+253620 ns n=56
------------------------------------------------------------------------
 RX  | Packets: 565  Seq gaps: 0  Errors: GM=0 RX=0  State: LOCKED
      | Drift: +30849.7 ns/s = +30.8 ppm  sigma=33436 ns
------------------------------------------------------------------------
 JIT | Detrended: mean=+94 ns std=30822 ns min=-57722 ns max=+60803 ns n=519
      | Offset:    mean=+55053 ns std=31323 ns min=+0 ns max=+118525 ns n=519
------------------------------------------------------------------------
 CLK | One-way delay: mean=-206540 ns std=240998 ns min=-673261 ns max=+253556 ns n=518
      | Sigma: 241.0 us  Mean: -206.5 us (expected ~constant)
========================================================================
 PASS: Jitter sigma = 30.8 us
 PASS: Zero packet loss
 PASS: GM regression sigma = 9.7 ns
 PASS: RX crystal = 30.8 ppm
 PASS: Drift sigma = 33436 ns
 WARN: One-way delay sigma = 241.0 us (unstable — frequency tracking issue?)
 PASS: Sync state = LOCKED
========================================================================
[2J[H========================================================================
 LTSP Test Harness v0.4  |  570s elapsed
========================================================================
 GM  | GPS Lock: YES  PPS: 41131  Crystal: +31272 ns  Interp: -272 ns
      | Regression: a1=-0.047 ppb  sigma=9.7 ns
      | TX latency: mean=+251309 ns std=1117 ns min=+248244 ns max=+253620 ns n=57
------------------------------------------------------------------------
 RX  | Packets: 570  Seq gaps: 0  Errors: GM=0 RX=0  State: LOCKED
      | Drift: +31066.3 ns/s = +31.1 ppm  sigma=32655 ns
------------------------------------------------------------------------
 JIT | Detrended: mean=+135 ns std=30766 ns min=-57722 ns max=+60803 ns n=524
      | Offset:    mean=+55102 ns std=31265 ns min=+0 ns max=+118525 ns n=524
------------------------------------------------------------------------
 CLK | One-way delay: mean=-202477 ns std=243398 ns min=-673261 ns max=+256701 ns n=523
      | Sigma: 243.4 us  Mean: -202.5 us (expected ~constant)
========================================================================
 PASS: Jitter sigma = 30.8 us
 PASS: Zero packet loss
 PASS: GM regression sigma = 9.7 ns
 PASS: RX crystal = 31.1 ppm
 PASS: Drift sigma = 32655 ns
 WARN: One-way delay sigma = 243.4 us (unstable — frequency tracking issue?)
 PASS: Sync state = LOCKED
========================================================================
[2J[H========================================================================
 LTSP Test Harness v0.4  |  575s elapsed
========================================================================
 GM  | GPS Lock: YES  PPS: 41131  Crystal: +31272 ns  Interp: -272 ns
      | Regression: a1=-0.047 ppb  sigma=9.7 ns
      | TX latency: mean=+251309 ns std=1117 ns min=+248244 ns max=+253620 ns n=57
------------------------------------------------------------------------
 RX  | Packets: 575  Seq gaps: 0  Errors: GM=0 RX=0  State: LOCKED
      | Drift: +31017.7 ns/s = +31.0 ppm  sigma=33111 ns
------------------------------------------------------------------------
 JIT | Detrended: mean=+115 ns std=30811 ns min=-57722 ns max=+60803 ns n=529
      | Offset:    mean=+55090 ns std=31304 ns min=+0 ns max=+118525 ns n=529
------------------------------------------------------------------------
 CLK | One-way delay: mean=-198473 ns std=245709 ns min=-673261 ns max=+260296 ns n=528
      | Sigma: 245.7 us  Mean: -198.5 us (expected ~constant)
========================================================================
 PASS: Jitter sigma = 30.8 us
 PASS: Zero packet loss
 PASS: GM regression sigma = 9.7 ns
 PASS: RX crystal = 31.0 ppm
 PASS: Drift sigma = 33111 ns
 WARN: One-way delay sigma = 245.7 us (unstable — frequency tracking issue?)
 PASS: Sync state = LOCKED
========================================================================
[2J[H========================================================================
 LTSP Test Harness v0.4  |  580s elapsed
========================================================================
 GM  | GPS Lock: YES  PPS: 41131  Crystal: +31272 ns  Interp: -272 ns
      | Regression: a1=-0.047 ppb  sigma=9.7 ns
      | TX latency: mean=+251321 ns std=1111 ns min=+248244 ns max=+253620 ns n=58
------------------------------------------------------------------------
 RX  | Packets: 580  Seq gaps: 0  Errors: GM=0 RX=0  State: LOCKED
      | Drift: +30993.8 ns/s = +31.0 ppm  sigma=32612 ns
------------------------------------------------------------------------
 JIT | Detrended: mean=+108 ns std=30772 ns min=-57722 ns max=+60803 ns n=534
      | Offset:    mean=+55089 ns std=31261 ns min=+0 ns max=+118525 ns n=534
------------------------------------------------------------------------
 CLK | One-way delay: mean=-194456 ns std=248032 ns min=-673261 ns max=+274565 ns n=533
      | Sigma: 248.0 us  Mean: -194.5 us (expected ~constant)
========================================================================
 PASS: Jitter sigma = 30.8 us
 PASS: Zero packet loss
 PASS: GM regression sigma = 9.7 ns
 PASS: RX crystal = 31.0 ppm
 PASS: Drift sigma = 32612 ns
 WARN: One-way delay sigma = 248.0 us (unstable — frequency tracking issue?)
 PASS: Sync state = LOCKED
========================================================================
[RX] # STATS: PDUs=597 CSV=596 Gaps=0 Dups=0 Skip=0 d_min=-55760 ns drift=31064.2 ns/s sigma=32803.1 ns state=LOCKED clk_err=+0 ns
[2J[H========================================================================
 LTSP Test Harness v0.4  |  585s elapsed
========================================================================
 GM  | GPS Lock: YES  PPS: 41131  Crystal: +31272 ns  Interp: -272 ns
      | Regression: a1=-0.047 ppb  sigma=9.7 ns
      | TX latency: mean=+251321 ns std=1111 ns min=+248244 ns max=+253620 ns n=58
------------------------------------------------------------------------
 RX  | Packets: 585  Seq gaps: 0  Errors: GM=0 RX=0  State: LOCKED
      | Drift: +31159.5 ns/s = +31.2 ppm  sigma=33735 ns
------------------------------------------------------------------------
 JIT | Detrended: mean=+310 ns std=30882 ns min=-57722 ns max=+60803 ns n=539
      | Offset:    mean=+55299 ns std=31370 ns min=+0 ns max=+118525 ns n=539
------------------------------------------------------------------------
 CLK | One-way delay: mean=-190371 ns std=250493 ns min=-673261 ns max=+293001 ns n=538
      | Sigma: 250.5 us  Mean: -190.4 us (expected ~constant)
========================================================================
 PASS: Jitter sigma = 30.9 us
 PASS: Zero packet loss
 PASS: GM regression sigma = 9.7 ns
 PASS: RX crystal = 31.2 ppm
 PASS: Drift sigma = 33735 ns
 WARN: One-way delay sigma = 250.5 us (unstable — frequency tracking issue?)
 PASS: Sync state = LOCKED
========================================================================
[2J[H========================================================================
 LTSP Test Harness v0.4  |  590s elapsed
========================================================================
 GM  | GPS Lock: YES  PPS: 41131  Crystal: +31272 ns  Interp: -272 ns
      | Regression: a1=-0.047 ppb  sigma=9.7 ns
      | TX latency: mean=+251329 ns std=1103 ns min=+248244 ns max=+253620 ns n=59
------------------------------------------------------------------------
 RX  | Packets: 590  Seq gaps: 0  Errors: GM=0 RX=0  State: LOCKED
      | Drift: +31223.7 ns/s = +31.2 ppm  sigma=33889 ns
------------------------------------------------------------------------
 JIT | Detrended: mean=+378 ns std=30899 ns min=-57722 ns max=+60803 ns n=544
      | Offset:    mean=+55374 ns std=31383 ns min=+0 ns max=+118525 ns n=544
------------------------------------------------------------------------
 CLK | One-way delay: mean=-186147 ns std=253179 ns min=-673261 ns max=+297705 ns n=543
      | Sigma: 253.2 us  Mean: -186.1 us (expected ~constant)
========================================================================
 PASS: Jitter sigma = 30.9 us
 PASS: Zero packet loss
 PASS: GM regression sigma = 9.7 ns
 PASS: RX crystal = 31.2 ppm
 PASS: Drift sigma = 33889 ns
 WARN: One-way delay sigma = 253.2 us (unstable — frequency tracking issue?)
 PASS: Sync state = LOCKED
========================================================================
[2J[H========================================================================
 LTSP Test Harness v0.4  |  595s elapsed
========================================================================
 GM  | GPS Lock: YES  PPS: 41161  Crystal: +31284 ns  Interp: -284 ns
      | Regression: a1=+0.023 ppb  sigma=7.7 ns
      | TX latency: mean=+251329 ns std=1103 ns min=+248244 ns max=+253620 ns n=59
------------------------------------------------------------------------
 RX  | Packets: 595  Seq gaps: 0  Errors: GM=0 RX=0  State: LOCKED
      | Drift: +31234.7 ns/s = +31.2 ppm  sigma=33231 ns
------------------------------------------------------------------------
 JIT | Detrended: mean=+243 ns std=30896 ns min=-57722 ns max=+60803 ns n=549
      | Offset:    mean=+55246 ns std=31373 ns min=+0 ns max=+118525 ns n=549
------------------------------------------------------------------------
 CLK | One-way delay: mean=-182302 ns std=255207 ns min=-673261 ns max=+297705 ns n=548
      | Sigma: 255.2 us  Mean: -182.3 us (expected ~constant)
========================================================================
 PASS: Jitter sigma = 30.9 us
 PASS: Zero packet loss
 PASS: GM regression sigma = 7.7 ns
 PASS: RX crystal = 31.2 ppm
 PASS: Drift sigma = 33231 ns
 WARN: One-way delay sigma = 255.2 us (unstable — frequency tracking issue?)
 PASS: Sync state = LOCKED
========================================================================
[2J[H========================================================================
 LTSP Test Harness v0.4  |  600s elapsed
========================================================================
 GM  | GPS Lock: YES  PPS: 41161  Crystal: +31284 ns  Interp: -284 ns
      | Regression: a1=+0.023 ppb  sigma=7.7 ns
      | TX latency: mean=+251334 ns std=1094 ns min=+248244 ns max=+253620 ns n=60
------------------------------------------------------------------------
 RX  | Packets: 600  Seq gaps: 0  Errors: GM=0 RX=0  State: LOCKED
      | Drift: +31164.8 ns/s = +31.2 ppm  sigma=33952 ns
------------------------------------------------------------------------
 JIT | Detrended: mean=+121 ns std=30934 ns min=-57722 ns max=+60803 ns n=554
      | Offset:    mean=+55131 ns std=31403 ns min=+0 ns max=+118525 ns n=554
------------------------------------------------------------------------
 CLK | One-way delay: mean=-178519 ns std=257141 ns min=-673261 ns max=+297705 ns n=553
      | Sigma: 257.1 us  Mean: -178.5 us (expected ~constant)
========================================================================
 PASS: Jitter sigma = 30.9 us
 PASS: Zero packet loss
 PASS: GM regression sigma = 7.7 ns
 PASS: RX crystal = 31.2 ppm
 PASS: Drift sigma = 33952 ns
 WARN: One-way delay sigma = 257.1 us (unstable — frequency tracking issue?)
 PASS: Sync state = LOCKED
========================================================================
[2J[H========================================================================
 LTSP Test Harness v0.4  |  605s elapsed
========================================================================
 GM  | GPS Lock: YES  PPS: 41161  Crystal: +31284 ns  Interp: -284 ns
      | Regression: a1=+0.023 ppb  sigma=7.7 ns
      | TX latency: mean=+251334 ns std=1094 ns min=+248244 ns max=+253620 ns n=60
------------------------------------------------------------------------
 RX  | Packets: 605  Seq gaps: 0  Errors: GM=0 RX=0  State: LOCKED
      | Drift: +31259.5 ns/s = +31.3 ppm  sigma=33677 ns
------------------------------------------------------------------------
 JIT | Detrended: mean=+175 ns std=30944 ns min=-57722 ns max=+60803 ns n=559
      | Offset:    mean=+55192 ns std=31410 ns min=+0 ns max=+118525 ns n=559
------------------------------------------------------------------------
 CLK | One-way delay: mean=-174562 ns std=259380 ns min=-673261 ns max=+317638 ns n=558
      | Sigma: 259.4 us  Mean: -174.6 us (expected ~constant)
========================================================================
 PASS: Jitter sigma = 30.9 us
 PASS: Zero packet loss
 PASS: GM regression sigma = 7.7 ns
 PASS: RX crystal = 31.3 ppm
 PASS: Drift sigma = 33677 ns
 WARN: One-way delay sigma = 259.4 us (unstable — frequency tracking issue?)
 PASS: Sync state = LOCKED
========================================================================
[2J[H========================================================================
 LTSP Test Harness v0.4  |  610s elapsed
========================================================================
 GM  | GPS Lock: YES  PPS: 41161  Crystal: +31284 ns  Interp: -284 ns
      | Regression: a1=+0.023 ppb  sigma=7.7 ns
      | TX latency: mean=+251300 ns std=1119 ns min=+248244 ns max=+253620 ns n=61
------------------------------------------------------------------------
 RX  | Packets: 610  Seq gaps: 0  Errors: GM=0 RX=0  State: LOCKED
      | Drift: +31243.4 ns/s = +31.2 ppm  sigma=33240 ns
------------------------------------------------------------------------
 JIT | Detrended: mean=+220 ns std=30944 ns min=-57722 ns max=+60803 ns n=564
      | Offset:    mean=+55244 ns std=31407 ns min=+0 ns max=+118525 ns n=564
------------------------------------------------------------------------
 CLK | One-way delay: mean=-170435 ns std=261903 ns min=-673261 ns max=+326274 ns n=563
      | Sigma: 261.9 us  Mean: -170.4 us (expected ~constant)
========================================================================
 PASS: Jitter sigma = 30.9 us
 PASS: Zero packet loss
 PASS: GM regression sigma = 7.7 ns
 PASS: RX crystal = 31.2 ppm
 PASS: Drift sigma = 33240 ns
 WARN: One-way delay sigma = 261.9 us (unstable — frequency tracking issue?)
 PASS: Sync state = LOCKED
========================================================================
[2J[H========================================================================
 LTSP Test Harness v0.4  |  615s elapsed
========================================================================
 GM  | GPS Lock: YES  PPS: 41161  Crystal: +31284 ns  Interp: -284 ns
      | Regression: a1=+0.023 ppb  sigma=7.7 ns
      | TX latency: mean=+251300 ns std=1119 ns min=+248244 ns max=+253620 ns n=61
------------------------------------------------------------------------
 RX  | Packets: 615  Seq gaps: 0  Errors: GM=0 RX=0  State: LOCKED
      | Drift: +31103.8 ns/s = +31.1 ppm  sigma=33260 ns
------------------------------------------------------------------------
 JIT | Detrended: mean=+110 ns std=30937 ns min=-57722 ns max=+60803 ns n=569
      | Offset:    mean=+55140 ns std=31394 ns min=+0 ns max=+118525 ns n=569
------------------------------------------------------------------------
 CLK | One-way delay: mean=-166500 ns std=264086 ns min=-673261 ns max=+326274 ns n=568
      | Sigma: 264.1 us  Mean: -166.5 us (expected ~constant)
========================================================================
 PASS: Jitter sigma = 30.9 us
 PASS: Zero packet loss
 PASS: GM regression sigma = 7.7 ns
 PASS: RX crystal = 31.1 ppm
 PASS: Drift sigma = 33260 ns
 WARN: One-way delay sigma = 264.1 us (unstable — frequency tracking issue?)
 PASS: Sync state = LOCKED
========================================================================
[2J[H========================================================================
 LTSP Test Harness v0.4  |  620s elapsed
========================================================================
 GM  | GPS Lock: YES  PPS: 41161  Crystal: +31284 ns  Interp: -284 ns
      | Regression: a1=+0.023 ppb  sigma=7.7 ns
      | TX latency: mean=+251298 ns std=1109 ns min=+248244 ns max=+253620 ns n=62
------------------------------------------------------------------------
 RX  | Packets: 620  Seq gaps: 0  Errors: GM=0 RX=0  State: LOCKED
      | Drift: +31099.1 ns/s = +31.1 ppm  sigma=34031 ns
------------------------------------------------------------------------
 JIT | Detrended: mean=+74 ns std=30996 ns min=-57722 ns max=+60803 ns n=574
      | Offset:    mean=+55104 ns std=31447 ns min=+0 ns max=+118525 ns n=574
------------------------------------------------------------------------
 CLK | One-way delay: mean=-162676 ns std=266106 ns min=-673261 ns max=+337592 ns n=573
      | Sigma: 266.1 us  Mean: -162.7 us (expected ~constant)
========================================================================
 PASS: Jitter sigma = 31.0 us
 PASS: Zero packet loss
 PASS: GM regression sigma = 7.7 ns
 PASS: RX crystal = 31.1 ppm
 PASS: Drift sigma = 34031 ns
 WARN: One-way delay sigma = 266.1 us (unstable — frequency tracking issue?)
 PASS: Sync state = LOCKED
========================================================================
[2J[H========================================================================
 LTSP Test Harness v0.4  |  625s elapsed
========================================================================
 GM  | GPS Lock: YES  PPS: 41191  Crystal: +31284 ns  Interp: +715 ns
      | Regression: a1=-0.024 ppb  sigma=8.6 ns
      | TX latency: mean=+251298 ns std=1109 ns min=+248244 ns max=+253620 ns n=62
------------------------------------------------------------------------
 RX  | Packets: 625  Seq gaps: 0  Errors: GM=0 RX=0  State: LOCKED
      | Drift: +31071.1 ns/s = +31.1 ppm  sigma=33143 ns
------------------------------------------------------------------------
 JIT | Detrended: mean=+80 ns std=30925 ns min=-57722 ns max=+60803 ns n=579
      | Offset:    mean=+55123 ns std=31373 ns min=+0 ns max=+118525 ns n=579
------------------------------------------------------------------------
 CLK | One-way delay: mean=-158818 ns std=268171 ns min=-673261 ns max=+337592 ns n=578
      | Sigma: 268.2 us  Mean: -158.8 us (expected ~constant)
========================================================================
 PASS: Jitter sigma = 30.9 us
 PASS: Zero packet loss
 PASS: GM regression sigma = 8.6 ns
 PASS: RX crystal = 31.1 ppm
 PASS: Drift sigma = 33143 ns
 WARN: One-way delay sigma = 268.2 us (unstable — frequency tracking issue?)
 PASS: Sync state = LOCKED
========================================================================
[2J[H========================================================================
 LTSP Test Harness v0.4  |  630s elapsed
========================================================================
 GM  | GPS Lock: YES  PPS: 41191  Crystal: +31284 ns  Interp: +715 ns
      | Regression: a1=-0.024 ppb  sigma=8.6 ns
      | TX latency: mean=+251249 ns std=1167 ns min=+248208 ns max=+253620 ns n=63
------------------------------------------------------------------------
 RX  | Packets: 630  Seq gaps: 0  Errors: GM=0 RX=0  State: LOCKED
      | Drift: +30995.8 ns/s = +31.0 ppm  sigma=33512 ns
------------------------------------------------------------------------
 JIT | Detrended: mean=+15 ns std=30912 ns min=-57722 ns max=+60803 ns n=584
      | Offset:    mean=+55071 ns std=31354 ns min=+0 ns max=+118525 ns n=584
------------------------------------------------------------------------
 CLK | One-way delay: mean=-155034 ns std=270115 ns min=-673261 ns max=+337592 ns n=583
      | Sigma: 270.1 us  Mean: -155.0 us (expected ~constant)
========================================================================
 PASS: Jitter sigma = 30.9 us
 PASS: Zero packet loss
 PASS: GM regression sigma = 8.6 ns
 PASS: RX crystal = 31.0 ppm
 PASS: Drift sigma = 33512 ns
 WARN: One-way delay sigma = 270.1 us (unstable — frequency tracking issue?)
 PASS: Sync state = LOCKED
========================================================================
[2J[H========================================================================
 LTSP Test Harness v0.4  |  635s elapsed
========================================================================
 GM  | GPS Lock: YES  PPS: 41191  Crystal: +31284 ns  Interp: +715 ns
      | Regression: a1=-0.024 ppb  sigma=8.6 ns
      | TX latency: mean=+251249 ns std=1167 ns min=+248208 ns max=+253620 ns n=63
------------------------------------------------------------------------
 RX  | Packets: 635  Seq gaps: 0  Errors: GM=0 RX=0  State: LOCKED
      | Drift: +30991.2 ns/s = +31.0 ppm  sigma=33007 ns
------------------------------------------------------------------------
 JIT | Detrended: mean=+107 ns std=30916 ns min=-57722 ns max=+60803 ns n=589
      | Offset:    mean=+55176 ns std=31359 ns min=+0 ns max=+118525 ns n=589
------------------------------------------------------------------------
 CLK | One-way delay: mean=-151133 ns std=272279 ns min=-673261 ns max=+367886 ns n=588
      | Sigma: 272.3 us  Mean: -151.1 us (expected ~constant)
========================================================================
 PASS: Jitter sigma = 30.9 us
 PASS: Zero packet loss
 PASS: GM regression sigma = 8.6 ns
 PASS: RX crystal = 31.0 ppm
 PASS: Drift sigma = 33007 ns
 WARN: One-way delay sigma = 272.3 us (unstable — frequency tracking issue?)
 PASS: Sync state = LOCKED
========================================================================
[2J[H========================================================================
 LTSP Test Harness v0.4  |  640s elapsed
========================================================================
 GM  | GPS Lock: YES  PPS: 41191  Crystal: +31284 ns  Interp: +715 ns
      | Regression: a1=-0.024 ppb  sigma=8.6 ns
      | TX latency: mean=+251240 ns std=1161 ns min=+248208 ns max=+253620 ns n=64
------------------------------------------------------------------------
 RX  | Packets: 640  Seq gaps: 0  Errors: GM=0 RX=0  State: LOCKED
      | Drift: +30812.8 ns/s = +30.8 ppm  sigma=32888 ns
------------------------------------------------------------------------
 JIT | Detrended: mean=+48 ns std=30893 ns min=-57722 ns max=+60803 ns n=594
      | Offset:    mean=+55130 ns std=31330 ns min=+0 ns max=+118525 ns n=594
------------------------------------------------------------------------
 CLK | One-way delay: mean=-147039 ns std=274755 ns min=-673261 ns max=+375081 ns n=593
      | Sigma: 274.8 us  Mean: -147.0 us (expected ~constant)
========================================================================
 PASS: Jitter sigma = 30.9 us
 PASS: Zero packet loss
 PASS: GM regression sigma = 8.6 ns
 PASS: RX crystal = 30.8 ppm
 PASS: Drift sigma = 32888 ns
 WARN: One-way delay sigma = 274.8 us (unstable — frequency tracking issue?)
 PASS: Sync state = LOCKED
========================================================================
[RX] # STATS: PDUs=657 CSV=656 Gaps=0 Dups=0 Skip=0 d_min=-56564 ns drift=30834.4 ns/s sigma=32446.6 ns state=LOCKED clk_err=+0 ns
[2J[H========================================================================
 LTSP Test Harness v0.4  |  645s elapsed
========================================================================
 GM  | GPS Lock: YES  PPS: 41191  Crystal: +31284 ns  Interp: +715 ns
      | Regression: a1=-0.024 ppb  sigma=8.6 ns
      | TX latency: mean=+251240 ns std=1161 ns min=+248208 ns max=+253620 ns n=64
------------------------------------------------------------------------
 RX  | Packets: 645  Seq gaps: 0  Errors: GM=0 RX=0  State: LOCKED
      | Drift: +31114.6 ns/s = +31.1 ppm  sigma=32534 ns
------------------------------------------------------------------------
 JIT | Detrended: mean=+220 ns std=30924 ns min=-57722 ns max=+60803 ns n=599
      | Offset:    mean=+55314 ns std=31365 ns min=+0 ns max=+118525 ns n=599
------------------------------------------------------------------------
 CLK | One-way delay: mean=-143046 ns std=277072 ns min=-673261 ns max=+391648 ns n=598
      | Sigma: 277.1 us  Mean: -143.0 us (expected ~constant)
========================================================================
 PASS: Jitter sigma = 30.9 us
 PASS: Zero packet loss
 PASS: GM regression sigma = 8.6 ns
 PASS: RX crystal = 31.1 ppm
 PASS: Drift sigma = 32534 ns
 WARN: One-way delay sigma = 277.1 us (unstable — frequency tracking issue?)
 PASS: Sync state = LOCKED
========================================================================
[2J[H========================================================================
 LTSP Test Harness v0.4  |  650s elapsed
========================================================================
 GM  | GPS Lock: YES  PPS: 41191  Crystal: +31284 ns  Interp: +715 ns
      | Regression: a1=-0.024 ppb  sigma=8.6 ns
      | TX latency: mean=+251199 ns std=1197 ns min=+248208 ns max=+253620 ns n=65
------------------------------------------------------------------------
 RX  | Packets: 650  Seq gaps: 0  Errors: GM=0 RX=0  State: LOCKED
      | Drift: +31270.5 ns/s = +31.3 ppm  sigma=32537 ns
------------------------------------------------------------------------
 JIT | Detrended: mean=+272 ns std=30945 ns min=-57722 ns max=+60803 ns n=604
      | Offset:    mean=+55378 ns std=31385 ns min=+0 ns max=+118525 ns n=604
------------------------------------------------------------------------
 CLK | One-way delay: mean=-138926 ns std=279600 ns min=-673261 ns max=+391956 ns n=603
      | Sigma: 279.6 us  Mean: -138.9 us (expected ~constant)
========================================================================
 PASS: Jitter sigma = 30.9 us
 PASS: Zero packet loss
 PASS: GM regression sigma = 8.6 ns
 PASS: RX crystal = 31.3 ppm
 PASS: Drift sigma = 32537 ns
 WARN: One-way delay sigma = 279.6 us (unstable — frequency tracking issue?)
 PASS: Sync state = LOCKED
========================================================================
[2J[H========================================================================
 LTSP Test Harness v0.4  |  655s elapsed
========================================================================
 GM  | GPS Lock: YES  PPS: 41221  Crystal: +31272 ns  Interp: -260 ns
      | Regression: a1=-0.149 ppb  sigma=11.8 ns
      | TX latency: mean=+251199 ns std=1197 ns min=+248208 ns max=+253620 ns n=65
------------------------------------------------------------------------
 RX  | Packets: 655  Seq gaps: 0  Errors: GM=0 RX=0  State: LOCKED
      | Drift: +31209.9 ns/s = +31.2 ppm  sigma=32532 ns
------------------------------------------------------------------------
 JIT | Detrended: mean=+277 ns std=30912 ns min=-57722 ns max=+60803 ns n=609
      | Offset:    mean=+55395 ns std=31349 ns min=+0 ns max=+118525 ns n=609
------------------------------------------------------------------------
 CLK | One-way delay: mean=-134824 ns std=282084 ns min=-673261 ns max=+403590 ns n=608
      | Sigma: 282.1 us  Mean: -134.8 us (expected ~constant)
========================================================================
 PASS: Jitter sigma = 30.9 us
 PASS: Zero packet loss
 PASS: GM regression sigma = 11.8 ns
 PASS: RX crystal = 31.2 ppm
 PASS: Drift sigma = 32532 ns
 WARN: One-way delay sigma = 282.1 us (unstable — frequency tracking issue?)
 PASS: Sync state = LOCKED
========================================================================
[2J[H========================================================================
 LTSP Test Harness v0.4  |  661s elapsed
========================================================================
 GM  | GPS Lock: YES  PPS: 41221  Crystal: +31272 ns  Interp: -260 ns
      | Regression: a1=-0.149 ppb  sigma=11.8 ns
      | TX latency: mean=+251175 ns std=1203 ns min=+248208 ns max=+253620 ns n=66
------------------------------------------------------------------------
 RX  | Packets: 660  Seq gaps: 0  Errors: GM=0 RX=0  State: LOCKED
      | Drift: +30982.9 ns/s = +31.0 ppm  sigma=32361 ns
------------------------------------------------------------------------
 JIT | Detrended: mean=+110 ns std=30926 ns min=-57722 ns max=+60803 ns n=614
      | Offset:    mean=+55240 ns std=31352 ns min=+0 ns max=+118525 ns n=614
------------------------------------------------------------------------
 CLK | One-way delay: mean=-130930 ns std=284208 ns min=-673261 ns max=+403590 ns n=613
      | Sigma: 284.2 us  Mean: -130.9 us (expected ~constant)
========================================================================
 PASS: Jitter sigma = 30.9 us
 PASS: Zero packet loss
 PASS: GM regression sigma = 11.8 ns
 PASS: RX crystal = 31.0 ppm
 PASS: Drift sigma = 32361 ns
 WARN: One-way delay sigma = 284.2 us (unstable — frequency tracking issue?)
 PASS: Sync state = LOCKED
========================================================================
[2J[H========================================================================
 LTSP Test Harness v0.4  |  666s elapsed
========================================================================
 GM  | GPS Lock: YES  PPS: 41221  Crystal: +31272 ns  Interp: -260 ns
      | Regression: a1=-0.149 ppb  sigma=11.8 ns
      | TX latency: mean=+251175 ns std=1203 ns min=+248208 ns max=+253620 ns n=66
------------------------------------------------------------------------
 RX  | Packets: 665  Seq gaps: 0  Errors: GM=0 RX=0  State: LOCKED
      | Drift: +31177.4 ns/s = +31.2 ppm  sigma=32078 ns
------------------------------------------------------------------------
 JIT | Detrended: mean=+218 ns std=30908 ns min=-57722 ns max=+60803 ns n=619
      | Offset:    mean=+55359 ns std=31336 ns min=+0 ns max=+118525 ns n=619
------------------------------------------------------------------------
 CLK | One-way delay: mean=-126949 ns std=286494 ns min=-673261 ns max=+407466 ns n=618
      | Sigma: 286.5 us  Mean: -126.9 us (expected ~constant)
========================================================================
 PASS: Jitter sigma = 30.9 us
 PASS: Zero packet loss
 PASS: GM regression sigma = 11.8 ns
 PASS: RX crystal = 31.2 ppm
 PASS: Drift sigma = 32078 ns
 WARN: One-way delay sigma = 286.5 us (unstable — frequency tracking issue?)
 PASS: Sync state = LOCKED
========================================================================
[2J[H========================================================================
 LTSP Test Harness v0.4  |  671s elapsed
========================================================================
 GM  | GPS Lock: YES  PPS: 41221  Crystal: +31272 ns  Interp: -260 ns
      | Regression: a1=-0.149 ppb  sigma=11.8 ns
      | TX latency: mean=+251182 ns std=1195 ns min=+248208 ns max=+253620 ns n=67
------------------------------------------------------------------------
 RX  | Packets: 670  Seq gaps: 0  Errors: GM=0 RX=0  State: LOCKED
      | Drift: +31212.3 ns/s = +31.2 ppm  sigma=31634 ns
------------------------------------------------------------------------
 JIT | Detrended: mean=+162 ns std=30889 ns min=-57722 ns max=+60803 ns n=624
      | Offset:    mean=+55315 ns std=31312 ns min=+0 ns max=+118525 ns n=624
------------------------------------------------------------------------
 CLK | One-way delay: mean=-122942 ns std=288814 ns min=-673261 ns max=+413520 ns n=623
      | Sigma: 288.8 us  Mean: -122.9 us (expected ~constant)
========================================================================
 PASS: Jitter sigma = 30.9 us
 PASS: Zero packet loss
 PASS: GM regression sigma = 11.8 ns
 PASS: RX crystal = 31.2 ppm
 PASS: Drift sigma = 31634 ns
 WARN: One-way delay sigma = 288.8 us (unstable — frequency tracking issue?)
 PASS: Sync state = LOCKED
========================================================================
[2J[H========================================================================
 LTSP Test Harness v0.4  |  676s elapsed
========================================================================
 GM  | GPS Lock: YES  PPS: 41221  Crystal: +31272 ns  Interp: -260 ns
      | Regression: a1=-0.149 ppb  sigma=11.8 ns
      | TX latency: mean=+251182 ns std=1195 ns min=+248208 ns max=+253620 ns n=67
------------------------------------------------------------------------
 RX  | Packets: 675  Seq gaps: 0  Errors: GM=0 RX=0  State: LOCKED
      | Drift: +31113.6 ns/s = +31.1 ppm  sigma=31685 ns
------------------------------------------------------------------------
 JIT | Detrended: mean=+138 ns std=30876 ns min=-57722 ns max=+60803 ns n=629
      | Offset:    mean=+55302 ns std=31295 ns min=+0 ns max=+118525 ns n=629
------------------------------------------------------------------------
 CLK | One-way delay: mean=-119022 ns std=290992 ns min=-673261 ns max=+423554 ns n=628
      | Sigma: 291.0 us  Mean: -119.0 us (expected ~constant)
========================================================================
 PASS: Jitter sigma = 30.9 us
 PASS: Zero packet loss
 PASS: GM regression sigma = 11.8 ns
 PASS: RX crystal = 31.1 ppm
 PASS: Drift sigma = 31685 ns
 WARN: One-way delay sigma = 291.0 us (unstable — frequency tracking issue?)
 PASS: Sync state = LOCKED
========================================================================
[2J[H========================================================================
 LTSP Test Harness v0.4  |  681s elapsed
========================================================================
 GM  | GPS Lock: YES  PPS: 41221  Crystal: +31272 ns  Interp: -260 ns
      | Regression: a1=-0.149 ppb  sigma=11.8 ns
      | TX latency: mean=+251180 ns std=1186 ns min=+248208 ns max=+253620 ns n=68
------------------------------------------------------------------------
 RX  | Packets: 680  Seq gaps: 0  Errors: GM=0 RX=0  State: LOCKED
      | Drift: +31129.5 ns/s = +31.1 ppm  sigma=31588 ns
------------------------------------------------------------------------
 JIT | Detrended: mean=+156 ns std=30923 ns min=-57722 ns max=+60803 ns n=634
      | Offset:    mean=+55331 ns std=31339 ns min=+0 ns max=+118525 ns n=634
------------------------------------------------------------------------
 CLK | One-way delay: mean=-115013 ns std=293325 ns min=-673261 ns max=+432481 ns n=633
      | Sigma: 293.3 us  Mean: -115.0 us (expected ~constant)
========================================================================
 PASS: Jitter sigma = 30.9 us
 PASS: Zero packet loss
 PASS: GM regression sigma = 11.8 ns
 PASS: RX crystal = 31.1 ppm
 PASS: Drift sigma = 31588 ns
 WARN: One-way delay sigma = 293.3 us (unstable — frequency tracking issue?)
 PASS: Sync state = LOCKED
========================================================================
[2J[H========================================================================
 LTSP Test Harness v0.4  |  686s elapsed
========================================================================
 GM  | GPS Lock: YES  PPS: 41251  Crystal: +31260 ns  Interp: -272 ns
      | Regression: a1=-0.014 ppb  sigma=8.9 ns
      | TX latency: mean=+251180 ns std=1186 ns min=+248208 ns max=+253620 ns n=68
------------------------------------------------------------------------
 RX  | Packets: 685  Seq gaps: 0  Errors: GM=0 RX=0  State: LOCKED
      | Drift: +31105.6 ns/s = +31.1 ppm  sigma=32886 ns
------------------------------------------------------------------------
 JIT | Detrended: mean=+126 ns std=30976 ns min=-57722 ns max=+60803 ns n=639
      | Offset:    mean=+55312 ns std=31387 ns min=+0 ns max=+118525 ns n=639
------------------------------------------------------------------------
 CLK | One-way delay: mean=-110949 ns std=295752 ns min=-673261 ns max=+439893 ns n=638
      | Sigma: 295.8 us  Mean: -110.9 us (expected ~constant)
========================================================================
 PASS: Jitter sigma = 31.0 us
 PASS: Zero packet loss
 PASS: GM regression sigma = 8.9 ns
 PASS: RX crystal = 31.1 ppm
 PASS: Drift sigma = 32886 ns
 WARN: One-way delay sigma = 295.8 us (unstable — frequency tracking issue?)
 PASS: Sync state = LOCKED
========================================================================
[2J[H========================================================================
 LTSP Test Harness v0.4  |  691s elapsed
========================================================================
 GM  | GPS Lock: YES  PPS: 41251  Crystal: +31260 ns  Interp: -272 ns
      | Regression: a1=-0.014 ppb  sigma=8.9 ns
      | TX latency: mean=+251171 ns std=1179 ns min=+248208 ns max=+253620 ns n=69
------------------------------------------------------------------------
 RX  | Packets: 690  Seq gaps: 0  Errors: GM=0 RX=0  State: LOCKED
      | Drift: +31097.8 ns/s = +31.1 ppm  sigma=33055 ns
------------------------------------------------------------------------
 JIT | Detrended: mean=+161 ns std=30987 ns min=-57722 ns max=+60803 ns n=644
      | Offset:    mean=+55358 ns std=31396 ns min=+0 ns max=+118525 ns n=644
------------------------------------------------------------------------
 CLK | One-way delay: mean=-107064 ns std=297875 ns min=-673261 ns max=+453231 ns n=643
      | Sigma: 297.9 us  Mean: -107.1 us (expected ~constant)
========================================================================
 PASS: Jitter sigma = 31.0 us
 PASS: Zero packet loss
 PASS: GM regression sigma = 8.9 ns
 PASS: RX crystal = 31.1 ppm
 PASS: Drift sigma = 33055 ns
 WARN: One-way delay sigma = 297.9 us (unstable — frequency tracking issue?)
 PASS: Sync state = LOCKED
========================================================================
[2J[H========================================================================
 LTSP Test Harness v0.4  |  696s elapsed
========================================================================
 GM  | GPS Lock: YES  PPS: 41251  Crystal: +31260 ns  Interp: -272 ns
      | Regression: a1=-0.014 ppb  sigma=8.9 ns
      | TX latency: mean=+251171 ns std=1179 ns min=+248208 ns max=+253620 ns n=69
------------------------------------------------------------------------
 RX  | Packets: 695  Seq gaps: 0  Errors: GM=0 RX=0  State: LOCKED
      | Drift: +31111.9 ns/s = +31.1 ppm  sigma=33334 ns
------------------------------------------------------------------------
 JIT | Detrended: mean=+119 ns std=31002 ns min=-57722 ns max=+60803 ns n=649
      | Offset:    mean=+55327 ns std=31406 ns min=+0 ns max=+118525 ns n=649
------------------------------------------------------------------------
 CLK | One-way delay: mean=-103081 ns std=300159 ns min=-673261 ns max=+465708 ns n=648
      | Sigma: 300.2 us  Mean: -103.1 us (expected ~constant)
========================================================================
 PASS: Jitter sigma = 31.0 us
 PASS: Zero packet loss
 PASS: GM regression sigma = 8.9 ns
 PASS: RX crystal = 31.1 ppm
 PASS: Drift sigma = 33334 ns
 WARN: One-way delay sigma = 300.2 us (unstable — frequency tracking issue?)
 PASS: Sync state = LOCKED
========================================================================
[2J[H========================================================================
 LTSP Test Harness v0.4  |  701s elapsed
========================================================================
 GM  | GPS Lock: YES  PPS: 41251  Crystal: +31260 ns  Interp: -272 ns
      | Regression: a1=-0.014 ppb  sigma=8.9 ns
      | TX latency: mean=+251166 ns std=1171 ns min=+248208 ns max=+253620 ns n=70
------------------------------------------------------------------------
 RX  | Packets: 700  Seq gaps: 0  Errors: GM=0 RX=0  State: LOCKED
      | Drift: +30990.5 ns/s = +31.0 ppm  sigma=33114 ns
------------------------------------------------------------------------
 JIT | Detrended: mean=+151 ns std=30981 ns min=-57722 ns max=+60803 ns n=654
      | Offset:    mean=+55368 ns std=31384 ns min=+0 ns max=+118525 ns n=654
------------------------------------------------------------------------
 CLK | One-way delay: mean=-99048 ns std=302527 ns min=-673261 ns max=+465708 ns n=653
      | Sigma: 302.5 us  Mean: -99.0 us (expected ~constant)
========================================================================
 PASS: Jitter sigma = 31.0 us
 PASS: Zero packet loss
 PASS: GM regression sigma = 8.9 ns
 PASS: RX crystal = 31.0 ppm
 PASS: Drift sigma = 33114 ns
 WARN: One-way delay sigma = 302.5 us (unstable — frequency tracking issue?)
 PASS: Sync state = LOCKED
========================================================================
[RX] # STATS: PDUs=717 CSV=716 Gaps=0 Dups=0 Skip=0 d_min=-56564 ns drift=30909.6 ns/s sigma=33464.9 ns state=LOCKED clk_err=+0 ns
[2J[H========================================================================
 LTSP Test Harness v0.4  |  706s elapsed
========================================================================
 GM  | GPS Lock: YES  PPS: 41251  Crystal: +31260 ns  Interp: -272 ns
      | Regression: a1=-0.014 ppb  sigma=8.9 ns
      | TX latency: mean=+251166 ns std=1171 ns min=+248208 ns max=+253620 ns n=70
------------------------------------------------------------------------
 RX  | Packets: 705  Seq gaps: 0  Errors: GM=0 RX=0  State: LOCKED
      | Drift: +31064.5 ns/s = +31.1 ppm  sigma=32845 ns
------------------------------------------------------------------------
 JIT | Detrended: mean=+145 ns std=30957 ns min=-57722 ns max=+60803 ns n=659
      | Offset:    mean=+55373 ns std=31357 ns min=+0 ns max=+118525 ns n=659
------------------------------------------------------------------------
 CLK | One-way delay: mean=-95045 ns std=304842 ns min=-673261 ns max=+465708 ns n=658
      | Sigma: 304.8 us  Mean: -95.0 us (expected ~constant)
========================================================================
 PASS: Jitter sigma = 31.0 us
 PASS: Zero packet loss
 PASS: GM regression sigma = 8.9 ns
 PASS: RX crystal = 31.1 ppm
 PASS: Drift sigma = 32845 ns
 WARN: One-way delay sigma = 304.8 us (unstable — frequency tracking issue?)
 PASS: Sync state = LOCKED
========================================================================
[2J[H========================================================================
 LTSP Test Harness v0.4  |  711s elapsed
========================================================================
 GM  | GPS Lock: YES  PPS: 41251  Crystal: +31260 ns  Interp: -272 ns
      | Regression: a1=-0.014 ppb  sigma=8.9 ns
      | TX latency: mean=+251150 ns std=1171 ns min=+248208 ns max=+253620 ns n=71
------------------------------------------------------------------------
 RX  | Packets: 710  Seq gaps: 0  Errors: GM=0 RX=0  State: LOCKED
      | Drift: +31091.9 ns/s = +31.1 ppm  sigma=31961 ns
------------------------------------------------------------------------
 JIT | Detrended: mean=+116 ns std=30913 ns min=-57722 ns max=+60803 ns n=664
      | Offset:    mean=+55354 ns std=31310 ns min=+0 ns max=+118525 ns n=664
------------------------------------------------------------------------
 CLK | One-way delay: mean=-91216 ns std=306862 ns min=-673261 ns max=+465708 ns n=663
      | Sigma: 306.9 us  Mean: -91.2 us (expected ~constant)
========================================================================
 PASS: Jitter sigma = 30.9 us
 PASS: Zero packet loss
 PASS: GM regression sigma = 8.9 ns
 PASS: RX crystal = 31.1 ppm
 PASS: Drift sigma = 31961 ns
 WARN: One-way delay sigma = 306.9 us (unstable — frequency tracking issue?)
 PASS: Sync state = LOCKED
========================================================================
[2J[H========================================================================
 LTSP Test Harness v0.4  |  716s elapsed
========================================================================
 GM  | GPS Lock: YES  PPS: 41281  Crystal: +31272 ns  Interp: -272 ns
      | Regression: a1=-0.058 ppb  sigma=7.9 ns
      | TX latency: mean=+251150 ns std=1171 ns min=+248208 ns max=+253620 ns n=71
------------------------------------------------------------------------
 RX  | Packets: 715  Seq gaps: 0  Errors: GM=0 RX=0  State: LOCKED
      | Drift: +31149.9 ns/s = +31.1 ppm  sigma=32482 ns
------------------------------------------------------------------------
 JIT | Detrended: mean=+110 ns std=30938 ns min=-57722 ns max=+60803 ns n=669
      | Offset:    mean=+55358 ns std=31332 ns min=+0 ns max=+118525 ns n=669
------------------------------------------------------------------------
 CLK | One-way delay: mean=-87366 ns std=308934 ns min=-673261 ns max=+482527 ns n=668
      | Sigma: 308.9 us  Mean: -87.4 us (expected ~constant)
========================================================================
 PASS: Jitter sigma = 30.9 us
 PASS: Zero packet loss
 PASS: GM regression sigma = 7.9 ns
 PASS: RX crystal = 31.1 ppm
 PASS: Drift sigma = 32482 ns
 WARN: One-way delay sigma = 308.9 us (unstable — frequency tracking issue?)
 PASS: Sync state = LOCKED
========================================================================
[2J[H========================================================================
 LTSP Test Harness v0.4  |  721s elapsed
========================================================================
 GM  | GPS Lock: YES  PPS: 41281  Crystal: +31272 ns  Interp: -272 ns
      | Regression: a1=-0.058 ppb  sigma=7.9 ns
      | TX latency: mean=+251146 ns std=1163 ns min=+248208 ns max=+253620 ns n=72
------------------------------------------------------------------------
 RX  | Packets: 720  Seq gaps: 0  Errors: GM=0 RX=0  State: LOCKED
      | Drift: +30942.7 ns/s = +30.9 ppm  sigma=32028 ns
------------------------------------------------------------------------
 JIT | Detrended: mean=+63 ns std=30907 ns min=-57722 ns max=+60803 ns n=674
      | Offset:    mean=+55321 ns std=31296 ns min=+0 ns max=+118525 ns n=674
------------------------------------------------------------------------
 CLK | One-way delay: mean=-83408 ns std=311178 ns min=-673261 ns max=+487912 ns n=673
      | Sigma: 311.2 us  Mean: -83.4 us (expected ~constant)
========================================================================
 PASS: Jitter sigma = 30.9 us
 PASS: Zero packet loss
 PASS: GM regression sigma = 7.9 ns
 PASS: RX crystal = 30.9 ppm
 PASS: Drift sigma = 32028 ns
 WARN: One-way delay sigma = 311.2 us (unstable — frequency tracking issue?)
 PASS: Sync state = LOCKED
========================================================================
[2J[H========================================================================
 LTSP Test Harness v0.4  |  726s elapsed
========================================================================
 GM  | GPS Lock: YES  PPS: 41281  Crystal: +31272 ns  Interp: -272 ns
      | Regression: a1=-0.058 ppb  sigma=7.9 ns
      | TX latency: mean=+251146 ns std=1163 ns min=+248208 ns max=+253620 ns n=72
------------------------------------------------------------------------
 RX  | Packets: 725  Seq gaps: 0  Errors: GM=0 RX=0  State: LOCKED
      | Drift: +31026.7 ns/s = +31.0 ppm  sigma=32371 ns
------------------------------------------------------------------------
 JIT | Detrended: mean=+41 ns std=30915 ns min=-57722 ns max=+60803 ns n=679
      | Offset:    mean=+55309 ns std=31301 ns min=+0 ns max=+118525 ns n=679
------------------------------------------------------------------------
 CLK | One-way delay: mean=-79570 ns std=313228 ns min=-673261 ns max=+490753 ns n=678
      | Sigma: 313.2 us  Mean: -79.6 us (expected ~constant)
========================================================================
 PASS: Jitter sigma = 30.9 us
 PASS: Zero packet loss
 PASS: GM regression sigma = 7.9 ns
 PASS: RX crystal = 31.0 ppm
 PASS: Drift sigma = 32371 ns
 WARN: One-way delay sigma = 313.2 us (unstable — frequency tracking issue?)
 PASS: Sync state = LOCKED
========================================================================
[2J[H========================================================================
 LTSP Test Harness v0.4  |  731s elapsed
========================================================================
 GM  | GPS Lock: YES  PPS: 41281  Crystal: +31272 ns  Interp: -272 ns
      | Regression: a1=-0.058 ppb  sigma=7.9 ns
      | TX latency: mean=+251136 ns std=1158 ns min=+248208 ns max=+253620 ns n=73
------------------------------------------------------------------------
 RX  | Packets: 730  Seq gaps: 0  Errors: GM=0 RX=0  State: LOCKED
      | Drift: +31082.3 ns/s = +31.1 ppm  sigma=33066 ns
------------------------------------------------------------------------
 JIT | Detrended: mean=+124 ns std=30948 ns min=-57722 ns max=+60803 ns n=684
      | Offset:    mean=+55400 ns std=31334 ns min=+0 ns max=+118525 ns n=684
------------------------------------------------------------------------
 CLK | One-way delay: mean=-75478 ns std=315715 ns min=-673261 ns max=+518038 ns n=683
      | Sigma: 315.7 us  Mean: -75.5 us (expected ~constant)
========================================================================
 PASS: Jitter sigma = 30.9 us
 PASS: Zero packet loss
 PASS: GM regression sigma = 7.9 ns
 PASS: RX crystal = 31.1 ppm
 PASS: Drift sigma = 33066 ns
 WARN: One-way delay sigma = 315.7 us (unstable — frequency tracking issue?)
 PASS: Sync state = LOCKED
========================================================================
[2J[H========================================================================
 LTSP Test Harness v0.4  |  736s elapsed
========================================================================
 GM  | GPS Lock: YES  PPS: 41281  Crystal: +31272 ns  Interp: -272 ns
      | Regression: a1=-0.058 ppb  sigma=7.9 ns
      | TX latency: mean=+251136 ns std=1158 ns min=+248208 ns max=+253620 ns n=73
------------------------------------------------------------------------
 RX  | Packets: 735  Seq gaps: 0  Errors: GM=0 RX=0  State: LOCKED
      | Drift: +31118.5 ns/s = +31.1 ppm  sigma=33434 ns
------------------------------------------------------------------------
 JIT | Detrended: mean=+158 ns std=30964 ns min=-57722 ns max=+60803 ns n=689
      | Offset:    mean=+55444 ns std=31349 ns min=+0 ns max=+118525 ns n=689
------------------------------------------------------------------------
 CLK | One-way delay: mean=-71429 ns std=318122 ns min=-673261 ns max=+530668 ns n=688
      | Sigma: 318.1 us  Mean: -71.4 us (expected ~constant)
========================================================================
 PASS: Jitter sigma = 31.0 us
 PASS: Zero packet loss
 PASS: GM regression sigma = 7.9 ns
 PASS: RX crystal = 31.1 ppm
 PASS: Drift sigma = 33434 ns
 WARN: One-way delay sigma = 318.1 us (unstable — frequency tracking issue?)
 PASS: Sync state = LOCKED
========================================================================
[2J[H========================================================================
 LTSP Test Harness v0.4  |  741s elapsed
========================================================================
 GM  | GPS Lock: YES  PPS: 41281  Crystal: +31272 ns  Interp: -272 ns
      | Regression: a1=-0.058 ppb  sigma=7.9 ns
      | TX latency: mean=+251135 ns std=1150 ns min=+248208 ns max=+253620 ns n=74
------------------------------------------------------------------------
 RX  | Packets: 740  Seq gaps: 0  Errors: GM=0 RX=0  State: LOCKED
      | Drift: +31225.4 ns/s = +31.2 ppm  sigma=32704 ns
------------------------------------------------------------------------
 JIT | Detrended: mean=+227 ns std=30945 ns min=-57722 ns max=+60803 ns n=694
      | Offset:    mean=+55518 ns std=31329 ns min=+0 ns max=+118525 ns n=694
------------------------------------------------------------------------
 CLK | One-way delay: mean=-67323 ns std=320626 ns min=-673261 ns max=+537000 ns n=693
      | Sigma: 320.6 us  Mean: -67.3 us (expected ~constant)
========================================================================
 PASS: Jitter sigma = 30.9 us
 PASS: Zero packet loss
 PASS: GM regression sigma = 7.9 ns
 PASS: RX crystal = 31.2 ppm
 PASS: Drift sigma = 32704 ns
 WARN: One-way delay sigma = 320.6 us (unstable — frequency tracking issue?)
 PASS: Sync state = LOCKED
========================================================================
[2J[H========================================================================
 LTSP Test Harness v0.4  |  746s elapsed
========================================================================
 GM  | GPS Lock: YES  PPS: 41311  Crystal: +31284 ns  Interp: -284 ns
      | Regression: a1=+0.096 ppb  sigma=8.7 ns
      | TX latency: mean=+251135 ns std=1150 ns min=+248208 ns max=+253620 ns n=74
------------------------------------------------------------------------
 RX  | Packets: 745  Seq gaps: 0  Errors: GM=0 RX=0  State: LOCKED
      | Drift: +31093.1 ns/s = +31.1 ppm  sigma=32226 ns
------------------------------------------------------------------------
 JIT | Detrended: mean=+145 ns std=30952 ns min=-57722 ns max=+60803 ns n=699
      | Offset:    mean=+55427 ns std=31336 ns min=+0 ns max=+118525 ns n=699
------------------------------------------------------------------------
 CLK | One-way delay: mean=-63368 ns std=322863 ns min=-673261 ns max=+537000 ns n=698
      | Sigma: 322.9 us  Mean: -63.4 us (expected ~constant)
========================================================================
 PASS: Jitter sigma = 31.0 us
 PASS: Zero packet loss
 PASS: GM regression sigma = 8.7 ns
 PASS: RX crystal = 31.1 ppm
 PASS: Drift sigma = 32226 ns
 WARN: One-way delay sigma = 322.9 us (unstable — frequency tracking issue?)
 PASS: Sync state = LOCKED
========================================================================
[2J[H========================================================================
 LTSP Test Harness v0.4  |  751s elapsed
========================================================================
 GM  | GPS Lock: YES  PPS: 41311  Crystal: +31284 ns  Interp: -284 ns
      | Regression: a1=+0.096 ppb  sigma=8.7 ns
      | TX latency: mean=+251154 ns std=1155 ns min=+248208 ns max=+253620 ns n=75
------------------------------------------------------------------------
 RX  | Packets: 750  Seq gaps: 0  Errors: GM=0 RX=0  State: LOCKED
      | Drift: +31323.5 ns/s = +31.3 ppm  sigma=31993 ns
------------------------------------------------------------------------
 JIT | Detrended: mean=+276 ns std=30945 ns min=-57722 ns max=+60803 ns n=704
      | Offset:    mean=+55550 ns std=31322 ns min=+0 ns max=+118525 ns n=704
------------------------------------------------------------------------
 CLK | One-way delay: mean=-59495 ns std=324976 ns min=-673261 ns max=+544522 ns n=703
      | Sigma: 325.0 us  Mean: -59.5 us (expected ~constant)
========================================================================
 PASS: Jitter sigma = 30.9 us
 PASS: Zero packet loss
 PASS: GM regression sigma = 8.7 ns
 PASS: RX crystal = 31.3 ppm
 PASS: Drift sigma = 31993 ns
 WARN: One-way delay sigma = 325.0 us (unstable — frequency tracking issue?)
 PASS: Sync state = LOCKED
========================================================================
[2J[H========================================================================
 LTSP Test Harness v0.4  |  756s elapsed
========================================================================
 GM  | GPS Lock: YES  PPS: 41311  Crystal: +31284 ns  Interp: -284 ns
      | Regression: a1=+0.096 ppb  sigma=8.7 ns
      | TX latency: mean=+251154 ns std=1155 ns min=+248208 ns max=+253620 ns n=75
------------------------------------------------------------------------
 RX  | Packets: 755  Seq gaps: 0  Errors: GM=0 RX=0  State: LOCKED
      | Drift: +31330.1 ns/s = +31.3 ppm  sigma=31985 ns
------------------------------------------------------------------------
 JIT | Detrended: mean=+267 ns std=30952 ns min=-57722 ns max=+60803 ns n=709
      | Offset:    mean=+55533 ns std=31327 ns min=+0 ns max=+118525 ns n=709
------------------------------------------------------------------------
 CLK | One-way delay: mean=-55435 ns std=327402 ns min=-673261 ns max=+555026 ns n=708
      | Sigma: 327.4 us  Mean: -55.4 us (expected ~constant)
========================================================================
 PASS: Jitter sigma = 31.0 us
 PASS: Zero packet loss
 PASS: GM regression sigma = 8.7 ns
 PASS: RX crystal = 31.3 ppm
 PASS: Drift sigma = 31985 ns
 WARN: One-way delay sigma = 327.4 us (unstable — frequency tracking issue?)
 PASS: Sync state = LOCKED
========================================================================
[2J[H========================================================================
 LTSP Test Harness v0.4  |  761s elapsed
========================================================================
 GM  | GPS Lock: YES  PPS: 41311  Crystal: +31284 ns  Interp: -284 ns
      | Regression: a1=+0.096 ppb  sigma=8.7 ns
      | TX latency: mean=+251195 ns std=1200 ns min=+248208 ns max=+254232 ns n=76
------------------------------------------------------------------------
 RX  | Packets: 760  Seq gaps: 0  Errors: GM=0 RX=0  State: LOCKED
      | Drift: +31323.7 ns/s = +31.3 ppm  sigma=31352 ns
------------------------------------------------------------------------
 JIT | Detrended: mean=+201 ns std=30894 ns min=-57722 ns max=+60803 ns n=714
      | Offset:    mean=+55458 ns std=31269 ns min=+0 ns max=+118525 ns n=714
------------------------------------------------------------------------
 CLK | One-way delay: mean=-51585 ns std=329465 ns min=-673261 ns max=+555026 ns n=713
      | Sigma: 329.5 us  Mean: -51.6 us (expected ~constant)
========================================================================
 PASS: Jitter sigma = 30.9 us
 PASS: Zero packet loss
 PASS: GM regression sigma = 8.7 ns
 PASS: RX crystal = 31.3 ppm
 PASS: Drift sigma = 31352 ns
 WARN: One-way delay sigma = 329.5 us (unstable — frequency tracking issue?)
 PASS: Sync state = LOCKED
========================================================================
[RX] # STATS: PDUs=777 CSV=776 Gaps=0 Dups=0 Skip=0 d_min=-54069 ns drift=31262.4 ns/s sigma=31031.2 ns state=LOCKED clk_err=+0 ns
[2J[H========================================================================
 LTSP Test Harness v0.4  |  766s elapsed
========================================================================
 GM  | GPS Lock: YES  PPS: 41311  Crystal: +31284 ns  Interp: -284 ns
      | Regression: a1=+0.096 ppb  sigma=8.7 ns
      | TX latency: mean=+251195 ns std=1200 ns min=+248208 ns max=+254232 ns n=76
------------------------------------------------------------------------
 RX  | Packets: 765  Seq gaps: 0  Errors: GM=0 RX=0  State: LOCKED
      | Drift: +31141.4 ns/s = +31.1 ppm  sigma=32292 ns
------------------------------------------------------------------------
 JIT | Detrended: mean=+54 ns std=30945 ns min=-59112 ns max=+60803 ns n=719
      | Offset:    mean=+55317 ns std=31302 ns min=+0 ns max=+118525 ns n=719
------------------------------------------------------------------------
 CLK | One-way delay: mean=-47683 ns std=331620 ns min=-673261 ns max=+560659 ns n=718
      | Sigma: 331.6 us  Mean: -47.7 us (expected ~constant)
========================================================================
 PASS: Jitter sigma = 30.9 us
 PASS: Zero packet loss
 PASS: GM regression sigma = 8.7 ns
 PASS: RX crystal = 31.1 ppm
 PASS: Drift sigma = 32292 ns
 WARN: One-way delay sigma = 331.6 us (unstable — frequency tracking issue?)
 PASS: Sync state = LOCKED
========================================================================
[2J[H========================================================================
 LTSP Test Harness v0.4  |  771s elapsed
========================================================================
 GM  | GPS Lock: YES  PPS: 41311  Crystal: +31284 ns  Interp: -284 ns
      | Regression: a1=+0.096 ppb  sigma=8.7 ns
      | TX latency: mean=+251211 ns std=1200 ns min=+248208 ns max=+254232 ns n=77
------------------------------------------------------------------------
 RX  | Packets: 770  Seq gaps: 0  Errors: GM=0 RX=0  State: LOCKED
      | Drift: +30845.1 ns/s = +30.8 ppm  sigma=33508 ns
------------------------------------------------------------------------
 JIT | Detrended: mean=-157 ns std=31001 ns min=-59112 ns max=+60803 ns n=724
      | Offset:    mean=+55132 ns std=31331 ns min=+0 ns max=+118525 ns n=724
------------------------------------------------------------------------
 CLK | One-way delay: mean=-43967 ns std=333469 ns min=-673261 ns max=+560659 ns n=723
      | Sigma: 333.5 us  Mean: -44.0 us (expected ~constant)
========================================================================
 PASS: Jitter sigma = 31.0 us
 PASS: Zero packet loss
 PASS: GM regression sigma = 8.7 ns
 PASS: RX crystal = 30.8 ppm
 PASS: Drift sigma = 33508 ns
 WARN: One-way delay sigma = 333.5 us (unstable — frequency tracking issue?)
 PASS: Sync state = LOCKED
========================================================================
[2J[H========================================================================
 LTSP Test Harness v0.4  |  776s elapsed
========================================================================
 GM  | GPS Lock: YES  PPS: 41341  Crystal: +31260 ns  Interp: -248 ns
      | Regression: a1=+0.004 ppb  sigma=9.8 ns
      | TX latency: mean=+251211 ns std=1200 ns min=+248208 ns max=+254232 ns n=77
------------------------------------------------------------------------
 RX  | Packets: 775  Seq gaps: 0  Errors: GM=0 RX=0  State: LOCKED
      | Drift: +30903.1 ns/s = +30.9 ppm  sigma=33511 ns
------------------------------------------------------------------------
 JIT | Detrended: mean=-92 ns std=31025 ns min=-59112 ns max=+60803 ns n=729
      | Offset:    mean=+55223 ns std=31362 ns min=+0 ns max=+118525 ns n=729
------------------------------------------------------------------------
 CLK | One-way delay: mean=-39954 ns std=335822 ns min=-673261 ns max=+586735 ns n=728
      | Sigma: 335.8 us  Mean: -40.0 us (expected ~constant)
========================================================================
 PASS: Jitter sigma = 31.0 us
 PASS: Zero packet loss
 PASS: GM regression sigma = 9.8 ns
 PASS: RX crystal = 30.9 ppm
 PASS: Drift sigma = 33511 ns
 WARN: One-way delay sigma = 335.8 us (unstable — frequency tracking issue?)
 PASS: Sync state = LOCKED
========================================================================
[2J[H========================================================================
 LTSP Test Harness v0.4  |  781s elapsed
========================================================================
 GM  | GPS Lock: YES  PPS: 41341  Crystal: +31260 ns  Interp: -248 ns
      | Regression: a1=+0.004 ppb  sigma=9.8 ns
      | TX latency: mean=+251211 ns std=1193 ns min=+248208 ns max=+254232 ns n=78
------------------------------------------------------------------------
 RX  | Packets: 780  Seq gaps: 0  Errors: GM=0 RX=0  State: LOCKED
      | Drift: +30827.8 ns/s = +30.8 ppm  sigma=33088 ns
------------------------------------------------------------------------
 JIT | Detrended: mean=-64 ns std=30976 ns min=-59112 ns max=+60803 ns n=734
      | Offset:    mean=+55278 ns std=31316 ns min=+0 ns max=+118525 ns n=734
------------------------------------------------------------------------
 CLK | One-way delay: mean=-36109 ns std=337888 ns min=-673261 ns max=+586735 ns n=733
      | Sigma: 337.9 us  Mean: -36.1 us (expected ~constant)
========================================================================
 PASS: Jitter sigma = 31.0 us
 PASS: Zero packet loss
 PASS: GM regression sigma = 9.8 ns
 PASS: RX crystal = 30.8 ppm
 PASS: Drift sigma = 33088 ns
 WARN: One-way delay sigma = 337.9 us (unstable — frequency tracking issue?)
 PASS: Sync state = LOCKED
========================================================================
[2J[H========================================================================
 LTSP Test Harness v0.4  |  786s elapsed
========================================================================
 GM  | GPS Lock: YES  PPS: 41341  Crystal: +31260 ns  Interp: -248 ns
      | Regression: a1=+0.004 ppb  sigma=9.8 ns
      | TX latency: mean=+251211 ns std=1193 ns min=+248208 ns max=+254232 ns n=78
------------------------------------------------------------------------
 RX  | Packets: 785  Seq gaps: 0  Errors: GM=0 RX=0  State: LOCKED
      | Drift: +30813.5 ns/s = +30.8 ppm  sigma=33012 ns
------------------------------------------------------------------------
 JIT | Detrended: mean=+26 ns std=30998 ns min=-59112 ns max=+60803 ns n=739
      | Offset:    mean=+55394 ns std=31348 ns min=+0 ns max=+118525 ns n=739
------------------------------------------------------------------------
 CLK | One-way delay: mean=-32209 ns std=340057 ns min=-673261 ns max=+603897 ns n=738
      | Sigma: 340.1 us  Mean: -32.2 us (expected ~constant)
========================================================================
 PASS: Jitter sigma = 31.0 us
 PASS: Zero packet loss
 PASS: GM regression sigma = 9.8 ns
 PASS: RX crystal = 30.8 ppm
 PASS: Drift sigma = 33012 ns
 WARN: One-way delay sigma = 340.1 us (unstable — frequency tracking issue?)
 PASS: Sync state = LOCKED
========================================================================
[2J[H========================================================================
 LTSP Test Harness v0.4  |  791s elapsed
========================================================================
 GM  | GPS Lock: YES  PPS: 41341  Crystal: +31260 ns  Interp: -248 ns
      | Regression: a1=+0.004 ppb  sigma=9.8 ns
      | TX latency: mean=+251211 ns std=1185 ns min=+248208 ns max=+254232 ns n=79
------------------------------------------------------------------------
 RX  | Packets: 790  Seq gaps: 0  Errors: GM=0 RX=0  State: LOCKED
      | Drift: +30901.1 ns/s = +30.9 ppm  sigma=32108 ns
------------------------------------------------------------------------
 JIT | Detrended: mean=+92 ns std=30954 ns min=-59112 ns max=+60803 ns n=744
      | Offset:    mean=+55484 ns std=31311 ns min=+0 ns max=+118525 ns n=744
------------------------------------------------------------------------
 CLK | One-way delay: mean=-28309 ns std=342220 ns min=-673261 ns max=+603897 ns n=743
      | Sigma: 342.2 us  Mean: -28.3 us (expected ~constant)
========================================================================
 PASS: Jitter sigma = 31.0 us
 PASS: Zero packet loss
 PASS: GM regression sigma = 9.8 ns
 PASS: RX crystal = 30.9 ppm
 PASS: Drift sigma = 32108 ns
 WARN: One-way delay sigma = 342.2 us (unstable — frequency tracking issue?)
 PASS: Sync state = LOCKED
========================================================================
[2J[H========================================================================
 LTSP Test Harness v0.4  |  796s elapsed
========================================================================
 GM  | GPS Lock: YES  PPS: 41341  Crystal: +31260 ns  Interp: -248 ns
      | Regression: a1=+0.004 ppb  sigma=9.8 ns
      | TX latency: mean=+251211 ns std=1185 ns min=+248208 ns max=+254232 ns n=79
------------------------------------------------------------------------
 RX  | Packets: 795  Seq gaps: 0  Errors: GM=0 RX=0  State: LOCKED
      | Drift: +30890.5 ns/s = +30.9 ppm  sigma=32195 ns
------------------------------------------------------------------------
 JIT | Detrended: mean=+102 ns std=30974 ns min=-59112 ns max=+60803 ns n=749
      | Offset:    mean=+55519 ns std=31331 ns min=+0 ns max=+118525 ns n=749
------------------------------------------------------------------------
 CLK | One-way delay: mean=-24456 ns std=344306 ns min=-673261 ns max=+603897 ns n=748
      | Sigma: 344.3 us  Mean: -24.5 us (expected ~constant)
========================================================================
 PASS: Jitter sigma = 31.0 us
 PASS: Zero packet loss
 PASS: GM regression sigma = 9.8 ns
 PASS: RX crystal = 30.9 ppm
 PASS: Drift sigma = 32195 ns
 WARN: One-way delay sigma = 344.3 us (unstable — frequency tracking issue?)
 PASS: Sync state = LOCKED
========================================================================
[2J[H========================================================================
 LTSP Test Harness v0.4  |  801s elapsed
========================================================================
 GM  | GPS Lock: YES  PPS: 41341  Crystal: +31260 ns  Interp: -248 ns
      | Regression: a1=+0.004 ppb  sigma=9.8 ns
      | TX latency: mean=+251179 ns std=1213 ns min=+248208 ns max=+254232 ns n=80
------------------------------------------------------------------------
 RX  | Packets: 800  Seq gaps: 0  Errors: GM=0 RX=0  State: LOCKED
      | Drift: +31106.1 ns/s = +31.1 ppm  sigma=32251 ns
------------------------------------------------------------------------
 JIT | Detrended: mean=+223 ns std=30964 ns min=-59112 ns max=+60803 ns n=754
      | Offset:    mean=+55665 ns std=31334 ns min=+0 ns max=+118525 ns n=754
------------------------------------------------------------------------
 CLK | One-way delay: mean=-20478 ns std=346610 ns min=-673261 ns max=+614547 ns n=753
      | Sigma: 346.6 us  Mean: -20.5 us (expected ~constant)
========================================================================
 PASS: Jitter sigma = 31.0 us
 PASS: Zero packet loss
 PASS: GM regression sigma = 9.8 ns
 PASS: RX crystal = 31.1 ppm
 PASS: Drift sigma = 32251 ns
 WARN: One-way delay sigma = 346.6 us (unstable — frequency tracking issue?)
 PASS: Sync state = LOCKED
========================================================================
[2J[H========================================================================
 LTSP Test Harness v0.4  |  806s elapsed
========================================================================
 GM  | GPS Lock: YES  PPS: 41371  Crystal: +31260 ns  Interp: -272 ns
      | Regression: a1=+0.046 ppb  sigma=7.7 ns
      | TX latency: mean=+251179 ns std=1213 ns min=+248208 ns max=+254232 ns n=80
------------------------------------------------------------------------
 RX  | Packets: 805  Seq gaps: 0  Errors: GM=0 RX=0  State: LOCKED
      | Drift: +30788.8 ns/s = +30.8 ppm  sigma=32154 ns
------------------------------------------------------------------------
 JIT | Detrended: mean=+58 ns std=30958 ns min=-59112 ns max=+60803 ns n=759
      | Offset:    mean=+55524 ns std=31308 ns min=+0 ns max=+118525 ns n=759
------------------------------------------------------------------------
 CLK | One-way delay: mean=-16489 ns std=348927 ns min=-673261 ns max=+621593 ns n=758
      | Sigma: 348.9 us  Mean: -16.5 us (expected ~constant)
========================================================================
 PASS: Jitter sigma = 31.0 us
 PASS: Zero packet loss
 PASS: GM regression sigma = 7.7 ns
 PASS: RX crystal = 30.8 ppm
 PASS: Drift sigma = 32154 ns
 WARN: One-way delay sigma = 348.9 us (unstable — frequency tracking issue?)
 PASS: Sync state = LOCKED
========================================================================
[2J[H========================================================================
 LTSP Test Harness v0.4  |  811s elapsed
========================================================================
 GM  | GPS Lock: YES  PPS: 41371  Crystal: +31260 ns  Interp: -272 ns
      | Regression: a1=+0.046 ppb  sigma=7.7 ns
      | TX latency: mean=+251167 ns std=1210 ns min=+248208 ns max=+254232 ns n=81
------------------------------------------------------------------------
 RX  | Packets: 810  Seq gaps: 0  Errors: GM=0 RX=0  State: LOCKED
      | Drift: +30920.7 ns/s = +30.9 ppm  sigma=31179 ns
------------------------------------------------------------------------
 JIT | Detrended: mean=+29 ns std=30889 ns min=-59112 ns max=+60803 ns n=764
      | Offset:    mean=+55519 ns std=31236 ns min=+0 ns max=+118525 ns n=764
------------------------------------------------------------------------
 CLK | One-way delay: mean=-12392 ns std=351428 ns min=-673261 ns max=+643314 ns n=763
      | Sigma: 351.4 us  Mean: -12.4 us (expected ~constant)
========================================================================
 PASS: Jitter sigma = 30.9 us
 PASS: Zero packet loss
 PASS: GM regression sigma = 7.7 ns
 PASS: RX crystal = 30.9 ppm
 PASS: Drift sigma = 31179 ns
 WARN: One-way delay sigma = 351.4 us (unstable — frequency tracking issue?)
 PASS: Sync state = LOCKED
========================================================================
[2J[H========================================================================
 LTSP Test Harness v0.4  |  816s elapsed
========================================================================
 GM  | GPS Lock: YES  PPS: 41371  Crystal: +31260 ns  Interp: -272 ns
      | Regression: a1=+0.046 ppb  sigma=7.7 ns
      | TX latency: mean=+251167 ns std=1210 ns min=+248208 ns max=+254232 ns n=81
------------------------------------------------------------------------
 RX  | Packets: 815  Seq gaps: 0  Errors: GM=0 RX=0  State: LOCKED
      | Drift: +31026.3 ns/s = +31.0 ppm  sigma=30716 ns
------------------------------------------------------------------------
 JIT | Detrended: mean=+42 ns std=30880 ns min=-59112 ns max=+60803 ns n=769
      | Offset:    mean=+55556 ns std=31227 ns min=+0 ns max=+118525 ns n=769
------------------------------------------------------------------------
 CLK | One-way delay: mean=-8401 ns std=353747 ns min=-673261 ns max=+643314 ns n=768
      | Sigma: 353.7 us  Mean: -8.4 us (expected ~constant)
========================================================================
 PASS: Jitter sigma = 30.9 us
 PASS: Zero packet loss
 PASS: GM regression sigma = 7.7 ns
 PASS: RX crystal = 31.0 ppm
 PASS: Drift sigma = 30716 ns
 WARN: One-way delay sigma = 353.7 us (unstable — frequency tracking issue?)
 PASS: Sync state = LOCKED
========================================================================
[2J[H========================================================================
 LTSP Test Harness v0.4  |  821s elapsed
========================================================================
 GM  | GPS Lock: YES  PPS: 41371  Crystal: +31260 ns  Interp: -272 ns
      | Regression: a1=+0.046 ppb  sigma=7.7 ns
      | TX latency: mean=+251144 ns std=1221 ns min=+248208 ns max=+254232 ns n=82
------------------------------------------------------------------------
 RX  | Packets: 820  Seq gaps: 0  Errors: GM=0 RX=0  State: LOCKED
      | Drift: +31242.1 ns/s = +31.2 ppm  sigma=31550 ns
------------------------------------------------------------------------
 JIT | Detrended: mean=+147 ns std=30882 ns min=-59112 ns max=+60803 ns n=774
      | Offset:    mean=+55683 ns std=31240 ns min=+0 ns max=+118525 ns n=774
------------------------------------------------------------------------
 CLK | One-way delay: mean=-4416 ns std=356056 ns min=-673261 ns max=+649091 ns n=773
      | Sigma: 356.1 us  Mean: -4.4 us (expected ~constant)
========================================================================
 PASS: Jitter sigma = 30.9 us
 PASS: Zero packet loss
 PASS: GM regression sigma = 7.7 ns
 PASS: RX crystal = 31.2 ppm
 PASS: Drift sigma = 31550 ns
 WARN: One-way delay sigma = 356.1 us (unstable — frequency tracking issue?)
 PASS: Sync state = LOCKED
========================================================================
[RX] # STATS: PDUs=837 CSV=836 Gaps=0 Dups=0 Skip=0 d_min=-59112 ns drift=31302.4 ns/s sigma=31396.3 ns state=LOCKED clk_err=+0 ns
[2J[H========================================================================
 LTSP Test Harness v0.4  |  826s elapsed
========================================================================
 GM  | GPS Lock: YES  PPS: 41371  Crystal: +31260 ns  Interp: -272 ns
      | Regression: a1=+0.046 ppb  sigma=7.7 ns
      | TX latency: mean=+251144 ns std=1221 ns min=+248208 ns max=+254232 ns n=82
------------------------------------------------------------------------
 RX  | Packets: 825  Seq gaps: 0  Errors: GM=0 RX=0  State: LOCKED
      | Drift: +31304.0 ns/s = +31.3 ppm  sigma=31349 ns
------------------------------------------------------------------------
 JIT | Detrended: mean=+195 ns std=30880 ns min=-59112 ns max=+60803 ns n=779
      | Offset:    mean=+55755 ns std=31243 ns min=+0 ns max=+118525 ns n=779
------------------------------------------------------------------------
 CLK | One-way delay: mean=-587 ns std=358104 ns min=-673261 ns max=+656346 ns n=778
      | Sigma: 358.1 us  Mean: -0.6 us (expected ~constant)
========================================================================
 PASS: Jitter sigma = 30.9 us
 PASS: Zero packet loss
 PASS: GM regression sigma = 7.7 ns
 PASS: RX crystal = 31.3 ppm
 PASS: Drift sigma = 31349 ns
 WARN: One-way delay sigma = 358.1 us (unstable — frequency tracking issue?)
 PASS: Sync state = LOCKED
========================================================================
[2J[H========================================================================
 LTSP Test Harness v0.4  |  831s elapsed
========================================================================
 GM  | GPS Lock: YES  PPS: 41371  Crystal: +31260 ns  Interp: -272 ns
      | Regression: a1=+0.046 ppb  sigma=7.7 ns
      | TX latency: mean=+251140 ns std=1214 ns min=+248208 ns max=+254232 ns n=83
------------------------------------------------------------------------
 RX  | Packets: 830  Seq gaps: 0  Errors: GM=0 RX=0  State: LOCKED
      | Drift: +31253.6 ns/s = +31.3 ppm  sigma=30777 ns
------------------------------------------------------------------------
 JIT | Detrended: mean=+305 ns std=30862 ns min=-59112 ns max=+60803 ns n=784
      | Offset:    mean=+55887 ns std=31237 ns min=+0 ns max=+118525 ns n=784
------------------------------------------------------------------------
 CLK | One-way delay: mean=+3444 ns std=360498 ns min=-673261 ns max=+664854 ns n=783
      | Sigma: 360.5 us  Mean: +3.4 us (expected ~constant)
========================================================================
 PASS: Jitter sigma = 30.9 us
 PASS: Zero packet loss
 PASS: GM regression sigma = 7.7 ns
 PASS: RX crystal = 31.3 ppm
 PASS: Drift sigma = 30777 ns
 WARN: One-way delay sigma = 360.5 us (unstable — frequency tracking issue?)
 PASS: Sync state = LOCKED
========================================================================
[2J[H========================================================================
 LTSP Test Harness v0.4  |  836s elapsed
========================================================================
 GM  | GPS Lock: YES  PPS: 41401  Crystal: +31236 ns  Interp: +739 ns
      | Regression: a1=-0.112 ppb  sigma=11.2 ns
      | TX latency: mean=+251140 ns std=1214 ns min=+248208 ns max=+254232 ns n=83
------------------------------------------------------------------------
 RX  | Packets: 835  Seq gaps: 0  Errors: GM=0 RX=0  State: LOCKED
      | Drift: +31180.4 ns/s = +31.2 ppm  sigma=30804 ns
------------------------------------------------------------------------
 JIT | Detrended: mean=+202 ns std=30883 ns min=-59112 ns max=+60803 ns n=789
      | Offset:    mean=+55807 ns std=31245 ns min=+0 ns max=+118525 ns n=789
------------------------------------------------------------------------
 CLK | One-way delay: mean=+7275 ns std=362546 ns min=-673261 ns max=+664854 ns n=788
      | Sigma: 362.5 us  Mean: +7.3 us (expected ~constant)
========================================================================
 PASS: Jitter sigma = 30.9 us
 PASS: Zero packet loss
 PASS: GM regression sigma = 11.2 ns
 PASS: RX crystal = 31.2 ppm
 PASS: Drift sigma = 30804 ns
 WARN: One-way delay sigma = 362.5 us (unstable — frequency tracking issue?)
 PASS: Sync state = LOCKED
========================================================================
[2J[H========================================================================
 LTSP Test Harness v0.4  |  841s elapsed
========================================================================
 GM  | GPS Lock: YES  PPS: 41401  Crystal: +31236 ns  Interp: +739 ns
      | Regression: a1=-0.112 ppb  sigma=11.2 ns
      | TX latency: mean=+251141 ns std=1207 ns min=+248208 ns max=+254232 ns n=84
------------------------------------------------------------------------
 RX  | Packets: 840  Seq gaps: 0  Errors: GM=0 RX=0  State: LOCKED
      | Drift: +31286.7 ns/s = +31.3 ppm  sigma=30632 ns
------------------------------------------------------------------------
 JIT | Detrended: mean=+260 ns std=30822 ns min=-59112 ns max=+60803 ns n=794
      | Offset:    mean=+55887 ns std=31191 ns min=+0 ns max=+118525 ns n=794
------------------------------------------------------------------------
 CLK | One-way delay: mean=+11256 ns std=364855 ns min=-673261 ns max=+667076 ns n=793
      | Sigma: 364.9 us  Mean: +11.3 us (expected ~constant)
========================================================================
 PASS: Jitter sigma = 30.8 us
 PASS: Zero packet loss
 PASS: GM regression sigma = 11.2 ns
 PASS: RX crystal = 31.3 ppm
 PASS: Drift sigma = 30632 ns
 WARN: One-way delay sigma = 364.9 us (unstable — frequency tracking issue?)
 PASS: Sync state = LOCKED
========================================================================
[2J[H========================================================================
 LTSP Test Harness v0.4  |  846s elapsed
========================================================================
 GM  | GPS Lock: YES  PPS: 41401  Crystal: +31236 ns  Interp: +739 ns
      | Regression: a1=-0.112 ppb  sigma=11.2 ns
      | TX latency: mean=+251141 ns std=1207 ns min=+248208 ns max=+254232 ns n=84
------------------------------------------------------------------------
 RX  | Packets: 845  Seq gaps: 0  Errors: GM=0 RX=0  State: LOCKED
      | Drift: +31292.7 ns/s = +31.3 ppm  sigma=29794 ns
------------------------------------------------------------------------
 JIT | Detrended: mean=+187 ns std=30788 ns min=-59112 ns max=+60803 ns n=799
      | Offset:    mean=+55836 ns std=31148 ns min=+0 ns max=+118525 ns n=799
------------------------------------------------------------------------
 CLK | One-way delay: mean=+15115 ns std=366952 ns min=-673261 ns max=+667213 ns n=798
      | Sigma: 367.0 us  Mean: +15.1 us (expected ~constant)
========================================================================
 PASS: Jitter sigma = 30.8 us
 PASS: Zero packet loss
 PASS: GM regression sigma = 11.2 ns
 PASS: RX crystal = 31.3 ppm
 PASS: Drift sigma = 29794 ns
 WARN: One-way delay sigma = 367.0 us (unstable — frequency tracking issue?)
 PASS: Sync state = LOCKED
========================================================================
[2J[H========================================================================
 LTSP Test Harness v0.4  |  851s elapsed
========================================================================
 GM  | GPS Lock: YES  PPS: 41401  Crystal: +31236 ns  Interp: +739 ns
      | Regression: a1=-0.112 ppb  sigma=11.2 ns
      | TX latency: mean=+251140 ns std=1199 ns min=+248208 ns max=+254232 ns n=85
------------------------------------------------------------------------
 RX  | Packets: 850  Seq gaps: 0  Errors: GM=0 RX=0  State: LOCKED
      | Drift: +31145.8 ns/s = +31.1 ppm  sigma=30988 ns
------------------------------------------------------------------------
 JIT | Detrended: mean=+28 ns std=30826 ns min=-59112 ns max=+60803 ns n=804
      | Offset:    mean=+55699 ns std=31167 ns min=+0 ns max=+118525 ns n=804
------------------------------------------------------------------------
 CLK | One-way delay: mean=+19001 ns std=369095 ns min=-673261 ns max=+680603 ns n=803
      | Sigma: 369.1 us  Mean: +19.0 us (expected ~constant)
========================================================================
 PASS: Jitter sigma = 30.8 us
 PASS: Zero packet loss
 PASS: GM regression sigma = 11.2 ns
 PASS: RX crystal = 31.1 ppm
 PASS: Drift sigma = 30988 ns
 WARN: One-way delay sigma = 369.1 us (unstable — frequency tracking issue?)
 PASS: Sync state = LOCKED
========================================================================
[2J[H========================================================================
 LTSP Test Harness v0.4  |  856s elapsed
========================================================================
 GM  | GPS Lock: YES  PPS: 41401  Crystal: +31236 ns  Interp: +739 ns
      | Regression: a1=-0.112 ppb  sigma=11.2 ns
      | TX latency: mean=+251140 ns std=1199 ns min=+248208 ns max=+254232 ns n=85
------------------------------------------------------------------------
 RX  | Packets: 855  Seq gaps: 0  Errors: GM=0 RX=0  State: LOCKED
      | Drift: +31114.2 ns/s = +31.1 ppm  sigma=30868 ns
------------------------------------------------------------------------
 JIT | Detrended: mean=+25 ns std=30835 ns min=-59112 ns max=+60803 ns n=809
      | Offset:    mean=+55717 ns std=31174 ns min=+0 ns max=+118525 ns n=809
------------------------------------------------------------------------
 CLK | One-way delay: mean=+22880 ns std=371239 ns min=-673261 ns max=+706645 ns n=808
      | Sigma: 371.2 us  Mean: +22.9 us (expected ~constant)
========================================================================
 PASS: Jitter sigma = 30.8 us
 PASS: Zero packet loss
 PASS: GM regression sigma = 11.2 ns
 PASS: RX crystal = 31.1 ppm
 PASS: Drift sigma = 30868 ns
 WARN: One-way delay sigma = 371.2 us (unstable — frequency tracking issue?)
 PASS: Sync state = LOCKED
========================================================================
[2J[H========================================================================
 LTSP Test Harness v0.4  |  861s elapsed
========================================================================
 GM  | GPS Lock: YES  PPS: 41401  Crystal: +31236 ns  Interp: +739 ns
      | Regression: a1=-0.112 ppb  sigma=11.2 ns
      | TX latency: mean=+251157 ns std=1203 ns min=+248208 ns max=+254232 ns n=86
------------------------------------------------------------------------
 RX  | Packets: 860  Seq gaps: 0  Errors: GM=0 RX=0  State: LOCKED
      | Drift: +31295.1 ns/s = +31.3 ppm  sigma=30455 ns
------------------------------------------------------------------------
 JIT | Detrended: mean=+40 ns std=30809 ns min=-59112 ns max=+60803 ns n=814
      | Offset:    mean=+55753 ns std=31149 ns min=+0 ns max=+118525 ns n=814
------------------------------------------------------------------------
 CLK | One-way delay: mean=+26920 ns std=373652 ns min=-673261 ns max=+721228 ns n=813
      | Sigma: 373.7 us  Mean: +26.9 us (expected ~constant)
========================================================================
 PASS: Jitter sigma = 30.8 us
 PASS: Zero packet loss
 PASS: GM regression sigma = 11.2 ns
 PASS: RX crystal = 31.3 ppm
 PASS: Drift sigma = 30455 ns
 WARN: One-way delay sigma = 373.7 us (unstable — frequency tracking issue?)
 PASS: Sync state = LOCKED
========================================================================
[2J[H========================================================================
 LTSP Test Harness v0.4  |  866s elapsed
========================================================================
 GM  | GPS Lock: YES  PPS: 41431  Crystal: +31260 ns  Interp: +739 ns
      | Regression: a1=+0.036 ppb  sigma=12.9 ns
      | TX latency: mean=+251157 ns std=1203 ns min=+248208 ns max=+254232 ns n=86
------------------------------------------------------------------------
 RX  | Packets: 865  Seq gaps: 0  Errors: GM=0 RX=0  State: LOCKED
      | Drift: +30931.5 ns/s = +30.9 ppm  sigma=31173 ns
------------------------------------------------------------------------
 JIT | Detrended: mean=-60 ns std=30862 ns min=-59112 ns max=+60803 ns n=819
      | Offset:    mean=+55673 ns std=31189 ns min=+0 ns max=+118525 ns n=819
------------------------------------------------------------------------
 CLK | One-way delay: mean=+30810 ns std=375809 ns min=-673261 ns max=+726540 ns n=818
      | Sigma: 375.8 us  Mean: +30.8 us (expected ~constant)
========================================================================
 PASS: Jitter sigma = 30.9 us
 PASS: Zero packet loss
 PASS: GM regression sigma = 12.9 ns
 PASS: RX crystal = 30.9 ppm
 PASS: Drift sigma = 31173 ns
 WARN: One-way delay sigma = 375.8 us (unstable — frequency tracking issue?)
 PASS: Sync state = LOCKED
========================================================================
[2J[H========================================================================
 LTSP Test Harness v0.4  |  871s elapsed
========================================================================
 GM  | GPS Lock: YES  PPS: 41431  Crystal: +31260 ns  Interp: +739 ns
      | Regression: a1=+0.036 ppb  sigma=12.9 ns
      | TX latency: mean=+251169 ns std=1201 ns min=+248208 ns max=+254232 ns n=87
------------------------------------------------------------------------
 RX  | Packets: 870  Seq gaps: 0  Errors: GM=0 RX=0  State: LOCKED
      | Drift: +30938.1 ns/s = +30.9 ppm  sigma=32090 ns
------------------------------------------------------------------------
 JIT | Detrended: mean=+63 ns std=30896 ns min=-59112 ns max=+60803 ns n=824
      | Offset:    mean=+55816 ns std=31235 ns min=+0 ns max=+118525 ns n=824
------------------------------------------------------------------------
 CLK | One-way delay: mean=+34924 ns std=378354 ns min=-673261 ns max=+735591 ns n=823
      | Sigma: 378.4 us  Mean: +34.9 us (expected ~constant)
========================================================================
 PASS: Jitter sigma = 30.9 us
 PASS: Zero packet loss
 PASS: GM regression sigma = 12.9 ns
 PASS: RX crystal = 30.9 ppm
 PASS: Drift sigma = 32090 ns
 WARN: One-way delay sigma = 378.4 us (unstable — frequency tracking issue?)
 PASS: Sync state = LOCKED
========================================================================
[2J[H========================================================================
 LTSP Test Harness v0.4  |  876s elapsed
========================================================================
 GM  | GPS Lock: YES  PPS: 41431  Crystal: +31260 ns  Interp: +739 ns
      | Regression: a1=+0.036 ppb  sigma=12.9 ns
      | TX latency: mean=+251169 ns std=1201 ns min=+248208 ns max=+254232 ns n=87
------------------------------------------------------------------------
 RX  | Packets: 875  Seq gaps: 0  Errors: GM=0 RX=0  State: LOCKED
      | Drift: +30759.9 ns/s = +30.8 ppm  sigma=31989 ns
------------------------------------------------------------------------
 JIT | Detrended: mean=+33 ns std=30900 ns min=-59112 ns max=+60803 ns n=829
      | Offset:    mean=+55807 ns std=31235 ns min=+0 ns max=+118525 ns n=829
------------------------------------------------------------------------
 CLK | One-way delay: mean=+38891 ns std=380639 ns min=-673261 ns max=+742179 ns n=828
      | Sigma: 380.6 us  Mean: +38.9 us (expected ~constant)
========================================================================
 PASS: Jitter sigma = 30.9 us
 PASS: Zero packet loss
 PASS: GM regression sigma = 12.9 ns
 PASS: RX crystal = 30.8 ppm
 PASS: Drift sigma = 31989 ns
 WARN: One-way delay sigma = 380.6 us (unstable — frequency tracking issue?)
 PASS: Sync state = LOCKED
========================================================================
[2J[H========================================================================
 LTSP Test Harness v0.4  |  881s elapsed
========================================================================
 GM  | GPS Lock: YES  PPS: 41431  Crystal: +31260 ns  Interp: +739 ns
      | Regression: a1=+0.036 ppb  sigma=12.9 ns
      | TX latency: mean=+251181 ns std=1199 ns min=+248208 ns max=+254232 ns n=88
------------------------------------------------------------------------
 RX  | Packets: 880  Seq gaps: 0  Errors: GM=0 RX=0  State: LOCKED
      | Drift: +30827.8 ns/s = +30.8 ppm  sigma=32213 ns
------------------------------------------------------------------------
 JIT | Detrended: mean=+63 ns std=30896 ns min=-59112 ns max=+60803 ns n=834
      | Offset:    mean=+55857 ns std=31234 ns min=+0 ns max=+118525 ns n=834
------------------------------------------------------------------------
 CLK | One-way delay: mean=+42909 ns std=383010 ns min=-673261 ns max=+742179 ns n=833
      | Sigma: 383.0 us  Mean: +42.9 us (expected ~constant)
========================================================================
 PASS: Jitter sigma = 30.9 us
 PASS: Zero packet loss
 PASS: GM regression sigma = 12.9 ns
 PASS: RX crystal = 30.8 ppm
 PASS: Drift sigma = 32213 ns
 WARN: One-way delay sigma = 383.0 us (unstable — frequency tracking issue?)
 PASS: Sync state = LOCKED
========================================================================
[RX] # STATS: PDUs=897 CSV=896 Gaps=0 Dups=0 Skip=0 d_min=-59112 ns drift=30727.8 ns/s sigma=32397.3 ns state=LOCKED clk_err=+0 ns
[2J[H========================================================================
 LTSP Test Harness v0.4  |  886s elapsed
========================================================================
 GM  | GPS Lock: YES  PPS: 41431  Crystal: +31260 ns  Interp: +739 ns
      | Regression: a1=+0.036 ppb  sigma=12.9 ns
      | TX latency: mean=+251181 ns std=1199 ns min=+248208 ns max=+254232 ns n=88
------------------------------------------------------------------------
 RX  | Packets: 885  Seq gaps: 0  Errors: GM=0 RX=0  State: LOCKED
      | Drift: +30864.8 ns/s = +30.9 ppm  sigma=32226 ns
------------------------------------------------------------------------
 JIT | Detrended: mean=+91 ns std=30891 ns min=-59112 ns max=+60803 ns n=839
      | Offset:    mean=+55904 ns std=31231 ns min=+0 ns max=+118525 ns n=839
------------------------------------------------------------------------
 CLK | One-way delay: mean=+46930 ns std=385388 ns min=-673261 ns max=+757203 ns n=838
      | Sigma: 385.4 us  Mean: +46.9 us (expected ~constant)
========================================================================
 PASS: Jitter sigma = 30.9 us
 PASS: Zero packet loss
 PASS: GM regression sigma = 12.9 ns
 PASS: RX crystal = 30.9 ppm
 PASS: Drift sigma = 32226 ns
 WARN: One-way delay sigma = 385.4 us (unstable — frequency tracking issue?)
 PASS: Sync state = LOCKED
========================================================================
[2J[H========================================================================
 LTSP Test Harness v0.4  |  891s elapsed
========================================================================
 GM  | GPS Lock: YES  PPS: 41431  Crystal: +31260 ns  Interp: +739 ns
      | Regression: a1=+0.036 ppb  sigma=12.9 ns
      | TX latency: mean=+251188 ns std=1194 ns min=+248208 ns max=+254232 ns n=89
------------------------------------------------------------------------
 RX  | Packets: 890  Seq gaps: 0  Errors: GM=0 RX=0  State: LOCKED
      | Drift: +30804.2 ns/s = +30.8 ppm  sigma=32458 ns
------------------------------------------------------------------------
 JIT | Detrended: mean=-63 ns std=30900 ns min=-59112 ns max=+60803 ns n=844
      | Offset:    mean=+55765 ns std=31224 ns min=+0 ns max=+118525 ns n=844
------------------------------------------------------------------------
 CLK | One-way delay: mean=+50889 ns std=387660 ns min=-673261 ns max=+757203 ns n=843
      | Sigma: 387.7 us  Mean: +50.9 us (expected ~constant)
========================================================================
 PASS: Jitter sigma = 30.9 us
 PASS: Zero packet loss
 PASS: GM regression sigma = 12.9 ns
 PASS: RX crystal = 30.8 ppm
 PASS: Drift sigma = 32458 ns
 WARN: One-way delay sigma = 387.7 us (unstable — frequency tracking issue?)
 PASS: Sync state = LOCKED
========================================================================
[2J[H========================================================================
 LTSP Test Harness v0.4  |  896s elapsed
========================================================================
 GM  | GPS Lock: YES  PPS: 41461  Crystal: +31284 ns  Interp: -284 ns
      | Regression: a1=-0.008 ppb  sigma=11.1 ns
      | TX latency: mean=+251188 ns std=1194 ns min=+248208 ns max=+254232 ns n=89
------------------------------------------------------------------------
 RX  | Packets: 895  Seq gaps: 0  Errors: GM=0 RX=0  State: LOCKED
      | Drift: +30685.5 ns/s = +30.7 ppm  sigma=32052 ns
------------------------------------------------------------------------
 JIT | Detrended: mean=-75 ns std=30885 ns min=-59112 ns max=+60803 ns n=849
      | Offset:    mean=+55770 ns std=31207 ns min=+0 ns max=+118525 ns n=849
------------------------------------------------------------------------
 CLK | One-way delay: mean=+54943 ns std=390093 ns min=-673261 ns max=+776404 ns n=848
      | Sigma: 390.1 us  Mean: +54.9 us (expected ~constant)
========================================================================
 PASS: Jitter sigma = 30.9 us
 PASS: Zero packet loss
 PASS: GM regression sigma = 11.1 ns
 PASS: RX crystal = 30.7 ppm
 PASS: Drift sigma = 32052 ns
 WARN: One-way delay sigma = 390.1 us (unstable — frequency tracking issue?)
 PASS: Sync state = LOCKED
========================================================================
[2J[H========================================================================
 LTSP Test Harness v0.4  |  901s elapsed
========================================================================
 GM  | GPS Lock: YES  PPS: 41461  Crystal: +31284 ns  Interp: -284 ns
      | Regression: a1=-0.008 ppb  sigma=11.1 ns
      | TX latency: mean=+251197 ns std=1191 ns min=+248208 ns max=+254232 ns n=90
------------------------------------------------------------------------
 RX  | Packets: 900  Seq gaps: 0  Errors: GM=0 RX=0  State: LOCKED
      | Drift: +30920.3 ns/s = +30.9 ppm  sigma=32736 ns
------------------------------------------------------------------------
 JIT | Detrended: mean=+6 ns std=30891 ns min=-59112 ns max=+60803 ns n=854
      | Offset:    mean=+55866 ns std=31218 ns min=+0 ns max=+118525 ns n=854
------------------------------------------------------------------------
 CLK | One-way delay: mean=+59001 ns std=392532 ns min=-673261 ns max=+789118 ns n=853
      | Sigma: 392.5 us  Mean: +59.0 us (expected ~constant)
========================================================================
 PASS: Jitter sigma = 30.9 us
 PASS: Zero packet loss
 PASS: GM regression sigma = 11.1 ns
 PASS: RX crystal = 30.9 ppm
 PASS: Drift sigma = 32736 ns
 WARN: One-way delay sigma = 392.5 us (unstable — frequency tracking issue?)
 PASS: Sync state = LOCKED
========================================================================
[2J[H========================================================================
 LTSP Test Harness v0.4  |  906s elapsed
========================================================================
 GM  | GPS Lock: YES  PPS: 41461  Crystal: +31284 ns  Interp: -284 ns
      | Regression: a1=-0.008 ppb  sigma=11.1 ns
      | TX latency: mean=+251197 ns std=1191 ns min=+248208 ns max=+254232 ns n=90
------------------------------------------------------------------------
 RX  | Packets: 905  Seq gaps: 0  Errors: GM=0 RX=0  State: LOCKED
      | Drift: +30992.5 ns/s = +31.0 ppm  sigma=33226 ns
------------------------------------------------------------------------
 JIT | Detrended: mean=+51 ns std=30879 ns min=-59112 ns max=+60803 ns n=859
      | Offset:    mean=+55927 ns std=31209 ns min=+0 ns max=+118525 ns n=859
------------------------------------------------------------------------
 CLK | One-way delay: mean=+62923 ns std=394736 ns min=-673261 ns max=+789118 ns n=858
      | Sigma: 394.7 us  Mean: +62.9 us (expected ~constant)
========================================================================
 PASS: Jitter sigma = 30.9 us
 PASS: Zero packet loss
 PASS: GM regression sigma = 11.1 ns
 PASS: RX crystal = 31.0 ppm
 PASS: Drift sigma = 33226 ns
 WARN: One-way delay sigma = 394.7 us (unstable — frequency tracking issue?)
 PASS: Sync state = LOCKED
========================================================================
[2J[H========================================================================
 LTSP Test Harness v0.4  |  911s elapsed
========================================================================
 GM  | GPS Lock: YES  PPS: 41461  Crystal: +31284 ns  Interp: -284 ns
      | Regression: a1=-0.008 ppb  sigma=11.1 ns
      | TX latency: mean=+251213 ns std=1193 ns min=+248208 ns max=+254232 ns n=91
------------------------------------------------------------------------
 RX  | Packets: 910  Seq gaps: 0  Errors: GM=0 RX=0  State: LOCKED
      | Drift: +30809.2 ns/s = +30.8 ppm  sigma=33242 ns
------------------------------------------------------------------------
 JIT | Detrended: mean=+29 ns std=30882 ns min=-59112 ns max=+60803 ns n=864
      | Offset:    mean=+55921 ns std=31209 ns min=+0 ns max=+118525 ns n=864
------------------------------------------------------------------------
 CLK | One-way delay: mean=+66789 ns std=396846 ns min=-673261 ns max=+789118 ns n=863
      | Sigma: 396.8 us  Mean: +66.8 us (expected ~constant)
========================================================================
 PASS: Jitter sigma = 30.9 us
 PASS: Zero packet loss
 PASS: GM regression sigma = 11.1 ns
 PASS: RX crystal = 30.8 ppm
 PASS: Drift sigma = 33242 ns
 WARN: One-way delay sigma = 396.8 us (unstable — frequency tracking issue?)
 PASS: Sync state = LOCKED
========================================================================
[2J[H========================================================================
 LTSP Test Harness v0.4  |  916s elapsed
========================================================================
 GM  | GPS Lock: YES  PPS: 41461  Crystal: +31284 ns  Interp: -284 ns
      | Regression: a1=-0.008 ppb  sigma=11.1 ns
      | TX latency: mean=+251213 ns std=1193 ns min=+248208 ns max=+254232 ns n=91
------------------------------------------------------------------------
 RX  | Packets: 915  Seq gaps: 0  Errors: GM=0 RX=0  State: LOCKED
      | Drift: +30965.9 ns/s = +31.0 ppm  sigma=33132 ns
------------------------------------------------------------------------
 JIT | Detrended: mean=+115 ns std=30882 ns min=-59112 ns max=+60803 ns n=869
      | Offset:    mean=+56022 ns std=31216 ns min=+0 ns max=+118525 ns n=869
------------------------------------------------------------------------
 CLK | One-way delay: mean=+70776 ns std=399162 ns min=-673261 ns max=+797853 ns n=868
      | Sigma: 399.2 us  Mean: +70.8 us (expected ~constant)
========================================================================
 PASS: Jitter sigma = 30.9 us
 PASS: Zero packet loss
 PASS: GM regression sigma = 11.1 ns
 PASS: RX crystal = 31.0 ppm
 PASS: Drift sigma = 33132 ns
 WARN: One-way delay sigma = 399.2 us (unstable — frequency tracking issue?)
 PASS: Sync state = LOCKED
========================================================================
[2J[H========================================================================
 LTSP Test Harness v0.4  |  921s elapsed
========================================================================
 GM  | GPS Lock: YES  PPS: 41461  Crystal: +31284 ns  Interp: -284 ns
      | Regression: a1=-0.008 ppb  sigma=11.1 ns
      | TX latency: mean=+251221 ns std=1190 ns min=+248208 ns max=+254232 ns n=92
------------------------------------------------------------------------
 RX  | Packets: 920  Seq gaps: 0  Errors: GM=0 RX=0  State: LOCKED
      | Drift: +31155.2 ns/s = +31.2 ppm  sigma=33473 ns
------------------------------------------------------------------------
 JIT | Detrended: mean=+188 ns std=30892 ns min=-59112 ns max=+60803 ns n=874
      | Offset:    mean=+56110 ns std=31230 ns min=+0 ns max=+118525 ns n=874
------------------------------------------------------------------------
 CLK | One-way delay: mean=+74756 ns std=401474 ns min=-673261 ns max=+814796 ns n=873
      | Sigma: 401.5 us  Mean: +74.8 us (expected ~constant)
========================================================================
 PASS: Jitter sigma = 30.9 us
 PASS: Zero packet loss
 PASS: GM regression sigma = 11.1 ns
 PASS: RX crystal = 31.2 ppm
 PASS: Drift sigma = 33473 ns
 WARN: One-way delay sigma = 401.5 us (unstable — frequency tracking issue?)
 PASS: Sync state = LOCKED
========================================================================
[2J[H========================================================================
 LTSP Test Harness v0.4  |  926s elapsed
========================================================================
 GM  | GPS Lock: YES  PPS: 41491  Crystal: +31272 ns  Interp: +715 ns
      | Regression: a1=+0.090 ppb  sigma=12.3 ns
      | TX latency: mean=+251221 ns std=1190 ns min=+248208 ns max=+254232 ns n=92
------------------------------------------------------------------------
 RX  | Packets: 925  Seq gaps: 0  Errors: GM=0 RX=0  State: LOCKED
      | Drift: +31044.1 ns/s = +31.0 ppm  sigma=32346 ns
------------------------------------------------------------------------
 JIT | Detrended: mean=+171 ns std=30846 ns min=-59112 ns max=+60803 ns n=879
      | Offset:    mean=+56107 ns std=31182 ns min=+0 ns max=+118525 ns n=879
------------------------------------------------------------------------
 CLK | One-way delay: mean=+78666 ns std=403659 ns min=-673261 ns max=+814796 ns n=878
      | Sigma: 403.7 us  Mean: +78.7 us (expected ~constant)
========================================================================
 PASS: Jitter sigma = 30.8 us
 PASS: Zero packet loss
 PASS: GM regression sigma = 12.3 ns
 PASS: RX crystal = 31.0 ppm
 PASS: Drift sigma = 32346 ns
 WARN: One-way delay sigma = 403.7 us (unstable — frequency tracking issue?)
 PASS: Sync state = LOCKED
========================================================================
[2J[H========================================================================
 LTSP Test Harness v0.4  |  931s elapsed
========================================================================
 GM  | GPS Lock: YES  PPS: 41491  Crystal: +31272 ns  Interp: +715 ns
      | Regression: a1=+0.090 ppb  sigma=12.3 ns
      | TX latency: mean=+251237 ns std=1192 ns min=+248208 ns max=+254232 ns n=93
------------------------------------------------------------------------
 RX  | Packets: 930  Seq gaps: 0  Errors: GM=0 RX=0  State: LOCKED
      | Drift: +31116.8 ns/s = +31.1 ppm  sigma=30746 ns
------------------------------------------------------------------------
 JIT | Detrended: mean=+83 ns std=30793 ns min=-59112 ns max=+60803 ns n=884
      | Offset:    mean=+56035 ns std=31121 ns min=+0 ns max=+118525 ns n=884
------------------------------------------------------------------------
 CLK | One-way delay: mean=+82564 ns std=405831 ns min=-673261 ns max=+835681 ns n=883
      | Sigma: 405.8 us  Mean: +82.6 us (expected ~constant)
========================================================================
 PASS: Jitter sigma = 30.8 us
 PASS: Zero packet loss
 PASS: GM regression sigma = 12.3 ns
 PASS: RX crystal = 31.1 ppm
 PASS: Drift sigma = 30746 ns
 WARN: One-way delay sigma = 405.8 us (unstable — frequency tracking issue?)
 PASS: Sync state = LOCKED
========================================================================
[2J[H========================================================================
 LTSP Test Harness v0.4  |  936s elapsed
========================================================================
 GM  | GPS Lock: YES  PPS: 41491  Crystal: +31272 ns  Interp: +715 ns
      | Regression: a1=+0.090 ppb  sigma=12.3 ns
      | TX latency: mean=+251237 ns std=1192 ns min=+248208 ns max=+254232 ns n=93
------------------------------------------------------------------------
 RX  | Packets: 935  Seq gaps: 0  Errors: GM=0 RX=0  State: LOCKED
      | Drift: +31231.3 ns/s = +31.2 ppm  sigma=30722 ns
------------------------------------------------------------------------
 JIT | Detrended: mean=+141 ns std=30797 ns min=-59112 ns max=+60803 ns n=889
      | Offset:    mean=+56107 ns std=31128 ns min=+0 ns max=+118525 ns n=889
------------------------------------------------------------------------
 CLK | One-way delay: mean=+86667 ns std=408353 ns min=-673261 ns max=+846181 ns n=888
      | Sigma: 408.4 us  Mean: +86.7 us (expected ~constant)
========================================================================
 PASS: Jitter sigma = 30.8 us
 PASS: Zero packet loss
 PASS: GM regression sigma = 12.3 ns
 PASS: RX crystal = 31.2 ppm
 PASS: Drift sigma = 30722 ns
 WARN: One-way delay sigma = 408.4 us (unstable — frequency tracking issue?)
 PASS: Sync state = LOCKED
========================================================================
[2J[H========================================================================
 LTSP Test Harness v0.4  |  941s elapsed
========================================================================
 GM  | GPS Lock: YES  PPS: 41491  Crystal: +31272 ns  Interp: +715 ns
      | Regression: a1=+0.090 ppb  sigma=12.3 ns
      | TX latency: mean=+251236 ns std=1186 ns min=+248208 ns max=+254232 ns n=94
------------------------------------------------------------------------
 RX  | Packets: 940  Seq gaps: 0  Errors: GM=0 RX=0  State: LOCKED
      | Drift: +31429.7 ns/s = +31.4 ppm  sigma=30523 ns
------------------------------------------------------------------------
 JIT | Detrended: mean=+205 ns std=30792 ns min=-59112 ns max=+60803 ns n=894
      | Offset:    mean=+56185 ns std=31128 ns min=+0 ns max=+118525 ns n=894
------------------------------------------------------------------------
 CLK | One-way delay: mean=+90563 ns std=410519 ns min=-673261 ns max=+849336 ns n=893
      | Sigma: 410.5 us  Mean: +90.6 us (expected ~constant)
========================================================================
 PASS: Jitter sigma = 30.8 us
 PASS: Zero packet loss
 PASS: GM regression sigma = 12.3 ns
 PASS: RX crystal = 31.4 ppm
 PASS: Drift sigma = 30523 ns
 WARN: One-way delay sigma = 410.5 us (unstable — frequency tracking issue?)
 PASS: Sync state = LOCKED
========================================================================
[RX] # STATS: PDUs=957 CSV=956 Gaps=0 Dups=0 Skip=0 d_min=-58543 ns drift=31309.8 ns/s sigma=30575.6 ns state=LOCKED clk_err=+0 ns
[2J[H========================================================================
 LTSP Test Harness v0.4  |  946s elapsed
========================================================================
 GM  | GPS Lock: YES  PPS: 41491  Crystal: +31272 ns  Interp: +715 ns
      | Regression: a1=+0.090 ppb  sigma=12.3 ns
      | TX latency: mean=+251236 ns std=1186 ns min=+248208 ns max=+254232 ns n=94
------------------------------------------------------------------------
 RX  | Packets: 945  Seq gaps: 0  Errors: GM=0 RX=0  State: LOCKED
      | Drift: +31492.3 ns/s = +31.5 ppm  sigma=30777 ns
------------------------------------------------------------------------
 JIT | Detrended: mean=+184 ns std=30813 ns min=-59112 ns max=+60803 ns n=899
      | Offset:    mean=+56179 ns std=31146 ns min=+0 ns max=+118525 ns n=899
------------------------------------------------------------------------
 CLK | One-way delay: mean=+94504 ns std=412761 ns min=-673261 ns max=+860059 ns n=898
      | Sigma: 412.8 us  Mean: +94.5 us (expected ~constant)
========================================================================
 PASS: Jitter sigma = 30.8 us
 PASS: Zero packet loss
 PASS: GM regression sigma = 12.3 ns
 PASS: RX crystal = 31.5 ppm
 PASS: Drift sigma = 30777 ns
 WARN: One-way delay sigma = 412.8 us (unstable — frequency tracking issue?)
 PASS: Sync state = LOCKED
========================================================================
[2J[H========================================================================
 LTSP Test Harness v0.4  |  951s elapsed
========================================================================
 GM  | GPS Lock: YES  PPS: 41491  Crystal: +31272 ns  Interp: +715 ns
      | Regression: a1=+0.090 ppb  sigma=12.3 ns
      | TX latency: mean=+251242 ns std=1181 ns min=+248208 ns max=+254232 ns n=95
------------------------------------------------------------------------
 RX  | Packets: 950  Seq gaps: 0  Errors: GM=0 RX=0  State: LOCKED
      | Drift: +31222.7 ns/s = +31.2 ppm  sigma=30940 ns
------------------------------------------------------------------------
 JIT | Detrended: mean=+120 ns std=30822 ns min=-62328 ns max=+60803 ns n=904
      | Offset:    mean=+56141 ns std=31145 ns min=+0 ns max=+118525 ns n=904
------------------------------------------------------------------------
 CLK | One-way delay: mean=+98503 ns std=415100 ns min=-673261 ns max=+860059 ns n=903
      | Sigma: 415.1 us  Mean: +98.5 us (expected ~constant)
========================================================================
 PASS: Jitter sigma = 30.8 us
 PASS: Zero packet loss
 PASS: GM regression sigma = 12.3 ns
 PASS: RX crystal = 31.2 ppm
 PASS: Drift sigma = 30940 ns
 WARN: One-way delay sigma = 415.1 us (unstable — frequency tracking issue?)
 PASS: Sync state = LOCKED
========================================================================
[2J[H========================================================================
 LTSP Test Harness v0.4  |  956s elapsed
========================================================================
 GM  | GPS Lock: YES  PPS: 41521  Crystal: +31308 ns  Interp: -308 ns
      | Regression: a1=+0.232 ppb  sigma=11.1 ns
      | TX latency: mean=+251242 ns std=1181 ns min=+248208 ns max=+254232 ns n=95
------------------------------------------------------------------------
 RX  | Packets: 955  Seq gaps: 0  Errors: GM=0 RX=0  State: LOCKED
      | Drift: +31111.3 ns/s = +31.1 ppm  sigma=30665 ns
------------------------------------------------------------------------
 JIT | Detrended: mean=+115 ns std=30801 ns min=-62328 ns max=+60803 ns n=909
      | Offset:    mean=+56171 ns std=31125 ns min=+0 ns max=+118525 ns n=909
------------------------------------------------------------------------
 CLK | One-way delay: mean=+102423 ns std=417302 ns min=-673261 ns max=+860059 ns n=908
      | Sigma: 417.3 us  Mean: +102.4 us (expected ~constant)
========================================================================
 PASS: Jitter sigma = 30.8 us
 PASS: Zero packet loss
 PASS: GM regression sigma = 11.1 ns
 PASS: RX crystal = 31.1 ppm
 PASS: Drift sigma = 30665 ns
 WARN: One-way delay sigma = 417.3 us (unstable — frequency tracking issue?)
 PASS: Sync state = LOCKED
========================================================================
[2J[H========================================================================
 LTSP Test Harness v0.4  |  961s elapsed
========================================================================
 GM  | GPS Lock: YES  PPS: 41521  Crystal: +31308 ns  Interp: -308 ns
      | Regression: a1=+0.232 ppb  sigma=11.1 ns
      | TX latency: mean=+251217 ns std=1200 ns min=+248208 ns max=+254232 ns n=96
------------------------------------------------------------------------
 RX  | Packets: 960  Seq gaps: 0  Errors: GM=0 RX=0  State: LOCKED
      | Drift: +31103.5 ns/s = +31.1 ppm  sigma=31694 ns
------------------------------------------------------------------------
 JIT | Detrended: mean=+91 ns std=30853 ns min=-62328 ns max=+60803 ns n=914
      | Offset:    mean=+56182 ns std=31174 ns min=+0 ns max=+118525 ns n=914
------------------------------------------------------------------------
 CLK | One-way delay: mean=+106204 ns std=419274 ns min=-673261 ns max=+860059 ns n=913
      | Sigma: 419.3 us  Mean: +106.2 us (expected ~constant)
========================================================================
 PASS: Jitter sigma = 30.9 us
 PASS: Zero packet loss
 PASS: GM regression sigma = 11.1 ns
 PASS: RX crystal = 31.1 ppm
 PASS: Drift sigma = 31694 ns
 WARN: One-way delay sigma = 419.3 us (unstable — frequency tracking issue?)
 PASS: Sync state = LOCKED
========================================================================
[2J[H========================================================================
 LTSP Test Harness v0.4  |  966s elapsed
========================================================================
 GM  | GPS Lock: YES  PPS: 41521  Crystal: +31308 ns  Interp: -308 ns
      | Regression: a1=+0.232 ppb  sigma=11.1 ns
      | TX latency: mean=+251217 ns std=1200 ns min=+248208 ns max=+254232 ns n=96
------------------------------------------------------------------------
 RX  | Packets: 965  Seq gaps: 0  Errors: GM=0 RX=0  State: LOCKED
      | Drift: +31151.3 ns/s = +31.2 ppm  sigma=31904 ns
------------------------------------------------------------------------
 JIT | Detrended: mean=+116 ns std=30850 ns min=-62328 ns max=+60803 ns n=919
      | Offset:    mean=+56240 ns std=31177 ns min=+0 ns max=+118525 ns n=919
------------------------------------------------------------------------
 CLK | One-way delay: mean=+110262 ns std=421719 ns min=-673261 ns max=+888658 ns n=918
      | Sigma: 421.7 us  Mean: +110.3 us (expected ~constant)
========================================================================
 PASS: Jitter sigma = 30.9 us
 PASS: Zero packet loss
 PASS: GM regression sigma = 11.1 ns
 PASS: RX crystal = 31.2 ppm
 PASS: Drift sigma = 31904 ns
 WARN: One-way delay sigma = 421.7 us (unstable — frequency tracking issue?)
 PASS: Sync state = LOCKED
========================================================================
[2J[H========================================================================
 LTSP Test Harness v0.4  |  971s elapsed
========================================================================
 GM  | GPS Lock: YES  PPS: 41521  Crystal: +31308 ns  Interp: -308 ns
      | Regression: a1=+0.232 ppb  sigma=11.1 ns
      | TX latency: mean=+251197 ns std=1211 ns min=+248208 ns max=+254232 ns n=97
------------------------------------------------------------------------
 RX  | Packets: 970  Seq gaps: 0  Errors: GM=0 RX=0  State: LOCKED
      | Drift: +31093.1 ns/s = +31.1 ppm  sigma=31946 ns
------------------------------------------------------------------------
 JIT | Detrended: mean=+122 ns std=30872 ns min=-62328 ns max=+60803 ns n=924
      | Offset:    mean=+56280 ns std=31201 ns min=+0 ns max=+118525 ns n=924
------------------------------------------------------------------------
 CLK | One-way delay: mean=+114293 ns std=424118 ns min=-673261 ns max=+891807 ns n=923
      | Sigma: 424.1 us  Mean: +114.3 us (expected ~constant)
========================================================================
 PASS: Jitter sigma = 30.9 us
 PASS: Zero packet loss
 PASS: GM regression sigma = 11.1 ns
 PASS: RX crystal = 31.1 ppm
 PASS: Drift sigma = 31946 ns
 WARN: One-way delay sigma = 424.1 us (unstable — frequency tracking issue?)
 PASS: Sync state = LOCKED
========================================================================
[2J[H========================================================================
 LTSP Test Harness v0.4  |  976s elapsed
========================================================================
 GM  | GPS Lock: YES  PPS: 41521  Crystal: +31308 ns  Interp: -308 ns
      | Regression: a1=+0.232 ppb  sigma=11.1 ns
      | TX latency: mean=+251197 ns std=1211 ns min=+248208 ns max=+254232 ns n=97
------------------------------------------------------------------------
 RX  | Packets: 975  Seq gaps: 0  Errors: GM=0 RX=0  State: LOCKED
      | Drift: +31135.3 ns/s = +31.1 ppm  sigma=31470 ns
------------------------------------------------------------------------
 JIT | Detrended: mean=+102 ns std=30825 ns min=-62328 ns max=+60803 ns n=929
      | Offset:    mean=+56293 ns std=31152 ns min=+0 ns max=+118525 ns n=929
------------------------------------------------------------------------
 CLK | One-way delay: mean=+118186 ns std=426278 ns min=-673261 ns max=+891807 ns n=928
      | Sigma: 426.3 us  Mean: +118.2 us (expected ~constant)
========================================================================
 PASS: Jitter sigma = 30.8 us
 PASS: Zero packet loss
 PASS: GM regression sigma = 11.1 ns
 PASS: RX crystal = 31.1 ppm
 PASS: Drift sigma = 31470 ns
 WARN: One-way delay sigma = 426.3 us (unstable — frequency tracking issue?)
 PASS: Sync state = LOCKED
========================================================================
[2J[H========================================================================
 LTSP Test Harness v0.4  |  981s elapsed
========================================================================
 GM  | GPS Lock: YES  PPS: 41521  Crystal: +31308 ns  Interp: -308 ns
      | Regression: a1=+0.232 ppb  sigma=11.1 ns
      | TX latency: mean=+251197 ns std=1205 ns min=+248208 ns max=+254232 ns n=98
------------------------------------------------------------------------
 RX  | Packets: 980  Seq gaps: 0  Errors: GM=0 RX=0  State: LOCKED
      | Drift: +31152.7 ns/s = +31.2 ppm  sigma=30866 ns
------------------------------------------------------------------------
 JIT | Detrended: mean=+63 ns std=30795 ns min=-62328 ns max=+60803 ns n=934
      | Offset:    mean=+56287 ns std=31117 ns min=+0 ns max=+118525 ns n=934
------------------------------------------------------------------------
 CLK | One-way delay: mean=+122183 ns std=428613 ns min=-673261 ns max=+894043 ns n=933
      | Sigma: 428.6 us  Mean: +122.2 us (expected ~constant)
========================================================================
 PASS: Jitter sigma = 30.8 us
 PASS: Zero packet loss
 PASS: GM regression sigma = 11.1 ns
 PASS: RX crystal = 31.2 ppm
 PASS: Drift sigma = 30866 ns
 WARN: One-way delay sigma = 428.6 us (unstable — frequency tracking issue?)
 PASS: Sync state = LOCKED
========================================================================
[2J[H========================================================================
 LTSP Test Harness v0.4  |  986s elapsed
========================================================================
 GM  | GPS Lock: YES  PPS: 41551  Crystal: +31320 ns  Interp: -296 ns
      | Regression: a1=+0.026 ppb  sigma=10.9 ns
      | TX latency: mean=+251197 ns std=1205 ns min=+248208 ns max=+254232 ns n=98
------------------------------------------------------------------------
 RX  | Packets: 985  Seq gaps: 0  Errors: GM=0 RX=0  State: LOCKED
      | Drift: +31007.0 ns/s = +31.0 ppm  sigma=31714 ns
------------------------------------------------------------------------
 JIT | Detrended: mean=+2 ns std=30805 ns min=-62328 ns max=+60803 ns n=939
      | Offset:    mean=+56258 ns std=31116 ns min=+0 ns max=+118525 ns n=939
------------------------------------------------------------------------
 CLK | One-way delay: mean=+126145 ns std=430890 ns min=-673261 ns max=+919187 ns n=938
      | Sigma: 430.9 us  Mean: +126.1 us (expected ~constant)
========================================================================
 PASS: Jitter sigma = 30.8 us
 PASS: Zero packet loss
 PASS: GM regression sigma = 10.9 ns
 PASS: RX crystal = 31.0 ppm
 PASS: Drift sigma = 31714 ns
 WARN: One-way delay sigma = 430.9 us (unstable — frequency tracking issue?)
 PASS: Sync state = LOCKED
========================================================================
[2J[H========================================================================
 LTSP Test Harness v0.4  |  991s elapsed
========================================================================
 GM  | GPS Lock: YES  PPS: 41551  Crystal: +31320 ns  Interp: -296 ns
      | Regression: a1=+0.026 ppb  sigma=10.9 ns
      | TX latency: mean=+251179 ns std=1212 ns min=+248208 ns max=+254232 ns n=99
------------------------------------------------------------------------
 RX  | Packets: 990  Seq gaps: 0  Errors: GM=0 RX=0  State: LOCKED
      | Drift: +30883.9 ns/s = +30.9 ppm  sigma=32443 ns
------------------------------------------------------------------------
 JIT | Detrended: mean=+44 ns std=30826 ns min=-62328 ns max=+60803 ns n=944
      | Offset:    mean=+56332 ns std=31146 ns min=+0 ns max=+118525 ns n=944
------------------------------------------------------------------------
 CLK | One-way delay: mean=+130093 ns std=433148 ns min=-673261 ns max=+925055 ns n=943
      | Sigma: 433.1 us  Mean: +130.1 us (expected ~constant)
========================================================================
 PASS: Jitter sigma = 30.8 us
 PASS: Zero packet loss
 PASS: GM regression sigma = 10.9 ns
 PASS: RX crystal = 30.9 ppm
 PASS: Drift sigma = 32443 ns
 WARN: One-way delay sigma = 433.1 us (unstable — frequency tracking issue?)
 PASS: Sync state = LOCKED
========================================================================
[2J[H========================================================================
 LTSP Test Harness v0.4  |  996s elapsed
========================================================================
 GM  | GPS Lock: YES  PPS: 41551  Crystal: +31320 ns  Interp: -296 ns
      | Regression: a1=+0.026 ppb  sigma=10.9 ns
      | TX latency: mean=+251179 ns std=1212 ns min=+248208 ns max=+254232 ns n=99
------------------------------------------------------------------------
 RX  | Packets: 995  Seq gaps: 0  Errors: GM=0 RX=0  State: LOCKED
      | Drift: +30922.8 ns/s = +30.9 ppm  sigma=31793 ns
------------------------------------------------------------------------
 JIT | Detrended: mean=+56 ns std=30785 ns min=-62328 ns max=+60803 ns n=949
      | Offset:    mean=+56376 ns std=31109 ns min=+0 ns max=+118525 ns n=949
------------------------------------------------------------------------
 CLK | One-way delay: mean=+133998 ns std=435331 ns min=-673261 ns max=+925055 ns n=948
      | Sigma: 435.3 us  Mean: +134.0 us (expected ~constant)
========================================================================
 PASS: Jitter sigma = 30.8 us
 PASS: Zero packet loss
 PASS: GM regression sigma = 10.9 ns
 PASS: RX crystal = 30.9 ppm
 PASS: Drift sigma = 31793 ns
 WARN: One-way delay sigma = 435.3 us (unstable — frequency tracking issue?)
 PASS: Sync state = LOCKED
========================================================================
[2J[H========================================================================
 LTSP Test Harness v0.4  |  1001s elapsed
========================================================================
 GM  | GPS Lock: YES  PPS: 41551  Crystal: +31320 ns  Interp: -296 ns
      | Regression: a1=+0.026 ppb  sigma=10.9 ns
      | TX latency: mean=+251186 ns std=1208 ns min=+248208 ns max=+254232 ns n=100
------------------------------------------------------------------------
 RX  | Packets: 1001  Seq gaps: 0  Errors: GM=0 RX=0  State: LOCKED
      | Drift: +30941.9 ns/s = +30.9 ppm  sigma=32489 ns
------------------------------------------------------------------------
 JIT | Detrended: mean=+5 ns std=30811 ns min=-62328 ns max=+60803 ns n=955
      | Offset:    mean=+56363 ns std=31127 ns min=+0 ns max=+118525 ns n=955
------------------------------------------------------------------------
 CLK | One-way delay: mean=+138656 ns std=437903 ns min=-673261 ns max=+925055 ns n=954
      | Sigma: 437.9 us  Mean: +138.7 us (expected ~constant)
========================================================================
 PASS: Jitter sigma = 30.8 us
 PASS: Zero packet loss
 PASS: GM regression sigma = 10.9 ns
 PASS: RX crystal = 30.9 ppm
 PASS: Drift sigma = 32489 ns
 WARN: One-way delay sigma = 437.9 us (unstable — frequency tracking issue?)
 PASS: Sync state = LOCKED
========================================================================
[RX] # STATS: PDUs=1017 CSV=1016 Gaps=0 Dups=0 Skip=0 d_min=-62328 ns drift=30825.0 ns/s sigma=31888.0 ns state=LOCKED clk_err=+0 ns
[2J[H========================================================================
 LTSP Test Harness v0.4  |  1006s elapsed
========================================================================
 GM  | GPS Lock: YES  PPS: 41551  Crystal: +31320 ns  Interp: -296 ns
      | Regression: a1=+0.026 ppb  sigma=10.9 ns
      | TX latency: mean=+251186 ns std=1208 ns min=+248208 ns max=+254232 ns n=100
------------------------------------------------------------------------
 RX  | Packets: 1006  Seq gaps: 0  Errors: GM=0 RX=0  State: LOCKED
      | Drift: +30995.9 ns/s = +31.0 ppm  sigma=32031 ns
------------------------------------------------------------------------
 JIT | Detrended: mean=+41 ns std=30810 ns min=-62328 ns max=+60803 ns n=960
      | Offset:    mean=+56430 ns std=31135 ns min=+0 ns max=+118525 ns n=960
------------------------------------------------------------------------
 CLK | One-way delay: mean=+142589 ns std=440138 ns min=-673261 ns max=+953882 ns n=959
      | Sigma: 440.1 us  Mean: +142.6 us (expected ~constant)
========================================================================
 PASS: Jitter sigma = 30.8 us
 PASS: Zero packet loss
 PASS: GM regression sigma = 10.9 ns
 PASS: RX crystal = 31.0 ppm
 PASS: Drift sigma = 32031 ns
 WARN: One-way delay sigma = 440.1 us (unstable — frequency tracking issue?)
 PASS: Sync state = LOCKED
========================================================================
[2J[H========================================================================
 LTSP Test Harness v0.4  |  1011s elapsed
========================================================================
 GM  | GPS Lock: YES  PPS: 41551  Crystal: +31320 ns  Interp: -296 ns
      | Regression: a1=+0.026 ppb  sigma=10.9 ns
      | TX latency: mean=+251188 ns std=1202 ns min=+248208 ns max=+254232 ns n=101
------------------------------------------------------------------------
 RX  | Packets: 1011  Seq gaps: 0  Errors: GM=0 RX=0  State: LOCKED
      | Drift: +30756.7 ns/s = +30.8 ppm  sigma=30906 ns
------------------------------------------------------------------------
 JIT | Detrended: mean=-12 ns std=30754 ns min=-62328 ns max=+60803 ns n=965
      | Offset:    mean=+56408 ns std=31070 ns min=+0 ns max=+118525 ns n=965
------------------------------------------------------------------------
 CLK | One-way delay: mean=+146607 ns std=442515 ns min=-673261 ns max=+953882 ns n=964
      | Sigma: 442.5 us  Mean: +146.6 us (expected ~constant)
========================================================================
 PASS: Jitter sigma = 30.8 us
 PASS: Zero packet loss
 PASS: GM regression sigma = 10.9 ns
 PASS: RX crystal = 30.8 ppm
 PASS: Drift sigma = 30906 ns
 WARN: One-way delay sigma = 442.5 us (unstable — frequency tracking issue?)
 PASS: Sync state = LOCKED
========================================================================
[2J[H========================================================================
 LTSP Test Harness v0.4  |  1016s elapsed
========================================================================
 GM  | GPS Lock: YES  PPS: 41581  Crystal: +31320 ns  Interp: -320 ns
      | Regression: a1=+0.214 ppb  sigma=11.7 ns
      | TX latency: mean=+251188 ns std=1202 ns min=+248208 ns max=+254232 ns n=101
------------------------------------------------------------------------
 RX  | Packets: 1016  Seq gaps: 0  Errors: GM=0 RX=0  State: LOCKED
      | Drift: +30777.1 ns/s = +30.8 ppm  sigma=30726 ns
------------------------------------------------------------------------
 JIT | Detrended: mean=-52 ns std=30730 ns min=-62328 ns max=+60803 ns n=970
      | Offset:    mean=+56398 ns std=31040 ns min=+0 ns max=+118525 ns n=970
------------------------------------------------------------------------
 CLK | One-way delay: mean=+150576 ns std=444808 ns min=-673261 ns max=+956807 ns n=969
      | Sigma: 444.8 us  Mean: +150.6 us (expected ~constant)
========================================================================
 PASS: Jitter sigma = 30.7 us
 PASS: Zero packet loss
 PASS: GM regression sigma = 11.7 ns
 PASS: RX crystal = 30.8 ppm
 PASS: Drift sigma = 30726 ns
 WARN: One-way delay sigma = 444.8 us (unstable — frequency tracking issue?)
 PASS: Sync state = LOCKED
========================================================================
[2J[H========================================================================
 LTSP Test Harness v0.4  |  1021s elapsed
========================================================================
 GM  | GPS Lock: YES  PPS: 41581  Crystal: +31320 ns  Interp: -320 ns
      | Regression: a1=+0.214 ppb  sigma=11.7 ns
      | TX latency: mean=+251188 ns std=1196 ns min=+248208 ns max=+254232 ns n=102
------------------------------------------------------------------------
 RX  | Packets: 1021  Seq gaps: 0  Errors: GM=0 RX=0  State: LOCKED
      | Drift: +30876.5 ns/s = +30.9 ppm  sigma=30527 ns
------------------------------------------------------------------------
 JIT | Detrended: mean=+41 ns std=30753 ns min=-62328 ns max=+60803 ns n=975
      | Offset:    mean=+56521 ns std=31081 ns min=+0 ns max=+121247 ns n=975
------------------------------------------------------------------------
 CLK | One-way delay: mean=+154603 ns std=447207 ns min=-673261 ns max=+987576 ns n=974
      | Sigma: 447.2 us  Mean: +154.6 us (expected ~constant)
========================================================================
 PASS: Jitter sigma = 30.8 us
 PASS: Zero packet loss
 PASS: GM regression sigma = 11.7 ns
 PASS: RX crystal = 30.9 ppm
 PASS: Drift sigma = 30527 ns
 WARN: One-way delay sigma = 447.2 us (unstable — frequency tracking issue?)
 PASS: Sync state = LOCKED
========================================================================
[2J[H========================================================================
 LTSP Test Harness v0.4  |  1026s elapsed
========================================================================
 GM  | GPS Lock: YES  PPS: 41581  Crystal: +31320 ns  Interp: -320 ns
      | Regression: a1=+0.214 ppb  sigma=11.7 ns
      | TX latency: mean=+251188 ns std=1196 ns min=+248208 ns max=+254232 ns n=102
------------------------------------------------------------------------
 RX  | Packets: 1026  Seq gaps: 0  Errors: GM=0 RX=0  State: LOCKED
      | Drift: +30935.7 ns/s = +30.9 ppm  sigma=30788 ns
------------------------------------------------------------------------
 JIT | Detrended: mean=+86 ns std=30761 ns min=-62328 ns max=+60803 ns n=980
      | Offset:    mean=+56597 ns std=31099 ns min=+0 ns max=+121247 ns n=980
------------------------------------------------------------------------
 CLK | One-way delay: mean=+158645 ns std=449624 ns min=-673261 ns max=+989425 ns n=979
      | Sigma: 449.6 us  Mean: +158.6 us (expected ~constant)
========================================================================
 PASS: Jitter sigma = 30.8 us
 PASS: Zero packet loss
 PASS: GM regression sigma = 11.7 ns
 PASS: RX crystal = 30.9 ppm
 PASS: Drift sigma = 30788 ns
 WARN: One-way delay sigma = 449.6 us (unstable — frequency tracking issue?)
 PASS: Sync state = LOCKED
========================================================================
[2J[H========================================================================
 LTSP Test Harness v0.4  |  1031s elapsed
========================================================================
 GM  | GPS Lock: YES  PPS: 41581  Crystal: +31320 ns  Interp: -320 ns
      | Regression: a1=+0.214 ppb  sigma=11.7 ns
      | TX latency: mean=+251204 ns std=1201 ns min=+248208 ns max=+254232 ns n=103
------------------------------------------------------------------------
 RX  | Packets: 1031  Seq gaps: 0  Errors: GM=0 RX=0  State: LOCKED
      | Drift: +31111.6 ns/s = +31.1 ppm  sigma=30546 ns
------------------------------------------------------------------------
 JIT | Detrended: mean=+147 ns std=30767 ns min=-62328 ns max=+60803 ns n=985
      | Offset:    mean=+56687 ns std=31117 ns min=+0 ns max=+121247 ns n=985
------------------------------------------------------------------------
 CLK | One-way delay: mean=+162728 ns std=452112 ns min=-673261 ns max=+1000591 ns n=984
      | Sigma: 452.1 us  Mean: +162.7 us (expected ~constant)
========================================================================
 PASS: Jitter sigma = 30.8 us
 PASS: Zero packet loss
 PASS: GM regression sigma = 11.7 ns
 PASS: RX crystal = 31.1 ppm
 PASS: Drift sigma = 30546 ns
 WARN: One-way delay sigma = 452.1 us (unstable — frequency tracking issue?)
 PASS: Sync state = LOCKED
========================================================================
[2J[H========================================================================
 LTSP Test Harness v0.4  |  1036s elapsed
========================================================================
 GM  | GPS Lock: YES  PPS: 41581  Crystal: +31320 ns  Interp: -320 ns
      | Regression: a1=+0.214 ppb  sigma=11.7 ns
      | TX latency: mean=+251204 ns std=1201 ns min=+248208 ns max=+254232 ns n=103
------------------------------------------------------------------------
 RX  | Packets: 1036  Seq gaps: 0  Errors: GM=0 RX=0  State: LOCKED
      | Drift: +31163.4 ns/s = +31.2 ppm  sigma=30944 ns
------------------------------------------------------------------------
 JIT | Detrended: mean=+184 ns std=30770 ns min=-62328 ns max=+60803 ns n=990
      | Offset:    mean=+56753 ns std=31128 ns min=+0 ns max=+121247 ns n=990
------------------------------------------------------------------------
 CLK | One-way delay: mean=+166700 ns std=454408 ns min=-673261 ns max=+1007232 ns n=989
      | Sigma: 454.4 us  Mean: +166.7 us (expected ~constant)
========================================================================
 PASS: Jitter sigma = 30.8 us
 PASS: Zero packet loss
 PASS: GM regression sigma = 11.7 ns
 PASS: RX crystal = 31.2 ppm
 PASS: Drift sigma = 30944 ns
 WARN: One-way delay sigma = 454.4 us (unstable — frequency tracking issue?)
 PASS: Sync state = LOCKED
========================================================================
[2J[H========================================================================
 LTSP Test Harness v0.4  |  1041s elapsed
========================================================================
 GM  | GPS Lock: YES  PPS: 41581  Crystal: +31320 ns  Interp: -320 ns
      | Regression: a1=+0.214 ppb  sigma=11.7 ns
      | TX latency: mean=+251213 ns std=1199 ns min=+248208 ns max=+254232 ns n=104
------------------------------------------------------------------------
 RX  | Packets: 1041  Seq gaps: 0  Errors: GM=0 RX=0  State: LOCKED
      | Drift: +31214.5 ns/s = +31.2 ppm  sigma=32022 ns
------------------------------------------------------------------------
 JIT | Detrended: mean=+176 ns std=30782 ns min=-62328 ns max=+60803 ns n=995
      | Offset:    mean=+56774 ns std=31139 ns min=+0 ns max=+121247 ns n=995
------------------------------------------------------------------------
 CLK | One-way delay: mean=+170632 ns std=456635 ns min=-673261 ns max=+1007232 ns n=994
      | Sigma: 456.6 us  Mean: +170.6 us (expected ~constant)
========================================================================
 PASS: Jitter sigma = 30.8 us
 PASS: Zero packet loss
 PASS: GM regression sigma = 11.7 ns
 PASS: RX crystal = 31.2 ppm
 PASS: Drift sigma = 32022 ns
 WARN: One-way delay sigma = 456.6 us (unstable — frequency tracking issue?)
 PASS: Sync state = LOCKED
========================================================================
[2J[H========================================================================
 LTSP Test Harness v0.4  |  1046s elapsed
========================================================================
 GM  | GPS Lock: YES  PPS: 41611  Crystal: +31320 ns  Interp: -308 ns
      | Regression: a1=-0.087 ppb  sigma=11.2 ns
      | TX latency: mean=+251213 ns std=1199 ns min=+248208 ns max=+254232 ns n=104
------------------------------------------------------------------------
 RX  | Packets: 1046  Seq gaps: 0  Errors: GM=0 RX=0  State: LOCKED
      | Drift: +31106.3 ns/s = +31.1 ppm  sigma=32520 ns
------------------------------------------------------------------------
 JIT | Detrended: mean=+87 ns std=30826 ns min=-62328 ns max=+60803 ns n=1000
      | Offset:    mean=+56713 ns std=31167 ns min=+0 ns max=+121247 ns n=1000
------------------------------------------------------------------------
 CLK | One-way delay: mean=+174583 ns std=458893 ns min=-673261 ns max=+1015070 ns n=999
      | Sigma: 458.9 us  Mean: +174.6 us (expected ~constant)
========================================================================
 PASS: Jitter sigma = 30.8 us
 PASS: Zero packet loss
 PASS: GM regression sigma = 11.2 ns
 PASS: RX crystal = 31.1 ppm
 PASS: Drift sigma = 32520 ns
 WARN: One-way delay sigma = 458.9 us (unstable — frequency tracking issue?)
 PASS: Sync state = LOCKED
========================================================================
[2J[H========================================================================
 LTSP Test Harness v0.4  |  1051s elapsed
========================================================================
 GM  | GPS Lock: YES  PPS: 41611  Crystal: +31320 ns  Interp: -308 ns
      | Regression: a1=-0.087 ppb  sigma=11.2 ns
      | TX latency: mean=+251210 ns std=1194 ns min=+248208 ns max=+254232 ns n=105
------------------------------------------------------------------------
 RX  | Packets: 1051  Seq gaps: 0  Errors: GM=0 RX=0  State: LOCKED
      | Drift: +31164.7 ns/s = +31.2 ppm  sigma=32572 ns
------------------------------------------------------------------------
 JIT | Detrended: mean=+85 ns std=30836 ns min=-62328 ns max=+60803 ns n=1005
      | Offset:    mean=+56740 ns std=31178 ns min=+0 ns max=+121247 ns n=1005
------------------------------------------------------------------------
 CLK | One-way delay: mean=+178612 ns std=461286 ns min=-673261 ns max=+1032752 ns n=1004
      | Sigma: 461.3 us  Mean: +178.6 us (expected ~constant)
========================================================================
 PASS: Jitter sigma = 30.8 us
 PASS: Zero packet loss
 PASS: GM regression sigma = 11.2 ns
 PASS: RX crystal = 31.2 ppm
 PASS: Drift sigma = 32572 ns
 WARN: One-way delay sigma = 461.3 us (unstable — frequency tracking issue?)
 PASS: Sync state = LOCKED
========================================================================
[2J[H========================================================================
 LTSP Test Harness v0.4  |  1056s elapsed
========================================================================
 GM  | GPS Lock: YES  PPS: 41611  Crystal: +31320 ns  Interp: -308 ns
      | Regression: a1=-0.087 ppb  sigma=11.2 ns
      | TX latency: mean=+251210 ns std=1194 ns min=+248208 ns max=+254232 ns n=105
------------------------------------------------------------------------
 RX  | Packets: 1056  Seq gaps: 0  Errors: GM=0 RX=0  State: LOCKED
      | Drift: +31242.6 ns/s = +31.2 ppm  sigma=32696 ns
------------------------------------------------------------------------
 JIT | Detrended: mean=+71 ns std=30826 ns min=-62328 ns max=+60803 ns n=1010
      | Offset:    mean=+56754 ns std=31167 ns min=+0 ns max=+121247 ns n=1010
------------------------------------------------------------------------
 CLK | One-way delay: mean=+182641 ns std=463678 ns min=-673261 ns max=+1040330 ns n=1009
      | Sigma: 463.7 us  Mean: +182.6 us (expected ~constant)
========================================================================
 PASS: Jitter sigma = 30.8 us
 PASS: Zero packet loss
 PASS: GM regression sigma = 11.2 ns
 PASS: RX crystal = 31.2 ppm
 PASS: Drift sigma = 32696 ns
 WARN: One-way delay sigma = 463.7 us (unstable — frequency tracking issue?)
 PASS: Sync state = LOCKED
========================================================================
[2J[H========================================================================
 LTSP Test Harness v0.4  |  1061s elapsed
========================================================================
 GM  | GPS Lock: YES  PPS: 41611  Crystal: +31320 ns  Interp: -308 ns
      | Regression: a1=-0.087 ppb  sigma=11.2 ns
      | TX latency: mean=+251206 ns std=1189 ns min=+248208 ns max=+254232 ns n=106
------------------------------------------------------------------------
 RX  | Packets: 1061  Seq gaps: 0  Errors: GM=0 RX=0  State: LOCKED
      | Drift: +31118.8 ns/s = +31.1 ppm  sigma=32537 ns
------------------------------------------------------------------------
 JIT | Detrended: mean=+44 ns std=30825 ns min=-62328 ns max=+60803 ns n=1015
      | Offset:    mean=+56755 ns std=31161 ns min=+0 ns max=+121247 ns n=1015
------------------------------------------------------------------------
 CLK | One-way delay: mean=+186550 ns std=465866 ns min=-673261 ns max=+1040330 ns n=1014
      | Sigma: 465.9 us  Mean: +186.6 us (expected ~constant)
========================================================================
 PASS: Jitter sigma = 30.8 us
 PASS: Zero packet loss
 PASS: GM regression sigma = 11.2 ns
 PASS: RX crystal = 31.1 ppm
 PASS: Drift sigma = 32537 ns
 WARN: One-way delay sigma = 465.9 us (unstable — frequency tracking issue?)
 PASS: Sync state = LOCKED
========================================================================
[RX] # STATS: PDUs=1077 CSV=1076 Gaps=0 Dups=0 Skip=0 d_min=-62328 ns drift=31030.0 ns/s sigma=32709.3 ns state=LOCKED clk_err=+0 ns
[2J[H========================================================================
 LTSP Test Harness v0.4  |  1066s elapsed
========================================================================
 GM  | GPS Lock: YES  PPS: 41611  Crystal: +31320 ns  Interp: -308 ns
      | Regression: a1=-0.087 ppb  sigma=11.2 ns
      | TX latency: mean=+251206 ns std=1189 ns min=+248208 ns max=+254232 ns n=106
------------------------------------------------------------------------
 RX  | Packets: 1066  Seq gaps: 0  Errors: GM=0 RX=0  State: LOCKED
      | Drift: +31075.9 ns/s = +31.1 ppm  sigma=32613 ns
------------------------------------------------------------------------
 JIT | Detrended: mean=-9 ns std=30825 ns min=-62328 ns max=+60803 ns n=1020
      | Offset:    mean=+56729 ns std=31153 ns min=+0 ns max=+121247 ns n=1020
------------------------------------------------------------------------
 CLK | One-way delay: mean=+190383 ns std=467923 ns min=-673261 ns max=+1040330 ns n=1019
      | Sigma: 467.9 us  Mean: +190.4 us (expected ~constant)
========================================================================
 PASS: Jitter sigma = 30.8 us
 PASS: Zero packet loss
 PASS: GM regression sigma = 11.2 ns
 PASS: RX crystal = 31.1 ppm
 PASS: Drift sigma = 32613 ns
 WARN: One-way delay sigma = 467.9 us (unstable — frequency tracking issue?)
 PASS: Sync state = LOCKED
========================================================================
[2J[H========================================================================
 LTSP Test Harness v0.4  |  1071s elapsed
========================================================================
 GM  | GPS Lock: YES  PPS: 41611  Crystal: +31320 ns  Interp: -308 ns
      | Regression: a1=-0.087 ppb  sigma=11.2 ns
      | TX latency: mean=+251206 ns std=1183 ns min=+248208 ns max=+254232 ns n=107
------------------------------------------------------------------------
 RX  | Packets: 1071  Seq gaps: 0  Errors: GM=0 RX=0  State: LOCKED
      | Drift: +30838.5 ns/s = +30.8 ppm  sigma=32951 ns
------------------------------------------------------------------------
 JIT | Detrended: mean=-74 ns std=30798 ns min=-62328 ns max=+60803 ns n=1025
      | Offset:    mean=+56676 ns std=31124 ns min=+0 ns max=+121247 ns n=1025
------------------------------------------------------------------------
 CLK | One-way delay: mean=+194315 ns std=470147 ns min=-673261 ns max=+1040330 ns n=1024
      | Sigma: 470.1 us  Mean: +194.3 us (expected ~constant)
========================================================================
 PASS: Jitter sigma = 30.8 us
 PASS: Zero packet loss
 PASS: GM regression sigma = 11.2 ns
 PASS: RX crystal = 30.8 ppm
 PASS: Drift sigma = 32951 ns
 WARN: One-way delay sigma = 470.1 us (unstable — frequency tracking issue?)
 PASS: Sync state = LOCKED
========================================================================
[2J[H========================================================================
 LTSP Test Harness v0.4  |  1076s elapsed
========================================================================
 GM  | GPS Lock: YES  PPS: 41641  Crystal: +31296 ns  Interp: +691 ns
      | Regression: a1=-0.041 ppb  sigma=9.8 ns
      | TX latency: mean=+251206 ns std=1183 ns min=+248208 ns max=+254232 ns n=107
------------------------------------------------------------------------
 RX  | Packets: 1076  Seq gaps: 0  Errors: GM=0 RX=0  State: LOCKED
      | Drift: +30732.6 ns/s = +30.7 ppm  sigma=32410 ns
------------------------------------------------------------------------
 JIT | Detrended: mean=-9 ns std=30785 ns min=-62328 ns max=+60803 ns n=1030
      | Offset:    mean=+56748 ns std=31113 ns min=+0 ns max=+121247 ns n=1030
------------------------------------------------------------------------
 CLK | One-way delay: mean=+198247 ns std=472376 ns min=-673261 ns max=+1053126 ns n=1029
      | Sigma: 472.4 us  Mean: +198.2 us (expected ~constant)
========================================================================
 PASS: Jitter sigma = 30.8 us
 PASS: Zero packet loss
 PASS: GM regression sigma = 9.8 ns
 PASS: RX crystal = 30.7 ppm
 PASS: Drift sigma = 32410 ns
 WARN: One-way delay sigma = 472.4 us (unstable — frequency tracking issue?)
 PASS: Sync state = LOCKED
========================================================================
[2J[H========================================================================
 LTSP Test Harness v0.4  |  1081s elapsed
========================================================================
 GM  | GPS Lock: YES  PPS: 41641  Crystal: +31296 ns  Interp: +691 ns
      | Regression: a1=-0.041 ppb  sigma=9.8 ns
      | TX latency: mean=+251206 ns std=1178 ns min=+248208 ns max=+254232 ns n=108
------------------------------------------------------------------------
 RX  | Packets: 1081  Seq gaps: 0  Errors: GM=0 RX=0  State: LOCKED
      | Drift: +30706.0 ns/s = +30.7 ppm  sigma=32303 ns
------------------------------------------------------------------------
 JIT | Detrended: mean=-18 ns std=30781 ns min=-62328 ns max=+60803 ns n=1035
      | Offset:    mean=+56747 ns std=31107 ns min=+0 ns max=+121247 ns n=1035
------------------------------------------------------------------------
 CLK | One-way delay: mean=+202223 ns std=474679 ns min=-673261 ns max=+1070911 ns n=1034
      | Sigma: 474.7 us  Mean: +202.2 us (expected ~constant)
========================================================================
 PASS: Jitter sigma = 30.8 us
 PASS: Zero packet loss
 PASS: GM regression sigma = 9.8 ns
 PASS: RX crystal = 30.7 ppm
 PASS: Drift sigma = 32303 ns
 WARN: One-way delay sigma = 474.7 us (unstable — frequency tracking issue?)
 PASS: Sync state = LOCKED
========================================================================
[2J[H========================================================================
 LTSP Test Harness v0.4  |  1086s elapsed
========================================================================
 GM  | GPS Lock: YES  PPS: 41641  Crystal: +31296 ns  Interp: +691 ns
      | Regression: a1=-0.041 ppb  sigma=9.8 ns
      | TX latency: mean=+251206 ns std=1178 ns min=+248208 ns max=+254232 ns n=108
------------------------------------------------------------------------
 RX  | Packets: 1086  Seq gaps: 0  Errors: GM=0 RX=0  State: LOCKED
      | Drift: +30812.9 ns/s = +30.8 ppm  sigma=32621 ns
------------------------------------------------------------------------
 JIT | Detrended: mean=+49 ns std=30799 ns min=-62328 ns max=+60803 ns n=1040
      | Offset:    mean=+56822 ns std=31127 ns min=+0 ns max=+121247 ns n=1040
------------------------------------------------------------------------
 CLK | One-way delay: mean=+206290 ns std=477142 ns min=-673261 ns max=+1084285 ns n=1039
      | Sigma: 477.1 us  Mean: +206.3 us (expected ~constant)
========================================================================
 PASS: Jitter sigma = 30.8 us
 PASS: Zero packet loss
 PASS: GM regression sigma = 9.8 ns
 PASS: RX crystal = 30.8 ppm
 PASS: Drift sigma = 32621 ns
 WARN: One-way delay sigma = 477.1 us (unstable — frequency tracking issue?)
 PASS: Sync state = LOCKED
========================================================================
[2J[H========================================================================
 LTSP Test Harness v0.4  |  1091s elapsed
========================================================================
 GM  | GPS Lock: YES  PPS: 41641  Crystal: +31296 ns  Interp: +691 ns
      | Regression: a1=-0.041 ppb  sigma=9.8 ns
      | TX latency: mean=+251193 ns std=1179 ns min=+248208 ns max=+254232 ns n=109
------------------------------------------------------------------------
 RX  | Packets: 1091  Seq gaps: 0  Errors: GM=0 RX=0  State: LOCKED
      | Drift: +30935.8 ns/s = +30.9 ppm  sigma=32290 ns
------------------------------------------------------------------------
 JIT | Detrended: mean=+84 ns std=30781 ns min=-62328 ns max=+60803 ns n=1045
      | Offset:    mean=+56864 ns std=31109 ns min=+0 ns max=+121247 ns n=1045
------------------------------------------------------------------------
 CLK | One-way delay: mean=+210240 ns std=479398 ns min=-673261 ns max=+1084285 ns n=1044
      | Sigma: 479.4 us  Mean: +210.2 us (expected ~constant)
========================================================================
 PASS: Jitter sigma = 30.8 us
 PASS: Zero packet loss
 PASS: GM regression sigma = 9.8 ns
 PASS: RX crystal = 30.9 ppm
 PASS: Drift sigma = 32290 ns
 WARN: One-way delay sigma = 479.4 us (unstable — frequency tracking issue?)
 PASS: Sync state = LOCKED
========================================================================
[2J[H========================================================================
 LTSP Test Harness v0.4  |  1096s elapsed
========================================================================
 GM  | GPS Lock: YES  PPS: 41641  Crystal: +31296 ns  Interp: +691 ns
      | Regression: a1=-0.041 ppb  sigma=9.8 ns
      | TX latency: mean=+251193 ns std=1179 ns min=+248208 ns max=+254232 ns n=109
------------------------------------------------------------------------
 RX  | Packets: 1096  Seq gaps: 0  Errors: GM=0 RX=0  State: LOCKED
      | Drift: +31051.7 ns/s = +31.1 ppm  sigma=32795 ns
------------------------------------------------------------------------
 JIT | Detrended: mean=+100 ns std=30815 ns min=-62328 ns max=+60803 ns n=1050
      | Offset:    mean=+56887 ns std=31143 ns min=+0 ns max=+121247 ns n=1050
------------------------------------------------------------------------
 CLK | One-way delay: mean=+214281 ns std=481816 ns min=-673261 ns max=+1115798 ns n=1049
      | Sigma: 481.8 us  Mean: +214.3 us (expected ~constant)
========================================================================
 PASS: Jitter sigma = 30.8 us
 PASS: Zero packet loss
 PASS: GM regression sigma = 9.8 ns
 PASS: RX crystal = 31.1 ppm
 PASS: Drift sigma = 32795 ns
 WARN: One-way delay sigma = 481.8 us (unstable — frequency tracking issue?)
 PASS: Sync state = LOCKED
========================================================================
[2J[H========================================================================
 LTSP Test Harness v0.4  |  1101s elapsed
========================================================================
 GM  | GPS Lock: YES  PPS: 41641  Crystal: +31296 ns  Interp: +691 ns
      | Regression: a1=-0.041 ppb  sigma=9.8 ns
      | TX latency: mean=+251175 ns std=1189 ns min=+248208 ns max=+254232 ns n=110
------------------------------------------------------------------------
 RX  | Packets: 1101  Seq gaps: 0  Errors: GM=0 RX=0  State: LOCKED
      | Drift: +31042.8 ns/s = +31.0 ppm  sigma=32848 ns
------------------------------------------------------------------------
 JIT | Detrended: mean=+57 ns std=30831 ns min=-62328 ns max=+60803 ns n=1055
      | Offset:    mean=+56851 ns std=31155 ns min=+0 ns max=+121247 ns n=1055
------------------------------------------------------------------------
 CLK | One-way delay: mean=+218238 ns std=484087 ns min=-673261 ns max=+1115798 ns n=1054
      | Sigma: 484.1 us  Mean: +218.2 us (expected ~constant)
========================================================================
 PASS: Jitter sigma = 30.8 us
 PASS: Zero packet loss
 PASS: GM regression sigma = 9.8 ns
 PASS: RX crystal = 31.0 ppm
 PASS: Drift sigma = 32848 ns
 WARN: One-way delay sigma = 484.1 us (unstable — frequency tracking issue?)
 PASS: Sync state = LOCKED
========================================================================
[2J[H========================================================================
 LTSP Test Harness v0.4  |  1106s elapsed
========================================================================
 GM  | GPS Lock: YES  PPS: 41671  Crystal: +31308 ns  Interp: +679 ns
      | Regression: a1=+0.062 ppb  sigma=8.4 ns
      | TX latency: mean=+251175 ns std=1189 ns min=+248208 ns max=+254232 ns n=110
------------------------------------------------------------------------
 RX  | Packets: 1106  Seq gaps: 0  Errors: GM=0 RX=0  State: LOCKED
      | Drift: +30945.3 ns/s = +30.9 ppm  sigma=32222 ns
------------------------------------------------------------------------
 JIT | Detrended: mean=+55 ns std=30826 ns min=-62328 ns max=+60803 ns n=1060
      | Offset:    mean=+56857 ns std=31149 ns min=+0 ns max=+121247 ns n=1060
------------------------------------------------------------------------
 CLK | One-way delay: mean=+222255 ns std=486458 ns min=-673261 ns max=+1118089 ns n=1059
      | Sigma: 486.5 us  Mean: +222.3 us (expected ~constant)
========================================================================
 PASS: Jitter sigma = 30.8 us
 PASS: Zero packet loss
 PASS: GM regression sigma = 8.4 ns
 PASS: RX crystal = 30.9 ppm
 PASS: Drift sigma = 32222 ns
 WARN: One-way delay sigma = 486.5 us (unstable — frequency tracking issue?)
 PASS: Sync state = LOCKED
========================================================================
[2J[H========================================================================
 LTSP Test Harness v0.4  |  1111s elapsed
========================================================================
 GM  | GPS Lock: YES  PPS: 41671  Crystal: +31308 ns  Interp: +679 ns
      | Regression: a1=+0.062 ppb  sigma=8.4 ns
      | TX latency: mean=+251162 ns std=1192 ns min=+248208 ns max=+254232 ns n=111
------------------------------------------------------------------------
 RX  | Packets: 1111  Seq gaps: 0  Errors: GM=0 RX=0  State: LOCKED
      | Drift: +30869.0 ns/s = +30.9 ppm  sigma=31366 ns
------------------------------------------------------------------------
 JIT | Detrended: mean=-2 ns std=30793 ns min=-62328 ns max=+60803 ns n=1065
      | Offset:    mean=+56806 ns std=31111 ns min=+0 ns max=+121247 ns n=1065
------------------------------------------------------------------------
 CLK | One-way delay: mean=+226216 ns std=488730 ns min=-673261 ns max=+1118089 ns n=1064
      | Sigma: 488.7 us  Mean: +226.2 us (expected ~constant)
========================================================================
 PASS: Jitter sigma = 30.8 us
 PASS: Zero packet loss
 PASS: GM regression sigma = 8.4 ns
 PASS: RX crystal = 30.9 ppm
 PASS: Drift sigma = 31366 ns
 WARN: One-way delay sigma = 488.7 us (unstable — frequency tracking issue?)
 PASS: Sync state = LOCKED
========================================================================
[2J[H========================================================================
 LTSP Test Harness v0.4  |  1116s elapsed
========================================================================
 GM  | GPS Lock: YES  PPS: 41671  Crystal: +31308 ns  Interp: +679 ns
      | Regression: a1=+0.062 ppb  sigma=8.4 ns
      | TX latency: mean=+251162 ns std=1192 ns min=+248208 ns max=+254232 ns n=111
------------------------------------------------------------------------
 RX  | Packets: 1116  Seq gaps: 0  Errors: GM=0 RX=0  State: LOCKED
      | Drift: +30922.2 ns/s = +30.9 ppm  sigma=31604 ns
------------------------------------------------------------------------
 JIT | Detrended: mean=+3 ns std=30798 ns min=-62328 ns max=+60803 ns n=1070
      | Offset:    mean=+56819 ns std=31115 ns min=+0 ns max=+121247 ns n=1070
------------------------------------------------------------------------
 CLK | One-way delay: mean=+230147 ns std=490954 ns min=-673261 ns max=+1118089 ns n=1069
      | Sigma: 491.0 us  Mean: +230.1 us (expected ~constant)
========================================================================
 PASS: Jitter sigma = 30.8 us
 PASS: Zero packet loss
 PASS: GM regression sigma = 8.4 ns
 PASS: RX crystal = 30.9 ppm
 PASS: Drift sigma = 31604 ns
 WARN: One-way delay sigma = 491.0 us (unstable — frequency tracking issue?)
 PASS: Sync state = LOCKED
========================================================================
[2J[H========================================================================
 LTSP Test Harness v0.4  |  1121s elapsed
========================================================================
 GM  | GPS Lock: YES  PPS: 41671  Crystal: +31308 ns  Interp: +679 ns
      | Regression: a1=+0.062 ppb  sigma=8.4 ns
      | TX latency: mean=+251148 ns std=1196 ns min=+248208 ns max=+254232 ns n=112
------------------------------------------------------------------------
 RX  | Packets: 1121  Seq gaps: 0  Errors: GM=0 RX=0  State: LOCKED
      | Drift: +31092.6 ns/s = +31.1 ppm  sigma=31817 ns
------------------------------------------------------------------------
 JIT | Detrended: mean=+70 ns std=30808 ns min=-62328 ns max=+60803 ns n=1075
      | Offset:    mean=+56892 ns std=31128 ns min=+0 ns max=+121247 ns n=1075
------------------------------------------------------------------------
 CLK | One-way delay: mean=+234142 ns std=493287 ns min=-673261 ns max=+1138042 ns n=1074
      | Sigma: 493.3 us  Mean: +234.1 us (expected ~constant)
========================================================================
 PASS: Jitter sigma = 30.8 us
 PASS: Zero packet loss
 PASS: GM regression sigma = 8.4 ns
 PASS: RX crystal = 31.1 ppm
 PASS: Drift sigma = 31817 ns
 WARN: One-way delay sigma = 493.3 us (unstable — frequency tracking issue?)
 PASS: Sync state = LOCKED
========================================================================
[RX] # STATS: PDUs=1137 CSV=1136 Gaps=0 Dups=0 Skip=0 d_min=-58311 ns drift=31032.3 ns/s sigma=31567.1 ns state=LOCKED clk_err=+0 ns
[2J[H========================================================================
 LTSP Test Harness v0.4  |  1126s elapsed
========================================================================
 GM  | GPS Lock: YES  PPS: 41671  Crystal: +31308 ns  Interp: +679 ns
      | Regression: a1=+0.062 ppb  sigma=8.4 ns
      | TX latency: mean=+251148 ns std=1196 ns min=+248208 ns max=+254232 ns n=112
------------------------------------------------------------------------
 RX  | Packets: 1126  Seq gaps: 0  Errors: GM=0 RX=0  State: LOCKED
      | Drift: +30906.6 ns/s = +30.9 ppm  sigma=31623 ns
------------------------------------------------------------------------
 JIT | Detrended: mean=+2 ns std=30790 ns min=-62328 ns max=+60803 ns n=1080
      | Offset:    mean=+56831 ns std=31105 ns min=+0 ns max=+121247 ns n=1080
------------------------------------------------------------------------
 CLK | One-way delay: mean=+238102 ns std=495557 ns min=-673261 ns max=+1138042 ns n=1079
      | Sigma: 495.6 us  Mean: +238.1 us (expected ~constant)
========================================================================
 PASS: Jitter sigma = 30.8 us
 PASS: Zero packet loss
 PASS: GM regression sigma = 8.4 ns
 PASS: RX crystal = 30.9 ppm
 PASS: Drift sigma = 31623 ns
 WARN: One-way delay sigma = 495.6 us (unstable — frequency tracking issue?)
 PASS: Sync state = LOCKED
========================================================================
[2J[H========================================================================
 LTSP Test Harness v0.4  |  1131s elapsed
========================================================================
 GM  | GPS Lock: YES  PPS: 41671  Crystal: +31308 ns  Interp: +679 ns
      | Regression: a1=+0.062 ppb  sigma=8.4 ns
      | TX latency: mean=+251138 ns std=1195 ns min=+248208 ns max=+254232 ns n=113
------------------------------------------------------------------------
 RX  | Packets: 1131  Seq gaps: 0  Errors: GM=0 RX=0  State: LOCKED
      | Drift: +30960.3 ns/s = +31.0 ppm  sigma=32326 ns
------------------------------------------------------------------------
 JIT | Detrended: mean=+82 ns std=30805 ns min=-62328 ns max=+60803 ns n=1085
      | Offset:    mean=+56918 ns std=31123 ns min=+0 ns max=+121247 ns n=1085
------------------------------------------------------------------------
 CLK | One-way delay: mean=+242106 ns std=497907 ns min=-673261 ns max=+1153888 ns n=1084
      | Sigma: 497.9 us  Mean: +242.1 us (expected ~constant)
========================================================================
 PASS: Jitter sigma = 30.8 us
 PASS: Zero packet loss
 PASS: GM regression sigma = 8.4 ns
 PASS: RX crystal = 31.0 ppm
 PASS: Drift sigma = 32326 ns
 WARN: One-way delay sigma = 497.9 us (unstable — frequency tracking issue?)
 PASS: Sync state = LOCKED
========================================================================
[2J[H========================================================================
 LTSP Test Harness v0.4  |  1136s elapsed
========================================================================
 GM  | GPS Lock: YES  PPS: 41701  Crystal: +31332 ns  Interp: -332 ns
      | Regression: a1=-0.011 ppb  sigma=9.3 ns
      | TX latency: mean=+251138 ns std=1195 ns min=+248208 ns max=+254232 ns n=113
------------------------------------------------------------------------
 RX  | Packets: 1136  Seq gaps: 0  Errors: GM=0 RX=0  State: LOCKED
      | Drift: +31084.9 ns/s = +31.1 ppm  sigma=32737 ns
------------------------------------------------------------------------
 JIT | Detrended: mean=+104 ns std=30806 ns min=-62328 ns max=+60803 ns n=1090
      | Offset:    mean=+56947 ns std=31123 ns min=+0 ns max=+121247 ns n=1090
------------------------------------------------------------------------
 CLK | One-way delay: mean=+246166 ns std=500353 ns min=-673261 ns max=+1173281 ns n=1089
      | Sigma: 500.4 us  Mean: +246.2 us (expected ~constant)
========================================================================
 PASS: Jitter sigma = 30.8 us
 PASS: Zero packet loss
 PASS: GM regression sigma = 9.3 ns
 PASS: RX crystal = 31.1 ppm
 PASS: Drift sigma = 32737 ns
 WARN: One-way delay sigma = 500.4 us (unstable — frequency tracking issue?)
 PASS: Sync state = LOCKED
========================================================================
[2J[H========================================================================
 LTSP Test Harness v0.4  |  1141s elapsed
========================================================================
 GM  | GPS Lock: YES  PPS: 41701  Crystal: +31332 ns  Interp: -332 ns
      | Regression: a1=-0.011 ppb  sigma=9.3 ns
      | TX latency: mean=+251112 ns std=1221 ns min=+248208 ns max=+254232 ns n=114
------------------------------------------------------------------------
 RX  | Packets: 1141  Seq gaps: 0  Errors: GM=0 RX=0  State: LOCKED
      | Drift: +31169.7 ns/s = +31.2 ppm  sigma=32580 ns
------------------------------------------------------------------------
 JIT | Detrended: mean=+166 ns std=30793 ns min=-62328 ns max=+60803 ns n=1095
      | Offset:    mean=+57016 ns std=31112 ns min=+0 ns max=+121247 ns n=1095
------------------------------------------------------------------------
 CLK | One-way delay: mean=+250210 ns std=502770 ns min=-673261 ns max=+1173281 ns n=1094
      | Sigma: 502.8 us  Mean: +250.2 us (expected ~constant)
========================================================================
 PASS: Jitter sigma = 30.8 us
 PASS: Zero packet loss
 PASS: GM regression sigma = 9.3 ns
 PASS: RX crystal = 31.2 ppm
 PASS: Drift sigma = 32580 ns
 WARN: One-way delay sigma = 502.8 us (unstable — frequency tracking issue?)
 PASS: Sync state = LOCKED
========================================================================
[2J[H========================================================================
 LTSP Test Harness v0.4  |  1146s elapsed
========================================================================
 GM  | GPS Lock: YES  PPS: 41701  Crystal: +31332 ns  Interp: -332 ns
      | Regression: a1=-0.011 ppb  sigma=9.3 ns
      | TX latency: mean=+251112 ns std=1221 ns min=+248208 ns max=+254232 ns n=114
------------------------------------------------------------------------
 RX  | Packets: 1146  Seq gaps: 0  Errors: GM=0 RX=0  State: LOCKED
      | Drift: +31274.6 ns/s = +31.3 ppm  sigma=32074 ns
------------------------------------------------------------------------
 JIT | Detrended: mean=+162 ns std=30780 ns min=-62328 ns max=+60803 ns n=1100
      | Offset:    mean=+57018 ns std=31098 ns min=+0 ns max=+121247 ns n=1100
------------------------------------------------------------------------
 CLK | One-way delay: mean=+254261 ns std=505198 ns min=-673261 ns max=+1175181 ns n=1099
      | Sigma: 505.2 us  Mean: +254.3 us (expected ~constant)
========================================================================
 PASS: Jitter sigma = 30.8 us
 PASS: Zero packet loss
 PASS: GM regression sigma = 9.3 ns
 PASS: RX crystal = 31.3 ppm
 PASS: Drift sigma = 32074 ns
 WARN: One-way delay sigma = 505.2 us (unstable — frequency tracking issue?)
 PASS: Sync state = LOCKED
========================================================================
[2J[H========================================================================
 LTSP Test Harness v0.4  |  1151s elapsed
========================================================================
 GM  | GPS Lock: YES  PPS: 41701  Crystal: +31332 ns  Interp: -332 ns
      | Regression: a1=-0.011 ppb  sigma=9.3 ns
      | TX latency: mean=+251087 ns std=1244 ns min=+248208 ns max=+254232 ns n=115
------------------------------------------------------------------------
 RX  | Packets: 1151  Seq gaps: 0  Errors: GM=0 RX=0  State: LOCKED
      | Drift: +31263.1 ns/s = +31.3 ppm  sigma=33604 ns
------------------------------------------------------------------------
 JIT | Detrended: mean=+111 ns std=30847 ns min=-62328 ns max=+60803 ns n=1105
      | Offset:    mean=+56974 ns std=31161 ns min=+0 ns max=+121247 ns n=1105
------------------------------------------------------------------------
 CLK | One-way delay: mean=+258270 ns std=507554 ns min=-673261 ns max=+1200408 ns n=1104
      | Sigma: 507.6 us  Mean: +258.3 us (expected ~constant)
========================================================================
 PASS: Jitter sigma = 30.8 us
 PASS: Zero packet loss
 PASS: GM regression sigma = 9.3 ns
 PASS: RX crystal = 31.3 ppm
 PASS: Drift sigma = 33604 ns
 WARN: One-way delay sigma = 507.6 us (unstable — frequency tracking issue?)
 PASS: Sync state = LOCKED
========================================================================
[2J[H========================================================================
 LTSP Test Harness v0.4  |  1156s elapsed
========================================================================
 GM  | GPS Lock: YES  PPS: 41701  Crystal: +31332 ns  Interp: -332 ns
      | Regression: a1=-0.011 ppb  sigma=9.3 ns
      | TX latency: mean=+251087 ns std=1244 ns min=+248208 ns max=+254232 ns n=115
------------------------------------------------------------------------
 RX  | Packets: 1156  Seq gaps: 0  Errors: GM=0 RX=0  State: LOCKED
      | Drift: +31340.7 ns/s = +31.3 ppm  sigma=32652 ns
------------------------------------------------------------------------
 JIT | Detrended: mean=+124 ns std=30838 ns min=-62328 ns max=+60803 ns n=1110
      | Offset:    mean=+56994 ns std=31150 ns min=+0 ns max=+121247 ns n=1110
------------------------------------------------------------------------
 CLK | One-way delay: mean=+262333 ns std=510003 ns min=-673261 ns max=+1204072 ns n=1109
      | Sigma: 510.0 us  Mean: +262.3 us (expected ~constant)
========================================================================
 PASS: Jitter sigma = 30.8 us
 PASS: Zero packet loss
 PASS: GM regression sigma = 9.3 ns
 PASS: RX crystal = 31.3 ppm
 PASS: Drift sigma = 32652 ns
 WARN: One-way delay sigma = 510.0 us (unstable — frequency tracking issue?)
 PASS: Sync state = LOCKED
========================================================================
[2J[H========================================================================
 LTSP Test Harness v0.4  |  1161s elapsed
========================================================================
 GM  | GPS Lock: YES  PPS: 41701  Crystal: +31332 ns  Interp: -332 ns
      | Regression: a1=-0.011 ppb  sigma=9.3 ns
      | TX latency: mean=+251099 ns std=1245 ns min=+248208 ns max=+254232 ns n=116
------------------------------------------------------------------------
 RX  | Packets: 1161  Seq gaps: 0  Errors: GM=0 RX=0  State: LOCKED
      | Drift: +31282.2 ns/s = +31.3 ppm  sigma=32510 ns
------------------------------------------------------------------------
 JIT | Detrended: mean=+110 ns std=30843 ns min=-62328 ns max=+60803 ns n=1115
      | Offset:    mean=+56986 ns std=31154 ns min=+0 ns max=+121247 ns n=1115
------------------------------------------------------------------------
 CLK | One-way delay: mean=+266380 ns std=512420 ns min=-673261 ns max=+1209440 ns n=1114
      | Sigma: 512.4 us  Mean: +266.4 us (expected ~constant)
========================================================================
 PASS: Jitter sigma = 30.8 us
 PASS: Zero packet loss
 PASS: GM regression sigma = 9.3 ns
 PASS: RX crystal = 31.3 ppm
 PASS: Drift sigma = 32510 ns
 WARN: One-way delay sigma = 512.4 us (unstable — frequency tracking issue?)
 PASS: Sync state = LOCKED
========================================================================
[2J[H========================================================================
 LTSP Test Harness v0.4  |  1166s elapsed
========================================================================
 GM  | GPS Lock: YES  PPS: 41731  Crystal: +31344 ns  Interp: -344 ns
      | Regression: a1=+0.087 ppb  sigma=8.7 ns
      | TX latency: mean=+251099 ns std=1245 ns min=+248208 ns max=+254232 ns n=116
------------------------------------------------------------------------
 RX  | Packets: 1166  Seq gaps: 0  Errors: GM=0 RX=0  State: LOCKED
      | Drift: +31307.7 ns/s = +31.3 ppm  sigma=32642 ns
------------------------------------------------------------------------
 JIT | Detrended: mean=+113 ns std=30844 ns min=-62328 ns max=+60803 ns n=1120
      | Offset:    mean=+56996 ns std=31154 ns min=+0 ns max=+121247 ns n=1120
------------------------------------------------------------------------
 CLK | One-way delay: mean=+270355 ns std=514715 ns min=-673261 ns max=+1220757 ns n=1119
      | Sigma: 514.7 us  Mean: +270.4 us (expected ~constant)
========================================================================
 PASS: Jitter sigma = 30.8 us
 PASS: Zero packet loss
 PASS: GM regression sigma = 8.7 ns
 PASS: RX crystal = 31.3 ppm
 PASS: Drift sigma = 32642 ns
 WARN: One-way delay sigma = 514.7 us (unstable — frequency tracking issue?)
 PASS: Sync state = LOCKED
========================================================================
[2J[H========================================================================
 LTSP Test Harness v0.4  |  1171s elapsed
========================================================================
 GM  | GPS Lock: YES  PPS: 41731  Crystal: +31344 ns  Interp: -344 ns
      | Regression: a1=+0.087 ppb  sigma=8.7 ns
      | TX latency: mean=+251088 ns std=1245 ns min=+248208 ns max=+254232 ns n=117
------------------------------------------------------------------------
 RX  | Packets: 1171  Seq gaps: 0  Errors: GM=0 RX=0  State: LOCKED
      | Drift: +31215.1 ns/s = +31.2 ppm  sigma=32778 ns
------------------------------------------------------------------------
 JIT | Detrended: mean=+118 ns std=30827 ns min=-62328 ns max=+60803 ns n=1125
      | Offset:    mean=+57007 ns std=31136 ns min=+0 ns max=+121247 ns n=1125
------------------------------------------------------------------------
 CLK | One-way delay: mean=+274331 ns std=517010 ns min=-673261 ns max=+1220757 ns n=1124
      | Sigma: 517.0 us  Mean: +274.3 us (expected ~constant)
========================================================================
 PASS: Jitter sigma = 30.8 us
 PASS: Zero packet loss
 PASS: GM regression sigma = 8.7 ns
 PASS: RX crystal = 31.2 ppm
 PASS: Drift sigma = 32778 ns
 WARN: One-way delay sigma = 517.0 us (unstable — frequency tracking issue?)
 PASS: Sync state = LOCKED
========================================================================
[2J[H========================================================================
 LTSP Test Harness v0.4  |  1176s elapsed
========================================================================
 GM  | GPS Lock: YES  PPS: 41731  Crystal: +31344 ns  Interp: -344 ns
      | Regression: a1=+0.087 ppb  sigma=8.7 ns
      | TX latency: mean=+251088 ns std=1245 ns min=+248208 ns max=+254232 ns n=117
------------------------------------------------------------------------
 RX  | Packets: 1176  Seq gaps: 0  Errors: GM=0 RX=0  State: LOCKED
      | Drift: +31253.1 ns/s = +31.3 ppm  sigma=32200 ns
------------------------------------------------------------------------
 JIT | Detrended: mean=+139 ns std=30799 ns min=-62328 ns max=+60803 ns n=1130
      | Offset:    mean=+57034 ns std=31108 ns min=+0 ns max=+121247 ns n=1130
------------------------------------------------------------------------
 CLK | One-way delay: mean=+278315 ns std=519316 ns min=-673261 ns max=+1220757 ns n=1129
      | Sigma: 519.3 us  Mean: +278.3 us (expected ~constant)
========================================================================
 PASS: Jitter sigma = 30.8 us
 PASS: Zero packet loss
 PASS: GM regression sigma = 8.7 ns
 PASS: RX crystal = 31.3 ppm
 PASS: Drift sigma = 32200 ns
 WARN: One-way delay sigma = 519.3 us (unstable — frequency tracking issue?)
 PASS: Sync state = LOCKED
========================================================================
[2J[H========================================================================
 LTSP Test Harness v0.4  |  1181s elapsed
========================================================================
 GM  | GPS Lock: YES  PPS: 41731  Crystal: +31344 ns  Interp: -344 ns
      | Regression: a1=+0.087 ppb  sigma=8.7 ns
      | TX latency: mean=+251086 ns std=1240 ns min=+248208 ns max=+254232 ns n=118
------------------------------------------------------------------------
 RX  | Packets: 1181  Seq gaps: 0  Errors: GM=0 RX=0  State: LOCKED
      | Drift: +31119.5 ns/s = +31.1 ppm  sigma=32428 ns
------------------------------------------------------------------------
 JIT | Detrended: mean=+27 ns std=30814 ns min=-62328 ns max=+60803 ns n=1135
      | Offset:    mean=+56929 ns std=31116 ns min=+0 ns max=+121247 ns n=1135
------------------------------------------------------------------------
 CLK | One-way delay: mean=+282266 ns std=521566 ns min=-673261 ns max=+1222966 ns n=1134
      | Sigma: 521.6 us  Mean: +282.3 us (expected ~constant)
========================================================================
 PASS: Jitter sigma = 30.8 us
 PASS: Zero packet loss
 PASS: GM regression sigma = 8.7 ns
 PASS: RX crystal = 31.1 ppm
 PASS: Drift sigma = 32428 ns
 WARN: One-way delay sigma = 521.6 us (unstable — frequency tracking issue?)
 PASS: Sync state = LOCKED
========================================================================
[RX] # STATS: PDUs=1197 CSV=1196 Gaps=0 Dups=0 Skip=0 d_min=-58311 ns drift=31106.7 ns/s sigma=32509.3 ns state=LOCKED clk_err=+0 ns
[2J[H========================================================================
 LTSP Test Harness v0.4  |  1186s elapsed
========================================================================
 GM  | GPS Lock: YES  PPS: 41731  Crystal: +31344 ns  Interp: -344 ns
      | Regression: a1=+0.087 ppb  sigma=8.7 ns
      | TX latency: mean=+251086 ns std=1240 ns min=+248208 ns max=+254232 ns n=118
------------------------------------------------------------------------
 RX  | Packets: 1186  Seq gaps: 0  Errors: GM=0 RX=0  State: LOCKED
      | Drift: +30803.4 ns/s = +30.8 ppm  sigma=31625 ns
------------------------------------------------------------------------
 JIT | Detrended: mean=-31 ns std=30793 ns min=-62328 ns max=+60803 ns n=1140
      | Offset:    mean=+56876 ns std=31092 ns min=+0 ns max=+121247 ns n=1140
------------------------------------------------------------------------
 CLK | One-way delay: mean=+286229 ns std=523835 ns min=-673261 ns max=+1222966 ns n=1139
      | Sigma: 523.8 us  Mean: +286.2 us (expected ~constant)
========================================================================
 PASS: Jitter sigma = 30.8 us
 PASS: Zero packet loss
 PASS: GM regression sigma = 8.7 ns
 PASS: RX crystal = 30.8 ppm
 PASS: Drift sigma = 31625 ns
 WARN: One-way delay sigma = 523.8 us (unstable — frequency tracking issue?)
 PASS: Sync state = LOCKED
========================================================================
[2J[H========================================================================
 LTSP Test Harness v0.4  |  1191s elapsed
========================================================================
 GM  | GPS Lock: YES  PPS: 41731  Crystal: +31344 ns  Interp: -344 ns
      | Regression: a1=+0.087 ppb  sigma=8.7 ns
      | TX latency: mean=+251084 ns std=1235 ns min=+248208 ns max=+254232 ns n=119
------------------------------------------------------------------------
 RX  | Packets: 1191  Seq gaps: 0  Errors: GM=0 RX=0  State: LOCKED
      | Drift: +30939.1 ns/s = +30.9 ppm  sigma=32312 ns
------------------------------------------------------------------------
 JIT | Detrended: mean=+29 ns std=30820 ns min=-62328 ns max=+60803 ns n=1145
      | Offset:    mean=+56938 ns std=31116 ns min=+0 ns max=+121247 ns n=1145
------------------------------------------------------------------------
 CLK | One-way delay: mean=+290288 ns std=526274 ns min=-673261 ns max=+1255606 ns n=1144
      | Sigma: 526.3 us  Mean: +290.3 us (expected ~constant)
========================================================================
 PASS: Jitter sigma = 30.8 us
 PASS: Zero packet loss
 PASS: GM regression sigma = 8.7 ns
 PASS: RX crystal = 30.9 ppm
 PASS: Drift sigma = 32312 ns
 WARN: One-way delay sigma = 526.3 us (unstable — frequency tracking issue?)
 PASS: Sync state = LOCKED
========================================================================
[2J[H========================================================================
 LTSP Test Harness v0.4  |  1196s elapsed
========================================================================
 GM  | GPS Lock: YES  PPS: 41761  Crystal: +31344 ns  Interp: -356 ns
      | Regression: a1=+0.108 ppb  sigma=11.8 ns
      | TX latency: mean=+251084 ns std=1235 ns min=+248208 ns max=+254232 ns n=119
------------------------------------------------------------------------
 RX  | Packets: 1196  Seq gaps: 0  Errors: GM=0 RX=0  State: LOCKED
      | Drift: +30943.9 ns/s = +30.9 ppm  sigma=32996 ns
------------------------------------------------------------------------
 JIT | Detrended: mean=+56 ns std=30857 ns min=-62328 ns max=+60803 ns n=1150
      | Offset:    mean=+56965 ns std=31152 ns min=+0 ns max=+121247 ns n=1150
------------------------------------------------------------------------
 CLK | One-way delay: mean=+294322 ns std=528669 ns min=-673261 ns max=+1267475 ns n=1149
      | Sigma: 528.7 us  Mean: +294.3 us (expected ~constant)
========================================================================
 PASS: Jitter sigma = 30.9 us
 PASS: Zero packet loss
 PASS: GM regression sigma = 11.8 ns
 PASS: RX crystal = 30.9 ppm
 PASS: Drift sigma = 32996 ns
 WARN: One-way delay sigma = 528.7 us (unstable — frequency tracking issue?)
 PASS: Sync state = LOCKED
========================================================================
[2J[H========================================================================
 LTSP Test Harness v0.4  |  1201s elapsed
========================================================================
 GM  | GPS Lock: YES  PPS: 41761  Crystal: +31344 ns  Interp: -356 ns
      | Regression: a1=+0.108 ppb  sigma=11.8 ns
      | TX latency: mean=+251113 ns std=1272 ns min=+248208 ns max=+254640 ns n=120
------------------------------------------------------------------------
 RX  | Packets: 1201  Seq gaps: 0  Errors: GM=0 RX=0  State: LOCKED
      | Drift: +31159.2 ns/s = +31.2 ppm  sigma=33016 ns
------------------------------------------------------------------------
 JIT | Detrended: mean=+103 ns std=30836 ns min=-62328 ns max=+60803 ns n=1155
      | Offset:    mean=+57013 ns std=31129 ns min=+0 ns max=+121247 ns n=1155
------------------------------------------------------------------------
 CLK | One-way delay: mean=+298308 ns std=530979 ns min=-673261 ns max=+1267475 ns n=1154
      | Sigma: 531.0 us  Mean: +298.3 us (expected ~constant)
========================================================================
 PASS: Jitter sigma = 30.8 us
 PASS: Zero packet loss
 PASS: GM regression sigma = 11.8 ns
 PASS: RX crystal = 31.2 ppm
 PASS: Drift sigma = 33016 ns
 WARN: One-way delay sigma = 531.0 us (unstable — frequency tracking issue?)
 PASS: Sync state = LOCKED
========================================================================
[2J[H========================================================================
 LTSP Test Harness v0.4  |  1206s elapsed
========================================================================
 GM  | GPS Lock: YES  PPS: 41761  Crystal: +31344 ns  Interp: -356 ns
      | Regression: a1=+0.108 ppb  sigma=11.8 ns
      | TX latency: mean=+251113 ns std=1272 ns min=+248208 ns max=+254640 ns n=120
------------------------------------------------------------------------
 RX  | Packets: 1206  Seq gaps: 0  Errors: GM=0 RX=0  State: LOCKED
      | Drift: +31197.7 ns/s = +31.2 ppm  sigma=33773 ns
------------------------------------------------------------------------
 JIT | Detrended: mean=+115 ns std=30860 ns min=-62328 ns max=+60803 ns n=1160
      | Offset:    mean=+57025 ns std=31152 ns min=+0 ns max=+121247 ns n=1160
------------------------------------------------------------------------
 CLK | One-way delay: mean=+302357 ns std=533400 ns min=-673261 ns max=+1284760 ns n=1159
      | Sigma: 533.4 us  Mean: +302.4 us (expected ~constant)
========================================================================
 PASS: Jitter sigma = 30.9 us
 PASS: Zero packet loss
 PASS: GM regression sigma = 11.8 ns
 PASS: RX crystal = 31.2 ppm
 PASS: Drift sigma = 33773 ns
 WARN: One-way delay sigma = 533.4 us (unstable — frequency tracking issue?)
 PASS: Sync state = LOCKED
========================================================================
[2J[H========================================================================
 LTSP Test Harness v0.4  |  1211s elapsed
========================================================================
 GM  | GPS Lock: YES  PPS: 41761  Crystal: +31344 ns  Interp: -356 ns
      | Regression: a1=+0.108 ppb  sigma=11.8 ns
      | TX latency: mean=+251101 ns std=1274 ns min=+248208 ns max=+254640 ns n=121
------------------------------------------------------------------------
 RX  | Packets: 1211  Seq gaps: 0  Errors: GM=0 RX=0  State: LOCKED
      | Drift: +31081.8 ns/s = +31.1 ppm  sigma=32462 ns
------------------------------------------------------------------------
 JIT | Detrended: mean=+108 ns std=30855 ns min=-62328 ns max=+60803 ns n=1165
      | Offset:    mean=+57018 ns std=31146 ns min=+0 ns max=+121247 ns n=1165
------------------------------------------------------------------------
 CLK | One-way delay: mean=+306388 ns std=535786 ns min=-673261 ns max=+1285206 ns n=1164
      | Sigma: 535.8 us  Mean: +306.4 us (expected ~constant)
========================================================================
 PASS: Jitter sigma = 30.9 us
 PASS: Zero packet loss
 PASS: GM regression sigma = 11.8 ns
 PASS: RX crystal = 31.1 ppm
 PASS: Drift sigma = 32462 ns
 WARN: One-way delay sigma = 535.8 us (unstable — frequency tracking issue?)
 PASS: Sync state = LOCKED
========================================================================
[2J[H========================================================================
 LTSP Test Harness v0.4  |  1216s elapsed
========================================================================
 GM  | GPS Lock: YES  PPS: 41761  Crystal: +31344 ns  Interp: -356 ns
      | Regression: a1=+0.108 ppb  sigma=11.8 ns
      | TX latency: mean=+251101 ns std=1274 ns min=+248208 ns max=+254640 ns n=121
------------------------------------------------------------------------
 RX  | Packets: 1216  Seq gaps: 0  Errors: GM=0 RX=0  State: LOCKED
      | Drift: +31091.7 ns/s = +31.1 ppm  sigma=32327 ns
------------------------------------------------------------------------
 JIT | Detrended: mean=+103 ns std=30837 ns min=-62328 ns max=+60803 ns n=1170
      | Offset:    mean=+57013 ns std=31127 ns min=+0 ns max=+121247 ns n=1170
------------------------------------------------------------------------
 CLK | One-way delay: mean=+310429 ns std=538187 ns min=-673261 ns max=+1292940 ns n=1169
      | Sigma: 538.2 us  Mean: +310.4 us (expected ~constant)
========================================================================
 PASS: Jitter sigma = 30.8 us
 PASS: Zero packet loss
 PASS: GM regression sigma = 11.8 ns
 PASS: RX crystal = 31.1 ppm
 PASS: Drift sigma = 32327 ns
 WARN: One-way delay sigma = 538.2 us (unstable — frequency tracking issue?)
 PASS: Sync state = LOCKED
========================================================================
[2J[H========================================================================
 LTSP Test Harness v0.4  |  1221s elapsed
========================================================================
 GM  | GPS Lock: YES  PPS: 41761  Crystal: +31344 ns  Interp: -356 ns
      | Regression: a1=+0.108 ppb  sigma=11.8 ns
      | TX latency: mean=+251107 ns std=1270 ns min=+248208 ns max=+254640 ns n=122
------------------------------------------------------------------------
 RX  | Packets: 1221  Seq gaps: 0  Errors: GM=0 RX=0  State: LOCKED
      | Drift: +30902.2 ns/s = +30.9 ppm  sigma=31902 ns
------------------------------------------------------------------------
 JIT | Detrended: mean=+22 ns std=30820 ns min=-62328 ns max=+60803 ns n=1175
      | Offset:    mean=+56932 ns std=31108 ns min=+0 ns max=+121247 ns n=1175
------------------------------------------------------------------------
 CLK | One-way delay: mean=+314341 ns std=540367 ns min=-673261 ns max=+1292940 ns n=1174
      | Sigma: 540.4 us  Mean: +314.3 us (expected ~constant)
========================================================================
 PASS: Jitter sigma = 30.8 us
 PASS: Zero packet loss
 PASS: GM regression sigma = 11.8 ns
 PASS: RX crystal = 30.9 ppm
 PASS: Drift sigma = 31902 ns
 WARN: One-way delay sigma = 540.4 us (unstable — frequency tracking issue?)
 PASS: Sync state = LOCKED
========================================================================
[2J[H========================================================================
 LTSP Test Harness v0.4  |  1226s elapsed
========================================================================
 GM  | GPS Lock: YES  PPS: 41791  Crystal: +31368 ns  Interp: -380 ns
      | Regression: a1=+0.226 ppb  sigma=14.4 ns
      | TX latency: mean=+251107 ns std=1270 ns min=+248208 ns max=+254640 ns n=122
------------------------------------------------------------------------
 RX  | Packets: 1226  Seq gaps: 0  Errors: GM=0 RX=0  State: LOCKED
      | Drift: +30813.6 ns/s = +30.8 ppm  sigma=31700 ns
------------------------------------------------------------------------
 JIT | Detrended: mean=-30 ns std=30811 ns min=-62328 ns max=+60803 ns n=1180
      | Offset:    mean=+56881 ns std=31098 ns min=+0 ns max=+121247 ns n=1180
------------------------------------------------------------------------
 CLK | One-way delay: mean=+318329 ns std=542677 ns min=-673261 ns max=+1292940 ns n=1179
      | Sigma: 542.7 us  Mean: +318.3 us (expected ~constant)
========================================================================
 PASS: Jitter sigma = 30.8 us
 PASS: Zero packet loss
 PASS: GM regression sigma = 14.4 ns
 PASS: RX crystal = 30.8 ppm
 PASS: Drift sigma = 31700 ns
 WARN: One-way delay sigma = 542.7 us (unstable — frequency tracking issue?)
 PASS: Sync state = LOCKED
========================================================================
[2J[H========================================================================
 LTSP Test Harness v0.4  |  1231s elapsed
========================================================================
 GM  | GPS Lock: YES  PPS: 41791  Crystal: +31368 ns  Interp: -380 ns
      | Regression: a1=+0.226 ppb  sigma=14.4 ns
      | TX latency: mean=+251093 ns std=1274 ns min=+248208 ns max=+254640 ns n=123
------------------------------------------------------------------------
 RX  | Packets: 1231  Seq gaps: 0  Errors: GM=0 RX=0  State: LOCKED
      | Drift: +30919.6 ns/s = +30.9 ppm  sigma=32546 ns
------------------------------------------------------------------------
 JIT | Detrended: mean=+4 ns std=30835 ns min=-62328 ns max=+60803 ns n=1185
      | Offset:    mean=+56915 ns std=31121 ns min=+0 ns max=+121247 ns n=1185
------------------------------------------------------------------------
 CLK | One-way delay: mean=+322263 ns std=544897 ns min=-673261 ns max=+1319406 ns n=1184
      | Sigma: 544.9 us  Mean: +322.3 us (expected ~constant)
========================================================================
 PASS: Jitter sigma = 30.8 us
 PASS: Zero packet loss
 PASS: GM regression sigma = 14.4 ns
 PASS: RX crystal = 30.9 ppm
 PASS: Drift sigma = 32546 ns
 WARN: One-way delay sigma = 544.9 us (unstable — frequency tracking issue?)
 PASS: Sync state = LOCKED
========================================================================
[2J[H========================================================================
 LTSP Test Harness v0.4  |  1236s elapsed
========================================================================
 GM  | GPS Lock: YES  PPS: 41791  Crystal: +31368 ns  Interp: -380 ns
      | Regression: a1=+0.226 ppb  sigma=14.4 ns
      | TX latency: mean=+251093 ns std=1274 ns min=+248208 ns max=+254640 ns n=123
------------------------------------------------------------------------
 RX  | Packets: 1236  Seq gaps: 0  Errors: GM=0 RX=0  State: LOCKED
      | Drift: +31211.9 ns/s = +31.2 ppm  sigma=33183 ns
------------------------------------------------------------------------
 JIT | Detrended: mean=+83 ns std=30852 ns min=-62328 ns max=+60803 ns n=1190
      | Offset:    mean=+56994 ns std=31137 ns min=+0 ns max=+121247 ns n=1190
------------------------------------------------------------------------
 CLK | One-way delay: mean=+326276 ns std=547252 ns min=-673261 ns max=+1337840 ns n=1189
      | Sigma: 547.3 us  Mean: +326.3 us (expected ~constant)
========================================================================
 PASS: Jitter sigma = 30.9 us
 PASS: Zero packet loss
 PASS: GM regression sigma = 14.4 ns
 PASS: RX crystal = 31.2 ppm
 PASS: Drift sigma = 33183 ns
 WARN: One-way delay sigma = 547.3 us (unstable — frequency tracking issue?)
 PASS: Sync state = LOCKED
========================================================================
[2J[H========================================================================
 LTSP Test Harness v0.4  |  1241s elapsed
========================================================================
 GM  | GPS Lock: YES  PPS: 41791  Crystal: +31368 ns  Interp: -380 ns
      | Regression: a1=+0.226 ppb  sigma=14.4 ns
      | TX latency: mean=+251070 ns std=1295 ns min=+248208 ns max=+254640 ns n=124
------------------------------------------------------------------------
 RX  | Packets: 1241  Seq gaps: 0  Errors: GM=0 RX=0  State: LOCKED
      | Drift: +31070.8 ns/s = +31.1 ppm  sigma=33096 ns
------------------------------------------------------------------------
 JIT | Detrended: mean=+77 ns std=30839 ns min=-62328 ns max=+60803 ns n=1195
      | Offset:    mean=+56989 ns std=31123 ns min=+0 ns max=+121247 ns n=1195
------------------------------------------------------------------------
 CLK | One-way delay: mean=+330304 ns std=549631 ns min=-673261 ns max=+1337840 ns n=1194
      | Sigma: 549.6 us  Mean: +330.3 us (expected ~constant)
========================================================================
 PASS: Jitter sigma = 30.8 us
 PASS: Zero packet loss
 PASS: GM regression sigma = 14.4 ns
 PASS: RX crystal = 31.1 ppm
 PASS: Drift sigma = 33096 ns
 WARN: One-way delay sigma = 549.6 us (unstable — frequency tracking issue?)
 PASS: Sync state = LOCKED
========================================================================
[RX] # STATS: PDUs=1257 CSV=1256 Gaps=0 Dups=0 Skip=0 d_min=-56973 ns drift=31000.6 ns/s sigma=33212.1 ns state=LOCKED clk_err=+0 ns
[2J[H========================================================================
 LTSP Test Harness v0.4  |  1246s elapsed
========================================================================
 GM  | GPS Lock: YES  PPS: 41791  Crystal: +31368 ns  Interp: -380 ns
      | Regression: a1=+0.226 ppb  sigma=14.4 ns
      | TX latency: mean=+251070 ns std=1295 ns min=+248208 ns max=+254640 ns n=124
------------------------------------------------------------------------
 RX  | Packets: 1246  Seq gaps: 0  Errors: GM=0 RX=0  State: LOCKED
      | Drift: +30923.5 ns/s = +30.9 ppm  sigma=32851 ns
------------------------------------------------------------------------
 JIT | Detrended: mean=+73 ns std=30816 ns min=-62328 ns max=+60803 ns n=1200
      | Offset:    mean=+56984 ns std=31098 ns min=+0 ns max=+121247 ns n=1200
------------------------------------------------------------------------
 CLK | One-way delay: mean=+334231 ns std=551837 ns min=-673261 ns max=+1337840 ns n=1199
      | Sigma: 551.8 us  Mean: +334.2 us (expected ~constant)
========================================================================
 PASS: Jitter sigma = 30.8 us
 PASS: Zero packet loss
 PASS: GM regression sigma = 14.4 ns
 PASS: RX crystal = 30.9 ppm
 PASS: Drift sigma = 32851 ns
 WARN: One-way delay sigma = 551.8 us (unstable — frequency tracking issue?)
 PASS: Sync state = LOCKED
========================================================================
[2J[H========================================================================
 LTSP Test Harness v0.4  |  1251s elapsed
========================================================================
 GM  | GPS Lock: YES  PPS: 41791  Crystal: +31368 ns  Interp: -380 ns
      | Regression: a1=+0.226 ppb  sigma=14.4 ns
      | TX latency: mean=+251071 ns std=1290 ns min=+248208 ns max=+254640 ns n=125
------------------------------------------------------------------------
 RX  | Packets: 1251  Seq gaps: 0  Errors: GM=0 RX=0  State: LOCKED
      | Drift: +30859.1 ns/s = +30.9 ppm  sigma=32370 ns
------------------------------------------------------------------------
 JIT | Detrended: mean=+25 ns std=30805 ns min=-62328 ns max=+60803 ns n=1205
      | Offset:    mean=+56937 ns std=31086 ns min=+0 ns max=+121247 ns n=1205
------------------------------------------------------------------------
 CLK | One-way delay: mean=+338191 ns std=554098 ns min=-673261 ns max=+1337840 ns n=1204
      | Sigma: 554.1 us  Mean: +338.2 us (expected ~constant)
========================================================================
 PASS: Jitter sigma = 30.8 us
 PASS: Zero packet loss
 PASS: GM regression sigma = 14.4 ns
 PASS: RX crystal = 30.9 ppm
 PASS: Drift sigma = 32370 ns
 WARN: One-way delay sigma = 554.1 us (unstable — frequency tracking issue?)
 PASS: Sync state = LOCKED
========================================================================
[2J[H========================================================================
 LTSP Test Harness v0.4  |  1256s elapsed
========================================================================
 GM  | GPS Lock: YES  PPS: 41821  Crystal: +31380 ns  Interp: -380 ns
      | Regression: a1=-0.025 ppb  sigma=10.7 ns
      | TX latency: mean=+251071 ns std=1290 ns min=+248208 ns max=+254640 ns n=125
------------------------------------------------------------------------
 RX  | Packets: 1256  Seq gaps: 0  Errors: GM=0 RX=0  State: LOCKED
      | Drift: +30871.6 ns/s = +30.9 ppm  sigma=31774 ns
------------------------------------------------------------------------
 JIT | Detrended: mean=+41 ns std=30809 ns min=-62328 ns max=+60803 ns n=1210
      | Offset:    mean=+56954 ns std=31090 ns min=+0 ns max=+121247 ns n=1210
------------------------------------------------------------------------
 CLK | One-way delay: mean=+342212 ns std=556467 ns min=-673261 ns max=+1347096 ns n=1209
      | Sigma: 556.5 us  Mean: +342.2 us (expected ~constant)
========================================================================
 PASS: Jitter sigma = 30.8 us
 PASS: Zero packet loss
 PASS: GM regression sigma = 10.7 ns
 PASS: RX crystal = 30.9 ppm
 PASS: Drift sigma = 31774 ns
 WARN: One-way delay sigma = 556.5 us (unstable — frequency tracking issue?)
 PASS: Sync state = LOCKED
========================================================================
[2J[H========================================================================
 LTSP Test Harness v0.4  |  1261s elapsed
========================================================================
 GM  | GPS Lock: YES  PPS: 41821  Crystal: +31380 ns  Interp: -380 ns
      | Regression: a1=-0.025 ppb  sigma=10.7 ns
      | TX latency: mean=+251072 ns std=1285 ns min=+248208 ns max=+254640 ns n=126
------------------------------------------------------------------------
 RX  | Packets: 1261  Seq gaps: 0  Errors: GM=0 RX=0  State: LOCKED
      | Drift: +30974.7 ns/s = +31.0 ppm  sigma=32138 ns
------------------------------------------------------------------------
 JIT | Detrended: mean=+48 ns std=30807 ns min=-62328 ns max=+60803 ns n=1215
      | Offset:    mean=+56961 ns std=31086 ns min=+0 ns max=+121247 ns n=1215
------------------------------------------------------------------------
 CLK | One-way delay: mean=+346233 ns std=558834 ns min=-673261 ns max=+1357155 ns n=1214
      | Sigma: 558.8 us  Mean: +346.2 us (expected ~constant)
========================================================================
 PASS: Jitter sigma = 30.8 us
 PASS: Zero packet loss
 PASS: GM regression sigma = 10.7 ns
 PASS: RX crystal = 31.0 ppm
 PASS: Drift sigma = 32138 ns
 WARN: One-way delay sigma = 558.8 us (unstable — frequency tracking issue?)
 PASS: Sync state = LOCKED
========================================================================
[2J[H========================================================================
 LTSP Test Harness v0.4  |  1266s elapsed
========================================================================
 GM  | GPS Lock: YES  PPS: 41821  Crystal: +31380 ns  Interp: -380 ns
      | Regression: a1=-0.025 ppb  sigma=10.7 ns
      | TX latency: mean=+251072 ns std=1285 ns min=+248208 ns max=+254640 ns n=126
------------------------------------------------------------------------
 RX  | Packets: 1266  Seq gaps: 0  Errors: GM=0 RX=0  State: LOCKED
      | Drift: +31267.4 ns/s = +31.3 ppm  sigma=31845 ns
------------------------------------------------------------------------
 JIT | Detrended: mean=+145 ns std=30829 ns min=-62328 ns max=+60803 ns n=1220
      | Offset:    mean=+57058 ns std=31107 ns min=+0 ns max=+121247 ns n=1220
------------------------------------------------------------------------
 CLK | One-way delay: mean=+350218 ns std=561140 ns min=-673261 ns max=+1365624 ns n=1219
      | Sigma: 561.1 us  Mean: +350.2 us (expected ~constant)
========================================================================
 PASS: Jitter sigma = 30.8 us
 PASS: Zero packet loss
 PASS: GM regression sigma = 10.7 ns
 PASS: RX crystal = 31.3 ppm
 PASS: Drift sigma = 31845 ns
 WARN: One-way delay sigma = 561.1 us (unstable — frequency tracking issue?)
 PASS: Sync state = LOCKED
========================================================================
[2J[H========================================================================
 LTSP Test Harness v0.4  |  1271s elapsed
========================================================================
 GM  | GPS Lock: YES  PPS: 41821  Crystal: +31380 ns  Interp: -380 ns
      | Regression: a1=-0.025 ppb  sigma=10.7 ns
      | TX latency: mean=+251062 ns std=1285 ns min=+248208 ns max=+254640 ns n=127
------------------------------------------------------------------------
 RX  | Packets: 1271  Seq gaps: 0  Errors: GM=0 RX=0  State: LOCKED
      | Drift: +31322.1 ns/s = +31.3 ppm  sigma=32464 ns
------------------------------------------------------------------------
 JIT | Detrended: mean=+126 ns std=30861 ns min=-62328 ns max=+60803 ns n=1225
      | Offset:    mean=+57039 ns std=31137 ns min=+0 ns max=+121247 ns n=1225
------------------------------------------------------------------------
 CLK | One-way delay: mean=+354251 ns std=563531 ns min=-673261 ns max=+1385554 ns n=1224
      | Sigma: 563.5 us  Mean: +354.3 us (expected ~constant)
========================================================================
 PASS: Jitter sigma = 30.9 us
 PASS: Zero packet loss
 PASS: GM regression sigma = 10.7 ns
 PASS: RX crystal = 31.3 ppm
 PASS: Drift sigma = 32464 ns
 WARN: One-way delay sigma = 563.5 us (unstable — frequency tracking issue?)
 PASS: Sync state = LOCKED
========================================================================
[2J[H========================================================================
 LTSP Test Harness v0.4  |  1276s elapsed
========================================================================
 GM  | GPS Lock: YES  PPS: 41821  Crystal: +31380 ns  Interp: -380 ns
      | Regression: a1=-0.025 ppb  sigma=10.7 ns
      | TX latency: mean=+251062 ns std=1285 ns min=+248208 ns max=+254640 ns n=127
------------------------------------------------------------------------
 RX  | Packets: 1276  Seq gaps: 0  Errors: GM=0 RX=0  State: LOCKED
      | Drift: +31391.8 ns/s = +31.4 ppm  sigma=32762 ns
------------------------------------------------------------------------
 JIT | Detrended: mean=+106 ns std=30868 ns min=-62328 ns max=+60803 ns n=1230
      | Offset:    mean=+57019 ns std=31144 ns min=+0 ns max=+121247 ns n=1230
------------------------------------------------------------------------
 CLK | One-way delay: mean=+358282 ns std=565914 ns min=-673261 ns max=+1401055 ns n=1229
      | Sigma: 565.9 us  Mean: +358.3 us (expected ~constant)
========================================================================
 PASS: Jitter sigma = 30.9 us
 PASS: Zero packet loss
 PASS: GM regression sigma = 10.7 ns
 PASS: RX crystal = 31.4 ppm
 PASS: Drift sigma = 32762 ns
 WARN: One-way delay sigma = 565.9 us (unstable — frequency tracking issue?)
 PASS: Sync state = LOCKED
========================================================================
[2J[H========================================================================
 LTSP Test Harness v0.4  |  1281s elapsed
========================================================================
 GM  | GPS Lock: YES  PPS: 41821  Crystal: +31380 ns  Interp: -380 ns
      | Regression: a1=-0.025 ppb  sigma=10.7 ns
      | TX latency: mean=+251068 ns std=1281 ns min=+248208 ns max=+254640 ns n=128
------------------------------------------------------------------------
 RX  | Packets: 1281  Seq gaps: 0  Errors: GM=0 RX=0  State: LOCKED
      | Drift: +31195.8 ns/s = +31.2 ppm  sigma=33630 ns
------------------------------------------------------------------------
 JIT | Detrended: mean=+67 ns std=30874 ns min=-62328 ns max=+60803 ns n=1235
      | Offset:    mean=+56981 ns std=31148 ns min=+0 ns max=+121247 ns n=1235
------------------------------------------------------------------------
 CLK | One-way delay: mean=+362280 ns std=568241 ns min=-673261 ns max=+1401481 ns n=1234
      | Sigma: 568.2 us  Mean: +362.3 us (expected ~constant)
========================================================================
 PASS: Jitter sigma = 30.9 us
 PASS: Zero packet loss
 PASS: GM regression sigma = 10.7 ns
 PASS: RX crystal = 31.2 ppm
 PASS: Drift sigma = 33630 ns
 WARN: One-way delay sigma = 568.2 us (unstable — frequency tracking issue?)
 PASS: Sync state = LOCKED
========================================================================
[2J[H========================================================================
 LTSP Test Harness v0.4  |  1286s elapsed
========================================================================
 GM  | GPS Lock: YES  PPS: 41851  Crystal: +31392 ns  Interp: +607 ns
      | Regression: a1=+0.061 ppb  sigma=11.7 ns
      | TX latency: mean=+251068 ns std=1281 ns min=+248208 ns max=+254640 ns n=128
------------------------------------------------------------------------
 RX  | Packets: 1286  Seq gaps: 0  Errors: GM=0 RX=0  State: LOCKED
      | Drift: +31150.7 ns/s = +31.2 ppm  sigma=33736 ns
------------------------------------------------------------------------
 JIT | Detrended: mean=+109 ns std=30872 ns min=-62328 ns max=+60803 ns n=1240
      | Offset:    mean=+57023 ns std=31145 ns min=+0 ns max=+121247 ns n=1240
------------------------------------------------------------------------
 CLK | One-way delay: mean=+366365 ns std=570717 ns min=-673261 ns max=+1411149 ns n=1239
      | Sigma: 570.7 us  Mean: +366.4 us (expected ~constant)
========================================================================
 PASS: Jitter sigma = 30.9 us
 PASS: Zero packet loss
 PASS: GM regression sigma = 11.7 ns
 PASS: RX crystal = 31.2 ppm
 PASS: Drift sigma = 33736 ns
 WARN: One-way delay sigma = 570.7 us (unstable — frequency tracking issue?)
 PASS: Sync state = LOCKED
========================================================================
[2J[H========================================================================
 LTSP Test Harness v0.4  |  1291s elapsed
========================================================================
 GM  | GPS Lock: YES  PPS: 41851  Crystal: +31392 ns  Interp: +607 ns
      | Regression: a1=+0.061 ppb  sigma=11.7 ns
      | TX latency: mean=+251062 ns std=1279 ns min=+248208 ns max=+254640 ns n=129
------------------------------------------------------------------------
 RX  | Packets: 1291  Seq gaps: 0  Errors: GM=0 RX=0  State: LOCKED
      | Drift: +31071.6 ns/s = +31.1 ppm  sigma=33519 ns
------------------------------------------------------------------------
 JIT | Detrended: mean=+76 ns std=30882 ns min=-62328 ns max=+60803 ns n=1245
      | Offset:    mean=+56990 ns std=31154 ns min=+0 ns max=+121247 ns n=1245
------------------------------------------------------------------------
 CLK | One-way delay: mean=+370367 ns std=573048 ns min=-673261 ns max=+1411149 ns n=1244
      | Sigma: 573.0 us  Mean: +370.4 us (expected ~constant)
========================================================================
 PASS: Jitter sigma = 30.9 us
 PASS: Zero packet loss
 PASS: GM regression sigma = 11.7 ns
 PASS: RX crystal = 31.1 ppm
 PASS: Drift sigma = 33519 ns
 WARN: One-way delay sigma = 573.0 us (unstable — frequency tracking issue?)
 PASS: Sync state = LOCKED
========================================================================
[2J[H========================================================================
 LTSP Test Harness v0.4  |  1296s elapsed
========================================================================
 GM  | GPS Lock: YES  PPS: 41851  Crystal: +31392 ns  Interp: +607 ns
      | Regression: a1=+0.061 ppb  sigma=11.7 ns
      | TX latency: mean=+251062 ns std=1279 ns min=+248208 ns max=+254640 ns n=129
------------------------------------------------------------------------
 RX  | Packets: 1296  Seq gaps: 0  Errors: GM=0 RX=0  State: LOCKED
      | Drift: +31332.7 ns/s = +31.3 ppm  sigma=33121 ns
------------------------------------------------------------------------
 JIT | Detrended: mean=+130 ns std=30883 ns min=-62328 ns max=+60803 ns n=1250
      | Offset:    mean=+57044 ns std=31154 ns min=+0 ns max=+121247 ns n=1250
------------------------------------------------------------------------
 CLK | One-way delay: mean=+374466 ns std=575548 ns min=-673261 ns max=+1428666 ns n=1249
      | Sigma: 575.5 us  Mean: +374.5 us (expected ~constant)
========================================================================
 PASS: Jitter sigma = 30.9 us
 PASS: Zero packet loss
 PASS: GM regression sigma = 11.7 ns
 PASS: RX crystal = 31.3 ppm
 PASS: Drift sigma = 33121 ns
 WARN: One-way delay sigma = 575.5 us (unstable — frequency tracking issue?)
 PASS: Sync state = LOCKED
========================================================================
[2J[H========================================================================
 LTSP Test Harness v0.4  |  1301s elapsed
========================================================================
 GM  | GPS Lock: YES  PPS: 41851  Crystal: +31392 ns  Interp: +607 ns
      | Regression: a1=+0.061 ppb  sigma=11.7 ns
      | TX latency: mean=+251069 ns std=1276 ns min=+248208 ns max=+254640 ns n=130
------------------------------------------------------------------------
 RX  | Packets: 1301  Seq gaps: 0  Errors: GM=0 RX=0  State: LOCKED
      | Drift: +31141.5 ns/s = +31.1 ppm  sigma=34097 ns
------------------------------------------------------------------------
 JIT | Detrended: mean=+25 ns std=30915 ns min=-62328 ns max=+60803 ns n=1255
      | Offset:    mean=+56940 ns std=31185 ns min=+0 ns max=+121247 ns n=1255
------------------------------------------------------------------------
 CLK | One-way delay: mean=+378375 ns std=577719 ns min=-673261 ns max=+1428666 ns n=1254
      | Sigma: 577.7 us  Mean: +378.4 us (expected ~constant)
========================================================================
 PASS: Jitter sigma = 30.9 us
 PASS: Zero packet loss
 PASS: GM regression sigma = 11.7 ns
 PASS: RX crystal = 31.1 ppm
 PASS: Drift sigma = 34097 ns
 WARN: One-way delay sigma = 577.7 us (unstable — frequency tracking issue?)
 PASS: Sync state = LOCKED
========================================================================
[RX] # STATS: PDUs=1317 CSV=1316 Gaps=0 Dups=0 Skip=0 d_min=-56973 ns drift=31021.7 ns/s sigma=34101.3 ns state=LOCKED clk_err=+0 ns
[2J[H========================================================================
 LTSP Test Harness v0.4  |  1306s elapsed
========================================================================
 GM  | GPS Lock: YES  PPS: 41851  Crystal: +31392 ns  Interp: +607 ns
      | Regression: a1=+0.061 ppb  sigma=11.7 ns
      | TX latency: mean=+251069 ns std=1276 ns min=+248208 ns max=+254640 ns n=130
------------------------------------------------------------------------
 RX  | Packets: 1306  Seq gaps: 0  Errors: GM=0 RX=0  State: LOCKED
      | Drift: +30996.8 ns/s = +31.0 ppm  sigma=34143 ns
------------------------------------------------------------------------
 JIT | Detrended: mean=-35 ns std=30893 ns min=-62328 ns max=+60803 ns n=1260
      | Offset:    mean=+56880 ns std=31162 ns min=+0 ns max=+121247 ns n=1260
------------------------------------------------------------------------
 CLK | One-way delay: mean=+382304 ns std=579922 ns min=-673261 ns max=+1428666 ns n=1259
      | Sigma: 579.9 us  Mean: +382.3 us (expected ~constant)
========================================================================
 PASS: Jitter sigma = 30.9 us
 PASS: Zero packet loss
 PASS: GM regression sigma = 11.7 ns
 PASS: RX crystal = 31.0 ppm
 PASS: Drift sigma = 34143 ns
 WARN: One-way delay sigma = 579.9 us (unstable — frequency tracking issue?)
 PASS: Sync state = LOCKED
========================================================================
[2J[H========================================================================
 LTSP Test Harness v0.4  |  1311s elapsed
========================================================================
 GM  | GPS Lock: YES  PPS: 41851  Crystal: +31392 ns  Interp: +607 ns
      | Regression: a1=+0.061 ppb  sigma=11.7 ns
      | TX latency: mean=+251073 ns std=1272 ns min=+248208 ns max=+254640 ns n=131
------------------------------------------------------------------------
 RX  | Packets: 1311  Seq gaps: 0  Errors: GM=0 RX=0  State: LOCKED
      | Drift: +31041.6 ns/s = +31.0 ppm  sigma=34135 ns
------------------------------------------------------------------------
 JIT | Detrended: mean=+60 ns std=30897 ns min=-62328 ns max=+60803 ns n=1265
      | Offset:    mean=+56970 ns std=31159 ns min=+0 ns max=+121247 ns n=1265
------------------------------------------------------------------------
 CLK | One-way delay: mean=+386235 ns std=582135 ns min=-673261 ns max=+1430654 ns n=1264
      | Sigma: 582.1 us  Mean: +386.2 us (expected ~constant)
========================================================================
 PASS: Jitter sigma = 30.9 us
 PASS: Zero packet loss
 PASS: GM regression sigma = 11.7 ns
 PASS: RX crystal = 31.0 ppm
 PASS: Drift sigma = 34135 ns
 WARN: One-way delay sigma = 582.1 us (unstable — frequency tracking issue?)
 PASS: Sync state = LOCKED
========================================================================
[2J[H========================================================================
 LTSP Test Harness v0.4  |  1316s elapsed
========================================================================
 GM  | GPS Lock: YES  PPS: 41881  Crystal: +31380 ns  Interp: +607 ns
      | Regression: a1=-0.070 ppb  sigma=7.7 ns
      | TX latency: mean=+251073 ns std=1272 ns min=+248208 ns max=+254640 ns n=131
------------------------------------------------------------------------
 RX  | Packets: 1316  Seq gaps: 0  Errors: GM=0 RX=0  State: LOCKED
      | Drift: +30951.3 ns/s = +31.0 ppm  sigma=33849 ns
------------------------------------------------------------------------
 JIT | Detrended: mean=+41 ns std=30892 ns min=-62328 ns max=+60803 ns n=1270
      | Offset:    mean=+56946 ns std=31155 ns min=+0 ns max=+121247 ns n=1270
------------------------------------------------------------------------
 CLK | One-way delay: mean=+390230 ns std=584454 ns min=-673261 ns max=+1455571 ns n=1269
      | Sigma: 584.5 us  Mean: +390.2 us (expected ~constant)
========================================================================
 PASS: Jitter sigma = 30.9 us
 PASS: Zero packet loss
 PASS: GM regression sigma = 7.7 ns
 PASS: RX crystal = 31.0 ppm
 PASS: Drift sigma = 33849 ns
 WARN: One-way delay sigma = 584.5 us (unstable — frequency tracking issue?)
 PASS: Sync state = LOCKED
========================================================================
[2J[H========================================================================
 LTSP Test Harness v0.4  |  1321s elapsed
========================================================================
 GM  | GPS Lock: YES  PPS: 41881  Crystal: +31380 ns  Interp: +607 ns
      | Regression: a1=-0.070 ppb  sigma=7.7 ns
      | TX latency: mean=+251082 ns std=1271 ns min=+248208 ns max=+254640 ns n=132
------------------------------------------------------------------------
 RX  | Packets: 1321  Seq gaps: 0  Errors: GM=0 RX=0  State: LOCKED
      | Drift: +30996.4 ns/s = +31.0 ppm  sigma=34121 ns
------------------------------------------------------------------------
 JIT | Detrended: mean=+111 ns std=30915 ns min=-62328 ns max=+60803 ns n=1275
      | Offset:    mean=+57011 ns std=31173 ns min=+0 ns max=+121247 ns n=1275
------------------------------------------------------------------------
 CLK | One-way delay: mean=+394315 ns std=586931 ns min=-673261 ns max=+1464057 ns n=1274
      | Sigma: 586.9 us  Mean: +394.3 us (expected ~constant)
========================================================================
 PASS: Jitter sigma = 30.9 us
 PASS: Zero packet loss
 PASS: GM regression sigma = 7.7 ns
 PASS: RX crystal = 31.0 ppm
 PASS: Drift sigma = 34121 ns
 WARN: One-way delay sigma = 586.9 us (unstable — frequency tracking issue?)
 PASS: Sync state = LOCKED
========================================================================
[2J[H========================================================================
 LTSP Test Harness v0.4  |  1326s elapsed
========================================================================
 GM  | GPS Lock: YES  PPS: 41881  Crystal: +31380 ns  Interp: +607 ns
      | Regression: a1=-0.070 ppb  sigma=7.7 ns
      | TX latency: mean=+251082 ns std=1271 ns min=+248208 ns max=+254640 ns n=132
------------------------------------------------------------------------
 RX  | Packets: 1326  Seq gaps: 0  Errors: GM=0 RX=0  State: LOCKED
      | Drift: +31250.6 ns/s = +31.3 ppm  sigma=34327 ns
------------------------------------------------------------------------
 JIT | Detrended: mean=+140 ns std=30933 ns min=-62328 ns max=+60803 ns n=1280
      | Offset:    mean=+57034 ns std=31189 ns min=+0 ns max=+121247 ns n=1280
------------------------------------------------------------------------
 CLK | One-way delay: mean=+398383 ns std=589376 ns min=-673261 ns max=+1484165 ns n=1279
      | Sigma: 589.4 us  Mean: +398.4 us (expected ~constant)
========================================================================
 PASS: Jitter sigma = 30.9 us
 PASS: Zero packet loss
 PASS: GM regression sigma = 7.7 ns
 PASS: RX crystal = 31.3 ppm
 PASS: Drift sigma = 34327 ns
 WARN: One-way delay sigma = 589.4 us (unstable — frequency tracking issue?)
 PASS: Sync state = LOCKED
========================================================================
[2J[H========================================================================
 LTSP Test Harness v0.4  |  1331s elapsed
========================================================================
 GM  | GPS Lock: YES  PPS: 41881  Crystal: +31380 ns  Interp: +607 ns
      | Regression: a1=-0.070 ppb  sigma=7.7 ns
      | TX latency: mean=+251083 ns std=1267 ns min=+248208 ns max=+254640 ns n=133
------------------------------------------------------------------------
 RX  | Packets: 1331  Seq gaps: 0  Errors: GM=0 RX=0  State: LOCKED
      | Drift: +31360.7 ns/s = +31.4 ppm  sigma=33445 ns
------------------------------------------------------------------------
 JIT | Detrended: mean=+185 ns std=30921 ns min=-62328 ns max=+60803 ns n=1285
      | Offset:    mean=+57073 ns std=31174 ns min=+0 ns max=+121247 ns n=1285
------------------------------------------------------------------------
 CLK | One-way delay: mean=+402399 ns std=591732 ns min=-673261 ns max=+1484914 ns n=1284
      | Sigma: 591.7 us  Mean: +402.4 us (expected ~constant)
========================================================================
 PASS: Jitter sigma = 30.9 us
 PASS: Zero packet loss
 PASS: GM regression sigma = 7.7 ns
 PASS: RX crystal = 31.4 ppm
 PASS: Drift sigma = 33445 ns
 WARN: One-way delay sigma = 591.7 us (unstable — frequency tracking issue?)
 PASS: Sync state = LOCKED
========================================================================
[2J[H========================================================================
 LTSP Test Harness v0.4  |  1336s elapsed
========================================================================
 GM  | GPS Lock: YES  PPS: 41881  Crystal: +31380 ns  Interp: +607 ns
      | Regression: a1=-0.070 ppb  sigma=7.7 ns
      | TX latency: mean=+251083 ns std=1267 ns min=+248208 ns max=+254640 ns n=133
------------------------------------------------------------------------
 RX  | Packets: 1336  Seq gaps: 0  Errors: GM=0 RX=0  State: LOCKED
      | Drift: +31307.9 ns/s = +31.3 ppm  sigma=33283 ns
------------------------------------------------------------------------
 JIT | Detrended: mean=+150 ns std=30923 ns min=-62328 ns max=+60803 ns n=1290
      | Offset:    mean=+57033 ns std=31177 ns min=+0 ns max=+121247 ns n=1290
------------------------------------------------------------------------
 CLK | One-way delay: mean=+406422 ns std=594097 ns min=-673261 ns max=+1484914 ns n=1289
      | Sigma: 594.1 us  Mean: +406.4 us (expected ~constant)
========================================================================
 PASS: Jitter sigma = 30.9 us
 PASS: Zero packet loss
 PASS: GM regression sigma = 7.7 ns
 PASS: RX crystal = 31.3 ppm
 PASS: Drift sigma = 33283 ns
 WARN: One-way delay sigma = 594.1 us (unstable — frequency tracking issue?)
 PASS: Sync state = LOCKED
========================================================================
[2J[H========================================================================
 LTSP Test Harness v0.4  |  1341s elapsed
========================================================================
 GM  | GPS Lock: YES  PPS: 41881  Crystal: +31380 ns  Interp: +607 ns
      | Regression: a1=-0.070 ppb  sigma=7.7 ns
      | TX latency: mean=+251077 ns std=1264 ns min=+248208 ns max=+254640 ns n=134
------------------------------------------------------------------------
 RX  | Packets: 1341  Seq gaps: 0  Errors: GM=0 RX=0  State: LOCKED
      | Drift: +31203.4 ns/s = +31.2 ppm  sigma=33477 ns
------------------------------------------------------------------------
 JIT | Detrended: mean=+109 ns std=30934 ns min=-62328 ns max=+60803 ns n=1295
      | Offset:    mean=+56988 ns std=31185 ns min=+0 ns max=+121247 ns n=1295
------------------------------------------------------------------------
 CLK | One-way delay: mean=+410368 ns std=596328 ns min=-673261 ns max=+1484914 ns n=1294
      | Sigma: 596.3 us  Mean: +410.4 us (expected ~constant)
========================================================================
 PASS: Jitter sigma = 30.9 us
 PASS: Zero packet loss
 PASS: GM regression sigma = 7.7 ns
 PASS: RX crystal = 31.2 ppm
 PASS: Drift sigma = 33477 ns
 WARN: One-way delay sigma = 596.3 us (unstable — frequency tracking issue?)
 PASS: Sync state = LOCKED
========================================================================
[2J[H========================================================================
 LTSP Test Harness v0.4  |  1346s elapsed
========================================================================
 GM  | GPS Lock: YES  PPS: 41911  Crystal: +31368 ns  Interp: +631 ns
      | Regression: a1=+0.035 ppb  sigma=13.0 ns
      | TX latency: mean=+251077 ns std=1264 ns min=+248208 ns max=+254640 ns n=134
------------------------------------------------------------------------
 RX  | Packets: 1346  Seq gaps: 0  Errors: GM=0 RX=0  State: LOCKED
      | Drift: +31328.8 ns/s = +31.3 ppm  sigma=32772 ns
------------------------------------------------------------------------
 JIT | Detrended: mean=+94 ns std=30912 ns min=-62328 ns max=+60803 ns n=1300
      | Offset:    mean=+56978 ns std=31162 ns min=+0 ns max=+121247 ns n=1300
------------------------------------------------------------------------
 CLK | One-way delay: mean=+414432 ns std=598764 ns min=-673261 ns max=+1508521 ns n=1299
      | Sigma: 598.8 us  Mean: +414.4 us (expected ~constant)
========================================================================
 PASS: Jitter sigma = 30.9 us
 PASS: Zero packet loss
 PASS: GM regression sigma = 13.0 ns
 PASS: RX crystal = 31.3 ppm
 PASS: Drift sigma = 32772 ns
 WARN: One-way delay sigma = 598.8 us (unstable — frequency tracking issue?)
 PASS: Sync state = LOCKED
========================================================================
[2J[H========================================================================
 LTSP Test Harness v0.4  |  1351s elapsed
========================================================================
 GM  | GPS Lock: YES  PPS: 41911  Crystal: +31368 ns  Interp: +631 ns
      | Regression: a1=+0.035 ppb  sigma=13.0 ns
      | TX latency: mean=+251072 ns std=1261 ns min=+248208 ns max=+254640 ns n=135
------------------------------------------------------------------------
 RX  | Packets: 1351  Seq gaps: 0  Errors: GM=0 RX=0  State: LOCKED
      | Drift: +31078.5 ns/s = +31.1 ppm  sigma=32931 ns
------------------------------------------------------------------------
 JIT | Detrended: mean=-3 ns std=30926 ns min=-62328 ns max=+60803 ns n=1305
      | Offset:    mean=+56886 ns std=31171 ns min=+0 ns max=+121247 ns n=1305
------------------------------------------------------------------------
 CLK | One-way delay: mean=+418431 ns std=601086 ns min=-673261 ns max=+1508521 ns n=1304
      | Sigma: 601.1 us  Mean: +418.4 us (expected ~constant)
========================================================================
 PASS: Jitter sigma = 30.9 us
 PASS: Zero packet loss
 PASS: GM regression sigma = 13.0 ns
 PASS: RX crystal = 31.1 ppm
 PASS: Drift sigma = 32931 ns
 WARN: One-way delay sigma = 601.1 us (unstable — frequency tracking issue?)
 PASS: Sync state = LOCKED
========================================================================
[2J[H========================================================================
 LTSP Test Harness v0.4  |  1356s elapsed
========================================================================
 GM  | GPS Lock: YES  PPS: 41911  Crystal: +31368 ns  Interp: +631 ns
      | Regression: a1=+0.035 ppb  sigma=13.0 ns
      | TX latency: mean=+251072 ns std=1261 ns min=+248208 ns max=+254640 ns n=135
------------------------------------------------------------------------
 RX  | Packets: 1356  Seq gaps: 0  Errors: GM=0 RX=0  State: LOCKED
      | Drift: +31262.9 ns/s = +31.3 ppm  sigma=32452 ns
------------------------------------------------------------------------
 JIT | Detrended: mean=+11 ns std=30915 ns min=-62328 ns max=+60803 ns n=1310
      | Offset:    mean=+56905 ns std=31160 ns min=+0 ns max=+121247 ns n=1310
------------------------------------------------------------------------
 CLK | One-way delay: mean=+422493 ns std=603516 ns min=-673261 ns max=+1517186 ns n=1309
      | Sigma: 603.5 us  Mean: +422.5 us (expected ~constant)
========================================================================
 PASS: Jitter sigma = 30.9 us
 PASS: Zero packet loss
 PASS: GM regression sigma = 13.0 ns
 PASS: RX crystal = 31.3 ppm
 PASS: Drift sigma = 32452 ns
 WARN: One-way delay sigma = 603.5 us (unstable — frequency tracking issue?)
 PASS: Sync state = LOCKED
========================================================================
[2J[H========================================================================
 LTSP Test Harness v0.4  |  1361s elapsed
========================================================================
 GM  | GPS Lock: YES  PPS: 41911  Crystal: +31368 ns  Interp: +631 ns
      | Regression: a1=+0.035 ppb  sigma=13.0 ns
      | TX latency: mean=+251087 ns std=1269 ns min=+248208 ns max=+254640 ns n=136
------------------------------------------------------------------------
 RX  | Packets: 1361  Seq gaps: 0  Errors: GM=0 RX=0  State: LOCKED
      | Drift: +31116.2 ns/s = +31.1 ppm  sigma=32033 ns
------------------------------------------------------------------------
 JIT | Detrended: mean=+34 ns std=30917 ns min=-62328 ns max=+60803 ns n=1315
      | Offset:    mean=+56933 ns std=31162 ns min=+0 ns max=+121247 ns n=1315
------------------------------------------------------------------------
 CLK | One-way delay: mean=+426534 ns std=605910 ns min=-673261 ns max=+1523022 ns n=1314
      | Sigma: 605.9 us  Mean: +426.5 us (expected ~constant)
========================================================================
 PASS: Jitter sigma = 30.9 us
 PASS: Zero packet loss
 PASS: GM regression sigma = 13.0 ns
 PASS: RX crystal = 31.1 ppm
 PASS: Drift sigma = 32033 ns
 WARN: One-way delay sigma = 605.9 us (unstable — frequency tracking issue?)
 PASS: Sync state = LOCKED
========================================================================
[RX] # STATS: PDUs=1377 CSV=1376 Gaps=0 Dups=0 Skip=0 d_min=-58136 ns drift=30918.1 ns/s sigma=32125.1 ns state=LOCKED clk_err=+0 ns
[2J[H========================================================================
 LTSP Test Harness v0.4  |  1366s elapsed
========================================================================
 GM  | GPS Lock: YES  PPS: 41911  Crystal: +31368 ns  Interp: +631 ns
      | Regression: a1=+0.035 ppb  sigma=13.0 ns
      | TX latency: mean=+251087 ns std=1269 ns min=+248208 ns max=+254640 ns n=136
------------------------------------------------------------------------
 RX  | Packets: 1366  Seq gaps: 0  Errors: GM=0 RX=0  State: LOCKED
      | Drift: +30852.5 ns/s = +30.9 ppm  sigma=32127 ns
------------------------------------------------------------------------
 JIT | Detrended: mean=+16 ns std=30926 ns min=-62328 ns max=+60803 ns n=1320
      | Offset:    mean=+56919 ns std=31169 ns min=+0 ns max=+121247 ns n=1320
------------------------------------------------------------------------
 CLK | One-way delay: mean=+430527 ns std=608220 ns min=-673261 ns max=+1536416 ns n=1319
      | Sigma: 608.2 us  Mean: +430.5 us (expected ~constant)
========================================================================
 PASS: Jitter sigma = 30.9 us
 PASS: Zero packet loss
 PASS: GM regression sigma = 13.0 ns
 PASS: RX crystal = 30.9 ppm
 PASS: Drift sigma = 32127 ns
 WARN: One-way delay sigma = 608.2 us (unstable — frequency tracking issue?)
 PASS: Sync state = LOCKED
========================================================================
[2J[H========================================================================
 LTSP Test Harness v0.4  |  1371s elapsed
========================================================================
 GM  | GPS Lock: YES  PPS: 41911  Crystal: +31368 ns  Interp: +631 ns
      | Regression: a1=+0.035 ppb  sigma=13.0 ns
      | TX latency: mean=+251096 ns std=1268 ns min=+248208 ns max=+254640 ns n=137
------------------------------------------------------------------------
 RX  | Packets: 1371  Seq gaps: 0  Errors: GM=0 RX=0  State: LOCKED
      | Drift: +30895.3 ns/s = +30.9 ppm  sigma=32681 ns
------------------------------------------------------------------------
 JIT | Detrended: mean=+0 ns std=30929 ns min=-62328 ns max=+60803 ns n=1325
      | Offset:    mean=+56908 ns std=31170 ns min=+0 ns max=+121247 ns n=1325
------------------------------------------------------------------------
 CLK | One-way delay: mean=+434512 ns std=610517 ns min=-673261 ns max=+1536416 ns n=1324
      | Sigma: 610.5 us  Mean: +434.5 us (expected ~constant)
========================================================================
 PASS: Jitter sigma = 30.9 us
 PASS: Zero packet loss
 PASS: GM regression sigma = 13.0 ns
 PASS: RX crystal = 30.9 ppm
 PASS: Drift sigma = 32681 ns
 WARN: One-way delay sigma = 610.5 us (unstable — frequency tracking issue?)
 PASS: Sync state = LOCKED
========================================================================
[2J[H========================================================================
 LTSP Test Harness v0.4  |  1376s elapsed
========================================================================
 GM  | GPS Lock: YES  PPS: 41941  Crystal: +31380 ns  Interp: +631 ns
      | Regression: a1=+0.123 ppb  sigma=8.7 ns
      | TX latency: mean=+251096 ns std=1268 ns min=+248208 ns max=+254640 ns n=137
------------------------------------------------------------------------
 RX  | Packets: 1376  Seq gaps: 0  Errors: GM=0 RX=0  State: LOCKED
      | Drift: +30858.8 ns/s = +30.9 ppm  sigma=32325 ns
------------------------------------------------------------------------
 JIT | Detrended: mean=+46 ns std=30918 ns min=-62328 ns max=+60803 ns n=1330
      | Offset:    mean=+56958 ns std=31161 ns min=+0 ns max=+121247 ns n=1330
------------------------------------------------------------------------
 CLK | One-way delay: mean=+438483 ns std=612790 ns min=-673261 ns max=+1543362 ns n=1329
      | Sigma: 612.8 us  Mean: +438.5 us (expected ~constant)
========================================================================
 PASS: Jitter sigma = 30.9 us
 PASS: Zero packet loss
 PASS: GM regression sigma = 8.7 ns
 PASS: RX crystal = 30.9 ppm
 PASS: Drift sigma = 32325 ns
 WARN: One-way delay sigma = 612.8 us (unstable — frequency tracking issue?)
 PASS: Sync state = LOCKED
========================================================================
[2J[H========================================================================
 LTSP Test Harness v0.4  |  1381s elapsed
========================================================================
 GM  | GPS Lock: YES  PPS: 41941  Crystal: +31380 ns  Interp: +631 ns
      | Regression: a1=+0.123 ppb  sigma=8.7 ns
      | TX latency: mean=+251106 ns std=1270 ns min=+248208 ns max=+254640 ns n=138
------------------------------------------------------------------------
 RX  | Packets: 1381  Seq gaps: 0  Errors: GM=0 RX=0  State: LOCKED
      | Drift: +31051.0 ns/s = +31.1 ppm  sigma=32357 ns
------------------------------------------------------------------------
 JIT | Detrended: mean=+106 ns std=30928 ns min=-62328 ns max=+60803 ns n=1335
      | Offset:    mean=+57023 ns std=31172 ns min=+0 ns max=+121247 ns n=1335
------------------------------------------------------------------------
 CLK | One-way delay: mean=+442400 ns std=614971 ns min=-673261 ns max=+1543362 ns n=1334
      | Sigma: 615.0 us  Mean: +442.4 us (expected ~constant)
========================================================================
 PASS: Jitter sigma = 30.9 us
 PASS: Zero packet loss
 PASS: GM regression sigma = 8.7 ns
 PASS: RX crystal = 31.1 ppm
 PASS: Drift sigma = 32357 ns
 WARN: One-way delay sigma = 615.0 us (unstable — frequency tracking issue?)
 PASS: Sync state = LOCKED
========================================================================
[2J[H========================================================================
 LTSP Test Harness v0.4  |  1386s elapsed
========================================================================
 GM  | GPS Lock: YES  PPS: 41941  Crystal: +31380 ns  Interp: +631 ns
      | Regression: a1=+0.123 ppb  sigma=8.7 ns
      | TX latency: mean=+251106 ns std=1270 ns min=+248208 ns max=+254640 ns n=138
------------------------------------------------------------------------
 RX  | Packets: 1386  Seq gaps: 0  Errors: GM=0 RX=0  State: LOCKED
      | Drift: +31098.6 ns/s = +31.1 ppm  sigma=32018 ns
------------------------------------------------------------------------
 JIT | Detrended: mean=+112 ns std=30933 ns min=-62328 ns max=+60803 ns n=1340
      | Offset:    mean=+57034 ns std=31177 ns min=+0 ns max=+121247 ns n=1340
------------------------------------------------------------------------
 CLK | One-way delay: mean=+446426 ns std=617339 ns min=-673261 ns max=+1570004 ns n=1339
      | Sigma: 617.3 us  Mean: +446.4 us (expected ~constant)
========================================================================
 PASS: Jitter sigma = 30.9 us
 PASS: Zero packet loss
 PASS: GM regression sigma = 8.7 ns
 PASS: RX crystal = 31.1 ppm
 PASS: Drift sigma = 32018 ns
 WARN: One-way delay sigma = 617.3 us (unstable — frequency tracking issue?)
 PASS: Sync state = LOCKED
========================================================================
[2J[H========================================================================
 LTSP Test Harness v0.4  |  1391s elapsed
========================================================================
 GM  | GPS Lock: YES  PPS: 41941  Crystal: +31380 ns  Interp: +631 ns
      | Regression: a1=+0.123 ppb  sigma=8.7 ns
      | TX latency: mean=+251110 ns std=1266 ns min=+248208 ns max=+254640 ns n=139
------------------------------------------------------------------------
 RX  | Packets: 1391  Seq gaps: 0  Errors: GM=0 RX=0  State: LOCKED
      | Drift: +31377.0 ns/s = +31.4 ppm  sigma=31860 ns
------------------------------------------------------------------------
 JIT | Detrended: mean=+162 ns std=30934 ns min=-62328 ns max=+60803 ns n=1345
      | Offset:    mean=+57088 ns std=31179 ns min=+0 ns max=+121247 ns n=1345
------------------------------------------------------------------------
 CLK | One-way delay: mean=+450447 ns std=619698 ns min=-673261 ns max=+1570801 ns n=1344
      | Sigma: 619.7 us  Mean: +450.4 us (expected ~constant)
========================================================================
 PASS: Jitter sigma = 30.9 us
 PASS: Zero packet loss
 PASS: GM regression sigma = 8.7 ns
 PASS: RX crystal = 31.4 ppm
 PASS: Drift sigma = 31860 ns
 WARN: One-way delay sigma = 619.7 us (unstable — frequency tracking issue?)
 PASS: Sync state = LOCKED
========================================================================
[2J[H========================================================================
 LTSP Test Harness v0.4  |  1396s elapsed
========================================================================
 GM  | GPS Lock: YES  PPS: 41941  Crystal: +31380 ns  Interp: +631 ns
      | Regression: a1=+0.123 ppb  sigma=8.7 ns
      | TX latency: mean=+251110 ns std=1266 ns min=+248208 ns max=+254640 ns n=139
------------------------------------------------------------------------
 RX  | Packets: 1396  Seq gaps: 0  Errors: GM=0 RX=0  State: LOCKED
      | Drift: +31326.3 ns/s = +31.3 ppm  sigma=32565 ns
------------------------------------------------------------------------
 JIT | Detrended: mean=+130 ns std=30960 ns min=-62328 ns max=+60803 ns n=1350
      | Offset:    mean=+57061 ns std=31203 ns min=+0 ns max=+121247 ns n=1350
------------------------------------------------------------------------
 CLK | One-way delay: mean=+454468 ns std=622058 ns min=-673261 ns max=+1582603 ns n=1349
      | Sigma: 622.1 us  Mean: +454.5 us (expected ~constant)
========================================================================
 PASS: Jitter sigma = 31.0 us
 PASS: Zero packet loss
 PASS: GM regression sigma = 8.7 ns
 PASS: RX crystal = 31.3 ppm
 PASS: Drift sigma = 32565 ns
 WARN: One-way delay sigma = 622.1 us (unstable — frequency tracking issue?)
 PASS: Sync state = LOCKED
========================================================================
[2J[H========================================================================
 LTSP Test Harness v0.4  |  1401s elapsed
========================================================================
 GM  | GPS Lock: YES  PPS: 41941  Crystal: +31380 ns  Interp: +631 ns
      | Regression: a1=+0.123 ppb  sigma=8.7 ns
      | TX latency: mean=+251112 ns std=1262 ns min=+248208 ns max=+254640 ns n=140
------------------------------------------------------------------------
 RX  | Packets: 1401  Seq gaps: 0  Errors: GM=0 RX=0  State: LOCKED
      | Drift: +31248.5 ns/s = +31.2 ppm  sigma=32672 ns
------------------------------------------------------------------------
 JIT | Detrended: mean=+75 ns std=30977 ns min=-62328 ns max=+60803 ns n=1355
      | Offset:    mean=+57010 ns std=31216 ns min=+0 ns max=+121247 ns n=1355
------------------------------------------------------------------------
 CLK | One-way delay: mean=+458458 ns std=624362 ns min=-673261 ns max=+1586965 ns n=1354
      | Sigma: 624.4 us  Mean: +458.5 us (expected ~constant)
========================================================================
 PASS: Jitter sigma = 31.0 us
 PASS: Zero packet loss
 PASS: GM regression sigma = 8.7 ns
 PASS: RX crystal = 31.2 ppm
 PASS: Drift sigma = 32672 ns
 WARN: One-way delay sigma = 624.4 us (unstable — frequency tracking issue?)
 PASS: Sync state = LOCKED
========================================================================
[2J[H========================================================================
 LTSP Test Harness v0.4  |  1406s elapsed
========================================================================
 GM  | GPS Lock: YES  PPS: 41971  Crystal: +31356 ns  Interp: -344 ns
      | Regression: a1=-0.029 ppb  sigma=8.6 ns
      | TX latency: mean=+251112 ns std=1262 ns min=+248208 ns max=+254640 ns n=140
------------------------------------------------------------------------
 RX  | Packets: 1406  Seq gaps: 0  Errors: GM=0 RX=0  State: LOCKED
      | Drift: +31340.4 ns/s = +31.3 ppm  sigma=32981 ns
------------------------------------------------------------------------
 JIT | Detrended: mean=+83 ns std=30970 ns min=-62328 ns max=+60803 ns n=1360
      | Offset:    mean=+57022 ns std=31209 ns min=+0 ns max=+121247 ns n=1360
------------------------------------------------------------------------
 CLK | One-way delay: mean=+462426 ns std=626631 ns min=-673261 ns max=+1588185 ns n=1359
      | Sigma: 626.6 us  Mean: +462.4 us (expected ~constant)
========================================================================
 PASS: Jitter sigma = 31.0 us
 PASS: Zero packet loss
 PASS: GM regression sigma = 8.6 ns
 PASS: RX crystal = 31.3 ppm
 PASS: Drift sigma = 32981 ns
 WARN: One-way delay sigma = 626.6 us (unstable — frequency tracking issue?)
 PASS: Sync state = LOCKED
========================================================================
[2J[H========================================================================
 LTSP Test Harness v0.4  |  1411s elapsed
========================================================================
 GM  | GPS Lock: YES  PPS: 41971  Crystal: +31356 ns  Interp: -344 ns
      | Regression: a1=-0.029 ppb  sigma=8.6 ns
      | TX latency: mean=+251123 ns std=1264 ns min=+248208 ns max=+254640 ns n=141
------------------------------------------------------------------------
 RX  | Packets: 1411  Seq gaps: 0  Errors: GM=0 RX=0  State: LOCKED
      | Drift: +31263.2 ns/s = +31.3 ppm  sigma=32749 ns
------------------------------------------------------------------------
 JIT | Detrended: mean=+112 ns std=30957 ns min=-62328 ns max=+60803 ns n=1365
      | Offset:    mean=+57056 ns std=31196 ns min=+0 ns max=+121247 ns n=1365
------------------------------------------------------------------------
 CLK | One-way delay: mean=+466417 ns std=628939 ns min=-673261 ns max=+1608554 ns n=1364
      | Sigma: 628.9 us  Mean: +466.4 us (expected ~constant)
========================================================================
 PASS: Jitter sigma = 31.0 us
 PASS: Zero packet loss
 PASS: GM regression sigma = 8.6 ns
 PASS: RX crystal = 31.3 ppm
 PASS: Drift sigma = 32749 ns
 WARN: One-way delay sigma = 628.9 us (unstable — frequency tracking issue?)
 PASS: Sync state = LOCKED
========================================================================
[2J[H========================================================================
 LTSP Test Harness v0.4  |  1416s elapsed
========================================================================
 GM  | GPS Lock: YES  PPS: 41971  Crystal: +31356 ns  Interp: -344 ns
      | Regression: a1=-0.029 ppb  sigma=8.6 ns
      | TX latency: mean=+251123 ns std=1264 ns min=+248208 ns max=+254640 ns n=141
------------------------------------------------------------------------
 RX  | Packets: 1416  Seq gaps: 0  Errors: GM=0 RX=0  State: LOCKED
      | Drift: +31294.8 ns/s = +31.3 ppm  sigma=33201 ns
------------------------------------------------------------------------
 JIT | Detrended: mean=+110 ns std=30968 ns min=-62328 ns max=+60803 ns n=1370
      | Offset:    mean=+57058 ns std=31206 ns min=+0 ns max=+121247 ns n=1370
------------------------------------------------------------------------
 CLK | One-way delay: mean=+470453 ns std=631324 ns min=-673261 ns max=+1617527 ns n=1369
      | Sigma: 631.3 us  Mean: +470.5 us (expected ~constant)
========================================================================
 PASS: Jitter sigma = 31.0 us
 PASS: Zero packet loss
 PASS: GM regression sigma = 8.6 ns
 PASS: RX crystal = 31.3 ppm
 PASS: Drift sigma = 33201 ns
 WARN: One-way delay sigma = 631.3 us (unstable — frequency tracking issue?)
 PASS: Sync state = LOCKED
========================================================================
[2J[H========================================================================
 LTSP Test Harness v0.4  |  1421s elapsed
========================================================================
 GM  | GPS Lock: YES  PPS: 41971  Crystal: +31356 ns  Interp: -344 ns
      | Regression: a1=-0.029 ppb  sigma=8.6 ns
      | TX latency: mean=+251108 ns std=1272 ns min=+248208 ns max=+254640 ns n=142
------------------------------------------------------------------------
 RX  | Packets: 1421  Seq gaps: 0  Errors: GM=0 RX=0  State: LOCKED
      | Drift: +31274.9 ns/s = +31.3 ppm  sigma=33532 ns
------------------------------------------------------------------------
 JIT | Detrended: mean=+77 ns std=30982 ns min=-62328 ns max=+60803 ns n=1375
      | Offset:    mean=+57030 ns std=31218 ns min=+0 ns max=+121247 ns n=1375
------------------------------------------------------------------------
 CLK | One-way delay: mean=+474377 ns std=633515 ns min=-673261 ns max=+1617527 ns n=1374
      | Sigma: 633.5 us  Mean: +474.4 us (expected ~constant)
========================================================================
 PASS: Jitter sigma = 31.0 us
 PASS: Zero packet loss
 PASS: GM regression sigma = 8.6 ns
 PASS: RX crystal = 31.3 ppm
 PASS: Drift sigma = 33532 ns
 WARN: One-way delay sigma = 633.5 us (unstable — frequency tracking issue?)
 PASS: Sync state = LOCKED
========================================================================
[RX] # STATS: PDUs=1437 CSV=1436 Gaps=0 Dups=0 Skip=0 d_min=-58136 ns drift=31114.3 ns/s sigma=32975.0 ns state=LOCKED clk_err=+0 ns
[2J[H========================================================================
 LTSP Test Harness v0.4  |  1426s elapsed
========================================================================
 GM  | GPS Lock: YES  PPS: 41971  Crystal: +31356 ns  Interp: -344 ns
      | Regression: a1=-0.029 ppb  sigma=8.6 ns
      | TX latency: mean=+251108 ns std=1272 ns min=+248208 ns max=+254640 ns n=142
------------------------------------------------------------------------
 RX  | Packets: 1426  Seq gaps: 0  Errors: GM=0 RX=0  State: LOCKED
      | Drift: +31091.5 ns/s = +31.1 ppm  sigma=32860 ns
------------------------------------------------------------------------
 JIT | Detrended: mean=+34 ns std=30961 ns min=-62328 ns max=+60803 ns n=1380
      | Offset:    mean=+56991 ns std=31195 ns min=+0 ns max=+121247 ns n=1380
------------------------------------------------------------------------
 CLK | One-way delay: mean=+478362 ns std=635810 ns min=-673261 ns max=+1617527 ns n=1379
      | Sigma: 635.8 us  Mean: +478.4 us (expected ~constant)
========================================================================
 PASS: Jitter sigma = 31.0 us
 PASS: Zero packet loss
 PASS: GM regression sigma = 8.6 ns
 PASS: RX crystal = 31.1 ppm
 PASS: Drift sigma = 32860 ns
 WARN: One-way delay sigma = 635.8 us (unstable — frequency tracking issue?)
 PASS: Sync state = LOCKED
========================================================================
[2J[H========================================================================
 LTSP Test Harness v0.4  |  1431s elapsed
========================================================================
 GM  | GPS Lock: YES  PPS: 41971  Crystal: +31356 ns  Interp: -344 ns
      | Regression: a1=-0.029 ppb  sigma=8.6 ns
      | TX latency: mean=+251119 ns std=1273 ns min=+248208 ns max=+254640 ns n=143
------------------------------------------------------------------------
 RX  | Packets: 1431  Seq gaps: 0  Errors: GM=0 RX=0  State: LOCKED
      | Drift: +30905.3 ns/s = +30.9 ppm  sigma=32032 ns
------------------------------------------------------------------------
 JIT | Detrended: mean=+15 ns std=30942 ns min=-62328 ns max=+60803 ns n=1385
      | Offset:    mean=+56976 ns std=31175 ns min=+0 ns max=+121247 ns n=1385
------------------------------------------------------------------------
 CLK | One-way delay: mean=+482351 ns std=638113 ns min=-673261 ns max=+1619870 ns n=1384
      | Sigma: 638.1 us  Mean: +482.4 us (expected ~constant)
========================================================================
 PASS: Jitter sigma = 30.9 us
 PASS: Zero packet loss
 PASS: GM regression sigma = 8.6 ns
 PASS: RX crystal = 30.9 ppm
 PASS: Drift sigma = 32032 ns
 WARN: One-way delay sigma = 638.1 us (unstable — frequency tracking issue?)
 PASS: Sync state = LOCKED
========================================================================
[2J[H========================================================================
 LTSP Test Harness v0.4  |  1436s elapsed
========================================================================
 GM  | GPS Lock: YES  PPS: 42001  Crystal: +31380 ns  Interp: -380 ns
      | Regression: a1=-0.029 ppb  sigma=8.4 ns
      | TX latency: mean=+251119 ns std=1273 ns min=+248208 ns max=+254640 ns n=143
------------------------------------------------------------------------
 RX  | Packets: 1436  Seq gaps: 0  Errors: GM=0 RX=0  State: LOCKED
      | Drift: +31040.5 ns/s = +31.0 ppm  sigma=32376 ns
------------------------------------------------------------------------
 JIT | Detrended: mean=+74 ns std=30938 ns min=-62328 ns max=+60803 ns n=1390
      | Offset:    mean=+57039 ns std=31172 ns min=+0 ns max=+121247 ns n=1390
------------------------------------------------------------------------
 CLK | One-way delay: mean=+486345 ns std=640424 ns min=-673261 ns max=+1626423 ns n=1389
      | Sigma: 640.4 us  Mean: +486.3 us (expected ~constant)
========================================================================
 PASS: Jitter sigma = 30.9 us
 PASS: Zero packet loss
 PASS: GM regression sigma = 8.4 ns
 PASS: RX crystal = 31.0 ppm
 PASS: Drift sigma = 32376 ns
 WARN: One-way delay sigma = 640.4 us (unstable — frequency tracking issue?)
 PASS: Sync state = LOCKED
========================================================================
[2J[H========================================================================
 LTSP Test Harness v0.4  |  1441s elapsed
========================================================================
 GM  | GPS Lock: YES  PPS: 42001  Crystal: +31380 ns  Interp: -380 ns
      | Regression: a1=-0.029 ppb  sigma=8.4 ns
      | TX latency: mean=+251114 ns std=1270 ns min=+248208 ns max=+254640 ns n=144
------------------------------------------------------------------------
 RX  | Packets: 1441  Seq gaps: 0  Errors: GM=0 RX=0  State: LOCKED
      | Drift: +30932.1 ns/s = +30.9 ppm  sigma=33000 ns
------------------------------------------------------------------------
 JIT | Detrended: mean=+2 ns std=30957 ns min=-62328 ns max=+60803 ns n=1395
      | Offset:    mean=+56972 ns std=31188 ns min=+0 ns max=+121247 ns n=1395
------------------------------------------------------------------------
 CLK | One-way delay: mean=+490284 ns std=642641 ns min=-673261 ns max=+1637988 ns n=1394
      | Sigma: 642.6 us  Mean: +490.3 us (expected ~constant)
========================================================================
 PASS: Jitter sigma = 31.0 us
 PASS: Zero packet loss
 PASS: GM regression sigma = 8.4 ns
 PASS: RX crystal = 30.9 ppm
 PASS: Drift sigma = 33000 ns
 WARN: One-way delay sigma = 642.6 us (unstable — frequency tracking issue?)
 PASS: Sync state = LOCKED
========================================================================
[2J[H========================================================================
 LTSP Test Harness v0.4  |  1446s elapsed
========================================================================
 GM  | GPS Lock: YES  PPS: 42001  Crystal: +31380 ns  Interp: -380 ns
      | Regression: a1=-0.029 ppb  sigma=8.4 ns
      | TX latency: mean=+251114 ns std=1270 ns min=+248208 ns max=+254640 ns n=144
------------------------------------------------------------------------
 RX  | Packets: 1446  Seq gaps: 0  Errors: GM=0 RX=0  State: LOCKED
      | Drift: +30956.8 ns/s = +31.0 ppm  sigma=32464 ns
------------------------------------------------------------------------
 JIT | Detrended: mean=+38 ns std=30944 ns min=-62328 ns max=+60803 ns n=1400
      | Offset:    mean=+57012 ns std=31175 ns min=+0 ns max=+121247 ns n=1400
------------------------------------------------------------------------
 CLK | One-way delay: mean=+494251 ns std=644907 ns min=-673261 ns max=+1640891 ns n=1399
      | Sigma: 644.9 us  Mean: +494.3 us (expected ~constant)
========================================================================
 PASS: Jitter sigma = 30.9 us
 PASS: Zero packet loss
 PASS: GM regression sigma = 8.4 ns
 PASS: RX crystal = 31.0 ppm
 PASS: Drift sigma = 32464 ns
 WARN: One-way delay sigma = 644.9 us (unstable — frequency tracking issue?)
 PASS: Sync state = LOCKED
========================================================================
[2J[H========================================================================
 LTSP Test Harness v0.4  |  1451s elapsed
========================================================================
 GM  | GPS Lock: YES  PPS: 42001  Crystal: +31380 ns  Interp: -380 ns
      | Regression: a1=-0.029 ppb  sigma=8.4 ns
      | TX latency: mean=+251119 ns std=1267 ns min=+248208 ns max=+254640 ns n=145
------------------------------------------------------------------------
 RX  | Packets: 1451  Seq gaps: 0  Errors: GM=0 RX=0  State: LOCKED
      | Drift: +30991.8 ns/s = +31.0 ppm  sigma=32794 ns
------------------------------------------------------------------------
 JIT | Detrended: mean=+6 ns std=30956 ns min=-62328 ns max=+60803 ns n=1405
      | Offset:    mean=+56984 ns std=31185 ns min=+0 ns max=+121247 ns n=1405
------------------------------------------------------------------------
 CLK | One-way delay: mean=+498235 ns std=647203 ns min=-673261 ns max=+1662222 ns n=1404
      | Sigma: 647.2 us  Mean: +498.2 us (expected ~constant)
========================================================================
 PASS: Jitter sigma = 31.0 us
 PASS: Zero packet loss
 PASS: GM regression sigma = 8.4 ns
 PASS: RX crystal = 31.0 ppm
 PASS: Drift sigma = 32794 ns
 WARN: One-way delay sigma = 647.2 us (unstable — frequency tracking issue?)
 PASS: Sync state = LOCKED
========================================================================
[2J[H========================================================================
 LTSP Test Harness v0.4  |  1456s elapsed
========================================================================
 GM  | GPS Lock: YES  PPS: 42001  Crystal: +31380 ns  Interp: -380 ns
      | Regression: a1=-0.029 ppb  sigma=8.4 ns
      | TX latency: mean=+251119 ns std=1267 ns min=+248208 ns max=+254640 ns n=145
------------------------------------------------------------------------
 RX  | Packets: 1456  Seq gaps: 0  Errors: GM=0 RX=0  State: LOCKED
      | Drift: +30939.1 ns/s = +30.9 ppm  sigma=32319 ns
------------------------------------------------------------------------
 JIT | Detrended: mean=+11 ns std=30960 ns min=-62328 ns max=+60803 ns n=1410
      | Offset:    mean=+56993 ns std=31188 ns min=+0 ns max=+121247 ns n=1410
------------------------------------------------------------------------
 CLK | One-way delay: mean=+502246 ns std=649545 ns min=-673261 ns max=+1665480 ns n=1409
      | Sigma: 649.5 us  Mean: +502.2 us (expected ~constant)
========================================================================
 PASS: Jitter sigma = 31.0 us
 PASS: Zero packet loss
 PASS: GM regression sigma = 8.4 ns
 PASS: RX crystal = 30.9 ppm
 PASS: Drift sigma = 32319 ns
 WARN: One-way delay sigma = 649.5 us (unstable — frequency tracking issue?)
 PASS: Sync state = LOCKED
========================================================================
[2J[H========================================================================
 LTSP Test Harness v0.4  |  1461s elapsed
========================================================================
 GM  | GPS Lock: YES  PPS: 42001  Crystal: +31380 ns  Interp: -380 ns
      | Regression: a1=-0.029 ppb  sigma=8.4 ns
      | TX latency: mean=+251127 ns std=1266 ns min=+248208 ns max=+254640 ns n=146
------------------------------------------------------------------------
 RX  | Packets: 1461  Seq gaps: 0  Errors: GM=0 RX=0  State: LOCKED
      | Drift: +30898.3 ns/s = +30.9 ppm  sigma=31876 ns
------------------------------------------------------------------------
 JIT | Detrended: mean=+44 ns std=30954 ns min=-62328 ns max=+60803 ns n=1415
      | Offset:    mean=+57030 ns std=31183 ns min=+0 ns max=+121247 ns n=1415
------------------------------------------------------------------------
 CLK | One-way delay: mean=+506287 ns std=651938 ns min=-673261 ns max=+1685218 ns n=1414
      | Sigma: 651.9 us  Mean: +506.3 us (expected ~constant)
========================================================================
 PASS: Jitter sigma = 31.0 us
 PASS: Zero packet loss
 PASS: GM regression sigma = 8.4 ns
 PASS: RX crystal = 30.9 ppm
 PASS: Drift sigma = 31876 ns
 WARN: One-way delay sigma = 651.9 us (unstable — frequency tracking issue?)
 PASS: Sync state = LOCKED
========================================================================
[2J[H========================================================================
 LTSP Test Harness v0.4  |  1466s elapsed
========================================================================
 GM  | GPS Lock: YES  PPS: 42031  Crystal: +31356 ns  Interp: +643 ns
      | Regression: a1=-0.126 ppb  sigma=8.2 ns
      | TX latency: mean=+251127 ns std=1266 ns min=+248208 ns max=+254640 ns n=146
------------------------------------------------------------------------
 RX  | Packets: 1466  Seq gaps: 0  Errors: GM=0 RX=0  State: LOCKED
      | Drift: +31054.0 ns/s = +31.1 ppm  sigma=32236 ns
------------------------------------------------------------------------
 JIT | Detrended: mean=+101 ns std=30963 ns min=-62328 ns max=+60803 ns n=1420
      | Offset:    mean=+57091 ns std=31193 ns min=+0 ns max=+121247 ns n=1420
------------------------------------------------------------------------
 CLK | One-way delay: mean=+510292 ns std=654271 ns min=-673261 ns max=+1698720 ns n=1419
      | Sigma: 654.3 us  Mean: +510.3 us (expected ~constant)
========================================================================
 PASS: Jitter sigma = 31.0 us
 PASS: Zero packet loss
 PASS: GM regression sigma = 8.2 ns
 PASS: RX crystal = 31.1 ppm
 PASS: Drift sigma = 32236 ns
 WARN: One-way delay sigma = 654.3 us (unstable — frequency tracking issue?)
 PASS: Sync state = LOCKED
========================================================================
[2J[H========================================================================
 LTSP Test Harness v0.4  |  1471s elapsed
========================================================================
 GM  | GPS Lock: YES  PPS: 42031  Crystal: +31356 ns  Interp: +643 ns
      | Regression: a1=-0.126 ppb  sigma=8.2 ns
      | TX latency: mean=+251137 ns std=1268 ns min=+248208 ns max=+254640 ns n=147
------------------------------------------------------------------------
 RX  | Packets: 1471  Seq gaps: 0  Errors: GM=0 RX=0  State: LOCKED
      | Drift: +31261.8 ns/s = +31.3 ppm  sigma=31742 ns
------------------------------------------------------------------------
 JIT | Detrended: mean=+135 ns std=30940 ns min=-62328 ns max=+60803 ns n=1425
      | Offset:    mean=+57128 ns std=31171 ns min=+0 ns max=+121247 ns n=1425
------------------------------------------------------------------------
 CLK | One-way delay: mean=+514216 ns std=656463 ns min=-673261 ns max=+1698720 ns n=1424
      | Sigma: 656.5 us  Mean: +514.2 us (expected ~constant)
========================================================================
 PASS: Jitter sigma = 30.9 us
 PASS: Zero packet loss
 PASS: GM regression sigma = 8.2 ns
 PASS: RX crystal = 31.3 ppm
 PASS: Drift sigma = 31742 ns
 WARN: One-way delay sigma = 656.5 us (unstable — frequency tracking issue?)
 PASS: Sync state = LOCKED
========================================================================
[2J[H========================================================================
 LTSP Test Harness v0.4  |  1476s elapsed
========================================================================
 GM  | GPS Lock: YES  PPS: 42031  Crystal: +31356 ns  Interp: +643 ns
      | Regression: a1=-0.126 ppb  sigma=8.2 ns
      | TX latency: mean=+251137 ns std=1268 ns min=+248208 ns max=+254640 ns n=147
------------------------------------------------------------------------
 RX  | Packets: 1476  Seq gaps: 0  Errors: GM=0 RX=0  State: LOCKED
      | Drift: +31216.8 ns/s = +31.2 ppm  sigma=31641 ns
------------------------------------------------------------------------
 JIT | Detrended: mean=+80 ns std=30953 ns min=-62328 ns max=+60803 ns n=1430
      | Offset:    mean=+57077 ns std=31181 ns min=+0 ns max=+121247 ns n=1430
------------------------------------------------------------------------
 CLK | One-way delay: mean=+518125 ns std=658629 ns min=-673261 ns max=+1698720 ns n=1429
      | Sigma: 658.6 us  Mean: +518.1 us (expected ~constant)
========================================================================
 PASS: Jitter sigma = 31.0 us
 PASS: Zero packet loss
 PASS: GM regression sigma = 8.2 ns
 PASS: RX crystal = 31.2 ppm
 PASS: Drift sigma = 31641 ns
 WARN: One-way delay sigma = 658.6 us (unstable — frequency tracking issue?)
 PASS: Sync state = LOCKED
========================================================================
[2J[H========================================================================
 LTSP Test Harness v0.4  |  1481s elapsed
========================================================================
 GM  | GPS Lock: YES  PPS: 42031  Crystal: +31356 ns  Interp: +643 ns
      | Regression: a1=-0.126 ppb  sigma=8.2 ns
      | TX latency: mean=+251140 ns std=1264 ns min=+248208 ns max=+254640 ns n=148
------------------------------------------------------------------------
 RX  | Packets: 1481  Seq gaps: 0  Errors: GM=0 RX=0  State: LOCKED
      | Drift: +31243.3 ns/s = +31.2 ppm  sigma=31323 ns
------------------------------------------------------------------------
 JIT | Detrended: mean=+82 ns std=30949 ns min=-62328 ns max=+60803 ns n=1435
      | Offset:    mean=+57084 ns std=31176 ns min=+0 ns max=+121247 ns n=1435
------------------------------------------------------------------------
 CLK | One-way delay: mean=+522085 ns std=660882 ns min=-673261 ns max=+1698720 ns n=1434
      | Sigma: 660.9 us  Mean: +522.1 us (expected ~constant)
========================================================================
 PASS: Jitter sigma = 30.9 us
 PASS: Zero packet loss
 PASS: GM regression sigma = 8.2 ns
 PASS: RX crystal = 31.2 ppm
 PASS: Drift sigma = 31323 ns
 WARN: One-way delay sigma = 660.9 us (unstable — frequency tracking issue?)
 PASS: Sync state = LOCKED
========================================================================
[RX] # STATS: PDUs=1497 CSV=1496 Gaps=0 Dups=0 Skip=0 d_min=-58082 ns drift=31301.4 ns/s sigma=31566.5 ns state=LOCKED clk_err=+0 ns
[2J[H========================================================================
 LTSP Test Harness v0.4  |  1486s elapsed
========================================================================
 GM  | GPS Lock: YES  PPS: 42031  Crystal: +31356 ns  Interp: +643 ns
      | Regression: a1=-0.126 ppb  sigma=8.2 ns
      | TX latency: mean=+251140 ns std=1264 ns min=+248208 ns max=+254640 ns n=148
------------------------------------------------------------------------
 RX  | Packets: 1486  Seq gaps: 0  Errors: GM=0 RX=0  State: LOCKED
      | Drift: +31289.0 ns/s = +31.3 ppm  sigma=31577 ns
------------------------------------------------------------------------
 JIT | Detrended: mean=+112 ns std=30930 ns min=-62328 ns max=+60803 ns n=1440
      | Offset:    mean=+57117 ns std=31158 ns min=+0 ns max=+121247 ns n=1440
------------------------------------------------------------------------
 CLK | One-way delay: mean=+526150 ns std=663320 ns min=-673261 ns max=+1722596 ns n=1439
      | Sigma: 663.3 us  Mean: +526.2 us (expected ~constant)
========================================================================
 PASS: Jitter sigma = 30.9 us
 PASS: Zero packet loss
 PASS: GM regression sigma = 8.2 ns
 PASS: RX crystal = 31.3 ppm
 PASS: Drift sigma = 31577 ns
 WARN: One-way delay sigma = 663.3 us (unstable — frequency tracking issue?)
 PASS: Sync state = LOCKED
========================================================================
[2J[H========================================================================
 LTSP Test Harness v0.4  |  1491s elapsed
========================================================================
 GM  | GPS Lock: YES  PPS: 42031  Crystal: +31356 ns  Interp: +643 ns
      | Regression: a1=-0.126 ppb  sigma=8.2 ns
      | TX latency: mean=+251146 ns std=1262 ns min=+248208 ns max=+254640 ns n=149
------------------------------------------------------------------------
 RX  | Packets: 1491  Seq gaps: 0  Errors: GM=0 RX=0  State: LOCKED
      | Drift: +31233.7 ns/s = +31.2 ppm  sigma=31550 ns
------------------------------------------------------------------------
 JIT | Detrended: mean=+95 ns std=30911 ns min=-62328 ns max=+60803 ns n=1445
      | Offset:    mean=+57104 ns std=31138 ns min=+0 ns max=+121247 ns n=1445
------------------------------------------------------------------------
 CLK | One-way delay: mean=+530095 ns std=665547 ns min=-673261 ns max=+1722596 ns n=1444
      | Sigma: 665.5 us  Mean: +530.1 us (expected ~constant)
========================================================================
 PASS: Jitter sigma = 30.9 us
 PASS: Zero packet loss
 PASS: GM regression sigma = 8.2 ns
 PASS: RX crystal = 31.2 ppm
 PASS: Drift sigma = 31550 ns
 WARN: One-way delay sigma = 665.5 us (unstable — frequency tracking issue?)
 PASS: Sync state = LOCKED
========================================================================
[2J[H========================================================================
 LTSP Test Harness v0.4  |  1496s elapsed
========================================================================
 GM  | GPS Lock: YES  PPS: 42061  Crystal: +31356 ns  Interp: -356 ns
      | Regression: a1=-0.148 ppb  sigma=8.7 ns
      | TX latency: mean=+251146 ns std=1262 ns min=+248208 ns max=+254640 ns n=149
------------------------------------------------------------------------
 RX  | Packets: 1496  Seq gaps: 0  Errors: GM=0 RX=0  State: LOCKED
      | Drift: +31414.6 ns/s = +31.4 ppm  sigma=30826 ns
------------------------------------------------------------------------
 JIT | Detrended: mean=+91 ns std=30891 ns min=-62328 ns max=+60803 ns n=1450
      | Offset:    mean=+57104 ns std=31117 ns min=+0 ns max=+121247 ns n=1450
------------------------------------------------------------------------
 CLK | One-way delay: mean=+534063 ns std=667817 ns min=-673261 ns max=+1731416 ns n=1449
      | Sigma: 667.8 us  Mean: +534.1 us (expected ~constant)
========================================================================
 PASS: Jitter sigma = 30.9 us
 PASS: Zero packet loss
 PASS: GM regression sigma = 8.7 ns
 PASS: RX crystal = 31.4 ppm
 PASS: Drift sigma = 30826 ns
 WARN: One-way delay sigma = 667.8 us (unstable — frequency tracking issue?)
 PASS: Sync state = LOCKED
========================================================================
[2J[H========================================================================
 LTSP Test Harness v0.4  |  1501s elapsed
========================================================================
 GM  | GPS Lock: YES  PPS: 42061  Crystal: +31356 ns  Interp: -356 ns
      | Regression: a1=-0.148 ppb  sigma=8.7 ns
      | TX latency: mean=+251145 ns std=1257 ns min=+248208 ns max=+254640 ns n=150
------------------------------------------------------------------------
 RX  | Packets: 1501  Seq gaps: 0  Errors: GM=0 RX=0  State: LOCKED
      | Drift: +31167.8 ns/s = +31.2 ppm  sigma=30497 ns
------------------------------------------------------------------------
 JIT | Detrended: mean=+55 ns std=30891 ns min=-62328 ns max=+60803 ns n=1455
      | Offset:    mean=+57071 ns std=31116 ns min=+0 ns max=+121247 ns n=1455
------------------------------------------------------------------------
 CLK | One-way delay: mean=+538065 ns std=670143 ns min=-673261 ns max=+1738353 ns n=1454
      | Sigma: 670.1 us  Mean: +538.1 us (expected ~constant)
========================================================================
 PASS: Jitter sigma = 30.9 us
 PASS: Zero packet loss
 PASS: GM regression sigma = 8.7 ns
 PASS: RX crystal = 31.2 ppm
 PASS: Drift sigma = 30497 ns
 WARN: One-way delay sigma = 670.1 us (unstable — frequency tracking issue?)
 PASS: Sync state = LOCKED
========================================================================
[2J[H========================================================================
 LTSP Test Harness v0.4  |  1506s elapsed
========================================================================
 GM  | GPS Lock: YES  PPS: 42061  Crystal: +31356 ns  Interp: -356 ns
      | Regression: a1=-0.148 ppb  sigma=8.7 ns
      | TX latency: mean=+251145 ns std=1257 ns min=+248208 ns max=+254640 ns n=150
------------------------------------------------------------------------
 RX  | Packets: 1506  Seq gaps: 0  Errors: GM=0 RX=0  State: LOCKED
      | Drift: +31267.5 ns/s = +31.3 ppm  sigma=30693 ns
------------------------------------------------------------------------
 JIT | Detrended: mean=+72 ns std=30881 ns min=-62328 ns max=+60803 ns n=1460
      | Offset:    mean=+57092 ns std=31105 ns min=+0 ns max=+121247 ns n=1460
------------------------------------------------------------------------
 CLK | One-way delay: mean=+542042 ns std=672430 ns min=-673261 ns max=+1750931 ns n=1459
      | Sigma: 672.4 us  Mean: +542.0 us (expected ~constant)
========================================================================
 PASS: Jitter sigma = 30.9 us
 PASS: Zero packet loss
 PASS: GM regression sigma = 8.7 ns
 PASS: RX crystal = 31.3 ppm
 PASS: Drift sigma = 30693 ns
 WARN: One-way delay sigma = 672.4 us (unstable — frequency tracking issue?)
 PASS: Sync state = LOCKED
========================================================================
[2J[H========================================================================
 LTSP Test Harness v0.4  |  1511s elapsed
========================================================================
 GM  | GPS Lock: YES  PPS: 42061  Crystal: +31356 ns  Interp: -356 ns
      | Regression: a1=-0.148 ppb  sigma=8.7 ns
      | TX latency: mean=+251149 ns std=1254 ns min=+248208 ns max=+254640 ns n=151
------------------------------------------------------------------------
 RX  | Packets: 1511  Seq gaps: 0  Errors: GM=0 RX=0  State: LOCKED
      | Drift: +31020.2 ns/s = +31.0 ppm  sigma=30157 ns
------------------------------------------------------------------------
 JIT | Detrended: mean=+18 ns std=30878 ns min=-62328 ns max=+60803 ns n=1465
      | Offset:    mean=+57042 ns std=31100 ns min=+0 ns max=+121247 ns n=1465
------------------------------------------------------------------------
 CLK | One-way delay: mean=+545996 ns std=674674 ns min=-673261 ns max=+1750931 ns n=1464
      | Sigma: 674.7 us  Mean: +546.0 us (expected ~constant)
========================================================================
 PASS: Jitter sigma = 30.9 us
 PASS: Zero packet loss
 PASS: GM regression sigma = 8.7 ns
 PASS: RX crystal = 31.0 ppm
 PASS: Drift sigma = 30157 ns
 WARN: One-way delay sigma = 674.7 us (unstable — frequency tracking issue?)
 PASS: Sync state = LOCKED
========================================================================
[2J[H========================================================================
 LTSP Test Harness v0.4  |  1516s elapsed
========================================================================
 GM  | GPS Lock: YES  PPS: 42061  Crystal: +31356 ns  Interp: -356 ns
      | Regression: a1=-0.148 ppb  sigma=8.7 ns
      | TX latency: mean=+251149 ns std=1254 ns min=+248208 ns max=+254640 ns n=151
------------------------------------------------------------------------
 RX  | Packets: 1516  Seq gaps: 0  Errors: GM=0 RX=0  State: LOCKED
      | Drift: +30949.4 ns/s = +30.9 ppm  sigma=30014 ns
------------------------------------------------------------------------
 JIT | Detrended: mean=+21 ns std=30879 ns min=-62328 ns max=+60803 ns n=1470
      | Offset:    mean=+57048 ns std=31100 ns min=+0 ns max=+121247 ns n=1470
------------------------------------------------------------------------
 CLK | One-way delay: mean=+549950 ns std=676918 ns min=-673261 ns max=+1750931 ns n=1469
      | Sigma: 676.9 us  Mean: +549.9 us (expected ~constant)
========================================================================
 PASS: Jitter sigma = 30.9 us
 PASS: Zero packet loss
 PASS: GM regression sigma = 8.7 ns
 PASS: RX crystal = 30.9 ppm
 PASS: Drift sigma = 30014 ns
 WARN: One-way delay sigma = 676.9 us (unstable — frequency tracking issue?)
 PASS: Sync state = LOCKED
========================================================================
[2J[H========================================================================
 LTSP Test Harness v0.4  |  1521s elapsed
========================================================================
 GM  | GPS Lock: YES  PPS: 42061  Crystal: +31356 ns  Interp: -356 ns
      | Regression: a1=-0.148 ppb  sigma=8.7 ns
      | TX latency: mean=+251161 ns std=1259 ns min=+248208 ns max=+254640 ns n=152
------------------------------------------------------------------------
 RX  | Packets: 1521  Seq gaps: 0  Errors: GM=0 RX=0  State: LOCKED
      | Drift: +30917.6 ns/s = +30.9 ppm  sigma=30878 ns
------------------------------------------------------------------------
 JIT | Detrended: mean=+24 ns std=30903 ns min=-62328 ns max=+60803 ns n=1475
      | Offset:    mean=+57054 ns std=31123 ns min=+0 ns max=+121247 ns n=1475
------------------------------------------------------------------------
 CLK | One-way delay: mean=+553959 ns std=679259 ns min=-673261 ns max=+1771803 ns n=1474
      | Sigma: 679.3 us  Mean: +554.0 us (expected ~constant)
========================================================================
 PASS: Jitter sigma = 30.9 us
 PASS: Zero packet loss
 PASS: GM regression sigma = 8.7 ns
 PASS: RX crystal = 30.9 ppm
 PASS: Drift sigma = 30878 ns
 WARN: One-way delay sigma = 679.3 us (unstable — frequency tracking issue?)
 PASS: Sync state = LOCKED
========================================================================
[2J[H========================================================================
 LTSP Test Harness v0.4  |  1526s elapsed
========================================================================
 GM  | GPS Lock: YES  PPS: 42091  Crystal: +31344 ns  Interp: +655 ns
      | Regression: a1=-0.030 ppb  sigma=7.7 ns
      | TX latency: mean=+251161 ns std=1259 ns min=+248208 ns max=+254640 ns n=152
------------------------------------------------------------------------
 RX  | Packets: 1526  Seq gaps: 0  Errors: GM=0 RX=0  State: LOCKED
      | Drift: +31055.6 ns/s = +31.1 ppm  sigma=31048 ns
------------------------------------------------------------------------
 JIT | Detrended: mean=+54 ns std=30905 ns min=-62328 ns max=+60803 ns n=1480
      | Offset:    mean=+57089 ns std=31126 ns min=+0 ns max=+121247 ns n=1480
------------------------------------------------------------------------
 CLK | One-way delay: mean=+557999 ns std=681653 ns min=-673261 ns max=+1790399 ns n=1479
      | Sigma: 681.7 us  Mean: +558.0 us (expected ~constant)
========================================================================
 PASS: Jitter sigma = 30.9 us
 PASS: Zero packet loss
 PASS: GM regression sigma = 7.7 ns
 PASS: RX crystal = 31.1 ppm
 PASS: Drift sigma = 31048 ns
 WARN: One-way delay sigma = 681.7 us (unstable — frequency tracking issue?)
 PASS: Sync state = LOCKED
========================================================================
[2J[H========================================================================
 LTSP Test Harness v0.4  |  1531s elapsed
========================================================================
 GM  | GPS Lock: YES  PPS: 42091  Crystal: +31344 ns  Interp: +655 ns
      | Regression: a1=-0.030 ppb  sigma=7.7 ns
      | TX latency: mean=+251158 ns std=1256 ns min=+248208 ns max=+254640 ns n=153
------------------------------------------------------------------------
 RX  | Packets: 1531  Seq gaps: 0  Errors: GM=0 RX=0  State: LOCKED
      | Drift: +30994.7 ns/s = +31.0 ppm  sigma=32026 ns
------------------------------------------------------------------------
 JIT | Detrended: mean=+11 ns std=30919 ns min=-62328 ns max=+60803 ns n=1485
      | Offset:    mean=+57049 ns std=31137 ns min=+0 ns max=+121247 ns n=1485
------------------------------------------------------------------------
 CLK | One-way delay: mean=+561965 ns std=683919 ns min=-673261 ns max=+1790399 ns n=1484
      | Sigma: 683.9 us  Mean: +562.0 us (expected ~constant)
========================================================================
 PASS: Jitter sigma = 30.9 us
 PASS: Zero packet loss
 PASS: GM regression sigma = 7.7 ns
 PASS: RX crystal = 31.0 ppm
 PASS: Drift sigma = 32026 ns
 WARN: One-way delay sigma = 683.9 us (unstable — frequency tracking issue?)
 PASS: Sync state = LOCKED
========================================================================
[2J[H========================================================================
 LTSP Test Harness v0.4  |  1536s elapsed
========================================================================
 GM  | GPS Lock: YES  PPS: 42091  Crystal: +31344 ns  Interp: +655 ns
      | Regression: a1=-0.030 ppb  sigma=7.7 ns
      | TX latency: mean=+251158 ns std=1256 ns min=+248208 ns max=+254640 ns n=153
------------------------------------------------------------------------
 RX  | Packets: 1536  Seq gaps: 0  Errors: GM=0 RX=0  State: LOCKED
      | Drift: +30922.4 ns/s = +30.9 ppm  sigma=31369 ns
------------------------------------------------------------------------
 JIT | Detrended: mean=+38 ns std=30910 ns min=-62328 ns max=+60803 ns n=1490
      | Offset:    mean=+57079 ns std=31128 ns min=+0 ns max=+121247 ns n=1490
------------------------------------------------------------------------
 CLK | One-way delay: mean=+565927 ns std=686177 ns min=-673261 ns max=+1790399 ns n=1489
      | Sigma: 686.2 us  Mean: +565.9 us (expected ~constant)
========================================================================
 PASS: Jitter sigma = 30.9 us
 PASS: Zero packet loss
 PASS: GM regression sigma = 7.7 ns
 PASS: RX crystal = 30.9 ppm
 PASS: Drift sigma = 31369 ns
 WARN: One-way delay sigma = 686.2 us (unstable — frequency tracking issue?)
 PASS: Sync state = LOCKED
========================================================================
[2J[H========================================================================
 LTSP Test Harness v0.4  |  1541s elapsed
========================================================================
 GM  | GPS Lock: YES  PPS: 42091  Crystal: +31344 ns  Interp: +655 ns
      | Regression: a1=-0.030 ppb  sigma=7.7 ns
      | TX latency: mean=+251147 ns std=1259 ns min=+248208 ns max=+254640 ns n=154
------------------------------------------------------------------------
 RX  | Packets: 1541  Seq gaps: 0  Errors: GM=0 RX=0  State: LOCKED
      | Drift: +30936.5 ns/s = +30.9 ppm  sigma=31842 ns
------------------------------------------------------------------------
 JIT | Detrended: mean=+58 ns std=30928 ns min=-62328 ns max=+60803 ns n=1495
      | Offset:    mean=+57103 ns std=31146 ns min=+0 ns max=+121247 ns n=1495
------------------------------------------------------------------------
 CLK | One-way delay: mean=+569952 ns std=688546 ns min=-673261 ns max=+1810043 ns n=1494
      | Sigma: 688.5 us  Mean: +570.0 us (expected ~constant)
========================================================================
 PASS: Jitter sigma = 30.9 us
 PASS: Zero packet loss
 PASS: GM regression sigma = 7.7 ns
 PASS: RX crystal = 30.9 ppm
 PASS: Drift sigma = 31842 ns
 WARN: One-way delay sigma = 688.5 us (unstable — frequency tracking issue?)
 PASS: Sync state = LOCKED
========================================================================
[RX] # STATS: PDUs=1557 CSV=1556 Gaps=0 Dups=0 Skip=0 d_min=-58082 ns drift=30995.3 ns/s sigma=32120.9 ns state=LOCKED clk_err=+0 ns
[2J[H========================================================================
 LTSP Test Harness v0.4  |  1546s elapsed
========================================================================
 GM  | GPS Lock: YES  PPS: 42091  Crystal: +31344 ns  Interp: +655 ns
      | Regression: a1=-0.030 ppb  sigma=7.7 ns
      | TX latency: mean=+251147 ns std=1259 ns min=+248208 ns max=+254640 ns n=154
------------------------------------------------------------------------
 RX  | Packets: 1546  Seq gaps: 0  Errors: GM=0 RX=0  State: LOCKED
      | Drift: +30908.3 ns/s = +30.9 ppm  sigma=32202 ns
------------------------------------------------------------------------
 JIT | Detrended: mean=+16 ns std=30924 ns min=-62328 ns max=+60803 ns n=1500
      | Offset:    mean=+57065 ns std=31141 ns min=+0 ns max=+121247 ns n=1500
------------------------------------------------------------------------
 CLK | One-way delay: mean=+573945 ns std=690858 ns min=-673261 ns max=+1810043 ns n=1499
      | Sigma: 690.9 us  Mean: +573.9 us (expected ~constant)
========================================================================
 PASS: Jitter sigma = 30.9 us
 PASS: Zero packet loss
 PASS: GM regression sigma = 7.7 ns
 PASS: RX crystal = 30.9 ppm
 PASS: Drift sigma = 32202 ns
 WARN: One-way delay sigma = 690.9 us (unstable — frequency tracking issue?)
 PASS: Sync state = LOCKED
========================================================================
[2J[H========================================================================
 LTSP Test Harness v0.4  |  1551s elapsed
========================================================================
 GM  | GPS Lock: YES  PPS: 42091  Crystal: +31344 ns  Interp: +655 ns
      | Regression: a1=-0.030 ppb  sigma=7.7 ns
      | TX latency: mean=+251142 ns std=1257 ns min=+248208 ns max=+254640 ns n=155
------------------------------------------------------------------------
 RX  | Packets: 1551  Seq gaps: 0  Errors: GM=0 RX=0  State: LOCKED
      | Drift: +30760.9 ns/s = +30.8 ppm  sigma=32702 ns
------------------------------------------------------------------------
 JIT | Detrended: mean=-26 ns std=30927 ns min=-62328 ns max=+60803 ns n=1505
      | Offset:    mean=+57025 ns std=31142 ns min=+0 ns max=+121247 ns n=1505
------------------------------------------------------------------------
 CLK | One-way delay: mean=+577902 ns std=693107 ns min=-673261 ns max=+1810043 ns n=1504
      | Sigma: 693.1 us  Mean: +577.9 us (expected ~constant)
========================================================================
 PASS: Jitter sigma = 30.9 us
 PASS: Zero packet loss
 PASS: GM regression sigma = 7.7 ns
 PASS: RX crystal = 30.8 ppm
 PASS: Drift sigma = 32702 ns
 WARN: One-way delay sigma = 693.1 us (unstable — frequency tracking issue?)
 PASS: Sync state = LOCKED
========================================================================
[2J[H========================================================================
 LTSP Test Harness v0.4  |  1556s elapsed
========================================================================
 GM  | GPS Lock: YES  PPS: 42121  Crystal: +31344 ns  Interp: +655 ns
      | Regression: a1=-0.007 ppb  sigma=6.5 ns
      | TX latency: mean=+251142 ns std=1257 ns min=+248208 ns max=+254640 ns n=155
------------------------------------------------------------------------
 RX  | Packets: 1556  Seq gaps: 0  Errors: GM=0 RX=0  State: LOCKED
      | Drift: +30718.0 ns/s = +30.7 ppm  sigma=32535 ns
------------------------------------------------------------------------
 JIT | Detrended: mean=-52 ns std=30901 ns min=-62328 ns max=+60803 ns n=1510
      | Offset:    mean=+57003 ns std=31114 ns min=+0 ns max=+121247 ns n=1510
------------------------------------------------------------------------
 CLK | One-way delay: mean=+581867 ns std=695369 ns min=-673261 ns max=+1810043 ns n=1509
      | Sigma: 695.4 us  Mean: +581.9 us (expected ~constant)
========================================================================
 PASS: Jitter sigma = 30.9 us
 PASS: Zero packet loss
 PASS: GM regression sigma = 6.5 ns
 PASS: RX crystal = 30.7 ppm
 PASS: Drift sigma = 32535 ns
 WARN: One-way delay sigma = 695.4 us (unstable — frequency tracking issue?)
 PASS: Sync state = LOCKED
========================================================================
[2J[H========================================================================
 LTSP Test Harness v0.4  |  1561s elapsed
========================================================================
 GM  | GPS Lock: YES  PPS: 42121  Crystal: +31344 ns  Interp: +655 ns
      | Regression: a1=-0.007 ppb  sigma=6.5 ns
      | TX latency: mean=+251145 ns std=1253 ns min=+248208 ns max=+254640 ns n=156
------------------------------------------------------------------------
 RX  | Packets: 1561  Seq gaps: 0  Errors: GM=0 RX=0  State: LOCKED
      | Drift: +30813.8 ns/s = +30.8 ppm  sigma=32732 ns
------------------------------------------------------------------------
 JIT | Detrended: mean=+17 ns std=30908 ns min=-62328 ns max=+60803 ns n=1515
      | Offset:    mean=+57075 ns std=31122 ns min=+0 ns max=+121247 ns n=1515
------------------------------------------------------------------------
 CLK | One-way delay: mean=+585788 ns std=697557 ns min=-673261 ns max=+1810043 ns n=1514
      | Sigma: 697.6 us  Mean: +585.8 us (expected ~constant)
========================================================================
 PASS: Jitter sigma = 30.9 us
 PASS: Zero packet loss
 PASS: GM regression sigma = 6.5 ns
 PASS: RX crystal = 30.8 ppm
 PASS: Drift sigma = 32732 ns
 WARN: One-way delay sigma = 697.6 us (unstable — frequency tracking issue?)
 PASS: Sync state = LOCKED
========================================================================
[2J[H========================================================================
 LTSP Test Harness v0.4  |  1566s elapsed
========================================================================
 GM  | GPS Lock: YES  PPS: 42121  Crystal: +31344 ns  Interp: +655 ns
      | Regression: a1=-0.007 ppb  sigma=6.5 ns
      | TX latency: mean=+251145 ns std=1253 ns min=+248208 ns max=+254640 ns n=156
------------------------------------------------------------------------
 RX  | Packets: 1566  Seq gaps: 0  Errors: GM=0 RX=0  State: LOCKED
      | Drift: +31029.6 ns/s = +31.0 ppm  sigma=32824 ns
------------------------------------------------------------------------
 JIT | Detrended: mean=+65 ns std=30904 ns min=-62328 ns max=+60803 ns n=1520
      | Offset:    mean=+57126 ns std=31120 ns min=+0 ns max=+121247 ns n=1520
------------------------------------------------------------------------
 CLK | One-way delay: mean=+589846 ns std=699982 ns min=-673261 ns max=+1853658 ns n=1519
      | Sigma: 700.0 us  Mean: +589.8 us (expected ~constant)
========================================================================
 PASS: Jitter sigma = 30.9 us
 PASS: Zero packet loss
 PASS: GM regression sigma = 6.5 ns
 PASS: RX crystal = 31.0 ppm
 PASS: Drift sigma = 32824 ns
 WARN: One-way delay sigma = 700.0 us (unstable — frequency tracking issue?)
 PASS: Sync state = LOCKED
========================================================================
[2J[H========================================================================
 LTSP Test Harness v0.4  |  1571s elapsed
========================================================================
 GM  | GPS Lock: YES  PPS: 42121  Crystal: +31344 ns  Interp: +655 ns
      | Regression: a1=-0.007 ppb  sigma=6.5 ns
      | TX latency: mean=+251142 ns std=1250 ns min=+248208 ns max=+254640 ns n=157
------------------------------------------------------------------------
 RX  | Packets: 1571  Seq gaps: 0  Errors: GM=0 RX=0  State: LOCKED
      | Drift: +31154.7 ns/s = +31.2 ppm  sigma=33272 ns
------------------------------------------------------------------------
 JIT | Detrended: mean=+145 ns std=30912 ns min=-62328 ns max=+60803 ns n=1525
      | Offset:    mean=+57210 ns std=31129 ns min=+0 ns max=+121247 ns n=1525
------------------------------------------------------------------------
 CLK | One-way delay: mean=+593817 ns std=702258 ns min=-673261 ns max=+1855011 ns n=1524
      | Sigma: 702.3 us  Mean: +593.8 us (expected ~constant)
========================================================================
 PASS: Jitter sigma = 30.9 us
 PASS: Zero packet loss
 PASS: GM regression sigma = 6.5 ns
 PASS: RX crystal = 31.2 ppm
 PASS: Drift sigma = 33272 ns
 WARN: One-way delay sigma = 702.3 us (unstable — frequency tracking issue?)
 PASS: Sync state = LOCKED
========================================================================
[2J[H========================================================================
 LTSP Test Harness v0.4  |  1576s elapsed
========================================================================
 GM  | GPS Lock: YES  PPS: 42121  Crystal: +31344 ns  Interp: +655 ns
      | Regression: a1=-0.007 ppb  sigma=6.5 ns
      | TX latency: mean=+251142 ns std=1250 ns min=+248208 ns max=+254640 ns n=157
------------------------------------------------------------------------
 RX  | Packets: 1576  Seq gaps: 0  Errors: GM=0 RX=0  State: LOCKED
      | Drift: +31136.2 ns/s = +31.1 ppm  sigma=33535 ns
------------------------------------------------------------------------
 JIT | Detrended: mean=+100 ns std=30929 ns min=-62328 ns max=+60803 ns n=1530
      | Offset:    mean=+57169 ns std=31144 ns min=+0 ns max=+121247 ns n=1530
------------------------------------------------------------------------
 CLK | One-way delay: mean=+597812 ns std=704573 ns min=-673261 ns max=+1871431 ns n=1529
      | Sigma: 704.6 us  Mean: +597.8 us (expected ~constant)
========================================================================
 PASS: Jitter sigma = 30.9 us
 PASS: Zero packet loss
 PASS: GM regression sigma = 6.5 ns
 PASS: RX crystal = 31.1 ppm
 PASS: Drift sigma = 33535 ns
 WARN: One-way delay sigma = 704.6 us (unstable — frequency tracking issue?)
 PASS: Sync state = LOCKED
========================================================================
[2J[H========================================================================
 LTSP Test Harness v0.4  |  1581s elapsed
========================================================================
 GM  | GPS Lock: YES  PPS: 42121  Crystal: +31344 ns  Interp: +655 ns
      | Regression: a1=-0.007 ppb  sigma=6.5 ns
      | TX latency: mean=+251130 ns std=1255 ns min=+248208 ns max=+254640 ns n=158
------------------------------------------------------------------------
 RX  | Packets: 1581  Seq gaps: 0  Errors: GM=0 RX=0  State: LOCKED
      | Drift: +30985.3 ns/s = +31.0 ppm  sigma=32589 ns
------------------------------------------------------------------------
 JIT | Detrended: mean=+27 ns std=30916 ns min=-62328 ns max=+60803 ns n=1535
      | Offset:    mean=+57098 ns std=31129 ns min=+0 ns max=+121247 ns n=1535
------------------------------------------------------------------------
 CLK | One-way delay: mean=+601789 ns std=706856 ns min=-673261 ns max=+1871431 ns n=1534
      | Sigma: 706.9 us  Mean: +601.8 us (expected ~constant)
========================================================================
 PASS: Jitter sigma = 30.9 us
 PASS: Zero packet loss
 PASS: GM regression sigma = 6.5 ns
 PASS: RX crystal = 31.0 ppm
 PASS: Drift sigma = 32589 ns
 WARN: One-way delay sigma = 706.9 us (unstable — frequency tracking issue?)
 PASS: Sync state = LOCKED
========================================================================
[2J[H========================================================================
 LTSP Test Harness v0.4  |  1586s elapsed
========================================================================
 GM  | GPS Lock: YES  PPS: 42151  Crystal: +31320 ns  Interp: -320 ns
      | Regression: a1=-0.054 ppb  sigma=9.1 ns
      | TX latency: mean=+251130 ns std=1255 ns min=+248208 ns max=+254640 ns n=158
------------------------------------------------------------------------
 RX  | Packets: 1586  Seq gaps: 0  Errors: GM=0 RX=0  State: LOCKED
      | Drift: +31212.9 ns/s = +31.2 ppm  sigma=31681 ns
------------------------------------------------------------------------
 JIT | Detrended: mean=+72 ns std=30893 ns min=-62328 ns max=+60803 ns n=1540
      | Offset:    mean=+57144 ns std=31106 ns min=+0 ns max=+121247 ns n=1540
------------------------------------------------------------------------
 CLK | One-way delay: mean=+605780 ns std=709167 ns min=-673261 ns max=+1871431 ns n=1539
      | Sigma: 709.2 us  Mean: +605.8 us (expected ~constant)
========================================================================
 PASS: Jitter sigma = 30.9 us
 PASS: Zero packet loss
 PASS: GM regression sigma = 9.1 ns
 PASS: RX crystal = 31.2 ppm
 PASS: Drift sigma = 31681 ns
 WARN: One-way delay sigma = 709.2 us (unstable — frequency tracking issue?)
 PASS: Sync state = LOCKED
========================================================================
[2J[H========================================================================
 LTSP Test Harness v0.4  |  1591s elapsed
========================================================================
 GM  | GPS Lock: YES  PPS: 42151  Crystal: +31320 ns  Interp: -320 ns
      | Regression: a1=-0.054 ppb  sigma=9.1 ns
      | TX latency: mean=+251121 ns std=1256 ns min=+248208 ns max=+254640 ns n=159
------------------------------------------------------------------------
 RX  | Packets: 1591  Seq gaps: 0  Errors: GM=0 RX=0  State: LOCKED
      | Drift: +31115.5 ns/s = +31.1 ppm  sigma=32348 ns
------------------------------------------------------------------------
 JIT | Detrended: mean=+60 ns std=30925 ns min=-62328 ns max=+60803 ns n=1545
      | Offset:    mean=+57132 ns std=31137 ns min=+0 ns max=+121247 ns n=1545
------------------------------------------------------------------------
 CLK | One-way delay: mean=+609720 ns std=711387 ns min=-673261 ns max=+1887332 ns n=1544
      | Sigma: 711.4 us  Mean: +609.7 us (expected ~constant)
========================================================================
 PASS: Jitter sigma = 30.9 us
 PASS: Zero packet loss
 PASS: GM regression sigma = 9.1 ns
 PASS: RX crystal = 31.1 ppm
 PASS: Drift sigma = 32348 ns
 WARN: One-way delay sigma = 711.4 us (unstable — frequency tracking issue?)
 PASS: Sync state = LOCKED
========================================================================
[2J[H========================================================================
 LTSP Test Harness v0.4  |  1596s elapsed
========================================================================
 GM  | GPS Lock: YES  PPS: 42151  Crystal: +31320 ns  Interp: -320 ns
      | Regression: a1=-0.054 ppb  sigma=9.1 ns
      | TX latency: mean=+251121 ns std=1256 ns min=+248208 ns max=+254640 ns n=159
------------------------------------------------------------------------
 RX  | Packets: 1596  Seq gaps: 0  Errors: GM=0 RX=0  State: LOCKED
      | Drift: +31332.1 ns/s = +31.3 ppm  sigma=32236 ns
------------------------------------------------------------------------
 JIT | Detrended: mean=+104 ns std=30917 ns min=-62328 ns max=+60803 ns n=1550
      | Offset:    mean=+57177 ns std=31129 ns min=+0 ns max=+121247 ns n=1550
------------------------------------------------------------------------
 CLK | One-way delay: mean=+613725 ns std=713720 ns min=-673261 ns max=+1897573 ns n=1549
      | Sigma: 713.7 us  Mean: +613.7 us (expected ~constant)
========================================================================
 PASS: Jitter sigma = 30.9 us
 PASS: Zero packet loss
 PASS: GM regression sigma = 9.1 ns
 PASS: RX crystal = 31.3 ppm
 PASS: Drift sigma = 32236 ns
 WARN: One-way delay sigma = 713.7 us (unstable — frequency tracking issue?)
 PASS: Sync state = LOCKED
========================================================================
[2J[H========================================================================
 LTSP Test Harness v0.4  |  1601s elapsed
========================================================================
 GM  | GPS Lock: YES  PPS: 42151  Crystal: +31320 ns  Interp: -320 ns
      | Regression: a1=-0.054 ppb  sigma=9.1 ns
      | TX latency: mean=+251105 ns std=1268 ns min=+248208 ns max=+254640 ns n=160
------------------------------------------------------------------------
 RX  | Packets: 1601  Seq gaps: 0  Errors: GM=0 RX=0  State: LOCKED
      | Drift: +31499.6 ns/s = +31.5 ppm  sigma=31017 ns
------------------------------------------------------------------------
 JIT | Detrended: mean=+125 ns std=30898 ns min=-62328 ns max=+60803 ns n=1555
      | Offset:    mean=+57198 ns std=31109 ns min=+0 ns max=+121247 ns n=1555
------------------------------------------------------------------------
 CLK | One-way delay: mean=+617723 ns std=716042 ns min=-673261 ns max=+1897573 ns n=1554
      | Sigma: 716.0 us  Mean: +617.7 us (expected ~constant)
========================================================================
 PASS: Jitter sigma = 30.9 us
 PASS: Zero packet loss
 PASS: GM regression sigma = 9.1 ns
 PASS: RX crystal = 31.5 ppm
 PASS: Drift sigma = 31017 ns
 WARN: One-way delay sigma = 716.0 us (unstable — frequency tracking issue?)
 PASS: Sync state = LOCKED
========================================================================
[RX] # STATS: PDUs=1617 CSV=1616 Gaps=0 Dups=0 Skip=0 d_min=-57237 ns drift=31503.9 ns/s sigma=31308.8 ns state=LOCKED clk_err=+0 ns
[2J[H========================================================================
 LTSP Test Harness v0.4  |  1606s elapsed
========================================================================
 GM  | GPS Lock: YES  PPS: 42151  Crystal: +31320 ns  Interp: -320 ns
      | Regression: a1=-0.054 ppb  sigma=9.1 ns
      | TX latency: mean=+251105 ns std=1268 ns min=+248208 ns max=+254640 ns n=160
------------------------------------------------------------------------
 RX  | Packets: 1606  Seq gaps: 0  Errors: GM=0 RX=0  State: LOCKED
      | Drift: +31407.5 ns/s = +31.4 ppm  sigma=31894 ns
------------------------------------------------------------------------
 JIT | Detrended: mean=+96 ns std=30921 ns min=-62328 ns max=+60803 ns n=1560
      | Offset:    mean=+57170 ns std=31131 ns min=+0 ns max=+121247 ns n=1560
------------------------------------------------------------------------
 CLK | One-way delay: mean=+621751 ns std=718417 ns min=-673261 ns max=+1916790 ns n=1559
      | Sigma: 718.4 us  Mean: +621.8 us (expected ~constant)
========================================================================
 PASS: Jitter sigma = 30.9 us
 PASS: Zero packet loss
 PASS: GM regression sigma = 9.1 ns
 PASS: RX crystal = 31.4 ppm
 PASS: Drift sigma = 31894 ns
 WARN: One-way delay sigma = 718.4 us (unstable — frequency tracking issue?)
 PASS: Sync state = LOCKED
========================================================================
[2J[H========================================================================
 LTSP Test Harness v0.4  |  1611s elapsed
========================================================================
 GM  | GPS Lock: YES  PPS: 42151  Crystal: +31320 ns  Interp: -320 ns
      | Regression: a1=-0.054 ppb  sigma=9.1 ns
      | TX latency: mean=+251118 ns std=1275 ns min=+248208 ns max=+254640 ns n=161
------------------------------------------------------------------------
 RX  | Packets: 1611  Seq gaps: 0  Errors: GM=0 RX=0  State: LOCKED
      | Drift: +31306.4 ns/s = +31.3 ppm  sigma=31540 ns
------------------------------------------------------------------------
 JIT | Detrended: mean=+102 ns std=30912 ns min=-62328 ns max=+60803 ns n=1565
      | Offset:    mean=+57177 ns std=31121 ns min=+0 ns max=+121247 ns n=1565
------------------------------------------------------------------------
 CLK | One-way delay: mean=+625808 ns std=720838 ns min=-673261 ns max=+1927195 ns n=1564
      | Sigma: 720.8 us  Mean: +625.8 us (expected ~constant)
========================================================================
 PASS: Jitter sigma = 30.9 us
 PASS: Zero packet loss
 PASS: GM regression sigma = 9.1 ns
 PASS: RX crystal = 31.3 ppm
 PASS: Drift sigma = 31540 ns
 WARN: One-way delay sigma = 720.8 us (unstable — frequency tracking issue?)
 PASS: Sync state = LOCKED
========================================================================
[2J[H========================================================================
 LTSP Test Harness v0.4  |  1616s elapsed
========================================================================
 GM  | GPS Lock: YES  PPS: 42181  Crystal: +31332 ns  Interp: +655 ns
      | Regression: a1=+0.083 ppb  sigma=10.8 ns
      | TX latency: mean=+251118 ns std=1275 ns min=+248208 ns max=+254640 ns n=161
------------------------------------------------------------------------
 RX  | Packets: 1616  Seq gaps: 0  Errors: GM=0 RX=0  State: LOCKED
      | Drift: +30930.8 ns/s = +30.9 ppm  sigma=32369 ns
------------------------------------------------------------------------
 JIT | Detrended: mean=+27 ns std=30936 ns min=-62328 ns max=+60803 ns n=1570
      | Offset:    mean=+57107 ns std=31141 ns min=+0 ns max=+121247 ns n=1570
------------------------------------------------------------------------
 CLK | One-way delay: mean=+629759 ns std=723077 ns min=-673261 ns max=+1927195 ns n=1569
      | Sigma: 723.1 us  Mean: +629.8 us (expected ~constant)
========================================================================
 PASS: Jitter sigma = 30.9 us
 PASS: Zero packet loss
 PASS: GM regression sigma = 10.8 ns
 PASS: RX crystal = 30.9 ppm
 PASS: Drift sigma = 32369 ns
 WARN: One-way delay sigma = 723.1 us (unstable — frequency tracking issue?)
 PASS: Sync state = LOCKED
========================================================================
[2J[H========================================================================
 LTSP Test Harness v0.4  |  1621s elapsed
========================================================================
 GM  | GPS Lock: YES  PPS: 42181  Crystal: +31332 ns  Interp: +655 ns
      | Regression: a1=+0.083 ppb  sigma=10.8 ns
      | TX latency: mean=+251112 ns std=1273 ns min=+248208 ns max=+254640 ns n=162
------------------------------------------------------------------------
 RX  | Packets: 1621  Seq gaps: 0  Errors: GM=0 RX=0  State: LOCKED
      | Drift: +30817.4 ns/s = +30.8 ppm  sigma=32189 ns
------------------------------------------------------------------------
 JIT | Detrended: mean=-17 ns std=30914 ns min=-62328 ns max=+60803 ns n=1575
      | Offset:    mean=+57067 ns std=31116 ns min=+0 ns max=+121247 ns n=1575
------------------------------------------------------------------------
 CLK | One-way delay: mean=+633701 ns std=725301 ns min=-673261 ns max=+1927195 ns n=1574
      | Sigma: 725.3 us  Mean: +633.7 us (expected ~constant)
========================================================================
 PASS: Jitter sigma = 30.9 us
 PASS: Zero packet loss
 PASS: GM regression sigma = 10.8 ns
 PASS: RX crystal = 30.8 ppm
 PASS: Drift sigma = 32189 ns
 WARN: One-way delay sigma = 725.3 us (unstable — frequency tracking issue?)
 PASS: Sync state = LOCKED
========================================================================
[2J[H========================================================================
 LTSP Test Harness v0.4  |  1626s elapsed
========================================================================
 GM  | GPS Lock: YES  PPS: 42181  Crystal: +31332 ns  Interp: +655 ns
      | Regression: a1=+0.083 ppb  sigma=10.8 ns
      | TX latency: mean=+251112 ns std=1273 ns min=+248208 ns max=+254640 ns n=162
------------------------------------------------------------------------
 RX  | Packets: 1626  Seq gaps: 0  Errors: GM=0 RX=0  State: LOCKED
      | Drift: +30862.6 ns/s = +30.9 ppm  sigma=32713 ns
------------------------------------------------------------------------
 JIT | Detrended: mean=+1 ns std=30920 ns min=-62328 ns max=+60803 ns n=1580
      | Offset:    mean=+57090 ns std=31123 ns min=+0 ns max=+121247 ns n=1580
------------------------------------------------------------------------
 CLK | One-way delay: mean=+637689 ns std=727605 ns min=-673261 ns max=+1936608 ns n=1579
      | Sigma: 727.6 us  Mean: +637.7 us (expected ~constant)
========================================================================
 PASS: Jitter sigma = 30.9 us
 PASS: Zero packet loss
 PASS: GM regression sigma = 10.8 ns
 PASS: RX crystal = 30.9 ppm
 PASS: Drift sigma = 32713 ns
 WARN: One-way delay sigma = 727.6 us (unstable — frequency tracking issue?)
 PASS: Sync state = LOCKED
========================================================================
[2J[H========================================================================
 LTSP Test Harness v0.4  |  1631s elapsed
========================================================================
 GM  | GPS Lock: YES  PPS: 42181  Crystal: +31332 ns  Interp: +655 ns
      | Regression: a1=+0.083 ppb  sigma=10.8 ns
      | TX latency: mean=+251097 ns std=1282 ns min=+248208 ns max=+254640 ns n=163
------------------------------------------------------------------------
 RX  | Packets: 1631  Seq gaps: 0  Errors: GM=0 RX=0  State: LOCKED
      | Drift: +31120.8 ns/s = +31.1 ppm  sigma=33213 ns
------------------------------------------------------------------------
 JIT | Detrended: mean=+30 ns std=30938 ns min=-62328 ns max=+60803 ns n=1585
      | Offset:    mean=+57124 ns std=31142 ns min=+0 ns max=+121247 ns n=1585
------------------------------------------------------------------------
 CLK | One-way delay: mean=+641666 ns std=729889 ns min=-673261 ns max=+1956012 ns n=1584
      | Sigma: 729.9 us  Mean: +641.7 us (expected ~constant)
========================================================================
 PASS: Jitter sigma = 30.9 us
 PASS: Zero packet loss
 PASS: GM regression sigma = 10.8 ns
 PASS: RX crystal = 31.1 ppm
 PASS: Drift sigma = 33213 ns
 WARN: One-way delay sigma = 729.9 us (unstable — frequency tracking issue?)
 PASS: Sync state = LOCKED
========================================================================
[2J[H========================================================================
 LTSP Test Harness v0.4  |  1636s elapsed
========================================================================
 GM  | GPS Lock: YES  PPS: 42181  Crystal: +31332 ns  Interp: +655 ns
      | Regression: a1=+0.083 ppb  sigma=10.8 ns
      | TX latency: mean=+251097 ns std=1282 ns min=+248208 ns max=+254640 ns n=163
------------------------------------------------------------------------
 RX  | Packets: 1636  Seq gaps: 0  Errors: GM=0 RX=0  State: LOCKED
      | Drift: +31010.6 ns/s = +31.0 ppm  sigma=32690 ns
------------------------------------------------------------------------
 JIT | Detrended: mean=+11 ns std=30931 ns min=-62328 ns max=+60803 ns n=1590
      | Offset:    mean=+57109 ns std=31133 ns min=+0 ns max=+121247 ns n=1590
------------------------------------------------------------------------
 CLK | One-way delay: mean=+645666 ns std=732213 ns min=-673261 ns max=+1959963 ns n=1589
      | Sigma: 732.2 us  Mean: +645.7 us (expected ~constant)
========================================================================
 PASS: Jitter sigma = 30.9 us
 PASS: Zero packet loss
 PASS: GM regression sigma = 10.8 ns
 PASS: RX crystal = 31.0 ppm
 PASS: Drift sigma = 32690 ns
 WARN: One-way delay sigma = 732.2 us (unstable — frequency tracking issue?)
 PASS: Sync state = LOCKED
========================================================================
[2J[H========================================================================
 LTSP Test Harness v0.4  |  1641s elapsed
========================================================================
 GM  | GPS Lock: YES  PPS: 42181  Crystal: +31332 ns  Interp: +655 ns
      | Regression: a1=+0.083 ppb  sigma=10.8 ns
      | TX latency: mean=+251109 ns std=1287 ns min=+248208 ns max=+254640 ns n=164
------------------------------------------------------------------------
 RX  | Packets: 1641  Seq gaps: 0  Errors: GM=0 RX=0  State: LOCKED
      | Drift: +30775.7 ns/s = +30.8 ppm  sigma=32936 ns
------------------------------------------------------------------------
 JIT | Detrended: mean=+8 ns std=30942 ns min=-62328 ns max=+60803 ns n=1595
      | Offset:    mean=+57111 ns std=31143 ns min=+0 ns max=+121247 ns n=1595
------------------------------------------------------------------------
 CLK | One-way delay: mean=+649669 ns std=734543 ns min=-673261 ns max=+1970086 ns n=1594
      | Sigma: 734.5 us  Mean: +649.7 us (expected ~constant)
========================================================================
 PASS: Jitter sigma = 30.9 us
 PASS: Zero packet loss
 PASS: GM regression sigma = 10.8 ns
 PASS: RX crystal = 30.8 ppm
 PASS: Drift sigma = 32936 ns
 WARN: One-way delay sigma = 734.5 us (unstable — frequency tracking issue?)
 PASS: Sync state = LOCKED
========================================================================
[2J[H========================================================================
 LTSP Test Harness v0.4  |  1646s elapsed
========================================================================
 GM  | GPS Lock: YES  PPS: 42211  Crystal: +31332 ns  Interp: +667 ns
      | Regression: a1=+0.166 ppb  sigma=6.6 ns
      | TX latency: mean=+251109 ns std=1287 ns min=+248208 ns max=+254640 ns n=164
------------------------------------------------------------------------
 RX  | Packets: 1646  Seq gaps: 0  Errors: GM=0 RX=0  State: LOCKED
      | Drift: +30967.3 ns/s = +31.0 ppm  sigma=34010 ns
------------------------------------------------------------------------
 JIT | Detrended: mean=+59 ns std=30949 ns min=-62328 ns max=+60803 ns n=1600
      | Offset:    mean=+57168 ns std=31153 ns min=+0 ns max=+121247 ns n=1600
------------------------------------------------------------------------
 CLK | One-way delay: mean=+653661 ns std=736853 ns min=-673261 ns max=+1985906 ns n=1599
      | Sigma: 736.9 us  Mean: +653.7 us (expected ~constant)
========================================================================
 PASS: Jitter sigma = 30.9 us
 PASS: Zero packet loss
 PASS: GM regression sigma = 6.6 ns
 PASS: RX crystal = 31.0 ppm
 PASS: Drift sigma = 34010 ns
 WARN: One-way delay sigma = 736.9 us (unstable — frequency tracking issue?)
 PASS: Sync state = LOCKED
========================================================================
[2J[H========================================================================
 LTSP Test Harness v0.4  |  1651s elapsed
========================================================================
 GM  | GPS Lock: YES  PPS: 42211  Crystal: +31332 ns  Interp: +667 ns
      | Regression: a1=+0.166 ppb  sigma=6.6 ns
      | TX latency: mean=+251120 ns std=1290 ns min=+248208 ns max=+254640 ns n=165
------------------------------------------------------------------------
 RX  | Packets: 1651  Seq gaps: 0  Errors: GM=0 RX=0  State: LOCKED
      | Drift: +30910.5 ns/s = +30.9 ppm  sigma=33444 ns
------------------------------------------------------------------------
 JIT | Detrended: mean=+70 ns std=30960 ns min=-62328 ns max=+60803 ns n=1605
      | Offset:    mean=+57183 ns std=31163 ns min=+0 ns max=+121247 ns n=1605
------------------------------------------------------------------------
 CLK | One-way delay: mean=+657620 ns std=739106 ns min=-673261 ns max=+1985906 ns n=1604
      | Sigma: 739.1 us  Mean: +657.6 us (expected ~constant)
========================================================================
 PASS: Jitter sigma = 31.0 us
 PASS: Zero packet loss
 PASS: GM regression sigma = 6.6 ns
 PASS: RX crystal = 30.9 ppm
 PASS: Drift sigma = 33444 ns
 WARN: One-way delay sigma = 739.1 us (unstable — frequency tracking issue?)
 PASS: Sync state = LOCKED
========================================================================
[2J[H========================================================================
 LTSP Test Harness v0.4  |  1656s elapsed
========================================================================
 GM  | GPS Lock: YES  PPS: 42211  Crystal: +31332 ns  Interp: +667 ns
      | Regression: a1=+0.166 ppb  sigma=6.6 ns
      | TX latency: mean=+251120 ns std=1290 ns min=+248208 ns max=+254640 ns n=165
------------------------------------------------------------------------
 RX  | Packets: 1656  Seq gaps: 0  Errors: GM=0 RX=0  State: LOCKED
      | Drift: +31098.9 ns/s = +31.1 ppm  sigma=33324 ns
------------------------------------------------------------------------
 JIT | Detrended: mean=+101 ns std=30949 ns min=-62328 ns max=+60803 ns n=1610
      | Offset:    mean=+57218 ns std=31154 ns min=+0 ns max=+121247 ns n=1610
------------------------------------------------------------------------
 CLK | One-way delay: mean=+661551 ns std=741312 ns min=-673261 ns max=+1985906 ns n=1609
      | Sigma: 741.3 us  Mean: +661.6 us (expected ~constant)
========================================================================
 PASS: Jitter sigma = 30.9 us
 PASS: Zero packet loss
 PASS: GM regression sigma = 6.6 ns
 PASS: RX crystal = 31.1 ppm
 PASS: Drift sigma = 33324 ns
 WARN: One-way delay sigma = 741.3 us (unstable — frequency tracking issue?)
 PASS: Sync state = LOCKED
========================================================================
[2J[H========================================================================
 LTSP Test Harness v0.4  |  1661s elapsed
========================================================================
 GM  | GPS Lock: YES  PPS: 42211  Crystal: +31332 ns  Interp: +667 ns
      | Regression: a1=+0.166 ppb  sigma=6.6 ns
      | TX latency: mean=+251120 ns std=1286 ns min=+248208 ns max=+254640 ns n=166
------------------------------------------------------------------------
 RX  | Packets: 1661  Seq gaps: 0  Errors: GM=0 RX=0  State: LOCKED
      | Drift: +30977.2 ns/s = +31.0 ppm  sigma=33746 ns
------------------------------------------------------------------------
 JIT | Detrended: mean=+7 ns std=30958 ns min=-62328 ns max=+60803 ns n=1615
      | Offset:    mean=+57129 ns std=31157 ns min=+0 ns max=+121247 ns n=1615
------------------------------------------------------------------------
 CLK | One-way delay: mean=+665536 ns std=743612 ns min=-673261 ns max=+1986056 ns n=1614
      | Sigma: 743.6 us  Mean: +665.5 us (expected ~constant)
========================================================================
 PASS: Jitter sigma = 31.0 us
 PASS: Zero packet loss
 PASS: GM regression sigma = 6.6 ns
 PASS: RX crystal = 31.0 ppm
 PASS: Drift sigma = 33746 ns
 WARN: One-way delay sigma = 743.6 us (unstable — frequency tracking issue?)
 PASS: Sync state = LOCKED
========================================================================
[RX] # STATS: PDUs=1677 CSV=1676 Gaps=0 Dups=0 Skip=0 d_min=-58615 ns drift=30918.9 ns/s sigma=33187.6 ns state=LOCKED clk_err=+0 ns
[2J[H========================================================================
 LTSP Test Harness v0.4  |  1666s elapsed
========================================================================
 GM  | GPS Lock: YES  PPS: 42211  Crystal: +31332 ns  Interp: +667 ns
      | Regression: a1=+0.166 ppb  sigma=6.6 ns
      | TX latency: mean=+251120 ns std=1286 ns min=+248208 ns max=+254640 ns n=166
------------------------------------------------------------------------
 RX  | Packets: 1666  Seq gaps: 0  Errors: GM=0 RX=0  State: LOCKED
      | Drift: +31054.3 ns/s = +31.1 ppm  sigma=32960 ns
------------------------------------------------------------------------
 JIT | Detrended: mean=+26 ns std=30948 ns min=-62328 ns max=+60803 ns n=1620
      | Offset:    mean=+57153 ns std=31147 ns min=+0 ns max=+121247 ns n=1620
------------------------------------------------------------------------
 CLK | One-way delay: mean=+669501 ns std=745875 ns min=-673261 ns max=+1994449 ns n=1619
      | Sigma: 745.9 us  Mean: +669.5 us (expected ~constant)
========================================================================
 PASS: Jitter sigma = 30.9 us
 PASS: Zero packet loss
 PASS: GM regression sigma = 6.6 ns
 PASS: RX crystal = 31.1 ppm
 PASS: Drift sigma = 32960 ns
 WARN: One-way delay sigma = 745.9 us (unstable — frequency tracking issue?)
 PASS: Sync state = LOCKED
========================================================================
[2J[H========================================================================
 LTSP Test Harness v0.4  |  1671s elapsed
========================================================================
 GM  | GPS Lock: YES  PPS: 42211  Crystal: +31332 ns  Interp: +667 ns
      | Regression: a1=+0.166 ppb  sigma=6.6 ns
      | TX latency: mean=+251121 ns std=1283 ns min=+248208 ns max=+254640 ns n=167
------------------------------------------------------------------------
 RX  | Packets: 1671  Seq gaps: 0  Errors: GM=0 RX=0  State: LOCKED
      | Drift: +31383.4 ns/s = +31.4 ppm  sigma=32726 ns
------------------------------------------------------------------------
 JIT | Detrended: mean=+84 ns std=30948 ns min=-62328 ns max=+60803 ns n=1625
      | Offset:    mean=+57215 ns std=31150 ns min=+0 ns max=+121247 ns n=1625
------------------------------------------------------------------------
 CLK | One-way delay: mean=+673524 ns std=748242 ns min=-673261 ns max=+2028959 ns n=1624
      | Sigma: 748.2 us  Mean: +673.5 us (expected ~constant)
========================================================================
 PASS: Jitter sigma = 30.9 us
 PASS: Zero packet loss
 PASS: GM regression sigma = 6.6 ns
 PASS: RX crystal = 31.4 ppm
 PASS: Drift sigma = 32726 ns
 WARN: One-way delay sigma = 748.2 us (unstable — frequency tracking issue?)
 PASS: Sync state = LOCKED
========================================================================
[2J[H========================================================================
 LTSP Test Harness v0.4  |  1676s elapsed
========================================================================
 GM  | GPS Lock: YES  PPS: 42241  Crystal: +31320 ns  Interp: -332 ns
      | Regression: a1=+0.047 ppb  sigma=7.1 ns
      | TX latency: mean=+251121 ns std=1283 ns min=+248208 ns max=+254640 ns n=167
------------------------------------------------------------------------
 RX  | Packets: 1676  Seq gaps: 0  Errors: GM=0 RX=0  State: LOCKED
      | Drift: +31273.9 ns/s = +31.3 ppm  sigma=32555 ns
------------------------------------------------------------------------
 JIT | Detrended: mean=+70 ns std=30939 ns min=-62328 ns max=+60803 ns n=1630
      | Offset:    mean=+57206 ns std=31140 ns min=+0 ns max=+121247 ns n=1630
------------------------------------------------------------------------
 CLK | One-way delay: mean=+677492 ns std=750510 ns min=-673261 ns max=+2028959 ns n=1629
      | Sigma: 750.5 us  Mean: +677.5 us (expected ~constant)
========================================================================
 PASS: Jitter sigma = 30.9 us
 PASS: Zero packet loss
 PASS: GM regression sigma = 7.1 ns
 PASS: RX crystal = 31.3 ppm
 PASS: Drift sigma = 32555 ns
 WARN: One-way delay sigma = 750.5 us (unstable — frequency tracking issue?)
 PASS: Sync state = LOCKED
========================================================================
[2J[H========================================================================
 LTSP Test Harness v0.4  |  1681s elapsed
========================================================================
 GM  | GPS Lock: YES  PPS: 42241  Crystal: +31320 ns  Interp: -332 ns
      | Regression: a1=+0.047 ppb  sigma=7.1 ns
      | TX latency: mean=+251118 ns std=1279 ns min=+248208 ns max=+254640 ns n=168
------------------------------------------------------------------------
 RX  | Packets: 1681  Seq gaps: 0  Errors: GM=0 RX=0  State: LOCKED
      | Drift: +31172.0 ns/s = +31.2 ppm  sigma=33102 ns
------------------------------------------------------------------------
 JIT | Detrended: mean=+80 ns std=30933 ns min=-62328 ns max=+60803 ns n=1635
      | Offset:    mean=+57220 ns std=31134 ns min=+0 ns max=+121247 ns n=1635
------------------------------------------------------------------------
 CLK | One-way delay: mean=+681476 ns std=752807 ns min=-673261 ns max=+2028959 ns n=1634
      | Sigma: 752.8 us  Mean: +681.5 us (expected ~constant)
========================================================================
 PASS: Jitter sigma = 30.9 us
 PASS: Zero packet loss
 PASS: GM regression sigma = 7.1 ns
 PASS: RX crystal = 31.2 ppm
 PASS: Drift sigma = 33102 ns
 WARN: One-way delay sigma = 752.8 us (unstable — frequency tracking issue?)
 PASS: Sync state = LOCKED
========================================================================
[2J[H========================================================================
 LTSP Test Harness v0.4  |  1686s elapsed
========================================================================
 GM  | GPS Lock: YES  PPS: 42241  Crystal: +31320 ns  Interp: -332 ns
      | Regression: a1=+0.047 ppb  sigma=7.1 ns
      | TX latency: mean=+251118 ns std=1279 ns min=+248208 ns max=+254640 ns n=168
------------------------------------------------------------------------
 RX  | Packets: 1686  Seq gaps: 0  Errors: GM=0 RX=0  State: LOCKED
      | Drift: +31283.9 ns/s = +31.3 ppm  sigma=33177 ns
------------------------------------------------------------------------
 JIT | Detrended: mean=+127 ns std=30939 ns min=-62328 ns max=+60803 ns n=1640
      | Offset:    mean=+57272 ns std=31142 ns min=+0 ns max=+121247 ns n=1640
------------------------------------------------------------------------
 CLK | One-way delay: mean=+685496 ns std=755167 ns min=-673261 ns max=+2045914 ns n=1639
      | Sigma: 755.2 us  Mean: +685.5 us (expected ~constant)
========================================================================
 PASS: Jitter sigma = 30.9 us
 PASS: Zero packet loss
 PASS: GM regression sigma = 7.1 ns
 PASS: RX crystal = 31.3 ppm
 PASS: Drift sigma = 33177 ns
 WARN: One-way delay sigma = 755.2 us (unstable — frequency tracking issue?)
 PASS: Sync state = LOCKED
========================================================================
[2J[H========================================================================
 LTSP Test Harness v0.4  |  1691s elapsed
========================================================================
 GM  | GPS Lock: YES  PPS: 42241  Crystal: +31320 ns  Interp: -332 ns
      | Regression: a1=+0.047 ppb  sigma=7.1 ns
      | TX latency: mean=+251113 ns std=1277 ns min=+248208 ns max=+254640 ns n=169
------------------------------------------------------------------------
 RX  | Packets: 1691  Seq gaps: 0  Errors: GM=0 RX=0  State: LOCKED
      | Drift: +31400.9 ns/s = +31.4 ppm  sigma=32463 ns
------------------------------------------------------------------------
 JIT | Detrended: mean=+136 ns std=30933 ns min=-62328 ns max=+60803 ns n=1645
      | Offset:    mean=+57285 ns std=31136 ns min=+0 ns max=+121247 ns n=1645
------------------------------------------------------------------------
 CLK | One-way delay: mean=+689554 ns std=757592 ns min=-673261 ns max=+2052420 ns n=1644
      | Sigma: 757.6 us  Mean: +689.6 us (expected ~constant)
========================================================================
 PASS: Jitter sigma = 30.9 us
 PASS: Zero packet loss
 PASS: GM regression sigma = 7.1 ns
 PASS: RX crystal = 31.4 ppm
 PASS: Drift sigma = 32463 ns
 WARN: One-way delay sigma = 757.6 us (unstable — frequency tracking issue?)
 PASS: Sync state = LOCKED
========================================================================
[2J[H========================================================================
 LTSP Test Harness v0.4  |  1696s elapsed
========================================================================
 GM  | GPS Lock: YES  PPS: 42241  Crystal: +31320 ns  Interp: -332 ns
      | Regression: a1=+0.047 ppb  sigma=7.1 ns
      | TX latency: mean=+251113 ns std=1277 ns min=+248208 ns max=+254640 ns n=169
------------------------------------------------------------------------
 RX  | Packets: 1696  Seq gaps: 0  Errors: GM=0 RX=0  State: LOCKED
      | Drift: +31238.0 ns/s = +31.2 ppm  sigma=32820 ns
------------------------------------------------------------------------
 JIT | Detrended: mean=+80 ns std=30940 ns min=-62328 ns max=+60803 ns n=1650
      | Offset:    mean=+57234 ns std=31139 ns min=+0 ns max=+121247 ns n=1650
------------------------------------------------------------------------
 CLK | One-way delay: mean=+693480 ns std=759789 ns min=-673261 ns max=+2052420 ns n=1649
      | Sigma: 759.8 us  Mean: +693.5 us (expected ~constant)
========================================================================
 PASS: Jitter sigma = 30.9 us
 PASS: Zero packet loss
 PASS: GM regression sigma = 7.1 ns
 PASS: RX crystal = 31.2 ppm
 PASS: Drift sigma = 32820 ns
 WARN: One-way delay sigma = 759.8 us (unstable — frequency tracking issue?)
 PASS: Sync state = LOCKED
========================================================================
[2J[H========================================================================
 LTSP Test Harness v0.4  |  1701s elapsed
========================================================================
 GM  | GPS Lock: YES  PPS: 42241  Crystal: +31320 ns  Interp: -332 ns
      | Regression: a1=+0.047 ppb  sigma=7.1 ns
      | TX latency: mean=+251094 ns std=1298 ns min=+247836 ns max=+254640 ns n=170
------------------------------------------------------------------------
 RX  | Packets: 1701  Seq gaps: 0  Errors: GM=0 RX=0  State: LOCKED
      | Drift: +31204.3 ns/s = +31.2 ppm  sigma=32567 ns
------------------------------------------------------------------------
 JIT | Detrended: mean=+74 ns std=30943 ns min=-62328 ns max=+60803 ns n=1655
      | Offset:    mean=+57232 ns std=31142 ns min=+0 ns max=+121247 ns n=1655
------------------------------------------------------------------------
 CLK | One-way delay: mean=+697508 ns std=762162 ns min=-673261 ns max=+2075271 ns n=1654
      | Sigma: 762.2 us  Mean: +697.5 us (expected ~constant)
========================================================================
 PASS: Jitter sigma = 30.9 us
 PASS: Zero packet loss
 PASS: GM regression sigma = 7.1 ns
 PASS: RX crystal = 31.2 ppm
 PASS: Drift sigma = 32567 ns
 WARN: One-way delay sigma = 762.2 us (unstable — frequency tracking issue?)
 PASS: Sync state = LOCKED
========================================================================
[2J[H========================================================================
 LTSP Test Harness v0.4  |  1706s elapsed
========================================================================
 GM  | GPS Lock: YES  PPS: 42271  Crystal: +31320 ns  Interp: -332 ns
      | Regression: a1=-0.039 ppb  sigma=8.1 ns
      | TX latency: mean=+251094 ns std=1298 ns min=+247836 ns max=+254640 ns n=170
------------------------------------------------------------------------
 RX  | Packets: 1706  Seq gaps: 0  Errors: GM=0 RX=0  State: LOCKED
      | Drift: +31239.7 ns/s = +31.2 ppm  sigma=32620 ns
------------------------------------------------------------------------
 JIT | Detrended: mean=+52 ns std=30947 ns min=-62328 ns max=+60803 ns n=1660
      | Offset:    mean=+57214 ns std=31144 ns min=+0 ns max=+121247 ns n=1660
------------------------------------------------------------------------
 CLK | One-way delay: mean=+701520 ns std=764505 ns min=-673261 ns max=+2076730 ns n=1659
      | Sigma: 764.5 us  Mean: +701.5 us (expected ~constant)
========================================================================
 PASS: Jitter sigma = 30.9 us
 PASS: Zero packet loss
 PASS: GM regression sigma = 8.1 ns
 PASS: RX crystal = 31.2 ppm
 PASS: Drift sigma = 32620 ns
 WARN: One-way delay sigma = 764.5 us (unstable — frequency tracking issue?)
 PASS: Sync state = LOCKED
========================================================================
[2J[H========================================================================
 LTSP Test Harness v0.4  |  1711s elapsed
========================================================================
 GM  | GPS Lock: YES  PPS: 42271  Crystal: +31320 ns  Interp: -332 ns
      | Regression: a1=-0.039 ppb  sigma=8.1 ns
      | TX latency: mean=+251092 ns std=1294 ns min=+247836 ns max=+254640 ns n=171
------------------------------------------------------------------------
 RX  | Packets: 1711  Seq gaps: 0  Errors: GM=0 RX=0  State: LOCKED
      | Drift: +31159.7 ns/s = +31.2 ppm  sigma=32293 ns
------------------------------------------------------------------------
 JIT | Detrended: mean=+16 ns std=30949 ns min=-62328 ns max=+60803 ns n=1665
      | Offset:    mean=+57183 ns std=31144 ns min=+0 ns max=+121247 ns n=1665
------------------------------------------------------------------------
 CLK | One-way delay: mean=+705450 ns std=766708 ns min=-673261 ns max=+2076730 ns n=1664
      | Sigma: 766.7 us  Mean: +705.4 us (expected ~constant)
========================================================================
 PASS: Jitter sigma = 30.9 us
 PASS: Zero packet loss
 PASS: GM regression sigma = 8.1 ns
 PASS: RX crystal = 31.2 ppm
 PASS: Drift sigma = 32293 ns
 WARN: One-way delay sigma = 766.7 us (unstable — frequency tracking issue?)
 PASS: Sync state = LOCKED
========================================================================
[2J[H========================================================================
 LTSP Test Harness v0.4  |  1716s elapsed
========================================================================
 GM  | GPS Lock: YES  PPS: 42271  Crystal: +31320 ns  Interp: -332 ns
      | Regression: a1=-0.039 ppb  sigma=8.1 ns
      | TX latency: mean=+251092 ns std=1294 ns min=+247836 ns max=+254640 ns n=171
------------------------------------------------------------------------
 RX  | Packets: 1716  Seq gaps: 0  Errors: GM=0 RX=0  State: LOCKED
      | Drift: +31250.5 ns/s = +31.3 ppm  sigma=32350 ns
------------------------------------------------------------------------
 JIT | Detrended: mean=+23 ns std=30941 ns min=-62328 ns max=+60803 ns n=1670
      | Offset:    mean=+57195 ns std=31136 ns min=+0 ns max=+121247 ns n=1670
------------------------------------------------------------------------
 CLK | One-way delay: mean=+709476 ns std=769078 ns min=-673261 ns max=+2088902 ns n=1669
      | Sigma: 769.1 us  Mean: +709.5 us (expected ~constant)
========================================================================
 PASS: Jitter sigma = 30.9 us
 PASS: Zero packet loss
 PASS: GM regression sigma = 8.1 ns
 PASS: RX crystal = 31.3 ppm
 PASS: Drift sigma = 32350 ns
 WARN: One-way delay sigma = 769.1 us (unstable — frequency tracking issue?)
 PASS: Sync state = LOCKED
========================================================================
[2J[H========================================================================
 LTSP Test Harness v0.4  |  1721s elapsed
========================================================================
 GM  | GPS Lock: YES  PPS: 42271  Crystal: +31320 ns  Interp: -332 ns
      | Regression: a1=-0.039 ppb  sigma=8.1 ns
      | TX latency: mean=+251084 ns std=1294 ns min=+247836 ns max=+254640 ns n=172
------------------------------------------------------------------------
 RX  | Packets: 1721  Seq gaps: 0  Errors: GM=0 RX=0  State: LOCKED
      | Drift: +31055.1 ns/s = +31.1 ppm  sigma=31657 ns
------------------------------------------------------------------------
 JIT | Detrended: mean=+53 ns std=30937 ns min=-62328 ns max=+60803 ns n=1675
      | Offset:    mean=+57228 ns std=31133 ns min=+0 ns max=+121247 ns n=1675
------------------------------------------------------------------------
 CLK | One-way delay: mean=+713472 ns std=771394 ns min=-673261 ns max=+2088902 ns n=1674
      | Sigma: 771.4 us  Mean: +713.5 us (expected ~constant)
========================================================================
 PASS: Jitter sigma = 30.9 us
 PASS: Zero packet loss
 PASS: GM regression sigma = 8.1 ns
 PASS: RX crystal = 31.1 ppm
 PASS: Drift sigma = 31657 ns
 WARN: One-way delay sigma = 771.4 us (unstable — frequency tracking issue?)
 PASS: Sync state = LOCKED
========================================================================
[RX] # STATS: PDUs=1737 CSV=1736 Gaps=0 Dups=0 Skip=0 d_min=-58615 ns drift=31049.7 ns/s sigma=31558.4 ns state=LOCKED clk_err=+0 ns
[2J[H========================================================================
 LTSP Test Harness v0.4  |  1726s elapsed
========================================================================
 GM  | GPS Lock: YES  PPS: 42271  Crystal: +31320 ns  Interp: -332 ns
      | Regression: a1=-0.039 ppb  sigma=8.1 ns
      | TX latency: mean=+251084 ns std=1294 ns min=+247836 ns max=+254640 ns n=172
------------------------------------------------------------------------
 RX  | Packets: 1726  Seq gaps: 0  Errors: GM=0 RX=0  State: LOCKED
      | Drift: +31044.6 ns/s = +31.0 ppm  sigma=32402 ns
------------------------------------------------------------------------
 JIT | Detrended: mean=+75 ns std=30955 ns min=-62328 ns max=+60803 ns n=1680
      | Offset:    mean=+57255 ns std=31151 ns min=+0 ns max=+121247 ns n=1680
------------------------------------------------------------------------
 CLK | One-way delay: mean=+717461 ns std=773700 ns min=-673261 ns max=+2099508 ns n=1679
      | Sigma: 773.7 us  Mean: +717.5 us (expected ~constant)
========================================================================
 PASS: Jitter sigma = 31.0 us
 PASS: Zero packet loss
 PASS: GM regression sigma = 8.1 ns
 PASS: RX crystal = 31.0 ppm
 PASS: Drift sigma = 32402 ns
 WARN: One-way delay sigma = 773.7 us (unstable — frequency tracking issue?)
 PASS: Sync state = LOCKED
========================================================================
[2J[H========================================================================
 LTSP Test Harness v0.4  |  1731s elapsed
========================================================================
 GM  | GPS Lock: YES  PPS: 42271  Crystal: +31320 ns  Interp: -332 ns
      | Regression: a1=-0.039 ppb  sigma=8.1 ns
      | TX latency: mean=+251079 ns std=1292 ns min=+247836 ns max=+254640 ns n=173
------------------------------------------------------------------------
 RX  | Packets: 1731  Seq gaps: 0  Errors: GM=0 RX=0  State: LOCKED
      | Drift: +31197.9 ns/s = +31.2 ppm  sigma=32531 ns
------------------------------------------------------------------------
 JIT | Detrended: mean=+96 ns std=30952 ns min=-62328 ns max=+60803 ns n=1685
      | Offset:    mean=+57280 ns std=31148 ns min=+0 ns max=+121247 ns n=1685
------------------------------------------------------------------------
 CLK | One-way delay: mean=+721447 ns std=776000 ns min=-673261 ns max=+2121600 ns n=1684
      | Sigma: 776.0 us  Mean: +721.4 us (expected ~constant)
========================================================================
 PASS: Jitter sigma = 31.0 us
 PASS: Zero packet loss
 PASS: GM regression sigma = 8.1 ns
 PASS: RX crystal = 31.2 ppm
 PASS: Drift sigma = 32531 ns
 WARN: One-way delay sigma = 776.0 us (unstable — frequency tracking issue?)
 PASS: Sync state = LOCKED
========================================================================
[2J[H========================================================================
 LTSP Test Harness v0.4  |  1736s elapsed
========================================================================
 GM  | GPS Lock: YES  PPS: 42301  Crystal: +31320 ns  Interp: -320 ns
      | Regression: a1=-0.124 ppb  sigma=7.0 ns
      | TX latency: mean=+251079 ns std=1292 ns min=+247836 ns max=+254640 ns n=173
------------------------------------------------------------------------
 RX  | Packets: 1736  Seq gaps: 0  Errors: GM=0 RX=0  State: LOCKED
      | Drift: +31232.5 ns/s = +31.2 ppm  sigma=32470 ns
------------------------------------------------------------------------
 JIT | Detrended: mean=+113 ns std=30942 ns min=-62328 ns max=+60803 ns n=1690
      | Offset:    mean=+57292 ns std=31137 ns min=+0 ns max=+121247 ns n=1690
------------------------------------------------------------------------
 CLK | One-way delay: mean=+725381 ns std=778211 ns min=-673261 ns max=+2121600 ns n=1689
      | Sigma: 778.2 us  Mean: +725.4 us (expected ~constant)
========================================================================
 PASS: Jitter sigma = 30.9 us
 PASS: Zero packet loss
 PASS: GM regression sigma = 7.0 ns
 PASS: RX crystal = 31.2 ppm
 PASS: Drift sigma = 32470 ns
 WARN: One-way delay sigma = 778.2 us (unstable — frequency tracking issue?)
 PASS: Sync state = LOCKED
========================================================================
[2J[H========================================================================
 LTSP Test Harness v0.4  |  1741s elapsed
========================================================================
 GM  | GPS Lock: YES  PPS: 42301  Crystal: +31320 ns  Interp: -320 ns
      | Regression: a1=-0.124 ppb  sigma=7.0 ns
      | TX latency: mean=+251083 ns std=1289 ns min=+247836 ns max=+254640 ns n=174
------------------------------------------------------------------------
 RX  | Packets: 1741  Seq gaps: 0  Errors: GM=0 RX=0  State: LOCKED
      | Drift: +31165.3 ns/s = +31.2 ppm  sigma=32667 ns
------------------------------------------------------------------------
 JIT | Detrended: mean=+86 ns std=30942 ns min=-62328 ns max=+60803 ns n=1695
      | Offset:    mean=+57261 ns std=31139 ns min=+0 ns max=+121247 ns n=1695
------------------------------------------------------------------------
 CLK | One-way delay: mean=+729373 ns std=780522 ns min=-673261 ns max=+2122562 ns n=1694
      | Sigma: 780.5 us  Mean: +729.4 us (expected ~constant)
========================================================================
 PASS: Jitter sigma = 30.9 us
 PASS: Zero packet loss
 PASS: GM regression sigma = 7.0 ns
 PASS: RX crystal = 31.2 ppm
 PASS: Drift sigma = 32667 ns
 WARN: One-way delay sigma = 780.5 us (unstable — frequency tracking issue?)
 PASS: Sync state = LOCKED
========================================================================
[2J[H========================================================================
 LTSP Test Harness v0.4  |  1746s elapsed
========================================================================
 GM  | GPS Lock: YES  PPS: 42301  Crystal: +31320 ns  Interp: -320 ns
      | Regression: a1=-0.124 ppb  sigma=7.0 ns
      | TX latency: mean=+251083 ns std=1289 ns min=+247836 ns max=+254640 ns n=174
------------------------------------------------------------------------
 RX  | Packets: 1746  Seq gaps: 0  Errors: GM=0 RX=0  State: LOCKED
      | Drift: +31203.2 ns/s = +31.2 ppm  sigma=32651 ns
------------------------------------------------------------------------
 JIT | Detrended: mean=+57 ns std=30952 ns min=-62328 ns max=+60803 ns n=1700
      | Offset:    mean=+57227 ns std=31149 ns min=+0 ns max=+121247 ns n=1700
------------------------------------------------------------------------
 CLK | One-way delay: mean=+733372 ns std=782844 ns min=-673261 ns max=+2136603 ns n=1699
      | Sigma: 782.8 us  Mean: +733.4 us (expected ~constant)
========================================================================
 PASS: Jitter sigma = 31.0 us
 PASS: Zero packet loss
 PASS: GM regression sigma = 7.0 ns
 PASS: RX crystal = 31.2 ppm
 PASS: Drift sigma = 32651 ns
 WARN: One-way delay sigma = 782.8 us (unstable — frequency tracking issue?)
 PASS: Sync state = LOCKED
========================================================================
[2J[H========================================================================
 LTSP Test Harness v0.4  |  1751s elapsed
========================================================================
 GM  | GPS Lock: YES  PPS: 42301  Crystal: +31320 ns  Interp: -320 ns
      | Regression: a1=-0.124 ppb  sigma=7.0 ns
      | TX latency: mean=+251080 ns std=1286 ns min=+247836 ns max=+254640 ns n=175
------------------------------------------------------------------------
 RX  | Packets: 1751  Seq gaps: 0  Errors: GM=0 RX=0  State: LOCKED
      | Drift: +31139.6 ns/s = +31.1 ppm  sigma=32955 ns
------------------------------------------------------------------------
 JIT | Detrended: mean=+9 ns std=30963 ns min=-62328 ns max=+60803 ns n=1705
      | Offset:    mean=+57182 ns std=31158 ns min=+0 ns max=+121247 ns n=1705
------------------------------------------------------------------------
 CLK | One-way delay: mean=+737349 ns std=785127 ns min=-673261 ns max=+2136603 ns n=1704
      | Sigma: 785.1 us  Mean: +737.3 us (expected ~constant)
========================================================================
 PASS: Jitter sigma = 31.0 us
 PASS: Zero packet loss
 PASS: GM regression sigma = 7.0 ns
 PASS: RX crystal = 31.1 ppm
 PASS: Drift sigma = 32955 ns
 WARN: One-way delay sigma = 785.1 us (unstable — frequency tracking issue?)
 PASS: Sync state = LOCKED
========================================================================
[2J[H========================================================================
 LTSP Test Harness v0.4  |  1756s elapsed
========================================================================
 GM  | GPS Lock: YES  PPS: 42301  Crystal: +31320 ns  Interp: -320 ns
      | Regression: a1=-0.124 ppb  sigma=7.0 ns
      | TX latency: mean=+251080 ns std=1286 ns min=+247836 ns max=+254640 ns n=175
------------------------------------------------------------------------
 RX  | Packets: 1756  Seq gaps: 0  Errors: GM=0 RX=0  State: LOCKED
      | Drift: +31079.0 ns/s = +31.1 ppm  sigma=33045 ns
------------------------------------------------------------------------
 JIT | Detrended: mean=+18 ns std=30965 ns min=-62328 ns max=+60803 ns n=1710
      | Offset:    mean=+57194 ns std=31160 ns min=+0 ns max=+121247 ns n=1710
------------------------------------------------------------------------
 CLK | One-way delay: mean=+741315 ns std=787395 ns min=-673261 ns max=+2149835 ns n=1709
      | Sigma: 787.4 us  Mean: +741.3 us (expected ~constant)
========================================================================
 PASS: Jitter sigma = 31.0 us
 PASS: Zero packet loss
 PASS: GM regression sigma = 7.0 ns
 PASS: RX crystal = 31.1 ppm
 PASS: Drift sigma = 33045 ns
 WARN: One-way delay sigma = 787.4 us (unstable — frequency tracking issue?)
 PASS: Sync state = LOCKED
========================================================================
[2J[H========================================================================
 LTSP Test Harness v0.4  |  1761s elapsed
========================================================================
 GM  | GPS Lock: YES  PPS: 42301  Crystal: +31320 ns  Interp: -320 ns
      | Regression: a1=-0.124 ppb  sigma=7.0 ns
      | TX latency: mean=+251080 ns std=1282 ns min=+247836 ns max=+254640 ns n=176
------------------------------------------------------------------------
 RX  | Packets: 1761  Seq gaps: 0  Errors: GM=0 RX=0  State: LOCKED
      | Drift: +31101.8 ns/s = +31.1 ppm  sigma=32741 ns
------------------------------------------------------------------------
 JIT | Detrended: mean=+26 ns std=30960 ns min=-62328 ns max=+60803 ns n=1715
      | Offset:    mean=+57204 ns std=31154 ns min=+0 ns max=+121247 ns n=1715
------------------------------------------------------------------------
 CLK | One-way delay: mean=+745341 ns std=789763 ns min=-673261 ns max=+2159796 ns n=1714
      | Sigma: 789.8 us  Mean: +745.3 us (expected ~constant)
========================================================================
 PASS: Jitter sigma = 31.0 us
 PASS: Zero packet loss
 PASS: GM regression sigma = 7.0 ns
 PASS: RX crystal = 31.1 ppm
 PASS: Drift sigma = 32741 ns
 WARN: One-way delay sigma = 789.8 us (unstable — frequency tracking issue?)
 PASS: Sync state = LOCKED
========================================================================
[2J[H========================================================================
 LTSP Test Harness v0.4  |  1766s elapsed
========================================================================
 GM  | GPS Lock: YES  PPS: 42331  Crystal: +31332 ns  Interp: -332 ns
      | Regression: a1=-0.016 ppb  sigma=7.4 ns
      | TX latency: mean=+251080 ns std=1282 ns min=+247836 ns max=+254640 ns n=176
------------------------------------------------------------------------
 RX  | Packets: 1766  Seq gaps: 0  Errors: GM=0 RX=0  State: LOCKED
      | Drift: +31010.4 ns/s = +31.0 ppm  sigma=33159 ns
------------------------------------------------------------------------
 JIT | Detrended: mean=+17 ns std=30976 ns min=-62328 ns max=+60803 ns n=1720
      | Offset:    mean=+57198 ns std=31170 ns min=+0 ns max=+121247 ns n=1720
------------------------------------------------------------------------
 CLK | One-way delay: mean=+749349 ns std=792101 ns min=-673261 ns max=+2166618 ns n=1719
      | Sigma: 792.1 us  Mean: +749.3 us (expected ~constant)
========================================================================
 PASS: Jitter sigma = 31.0 us
 PASS: Zero packet loss
 PASS: GM regression sigma = 7.4 ns
 PASS: RX crystal = 31.0 ppm
 PASS: Drift sigma = 33159 ns
 WARN: One-way delay sigma = 792.1 us (unstable — frequency tracking issue?)
 PASS: Sync state = LOCKED
========================================================================
[2J[H========================================================================
 LTSP Test Harness v0.4  |  1771s elapsed
========================================================================
 GM  | GPS Lock: YES  PPS: 42331  Crystal: +31332 ns  Interp: -332 ns
      | Regression: a1=-0.016 ppb  sigma=7.4 ns
      | TX latency: mean=+251083 ns std=1279 ns min=+247836 ns max=+254640 ns n=177
------------------------------------------------------------------------
 RX  | Packets: 1771  Seq gaps: 0  Errors: GM=0 RX=0  State: LOCKED
      | Drift: +30951.0 ns/s = +31.0 ppm  sigma=32926 ns
------------------------------------------------------------------------
 JIT | Detrended: mean=+47 ns std=30978 ns min=-62328 ns max=+60803 ns n=1725
      | Offset:    mean=+57230 ns std=31172 ns min=+0 ns max=+121247 ns n=1725
------------------------------------------------------------------------
 CLK | One-way delay: mean=+753395 ns std=794505 ns min=-673261 ns max=+2181722 ns n=1724
      | Sigma: 794.5 us  Mean: +753.4 us (expected ~constant)
========================================================================
 PASS: Jitter sigma = 31.0 us
 PASS: Zero packet loss
 PASS: GM regression sigma = 7.4 ns
 PASS: RX crystal = 31.0 ppm
 PASS: Drift sigma = 32926 ns
 WARN: One-way delay sigma = 794.5 us (unstable — frequency tracking issue?)
 PASS: Sync state = LOCKED
========================================================================
[2J[H========================================================================
 LTSP Test Harness v0.4  |  1776s elapsed
========================================================================
 GM  | GPS Lock: YES  PPS: 42331  Crystal: +31332 ns  Interp: -332 ns
      | Regression: a1=-0.016 ppb  sigma=7.4 ns
      | TX latency: mean=+251083 ns std=1279 ns min=+247836 ns max=+254640 ns n=177
------------------------------------------------------------------------
 RX  | Packets: 1776  Seq gaps: 0  Errors: GM=0 RX=0  State: LOCKED
      | Drift: +30866.4 ns/s = +30.9 ppm  sigma=33309 ns
------------------------------------------------------------------------
 JIT | Detrended: mean=+36 ns std=30984 ns min=-62328 ns max=+60803 ns n=1730
      | Offset:    mean=+57221 ns std=31177 ns min=+0 ns max=+121247 ns n=1730
------------------------------------------------------------------------
 CLK | One-way delay: mean=+757400 ns std=796837 ns min=-673261 ns max=+2181722 ns n=1729
      | Sigma: 796.8 us  Mean: +757.4 us (expected ~constant)
========================================================================
 PASS: Jitter sigma = 31.0 us
 PASS: Zero packet loss
 PASS: GM regression sigma = 7.4 ns
 PASS: RX crystal = 30.9 ppm
 PASS: Drift sigma = 33309 ns
 WARN: One-way delay sigma = 796.8 us (unstable — frequency tracking issue?)
 PASS: Sync state = LOCKED
========================================================================
[2J[H========================================================================
 LTSP Test Harness v0.4  |  1781s elapsed
========================================================================
 GM  | GPS Lock: YES  PPS: 42331  Crystal: +31332 ns  Interp: -332 ns
      | Regression: a1=-0.016 ppb  sigma=7.4 ns
      | TX latency: mean=+251081 ns std=1276 ns min=+247836 ns max=+254640 ns n=178
------------------------------------------------------------------------
 RX  | Packets: 1781  Seq gaps: 0  Errors: GM=0 RX=0  State: LOCKED
      | Drift: +30892.9 ns/s = +30.9 ppm  sigma=33925 ns
------------------------------------------------------------------------
 JIT | Detrended: mean=+34 ns std=30997 ns min=-62328 ns max=+60803 ns n=1735
      | Offset:    mean=+57222 ns std=31189 ns min=+0 ns max=+121247 ns n=1735
------------------------------------------------------------------------
 CLK | One-way delay: mean=+761428 ns std=799209 ns min=-673261 ns max=+2197094 ns n=1734
      | Sigma: 799.2 us  Mean: +761.4 us (expected ~constant)
========================================================================
 PASS: Jitter sigma = 31.0 us
 PASS: Zero packet loss
 PASS: GM regression sigma = 7.4 ns
 PASS: RX crystal = 30.9 ppm
 PASS: Drift sigma = 33925 ns
 WARN: One-way delay sigma = 799.2 us (unstable — frequency tracking issue?)
 PASS: Sync state = LOCKED
========================================================================
[RX] # STATS: PDUs=1797 CSV=1796 Gaps=0 Dups=0 Skip=0 d_min=-58009 ns drift=30988.3 ns/s sigma=34358.9 ns state=LOCKED clk_err=+0 ns
[2J[H========================================================================
 LTSP Test Harness v0.4  |  1786s elapsed
========================================================================
 GM  | GPS Lock: YES  PPS: 42331  Crystal: +31332 ns  Interp: -332 ns
      | Regression: a1=-0.016 ppb  sigma=7.4 ns
      | TX latency: mean=+251081 ns std=1276 ns min=+247836 ns max=+254640 ns n=178
------------------------------------------------------------------------
 RX  | Packets: 1786  Seq gaps: 0  Errors: GM=0 RX=0  State: LOCKED
      | Drift: +30967.0 ns/s = +31.0 ppm  sigma=34306 ns
------------------------------------------------------------------------
 JIT | Detrended: mean=+44 ns std=31022 ns min=-62328 ns max=+60803 ns n=1740
      | Offset:    mean=+57234 ns std=31214 ns min=+0 ns max=+121247 ns n=1740
------------------------------------------------------------------------
 CLK | One-way delay: mean=+765455 ns std=801579 ns min=-673261 ns max=+2210874 ns n=1739
      | Sigma: 801.6 us  Mean: +765.5 us (expected ~constant)
========================================================================
 PASS: Jitter sigma = 31.0 us
 PASS: Zero packet loss
 PASS: GM regression sigma = 7.4 ns
 PASS: RX crystal = 31.0 ppm
 PASS: Drift sigma = 34306 ns
 WARN: One-way delay sigma = 801.6 us (unstable — frequency tracking issue?)
 PASS: Sync state = LOCKED
========================================================================
[2J[H========================================================================
 LTSP Test Harness v0.4  |  1791s elapsed
========================================================================
 GM  | GPS Lock: YES  PPS: 42331  Crystal: +31332 ns  Interp: -332 ns
      | Regression: a1=-0.016 ppb  sigma=7.4 ns
      | TX latency: mean=+251072 ns std=1278 ns min=+247836 ns max=+254640 ns n=179
------------------------------------------------------------------------
 RX  | Packets: 1791  Seq gaps: 0  Errors: GM=0 RX=0  State: LOCKED
      | Drift: +31017.7 ns/s = +31.0 ppm  sigma=34884 ns
------------------------------------------------------------------------
 JIT | Detrended: mean=+47 ns std=31041 ns min=-62328 ns max=+60803 ns n=1745
      | Offset:    mean=+57239 ns std=31233 ns min=+0 ns max=+121247 ns n=1745
------------------------------------------------------------------------
 CLK | One-way delay: mean=+769470 ns std=803927 ns min=-673261 ns max=+2215135 ns n=1744
      | Sigma: 803.9 us  Mean: +769.5 us (expected ~constant)
========================================================================
 PASS: Jitter sigma = 31.0 us
 PASS: Zero packet loss
 PASS: GM regression sigma = 7.4 ns
 PASS: RX crystal = 31.0 ppm
 PASS: Drift sigma = 34884 ns
 WARN: One-way delay sigma = 803.9 us (unstable — frequency tracking issue?)
 PASS: Sync state = LOCKED
========================================================================
[2J[H========================================================================
 LTSP Test Harness v0.4  |  1796s elapsed
========================================================================
 GM  | GPS Lock: YES  PPS: 42361  Crystal: +31308 ns  Interp: +691 ns
      | Regression: a1=-0.024 ppb  sigma=8.3 ns
      | TX latency: mean=+251072 ns std=1278 ns min=+247836 ns max=+254640 ns n=179
------------------------------------------------------------------------
 RX  | Packets: 1796  Seq gaps: 0  Errors: GM=0 RX=0  State: LOCKED
      | Drift: +31143.2 ns/s = +31.1 ppm  sigma=35207 ns
------------------------------------------------------------------------
 JIT | Detrended: mean=+54 ns std=31048 ns min=-62328 ns max=+60803 ns n=1750
      | Offset:    mean=+57249 ns std=31239 ns min=+0 ns max=+121247 ns n=1750
------------------------------------------------------------------------
 CLK | One-way delay: mean=+773494 ns std=806292 ns min=-673261 ns max=+2224287 ns n=1749
      | Sigma: 806.3 us  Mean: +773.5 us (expected ~constant)
========================================================================
 PASS: Jitter sigma = 31.0 us
 PASS: Zero packet loss
 PASS: GM regression sigma = 8.3 ns
 PASS: RX crystal = 31.1 ppm
 PASS: Drift sigma = 35207 ns
 WARN: One-way delay sigma = 806.3 us (unstable — frequency tracking issue?)
 PASS: Sync state = LOCKED
========================================================================
[2J[H========================================================================
 LTSP Test Harness v0.4  |  1801s elapsed
========================================================================
 GM  | GPS Lock: YES  PPS: 42361  Crystal: +31308 ns  Interp: +691 ns
      | Regression: a1=-0.024 ppb  sigma=8.3 ns
      | TX latency: mean=+251067 ns std=1276 ns min=+247836 ns max=+254640 ns n=180
------------------------------------------------------------------------
 RX  | Packets: 1801  Seq gaps: 0  Errors: GM=0 RX=0  State: LOCKED
      | Drift: +31205.7 ns/s = +31.2 ppm  sigma=34719 ns
------------------------------------------------------------------------
 JIT | Detrended: mean=+71 ns std=31028 ns min=-62328 ns max=+60803 ns n=1755
      | Offset:    mean=+57268 ns std=31219 ns min=+0 ns max=+121247 ns n=1755
------------------------------------------------------------------------
 CLK | One-way delay: mean=+777417 ns std=808481 ns min=-673261 ns max=+2224287 ns n=1754
      | Sigma: 808.5 us  Mean: +777.4 us (expected ~constant)
========================================================================
 PASS: Jitter sigma = 31.0 us
 PASS: Zero packet loss
 PASS: GM regression sigma = 8.3 ns
 PASS: RX crystal = 31.2 ppm
 PASS: Drift sigma = 34719 ns
 WARN: One-way delay sigma = 808.5 us (unstable — frequency tracking issue?)
 PASS: Sync state = LOCKED
========================================================================
[2J[H========================================================================
 LTSP Test Harness v0.4  |  1806s elapsed
========================================================================
 GM  | GPS Lock: YES  PPS: 42361  Crystal: +31308 ns  Interp: +691 ns
      | Regression: a1=-0.024 ppb  sigma=8.3 ns
      | TX latency: mean=+251067 ns std=1276 ns min=+247836 ns max=+254640 ns n=180
------------------------------------------------------------------------
 RX  | Packets: 1806  Seq gaps: 0  Errors: GM=0 RX=0  State: LOCKED
      | Drift: +31215.0 ns/s = +31.2 ppm  sigma=34438 ns
------------------------------------------------------------------------
 JIT | Detrended: mean=+75 ns std=31021 ns min=-62328 ns max=+60803 ns n=1760
      | Offset:    mean=+57275 ns std=31211 ns min=+0 ns max=+121247 ns n=1760
------------------------------------------------------------------------
 CLK | One-way delay: mean=+781400 ns std=810774 ns min=-673261 ns max=+2238578 ns n=1759
      | Sigma: 810.8 us  Mean: +781.4 us (expected ~constant)
========================================================================
 PASS: Jitter sigma = 31.0 us
 PASS: Zero packet loss
 PASS: GM regression sigma = 8.3 ns
 PASS: RX crystal = 31.2 ppm
 PASS: Drift sigma = 34438 ns
 WARN: One-way delay sigma = 810.8 us (unstable — frequency tracking issue?)
 PASS: Sync state = LOCKED
========================================================================
[2J[H========================================================================
 LTSP Test Harness v0.4  |  1811s elapsed
========================================================================
 GM  | GPS Lock: YES  PPS: 42361  Crystal: +31308 ns  Interp: +691 ns
      | Regression: a1=-0.024 ppb  sigma=8.3 ns
      | TX latency: mean=+251060 ns std=1276 ns min=+247836 ns max=+254640 ns n=181
------------------------------------------------------------------------
 RX  | Packets: 1811  Seq gaps: 0  Errors: GM=0 RX=0  State: LOCKED
      | Drift: +31167.9 ns/s = +31.2 ppm  sigma=33834 ns
------------------------------------------------------------------------
 JIT | Detrended: mean=+91 ns std=31002 ns min=-62328 ns max=+60803 ns n=1765
      | Offset:    mean=+57293 ns std=31193 ns min=+0 ns max=+121247 ns n=1765
------------------------------------------------------------------------
 CLK | One-way delay: mean=+785331 ns std=812978 ns min=-673261 ns max=+2238578 ns n=1764
      | Sigma: 813.0 us  Mean: +785.3 us (expected ~constant)
========================================================================
 PASS: Jitter sigma = 31.0 us
 PASS: Zero packet loss
 PASS: GM regression sigma = 8.3 ns
 PASS: RX crystal = 31.2 ppm
 PASS: Drift sigma = 33834 ns
 WARN: One-way delay sigma = 813.0 us (unstable — frequency tracking issue?)
 PASS: Sync state = LOCKED
========================================================================
[2J[H========================================================================
 LTSP Test Harness v0.4  |  1816s elapsed
========================================================================
 GM  | GPS Lock: YES  PPS: 42361  Crystal: +31308 ns  Interp: +691 ns
      | Regression: a1=-0.024 ppb  sigma=8.3 ns
      | TX latency: mean=+251060 ns std=1276 ns min=+247836 ns max=+254640 ns n=181
------------------------------------------------------------------------
 RX  | Packets: 1816  Seq gaps: 0  Errors: GM=0 RX=0  State: LOCKED
      | Drift: +31162.6 ns/s = +31.2 ppm  sigma=33651 ns
------------------------------------------------------------------------
 JIT | Detrended: mean=+64 ns std=30998 ns min=-62328 ns max=+60803 ns n=1770
      | Offset:    mean=+57268 ns std=31187 ns min=+0 ns max=+121247 ns n=1770
------------------------------------------------------------------------
 CLK | One-way delay: mean=+789282 ns std=815216 ns min=-673261 ns max=+2238578 ns n=1769
      | Sigma: 815.2 us  Mean: +789.3 us (expected ~constant)
========================================================================
 PASS: Jitter sigma = 31.0 us
 PASS: Zero packet loss
 PASS: GM regression sigma = 8.3 ns
 PASS: RX crystal = 31.2 ppm
 PASS: Drift sigma = 33651 ns
 WARN: One-way delay sigma = 815.2 us (unstable — frequency tracking issue?)
 PASS: Sync state = LOCKED
========================================================================
[2J[H========================================================================
 LTSP Test Harness v0.4  |  1821s elapsed
========================================================================
 GM  | GPS Lock: YES  PPS: 42361  Crystal: +31308 ns  Interp: +691 ns
      | Regression: a1=-0.024 ppb  sigma=8.3 ns
      | TX latency: mean=+251062 ns std=1273 ns min=+247836 ns max=+254640 ns n=182
------------------------------------------------------------------------
 RX  | Packets: 1821  Seq gaps: 0  Errors: GM=0 RX=0  State: LOCKED
      | Drift: +31124.6 ns/s = +31.1 ppm  sigma=33372 ns
------------------------------------------------------------------------
 JIT | Detrended: mean=+36 ns std=30984 ns min=-62328 ns max=+60803 ns n=1775
      | Offset:    mean=+57242 ns std=31173 ns min=+0 ns max=+121247 ns n=1775
------------------------------------------------------------------------
 CLK | One-way delay: mean=+793225 ns std=817441 ns min=-673261 ns max=+2238578 ns n=1774
      | Sigma: 817.4 us  Mean: +793.2 us (expected ~constant)
========================================================================
 PASS: Jitter sigma = 31.0 us
 PASS: Zero packet loss
 PASS: GM regression sigma = 8.3 ns
 PASS: RX crystal = 31.1 ppm
 PASS: Drift sigma = 33372 ns
 WARN: One-way delay sigma = 817.4 us (unstable — frequency tracking issue?)
 PASS: Sync state = LOCKED
========================================================================
[2J[H========================================================================
 LTSP Test Harness v0.4  |  1826s elapsed
========================================================================
 GM  | GPS Lock: YES  PPS: 42391  Crystal: +31308 ns  Interp: -308 ns
      | Regression: a1=-0.091 ppb  sigma=8.2 ns
      | TX latency: mean=+251062 ns std=1273 ns min=+247836 ns max=+254640 ns n=182
------------------------------------------------------------------------
 RX  | Packets: 1826  Seq gaps: 0  Errors: GM=0 RX=0  State: LOCKED
      | Drift: +31060.2 ns/s = +31.1 ppm  sigma=32983 ns
------------------------------------------------------------------------
 JIT | Detrended: mean=+22 ns std=30987 ns min=-62328 ns max=+60803 ns n=1780
      | Offset:    mean=+57230 ns std=31175 ns min=+0 ns max=+121247 ns n=1780
------------------------------------------------------------------------
 CLK | One-way delay: mean=+797236 ns std=819783 ns min=-673261 ns max=+2265555 ns n=1779
      | Sigma: 819.8 us  Mean: +797.2 us (expected ~constant)
========================================================================
 PASS: Jitter sigma = 31.0 us
 PASS: Zero packet loss
 PASS: GM regression sigma = 8.2 ns
 PASS: RX crystal = 31.1 ppm
 PASS: Drift sigma = 32983 ns
 WARN: One-way delay sigma = 819.8 us (unstable — frequency tracking issue?)
 PASS: Sync state = LOCKED
========================================================================
[2J[H========================================================================
 LTSP Test Harness v0.4  |  1831s elapsed
========================================================================
 GM  | GPS Lock: YES  PPS: 42391  Crystal: +31308 ns  Interp: -308 ns
      | Regression: a1=-0.091 ppb  sigma=8.2 ns
      | TX latency: mean=+251066 ns std=1271 ns min=+247836 ns max=+254640 ns n=183
------------------------------------------------------------------------
 RX  | Packets: 1831  Seq gaps: 0  Errors: GM=0 RX=0  State: LOCKED
      | Drift: +31166.9 ns/s = +31.2 ppm  sigma=32835 ns
------------------------------------------------------------------------
 JIT | Detrended: mean=+30 ns std=30984 ns min=-62328 ns max=+60803 ns n=1785
      | Offset:    mean=+57241 ns std=31171 ns min=+0 ns max=+121247 ns n=1785
------------------------------------------------------------------------
 CLK | One-way delay: mean=+801267 ns std=822160 ns min=-673261 ns max=+2278187 ns n=1784
      | Sigma: 822.2 us  Mean: +801.3 us (expected ~constant)
========================================================================
 PASS: Jitter sigma = 31.0 us
 PASS: Zero packet loss
 PASS: GM regression sigma = 8.2 ns
 PASS: RX crystal = 31.2 ppm
 PASS: Drift sigma = 32835 ns
 WARN: One-way delay sigma = 822.2 us (unstable — frequency tracking issue?)
 PASS: Sync state = LOCKED
========================================================================
[2J[H========================================================================
 LTSP Test Harness v0.4  |  1836s elapsed
========================================================================
 GM  | GPS Lock: YES  PPS: 42391  Crystal: +31308 ns  Interp: -308 ns
      | Regression: a1=-0.091 ppb  sigma=8.2 ns
      | TX latency: mean=+251066 ns std=1271 ns min=+247836 ns max=+254640 ns n=183
------------------------------------------------------------------------
 RX  | Packets: 1836  Seq gaps: 0  Errors: GM=0 RX=0  State: LOCKED
      | Drift: +31108.6 ns/s = +31.1 ppm  sigma=32974 ns
------------------------------------------------------------------------
 JIT | Detrended: mean=+30 ns std=30992 ns min=-62328 ns max=+60803 ns n=1790
      | Offset:    mean=+57243 ns std=31179 ns min=+0 ns max=+121247 ns n=1790
------------------------------------------------------------------------
 CLK | One-way delay: mean=+805230 ns std=824419 ns min=-673261 ns max=+2278187 ns n=1789
      | Sigma: 824.4 us  Mean: +805.2 us (expected ~constant)
========================================================================
 PASS: Jitter sigma = 31.0 us
 PASS: Zero packet loss
 PASS: GM regression sigma = 8.2 ns
 PASS: RX crystal = 31.1 ppm
 PASS: Drift sigma = 32974 ns
 WARN: One-way delay sigma = 824.4 us (unstable — frequency tracking issue?)
 PASS: Sync state = LOCKED
========================================================================
[2J[H========================================================================
 LTSP Test Harness v0.4  |  1841s elapsed
========================================================================
 GM  | GPS Lock: YES  PPS: 42391  Crystal: +31308 ns  Interp: -308 ns
      | Regression: a1=-0.091 ppb  sigma=8.2 ns
      | TX latency: mean=+251061 ns std=1270 ns min=+247836 ns max=+254640 ns n=184
------------------------------------------------------------------------
 RX  | Packets: 1841  Seq gaps: 0  Errors: GM=0 RX=0  State: LOCKED
      | Drift: +31169.4 ns/s = +31.2 ppm  sigma=32245 ns
------------------------------------------------------------------------
 JIT | Detrended: mean=+62 ns std=30981 ns min=-62328 ns max=+60803 ns n=1795
      | Offset:    mean=+57277 ns std=31168 ns min=+0 ns max=+121247 ns n=1795
------------------------------------------------------------------------
 CLK | One-way delay: mean=+809228 ns std=826740 ns min=-673261 ns max=+2289742 ns n=1794
      | Sigma: 826.7 us  Mean: +809.2 us (expected ~constant)
========================================================================
 PASS: Jitter sigma = 31.0 us
 PASS: Zero packet loss
 PASS: GM regression sigma = 8.2 ns
 PASS: RX crystal = 31.2 ppm
 PASS: Drift sigma = 32245 ns
 WARN: One-way delay sigma = 826.7 us (unstable — frequency tracking issue?)
 PASS: Sync state = LOCKED
========================================================================
[RX] # STATS: PDUs=1857 CSV=1856 Gaps=0 Dups=0 Skip=0 d_min=-58009 ns drift=31092.0 ns/s sigma=32122.9 ns state=LOCKED clk_err=+0 ns
[2J[H========================================================================
 LTSP Test Harness v0.4  |  1846s elapsed
========================================================================
 GM  | GPS Lock: YES  PPS: 42391  Crystal: +31308 ns  Interp: -308 ns
      | Regression: a1=-0.091 ppb  sigma=8.2 ns
      | TX latency: mean=+251061 ns std=1270 ns min=+247836 ns max=+254640 ns n=184
------------------------------------------------------------------------
 RX  | Packets: 1846  Seq gaps: 0  Errors: GM=0 RX=0  State: LOCKED
      | Drift: +31206.6 ns/s = +31.2 ppm  sigma=31697 ns
------------------------------------------------------------------------
 JIT | Detrended: mean=+81 ns std=30989 ns min=-62328 ns max=+60803 ns n=1800
      | Offset:    mean=+57298 ns std=31176 ns min=+0 ns max=+121247 ns n=1800
------------------------------------------------------------------------
 CLK | One-way delay: mean=+813218 ns std=829046 ns min=-673261 ns max=+2291525 ns n=1799
      | Sigma: 829.0 us  Mean: +813.2 us (expected ~constant)
========================================================================
 PASS: Jitter sigma = 31.0 us
 PASS: Zero packet loss
 PASS: GM regression sigma = 8.2 ns
 PASS: RX crystal = 31.2 ppm
 PASS: Drift sigma = 31697 ns
 WARN: One-way delay sigma = 829.0 us (unstable — frequency tracking issue?)
 PASS: Sync state = LOCKED
========================================================================
[2J[H========================================================================
 LTSP Test Harness v0.4  |  1851s elapsed
========================================================================
 GM  | GPS Lock: YES  PPS: 42391  Crystal: +31308 ns  Interp: -308 ns
      | Regression: a1=-0.091 ppb  sigma=8.2 ns
      | TX latency: mean=+251059 ns std=1266 ns min=+247836 ns max=+254640 ns n=185
------------------------------------------------------------------------
 RX  | Packets: 1851  Seq gaps: 0  Errors: GM=0 RX=0  State: LOCKED
      | Drift: +31018.9 ns/s = +31.0 ppm  sigma=31290 ns
------------------------------------------------------------------------
 JIT | Detrended: mean=+29 ns std=30996 ns min=-62328 ns max=+60803 ns n=1805
      | Offset:    mean=+57249 ns std=31181 ns min=+0 ns max=+121247 ns n=1805
------------------------------------------------------------------------
 CLK | One-way delay: mean=+817173 ns std=831291 ns min=-673261 ns max=+2294487 ns n=1804
      | Sigma: 831.3 us  Mean: +817.2 us (expected ~constant)
========================================================================
 PASS: Jitter sigma = 31.0 us
 PASS: Zero packet loss
 PASS: GM regression sigma = 8.2 ns
 PASS: RX crystal = 31.0 ppm
 PASS: Drift sigma = 31290 ns
 WARN: One-way delay sigma = 831.3 us (unstable — frequency tracking issue?)
 PASS: Sync state = LOCKED
========================================================================
[2J[H========================================================================
 LTSP Test Harness v0.4  |  1856s elapsed
========================================================================
 GM  | GPS Lock: YES  PPS: 42421  Crystal: +31320 ns  Interp: +679 ns
      | Regression: a1=-0.023 ppb  sigma=8.6 ns
      | TX latency: mean=+251059 ns std=1266 ns min=+247836 ns max=+254640 ns n=185
------------------------------------------------------------------------
 RX  | Packets: 1856  Seq gaps: 0  Errors: GM=0 RX=0  State: LOCKED
      | Drift: +30907.8 ns/s = +30.9 ppm  sigma=30768 ns
------------------------------------------------------------------------
 JIT | Detrended: mean=+13 ns std=30989 ns min=-62328 ns max=+60803 ns n=1810
      | Offset:    mean=+57234 ns std=31173 ns min=+0 ns max=+121247 ns n=1810
------------------------------------------------------------------------
 CLK | One-way delay: mean=+821172 ns std=833613 ns min=-673261 ns max=+2305879 ns n=1809
      | Sigma: 833.6 us  Mean: +821.2 us (expected ~constant)
========================================================================
 PASS: Jitter sigma = 31.0 us
 PASS: Zero packet loss
 PASS: GM regression sigma = 8.6 ns
 PASS: RX crystal = 30.9 ppm
 PASS: Drift sigma = 30768 ns
 WARN: One-way delay sigma = 833.6 us (unstable — frequency tracking issue?)
 PASS: Sync state = LOCKED
========================================================================
[2J[H========================================================================
 LTSP Test Harness v0.4  |  1861s elapsed
========================================================================
 GM  | GPS Lock: YES  PPS: 42421  Crystal: +31320 ns  Interp: +679 ns
      | Regression: a1=-0.023 ppb  sigma=8.6 ns
      | TX latency: mean=+251051 ns std=1267 ns min=+247836 ns max=+254640 ns n=186
------------------------------------------------------------------------
 RX  | Packets: 1861  Seq gaps: 0  Errors: GM=0 RX=0  State: LOCKED
      | Drift: +31046.0 ns/s = +31.0 ppm  sigma=31413 ns
------------------------------------------------------------------------
 JIT | Detrended: mean=+49 ns std=30989 ns min=-62328 ns max=+60803 ns n=1815
      | Offset:    mean=+57273 ns std=31174 ns min=+0 ns max=+121247 ns n=1815
------------------------------------------------------------------------
 CLK | One-way delay: mean=+825195 ns std=835975 ns min=-673261 ns max=+2307192 ns n=1814
      | Sigma: 836.0 us  Mean: +825.2 us (expected ~constant)
========================================================================
 PASS: Jitter sigma = 31.0 us
 PASS: Zero packet loss
 PASS: GM regression sigma = 8.6 ns
 PASS: RX crystal = 31.0 ppm
 PASS: Drift sigma = 31413 ns
 WARN: One-way delay sigma = 836.0 us (unstable — frequency tracking issue?)
 PASS: Sync state = LOCKED
========================================================================
[2J[H========================================================================
 LTSP Test Harness v0.4  |  1866s elapsed
========================================================================
 GM  | GPS Lock: YES  PPS: 42421  Crystal: +31320 ns  Interp: +679 ns
      | Regression: a1=-0.023 ppb  sigma=8.6 ns
      | TX latency: mean=+251051 ns std=1267 ns min=+247836 ns max=+254640 ns n=186
------------------------------------------------------------------------
 RX  | Packets: 1866  Seq gaps: 0  Errors: GM=0 RX=0  State: LOCKED
      | Drift: +31124.4 ns/s = +31.1 ppm  sigma=31790 ns
------------------------------------------------------------------------
 JIT | Detrended: mean=+67 ns std=30993 ns min=-62328 ns max=+60803 ns n=1820
      | Offset:    mean=+57293 ns std=31178 ns min=+0 ns max=+121247 ns n=1820
------------------------------------------------------------------------
 CLK | One-way delay: mean=+829247 ns std=838389 ns min=-673261 ns max=+2336620 ns n=1819
      | Sigma: 838.4 us  Mean: +829.2 us (expected ~constant)
========================================================================
 PASS: Jitter sigma = 31.0 us
 PASS: Zero packet loss
 PASS: GM regression sigma = 8.6 ns
 PASS: RX crystal = 31.1 ppm
 PASS: Drift sigma = 31790 ns
 WARN: One-way delay sigma = 838.4 us (unstable — frequency tracking issue?)
 PASS: Sync state = LOCKED
========================================================================
[2J[H========================================================================
 LTSP Test Harness v0.4  |  1871s elapsed
========================================================================
 GM  | GPS Lock: YES  PPS: 42421  Crystal: +31320 ns  Interp: +679 ns
      | Regression: a1=-0.023 ppb  sigma=8.6 ns
      | TX latency: mean=+251053 ns std=1264 ns min=+247836 ns max=+254640 ns n=187
------------------------------------------------------------------------
 RX  | Packets: 1871  Seq gaps: 0  Errors: GM=0 RX=0  State: LOCKED
      | Drift: +31305.8 ns/s = +31.3 ppm  sigma=32086 ns
------------------------------------------------------------------------
 JIT | Detrended: mean=+97 ns std=30990 ns min=-62328 ns max=+60803 ns n=1825
      | Offset:    mean=+57319 ns std=31173 ns min=+0 ns max=+121247 ns n=1825
------------------------------------------------------------------------
 CLK | One-way delay: mean=+833258 ns std=840730 ns min=-673261 ns max=+2339263 ns n=1824
      | Sigma: 840.7 us  Mean: +833.3 us (expected ~constant)
========================================================================
 PASS: Jitter sigma = 31.0 us
 PASS: Zero packet loss
 PASS: GM regression sigma = 8.6 ns
 PASS: RX crystal = 31.3 ppm
 PASS: Drift sigma = 32086 ns
 WARN: One-way delay sigma = 840.7 us (unstable — frequency tracking issue?)
 PASS: Sync state = LOCKED
========================================================================
[2J[H========================================================================
 LTSP Test Harness v0.4  |  1876s elapsed
========================================================================
 GM  | GPS Lock: YES  PPS: 42421  Crystal: +31320 ns  Interp: +679 ns
      | Regression: a1=-0.023 ppb  sigma=8.6 ns
      | TX latency: mean=+251053 ns std=1264 ns min=+247836 ns max=+254640 ns n=187
------------------------------------------------------------------------
 RX  | Packets: 1876  Seq gaps: 0  Errors: GM=0 RX=0  State: LOCKED
      | Drift: +31238.9 ns/s = +31.2 ppm  sigma=31891 ns
------------------------------------------------------------------------
 JIT | Detrended: mean=+72 ns std=30977 ns min=-62328 ns max=+60803 ns n=1830
      | Offset:    mean=+57290 ns std=31161 ns min=+0 ns max=+121247 ns n=1830
------------------------------------------------------------------------
 CLK | One-way delay: mean=+837221 ns std=842989 ns min=-673261 ns max=+2339263 ns n=1829
      | Sigma: 843.0 us  Mean: +837.2 us (expected ~constant)
========================================================================
 PASS: Jitter sigma = 31.0 us
 PASS: Zero packet loss
 PASS: GM regression sigma = 8.6 ns
 PASS: RX crystal = 31.2 ppm
 PASS: Drift sigma = 31891 ns
 WARN: One-way delay sigma = 843.0 us (unstable — frequency tracking issue?)
 PASS: Sync state = LOCKED
========================================================================
[2J[H========================================================================
 LTSP Test Harness v0.4  |  1881s elapsed
========================================================================
 GM  | GPS Lock: YES  PPS: 42421  Crystal: +31320 ns  Interp: +679 ns
      | Regression: a1=-0.023 ppb  sigma=8.6 ns
      | TX latency: mean=+251040 ns std=1273 ns min=+247836 ns max=+254640 ns n=188
------------------------------------------------------------------------
 RX  | Packets: 1881  Seq gaps: 0  Errors: GM=0 RX=0  State: LOCKED
      | Drift: +31305.4 ns/s = +31.3 ppm  sigma=31757 ns
------------------------------------------------------------------------
 JIT | Detrended: mean=+96 ns std=30956 ns min=-62328 ns max=+60803 ns n=1835
      | Offset:    mean=+57310 ns std=31139 ns min=+0 ns max=+121247 ns n=1835
------------------------------------------------------------------------
 CLK | One-way delay: mean=+841175 ns std=845232 ns min=-673261 ns max=+2339263 ns n=1834
      | Sigma: 845.2 us  Mean: +841.2 us (expected ~constant)
========================================================================
 PASS: Jitter sigma = 31.0 us
 PASS: Zero packet loss
 PASS: GM regression sigma = 8.6 ns
 PASS: RX crystal = 31.3 ppm
 PASS: Drift sigma = 31757 ns
 WARN: One-way delay sigma = 845.2 us (unstable — frequency tracking issue?)
 PASS: Sync state = LOCKED
========================================================================
[2J[H========================================================================
 LTSP Test Harness v0.4  |  1886s elapsed
========================================================================
 GM  | GPS Lock: YES  PPS: 42451  Crystal: +31296 ns  Interp: +703 ns
      | Regression: a1=-0.151 ppb  sigma=9.3 ns
      | TX latency: mean=+251040 ns std=1273 ns min=+247836 ns max=+254640 ns n=188
------------------------------------------------------------------------
 RX  | Packets: 1886  Seq gaps: 0  Errors: GM=0 RX=0  State: LOCKED
      | Drift: +31235.3 ns/s = +31.2 ppm  sigma=31494 ns
------------------------------------------------------------------------
 JIT | Detrended: mean=+74 ns std=30953 ns min=-62328 ns max=+60803 ns n=1840
      | Offset:    mean=+57283 ns std=31136 ns min=+0 ns max=+121247 ns n=1840
------------------------------------------------------------------------
 CLK | One-way delay: mean=+845142 ns std=847498 ns min=-673261 ns max=+2341734 ns n=1839
      | Sigma: 847.5 us  Mean: +845.1 us (expected ~constant)
========================================================================
 PASS: Jitter sigma = 31.0 us
 PASS: Zero packet loss
 PASS: GM regression sigma = 9.3 ns
 PASS: RX crystal = 31.2 ppm
 PASS: Drift sigma = 31494 ns
 WARN: One-way delay sigma = 847.5 us (unstable — frequency tracking issue?)
 PASS: Sync state = LOCKED
========================================================================
[2J[H========================================================================
 LTSP Test Harness v0.4  |  1891s elapsed
========================================================================
 GM  | GPS Lock: YES  PPS: 42451  Crystal: +31296 ns  Interp: +703 ns
      | Regression: a1=-0.151 ppb  sigma=9.3 ns
      | TX latency: mean=+251034 ns std=1273 ns min=+247836 ns max=+254640 ns n=189
------------------------------------------------------------------------
 RX  | Packets: 1891  Seq gaps: 0  Errors: GM=0 RX=0  State: LOCKED
      | Drift: +31276.4 ns/s = +31.3 ppm  sigma=31324 ns
------------------------------------------------------------------------
 JIT | Detrended: mean=+75 ns std=30944 ns min=-62328 ns max=+60803 ns n=1845
      | Offset:    mean=+57280 ns std=31127 ns min=+0 ns max=+121247 ns n=1845
------------------------------------------------------------------------
 CLK | One-way delay: mean=+849130 ns std=849801 ns min=-673261 ns max=+2371671 ns n=1844
      | Sigma: 849.8 us  Mean: +849.1 us (expected ~constant)
========================================================================
 PASS: Jitter sigma = 30.9 us
 PASS: Zero packet loss
 PASS: GM regression sigma = 9.3 ns
 PASS: RX crystal = 31.3 ppm
 PASS: Drift sigma = 31324 ns
 WARN: One-way delay sigma = 849.8 us (unstable — frequency tracking issue?)
 PASS: Sync state = LOCKED
========================================================================
[2J[H========================================================================
 LTSP Test Harness v0.4  |  1896s elapsed
========================================================================
 GM  | GPS Lock: YES  PPS: 42451  Crystal: +31296 ns  Interp: +703 ns
      | Regression: a1=-0.151 ppb  sigma=9.3 ns
      | TX latency: mean=+251034 ns std=1273 ns min=+247836 ns max=+254640 ns n=189
------------------------------------------------------------------------
 RX  | Packets: 1896  Seq gaps: 0  Errors: GM=0 RX=0  State: LOCKED
      | Drift: +31145.7 ns/s = +31.1 ppm  sigma=30681 ns
------------------------------------------------------------------------
 JIT | Detrended: mean=+43 ns std=30934 ns min=-62328 ns max=+60803 ns n=1850
      | Offset:    mean=+57244 ns std=31118 ns min=+0 ns max=+121247 ns n=1850
------------------------------------------------------------------------
 CLK | One-way delay: mean=+853070 ns std=852019 ns min=-673261 ns max=+2371671 ns n=1849
      | Sigma: 852.0 us  Mean: +853.1 us (expected ~constant)
========================================================================
 PASS: Jitter sigma = 30.9 us
 PASS: Zero packet loss
 PASS: GM regression sigma = 9.3 ns
 PASS: RX crystal = 31.1 ppm
 PASS: Drift sigma = 30681 ns
 WARN: One-way delay sigma = 852.0 us (unstable — frequency tracking issue?)
 PASS: Sync state = LOCKED
========================================================================
[2J[H========================================================================
 LTSP Test Harness v0.4  |  1901s elapsed
========================================================================
 GM  | GPS Lock: YES  PPS: 42451  Crystal: +31296 ns  Interp: +703 ns
      | Regression: a1=-0.151 ppb  sigma=9.3 ns
      | TX latency: mean=+251031 ns std=1270 ns min=+247836 ns max=+254640 ns n=190
------------------------------------------------------------------------
 RX  | Packets: 1901  Seq gaps: 0  Errors: GM=0 RX=0  State: LOCKED
      | Drift: +31029.2 ns/s = +31.0 ppm  sigma=31498 ns
------------------------------------------------------------------------
 JIT | Detrended: mean=-20 ns std=30949 ns min=-62328 ns max=+60803 ns n=1855
      | Offset:    mean=+57187 ns std=31129 ns min=+0 ns max=+121247 ns n=1855
------------------------------------------------------------------------
 CLK | One-way delay: mean=+857014 ns std=854246 ns min=-673261 ns max=+2371671 ns n=1854
      | Sigma: 854.2 us  Mean: +857.0 us (expected ~constant)
========================================================================
 PASS: Jitter sigma = 30.9 us
 PASS: Zero packet loss
 PASS: GM regression sigma = 9.3 ns
 PASS: RX crystal = 31.0 ppm
 PASS: Drift sigma = 31498 ns
 WARN: One-way delay sigma = 854.2 us (unstable — frequency tracking issue?)
 PASS: Sync state = LOCKED
========================================================================
[RX] # STATS: PDUs=1917 CSV=1916 Gaps=0 Dups=0 Skip=0 d_min=-59062 ns drift=31029.5 ns/s sigma=30772.2 ns state=LOCKED clk_err=+0 ns
[2J[H========================================================================
 LTSP Test Harness v0.4  |  1907s elapsed
========================================================================
 GM  | GPS Lock: YES  PPS: 42451  Crystal: +31296 ns  Interp: +703 ns
      | Regression: a1=-0.151 ppb  sigma=9.3 ns
      | TX latency: mean=+251031 ns std=1270 ns min=+247836 ns max=+254640 ns n=190
------------------------------------------------------------------------
 RX  | Packets: 1906  Seq gaps: 0  Errors: GM=0 RX=0  State: LOCKED
      | Drift: +31188.5 ns/s = +31.2 ppm  sigma=30726 ns
------------------------------------------------------------------------
 JIT | Detrended: mean=+19 ns std=30937 ns min=-62328 ns max=+60803 ns n=1860
      | Offset:    mean=+57230 ns std=31119 ns min=+0 ns max=+121247 ns n=1860
------------------------------------------------------------------------
 CLK | One-way delay: mean=+861013 ns std=856568 ns min=-673261 ns max=+2382118 ns n=1859
      | Sigma: 856.6 us  Mean: +861.0 us (expected ~constant)
========================================================================
 PASS: Jitter sigma = 30.9 us
 PASS: Zero packet loss
 PASS: GM regression sigma = 9.3 ns
 PASS: RX crystal = 31.2 ppm
 PASS: Drift sigma = 30726 ns
 WARN: One-way delay sigma = 856.6 us (unstable — frequency tracking issue?)
 PASS: Sync state = LOCKED
========================================================================
[2J[H========================================================================
 LTSP Test Harness v0.4  |  1912s elapsed
========================================================================
 GM  | GPS Lock: YES  PPS: 42451  Crystal: +31296 ns  Interp: +703 ns
      | Regression: a1=-0.151 ppb  sigma=9.3 ns
      | TX latency: mean=+251034 ns std=1268 ns min=+247836 ns max=+254640 ns n=191
------------------------------------------------------------------------
 RX  | Packets: 1911  Seq gaps: 0  Errors: GM=0 RX=0  State: LOCKED
      | Drift: +31063.5 ns/s = +31.1 ppm  sigma=30358 ns
------------------------------------------------------------------------
 JIT | Detrended: mean=+34 ns std=30935 ns min=-62328 ns max=+60803 ns n=1865
      | Offset:    mean=+57251 ns std=31118 ns min=+0 ns max=+121247 ns n=1865
------------------------------------------------------------------------
 CLK | One-way delay: mean=+864992 ns std=858856 ns min=-673261 ns max=+2400259 ns n=1864
      | Sigma: 858.9 us  Mean: +865.0 us (expected ~constant)
========================================================================
 PASS: Jitter sigma = 30.9 us
 PASS: Zero packet loss
 PASS: GM regression sigma = 9.3 ns
 PASS: RX crystal = 31.1 ppm
 PASS: Drift sigma = 30358 ns
 WARN: One-way delay sigma = 858.9 us (unstable — frequency tracking issue?)
 PASS: Sync state = LOCKED
========================================================================
[2J[H========================================================================
 LTSP Test Harness v0.4  |  1917s elapsed
========================================================================
 GM  | GPS Lock: YES  PPS: 42481  Crystal: +31308 ns  Interp: -296 ns
      | Regression: a1=+0.093 ppb  sigma=8.9 ns
      | TX latency: mean=+251034 ns std=1268 ns min=+247836 ns max=+254640 ns n=191
------------------------------------------------------------------------
 RX  | Packets: 1916  Seq gaps: 0  Errors: GM=0 RX=0  State: LOCKED
      | Drift: +30985.1 ns/s = +31.0 ppm  sigma=29877 ns
------------------------------------------------------------------------
 JIT | Detrended: mean=+57 ns std=30929 ns min=-62328 ns max=+60803 ns n=1870
      | Offset:    mean=+57279 ns std=31113 ns min=+0 ns max=+121247 ns n=1870
------------------------------------------------------------------------
 CLK | One-way delay: mean=+868926 ns std=861068 ns min=-673261 ns max=+2400259 ns n=1869
      | Sigma: 861.1 us  Mean: +868.9 us (expected ~constant)
========================================================================
 PASS: Jitter sigma = 30.9 us
 PASS: Zero packet loss
 PASS: GM regression sigma = 8.9 ns
 PASS: RX crystal = 31.0 ppm
 PASS: Drift sigma = 29877 ns
 WARN: One-way delay sigma = 861.1 us (unstable — frequency tracking issue?)
 PASS: Sync state = LOCKED
========================================================================
[2J[H========================================================================
 LTSP Test Harness v0.4  |  1922s elapsed
========================================================================
 GM  | GPS Lock: YES  PPS: 42481  Crystal: +31308 ns  Interp: -296 ns
      | Regression: a1=+0.093 ppb  sigma=8.9 ns
      | TX latency: mean=+251038 ns std=1266 ns min=+247836 ns max=+254640 ns n=192
------------------------------------------------------------------------
 RX  | Packets: 1921  Seq gaps: 0  Errors: GM=0 RX=0  State: LOCKED
      | Drift: +31070.4 ns/s = +31.1 ppm  sigma=29735 ns
------------------------------------------------------------------------
 JIT | Detrended: mean=+66 ns std=30915 ns min=-62328 ns max=+60803 ns n=1875
      | Offset:    mean=+57293 ns std=31098 ns min=+0 ns max=+121247 ns n=1875
------------------------------------------------------------------------
 CLK | One-way delay: mean=+872907 ns std=863358 ns min=-673261 ns max=+2407710 ns n=1874
      | Sigma: 863.4 us  Mean: +872.9 us (expected ~constant)
========================================================================
 PASS: Jitter sigma = 30.9 us
 PASS: Zero packet loss
 PASS: GM regression sigma = 8.9 ns
 PASS: RX crystal = 31.1 ppm
 PASS: Drift sigma = 29735 ns
 WARN: One-way delay sigma = 863.4 us (unstable — frequency tracking issue?)
 PASS: Sync state = LOCKED
========================================================================
[2J[H========================================================================
 LTSP Test Harness v0.4  |  1927s elapsed
========================================================================
 GM  | GPS Lock: YES  PPS: 42481  Crystal: +31308 ns  Interp: -296 ns
      | Regression: a1=+0.093 ppb  sigma=8.9 ns
      | TX latency: mean=+251038 ns std=1266 ns min=+247836 ns max=+254640 ns n=192
------------------------------------------------------------------------
 RX  | Packets: 1926  Seq gaps: 0  Errors: GM=0 RX=0  State: LOCKED
      | Drift: +30957.6 ns/s = +31.0 ppm  sigma=30226 ns
------------------------------------------------------------------------
 JIT | Detrended: mean=+38 ns std=30932 ns min=-62328 ns max=+60803 ns n=1880
      | Offset:    mean=+57270 ns std=31113 ns min=+0 ns max=+121247 ns n=1880
------------------------------------------------------------------------
 CLK | One-way delay: mean=+876899 ns std=865669 ns min=-673261 ns max=+2416657 ns n=1879
      | Sigma: 865.7 us  Mean: +876.9 us (expected ~constant)
========================================================================
 PASS: Jitter sigma = 30.9 us
 PASS: Zero packet loss
 PASS: GM regression sigma = 8.9 ns
 PASS: RX crystal = 31.0 ppm
 PASS: Drift sigma = 30226 ns
 WARN: One-way delay sigma = 865.7 us (unstable — frequency tracking issue?)
 PASS: Sync state = LOCKED
========================================================================
[2J[H========================================================================
 LTSP Test Harness v0.4  |  1932s elapsed
========================================================================
 GM  | GPS Lock: YES  PPS: 42481  Crystal: +31308 ns  Interp: -296 ns
      | Regression: a1=+0.093 ppb  sigma=8.9 ns
      | TX latency: mean=+251037 ns std=1262 ns min=+247836 ns max=+254640 ns n=193
------------------------------------------------------------------------
 RX  | Packets: 1931  Seq gaps: 0  Errors: GM=0 RX=0  State: LOCKED
      | Drift: +31047.8 ns/s = +31.0 ppm  sigma=30098 ns
------------------------------------------------------------------------
 JIT | Detrended: mean=+50 ns std=30922 ns min=-62328 ns max=+60803 ns n=1885
      | Offset:    mean=+57287 ns std=31104 ns min=+0 ns max=+121247 ns n=1885
------------------------------------------------------------------------
 CLK | One-way delay: mean=+880872 ns std=867947 ns min=-673261 ns max=+2427647 ns n=1884
      | Sigma: 867.9 us  Mean: +880.9 us (expected ~constant)
========================================================================
 PASS: Jitter sigma = 30.9 us
 PASS: Zero packet loss
 PASS: GM regression sigma = 8.9 ns
 PASS: RX crystal = 31.0 ppm
 PASS: Drift sigma = 30098 ns
 WARN: One-way delay sigma = 867.9 us (unstable — frequency tracking issue?)
 PASS: Sync state = LOCKED
========================================================================
[2J[H========================================================================
 LTSP Test Harness v0.4  |  1937s elapsed
========================================================================
 GM  | GPS Lock: YES  PPS: 42481  Crystal: +31308 ns  Interp: -296 ns
      | Regression: a1=+0.093 ppb  sigma=8.9 ns
      | TX latency: mean=+251037 ns std=1262 ns min=+247836 ns max=+254640 ns n=193
------------------------------------------------------------------------
 RX  | Packets: 1936  Seq gaps: 0  Errors: GM=0 RX=0  State: LOCKED
      | Drift: +30912.8 ns/s = +30.9 ppm  sigma=31143 ns
------------------------------------------------------------------------
 JIT | Detrended: mean=+28 ns std=30940 ns min=-62328 ns max=+60803 ns n=1890
      | Offset:    mean=+57269 ns std=31120 ns min=+0 ns max=+121247 ns n=1890
------------------------------------------------------------------------
 CLK | One-way delay: mean=+884865 ns std=870259 ns min=-673261 ns max=+2433212 ns n=1889
      | Sigma: 870.3 us  Mean: +884.9 us (expected ~constant)
========================================================================
 PASS: Jitter sigma = 30.9 us
 PASS: Zero packet loss
 PASS: GM regression sigma = 8.9 ns
 PASS: RX crystal = 30.9 ppm
 PASS: Drift sigma = 31143 ns
 WARN: One-way delay sigma = 870.3 us (unstable — frequency tracking issue?)
 PASS: Sync state = LOCKED
========================================================================
[2J[H========================================================================
 LTSP Test Harness v0.4  |  1942s elapsed
========================================================================
 GM  | GPS Lock: YES  PPS: 42481  Crystal: +31308 ns  Interp: -296 ns
      | Regression: a1=+0.093 ppb  sigma=8.9 ns
      | TX latency: mean=+251027 ns std=1266 ns min=+247836 ns max=+254640 ns n=194
------------------------------------------------------------------------
 RX  | Packets: 1941  Seq gaps: 0  Errors: GM=0 RX=0  State: LOCKED
      | Drift: +31022.6 ns/s = +31.0 ppm  sigma=32249 ns
------------------------------------------------------------------------
 JIT | Detrended: mean=+30 ns std=30954 ns min=-62328 ns max=+60803 ns n=1895
      | Offset:    mean=+57276 ns std=31134 ns min=+0 ns max=+121247 ns n=1895
------------------------------------------------------------------------
 CLK | One-way delay: mean=+888821 ns std=872509 ns min=-673261 ns max=+2452736 ns n=1894
      | Sigma: 872.5 us  Mean: +888.8 us (expected ~constant)
========================================================================
 PASS: Jitter sigma = 31.0 us
 PASS: Zero packet loss
 PASS: GM regression sigma = 8.9 ns
 PASS: RX crystal = 31.0 ppm
 PASS: Drift sigma = 32249 ns
 WARN: One-way delay sigma = 872.5 us (unstable — frequency tracking issue?)
 PASS: Sync state = LOCKED
========================================================================
[2J[H========================================================================
 LTSP Test Harness v0.4  |  1947s elapsed
========================================================================
 GM  | GPS Lock: YES  PPS: 42511  Crystal: +31284 ns  Interp: -284 ns
      | Regression: a1=+0.051 ppb  sigma=6.4 ns
      | TX latency: mean=+251027 ns std=1266 ns min=+247836 ns max=+254640 ns n=194
------------------------------------------------------------------------
 RX  | Packets: 1946  Seq gaps: 0  Errors: GM=0 RX=0  State: LOCKED
      | Drift: +31076.4 ns/s = +31.1 ppm  sigma=31645 ns
------------------------------------------------------------------------
 JIT | Detrended: mean=+44 ns std=30929 ns min=-62328 ns max=+60803 ns n=1900
      | Offset:    mean=+57295 ns std=31110 ns min=+0 ns max=+121247 ns n=1900
------------------------------------------------------------------------
 CLK | One-way delay: mean=+892796 ns std=874790 ns min=-673261 ns max=+2452736 ns n=1899
      | Sigma: 874.8 us  Mean: +892.8 us (expected ~constant)
========================================================================
 PASS: Jitter sigma = 30.9 us
 PASS: Zero packet loss
 PASS: GM regression sigma = 6.4 ns
 PASS: RX crystal = 31.1 ppm
 PASS: Drift sigma = 31645 ns
 WARN: One-way delay sigma = 874.8 us (unstable — frequency tracking issue?)
 PASS: Sync state = LOCKED
========================================================================
[2J[H========================================================================
 LTSP Test Harness v0.4  |  1952s elapsed
========================================================================
 GM  | GPS Lock: YES  PPS: 42511  Crystal: +31284 ns  Interp: -284 ns
      | Regression: a1=+0.051 ppb  sigma=6.4 ns
      | TX latency: mean=+251021 ns std=1266 ns min=+247836 ns max=+254640 ns n=195
------------------------------------------------------------------------
 RX  | Packets: 1951  Seq gaps: 0  Errors: GM=0 RX=0  State: LOCKED
      | Drift: +31242.4 ns/s = +31.2 ppm  sigma=31005 ns
------------------------------------------------------------------------
 JIT | Detrended: mean=+63 ns std=30906 ns min=-62328 ns max=+60803 ns n=1905
      | Offset:    mean=+57318 ns std=31087 ns min=+0 ns max=+121247 ns n=1905
------------------------------------------------------------------------
 CLK | One-way delay: mean=+896785 ns std=877096 ns min=-673261 ns max=+2452736 ns n=1904
      | Sigma: 877.1 us  Mean: +896.8 us (expected ~constant)
========================================================================
 PASS: Jitter sigma = 30.9 us
 PASS: Zero packet loss
 PASS: GM regression sigma = 6.4 ns
 PASS: RX crystal = 31.2 ppm
 PASS: Drift sigma = 31005 ns
 WARN: One-way delay sigma = 877.1 us (unstable — frequency tracking issue?)
 PASS: Sync state = LOCKED
========================================================================
[2J[H========================================================================
 LTSP Test Harness v0.4  |  1957s elapsed
========================================================================
 GM  | GPS Lock: YES  PPS: 42511  Crystal: +31284 ns  Interp: -284 ns
      | Regression: a1=+0.051 ppb  sigma=6.4 ns
      | TX latency: mean=+251021 ns std=1266 ns min=+247836 ns max=+254640 ns n=195
------------------------------------------------------------------------
 RX  | Packets: 1956  Seq gaps: 0  Errors: GM=0 RX=0  State: LOCKED
      | Drift: +31274.1 ns/s = +31.3 ppm  sigma=30811 ns
------------------------------------------------------------------------
 JIT | Detrended: mean=+74 ns std=30885 ns min=-62328 ns max=+60803 ns n=1910
      | Offset:    mean=+57335 ns std=31067 ns min=+0 ns max=+121247 ns n=1910
------------------------------------------------------------------------
 CLK | One-way delay: mean=+900785 ns std=879421 ns min=-673261 ns max=+2462363 ns n=1909
      | Sigma: 879.4 us  Mean: +900.8 us (expected ~constant)
========================================================================
 PASS: Jitter sigma = 30.9 us
 PASS: Zero packet loss
 PASS: GM regression sigma = 6.4 ns
 PASS: RX crystal = 31.3 ppm
 PASS: Drift sigma = 30811 ns
 WARN: One-way delay sigma = 879.4 us (unstable — frequency tracking issue?)
 PASS: Sync state = LOCKED
========================================================================
[2J[H========================================================================
 LTSP Test Harness v0.4  |  1962s elapsed
========================================================================
 GM  | GPS Lock: YES  PPS: 42511  Crystal: +31284 ns  Interp: -284 ns
      | Regression: a1=+0.051 ppb  sigma=6.4 ns
      | TX latency: mean=+251026 ns std=1264 ns min=+247836 ns max=+254640 ns n=196
------------------------------------------------------------------------
 RX  | Packets: 1961  Seq gaps: 0  Errors: GM=0 RX=0  State: LOCKED
      | Drift: +31013.5 ns/s = +31.0 ppm  sigma=29988 ns
------------------------------------------------------------------------
 JIT | Detrended: mean=+52 ns std=30874 ns min=-62328 ns max=+60803 ns n=1915
      | Offset:    mean=+57317 ns std=31054 ns min=+0 ns max=+121247 ns n=1915
------------------------------------------------------------------------
 CLK | One-way delay: mean=+904743 ns std=881672 ns min=-673261 ns max=+2462363 ns n=1914
      | Sigma: 881.7 us  Mean: +904.7 us (expected ~constant)
========================================================================
 PASS: Jitter sigma = 30.9 us
 PASS: Zero packet loss
 PASS: GM regression sigma = 6.4 ns
 PASS: RX crystal = 31.0 ppm
 PASS: Drift sigma = 29988 ns
 WARN: One-way delay sigma = 881.7 us (unstable — frequency tracking issue?)
 PASS: Sync state = LOCKED
========================================================================
[RX] # STATS: PDUs=1977 CSV=1976 Gaps=0 Dups=0 Skip=0 d_min=-59062 ns drift=31092.8 ns/s sigma=29929.8 ns state=LOCKED clk_err=+0 ns
[2J[H========================================================================
 LTSP Test Harness v0.4  |  1967s elapsed
========================================================================
 GM  | GPS Lock: YES  PPS: 42511  Crystal: +31284 ns  Interp: -284 ns
      | Regression: a1=+0.051 ppb  sigma=6.4 ns
      | TX latency: mean=+251026 ns std=1264 ns min=+247836 ns max=+254640 ns n=196
------------------------------------------------------------------------
 RX  | Packets: 1966  Seq gaps: 0  Errors: GM=0 RX=0  State: LOCKED
      | Drift: +31169.1 ns/s = +31.2 ppm  sigma=29712 ns
------------------------------------------------------------------------
 JIT | Detrended: mean=+72 ns std=30850 ns min=-62328 ns max=+60803 ns n=1920
      | Offset:    mean=+57342 ns std=31032 ns min=+0 ns max=+121247 ns n=1920
------------------------------------------------------------------------
 CLK | One-way delay: mean=+908731 ns std=883976 ns min=-673261 ns max=+2468547 ns n=1919
      | Sigma: 884.0 us  Mean: +908.7 us (expected ~constant)
========================================================================
 PASS: Jitter sigma = 30.9 us
 PASS: Zero packet loss
 PASS: GM regression sigma = 6.4 ns
 PASS: RX crystal = 31.2 ppm
 PASS: Drift sigma = 29712 ns
 WARN: One-way delay sigma = 884.0 us (unstable — frequency tracking issue?)
 PASS: Sync state = LOCKED
========================================================================
[2J[H========================================================================
 LTSP Test Harness v0.4  |  1972s elapsed
========================================================================
 GM  | GPS Lock: YES  PPS: 42511  Crystal: +31284 ns  Interp: -284 ns
      | Regression: a1=+0.051 ppb  sigma=6.4 ns
      | TX latency: mean=+251032 ns std=1264 ns min=+247836 ns max=+254640 ns n=197
------------------------------------------------------------------------
 RX  | Packets: 1971  Seq gaps: 0  Errors: GM=0 RX=0  State: LOCKED
      | Drift: +31193.3 ns/s = +31.2 ppm  sigma=30061 ns
------------------------------------------------------------------------
 JIT | Detrended: mean=+70 ns std=30856 ns min=-62328 ns max=+60803 ns n=1925
      | Offset:    mean=+57344 ns std=31037 ns min=+0 ns max=+121247 ns n=1925
------------------------------------------------------------------------
 CLK | One-way delay: mean=+912756 ns std=886345 ns min=-673261 ns max=+2495820 ns n=1924
      | Sigma: 886.3 us  Mean: +912.8 us (expected ~constant)
========================================================================
 PASS: Jitter sigma = 30.9 us
 PASS: Zero packet loss
 PASS: GM regression sigma = 6.4 ns
 PASS: RX crystal = 31.2 ppm
 PASS: Drift sigma = 30061 ns
 WARN: One-way delay sigma = 886.3 us (unstable — frequency tracking issue?)
 PASS: Sync state = LOCKED
========================================================================
[2J[H========================================================================
 LTSP Test Harness v0.4  |  1977s elapsed
========================================================================
 GM  | GPS Lock: YES  PPS: 42541  Crystal: +31284 ns  Interp: -296 ns
      | Regression: a1=-0.055 ppb  sigma=6.9 ns
      | TX latency: mean=+251032 ns std=1264 ns min=+247836 ns max=+254640 ns n=197
------------------------------------------------------------------------
 RX  | Packets: 1976  Seq gaps: 0  Errors: GM=0 RX=0  State: LOCKED
      | Drift: +31234.0 ns/s = +31.2 ppm  sigma=30199 ns
------------------------------------------------------------------------
 JIT | Detrended: mean=+54 ns std=30854 ns min=-62328 ns max=+60803 ns n=1930
      | Offset:    mean=+57332 ns std=31034 ns min=+0 ns max=+121247 ns n=1930
------------------------------------------------------------------------
 CLK | One-way delay: mean=+916773 ns std=888699 ns min=-673261 ns max=+2510526 ns n=1929
      | Sigma: 888.7 us  Mean: +916.8 us (expected ~constant)
========================================================================
 PASS: Jitter sigma = 30.9 us
 PASS: Zero packet loss
 PASS: GM regression sigma = 6.9 ns
 PASS: RX crystal = 31.2 ppm
 PASS: Drift sigma = 30199 ns
 WARN: One-way delay sigma = 888.7 us (unstable — frequency tracking issue?)
 PASS: Sync state = LOCKED
========================================================================
[2J[H========================================================================
 LTSP Test Harness v0.4  |  1982s elapsed
========================================================================
 GM  | GPS Lock: YES  PPS: 42541  Crystal: +31284 ns  Interp: -296 ns
      | Regression: a1=-0.055 ppb  sigma=6.9 ns
      | TX latency: mean=+251036 ns std=1262 ns min=+247836 ns max=+254640 ns n=198
------------------------------------------------------------------------
 RX  | Packets: 1981  Seq gaps: 0  Errors: GM=0 RX=0  State: LOCKED
      | Drift: +31264.6 ns/s = +31.3 ppm  sigma=30250 ns
------------------------------------------------------------------------
 JIT | Detrended: mean=+36 ns std=30846 ns min=-62328 ns max=+60803 ns n=1935
      | Offset:    mean=+57319 ns std=31025 ns min=+0 ns max=+121247 ns n=1935
------------------------------------------------------------------------
 CLK | One-way delay: mean=+920673 ns std=890851 ns min=-673261 ns max=+2510526 ns n=1934
      | Sigma: 890.9 us  Mean: +920.7 us (expected ~constant)
========================================================================
 PASS: Jitter sigma = 30.8 us
 PASS: Zero packet loss
 PASS: GM regression sigma = 6.9 ns
 PASS: RX crystal = 31.3 ppm
 PASS: Drift sigma = 30250 ns
 WARN: One-way delay sigma = 890.9 us (unstable — frequency tracking issue?)
 PASS: Sync state = LOCKED
========================================================================
[2J[H========================================================================
 LTSP Test Harness v0.4  |  1987s elapsed
========================================================================
 GM  | GPS Lock: YES  PPS: 42541  Crystal: +31284 ns  Interp: -296 ns
      | Regression: a1=-0.055 ppb  sigma=6.9 ns
      | TX latency: mean=+251036 ns std=1262 ns min=+247836 ns max=+254640 ns n=198
------------------------------------------------------------------------
 RX  | Packets: 1986  Seq gaps: 0  Errors: GM=0 RX=0  State: LOCKED
      | Drift: +31153.5 ns/s = +31.2 ppm  sigma=29026 ns
------------------------------------------------------------------------
 JIT | Detrended: mean=+29 ns std=30829 ns min=-62328 ns max=+60803 ns n=1940
      | Offset:    mean=+57317 ns std=31007 ns min=+0 ns max=+121247 ns n=1940
------------------------------------------------------------------------
 CLK | One-way delay: mean=+924632 ns std=893105 ns min=-673261 ns max=+2510526 ns n=1939
      | Sigma: 893.1 us  Mean: +924.6 us (expected ~constant)
========================================================================
 PASS: Jitter sigma = 30.8 us
 PASS: Zero packet loss
 PASS: GM regression sigma = 6.9 ns
 PASS: RX crystal = 31.2 ppm
 PASS: Drift sigma = 29026 ns
 WARN: One-way delay sigma = 893.1 us (unstable — frequency tracking issue?)
 PASS: Sync state = LOCKED
========================================================================
[2J[H========================================================================
 LTSP Test Harness v0.4  |  1992s elapsed
========================================================================
 GM  | GPS Lock: YES  PPS: 42541  Crystal: +31284 ns  Interp: -296 ns
      | Regression: a1=-0.055 ppb  sigma=6.9 ns
      | TX latency: mean=+251027 ns std=1265 ns min=+247836 ns max=+254640 ns n=199
------------------------------------------------------------------------
 RX  | Packets: 1991  Seq gaps: 0  Errors: GM=0 RX=0  State: LOCKED
      | Drift: +31115.6 ns/s = +31.1 ppm  sigma=29674 ns
------------------------------------------------------------------------
 JIT | Detrended: mean=+16 ns std=30838 ns min=-62328 ns max=+60803 ns n=1945
      | Offset:    mean=+57309 ns std=31015 ns min=+0 ns max=+121247 ns n=1945
------------------------------------------------------------------------
 CLK | One-way delay: mean=+928653 ns std=895467 ns min=-673261 ns max=+2515578 ns n=1944
      | Sigma: 895.5 us  Mean: +928.7 us (expected ~constant)
========================================================================
 PASS: Jitter sigma = 30.8 us
 PASS: Zero packet loss
 PASS: GM regression sigma = 6.9 ns
 PASS: RX crystal = 31.1 ppm
 PASS: Drift sigma = 29674 ns
 WARN: One-way delay sigma = 895.5 us (unstable — frequency tracking issue?)
 PASS: Sync state = LOCKED
========================================================================
[2J[H========================================================================
 LTSP Test Harness v0.4  |  1997s elapsed
========================================================================
 GM  | GPS Lock: YES  PPS: 42541  Crystal: +31284 ns  Interp: -296 ns
      | Regression: a1=-0.055 ppb  sigma=6.9 ns
      | TX latency: mean=+251027 ns std=1265 ns min=+247836 ns max=+254640 ns n=199
------------------------------------------------------------------------
 RX  | Packets: 1996  Seq gaps: 0  Errors: GM=0 RX=0  State: LOCKED
      | Drift: +30951.5 ns/s = +31.0 ppm  sigma=28692 ns
------------------------------------------------------------------------
 JIT | Detrended: mean=+9 ns std=30834 ns min=-62328 ns max=+60803 ns n=1950
      | Offset:    mean=+57306 ns std=31010 ns min=+0 ns max=+121247 ns n=1950
------------------------------------------------------------------------
 CLK | One-way delay: mean=+932660 ns std=897802 ns min=-673261 ns max=+2522231 ns n=1949
      | Sigma: 897.8 us  Mean: +932.7 us (expected ~constant)
========================================================================
 PASS: Jitter sigma = 30.8 us
 PASS: Zero packet loss
 PASS: GM regression sigma = 6.9 ns
 PASS: RX crystal = 31.0 ppm
 PASS: Drift sigma = 28692 ns
 WARN: One-way delay sigma = 897.8 us (unstable — frequency tracking issue?)
 PASS: Sync state = LOCKED
========================================================================
[2J[H========================================================================
 LTSP Test Harness v0.4  |  2002s elapsed
========================================================================
 GM  | GPS Lock: YES  PPS: 42541  Crystal: +31284 ns  Interp: -296 ns
      | Regression: a1=-0.055 ppb  sigma=6.9 ns
      | TX latency: mean=+251025 ns std=1263 ns min=+247836 ns max=+254640 ns n=200
------------------------------------------------------------------------
 RX  | Packets: 2001  Seq gaps: 0  Errors: GM=0 RX=0  State: LOCKED
      | Drift: +30883.8 ns/s = +30.9 ppm  sigma=28504 ns
------------------------------------------------------------------------
 JIT | Detrended: mean=+21 ns std=30850 ns min=-62328 ns max=+60803 ns n=1955
      | Offset:    mean=+57322 ns std=31026 ns min=+0 ns max=+121247 ns n=1955
------------------------------------------------------------------------
 CLK | One-way delay: mean=+936666 ns std=900138 ns min=-673261 ns max=+2537540 ns n=1954
      | Sigma: 900.1 us  Mean: +936.7 us (expected ~constant)
========================================================================
 PASS: Jitter sigma = 30.8 us
 PASS: Zero packet loss
 PASS: GM regression sigma = 6.9 ns
 PASS: RX crystal = 30.9 ppm
 PASS: Drift sigma = 28504 ns
 WARN: One-way delay sigma = 900.1 us (unstable — frequency tracking issue?)
 PASS: Sync state = LOCKED
========================================================================
[2J[H========================================================================
 LTSP Test Harness v0.4  |  2007s elapsed
========================================================================
 GM  | GPS Lock: YES  PPS: 42571  Crystal: +31284 ns  Interp: -272 ns
      | Regression: a1=-0.075 ppb  sigma=8.1 ns
      | TX latency: mean=+251025 ns std=1263 ns min=+247836 ns max=+254640 ns n=200
------------------------------------------------------------------------
 RX  | Packets: 2006  Seq gaps: 0  Errors: GM=0 RX=0  State: LOCKED
      | Drift: +30838.5 ns/s = +30.8 ppm  sigma=29879 ns
------------------------------------------------------------------------
 JIT | Detrended: mean=+18 ns std=30862 ns min=-62328 ns max=+60803 ns n=1960
      | Offset:    mean=+57324 ns std=31038 ns min=+0 ns max=+121247 ns n=1960
------------------------------------------------------------------------
 CLK | One-way delay: mean=+940613 ns std=902370 ns min=-673261 ns max=+2537540 ns n=1959
      | Sigma: 902.4 us  Mean: +940.6 us (expected ~constant)
========================================================================
 PASS: Jitter sigma = 30.9 us
 PASS: Zero packet loss
 PASS: GM regression sigma = 8.1 ns
 PASS: RX crystal = 30.8 ppm
 PASS: Drift sigma = 29879 ns
 WARN: One-way delay sigma = 902.4 us (unstable — frequency tracking issue?)
 PASS: Sync state = LOCKED
========================================================================
[2J[H========================================================================
 LTSP Test Harness v0.4  |  2012s elapsed
========================================================================
 GM  | GPS Lock: YES  PPS: 42571  Crystal: +31284 ns  Interp: -272 ns
      | Regression: a1=-0.075 ppb  sigma=8.1 ns
      | TX latency: mean=+251017 ns std=1265 ns min=+247836 ns max=+254640 ns n=201
------------------------------------------------------------------------
 RX  | Packets: 2011  Seq gaps: 0  Errors: GM=0 RX=0  State: LOCKED
      | Drift: +30760.9 ns/s = +30.8 ppm  sigma=30865 ns
------------------------------------------------------------------------
 JIT | Detrended: mean=-6 ns std=30865 ns min=-62328 ns max=+60803 ns n=1965
      | Offset:    mean=+57304 ns std=31039 ns min=+0 ns max=+121247 ns n=1965
------------------------------------------------------------------------
 CLK | One-way delay: mean=+944586 ns std=904649 ns min=-673261 ns max=+2537540 ns n=1964
      | Sigma: 904.6 us  Mean: +944.6 us (expected ~constant)
========================================================================
 PASS: Jitter sigma = 30.9 us
 PASS: Zero packet loss
 PASS: GM regression sigma = 8.1 ns
 PASS: RX crystal = 30.8 ppm
 PASS: Drift sigma = 30865 ns
 WARN: One-way delay sigma = 904.6 us (unstable — frequency tracking issue?)
 PASS: Sync state = LOCKED
========================================================================
[2J[H========================================================================
 LTSP Test Harness v0.4  |  2017s elapsed
========================================================================
 GM  | GPS Lock: YES  PPS: 42571  Crystal: +31284 ns  Interp: -272 ns
      | Regression: a1=-0.075 ppb  sigma=8.1 ns
      | TX latency: mean=+251017 ns std=1265 ns min=+247836 ns max=+254640 ns n=201
------------------------------------------------------------------------
 RX  | Packets: 2016  Seq gaps: 0  Errors: GM=0 RX=0  State: LOCKED
      | Drift: +30922.9 ns/s = +30.9 ppm  sigma=32060 ns
------------------------------------------------------------------------
 JIT | Detrended: mean=+24 ns std=30876 ns min=-62328 ns max=+60803 ns n=1970
      | Offset:    mean=+57339 ns std=31052 ns min=+0 ns max=+121247 ns n=1970
------------------------------------------------------------------------
 CLK | One-way delay: mean=+948566 ns std=906940 ns min=-673261 ns max=+2567865 ns n=1969
      | Sigma: 906.9 us  Mean: +948.6 us (expected ~constant)
========================================================================
 PASS: Jitter sigma = 30.9 us
 PASS: Zero packet loss
 PASS: GM regression sigma = 8.1 ns
 PASS: RX crystal = 30.9 ppm
 PASS: Drift sigma = 32060 ns
 WARN: One-way delay sigma = 906.9 us (unstable — frequency tracking issue?)
 PASS: Sync state = LOCKED
========================================================================
[2J[H========================================================================
 LTSP Test Harness v0.4  |  2022s elapsed
========================================================================
 GM  | GPS Lock: YES  PPS: 42571  Crystal: +31284 ns  Interp: -272 ns
      | Regression: a1=-0.075 ppb  sigma=8.1 ns
      | TX latency: mean=+251016 ns std=1262 ns min=+247836 ns max=+254640 ns n=202
------------------------------------------------------------------------
 RX  | Packets: 2021  Seq gaps: 0  Errors: GM=0 RX=0  State: LOCKED
      | Drift: +30882.1 ns/s = +30.9 ppm  sigma=32245 ns
------------------------------------------------------------------------
 JIT | Detrended: mean=+23 ns std=30873 ns min=-62328 ns max=+60803 ns n=1975
      | Offset:    mean=+57330 ns std=31048 ns min=+0 ns max=+121247 ns n=1975
------------------------------------------------------------------------
 CLK | One-way delay: mean=+952581 ns std=909289 ns min=-673261 ns max=+2567865 ns n=1974
      | Sigma: 909.3 us  Mean: +952.6 us (expected ~constant)
========================================================================
 PASS: Jitter sigma = 30.9 us
 PASS: Zero packet loss
 PASS: GM regression sigma = 8.1 ns
 PASS: RX crystal = 30.9 ppm
 PASS: Drift sigma = 32245 ns
 WARN: One-way delay sigma = 909.3 us (unstable — frequency tracking issue?)
 PASS: Sync state = LOCKED
========================================================================
[RX] # STATS: PDUs=2037 CSV=2036 Gaps=0 Dups=0 Skip=0 d_min=-54165 ns drift=30981.0 ns/s sigma=32816.9 ns state=LOCKED clk_err=+0 ns
[2J[H========================================================================
 LTSP Test Harness v0.4  |  2027s elapsed
========================================================================
 GM  | GPS Lock: YES  PPS: 42571  Crystal: +31284 ns  Interp: -272 ns
      | Regression: a1=-0.075 ppb  sigma=8.1 ns
      | TX latency: mean=+251016 ns std=1262 ns min=+247836 ns max=+254640 ns n=202
------------------------------------------------------------------------
 RX  | Packets: 2026  Seq gaps: 0  Errors: GM=0 RX=0  State: LOCKED
      | Drift: +30955.8 ns/s = +31.0 ppm  sigma=33377 ns
------------------------------------------------------------------------
 JIT | Detrended: mean=+23 ns std=30885 ns min=-62328 ns max=+60803 ns n=1980
      | Offset:    mean=+57322 ns std=31060 ns min=+0 ns max=+121247 ns n=1980
------------------------------------------------------------------------
 CLK | One-way delay: mean=+956546 ns std=911554 ns min=-673261 ns max=+2579179 ns n=1979
      | Sigma: 911.6 us  Mean: +956.5 us (expected ~constant)
========================================================================
 PASS: Jitter sigma = 30.9 us
 PASS: Zero packet loss
 PASS: GM regression sigma = 8.1 ns
 PASS: RX crystal = 31.0 ppm
 PASS: Drift sigma = 33377 ns
 WARN: One-way delay sigma = 911.6 us (unstable — frequency tracking issue?)
 PASS: Sync state = LOCKED
========================================================================
[2J[H========================================================================
 LTSP Test Harness v0.4  |  2032s elapsed
========================================================================
 GM  | GPS Lock: YES  PPS: 42571  Crystal: +31284 ns  Interp: -272 ns
      | Regression: a1=-0.075 ppb  sigma=8.1 ns
      | TX latency: mean=+251024 ns std=1263 ns min=+247836 ns max=+254640 ns n=203
------------------------------------------------------------------------
 RX  | Packets: 2031  Seq gaps: 0  Errors: GM=0 RX=0  State: LOCKED
      | Drift: +30873.6 ns/s = +30.9 ppm  sigma=32931 ns
------------------------------------------------------------------------
 JIT | Detrended: mean=+0 ns std=30879 ns min=-62328 ns max=+60803 ns n=1985
      | Offset:    mean=+57292 ns std=31056 ns min=+0 ns max=+121247 ns n=1985
------------------------------------------------------------------------
 CLK | One-way delay: mean=+960532 ns std=913854 ns min=-673261 ns max=+2579179 ns n=1984
      | Sigma: 913.9 us  Mean: +960.5 us (expected ~constant)
========================================================================
 PASS: Jitter sigma = 30.9 us
 PASS: Zero packet loss
 PASS: GM regression sigma = 8.1 ns
 PASS: RX crystal = 30.9 ppm
 PASS: Drift sigma = 32931 ns
 WARN: One-way delay sigma = 913.9 us (unstable — frequency tracking issue?)
 PASS: Sync state = LOCKED
========================================================================
[2J[H========================================================================
 LTSP Test Harness v0.4  |  2037s elapsed
========================================================================
 GM  | GPS Lock: YES  PPS: 42601  Crystal: +31284 ns  Interp: -296 ns
      | Regression: a1=-0.025 ppb  sigma=9.0 ns
      | TX latency: mean=+251024 ns std=1263 ns min=+247836 ns max=+254640 ns n=203
------------------------------------------------------------------------
 RX  | Packets: 2036  Seq gaps: 0  Errors: GM=0 RX=0  State: LOCKED
      | Drift: +30833.0 ns/s = +30.8 ppm  sigma=32807 ns
------------------------------------------------------------------------
 JIT | Detrended: mean=-10 ns std=30873 ns min=-62328 ns max=+60803 ns n=1990
      | Offset:    mean=+57273 ns std=31052 ns min=+0 ns max=+121247 ns n=1990
------------------------------------------------------------------------
 CLK | One-way delay: mean=+964527 ns std=916169 ns min=-673261 ns max=+2587414 ns n=1989
      | Sigma: 916.2 us  Mean: +964.5 us (expected ~constant)
========================================================================
 PASS: Jitter sigma = 30.9 us
 PASS: Zero packet loss
 PASS: GM regression sigma = 9.0 ns
 PASS: RX crystal = 30.8 ppm
 PASS: Drift sigma = 32807 ns
 WARN: One-way delay sigma = 916.2 us (unstable — frequency tracking issue?)
 PASS: Sync state = LOCKED
========================================================================
[2J[H========================================================================
 LTSP Test Harness v0.4  |  2042s elapsed
========================================================================
 GM  | GPS Lock: YES  PPS: 42601  Crystal: +31284 ns  Interp: -296 ns
      | Regression: a1=-0.025 ppb  sigma=9.0 ns
      | TX latency: mean=+251017 ns std=1264 ns min=+247836 ns max=+254640 ns n=204
------------------------------------------------------------------------
 RX  | Packets: 2041  Seq gaps: 0  Errors: GM=0 RX=0  State: LOCKED
      | Drift: +30890.5 ns/s = +30.9 ppm  sigma=33448 ns
------------------------------------------------------------------------
 JIT | Detrended: mean=+8 ns std=30881 ns min=-62328 ns max=+60803 ns n=1995
      | Offset:    mean=+57283 ns std=31058 ns min=+0 ns max=+121247 ns n=1995
------------------------------------------------------------------------
 CLK | One-way delay: mean=+968545 ns std=918526 ns min=-673261 ns max=+2607708 ns n=1994
      | Sigma: 918.5 us  Mean: +968.5 us (expected ~constant)
========================================================================
 PASS: Jitter sigma = 30.9 us
 PASS: Zero packet loss
 PASS: GM regression sigma = 9.0 ns
 PASS: RX crystal = 30.9 ppm
 PASS: Drift sigma = 33448 ns
 WARN: One-way delay sigma = 918.5 us (unstable — frequency tracking issue?)
 PASS: Sync state = LOCKED
========================================================================
[2J[H========================================================================
 LTSP Test Harness v0.4  |  2047s elapsed
========================================================================
 GM  | GPS Lock: YES  PPS: 42601  Crystal: +31284 ns  Interp: -296 ns
      | Regression: a1=-0.025 ppb  sigma=9.0 ns
      | TX latency: mean=+251017 ns std=1264 ns min=+247836 ns max=+254640 ns n=204
------------------------------------------------------------------------
 RX  | Packets: 2046  Seq gaps: 0  Errors: GM=0 RX=0  State: LOCKED
      | Drift: +30893.7 ns/s = +30.9 ppm  sigma=33967 ns
------------------------------------------------------------------------
 JIT | Detrended: mean=+3 ns std=30878 ns min=-62328 ns max=+60803 ns n=2000
      | Offset:    mean=+57271 ns std=31055 ns min=+0 ns max=+121247 ns n=2000
------------------------------------------------------------------------
 CLK | One-way delay: mean=+972548 ns std=920854 ns min=-673261 ns max=+2613498 ns n=1999
      | Sigma: 920.9 us  Mean: +972.5 us (expected ~constant)
========================================================================
 PASS: Jitter sigma = 30.9 us
 PASS: Zero packet loss
 PASS: GM regression sigma = 9.0 ns
 PASS: RX crystal = 30.9 ppm
 PASS: Drift sigma = 33967 ns
 WARN: One-way delay sigma = 920.9 us (unstable — frequency tracking issue?)
 PASS: Sync state = LOCKED
========================================================================
[2J[H========================================================================
 LTSP Test Harness v0.4  |  2052s elapsed
========================================================================
 GM  | GPS Lock: YES  PPS: 42601  Crystal: +31284 ns  Interp: -296 ns
      | Regression: a1=-0.025 ppb  sigma=9.0 ns
      | TX latency: mean=+251021 ns std=1262 ns min=+247836 ns max=+254640 ns n=205
------------------------------------------------------------------------
 RX  | Packets: 2051  Seq gaps: 0  Errors: GM=0 RX=0  State: LOCKED
      | Drift: +30999.3 ns/s = +31.0 ppm  sigma=34034 ns
------------------------------------------------------------------------
 JIT | Detrended: mean=+35 ns std=30888 ns min=-62328 ns max=+60803 ns n=2005
      | Offset:    mean=+57295 ns std=31062 ns min=+0 ns max=+121247 ns n=2005
------------------------------------------------------------------------
 CLK | One-way delay: mean=+976588 ns std=923248 ns min=-673261 ns max=+2634869 ns n=2004
      | Sigma: 923.2 us  Mean: +976.6 us (expected ~constant)
========================================================================
 PASS: Jitter sigma = 30.9 us
 PASS: Zero packet loss
 PASS: GM regression sigma = 9.0 ns
 PASS: RX crystal = 31.0 ppm
 PASS: Drift sigma = 34034 ns
 WARN: One-way delay sigma = 923.2 us (unstable — frequency tracking issue?)
 PASS: Sync state = LOCKED
========================================================================
[2J[H========================================================================
 LTSP Test Harness v0.4  |  2057s elapsed
========================================================================
 GM  | GPS Lock: YES  PPS: 42601  Crystal: +31284 ns  Interp: -296 ns
      | Regression: a1=-0.025 ppb  sigma=9.0 ns
      | TX latency: mean=+251021 ns std=1262 ns min=+247836 ns max=+254640 ns n=205
------------------------------------------------------------------------
 RX  | Packets: 2056  Seq gaps: 0  Errors: GM=0 RX=0  State: LOCKED
      | Drift: +30943.2 ns/s = +30.9 ppm  sigma=34069 ns
------------------------------------------------------------------------
 JIT | Detrended: mean=+21 ns std=30885 ns min=-62328 ns max=+60803 ns n=2010
      | Offset:    mean=+57273 ns std=31061 ns min=+0 ns max=+121247 ns n=2010
------------------------------------------------------------------------
 CLK | One-way delay: mean=+980584 ns std=925566 ns min=-673261 ns max=+2634869 ns n=2009
      | Sigma: 925.6 us  Mean: +980.6 us (expected ~constant)
========================================================================
 PASS: Jitter sigma = 30.9 us
 PASS: Zero packet loss
 PASS: GM regression sigma = 9.0 ns
 PASS: RX crystal = 30.9 ppm
 PASS: Drift sigma = 34069 ns
 WARN: One-way delay sigma = 925.6 us (unstable — frequency tracking issue?)
 PASS: Sync state = LOCKED
========================================================================
[2J[H========================================================================
 LTSP Test Harness v0.4  |  2062s elapsed
========================================================================
 GM  | GPS Lock: YES  PPS: 42601  Crystal: +31284 ns  Interp: -296 ns
      | Regression: a1=-0.025 ppb  sigma=9.0 ns
      | TX latency: mean=+251015 ns std=1262 ns min=+247836 ns max=+254640 ns n=206
------------------------------------------------------------------------
 RX  | Packets: 2061  Seq gaps: 0  Errors: GM=0 RX=0  State: LOCKED
      | Drift: +31018.4 ns/s = +31.0 ppm  sigma=33604 ns
------------------------------------------------------------------------
 JIT | Detrended: mean=+40 ns std=30885 ns min=-62328 ns max=+60803 ns n=2015
      | Offset:    mean=+57285 ns std=31058 ns min=+0 ns max=+121247 ns n=2015
------------------------------------------------------------------------
 CLK | One-way delay: mean=+984562 ns std=927852 ns min=-673261 ns max=+2634869 ns n=2014
      | Sigma: 927.9 us  Mean: +984.6 us (expected ~constant)
========================================================================
 PASS: Jitter sigma = 30.9 us
 PASS: Zero packet loss
 PASS: GM regression sigma = 9.0 ns
 PASS: RX crystal = 31.0 ppm
 PASS: Drift sigma = 33604 ns
 WARN: One-way delay sigma = 927.9 us (unstable — frequency tracking issue?)
 PASS: Sync state = LOCKED
========================================================================
[2J[H========================================================================
 LTSP Test Harness v0.4  |  2067s elapsed
========================================================================
 GM  | GPS Lock: YES  PPS: 42631  Crystal: +31284 ns  Interp: -284 ns
      | Regression: a1=+0.028 ppb  sigma=9.2 ns
      | TX latency: mean=+251015 ns std=1262 ns min=+247836 ns max=+254640 ns n=206
------------------------------------------------------------------------
 RX  | Packets: 2066  Seq gaps: 0  Errors: GM=0 RX=0  State: LOCKED
      | Drift: +31064.9 ns/s = +31.1 ppm  sigma=32749 ns
------------------------------------------------------------------------
 JIT | Detrended: mean=+44 ns std=30872 ns min=-62328 ns max=+60803 ns n=2020
      | Offset:    mean=+57281 ns std=31044 ns min=+0 ns max=+121247 ns n=2020
------------------------------------------------------------------------
 CLK | One-way delay: mean=+988592 ns std=930227 ns min=-673261 ns max=+2652902 ns n=2019
      | Sigma: 930.2 us  Mean: +988.6 us (expected ~constant)
========================================================================
 PASS: Jitter sigma = 30.9 us
 PASS: Zero packet loss
 PASS: GM regression sigma = 9.2 ns
 PASS: RX crystal = 31.1 ppm
 PASS: Drift sigma = 32749 ns
 WARN: One-way delay sigma = 930.2 us (unstable — frequency tracking issue?)
 PASS: Sync state = LOCKED
========================================================================
[2J[H========================================================================
 LTSP Test Harness v0.4  |  2072s elapsed
========================================================================
 GM  | GPS Lock: YES  PPS: 42631  Crystal: +31284 ns  Interp: -284 ns
      | Regression: a1=+0.028 ppb  sigma=9.2 ns
      | TX latency: mean=+251008 ns std=1263 ns min=+247836 ns max=+254640 ns n=207
------------------------------------------------------------------------
 RX  | Packets: 2071  Seq gaps: 0  Errors: GM=0 RX=0  State: LOCKED
      | Drift: +31079.7 ns/s = +31.1 ppm  sigma=32243 ns
------------------------------------------------------------------------
 JIT | Detrended: mean=+72 ns std=30860 ns min=-62328 ns max=+60803 ns n=2025
      | Offset:    mean=+57301 ns std=31030 ns min=+0 ns max=+121247 ns n=2025
------------------------------------------------------------------------
 CLK | One-way delay: mean=+992538 ns std=932456 ns min=-673261 ns max=+2652902 ns n=2024
      | Sigma: 932.5 us  Mean: +992.5 us (expected ~constant)
========================================================================
 PASS: Jitter sigma = 30.9 us
 PASS: Zero packet loss
 PASS: GM regression sigma = 9.2 ns
 PASS: RX crystal = 31.1 ppm
 PASS: Drift sigma = 32243 ns
 WARN: One-way delay sigma = 932.5 us (unstable — frequency tracking issue?)
 PASS: Sync state = LOCKED
========================================================================
[2J[H========================================================================
 LTSP Test Harness v0.4  |  2077s elapsed
========================================================================
 GM  | GPS Lock: YES  PPS: 42631  Crystal: +31284 ns  Interp: -284 ns
      | Regression: a1=+0.028 ppb  sigma=9.2 ns
      | TX latency: mean=+251008 ns std=1263 ns min=+247836 ns max=+254640 ns n=207
------------------------------------------------------------------------
 RX  | Packets: 2076  Seq gaps: 0  Errors: GM=0 RX=0  State: LOCKED
      | Drift: +31133.5 ns/s = +31.1 ppm  sigma=32039 ns
------------------------------------------------------------------------
 JIT | Detrended: mean=+62 ns std=30864 ns min=-62328 ns max=+60803 ns n=2030
      | Offset:    mean=+57284 ns std=31035 ns min=+0 ns max=+121247 ns n=2030
------------------------------------------------------------------------
 CLK | One-way delay: mean=+996553 ns std=934808 ns min=-673261 ns max=+2665706 ns n=2029
      | Sigma: 934.8 us  Mean: +996.6 us (expected ~constant)
========================================================================
 PASS: Jitter sigma = 30.9 us
 PASS: Zero packet loss
 PASS: GM regression sigma = 9.2 ns
 PASS: RX crystal = 31.1 ppm
 PASS: Drift sigma = 32039 ns
 WARN: One-way delay sigma = 934.8 us (unstable — frequency tracking issue?)
 PASS: Sync state = LOCKED
========================================================================
[2J[H========================================================================
 LTSP Test Harness v0.4  |  2082s elapsed
========================================================================
 GM  | GPS Lock: YES  PPS: 42631  Crystal: +31284 ns  Interp: -284 ns
      | Regression: a1=+0.028 ppb  sigma=9.2 ns
      | TX latency: mean=+251014 ns std=1263 ns min=+247836 ns max=+254640 ns n=208
------------------------------------------------------------------------
 RX  | Packets: 2081  Seq gaps: 0  Errors: GM=0 RX=0  State: LOCKED
      | Drift: +31065.0 ns/s = +31.1 ppm  sigma=32275 ns
------------------------------------------------------------------------
 JIT | Detrended: mean=+35 ns std=30867 ns min=-62328 ns max=+60803 ns n=2035
      | Offset:    mean=+57249 ns std=31041 ns min=+0 ns max=+121247 ns n=2035
------------------------------------------------------------------------
 CLK | One-way delay: mean=+1000550 ns std=937125 ns min=-673261 ns max=+2674108 ns n=2034
      | Sigma: 937.1 us  Mean: +1000.5 us (expected ~constant)
========================================================================
 PASS: Jitter sigma = 30.9 us
 PASS: Zero packet loss
 PASS: GM regression sigma = 9.2 ns
 PASS: RX crystal = 31.1 ppm
 PASS: Drift sigma = 32275 ns
 WARN: One-way delay sigma = 937.1 us (unstable — frequency tracking issue?)
 PASS: Sync state = LOCKED
========================================================================
[RX] # STATS: PDUs=2097 CSV=2096 Gaps=0 Dups=0 Skip=0 d_min=-54165 ns drift=31083.3 ns/s sigma=31869.0 ns state=LOCKED clk_err=+0 ns
[2J[H========================================================================
 LTSP Test Harness v0.4  |  2087s elapsed
========================================================================
 GM  | GPS Lock: YES  PPS: 42631  Crystal: +31284 ns  Interp: -284 ns
      | Regression: a1=+0.028 ppb  sigma=9.2 ns
      | TX latency: mean=+251014 ns std=1263 ns min=+247836 ns max=+254640 ns n=208
------------------------------------------------------------------------
 RX  | Packets: 2086  Seq gaps: 0  Errors: GM=0 RX=0  State: LOCKED
      | Drift: +31025.4 ns/s = +31.0 ppm  sigma=31426 ns
------------------------------------------------------------------------
 JIT | Detrended: mean=+12 ns std=30855 ns min=-62328 ns max=+60803 ns n=2040
      | Offset:    mean=+57219 ns std=31031 ns min=+0 ns max=+121247 ns n=2040
------------------------------------------------------------------------
 CLK | One-way delay: mean=+1004496 ns std=939355 ns min=-673261 ns max=+2674108 ns n=2039
      | Sigma: 939.4 us  Mean: +1004.5 us (expected ~constant)
========================================================================
 PASS: Jitter sigma = 30.9 us
 PASS: Zero packet loss
 PASS: GM regression sigma = 9.2 ns
 PASS: RX crystal = 31.0 ppm
 PASS: Drift sigma = 31426 ns
 WARN: One-way delay sigma = 939.4 us (unstable — frequency tracking issue?)
 PASS: Sync state = LOCKED
========================================================================
[2J[H========================================================================
 LTSP Test Harness v0.4  |  2092s elapsed
========================================================================
 GM  | GPS Lock: YES  PPS: 42631  Crystal: +31284 ns  Interp: -284 ns
      | Regression: a1=+0.028 ppb  sigma=9.2 ns
      | TX latency: mean=+251018 ns std=1261 ns min=+247836 ns max=+254640 ns n=209
------------------------------------------------------------------------
 RX  | Packets: 2091  Seq gaps: 0  Errors: GM=0 RX=0  State: LOCKED
      | Drift: +30913.4 ns/s = +30.9 ppm  sigma=31596 ns
------------------------------------------------------------------------
 JIT | Detrended: mean=-4 ns std=30855 ns min=-62328 ns max=+60803 ns n=2045
      | Offset:    mean=+57196 ns std=31032 ns min=+0 ns max=+121247 ns n=2045
------------------------------------------------------------------------
 CLK | One-way delay: mean=+1008495 ns std=941677 ns min=-673261 ns max=+2689931 ns n=2044
      | Sigma: 941.7 us  Mean: +1008.5 us (expected ~constant)
========================================================================
 PASS: Jitter sigma = 30.9 us
 PASS: Zero packet loss
 PASS: GM regression sigma = 9.2 ns
 PASS: RX crystal = 30.9 ppm
 PASS: Drift sigma = 31596 ns
 WARN: One-way delay sigma = 941.7 us (unstable — frequency tracking issue?)
 PASS: Sync state = LOCKED
========================================================================
[2J[H========================================================================
 LTSP Test Harness v0.4  |  2097s elapsed
========================================================================
 GM  | GPS Lock: YES  PPS: 42661  Crystal: +31272 ns  Interp: +715 ns
      | Regression: a1=-0.034 ppb  sigma=8.4 ns
      | TX latency: mean=+251018 ns std=1261 ns min=+247836 ns max=+254640 ns n=209
------------------------------------------------------------------------
 RX  | Packets: 2096  Seq gaps: 0  Errors: GM=0 RX=0  State: LOCKED
      | Drift: +30911.0 ns/s = +30.9 ppm  sigma=31905 ns
------------------------------------------------------------------------
 JIT | Detrended: mean=+12 ns std=30860 ns min=-62328 ns max=+60803 ns n=2050
      | Offset:    mean=+57204 ns std=31036 ns min=+0 ns max=+121247 ns n=2050
------------------------------------------------------------------------
 CLK | One-way delay: mean=+1012521 ns std=944046 ns min=-673261 ns max=+2700900 ns n=2049
      | Sigma: 944.0 us  Mean: +1012.5 us (expected ~constant)
========================================================================
 PASS: Jitter sigma = 30.9 us
 PASS: Zero packet loss
 PASS: GM regression sigma = 8.4 ns
 PASS: RX crystal = 30.9 ppm
 PASS: Drift sigma = 31905 ns
 WARN: One-way delay sigma = 944.0 us (unstable — frequency tracking issue?)
 PASS: Sync state = LOCKED
========================================================================
[2J[H========================================================================
 LTSP Test Harness v0.4  |  2102s elapsed
========================================================================
 GM  | GPS Lock: YES  PPS: 42661  Crystal: +31272 ns  Interp: +715 ns
      | Regression: a1=-0.034 ppb  sigma=8.4 ns
      | TX latency: mean=+251014 ns std=1259 ns min=+247836 ns max=+254640 ns n=210
------------------------------------------------------------------------
 RX  | Packets: 2101  Seq gaps: 0  Errors: GM=0 RX=0  State: LOCKED
      | Drift: +30828.4 ns/s = +30.8 ppm  sigma=31739 ns
------------------------------------------------------------------------
 JIT | Detrended: mean=-12 ns std=30861 ns min=-62328 ns max=+60803 ns n=2055
      | Offset:    mean=+57172 ns std=31039 ns min=+0 ns max=+121247 ns n=2055
------------------------------------------------------------------------
 CLK | One-way delay: mean=+1016503 ns std=946339 ns min=-673261 ns max=+2700900 ns n=2054
      | Sigma: 946.3 us  Mean: +1016.5 us (expected ~constant)
========================================================================
 PASS: Jitter sigma = 30.9 us
 PASS: Zero packet loss
 PASS: GM regression sigma = 8.4 ns
 PASS: RX crystal = 30.8 ppm
 PASS: Drift sigma = 31739 ns
 WARN: One-way delay sigma = 946.3 us (unstable — frequency tracking issue?)
 PASS: Sync state = LOCKED
========================================================================
[2J[H========================================================================
 LTSP Test Harness v0.4  |  2107s elapsed
========================================================================
 GM  | GPS Lock: YES  PPS: 42661  Crystal: +31272 ns  Interp: +715 ns
      | Regression: a1=-0.034 ppb  sigma=8.4 ns
      | TX latency: mean=+251014 ns std=1259 ns min=+247836 ns max=+254640 ns n=210
------------------------------------------------------------------------
 RX  | Packets: 2106  Seq gaps: 0  Errors: GM=0 RX=0  State: LOCKED
      | Drift: +30786.5 ns/s = +30.8 ppm  sigma=31446 ns
------------------------------------------------------------------------
 JIT | Detrended: mean=+1 ns std=30855 ns min=-62328 ns max=+60803 ns n=2060
      | Offset:    mean=+57178 ns std=31032 ns min=+0 ns max=+121247 ns n=2060
------------------------------------------------------------------------
 CLK | One-way delay: mean=+1020512 ns std=948677 ns min=-673261 ns max=+2700900 ns n=2059
      | Sigma: 948.7 us  Mean: +1020.5 us (expected ~constant)
========================================================================
 PASS: Jitter sigma = 30.9 us
 PASS: Zero packet loss
 PASS: GM regression sigma = 8.4 ns
 PASS: RX crystal = 30.8 ppm
 PASS: Drift sigma = 31446 ns
 WARN: One-way delay sigma = 948.7 us (unstable — frequency tracking issue?)
 PASS: Sync state = LOCKED
========================================================================
[2J[H========================================================================
 LTSP Test Harness v0.4  |  2112s elapsed
========================================================================
 GM  | GPS Lock: YES  PPS: 42661  Crystal: +31272 ns  Interp: +715 ns
      | Regression: a1=-0.034 ppb  sigma=8.4 ns
      | TX latency: mean=+251018 ns std=1257 ns min=+247836 ns max=+254640 ns n=211
------------------------------------------------------------------------
 RX  | Packets: 2111  Seq gaps: 0  Errors: GM=0 RX=0  State: LOCKED
      | Drift: +30947.1 ns/s = +30.9 ppm  sigma=31640 ns
------------------------------------------------------------------------
 JIT | Detrended: mean=+31 ns std=30865 ns min=-62328 ns max=+60803 ns n=2065
      | Offset:    mean=+57201 ns std=31038 ns min=+0 ns max=+121247 ns n=2065
------------------------------------------------------------------------
 CLK | One-way delay: mean=+1024438 ns std=950874 ns min=-673261 ns max=+2703404 ns n=2064
      | Sigma: 950.9 us  Mean: +1024.4 us (expected ~constant)
========================================================================
 PASS: Jitter sigma = 30.9 us
 PASS: Zero packet loss
 PASS: GM regression sigma = 8.4 ns
 PASS: RX crystal = 30.9 ppm
 PASS: Drift sigma = 31640 ns
 WARN: One-way delay sigma = 950.9 us (unstable — frequency tracking issue?)
 PASS: Sync state = LOCKED
========================================================================
[2J[H========================================================================
 LTSP Test Harness v0.4  |  2117s elapsed
========================================================================
 GM  | GPS Lock: YES  PPS: 42661  Crystal: +31272 ns  Interp: +715 ns
      | Regression: a1=-0.034 ppb  sigma=8.4 ns
      | TX latency: mean=+251018 ns std=1257 ns min=+247836 ns max=+254640 ns n=211
------------------------------------------------------------------------
 RX  | Packets: 2116  Seq gaps: 0  Errors: GM=0 RX=0  State: LOCKED
      | Drift: +30962.7 ns/s = +31.0 ppm  sigma=31159 ns
------------------------------------------------------------------------
 JIT | Detrended: mean=+56 ns std=30850 ns min=-62328 ns max=+60803 ns n=2070
      | Offset:    mean=+57218 ns std=31021 ns min=+0 ns max=+121247 ns n=2070
------------------------------------------------------------------------
 CLK | One-way delay: mean=+1028426 ns std=953176 ns min=-673261 ns max=+2718765 ns n=2069
      | Sigma: 953.2 us  Mean: +1028.4 us (expected ~constant)
========================================================================
 PASS: Jitter sigma = 30.9 us
 PASS: Zero packet loss
 PASS: GM regression sigma = 8.4 ns
 PASS: RX crystal = 31.0 ppm
 PASS: Drift sigma = 31159 ns
 WARN: One-way delay sigma = 953.2 us (unstable — frequency tracking issue?)
 PASS: Sync state = LOCKED
========================================================================
[2J[H========================================================================
 LTSP Test Harness v0.4  |  2122s elapsed
========================================================================
 GM  | GPS Lock: YES  PPS: 42661  Crystal: +31272 ns  Interp: +715 ns
      | Regression: a1=-0.034 ppb  sigma=8.4 ns
      | TX latency: mean=+251022 ns std=1255 ns min=+247836 ns max=+254640 ns n=212
------------------------------------------------------------------------
 RX  | Packets: 2121  Seq gaps: 0  Errors: GM=0 RX=0  State: LOCKED
      | Drift: +31062.5 ns/s = +31.1 ppm  sigma=31144 ns
------------------------------------------------------------------------
 JIT | Detrended: mean=+74 ns std=30849 ns min=-62328 ns max=+60803 ns n=2075
      | Offset:    mean=+57229 ns std=31019 ns min=+0 ns max=+121247 ns n=2075
------------------------------------------------------------------------
 CLK | One-way delay: mean=+1032466 ns std=955570 ns min=-673261 ns max=+2745090 ns n=2074
      | Sigma: 955.6 us  Mean: +1032.5 us (expected ~constant)
========================================================================
 PASS: Jitter sigma = 30.8 us
 PASS: Zero packet loss
 PASS: GM regression sigma = 8.4 ns
 PASS: RX crystal = 31.1 ppm
 PASS: Drift sigma = 31144 ns
 WARN: One-way delay sigma = 955.6 us (unstable — frequency tracking issue?)
 PASS: Sync state = LOCKED
========================================================================
[2J[H========================================================================
 LTSP Test Harness v0.4  |  2127s elapsed
========================================================================
 GM  | GPS Lock: YES  PPS: 42691  Crystal: +31272 ns  Interp: -260 ns
      | Regression: a1=+0.022 ppb  sigma=8.0 ns
      | TX latency: mean=+251022 ns std=1255 ns min=+247836 ns max=+254640 ns n=212
------------------------------------------------------------------------
 RX  | Packets: 2126  Seq gaps: 0  Errors: GM=0 RX=0  State: LOCKED
      | Drift: +31166.7 ns/s = +31.2 ppm  sigma=31402 ns
------------------------------------------------------------------------
 JIT | Detrended: mean=+89 ns std=30845 ns min=-62328 ns max=+60803 ns n=2080
      | Offset:    mean=+57237 ns std=31013 ns min=+0 ns max=+121247 ns n=2080
------------------------------------------------------------------------
 CLK | One-way delay: mean=+1036461 ns std=957884 ns min=-673261 ns max=+2752663 ns n=2079
      | Sigma: 957.9 us  Mean: +1036.5 us (expected ~constant)
========================================================================
 PASS: Jitter sigma = 30.8 us
 PASS: Zero packet loss
 PASS: GM regression sigma = 8.0 ns
 PASS: RX crystal = 31.2 ppm
 PASS: Drift sigma = 31402 ns
 WARN: One-way delay sigma = 957.9 us (unstable — frequency tracking issue?)
 PASS: Sync state = LOCKED
========================================================================
[2J[H========================================================================
 LTSP Test Harness v0.4  |  2132s elapsed
========================================================================
 GM  | GPS Lock: YES  PPS: 42691  Crystal: +31272 ns  Interp: -260 ns
      | Regression: a1=+0.022 ppb  sigma=8.0 ns
      | TX latency: mean=+251021 ns std=1253 ns min=+247836 ns max=+254640 ns n=213
------------------------------------------------------------------------
 RX  | Packets: 2131  Seq gaps: 0  Errors: GM=0 RX=0  State: LOCKED
      | Drift: +31241.2 ns/s = +31.2 ppm  sigma=31457 ns
------------------------------------------------------------------------
 JIT | Detrended: mean=+62 ns std=30845 ns min=-62328 ns max=+60803 ns n=2085
      | Offset:    mean=+57204 ns std=31016 ns min=+0 ns max=+121247 ns n=2085
------------------------------------------------------------------------
 CLK | One-way delay: mean=+1040470 ns std=960222 ns min=-673261 ns max=+2754979 ns n=2084
      | Sigma: 960.2 us  Mean: +1040.5 us (expected ~constant)
========================================================================
 PASS: Jitter sigma = 30.8 us
 PASS: Zero packet loss
 PASS: GM regression sigma = 8.0 ns
 PASS: RX crystal = 31.2 ppm
 PASS: Drift sigma = 31457 ns
 WARN: One-way delay sigma = 960.2 us (unstable — frequency tracking issue?)
 PASS: Sync state = LOCKED
========================================================================
[2J[H========================================================================
 LTSP Test Harness v0.4  |  2137s elapsed
========================================================================
 GM  | GPS Lock: YES  PPS: 42691  Crystal: +31272 ns  Interp: -260 ns
      | Regression: a1=+0.022 ppb  sigma=8.0 ns
      | TX latency: mean=+251021 ns std=1253 ns min=+247836 ns max=+254640 ns n=213
------------------------------------------------------------------------
 RX  | Packets: 2136  Seq gaps: 0  Errors: GM=0 RX=0  State: LOCKED
      | Drift: +31362.6 ns/s = +31.4 ppm  sigma=31540 ns
------------------------------------------------------------------------
 JIT | Detrended: mean=+76 ns std=30852 ns min=-62328 ns max=+60803 ns n=2090
      | Offset:    mean=+57210 ns std=31021 ns min=+0 ns max=+121247 ns n=2090
------------------------------------------------------------------------
 CLK | One-way delay: mean=+1044526 ns std=962644 ns min=-673261 ns max=+2777346 ns n=2089
      | Sigma: 962.6 us  Mean: +1044.5 us (expected ~constant)
========================================================================
 PASS: Jitter sigma = 30.9 us
 PASS: Zero packet loss
 PASS: GM regression sigma = 8.0 ns
 PASS: RX crystal = 31.4 ppm
 PASS: Drift sigma = 31540 ns
 WARN: One-way delay sigma = 962.6 us (unstable — frequency tracking issue?)
 PASS: Sync state = LOCKED
========================================================================
[2J[H========================================================================
 LTSP Test Harness v0.4  |  2142s elapsed
========================================================================
 GM  | GPS Lock: YES  PPS: 42691  Crystal: +31272 ns  Interp: -260 ns
      | Regression: a1=+0.022 ppb  sigma=8.0 ns
      | TX latency: mean=+251005 ns std=1271 ns min=+247620 ns max=+254640 ns n=214
------------------------------------------------------------------------
 RX  | Packets: 2141  Seq gaps: 0  Errors: GM=0 RX=0  State: LOCKED
      | Drift: +31134.8 ns/s = +31.1 ppm  sigma=31668 ns
------------------------------------------------------------------------
 JIT | Detrended: mean=+19 ns std=30853 ns min=-62328 ns max=+60803 ns n=2095
      | Offset:    mean=+57142 ns std=31030 ns min=+0 ns max=+121247 ns n=2095
------------------------------------------------------------------------
 CLK | One-way delay: mean=+1048504 ns std=964927 ns min=-673261 ns max=+2777346 ns n=2094
      | Sigma: 964.9 us  Mean: +1048.5 us (expected ~constant)
========================================================================
 PASS: Jitter sigma = 30.9 us
 PASS: Zero packet loss
 PASS: GM regression sigma = 8.0 ns
 PASS: RX crystal = 31.1 ppm
 PASS: Drift sigma = 31668 ns
 WARN: One-way delay sigma = 964.9 us (unstable — frequency tracking issue?)
 PASS: Sync state = LOCKED
========================================================================
[RX] # STATS: PDUs=2157 CSV=2156 Gaps=0 Dups=0 Skip=0 d_min=-54987 ns drift=31037.2 ns/s sigma=31570.0 ns state=LOCKED clk_err=+0 ns
[2J[H========================================================================
 LTSP Test Harness v0.4  |  2147s elapsed
========================================================================
 GM  | GPS Lock: YES  PPS: 42691  Crystal: +31272 ns  Interp: -260 ns
      | Regression: a1=+0.022 ppb  sigma=8.0 ns
      | TX latency: mean=+251005 ns std=1271 ns min=+247620 ns max=+254640 ns n=214
------------------------------------------------------------------------
 RX  | Packets: 2146  Seq gaps: 0  Errors: GM=0 RX=0  State: LOCKED
      | Drift: +31001.0 ns/s = +31.0 ppm  sigma=31782 ns
------------------------------------------------------------------------
 JIT | Detrended: mean=-3 ns std=30844 ns min=-62328 ns max=+60803 ns n=2100
      | Offset:    mean=+57115 ns std=31022 ns min=+0 ns max=+121247 ns n=2100
------------------------------------------------------------------------
 CLK | One-way delay: mean=+1052514 ns std=967267 ns min=-673261 ns max=+2777346 ns n=2099
      | Sigma: 967.3 us  Mean: +1052.5 us (expected ~constant)
========================================================================
 PASS: Jitter sigma = 30.8 us
 PASS: Zero packet loss
 PASS: GM regression sigma = 8.0 ns
 PASS: RX crystal = 31.0 ppm
 PASS: Drift sigma = 31782 ns
 WARN: One-way delay sigma = 967.3 us (unstable — frequency tracking issue?)
 PASS: Sync state = LOCKED
========================================================================
[2J[H========================================================================
 LTSP Test Harness v0.4  |  2152s elapsed
========================================================================
 GM  | GPS Lock: YES  PPS: 42691  Crystal: +31272 ns  Interp: -260 ns
      | Regression: a1=+0.022 ppb  sigma=8.0 ns
      | TX latency: mean=+250997 ns std=1274 ns min=+247620 ns max=+254640 ns n=215
------------------------------------------------------------------------
 RX  | Packets: 2151  Seq gaps: 0  Errors: GM=0 RX=0  State: LOCKED
      | Drift: +30693.3 ns/s = +30.7 ppm  sigma=31551 ns
------------------------------------------------------------------------
 JIT | Detrended: mean=-71 ns std=30844 ns min=-62328 ns max=+60803 ns n=2105
      | Offset:    mean=+57042 ns std=31026 ns min=+0 ns max=+121247 ns n=2105
------------------------------------------------------------------------
 CLK | One-way delay: mean=+1056444 ns std=969468 ns min=-673261 ns max=+2777346 ns n=2104
      | Sigma: 969.5 us  Mean: +1056.4 us (expected ~constant)
========================================================================
 PASS: Jitter sigma = 30.8 us
 PASS: Zero packet loss
 PASS: GM regression sigma = 8.0 ns
 PASS: RX crystal = 30.7 ppm
 PASS: Drift sigma = 31551 ns
 WARN: One-way delay sigma = 969.5 us (unstable — frequency tracking issue?)
 PASS: Sync state = LOCKED
========================================================================
[2J[H========================================================================
 LTSP Test Harness v0.4  |  2157s elapsed
========================================================================
 GM  | GPS Lock: YES  PPS: 42721  Crystal: +31260 ns  Interp: -260 ns
      | Regression: a1=+0.019 ppb  sigma=6.8 ns
      | TX latency: mean=+250997 ns std=1274 ns min=+247620 ns max=+254640 ns n=215
------------------------------------------------------------------------
 RX  | Packets: 2156  Seq gaps: 0  Errors: GM=0 RX=0  State: LOCKED
      | Drift: +30765.1 ns/s = +30.8 ppm  sigma=31784 ns
------------------------------------------------------------------------
 JIT | Detrended: mean=-49 ns std=30853 ns min=-62328 ns max=+60803 ns n=2110
      | Offset:    mean=+57059 ns std=31033 ns min=+0 ns max=+121247 ns n=2110
------------------------------------------------------------------------
 CLK | One-way delay: mean=+1060459 ns std=971818 ns min=-673261 ns max=+2790081 ns n=2109
      | Sigma: 971.8 us  Mean: +1060.5 us (expected ~constant)
========================================================================
 PASS: Jitter sigma = 30.9 us
 PASS: Zero packet loss
 PASS: GM regression sigma = 6.8 ns
 PASS: RX crystal = 30.8 ppm
 PASS: Drift sigma = 31784 ns
 WARN: One-way delay sigma = 971.8 us (unstable — frequency tracking issue?)
 PASS: Sync state = LOCKED
========================================================================
[2J[H========================================================================
 LTSP Test Harness v0.4  |  2162s elapsed
========================================================================
 GM  | GPS Lock: YES  PPS: 42721  Crystal: +31260 ns  Interp: -260 ns
      | Regression: a1=+0.019 ppb  sigma=6.8 ns
      | TX latency: mean=+250984 ns std=1285 ns min=+247620 ns max=+254640 ns n=216
------------------------------------------------------------------------
 RX  | Packets: 2161  Seq gaps: 0  Errors: GM=0 RX=0  State: LOCKED
      | Drift: +30731.3 ns/s = +30.7 ppm  sigma=31959 ns
------------------------------------------------------------------------
 JIT | Detrended: mean=-10 ns std=30871 ns min=-62328 ns max=+60803 ns n=2115
      | Offset:    mean=+57093 ns std=31049 ns min=+0 ns max=+121247 ns n=2115
------------------------------------------------------------------------
 CLK | One-way delay: mean=+1064494 ns std=974200 ns min=-673261 ns max=+2806569 ns n=2114
      | Sigma: 974.2 us  Mean: +1064.5 us (expected ~constant)
========================================================================
 PASS: Jitter sigma = 30.9 us
 PASS: Zero packet loss
 PASS: GM regression sigma = 6.8 ns
 PASS: RX crystal = 30.7 ppm
 PASS: Drift sigma = 31959 ns
 WARN: One-way delay sigma = 974.2 us (unstable — frequency tracking issue?)
 PASS: Sync state = LOCKED
========================================================================
[2J[H========================================================================
 LTSP Test Harness v0.4  |  2167s elapsed
========================================================================
 GM  | GPS Lock: YES  PPS: 42721  Crystal: +31260 ns  Interp: -260 ns
      | Regression: a1=+0.019 ppb  sigma=6.8 ns
      | TX latency: mean=+250984 ns std=1285 ns min=+247620 ns max=+254640 ns n=216
------------------------------------------------------------------------
 RX  | Packets: 2166  Seq gaps: 0  Errors: GM=0 RX=0  State: LOCKED
      | Drift: +30758.9 ns/s = +30.8 ppm  sigma=32856 ns
------------------------------------------------------------------------
 JIT | Detrended: mean=+22 ns std=30893 ns min=-62328 ns max=+60803 ns n=2120
      | Offset:    mean=+57120 ns std=31068 ns min=+0 ns max=+121247 ns n=2120
------------------------------------------------------------------------
 CLK | One-way delay: mean=+1068526 ns std=976580 ns min=-673261 ns max=+2825540 ns n=2119
      | Sigma: 976.6 us  Mean: +1068.5 us (expected ~constant)
========================================================================
 PASS: Jitter sigma = 30.9 us
 PASS: Zero packet loss
 PASS: GM regression sigma = 6.8 ns
 PASS: RX crystal = 30.8 ppm
 PASS: Drift sigma = 32856 ns
 WARN: One-way delay sigma = 976.6 us (unstable — frequency tracking issue?)
 PASS: Sync state = LOCKED
========================================================================
[2J[H========================================================================
 LTSP Test Harness v0.4  |  2172s elapsed
========================================================================
 GM  | GPS Lock: YES  PPS: 42721  Crystal: +31260 ns  Interp: -260 ns
      | Regression: a1=+0.019 ppb  sigma=6.8 ns
      | TX latency: mean=+250975 ns std=1288 ns min=+247620 ns max=+254640 ns n=217
------------------------------------------------------------------------
 RX  | Packets: 2171  Seq gaps: 0  Errors: GM=0 RX=0  State: LOCKED
      | Drift: +30717.6 ns/s = +30.7 ppm  sigma=32872 ns
------------------------------------------------------------------------
 JIT | Detrended: mean=+21 ns std=30897 ns min=-62328 ns max=+60803 ns n=2125
      | Offset:    mean=+57113 ns std=31071 ns min=+0 ns max=+121247 ns n=2125
------------------------------------------------------------------------
 CLK | One-way delay: mean=+1072530 ns std=978908 ns min=-673261 ns max=+2825540 ns n=2124
      | Sigma: 978.9 us  Mean: +1072.5 us (expected ~constant)
========================================================================
 PASS: Jitter sigma = 30.9 us
 PASS: Zero packet loss
 PASS: GM regression sigma = 6.8 ns
 PASS: RX crystal = 30.7 ppm
 PASS: Drift sigma = 32872 ns
 WARN: One-way delay sigma = 978.9 us (unstable — frequency tracking issue?)
 PASS: Sync state = LOCKED
========================================================================
[2J[H========================================================================
 LTSP Test Harness v0.4  |  2177s elapsed
========================================================================
 GM  | GPS Lock: YES  PPS: 42721  Crystal: +31260 ns  Interp: -260 ns
      | Regression: a1=+0.019 ppb  sigma=6.8 ns
      | TX latency: mean=+250975 ns std=1288 ns min=+247620 ns max=+254640 ns n=217
------------------------------------------------------------------------
 RX  | Packets: 2176  Seq gaps: 0  Errors: GM=0 RX=0  State: LOCKED
      | Drift: +30738.8 ns/s = +30.7 ppm  sigma=33173 ns
------------------------------------------------------------------------
 JIT | Detrended: mean=+27 ns std=30888 ns min=-62328 ns max=+60803 ns n=2130
      | Offset:    mean=+57115 ns std=31062 ns min=+0 ns max=+121247 ns n=2130
------------------------------------------------------------------------
 CLK | One-way delay: mean=+1076545 ns std=981256 ns min=-673261 ns max=+2826579 ns n=2129
      | Sigma: 981.3 us  Mean: +1076.5 us (expected ~constant)
========================================================================
 PASS: Jitter sigma = 30.9 us
 PASS: Zero packet loss
 PASS: GM regression sigma = 6.8 ns
 PASS: RX crystal = 30.7 ppm
 PASS: Drift sigma = 33173 ns
 WARN: One-way delay sigma = 981.3 us (unstable — frequency tracking issue?)
 PASS: Sync state = LOCKED
========================================================================
[2J[H========================================================================
 LTSP Test Harness v0.4  |  2182s elapsed
========================================================================
 GM  | GPS Lock: YES  PPS: 42721  Crystal: +31260 ns  Interp: -260 ns
      | Regression: a1=+0.019 ppb  sigma=6.8 ns
      | TX latency: mean=+250978 ns std=1286 ns min=+247620 ns max=+254640 ns n=218
------------------------------------------------------------------------
 RX  | Packets: 2181  Seq gaps: 0  Errors: GM=0 RX=0  State: LOCKED
      | Drift: +30961.0 ns/s = +31.0 ppm  sigma=33242 ns
------------------------------------------------------------------------
 JIT | Detrended: mean=+70 ns std=30888 ns min=-62328 ns max=+60803 ns n=2135
      | Offset:    mean=+57153 ns std=31059 ns min=+0 ns max=+121247 ns n=2135
------------------------------------------------------------------------
 CLK | One-way delay: mean=+1080617 ns std=983702 ns min=-673261 ns max=+2848437 ns n=2134
      | Sigma: 983.7 us  Mean: +1080.6 us (expected ~constant)
========================================================================
 PASS: Jitter sigma = 30.9 us
 PASS: Zero packet loss
 PASS: GM regression sigma = 6.8 ns
 PASS: RX crystal = 31.0 ppm
 PASS: Drift sigma = 33242 ns
 WARN: One-way delay sigma = 983.7 us (unstable — frequency tracking issue?)
 PASS: Sync state = LOCKED
========================================================================
[2J[H========================================================================
 LTSP Test Harness v0.4  |  2187s elapsed
========================================================================
 GM  | GPS Lock: YES  PPS: 42751  Crystal: +31260 ns  Interp: -260 ns
      | Regression: a1=-0.105 ppb  sigma=7.3 ns
      | TX latency: mean=+250978 ns std=1286 ns min=+247620 ns max=+254640 ns n=218
------------------------------------------------------------------------
 RX  | Packets: 2186  Seq gaps: 0  Errors: GM=0 RX=0  State: LOCKED
      | Drift: +31224.6 ns/s = +31.2 ppm  sigma=33081 ns
------------------------------------------------------------------------
 JIT | Detrended: mean=+101 ns std=30886 ns min=-62328 ns max=+60803 ns n=2140
      | Offset:    mean=+57179 ns std=31055 ns min=+0 ns max=+121247 ns n=2140
------------------------------------------------------------------------
 CLK | One-way delay: mean=+1084590 ns std=985977 ns min=-673261 ns max=+2848437 ns n=2139
      | Sigma: 986.0 us  Mean: +1084.6 us (expected ~constant)
========================================================================
 PASS: Jitter sigma = 30.9 us
 PASS: Zero packet loss
 PASS: GM regression sigma = 7.3 ns
 PASS: RX crystal = 31.2 ppm
 PASS: Drift sigma = 33081 ns
 WARN: One-way delay sigma = 986.0 us (unstable — frequency tracking issue?)
 PASS: Sync state = LOCKED
========================================================================
[2J[H========================================================================
 LTSP Test Harness v0.4  |  2192s elapsed
========================================================================
 GM  | GPS Lock: YES  PPS: 42751  Crystal: +31260 ns  Interp: -260 ns
      | Regression: a1=-0.105 ppb  sigma=7.3 ns
      | TX latency: mean=+250970 ns std=1289 ns min=+247620 ns max=+254640 ns n=219
------------------------------------------------------------------------
 RX  | Packets: 2191  Seq gaps: 0  Errors: GM=0 RX=0  State: LOCKED
      | Drift: +31272.1 ns/s = +31.3 ppm  sigma=32892 ns
------------------------------------------------------------------------
 JIT | Detrended: mean=+93 ns std=30880 ns min=-62328 ns max=+60803 ns n=2145
      | Offset:    mean=+57166 ns std=31048 ns min=+0 ns max=+121247 ns n=2145
------------------------------------------------------------------------
 CLK | One-way delay: mean=+1088632 ns std=988371 ns min=-673261 ns max=+2854355 ns n=2144
      | Sigma: 988.4 us  Mean: +1088.6 us (expected ~constant)
========================================================================
 PASS: Jitter sigma = 30.9 us
 PASS: Zero packet loss
 PASS: GM regression sigma = 7.3 ns
 PASS: RX crystal = 31.3 ppm
 PASS: Drift sigma = 32892 ns
 WARN: One-way delay sigma = 988.4 us (unstable — frequency tracking issue?)
 PASS: Sync state = LOCKED
========================================================================
[2J[H========================================================================
 LTSP Test Harness v0.4  |  2197s elapsed
========================================================================
 GM  | GPS Lock: YES  PPS: 42751  Crystal: +31260 ns  Interp: -260 ns
      | Regression: a1=-0.105 ppb  sigma=7.3 ns
      | TX latency: mean=+250970 ns std=1289 ns min=+247620 ns max=+254640 ns n=219
------------------------------------------------------------------------
 RX  | Packets: 2196  Seq gaps: 0  Errors: GM=0 RX=0  State: LOCKED
      | Drift: +31494.7 ns/s = +31.5 ppm  sigma=30964 ns
------------------------------------------------------------------------
 JIT | Detrended: mean=+85 ns std=30866 ns min=-62328 ns max=+60803 ns n=2150
      | Offset:    mean=+57154 ns std=31035 ns min=+0 ns max=+121247 ns n=2150
------------------------------------------------------------------------
 CLK | One-way delay: mean=+1092627 ns std=990682 ns min=-673261 ns max=+2854355 ns n=2149
      | Sigma: 990.7 us  Mean: +1092.6 us (expected ~constant)
========================================================================
 PASS: Jitter sigma = 30.9 us
 PASS: Zero packet loss
 PASS: GM regression sigma = 7.3 ns
 PASS: RX crystal = 31.5 ppm
 PASS: Drift sigma = 30964 ns
 WARN: One-way delay sigma = 990.7 us (unstable — frequency tracking issue?)
 PASS: Sync state = LOCKED
========================================================================
[2J[H========================================================================
 LTSP Test Harness v0.4  |  2202s elapsed
========================================================================
 GM  | GPS Lock: YES  PPS: 42751  Crystal: +31260 ns  Interp: -260 ns
      | Regression: a1=-0.105 ppb  sigma=7.3 ns
      | TX latency: mean=+250966 ns std=1287 ns min=+247620 ns max=+254640 ns n=220
------------------------------------------------------------------------
 RX  | Packets: 2201  Seq gaps: 0  Errors: GM=0 RX=0  State: LOCKED
      | Drift: +31356.3 ns/s = +31.4 ppm  sigma=32004 ns
------------------------------------------------------------------------
 JIT | Detrended: mean=+45 ns std=30876 ns min=-62328 ns max=+60803 ns n=2155
      | Offset:    mean=+57109 ns std=31048 ns min=+0 ns max=+121247 ns n=2155
------------------------------------------------------------------------
 CLK | One-way delay: mean=+1096641 ns std=993027 ns min=-673261 ns max=+2870450 ns n=2154
      | Sigma: 993.0 us  Mean: +1096.6 us (expected ~constant)
========================================================================
 PASS: Jitter sigma = 30.9 us
 PASS: Zero packet loss
 PASS: GM regression sigma = 7.3 ns
 PASS: RX crystal = 31.4 ppm
 PASS: Drift sigma = 32004 ns
 WARN: One-way delay sigma = 993.0 us (unstable — frequency tracking issue?)
 PASS: Sync state = LOCKED
========================================================================
[RX] # STATS: PDUs=2217 CSV=2216 Gaps=0 Dups=0 Skip=0 d_min=-54987 ns drift=31379.8 ns/s sigma=32275.1 ns state=LOCKED clk_err=+0 ns
[2J[H========================================================================
 LTSP Test Harness v0.4  |  2207s elapsed
========================================================================
 GM  | GPS Lock: YES  PPS: 42751  Crystal: +31260 ns  Interp: -260 ns
      | Regression: a1=-0.105 ppb  sigma=7.3 ns
      | TX latency: mean=+250966 ns std=1287 ns min=+247620 ns max=+254640 ns n=220
------------------------------------------------------------------------
 RX  | Packets: 2206  Seq gaps: 0  Errors: GM=0 RX=0  State: LOCKED
      | Drift: +31312.1 ns/s = +31.3 ppm  sigma=32161 ns
------------------------------------------------------------------------
 JIT | Detrended: mean=+27 ns std=30867 ns min=-62328 ns max=+60803 ns n=2160
      | Offset:    mean=+57086 ns std=31040 ns min=+0 ns max=+121247 ns n=2160
------------------------------------------------------------------------
 CLK | One-way delay: mean=+1100663 ns std=995385 ns min=-673261 ns max=+2873580 ns n=2159
      | Sigma: 995.4 us  Mean: +1100.7 us (expected ~constant)
========================================================================
 PASS: Jitter sigma = 30.9 us
 PASS: Zero packet loss
 PASS: GM regression sigma = 7.3 ns
 PASS: RX crystal = 31.3 ppm
 PASS: Drift sigma = 32161 ns
 WARN: One-way delay sigma = 995.4 us (unstable — frequency tracking issue?)
 PASS: Sync state = LOCKED
========================================================================
[2J[H========================================================================
 LTSP Test Harness v0.4  |  2212s elapsed
========================================================================
 GM  | GPS Lock: YES  PPS: 42751  Crystal: +31260 ns  Interp: -260 ns
      | Regression: a1=-0.105 ppb  sigma=7.3 ns
      | TX latency: mean=+250963 ns std=1285 ns min=+247620 ns max=+254640 ns n=221
------------------------------------------------------------------------
 RX  | Packets: 2211  Seq gaps: 0  Errors: GM=0 RX=0  State: LOCKED
      | Drift: +31122.6 ns/s = +31.1 ppm  sigma=31939 ns
------------------------------------------------------------------------
 JIT | Detrended: mean=+41 ns std=30859 ns min=-62328 ns max=+60803 ns n=2165
      | Offset:    mean=+57095 ns std=31031 ns min=+0 ns max=+121247 ns n=2165
------------------------------------------------------------------------
 CLK | One-way delay: mean=+1104617 ns std=997627 ns min=-673261 ns max=+2873580 ns n=2164
      | Sigma: 997.6 us  Mean: +1104.6 us (expected ~constant)
========================================================================
 PASS: Jitter sigma = 30.9 us
 PASS: Zero packet loss
 PASS: GM regression sigma = 7.3 ns
 PASS: RX crystal = 31.1 ppm
 PASS: Drift sigma = 31939 ns
 WARN: One-way delay sigma = 997.6 us (unstable — frequency tracking issue?)
 PASS: Sync state = LOCKED
========================================================================
[2J[H========================================================================
 LTSP Test Harness v0.4  |  2217s elapsed
========================================================================
 GM  | GPS Lock: YES  PPS: 42781  Crystal: +31272 ns  Interp: -260 ns
      | Regression: a1=-0.048 ppb  sigma=7.1 ns
      | TX latency: mean=+250963 ns std=1285 ns min=+247620 ns max=+254640 ns n=221
------------------------------------------------------------------------
 RX  | Packets: 2216  Seq gaps: 0  Errors: GM=0 RX=0  State: LOCKED
      | Drift: +31162.0 ns/s = +31.2 ppm  sigma=31774 ns
------------------------------------------------------------------------
 JIT | Detrended: mean=+49 ns std=30860 ns min=-62328 ns max=+60803 ns n=2170
      | Offset:    mean=+57099 ns std=31031 ns min=+0 ns max=+121247 ns n=2170
------------------------------------------------------------------------
 CLK | One-way delay: mean=+1108610 ns std=999935 ns min=-673261 ns max=+2897254 ns n=2169
      | Sigma: 999.9 us  Mean: +1108.6 us (expected ~constant)
========================================================================
 PASS: Jitter sigma = 30.9 us
 PASS: Zero packet loss
 PASS: GM regression sigma = 7.1 ns
 PASS: RX crystal = 31.2 ppm
 PASS: Drift sigma = 31774 ns
 WARN: One-way delay sigma = 999.9 us (unstable — frequency tracking issue?)
 PASS: Sync state = LOCKED
========================================================================
[2J[H========================================================================
 LTSP Test Harness v0.4  |  2222s elapsed
========================================================================
 GM  | GPS Lock: YES  PPS: 42781  Crystal: +31272 ns  Interp: -260 ns
      | Regression: a1=-0.048 ppb  sigma=7.1 ns
      | TX latency: mean=+250968 ns std=1284 ns min=+247620 ns max=+254640 ns n=222
------------------------------------------------------------------------
 RX  | Packets: 2221  Seq gaps: 0  Errors: GM=0 RX=0  State: LOCKED
      | Drift: +31025.4 ns/s = +31.0 ppm  sigma=31692 ns
------------------------------------------------------------------------
 JIT | Detrended: mean=+6 ns std=30866 ns min=-62328 ns max=+60803 ns n=2175
      | Offset:    mean=+57050 ns std=31040 ns min=+0 ns max=+121247 ns n=2175
------------------------------------------------------------------------
 CLK | One-way delay: mean=+1112575 ns std=1002195 ns min=-673261 ns max=+2897254 ns n=2174
      | Sigma: 1002.2 us  Mean: +1112.6 us (expected ~constant)
========================================================================
 PASS: Jitter sigma = 30.9 us
 PASS: Zero packet loss
 PASS: GM regression sigma = 7.1 ns
 PASS: RX crystal = 31.0 ppm
 PASS: Drift sigma = 31692 ns
 WARN: One-way delay sigma = 1002.2 us (unstable — frequency tracking issue?)
 PASS: Sync state = LOCKED
========================================================================
[2J[H========================================================================
 LTSP Test Harness v0.4  |  2227s elapsed
========================================================================
 GM  | GPS Lock: YES  PPS: 42781  Crystal: +31272 ns  Interp: -260 ns
      | Regression: a1=-0.048 ppb  sigma=7.1 ns
      | TX latency: mean=+250968 ns std=1284 ns min=+247620 ns max=+254640 ns n=222
------------------------------------------------------------------------
 RX  | Packets: 2226  Seq gaps: 0  Errors: GM=0 RX=0  State: LOCKED
      | Drift: +31035.7 ns/s = +31.0 ppm  sigma=30910 ns
------------------------------------------------------------------------
 JIT | Detrended: mean=+7 ns std=30861 ns min=-62328 ns max=+60803 ns n=2180
      | Offset:    mean=+57047 ns std=31034 ns min=+0 ns max=+121247 ns n=2180
------------------------------------------------------------------------
 CLK | One-way delay: mean=+1116597 ns std=1004554 ns min=-673261 ns max=+2906610 ns n=2179
      | Sigma: 1004.6 us  Mean: +1116.6 us (expected ~constant)
========================================================================
 PASS: Jitter sigma = 30.9 us
 PASS: Zero packet loss
 PASS: GM regression sigma = 7.1 ns
 PASS: RX crystal = 31.0 ppm
 PASS: Drift sigma = 30910 ns
 WARN: One-way delay sigma = 1004.6 us (unstable — frequency tracking issue?)
 PASS: Sync state = LOCKED
========================================================================
[2J[H========================================================================
 LTSP Test Harness v0.4  |  2232s elapsed
========================================================================
 GM  | GPS Lock: YES  PPS: 42781  Crystal: +31272 ns  Interp: -260 ns
      | Regression: a1=-0.048 ppb  sigma=7.1 ns
      | TX latency: mean=+250964 ns std=1283 ns min=+247620 ns max=+254640 ns n=223
------------------------------------------------------------------------
 RX  | Packets: 2231  Seq gaps: 0  Errors: GM=0 RX=0  State: LOCKED
      | Drift: +30988.6 ns/s = +31.0 ppm  sigma=30928 ns
------------------------------------------------------------------------
 JIT | Detrended: mean=+26 ns std=30872 ns min=-62328 ns max=+60803 ns n=2185
      | Offset:    mean=+57061 ns std=31043 ns min=+0 ns max=+121247 ns n=2185
------------------------------------------------------------------------
 CLK | One-way delay: mean=+1120642 ns std=1006953 ns min=-673261 ns max=+2929115 ns n=2184
      | Sigma: 1007.0 us  Mean: +1120.6 us (expected ~constant)
========================================================================
 PASS: Jitter sigma = 30.9 us
 PASS: Zero packet loss
 PASS: GM regression sigma = 7.1 ns
 PASS: RX crystal = 31.0 ppm
 PASS: Drift sigma = 30928 ns
 WARN: One-way delay sigma = 1007.0 us (unstable — frequency tracking issue?)
 PASS: Sync state = LOCKED
========================================================================
[2J[H========================================================================
 LTSP Test Harness v0.4  |  2237s elapsed
========================================================================
 GM  | GPS Lock: YES  PPS: 42781  Crystal: +31272 ns  Interp: -260 ns
      | Regression: a1=-0.048 ppb  sigma=7.1 ns
      | TX latency: mean=+250964 ns std=1283 ns min=+247620 ns max=+254640 ns n=223
------------------------------------------------------------------------
 RX  | Packets: 2236  Seq gaps: 0  Errors: GM=0 RX=0  State: LOCKED
      | Drift: +30851.7 ns/s = +30.9 ppm  sigma=30655 ns
------------------------------------------------------------------------
 JIT | Detrended: mean=+27 ns std=30865 ns min=-62328 ns max=+60803 ns n=2190
      | Offset:    mean=+57058 ns std=31037 ns min=+0 ns max=+121247 ns n=2190
------------------------------------------------------------------------
 CLK | One-way delay: mean=+1124665 ns std=1009312 ns min=-673261 ns max=+2929115 ns n=2189
      | Sigma: 1009.3 us  Mean: +1124.7 us (expected ~constant)
========================================================================
 PASS: Jitter sigma = 30.9 us
 PASS: Zero packet loss
 PASS: GM regression sigma = 7.1 ns
 PASS: RX crystal = 30.9 ppm
 PASS: Drift sigma = 30655 ns
 WARN: One-way delay sigma = 1009.3 us (unstable — frequency tracking issue?)
 PASS: Sync state = LOCKED
========================================================================
[RX] Serial connection lost, retrying...
[2J[H========================================================================
 LTSP Test Harness v0.4  |  2242s elapsed
========================================================================
 GM  | GPS Lock: YES  PPS: 42781  Crystal: +31272 ns  Interp: -260 ns
      | Regression: a1=-0.048 ppb  sigma=7.1 ns
      | TX latency: mean=+250958 ns std=1283 ns min=+247620 ns max=+254640 ns n=224
------------------------------------------------------------------------
 RX  | Packets: 2239  Seq gaps: 0  Errors: GM=0 RX=0  State: LOCKED
      | Drift: +31003.3 ns/s = +31.0 ppm  sigma=30988 ns
------------------------------------------------------------------------
 JIT | Detrended: mean=+41 ns std=30868 ns min=-62328 ns max=+60803 ns n=2193
      | Offset:    mean=+57068 ns std=31038 ns min=+0 ns max=+121247 ns n=2193
------------------------------------------------------------------------
 CLK | One-way delay: mean=+1127094 ns std=1010755 ns min=-673261 ns max=+2936753 ns n=2192
      | Sigma: 1010.8 us  Mean: +1127.1 us (expected ~constant)
========================================================================
 PASS: Jitter sigma = 30.9 us
 PASS: Zero packet loss
 PASS: GM regression sigma = 7.1 ns
 PASS: RX crystal = 31.0 ppm
 PASS: Drift sigma = 30988 ns
 WARN: One-way delay sigma = 1010.8 us (unstable — frequency tracking issue?)
 PASS: Sync state = LOCKED
========================================================================
[RX] Serial connection lost, retrying...
[RX] # seq,d_total_ns,d_detrended_ns,offset_ns,drift_ns_per_s,drift_sigma_ns,gm_sigma_ns,gm_a1_ppb,1pps_interval_ticks,clock_error_ns,sync_state,scale_factor,clock_ns
[RX] # Link UP
[2J[H========================================================================
 LTSP Test Harness v0.4  |  2247s elapsed
========================================================================
 GM  | GPS Lock: YES  PPS: 42811  Crystal: +31272 ns  Interp: +727 ns
      | Regression: a1=+0.112 ppb  sigma=8.5 ns
      | TX latency: mean=+250958 ns std=1283 ns min=+247620 ns max=+254640 ns n=224
------------------------------------------------------------------------
 RX  | Packets: 2239  Seq gaps: 0  Errors: GM=0 RX=0  State: LOCKED
      | Drift: +31003.3 ns/s = +31.0 ppm  sigma=30988 ns
------------------------------------------------------------------------
 JIT | Detrended: mean=+41 ns std=30868 ns min=-62328 ns max=+60803 ns n=2193
      | Offset:    mean=+57068 ns std=31038 ns min=+0 ns max=+121247 ns n=2193
------------------------------------------------------------------------
 CLK | One-way delay: mean=+1127094 ns std=1010755 ns min=-673261 ns max=+2936753 ns n=2192
      | Sigma: 1010.8 us  Mean: +1127.1 us (expected ~constant)
========================================================================
 PASS: Jitter sigma = 30.9 us
 PASS: Zero packet loss
 PASS: GM regression sigma = 8.5 ns
 PASS: RX crystal = 31.0 ppm
 PASS: Drift sigma = 30988 ns
 WARN: One-way delay sigma = 1010.8 us (unstable — frequency tracking issue?)
 PASS: Sync state = LOCKED
========================================================================
[RX] # STATE: INIT → ACQUIRING (3 packets)
[2J[H========================================================================
 LTSP Test Harness v0.4  |  2252s elapsed
========================================================================
 GM  | GPS Lock: YES  PPS: 42811  Crystal: +31272 ns  Interp: +727 ns
      | Regression: a1=+0.112 ppb  sigma=8.5 ns
      | TX latency: mean=+250963 ns std=1283 ns min=+247620 ns max=+254640 ns n=225
------------------------------------------------------------------------
 RX  | Packets: 2244  Seq gaps: 1  Errors: GM=0 RX=0  State: ACQUIRING
      | Drift: -2112198.9 ns/s = -2112.2 ppm  sigma=3900567 ns
------------------------------------------------------------------------
 JIT | Detrended: mean=+40 ns std=30832 ns min=-62328 ns max=+60803 ns n=2198
      | Offset:    mean=+56938 ns std=31122 ns min=+0 ns max=+121247 ns n=2198
------------------------------------------------------------------------
 CLK | One-way delay: mean=+1127094 ns std=1010755 ns min=-673261 ns max=+2936753 ns n=2192
      | Sigma: 1010.8 us  Mean: +1127.1 us (expected ~constant)
========================================================================
 PASS: Jitter sigma = 30.8 us
 WARN: 1 sequence gaps
 PASS: GM regression sigma = 8.5 ns
 WARN: RX crystal = 2112.2 ppm (high)
 WARN: Drift sigma = 3900567 ns (high)
 WARN: One-way delay sigma = 1010.8 us (unstable — frequency tracking issue?)
 INFO: Sync state = ACQUIRING
========================================================================
[2J[H========================================================================
 LTSP Test Harness v0.4  |  2257s elapsed
========================================================================
 GM  | GPS Lock: YES  PPS: 42811  Crystal: +31272 ns  Interp: +727 ns
      | Regression: a1=+0.112 ppb  sigma=8.5 ns
      | TX latency: mean=+250963 ns std=1283 ns min=+247620 ns max=+254640 ns n=225
------------------------------------------------------------------------
 RX  | Packets: 2249  Seq gaps: 1  Errors: GM=0 RX=0  State: ACQUIRING
      | Drift: -548870.2 ns/s = -548.9 ppm  sigma=3064646 ns
------------------------------------------------------------------------
 JIT | Detrended: mean=+40 ns std=30797 ns min=-62328 ns max=+60803 ns n=2203
      | Offset:    mean=+56809 ns std=31204 ns min=+0 ns max=+121247 ns n=2203
------------------------------------------------------------------------
 CLK | One-way delay: mean=+1127094 ns std=1010755 ns min=-673261 ns max=+2936753 ns n=2192
      | Sigma: 1010.8 us  Mean: +1127.1 us (expected ~constant)
========================================================================
 PASS: Jitter sigma = 30.8 us
 WARN: 1 sequence gaps
 PASS: GM regression sigma = 8.5 ns
 WARN: RX crystal = 548.9 ppm (high)
 WARN: Drift sigma = 3064646 ns (high)
 WARN: One-way delay sigma = 1010.8 us (unstable — frequency tracking issue?)
 INFO: Sync state = ACQUIRING
========================================================================
[2J[H========================================================================
 LTSP Test Harness v0.4  |  2262s elapsed
========================================================================
 GM  | GPS Lock: YES  PPS: 42811  Crystal: +31272 ns  Interp: +727 ns
      | Regression: a1=+0.112 ppb  sigma=8.5 ns
      | TX latency: mean=+250969 ns std=1283 ns min=+247620 ns max=+254640 ns n=226
------------------------------------------------------------------------
 RX  | Packets: 2254  Seq gaps: 1  Errors: GM=0 RX=0  State: ACQUIRING
      | Drift: -234573.4 ns/s = -234.6 ppm  sigma=2585475 ns
------------------------------------------------------------------------
 JIT | Detrended: mean=+40 ns std=30762 ns min=-62328 ns max=+60803 ns n=2208
      | Offset:    mean=+56680 ns std=31286 ns min=+0 ns max=+121247 ns n=2208
------------------------------------------------------------------------
 CLK | One-way delay: mean=+1127094 ns std=1010755 ns min=-673261 ns max=+2936753 ns n=2192
      | Sigma: 1010.8 us  Mean: +1127.1 us (expected ~constant)
========================================================================
 PASS: Jitter sigma = 30.8 us
 WARN: 1 sequence gaps
 PASS: GM regression sigma = 8.5 ns
 WARN: RX crystal = 234.6 ppm (high)
 WARN: Drift sigma = 2585475 ns (high)
 WARN: One-way delay sigma = 1010.8 us (unstable — frequency tracking issue?)
 INFO: Sync state = ACQUIRING
========================================================================
[2J[H========================================================================
 LTSP Test Harness v0.4  |  2267s elapsed
========================================================================
 GM  | GPS Lock: YES  PPS: 42811  Crystal: +31272 ns  Interp: +727 ns
      | Regression: a1=+0.112 ppb  sigma=8.5 ns
      | TX latency: mean=+250969 ns std=1283 ns min=+247620 ns max=+254640 ns n=226
------------------------------------------------------------------------
 RX  | Packets: 2255  Seq gaps: 2  Errors: GM=0 RX=0  State: ACQUIRING
      | Drift: -120356.6 ns/s = -120.4 ppm  sigma=2276106 ns
------------------------------------------------------------------------
 JIT | Detrended: mean=+40 ns std=30756 ns min=-62328 ns max=+60803 ns n=2209
      | Offset:    mean=+56655 ns std=31302 ns min=+0 ns max=+121247 ns n=2209
------------------------------------------------------------------------
 CLK | One-way delay: mean=+1127094 ns std=1010755 ns min=-673261 ns max=+2936753 ns n=2192
      | Sigma: 1010.8 us  Mean: +1127.1 us (expected ~constant)
========================================================================
 PASS: Jitter sigma = 30.8 us
 WARN: 2 sequence gaps
 PASS: GM regression sigma = 8.5 ns
 WARN: RX crystal = 120.4 ppm (high)
 WARN: Drift sigma = 2276106 ns (high)
 WARN: One-way delay sigma = 1010.8 us (unstable — frequency tracking issue?)
 INFO: Sync state = ACQUIRING
========================================================================
[RX] Serial connection lost, retrying...
[2J[H========================================================================
 LTSP Test Harness v0.4  |  2272s elapsed
========================================================================
 GM  | GPS Lock: YES  PPS: 42811  Crystal: +31272 ns  Interp: +727 ns
      | Regression: a1=+0.112 ppb  sigma=8.5 ns
      | TX latency: mean=+250969 ns std=1283 ns min=+247620 ns max=+254640 ns n=226
------------------------------------------------------------------------
 RX  | Packets: 2256  Seq gaps: 2  Errors: GM=0 RX=0  State: ACQUIRING
      | Drift: -106944.1 ns/s = -106.9 ppm  sigma=2225796 ns
------------------------------------------------------------------------
 JIT | Detrended: mean=+40 ns std=30749 ns min=-62328 ns max=+60803 ns n=2210
      | Offset:    mean=+56629 ns std=31318 ns min=+0 ns max=+121247 ns n=2210
------------------------------------------------------------------------
 CLK | One-way delay: mean=+1127094 ns std=1010755 ns min=-673261 ns max=+2936753 ns n=2192
      | Sigma: 1010.8 us  Mean: +1127.1 us (expected ~constant)
========================================================================
 PASS: Jitter sigma = 30.7 us
 WARN: 2 sequence gaps
 PASS: GM regression sigma = 8.5 ns
 WARN: RX crystal = 106.9 ppm (high)
 WARN: Drift sigma = 2225796 ns (high)
 WARN: One-way delay sigma = 1010.8 us (unstable — frequency tracking issue?)
 INFO: Sync state = ACQUIRING
========================================================================
[2J[H========================================================================
 LTSP Test Harness v0.4  |  2277s elapsed
========================================================================
 GM  | GPS Lock: YES  PPS: 42811  Crystal: +31272 ns  Interp: +727 ns
      | Regression: a1=+0.112 ppb  sigma=8.5 ns
      | TX latency: mean=+250969 ns std=1283 ns min=+247620 ns max=+254640 ns n=226
------------------------------------------------------------------------
 RX  | Packets: 2256  Seq gaps: 2  Errors: GM=0 RX=0  State: ACQUIRING
      | Drift: -106944.1 ns/s = -106.9 ppm  sigma=2225796 ns
------------------------------------------------------------------------
 JIT | Detrended: mean=+40 ns std=30749 ns min=-62328 ns max=+60803 ns n=2210
      | Offset:    mean=+56629 ns std=31318 ns min=+0 ns max=+121247 ns n=2210
------------------------------------------------------------------------
 CLK | One-way delay: mean=+1127094 ns std=1010755 ns min=-673261 ns max=+2936753 ns n=2192
      | Sigma: 1010.8 us  Mean: +1127.1 us (expected ~constant)
========================================================================
 PASS: Jitter sigma = 30.7 us
 WARN: 2 sequence gaps
 PASS: GM regression sigma = 8.5 ns
 WARN: RX crystal = 106.9 ppm (high)
 WARN: Drift sigma = 2225796 ns (high)
 WARN: One-way delay sigma = 1010.8 us (unstable — frequency tracking issue?)
 INFO: Sync state = ACQUIRING
========================================================================
[2J[H========================================================================
 LTSP Test Harness v0.4  |  2282s elapsed
========================================================================
 GM  | GPS Lock: YES  PPS: 42811  Crystal: +31272 ns  Interp: +727 ns
      | Regression: a1=+0.112 ppb  sigma=8.5 ns
      | TX latency: mean=+250969 ns std=1283 ns min=+247620 ns max=+254640 ns n=226
------------------------------------------------------------------------
 RX  | Packets: 2258  Seq gaps: 3  Errors: GM=0 RX=0  State: ACQUIRING
      | Drift: -18912.8 ns/s = -18.9 ppm  sigma=1757864 ns
------------------------------------------------------------------------
 JIT | Detrended: mean=+40 ns std=30735 ns min=-62328 ns max=+60803 ns n=2212
      | Offset:    mean=+56578 ns std=31350 ns min=+0 ns max=+121247 ns n=2212
------------------------------------------------------------------------
 CLK | One-way delay: mean=+1127094 ns std=1010755 ns min=-673261 ns max=+2936753 ns n=2192
      | Sigma: 1010.8 us  Mean: +1127.1 us (expected ~constant)
========================================================================
 PASS: Jitter sigma = 30.7 us
 WARN: 3 sequence gaps
 PASS: GM regression sigma = 8.5 ns
 PASS: RX crystal = 18.9 ppm
 WARN: Drift sigma = 1757864 ns (high)
 WARN: One-way delay sigma = 1010.8 us (unstable — frequency tracking issue?)
 INFO: Sync state = ACQUIRING
========================================================================
[RX] Serial connection lost, retrying...
[2J[H========================================================================
 LTSP Test Harness v0.4  |  2287s elapsed
========================================================================
 GM  | GPS Lock: YES  PPS: 42811  Crystal: +31272 ns  Interp: +727 ns
      | Regression: a1=+0.112 ppb  sigma=8.5 ns
      | TX latency: mean=+250969 ns std=1283 ns min=+247620 ns max=+254640 ns n=226
------------------------------------------------------------------------
 RX  | Packets: 2258  Seq gaps: 3  Errors: GM=0 RX=0  State: ACQUIRING
      | Drift: -18912.8 ns/s = -18.9 ppm  sigma=1757864 ns
------------------------------------------------------------------------
 JIT | Detrended: mean=+40 ns std=30735 ns min=-62328 ns max=+60803 ns n=2212
      | Offset:    mean=+56578 ns std=31350 ns min=+0 ns max=+121247 ns n=2212
------------------------------------------------------------------------
 CLK | One-way delay: mean=+1127094 ns std=1010755 ns min=-673261 ns max=+2936753 ns n=2192
      | Sigma: 1010.8 us  Mean: +1127.1 us (expected ~constant)
========================================================================
 PASS: Jitter sigma = 30.7 us
 WARN: 3 sequence gaps
 PASS: GM regression sigma = 8.5 ns
 PASS: RX crystal = 18.9 ppm
 WARN: Drift sigma = 1757864 ns (high)
 WARN: One-way delay sigma = 1010.8 us (unstable — frequency tracking issue?)
 INFO: Sync state = ACQUIRING
========================================================================
[2J[H========================================================================
 LTSP Test Harness v0.4  |  2292s elapsed
========================================================================
 GM  | GPS Lock: YES  PPS: 42811  Crystal: +31272 ns  Interp: +727 ns
      | Regression: a1=+0.112 ppb  sigma=8.5 ns
      | TX latency: mean=+250969 ns std=1283 ns min=+247620 ns max=+254640 ns n=226
------------------------------------------------------------------------
 RX  | Packets: 2258  Seq gaps: 3  Errors: GM=0 RX=0  State: ACQUIRING
      | Drift: -18912.8 ns/s = -18.9 ppm  sigma=1757864 ns
------------------------------------------------------------------------
 JIT | Detrended: mean=+40 ns std=30735 ns min=-62328 ns max=+60803 ns n=2212
      | Offset:    mean=+56578 ns std=31350 ns min=+0 ns max=+121247 ns n=2212
------------------------------------------------------------------------
 CLK | One-way delay: mean=+1127094 ns std=1010755 ns min=-673261 ns max=+2936753 ns n=2192
      | Sigma: 1010.8 us  Mean: +1127.1 us (expected ~constant)
========================================================================
 PASS: Jitter sigma = 30.7 us
 WARN: 3 sequence gaps
 PASS: GM regression sigma = 8.5 ns
 PASS: RX crystal = 18.9 ppm
 WARN: Drift sigma = 1757864 ns (high)
 WARN: One-way delay sigma = 1010.8 us (unstable — frequency tracking issue?)
 INFO: Sync state = ACQUIRING
========================================================================
[2J[H========================================================================
 LTSP Test Harness v0.4  |  2297s elapsed
========================================================================
 GM  | GPS Lock: YES  PPS: 42811  Crystal: +31272 ns  Interp: +727 ns
      | Regression: a1=+0.112 ppb  sigma=8.5 ns
      | TX latency: mean=+250969 ns std=1283 ns min=+247620 ns max=+254640 ns n=226
------------------------------------------------------------------------
 RX  | Packets: 2260  Seq gaps: 4  Errors: GM=0 RX=0  State: ACQUIRING
      | Drift: +3295.8 ns/s = +3.3 ppm  sigma=1527508 ns
------------------------------------------------------------------------
 JIT | Detrended: mean=+40 ns std=30721 ns min=-62328 ns max=+60803 ns n=2214
      | Offset:    mean=+56527 ns std=31382 ns min=+0 ns max=+121247 ns n=2214
------------------------------------------------------------------------
 CLK | One-way delay: mean=+1127094 ns std=1010755 ns min=-673261 ns max=+2936753 ns n=2192
      | Sigma: 1010.8 us  Mean: +1127.1 us (expected ~constant)
========================================================================
 PASS: Jitter sigma = 30.7 us
 WARN: 4 sequence gaps
 PASS: GM regression sigma = 8.5 ns
 PASS: RX crystal = 3.3 ppm
 WARN: Drift sigma = 1527508 ns (high)
 WARN: One-way delay sigma = 1010.8 us (unstable — frequency tracking issue?)
 INFO: Sync state = ACQUIRING
========================================================================
[2J[H========================================================================
 LTSP Test Harness v0.4  |  2302s elapsed
========================================================================
 GM  | GPS Lock: YES  PPS: 42811  Crystal: +31272 ns  Interp: +727 ns
      | Regression: a1=+0.112 ppb  sigma=8.5 ns
      | TX latency: mean=+250969 ns std=1283 ns min=+247620 ns max=+254640 ns n=226
------------------------------------------------------------------------
 RX  | Packets: 2263  Seq gaps: 6  Errors: GM=0 RX=0  State: ACQUIRING
      | Drift: +9986.8 ns/s = +10.0 ppm  sigma=1428688 ns
------------------------------------------------------------------------
 JIT | Detrended: mean=+40 ns std=30700 ns min=-62328 ns max=+60803 ns n=2217
      | Offset:    mean=+56450 ns std=31429 ns min=+0 ns max=+121247 ns n=2217
------------------------------------------------------------------------
 CLK | One-way delay: mean=+1127094 ns std=1010755 ns min=-673261 ns max=+2936753 ns n=2192
      | Sigma: 1010.8 us  Mean: +1127.1 us (expected ~constant)
========================================================================
 PASS: Jitter sigma = 30.7 us
 WARN: 6 sequence gaps
 PASS: GM regression sigma = 8.5 ns
 PASS: RX crystal = 10.0 ppm
 WARN: Drift sigma = 1428688 ns (high)
 WARN: One-way delay sigma = 1010.8 us (unstable — frequency tracking issue?)
 INFO: Sync state = ACQUIRING
========================================================================
[RX] Serial connection lost, retrying...
[2J[H========================================================================
 LTSP Test Harness v0.4  |  2307s elapsed
========================================================================
 GM  | GPS Lock: YES  PPS: 42811  Crystal: +31272 ns  Interp: +727 ns
      | Regression: a1=+0.112 ppb  sigma=8.5 ns
      | TX latency: mean=+250969 ns std=1283 ns min=+247620 ns max=+254640 ns n=226
------------------------------------------------------------------------
 RX  | Packets: 2263  Seq gaps: 6  Errors: GM=0 RX=0  State: ACQUIRING
      | Drift: +9986.8 ns/s = +10.0 ppm  sigma=1428688 ns
------------------------------------------------------------------------
 JIT | Detrended: mean=+40 ns std=30700 ns min=-62328 ns max=+60803 ns n=2217
      | Offset:    mean=+56450 ns std=31429 ns min=+0 ns max=+121247 ns n=2217
------------------------------------------------------------------------
 CLK | One-way delay: mean=+1127094 ns std=1010755 ns min=-673261 ns max=+2936753 ns n=2192
      | Sigma: 1010.8 us  Mean: +1127.1 us (expected ~constant)
========================================================================
 PASS: Jitter sigma = 30.7 us
 WARN: 6 sequence gaps
 PASS: GM regression sigma = 8.5 ns
 PASS: RX crystal = 10.0 ppm
 WARN: Drift sigma = 1428688 ns (high)
 WARN: One-way delay sigma = 1010.8 us (unstable — frequency tracking issue?)
 INFO: Sync state = ACQUIRING
========================================================================
[RX] Serial connection lost, retrying...
[2J[H========================================================================
 LTSP Test Harness v0.4  |  2312s elapsed
========================================================================
 GM  | GPS Lock: YES  PPS: 42811  Crystal: +31272 ns  Interp: +727 ns
      | Regression: a1=+0.112 ppb  sigma=8.5 ns
      | TX latency: mean=+250969 ns std=1283 ns min=+247620 ns max=+254640 ns n=226
------------------------------------------------------------------------
 RX  | Packets: 2263  Seq gaps: 6  Errors: GM=0 RX=0  State: ACQUIRING
      | Drift: +9986.8 ns/s = +10.0 ppm  sigma=1428688 ns
------------------------------------------------------------------------
 JIT | Detrended: mean=+40 ns std=30700 ns min=-62328 ns max=+60803 ns n=2217
      | Offset:    mean=+56450 ns std=31429 ns min=+0 ns max=+121247 ns n=2217
------------------------------------------------------------------------
 CLK | One-way delay: mean=+1127094 ns std=1010755 ns min=-673261 ns max=+2936753 ns n=2192
      | Sigma: 1010.8 us  Mean: +1127.1 us (expected ~constant)
========================================================================
 PASS: Jitter sigma = 30.7 us
 WARN: 6 sequence gaps
 PASS: GM regression sigma = 8.5 ns
 PASS: RX crystal = 10.0 ppm
 WARN: Drift sigma = 1428688 ns (high)
 WARN: One-way delay sigma = 1010.8 us (unstable — frequency tracking issue?)
 INFO: Sync state = ACQUIRING
========================================================================
[2J[H========================================================================
 LTSP Test Harness v0.4  |  2317s elapsed
========================================================================
 GM  | GPS Lock: YES  PPS: 42811  Crystal: +31272 ns  Interp: +727 ns
      | Regression: a1=+0.112 ppb  sigma=8.5 ns
      | TX latency: mean=+250969 ns std=1283 ns min=+247620 ns max=+254640 ns n=226
------------------------------------------------------------------------
 RX  | Packets: 2263  Seq gaps: 6  Errors: GM=0 RX=0  State: ACQUIRING
      | Drift: +9986.8 ns/s = +10.0 ppm  sigma=1428688 ns
------------------------------------------------------------------------
 JIT | Detrended: mean=+40 ns std=30700 ns min=-62328 ns max=+60803 ns n=2217
      | Offset:    mean=+56450 ns std=31429 ns min=+0 ns max=+121247 ns n=2217
------------------------------------------------------------------------
 CLK | One-way delay: mean=+1127094 ns std=1010755 ns min=-673261 ns max=+2936753 ns n=2192
      | Sigma: 1010.8 us  Mean: +1127.1 us (expected ~constant)
========================================================================
 PASS: Jitter sigma = 30.7 us
 WARN: 6 sequence gaps
 PASS: GM regression sigma = 8.5 ns
 PASS: RX crystal = 10.0 ppm
 WARN: Drift sigma = 1428688 ns (high)
 WARN: One-way delay sigma = 1010.8 us (unstable — frequency tracking issue?)
 INFO: Sync state = ACQUIRING
========================================================================
[RX] Serial connection lost, retrying...
[2J[H========================================================================
 LTSP Test Harness v0.4  |  2322s elapsed
========================================================================
 GM  | GPS Lock: YES  PPS: 42811  Crystal: +31272 ns  Interp: +727 ns
      | Regression: a1=+0.112 ppb  sigma=8.5 ns
      | TX latency: mean=+250969 ns std=1283 ns min=+247620 ns max=+254640 ns n=226
------------------------------------------------------------------------
 RX  | Packets: 2264  Seq gaps: 7  Errors: GM=0 RX=0  State: LOCKED
      | Drift: +31470.2 ns/s = +31.5 ppm  sigma=34176 ns
------------------------------------------------------------------------
 JIT | Detrended: mean=+54 ns std=30700 ns min=-62328 ns max=+60803 ns n=2218
      | Offset:    mean=+56464 ns std=31429 ns min=+0 ns max=+121247 ns n=2218
------------------------------------------------------------------------
 CLK | One-way delay: mean=+1126325 ns std=1011167 ns min=-673261 ns max=+2936753 ns n=2193
      | Sigma: 1011.2 us  Mean: +1126.3 us (expected ~constant)
========================================================================
 PASS: Jitter sigma = 30.7 us
 WARN: 7 sequence gaps
 PASS: GM regression sigma = 8.5 ns
 PASS: RX crystal = 31.5 ppm
 PASS: Drift sigma = 34176 ns
 WARN: One-way delay sigma = 1011.2 us (unstable — frequency tracking issue?)
 PASS: Sync state = LOCKED
========================================================================
[2J[H