# seq,elapsed_s,d_total_ns,d_detrended_ns,offset_ns,drift_ns_per_s,drift_sigma_ns,gm_sigma_ns,gm_a1_ppb,clock_error_ns,sync_state
40551,0.731,-40553142216636,0,0,20105.4,96091.7,18.5,0.024,0,ACQUIRING
40552,1.733,-40553142157168,0,0,21920.4,93972.2,18.6,0.036,0,ACQUIRING
40553,2.732,-40553142145987,0,0,22897.9,91149.9,18.8,0.060,0,ACQUIRING
40554,3.732,-40553142122460,0,0,23581.1,88418.8,19.0,0.083,0,ACQUIRING
40555,4.732,-40553142115198,0,0,23774.2,85646.3,19.1,0.090,0,ACQUIRING
40556,5.732,-40553142106408,0,0,23675.8,83100.2,19.1,0.118,0,ACQUIRING
40557,6.732,-40553141988066,0,0,24956.5,82979.4,19.1,0.126,0,ACQUIRING
40558,7.733,-40553141961804,0,0,25921.5,82232.6,19.1,0.133,0,ACQUIRING
40559,8.732,-40553141929566,0,0,26721.2,81319.2,19.0,0.125,0,ACQUIRING
40560,9.732,-40553141963321,0,0,26672.2,79364.5,19.0,0.123,0,ACQUIRING
40561,10.733,-40553141909506,0,0,26905.9,77674.7,18.9,0.121,0,ACQUIRING
40562,11.732,-40553141844680,0,0,27437.9,76770.3,19.0,0.117,0,ACQUIRING
40563,12.732,-40553141886382,0,0,27265.3,75250.5,18.9,0.124,0,ACQUIRING
40564,13.732,-40553141805510,0,0,27553.7,74037.6,19.0,0.137,0,ACQUIRING
40565,14.733,-40553141737435,0,0,28084.1,73769.9,19.0,0.134,0,ACQUIRING
40566,15.733,-40553141741239,0,0,28292.1,72592.8,18.9,0.131,0,ACQUIRING
40567,16.733,-40553141752149,0,0,28208.2,71321.7,19.0,0.121,0,ACQUIRING
40568,17.735,-40553141635327,0,0,28675.6,71357.8,19.1,0.113,0,ACQUIRING
40569,18.733,-40553141626469,0,0,28948.0,70637.7,19.2,0.105,0,ACQUIRING
40570,19.733,-40553141592936,0,0,29198.3,69937.3,19.3,0.097,0,ACQUIRING
40571,20.732,-40553141569921,0,0,29375.8,69085.1,19.3,0.090,0,ACQUIRING
40572,21.733,-40553141539518,0,0,29529.5,68236.4,19.4,0.083,0,ACQUIRING
40573,22.733,-40553141494056,0,0,29730.7,67614.2,19.4,0.070,0,ACQUIRING
40574,23.733,-40553141441011,0,0,30000.5,67404.7,19.3,0.061,0,ACQUIRING
40575,24.733,-40553141497940,0,0,29877.9,66633.9,19.1,0.053,0,ACQUIRING
40576,25.733,-40553141428262,0,0,29926.3,65756.6,19.2,0.040,0,ACQUIRING
40577,26.733,-40553141360855,0,0,30104.9,65321.1,19.2,0.037,0,ACQUIRING
40578,27.735,-40553141398980,0,0,30020.9,64582.8,19.3,0.031,0,ACQUIRING
40579,28.734,-40553141305082,0,0,30160.6,64084.2,19.2,0.028,0,ACQUIRING
40580,29.733,-40553141280008,0,0,30265.5,63489.5,19.2,0.022,0,ACQUIRING
40581,30.734,-40553141269234,0,0,30297.7,62748.6,19.0,0.012,0,ACQUIRING
40582,31.733,-40553141258780,0,0,30268.3,62032.4,18.8,0.002,0,ACQUIRING
40583,32.733,-40553141239918,0,0,30210.9,61396.0,18.8,-0.004,0,ACQUIRING
40584,33.734,-40553141214251,0,0,30148.4,60802.6,18.8,-0.009,0,ACQUIRING
40585,34.733,-40553141172980,0,0,30121.8,60156.1,18.8,-0.011,0,ACQUIRING
40586,35.734,-40553141132959,0,0,30122.6,59512.7,18.8,-0.017,0,ACQUIRING
40587,36.734,-40553141089724,0,0,30154.1,58918.8,19.1,-0.020,0,ACQUIRING
40588,37.734,-40553141024483,0,0,30261.4,58677.3,19.3,-0.028,0,ACQUIRING
40589,38.734,-40553141071017,0,0,30189.7,58260.4,19.5,-0.042,0,ACQUIRING
40590,39.734,-40553140971521,0,0,30271.0,57923.1,19.5,-0.057,0,ACQUIRING
40591,40.734,-40553141005693,0,0,30213.5,57489.5,19.4,-0.072,0,ACQUIRING
40592,41.734,-40553140908026,0,0,30293.4,57203.0,19.7,-0.088,0,ACQUIRING
40593,42.734,-40553140924777,0,0,30276.6,56683.0,19.9,-0.105,0,ACQUIRING
40594,43.734,-40553140921946,0,0,30211.7,56357.7,20.1,-0.123,0,ACQUIRING
40595,44.734,-40553140820868,0,0,30277.6,56062.2,20.3,-0.142,0,ACQUIRING
40596,45.734,-40553140795850,0,0,30328.0,55698.8,20.1,-0.164,0,ACQUIRING
40597,46.736,-40553140764143,27289,0,30375.9,55340.8,20.5,-0.175,0,ACQUIRING
40598,47.737,-40553140735742,11973,0,31012.1,28199.9,20.7,-0.177,171396,ACQUIRING
40599,48.735,-40553140688262,26629,14656,31056.8,28430.4,21.2,-0.163,-583372,ACQUIRING
40600,49.735,-40553140644363,36111,24138,31161.8,28668.3,21.2,-0.167,-573180,ACQUIRING
40601,50.735,-40553140635727,13275,1302,31154.9,28629.7,21.2,-0.174,-591688,ACQUIRING
40602,51.735,-40553140626098,-8353,0,31173.9,28534.0,21.0,-0.164,-610181,LOCKED
40603,52.735,-40553140634475,-44271,0,31069.0,29084.2,20.3,-0.136,-646160,LOCKED
40604,53.735,-40553140594969,-32491,11780,30958.8,29126.2,20.1,-0.118,-638711,LOCKED
40605,54.735,-40553140504726,24455,68726,31033.0,29214.3,19.7,-0.096,-578486,LOCKED
40606,55.735,-40553140500042,-2458,41813,31064.8,29081.7,19.4,-0.070,-602104,LOCKED
40607,56.735,-40553140433398,32210,76481,31055.9,28969.8,19.1,-0.037,-673261,LOCKED
40608,57.735,-40553140448371,-14090,30181,31092.8,28639.3,18.6,0.004,-614548,LOCKED
40609,58.735,-40553140359709,40352,84623,31179.3,29133.2,18.6,-0.027,-551991,LOCKED
40610,59.735,-40553140349261,18526,62797,31202.3,29232.4,18.5,-0.053,-570727,LOCKED
40611,60.736,-40553140369846,-30835,13436,31134.3,29511.2,17.3,-0.068,-622028,LOCKED
40612,61.735,-40553140279143,26240,70511,31213.2,29616.0,17.1,-0.086,-562012,LOCKED
40613,62.735,-40553140325918,-48416,0,31130.1,30336.8,16.4,-0.103,-635903,LOCKED
40614,63.735,-40553140218904,25958,74374,31161.0,30520.1,15.6,-0.116,-559631,LOCKED
40615,64.735,-40553140246842,-29925,18491,31052.8,30484.5,15.2,-0.126,-619078,LOCKED
40616,65.735,-40553140154760,30995,79411,31006.5,29770.9,14.8,-0.134,-553237,LOCKED
40617,66.735,-40553140183885,-28145,20271,31004.6,29789.3,14.3,-0.141,-612361,LOCKED
40618,67.737,-40553140083223,38040,86456,31112.0,30069.1,13.7,-0.139,-541125,LOCKED
40619,68.736,-40553140123220,-31829,16587,31104.1,30151.0,13.5,-0.144,-608166,LOCKED
40620,69.735,-40553140107749,-43149,5267,30963.9,30306.1,13.2,-0.141,-622776,LOCKED
40621,70.736,-40553140032097,2040,50456,30935.9,30208.2,13.0,-0.144,-579674,LOCKED
40622,71.736,-40553139959435,40431,88847,31032.5,30638.4,12.8,-0.146,-640314,LOCKED
40623,72.736,-40553139961389,8814,57230,30950.4,29717.6,12.2,-0.135,-566418,LOCKED
40624,73.736,-40553139986317,-43696,4720,30857.6,30278.3,10.8,-0.123,-621532,LOCKED
40625,74.736,-40553139902855,7469,55885,30915.9,30092.2,10.6,-0.114,-564392,LOCKED
40626,75.737,-40553139843749,33570,81986,30962.7,30421.2,10.4,-0.105,-643132,LOCKED
40627,76.736,-40553139856526,-7908,40508,30864.7,29733.3,10.3,-0.103,-583129,LOCKED
40628,77.737,-40553139779469,34652,83068,30985.6,29740.7,10.2,-0.100,-533126,LOCKED
40629,78.737,-40553139793451,-10172,38244,30995.4,29695.3,10.1,-0.097,-573337,LOCKED
40630,79.736,-40553139801726,-46863,1553,30946.7,30258.9,10.2,-0.091,-610168,LOCKED
40631,80.736,-40553139710702,11995,60411,30986.7,30267.2,10.1,-0.087,-548204,LOCKED
40632,81.736,-40553139730896,-37017,11399,30941.8,30642.8,10.1,-0.084,-599342,LOCKED
40633,82.737,-40553139658250,3536,51952,30992.5,30452.0,10.1,-0.084,-540552,LOCKED
40634,83.736,-40553139672860,-40975,7441,31007.1,30222.7,10.1,-0.082,-593037,LOCKED
40635,84.736,-40553139570687,29449,77865,30994.5,30077.5,10.0,-0.079,-532889,LOCKED
40636,85.736,-40553139612056,-40142,8274,30925.1,30567.4,10.1,-0.081,-597330,LOCKED
40637,86.737,-40553139512217,25713,74129,31032.7,30383.1,10.0,-0.076,-529932,LOCKED
40638,87.737,-40553139525718,-16593,31823,30950.7,30190.7,9.9,-0.071,-569742,LOCKED
40639,88.737,-40553139417496,55728,104144,31101.3,30854.5,9.4,-0.059,-496122,LOCKED
40640,89.736,-40553139405991,32842,81258,31208.3,30939.2,9.3,-0.052,-512941,LOCKED
40641,90.737,-40553139415780,-7988,40428,31213.4,30922.8,9.1,-0.045,-552425,LOCKED
40642,91.736,-40553139339270,35196,83612,31258.6,31264.0,9.0,-0.038,-610944,LOCKED
40643,92.737,-40553139343087,819,49235,31222.9,31131.4,8.8,-0.029,-542181,LOCKED
40644,93.737,-40553139360013,-43312,5104,31097.5,31450.0,8.2,-0.011,-583466,LOCKED
40645,94.737,-40553139253392,30834,79250,31113.9,31592.6,8.2,-0.001,-504494,LOCKED
40646,95.737,-40553139272304,-17510,30906,31060.3,31632.6,7.9,0.011,-556432,LOCKED
40647,96.737,-40553139188227,33277,81693,31114.5,31952.1,7.9,0.014,-607179,LOCKED
40648,97.741,-40553139191017,-1679,46737,31169.0,31641.4,7.9,0.018,-535190,LOCKED
40649,98.738,-40553139207366,-44575,3841,31016.0,31688.9,7.9,0.010,-578758,LOCKED
40650,99.738,-40553139076058,51387,99803,31143.3,32320.0,7.9,0.017,-479535,LOCKED
40651,100.737,-40553139093620,3867,52283,31078.6,31846.0,7.9,0.026,-524411,LOCKED
40652,101.738,-40553139099577,-31781,16635,31063.3,31983.7,8.0,0.002,-558097,LOCKED
40653,102.738,-40553138993747,40998,89414,31092.7,32297.3,7.9,-0.001,-482339,LOCKED
40654,103.737,-40553139004248,1201,49617,31002.4,31493.9,7.9,-0.005,-521342,LOCKED
40655,104.738,-40553138964618,8732,57148,31041.7,31461.1,7.8,-0.027,-508290,LOCKED
40656,105.739,-40553138973793,-29736,18680,31005.3,31695.8,7.9,-0.032,-550831,LOCKED
40657,106.738,-40553138870727,39265,87681,31090.3,32116.7,7.8,-0.039,-476900,LOCKED
40658,107.738,-40553138884235,-5272,43144,31096.1,32103.6,7.8,-0.031,-521435,LOCKED
40659,108.737,-40553138797381,46357,94773,31221.9,32533.0,8.0,-0.028,-567451,LOCKED
40660,109.738,-40553138773916,34708,83124,31355.4,32386.8,8.0,-0.024,-573922,LOCKED
40661,110.738,-40553138786689,-9570,38846,31378.8,32263.8,8.0,-0.017,-512284,LOCKED
40662,111.738,-40553138703223,39673,88089,31452.5,32708.9,8.0,-0.022,-561982,LOCKED
40663,112.738,-40553138706386,5925,54341,31399.9,32353.9,7.9,-0.028,-489781,LOCKED
40664,113.738,-40553138717147,-32877,15539,31289.6,32404.4,8.0,-0.034,-532531,LOCKED
40665,114.738,-40553138626445,23955,72371,31376.5,32380.8,8.2,-0.020,-576282,LOCKED
40666,115.738,-40553138622142,-2968,45448,31374.1,32382.6,8.2,-0.018,-498381,LOCKED
40667,116.738,-40553138624756,-35781,12635,31375.9,32360.5,8.4,-0.007,-528909,LOCKED
40668,117.738,-40553138512313,42615,91031,31436.2,32855.0,8.5,-0.013,-445888,LOCKED
40669,118.738,-40553138515848,5482,53898,31533.4,32155.6,8.5,-0.018,-480852,LOCKED
40670,119.738,-40553138497996,-8751,39665,31575.2,31872.6,8.5,-0.023,-492363,LOCKED
40671,120.738,-40553138502573,-41394,7022,31471.6,32275.5,8.5,-0.027,-524621,LOCKED
40672,121.738,-40553138408455,18575,66991,31572.3,31940.9,8.5,-0.031,-566822,LOCKED
40673,122.738,-40553138398448,-1592,46824,31506.2,31562.7,8.8,-0.041,-482394,LOCKED
40674,123.738,-40553138402131,-35617,12799,31508.3,31537.4,8.8,-0.045,-508885,LOCKED
40675,124.739,-40553138392896,-53414,0,31377.2,32230.7,8.8,-0.049,-535877,LOCKED
40676,125.739,-40553138267466,36797,90211,31504.8,32247.8,9.0,-0.057,-442400,LOCKED
40677,126.739,-40553138260653,12013,65427,31489.3,32164.8,9.3,-0.065,-460884,LOCKED
40678,127.739,-40553138250579,-10368,43046,31554.1,31548.0,9.6,-0.070,-483898,LOCKED
40679,128.739,-40553138238117,-26834,26580,31469.7,31625.6,9.8,-0.078,-496964,LOCKED
40680,129.739,-40553138203640,-20952,32462,31363.2,31291.0,10.0,-0.082,-491565,LOCKED
40681,130.739,-40553138213025,-57722,0,31263.8,32257.6,10.7,-0.092,-536378,LOCKED
40682,131.739,-40553138098388,22635,80357,31374.4,31935.1,10.8,-0.098,-555473,LOCKED
40683,132.739,-40553138070904,17169,74891,31423.3,31987.0,10.9,-0.098,-453405,LOCKED
40684,133.739,-40553138066046,-7310,50412,31332.9,31432.6,10.9,-0.096,-479087,LOCKED
40685,134.739,-40553138056800,-27636,30086,31292.3,31649.9,11.2,-0.096,-500184,LOCKED
40686,135.739,-40553137964927,29747,87469,31400.0,31615.6,11.2,-0.092,-541248,LOCKED
40687,136.739,-40553137941883,20309,78031,31419.4,31710.8,11.2,-0.091,-445471,LOCKED
40688,137.739,-40553137957224,-25947,31775,31437.8,31519.4,11.3,-0.090,-486378,LOCKED
40689,138.739,-40553137960951,-56893,829,31325.2,32437.1,11.3,-0.088,-522999,LOCKED
40690,139.739,-40553137922309,-44703,13019,31160.1,32308.9,11.2,-0.081,-512859,LOCKED
40691,140.739,-40553137806067,37575,95297,31235.3,32701.3,11.2,-0.078,-427293,LOCKED
40692,141.739,-40553137815604,-1510,56212,31154.9,32142.0,11.1,-0.075,-464864,LOCKED
40693,142.740,-40553137823162,-37407,20315,31078.7,32530.7,11.3,-0.071,-502595,LOCKED
40694,143.740,-40553137708093,45336,103058,31064.5,32302.4,11.4,-0.074,-416650,LOCKED
40695,144.739,-40553137714650,6695,64417,31103.5,32246.1,11.4,-0.077,-453672,LOCKED
40696,145.740,-40553137723199,-28961,28761,30955.2,31595.2,11.5,-0.080,-492318,LOCKED
40697,146.740,-40553137612185,47496,105218,31053.1,32226.7,11.6,-0.074,-409493,LOCKED
40698,147.739,-40553137612715,16008,73730,31021.8,31970.2,12.0,-0.065,-439293,LOCKED
40699,148.740,-40553137617894,-20263,37459,31059.0,31589.4,12.1,-0.056,-472670,LOCKED
40700,149.740,-40553137596364,-28659,29063,31051.1,31659.2,12.1,-0.046,-482588,LOCKED
40701,150.740,-40553137487553,46444,104166,31104.3,32207.5,12.4,-0.030,-401332,LOCKED
40702,151.740,-40553137496688,4805,62527,31165.2,31957.5,12.3,-0.018,-440969,LOCKED
40703,152.740,-40553137507243,-34420,23302,31099.8,32295.2,12.3,0.000,-480128,LOCKED
40704,153.740,-40553137397166,43403,101125,31084.2,32051.1,12.6,-0.034,-397340,LOCKED
40705,154.740,-40553137394361,13436,71158,31144.8,31974.4,12.2,-0.016,-426016,LOCKED
40706,155.740,-40553137406685,-27181,30541,31049.9,31977.8,12.1,-0.010,-467467,LOCKED
40707,156.740,-40553137313203,32185,89907,31147.0,32120.7,12.0,-0.003,-509692,LOCKED
40708,157.741,-40553137291997,21062,78784,31170.0,32229.6,11.9,0.007,-415659,LOCKED
40709,158.740,-40553137298307,-13508,44214,31049.4,31397.0,11.7,0.020,-449264,LOCKED
40710,159.740,-40553137277030,-23121,34601,31080.2,31066.8,11.7,0.033,-455635,LOCKED
40711,160.741,-40553137176022,43962,101684,31146.8,31624.8,11.7,0.033,-383598,LOCKED
40712,161.741,-40553137181373,8377,66099,31087.9,31128.7,11.7,0.035,-419919,LOCKED
40713,162.740,-40553137183878,-24583,33139,31097.8,31037.6,11.6,0.034,-452692,LOCKED
40714,163.741,-40553137121459,6640,64362,31091.5,31019.8,11.4,0.033,-501736,LOCKED
40715,164.741,-40553137152209,-51541,6181,30997.4,31798.4,11.4,0.024,-476478,LOCKED
40716,165.741,-40553137039556,29632,87354,30971.8,31483.0,11.4,0.017,-393965,LOCKED
40717,166.741,-40553137028890,7860,65582,31030.8,31305.7,11.2,0.010,-413258,LOCKED
40718,167.740,-40553137032427,-24415,33307,30958.7,31399.3,11.0,0.004,-444788,LOCKED
40719,168.741,-40553137028161,-49025,8697,30938.0,31697.4,10.3,-0.002,-470475,LOCKED
40720,169.741,-40553136998072,-47649,10073,30908.0,32083.8,10.0,-0.005,-470724,LOCKED
40721,170.741,-40553136868658,47973,105695,30969.9,32693.0,9.7,-0.008,-371286,LOCKED
40722,171.742,-40553136866623,16446,74168,31070.0,32301.4,9.7,-0.010,-398176,LOCKED
40723,172.741,-40553136877961,-24601,33121,31044.0,32446.3,9.9,-0.018,-438409,LOCKED
40724,173.741,-40553136864751,-38603,19119,30919.9,32575.1,9.8,-0.019,-454416,LOCKED
40725,174.741,-40553136745284,45897,103619,31042.4,33005.8,9.0,-0.023,-366434,LOCKED
40726,175.741,-40553136767971,-7341,50381,31030.5,33020.7,8.8,-0.026,-415371,LOCKED
40727,176.742,-40553136765180,-32156,25566,30915.7,32999.3,7.8,-0.027,-444788,LOCKED
40728,177.742,-40553136656921,40758,98480,31065.6,32904.1,7.7,-0.026,-363610,LOCKED
40729,178.741,-40553136660470,5254,62976,31100.6,32851.3,7.7,-0.029,-396003,LOCKED
40730,179.742,-40553136624594,9288,67010,31121.5,32873.5,7.8,-0.031,-389804,LOCKED
40731,180.741,-40553136633339,-27506,30216,31016.3,32789.0,7.8,-0.032,-428136,LOCKED
40732,181.742,-40553136542053,29722,87444,31116.3,32827.2,7.8,-0.033,-470694,LOCKED
40733,182.742,-40553136525863,13527,71249,31156.2,32854.8,7.9,-0.036,-381630,LOCKED
40734,183.742,-40553136530801,-20282,37440,31077.6,32801.4,7.9,-0.035,-412835,LOCKED
40735,184.742,-40553136533507,-48923,8799,30906.3,32804.8,7.8,-0.034,-446196,LOCKED
40736,185.742,-40553136415297,34532,92254,31038.0,32676.7,7.9,-0.036,-357451,LOCKED
40737,186.742,-40553136429638,-10822,46900,31054.8,32592.1,8.4,-0.040,-400986,LOCKED
40738,187.743,-40553136431601,-41005,16717,30983.7,33064.3,8.5,-0.041,-435165,LOCKED
40739,188.742,-40553136322446,35399,93121,31011.6,33307.0,9.0,-0.044,-458193,LOCKED
40740,189.742,-40553136294202,31047,88769,31037.8,33501.4,9.1,-0.045,-458724,LOCKED
40741,190.742,-40553136277198,17791,75513,30969.9,32698.9,9.4,-0.052,-371962,LOCKED
40742,191.743,-40553136278321,-14166,43556,30986.8,32595.3,9.7,-0.053,-399208,LOCKED
40743,192.742,-40553136283478,-47754,9968,30940.7,33105.9,9.8,-0.053,-434130,LOCKED
40744,193.743,-40553136170227,32470,90192,30989.2,33391.9,10.2,-0.053,-349933,LOCKED
40745,194.742,-40553136183178,-9866,47856,30926.8,33235.4,10.4,-0.059,-393236,LOCKED
40746,195.743,-40553136191319,-46854,10868,30902.6,33539.8,10.4,-0.058,-427874,LOCKED
40747,196.742,-40553136073652,36454,94176,31011.8,33721.1,10.3,-0.049,-341521,LOCKED
40748,197.744,-40553136082394,-2504,55218,30976.9,33639.8,10.4,-0.047,-383200,LOCKED
40749,198.743,-40553136098976,-45027,12695,30804.2,33412.3,10.2,-0.036,-426361,LOCKED
40750,199.743,-40553136069447,-41594,16128,30642.0,33173.7,10.3,-0.032,-425633,LOCKED
40751,200.743,-40553135959668,34113,91835,30753.9,33252.4,10.1,-0.018,-343936,LOCKED
40752,201.743,-40553135968614,-4979,52743,30732.3,33244.3,9.8,-0.001,-377816,LOCKED
40753,202.743,-40553135968312,-31562,26160,30595.7,32923.9,9.8,0.004,-410838,LOCKED
40754,203.743,-40553135892676,11475,69197,30675.1,32639.6,9.8,0.012,-315347,LOCKED
40755,204.742,-40553135902239,-26871,30851,30626.8,32842.8,9.5,0.041,-358232,LOCKED
40756,205.743,-40553135847921,-1611,56111,30552.3,32371.6,9.4,0.055,-376563,LOCKED
40757,206.743,-40553135848522,-31857,25865,30560.9,32276.7,9.4,0.085,-407785,LOCKED
40758,207.743,-40553135797443,-10837,46885,30554.2,32296.1,9.4,0.085,-318618,LOCKED
40759,208.743,-40553135729578,25706,83428,30549.1,32251.3,9.3,0.099,-348213,LOCKED
40760,209.743,-40553135691121,32717,90439,30538.7,32129.3,9.2,0.129,-336351,LOCKED
40761,210.743,-40553135688861,2881,60603,30610.5,31713.2,9.2,0.132,-361490,LOCKED
40762,211.743,-40553135687620,-24802,32920,30568.9,31891.2,8.3,0.173,-392236,LOCKED
40763,212.743,-40553135569766,59783,117505,30602.0,32437.0,7.7,0.203,-302930,LOCKED
40764,213.743,-40553135570288,25532,83254,30713.3,32213.2,7.7,0.199,-332038,LOCKED
40765,214.743,-40553135566421,-1681,56041,30734.1,32161.5,7.7,0.194,-358265,LOCKED
40766,215.743,-40553135563019,-26171,31551,30638.0,32122.7,7.7,0.189,-385738,LOCKED
40767,216.743,-40553135453521,48220,105942,30777.4,32506.9,7.7,0.185,-302854,LOCKED
40768,217.744,-40553135460675,8766,66488,30837.6,32342.3,7.7,0.182,-338004,LOCKED
40769,218.743,-40553135456637,-16546,41176,30792.0,32394.9,7.7,0.180,-364937,LOCKED
40770,219.743,-40553135420748,-10031,47691,30739.0,32307.2,7.4,0.185,-354000,LOCKED
40771,220.743,-40553135324288,50459,108181,30912.2,32368.0,7.5,0.191,-395382,LOCKED
40772,221.743,-40553135302434,38135,95857,31009.2,32696.4,7.2,0.196,-299849,LOCKED
40773,222.744,-40553135308984,998,58720,30986.8,32643.2,7.0,0.202,-333935,LOCKED
40774,223.743,-40553135303326,-23307,34415,30975.3,32717.4,6.7,0.208,-359242,LOCKED
40775,224.744,-40553135261084,-9769,47953,30879.9,32178.0,6.7,0.213,-341021,LOCKED
40776,225.744,-40553135247666,-26582,31140,30892.3,32055.4,6.8,0.218,-360021,LOCKED
40777,226.744,-40553135129176,56553,114275,31017.5,32900.9,6.7,0.217,-271369,LOCKED
40778,227.744,-40553135130963,22760,80482,31028.1,32968.1,6.8,0.222,-303108,LOCKED
40779,228.744,-40553135132303,-7524,50198,30938.2,32443.8,6.8,0.227,-334449,LOCKED
40780,229.744,-40553135098243,-2518,55204,30849.7,31785.7,6.7,0.228,-329475,LOCKED
40781,230.744,-40553135103785,-37953,19769,30865.9,31556.5,6.7,0.229,-363920,LOCKED
40782,231.744,-40553134999543,32443,90165,30958.4,31743.1,6.6,0.230,-287302,LOCKED
40783,232.744,-40553134999265,2296,60018,30928.4,31634.8,6.8,0.226,-317361,LOCKED
40784,233.744,-40553134995267,-21752,35970,30822.9,31341.2,6.8,0.225,-342468,LOCKED
40785,234.744,-40553134875993,60803,118525,31011.5,31781.9,6.8,0.225,-251147,LOCKED
40786,235.745,-40553134876691,27251,84973,31056.6,31996.0,7.0,0.222,-284017,LOCKED
40787,236.744,-40553134880861,-6493,51229,30994.6,31766.7,7.1,0.219,-315841,LOCKED
40788,237.744,-40553134779214,58449,116171,31177.9,32138.5,7.1,0.221,-242758,LOCKED
40789,238.744,-40553134781744,22576,80298,31246.8,32204.7,7.2,0.219,-274272,LOCKED
40790,239.745,-40553134730656,38883,96605,31355.8,32481.1,7.8,0.215,-253404,LOCKED
40791,240.745,-40553134741674,-2804,54918,31326.7,32429.2,8.2,0.213,-293792,LOCKED
40792,241.745,-40553134748228,-39542,18180,31336.4,32295.4,8.7,0.211,-330265,LOCKED
40793,242.745,-40553134631138,42151,99873,31465.8,32515.5,8.7,0.211,-245927,LOCKED
40794,243.744,-40553134632099,9126,66848,31480.0,32538.8,8.7,0.212,-273697,LOCKED
40795,244.745,-40553134632448,-20061,37661,31383.6,32305.7,8.8,0.213,-305692,LOCKED
40796,245.745,-40553134634579,-51716,6006,31378.3,32391.5,9.1,0.213,-340772,LOCKED
40797,246.745,-40553134518722,30481,88203,31439.7,32649.1,9.4,0.208,-251657,LOCKED
40798,247.745,-40553134519267,-491,57231,31390.7,32435.6,9.4,0.210,-285634,LOCKED
40799,248.745,-40553134515200,-27618,30104,31427.1,31983.8,9.3,0.204,-309523,LOCKED
40800,249.745,-40553134474708,-18933,38789,31477.4,31429.8,9.4,0.207,-297832,LOCKED
40801,250.745,-40553134475521,-49084,7809,31454.0,31760.1,9.6,0.202,-330955,LOCKED
40802,251.745,-40553134363883,28948,85841,31511.6,31998.0,9.8,0.198,-247903,LOCKED
40803,252.745,-40553134347993,13509,70402,31480.1,31764.5,9.8,0.202,-260903,LOCKED
40804,253.745,-40553134343178,-13921,42972,31540.9,31128.8,9.9,0.198,-283701,LOCKED
40805,254.746,-40553134341485,-41155,15738,31481.0,31612.3,9.9,0.191,-313919,LOCKED
40806,255.746,-40553134218841,47876,104769,31506.0,31949.5,10.5,0.205,-219931,LOCKED
40807,256.745,-40553134219233,13209,70102,31620.2,31213.5,11.4,0.154,-250204,LOCKED
40808,257.745,-40553134224734,-22879,34014,31607.5,31295.8,11.6,0.131,-285090,LOCKED
40809,258.746,-40553134212507,-38435,18458,31483.5,31423.7,12.2,0.095,-303653,LOCKED
40810,259.746,-40553134179060,-32838,24055,31359.5,31319.6,12.5,0.063,-298843,LOCKED
40811,260.746,-40553134065377,45042,101935,31503.0,31518.3,12.8,0.034,-213978,LOCKED
40812,261.746,-40553134062750,15099,71992,31530.3,31584.8,13.1,0.005,-244041,LOCKED
40813,262.746,-40553134063692,-15238,41655,31450.6,31386.2,13.2,-0.005,-274484,LOCKED
40814,263.746,-40553133971374,42284,99177,31544.7,31869.7,13.2,-0.021,-318423,LOCKED
40815,264.746,-40553133960759,20880,77773,31533.2,31777.8,13.3,-0.041,-232405,LOCKED
40816,265.746,-40553133964110,-12899,43994,31500.4,31816.2,13.4,-0.057,-264438,LOCKED
40817,266.746,-40553133981850,-56806,87,31332.8,32311.5,13.1,-0.062,-311754,LOCKED
40818,267.746,-40553133863791,28767,85660,31341.5,32386.3,13.1,-0.064,-223617,LOCKED
40819,268.746,-40553133867765,-6527,50366,31351.3,32356.6,13.1,-0.056,-258214,LOCKED
40820,269.746,-40553133850435,-19874,37019,31351.3,32356.9,12.8,-0.058,-269285,LOCKED
40821,270.746,-40553133758829,38041,94934,31403.0,32746.0,12.8,-0.059,-314111,LOCKED
40822,271.746,-40553133748378,17244,74137,31366.6,32422.0,12.8,-0.068,-224258,LOCKED
40823,272.747,-40553133750325,-16574,40319,31419.0,31881.1,12.8,-0.075,-256711,LOCKED
40824,273.747,-40553133757479,-52134,4759,31357.8,32574.2,12.8,-0.081,-295057,LOCKED
40825,274.747,-40553133637205,34756,91649,31399.5,32880.6,12.8,-0.080,-207113,LOCKED
40826,275.747,-40553133638758,2969,59862,31337.2,32465.1,12.7,-0.079,-236417,LOCKED
40827,276.747,-40553133642500,-31259,25634,31347.4,32351.5,12.7,-0.072,-272651,LOCKED
40828,277.747,-40553133534856,42107,99000,31421.4,32852.9,12.7,-0.070,-190144,LOCKED
40829,278.747,-40553133531011,14446,71339,31401.5,32724.2,12.7,-0.063,-217708,LOCKED
40830,279.746,-40553133508322,6115,63008,31372.5,32590.5,12.5,-0.055,-223973,LOCKED
40831,280.747,-40553133522270,-38027,18866,31378.0,32521.0,12.3,-0.047,-268353,LOCKED
40832,281.747,-40553133413228,35956,92849,31499.1,32576.7,12.0,-0.039,-192113,LOCKED
40833,282.747,-40553133413990,3500,60393,31502.8,32579.6,11.7,-0.031,-218717,LOCKED
40834,283.747,-40553133408120,-19788,37105,31420.5,32481.4,11.8,-0.019,-245522,LOCKED
40835,284.747,-40553133366685,-8507,48386,31372.4,32399.9,11.4,-0.013,-226642,LOCKED
40836,285.747,-40553133351845,-22127,34766,31266.0,32115.8,10.9,-0.007,-247595,LOCKED
40837,286.747,-40553133352387,-51935,4958,31254.3,32302.1,10.8,-0.004,-276512,LOCKED
40838,287.747,-40553133296964,-26411,30482,31231.6,32449.0,10.4,0.006,-198679,LOCKED
40839,288.747,-40553133245253,-4909,51984,31189.5,32352.2,9.9,0.014,-231109,LOCKED
40840,289.747,-40553133223817,-13119,43774,31135.5,32311.7,9.7,0.019,-236932,LOCKED
40841,290.747,-40553133175346,5812,62705,31047.3,31410.9,9.5,0.024,-280635,LOCKED
40842,291.748,-40553133184740,-32824,24069,31013.3,31673.4,9.3,0.030,-192957,LOCKED
40843,292.748,-40553133118826,2527,59420,30986.9,31585.3,9.3,0.031,-223905,LOCKED
40844,293.748,-40553133121220,-27324,29569,30858.9,31191.4,9.5,0.034,-252329,LOCKED
40845,294.747,-40553133025488,33821,90714,30985.8,31089.5,9.3,0.041,-293629,LOCKED
40846,295.748,-40553133006063,20454,77347,31040.6,31179.0,9.3,0.042,-199173,LOCKED
40847,296.748,-40553133009013,-11892,45001,30979.5,31064.8,9.3,0.044,-231703,LOCKED
40848,297.747,-40553133018182,-50179,6714,30971.6,31192.1,9.3,0.046,-270014,LOCKED
40849,298.748,-40553132893504,40244,97137,31066.0,31613.5,9.4,0.048,-176112,LOCKED
40850,299.748,-40553132870623,28775,85668,31179.5,31477.0,9.5,0.043,-287278,LOCKED
40851,300.748,-40553132853400,13944,70837,31199.3,31531.8,9.6,0.036,-194858,LOCKED
40852,301.748,-40553132850529,-12111,44782,31107.7,31100.9,9.5,0.029,-218335,LOCKED
40853,302.748,-40553132853908,-44989,11904,31103.6,31162.0,9.5,0.030,-251987,LOCKED
40854,303.748,-40553132728254,45941,102834,31205.0,31739.1,9.3,0.042,-155804,LOCKED
40855,304.748,-40553132739004,4299,61192,31182.5,31658.8,9.3,0.045,-195108,LOCKED
40856,305.748,-40553132743693,-27803,29090,31043.4,31106.4,9.2,0.036,-228571,LOCKED
40857,306.748,-40553132652063,29694,86587,31145.9,31123.1,9.1,0.025,-271767,LOCKED
40858,307.748,-40553132648221,2232,59125,31149.9,31124.6,9.1,0.025,-194076,LOCKED
40859,308.748,-40553132656575,-33952,22941,31043.2,31251.4,9.1,0.024,-226733,LOCKED
40860,309.748,-40553132628466,-33803,23090,30948.0,31463.4,9.1,0.024,-233232,LOCKED
40861,310.748,-40553132531231,32203,89096,30908.1,30877.7,9.0,0.011,-166384,LOCKED
40862,311.749,-40553132539580,-7366,49527,30935.8,30733.8,9.0,-0.017,-201645,LOCKED
40863,312.748,-40553132541943,-38335,18558,30885.1,31145.3,9.1,-0.030,-231919,LOCKED
40864,313.748,-40553132427317,43032,99925,30930.1,31601.0,8.9,-0.046,-149319,LOCKED
40865,314.749,-40553132432030,8450,65343,30863.8,30991.6,8.9,-0.048,-182917,LOCKED
40866,315.749,-40553132439576,-29432,27461,30886.9,30708.0,8.0,-0.092,-216893,LOCKED
40867,316.749,-40553132324145,51087,107980,30999.7,31430.5,7.9,-0.097,-130718,LOCKED
40868,317.750,-40553132349492,-4233,52660,30956.3,31312.0,8.0,-0.103,-188433,LOCKED
40869,318.749,-40553132352429,-34286,22607,30824.6,31167.0,7.9,-0.107,-217529,LOCKED
40870,319.749,-40553132316540,-25913,30980,30705.0,30835.4,7.8,-0.101,-212012,LOCKED
40871,320.749,-40553132203536,51491,108384,30859.9,31219.8,7.7,-0.105,-127159,LOCKED
40872,321.749,-40553132192483,29190,86083,30933.9,31420.8,7.6,-0.110,-143746,LOCKED
40873,322.749,-40553132179841,10754,67647,30923.1,31370.7,7.5,-0.114,-160170,LOCKED
40874,323.749,-40553132186967,-26977,29916,30952.4,31021.7,7.6,-0.118,-198351,LOCKED
40875,324.749,-40553132092285,33516,90409,31055.7,31163.2,7.4,-0.115,-238864,LOCKED
40876,325.749,-40553132128869,-31704,25189,30989.6,31448.6,7.3,-0.120,-184436,LOCKED
40877,326.750,-40553132028927,36703,93596,30955.2,30909.6,7.4,-0.123,-235195,LOCKED
40878,327.749,-40553132012169,20102,76995,31039.9,30792.7,7.4,-0.127,-144927,LOCKED
40879,328.749,-40553132021862,-19151,37742,30999.1,30897.2,7.3,-0.129,-175444,LOCKED
40880,329.749,-40553131998614,-24527,32366,30923.2,30971.4,7.6,-0.122,-182579,LOCKED
40881,330.749,-40553131902281,36900,93793,31057.5,30907.0,7.7,-0.125,-230707,LOCKED
40882,331.749,-40553131895396,11127,68020,31117.7,30783.1,7.6,-0.130,-146972,LOCKED
40883,332.749,-40553131904914,-27328,29565,31056.0,30987.7,7.8,-0.139,-184608,LOCKED
40884,333.749,-40553131807981,37629,94522,31038.5,30734.0,8.0,-0.148,-222399,LOCKED
40885,334.750,-40553131790919,20792,77685,31144.5,30389.5,8.4,-0.154,-134574,LOCKED
40886,335.750,-40553131789681,-8872,48021,31147.4,30380.0,8.4,-0.153,-158408,LOCKED
40887,336.750,-40553131784208,-31500,25393,31050.1,30506.2,8.4,-0.152,-183049,LOCKED
40888,337.751,-40553131679143,38091,94984,31204.2,30193.3,8.4,-0.154,-214828,LOCKED
40889,338.750,-40553131654681,28401,85294,31301.8,30212.6,8.3,-0.150,-114530,LOCKED
40890,339.750,-40553131630607,19078,75971,31373.0,30181.7,8.2,-0.146,-116873,LOCKED
40891,340.750,-40553131636372,-16167,40726,31306.9,30119.3,8.4,-0.139,-154889,LOCKED
40892,341.750,-40553131632677,-42735,14158,31326.8,29781.1,8.3,-0.137,-180101,LOCKED
40893,342.750,-40553131527021,28733,85626,31419.6,29854.8,8.3,-0.134,-209785,LOCKED
40894,343.750,-40553131497627,24924,81817,31465.8,30045.4,7.7,-0.125,-108760,LOCKED
40895,344.750,-40553131451141,36935,93828,31552.2,30415.0,7.8,-0.125,-84243,LOCKED
40896,345.750,-40553131447485,8524,65417,31563.3,30435.6,7.8,-0.126,-112145,LOCKED
40897,346.750,-40553131452056,-24676,32217,31460.1,30266.4,7.9,-0.127,-147814,LOCKED
40898,347.750,-40553131354970,38735,95628,31504.5,30665.8,7.8,-0.121,-189993,LOCKED
40899,348.752,-40553131355572,5957,62850,31527.6,30660.8,7.9,-0.121,-114174,LOCKED
40900,349.750,-40553131339251,-8576,48317,31508.7,30681.5,7.9,-0.121,-124457,LOCKED
40901,350.750,-40553131356840,-54402,2491,31438.5,31498.2,8.0,-0.122,-176043,LOCKED
40902,351.750,-40553131253373,17395,74288,31420.9,31366.3,8.3,-0.121,-100124,LOCKED
40903,352.750,-40553131258956,-18526,38367,31398.6,31457.2,8.7,-0.119,-135530,LOCKED
40904,353.751,-40553131265318,-51684,5209,31258.4,32001.2,8.9,-0.108,-172749,LOCKED
40905,354.750,-40553131150432,28787,85680,31365.6,31937.6,8.9,-0.106,-87294,LOCKED
40906,355.750,-40553131205759,-54931,1962,31310.9,32638.5,8.9,-0.106,-171198,LOCKED
40907,356.750,-40553131084299,33289,90182,31350.3,32917.2,9.0,-0.103,-78258,LOCKED
40908,357.750,-40553131074106,13041,69934,31283.8,32231.1,9.3,-0.097,-100368,LOCKED
40909,358.751,-40553131081409,-25198,31695,31308.7,31967.9,9.4,-0.075,-137519,LOCKED
40910,359.751,-40553131050729,-25241,31652,31322.0,31841.1,9.2,-0.071,-133923,LOCKED
40911,360.751,-40553131052513,-55222,1671,31260.4,32598.3,9.1,-0.066,-163899,LOCKED
40912,361.751,-40553130920879,42512,99405,31319.3,33083.6,9.0,-0.057,-66054,LOCKED
40913,362.751,-40553130924968,8064,64957,31258.6,32590.4,9.0,-0.048,-94809,LOCKED
40914,363.751,-40553130917138,-16000,40893,31316.6,31976.8,9.0,-0.038,-118404,LOCKED
40915,364.751,-40553130921676,-48810,8083,31248.2,32629.3,9.0,-0.042,-155994,LOCKED
40916,365.751,-40553130804635,35485,92378,31262.7,32775.9,9.1,-0.045,-64794,LOCKED
40917,366.751,-40553130809001,-1220,55673,31317.7,32476.8,9.2,-0.046,-105794,LOCKED
40918,367.751,-40553130818319,-39377,17516,31261.4,32899.2,9.1,-0.061,-139247,LOCKED
40919,368.751,-40553130700465,45252,102145,31282.5,33162.9,9.0,-0.061,-52224,LOCKED
40920,369.751,-40553130672599,40351,97244,31288.3,33233.2,8.8,-0.060,-50610,LOCKED
40921,370.751,-40553130664772,14867,71673,31363.0,33080.9,8.7,-0.060,-77942,LOCKED
40922,371.751,-40553130649938,-1236,55570,31344.1,33056.0,8.7,-0.057,-90456,LOCKED
40923,372.753,-40553130650864,-29863,26943,31214.7,32765.0,8.9,-0.046,-122866,LOCKED
40924,373.752,-40553130650021,-57496,0,31175.9,33338.6,8.8,-0.045,-148816,LOCKED
40925,374.752,-40553130524352,34596,92092,31236.3,33667.9,8.8,-0.037,-53686,LOCKED
40926,375.752,-40553130533493,-4149,53347,31162.9,33281.5,8.8,-0.043,-91418,LOCKED
40927,376.752,-40553130535653,-36496,21000,31175.8,33118.3,8.8,-0.042,-122930,LOCKED
40928,377.752,-40553130518209,-46596,10900,31074.8,33684.5,8.8,-0.041,-159998,LOCKED
40929,378.752,-40553130416351,24194,81690,31034.1,33226.6,8.8,-0.040,-66235,LOCKED
40930,379.752,-40553130371059,37451,94947,31020.9,33053.9,8.6,-0.038,-49960,LOCKED
40931,380.752,-40553130397636,-20010,37486,31047.6,32819.0,8.7,-0.042,-79957,LOCKED
40932,381.752,-40553130383379,-34973,22523,31016.0,33080.8,8.9,-0.036,-115571,LOCKED
40933,382.752,-40553130274070,40553,98049,31084.5,33535.4,9.0,-0.040,-42230,LOCKED
40934,383.752,-40553130275450,8841,66337,31032.7,33150.1,9.0,-0.040,-69645,LOCKED
40935,384.752,-40553130265563,-12269,45227,31051.4,33045.5,8.9,-0.037,-89366,LOCKED
40936,385.752,-40553130183668,37518,95014,31040.9,32909.0,9.0,-0.040,-143555,LOCKED
40937,386.752,-40553130157854,29402,86898,31133.9,32994.1,9.0,-0.039,-43030,LOCKED
40938,387.756,-40553130160999,-4959,52537,31146.2,32960.8,9.0,-0.038,-74252,LOCKED
40939,388.752,-40553130165545,-37068,20428,31031.8,33122.4,9.1,-0.041,-107480,LOCKED
40940,389.752,-40553130108261,-8804,48692,30947.5,32712.4,8.6,-0.037,-80413,LOCKED
40941,390.753,-40553130102447,-32500,24996,30931.0,32859.6,8.6,-0.036,-103972,LOCKED
40942,391.753,-40553130001763,34848,92344,30991.2,33198.5,8.7,-0.037,-139229,LOCKED
40943,392.752,-40553129983166,22321,79817,30960.5,32895.1,8.5,-0.040,-45786,LOCKED
40944,393.752,-40553129988083,-13481,44015,30979.3,32782.0,8.4,-0.044,-79813,LOCKED
40945,394.753,-40553129988857,-42675,14821,30924.5,33253.9,8.3,-0.048,-106568,LOCKED
40946,395.753,-40553129867798,45005,102501,30970.2,33712.8,8.2,-0.044,-12557,LOCKED
40947,396.753,-40553129867137,15213,72709,30919.5,33239.3,8.4,-0.043,-45820,LOCKED
40948,397.753,-40553129866901,-15380,42116,30940.6,33095.6,8.4,-0.042,-74643,LOCKED
40949,398.753,-40553129869632,-46606,10890,30898.1,33558.5,8.3,-0.036,-104289,LOCKED
40950,399.753,-40553129761355,28258,85754,30974.6,33712.3,8.1,-0.029,-132640,LOCKED
40951,400.753,-40553129755503,3573,61069,30947.1,33614.2,7.6,-0.015,-54498,LOCKED
40952,401.755,-40553129770676,-38189,19307,30796.5,33388.9,7.9,-0.014,-94184,LOCKED
40953,402.753,-40553129659789,38428,95924,30903.3,33656.3,8.1,-0.013,-12668,LOCKED
40954,403.753,-40553129662543,3664,61160,30951.6,33503.4,8.3,-0.013,-43122,LOCKED
40955,404.753,-40553129615085,17485,74981,31054.5,33118.0,8.8,-0.006,-23727,LOCKED
40956,405.753,-40553129614258,-12490,45006,31062.9,33078.1,8.9,-0.006,-52950,LOCKED
40957,406.753,-40553129613989,-39883,17613,30962.2,33433.5,8.9,-0.005,-80893,LOCKED
40958,407.754,-40553129496132,42424,99920,31117.0,33348.6,8.9,-0.005,5022,LOCKED
40959,408.754,-40553129499714,6593,64089,31161.7,33261.9,8.9,-0.004,-27868,LOCKED
40960,409.754,-40553129474833,106,57602,31171.7,33253.2,8.9,-0.003,-36313,LOCKED
40961,410.753,-40553129484422,-36585,20911,31032.6,33116.8,8.9,0.001,-70151,LOCKED
40962,411.754,-40553129370740,42222,99718,31151.1,33432.3,8.8,-0.009,12487,LOCKED
40963,412.754,-40553129376710,5039,62535,31145.8,33421.3,8.9,-0.003,-22431,LOCKED
40964,413.754,-40553129383650,-29365,28131,31013.7,33074.4,8.7,-0.015,-58092,LOCKED
40965,414.754,-40553129289326,30616,88112,31126.4,33019.8,8.7,-0.014,-99614,LOCKED
40966,415.754,-40553129301111,-9851,47645,31022.5,32359.9,8.6,0.003,-37487,LOCKED
40967,416.754,-40553129312280,-49901,7595,31000.4,32671.7,8.6,0.005,-72943,LOCKED
40968,417.755,-40553129201782,27095,84591,31078.3,32794.2,8.6,0.002,5138,LOCKED
40969,418.754,-40553129210582,-11321,46175,31025.3,32729.6,8.5,-0.017,-32039,LOCKED
40970,419.754,-40553129179675,-9996,47500,30970.9,32633.7,8.3,-0.013,-23151,LOCKED
40971,420.754,-40553129182673,-39255,18241,30804.7,32194.3,8.3,0.002,-64000,LOCKED
40972,421.754,-40553129066205,42057,99553,30948.6,32242.1,8.3,0.001,22501,LOCKED
40973,422.754,-40553129060928,15011,72507,30991.2,32282.0,8.3,0.001,-319,LOCKED
40974,423.755,-40553129062682,-16157,41339,30940.6,32310.4,8.5,0.010,-31217,LOCKED
40975,424.754,-40553129060242,-40098,17398,30783.2,32064.6,8.5,0.001,-56273,LOCKED
40976,425.754,-40553128937583,47353,104849,30921.8,32418.1,8.4,0.009,38041,LOCKED
40977,426.754,-40553128946930,6613,64109,30934.0,32430.6,8.2,0.009,-3791,LOCKED
40978,427.754,-40553128955853,-29760,27736,30812.2,32234.3,8.1,0.008,-42237,LOCKED
40979,428.755,-40553128853614,37506,95002,30954.4,32093.9,8.1,0.007,30010,LOCKED
40980,429.755,-40553128821126,35007,92503,31094.3,31867.8,8.1,0.006,33753,LOCKED
40981,430.754,-40553128835319,-10476,47020,31121.4,31704.7,8.1,0.005,-9587,LOCKED
40982,431.755,-40553128839461,-43134,14362,31065.2,32206.2,8.2,0.010,-44006,LOCKED
40983,432.755,-40553128730225,33481,90977,31085.9,32391.9,8.1,0.010,36219,LOCKED
40984,433.755,-40553128744976,-9810,47686,30977.1,31633.3,8.1,0.009,-6599,LOCKED
40985,434.755,-40553128745522,-39928,17568,30974.5,31666.8,8.1,0.006,-35302,LOCKED
40986,435.755,-40553128624457,46915,104411,31056.0,32301.3,8.1,-0.001,55840,LOCKED
40987,436.755,-40553128633415,7518,65014,31013.1,32024.4,8.2,0.002,17860,LOCKED
40988,437.755,-40553128637118,-23846,33650,30888.0,31534.7,8.2,0.002,-15844,LOCKED
40989,438.755,-40553128543833,35400,92896,30984.0,31791.0,8.2,0.001,-57632,LOCKED
40990,439.755,-40553128603192,-52578,4918,30955.3,32209.3,8.2,0.000,-41964,LOCKED
40991,440.755,-40553128507161,12374,69870,30940.8,32130.9,8.1,-0.003,26528,LOCKED
40992,441.756,-40553128521351,-29349,28147,30822.1,31955.8,7.9,-0.001,-17047,LOCKED
40993,442.755,-40553128416060,40971,98467,30957.8,32057.0,7.9,-0.007,59268,LOCKED
40994,443.755,-40553128432203,-6000,51496,30961.5,32048.5,8.1,-0.010,10555,LOCKED
40995,444.755,-40553128442573,-43833,13663,30862.5,32551.4,8.3,-0.013,-25951,LOCKED
40996,445.756,-40553128326263,37710,95206,30991.6,32587.9,8.1,-0.018,57928,LOCKED
40997,446.756,-40553128338667,-6470,51026,31041.0,32258.9,8.2,-0.017,16717,LOCKED
40998,447.755,-40553128261363,37118,94614,31110.7,32648.3,8.4,-0.019,-39205,LOCKED
40999,448.757,-40553128249724,17550,75046,31086.2,32453.9,8.2,-0.026,45121,LOCKED
41000,449.756,-40553128216086,19025,76521,31107.4,32543.1,8.0,-0.033,50529,LOCKED
41001,450.755,-40553128214215,-8481,49015,31036.4,32272.2,8.1,-0.034,24891,LOCKED
41002,451.757,-40553128218756,-42364,15132,31023.7,32432.2,7.8,-0.042,-11650,LOCKED
41003,452.756,-40553128106507,35547,93043,31127.5,32632.1,7.8,-0.044,71175,LOCKED
41004,453.757,-40553128103868,6916,64412,31122.9,32620.1,7.8,-0.047,45752,LOCKED
41005,454.757,-40553128108002,-25104,32392,31005.6,32302.3,7.8,-0.049,11933,LOCKED
41006,455.756,-40553128034168,15091,72587,31110.0,31799.9,7.6,-0.062,-17783,LOCKED
41007,456.756,-40553128043121,-23935,33561,31098.9,31876.1,7.5,-0.057,61510,LOCKED
41008,457.760,-40553127996636,-7563,49933,31063.0,31844.6,7.5,-0.060,30894,LOCKED
41009,458.757,-40553127911154,45403,102899,31058.7,31778.7,7.5,-0.065,-15421,LOCKED
41010,459.756,-40553127891469,30895,88391,31161.4,31833.4,7.5,-0.070,-26598,LOCKED
41011,460.756,-40553127946294,-51689,5807,31080.2,32589.9,7.5,-0.066,50324,LOCKED
41012,461.757,-40553127905178,-37533,19963,30940.2,32481.2,7.6,-0.061,5274,LOCKED
41013,462.757,-40553127796360,36610,94106,31062.8,32546.3,7.5,-0.048,84046,LOCKED
41014,463.757,-40553127804099,-2153,55343,31064.5,32544.8,7.5,-0.036,48649,LOCKED
41015,464.756,-40553127773228,-2850,54646,31094.0,32437.4,6.9,-0.010,56275,LOCKED
41016,465.757,-40553127772214,-30477,27019,31024.2,32675.8,6.9,0.018,22768,LOCKED
41017,466.757,-40553127755719,-40686,16810,30879.5,32649.3,6.9,0.015,11093,LOCKED
41018,467.757,-40553127639066,40796,98292,31022.6,32649.3,6.9,0.012,97321,LOCKED
41019,468.757,-40553127648404,58,57554,31041.1,32618.3,6.9,0.009,60201,LOCKED
41020,469.757,-40553127622935,-5324,52172,31040.6,32619.1,7.1,0.021,55054,LOCKED
41021,470.757,-40553127535842,48610,106106,31063.7,32930.9,7.1,0.019,8389,LOCKED
41022,471.757,-40553127526681,23422,80918,31186.3,32476.7,7.1,0.016,95288,LOCKED
41023,472.757,-40553127527203,-8194,49302,31195.4,32444.9,6.9,0.012,61229,LOCKED
41024,473.757,-40553127531965,-40476,17020,31082.1,32743.9,7.0,0.021,27111,LOCKED
41025,474.757,-40553127427666,29411,86907,31196.8,32622.2,7.3,0.010,-7309,LOCKED
41026,475.757,-40553127417839,7633,65129,31204.2,32635.3,7.5,-0.000,81338,LOCKED
41027,476.757,-40553127426604,-28708,28788,31073.6,32274.6,7.5,-0.001,45211,LOCKED
41028,477.758,-40553127329332,34070,91566,31185.0,32358.2,7.3,-0.002,6189,LOCKED
41029,478.757,-40553127316258,15164,72660,31198.9,32408.6,7.3,-0.003,94074,LOCKED
41030,479.757,-40553127300593,-95,57401,31185.5,32392.5,7.3,-0.003,80584,LOCKED
41031,480.757,-40553127315150,-41449,16047,31038.8,32373.9,7.2,-0.003,38772,LOCKED
41032,481.757,-40553127208716,30446,87942,31160.2,32209.1,7.2,-0.003,114972,LOCKED
41033,482.757,-40553127205634,1657,59153,31192.3,32130.1,7.3,0.002,87703,LOCKED
41034,483.758,-40553127201002,-22782,34714,31126.0,32214.0,7.4,-0.003,63599,LOCKED
41035,484.757,-40553127099539,45982,103478,31126.7,32224.3,7.4,-0.009,29731,LOCKED
41036,485.758,-40553127084297,26660,84156,31251.3,31861.2,7.4,-0.003,120704,LOCKED
41037,486.757,-40553127081825,-2243,55253,31261.1,31844.8,7.5,-0.008,91586,LOCKED
41038,487.758,-40553127092765,-40492,17004,31134.3,32025.1,7.7,-0.003,49815,LOCKED
41039,488.758,-40553126992701,25402,82898,31241.2,31845.9,7.7,-0.004,15933,LOCKED
41040,489.758,-40553126966022,18145,75641,31343.5,31470.9,7.9,-0.007,14738,LOCKED
41041,490.758,-40553126951204,1577,59073,31343.0,31470.6,8.0,-0.011,100969,LOCKED
41042,491.758,-40553126951594,-26947,30549,31230.1,31271.9,7.9,-0.008,75087,LOCKED
41043,492.758,-40553126942682,-47295,10201,31212.0,31526.8,7.9,-0.008,50605,LOCKED
41044,493.758,-40553126820464,41138,93716,31270.0,31999.1,7.9,-0.008,147243,LOCKED
41045,494.758,-40553126816990,13774,66352,31225.8,31613.4,7.9,-0.009,122469,LOCKED
41046,495.758,-40553126807163,-8749,43829,31295.7,30938.9,7.7,-0.013,103117,LOCKED
41047,496.758,-40553126805091,-35885,16693,31252.8,31281.8,7.7,-0.007,72958,LOCKED
41048,497.758,-40553126798447,-55760,0,31113.0,32019.8,7.7,-0.008,50177,LOCKED
41049,498.758,-40553126676182,31940,87700,31229.5,31970.4,7.7,-0.008,142778,LOCKED
41050,499.758,-40553126672518,5841,61601,31147.6,31174.5,7.9,-0.007,119014,LOCKED
41051,500.758,-40553126678689,-29728,26032,31111.1,31411.5,8.0,-0.008,80446,LOCKED
41052,501.758,-40553126583237,33590,89350,31105.4,31344.4,8.2,-0.008,39754,LOCKED
41053,502.759,-40553126573524,10205,65965,31186.4,30992.1,8.0,-0.015,121150,LOCKED
41054,503.759,-40553126578720,-24193,31567,31129.2,31144.4,7.8,-0.022,90420,LOCKED
41055,504.758,-40553126579001,-50273,5487,30950.8,31109.7,7.5,-0.031,58945,LOCKED
41056,505.758,-40553126455384,38684,94444,31068.7,31310.8,7.7,-0.033,155084,LOCKED
41057,506.758,-40553126490528,-25353,30407,31004.1,31460.5,7.6,-0.026,110740,LOCKED
41058,507.760,-40553126382415,47288,103048,31144.9,31793.9,7.3,-0.037,62132,LOCKED
41059,508.759,-40553126370217,25914,81674,31221.1,31899.4,7.3,-0.039,155163,LOCKED
41060,509.759,-40553126331312,30677,86437,31313.6,32030.1,7.5,-0.040,158732,LOCKED
41061,510.760,-40553126362178,-29297,26463,31254.0,32269.9,7.4,-0.032,131562,LOCKED
41062,511.760,-40553126353083,-46713,9047,31098.6,32391.7,7.4,-0.034,94380,LOCKED
41063,512.759,-40553126237377,34274,90034,31219.5,32383.7,7.4,-0.037,59353,LOCKED
41064,513.758,-40553126221551,17329,73089,31266.9,32442.2,7.6,-0.019,149021,LOCKED
41065,514.759,-40553126216712,-7695,48065,31210.7,32289.8,7.6,-0.021,129460,LOCKED
41066,515.759,-40553126208819,-29539,26221,31187.5,32462.8,7.5,-0.010,104588,LOCKED
41067,516.759,-40553126199769,-47523,8237,31062.4,32940.2,7.6,-0.027,85425,LOCKED
41068,517.760,-40553126072560,45852,101612,31122.3,33485.8,7.7,-0.042,183019,LOCKED
41069,518.759,-40553126071505,13309,69069,31221.9,33010.8,8.2,-0.071,153678,LOCKED
41070,519.759,-40553126050602,1615,57375,31286.8,32658.9,8.1,-0.074,143940,LOCKED
41071,520.759,-40553126063384,-38088,17672,31135.6,32412.9,8.2,-0.074,101390,LOCKED
41072,521.759,-40553125947740,44831,100591,31139.0,32461.5,8.1,-0.059,189225,LOCKED
41073,522.759,-40553125958056,2043,57803,31201.2,32144.0,8.2,-0.055,148466,LOCKED
41074,523.759,-40553125959802,-28791,26969,31145.2,32378.1,8.2,-0.052,114718,LOCKED
41075,524.760,-40553125916968,-15835,39925,31109.3,32443.3,8.2,-0.050,134237,LOCKED
41076,525.760,-40553125899122,-26018,29742,31001.2,32274.4,8.0,-0.049,119538,LOCKED
41077,526.759,-40553125790639,49902,105662,30994.8,32166.6,8.2,-0.037,200889,LOCKED
41078,527.760,-40553125795968,11690,67450,31068.2,31944.1,8.3,-0.044,162808,LOCKED
41079,528.760,-40553125802964,-24402,31358,31011.9,32098.4,8.4,-0.051,126777,LOCKED
41080,529.759,-40553125778836,-28763,26997,30935.7,32273.7,8.7,-0.064,122305,LOCKED
41081,530.760,-40553125672853,41960,97720,31078.5,32332.3,8.7,-0.068,195277,LOCKED
41082,531.760,-40553125687998,-4711,51049,31108.4,32203.3,8.8,-0.072,156226,LOCKED
41083,532.760,-40553125699112,-43597,12163,31017.0,32722.5,8.8,-0.076,114029,LOCKED
41084,533.760,-40553125571457,51140,106900,31025.2,32851.2,8.7,-0.078,213087,LOCKED
41085,534.759,-40553125581227,8825,64585,31085.2,32691.4,8.6,-0.082,171332,LOCKED
41086,535.760,-40553125586158,-25631,30129,31051.2,32865.2,8.5,-0.086,140325,LOCKED
41087,536.760,-40553125486510,41307,97067,31063.9,33018.2,8.6,-0.089,208969,LOCKED
41088,537.760,-40553125488680,6506,62266,31130.1,32756.2,8.9,-0.095,177727,LOCKED
41089,538.760,-40553125495203,-29642,26118,31105.5,32934.4,8.9,-0.097,142268,LOCKED
41090,539.760,-40553125444929,-9799,45961,31088.7,32961.3,9.0,-0.095,160291,LOCKED
41091,540.760,-40553125453282,-44512,11248,30930.4,32929.1,9.0,-0.097,125811,LOCKED
41092,541.760,-40553125328873,44951,100711,31052.9,33318.3,9.0,-0.098,218098,LOCKED
41093,542.760,-40553125341623,1063,56823,31055.3,33318.6,9.2,-0.099,176113,LOCKED
41094,543.760,-40553125342942,-28407,27353,30959.8,33354.1,9.1,-0.100,145756,LOCKED
41095,544.760,-40553125248433,31470,87230,31088.0,33148.2,9.0,-0.105,107109,LOCKED
41096,545.760,-40553125233848,13000,68760,31163.0,32947.6,9.2,-0.104,195816,LOCKED
41097,546.761,-40553125233807,-17065,38695,31139.5,33025.3,9.1,-0.109,167590,LOCKED
41098,547.761,-40553125237536,-47263,8497,30988.6,33228.2,9.2,-0.107,140788,LOCKED
41099,548.760,-40553125118675,37105,92865,31099.1,33423.5,9.2,-0.107,220639,LOCKED
41100,549.761,-40553125180557,-53062,2698,31049.2,34027.8,9.2,-0.112,131871,LOCKED
41101,550.761,-40553125090762,5041,60801,31072.4,34016.5,9.1,-0.117,215038,LOCKED
41102,551.761,-40553125099116,-31399,24361,30977.8,34146.0,9.1,-0.117,183818,LOCKED
41103,552.761,-40553125074450,-33683,22077,30835.9,33847.7,9.1,-0.116,146502,LOCKED
41104,553.761,-40553124960992,44436,100196,30983.3,33957.7,9.2,-0.116,230611,LOCKED
41105,554.761,-40553124960334,12645,68405,31034.3,33927.7,9.0,-0.109,200128,LOCKED
41106,555.761,-40553124951471,-8801,46959,31013.3,33946.0,9.1,-0.108,179398,LOCKED
41107,556.761,-40553124943225,-28428,27332,30906.3,33876.1,8.9,-0.099,161703,LOCKED
41108,557.761,-40553124825779,56339,112099,30899.5,33754.0,9.2,-0.096,246099,LOCKED
41109,558.761,-40553124830330,18563,74323,30982.9,33618.1,9.4,-0.092,218694,LOCKED
41110,559.761,-40553124818421,-623,55137,30989.5,33612.9,9.4,-0.078,198256,LOCKED
41111,560.761,-40553124822010,-31829,23931,30876.7,33600.9,9.4,-0.084,165558,LOCKED
41112,561.761,-40553124708954,46121,101881,31007.8,33957.2,9.4,-0.067,253556,LOCKED
41113,562.761,-40553124698709,23342,79102,31068.0,34072.0,9.6,-0.058,227186,LOCKED
41114,563.761,-40553124698647,-6377,49383,31015.4,33931.3,9.7,-0.047,201058,LOCKED
41115,564.761,-40553124703593,-37691,18069,30849.7,33436.3,9.8,-0.041,166929,LOCKED
41116,565.761,-40553124627292,6234,61994,30914.3,33187.1,9.5,-0.035,214209,LOCKED
41117,566.762,-40553124634915,-29101,26659,30805.3,33118.7,9.5,-0.023,178855,LOCKED
41118,567.762,-40553124526040,44421,100181,30955.0,33201.9,9.5,0.005,256701,LOCKED
41119,568.762,-40553124531196,6883,62643,31013.6,33018.2,9.4,0.016,227394,LOCKED
41120,569.762,-40553124512733,-6518,49242,31066.3,32654.6,9.4,0.013,214702,LOCKED
41121,570.762,-40553124521070,-42167,13593,30952.0,33004.8,9.2,0.028,176842,LOCKED
41122,571.762,-40553124406439,40413,96173,30938.7,32816.5,9.0,0.046,260296,LOCKED
41123,572.762,-40553124415177,-473,55287,30999.0,32473.4,8.8,0.068,224266,LOCKED
41124,573.762,-40553124426523,-40770,14990,30966.2,32805.1,8.3,0.056,182540,LOCKED
41125,574.762,-40553124319293,33318,89078,31017.7,33111.3,8.2,0.050,257846,LOCKED
41126,575.762,-40553124324238,-1601,54159,30969.0,32920.8,8.3,0.034,227925,LOCKED
41127,576.762,-40553124326186,-30608,25152,30827.7,32481.2,8.4,0.043,192450,LOCKED
41128,577.762,-40553124216093,44098,99858,30978.4,32535.9,8.6,0.032,274565,LOCKED
41129,578.762,-40553124220289,7796,63556,31020.9,32476.7,8.6,0.023,242627,LOCKED
41130,579.762,-40553124221572,-23171,32589,30993.8,32611.9,8.6,0.013,211169,LOCKED
41131,580.762,-40553124113353,51751,107511,31020.8,32993.3,8.6,0.013,288862,LOCKED
41132,581.762,-40553124124129,7721,63481,31117.8,32371.2,8.5,0.006,251666,LOCKED
41133,582.763,-40553124143452,-40267,15493,31064.2,32803.1,8.5,-0.001,201833,LOCKED
41134,583.763,-40553124023014,46708,102468,31104.4,33253.6,8.5,0.007,293001,LOCKED
41135,584.762,-40553123992473,43547,99307,31159.5,33735.4,8.3,0.008,190431,LOCKED
41136,585.763,-40553123980868,23255,79015,31157.0,33716.6,8.1,0.010,277261,LOCKED
41137,586.762,-40553123987642,-15446,40314,31220.6,33042.8,7.3,0.013,253266,LOCKED
41138,587.763,-40553123985984,-42690,13070,31177.8,33455.9,7.5,0.019,216886,LOCKED
41139,588.763,-40553123870076,39979,95739,31212.5,33782.6,7.5,0.020,296628,LOCKED
41140,589.763,-40553123843821,33652,89412,31223.7,33888.9,7.5,0.015,297705,LOCKED
41141,590.762,-40553123872431,-26039,29721,31260.2,33474.4,7.7,0.020,267417,LOCKED
41142,591.763,-40553123863518,-45332,10428,31185.5,34033.7,7.7,0.021,227233,LOCKED
41143,592.763,-40553123759621,26966,82726,31160.9,33774.7,7.7,0.022,184294,LOCKED
41144,593.763,-40553123747391,5725,61485,31265.0,32989.6,7.7,0.023,267191,LOCKED
41145,594.763,-40553123757376,-33766,21994,31234.7,33231.0,8.4,0.030,230019,LOCKED
41146,595.763,-40553123660652,30317,86077,31253.3,33378.1,8.4,0.031,192703,LOCKED
41147,596.763,-40553123640644,16218,71978,31366.6,32798.4,8.6,0.035,286272,LOCKED
41148,597.766,-40553123644812,-18687,37073,31366.9,32797.1,8.5,0.032,255782,LOCKED
41149,598.763,-40553123652763,-53619,2141,31240.5,33502.2,8.5,0.033,214300,LOCKED
41150,599.763,-40553123611443,-40622,15138,31164.8,33951.5,8.4,0.040,231193,LOCKED
41151,600.763,-40553123494430,43744,99504,31164.8,33951.6,8.6,0.042,317638,LOCKED
41152,601.764,-40553123487784,16374,72134,31277.7,33393.6,8.7,0.042,296743,LOCKED
41153,602.763,-40553123488132,-14524,41236,31266.1,33434.5,8.7,0.037,262775,LOCKED
41154,603.764,-40553123489890,-43635,12125,31146.4,33790.3,8.5,0.044,234571,LOCKED
41155,604.763,-40553123382799,29027,84787,31259.5,33676.9,8.5,0.045,203713,LOCKED
41156,605.764,-40553123360584,17940,73700,31330.0,33629.0,8.4,0.041,299695,LOCKED
41157,606.764,-40553123365534,-16920,38840,31288.4,33694.7,8.6,0.042,268514,LOCKED
41158,607.765,-40553123363883,-42100,13660,31139.3,33675.9,8.7,0.037,239901,LOCKED
41159,608.764,-40553123244809,41510,97270,31282.8,33702.4,8.8,0.038,326274,LOCKED
41160,609.764,-40553123228888,26067,81827,31243.4,33240.2,8.8,0.039,316746,LOCKED
41161,610.764,-40553123244918,-20079,35681,31221.4,33336.1,8.9,0.040,268239,LOCKED
41162,611.764,-40553123236846,-39344,16416,31096.0,33476.9,8.9,0.042,244245,LOCKED
41163,612.764,-40553123128590,36767,92527,31086.3,33356.5,8.9,0.044,324847,LOCKED
41164,613.764,-40553123137159,-3983,51777,31146.7,32949.6,8.9,0.046,288853,LOCKED
41165,614.764,-40553123139085,-34996,20764,31103.8,33260.1,9.0,0.051,256396,LOCKED
41166,615.764,-40553123028212,42271,98031,31156.4,33710.7,9.1,0.058,337592,LOCKED
41167,616.764,-40553123034162,5979,61739,31106.3,33393.1,9.2,0.073,302126,LOCKED
41168,617.764,-40553123045701,-35936,17683,31130.4,33067.8,9.1,0.058,259928,LOCKED
41169,618.764,-40553122952596,23808,77427,31200.4,33153.2,9.1,0.043,218874,LOCKED
41170,619.764,-40553123005744,-56564,0,31099.1,34031.1,9.0,0.029,240353,LOCKED
41171,620.764,-40553122902717,15631,72195,31059.9,33704.8,9.0,0.028,312655,LOCKED
41172,621.764,-40553122912495,-24965,31599,31089.7,33392.9,8.9,0.013,274820,LOCKED
41173,622.764,-40553122825972,27716,84280,31178.8,33457.5,8.8,-0.004,230225,LOCKED
41174,623.765,-40553122813162,8920,65484,31184.9,33471.4,8.6,-0.024,315701,LOCKED
41175,624.764,-40553122817340,-23336,33228,31071.1,33143.1,8.5,-0.008,283201,LOCKED
41176,625.764,-40553122723026,37315,93879,31136.3,33528.2,8.4,0.007,241241,LOCKED
41177,626.764,-40553122718214,11527,68091,31090.7,33175.4,8.6,-0.005,322453,LOCKED
41178,627.765,-40553122713554,-15203,41361,31130.8,32835.5,8.6,-0.018,298861,LOCKED
41179,628.765,-40553122708896,-39095,17469,31069.0,33257.8,8.7,-0.027,270612,LOCKED
41180,629.765,-40553122673208,-31905,24659,30995.8,33512.1,8.7,-0.026,278470,LOCKED
41181,630.765,-40553122581135,28976,85540,30957.1,33023.4,9.2,-0.043,234441,LOCKED
41182,631.764,-40553122577739,318,56882,31010.5,32768.8,9.6,-0.057,312696,LOCKED
41183,632.765,-40553122585913,-36089,20475,30934.1,33117.6,9.7,-0.062,276549,LOCKED
41184,633.765,-40553122465058,52051,108615,30934.9,33131.0,10.0,-0.074,367886,LOCKED
41185,634.765,-40553122475577,9142,65706,30991.2,33007.1,10.4,-0.085,327455,LOCKED
41186,635.765,-40553122488959,-32573,23991,30914.8,33268.4,10.3,-0.089,288683,LOCKED
41187,636.765,-40553122473607,-43478,13086,30758.2,33210.2,10.4,-0.097,375081,LOCKED
41188,637.766,-40553122371818,24803,81367,30852.1,33151.1,10.4,-0.101,344613,LOCKED
41189,638.765,-40553122367975,-1950,54614,30842.8,33149.0,10.6,-0.110,320796,LOCKED
41190,639.765,-40553122316440,18718,75282,30812.8,32888.4,10.7,-0.118,342338,LOCKED
41191,640.765,-40553122305849,-2731,53833,30877.7,32444.4,11.0,-0.125,322640,LOCKED
41192,641.765,-40553122294623,-20953,35611,30842.3,32568.8,10.9,-0.128,307624,LOCKED
41193,642.765,-40553122195856,45587,102151,30834.4,32446.6,11.0,-0.136,266941,LOCKED
41194,643.765,-40553122174247,32742,89306,30957.8,32348.1,11.1,-0.138,364113,LOCKED
41195,644.765,-40553122122841,48363,104927,31114.6,32534.5,11.3,-0.143,391648,LOCKED
41196,645.765,-40553122121799,16232,72796,31188.8,32415.9,11.3,-0.144,364550,LOCKED
41197,646.766,-40553122127703,-19189,37375,31138.5,32495.1,11.5,-0.147,324929,LOCKED
41198,647.765,-40553122124850,-43044,13520,30992.4,32559.9,11.6,-0.147,297053,LOCKED
41199,648.766,-40553122002812,43538,100102,31139.4,32637.1,11.8,-0.150,391956,LOCKED
41200,649.766,-40553121976320,35036,91600,31270.5,32537.4,11.7,-0.154,390551,LOCKED
41201,650.766,-40553121978287,2219,58783,31246.1,32465.1,11.6,-0.148,357847,LOCKED
41202,651.766,-40553121988828,-35678,20886,31114.3,32383.6,11.6,-0.148,319850,LOCKED
41203,652.766,-40553121874403,43559,100123,31242.0,32678.5,11.8,-0.149,403590,LOCKED
41204,653.766,-40553121875566,9967,66531,31283.8,32652.4,11.8,-0.149,375402,LOCKED
41205,654.766,-40553121872319,-16024,40540,31209.9,32532.3,11.4,-0.137,342816,LOCKED
41206,655.766,-40553121876588,-49388,7176,31188.2,32833.7,11.4,-0.136,311776,LOCKED
41207,656.766,-40553121767990,25311,81875,31279.3,32814.0,11.2,-0.129,389778,LOCKED
41208,657.766,-40553121776748,-13568,42996,31245.0,32855.5,11.3,-0.127,350803,LOCKED
41209,658.766,-40553121770898,-34892,21672,31102.9,32599.0,11.3,-0.126,327824,LOCKED
41210,659.766,-40553121736409,-28111,28453,30982.9,32360.8,11.1,-0.116,332647,LOCKED
41211,660.766,-40553121633178,39872,96436,31126.2,32314.5,10.9,-0.105,407466,LOCKED
41212,661.766,-40553121639496,1546,58110,31166.9,32180.5,10.9,-0.112,368819,LOCKED
41213,662.766,-40553121642668,-30386,26178,31099.2,32424.7,10.9,-0.119,336927,LOCKED
41214,663.766,-40553121547967,32481,89045,31081.2,32204.1,11.1,-0.114,296118,LOCKED
41215,664.766,-40553121523175,23441,80005,31177.4,32078.2,11.1,-0.110,396268,LOCKED
41216,665.766,-40553121525095,-9878,46686,31204.8,31918.9,11.2,-0.103,366818,LOCKED
41217,666.767,-40553121538859,-50973,5591,31099.2,32636.8,11.0,-0.085,322330,LOCKED
41218,667.767,-40553121419971,35793,92357,31089.8,32520.3,10.8,-0.063,413520,LOCKED
41219,668.767,-40553121423905,-789,55775,31167.8,31934.5,10.5,-0.034,379733,LOCKED
41220,669.767,-40553121399040,-7735,48829,31212.3,31633.5,10.5,-0.003,379059,LOCKED
41221,670.767,-40553121405620,-42164,14400,31117.2,32105.6,10.1,0.040,341187,LOCKED
41222,671.767,-40553121289946,40885,97449,31123.2,32182.2,9.9,0.053,423554,LOCKED
41223,672.767,-40553121293329,4681,61245,31198.9,31760.9,9.7,0.068,393098,LOCKED
41224,673.767,-40553121295251,-26644,29920,31155.0,31965.6,9.5,0.086,361188,LOCKED
41225,674.767,-40553121229289,8710,65274,31113.6,31684.7,9.7,0.076,328489,LOCKED
41226,675.767,-40553121232808,-25753,30811,31148.2,31272.9,9.9,0.066,406957,LOCKED
41227,676.767,-40553121233358,-54069,2495,31072.0,32090.8,9.6,0.042,376473,LOCKED
41228,677.767,-40553121109824,37002,93566,31078.7,32168.1,9.5,0.037,319314,LOCKED
41229,678.767,-40553121094965,18501,75065,31160.0,32043.2,9.5,0.023,406923,LOCKED
41230,679.767,-40553121045278,36415,92979,31129.5,31587.6,9.4,0.010,432481,LOCKED
41231,680.767,-40553121087291,-34860,21704,31095.8,31869.9,9.3,-0.000,409804,LOCKED
41232,681.767,-40553121037997,-14731,41833,31025.4,31745.5,9.2,-0.009,381104,LOCKED
41233,682.767,-40553121042147,-47587,8977,30990.7,32176.0,9.0,-0.008,347429,LOCKED
41234,683.767,-40553120917315,42918,99482,31083.2,32672.2,8.9,-0.014,439852,LOCKED
41235,684.767,-40553120891455,36017,92581,31105.6,32885.7,8.7,-0.020,439893,LOCKED
41236,685.767,-40553120888993,5571,62135,31185.0,32450.1,7.9,-0.017,408132,LOCKED
41237,686.767,-40553120884545,-20331,36233,31177.8,32492.4,7.9,-0.021,384988,LOCKED
41238,687.768,-40553120877048,-40822,15742,31089.0,32934.8,8.2,-0.012,362770,LOCKED
41239,688.768,-40553120769927,34201,90765,31081.6,32848.9,8.2,-0.010,334213,LOCKED
41240,689.768,-40553120726695,44513,101077,31097.8,33055.3,8.0,-0.012,453231,LOCKED
41241,690.769,-40553120729298,9281,65845,31157.7,32906.8,8.0,-0.015,420503,LOCKED
41242,691.768,-40553120722692,-14249,42315,31131.2,32963.5,8.0,-0.019,402948,LOCKED
41243,692.767,-40553120703386,-23021,33543,31019.4,32646.1,8.0,-0.017,389577,LOCKED
41244,693.768,-40553120697738,-46760,9804,31017.1,32680.2,8.0,-0.021,366662,LOCKED
41245,694.768,-40553120567722,48661,105225,31111.9,33333.5,8.0,-0.024,465708,LOCKED
41246,695.768,-40553120569248,16214,72778,31075.5,33026.7,8.0,-0.026,435716,LOCKED
41247,696.768,-40553120566770,-9755,46809,30962.5,32208.0,8.0,-0.029,407933,LOCKED
41248,697.768,-40553120570948,-42375,14189,30909.2,32677.5,8.0,-0.027,373266,LOCKED
41249,698.768,-40553120456888,38649,95213,30949.3,33027.0,8.0,-0.031,458418,LOCKED
41250,699.768,-40553120444765,18364,74928,30990.5,33113.8,8.0,-0.035,442823,LOCKED
41251,700.768,-40553120452194,-18276,38288,30933.4,33150.0,7.9,-0.039,405362,LOCKED
41252,701.768,-40553120450308,-43058,13506,30795.4,33312.0,8.0,-0.039,379758,LOCKED
41253,702.768,-40553120336065,36819,93383,30909.6,33464.9,7.9,-0.041,464066,LOCKED
41254,703.768,-40553120333394,7279,63843,30961.5,33342.2,7.9,-0.045,437220,LOCKED
41255,704.768,-40553120292957,14180,70744,31064.5,32845.0,7.8,-0.050,452182,LOCKED
41256,705.768,-40553120296271,-19490,37074,31062.1,32859.2,7.9,-0.048,416400,LOCKED
41257,706.769,-40553120209615,34365,90929,31090.4,33096.2,7.8,-0.052,367190,LOCKED
41258,707.768,-40553120198173,15311,71875,31035.6,32553.7,7.7,-0.056,450354,LOCKED
41259,708.768,-40553120209530,-26713,29851,31062.0,32260.2,7.9,-0.061,410416,LOCKED
41260,709.769,-40553120174021,-22123,34441,31091.9,31960.6,7.9,-0.060,418902,LOCKED
41261,710.769,-40553120087743,30645,87209,31159.7,32211.9,7.7,-0.052,368386,LOCKED
41262,711.769,-40553120074777,12709,69273,31125.8,31963.7,8.0,-0.051,455012,LOCKED
41263,712.769,-40553120083682,-27195,29369,31164.9,31466.2,7.9,-0.059,416829,LOCKED
41264,713.769,-40553120081645,-53316,3248,31105.9,32177.9,7.9,-0.058,393327,LOCKED
41265,714.769,-40553119961371,33812,90376,31149.9,32482.2,8.0,-0.050,482527,LOCKED
41266,715.769,-40553119975111,-8905,47659,31057.9,31961.9,8.0,-0.049,440693,LOCKED
41267,716.769,-40553119983718,-46433,10131,31030.2,32311.3,8.0,-0.049,400841,LOCKED
41268,717.769,-40553119869827,34349,90913,31075.2,32624.9,8.0,-0.049,487912,LOCKED
41269,718.769,-40553119877973,-3446,53118,31010.8,32313.6,8.0,-0.049,451708,LOCKED
41270,719.769,-40553119851728,-6603,49961,30942.7,32028.1,8.3,-0.018,445786,LOCKED
41271,720.769,-40553119855488,-39872,16692,30938.6,32079.5,8.4,-0.008,415029,LOCKED
41272,721.769,-40553119751407,31057,87621,30995.7,32354.9,8.3,0.029,490753,LOCKED
41273,722.770,-40553119754007,-1325,55239,30938.2,32072.2,8.3,0.036,462807,LOCKED
41274,723.769,-40553119761159,-37854,18710,30924.6,32223.8,8.2,0.030,425745,LOCKED
41275,724.770,-40553119655616,33551,90115,31026.7,32371.3,8.2,0.038,390872,LOCKED
41276,725.769,-40553119636614,20305,76869,31052.9,32480.4,8.2,0.031,485745,LOCKED
41277,726.770,-40553119639968,-11524,45040,30945.3,31806.5,8.3,0.027,452219,LOCKED
41278,727.770,-40553119640091,-40964,15600,30933.5,31952.6,8.4,0.052,423550,LOCKED
41279,728.772,-40553119518454,46495,103059,31015.6,32570.4,8.4,0.051,517295,LOCKED
41280,729.770,-40553119488935,42211,98775,31082.3,33066.1,8.2,0.049,518038,LOCKED
41281,730.770,-40553119495756,5382,61946,31020.5,32611.0,7.9,0.047,479068,LOCKED
41282,731.770,-40553119483090,-13509,43055,31069.4,32175.1,7.9,0.047,461719,LOCKED
41283,732.770,-40553119485844,-44566,11998,31007.6,32714.7,8.5,0.066,431547,LOCKED
41284,733.770,-40553119356559,51036,107600,31054.1,33274.5,8.7,0.074,530668,LOCKED
41285,734.770,-40553119348102,26240,82804,31118.5,33434.3,8.6,0.074,505128,LOCKED
41286,735.770,-40553119353250,-8626,47938,31064.0,33315.4,8.5,0.074,477421,LOCKED
41287,736.770,-40553119348215,-30536,26028,30912.4,32701.2,8.4,0.073,449814,LOCKED
41288,737.770,-40553119236965,45507,102071,31047.7,33000.7,8.5,0.079,537000,LOCKED
41289,738.770,-40553119222926,26001,82565,31127.2,33085.2,8.9,0.090,514423,LOCKED
41290,739.770,-40553119199379,15885,69954,31225.4,32704.0,8.9,0.094,509924,LOCKED
41291,740.770,-40553119204149,-17812,36257,31142.1,32543.9,8.8,0.092,477489,LOCKED
41292,741.770,-40553119200913,-42269,11800,31042.9,32989.3,8.7,0.090,450942,LOCKED
41293,742.770,-40553119087282,39430,93499,31020.9,32667.3,8.8,0.094,535052,LOCKED
41294,743.771,-40553119092419,1738,55807,31093.5,32221.8,8.7,0.096,500516,LOCKED
41295,744.770,-40553119101749,-37410,16659,31093.1,32226.0,8.6,0.093,459729,LOCKED
41296,745.770,-40553118991204,38980,93049,31178.7,32630.5,8.6,0.092,434610,LOCKED
41297,746.770,-40553118985405,13210,67279,31175.9,32617.7,8.7,0.086,518093,LOCKED
41298,747.771,-40553118996004,-25406,28663,31062.9,32368.1,8.6,0.092,473180,LOCKED
41299,748.771,-40553118902864,33174,87243,31179.6,32364.2,8.7,0.095,435453,LOCKED
41300,749.771,-40553118867626,33180,87249,31323.5,31993.4,8.6,0.091,544522,LOCKED
41301,750.771,-40553118888601,-18528,35541,31325.4,31981.7,8.5,0.088,494797,LOCKED
41302,751.771,-40553118802786,33770,87839,31376.9,32303.2,8.6,0.082,552678,LOCKED
41303,752.771,-40553118815532,-9159,44910,31333.5,32257.7,8.6,0.082,506558,LOCKED
41304,753.771,-40553118826841,-47010,7059,31176.2,32368.3,8.7,0.076,468370,LOCKED
41305,754.771,-40553118708032,36264,90333,31330.1,31985.0,8.6,0.071,555026,LOCKED
41306,755.771,-40553118713564,-1343,52726,31368.9,31825.6,8.7,0.065,520021,LOCKED
41307,756.771,-40553118715312,-32093,21976,31306.0,32118.6,8.5,0.060,491738,LOCKED
41308,757.771,-40553118633968,18134,72203,31266.5,31735.8,8.7,0.060,436972,LOCKED
41309,758.771,-40553118621603,-2049,52020,31333.0,31270.2,8.8,0.054,521872,LOCKED
41310,759.771,-40553118618122,-28738,25331,31323.7,31351.7,8.7,0.048,497079,LOCKED
41311,760.771,-40553118526689,29822,83891,31350.1,31548.9,8.7,0.041,560659,LOCKED
41312,761.771,-40553118530444,-3468,50601,31266.7,30977.9,8.6,0.034,526539,LOCKED
41313,762.771,-40553118535161,-38074,15995,31262.4,31031.2,8.7,0.035,489986,LOCKED
41314,763.771,-40553118528756,-59112,0,31173.1,32033.4,8.8,0.027,469161,LOCKED
41315,764.771,-40553118474270,-34001,25111,31141.4,32292.3,8.8,0.020,497533,LOCKED
41316,765.771,-40553118460584,-47488,11624,31025.4,32832.3,9.0,0.021,449857,LOCKED
41317,766.772,-40553118371546,8707,67819,31100.2,32528.0,9.0,0.021,534143,LOCKED
41318,767.771,-40553118366530,-16813,42299,31100.5,32526.3,9.1,0.024,512798,LOCKED
41319,768.772,-40553118372065,-49144,9968,30970.7,33031.5,9.0,0.036,474634,LOCKED
41320,769.772,-40553118343955,-47828,11284,30845.1,33508.1,9.1,0.041,476588,LOCKED
41321,770.772,-40553118231337,30796,89908,30948.6,33549.5,9.2,0.047,555914,LOCKED
41322,771.772,-40553118244871,-13241,45871,30948.7,33548.9,9.0,0.058,521606,LOCKED
41323,772.772,-40553118245035,-40600,18512,30831.8,33814.0,9.7,0.020,487927,LOCKED
41324,773.772,-40553118118416,53536,112648,30823.8,33673.8,9.8,0.004,586735,LOCKED
41325,774.772,-40553118122920,16052,75164,30903.1,33510.7,9.7,0.021,549269,LOCKED
41326,775.772,-40553118119273,-10047,49065,30862.9,33493.0,9.7,0.023,524046,LOCKED
41327,776.772,-40553118039558,38067,97179,30835.7,33099.3,9.6,0.026,473080,LOCKED
41328,777.772,-40553118021360,22873,81985,30923.4,33040.3,9.6,0.030,565241,LOCKED
41329,778.772,-40553118026326,-11862,47250,30886.3,33055.6,9.7,0.049,531008,LOCKED
41330,779.772,-40553118003792,-18400,40712,30827.8,33087.6,9.6,0.043,525673,LOCKED
41331,780.772,-40553117917910,35979,95091,30801.0,32714.1,9.6,0.041,476607,LOCKED
41332,781.772,-40553117896155,24523,83635,30878.6,32773.7,9.5,0.037,569374,LOCKED
41333,782.772,-40553117904701,-13549,45563,30834.7,32788.2,9.5,0.036,535007,LOCKED
41334,783.773,-40553117897007,-32612,26500,30688.6,32359.9,9.6,0.045,512282,LOCKED
41335,784.772,-40553117777551,51857,110969,30813.5,33012.3,9.6,0.044,603897,LOCKED
41336,785.773,-40553117781943,15209,74321,30859.1,33044.4,9.6,0.043,569500,LOCKED
41337,786.772,-40553117792269,-23549,35563,30779.0,33062.5,9.4,0.043,535789,LOCKED
41338,787.773,-40553117694798,42185,101297,30755.8,32700.5,9.3,0.042,493272,LOCKED
41339,788.773,-40553117689376,14651,73763,30839.6,32450.7,9.3,0.041,574757,LOCKED
41340,789.773,-40553117671448,472,59584,30901.1,32108.4,9.5,0.034,563898,LOCKED
41341,790.773,-40553117684246,-40393,18719,30829.1,32573.4,9.6,0.040,523730,LOCKED
41342,791.773,-40553117572401,38658,97770,30861.2,32878.1,9.6,0.040,603559,LOCKED
41343,792.773,-40553117583936,-1696,57416,30763.6,32051.6,9.0,0.042,564208,LOCKED
41344,793.773,-40553117581714,-29629,29483,30783.1,31826.0,8.9,0.038,540086,LOCKED
41345,794.773,-40553117476633,41091,100203,30890.5,32195.0,8.9,0.039,508387,LOCKED
41346,795.773,-40553117464966,20879,79991,30904.4,32271.5,9.0,0.035,592037,LOCKED
41347,796.773,-40553117483953,-25826,33286,30790.7,32026.2,9.2,0.031,545998,LOCKED
41348,797.773,-40553117381611,41492,100604,30929.7,32110.1,9.1,0.030,514507,LOCKED
41349,798.773,-40553117362205,27185,86297,31021.3,32142.4,8.4,0.033,606018,LOCKED
41350,799.773,-40553117327561,28129,87241,31106.1,32251.4,8.3,0.034,614547,LOCKED
41351,800.773,-40553117327706,-2479,56633,31078.7,32203.3,8.3,0.035,585238,LOCKED
41352,801.774,-40553117341030,-42432,16680,30930.5,32212.6,8.2,0.037,544264,LOCKED
41353,802.773,-40553117284628,-17065,42047,30964.1,31919.2,8.0,0.042,621593,LOCKED
41354,803.773,-40553117285958,-46217,12895,30886.6,32529.2,7.7,0.046,601625,LOCKED
41355,804.773,-40553117227510,-16119,42993,30788.8,32154.0,7.8,0.046,569177,LOCKED
41356,805.773,-40553117183034,-3498,55614,30847.0,31768.5,8.2,0.045,583789,LOCKED
41357,806.774,-40553117149804,-1512,57600,30869.1,31711.4,8.2,0.041,643314,LOCKED
41358,807.774,-40553117154736,-34006,25106,30763.1,31844.1,8.3,0.046,612615,LOCKED
41359,808.773,-40553117090691,-1773,57339,30817.7,31530.3,7.9,0.053,589874,LOCKED
41360,809.774,-40553117036150,19205,78317,30920.7,31179.1,7.9,0.056,613703,LOCKED
41361,810.774,-40553117037795,-12194,46918,30883.7,31199.5,7.9,0.060,580739,LOCKED
41362,811.774,-40553117035553,-39679,19433,30892.9,31067.4,7.9,0.058,555914,LOCKED
41363,812.774,-40553116917650,44153,103265,30975.6,31638.0,7.9,0.062,642509,LOCKED
41364,813.774,-40553116905816,24634,83746,30953.1,31404.7,8.2,0.060,627974,LOCKED
41365,814.774,-40553116905156,-6913,52199,31026.3,30716.3,8.4,0.067,596125,LOCKED
41366,815.774,-40553116893730,-25297,33815,31008.6,30838.5,8.4,0.066,579570,LOCKED
41367,816.774,-40553116780994,53340,112452,31071.7,31589.8,8.6,0.074,556104,LOCKED
41368,817.774,-40553116764797,34845,93957,31191.7,31614.7,8.6,0.074,649091,LOCKED
41369,818.774,-40553116760350,6962,66074,31236.1,31530.6,8.9,0.075,623348,LOCKED
41370,819.774,-40553116724263,11307,70419,31242.1,31549.8,8.8,0.087,630070,LOCKED
41371,820.774,-40553116722039,-18298,40814,31301.4,30844.6,8.8,0.088,606570,LOCKED
41372,821.774,-40553116711588,-37272,21840,31271.3,31137.9,8.8,0.106,583722,LOCKED
41373,822.774,-40553116607700,33574,92686,31302.4,31396.3,8.8,0.109,553142,LOCKED
41374,823.774,-40553116576236,32897,92009,31288.8,31228.6,9.3,0.071,656346,LOCKED
41375,824.774,-40553116548807,27786,86898,31304.0,31348.7,9.7,0.040,556753,LOCKED
41376,825.775,-40553116520165,24725,83837,31282.4,31123.8,10.4,-0.003,655902,LOCKED
41377,826.775,-40553116538496,-23903,35209,31273.8,31186.0,10.9,-0.027,607389,LOCKED
41378,827.775,-40553116438426,42200,101312,31335.9,31694.8,10.9,-0.034,572528,LOCKED
41379,828.775,-40553116422185,26763,85875,31308.1,31373.1,11.0,-0.039,664854,LOCKED
41380,829.775,-40553116401474,16709,75821,31253.6,30777.2,11.0,-0.061,653112,LOCKED
41381,830.775,-40553116413895,-26239,32873,31261.6,30699.0,11.0,-0.087,613956,LOCKED
41382,831.775,-40553116325984,28859,87971,31289.8,30899.4,11.0,-0.100,566978,LOCKED
41383,832.775,-40553116319166,5572,64684,31222.2,30323.1,10.9,-0.092,649308,LOCKED
41384,833.775,-40553116324134,-30242,28870,31254.1,29884.8,11.2,-0.112,615964,LOCKED
41385,834.775,-40553116323055,-56987,2125,31180.4,30803.5,11.1,-0.109,590029,LOCKED
41386,835.775,-40553116221410,13053,72165,31179.5,30799.5,11.0,-0.117,660341,LOCKED
41387,836.775,-40553116225757,-22162,36950,31201.1,30589.5,10.9,-0.123,625833,LOCKED
41388,837.775,-40553116141702,27926,87038,31290.6,30663.6,10.8,-0.120,573047,LOCKED
41389,838.775,-40553116123263,14446,73558,31297.4,30692.9,10.4,-0.117,667017,LOCKED
41390,839.775,-40553116092770,13406,72518,31286.7,30632.2,10.3,-0.114,667076,LOCKED
41391,840.775,-40553116092527,-17630,41482,31315.7,30373.0,10.4,-0.104,641967,LOCKED
41392,841.775,-40553116081876,-36684,22428,31297.6,30569.8,10.5,-0.094,620487,LOCKED
41393,842.775,-40553115992197,20718,79830,31311.3,30648.6,10.4,-0.091,575719,LOCKED
41394,843.775,-40553115975205,7207,66319,31259.5,30255.9,10.1,-0.082,667213,LOCKED
41395,844.775,-40553115981713,-30212,28900,31292.7,29793.7,10.2,-0.074,630321,LOCKED
41396,845.776,-40553115982259,-58543,569,31217.8,30761.1,10.2,-0.066,603521,LOCKED
41397,846.776,-40553115874389,17821,76933,31202.3,30642.4,10.7,-0.053,680603,LOCKED
41398,847.776,-40553115875537,-14862,44250,31243.4,30264.1,10.7,-0.046,652261,LOCKED
41399,848.776,-40553115873740,-41916,17196,31195.7,30730.3,10.8,-0.039,623421,LOCKED
41400,849.776,-40553115832012,-29374,29738,31145.8,30987.9,11.3,-0.031,635818,LOCKED
41401,850.776,-40553115743103,28010,87122,31117.7,30643.1,11.0,-0.022,586460,LOCKED
41402,851.776,-40553115727359,10660,69772,31197.2,30314.1,11.0,-0.015,676902,LOCKED
41403,852.776,-40553115731921,-23291,35821,31147.1,30470.2,11.0,-0.009,645199,LOCKED
41404,853.776,-40553115733630,-51316,7796,30995.0,30884.9,11.1,-0.006,614343,LOCKED
41405,854.776,-40553115614180,33578,92690,31114.2,30868.5,11.5,0.003,706645,LOCKED
41406,855.776,-40553115621716,-5360,53752,31137.3,30774.4,11.6,0.006,667216,LOCKED
41407,856.776,-40553115625880,-37000,22112,31018.9,30905.6,11.7,0.008,635368,LOCKED
41408,857.776,-40553115508797,44627,103739,31162.7,31082.3,12.1,0.012,721228,LOCKED
41409,858.776,-40553115513530,7170,66282,31227.6,30832.8,12.5,0.015,688736,LOCKED
41410,859.776,-40553115485025,2972,62084,31295.1,30454.9,12.8,0.018,686479,LOCKED
41411,860.776,-40553115489634,-31014,28098,31252.5,30731.2,13.0,0.025,651727,LOCKED
41412,861.776,-40553115484555,-52185,6927,31093.5,31101.1,13.0,0.030,625581,LOCKED
41413,862.776,-40553115353332,45419,104531,31142.0,31615.0,12.9,0.036,726540,LOCKED
41414,863.776,-40553115373278,-3640,55472,31048.3,30886.4,12.9,0.036,676209,LOCKED
41415,864.776,-40553115382871,-40534,18578,30931.5,31173.3,12.9,0.036,636371,LOCKED
41416,865.777,-40553115264986,43926,103038,30981.0,31666.8,12.8,0.029,726243,LOCKED
41417,866.777,-40553115275767,2457,61569,30962.5,31619.2,12.8,0.029,690597,LOCKED
41418,867.777,-40553115281877,-30707,28405,30821.4,31169.9,12.7,0.021,653413,LOCKED
41419,868.777,-40553115174230,43821,102933,30861.3,31603.8,12.7,0.020,734058,LOCKED
41420,869.777,-40553115143154,41082,100194,30938.1,32090.3,12.8,0.019,735591,LOCKED
41421,870.777,-40553115146725,7086,66198,30901.1,31875.3,12.8,0.018,701071,LOCKED
41422,871.777,-40553115154873,-27932,31180,30749.4,31099.0,12.8,0.018,662866,LOCKED
41423,872.777,-40553115047238,44986,104098,30869.5,31532.2,12.8,0.017,742179,LOCKED
41424,873.777,-40553115063400,-2169,56943,30879.2,31516.2,12.6,0.003,699369,LOCKED
41425,874.778,-40553115080313,-45977,13135,30759.9,31988.8,12.5,-0.015,654000,LOCKED
41426,875.778,-40553114970471,32437,91549,30738.7,31718.7,12.6,-0.036,729906,LOCKED
41427,876.778,-40553114981410,-9823,49289,30783.7,31378.6,12.4,-0.069,692868,LOCKED
41428,877.778,-40553114989960,-46727,12385,30742.2,31860.7,12.4,-0.072,655542,LOCKED
41429,878.778,-40553114882708,27957,87069,30785.3,32082.9,12.3,-0.078,732920,LOCKED
41430,879.778,-40553114856794,21493,80605,30827.8,32213.2,12.3,-0.085,729675,LOCKED
41431,880.778,-40553114865025,-15593,43519,30756.8,32105.0,12.2,-0.093,692568,LOCKED
41432,881.779,-40553114860950,-37942,21170,30607.0,31869.5,11.8,-0.123,667918,LOCKED
41433,882.779,-40553114740516,47807,106919,30727.8,32397.3,11.7,-0.140,757203,LOCKED
41434,883.779,-40553114750242,6041,64584,30782.3,32229.0,11.6,-0.131,721158,LOCKED
41435,884.779,-40553114699608,23421,81964,30864.8,32226.1,11.5,-0.124,745491,LOCKED
41436,885.779,-40553114689122,2048,60591,30910.3,32063.7,11.0,-0.117,722082,LOCKED
41437,886.779,-40553114689672,-26712,31831,30822.0,32108.4,10.5,-0.101,693534,LOCKED
41438,887.779,-40553114644008,-12533,46010,30875.5,31618.0,11.0,-0.082,653800,LOCKED
41439,888.779,-40553114652796,-49833,8710,30842.4,32059.9,11.2,-0.065,746432,LOCKED
41440,889.779,-40553114617284,-42933,15610,30804.2,32458.4,11.3,-0.049,756160,LOCKED
41441,890.779,-40553114540049,4007,62550,30772.5,32324.0,11.4,-0.036,724695,LOCKED
41442,891.780,-40553114537966,-24199,34344,30789.1,32167.7,11.4,-0.025,693953,LOCKED
41443,892.780,-40553114526352,-40926,17617,30736.9,32609.1,11.6,-0.016,776404,LOCKED
41444,893.780,-40553114412654,40143,98686,30763.0,32883.6,11.1,-0.008,761401,LOCKED
41445,894.780,-40553114412196,11040,69583,30685.5,32051.7,11.0,-0.007,736124,LOCKED
41446,895.780,-40553114419915,-25995,32548,30661.5,32202.4,10.9,-0.001,698153,LOCKED
41447,896.780,-40553114301295,58695,117238,30724.4,33029.2,11.1,0.008,789118,LOCKED
41448,897.781,-40553114295879,30181,88724,30831.7,33014.7,11.5,0.017,764446,LOCKED
41449,898.780,-40553114292381,1934,60477,30873.5,32881.9,11.6,0.020,739690,LOCKED
41450,899.780,-40553114258730,3636,62179,30920.3,32736.0,11.6,0.023,744947,LOCKED
41451,900.780,-40553114261458,-27866,30677,30861.1,32944.3,11.7,0.027,709853,LOCKED
41452,901.780,-40553114160196,40685,99228,30884.3,33195.3,11.8,0.031,679450,LOCKED
41453,902.780,-40553114129594,36747,95290,31002.8,33305.7,11.8,0.032,780039,LOCKED
41454,903.781,-40553114126920,7194,65737,31051.1,33205.8,11.9,0.035,757751,LOCKED
41455,904.781,-40553114122678,-17820,40723,30992.5,33226.5,12.0,0.038,732416,LOCKED
41456,905.781,-40553114034580,38359,96902,30974.1,32971.8,12.1,0.041,685908,LOCKED
41457,906.780,-40553114013357,25881,84424,31065.1,32969.7,12.1,0.047,780979,LOCKED
41458,907.782,-40553114018927,-9940,48603,31041.6,32994.0,12.1,0.049,749002,LOCKED
41459,908.781,-40553114017041,-35443,23100,30921.1,33035.2,12.5,0.053,719269,LOCKED
41460,909.782,-40553113991951,-37721,20822,30809.2,33241.9,12.5,0.059,716291,LOCKED
41461,910.781,-40553113881541,38194,96737,30926.8,33414.9,12.5,0.061,797853,LOCKED
41462,911.782,-40553113898315,-9457,49086,30940.1,33359.3,12.5,0.061,751323,LOCKED
41463,912.782,-40553113803578,51393,109936,30999.4,33997.6,12.5,0.062,712909,LOCKED
41464,913.781,-40553113810171,14560,73103,30937.8,33379.7,12.5,0.062,784148,LOCKED
41465,914.782,-40553113813749,-19854,38689,30965.9,33132.1,12.5,0.069,748461,LOCKED
41466,915.782,-40553113726849,33761,92304,31023.6,33447.6,12.8,0.071,697787,LOCKED
41467,916.782,-40553113722605,7691,66234,30975.9,33127.0,12.9,0.072,775823,LOCKED
41468,917.782,-40553113744148,-43549,14994,30985.6,32984.2,12.8,0.080,728152,LOCKED
41469,918.782,-40553113632932,33789,92332,31071.5,33237.6,12.6,0.090,811377,LOCKED
41470,919.782,-40553113600067,32771,91314,31155.2,33472.9,12.5,0.101,814796,LOCKED
41471,920.782,-40553113605424,-2876,55667,31117.4,33379.4,12.3,0.114,781820,LOCKED
41472,921.782,-40553113607794,-32463,26080,30979.7,33082.6,12.3,0.108,750168,LOCKED
41473,922.782,-40553113514652,26108,84651,31112.8,32577.5,12.3,0.098,707528,LOCKED
41474,923.782,-40553113494856,13725,72268,31142.4,32628.0,12.3,0.090,798855,LOCKED
41475,924.782,-40553113499220,-19135,39408,31044.1,32345.7,12.3,0.078,768191,LOCKED
41476,925.782,-40553113450140,-2585,55958,31121.5,31719.8,12.3,0.062,835681,LOCKED
41477,926.781,-40553113418069,-1794,56749,31132.3,31702.3,12.2,0.056,789916,LOCKED
41478,927.783,-40553113419651,-31304,27239,31026.9,31746.1,12.1,0.049,763085,LOCKED
41479,928.782,-40553113374825,-17857,40686,31074.0,31254.5,12.0,0.040,720733,LOCKED
41480,929.782,-40553113348516,-22723,35820,31116.8,30746.1,12.1,0.046,726298,LOCKED
41481,930.783,-40553113262485,29599,88142,31195.0,30941.1,12.1,0.049,824289,LOCKED
41482,931.782,-40553113263761,-1943,56600,31152.5,30793.9,12.2,0.050,797386,LOCKED
41483,932.782,-40553113273747,-42032,16511,31171.0,30493.7,12.1,0.034,758108,LOCKED
41484,933.783,-40553113155674,41705,100248,31257.1,30998.9,12.4,0.042,846181,LOCKED
41485,934.783,-40553113141793,24040,82583,31231.3,30722.5,12.3,0.065,830422,LOCKED
41486,935.784,-40553113137760,-4220,54323,31290.5,30291.3,11.7,0.086,802657,LOCKED
41487,936.782,-40553113138158,-33516,25027,31228.7,30630.5,10.9,0.103,772999,LOCKED
41488,937.783,-40553113026632,45167,103710,31232.8,30692.4,10.6,0.115,751511,LOCKED
41489,938.782,-40553113007381,29966,88509,31341.1,30657.9,10.5,0.114,849336,LOCKED
41490,939.783,-40553112982675,20825,79368,31429.7,30523.1,10.1,0.123,736110,LOCKED
41491,940.783,-40553112964898,6945,65488,31429.3,30522.1,9.7,0.130,826227,LOCKED
41492,941.783,-40553112971055,-27490,31053,31320.1,30384.7,9.3,0.136,792504,LOCKED
41493,942.783,-40553112971173,-56794,1749,31309.8,30575.6,8.8,0.141,763495,LOCKED
41494,943.783,-40553112843935,36209,94752,31393.3,30929.6,9.0,0.158,860059,LOCKED
41495,944.783,-40553112822250,23686,82229,31492.3,30776.9,9.9,0.179,748972,LOCKED
41496,945.783,-40553112807778,5737,64280,31528.4,30720.5,9.9,0.191,834716,LOCKED
41497,946.783,-40553112813137,-28592,29951,31450.2,30888.8,9.9,0.197,801311,LOCKED
41498,947.783,-40553112819897,-62328,0,31334.1,32023.0,10.0,0.203,761940,LOCKED
41499,948.783,-40553112706034,20438,82766,31288.4,31516.3,10.2,0.208,846568,LOCKED
41500,949.783,-40553112688934,7336,69664,31222.7,30939.7,10.7,0.217,838991,LOCKED
41501,950.783,-40553112694705,-27674,34654,31171.3,31166.3,10.8,0.221,798527,LOCKED
41502,951.783,-40553112596836,37547,99875,31181.3,31283.4,10.9,0.225,766540,LOCKED
41503,952.783,-40553112581198,22315,84643,31128.8,30617.8,11.0,0.229,856836,LOCKED
41504,953.783,-40553112578172,-6327,56001,31165.9,30402.1,11.1,0.232,828620,LOCKED
41505,954.783,-40553112572318,-29529,32799,31111.3,30664.6,11.0,0.232,801346,LOCKED
41506,955.783,-40553112471244,39190,101518,31107.2,30607.1,11.0,0.231,767119,LOCKED
41507,956.784,-40553112476843,840,63168,31186.6,30005.9,10.9,0.234,840249,LOCKED
41508,957.784,-40553112486941,-38542,23786,31157.3,30314.5,11.3,0.242,802993,LOCKED
41509,958.784,-40553112379236,35725,98053,31209.9,30690.5,11.3,0.241,772906,LOCKED
41510,959.784,-40553112446202,-58311,4017,31103.5,31693.9,11.4,0.243,781613,LOCKED
41511,960.784,-40553112330382,25971,88299,31081.6,31458.9,11.5,0.245,870111,LOCKED
41512,961.784,-40553112331320,-6655,55673,31122.5,31207.6,11.9,0.247,837718,LOCKED
41513,962.784,-40553112342048,-46394,15934,31096.0,31552.2,12.0,0.248,796888,LOCKED
41514,963.784,-40553112221656,39999,102327,31172.1,32013.0,12.1,0.249,888658,LOCKED
41515,964.784,-40553112220578,9990,72318,31151.3,31903.8,12.2,0.249,862608,LOCKED
41516,965.784,-40553112218948,-19392,42936,31176.7,31679.3,12.3,0.250,829951,LOCKED
41517,966.784,-40553112226857,-55529,6799,31124.3,32377.9,12.4,0.249,795457,LOCKED
41518,967.785,-40553112097835,39989,102317,31174.7,32794.5,12.5,0.249,891807,LOCKED
41519,968.784,-40553112092357,14693,77021,31130.4,32405.0,12.5,0.255,869162,LOCKED
41520,969.784,-40553112048881,26887,89215,31093.1,31946.3,12.6,0.255,885369,LOCKED
41521,970.784,-40553112050254,-6173,56155,31132.6,31718.4,12.7,0.254,853859,LOCKED
41522,971.784,-40553112044788,-29189,33139,31050.9,31877.6,12.6,0.244,824407,LOCKED
41523,972.784,-40553111957539,23786,86114,31169.8,31478.2,12.5,0.234,781406,LOCKED
41524,973.784,-40553111934689,14121,76449,31212.4,31506.3,12.5,0.220,878044,LOCKED
41525,974.784,-40553111940441,-20578,41750,31135.3,31469.8,12.6,0.216,846946,LOCKED
41526,975.785,-40553111936980,-46114,16214,31107.0,31827.2,12.6,0.222,819693,LOCKED
41527,976.785,-40553111832517,25352,87680,31157.7,32009.2,12.7,0.217,894043,LOCKED
41528,977.785,-40553111827287,1061,63389,31075.4,31339.5,12.6,0.185,874744,LOCKED
41529,978.785,-40553111813625,-16252,46076,31097.6,31171.6,12.4,0.157,854734,LOCKED
41530,979.785,-40553111765772,-598,61730,31152.7,30866.2,12.1,0.130,876551,LOCKED
41531,980.785,-40553111761510,-25626,36702,31103.9,31060.2,11.8,0.103,847643,LOCKED
41532,981.785,-40553111750680,-41689,20639,30966.3,31174.3,11.4,0.075,831807,LOCKED
41533,982.785,-40553111631778,42528,104856,31078.3,31571.9,11.4,0.046,919187,LOCKED
41534,983.786,-40553111641561,1123,63451,31103.2,31522.4,10.9,0.026,881529,LOCKED
41535,984.785,-40553111648080,-33411,28917,31007.0,31713.7,10.7,0.003,846773,LOCKED
41536,985.785,-40553111552199,29619,91947,31048.3,31957.2,10.3,-0.025,912468,LOCKED
41537,986.785,-40553111570012,-17844,44484,31009.3,32043.3,10.2,-0.002,865697,LOCKED
41538,987.785,-40553111570748,-45100,17228,30863.7,32214.0,10.4,0.028,834825,LOCKED
41539,988.785,-40553111452085,40863,103191,30885.8,32463.0,10.5,0.053,925055,LOCKED
41540,989.785,-40553111428772,32236,94564,30883.9,32443.1,10.5,0.075,815571,LOCKED
41541,990.785,-40553111412961,15358,77686,30947.1,32388.6,10.7,0.092,900232,LOCKED
41542,991.785,-40553111422903,-23552,38776,30889.1,32520.2,11.3,0.115,864361,LOCKED
41543,992.785,-40553111341367,27064,89392,30845.4,31958.1,11.5,0.136,810377,LOCKED
41544,993.785,-40553111318609,16655,78983,30931.9,31730.0,12.6,0.161,907677,LOCKED
41545,994.785,-40553111328949,-23631,38697,30922.8,31793.3,12.9,0.177,870489,LOCKED
41546,995.785,-40553111240241,32200,94528,30965.2,32074.1,12.9,0.184,825077,LOCKED
41547,996.786,-40553111218024,23219,85547,30937.9,31795.8,12.8,0.189,921173,LOCKED
41548,997.786,-40553111225790,-15810,46518,30980.3,31403.1,12.8,0.194,887349,LOCKED
41549,998.786,-40553111238144,-56312,6016,30934.9,32055.4,12.3,0.197,845629,LOCKED
41550,999.786,-40553111198435,-45257,17071,30898.2,32471.8,12.2,0.195,852853,LOCKED
41551,1000.786,-40553111107229,13696,76024,30941.9,32489.0,12.1,0.198,915310,LOCKED
41552,1001.786,-40553111113950,-21590,40738,30861.0,32450.1,12.0,0.199,881277,LOCKED
41553,1002.786,-40553111023487,37474,99802,30825.0,31888.0,11.8,0.200,835665,LOCKED
41554,1003.786,-40553111013617,14255,76583,30912.6,31576.7,11.8,0.201,919512,LOCKED
41555,1004.786,-40553111032397,-34116,28212,30904.5,31662.9,11.5,0.205,874901,LOCKED
41556,1005.786,-40553110925958,38263,100591,30995.9,32031.1,11.5,0.210,953882,LOCKED
41557,1006.786,-40553110934682,-690,61638,30959.3,31914.1,11.6,0.212,911799,LOCKED
41558,1007.786,-40553110943796,-36135,26193,30792.0,31268.6,11.7,0.214,874139,LOCKED
41559,1008.786,-40553110878398,-2042,60286,30820.6,31170.4,11.8,0.216,948784,LOCKED
41560,1009.786,-40553110854693,-8756,53572,30815.4,31183.0,11.7,0.218,943006,LOCKED
41561,1010.786,-40553110819252,-2840,59488,30756.7,30906.3,11.7,0.217,908711,LOCKED
41562,1011.786,-40553110823394,-36425,25903,30752.8,30952.7,11.7,0.216,880700,LOCKED
41563,1012.786,-40553110786167,-28676,33652,30738.0,31076.0,11.7,0.215,956807,LOCKED
41564,1013.786,-40553110707305,18421,80749,30757.7,31161.4,11.7,0.214,933029,LOCKED
41565,1014.786,-40553110713690,-16441,45887,30673.0,30939.8,11.7,0.213,865942,LOCKED
41566,1015.786,-40553110639983,23673,86001,30777.1,30726.0,11.6,0.206,941940,LOCKED
41567,1016.787,-40553110640304,-7031,55297,30769.4,30738.7,11.4,0.199,913976,LOCKED
41568,1017.787,-40553110625318,-20055,42273,30667.2,30418.4,11.4,0.204,863094,LOCKED
41569,1018.787,-40553110526206,44063,106391,30806.5,30626.5,11.3,0.196,965522,LOCKED
41570,1019.787,-40553110478527,58919,121247,30807.5,30646.6,11.4,0.194,987576,LOCKED
41571,1020.787,-40553110490103,14636,76964,30876.5,30527.2,11.4,0.192,945620,LOCKED
41572,1021.787,-40553110501486,-25665,36663,30822.9,30718.4,11.3,0.198,907163,LOCKED
41573,1022.787,-40553110383988,58632,120960,30842.1,31066.0,11.3,0.196,989425,LOCKED
41574,1023.787,-40553110378762,29514,91842,30965.2,30833.3,11.4,0.195,967839,LOCKED
41575,1024.787,-40553110378881,-1956,60372,30987.4,30770.2,11.5,0.195,939804,LOCKED
41576,1025.787,-40553110363239,-15717,46611,30935.7,30787.5,11.5,0.195,925902,LOCKED
41577,1026.787,-40553110350601,-29999,32329,30788.2,30173.4,11.6,0.196,909071,LOCKED
41578,1027.787,-40553110231139,53551,115879,30951.0,30575.7,11.7,0.197,1000591,LOCKED
41579,1028.787,-40553110233257,18535,80863,31015.8,30576.8,11.7,0.199,970373,LOCKED
41580,1029.787,-40553110188168,29393,91721,31124.9,30512.0,12.8,0.132,983893,LOCKED
41581,1030.787,-40553110198359,-11270,51058,31111.6,30546.3,13.1,0.094,946574,LOCKED
41582,1031.787,-40553110188891,-30036,32292,31020.1,30670.7,12.8,0.062,923953,LOCKED
41583,1032.787,-40553110076463,46981,109309,31157.8,31033.7,12.7,0.014,1007232,LOCKED
41584,1033.787,-40553110079795,10777,73105,31224.1,30850.1,12.7,-0.018,975509,LOCKED
41585,1034.787,-40553110085348,-24054,38274,31168.5,31005.2,12.5,-0.038,939619,LOCKED
41586,1035.788,-40553109995229,33852,96180,31163.4,30944.4,12.4,-0.075,895337,LOCKED
41587,1036.788,-40553109975040,20216,82544,31260.6,30695.8,12.1,-0.104,989202,LOCKED
41588,1037.788,-40553109986560,-21509,40819,31244.5,30788.9,12.0,-0.095,948065,LOCKED
41589,1038.788,-40553109992506,-54710,7618,31139.6,31664.9,11.9,-0.088,914299,LOCKED
41590,1039.788,-40553109865774,37915,100243,31222.3,32056.1,11.8,-0.082,903108,LOCKED
41591,1040.788,-40553109861002,11243,73571,31214.5,32021.5,11.7,-0.078,987839,LOCKED
41592,1041.788,-40553109863784,-20048,42280,31114.8,31746.5,11.6,-0.084,956705,LOCKED
41593,1042.788,-40553109865332,-50874,11454,31109.3,31836.3,11.2,-0.089,924496,LOCKED
41594,1043.788,-40553109741281,39054,101382,31192.4,32255.1,11.2,-0.087,1015070,LOCKED
41595,1044.788,-40553109753386,-3055,59273,31139.1,32042.6,11.2,-0.077,977806,LOCKED
41596,1045.788,-40553109775733,-54042,8286,31106.3,32520.1,11.1,-0.076,925737,LOCKED
41597,1046.788,-40553109659717,29296,91624,31134.7,32714.6,11.1,-0.076,1010605,LOCKED
41598,1047.788,-40553109663638,-3893,58435,31049.4,32148.6,11.1,-0.082,978564,LOCKED
41599,1048.788,-40553109670818,-40702,21626,31047.4,32174.6,11.0,-0.081,943175,LOCKED
41600,1049.788,-40553109629744,-29785,32543,31053.3,32114.1,10.9,-0.080,952821,LOCKED
41601,1050.788,-40553109520721,44413,106741,31164.7,32571.9,10.9,-0.078,1032752,LOCKED
41602,1051.788,-40553109532430,2074,64402,31134.9,32470.3,10.6,-0.080,991529,LOCKED
41603,1052.788,-40553109535225,-30787,31541,31133.7,32482.2,10.2,-0.081,959403,LOCKED
41604,1053.788,-40553109425139,44276,106604,31251.2,32889.6,9.2,-0.080,1040330,LOCKED
41605,1054.788,-40553109433725,4674,67002,31231.8,32826.4,8.7,-0.075,1004161,LOCKED
41606,1055.788,-40553109442829,-34704,27624,31242.6,32696.0,8.6,-0.076,963225,LOCKED
41607,1056.789,-40553109352965,21248,83576,31338.4,32508.0,8.6,-0.076,918183,LOCKED
41608,1057.789,-40553109336950,5626,67954,31343.7,32515.0,8.8,-0.079,1010326,LOCKED
41609,1058.789,-40553109346078,-31036,31292,31208.1,32178.9,9.0,-0.081,969309,LOCKED
41610,1059.789,-40553109338373,-49589,12739,31047.4,32374.7,9.4,-0.085,949207,LOCKED
41611,1060.789,-40553109227978,27378,89706,31118.8,32537.0,9.5,-0.086,1030066,LOCKED
41612,1061.789,-40553109244331,-18034,44294,31047.5,32484.6,9.7,-0.085,984784,LOCKED
41613,1062.789,-40553109241757,-44637,17691,31030.0,32709.3,9.5,-0.082,931774,LOCKED
41614,1063.789,-40553109150597,14010,76338,31079.5,32707.2,9.6,-0.082,1015031,LOCKED
41615,1064.789,-40553109173555,-36288,26040,30956.1,32750.6,9.6,-0.082,971002,LOCKED
41616,1065.789,-40553109072268,30572,92900,31075.9,32612.9,9.7,-0.078,935658,LOCKED
41617,1066.789,-40553109051064,19299,81627,31112.6,32717.3,9.5,-0.072,1029810,LOCKED
41618,1067.789,-40553109046176,-5215,53096,31037.2,32320.0,9.3,-0.065,1007459,LOCKED
41619,1068.789,-40553109038510,-26519,31792,30979.7,32509.0,9.0,-0.057,980114,LOCKED
41620,1069.789,-40553108993653,-11323,46988,30933.7,32482.4,9.3,-0.056,997557,LOCKED
41621,1070.789,-40553108997248,-42476,15835,30838.5,32951.4,9.5,-0.053,963589,LOCKED
41622,1071.789,-40553108879957,42755,101066,30827.3,32786.6,9.7,-0.050,1053126,LOCKED
41623,1072.789,-40553108887735,5368,63679,30758.5,32229.5,9.7,-0.046,1016550,LOCKED
41624,1073.790,-40553108891099,-26903,31408,30712.2,32435.8,9.8,-0.041,981327,LOCKED
41625,1074.789,-40553108797191,35182,93493,30708.2,32388.4,9.8,-0.035,941843,LOCKED
41626,1075.790,-40553108791134,9707,68018,30732.6,32410.3,9.8,-0.029,1024223,LOCKED
41627,1076.790,-40553108799144,-26273,32038,30640.5,32410.7,9.8,-0.024,990458,LOCKED
41628,1077.790,-40553108689464,50824,109135,30651.3,32577.8,9.4,-0.005,1070911,LOCKED
41629,1078.790,-40553108708399,407,58718,30691.5,32434.1,9.4,0.003,1024377,LOCKED
41630,1079.790,-40553108675933,671,58982,30764.7,31951.0,9.0,0.024,1027130,LOCKED
41631,1080.790,-40553108683291,-35070,23241,30706.0,32303.3,8.9,0.029,989998,LOCKED
41632,1081.790,-40553108569842,45960,104271,30713.6,32411.8,8.8,0.036,1074551,LOCKED
41633,1082.790,-40553108585199,-1568,56743,30787.9,31859.1,8.6,0.044,1031088,LOCKED
41634,1083.790,-40553108591321,-36687,21624,30761.0,32115.6,8.7,0.039,994790,LOCKED
41635,1084.790,-40553108474503,46471,104782,30826.1,32705.1,8.7,0.035,1084285,LOCKED
41636,1085.790,-40553108473861,16012,74323,30812.9,32621.2,8.7,0.032,1052338,LOCKED
41637,1086.790,-40553108485595,-23384,34927,30696.9,32256.8,8.7,0.029,1015663,LOCKED
41638,1087.790,-40553108388113,39173,97484,30839.6,32186.5,8.7,0.027,978255,LOCKED
41639,1088.790,-40553108373271,21216,79527,30900.6,32262.7,8.8,0.038,1063275,LOCKED
41640,1089.790,-40553108338385,22581,80892,30991.8,32160.3,8.6,0.037,1069728,LOCKED
41641,1090.790,-40553108354948,-23054,35257,30935.8,32289.9,8.6,0.034,1027744,LOCKED
41642,1091.791,-40553108346682,-41691,16620,30807.0,32497.0,8.6,0.039,1004880,LOCKED
41643,1092.790,-40553108235002,35096,93407,30949.4,32241.5,8.6,0.046,1089218,LOCKED
41644,1093.791,-40553108236556,1880,60191,30981.3,32166.3,8.7,0.043,1057527,LOCKED
41645,1094.791,-40553108243099,-32692,25619,30890.7,32368.4,8.6,0.048,1022442,LOCKED
41646,1095.791,-40553108120271,54135,112446,31051.7,32794.9,8.7,0.053,1115798,LOCKED
41647,1096.791,-40553108129609,11804,70115,31127.5,32555.7,8.6,0.050,1075198,LOCKED
41648,1097.791,-40553108136977,-24668,33643,31069.1,32706.7,8.5,0.047,1037563,LOCKED
41649,1098.791,-40553108123999,-38408,19903,30919.2,32496.0,8.5,0.052,997955,LOCKED
41650,1099.791,-40553108094441,-38651,19660,30928.6,32369.1,8.4,0.056,1019572,LOCKED
41651,1100.791,-40553107975426,45568,103879,31042.8,32847.9,8.4,0.061,1111763,LOCKED
41652,1101.791,-40553107972132,17036,75347,31053.0,32893.7,8.4,0.059,1083660,LOCKED
41653,1102.791,-40553107963244,-3328,54983,30969.9,32348.6,8.5,0.062,1065924,LOCKED
41654,1103.791,-40553107955600,-26449,31862,31004.0,31946.1,8.4,0.062,1044650,LOCKED
41655,1104.791,-40553107935968,-35528,22783,30950.4,32301.2,8.2,0.073,1032940,LOCKED
41656,1105.791,-40553107821726,46298,104609,30945.3,32221.5,8.2,0.077,1118089,LOCKED
41657,1106.791,-40553107816646,17968,76279,31036.6,31980.6,8.4,0.086,1095221,LOCKED
41658,1107.791,-40553107810414,-6463,51848,31029.0,31991.3,8.5,0.088,1070459,LOCKED
41659,1108.791,-40553107800561,-24636,33675,30922.4,31788.8,8.7,0.096,1051737,LOCKED
41660,1109.791,-40553107755464,-8801,49510,30855.4,31559.7,9.0,0.104,1068354,LOCKED
41661,1110.791,-40553107755461,-38622,19689,30869.0,31365.7,8.9,0.108,1040086,LOCKED
41662,1111.791,-40553107640776,42066,100377,30952.8,31872.3,8.9,0.110,1020280,LOCKED
41663,1112.792,-40553107619946,30738,89049,30960.8,31947.4,9.0,0.111,1114009,LOCKED
41664,1113.792,-40553107618676,-762,57549,31051.0,31150.3,9.3,0.115,1087195,LOCKED
41665,1114.792,-40553107611200,-23294,35017,31038.6,31233.1,9.2,0.120,1067652,LOCKED
41666,1115.792,-40553107603388,-42707,15604,30922.2,31604.3,9.3,0.121,1044864,LOCKED
41667,1116.792,-40553107478730,46640,104951,31060.3,31936.0,9.3,0.122,1138042,LOCKED
41668,1117.792,-40553107486444,6655,64966,31108.8,31821.5,9.2,0.117,1104055,LOCKED
41669,1118.792,-40553107486194,-22045,36266,31039.3,31873.0,9.1,0.112,1073060,LOCKED
41670,1119.792,-40553107446549,-11135,47176,30944.6,31372.4,9.0,0.106,1081090,LOCKED
41671,1120.792,-40553107348493,51231,109542,31092.6,31817.3,8.9,0.099,1044505,LOCKED
41672,1121.792,-40553107342458,24810,83121,31118.3,31965.5,8.7,0.092,1128040,LOCKED
41673,1122.792,-40553107348766,-10512,47799,31032.3,31567.1,9.0,0.090,1093436,LOCKED
41674,1123.792,-40553107331114,-22958,35353,31024.6,31620.3,9.3,0.089,1078090,LOCKED
41675,1124.792,-40553107302668,-22711,35600,30923.5,31413.9,9.6,0.086,1081726,LOCKED
41676,1125.792,-40553107292614,-41819,16492,30906.6,31622.7,9.4,0.075,1062312,LOCKED
41677,1126.792,-40553107169354,46474,104785,31028.8,32091.8,9.7,0.070,1153888,LOCKED
41678,1127.792,-40553107170690,13181,71492,31052.5,32141.6,9.9,0.064,1122612,LOCKED
41679,1128.793,-40553107174256,-19292,39019,30979.2,32102.6,9.9,0.059,1093436,LOCKED
41680,1129.793,-40553107132994,-8060,50251,30945.9,32087.0,9.9,0.038,1100168,LOCKED
41681,1130.793,-40553107037097,54742,113053,30960.3,32325.7,9.7,0.013,1061480,LOCKED
41682,1131.793,-40553107029703,27864,86175,31076.7,32122.8,9.5,-0.016,1148720,LOCKED
41683,1132.793,-40553107027609,-1158,57153,31080.6,32120.0,9.6,-0.005,1116788,LOCKED
41684,1133.793,-40553107036563,-37484,20827,30960.7,32249.1,9.3,-0.011,1082591,LOCKED
41685,1134.792,-40553106914754,48942,107253,31096.6,32697.4,9.1,-0.023,1173281,LOCKED
41686,1135.793,-40553106947248,-13938,44373,31084.9,32737.3,9.2,-0.021,1110071,LOCKED
41687,1136.793,-40553106851584,48409,106720,31114.0,33109.9,9.3,-0.005,1071825,LOCKED
41688,1137.793,-40553106835522,29646,87957,31247.1,32757.0,9.2,-0.022,1165548,LOCKED
41689,1138.793,-40553106830749,2954,61265,31252.8,32759.5,9.7,0.006,1144763,LOCKED
41690,1139.793,-40553106790406,11205,69516,31275.4,32794.0,9.8,0.020,1151859,LOCKED
41691,1140.793,-40553106797169,-23874,34437,31169.7,32580.4,10.0,0.049,1120955,LOCKED
41692,1141.793,-40553106784973,-41477,16834,31171.4,32556.9,9.9,0.060,1092031,LOCKED
41693,1142.793,-40553106672873,36972,95283,31231.7,32939.9,9.8,0.070,1175181,LOCKED
41694,1143.793,-40553106659195,19449,77760,31197.8,32622.8,9.6,0.067,1162630,LOCKED
41695,1144.793,-40553106644587,1180,59491,31278.4,32050.6,9.4,0.074,1146903,LOCKED
41696,1145.794,-40553106634727,-19500,38811,31274.6,32073.6,9.2,0.071,1126736,LOCKED
41697,1146.793,-40553106614687,-27897,30414,31181.6,32115.2,9.1,0.068,1119366,LOCKED
41698,1147.793,-40553106604389,-46888,11423,31166.7,32322.7,8.9,0.072,1098938,LOCKED
41699,1148.794,-40553106475773,46504,104815,31288.7,32784.5,8.9,0.075,1200408,LOCKED
41700,1149.794,-40553106550857,-56973,1338,31241.2,33439.1,8.7,0.071,1094720,LOCKED
41701,1150.794,-40553106430863,30308,88619,31263.1,33604.3,8.5,0.074,1182848,LOCKED
41702,1151.793,-40553106431767,-372,57939,31190.6,33140.1,8.5,0.070,1151284,LOCKED
41703,1152.794,-40553106436763,-35402,22909,31192.7,33115.4,8.5,0.072,1117544,LOCKED
41704,1153.794,-40553106319067,47606,105917,31285.3,33733.2,8.3,0.073,1204072,LOCKED
41705,1154.794,-40553106316813,18386,76697,31263.9,33569.3,8.3,0.069,1177673,LOCKED
41706,1155.794,-40553106318556,-15653,42658,31340.7,32651.8,8.3,0.071,1147689,LOCKED
41707,1156.794,-40553106315721,-42034,16277,31306.3,33007.1,8.3,0.075,1118239,LOCKED
41708,1157.794,-40553106196041,43867,102178,31354.8,33468.0,8.3,0.077,1209440,LOCKED
41709,1158.794,-40553106198591,10453,68764,31313.2,33175.4,8.5,0.081,1181575,LOCKED
41710,1159.794,-40553106170318,8195,66506,31261.1,32792.2,8.7,0.085,1176395,LOCKED
41711,1160.794,-40553106183491,-35466,22845,31282.2,32510.5,8.9,0.088,1133491,LOCKED
41712,1161.794,-40553106087409,26708,85019,31366.8,32581.1,8.8,0.087,1095693,LOCKED
41713,1162.794,-40553106077583,4781,63092,31377.8,32586.9,8.9,0.089,1178969,LOCKED
41714,1163.794,-40553106087109,-33042,25269,31281.4,32759.2,8.7,0.087,1143949,LOCKED
41715,1164.794,-40553105979859,41345,99656,31290.3,32869.3,8.9,0.091,1220757,LOCKED
41716,1165.795,-40553106026431,-35663,22648,31307.7,32641.9,8.9,0.089,1140953,LOCKED
41717,1166.794,-40553105919170,36961,95272,31409.8,32898.9,9.4,0.095,1220052,LOCKED
41718,1167.794,-40553105927740,-2785,55526,31403.0,32900.7,9.9,0.096,1180107,LOCKED
41719,1168.795,-40553105929066,-32444,25867,31306.1,33049.3,10.0,0.100,1151802,LOCKED
41720,1169.795,-40553105888991,-21743,36568,31247.3,33142.3,10.5,0.104,1162429,LOCKED
41721,1170.795,-40553105809534,26233,84544,31215.1,32777.8,10.6,0.102,1106606,LOCKED
41722,1171.795,-40553105792734,9827,68138,31296.6,32424.6,10.7,0.099,1194983,LOCKED
41723,1172.795,-40553105793236,-21513,36798,31309.9,32315.0,10.7,0.095,1165248,LOCKED
41724,1173.795,-40553105697013,40567,98878,31381.6,32781.2,10.7,0.097,1127415,LOCKED
41725,1174.795,-40553105690781,15151,73462,31369.4,32708.2,10.8,0.092,1207082,LOCKED
41726,1175.795,-40553105697317,-19719,38592,31253.1,32200.2,10.8,0.087,1175038,LOCKED
41727,1176.795,-40553105690863,-43050,15261,31252.6,32206.4,10.7,0.080,1149680,LOCKED
41728,1177.795,-40553105604018,11551,69862,31282.1,32236.6,10.7,0.073,1222966,LOCKED
41729,1178.795,-40553105601962,-15693,42618,31210.8,32128.4,10.7,0.065,1182891,LOCKED
41730,1179.795,-40553105583255,-25735,32576,31132.6,32216.5,10.3,0.044,1176019,LOCKED
41731,1180.795,-40553105581790,-53328,4983,31119.5,32428.0,10.2,0.018,1140466,LOCKED
41732,1181.795,-40553105483318,12377,70688,31179.9,32333.1,10.3,-0.002,1216817,LOCKED
41733,1182.795,-40553105495260,-28297,30014,31106.7,32509.3,10.4,-0.008,1178906,LOCKED
41734,1183.795,-40553105487231,-47072,11239,30973.5,32899.2,10.4,-0.018,1144836,LOCKED
41735,1184.795,-40553105403371,6606,64917,30923.6,32565.1,10.7,0.007,1201625,LOCKED
41736,1185.795,-40553105392305,-10452,47859,30803.4,31625.3,11.2,0.029,1182996,LOCKED
41737,1186.796,-40553105387889,-35440,22871,30793.6,31730.7,11.4,0.045,1158491,LOCKED
41738,1187.796,-40553105261033,56727,113700,30890.6,32651.8,11.5,0.060,1255606,LOCKED
41739,1188.796,-40553105262563,23858,80831,30872.9,32486.7,11.5,0.058,1223830,LOCKED
41740,1189.796,-40553105216666,37189,94162,30894.2,32700.1,11.6,0.070,1245696,LOCKED
41741,1190.795,-40553105236423,-13904,43069,30939.1,32312.0,11.7,0.082,1190633,LOCKED
41742,1191.796,-40553105239421,-45337,11636,30891.5,32800.2,11.8,0.095,1161857,LOCKED
41743,1192.796,-40553105116962,43588,100561,30948.8,33296.9,11.8,0.108,1251277,LOCKED
41744,1193.796,-40553105122288,8506,65479,30876.0,32616.8,11.8,0.108,1219245,LOCKED
41745,1194.796,-40553105126860,-26448,30525,30895.7,32411.6,11.5,0.120,1186616,LOCKED
41746,1195.796,-40553105015339,51454,108427,30943.9,32995.8,11.5,0.128,1267475,LOCKED
41747,1196.796,-40553105022505,11113,68086,31035.1,32560.0,11.4,0.135,1231930,LOCKED
41748,1197.796,-40553105027654,-24413,32560,31043.4,32487.8,11.1,0.142,1194934,LOCKED
41749,1198.796,-40553104937196,32591,89564,31107.7,32783.2,11.1,0.147,1153571,LOCKED
41750,1199.796,-40553104897123,38363,95336,31200.8,33134.2,11.0,0.151,1264370,LOCKED
41751,1200.796,-40553104908104,-2876,54097,31159.2,33015.5,11.1,0.155,1226178,LOCKED
41752,1201.796,-40553104914866,-36766,20207,31022.2,32915.3,11.2,0.165,1192072,LOCKED
41753,1202.796,-40553104801218,41693,98666,31157.6,33048.1,11.4,0.173,1273143,LOCKED
41754,1203.797,-40553104808927,1909,58882,31199.6,32913.6,11.1,0.179,1237490,LOCKED
41755,1204.797,-40553104819473,-37480,19493,31146.2,33291.2,11.6,0.191,1197601,LOCKED
41756,1205.797,-40553104703806,44485,101458,31197.7,33772.6,11.7,0.200,1284760,LOCKED
41757,1206.797,-40553104695552,20998,77971,31189.4,33712.1,12.2,0.212,1263871,LOCKED
41758,1207.797,-40553104686132,868,57841,31107.3,33085.1,13.0,0.223,1242986,LOCKED
41759,1208.797,-40553104687842,-31424,25549,31133.9,32754.5,13.2,0.229,1210045,LOCKED
41760,1209.797,-40553104667567,-37615,19358,30967.0,32216.4,13.6,0.236,1201840,LOCKED
41761,1210.797,-40553104555994,39324,96297,31081.8,32462.4,13.7,0.239,1285206,LOCKED
41762,1211.797,-40553104562505,1706,58679,31080.2,32461.3,13.5,0.239,1250840,LOCKED
41763,1212.797,-40553104570455,-33603,23370,30953.2,32353.8,13.6,0.241,1212238,LOCKED
41764,1213.797,-40553104461208,40317,97290,31101.1,32264.5,13.7,0.242,1292940,LOCKED
41765,1214.797,-40553104457774,11171,68144,31155.2,32189.4,13.4,0.238,1267502,LOCKED
41766,1215.797,-40553104464672,-24752,32221,31091.7,32327.1,13.3,0.234,1231892,LOCKED
41767,1216.797,-40553104465863,-51946,5027,30928.1,32606.9,13.3,0.234,1198441,LOCKED
41768,1217.797,-40553104405653,-22611,34362,30963.2,32235.4,13.5,0.235,1276609,LOCKED
41769,1218.797,-40553104364149,-11662,45311,30962.5,32238.0,13.8,0.235,1240450,LOCKED
41770,1219.797,-40553104333233,-11245,45728,30958.5,32251.2,13.8,0.234,1241913,LOCKED
41771,1220.797,-40553104289223,2854,59827,30902.2,31902.3,14.0,0.233,1187523,LOCKED
41772,1221.797,-40553104295975,-33467,23506,30892.4,32001.0,14.2,0.232,1286970,LOCKED
41773,1222.798,-40553104223705,7143,64116,30918.2,31999.1,14.4,0.230,1261503,LOCKED
41774,1223.798,-40553104217639,-15488,41485,30834.8,31770.8,14.4,0.226,1238231,LOCKED
41775,1224.797,-40553104217835,-44878,12095,30829.0,31854.3,14.4,0.222,1205629,LOCKED
41776,1225.797,-40553104115784,25783,82756,30813.6,31700.5,14.2,0.211,1280886,LOCKED
41777,1226.798,-40553104112490,-2970,54003,30879.2,31224.8,14.2,0.213,1257494,LOCKED
41778,1227.798,-40553104103819,-23663,33310,30844.1,31385.8,14.2,0.215,1237903,LOCKED
41779,1228.798,-40553103999741,47318,104291,30876.1,31792.0,14.2,0.210,1204934,LOCKED
41780,1229.798,-40553104051527,-32371,24602,30783.8,31976.6,14.2,0.213,1230119,LOCKED
41781,1230.798,-40553103932286,51577,108550,30919.6,32545.6,14.2,0.207,1319406,LOCKED
41782,1231.798,-40553103932029,19041,76014,30979.9,32581.3,14.1,0.201,1290920,LOCKED
41783,1232.798,-40553103924567,-3707,53266,30948.3,32526.8,14.1,0.192,1271872,LOCKED
41784,1233.798,-40553103911895,-22214,34759,30996.6,31958.9,13.9,0.168,1254449,LOCKED
41785,1234.798,-40553103803805,50388,107361,31133.6,32465.9,13.8,0.157,1227120,LOCKED
41786,1235.798,-40553103768817,50923,107896,31211.9,33183.4,14.0,0.111,1337840,LOCKED
41787,1236.798,-40553103772339,16124,73097,31188.2,33011.4,13.7,0.056,1305589,LOCKED
41788,1237.798,-40553103760109,-3468,53505,31225.2,32846.0,13.6,0.018,1287074,LOCKED
41789,1238.798,-40553103757239,-29653,27320,31167.9,33089.3,12.9,-0.020,1258917,LOCKED
41790,1239.798,-40553103730361,-31177,25796,31083.8,33281.3,12.5,-0.060,1255478,LOCKED
41791,1240.798,-40553103625727,41240,98213,31070.8,33095.9,12.4,-0.072,1333951,LOCKED
41792,1241.798,-40553103630851,4156,61129,31107.6,33021.8,12.2,-0.088,1297969,LOCKED
41793,1242.798,-40553103643405,-36106,20867,31000.6,33212.1,11.5,-0.145,1255903,LOCKED
41794,1243.799,-40553103542176,33600,90573,30970.3,32803.8,10.8,-0.124,1221314,LOCKED
41795,1244.799,-40553103530709,13192,70165,30992.8,32852.7,10.7,-0.113,1310645,LOCKED
41796,1245.799,-40553103534678,-19693,37280,30923.5,32851.1,11.0,-0.095,1274689,LOCKED
41797,1246.799,-40553103531211,-42470,14503,30764.1,32699.1,11.2,-0.078,1252090,LOCKED
41798,1247.799,-40553103424948,29455,86428,30890.8,32426.2,11.1,-0.073,1326033,LOCKED
41799,1248.799,-40553103427308,-4029,52944,30909.0,32371.9,11.0,-0.068,1296018,LOCKED
41800,1249.799,-40553103396788,-5139,51834,30953.0,32117.9,11.1,-0.057,1299654,LOCKED
41801,1250.799,-40553103398779,-34988,21985,30859.1,32369.6,11.1,-0.047,1264689,LOCKED
41802,1251.799,-40553103290509,41495,98468,30835.6,31998.1,11.1,-0.038,1347096,LOCKED
41803,1252.799,-40553103285834,13193,70166,30918.9,31707.1,11.1,-0.031,1319959,LOCKED
41804,1253.799,-40553103283412,-14340,42633,30895.4,31766.6,10.7,-0.025,1292110,LOCKED
41805,1254.799,-40553103290155,-47434,9539,30751.0,32063.6,10.6,-0.020,1258314,LOCKED
41806,1255.799,-40553103181511,27089,84062,30871.6,31773.5,10.5,-0.016,1335628,LOCKED
41807,1256.799,-40553103187649,-9526,47447,30868.0,31783.4,10.4,-0.013,1300840,LOCKED
41808,1257.799,-40553103190999,-39955,17018,30748.3,32013.1,10.3,-0.011,1271447,LOCKED
41809,1258.799,-40553103073960,42389,99362,30871.8,32303.5,10.1,-0.010,1357155,LOCKED
41810,1259.799,-40553103052288,29676,86649,30995.1,32082.2,10.0,-0.009,1351740,LOCKED
41811,1260.799,-40553103066064,-14199,42774,30974.7,32138.2,9.8,-0.009,1310930,LOCKED
41812,1261.799,-40553102965322,53138,110111,31005.6,32583.7,9.8,-0.012,1272847,LOCKED
41813,1262.799,-40553102955334,28479,85452,31137.2,32197.2,9.8,-0.010,1358667,LOCKED
41814,1263.800,-40553102974278,-20597,36376,31122.1,32277.5,10.1,-0.006,1313228,LOCKED
41815,1264.799,-40553102873078,47250,104223,31153.1,32662.8,10.1,-0.003,1278369,LOCKED
41816,1265.800,-40553102875813,10675,67648,31267.4,31844.7,10.1,0.001,1365624,LOCKED
41817,1266.800,-40553102869935,-14948,42025,31303.8,31538.6,9.8,0.005,1334452,LOCKED
41818,1267.800,-40553102866431,-40494,16479,31260.5,31942.6,9.5,0.012,1298672,LOCKED
41819,1268.800,-40553102748163,44073,101046,31307.0,32411.1,9.5,0.016,1385554,LOCKED
41820,1269.800,-40553102811475,-46319,10654,31176.3,32792.7,9.2,0.024,1291573,LOCKED
41821,1270.800,-40553102695268,34576,91549,31322.1,32464.0,9.2,0.028,1377961,LOCKED
41822,1271.800,-40553102695234,2563,59536,31353.5,32398.9,9.1,0.032,1347494,LOCKED
41823,1272.800,-40553102698168,-28902,28071,31262.9,32488.6,9.4,0.038,1322041,LOCKED
41824,1273.800,-40553102686728,-47308,9665,31272.1,32339.2,9.7,0.044,1300645,LOCKED
41825,1274.800,-40553102556278,47607,104580,31402.4,32779.2,9.6,0.048,1401055,LOCKED
41826,1275.800,-40553102570625,2005,58978,31391.8,32762.1,9.9,0.048,1353384,LOCKED
41827,1276.801,-40553102585509,-40021,16952,31249.5,32737.0,10.7,0.046,1310513,LOCKED
41828,1277.801,-40553102468098,43688,100661,31297.3,33195.1,10.9,0.051,1401481,LOCKED
41829,1278.800,-40553102486441,-5371,51602,31277.6,33193.7,10.9,0.056,1350576,LOCKED
41830,1279.800,-40553102455174,-4805,52168,31257.3,33187.4,11.1,0.052,1349639,LOCKED
41831,1280.801,-40553102462110,-40380,16593,31195.8,33629.6,11.3,0.057,1313399,LOCKED
41832,1281.801,-40553102339068,49242,106215,31223.1,33981.3,11.3,0.063,1411149,LOCKED
41833,1282.801,-40553102327447,27487,84460,31283.2,34173.3,11.4,0.067,1393180,LOCKED
41834,1283.801,-40553102330955,-6262,50711,31242.4,34105.9,11.7,0.061,1360567,LOCKED
41835,1284.800,-40553102331682,-34084,22889,31095.2,33746.4,11.7,0.055,1328438,LOCKED
41836,1285.801,-40553102249632,15226,72199,31150.7,33736.0,12.2,0.043,1378828,LOCKED
41837,1286.801,-40553102276002,-39220,17753,31064.9,34128.2,12.3,0.055,1327059,LOCKED
41838,1287.802,-40553102164129,40024,96997,31075.1,34244.6,12.3,0.047,1407672,LOCKED
41839,1288.802,-40553102166505,4884,61857,31150.0,33863.4,12.0,0.027,1377266,LOCKED
41840,1289.801,-40553102138252,3268,60241,31081.6,33375.8,12.0,0.020,1376375,LOCKED
41841,1290.801,-40553102161001,-48710,8263,31071.6,33519.1,11.7,-0.003,1322542,LOCKED
41842,1291.801,-40553102038915,39104,96077,31163.9,33887.7,11.3,-0.042,1416161,LOCKED
41843,1292.801,-40553102050114,-2784,54189,31145.2,33872.9,11.2,-0.055,1374850,LOCKED
41844,1293.801,-40553102049826,-30553,26420,31044.2,33928.5,11.2,-0.058,1345827,LOCKED
41845,1294.803,-40553101936810,46506,103479,31208.3,33913.9,10.6,-0.099,1428666,LOCKED
41846,1295.802,-40553101933926,15139,72112,31332.7,33120.8,10.2,-0.087,1405553,LOCKED
41847,1296.801,-40553101931860,-14054,42919,31352.5,32996.6,9.8,-0.078,1377988,LOCKED
41848,1297.805,-40553101931806,-42653,14320,31290.8,33485.6,9.3,-0.070,1347131,LOCKED
41849,1298.803,-40553101902148,-40675,16298,31181.1,33807.3,9.2,-0.066,1315542,LOCKED
41850,1299.802,-40553101890687,-55494,1479,31032.6,34409.2,8.6,-0.061,1325927,LOCKED
41851,1300.802,-40553101779492,21718,78691,31141.5,34097.1,8.6,-0.067,1408000,LOCKED
41852,1301.802,-40553101774040,-3970,53003,31148.0,34085.3,8.4,-0.065,1385713,LOCKED
41853,1302.802,-40553101779148,-36424,20549,31021.7,34101.3,7.7,-0.064,1348893,LOCKED
41854,1303.802,-40553101753330,-39948,17025,31005.7,34275.4,7.5,-0.063,1317126,LOCKED
41855,1304.802,-40553101671264,9989,66962,31044.3,34263.4,7.3,-0.063,1400410,LOCKED
41856,1305.802,-40553101656614,-5261,51712,30996.8,34142.6,7.5,-0.069,1386019,LOCKED
41857,1306.802,-40553101640330,-16974,39999,30877.6,33511.0,7.5,-0.068,1370358,LOCKED
41858,1307.804,-40553101550634,38451,93945,30980.4,33804.3,7.2,-0.069,1325409,LOCKED
41859,1308.802,-40553101518416,37454,92948,31027.9,34155.7,7.1,-0.075,1430654,LOCKED
41860,1309.802,-40553101490513,32439,87933,31066.7,34410.3,7.3,-0.080,1326779,LOCKED
41861,1310.802,-40553101462878,28551,84045,31041.6,34134.7,7.4,-0.076,1427116,LOCKED
41862,1311.802,-40553101462624,-3170,52324,31092.8,33853.2,7.6,-0.072,1403217,LOCKED
41863,1312.802,-40553101453390,-23671,31823,31065.4,33987.7,7.8,-0.069,1380980,LOCKED
41864,1313.802,-40553101440332,-38274,17220,30961.8,34266.2,7.7,-0.070,1363431,LOCKED
41865,1314.802,-40553101321296,48607,104101,30939.5,33887.1,7.7,-0.070,1455571,LOCKED
41866,1315.803,-40553101346045,-7082,48412,30951.3,33848.7,7.7,-0.072,1397921,LOCKED
41867,1316.803,-40553101345166,-33986,21508,30852.1,34024.3,7.7,-0.073,1371424,LOCKED
41868,1317.803,-40553101223104,55488,110982,30845.0,33897.6,7.7,-0.074,1464057,LOCKED
41869,1318.804,-40553101222870,22443,77937,30927.3,33871.5,7.8,-0.078,1437075,LOCKED
41870,1319.802,-40553101168179,42611,98105,31033.1,34277.7,8.0,-0.082,1458877,LOCKED
41871,1320.803,-40553101176980,3407,58901,30996.4,34121.3,8.6,-0.087,1423619,LOCKED
41872,1321.804,-40553101184108,-33922,21572,31013.9,33911.9,8.9,-0.097,1385898,LOCKED
41873,1322.803,-40553101072673,42653,98147,31131.9,34239.5,9.0,-0.100,1466907,LOCKED
41874,1323.803,-40553101076417,8011,63505,31107.1,34124.2,9.1,-0.098,1436077,LOCKED
41875,1324.803,-40553101081963,-28335,27159,31139.2,33750.7,9.6,-0.102,1400834,LOCKED
41876,1325.803,-40553100970083,48497,103991,31250.6,34326.6,10.1,-0.105,1484165,LOCKED
41877,1326.804,-40553100977868,9098,64592,31253.3,34333.5,10.0,-0.114,1444167,LOCKED
41878,1327.803,-40553100989972,-30847,24647,31136.9,34250.0,11.0,-0.117,1404643,LOCKED
41879,1328.803,-40553100877982,45153,100647,31300.3,34177.6,11.4,-0.120,1484914,LOCKED
41880,1329.803,-40553100865431,26074,81568,31273.0,33892.4,11.8,-0.122,1362786,LOCKED
41881,1330.803,-40553100849469,8685,64179,31360.7,33444.9,12.1,-0.123,1452038,LOCKED
41882,1331.804,-40553100848990,-21193,34301,31346.7,33520.6,12.5,-0.124,1426228,LOCKED
41883,1332.804,-40553100851720,-50979,4515,31220.7,34110.0,12.7,-0.115,1393183,LOCKED
41884,1333.803,-40553100731686,36840,92334,31208.2,33953.9,13.4,-0.103,1482830,LOCKED
41885,1334.803,-40553100722674,11907,67401,31322.9,33206.1,13.7,-0.100,1463292,LOCKED
41886,1335.803,-40553100724810,-20550,34944,31307.9,33283.2,13.9,-0.085,1432914,LOCKED
41887,1336.804,-40553100637060,34694,90188,31309.0,33294.9,13.7,-0.053,1384528,LOCKED
41888,1337.804,-40553100624061,13622,69116,31422.1,32622.4,13.8,-0.029,1470008,LOCKED
41889,1338.804,-40553100629211,-21629,33865,31393.2,32746.9,13.8,-0.029,1440089,LOCKED
41890,1339.804,-40553100598101,-20641,34853,31365.1,32860.6,13.6,-0.014,1441613,LOCKED
41891,1340.804,-40553100609490,-58136,0,31203.4,33476.8,13.6,-0.014,1401405,LOCKED
41892,1341.804,-40553100492457,24117,82253,31339.1,32849.1,13.5,-0.010,1486642,LOCKED
41893,1342.804,-40553100498781,-13936,44200,31381.5,32493.5,13.3,0.011,1450234,LOCKED
41894,1343.804,-40553100500123,-43805,14331,31314.1,33025.4,13.0,0.035,1418962,LOCKED
41895,1344.804,-40553100406710,18032,76168,31297.0,32899.7,12.9,0.060,1508521,LOCKED
41896,1345.804,-40553100396373,-3459,54677,31328.8,32771.7,11.9,0.147,1466717,LOCKED
41897,1346.804,-40553100405349,-39762,18374,31198.3,32877.8,11.6,0.142,1428414,LOCKED
41898,1347.804,-40553100311916,19606,77742,31306.6,32484.9,12.0,0.116,1504057,LOCKED
41899,1348.804,-40553100325274,-23832,34304,31286.0,32604.3,12.0,0.106,1472773,LOCKED
41900,1349.804,-40553100313975,-41272,16864,31229.6,33059.6,12.0,0.097,1457795,LOCKED
41901,1350.804,-40553100286312,-40397,17739,31078.5,32930.6,11.9,0.090,1424293,LOCKED
41902,1351.804,-40553100202298,10368,68504,31167.9,32495.6,12.0,0.085,1503116,LOCKED
41903,1352.805,-40553100190035,-8030,50106,31156.4,32513.3,11.9,0.080,1468581,LOCKED
41904,1353.804,-40553100194393,-39726,18410,31034.8,32711.9,11.6,0.075,1432695,LOCKED
41905,1354.805,-40553100073879,44887,103023,31199.3,32605.3,11.5,0.072,1517186,LOCKED
41906,1355.805,-40553100075245,10667,68803,31262.9,32451.8,11.6,0.063,1486856,LOCKED
41907,1356.805,-40553100072216,-16376,41760,31231.7,32527.3,11.6,0.061,1460063,LOCKED
41908,1357.805,-40553100064156,-35866,22270,31110.4,32577.6,11.5,0.060,1439345,LOCKED
41909,1358.805,-40553099955270,40462,98598,31114.1,32624.8,11.4,0.065,1518972,LOCKED
41910,1359.805,-40553099921780,42027,100163,31083.9,32128.9,11.4,0.070,1523022,LOCKED
41911,1360.805,-40553099931937,126,58262,31116.2,32033.0,11.4,0.069,1480884,LOCKED
41912,1361.805,-40553099923356,-20748,37388,31069.1,32146.0,11.3,0.069,1463360,LOCKED
41913,1362.806,-40553099918674,-42621,15515,30918.1,32125.1,11.2,0.070,1437439,LOCKED
41914,1363.805,-40553099789620,53675,111811,30919.1,32142.5,11.0,0.072,1536416,LOCKED
41915,1364.805,-40553099807758,4442,62578,30920.4,32144.2,11.0,0.077,1495460,LOCKED
41916,1365.805,-40553099801890,-18599,39537,30852.5,32127.4,11.0,0.077,1466954,LOCKED
41917,1366.805,-40553099794662,-38253,19883,30721.0,32159.8,10.8,0.080,1448209,LOCKED
41918,1367.805,-40553099676815,45084,103220,30832.1,32642.8,10.7,0.083,1531809,LOCKED
41919,1368.805,-40553099681341,8341,66477,30886.4,32518.2,10.8,0.086,1501639,LOCKED
41920,1369.805,-40553099656247,1668,59804,30926.9,32388.1,10.8,0.086,1492747,LOCKED
41921,1370.805,-40553099666637,-37729,20407,30895.3,32681.3,10.2,0.094,1454962,LOCKED
41922,1371.805,-40553099551807,43565,101701,30952.6,33179.5,9.6,0.105,1543362,LOCKED
41923,1372.805,-40553099549931,14606,72742,30922.5,32956.7,8.9,0.115,1511919,LOCKED
41924,1373.805,-40553099563919,-26621,31515,30785.7,32412.2,8.7,0.123,1469871,LOCKED
41925,1374.805,-40553099469600,33433,91569,30901.1,32432.3,8.4,0.130,1429231,LOCKED
41926,1375.805,-40553099477382,-4247,53889,30858.8,32325.3,8.1,0.138,1495549,LOCKED
41927,1376.806,-40553099388099,52366,110502,30860.6,32355.0,7.7,0.147,1453745,LOCKED
41928,1377.807,-40553099377257,28973,87109,30978.2,32179.3,7.3,0.156,1537525,LOCKED
41929,1378.805,-40553099395603,-19397,38739,30963.7,32251.9,7.2,0.161,1489266,LOCKED
41930,1379.805,-40553099362958,-17726,40410,30993.7,31992.8,7.1,0.165,1492356,LOCKED
41931,1380.806,-40553099276067,35793,93929,31051.0,32357.1,7.1,0.164,1445192,LOCKED
41932,1381.806,-40553099263457,17565,75701,31011.3,31981.5,7.1,0.162,1531560,LOCKED
41933,1382.806,-40553099271602,-21454,36682,31040.3,31696.3,7.1,0.168,1495264,LOCKED
41934,1383.807,-40553099266554,-44532,13604,30971.2,32260.6,7.1,0.176,1474886,LOCKED
41935,1384.806,-40553099139496,49291,107427,31000.4,32648.1,7.2,0.176,1570004,LOCKED
41936,1385.806,-40553099147226,8283,66419,31098.6,32018.2,7.6,0.179,1531322,LOCKED
41937,1386.806,-40553099148186,-22645,35491,31080.7,32121.0,7.5,0.189,1503878,LOCKED
41938,1387.806,-40553099042468,49634,107770,31113.9,32555.2,7.4,0.176,1470889,LOCKED
41939,1388.806,-40553099023242,33630,91766,31260.3,32169.7,7.4,0.175,1570801,LOCKED
41940,1389.806,-40553098999933,22816,80952,31363.1,31950.8,8.0,0.135,1563892,LOCKED
41941,1390.806,-40553099007380,-15744,42392,31377.0,31860.1,8.1,0.119,1526040,LOCKED
41942,1391.806,-40553099013884,-49934,8202,31278.8,32563.2,8.1,0.105,1489215,LOCKED
41943,1392.807,-40553098905834,26503,84639,31251.0,32253.3,8.2,0.107,1567820,LOCKED
41944,1393.807,-40553098906370,-6423,51713,31317.7,31695.2,8.2,0.067,1538249,LOCKED
41945,1394.807,-40553098919743,-48624,9512,31276.3,32197.0,8.1,0.054,1498809,LOCKED
41946,1395.807,-40553098800675,36901,95037,31326.3,32564.7,8.1,0.040,1582603,LOCKED
41947,1396.807,-40553098800621,3637,61773,31418.2,31888.0,8.0,0.025,1552379,LOCKED
41948,1397.809,-40553098795951,-22737,35399,31437.7,31705.3,7.9,0.006,1527614,LOCKED
41949,1398.807,-40553098788305,-43464,14672,31359.4,32249.6,7.9,0.006,1507707,LOCKED
41950,1399.807,-40553098766252,-49237,8899,31267.8,32932.8,8.0,-0.006,1500252,LOCKED
41951,1400.806,-40553098648203,36692,94828,31248.5,32672.3,7.9,-0.004,1586965,LOCKED
41952,1401.807,-40553098639163,12338,70474,31333.4,32345.9,7.9,-0.004,1566377,LOCKED
41953,1402.807,-40553098639328,-17961,40175,31304.4,32437.1,8.5,-0.022,1537525,LOCKED
41954,1403.807,-40553098637694,-43474,14662,31172.4,32686.0,8.6,-0.029,1508282,LOCKED
41955,1404.807,-40553098526579,33208,91344,31277.4,32796.1,8.4,-0.029,1485023,LOCKED
41956,1405.807,-40553098499154,27154,85290,31340.4,32981.2,7.8,-0.035,1588185,LOCKED
41957,1406.807,-40553098494514,1423,59559,31290.4,32729.9,7.7,-0.041,1562980,LOCKED
41958,1407.810,-40553098500227,-34272,23864,31283.1,32804.6,8.1,-0.052,1527817,LOCKED
41959,1408.807,-40553098387391,44661,102797,31337.6,33309.2,8.1,-0.056,1608554,LOCKED
41960,1409.807,-40553098378057,22284,80420,31318.8,33144.7,8.2,-0.060,1484506,LOCKED
41961,1410.807,-40553098363434,6497,64633,31263.2,32748.8,8.2,-0.063,1571523,LOCKED
41962,1411.807,-40553098377419,-36637,21499,31220.3,33083.4,8.3,-0.061,1531187,LOCKED
41963,1412.807,-40553098269143,38032,96168,31274.3,33469.6,8.3,-0.064,1606204,LOCKED
41964,1413.808,-40553098280115,-2539,55597,31196.1,32981.0,8.4,-0.066,1571004,LOCKED
41965,1414.808,-40553098286452,-38942,19194,31205.5,32856.9,8.7,-0.073,1531876,LOCKED
41966,1415.809,-40553098175628,37586,95722,31294.8,33201.2,8.7,-0.077,1617527,LOCKED
41967,1416.808,-40553098185340,-2779,55357,31267.9,33159.2,8.7,-0.078,1573746,LOCKED
41968,1417.807,-40553098190126,-35081,23055,31141.9,33125.0,8.7,-0.076,1541529,LOCKED
41969,1418.809,-40553098092830,27815,85951,31255.7,32955.9,8.6,-0.075,1502511,LOCKED
41970,1419.808,-40553098149979,-58082,54,31229.2,33380.8,8.4,-0.072,1519095,LOCKED
41971,1420.808,-40553098035357,23582,81718,31274.9,33532.4,8.5,-0.073,1606097,LOCKED
41972,1421.808,-40553098029658,-1224,56912,31239.1,33431.3,8.5,-0.074,1584722,LOCKED
41973,1422.808,-40553098024592,-24045,34091,31114.3,32975.0,8.5,-0.074,1559412,LOCKED
41974,1423.808,-40553098015982,-45078,13058,31117.1,32934.0,8.5,-0.072,1536368,LOCKED
41975,1424.808,-40553097919890,18635,76771,31148.1,33030.9,8.4,-0.066,1606417,LOCKED
41976,1425.808,-40553097915420,-6666,51470,31091.5,32859.5,8.4,-0.064,1579904,LOCKED
41977,1426.808,-40553097914802,-33007,25129,30943.3,32417.8,8.4,-0.062,1548892,LOCKED
41978,1427.809,-40553097816731,30880,89016,31051.2,32422.1,8.4,-0.061,1619870,LOCKED
41979,1428.808,-40553097815711,851,58987,31049.7,32421.4,8.2,-0.054,1591640,LOCKED
41980,1429.808,-40553097777438,7808,65944,31049.8,32421.7,8.3,-0.052,1598303,LOCKED
41981,1430.808,-40553097791185,-32935,25201,30905.3,32032.2,8.3,-0.050,1554465,LOCKED
41982,1431.808,-40553097688719,35119,93255,31019.2,32130.5,8.1,-0.041,1626423,LOCKED
41983,1432.809,-40553097689048,3391,61527,31032.2,32129.1,8.4,-0.039,1597874,LOCKED
41984,1433.809,-40553097688416,-23900,34236,30919.2,31819.1,8.4,-0.029,1572323,LOCKED
41985,1434.808,-40553097582922,46741,104877,31034.7,32341.6,8.7,-0.027,1540701,LOCKED
41986,1435.809,-40553097577855,19978,78114,31040.5,32376.1,9.0,-0.026,1621495,LOCKED
41987,1436.809,-40553097571041,-5343,52793,31103.2,31899.1,9.2,-0.025,1600111,LOCKED
41988,1437.810,-40553097568182,-32187,25949,31088.1,32038.2,9.2,-0.023,1572877,LOCKED
41989,1438.809,-40553097562358,-52868,5268,30950.8,32650.9,9.2,-0.020,1552481,LOCKED
41990,1439.809,-40553097522670,-40349,17787,30832.1,32898.2,9.3,-0.017,1559237,LOCKED
41991,1440.809,-40553097416650,31729,89865,30932.1,33000.1,9.5,-0.017,1637988,LOCKED
41992,1441.809,-40553097412594,4206,62342,30956.9,32977.5,9.5,-0.003,1612279,LOCKED
41993,1442.809,-40553097410110,-21744,36392,30869.1,32885.0,9.5,-0.022,1585269,LOCKED
41994,1443.810,-40553097306693,49398,107534,30855.9,32660.2,9.4,-0.040,1556029,LOCKED
41995,1444.809,-40553097296811,25339,83475,30965.4,32452.4,9.3,-0.058,1640891,LOCKED
41996,1445.810,-40553097298357,-6769,51367,30956.8,32464.4,8.7,-0.094,1608048,LOCKED
41997,1446.810,-40553097304099,-39636,18500,30834.4,32651.9,8.7,-0.098,1573373,LOCKED
41998,1447.809,-40553097188248,41055,99191,30978.7,32647.9,8.7,-0.104,1662222,LOCKED
41999,1448.810,-40553097186838,9613,67749,31054.8,32349.9,8.7,-0.111,1634065,LOCKED
42000,1449.809,-40553097172561,-7657,50479,31091.8,32130.3,8.8,-0.097,1619169,LOCKED
42001,1450.809,-40553097186508,-49001,9135,30991.8,32793.8,8.8,-0.100,1575636,LOCKED
42002,1451.809,-40553097074072,31929,90065,30963.8,32434.4,8.7,-0.102,1658885,LOCKED
42003,1452.809,-40553097091590,-16378,41758,30982.5,32302.6,8.4,-0.106,1610013,LOCKED
42004,1453.809,-40553097096739,-48988,9148,30891.0,32977.7,8.3,-0.106,1574481,LOCKED
42005,1454.810,-40553096977877,38095,96231,30871.2,32699.4,8.3,-0.108,1665480,LOCKED
42006,1455.810,-40553096981603,2047,60183,30939.1,32318.6,8.3,-0.109,1633496,LOCKED
42007,1456.811,-40553096983001,-28601,29535,30903.8,32531.0,8.4,-0.117,1602196,LOCKED
42008,1457.810,-40553096870505,50153,108289,30959.7,33143.9,8.5,-0.125,1685218,LOCKED
42009,1458.810,-40553096875051,15062,73198,30914.2,32736.4,8.5,-0.131,1651941,LOCKED
42010,1459.810,-40553096835394,23997,82133,30864.8,32125.4,8.5,-0.131,1658124,LOCKED
42011,1460.810,-40553096841353,-13066,45016,30898.3,31875.7,8.6,-0.124,1628253,LOCKED
42012,1461.810,-40553096754021,40143,98225,30990.0,32296.5,8.6,-0.124,1577668,LOCKED
42013,1462.811,-40553096733257,28530,86612,31010.6,32448.3,8.3,-0.125,1674277,LOCKED
42014,1463.810,-40553096732766,-317,57765,30928.9,31833.9,8.2,-0.126,1643636,LOCKED
42015,1464.810,-40553096735501,-32794,25288,30925.2,31872.9,8.2,-0.125,1619819,LOCKED
42016,1465.810,-40553096622294,45332,103414,31054.0,32236.2,8.1,-0.126,1698720,LOCKED
42017,1466.810,-40553096632239,3875,61957,31070.1,32232.5,8.1,-0.128,1662399,LOCKED
42018,1467.811,-40553096633157,-25253,32829,30971.5,32140.2,7.7,-0.131,1630431,LOCKED
42019,1468.810,-40553096534663,37927,96009,31121.9,31895.6,7.9,-0.137,1590760,LOCKED
42020,1469.811,-40553096512576,25989,84071,31221.3,31817.9,7.9,-0.135,1584676,LOCKED
42021,1470.810,-40553096500377,5941,64023,31261.8,31742.5,7.9,-0.138,1671384,LOCKED
42022,1471.810,-40553096514101,-35617,22465,31152.7,31904.2,7.9,-0.137,1628289,LOCKED
42023,1472.811,-40553096416023,27694,85776,31284.2,31475.1,7.9,-0.137,1592391,LOCKED
42024,1473.811,-40553096399639,11649,69731,31321.1,31489.1,7.9,-0.137,1679517,LOCKED
42025,1474.811,-40553096410149,-27312,30770,31225.5,31490.6,7.6,-0.142,1642733,LOCKED
42026,1475.811,-40553096408110,-54475,3607,31216.8,31641.4,7.5,-0.146,1613551,LOCKED
42027,1476.811,-40553096297442,23016,81098,31274.8,31765.8,7.4,-0.151,1695211,LOCKED
42028,1477.812,-40553096294568,-4219,53863,31224.5,31597.0,7.4,-0.150,1668826,LOCKED
42029,1478.812,-40553096290125,-30310,27772,31241.1,31403.0,7.5,-0.156,1645473,LOCKED
42030,1479.811,-40553096262046,-29731,28351,31106.7,31013.3,7.4,-0.161,1643322,LOCKED
42031,1480.811,-40553096151197,45684,103766,31243.3,31322.9,7.6,-0.168,1615827,LOCKED
42032,1481.811,-40553096129409,33520,91602,31320.7,31619.3,7.7,-0.174,1713427,LOCKED
42033,1482.812,-40553096129119,2786,60868,31301.4,31566.5,8.4,-0.181,1686283,LOCKED
42034,1483.811,-40553096132674,-28742,29340,31185.7,31401.1,8.7,-0.181,1652880,LOCKED
42035,1484.811,-40553096035214,34292,92374,31287.8,31576.8,8.7,-0.181,1722596,LOCKED
42036,1485.811,-40553096037566,607,58689,31289.0,31576.9,8.7,-0.180,1686123,LOCKED
42037,1486.811,-40553096042716,-32482,25600,31178.5,31612.0,8.7,-0.180,1652533,LOCKED
42038,1487.811,-40553095952450,23774,81856,31278.1,31458.3,8.6,-0.189,1608434,LOCKED
42039,1488.811,-40553095926384,17158,75240,31318.5,31534.2,8.4,-0.199,1707777,LOCKED
42040,1489.812,-40553095909727,1871,59953,31346.2,31478.7,8.4,-0.200,1698001,LOCKED
42041,1490.811,-40553095917664,-33974,24108,31233.7,31550.2,8.7,-0.197,1659655,LOCKED
42042,1491.811,-40553095815067,33699,91781,31359.0,31465.3,8.8,-0.198,1731416,LOCKED
42043,1492.812,-40553095822587,-5173,52909,31367.3,31444.4,8.7,-0.184,1693320,LOCKED
42044,1493.812,-40553095823309,-34161,23921,31271.7,31664.6,8.7,-0.148,1668063,LOCKED
42045,1494.811,-40553095736411,18361,76443,31393.8,30990.5,8.6,-0.116,1619887,LOCKED
42046,1495.812,-40553095740832,-17291,40791,31414.6,30826.2,8.6,-0.070,1688079,LOCKED
42047,1496.812,-40553095753132,-57237,845,31324.7,31780.7,8.2,-0.040,1646210,LOCKED
42048,1497.813,-40553095638103,25550,83632,31327.2,31801.2,8.1,-0.026,1738353,LOCKED
42049,1498.812,-40553095636849,-2549,55533,31234.3,31057.9,8.0,-0.009,1705318,LOCKED
42050,1499.813,-40553095594409,9612,67694,31171.3,30463.8,8.0,-0.005,1716381,LOCKED
42051,1500.812,-40553095602376,-28489,29593,31167.8,30497.3,7.5,0.023,1682218,LOCKED
42052,1501.812,-40553095514502,26376,84458,31214.4,30706.8,7.4,0.006,1633505,LOCKED
42053,1502.812,-40553095508275,2218,60300,31169.9,30479.0,7.4,0.006,1714322,LOCKED
42054,1503.813,-40553095524803,-43950,14132,31168.0,30508.6,7.5,-0.004,1668478,LOCKED
42055,1504.813,-40553095412775,33745,91827,31267.4,30692.9,7.5,-0.003,1750931,LOCKED
42056,1505.813,-40553095407866,7142,65224,31267.5,30693.3,7.7,-0.011,1726211,LOCKED
42057,1506.813,-40553095413038,-25916,32166,31144.4,30302.8,7.7,-0.019,1691218,LOCKED
42058,1507.813,-40553095410840,-52508,5574,31116.1,30735.6,7.8,-0.017,1638158,LOCKED
42059,1508.813,-40553095312500,13514,71596,31152.7,30774.2,7.8,-0.015,1729546,LOCKED
42060,1509.812,-40553095280423,13784,71866,31161.9,30809.3,7.5,-0.014,1737488,LOCKED
42061,1510.814,-40553095293916,-27071,31011,31020.2,30157.1,7.6,-0.019,1702274,LOCKED
42062,1511.813,-40553095186535,45319,103401,31139.9,30620.2,7.7,-0.024,1665053,LOCKED
42063,1512.814,-40553095179305,20766,78848,31136.9,30597.9,7.8,-0.028,1748190,LOCKED
42064,1513.813,-40553095170055,939,59021,31034.1,29508.7,7.8,-0.026,1728126,LOCKED
42065,1514.814,-40553095158759,-18381,39701,31044.1,29432.3,7.8,-0.024,1711837,LOCKED
42066,1515.813,-40553095157137,-44374,13708,30949.4,30014.4,7.8,-0.022,1684473,LOCKED
42067,1516.813,-40553095035294,44969,103051,30950.8,30034.9,7.7,-0.022,1771803,LOCKED
42068,1517.814,-40553095046212,1703,59785,31016.6,29638.5,7.6,-0.022,1732580,LOCKED
42069,1518.813,-40553095053562,-34374,23708,30961.3,30001.4,7.6,-0.027,1698819,LOCKED
42070,1519.813,-40553095038307,-47174,10908,30897.0,30644.5,7.6,-0.026,1684941,LOCKED
42071,1520.813,-40553094919474,39021,97103,30917.6,30877.5,7.5,-0.025,1771410,LOCKED
42072,1521.813,-40553094921193,5016,63098,30976.6,30639.7,7.5,-0.027,1742983,LOCKED
42073,1522.813,-40553094929751,-32960,25122,30954.8,30838.7,7.6,-0.029,1705039,LOCKED
42074,1523.813,-40553094821088,42160,100242,31011.8,31338.2,7.7,-0.030,1782205,LOCKED
42075,1524.813,-40553094847862,-13191,44891,30914.1,30852.9,7.7,-0.031,1724443,LOCKED
42076,1525.814,-40553094754967,44407,102489,31055.6,31047.6,7.7,-0.029,1790399,LOCKED
42077,1526.814,-40553094755894,11636,69718,31075.0,31087.7,7.7,-0.028,1761609,LOCKED
42078,1527.816,-40553094759848,-20799,37283,30982.1,30907.9,7.8,-0.026,1726404,LOCKED
42079,1528.815,-40553094762838,-52287,5795,30947.1,31407.7,7.7,-0.029,1694276,LOCKED
42080,1529.814,-40553094719350,-37956,20126,30922.3,31662.6,7.5,-0.024,1706824,LOCKED
42081,1530.814,-40553094611929,35855,93937,30994.7,32026.2,7.6,-0.024,1786867,LOCKED
42082,1531.814,-40553094617067,995,59077,30930.5,31616.3,7.6,-0.023,1752977,LOCKED
42083,1532.814,-40553094628193,-39290,18792,30908.8,31853.9,7.4,-0.015,1712734,LOCKED
42084,1533.814,-40553094517937,37023,95105,30996.4,32200.7,7.1,-0.006,1684461,LOCKED
42085,1534.814,-40553094493527,29338,87420,31001.5,32247.5,6.8,0.003,1786733,LOCKED
42086,1535.814,-40553094482079,11020,69102,30922.4,31368.6,6.8,0.006,1771639,LOCKED
42087,1536.815,-40553094481025,-18292,39790,30925.5,31348.5,6.8,0.009,1742224,LOCKED
42088,1537.814,-40553094479341,-44201,13881,30835.3,31902.8,6.8,0.013,1714610,LOCKED
42089,1538.814,-40553094354529,47729,105811,30856.4,32191.5,6.8,0.009,1810043,LOCKED
42090,1539.814,-40553094326345,43435,101517,30863.7,32290.2,6.8,0.015,1807399,LOCKED
42091,1540.814,-40553094335390,1979,60061,30936.5,31841.7,6.8,0.009,1769461,LOCKED
42092,1541.815,-40553094341538,-33930,24152,30935.2,31855.6,6.8,0.002,1736384,LOCKED
42093,1542.815,-40553094243859,30558,88640,30995.3,32120.9,6.4,-0.015,1806603,LOCKED
42094,1543.815,-40553094244027,419,58501,30944.2,31869.5,6.4,-0.021,1773043,LOCKED
42095,1544.815,-40553094224625,-11565,46517,30985.2,31553.5,6.4,-0.007,1710960,LOCKED
42096,1545.815,-40553094232729,-47481,10601,30908.3,32201.8,6.4,0.006,1808096,LOCKED
42097,1546.814,-40553094145043,9822,67904,30866.1,31899.3,6.4,0.002,1783865,LOCKED
42098,1547.815,-40553094142406,-17994,40088,30875.8,31833.0,6.4,0.014,1761611,LOCKED
42099,1548.815,-40553094139150,-43304,14778,30834.4,32260.9,6.5,0.013,1732001,LOCKED
42100,1549.815,-40553094110859,-43044,15038,30768.3,32778.2,6.5,0.012,1734352,LOCKED
42101,1550.815,-40553094005836,30332,88414,30760.9,32701.7,6.5,-0.003,1809127,LOCKED
42102,1551.815,-40553093994566,8936,67018,30839.7,32357.0,6.5,-0.002,1788836,LOCKED
42103,1552.815,-40553093984524,-11106,46976,30821.0,32392.1,6.5,0.001,1771078,LOCKED
42104,1553.815,-40553093981290,-35128,22954,30704.3,32461.8,6.5,-0.007,1746338,LOCKED
42105,1554.815,-40553093893627,19701,77783,30776.2,32443.1,6.5,-0.013,1804336,LOCKED
42106,1555.815,-40553093905968,-21503,36579,30718.0,32535.4,6.0,-0.020,1761960,LOCKED
42107,1556.815,-40553093802118,50148,108230,30707.2,32349.0,6.3,-0.034,1729876,LOCKED
42108,1557.815,-40553093800049,19249,77331,30786.3,32263.5,6.5,-0.046,1808047,LOCKED
42109,1558.815,-40553093797803,-8649,49433,30769.1,32284.5,6.4,-0.048,1782130,LOCKED
42110,1559.815,-40553093764313,-5880,52202,30776.5,32265.1,6.6,-0.057,1786300,LOCKED
42111,1560.815,-40553093675844,49381,107463,30813.8,32732.5,6.8,-0.051,1739510,LOCKED
42112,1561.815,-40553093654818,36061,94143,30927.4,32865.9,6.8,-0.045,1833530,LOCKED
42113,1562.815,-40553093655928,3518,61600,30946.4,32854.3,6.8,-0.046,1805518,LOCKED
42114,1563.816,-40553093659132,-27323,30759,30829.2,32624.7,6.8,-0.048,1774815,LOCKED
42115,1564.816,-40553093548873,47453,105535,30979.0,32853.1,6.8,-0.043,1853658,LOCKED
42116,1565.816,-40553093551205,12682,70764,31029.6,32824.4,6.8,-0.044,1825555,LOCKED
42117,1566.816,-40553093544941,-10685,47397,30978.6,32761.3,6.8,-0.046,1799639,LOCKED
42118,1567.816,-40553093447263,54000,112082,30987.7,32910.2,6.7,-0.046,1763131,LOCKED
42119,1568.816,-40553093429833,37245,95327,31082.9,33216.1,6.8,-0.041,1855011,LOCKED
42120,1569.816,-40553093401919,31175,89257,31173.5,33368.4,6.7,-0.041,1745829,LOCKED
42121,1570.816,-40553093391106,10831,68913,31154.7,33271.9,6.8,-0.039,1837238,LOCKED
42122,1571.816,-40553093414473,-42634,15448,31173.8,32980.3,6.8,-0.041,1781561,LOCKED
42123,1572.816,-40553093296013,40689,98771,31300.9,33160.2,6.7,-0.043,1871431,LOCKED
42124,1573.816,-40553093296547,7832,65914,31338.1,33127.3,6.9,-0.045,1838246,LOCKED
42125,1574.816,-40553093303147,-27967,30115,31279.5,33336.2,7.0,-0.040,1803768,LOCKED
42126,1575.816,-40553093293633,-45283,12799,31136.2,33534.9,7.2,-0.042,1782448,LOCKED
42127,1576.817,-40553093232623,-16077,42005,31195.8,32910.4,7.3,-0.042,1864215,LOCKED
42128,1577.817,-40553093191933,-6518,51564,31203.5,32889.1,7.5,-0.042,1824014,LOCKED
42129,1578.816,-40553093189903,-32465,25617,31099.0,32977.9,7.5,-0.044,1799330,LOCKED
42130,1579.816,-40553093140413,-11625,46457,30997.9,32418.5,7.4,-0.041,1817759,LOCKED
42131,1580.817,-40553093144950,-45366,11871,30985.3,32588.7,7.6,-0.044,1783760,LOCKED
42132,1581.817,-40553093034706,31472,88709,31051.9,32855.8,7.8,-0.047,1867057,LOCKED
42133,1582.817,-40553093019060,16071,73308,31024.8,32648.9,8.5,-0.050,1853679,LOCKED
42134,1583.817,-40553093021636,-17873,39364,31071.5,32176.3,9.1,-0.054,1817534,LOCKED
42135,1584.816,-40553092940342,30608,87845,31106.1,32410.0,9.2,-0.056,1763720,LOCKED
42136,1585.817,-40553092927688,9658,66895,31212.9,31681.3,9.3,-0.051,1850041,LOCKED
42137,1586.817,-40553092927030,-20305,36932,31217.6,31647.1,9.7,-0.045,1827108,LOCKED
42138,1587.816,-40553092915982,-37467,19770,31132.2,32016.9,10.1,-0.038,1807969,LOCKED
42139,1588.817,-40553092795752,49858,107095,31136.3,32082.2,10.4,-0.029,1790905,LOCKED
42140,1589.817,-40553092866076,-47024,10213,30989.5,32329.6,10.8,-0.027,1798308,LOCKED
42141,1590.817,-40553092747865,36401,93638,31115.5,32348.1,11.2,-0.024,1887332,LOCKED
42142,1591.817,-40553092743814,8629,65866,31135.9,32366.7,11.6,-0.020,1858486,LOCKED
42143,1592.818,-40553092745756,-21568,35669,31030.2,32070.5,11.8,-0.004,1828852,LOCKED
42144,1593.817,-40553092640062,48408,105645,31180.0,32348.8,11.9,0.016,1800678,LOCKED
42145,1594.817,-40553092620032,33683,90920,31299.7,32331.6,11.9,0.023,1897573,LOCKED
42146,1595.817,-40553092621572,178,57415,31332.1,32235.8,12.2,0.036,1866653,LOCKED
42147,1596.818,-40553092618928,-26300,30937,31267.3,32400.6,12.0,0.041,1839424,LOCKED
42148,1597.818,-40553092529228,31441,88678,31248.9,32180.5,12.0,0.034,1792277,LOCKED
42149,1598.817,-40553092500838,25063,82300,31380.2,31644.8,12.0,0.046,1891226,LOCKED
42150,1599.818,-40553092471704,19634,76871,31504.0,30993.0,12.0,0.043,1897076,LOCKED
42151,1600.817,-40553092477711,-17204,40033,31499.6,31016.9,11.7,0.058,1861510,LOCKED
42152,1601.818,-40553092479637,-46585,10652,31378.3,31506.9,11.3,0.092,1828493,LOCKED
42153,1602.818,-40553092366977,31090,88327,31503.9,31308.8,11.2,0.113,1912608,LOCKED
42154,1603.818,-40553092372919,-6368,50869,31515.1,31272.7,11.0,0.138,1878362,LOCKED
42155,1604.818,-40553092391677,-53002,4235,31424.5,32089.8,10.8,0.131,1832916,LOCKED
42156,1605.818,-40553092276231,30336,87573,31407.5,31893.6,10.7,0.114,1916790,LOCKED
42157,1606.818,-40553092277402,-2582,54655,31428.5,31834.2,11.1,0.090,1885230,LOCKED
42158,1607.819,-40553092281538,-35222,22015,31343.4,32140.8,10.8,0.089,1851249,LOCKED
42159,1608.819,-40553092173676,40063,97300,31337.3,32056.4,10.8,0.090,1927195,LOCKED
42160,1609.820,-40553092155607,26660,83897,31299.5,31588.6,10.8,0.082,1916955,LOCKED
42161,1610.819,-40553092170602,-19128,38109,31306.4,31539.7,10.8,0.084,1872186,LOCKED
42162,1611.818,-40553092182718,-58615,0,31210.6,32524.1,10.8,0.086,1827754,LOCKED
42163,1612.819,-40553092071884,20275,78890,31212.9,32538.3,10.8,0.088,1909812,LOCKED
42164,1613.819,-40553092084221,-20176,38439,31094.1,32008.1,10.8,0.083,1870902,LOCKED
42165,1614.818,-40553092089942,-53450,5165,31009.1,32813.8,10.8,0.079,1835919,LOCKED
42166,1615.818,-40553092011922,-4689,53926,30930.8,32368.7,10.8,0.075,1883905,LOCKED
42167,1616.819,-40553092024863,-46405,12210,30902.1,32723.3,10.8,0.077,1840998,LOCKED
42168,1617.818,-40553091968415,-19557,39058,30870.7,32830.1,10.8,0.079,1917160,LOCKED
42169,1618.818,-40553091921561,-2422,56193,30818.1,32617.6,10.7,0.082,1886242,LOCKED
42170,1619.818,-40553091895236,-5569,53046,30761.2,32421.1,10.8,0.079,1882685,LOCKED
42171,1620.818,-40553091854291,3357,61972,30817.4,32188.7,10.7,0.075,1826462,LOCKED
42172,1621.819,-40553091866235,-37544,21071,30788.5,32464.2,10.4,0.080,1927927,LOCKED
42173,1622.819,-40553091796496,1673,60288,30772.7,32432.4,10.3,0.080,1893889,LOCKED
42174,1623.819,-40553091789648,-19293,39322,30659.3,31949.3,10.3,0.080,1869935,LOCKED
42175,1624.819,-40553091689426,45988,104603,30793.2,32291.4,9.9,0.084,1837330,LOCKED
42176,1625.820,-40553091663348,38556,97171,30862.6,32712.8,9.8,0.085,1936608,LOCKED
42177,1626.819,-40553091659678,11363,69978,30843.7,32610.8,9.7,0.087,1914895,LOCKED
42178,1627.821,-40553091657860,-17966,40649,30888.5,32162.7,9.6,0.089,1885328,LOCKED
42179,1628.819,-40553091551129,53030,111645,31038.5,32662.5,9.0,0.096,1859527,LOCKED
42180,1629.819,-40553091615689,-40917,17698,31025.5,32817.8,8.9,0.100,1871823,LOCKED
42181,1630.819,-40553091500262,40184,98799,31120.8,33212.7,8.5,0.106,1956012,LOCKED
42182,1631.819,-40553091503018,7161,65776,31066.9,32825.9,8.4,0.113,1921793,LOCKED
42183,1632.819,-40553091516951,-36949,21666,31084.7,32585.1,8.1,0.118,1880185,LOCKED
42184,1633.820,-40553091408295,37399,96014,31180.9,32893.2,8.2,0.121,1959963,LOCKED
42185,1634.819,-40553091418675,-3298,55317,31143.9,32807.5,7.5,0.134,1918434,LOCKED
42186,1635.819,-40553091423397,-35258,23357,31010.6,32689.6,7.6,0.137,1884384,LOCKED
42187,1636.820,-40553091309135,45368,103983,31064.1,33203.8,7.6,0.139,1970086,LOCKED
42188,1637.820,-40553091317906,5328,63943,31065.3,33205.7,7.6,0.142,1930383,LOCKED
42189,1638.820,-40553091333696,-37700,20915,30939.9,33282.7,7.2,0.152,1884432,LOCKED
42190,1639.821,-40553091310816,-42152,16463,30832.7,33673.0,6.8,0.163,1878791,LOCKED
42191,1640.819,-40553091213536,24621,83236,30775.7,32936.3,6.8,0.168,1946390,LOCKED
42192,1641.819,-40553091225902,-17957,40658,30777.9,32923.3,6.7,0.173,1903852,LOCKED
42193,1642.820,-40553091116660,56413,115028,30885.2,33796.5,6.7,0.170,1985906,LOCKED
42194,1643.820,-40553091124805,17131,75746,30869.0,33687.2,6.6,0.166,1949530,LOCKED
42195,1644.819,-40553091123540,-12424,46191,30887.3,33586.2,6.6,0.173,1920752,LOCKED
42196,1645.821,-40553091037436,39817,98432,30967.3,34009.6,6.6,0.184,1870908,LOCKED
42197,1646.820,-40553091015252,29773,88388,30979.6,34109.9,6.6,0.180,1967964,LOCKED
42198,1647.819,-40553091029972,-13452,45163,30880.4,33652.2,6.9,0.151,1925154,LOCKED
42199,1648.820,-40553090943286,38176,96791,31022.2,33551.6,6.9,0.144,1876738,LOCKED
42200,1649.820,-40553091010827,-54651,3964,30831.2,33562.0,7.5,0.106,1884205,LOCKED
42201,1650.820,-40553090905212,17912,76527,30910.5,33444.4,7.6,0.086,1963602,LOCKED
42202,1651.821,-40553090913984,-20455,38160,30880.0,33557.1,7.5,0.081,1927739,LOCKED
42203,1652.822,-40553090825243,35984,94599,30889.9,33660.2,7.4,0.075,1880792,LOCKED
42204,1653.821,-40553090807829,19588,78203,31000.8,33240.3,7.4,0.054,1970134,LOCKED
42205,1654.821,-40553090817629,-21047,37568,31027.8,32994.1,7.4,0.049,1929389,LOCKED
42206,1655.821,-40553090728007,34917,93532,31098.9,33324.2,7.3,0.038,1905480,LOCKED
42207,1656.820,-40553090743507,-10217,48398,31043.9,33229.0,7.4,0.045,1986056,LOCKED
42208,1657.821,-40553090716985,-14969,43646,31080.2,32937.2,7.4,0.052,1944513,LOCKED
42209,1658.820,-40553090715775,-43087,15528,31065.8,33115.3,7.3,0.055,1915680,LOCKED
42210,1659.822,-40553090691294,-47570,11045,31041.8,33424.6,7.4,0.050,1910994,LOCKED
42211,1660.822,-40553090649465,-34307,24308,30977.2,33746.0,7.4,0.046,1983342,LOCKED
42212,1661.822,-40553090591787,-5884,52731,30902.3,33383.0,7.4,0.050,1953111,LOCKED
42213,1662.821,-40553090588518,-32743,25872,30918.9,33187.6,7.3,0.045,1930417,LOCKED
42214,1663.822,-40553090479650,42031,100646,31004.9,33661.1,7.3,0.049,1901359,LOCKED
42215,1664.822,-40553090460398,29666,88281,30985.6,33447.6,7.3,0.053,1994449,LOCKED
42216,1665.821,-40553090460588,-2811,55804,31054.3,32960.4,7.3,0.049,1967125,LOCKED
42217,1666.821,-40553090452548,-24565,34050,31033.2,33084.7,7.0,0.046,1944140,LOCKED
42218,1667.822,-40553090357814,37344,95959,31059.1,33330.2,7.0,0.044,1905061,LOCKED
42219,1668.822,-40553090327016,32873,91488,31211.4,32819.5,6.9,0.048,2009625,LOCKED
42220,1669.822,-40553090282542,41610,100225,31364.5,32717.7,7.0,0.050,2028959,LOCKED
42221,1670.822,-40553090285483,6694,65309,31383.4,32725.7,6.9,0.054,1993204,LOCKED
42222,1671.822,-40553090289072,-25142,33473,31271.1,32476.0,6.9,0.053,1963643,LOCKED
42223,1672.822,-40553090201184,28194,86809,31385.4,32311.8,6.8,0.053,1912026,LOCKED
42224,1673.823,-40553090176542,20159,78774,31415.3,32424.8,7.1,0.047,2012491,LOCKED
42225,1674.821,-40553090166483,205,58820,31346.0,31972.7,7.1,0.045,1993996,LOCKED
42226,1675.822,-40553090183666,-45321,13294,31273.9,32554.7,7.2,0.043,1948325,LOCKED
42227,1676.822,-40553090080391,26324,84939,31247.5,32265.2,7.1,0.045,2024269,LOCKED
42228,1677.825,-40553090081969,-5475,53140,31206.2,32180.0,7.0,0.046,1991035,LOCKED
42229,1678.823,-40553090077699,-30174,28441,31146.4,32435.5,6.8,0.048,1965029,LOCKED
42230,1679.822,-40553090037611,-19516,39099,31094.6,32514.9,6.8,0.047,1975493,LOCKED
42231,1680.823,-40553089938124,45752,104367,31172.0,33102.4,6.6,0.042,1941795,LOCKED
42232,1681.823,-40553089920338,31702,90317,31151.8,32861.3,6.5,0.045,2033320,LOCKED
42233,1682.823,-40553089921900,-729,57886,31139.1,32849.6,6.5,0.045,2000458,LOCKED
42234,1683.823,-40553089927826,-34294,24321,31024.1,32905.1,6.5,0.044,1968947,LOCKED
42235,1684.823,-40553089811784,46274,104889,31165.8,33170.0,6.5,0.043,1947200,LOCKED
42236,1685.822,-40553089789494,33850,92465,31283.9,33176.7,6.5,0.042,2045914,LOCKED
42237,1686.823,-40553089785472,5846,64461,31310.6,33161.6,6.5,0.042,2019582,LOCKED
42238,1687.823,-40553089810974,-47012,11603,31194.5,33669.5,6.6,0.041,1963824,LOCKED
42239,1688.822,-40553089697764,30951,89566,31342.2,33149.6,6.7,0.041,2047638,LOCKED
42240,1689.822,-40553089665445,31111,89726,31330.5,33021.5,7.2,0.040,2052420,LOCKED
42241,1690.823,-40553089668612,-4660,53955,31400.9,32462.6,7.1,0.031,2015908,LOCKED
42242,1691.823,-40553089672968,-38241,20374,31357.7,32823.5,7.0,0.037,1983187,LOCKED
42243,1692.823,-40553089582510,20573,79188,31337.4,32652.1,7.1,0.035,1937508,LOCKED
42244,1693.823,-40553089565656,4237,62852,31421.5,32113.5,7.0,0.043,2027397,LOCKED
42245,1694.824,-40553089564036,-24071,34544,31388.2,32272.1,6.9,0.053,2004237,LOCKED
42246,1695.822,-40553089567594,-54129,4486,31238.0,32820.5,6.7,0.064,1969319,LOCKED
42247,1696.824,-40553089452700,26028,84643,31366.7,32377.4,7.0,0.068,2052992,LOCKED
42248,1697.826,-40553089454292,-6862,51753,31374.8,32353.4,7.0,0.069,2022269,LOCKED
42249,1698.823,-40553089455420,-35633,22982,31250.6,32363.1,7.0,0.071,1992592,LOCKED
42250,1699.824,-40553089429108,-36359,22256,31104.1,32102.8,7.4,0.039,1986667,LOCKED
42251,1700.824,-40553089315319,42836,101451,31204.3,32567.3,7.7,0.012,2075271,LOCKED
42252,1701.824,-40553089311249,15570,74185,31184.8,32433.9,8.0,-0.012,2046333,LOCKED
42253,1702.824,-40553089302191,-7799,50816,31258.9,31731.1,8.0,-0.018,2029039,LOCKED
42254,1703.824,-40553089297719,-32799,25816,31225.7,31986.8,8.1,-0.039,2003879,LOCKED
42255,1704.823,-40553089286459,-48790,9825,31111.6,32590.7,8.2,-0.061,1986955,LOCKED
42256,1705.824,-40553089165432,37257,95872,31239.7,32620.5,7.7,-0.088,2076730,LOCKED
42257,1706.824,-40553089162984,6896,65511,31305.4,32368.6,7.7,-0.116,2051730,LOCKED
42258,1707.826,-40553089167920,-27002,31613,31235.2,32527.3,7.7,-0.110,2015379,LOCKED
42259,1708.824,-40553089161463,-49763,8852,31218.9,32763.3,7.6,-0.109,1993415,LOCKED
42260,1709.824,-40553089107947,-23773,34842,31076.9,31992.1,7.4,-0.102,2013907,LOCKED
42261,1710.824,-40553089015536,34702,93317,31159.7,32292.7,7.7,-0.089,1973040,LOCKED
42262,1711.823,-40553088997508,21012,79627,31152.1,32235.6,7.5,-0.088,2060890,LOCKED
42263,1712.824,-40553089000660,-13470,45145,31183.3,32007.4,7.5,-0.096,2034237,LOCKED
42264,1713.825,-40553088998447,-40319,18296,31146.2,32367.7,7.5,-0.094,2005851,LOCKED
42265,1714.823,-40553088883127,41732,100347,31181.1,32725.5,7.6,-0.100,2088902,LOCKED
42266,1715.824,-40553088889111,3052,61667,31250.5,32349.9,7.5,-0.098,2057350,LOCKED
42267,1716.825,-40553088892819,-29579,29036,31185.3,32582.2,7.4,-0.097,2026367,LOCKED
42268,1717.827,-40553088785341,44136,102751,31238.5,33075.7,7.2,-0.095,1996447,LOCKED
42269,1718.825,-40553088772727,25294,83909,31207.1,32731.4,7.2,-0.099,2083698,LOCKED
42270,1719.823,-40553088741432,25466,84081,31160.4,32145.4,7.3,-0.103,2086647,LOCKED
42271,1720.824,-40553088754409,-15987,42628,31055.1,31657.1,7.3,-0.107,2042643,LOCKED
42272,1721.825,-40553088660299,44711,103326,31096.4,32106.3,7.3,-0.109,2002341,LOCKED
42273,1722.825,-40553088651937,22175,80790,31049.7,31558.4,7.3,-0.112,2088135,LOCKED
42274,1723.825,-40553088648251,-5731,52884,31086.0,31363.9,7.3,-0.113,2061637,LOCKED
42275,1724.825,-40553088670393,-55665,2950,31016.8,32186.9,7.2,-0.114,2014030,LOCKED
42276,1725.824,-40553088550339,31731,90346,31044.6,32402.5,7.2,-0.117,2099508,LOCKED
42277,1726.824,-40553088562501,-9434,49181,30959.9,31995.8,7.3,-0.119,2056944,LOCKED
42278,1727.827,-40553088561426,-37492,21123,30932.5,32261.7,7.3,-0.121,2031888,LOCKED
42279,1728.825,-40553088443980,45103,103718,31050.1,32702.5,7.2,-0.120,2121600,LOCKED
42280,1729.824,-40553088425048,29557,88172,31169.4,32530.6,7.1,-0.119,2003547,LOCKED
42281,1730.825,-40553088414457,8124,66739,31197.9,32530.6,7.0,-0.117,2085728,LOCKED
42282,1731.824,-40553088423219,-28905,26760,31101.9,32578.5,7.1,-0.118,2051631,LOCKED
42283,1732.825,-40553088322909,36744,92409,31215.7,32736.0,7.1,-0.119,2016039,LOCKED
42284,1733.825,-40553088305887,20256,75921,31294.8,32677.8,7.0,-0.124,2110821,LOCKED
42285,1734.824,-40553088319425,-23180,32485,31264.7,32818.8,7.1,-0.125,2064499,LOCKED
42286,1735.825,-40553088240366,24440,80105,31232.5,32470.0,7.1,-0.126,2009509,LOCKED
42287,1736.825,-40553088222783,9185,64850,31296.2,32284.4,7.2,-0.127,2099632,LOCKED
42288,1737.827,-40553088232485,-29627,26038,31238.1,32530.6,7.2,-0.127,2062675,LOCKED
42289,1738.825,-40553088225293,-49123,6542,31096.2,32925.6,7.3,-0.128,2019088,LOCKED
42290,1739.824,-40553088106742,36731,92396,31113.7,33102.3,7.3,-0.128,2122562,LOCKED
42291,1740.826,-40553088123283,-11582,44083,31165.3,32667.3,7.4,-0.129,2084963,LOCKED
42292,1741.825,-40553088138772,-55453,212,31120.9,33273.6,7.4,-0.129,2035405,LOCKED
42293,1742.826,-40553088012430,37264,92929,31182.0,33654.5,7.5,-0.129,2136603,LOCKED
42294,1743.826,-40553088008016,11093,66758,31134.1,33282.3,7.5,-0.130,2107889,LOCKED
42295,1744.826,-40553087997942,-10793,44872,31192.7,32768.5,7.6,-0.130,2090677,LOCKED
42296,1745.826,-40553087988899,-32068,23597,31203.2,32650.8,8.0,-0.128,2070175,LOCKED
42297,1746.826,-40553087987231,-58009,0,31123.1,33545.8,8.0,-0.129,2041532,LOCKED
42298,1747.829,-40553087865553,31946,89955,31099.4,33256.3,8.1,-0.129,2133950,LOCKED
42299,1748.826,-40553087878489,-12457,45552,31138.2,32966.2,8.0,-0.116,2093696,LOCKED
42300,1749.826,-40553087839412,-5482,52527,31194.7,32573.9,7.7,-0.084,2102243,LOCKED
42301,1750.826,-40553087842387,-37267,20742,31139.6,32955.2,7.4,-0.064,2071635,LOCKED
42302,1751.827,-40553087745119,28005,86014,31135.0,32912.4,7.2,-0.062,2030990,LOCKED
42303,1752.825,-40553087722115,17663,75672,31214.3,32786.5,7.0,-0.058,2126662,LOCKED
42304,1753.825,-40553087723469,-14462,43547,31216.6,32775.4,7.0,-0.050,2097127,LOCKED
42305,1754.827,-40553087731405,-49686,8323,31106.3,33414.3,7.1,-0.056,2061039,LOCKED
42306,1755.825,-40553087614928,35051,93060,31079.0,33044.6,7.2,-0.061,2149835,LOCKED
42307,1756.827,-40553087626090,-7754,50255,31119.6,32793.3,7.1,-0.068,2110218,LOCKED
42308,1757.828,-40553087629618,-39648,18361,31050.3,33232.4,7.1,-0.059,2077176,LOCKED
42309,1758.827,-40553087515384,41821,99830,31064.9,33406.1,7.3,-0.035,2159796,LOCKED
42310,1759.827,-40553087497289,28277,86286,31046.0,33204.8,7.3,-0.034,2148856,LOCKED
42311,1760.827,-40553087503868,-10138,47871,31101.8,32741.2,7.3,-0.034,2110342,LOCKED
42312,1761.826,-40553087507982,-42988,15021,31057.1,33172.7,7.3,-0.034,2079154,LOCKED
42313,1762.826,-40553087392148,39233,97242,31117.4,33591.4,7.3,-0.025,2164777,LOCKED
42314,1763.827,-40553087404907,-3328,54681,31058.2,33339.6,7.4,-0.016,2123947,LOCKED
42315,1764.826,-40553087418610,-43214,14795,30890.5,33094.5,7.5,-0.009,2082016,LOCKED
42316,1765.827,-40553087304958,35893,93902,31010.4,33159.0,7.4,-0.010,2166618,LOCKED
42317,1766.827,-40553087310742,-1093,56916,31021.6,33143.8,7.4,-0.011,2130069,LOCKED
42318,1767.830,-40553087314915,-32994,25015,30914.7,33228.5,7.3,-0.012,2096707,LOCKED
42319,1768.828,-40553087205237,44645,102654,30895.5,32923.1,7.4,-0.019,2177898,LOCKED
42320,1769.827,-40553087173742,43477,101486,30910.0,33104.4,7.3,-0.019,2181722,LOCKED
42321,1770.827,-40553087187517,-1975,56034,30951.0,32925.7,6.6,-0.017,2135624,LOCKED
42322,1771.828,-40553087199503,-42463,15546,30901.4,33371.6,6.6,-0.022,2093255,LOCKED
42323,1772.828,-40553087093251,31430,89439,30920.6,33528.8,6.6,-0.022,2176468,LOCKED
42324,1773.828,-40553087098378,-2669,55340,30829.2,32851.5,6.4,-0.020,2140031,LOCKED
42325,1774.828,-40553087105704,-39220,18789,30815.7,33004.2,6.4,-0.020,2102307,LOCKED
42326,1775.828,-40553087000090,33415,91424,30866.4,33309.1,6.3,-0.018,2179724,LOCKED
42327,1776.828,-40553087012004,-7483,50526,30786.3,32918.5,6.1,-0.015,2135125,LOCKED
42328,1777.827,-40553087014533,-39331,18678,30779.7,32997.2,5.9,-0.013,2106836,LOCKED
42329,1778.827,-40553086893107,47362,105371,30895.2,33524.4,5.9,-0.013,2197094,LOCKED
42330,1779.828,-40553086874410,32149,90158,30989.9,33676.9,6.0,-0.015,2186959,LOCKED
42331,1780.827,-40553086914617,-35860,22149,30892.9,33924.6,6.0,-0.015,2146327,LOCKED
42332,1781.828,-40553086895741,-46135,11874,30884.1,34042.9,6.2,-0.018,2116251,LOCKED
42333,1782.828,-40553086775697,39566,97575,30988.3,34358.9,6.4,-0.020,2194610,LOCKED
42334,1783.828,-40553086777214,6758,64767,30991.9,34365.3,7.0,-0.024,2164163,LOCKED
42335,1784.827,-40553086791366,-33960,24049,30830.9,33770.1,7.1,-0.025,2124060,LOCKED
42336,1785.828,-40553086670502,51557,109566,30967.0,34305.8,7.7,-0.028,2210874,LOCKED
42337,1786.828,-40553086674866,15617,73626,30970.9,34323.2,7.8,-0.029,2178794,LOCKED
42338,1787.827,-40553086693798,-30601,27408,30840.7,34061.7,7.9,-0.029,2128896,LOCKED
42339,1788.828,-40553086578535,49028,107037,30994.7,34303.6,8.0,-0.029,2215135,LOCKED
42340,1789.828,-40553086651435,-52339,5670,30957.7,34775.0,8.0,-0.028,2114469,LOCKED
42341,1790.827,-40553086543026,23108,81117,31017.7,34883.5,8.1,-0.028,2191871,LOCKED
42342,1791.827,-40553086545394,-8708,49301,30955.0,34709.8,8.1,-0.027,2160124,LOCKED
42343,1792.829,-40553086556138,-48467,9542,30940.4,34905.6,8.2,-0.026,2122256,LOCKED
42344,1793.829,-40553086435314,37815,95824,31054.5,35086.5,8.3,-0.024,2214132,LOCKED
42345,1794.827,-40553086451824,-8646,49363,31014.7,35054.0,8.3,-0.023,2164646,LOCKED
42346,1795.829,-40553086367560,40614,98623,31143.2,35206.7,8.4,-0.020,2224287,LOCKED
42347,1796.829,-40553086379325,-2906,55103,31178.1,35072.1,8.8,-0.016,2177492,LOCKED
42348,1797.832,-40553086379093,-31099,26910,31094.5,35253.8,8.6,-0.001,2152402,LOCKED
42349,1798.829,-40553086288641,27845,85854,31068.4,34978.1,8.7,0.004,2107978,LOCKED
42350,1799.829,-40553086254100,27855,85864,31192.3,34699.1,8.7,0.010,2113610,LOCKED
42351,1800.829,-40553086241541,8655,66664,31205.7,34718.7,8.7,0.018,2196916,LOCKED
42352,1801.829,-40553086247855,-25407,32602,31078.0,34289.9,9.0,0.032,2165235,LOCKED
42353,1802.828,-40553086146835,40185,98194,31225.0,34212.3,9.3,0.006,2238578,LOCKED
42354,1803.828,-40553086155176,-130,57879,31262.0,34090.1,9.6,-0.014,2198824,LOCKED
42355,1804.829,-40553086158894,-32879,25130,31207.1,34380.6,9.8,-0.030,2167688,LOCKED
42356,1805.829,-40553086067628,26134,84143,31215.0,34437.9,9.9,-0.059,2122545,LOCKED
42357,1806.829,-40553086058786,5243,63252,31133.4,33719.7,9.8,-0.056,2203012,LOCKED
42358,1807.830,-40553086069316,-35230,22779,31133.6,33717.5,10.0,-0.067,2168213,LOCKED
42359,1808.830,-40553085968622,32349,90358,31177.1,33987.1,10.0,-0.063,2131749,LOCKED
42360,1809.828,-40553085946719,21541,79550,31216.6,34112.5,9.9,-0.080,2124660,LOCKED
42361,1810.829,-40553085933308,4570,62579,31167.9,33834.2,9.8,-0.081,2213631,LOCKED
42362,1811.830,-40553085935917,-28363,29646,31173.7,33780.1,9.8,-0.080,2181719,LOCKED
42363,1812.830,-40553085843455,29962,87971,31269.5,33858.7,9.8,-0.079,2140391,LOCKED
42364,1813.830,-40553085829213,12265,70274,31282.0,33892.4,9.7,-0.080,2226212,LOCKED
42365,1814.830,-40553085825931,-13236,44773,31181.1,33402.9,9.7,-0.079,2203669,LOCKED
42366,1815.829,-40553085831513,-47996,10013,31162.6,33650.6,9.7,-0.078,2164334,LOCKED
42367,1816.828,-40553085728439,22493,80502,31195.1,33784.7,9.6,-0.079,2135665,LOCKED
42368,1817.828,-40553085710588,9826,67835,31145.4,33411.2,9.5,-0.079,2227122,LOCKED
42369,1818.830,-40553085713322,-23909,34100,31178.2,33066.2,9.2,-0.087,2194101,LOCKED
42370,1819.829,-40553085671820,-13756,44253,31209.5,32839.1,9.3,-0.093,2208053,LOCKED
42371,1820.830,-40553085674053,-43982,14027,31124.6,33372.4,9.2,-0.092,2176558,LOCKED
42372,1821.829,-40553085556357,41205,99214,31124.0,33364.3,9.2,-0.096,2265555,LOCKED
42373,1822.830,-40553085558917,5641,63650,31207.1,32888.4,8.7,-0.094,2231501,LOCKED
42374,1823.829,-40553085556636,-21800,36209,31170.4,33021.2,8.2,-0.091,2206203,LOCKED
42375,1824.829,-40553085563203,-54175,3834,30997.0,33281.2,7.9,-0.082,2167883,LOCKED
42376,1825.829,-40553085473501,3139,61148,31060.2,32982.9,8.0,-0.075,2229597,LOCKED
42377,1826.829,-40553085480067,-32192,25817,31001.0,33270.7,7.9,-0.073,2192757,LOCKED
42378,1827.832,-40553085365459,49337,107346,31020.9,33544.3,7.7,-0.071,2278187,LOCKED
42379,1828.831,-40553085372565,9155,67164,31106.7,33129.6,7.7,-0.070,2242677,LOCKED
42380,1829.829,-40553085333880,14203,72212,31207.5,32661.2,7.8,-0.064,2250875,LOCKED
42381,1830.830,-40553085343483,-24938,33071,31166.9,32835.4,7.7,-0.061,2213625,LOCKED
42382,1831.831,-40553085340423,-48191,9818,31008.6,32989.3,7.9,-0.058,2185915,LOCKED
42383,1832.831,-40553085220971,36685,94694,31122.9,33138.3,7.9,-0.052,2276190,LOCKED
42384,1833.830,-40553085224077,2446,60455,31119.3,33134.4,8.0,-0.046,2244770,LOCKED
42385,1834.830,-40553085225663,-26854,31155,30996.6,32815.6,8.0,-0.045,2210901,LOCKED
42386,1835.831,-40553085127957,36347,94356,31108.6,32973.6,7.9,-0.041,2177793,LOCKED
42387,1836.832,-40553085113532,18794,76803,31120.0,33030.0,7.7,-0.037,2262518,LOCKED
42388,1837.833,-40553085132498,-27719,30290,30990.5,32648.3,7.6,-0.033,2218281,LOCKED
42389,1838.831,-40553085036604,33429,91438,31119.4,32509.3,7.4,-0.028,2179344,LOCKED
42390,1839.831,-40553084998135,37072,95081,31239.9,32614.5,7.6,-0.026,2289742,LOCKED
42391,1840.831,-40553085009506,-3970,54039,31169.4,32245.2,7.6,-0.020,2249664,LOCKED
42392,1841.830,-40553085030687,-50951,7058,30990.3,32237.6,7.6,-0.020,2200076,LOCKED
42393,1842.831,-40553084920247,25563,83572,31092.0,32122.9,7.6,-0.020,2279362,LOCKED
42394,1843.831,-40553084923177,-8010,49999,31083.3,32138.7,7.7,-0.026,2251579,LOCKED
42395,1844.831,-40553084840277,42368,100377,31083.4,32140.7,7.8,-0.027,2200571,LOCKED
42396,1845.832,-40553084824050,24187,82196,31206.6,31696.7,7.8,-0.035,2291525,LOCKED
42397,1846.831,-40553084822188,-5307,52702,31222.8,31643.2,7.9,-0.037,2263845,LOCKED
42398,1847.831,-40553084824570,-35223,22786,31100.1,31652.4,8.1,-0.040,2231079,LOCKED
42399,1848.832,-40553084779712,-21593,36416,31142.4,31175.8,8.2,-0.043,2204271,LOCKED
42400,1849.832,-40553084788568,-55722,2287,30946.6,31169.4,8.2,-0.037,2207547,LOCKED
42401,1850.832,-40553084673985,25577,83586,31018.9,31290.1,8.3,-0.041,2294487,LOCKED
42402,1851.832,-40553084668759,322,58331,30992.0,31217.2,8.4,-0.035,2268503,LOCKED
42403,1852.832,-40553084688872,-45530,12479,30809.5,30815.0,8.5,-0.041,2216844,LOCKED
42404,1853.832,-40553084575414,33845,91854,30914.1,30958.4,8.6,-0.023,2305879,LOCKED
42405,1854.830,-40553084569344,9037,67046,30897.2,30879.2,8.8,-0.009,2279867,LOCKED
42406,1855.832,-40553084575945,-27735,30274,30907.8,30768.5,8.8,-0.012,2249812,LOCKED
42407,1856.832,-40553084468053,46298,104307,30975.7,31387.5,8.5,-0.029,2217318,LOCKED
42408,1857.834,-40553084455019,27752,85761,30959.2,31207.2,8.6,-0.048,2307192,LOCKED
42409,1858.832,-40553084440151,10212,68221,31013.4,31111.0,8.6,-0.052,2291965,LOCKED
42410,1859.831,-40553084397081,19952,77961,31094.1,31027.7,8.7,-0.045,2304638,LOCKED
42411,1860.832,-40553084425676,-37488,20521,31046.0,31413.0,8.7,-0.052,2280964,LOCKED
42412,1861.832,-40553084407444,-46099,11910,30916.1,31804.9,8.5,-0.068,2247155,LOCKED
42413,1862.832,-40553084279087,46718,104727,31065.6,32005.9,8.5,-0.051,2336620,LOCKED
42414,1863.832,-40553084267081,25743,83752,31116.9,32192.7,8.3,-0.048,2316790,LOCKED
42415,1864.832,-40553084246422,15297,73306,31090.8,31998.4,8.1,-0.045,2310779,LOCKED
42416,1865.832,-40553084239572,-9311,48698,31124.4,31789.5,8.0,-0.054,2286006,LOCKED
42417,1866.832,-40553084238344,-36918,18804,31073.4,32164.9,8.0,-0.062,2257118,LOCKED
42418,1867.834,-40553084126465,42186,97908,31086.7,32332.2,7.9,-0.069,2234160,LOCKED
42419,1868.833,-40553084115811,19201,74923,31180.3,32104.0,8.0,-0.077,2320554,LOCKED
42420,1869.832,-40553084070947,29815,85537,31281.5,32135.3,8.1,-0.084,2339263,LOCKED
42421,1870.833,-40553084068136,822,56544,31305.8,32086.5,8.3,-0.090,2310346,LOCKED
42422,1871.833,-40553084064070,-24036,31686,31228.8,32138.5,8.4,-0.096,2285567,LOCKED
42423,1872.833,-40553083980564,25102,80824,31341.3,31880.2,8.5,-0.101,2231669,LOCKED
42424,1873.832,-40553083959106,13376,69098,31409.6,31742.3,8.9,-0.112,2327321,LOCKED
42425,1874.832,-40553083961918,-19481,36241,31375.0,31852.3,8.9,-0.111,2296008,LOCKED
42426,1875.833,-40553083954840,-39666,16056,31238.9,31890.7,9.0,-0.115,2275146,LOCKED
42427,1876.833,-40553083854144,26860,82582,31338.3,31842.0,9.1,-0.120,2238807,LOCKED
42428,1877.836,-40553083834682,13364,69086,31395.7,31785.0,9.2,-0.123,2329948,LOCKED
42429,1878.833,-40553083835860,-17530,38192,31342.3,31825.6,9.0,-0.129,2304285,LOCKED
42430,1879.833,-40553083799751,-11790,43932,31314.0,31860.5,8.8,-0.131,2310075,LOCKED
42431,1880.833,-40553083722070,33614,89336,31305.4,31757.0,8.9,-0.135,2253780,LOCKED
42432,1881.832,-40553083712698,9376,65098,31403.1,31153.2,9.1,-0.144,2338644,LOCKED
42433,1882.833,-40553083727657,-35112,20610,31369.4,31441.6,9.2,-0.148,2292333,LOCKED
42434,1883.832,-40553083638929,21243,76965,31383.4,31522.0,9.3,-0.151,2247867,LOCKED
42435,1884.832,-40553083617511,12258,67980,31314.7,30784.2,9.3,-0.151,2341734,LOCKED
42436,1885.833,-40553083650856,-49122,6600,31235.3,31494.3,9.3,-0.150,2280937,LOCKED
42437,1886.834,-40553083530013,39035,94757,31241.6,31572.4,9.4,-0.153,2371671,LOCKED
42438,1887.837,-40553083529395,6303,62025,31334.8,30936.7,9.4,-0.156,2342086,LOCKED
42439,1888.833,-40553083532329,-26544,29178,31309.1,31104.2,9.8,-0.161,2310849,LOCKED
42440,1889.833,-40553083511231,-35003,20719,31281.3,31357.7,9.8,-0.157,2303469,LOCKED
42441,1890.834,-40553083425543,18864,74586,31276.4,31324.4,10.1,-0.161,2252178,LOCKED
42442,1891.834,-40553083418985,-3783,51939,31180.8,30562.5,10.1,-0.158,2333264,LOCKED
42443,1892.834,-40553083429905,-44030,11692,31163.1,30799.7,10.1,-0.154,2293022,LOCKED
42444,1893.833,-40553083330995,22161,77883,31202.7,30946.3,10.1,-0.150,2255745,LOCKED
42445,1894.833,-40553083322377,655,56377,31148.5,30648.4,10.0,-0.159,2338000,LOCKED
42446,1895.833,-40553083327559,-34450,21272,31145.7,30681.1,10.1,-0.161,2309529,LOCKED
42447,1896.833,-40553083324521,-59062,0,31072.2,31626.2,10.1,-0.163,2266630,LOCKED
42448,1897.836,-40553083216218,18113,77175,31044.8,31388.4,10.2,-0.166,2354908,LOCKED
42449,1898.834,-40553083216780,-13595,45467,31072.4,31188.7,10.5,-0.167,2326301,LOCKED
42450,1899.834,-40553083183894,-12293,46769,31118.0,30796.8,10.5,-0.160,2334707,LOCKED
42451,1900.833,-40553083192661,-48720,10342,31029.2,31498.3,10.8,-0.150,2294801,LOCKED
42452,1901.834,-40553083079249,33341,92403,30989.4,30899.3,11.1,-0.149,2378587,LOCKED
42453,1902.835,-40553083078590,2124,61186,31029.5,30772.2,11.4,-0.147,2349256,LOCKED
42454,1903.833,-40553083073956,-22302,36760,30969.8,30879.9,11.7,-0.131,2325893,LOCKED
42455,1904.834,-40553082984246,32782,91844,31095.0,30755.7,11.8,-0.112,2283428,LOCKED
42456,1905.834,-40553082957427,25733,84795,31188.5,30726.1,11.7,-0.090,2382118,LOCKED
42457,1906.835,-40553082964951,-12172,46890,31169.0,30770.2,11.6,-0.069,2346315,LOCKED
42458,1907.837,-40553082967873,-42160,16902,31037.6,30979.4,11.4,-0.049,2315253,LOCKED
42459,1908.835,-40553082849667,42841,101903,31072.7,31368.7,11.1,-0.027,2400259,LOCKED
42460,1909.833,-40553082836702,25217,84279,31006.9,30382.0,10.8,-0.004,2281610,LOCKED
42461,1910.835,-40553082814335,14921,73983,31063.5,30358.3,10.5,0.023,2378662,LOCKED
42462,1911.835,-40553082821293,-21373,37689,31014.1,30483.0,10.0,0.054,2343720,LOCKED
42463,1912.834,-40553082726803,41336,100398,30983.0,29937.8,9.3,0.094,2302012,LOCKED
42464,1913.834,-40553082717561,17630,76692,31050.2,29901.3,8.9,0.093,2389042,LOCKED
42465,1914.833,-40553082731101,-25134,33928,31002.3,30094.0,8.5,0.081,2345496,LOCKED
42466,1915.834,-40553082643216,31046,90108,30985.1,29877.4,8.4,0.074,2298753,LOCKED
42467,1916.835,-40553082626590,14457,73519,31070.7,29576.7,8.3,0.068,2388206,LOCKED
42468,1917.837,-40553082645531,-33882,25180,31044.9,29818.7,8.3,0.064,2340254,LOCKED
42469,1918.834,-40553082551653,26963,86025,31097.7,30039.6,8.2,0.060,2300866,LOCKED
42470,1919.835,-40553082518572,26521,85583,31172.8,30173.6,7.9,0.048,2407710,LOCKED
42471,1920.833,-40553082533583,-17004,42058,31070.4,29735.3,7.7,0.046,2366509,LOCKED
42472,1921.835,-40553082540307,-49312,9750,30882.7,29455.2,7.0,0.044,2328478,LOCKED
42473,1922.834,-40553082429484,27504,86566,30990.6,29330.1,6.2,0.044,2411871,LOCKED
42474,1923.835,-40553082435238,-9251,49811,31006.5,29251.1,6.0,0.044,2375967,LOCKED
42475,1924.835,-40553082448956,-50764,8298,30933.2,30027.8,5.9,0.050,2332701,LOCKED
42476,1925.835,-40553082335519,30220,89282,30957.6,30225.8,5.9,0.050,2416657,LOCKED
42477,1926.836,-40553082341659,-4893,54169,30868.1,29577.6,5.9,0.050,2380599,LOCKED
42478,1927.837,-40553082344013,-36688,22374,30859.1,29687.3,5.9,0.050,2351809,LOCKED
42479,1928.834,-40553082242871,31004,90066,30934.8,29938.5,6.1,0.054,2316061,LOCKED
42480,1929.835,-40553082203224,36198,95260,31047.5,30098.8,6.1,0.054,2427647,LOCKED
42481,1930.836,-40553082211399,-2931,56131,31047.8,30098.5,6.1,0.055,2394011,LOCKED
42482,1931.836,-40553082231140,-49434,9628,30919.4,30668.4,6.3,0.051,2345239,LOCKED
42483,1932.836,-40553082119512,28395,87457,31013.7,30717.0,6.3,0.051,2426357,LOCKED
42484,1933.836,-40553082127244,-10298,48764,31028.3,30644.8,6.1,0.049,2390791,LOCKED
42485,1934.836,-40553082136793,-47090,11972,30920.6,31244.6,5.9,0.052,2350680,LOCKED
42486,1935.836,-40553082021351,36358,95420,30912.8,31142.8,5.8,0.053,2433212,LOCKED
42487,1936.836,-40553082020509,4964,64026,30969.6,30926.7,6.0,0.051,2404186,LOCKED
42488,1937.839,-40553082028025,-31941,27121,30945.1,31133.6,6.2,0.050,2372314,LOCKED
42489,1938.836,-40553081927335,35812,94874,30983.4,31453.6,6.4,0.049,2335864,LOCKED
42490,1939.836,-40553081983527,-47737,11325,30884.6,32093.5,6.0,0.054,2352544,LOCKED
42491,1940.836,-40553081857854,42795,101857,31022.6,32248.8,6.2,0.054,2452736,LOCKED
42492,1941.836,-40553081851438,16396,75458,31083.4,32230.1,6.2,0.050,2431311,LOCKED
42493,1942.836,-40553081842559,-4567,54495,31030.0,32043.6,6.3,0.050,2409571,LOCKED
42494,1943.837,-40553081831889,-24300,34762,31039.7,31957.3,6.4,0.051,2387235,LOCKED
42495,1944.835,-40553081743183,30482,89544,31130.7,32092.7,6.5,0.053,2340269,LOCKED
42496,1945.836,-40553081733764,9550,68612,31076.4,31645.0,6.5,0.056,2424424,LOCKED
42497,1946.836,-40553081731732,-19787,39275,31123.8,31116.2,6.5,0.059,2398179,LOCKED
42498,1947.839,-40553081648865,29249,88311,31208.2,31264.0,6.5,0.062,2346358,LOCKED
42499,1948.837,-40553081625807,20158,79220,31220.8,31334.5,6.7,0.057,2445794,LOCKED
42500,1949.836,-40553081599108,15394,74456,31207.1,31245.2,6.4,0.069,2447142,LOCKED
42501,1950.836,-40553081592926,-10010,49052,31242.4,31005.1,6.6,0.064,2422047,LOCKED
42502,1951.836,-40553081525222,24490,83552,31298.1,31167.5,6.6,0.068,2356483,LOCKED
42503,1952.837,-40553081491814,25990,85052,31284.7,31032.9,6.6,0.072,2462363,LOCKED
42504,1953.835,-40553081475569,9152,68214,31357.9,30740.5,6.5,0.078,2451211,LOCKED
42505,1954.837,-40553081460331,-6930,52132,31367.6,30708.3,6.5,0.084,2439314,LOCKED
42506,1955.837,-40553081454829,-29881,29181,31274.1,30810.8,6.5,0.094,2409918,LOCKED
42507,1956.837,-40553081370505,23476,82538,31219.9,30081.4,6.5,0.094,2361759,LOCKED
42508,1957.835,-40553081349928,11341,70403,31274.3,30001.4,6.7,0.079,2455945,LOCKED
42509,1958.836,-40553081350445,-18777,40285,31223.3,30076.9,6.7,0.070,2427796,LOCKED
42510,1959.836,-40553081311986,-10455,48607,31187.4,30079.4,6.9,0.060,2437072,LOCKED
42511,1960.837,-40553081323589,-48081,10981,31013.5,29988.2,7.1,0.038,2396842,LOCKED
42512,1961.837,-40553081219870,22155,81217,31098.0,29930.4,7.2,0.017,2468547,LOCKED
42513,1962.837,-40553081212252,-1179,57883,31092.8,29929.8,7.1,0.008,2444279,LOCKED
42514,1963.837,-40553081206600,-23942,35120,31001.0,29857.7,7.1,-0.016,2420297,LOCKED
42515,1964.836,-40553081121880,26925,85987,31096.4,29848.5,6.9,-0.030,2375824,LOCKED
42516,1965.837,-40553081100292,15415,74477,31169.1,29711.7,7.0,-0.039,2467288,LOCKED
42517,1966.837,-40553081108640,-22193,36869,31112.2,29831.6,7.0,-0.047,2436694,LOCKED
42518,1967.839,-40553081108786,-48448,10614,30947.0,29908.6,7.1,-0.053,2403847,LOCKED
42519,1968.837,-40553080989740,35854,94916,31073.9,29893.2,7.1,-0.059,2494379,LOCKED
42520,1969.836,-40553080955651,35600,94662,31175.3,30130.4,7.1,-0.054,2495820,LOCKED
42521,1970.838,-40553080965958,-6042,53020,31193.3,30060.6,7.1,-0.059,2457866,LOCKED
42522,1971.836,-40553080966966,-35057,24005,31095.0,30301.7,7.2,-0.055,2426535,LOCKED
42523,1972.838,-40553080855297,41234,100296,31236.9,30339.1,7.2,-0.051,2510526,LOCKED
42524,1973.838,-40553080857255,6784,65846,31287.3,30206.4,6.9,-0.055,2477525,LOCKED
42525,1974.836,-40553080837568,-3799,55263,31243.6,30074.5,7.0,-0.058,2467375,LOCKED
42526,1975.838,-40553080843513,-39453,19609,31234.0,30198.6,7.0,-0.061,2431242,LOCKED
42527,1976.838,-40553080754455,16500,75562,31298.4,30156.2,7.0,-0.063,2384989,LOCKED
42528,1977.839,-40553080732633,7500,66562,31262.5,29933.4,7.0,-0.065,2477368,LOCKED
42529,1978.837,-40553080747787,-37485,21577,31254.6,30031.3,7.0,-0.067,2436805,LOCKED
42530,1979.839,-40553080721502,-40886,18176,31245.6,30151.8,7.0,-0.065,2433813,LOCKED
42531,1980.838,-40553080627989,20307,79369,31264.6,30250.3,7.0,-0.066,2392969,LOCKED
42532,1981.838,-40553080613809,4593,63655,31189.5,29564.1,7.3,-0.072,2479706,LOCKED
42533,1982.838,-40553080628785,-39839,19223,31170.7,29794.1,7.6,-0.076,2437396,LOCKED
42534,1983.837,-40553080533279,23144,82206,31198.6,29943.4,7.7,-0.073,2398669,LOCKED
42535,1984.838,-40553080510853,15164,74226,31134.4,29177.7,7.4,-0.067,2494737,LOCKED
42536,1985.838,-40553080511587,-16532,42530,31153.5,29026.0,7.5,-0.064,2468313,LOCKED
42537,1986.838,-40553080519941,-52111,6951,31047.1,29853.6,7.5,-0.062,2424847,LOCKED
42538,1987.839,-40553080403890,32234,91296,31025.8,29564.2,7.5,-0.061,2513667,LOCKED
42539,1988.839,-40553080395451,8228,67290,31081.9,29408.6,7.3,-0.055,2494711,LOCKED
42540,1989.838,-40553080345116,24551,83613,31185.0,29228.5,7.3,-0.054,2515578,LOCKED
42541,1990.838,-40553080378936,-37763,21299,31115.6,29673.9,7.3,-0.053,2492201,LOCKED
42542,1991.838,-40553080368297,-52647,6415,30928.4,29624.2,7.2,-0.057,2448689,LOCKED
42543,1992.837,-40553080247819,33805,92867,31024.3,29843.0,7.3,-0.054,2522231,LOCKED
42544,1993.838,-40553080236967,13253,72315,31021.0,29826.0,7.3,-0.052,2506291,LOCKED
42545,1994.837,-40553080216303,4585,63647,30930.2,28834.9,7.3,-0.050,2494964,LOCKED
42546,1995.837,-40553080202233,-12291,46771,30951.5,28692.1,7.5,-0.049,2479970,LOCKED
42547,1996.838,-40553080188805,-27728,31334,30895.1,28931.9,7.5,-0.052,2465515,LOCKED
42548,1997.838,-40553080180725,-45785,13277,30737.4,28979.1,7.5,-0.056,2442568,LOCKED
42549,1998.839,-40553080059091,41475,100537,30847.2,29381.7,7.4,-0.061,2535309,LOCKED
42550,1999.838,-40553080024826,44072,103134,30814.0,28739.6,7.7,-0.057,2537540,LOCKED
42551,2000.839,-40553080025578,10724,69786,30883.8,28504.4,7.7,-0.061,2510976,LOCKED
42552,2001.839,-40553080025361,-18879,40183,30863.0,28603.6,7.9,-0.065,2484362,LOCKED
42553,2002.839,-40553079925613,47259,106321,30919.3,29242.3,8.2,-0.069,2444642,LOCKED
42554,2003.838,-40553079914223,27086,86148,30905.8,29091.8,8.1,-0.075,2532976,LOCKED
42555,2004.838,-40553079917164,-7040,52022,30931.2,28959.8,8.4,-0.079,2502609,LOCKED
42556,2005.839,-40553079937079,-54165,4897,30838.5,29878.8,8.6,-0.071,2449755,LOCKED
42557,2006.839,-40553079827472,23982,83044,30829.1,29790.4,8.6,-0.065,2533351,LOCKED
42558,2007.840,-40553079825192,-4987,54075,30858.1,29654.6,8.8,-0.053,2504022,LOCKED
42559,2008.840,-40553079830328,-38817,20245,30816.4,30050.3,8.4,-0.029,2473008,LOCKED
42560,2009.839,-40553079813845,-50047,9015,30747.2,30775.8,8.9,-0.068,2459557,LOCKED
42561,2010.839,-40553079709086,22908,81970,30760.9,30865.1,8.6,-0.042,2537087,LOCKED
42562,2011.840,-40553079726983,-24797,34265,30755.5,30908.5,8.6,-0.045,2491461,LOCKED
42563,2012.839,-40553079617947,49174,108236,30885.4,31439.6,8.6,-0.047,2567865,LOCKED
42564,2013.839,-40553079624869,10168,69230,30927.4,31414.2,8.7,-0.047,2533143,LOCKED
42565,2014.839,-40553079629659,-23869,35193,30884.6,31580.8,8.7,-0.045,2499879,LOCKED
42566,2015.839,-40553079523741,48732,107794,30922.9,32060.1,8.7,-0.048,2467741,LOCKED
42567,2016.839,-40553079509524,29063,83228,31020.2,32102.2,8.5,-0.048,2562874,LOCKED
42568,2017.838,-40553079503234,3423,57588,31059.3,32003.3,8.5,-0.045,2536152,LOCKED
42569,2018.840,-40553079502984,-25229,28936,30995.2,32149.7,8.3,-0.045,2509830,LOCKED
42570,2019.839,-40553079491927,-42046,12119,30911.8,32644.2,8.3,-0.043,2490326,LOCKED
42571,2020.840,-40553079385488,32967,87132,30882.1,32245.1,8.4,-0.041,2567783,LOCKED
42572,2021.840,-40553079398466,-10872,43293,30899.2,32157.1,8.4,-0.048,2524522,LOCKED
42573,2022.840,-40553079305154,48243,102408,30981.0,32816.9,8.3,-0.055,2482895,LOCKED
42574,2023.840,-40553079288712,32356,86521,30993.3,32930.6,8.4,-0.060,2579179,LOCKED
42575,2024.839,-40553079310857,-20357,33808,31006.4,32830.2,8.2,-0.058,2526925,LOCKED
42576,2025.841,-40553079310609,-48444,5721,30955.8,33377.1,8.2,-0.056,2497305,LOCKED
42577,2026.840,-40553079197135,32528,86693,30977.6,33557.4,8.3,-0.054,2576301,LOCKED
42578,2027.843,-40553079194493,5634,59799,30897.3,32831.0,8.3,-0.052,2551991,LOCKED
42579,2028.840,-40553079193043,-23375,30790,30914.7,32672.2,8.3,-0.056,2523395,LOCKED
42580,2029.841,-40553079151960,-13614,40551,30957.4,32315.4,8.2,-0.053,2536198,LOCKED
42581,2030.839,-40553079157371,-46695,7470,30873.6,32931.3,8.4,-0.046,2503404,LOCKED
42582,2031.840,-40553079038899,39402,93567,30881.7,33027.8,9.0,-0.033,2587414,LOCKED
42583,2032.841,-40553079032410,12533,66698,30982.7,32501.5,9.0,-0.026,2567662,LOCKED
42584,2033.840,-40553079030358,-15854,38311,30982.3,32503.2,9.0,-0.025,2539965,LOCKED
42585,2034.839,-40553078998119,-13811,40354,30966.7,32550.5,9.0,-0.024,2543658,LOCKED
42586,2035.841,-40553079001636,-44082,10083,30833.0,32806.7,9.0,-0.023,2508712,LOCKED
42587,2036.841,-40553078876998,45748,99913,30952.2,33252.8,9.0,-0.022,2604536,LOCKED
42588,2037.844,-40553078885176,5645,59810,30990.7,33188.0,9.1,-0.024,2563604,LOCKED
42589,2038.840,-40553078890516,-27740,26425,30892.0,33175.8,9.2,-0.026,2532142,LOCKED
42590,2039.841,-40553078866255,-30933,23232,30774.5,33079.5,9.0,-0.022,2527915,LOCKED
42591,2040.841,-40553078757618,43111,97276,30890.5,33447.6,9.1,-0.023,2607708,LOCKED
42592,2041.841,-40553078757142,11555,65720,30927.3,33459.8,9.0,-0.026,2579472,LOCKED
42593,2042.841,-40553078773693,-32408,21757,30808.4,33404.3,9.0,-0.031,2531465,LOCKED
42594,2043.841,-40553078662837,43685,97850,30930.1,33746.9,8.9,-0.028,2613498,LOCKED
42595,2044.841,-40553078670187,4369,58534,30973.8,33636.6,8.8,-0.023,2580999,LOCKED
42596,2045.841,-40553078682529,-36095,18070,30893.7,33967.0,8.6,-0.018,2537551,LOCKED
42597,2046.841,-40553078566322,47710,101875,30888.3,33884.8,8.4,-0.011,2624691,LOCKED
42598,2047.843,-40553078570414,10817,64982,30964.4,33627.4,8.5,-0.010,2588326,LOCKED
42599,2048.840,-40553078572794,-21485,32680,30948.9,33709.8,8.2,-0.001,2555013,LOCKED
42600,2049.842,-40553078544495,-23638,30527,30963.9,33579.1,8.3,0.001,2556221,LOCKED
42601,2050.841,-40553078436050,51382,105547,30999.3,34033.5,8.3,0.003,2634869,LOCKED
42602,2051.841,-40553078444822,12586,66751,30930.3,33339.4,8.3,0.006,2594076,LOCKED
42603,2052.842,-40553078462776,-35087,19078,30929.3,33351.1,8.0,0.017,2549033,LOCKED
42604,2053.842,-40553078356509,37115,91280,31021.6,33663.6,8.0,0.021,2627580,LOCKED
42605,2054.841,-40553078365681,-3131,51034,31029.4,33650.5,8.0,0.027,2589426,LOCKED
42606,2055.842,-40553078374847,-40211,13954,30943.2,34069.0,8.0,0.021,2552099,LOCKED
42607,2056.842,-40553078267566,34728,88893,30954.1,34175.1,8.3,0.023,2630877,LOCKED
42608,2057.844,-40553078282850,-9023,45142,30846.9,33456.1,8.3,0.028,2584866,LOCKED
42609,2058.842,-40553078286050,-41426,12739,30835.1,33596.9,9.1,0.027,2552251,LOCKED
42610,2059.842,-40553078172285,37503,91668,30969.3,33564.0,9.2,0.041,2531170,LOCKED
42611,2060.842,-40553078160688,16572,70737,31018.4,33603.7,9.1,0.047,2615734,LOCKED
42612,2061.843,-40553078170660,-22230,31935,30947.8,33650.2,9.2,0.026,2579608,LOCKED
42613,2062.842,-40553078068840,43854,98019,31110.1,33526.1,9.2,0.020,2652902,LOCKED
42614,2063.841,-40553078073375,6543,60708,31181.2,33219.2,9.2,0.028,2619027,LOCKED
42615,2064.841,-40553078043482,4832,58997,31193.9,33224.0,9.1,0.021,2620193,LOCKED
42616,2065.843,-40553078045843,-25244,28921,31064.9,32749.4,9.1,0.014,2587124,LOCKED
42617,2066.841,-40553077958945,27734,81899,31159.1,32776.3,9.1,0.009,2537714,LOCKED
42618,2067.845,-40553077945765,9125,63290,31174.8,32799.7,9.1,-0.015,2623744,LOCKED
42619,2068.843,-40553077941275,-15214,38951,31084.8,32496.5,9.5,-0.036,2601934,LOCKED
42620,2069.842,-40553077908840,-11169,42996,30970.9,31701.6,9.1,-0.038,2603315,LOCKED
42621,2070.843,-40553077816767,46157,100322,31079.7,32243.3,9.1,-0.034,2561730,LOCKED
42622,2071.842,-40553077806710,24512,78677,31069.4,32151.5,9.1,-0.039,2646679,LOCKED
42623,2072.842,-40553077800910,-2254,51911,31146.8,31530.3,9.1,-0.034,2626240,LOCKED
42624,2073.843,-40553077794610,-25720,28445,31121.8,31685.0,9.0,-0.030,2600430,LOCKED
42625,2074.843,-40553077794152,-51898,2267,30987.7,32287.2,9.0,-0.027,2571801,LOCKED
42626,2075.843,-40553077670693,36376,90541,31133.5,32039.0,9.0,-0.024,2665706,LOCKED
42627,2076.842,-40553077667851,6411,60576,31205.1,31708.2,9.0,-0.029,2639839,LOCKED
42628,2077.846,-40553077663399,-19423,34742,31192.3,31775.1,9.1,-0.033,2611962,LOCKED
42629,2078.843,-40553077662373,-45743,8422,31079.3,32277.2,9.1,-0.031,2589248,LOCKED
42630,2079.843,-40553077623667,-34250,19915,30946.3,32117.2,9.1,-0.034,2596312,LOCKED
42631,2080.843,-40553077516854,37918,92083,31065.0,32275.3,9.5,-0.042,2674108,LOCKED
42632,2081.842,-40553077517786,5898,60063,31056.3,32251.5,9.4,-0.046,2641904,LOCKED
42633,2082.843,-40553077528717,-35437,18728,31083.3,31869.0,9.4,-0.050,2600746,LOCKED
42634,2083.843,-40553077431259,27643,81808,31199.3,31660.9,9.3,-0.049,2564486,LOCKED
42635,2084.844,-40553077441194,-12241,41924,31158.2,31668.1,9.4,-0.047,2632187,LOCKED
42636,2085.844,-40553077433968,-32377,21788,31025.4,31425.8,9.4,-0.049,2609047,LOCKED
42637,2086.844,-40553077322512,43764,97929,31163.4,31628.6,9.4,-0.050,2689931,LOCKED
42638,2087.846,-40553077334670,66,54231,31181.8,31596.9,9.5,-0.048,2645418,LOCKED
42639,2088.844,-40553077330209,-24302,29863,31106.7,31668.4,9.4,-0.052,2620723,LOCKED
42640,2089.843,-40553077280303,-4786,49379,31079.4,31641.4,9.5,-0.053,2641977,LOCKED
42641,2090.843,-40553077295904,-46514,7651,30913.4,31595.7,9.3,-0.050,2598881,LOCKED
42642,2091.843,-40553077177626,37048,91213,31038.6,31651.2,8.6,-0.041,2687649,LOCKED
42643,2092.844,-40553077189997,-6399,47766,31051.1,31609.7,8.3,-0.034,2642480,LOCKED
42644,2093.844,-40553077201735,-45498,8667,30945.5,32145.6,8.4,-0.034,2605536,LOCKED
42645,2094.842,-40553077078844,43964,98129,30994.4,32622.1,8.4,-0.033,2700900,LOCKED
42646,2095.844,-40553077090809,2611,56776,30911.0,31905.0,8.4,-0.032,2655640,LOCKED
42647,2096.844,-40553077100194,-36574,17591,30917.3,31825.1,8.4,-0.030,2621166,LOCKED
42648,2097.846,-40553076992316,37675,91840,30987.9,32231.9,8.4,-0.034,2699749,LOCKED
42649,2098.844,-40553077004289,-3867,50298,30924.6,31937.4,8.4,-0.038,2654398,LOCKED
42650,2099.844,-40553076971805,-781,53384,30850.8,31441.7,8.4,-0.036,2654774,LOCKED
42651,2100.844,-40553076988558,-46359,7806,30828.4,31739.4,8.6,-0.040,2612112,LOCKED
42652,2101.843,-40553076880530,28704,82869,30885.7,31973.4,8.7,-0.038,2686509,LOCKED
42653,2102.844,-40553076890457,-9914,44251,30794.3,31484.3,8.9,-0.042,2651913,LOCKED
42654,2103.844,-40553076891441,-40134,14031,30784.5,31605.9,9.1,-0.046,2619939,LOCKED
42655,2104.844,-40553076781979,36124,90289,30843.3,31982.4,9.4,-0.049,2700228,LOCKED
42656,2105.844,-40553076775696,12301,66466,30786.5,31446.2,9.6,-0.053,2678277,LOCKED
42657,2106.845,-40553076769642,-12893,41272,30830.7,31067.5,9.8,-0.047,2654974,LOCKED
42658,2107.843,-40553076765616,-37294,16871,30774.7,31469.2,10.0,-0.050,2631224,LOCKED
42659,2108.844,-40553076654502,41205,95370,30796.5,31723.1,10.2,-0.041,2603384,LOCKED
42660,2109.845,-40553076618205,44728,98893,30819.2,32009.5,10.2,-0.046,2613104,LOCKED
42661,2110.844,-40553076600840,27733,81898,30947.1,31640.0,10.4,-0.034,2703404,LOCKED
42662,2111.845,-40553076596956,306,54471,30964.5,31613.0,10.3,-0.027,2684395,LOCKED
42663,2112.845,-40553076590911,-21726,32439,30858.7,31314.5,10.3,-0.019,2658907,LOCKED
42664,2113.845,-40553076496417,38073,92238,30983.9,31413.9,10.4,-0.042,2617721,LOCKED
42665,2114.844,-40553076470801,30683,84848,31032.2,31686.1,10.4,-0.048,2718765,LOCKED
42666,2115.844,-40553076468933,2835,57000,30962.7,31159.4,10.3,-0.039,2693069,LOCKED
42667,2116.845,-40553076462459,-21279,32886,30979.8,31008.6,10.0,-0.012,2668404,LOCKED
42668,2117.847,-40553076355825,51302,105467,31045.4,31725.7,9.9,0.001,2745090,LOCKED
42669,2118.845,-40553076359987,16623,70788,30991.7,31152.1,8.7,0.059,2714072,LOCKED
42670,2119.845,-40553076322126,20870,75035,31085.9,30961.4,8.2,0.048,2722776,LOCKED
42671,2120.845,-40553076343095,-29703,24462,31062.5,31143.7,8.1,0.041,2671015,LOCKED
42672,2121.844,-40553076253373,27893,82058,31068.3,31195.1,8.1,0.039,2627855,LOCKED
42673,2122.845,-40553076228575,18702,72867,31180.8,30683.6,8.1,0.024,2720399,LOCKED
42674,2123.846,-40553076245123,-27592,26573,31156.2,30856.6,8.0,0.022,2679726,LOCKED
42675,2124.844,-40553076143035,40113,94278,31248.0,31289.4,8.0,0.011,2752663,LOCKED
42676,2125.845,-40553076181781,-27303,26862,31166.7,31401.8,8.0,0.001,2685931,LOCKED
42677,2126.846,-40553076078927,40353,94518,31297.8,31532.7,8.1,-0.006,2754979,LOCKED
42678,2127.848,-40553076089696,-2272,51893,31329.0,31416.1,8.6,-0.020,2719070,LOCKED
42679,2128.846,-40553076092853,-34186,19979,31259.5,31748.7,8.6,-0.026,2684438,LOCKED
42680,2129.845,-40553076047354,-18454,35711,31216.9,31837.5,8.7,-0.031,2701529,LOCKED
42681,2130.846,-40553076038567,-40023,14142,31241.2,31456.9,8.6,-0.035,2676666,LOCKED
42682,2131.845,-40553075921713,41456,95621,31375.4,31599.8,8.7,-0.039,2770299,LOCKED
42683,2132.845,-40553075923454,7351,61516,31411.8,31563.1,8.5,-0.036,2736826,LOCKED
42684,2133.846,-40553075919178,-18148,36017,31361.6,31627.0,8.5,-0.028,2711542,LOCKED
42685,2134.846,-40553075917106,-42927,11238,31211.3,31630.5,8.3,-0.025,2680708,LOCKED
42686,2135.845,-40553075797106,41381,95546,31362.6,31540.5,8.1,-0.021,2777346,LOCKED
42687,2136.846,-40553075799208,6701,58599,31411.3,31424.1,8.2,-0.024,2741732,LOCKED
42688,2137.849,-40553075797964,-21800,30098,31365.6,31558.0,8.2,-0.026,2716000,LOCKED
42689,2138.846,-40553075778123,-29969,21929,31250.6,31449.2,8.0,-0.022,2703330,LOCKED
42690,2139.846,-40553075739804,-20354,31544,31159.3,31275.0,8.1,-0.023,2713867,LOCKED
42691,2140.846,-40553075745640,-54987,0,31134.8,31668.5,8.0,-0.025,2676853,LOCKED
42692,2141.846,-40553075666359,-6723,48264,31140.2,31653.6,8.0,-0.023,2745631,LOCKED
42693,2142.846,-40553075658429,-26926,28061,31037.2,31570.0,8.1,-0.024,2716480,LOCKED
42694,2143.847,-40553075648489,-45948,9039,31011.8,31896.2,7.9,-0.021,2689512,LOCKED
42695,2144.846,-40553075544755,25332,80319,31040.5,32058.1,7.7,-0.017,2763426,LOCKED
42696,2145.847,-40553075529501,10008,64995,31001.0,31782.0,7.7,-0.017,2744646,LOCKED
42697,2146.845,-40553075534063,-25429,29558,31037.2,31351.3,7.8,-0.016,2712968,LOCKED
42698,2147.850,-40553075515445,-35559,19428,30983.9,31713.3,7.5,-0.010,2700566,LOCKED
42699,2148.847,-40553075492575,-40090,14897,30874.5,32034.7,7.5,-0.009,2696915,LOCKED
42700,2149.845,-40553075432682,-10144,44843,30845.8,32053.2,7.5,-0.007,2724822,LOCKED
42701,2150.846,-40553075429479,-33548,21439,30693.3,31550.8,7.6,-0.005,2696221,LOCKED
42702,2151.847,-40553075317793,43386,98373,30820.6,31850.2,7.2,0.004,2781619,LOCKED
42703,2152.847,-40553075317747,12138,67125,30823.6,31861.5,6.8,0.014,2751670,LOCKED
42704,2153.847,-40553075313309,-11546,43441,30710.0,31069.4,6.8,0.019,2727117,LOCKED
42705,2154.846,-40553075313847,-41171,13816,30698.8,31212.6,6.7,0.024,2700298,LOCKED
42706,2155.846,-40553075194405,44709,99696,30765.1,31783.7,6.7,0.029,2790081,LOCKED
42707,2156.847,-40553075216530,-6118,48869,30673.8,31176.6,6.9,0.037,2737818,LOCKED
42708,2157.850,-40553075217330,-36076,18911,30659.4,31331.7,6.8,0.045,2709137,LOCKED
42709,2158.846,-40553075096078,51443,106430,30724.8,32043.6,6.7,0.054,2802344,LOCKED
42710,2159.846,-40553075060750,52785,107772,30797.2,32798.2,6.8,0.067,2806569,LOCKED
42711,2160.847,-40553075062985,20402,75389,30731.3,31959.2,7.1,0.071,2774493,LOCKED
42712,2161.847,-40553075083695,-29554,25433,30707.5,32136.8,6.9,0.085,2724871,LOCKED
42713,2162.847,-40553074974818,46273,101260,30745.6,32574.9,7.1,0.092,2805216,LOCKED
42714,2163.846,-40553074975415,15838,70825,30674.5,31735.9,7.6,0.058,2775880,LOCKED
42715,2164.848,-40553074987948,-26225,28762,30662.0,31830.0,7.7,0.048,2736114,LOCKED
42716,2165.846,-40553074866868,60182,115169,30758.9,32855.6,7.7,0.039,2825540,LOCKED
42717,2166.848,-40553074866046,29206,84193,30761.3,32877.8,7.8,0.032,2797654,LOCKED
42718,2167.851,-40553074870764,-4017,50970,30657.0,32008.6,8.1,0.010,2763626,LOCKED
42719,2168.848,-40553074866952,-29555,25432,30642.0,32132.8,8.3,-0.011,2740220,LOCKED
42720,2169.847,-40553074849839,-41185,13802,30617.3,32408.1,8.4,-0.014,2730329,LOCKED
42721,2170.848,-40553074731600,42942,97929,30717.6,32871.8,8.5,-0.036,2814482,LOCKED
42722,2171.848,-40553074745174,-925,54062,30698.3,32843.5,8.5,-0.052,2776857,LOCKED
42723,2172.848,-40553074747136,-30219,24768,30583.1,32746.6,8.5,-0.065,2743622,LOCKED
42724,2173.848,-40553074634442,47687,102674,30710.4,33209.0,8.6,-0.074,2826579,LOCKED
42725,2174.847,-40553074636980,12725,67712,30773.4,33103.9,8.5,-0.084,2796119,LOCKED
42726,2175.848,-40553074636341,-16157,38830,30738.8,33172.9,8.4,-0.092,2768461,LOCKED
42727,2176.848,-40553074527071,59274,114261,30792.4,33912.5,8.3,-0.099,2848437,LOCKED
42728,2177.849,-40553074520853,30868,85855,30929.4,33562.2,8.1,-0.105,2824900,LOCKED
42729,2178.847,-40553074513387,6371,61358,30969.6,33497.8,8.0,-0.109,2801661,LOCKED
42730,2179.847,-40553074477091,10108,65095,31030.9,33355.8,7.8,-0.113,2810841,LOCKED
42731,2180.848,-40553074472868,-14778,40209,30961.0,33242.2,7.6,-0.116,2785595,LOCKED
42732,2181.848,-40553074382989,40223,95210,31086.6,33416.7,7.5,-0.112,2739688,LOCKED
42733,2182.848,-40553074370365,19387,74374,31171.0,33292.1,7.5,-0.109,2825198,LOCKED
42734,2183.849,-40553074371511,-11547,43440,31122.3,33255.6,7.3,-0.105,2797393,LOCKED
42735,2184.847,-40553074352241,-23649,31338,31174.0,32621.7,7.4,-0.102,2788353,LOCKED
42736,2185.849,-40553074252154,42785,97772,31224.6,33081.0,7.4,-0.104,2751672,LOCKED
42737,2186.849,-40553074237170,22876,77863,31366.8,32270.9,7.4,-0.106,2843211,LOCKED
42738,2187.851,-40553074232876,-4623,50364,31395.5,32150.9,7.4,-0.105,2819175,LOCKED
42739,2188.849,-40553074231260,-31757,23230,31318.3,32396.0,7.4,-0.103,2787424,LOCKED
42740,2189.849,-40553074205935,-35293,19694,31256.3,32748.6,7.4,-0.105,2785273,LOCKED
42741,2190.849,-40553074105162,32792,87779,31272.1,32891.6,7.5,-0.103,2854355,LOCKED
42742,2191.849,-40553074112301,-7297,47690,31366.8,31836.4,7.5,-0.105,2817971,LOCKED
42743,2192.849,-40553074114441,-39224,15763,31354.4,31981.6,7.4,-0.100,2786092,LOCKED
42744,2193.849,-40553074013761,27946,82933,31413.9,32195.8,6.6,-0.095,2752637,LOCKED
42745,2194.848,-40553073991541,18266,73253,31407.4,32152.9,6.4,-0.090,2849268,LOCKED
42746,2195.849,-40553073993052,-15891,39096,31494.7,30964.3,6.2,-0.087,2821228,LOCKED
42747,2196.849,-40553073998624,-50719,4268,31469.2,31339.0,6.2,-0.085,2784205,LOCKED
42748,2197.852,-40553073883339,30724,85711,31534.7,31602.7,6.3,-0.086,2870450,LOCKED
42749,2198.849,-40553073888308,-5287,49700,31519.2,31607.3,6.1,-0.081,2834574,LOCKED
42750,2199.849,-40553073863823,-11615,43372,31503.9,31644.3,6.1,-0.081,2832205,LOCKED
42751,2200.849,-40553073874824,-49443,5544,31356.3,32003.6,5.9,-0.074,2788253,LOCKED
42752,2201.849,-40553073760147,31373,86360,31427.2,32262.6,5.6,-0.067,2873580,LOCKED
42753,2202.849,-40553073775869,-14327,40660,31379.8,32275.1,5.6,-0.066,2826194,LOCKED
42754,2203.850,-40553073776441,-42085,12902,31243.7,32419.9,5.6,-0.064,2794078,LOCKED
42755,2204.849,-40553073692785,8557,63544,31316.5,32130.1,5.7,-0.062,2851948,LOCKED
42756,2205.849,-40553073692929,-22065,32922,31312.1,32160.6,5.7,-0.060,2820646,LOCKED
42757,2206.850,-40553073597839,39527,94514,31353.7,32534.8,5.8,-0.058,2781244,LOCKED
42758,2207.851,-40553073592053,13992,68979,31328.7,32364.3,5.8,-0.055,2862505,LOCKED
42759,2208.850,-40553073599376,-21785,33202,31223.7,32084.0,6.2,-0.054,2825728,LOCKED
42760,2209.850,-40553073577085,-28290,26697,31151.5,32265.7,6.6,-0.053,2820665,LOCKED
42761,2210.850,-40553073491042,26296,81283,31122.6,31939.4,6.7,-0.051,2770519,LOCKED
42762,2211.850,-40553073477402,7048,62035,31197.7,31582.2,6.7,-0.049,2856841,LOCKED
42763,2212.850,-40553073489168,-33826,21161,31151.3,31898.8,6.7,-0.047,2816931,LOCKED
42764,2213.849,-40553073379106,42821,97808,31191.3,32310.1,7.1,-0.048,2897254,LOCKED
42765,2214.849,-40553073423452,-28867,26120,31050.1,31782.8,7.5,-0.011,2826753,LOCKED
42766,2215.850,-40553073328521,31665,86652,31162.0,31774.0,7.5,0.003,2785358,LOCKED
42767,2216.851,-40553073310917,17523,72510,31161.5,31771.3,7.5,-0.012,2876834,LOCKED
42768,2217.851,-40553073314297,-14233,40754,31048.3,31086.7,7.5,0.001,2845318,LOCKED
42769,2218.850,-40553073321045,-49840,5147,31023.7,31440.7,8.3,0.042,2808355,LOCKED
42770,2219.850,-40553073293247,-50977,4010,31005.9,31712.2,8.3,0.040,2774907,LOCKED
42771,2220.850,-40553073208316,2468,57455,31025.4,31692.3,8.3,0.037,2857828,LOCKED
42772,2221.850,-40553073214670,-31227,23760,30896.3,31451.7,8.2,0.052,2826039,LOCKED
42773,2222.851,-40553073105188,43229,98216,31027.3,31707.5,8.4,0.062,2906610,LOCKED
42774,2223.850,-40553073096943,18997,73984,31067.0,31808.5,8.3,0.065,2886028,LOCKED
42775,2224.851,-40553073084895,1281,56268,31000.7,31363.7,8.3,0.065,2866867,LOCKED
42776,2225.851,-40553073083845,-28417,26570,31035.7,30910.5,8.5,0.076,2840768,LOCKED
42777,2226.851,-40553072974581,45889,100876,31152.1,31409.4,8.5,0.075,2920036,LOCKED
42778,2227.853,-40553072988141,1512,56499,31133.1,31365.5,8.5,0.085,2878955,LOCKED
42779,2228.851,-40553072993672,-31518,23469,31006.9,31176.1,8.4,0.086,2843105,LOCKED
42780,2229.851,-40553072960994,-25964,29023,30859.2,30360.3,8.4,0.086,2846619,LOCKED
42781,2230.851,-40553072850163,49692,104679,30988.6,30928.2,8.4,0.093,2929115,LOCKED
42782,2231.851,-40553072858142,10593,65580,30977.4,30875.5,8.4,0.099,2891370,LOCKED
42783,2232.851,-40553072858484,-17687,37300,30857.4,30192.8,8.3,0.098,2864451,LOCKED
42784,2233.850,-40553072851444,-39704,15283,30835.1,30451.4,8.2,0.096,2837075,LOCKED
42785,2234.851,-40553072734582,43510,98497,30900.9,31008.7,8.1,0.095,2925737,LOCKED
42786,2235.850,-40553072740900,7052,62039,30851.7,30655.2,8.2,0.099,2890744,LOCKED
42787,2236.850,-40553072746839,-29176,25811,30872.7,30401.3,8.2,0.102,2856787,LOCKED
42788,2237.852,-40553072636617,46301,101288,30985.9,30945.1,8.0,0.100,2936753,LOCKED
42789,2238.850,-40553072638965,12200,67187,31003.3,30987.8,7.9,0.097,2905460,LOCKED
42797,2247.651,-42813053674142,0,0,0.0,999999.0,9.2,0.116,0,INIT
42798,2248.653,-42813064337318,0,0,-10663176.0,inf,10.8,0.123,0,ACQUIRING
42799,2249.652,-42813064300227,0,0,-5313042.5,4368365.5,12.9,0.127,0,ACQUIRING
42800,2250.653,-42813064282959,0,0,-3178936.0,4139081.2,14.0,0.132,0,ACQUIRING
42801,2251.652,-42813064262316,0,0,-2112198.9,3900567.0,14.9,0.131,0,ACQUIRING
42802,2252.652,-42813064230021,0,0,-1501060.6,3686395.0,16.4,0.134,0,ACQUIRING
42803,2253.652,-42813064195203,0,0,-1118238.5,3498490.0,16.7,0.129,0,ACQUIRING
42804,2254.652,-42813064148561,0,0,-861655.9,3334848.2,17.5,0.129,0,ACQUIRING
42805,2255.654,-42813064094886,0,0,-680895.3,3191544.2,18.1,0.121,0,ACQUIRING
42806,2256.652,-42813064042420,0,0,-548870.2,3064645.8,18.4,0.118,0,ACQUIRING
42807,2257.652,-42813064069994,0,0,-453161.2,2946924.8,18.9,0.106,0,ACQUIRING
42808,2258.654,-42813063983332,0,0,-377182.1,2844486.0,19.0,0.092,0,ACQUIRING
42809,2259.653,-42813064006502,0,0,-319589.9,2748957.8,18.8,0.076,0,ACQUIRING
42810,2260.653,-42813063994421,0,0,-273912.8,2661814.5,19.1,0.067,0,ACQUIRING
42811,2261.654,-42813063882362,0,0,-234573.4,2585474.8,19.2,0.055,0,ACQUIRING
42816,2266.653,-42813063816867,0,0,-120356.6,2276106.5,18.8,-0.089,0,ACQUIRING
42817,2267.653,-42813063761832,0,0,-106944.1,2225796.0,18.8,-0.080,0,ACQUIRING
42830,2280.653,-42813063300674,0,0,-22054.1,1781723.6,17.1,-0.108,0,ACQUIRING
42831,2281.654,-42813063257211,0,0,-18912.8,1757863.5,17.0,-0.118,0,ACQUIRING
42842,2292.656,-42813062967184,0,0,2032.7,1543245.5,15.0,-0.129,0,ACQUIRING
42843,2293.656,-42813062900086,0,0,3295.8,1527508.2,14.6,-0.134,0,ACQUIRING
42847,2297.655,-42813062831265,0,0,7572.2,1468916.4,13.4,-0.165,0,ACQUIRING
42848,2298.655,-42813062725243,0,0,8537.8,1455404.1,12.9,-0.177,0,ACQUIRING
42850,2300.655,-42813062745844,0,0,9986.8,1428687.9,12.7,-0.188,0,ACQUIRING
42870,2320.656,-42813062030128,31800,87511,31470.2,34176.4,10.6,-0.076,-560158,LOCKED
