# seq,elapsed_s,d_total_ns,d_detrended_ns,offset_ns,drift_ns_per_s,drift_sigma_ns,gm_sigma_ns,gm_a1_ppb,clock_error_ns,sync_state
8139,0.539,-401418545963399,0,0,29002.4,33305.9,14.8,0.185,0,ACQUIRING
8140,1.541,-401418545853505,0,0,30786.7,33913.2,14.8,0.183,0,ACQUIRING
8141,2.540,-401418545853450,0,0,30851.9,32339.0,14.5,0.154,0,ACQUIRING
8142,3.543,-401418545856772,0,0,29916.6,32015.7,14.4,0.136,0,ACQUIRING
8143,4.540,-401418545752549,0,0,31166.2,33044.2,13.9,0.086,0,ACQUIRING
8144,5.540,-401418545792669,0,0,30429.9,32792.8,13.6,0.068,0,ACQUIRING
8145,6.540,-401418545744990,0,0,30262.8,31740.7,13.3,0.035,0,ACQUIRING
8146,7.540,-401418545724495,0,0,29974.2,30950.9,12.9,0.016,0,ACQUIRING
8147,8.540,-401418545714197,0,0,29456.9,30861.8,12.4,-0.020,0,ACQUIRING
8148,9.540,-401418545584371,0,0,30513.9,33870.0,11.7,-0.059,0,ACQUIRING
8149,10.540,-401418545540288,0,0,31472.6,36368.7,11.4,-0.087,0,ACQUIRING
8150,11.540,-401418545598434,0,0,31129.8,35933.6,11.4,-0.089,0,ACQUIRING
8151,12.540,-401418545530689,0,0,31267.0,35158.0,11.4,-0.094,0,ACQUIRING
8152,13.543,-401418545464602,0,0,31720.9,35480.4,11.3,-0.090,0,ACQUIRING
8153,14.541,-401418545512192,0,0,31342.1,35585.2,11.4,-0.077,0,ACQUIRING
8154,15.541,-401418545415215,0,0,31605.2,35317.1,11.2,-0.075,0,ACQUIRING
8155,16.541,-401418545438996,0,0,31374.5,35021.0,11.2,-0.066,0,ACQUIRING
8156,17.541,-401418545329162,0,0,31769.5,35697.9,11.1,-0.056,0,ACQUIRING
8157,18.542,-401418545332880,0,0,31843.6,35083.5,10.9,-0.057,0,ACQUIRING
8158,19.542,-401418545331017,0,0,31710.3,34643.8,10.6,-0.059,0,ACQUIRING
8159,20.542,-401418545326499,0,0,31436.8,34938.0,10.6,-0.053,0,ACQUIRING
8160,21.540,-401418545198217,0,0,31761.7,35720.6,10.7,-0.042,0,ACQUIRING
8161,22.540,-401418545196547,0,0,31870.0,35306.0,10.4,-0.038,0,ACQUIRING
8162,23.541,-401418545164075,0,0,31963.4,34886.6,10.4,-0.030,0,ACQUIRING
8163,24.540,-401418545109857,0,0,32147.7,34936.9,10.0,-0.029,0,ACQUIRING
8164,25.540,-401418545134528,0,0,32046.9,34609.7,9.1,-0.035,0,ACQUIRING
8165,26.540,-401418545070064,0,0,32100.0,34169.7,8.7,-0.041,0,ACQUIRING
8166,27.541,-401418545003458,0,0,32284.8,34455.2,8.7,-0.045,0,ACQUIRING
8167,28.541,-401418545024152,0,0,32238.8,34037.6,8.3,-0.046,0,ACQUIRING
8168,29.541,-401418544945294,0,0,32370.0,34038.6,8.2,-0.051,0,ACQUIRING
8169,30.541,-401418544951363,0,0,32348.9,33612.0,8.1,-0.051,0,ACQUIRING
8170,31.541,-401418544958294,0,0,32200.2,33867.3,8.2,-0.053,0,ACQUIRING
8171,32.541,-401418544838463,0,0,32349.3,34176.6,8.1,-0.054,0,ACQUIRING
8172,33.541,-401418544818541,0,0,32441.2,34062.0,8.1,-0.053,0,ACQUIRING
8173,34.541,-401418544793275,0,0,32500.6,33796.0,8.1,-0.052,0,ACQUIRING
8174,35.541,-401418544745771,0,0,32594.3,33762.5,8.1,-0.050,0,ACQUIRING
8175,36.541,-401418544714947,0,0,32671.7,33643.3,8.4,-0.047,0,ACQUIRING
8176,37.541,-401418544769430,0,0,32517.6,34354.5,8.3,-0.050,0,ACQUIRING
8177,38.542,-401418544723583,0,0,32414.2,34497.0,8.3,-0.049,0,ACQUIRING
8178,39.541,-401418544662904,0,0,32389.2,34167.4,8.1,-0.044,0,ACQUIRING
8179,40.541,-401418544588638,0,0,32461.8,34102.8,8.1,-0.043,0,ACQUIRING
8180,41.541,-401418544619784,0,0,32387.9,34074.7,8.0,-0.039,0,ACQUIRING
8181,42.542,-401418544530125,0,0,32442.1,33918.4,8.0,-0.038,0,ACQUIRING
8182,43.542,-401418544546828,0,0,32391.2,33758.8,7.8,-0.031,0,ACQUIRING
8183,44.542,-401418544553354,0,0,32269.8,34441.2,7.7,-0.024,0,ACQUIRING
8184,45.542,-401418544511865,0,0,32178.4,34713.6,7.5,-0.016,0,ACQUIRING
8185,46.542,-401418544393826,0,0,32252.0,34799.7,7.3,-0.007,0,ACQUIRING
8186,47.542,-401418544361551,0,0,32318.3,34831.4,7.2,-0.012,0,ACQUIRING
8187,48.545,-401418544333678,0,0,32370.6,34749.5,7.2,-0.010,0,ACQUIRING
8188,49.543,-401418544303560,24823,0,32414.1,34613.2,7.1,-0.017,0,ACQUIRING
8189,50.542,-401418544266905,27135,2312,32463.7,34808.4,7.2,-0.014,73231,ACQUIRING
8190,51.542,-401418544385291,-117084,0,32332.8,37831.6,7.1,-0.022,-661368,ACQUIRING
8191,52.542,-401418544402277,-156966,0,32130.4,43055.6,7.1,-0.020,-653492,ACQUIRING
8192,53.543,-401418544450825,-222056,0,31734.0,52562.1,7.1,-0.019,-676675,ACQUIRING
8193,54.542,-401418544479427,-264425,0,31291.2,63636.1,7.0,-0.030,-675629,LOCKED
8194,55.543,-401418544470146,-265667,0,30712.7,72628.9,7.5,-0.021,-639110,LOCKED
8195,56.543,-401418544436721,-243899,21768,30182.1,79425.3,7.6,-0.028,-683989,LOCKED
8196,57.543,-401418544460524,-277760,0,29655.5,87873.0,7.7,-0.066,-562977,LOCKED
8197,58.542,-401418544490881,-315664,0,29094.5,97769.2,7.6,-0.055,-561425,LOCKED
8198,59.543,-401418544526655,-354153,0,28387.5,108753.6,7.6,-0.043,-677728,LOCKED
8199,60.543,-401418544548450,-374175,0,27528.0,118999.4,7.7,-0.046,-556096,LOCKED
8200,61.543,-401418544583235,-406268,0,26719.1,130952.7,7.6,-0.052,-669953,LOCKED
8201,62.543,-401418544604557,-421431,0,25804.7,142264.2,7.6,-0.041,-543007,LOCKED
8202,63.543,-401418544646731,-452546,0,24746.2,153604.4,7.9,-0.037,-550555,LOCKED
8203,64.543,-401418544677646,-471882,0,23746.4,165898.1,7.9,-0.041,-544796,LOCKED
8204,65.543,-401418544696844,-475153,0,22587.4,176205.7,8.2,-0.024,-639074,LOCKED
8205,66.543,-401418544723790,-484213,0,21404.1,186284.3,8.2,-0.017,-516814,LOCKED
8206,67.544,-401418544756978,-496365,0,20144.4,195795.2,8.4,-0.003,-509865,LOCKED
8207,68.543,-401418544794773,-509424,0,18786.5,204513.4,8.6,0.011,-506329,LOCKED
8208,69.544,-401418544848726,-537953,0,17509.0,215620.6,8.5,0.014,-521581,LOCKED
8209,70.544,-401418544876728,-538974,0,16219.5,226135.3,8.6,0.024,-504452,LOCKED
8210,71.543,-401418544927434,-556375,0,14711.4,234828.3,8.6,0.025,-499864,LOCKED
8211,72.544,-401418544979155,-572586,0,13196.1,244175.2,8.8,0.034,-481402,LOCKED
8212,73.543,-401418544981702,-540756,31830,11758.0,252138.2,8.8,0.041,-472170,LOCKED
8213,74.544,-401418545010684,-531099,41487,10164.8,257190.4,8.8,0.041,-451268,LOCKED
8214,75.544,-401418544995043,-480246,92340,8733.8,261379.5,8.9,0.047,-384378,LOCKED
8215,76.544,-401418545009856,-457402,115184,7214.9,262857.4,8.9,0.047,-349187,LOCKED
8216,77.544,-401418545044449,-455047,117539,5801.5,265782.2,9.0,0.052,-438504,LOCKED
8217,78.544,-401418545062592,-434471,138115,4336.3,266745.2,8.9,0.051,-289190,LOCKED
8218,79.544,-401418545099953,-430302,142284,2798.0,266236.8,8.9,0.054,-382359,LOCKED
8219,80.544,-401418545132151,-418649,153937,1201.7,263921.3,8.9,0.054,-356435,LOCKED
8220,81.544,-401418545254861,-493485,79101,-389.1,266434.7,8.9,0.060,-305490,LOCKED
8221,82.544,-401418545277015,-466474,106112,-2010.3,266701.5,8.9,0.060,-264687,LOCKED
8222,83.544,-401418545315164,-454191,118395,-3634.5,266126.0,8.8,0.059,-242285,LOCKED
8223,84.544,-401418545243585,-338889,233697,-5041.1,262644.9,8.8,0.060,-216495,LOCKED
8224,85.544,-401418545330681,-375996,196590,-6624.8,257804.0,8.7,0.058,-126378,LOCKED
8225,86.544,-401418545367102,-362530,210056,-8148.1,253299.4,8.8,0.058,-95773,LOCKED
8226,87.544,-401418545393048,-339609,232977,-9584.5,249089.1,8.7,0.055,-50971,LOCKED
8227,88.544,-401418545424045,-319672,252914,-11085.1,242132.3,8.8,0.058,-13702,LOCKED
8228,89.545,-401418545454764,-300744,271842,-12480.2,236174.9,8.7,0.054,28136,LOCKED
8229,90.544,-401418545487357,-282203,290383,-13910.8,228024.4,8.7,0.054,71713,LOCKED
8230,91.545,-401418545512975,-255668,316918,-15365.3,217088.5,8.6,0.050,118566,LOCKED
8231,92.544,-401418545558693,-251165,321421,-16660.8,209534.0,8.7,0.049,147750,LOCKED
8232,93.544,-401418545594051,-235847,336739,-17940.5,201072.4,8.7,0.050,190764,LOCKED
8233,94.545,-401418545523229,-121068,451518,-19018.1,190284.7,8.8,0.052,231127,LOCKED
8234,95.545,-401418545622981,-173157,399429,-20138.2,181003.4,9.0,0.053,325552,LOCKED
8235,96.545,-401418545641398,-145178,427408,-21187.5,171353.6,8.8,0.061,385846,LOCKED
8236,97.545,-401418545677539,-132276,440310,-22337.0,156956.6,8.9,0.062,430503,LOCKED
8237,98.545,-401418545703146,-110192,462394,-23400.2,142544.5,8.9,0.064,491722,LOCKED
8238,99.545,-401418545719919,-81811,490775,-24333.6,129224.0,9.0,0.065,559025,LOCKED
8239,100.545,-401418545751682,-70564,502022,-25134.5,118490.6,9.1,0.066,608295,LOCKED
8240,101.545,-401418545780248,-55130,517456,-25970.4,104010.9,9.1,0.059,665568,LOCKED
8241,102.545,-401418545801697,-36076,536510,-26625.0,93513.3,9.2,0.059,731664,LOCKED
8242,103.546,-401418545837040,-30145,542441,-27295.2,80470.9,9.2,0.061,785686,LOCKED
8243,104.545,-401418545860429,-12636,559950,-27943.1,64264.4,9.2,0.049,849162,LOCKED
8244,105.545,-401418545854669,30121,602707,-28438.6,48408.0,9.3,0.048,947401,LOCKED
8245,106.545,-401418545906875,12171,584757,-28745.0,41253.1,9.2,0.036,986375,LOCKED
8246,107.545,-401418545921476,29219,601805,-28936.5,36932.9,9.2,0.028,1057290,LOCKED
8247,108.546,-401418545948678,31948,604534,-29038.7,35109.8,9.2,0.022,1120725,LOCKED
8248,109.546,-401418546014444,-3261,569325,-29107.9,34766.4,9.2,0.016,1171285,LOCKED
8249,110.546,-401418546053446,-13196,559390,-29083.9,34620.3,9.0,-0.002,1254027,LOCKED
8250,111.546,-401418546109016,-35069,537517,-29252.3,33950.6,9.1,0.006,1328809,LOCKED
8251,112.546,-401418546035583,65027,637613,-29233.4,34298.9,9.1,0.001,1283301,LOCKED
8252,113.546,-401418546145395,-12041,560545,-29386.0,32793.3,9.2,0.008,1335702,LOCKED
8253,114.546,-401418546099997,61324,633910,-29418.4,32049.8,9.2,0.002,1397108,LOCKED
8254,115.546,-401418546222333,-28055,544531,-29545.7,31704.3,8.5,-0.033,1516266,LOCKED
8255,116.546,-401418546200690,21151,593737,-29483.4,31774.4,8.3,-0.031,1589942,LOCKED
8256,117.546,-401418546201296,46047,618633,-29364.4,32248.3,7.5,-0.027,1681573,LOCKED
8257,118.546,-401418546214874,57014,629600,-29222.5,33004.7,7.5,-0.037,1754007,LOCKED
8258,119.546,-401418546245467,51322,623908,-29095.5,33610.5,7.7,-0.048,1816234,LOCKED
8259,120.546,-401418546271657,49644,622230,-28952.8,34008.4,7.4,-0.047,1881707,LOCKED
8260,121.546,-401418546295227,50454,623040,-28812.0,34454.1,7.6,-0.056,1830721,LOCKED
8261,122.546,-401418546413389,-37741,534845,-28805.9,34380.7,7.6,-0.057,1920124,LOCKED
8262,123.546,-401418546451539,-45002,527584,-28833.4,34691.1,7.7,-0.065,1970196,LOCKED
8263,124.546,-401418546479892,-42551,530035,-28859.4,34966.9,7.6,-0.072,2032193,LOCKED
8264,125.546,-401418546474855,-9351,563235,-28809.5,34611.5,7.6,-0.066,2128677,LOCKED
8265,126.547,-401418546490590,2082,574668,-28732.3,34140.5,7.8,-0.060,2199406,LOCKED
8266,127.547,-401418546520348,-362,572224,-28661.9,33694.9,7.8,-0.054,2262966,LOCKED
8267,128.547,-401418546529166,17077,589663,-28572.1,33454.5,8.9,-0.038,2338386,LOCKED
8268,129.547,-401418546547273,25358,597944,-28507.0,33593.3,8.9,-0.039,2412418,LOCKED
8269,130.547,-401418546563489,34735,607321,-28421.5,33869.6,9.3,-0.030,2486255,LOCKED
8270,131.547,-401418546587420,36877,609463,-28367.5,34227.8,9.3,-0.032,2554329,LOCKED
8271,132.547,-401418546714220,-56601,515985,-28516.8,34865.4,9.3,-0.027,2513436,LOCKED
8272,133.547,-401418546636219,46890,619476,-28446.1,35430.9,9.3,-0.027,2570369,LOCKED
8273,134.547,-401418546760548,-45611,526975,-28536.4,35959.2,9.3,-0.029,2647653,LOCKED
8274,135.547,-401418546749479,-6823,565763,-28484.9,35632.8,9.8,-0.035,2748672,LOCKED
8275,136.547,-401418546773327,-3784,568802,-28400.0,34924.6,10.0,-0.039,2815046,LOCKED
8276,137.547,-401418546796326,-138,572448,-28313.4,34271.7,10.5,-0.043,2881067,LOCKED
8277,138.547,-401418546826115,-3612,568974,-28209.1,33186.7,10.6,-0.047,2943163,LOCKED
8278,139.547,-401418546838605,9380,581966,-28090.6,32256.7,11.1,-0.050,3017451,LOCKED
8279,140.548,-401418546890287,-15237,557349,-28014.8,31331.9,11.2,-0.053,3076108,LOCKED
8280,141.547,-401418546960865,-52953,519633,-28164.9,31838.7,11.6,-0.054,3151901,LOCKED
8281,142.548,-401418546910043,25369,597955,-28174.5,31749.6,11.7,-0.057,3100245,LOCKED
8282,143.547,-401418546989620,-22939,549647,-28288.4,31386.9,11.6,-0.064,3262945,LOCKED
8283,144.548,-401418547051566,-54719,517867,-28289.6,31407.4,11.7,-0.066,3342754,LOCKED
8284,145.547,-401418547051365,-24426,548160,-28337.5,31579.5,12.1,-0.070,3335373,LOCKED
8285,146.548,-401418547060449,-4433,568153,-28366.5,31542.7,12.2,-0.066,3415060,LOCKED
8286,147.547,-401418547113880,-27225,545361,-28432.9,31725.6,12.5,-0.068,3483625,LOCKED
8287,148.548,-401418547106417,8605,581191,-28443.9,31682.4,12.8,-0.063,3549450,LOCKED
8288,149.548,-401418547131015,12239,584825,-28453.9,31632.3,13.1,-0.063,3618962,LOCKED
8289,150.548,-401418547150608,20491,593077,-28458.1,31602.0,13.9,-0.063,3691379,LOCKED
8290,151.548,-401418547167397,30765,603351,-28440.8,31750.3,14.2,-0.062,3758633,LOCKED
8291,152.548,-401418547196152,29756,602342,-28456.2,31575.7,15.3,-0.067,3818915,LOCKED
8292,153.548,-401418547221352,32434,605020,-28481.9,31234.3,15.5,-0.065,3885709,LOCKED
8293,154.548,-401418547240879,37026,609612,-28329.1,30895.4,16.0,-0.050,3952224,LOCKED
8294,155.548,-401418547337790,-28954,543632,-28408.8,31064.0,16.1,-0.033,3948396,LOCKED
8295,156.548,-401418547370171,-30496,542090,-28477.4,31316.7,16.6,-0.023,4001722,LOCKED
8296,157.548,-401418547382768,-13064,559522,-28532.0,31271.1,16.9,0.004,4081185,LOCKED
8297,158.548,-401418547401946,-2908,569678,-28566.6,31190.0,17.3,0.022,4149136,LOCKED
8298,159.549,-401418547411280,15473,588059,-28550.5,31249.0,17.5,-0.003,4232960,LOCKED
8299,160.549,-401418547433082,21090,593676,-28530.0,31354.0,17.7,-0.020,4298338,LOCKED
8300,161.548,-401418547442431,37964,610550,-28479.8,31749.6,17.9,-0.046,4377107,LOCKED
8301,162.549,-401418547475245,31497,604083,-28427.4,32035.7,18.0,-0.053,4322409,LOCKED
8302,163.549,-401418547595347,-56014,516572,-28538.8,32910.5,18.2,-0.072,4404640,LOCKED
8303,164.549,-401418547627325,-55424,517162,-28644.6,33753.6,18.0,-0.042,4461623,LOCKED
8304,165.549,-401418547620885,-19924,552662,-28631.8,33659.8,18.1,-0.037,4556288,LOCKED
8305,166.549,-401418547650476,-19686,552900,-28657.9,33759.4,18.0,-0.019,4624010,LOCKED
8306,167.549,-401418547641251,16397,588983,-28596.7,33739.4,18.0,-0.034,4715433,LOCKED
8307,168.549,-401418547653209,30162,602748,-28505.6,33858.3,17.9,-0.035,4793750,LOCKED
8308,169.549,-401418547667195,42206,614792,-28454.3,34295.3,18.0,-0.057,4871879,LOCKED
8309,170.549,-401418547699172,36930,609516,-28429.6,34520.9,18.0,-0.066,4813904,LOCKED
8310,171.549,-401418547815678,-46146,526440,-28598.6,34414.8,17.8,-0.085,4902692,LOCKED
8311,172.549,-401418547833404,-34534,538052,-28577.4,34150.7,17.8,-0.099,4972917,LOCKED
8312,173.550,-401418547860985,-30270,542316,-28687.6,34111.3,17.4,-0.096,5038695,LOCKED
8313,174.549,-401418547902156,-41245,531341,-28693.0,34177.7,17.3,-0.091,5092250,LOCKED
8314,175.549,-401418547917715,-24473,548113,-28831.1,33537.5,16.9,-0.094,5203920,LOCKED
8315,176.550,-401418547892488,27944,600530,-28797.0,33731.8,16.8,-0.096,5271749,LOCKED
8316,177.549,-401418547942917,5231,577817,-28752.6,33628.6,17.0,-0.110,5329908,LOCKED
8317,178.550,-401418547998874,-21773,550813,-28726.1,33384.9,17.0,-0.111,5396684,LOCKED
8318,179.550,-401418548055249,-47435,525151,-28744.8,33631.6,17.0,-0.112,5477980,LOCKED
8319,180.550,-401418547995602,36953,609539,-28609.5,33562.5,16.8,-0.111,5420326,LOCKED
8320,181.550,-401418548109140,-46502,526084,-28604.4,33486.8,16.8,-0.111,5508694,LOCKED
8321,182.550,-401418548117898,-23641,548945,-28713.2,33233.5,16.7,-0.109,5590966,LOCKED
8322,183.550,-401418548119652,4814,577400,-28794.9,32499.9,16.6,-0.109,5681571,LOCKED
8323,184.550,-401418548131626,22039,594625,-28851.5,31792.9,16.7,-0.104,5756998,LOCKED
8324,185.550,-401418548241185,-54073,518513,-28987.3,32474.3,16.3,-0.103,5734887,LOCKED
8325,186.550,-401418548154821,57751,630337,-28910.2,33355.8,15.9,-0.094,5799759,LOCKED
8326,187.550,-401418548277972,-33668,538918,-28992.8,33617.9,15.4,-0.091,5879699,LOCKED
8327,188.550,-401418548301184,-26225,546361,-29030.8,33800.3,13.6,-0.077,5946110,LOCKED
8328,189.551,-401418548330690,-25460,547126,-29049.4,33916.6,13.4,-0.069,6007230,LOCKED
8329,190.550,-401418548357229,-22385,550201,-29039.8,33842.2,12.0,-0.056,6069306,LOCKED
8330,191.550,-401418548379234,-15488,557098,-29007.2,33590.3,11.6,-0.049,6138948,LOCKED
8331,192.550,-401418548403016,-7532,0,-29129.0,32537.6,10.7,-0.037,6205812,LOCKED
8332,193.551,-401418548419153,3750,11282,-29051.1,32069.9,10.3,-0.029,6277200,LOCKED
8333,194.550,-401418548427159,24904,32436,-29098.0,31475.4,9.8,-0.020,6362019,LOCKED
8334,195.550,-401418548526099,-41542,0,-29195.7,31918.8,9.9,-0.021,6349828,LOCKED
8335,196.550,-401418548549127,-32697,8845,-29272.9,32189.4,9.7,-0.015,6416552,LOCKED
8336,197.550,-401418548575458,-27587,13955,-29333.6,32392.7,9.7,-0.015,6481069,LOCKED
8337,198.551,-401418548591227,-12813,28729,-29371.7,32416.8,9.6,-0.008,6553622,LOCKED
8338,199.551,-401418548620201,-11837,29705,-29380.4,32443.1,9.6,-0.008,6615624,LOCKED
8339,200.551,-401418548629211,8490,50032,-29392.4,32396.5,9.4,-0.000,6697602,LOCKED
8340,201.551,-401418548648573,19227,60769,-29459.2,31555.9,9.4,0.001,6768192,LOCKED
8341,202.551,-401418548665891,28673,70215,-29374.4,31682.8,9.3,0.010,6840821,LOCKED
8342,203.551,-401418548691863,30928,72470,-29369.6,31730.6,9.5,0.021,6908946,LOCKED
8343,204.551,-401418548703456,47590,89132,-29394.1,31283.7,9.3,0.033,6986202,LOCKED
8344,205.551,-401418548813369,-29636,11906,-29506.7,31190.2,9.3,0.036,6969237,LOCKED
8345,206.551,-401418548818742,-4557,36985,-29545.5,31104.5,9.4,0.054,7053842,LOCKED
8346,207.551,-401418548845130,121,41663,-29620.5,30554.6,9.4,0.061,7115612,LOCKED
8347,208.551,-401418548862069,12262,53804,-29614.4,30576.7,9.4,0.067,7190836,LOCKED
8348,209.551,-401418548877263,25079,66621,-29577.3,30761.1,9.3,0.074,7265921,LOCKED
8349,210.551,-401418548890017,38955,80497,-29497.3,31199.5,9.3,0.066,7345358,LOCKED
8350,211.551,-401418548942266,14442,55984,-29434.8,31127.8,9.4,0.055,7411872,LOCKED
8351,212.551,-401418549005028,-18455,23087,-29425.2,31059.4,9.1,0.036,7503490,LOCKED
8352,213.551,-401418549028754,-12897,28645,-29396.7,30856.1,9.2,0.028,7478496,LOCKED
8353,214.552,-401418549033139,9975,51517,-29308.1,30390.5,9.2,0.023,7562098,LOCKED
8354,215.552,-401418548998612,69805,111347,-29227.5,31669.3,9.2,0.031,7688545,LOCKED
8355,216.551,-401418549025860,67989,109531,-29154.2,32795.6,9.2,0.011,7640092,LOCKED
8356,217.551,-401418549142606,-18027,23515,-29201.7,32864.0,9.2,-0.011,7726432,LOCKED
8357,218.552,-401418549139960,12930,54472,-29179.4,32910.9,9.1,-0.036,7820698,LOCKED
8358,219.552,-401418549141098,37640,79182,-29078.3,33194.3,9.1,-0.041,7912357,LOCKED
8359,220.552,-401418549132984,68965,110507,-28904.8,34248.1,9.4,-0.056,7897152,LOCKED
8360,221.552,-401418549231317,-2238,39304,-28813.8,33451.1,9.6,-0.070,8004540,LOCKED
8361,222.552,-401418549225935,28086,69628,-28670.1,32864.9,9.8,-0.083,8099025,LOCKED
8362,223.552,-401418549238117,42771,84313,-28652.8,33074.4,9.9,-0.094,8065145,LOCKED
8363,224.553,-401418549348034,-34759,6783,-28778.5,33030.6,9.9,-0.106,8156718,LOCKED
8364,225.552,-401418549312190,28106,69648,-28738.9,33241.9,10.0,-0.115,8284745,LOCKED
8365,226.552,-401418549315563,50188,91730,-28661.1,33924.3,9.9,-0.124,8369855,LOCKED
8366,227.552,-401418549427761,-32297,9245,-28658.9,33902.8,9.8,-0.124,8343940,LOCKED
8367,228.552,-401418549423708,-1325,40217,-28571.2,33177.6,9.7,-0.131,8438148,LOCKED
8368,229.553,-401418549439289,8590,50132,-28434.3,31828.8,9.8,-0.125,8510803,LOCKED
8369,230.552,-401418549432828,38288,79830,-28242.5,30772.2,9.8,-0.125,8606346,LOCKED
8370,231.552,-401418549448589,47831,89373,-28177.7,31415.5,9.9,-0.132,8569419,LOCKED
8371,232.553,-401418549559999,-33117,8425,-28234.8,31735.7,9.9,-0.128,8661050,LOCKED
8372,233.553,-401418549557085,-1842,39700,-28238.0,31736.7,9.8,-0.121,8754606,LOCKED
8373,234.553,-401418549557295,24915,66457,-28217.0,31868.0,9.5,-0.119,8842275,LOCKED
8374,235.553,-401418549636862,-24706,16836,-28260.9,32044.1,9.5,-0.119,8849529,LOCKED
8375,236.553,-401418549632071,6061,47603,-28158.6,31258.7,9.6,-0.122,8943092,LOCKED
8376,237.553,-401418549635480,27678,69220,-28050.7,31146.3,9.5,-0.130,8920587,LOCKED
8377,238.553,-401418549735154,-41397,145,-28107.0,31624.4,10.0,-0.136,9023893,LOCKED
8378,239.553,-401418549745980,-21888,19654,-28180.1,31649.7,10.1,-0.138,9099589,LOCKED
8379,240.553,-401418549743282,6210,47752,-28053.7,30371.2,10.1,-0.137,9191969,LOCKED
8380,241.553,-401418549737840,37617,79159,-28013.7,30732.1,10.2,-0.138,9176236,LOCKED
8381,242.553,-401418549840586,-34860,6682,-28066.5,31087.8,10.3,-0.139,9276377,LOCKED
8382,243.553,-401418549830144,2406,43948,-28009.4,30818.7,10.4,-0.139,9374368,LOCKED
8383,244.553,-401418549840321,17310,58852,-27894.3,30202.3,10.2,-0.134,9340462,LOCKED
8384,245.553,-401418549898253,-10923,30619,-27964.8,29975.5,10.6,-0.140,9489439,LOCKED
8385,246.553,-401418549909114,3026,44568,-27814.7,27801.6,10.8,-0.135,9579996,LOCKED
8386,247.553,-401418549987468,-44193,0,-27904.3,28426.5,10.8,-0.138,9572606,LOCKED
8387,248.553,-401418550021022,-46460,0,-27993.2,29112.4,11.2,-0.137,9662324,LOCKED
8388,249.554,-401418550069016,-61881,0,-28115.3,30282.8,11.8,-0.130,9644695,LOCKED
8389,250.554,-401418550086621,-47734,14147,-28214.5,30945.2,12.1,-0.126,9741551,LOCKED
8390,251.554,-401418550065160,1982,63863,-28219.8,30938.9,12.3,-0.121,9850850,LOCKED
8391,252.554,-401418550160546,-60917,964,-28328.1,32025.5,12.6,-0.115,9844366,LOCKED
8392,253.554,-401418550151927,-22715,39166,-28352.0,32149.8,13.2,-0.108,9942789,LOCKED
8393,254.554,-401418550135525,19629,81510,-28266.2,32014.1,13.3,-0.099,10050232,LOCKED
8394,255.554,-401418550228820,-41159,20722,-28406.2,32071.7,13.4,-0.098,10043840,LOCKED
8395,256.555,-401418550236013,-17401,44480,-28502.3,31754.4,13.5,-0.087,10127380,LOCKED
8396,257.554,-401418550225015,21945,83826,-28531.3,31463.0,13.6,-0.072,10229503,LOCKED
8397,258.555,-401418550334156,-53930,7951,-28674.2,32085.7,13.7,-0.056,10206537,LOCKED
8398,259.554,-401418550331930,-20474,41407,-28765.8,31915.9,13.5,-0.039,10303083,LOCKED
8399,260.555,-401418550327088,12778,74659,-28769.6,31898.6,13.5,-0.015,10393314,LOCKED
8400,261.554,-401418550316906,48570,110451,-28695.2,32562.8,13.3,0.009,10383949,LOCKED
8401,262.554,-401418550410565,-15547,46334,-28710.9,32618.9,13.4,-0.007,10492015,LOCKED
8402,263.554,-401418550408785,13665,75546,-28670.8,32647.7,13.5,-0.033,10581997,LOCKED
8403,264.554,-401418550414959,32896,94777,-28565.0,32740.9,13.6,-0.044,10555117,LOCKED
8404,265.554,-401418550480498,-2118,59763,-28657.9,32005.7,13.7,-0.050,10688189,LOCKED
8405,266.554,-401418550476531,29563,91444,-28660.7,31977.5,14.0,-0.085,10782203,LOCKED
8406,267.554,-401418550586868,-47724,14157,-28797.1,32371.9,14.2,-0.102,10760168,LOCKED
8407,268.555,-401418550574890,-5765,56116,-28845.7,32243.9,14.5,-0.114,10864390,LOCKED
8408,269.554,-401418550570616,25910,87791,-28817.8,32406.6,14.6,-0.108,10958157,LOCKED
8409,270.555,-401418550681006,-52251,9630,-28898.5,33163.4,14.1,-0.121,10940237,LOCKED
8410,271.555,-401418550671960,-12759,49122,-28953.3,33113.3,14.0,-0.128,11036637,LOCKED
8411,272.555,-401418550665690,22806,84687,-29008.1,32437.1,13.5,-0.136,11130445,LOCKED
8412,273.555,-401418550672848,43476,105357,-29022.6,32212.8,13.4,-0.151,11104867,LOCKED
8413,274.554,-401418550757630,-10513,51368,-29092.1,32000.5,12.9,-0.155,11219124,LOCKED
8414,275.555,-401418550730774,41412,103293,-28963.3,32197.7,12.3,-0.158,11226598,LOCKED
8415,276.555,-401418550827770,-26140,35741,-28943.4,31990.2,12.1,-0.159,11330723,LOCKED
8416,277.555,-401418550823732,8018,69899,-29014.6,31320.0,11.9,-0.168,11425175,LOCKED
8417,278.555,-401418550807118,50827,112708,-28960.7,31955.5,11.8,-0.175,11530292,LOCKED
8418,279.555,-401418550928695,-39344,22537,-29015.3,32380.0,11.5,-0.174,11500377,LOCKED
8419,280.555,-401418550911694,4756,66637,-28929.0,31818.7,11.5,-0.173,11609873,LOCKED
8420,281.555,-401418550898888,44191,106072,-28889.6,32245.5,11.5,-0.177,11713332,LOCKED
8421,282.555,-401418551016237,-41812,20069,-28940.7,32696.4,11.5,-0.176,11681382,LOCKED
8422,283.555,-401418551010772,-7885,53996,-28904.0,32479.2,11.5,-0.175,11778289,LOCKED
8423,284.555,-401418551048054,-13523,48358,-29016.2,31800.5,11.4,-0.173,11865237,LOCKED
8424,285.555,-401418551083305,-18819,43062,-29031.0,31871.9,11.5,-0.177,11882350,LOCKED
8425,286.555,-401418551104497,-11469,50412,-28987.8,31531.2,11.5,-0.175,11954873,LOCKED
8426,287.556,-401418551096244,25596,87477,-29021.9,31127.7,11.2,-0.171,12051728,LOCKED
8427,288.555,-401418551127297,22505,84386,-29007.3,31218.2,11.3,-0.174,12147267,LOCKED
8428,289.556,-401418551199426,-19246,42635,-29042.6,31327.2,10.6,-0.170,12129122,LOCKED
8429,290.556,-401418551195492,11710,73591,-28962.7,31029.1,10.4,-0.169,12220696,LOCKED
8430,291.556,-401418551187878,43486,105367,-28799.1,30853.2,10.4,-0.170,12207980,LOCKED
8431,292.556,-401418551285200,-22482,39399,-28887.3,30773.5,9.6,-0.163,12311481,LOCKED
8432,293.556,-401418551290765,742,62623,-28883.7,30773.1,9.0,-0.159,12397136,LOCKED
8433,294.556,-401418551282182,34722,96603,-28770.1,30863.3,8.7,-0.154,12496279,LOCKED
8434,295.556,-401418551351294,-4675,57206,-28808.8,30779.3,8.6,-0.151,12515427,LOCKED
8435,296.556,-401418551341118,31585,93466,-28727.4,31011.4,9.4,-0.152,12615840,LOCKED
8436,297.556,-401418551444924,-42076,19805,-28727.0,31005.6,10.2,-0.153,12600469,LOCKED
8437,298.556,-401418551430693,1732,63613,-28771.7,30785.7,10.9,-0.157,12702895,LOCKED
8438,299.556,-401418551419675,39191,101072,-28722.4,31206.1,12.1,-0.157,12804227,LOCKED
8439,300.556,-401418551431280,51948,113829,-28594.6,31866.6,12.3,-0.148,12771023,LOCKED
8440,301.557,-401418551526382,-15557,46324,-28519.6,30939.4,13.3,-0.144,12877554,LOCKED
8441,302.556,-401418551521159,17417,79298,-28510.8,30983.8,14.1,-0.139,12974804,LOCKED
8442,303.557,-401418551522093,41192,103073,-28392.5,31281.6,14.4,-0.131,13063869,LOCKED
8443,304.556,-401418551628288,-35824,26057,-28371.5,30984.8,14.7,-0.121,13040764,LOCKED
8444,305.557,-401418551607434,11854,73735,-28315.1,30904.0,14.8,-0.118,13154463,LOCKED
8445,306.556,-401418551612968,31063,92944,-28191.3,30723.9,15.2,-0.113,13126829,LOCKED
8446,307.558,-401418551718201,-42765,19116,-28278.0,31254.6,15.1,-0.099,13226850,LOCKED
8447,308.557,-401418551716775,-11745,50136,-28323.1,31237.5,15.4,-0.091,13314935,LOCKED
8448,309.557,-401418551706728,26062,87943,-28338.9,31075.0,15.5,-0.093,13415911,LOCKED
8449,310.557,-401418551825883,-59682,2199,-28488.8,31922.4,15.5,-0.083,13384704,LOCKED
8450,311.557,-401418551810896,-15826,46055,-28481.2,31876.8,15.6,-0.072,13486625,LOCKED
8451,312.557,-401418551792850,30233,92114,-28508.6,31530.9,15.6,-0.066,13594869,LOCKED
8452,313.557,-401418551899573,-44499,17382,-28605.6,32070.9,15.6,-0.076,13578192,LOCKED
8453,314.557,-401418551886982,-4149,57732,-28557.1,31783.5,15.6,-0.073,13676891,LOCKED
8454,315.557,-401418551878481,31798,93679,-28555.4,31800.7,15.4,-0.070,13663658,LOCKED
8455,316.557,-401418551978093,-36356,25525,-28637.6,32150.0,15.8,-0.093,13767527,LOCKED
8456,317.557,-401418551973054,-3408,58473,-28596.0,31941.9,15.7,-0.085,13861675,LOCKED
8457,318.557,-401418551957417,39892,101773,-28616.7,31629.0,15.7,-0.062,13969612,LOCKED
8458,319.557,-401418552064791,-35571,26310,-28719.4,31842.8,15.6,-0.047,13950365,LOCKED
8459,320.557,-401418552058392,-679,61202,-28707.1,31825.8,15.6,-0.045,14047985,LOCKED
8460,321.557,-401418552078238,6080,67961,-28613.9,31187.8,15.6,-0.033,14132212,LOCKED
8461,322.557,-401418552103174,9606,71487,-28622.4,31153.2,15.6,-0.054,14181279,LOCKED
8462,323.558,-401418552119099,20344,82225,-28560.0,31206.6,15.7,-0.083,14255454,LOCKED
8463,324.557,-401418552131328,32975,94856,-28433.0,31067.8,15.9,-0.105,14218468,LOCKED
8464,325.558,-401418552202859,-9674,52207,-28439.0,31083.9,15.9,-0.104,14350182,LOCKED
8465,326.557,-401418552204797,14441,76322,-28345.7,30697.9,15.8,-0.104,14439099,LOCKED
8466,327.559,-401418552200434,45418,107299,-28336.2,30836.0,15.8,-0.112,14423507,LOCKED
8467,328.558,-401418552291200,-15876,46005,-28365.6,30911.0,15.9,-0.118,14529165,LOCKED
8468,329.560,-401418552316018,-12565,49316,-28333.0,30668.0,15.8,-0.116,14625297,LOCKED
8469,330.558,-401418552386724,-49725,12156,-28506.5,30683.5,15.6,-0.122,14615907,LOCKED
8470,331.558,-401418552426145,-56135,5746,-28634.5,31533.4,15.4,-0.126,14721401,LOCKED
8471,332.558,-401418552361119,34589,96470,-28547.7,31817.1,15.1,-0.123,14819075,LOCKED
8472,333.558,-401418552469061,-43177,18704,-28555.8,31926.6,15.1,-0.126,14803259,LOCKED
8473,334.558,-401418552451235,3548,65429,-28578.6,31851.1,14.8,-0.122,14906126,LOCKED
8474,335.558,-401418552530582,-45412,16469,-28591.8,32032.4,14.6,-0.113,14918959,LOCKED
8475,336.558,-401418552519352,-4243,57638,-28651.0,31785.8,14.4,-0.103,15021330,LOCKED
8476,337.558,-401418552502993,38084,99965,-28582.5,32203.6,14.4,-0.100,15012903,LOCKED
8477,338.558,-401418552585135,-16056,45825,-28527.3,31623.7,14.4,-0.093,15133424,LOCKED
8478,339.558,-401418552568045,29063,90944,-28551.2,31336.5,14.1,-0.091,15243556,LOCKED
8479,340.558,-401418552682818,-53471,8410,-28643.4,32166.6,13.8,-0.085,15214827,LOCKED
8480,341.559,-401418552672172,-14610,47271,-28598.0,31755.0,13.7,-0.082,15315631,LOCKED
8481,342.559,-401418552668970,17604,79485,-28647.7,31227.3,13.5,-0.071,15409148,LOCKED
8482,343.558,-401418552671149,41687,103568,-28599.9,31675.9,13.1,-0.067,15385101,LOCKED
8483,344.559,-401418552749749,-7019,54862,-28651.8,31541.2,12.7,-0.059,15507195,LOCKED
8484,345.559,-401418552817886,-42445,19436,-28780.7,31785.3,12.6,-0.054,15528182,LOCKED
8485,346.559,-401418552846095,-38247,23634,-28895.3,31995.7,12.2,-0.047,15593261,LOCKED
8486,347.559,-401418552818240,17074,78955,-28853.4,32066.4,11.7,-0.036,15709573,LOCKED
8487,348.559,-401418552814002,46714,108595,-28761.6,32678.8,11.5,-0.030,15801376,LOCKED
8488,349.559,-401418552932588,-39119,22762,-28892.7,32752.0,11.3,-0.023,15769189,LOCKED
8489,350.559,-401418552929538,-6486,55395,-28915.8,32751.2,11.4,-0.018,15862492,LOCKED
8490,351.559,-401418552922115,26940,88821,-28817.5,32716.4,11.2,-0.011,15964498,LOCKED
8491,352.559,-401418552951237,26116,87997,-28835.4,32535.3,11.0,-0.003,16024870,LOCKED
8492,353.559,-401418552957646,45876,107757,-28780.8,33066.1,11.0,0.000,16105753,LOCKED
8493,354.559,-401418553084208,-49306,12575,-28826.4,33588.8,10.8,0.010,16068611,LOCKED
8494,355.559,-401418553039939,22814,84695,-28816.5,33650.9,10.8,0.015,16202206,LOCKED
8495,356.559,-401418553045412,42441,104322,-28704.4,34016.2,10.8,0.012,16286220,LOCKED
8496,357.559,-401418553169978,-48259,13622,-28877.8,33952.5,10.8,0.008,16252021,LOCKED
8497,358.559,-401418553161556,-9821,52060,-28917.4,33934.5,11.0,0.005,16350650,LOCKED
8498,359.559,-401418553154749,23354,85235,-28831.0,33899.9,10.8,-0.008,16449071,LOCKED
8499,360.559,-401418553155531,46534,108415,-28669.1,33918.6,11.0,-0.011,16422839,LOCKED
8500,361.560,-401418553238669,-6892,54989,-28708.9,33863.6,10.8,-0.027,16544389,LOCKED
8501,362.560,-401418553234615,23629,85510,-28638.0,33938.8,10.7,-0.042,16637718,LOCKED
8502,363.559,-401418553255060,28202,90083,-28507.1,33565.2,10.9,-0.046,16721257,LOCKED
8503,364.560,-401418553334630,-20476,41405,-28590.2,33480.9,11.6,-0.046,16715602,LOCKED
8504,365.560,-401418553346041,-3746,58135,-28561.9,33375.5,11.7,-0.062,16824207,LOCKED
8505,366.560,-401418553416946,-44565,17316,-28562.6,33385.0,11.7,-0.090,16814872,LOCKED
8506,367.560,-401418553413328,-10545,51336,-28635.4,33149.3,11.7,-0.085,16903623,LOCKED
8507,368.560,-401418553435894,-4069,57812,-28648.7,33150.6,11.6,-0.095,16972203,LOCKED
8508,369.560,-401418553470508,-10542,50375,-28606.1,32842.7,11.6,-0.091,17072904,LOCKED
8509,370.560,-401418553538682,-45063,15854,-28779.2,32603.1,11.6,-0.088,17066365,LOCKED
8510,371.560,-401418553483488,36888,97805,-28741.2,32920.6,11.6,-0.084,17201115,LOCKED
8511,372.560,-401418553574702,-24980,35937,-28729.3,32812.1,11.2,-0.053,17193645,LOCKED
8512,373.560,-401418553557019,21534,82451,-28770.2,32373.5,11.1,-0.055,17302582,LOCKED
8513,374.560,-401418553655934,-45254,15663,-28859.9,32941.9,11.1,-0.070,17291925,LOCKED
8514,375.560,-401418553590673,44707,105624,-28729.8,33256.8,11.2,-0.079,17445577,LOCKED
8515,376.560,-401418553697722,-30167,30750,-28848.9,33113.3,11.4,-0.096,17432058,LOCKED
8516,377.560,-401418553679896,15687,76604,-28834.7,33165.7,11.6,-0.115,17537064,LOCKED
8517,378.561,-401418553672678,47145,108062,-28687.3,33403.9,11.5,-0.132,17632830,LOCKED
8518,379.560,-401418553790671,-38169,22748,-28820.1,33417.4,11.7,-0.145,17608245,LOCKED
8519,380.561,-401418553783605,-1925,58992,-28834.4,33407.6,11.9,-0.156,17703426,LOCKED
8520,381.561,-401418553772379,35582,96499,-28768.2,33753.9,12.4,-0.174,17804169,LOCKED
8521,382.561,-401418553890333,-50367,10550,-28843.4,34424.9,12.5,-0.183,17772624,LOCKED
8522,383.561,-401418553888714,-19248,41669,-28843.6,34426.4,13.0,-0.198,17864509,LOCKED
8523,384.561,-401418553888919,7568,68485,-28766.6,34085.9,12.9,-0.200,17953817,LOCKED
8524,385.561,-401418553960044,-32408,28509,-28829.7,34365.3,12.8,-0.200,17978092,LOCKED
8525,386.561,-401418553962013,-5916,55001,-28801.7,34246.0,12.7,-0.201,18065373,LOCKED
8526,387.561,-401418553948918,31762,92679,-28647.2,33657.3,12.7,-0.202,18167889,LOCKED
8527,388.561,-401418553959332,46768,107685,-28566.5,34251.1,12.8,-0.208,18134844,LOCKED
8528,389.561,-401418554047898,-12527,48390,-28580.2,34287.5,12.7,-0.207,18245734,LOCKED
8529,390.561,-401418554027668,35177,96094,-28584.5,34240.3,12.7,-0.208,18358050,LOCKED
8530,391.561,-401418554124270,-29046,31871,-28722.7,33797.2,12.8,-0.204,18350610,LOCKED
8531,392.561,-401418554111813,10029,70946,-28635.9,33397.4,12.7,-0.203,18451215,LOCKED
8532,393.561,-401418554112754,36496,97413,-28636.3,33392.5,12.7,-0.201,18542723,LOCKED
8533,394.561,-401418554210133,-30432,30485,-28674.8,33627.6,12.7,-0.199,18535445,LOCKED
8534,395.561,-401418554160872,45837,106754,-28669.3,33703.8,12.3,-0.190,18560947,LOCKED
8535,396.562,-401418554255461,-18639,42278,-28709.2,33794.0,11.9,-0.181,18666019,LOCKED
8536,397.561,-401418554237679,24709,85626,-28595.8,33523.3,11.8,-0.178,18776057,LOCKED
8537,398.562,-401418554348217,-53182,7735,-28706.4,34266.0,11.4,-0.168,18753848,LOCKED
8538,399.561,-401418554335423,-12032,48885,-28669.1,34005.4,11.4,-0.169,18854696,LOCKED
8539,400.562,-401418554325380,26642,87559,-28711.6,33491.4,11.3,-0.164,18952139,LOCKED
8540,401.562,-401418554329370,48494,109411,-28651.4,34078.6,11.2,-0.160,19043364,LOCKED
8541,402.562,-401418554450512,-41751,19166,-28692.2,34455.9,10.9,-0.150,19006540,LOCKED
8542,403.562,-401418554440286,-4141,56776,-28621.0,33919.9,10.9,-0.148,19106337,LOCKED
8543,404.562,-401418554469884,-4710,56207,-28633.2,33924.6,10.8,-0.142,19194091,LOCKED
8544,405.562,-401418554532195,-34490,26427,-28767.4,33766.5,10.8,-0.135,19193230,LOCKED
8545,406.562,-401418554554607,-24783,36134,-28890.9,33362.4,10.8,-0.133,19269430,LOCKED
8546,407.562,-401418554537733,19384,80301,-28844.6,33452.5,10.7,-0.124,19366789,LOCKED
8547,408.562,-401418554574771,9087,70004,-28756.3,33002.5,10.7,-0.113,19461001,LOCKED
8548,409.564,-401418554646548,-30216,30701,-28888.8,32681.4,10.6,-0.101,19440574,LOCKED
8549,410.562,-401418554679546,-31505,29412,-28975.0,32873.0,10.6,-0.105,19525827,LOCKED
8550,411.562,-401418554638681,35295,96212,-28884.3,33145.8,10.7,-0.099,19630709,LOCKED
8551,412.562,-401418554751866,-46437,14480,-28933.2,33646.0,10.8,-0.096,19606130,LOCKED
8552,413.562,-401418554751212,-17112,43805,-28891.8,33269.7,10.5,-0.079,19694137,LOCKED
8553,414.562,-401418554733029,29838,90755,-28935.4,32681.3,10.6,-0.069,19806921,LOCKED
8554,415.563,-401418554799156,-7400,53517,-28920.8,32626.8,10.2,-0.046,19830190,LOCKED
8555,416.562,-401418554857694,-35944,24973,-28913.7,32539.2,10.3,-0.039,19923767,LOCKED
8556,417.562,-401418554783896,64231,125148,-28895.9,32876.2,10.0,0.012,19911888,LOCKED
8557,418.563,-401418554887601,-9281,51636,-28944.3,32806.4,9.9,0.013,20011421,LOCKED
8558,419.563,-401418554865767,38270,99187,-28849.4,33145.6,9.8,0.028,20126681,LOCKED
8559,420.563,-401418554972929,-38985,21932,-28836.4,32969.2,9.9,0.014,20108052,LOCKED
8560,421.562,-401418554950310,11862,72779,-28826.2,32998.2,9.7,0.032,20222993,LOCKED
8561,422.564,-401418554947197,40059,100976,-28709.0,33244.9,9.7,0.036,20317672,LOCKED
8562,423.562,-401418555069010,-50875,10042,-28730.9,33553.0,9.7,0.040,20284248,LOCKED
8563,424.563,-401418555056000,-8152,52765,-28765.6,33534.2,9.8,0.010,20389441,LOCKED
8564,425.563,-401418555035163,38600,99517,-28689.8,33935.6,9.9,0.024,20386627,LOCKED
8565,426.563,-401418555138289,-32310,28607,-28809.3,33869.4,10.0,0.036,20487245,LOCKED
8566,427.563,-401418555128503,6113,67030,-28811.1,33865.8,10.0,0.021,20586229,LOCKED
8567,428.563,-401418555131667,29733,90650,-28760.9,34105.3,9.9,0.018,20671569,LOCKED
8568,429.563,-401418555140842,46312,107229,-28690.2,34670.7,9.7,0.017,20639787,LOCKED
8569,430.563,-401418555232788,-14367,46550,-28793.0,34201.7,9.6,0.016,20752488,LOCKED
8570,431.563,-401418555227557,17173,78090,-28699.5,33927.9,9.5,0.007,20847918,LOCKED
8571,432.563,-401418555236767,35054,95971,-28678.8,34114.5,9.7,0.016,20813212,LOCKED
8572,433.563,-401418555334277,-32340,28577,-28695.6,34257.0,9.5,0.016,20919256,LOCKED
8573,434.564,-401418555318887,12550,73467,-28756.1,33699.3,9.6,0.010,21022880,LOCKED
8574,435.564,-401418555382866,-22670,38247,-28718.4,33304.2,9.6,0.011,21050217,LOCKED
8575,436.563,-401418555390035,16,60933,-28774.3,33021.0,9.6,0.006,21128436,LOCKED
8576,437.564,-401418555390056,26482,87399,-28706.0,33173.1,9.9,-0.006,21216695,LOCKED
8577,438.564,-401418555396998,43436,104353,-28541.8,32996.4,9.8,-0.005,21303115,LOCKED
8578,439.564,-401418555524328,-50613,10304,-28690.6,33383.0,9.8,-0.010,21264006,LOCKED
8579,440.564,-401418555514125,-10870,50047,-28714.2,33413.7,9.7,-0.011,21364155,LOCKED
8580,441.564,-401418555510876,18497,79414,-28617.4,33134.6,9.3,-0.013,21457822,LOCKED
8581,442.564,-401418555516822,40138,101055,-28633.6,32903.4,9.3,-0.018,21545193,LOCKED
8582,443.564,-401418555548274,35597,96514,-28608.2,33132.5,8.8,-0.022,21486866,LOCKED
8583,444.564,-401418555655604,-40556,20361,-28667.0,33573.4,8.8,-0.021,21579154,LOCKED
8584,445.564,-401418555618931,24384,85301,-28687.9,33373.3,8.9,-0.024,21708949,LOCKED
8585,446.564,-401418555718755,-43336,17581,-28783.7,33853.5,9.0,-0.026,21696432,LOCKED
8586,447.564,-401418555723309,-18806,42111,-28767.1,33732.1,9.1,-0.029,21785142,LOCKED
8587,448.564,-401418555728875,2512,63429,-28678.7,33100.4,9.0,-0.034,21869042,LOCKED
8588,449.564,-401418555773125,-11925,48992,-28714.6,33119.6,9.1,-0.035,21951786,LOCKED
8589,450.564,-401418555838655,-46883,14034,-28727.8,33299.5,9.5,-0.039,21936170,LOCKED
8590,451.564,-401418555841372,-18601,42316,-28808.5,33186.7,9.5,-0.036,22025511,LOCKED
8591,452.565,-401418555822711,26616,87533,-28742.1,33347.9,9.5,-0.036,22129497,LOCKED
8592,453.564,-401418555929460,-49408,11509,-28757.2,33562.1,9.4,-0.032,22113201,LOCKED
8593,454.564,-401418555923650,-12984,47933,-28826.9,33411.4,9.5,-0.032,22210270,LOCKED
8594,455.565,-401418555991614,-50366,10551,-28829.3,33448.6,9.3,-0.025,22232055,LOCKED
8595,456.565,-401418555977819,-6734,54183,-28867.6,33397.9,9.1,-0.018,22334715,LOCKED
8596,457.565,-401418555966580,30196,91113,-28761.7,33397.5,9.5,-0.017,22439390,LOCKED
8597,458.565,-401418555965161,58063,118980,-28744.7,33680.9,9.2,-0.008,22417470,LOCKED
8598,459.565,-401418556055660,-3180,57737,-28764.5,33665.6,9.3,-0.005,22532559,LOCKED
8599,460.565,-401418556041666,36005,96922,-28648.8,33774.1,9.3,-0.002,22634261,LOCKED
8600,461.565,-401418556154444,-46929,13988,-28629.4,33454.7,9.3,0.002,22610839,LOCKED
8601,462.565,-401418556137833,-508,60409,-28686.6,33169.1,9.3,-0.004,22715575,LOCKED
8602,463.564,-401418556134688,29136,90053,-28627.6,33398.6,9.0,0.009,22811841,LOCKED
8603,464.565,-401418556148285,41130,102047,-28546.8,33855.8,9.0,0.015,22776580,LOCKED
8604,465.565,-401418556203828,14116,75033,-28569.5,33710.6,9.0,0.011,22921533,LOCKED
8605,466.565,-401418556241225,5687,66604,-28598.6,33583.7,9.0,0.018,22977218,LOCKED
8606,467.565,-401418556238183,34171,95088,-28500.3,33772.5,9.0,0.014,23066403,LOCKED
8607,468.565,-401418556359172,-55061,5856,-28568.7,34521.4,9.0,-0.004,23034618,LOCKED
8608,469.566,-401418556349806,-15079,45838,-28644.2,34372.6,9.2,-0.036,23133009,LOCKED
8609,470.565,-401418556355371,8640,69557,-28690.1,34065.9,9.2,-0.036,23220648,LOCKED
8610,471.565,-401418556350366,38495,99412,-28565.4,34178.9,9.2,-0.050,23199978,LOCKED
8611,472.565,-401418556444860,-24037,36880,-28692.4,33700.4,9.2,-0.049,23308175,LOCKED
8612,473.565,-401418556450440,-90,60827,-28733.3,33552.4,9.3,-0.061,23389584,LOCKED
8613,474.566,-401418556448254,28089,89006,-28645.3,33635.4,9.2,-0.076,23486180,LOCKED
8614,475.566,-401418556504790,615,61532,-28666.8,33589.9,9.3,-0.088,23518999,LOCKED
8615,476.566,-401418556510394,23592,84509,-28702.0,33218.1,9.3,-0.080,23598545,LOCKED
8616,477.566,-401418556511128,46318,107235,-28521.4,32920.7,8.9,-0.085,23576043,LOCKED
8617,478.566,-401418556598942,-11700,49217,-28564.6,32912.3,8.8,-0.086,23687974,LOCKED
8618,479.566,-401418556588084,24714,85631,-28457.8,32716.4,8.7,-0.086,23792724,LOCKED
8619,480.566,-401418556707026,-60188,729,-28632.0,33300.4,8.7,-0.085,23763918,LOCKED
8620,481.566,-401418556698352,-21636,39281,-28657.2,33415.2,8.7,-0.094,23862467,LOCKED
8621,482.566,-401418556695161,8257,69174,-28574.8,33017.5,8.6,-0.093,23959047,LOCKED
8622,483.566,-401418556707475,24640,85557,-28621.9,32441.2,8.5,-0.093,24044574,LOCKED
8623,484.566,-401418556794181,-30850,30067,-28698.0,32666.0,8.5,-0.092,24037705,LOCKED
8624,485.566,-401418556816228,-23792,37125,-28678.4,32479.8,8.2,-0.097,24139582,LOCKED
8625,486.566,-401418556872597,-46872,14045,-28827.0,32695.4,7.6,-0.096,24123947,LOCKED
8626,487.567,-401418556879215,-22940,37977,-28873.5,32839.9,7.6,-0.094,24223603,LOCKED
8627,488.567,-401418556859385,23385,84302,-28795.5,32868.8,7.5,-0.093,24329988,LOCKED
8628,489.567,-401418556962971,-49495,10693,-28806.9,33037.0,7.5,-0.096,24318882,LOCKED
8629,490.567,-401418556941556,1310,61498,-28837.8,32937.4,7.6,-0.089,24429583,LOCKED
8630,491.567,-401418556930511,38052,98240,-28746.8,33287.0,7.6,-0.088,24418066,LOCKED
8631,492.567,-401418557016649,-19273,40915,-28717.9,33035.2,7.0,-0.084,24535117,LOCKED
8632,493.567,-401418557017402,9168,69356,-28756.6,32785.0,6.9,-0.082,24624596,LOCKED
8633,494.567,-401418557023196,29673,89861,-28685.2,32997.7,6.9,-0.081,24597047,LOCKED
8634,495.567,-401418557085128,-2594,57594,-28729.1,32858.7,6.8,-0.079,24737883,LOCKED
8635,496.567,-401418557069548,39087,99275,-28665.0,33282.9,7.0,-0.075,24842665,LOCKED
8636,497.567,-401418557189099,-49342,10846,-28703.5,33747.0,7.0,-0.075,24811470,LOCKED
8637,498.567,-401418557180912,-13284,46904,-28640.5,33126.8,7.6,-0.066,24909846,LOCKED
8638,499.567,-401418557176242,20274,80462,-28686.4,32636.1,8.2,-0.061,25002853,LOCKED
8639,500.567,-401418557284844,-55426,4762,-28801.4,33464.6,8.3,-0.056,24982413,LOCKED
8640,501.567,-401418557283426,-24210,35978,-28810.0,33523.8,8.3,-0.051,25073147,LOCKED
8641,502.567,-401418557290428,-3666,56522,-28741.8,33024.6,8.3,-0.052,25156653,LOCKED
8642,503.567,-401418557291400,21112,81300,-28629.8,32637.1,8.4,-0.047,25244051,LOCKED
8643,504.567,-401418557306614,33358,93546,-28627.9,32657.6,8.4,-0.042,25207135,LOCKED
8644,505.567,-401418557365710,1635,61823,-28568.9,32368.1,8.5,-0.042,25349500,LOCKED
8645,506.567,-401418557366335,28888,89076,-28583.1,32216.0,8.6,-0.042,25439072,LOCKED
8646,507.567,-401418557486656,-58280,1908,-28710.7,33115.4,9.1,-0.042,25405817,LOCKED
8647,508.568,-401418557485855,-27083,33105,-28748.4,33310.4,9.2,-0.044,25497807,LOCKED
8648,509.568,-401418557465800,20658,80846,-28730.6,33397.9,9.6,-0.046,25605276,LOCKED
8649,510.568,-401418557475966,38249,98437,-28746.5,33183.4,9.7,-0.056,25574480,LOCKED
8650,511.568,-401418557583528,-37156,23032,-28852.3,33416.6,10.1,-0.060,25668574,LOCKED
8651,512.568,-401418557577114,-2479,57709,-28819.2,33292.0,10.1,-0.065,25766341,LOCKED
8652,513.568,-401418557569307,33765,93953,-28856.7,32761.0,10.4,-0.071,25865690,LOCKED
8653,514.568,-401418557684053,-47964,12224,-28981.3,33254.3,11.1,-0.081,25842303,LOCKED
8654,515.568,-401418557639825,25784,85972,-29050.8,32236.4,11.3,-0.081,25974005,LOCKED
8655,516.568,-401418557661213,32146,92334,-29040.4,32335.4,11.3,-0.091,26041302,LOCKED
8656,517.568,-401418557668207,50221,110409,-28928.8,32996.6,10.9,-0.115,26123007,LOCKED
8657,518.568,-401418557794564,-45686,14502,-28927.5,32976.5,10.9,-0.116,26088233,LOCKED
8658,519.568,-401418557794514,-15172,45016,-28977.7,32989.9,10.8,-0.129,26178655,LOCKED
8659,520.568,-401418557768584,36219,96407,-28865.2,33137.2,10.9,-0.121,26292168,LOCKED
8660,521.568,-401418557874733,-36638,23550,-29021.8,32736.0,10.7,-0.130,26278606,LOCKED
8661,522.568,-401418557864123,3199,63387,-29037.2,32698.1,10.7,-0.126,26380569,LOCKED
8662,523.569,-401418557862665,30856,91044,-28949.1,32859.7,10.9,-0.107,26466781,LOCKED
8663,524.568,-401418557875679,42507,102695,-28809.2,32977.3,11.0,-0.107,26433447,LOCKED
8664,525.569,-401418557937606,8291,68479,-28769.1,32936.8,10.8,-0.124,26574321,LOCKED
8665,526.569,-401418557960374,13120,73308,-28733.3,32970.1,10.6,-0.145,26645958,LOCKED
8666,527.569,-401418558056356,-51944,8244,-28754.1,33274.7,10.5,-0.157,26636262,LOCKED
8667,528.569,-401418558032726,2120,62308,-28840.3,32539.9,10.7,-0.139,26748178,LOCKED
8668,529.569,-401418558033304,28958,89146,-28818.5,32699.6,10.5,-0.133,26840362,LOCKED
8669,530.569,-401418558049469,38685,98873,-28739.1,33106.8,10.6,-0.119,26801719,LOCKED
8670,531.569,-401418558137640,-20804,39384,-28701.6,32729.7,10.7,-0.108,26914289,LOCKED
8671,532.569,-401418558129186,16003,76191,-28711.1,32672.5,10.5,-0.096,27011990,LOCKED
8672,533.569,-401418558140763,30955,91143,-28655.4,32941.7,10.6,-0.078,27091637,LOCKED
8673,534.569,-401418558244297,-42160,18028,-28671.9,33137.6,10.6,-0.072,27079400,LOCKED
8674,535.569,-401418558199873,28734,88922,-28611.5,33357.5,10.4,-0.066,27096996,LOCKED
8675,536.569,-401418558306677,-47247,12941,-28641.5,33721.5,10.1,-0.061,27194849,LOCKED
8676,537.569,-401418558293619,-7135,53053,-28551.5,32788.2,10.0,-0.064,27296009,LOCKED
8677,538.569,-401418558283797,29107,89295,-28495.2,33023.1,10.0,-0.068,27398066,LOCKED
8678,539.569,-401418558393970,-50606,9582,-28507.5,33206.8,10.0,-0.071,27372951,LOCKED
8679,540.569,-401418558381140,-7146,53042,-28600.0,32638.6,9.9,-0.074,27480763,LOCKED
8680,541.569,-401418558363334,37099,97287,-28555.5,32986.6,9.6,-0.079,27585684,LOCKED
8681,542.569,-401418558455888,-25834,34354,-28564.9,33055.6,9.5,-0.082,27579379,LOCKED
8682,543.569,-401418558460390,-2897,57291,-28504.6,32668.6,9.5,-0.086,27670931,LOCKED
8683,544.569,-401418558448000,36142,96330,-28473.6,32940.0,9.4,-0.085,27771475,LOCKED
8684,545.569,-401418558499320,12832,73020,-28472.2,32945.5,9.0,-0.087,27807171,LOCKED
8685,546.569,-401418558600473,-54614,5574,-28638.7,33323.4,8.9,-0.087,27797026,LOCKED
8686,547.570,-401418558597695,-20921,39267,-28715.7,33297.7,9.0,-0.084,27887890,LOCKED
8687,548.571,-401418558587270,16263,76451,-28646.6,33222.3,8.9,-0.086,27986679,LOCKED
8688,549.570,-401418558585459,45336,105524,-28654.1,33110.1,8.4,-0.091,27965895,LOCKED
8689,550.570,-401418558683581,-22518,37670,-28695.9,33250.5,8.4,-0.090,28071282,LOCKED
8690,551.570,-401418558679591,8257,68445,-28615.7,32877.5,8.2,-0.093,28162517,LOCKED
8691,552.570,-401418558715445,1523,61711,-28643.1,32795.8,8.0,-0.096,28259044,LOCKED
8692,553.570,-401418558786583,-38628,21560,-28693.9,33186.9,8.1,-0.098,28243398,LOCKED
8693,554.570,-401418558749373,24441,84629,-28595.3,33071.4,8.5,-0.099,28364482,LOCKED
8694,555.570,-401418558833089,-28737,31451,-28642.9,33300.1,8.5,-0.103,28367095,LOCKED
8695,556.570,-401418558863097,-29640,30548,-28616.2,32984.3,8.6,-0.102,28457159,LOCKED
8696,557.570,-401418558909283,-42674,17514,-28768.2,32952.2,9.2,-0.101,28447828,LOCKED
8697,558.570,-401418558913678,-16723,43465,-28817.9,32992.7,10.3,-0.095,28555826,LOCKED
8698,559.571,-401418558891632,31239,91427,-28727.2,33148.0,11.2,-0.089,28666776,LOCKED
8699,560.570,-401418558990606,-34576,25612,-28887.6,32575.8,11.6,-0.091,28660219,LOCKED
8700,561.571,-401418558964204,20426,80614,-28907.4,32407.9,11.9,-0.094,28770841,LOCKED
8701,562.570,-401418559020352,-5994,54194,-28937.8,32381.6,12.0,-0.105,28805329,LOCKED
8702,563.570,-401418559007356,33082,93270,-28852.4,32622.7,12.0,-0.110,28912229,LOCKED
8703,564.570,-401418559099950,-29717,30471,-28849.2,32591.3,12.0,-0.116,28910180,LOCKED
8704,565.571,-401418559041442,53811,113999,-28750.6,33398.8,12.2,-0.124,28945035,LOCKED
8705,566.571,-401418559132215,-8765,51423,-28708.8,33125.0,12.4,-0.135,29056081,LOCKED
8706,567.571,-401418559110813,40558,100746,-28737.7,32674.7,12.6,-0.137,29166727,LOCKED
8707,568.571,-401418559217211,-33690,26498,-28849.3,32740.8,12.5,-0.149,29149568,LOCKED
8708,569.571,-401418559210405,1317,61505,-28819.6,32672.6,12.6,-0.150,29244716,LOCKED
8709,570.571,-401418559214510,23159,83347,-28717.0,32469.8,12.6,-0.153,29332124,LOCKED
8710,571.571,-401418559212892,51354,111542,-28697.3,32759.4,12.8,-0.123,29426119,LOCKED
8711,572.571,-401418559338326,-42231,17957,-28781.9,33247.5,12.9,-0.111,29387883,LOCKED
8712,573.571,-401418559327068,-3004,57184,-28736.9,33021.6,13.1,-0.090,29488382,LOCKED
8713,574.571,-401418559326826,26135,86323,-28788.4,32346.3,13.1,-0.058,29577066,LOCKED
8714,575.571,-401418559401957,-19381,40807,-28796.7,32392.4,13.1,-0.041,29595202,LOCKED
8715,576.571,-401418559398406,11378,71566,-28737.6,32286.8,13.2,-0.039,29682173,LOCKED
8716,577.571,-401418559389952,43876,104064,-28579.9,32230.6,13.2,-0.039,29782003,LOCKED
8717,578.571,-401418559506110,-39295,20893,-28731.1,32041.3,13.2,-0.041,29755116,LOCKED
8718,579.571,-401418559496924,-527,59661,-28772.1,31891.0,12.9,-0.066,29853304,LOCKED
8719,580.571,-401418559483710,37754,97942,-28652.8,32038.0,12.8,-0.051,29957984,LOCKED
8720,581.572,-401418559488488,59081,119269,-28626.0,32487.7,12.6,-0.051,29928599,LOCKED
8721,582.572,-401418559592681,-15232,44956,-28662.3,32544.9,12.4,-0.051,30025932,LOCKED
8722,583.572,-401418559582207,21560,81748,-28582.9,32517.3,12.4,-0.043,30127564,LOCKED
8723,584.572,-401418559587209,40816,101004,-28438.3,32496.8,12.4,-0.037,30099873,LOCKED
8724,585.572,-401418559676736,-19374,40814,-28450.2,32558.4,12.2,-0.031,30211797,LOCKED
8725,586.572,-401418559685085,66,60254,-28417.8,32462.1,12.0,-0.034,30296294,LOCKED
8726,587.572,-401418559674494,38129,98317,-28434.8,32223.8,11.9,-0.037,30393934,LOCKED
8727,588.572,-401418559790464,-46268,13920,-28512.0,32829.2,11.9,-0.041,30366925,LOCKED
8728,589.572,-401418559776830,-4810,55378,-28470.1,32603.8,11.7,-0.044,30468795,LOCKED
8729,590.572,-401418559790260,8137,68325,-28380.8,32100.3,11.9,-0.054,30558177,LOCKED
8730,591.572,-401418559875238,-44852,15336,-28483.5,32619.9,11.8,-0.057,30549959,LOCKED
8731,592.572,-401418559844451,12792,72980,-28424.8,32545.3,11.8,-0.055,30582677,LOCKED
8732,593.572,-401418559928715,-41562,18626,-28428.6,32594.4,11.8,-0.051,30674907,LOCKED
8733,594.572,-401418559944749,-26123,34065,-28534.7,32451.8,11.8,-0.050,30749435,LOCKED
8734,595.573,-401418559926904,17766,77954,-28441.9,32188.3,11.8,-0.049,30871307,LOCKED
8735,596.572,-401418560016658,-39379,20809,-28581.2,32172.4,11.9,-0.045,30856115,LOCKED
8736,597.572,-401418560048080,-39386,20802,-28654.8,32612.0,11.6,-0.047,30950689,LOCKED
8737,598.572,-401418559993073,40254,100442,-28524.2,32738.1,11.3,-0.050,31057416,LOCKED
8738,599.572,-401418560101223,-35359,24829,-28662.6,32555.0,10.9,-0.054,31039558,LOCKED
8739,600.573,-401418560079629,14141,74329,-28649.0,32600.1,10.5,-0.059,31150138,LOCKED
8740,601.573,-401418560072835,45021,105209,-28499.6,32717.3,10.0,-0.064,31134132,LOCKED
8741,602.573,-401418560150817,-3521,56667,-28540.0,32613.4,9.5,-0.071,31256766,LOCKED
8742,603.573,-401418560142147,31397,91585,-28479.6,32888.3,9.0,-0.080,31355749,LOCKED
8743,604.573,-401418560148328,48696,108884,-28314.9,32979.0,8.9,-0.084,31326728,LOCKED
8744,605.573,-401418560202848,20124,80312,-28232.0,32886.4,8.7,-0.089,31476595,LOCKED
8745,606.573,-401418560211289,38759,98947,-28239.8,32784.4,8.6,-0.092,31552908,LOCKED
8746,607.573,-401418560332015,-49774,10414,-28351.3,33421.4,8.8,-0.092,31519866,LOCKED
8747,608.573,-401418560326157,-15294,44894,-28339.1,33349.3,8.6,-0.098,31617536,LOCKED
8748,609.573,-401418560331354,5558,63838,-28235.7,32560.2,8.3,-0.106,31700393,LOCKED
8749,610.573,-401418560340732,23247,81527,-28217.0,32668.3,8.0,-0.114,31782909,LOCKED
8750,611.573,-401418560442694,-47867,10413,-28266.6,33202.3,7.9,-0.123,31772667,LOCKED
8751,612.574,-401418560436099,-12548,45732,-28268.1,33208.3,7.5,-0.133,31865232,LOCKED
8752,613.573,-401418560429481,21913,80193,-28283.8,33077.1,7.6,-0.137,31960750,LOCKED
8753,614.574,-401418560441439,34643,92923,-28164.7,33103.0,7.8,-0.133,31924634,LOCKED
8754,615.574,-401418560508794,-3627,54653,-28203.9,33008.8,7.9,-0.137,32059558,LOCKED
8755,616.574,-401418560509375,23167,81447,-28201.8,33024.1,8.0,-0.141,32146594,LOCKED
8756,617.574,-401418560624353,-58118,162,-28375.0,33502.4,8.2,-0.135,32123412,LOCKED
8757,618.573,-401418560617307,-20502,37778,-28448.7,33490.0,8.0,-0.118,32219241,LOCKED
8758,619.574,-401418560612928,10634,68914,-28383.3,33324.5,8.1,-0.096,32313795,LOCKED
8759,620.574,-401418560620078,31184,89464,-28401.6,33112.8,8.6,-0.082,32280715,LOCKED
8760,621.574,-401418560713448,-31967,26313,-28437.7,33360.5,8.6,-0.068,32391827,LOCKED
8761,622.574,-401418560741478,-28950,29330,-28517.8,33514.7,8.9,-0.048,32468855,LOCKED
8762,623.574,-401418560702567,35222,93502,-28416.3,33714.6,8.9,-0.054,32582137,LOCKED
8763,624.574,-401418560819369,-48415,9865,-28569.1,33944.7,9.1,-0.076,32558549,LOCKED
8764,625.574,-401418560784716,12379,70659,-28470.4,33458.6,9.0,-0.065,32681047,LOCKED
8765,626.574,-401418560793309,30655,88935,-28442.7,33656.1,9.0,-0.069,32759755,LOCKED
8766,627.574,-401418560911463,-56384,1896,-28480.2,34186.6,9.5,-0.084,32729549,LOCKED
8767,628.574,-401418560922436,-34933,23347,-28615.9,34029.1,9.5,-0.085,32809550,LOCKED
8768,629.574,-401418560937046,-19192,39088,-28669.2,34094.6,9.6,-0.101,32894697,LOCKED
8769,630.574,-401418561003652,-53809,4471,-28742.8,34831.6,9.7,-0.118,33008218,LOCKED
8770,631.574,-401418561006966,-27906,30374,-28719.6,34589.1,9.7,-0.132,32998575,LOCKED
8771,632.574,-401418560990568,17883,76163,-28782.4,33898.2,9.7,-0.143,33098373,LOCKED
8772,633.574,-401418560991721,43112,101392,-28736.2,34324.5,9.7,-0.153,33076496,LOCKED
8773,634.574,-401418561077687,-13619,44661,-28738.1,34331.9,9.6,-0.161,33196332,LOCKED
8774,635.575,-401418561051831,39425,97705,-28727.6,34448.9,9.6,-0.168,33195469,LOCKED
8775,636.574,-401418561151443,-29344,28936,-28782.7,34677.5,9.5,-0.174,33298562,LOCKED
8776,637.575,-401418561141245,7878,66158,-28709.3,34385.9,9.4,-0.179,33397093,LOCKED
8777,638.575,-401418561144391,32961,91241,-28740.6,33981.9,9.4,-0.184,33486311,LOCKED
8778,639.575,-401418561253977,-44262,14018,-28845.0,34447.0,9.3,-0.187,33468358,LOCKED
8779,640.575,-401418561242695,-4671,53609,-28810.9,34296.5,9.2,-0.190,33567355,LOCKED
8780,641.575,-401418561237873,25422,83702,-28679.1,33802.7,9.2,-0.193,33660718,LOCKED
8781,642.574,-401418561251859,38222,96502,-28649.8,34074.5,9.3,-0.189,33625480,LOCKED
8782,643.576,-401418561353592,-33179,25101,-28677.2,34288.5,9.2,-0.191,33727242,LOCKED
8783,644.575,-401418561345778,1722,60002,-28601.8,33828.6,9.1,-0.187,33821263,LOCKED
8784,645.575,-401418561419538,-40054,18226,-28701.4,34187.6,9.1,-0.184,33838800,LOCKED
8785,646.575,-401418561444119,-33631,24649,-28758.6,34491.0,9.1,-0.186,33908305,LOCKED
8786,647.575,-401418561429176,8108,66388,-28675.6,34094.7,9.4,-0.193,34007676,LOCKED
8787,648.575,-401418561426518,38378,96658,-28687.3,33944.1,9.4,-0.196,33988702,LOCKED
8788,649.575,-401418561516476,-21255,37025,-28732.4,34061.2,9.4,-0.198,34100317,LOCKED
8789,650.575,-401418561508426,14193,72473,-28690.4,34090.0,9.3,-0.199,34194629,LOCKED
8790,651.576,-401418561508020,41986,100266,-28696.3,34010.4,9.3,-0.201,34292388,LOCKED
8791,652.575,-401418561632786,-50983,7297,-28763.8,34666.5,9.5,-0.204,34250843,LOCKED
8792,653.577,-401418561649550,-34982,23298,-28902.3,34477.1,9.5,-0.203,34326349,LOCKED
8793,654.575,-401418561654524,-9154,49126,-28980.4,34162.7,9.4,-0.202,34409782,LOCKED
8794,655.575,-401418561623092,47637,105917,-28881.8,34750.0,9.4,-0.200,34419854,LOCKED
8795,656.575,-401418561721676,-18965,39315,-29002.6,34178.7,9.0,-0.194,34518285,LOCKED
8796,657.576,-401418561715822,16742,75022,-29072.3,33383.2,8.9,-0.191,34618486,LOCKED
8797,658.576,-401418561707232,50059,108339,-28942.1,33909.2,8.8,-0.187,34715782,LOCKED
8798,659.576,-401418561824542,-34100,24180,-29092.2,33501.3,8.8,-0.182,34689162,LOCKED
8799,660.576,-401418561816356,3159,61439,-29096.5,33495.3,8.7,-0.178,34786748,LOCKED
8800,661.576,-401418561815898,29587,87867,-28992.1,33488.8,8.6,-0.174,34875020,LOCKED
8801,662.576,-401418561819463,51965,110245,-28928.8,34156.3,8.6,-0.168,34965135,LOCKED
8802,663.576,-401418561927629,-26248,32032,-28935.4,34205.8,8.6,-0.169,34947429,LOCKED
8803,664.576,-401418561943711,-14053,44227,-28879.6,33688.1,8.5,-0.163,35039455,LOCKED
8804,665.576,-401418561977591,-18578,39702,-28872.0,33638.8,8.4,-0.157,35071854,LOCKED
8805,666.576,-401418561976584,9090,67370,-28778.4,33120.2,7.9,-0.142,35165245,LOCKED
8806,667.577,-401418561981137,32625,90905,-28798.9,32870.0,7.3,-0.125,35250136,LOCKED
8807,668.576,-401418562025607,16236,74516,-28790.6,32906.6,7.1,-0.116,35217195,LOCKED
8808,669.576,-401418562099093,-27004,31276,-28817.2,33071.2,6.9,-0.105,35313436,LOCKED
8809,670.576,-401418562075979,22268,80548,-28723.5,32938.8,7.0,-0.090,35425984,LOCKED
8810,671.576,-401418562174521,-43154,15126,-28867.8,33031.3,7.0,-0.088,35414850,LOCKED
8811,672.577,-401418562154520,5608,63888,-28871.9,33022.5,6.8,-0.074,35524065,LOCKED
8812,673.577,-401418562142230,42821,101101,-28749.1,33326.4,6.8,-0.071,35626942,LOCKED
8813,674.577,-401418562151407,56756,115036,-28566.5,33594.5,6.8,-0.063,35596185,LOCKED
8814,675.576,-401418562197123,36566,94846,-28477.9,33906.7,6.8,-0.055,35754451,LOCKED
8815,676.577,-401418562303744,-40344,17936,-28471.3,33819.8,6.9,-0.032,35735818,LOCKED
8816,677.577,-401418562284118,8607,66887,-28527.6,33384.3,7.0,-0.011,35847393,LOCKED
8817,678.577,-401418562279728,39082,97362,-28472.6,33787.3,7.0,0.010,35939871,LOCKED
8818,679.577,-401418562383462,-34694,23586,-28487.9,33931.1,7.0,0.002,35922277,LOCKED
8819,680.577,-401418562379052,-3276,55004,-28409.6,33304.6,7.1,0.008,36020684,LOCKED
8820,681.577,-401418562366066,36102,94382,-28370.6,33611.0,7.4,0.044,36121769,LOCKED
8821,682.577,-401418562463982,-30829,27451,-28447.7,33823.4,7.4,0.037,36109764,LOCKED
8822,683.577,-401418562466782,-6584,51696,-28367.8,33085.3,7.4,0.029,36193888,LOCKED
8823,684.577,-401418562460380,27449,85729,-28377.3,32994.0,7.4,0.025,36292391,LOCKED
8824,685.577,-401418562524111,-8352,49928,-28341.4,32780.2,7.3,0.020,36317531,LOCKED
8825,686.577,-401418562525145,16045,74325,-28225.0,32134.3,7.3,0.017,36404455,LOCKED
8826,687.577,-401418562534131,34175,92455,-28227.4,32106.8,7.3,0.006,36373375,LOCKED
8827,688.578,-401418562638920,-38979,19301,-28330.1,32431.8,7.5,-0.005,36469674,LOCKED
8828,689.578,-401418562634498,-5536,52744,-28354.8,32419.5,7.7,-0.015,36562897,LOCKED
8829,690.578,-401418562625288,31534,89814,-28383.0,32055.3,8.4,-0.031,36662127,LOCKED
8830,691.578,-401418562729298,-40401,17879,-28497.2,32347.4,8.6,-0.038,36650085,LOCKED
8831,692.578,-401418562712844,3687,61967,-28461.0,32268.8,8.7,-0.045,36752533,LOCKED
8832,693.578,-401418562722409,19594,77874,-28346.6,31780.4,8.8,-0.051,36833147,LOCKED
8833,694.578,-401418562729607,38365,96645,-28293.6,32185.6,9.0,-0.057,36803409,LOCKED
8834,695.578,-401418562793715,824,59104,-28210.1,31551.7,9.1,-0.062,36943058,LOCKED
8835,696.577,-401418562800308,21692,79972,-28209.4,31556.6,9.2,-0.067,37023281,LOCKED
8836,697.578,-401418562919449,-65284,0,-28295.1,32702.5,9.2,-0.066,36995815,LOCKED
8837,698.579,-401418562924455,-40609,24675,-28295.6,32708.1,9.7,-0.075,37078605,LOCKED
8838,699.578,-401418562932972,-18157,47127,-28396.8,32357.8,9.8,-0.079,37155012,LOCKED
8839,700.578,-401418562989846,-43492,21792,-28478.8,32889.4,9.8,-0.083,37232109,LOCKED
8840,701.578,-401418562943068,28758,94042,-28378.9,32897.8,9.9,-0.086,37327385,LOCKED
8841,702.578,-401418563055246,-52983,12301,-28391.8,33100.8,9.9,-0.086,37305360,LOCKED
8842,703.578,-401418563043836,-11442,53842,-28458.2,32942.1,10.3,-0.092,37405636,LOCKED
8843,704.578,-401418563030833,27814,93098,-28396.2,33141.9,10.3,-0.092,37506635,LOCKED
8844,705.578,-401418563115577,-25469,39815,-28504.4,32956.0,10.2,-0.091,37511004,LOCKED
8845,706.578,-401418563134326,-13500,51784,-28590.8,32647.5,10.3,-0.093,37588140,LOCKED
8846,707.578,-401418563103916,42382,107666,-28508.1,33144.6,10.5,-0.101,37700743,LOCKED
8847,708.579,-401418563211114,-35207,30077,-28503.5,33091.8,10.6,-0.102,37680798,LOCKED
8848,709.579,-401418563196256,8367,73651,-28527.9,32972.8,10.9,-0.106,37787637,LOCKED
8849,710.579,-401418563187629,42127,107411,-28431.2,33418.4,11.1,-0.104,37883342,LOCKED
8850,711.579,-401418563296652,-37440,27844,-28419.1,33263.4,11.4,-0.106,37864459,LOCKED
8851,712.579,-401418563275378,13133,78417,-28484.3,32603.3,11.6,-0.113,37971671,LOCKED
8852,713.579,-401418563285327,30996,96280,-28502.9,32384.5,11.9,-0.115,38054673,LOCKED
8853,714.579,-401418563399953,-50880,14404,-28627.0,33003.2,12.1,-0.115,38029160,LOCKED
8854,715.579,-401418563349888,24770,90054,-28518.7,32791.7,12.2,-0.116,38170338,LOCKED
8855,716.579,-401418563362690,38842,104126,-28502.5,32968.8,12.2,-0.116,38131852,LOCKED
8856,717.579,-401418563437452,-7071,58213,-28507.8,32978.1,12.2,-0.116,38261484,LOCKED
8857,718.579,-401418563430990,24712,89996,-28392.3,32673.1,12.8,-0.106,38359973,LOCKED
8858,719.579,-401418563435611,46796,112080,-28387.3,32745.1,12.9,-0.095,38329484,LOCKED
8859,720.580,-401418563548353,-34823,30461,-28463.8,33063.2,12.9,-0.092,38419958,LOCKED
8860,721.579,-401418563549079,-7233,58051,-28444.5,32984.6,13.1,-0.088,38510174,LOCKED
8861,722.579,-401418563537672,29025,94309,-28316.1,32673.6,13.1,-0.071,38607713,LOCKED
8862,723.579,-401418563652646,-52832,12452,-28464.2,33175.9,13.5,-0.049,38584744,LOCKED
8863,724.579,-401418563650416,-19922,45362,-28539.9,33135.5,13.3,-0.028,38677713,LOCKED
8864,725.579,-401418563727188,-62691,2593,-28704.1,33952.4,13.2,-0.018,38690146,LOCKED
8865,726.580,-401418563721708,-26465,38819,-28760.4,34133.5,13.2,-0.010,38781789,LOCKED
8866,727.580,-401418563725506,-1980,63304,-28733.6,34054.2,13.1,-0.002,38872419,LOCKED
8867,728.579,-401418563716824,33043,98327,-28671.0,34346.7,12.8,0.037,38969481,LOCKED
8868,729.580,-401418563836362,-52703,12581,-28835.0,34643.8,12.7,0.062,38940198,LOCKED
8869,730.580,-401418563831184,-17689,47595,-28854.8,34716.0,12.8,0.057,39035572,LOCKED
8870,731.580,-401418563818557,24361,89645,-28923.3,33791.9,12.3,0.087,39138773,LOCKED
8871,732.580,-401418563825499,43932,109216,-28878.0,34226.5,11.6,0.125,39108289,LOCKED
8872,733.580,-401418563930689,-31055,34229,-28891.4,34338.6,11.1,0.157,39207074,LOCKED
8873,734.580,-401418563918870,7573,72857,-28801.6,33839.2,11.1,0.143,39309273,LOCKED
8874,735.580,-401418563991210,-34627,30657,-28809.7,33920.2,11.1,0.132,39325418,LOCKED
8875,736.580,-401418563989403,-2185,63099,-28895.8,33317.4,10.7,0.120,39416521,LOCKED
8876,737.580,-401418563980001,33823,99107,-28839.6,33631.6,10.3,0.122,39515329,LOCKED
8877,738.580,-401418563993567,44818,110102,-28703.9,33890.7,9.9,0.114,39485948,LOCKED
8878,739.581,-401418564079729,-10531,54753,-28790.1,33513.2,9.8,0.118,39595317,LOCKED
8879,740.580,-401418564121739,-21924,43360,-28843.4,33625.5,9.3,0.121,39678486,LOCKED
8880,741.580,-401418564171261,-40899,24385,-28859.0,33803.1,8.0,0.124,39662977,LOCKED
8881,742.580,-401418564186443,-24242,41042,-28965.1,33603.4,7.9,0.121,39758883,LOCKED
8882,743.580,-401418564192372,-676,64608,-28990.0,33553.3,7.7,0.119,39851142,LOCKED
8883,744.580,-401418564262837,-40107,25177,-29023.7,33873.7,7.5,0.124,39963212,LOCKED
8884,745.580,-401418564238176,13154,78438,-29024.8,33869.1,7.4,0.129,39980860,LOCKED
8885,746.580,-401418564273977,5505,70789,-28991.1,33826.1,7.2,0.134,40084692,LOCKED
8886,747.581,-401418564344735,-35066,30218,-28991.4,33829.7,7.2,0.133,40076924,LOCKED
8887,748.580,-401418564305509,32320,97604,-29004.4,33683.5,7.2,0.132,40178107,LOCKED
8888,749.581,-401418564304695,58362,123646,-28916.0,34586.6,7.2,0.131,40155485,LOCKED
8889,750.581,-401418564402312,-10724,54560,-28879.2,34348.1,7.2,0.129,40262901,LOCKED
8890,751.581,-401418564374902,43988,109272,-28875.0,34403.4,7.1,0.129,40377723,LOCKED
8891,752.581,-401418564487852,-37561,27723,-28936.6,34777.9,7.4,0.125,40355163,LOCKED
8892,753.581,-401418564484406,-5529,59755,-28910.1,34673.0,7.4,0.125,40449860,LOCKED
8893,754.581,-401418564470564,33350,98634,-28775.2,34463.3,7.5,0.129,40555284,LOCKED
8894,755.581,-401418564555311,-21566,43718,-28791.2,34546.0,7.6,0.133,40555012,LOCKED
8895,756.581,-401418564563952,-2482,62802,-28734.6,34223.8,7.6,0.133,40638579,LOCKED
8896,757.582,-401418564563305,26927,92211,-28780.9,33648.3,7.4,0.135,40730617,LOCKED
8897,758.581,-401418564568959,47876,113160,-28753.5,33988.9,7.5,0.135,40700245,LOCKED
8898,759.581,-401418564665681,-18366,46918,-28807.8,34037.3,7.5,0.137,40808298,LOCKED
8899,760.581,-401418564652419,23568,88852,-28840.5,33703.9,7.5,0.138,40905857,LOCKED
8900,761.581,-401418564651004,49280,114564,-28699.1,34097.5,7.4,0.140,41000718,LOCKED
8901,762.581,-401418564770526,-37235,28049,-28849.0,33842.9,7.4,0.143,40966604,LOCKED
8902,763.581,-401418564770952,-7818,57466,-28884.8,33816.0,7.5,0.139,41059320,LOCKED
8903,764.581,-401418564769702,19929,85213,-28800.6,33708.9,7.6,0.141,41149124,LOCKED
8904,765.581,-401418564862409,-40278,25006,-28915.4,33978.1,7.7,0.143,41145918,LOCKED
8905,766.582,-401418564879426,-25928,39356,-28992.8,34070.5,7.8,0.147,41225189,LOCKED
8906,767.582,-401418564868427,11849,77133,-28903.6,33694.6,7.8,0.144,41316801,LOCKED
8907,768.582,-401418564868997,38775,104059,-28899.0,33748.4,7.7,0.149,41408884,LOCKED
8908,769.581,-401418564975571,-36587,28697,-28951.8,34100.8,7.7,0.147,41393693,LOCKED
8909,770.582,-401418564971525,-4795,60489,-28884.4,33598.7,7.7,0.144,41487201,LOCKED
8910,771.583,-401418564956699,37521,102805,-28878.4,33665.8,7.9,0.140,41593627,LOCKED
8911,772.582,-401418565053614,-29032,36252,-28903.0,33834.5,7.9,0.138,41585089,LOCKED
8912,773.582,-401418565064790,-11702,53582,-28864.0,33556.0,7.9,0.134,41666334,LOCKED
8913,774.582,-401418565060376,21834,87118,-28913.1,32999.9,8.0,0.132,41757263,LOCKED
8914,775.582,-401418565139379,-27300,37984,-28914.5,33012.6,8.0,0.139,41768681,LOCKED
8915,776.582,-401418565138568,820,66104,-28837.0,32481.7,7.9,0.147,41861017,LOCKED
8916,777.582,-401418565129926,35790,101074,-28773.2,32843.3,8.4,0.120,41962179,LOCKED
8917,778.582,-401418565126464,62365,127649,-28598.8,33541.2,8.1,0.090,41938925,LOCKED
8918,779.583,-401418565226834,-10991,54293,-28502.6,32360.3,8.1,0.090,42040224,LOCKED
8919,780.582,-401418565245060,-196,65088,-28527.7,32303.1,8.1,0.089,42136062,LOCKED
8920,781.582,-401418565302161,-27320,37964,-28553.5,32470.0,8.1,0.074,42114887,LOCKED
8921,782.583,-401418565330227,-26838,38446,-28508.4,31886.2,8.1,0.060,42205418,LOCKED
8922,783.583,-401418565321577,10691,75975,-28544.5,31635.8,7.6,0.028,42302435,LOCKED
8923,784.582,-401418565307615,49814,115098,-28461.1,32349.5,7.6,0.027,42408468,LOCKED
8924,785.583,-401418565377754,9239,74523,-28530.8,31683.5,7.7,0.040,42421673,LOCKED
8925,786.583,-401418565386143,28071,93355,-28513.2,31818.0,7.8,0.050,42506246,LOCKED
8926,787.583,-401418565483121,-37981,27303,-28568.5,32221.4,7.8,0.046,42493453,LOCKED
8927,788.583,-401418565480095,-7397,57887,-28506.5,31709.5,7.7,0.041,42590557,LOCKED
8928,789.583,-401418565466692,33786,99070,-28527.1,31437.0,7.7,0.047,42694156,LOCKED
8929,790.583,-401418565580810,-47976,17308,-28635.4,32050.2,7.9,0.036,42669050,LOCKED
8930,791.583,-401418565568456,-7358,57926,-28604.9,31888.6,7.9,0.034,42770547,LOCKED
8931,792.583,-401418565559798,26363,91647,-28474.6,31422.4,8.0,0.040,42868532,LOCKED
8932,793.583,-401418565566972,45382,110666,-28438.1,31847.3,7.8,0.039,42837493,LOCKED
8933,794.583,-401418565667518,-25510,39774,-28455.4,31964.7,7.8,0.037,42939275,LOCKED
8934,795.583,-401418565629673,39074,104358,-28436.1,32177.1,8.1,0.029,43071069,LOCKED
8935,796.583,-401418565744254,-44064,21220,-28510.5,32728.0,8.1,0.028,43040534,LOCKED
8936,797.583,-401418565743247,-14870,50414,-28469.8,32380.2,7.9,0.028,43132537,LOCKED
8937,798.583,-401418565743189,10934,76218,-28354.1,31539.1,7.9,0.027,43224767,LOCKED
8938,799.584,-401418565739195,40417,105701,-28280.6,32012.4,7.8,0.028,43310770,LOCKED
8939,800.584,-401418565867304,-55192,10092,-28396.1,32846.1,7.8,0.033,43276447,LOCKED
8940,801.583,-401418565866722,-23359,41925,-28497.5,32664.3,7.6,0.034,43366823,LOCKED
8941,802.584,-401418565844276,26605,91889,-28493.7,32695.6,7.7,0.038,43474356,LOCKED
8942,803.583,-401418565868649,28815,94099,-28447.8,32927.0,7.8,0.041,43545154,LOCKED
8943,804.583,-401418565974823,-44271,21013,-28602.2,32938.8,7.8,0.047,43525058,LOCKED
8944,805.584,-401418565925394,31404,96688,-28538.6,33207.2,7.7,0.053,43662481,LOCKED
8945,806.584,-401418565925655,55832,121116,-28442.4,34061.5,7.7,0.058,43640593,LOCKED
8946,807.584,-401418566035361,-22399,42885,-28554.2,33732.8,7.8,0.061,43736306,LOCKED
8947,808.584,-401418566023947,15668,80952,-28486.8,33658.3,7.8,0.060,43834661,LOCKED
8948,809.584,-401418566118201,-48648,16636,-28477.1,33501.6,7.9,0.063,43827670,LOCKED
8949,810.584,-401418566103983,-5136,60148,-28508.7,33463.0,8.0,0.065,43931899,LOCKED
8950,811.584,-401418566084513,38659,103943,-28367.4,33390.3,8.1,0.066,44041403,LOCKED
8951,812.584,-401418566186683,-31579,33705,-28490.1,33259.1,8.0,0.063,44025362,LOCKED
8952,813.584,-401418566189693,-5362,59922,-28517.4,33238.2,8.1,0.063,44111161,LOCKED
8953,814.584,-401418566190235,20101,85385,-28427.3,33079.1,7.9,0.068,44200791,LOCKED
8954,815.584,-401418566275970,-34047,31237,-28525.9,33264.5,7.7,0.074,44204181,LOCKED
8955,816.584,-401418566292603,-20545,44739,-28570.8,33374.2,7.8,0.075,44274461,LOCKED
8956,817.584,-401418566282413,16262,78953,-28501.9,33300.1,7.8,0.069,44375875,LOCKED
8957,818.584,-401418566314171,10556,73247,-28399.0,32684.5,7.8,0.076,44461944,LOCKED
8958,819.584,-401418566377344,-22093,40598,-28466.7,32745.4,7.8,0.077,44462536,LOCKED
8959,820.584,-401418566410962,-26249,36442,-28471.8,32786.5,7.8,0.078,44554057,LOCKED
8960,821.584,-401418566458985,-44618,18073,-28455.6,32529.2,7.8,0.080,44534776,LOCKED
8961,822.584,-401418566468507,-22846,39845,-28557.1,32328.5,7.8,0.081,44640675,LOCKED
8962,823.585,-401418566457096,16347,79038,-28546.3,32375.2,7.7,0.074,44744105,LOCKED
8963,824.585,-401418566551326,-46779,15912,-28594.1,32886.0,7.6,0.065,44736150,LOCKED
8964,825.585,-401418566489214,42568,105259,-28598.2,32828.5,7.5,0.055,44889334,LOCKED
8965,826.585,-401418566581759,-18824,43867,-28692.4,32584.3,7.3,0.044,44892155,LOCKED
8966,827.585,-401418566547109,41568,104259,-28616.6,33068.9,7.3,0.045,45010964,LOCKED
8967,828.585,-401418566664071,-44779,17912,-28640.3,33353.6,7.5,0.049,44984764,LOCKED
8968,829.585,-401418566643485,5693,68384,-28711.0,32771.1,7.6,0.039,45091475,LOCKED
8969,830.585,-401418566631227,44171,106862,-28662.2,33241.9,7.9,0.013,45194980,LOCKED
8970,831.585,-401418566744629,-38852,23839,-28681.8,33448.2,7.7,0.022,45168944,LOCKED
8971,832.585,-401418566732784,2902,65593,-28747.0,33005.1,7.6,0.001,45268982,LOCKED
8972,833.585,-401418566749308,14980,77671,-28764.9,32890.5,7.6,0.011,45347707,LOCKED
8973,834.585,-401418566743542,46065,108756,-28672.2,33467.4,7.5,0.002,45441885,LOCKED
8974,835.585,-401418566806086,12782,75473,-28722.4,33036.8,7.6,0.008,45467703,LOCKED
8975,836.586,-401418566813483,32367,95058,-28690.8,33271.1,7.7,0.015,45550449,LOCKED
8976,837.586,-401418566832021,38982,101673,-28581.8,33542.4,7.4,0.015,45622274,LOCKED
8977,838.586,-401418566951218,-50216,12475,-28567.8,33303.2,7.5,0.024,45591296,LOCKED
8978,839.585,-401418566939384,-8798,53893,-28603.1,33289.0,7.4,0.029,45696191,LOCKED
8979,840.585,-401418566930826,26587,89278,-28560.1,33483.1,7.5,0.035,45793154,LOCKED
8980,841.586,-401418566931820,51625,114316,-28521.8,33969.1,7.5,0.041,45770382,LOCKED
8981,842.586,-401418567026350,-12462,50229,-28595.5,33773.3,7.5,0.046,45876348,LOCKED
8982,843.586,-401418567012704,27670,90361,-28537.9,33974.5,7.5,0.042,45980030,LOCKED
8983,844.586,-401418567021137,43034,105725,-28376.5,33824.5,7.5,0.046,46060449,LOCKED
8984,845.586,-401418567110237,-16946,45745,-28384.8,33862.2,7.5,0.049,46062425,LOCKED
8985,846.586,-401418567103846,15589,78280,-28300.6,33641.0,7.5,0.052,46158599,LOCKED
8986,847.586,-401418567212611,-59543,3148,-28463.6,34300.1,7.5,0.055,46132792,LOCKED
8987,848.586,-401418567199429,-16521,46170,-28503.7,34362.5,7.9,0.045,46236786,LOCKED
8988,849.586,-401418567187987,20752,83443,-28406.9,34158.1,7.8,0.049,46338414,LOCKED
8989,850.586,-401418567215585,21761,84452,-28453.0,33658.4,7.9,0.039,46308975,LOCKED
8990,851.586,-401418567304770,-36109,26582,-28533.6,33987.5,7.9,0.036,46401251,LOCKED
8991,852.587,-401418567345556,-46063,16628,-28569.8,34385.9,7.9,0.035,46500995,LOCKED
8992,853.587,-401418567278550,44730,107421,-28409.2,34332.5,7.9,0.032,46608607,LOCKED
8993,854.586,-401418567383740,-29287,33404,-28496.2,34451.1,8.2,0.026,46595596,LOCKED
8994,855.587,-401418567341112,37666,100357,-28353.9,34324.2,7.9,0.021,46611069,LOCKED
8995,856.587,-401418567444485,-33645,29046,-28480.2,34232.9,7.9,0.019,46710247,LOCKED
8996,857.587,-401418567418883,19532,82223,-28468.3,34291.9,8.0,0.017,46824644,LOCKED
8997,858.587,-401418567512033,-42733,19958,-28515.8,34714.9,8.0,0.015,46820685,LOCKED
8998,859.587,-401418567498595,-2318,60373,-28436.3,34107.4,8.2,0.010,46926136,LOCKED
8999,860.587,-401418567484000,39691,102382,-28452.2,33889.6,8.4,0.009,47028673,LOCKED
9000,861.587,-401418567597570,-41749,20942,-28563.5,34233.8,8.4,0.007,47002044,LOCKED
9001,862.587,-401418567548954,32250,94941,-28460.8,34327.6,8.4,0.009,47141695,LOCKED
9002,863.586,-401418567565955,39755,102446,-28332.6,34452.8,8.3,0.013,47100998,LOCKED
9003,864.605,-401418567658260,-21284,41407,-28441.4,34128.4,8.3,0.016,47207994,LOCKED
9004,865.587,-401418567640676,22014,84705,-28343.9,33954.9,8.3,0.021,47203598,LOCKED
9005,866.587,-401418567754216,-61232,1459,-28337.8,33834.6,8.4,0.024,47291360,LOCKED
9006,867.587,-401418567749094,-25489,37202,-28407.6,33955.7,8.3,0.028,47385352,LOCKED
9007,868.587,-401418567748795,2221,64912,-28362.3,33805.3,8.5,0.027,47474522,LOCKED
9008,869.587,-401418567747389,31261,93952,-28378.6,33622.7,8.6,0.032,47568985,LOCKED
9009,870.587,-401418567863363,-52682,10009,-28470.4,34375.3,8.7,0.038,47541899,LOCKED
9010,871.587,-401418567850945,-12574,50117,-28411.0,33835.6,8.5,0.045,47641300,LOCKED
9011,872.588,-401418567847691,18668,81359,-28421.4,33766.1,8.5,0.053,47737651,LOCKED
9012,873.587,-401418567855877,36380,99071,-28357.9,34125.6,9.0,0.052,47705424,LOCKED
9013,874.587,-401418567950175,-28601,34090,-28357.4,34120.8,9.4,0.051,47814514,LOCKED
9014,875.587,-401418567921598,27407,90098,-28357.5,34119.7,9.4,0.051,47816013,LOCKED
9015,876.589,-401418568022588,-41729,20962,-28459.9,34512.7,9.4,0.060,47920324,LOCKED
9016,877.588,-401418568021729,-12247,50444,-28447.5,34453.1,9.3,0.071,48010111,LOCKED
9017,878.588,-401418568012719,23008,85699,-28377.5,34518.2,9.3,0.058,48106275,LOCKED
9018,879.588,-401418568120889,-52562,10129,-28497.6,35182.3,9.3,0.059,48087108,LOCKED
9019,880.588,-401418568122515,-23220,39471,-28580.3,35172.8,9.3,0.066,48176386,LOCKED
9020,881.588,-401418568113841,14652,77343,-28635.2,34672.5,9.3,0.073,48274260,LOCKED
9021,882.588,-401418568115642,39772,102463,-28617.2,34861.4,9.3,0.079,48249723,LOCKED
9022,883.588,-401418568215184,-29458,33233,-28651.4,35064.3,9.7,0.055,48351830,LOCKED
9023,884.588,-401418568216646,-253,62438,-28750.1,34228.8,9.7,0.062,48444587,LOCKED
9024,885.588,-401418568283094,-36514,26177,-28759.9,34330.2,9.8,0.055,48465753,LOCKED
9025,886.588,-401418568301778,-23651,39040,-28857.5,34204.9,9.8,0.049,48538514,LOCKED
9026,887.588,-401418568289464,15433,78124,-28780.6,34051.0,10.1,0.031,48637125,LOCKED
9027,888.588,-401418568325518,9537,72228,-28864.3,33177.5,10.1,-0.009,48730649,LOCKED
9028,889.589,-401418568401779,-35017,27674,-28945.7,33480.7,10.7,-0.036,48706976,LOCKED
9029,890.588,-401418568436229,-38811,23880,-28965.1,33683.0,10.5,-0.034,48794129,LOCKED
9030,891.588,-401418568389227,36611,99302,-28999.4,33183.1,10.5,-0.034,48897146,LOCKED
9031,892.588,-401418568483954,-26626,36065,-29077.4,33290.8,10.6,-0.044,48895964,LOCKED
9032,893.589,-401418568484502,2031,64722,-29087.1,33276.2,10.6,-0.055,48984006,LOCKED
9033,894.588,-401418568480876,31590,94281,-28984.6,33352.8,11.0,-0.072,49078547,LOCKED
9034,895.589,-401418568543867,-2136,60555,-28994.9,33350.2,11.0,-0.079,49104233,LOCKED
9035,896.589,-401418568600840,-28741,33950,-29014.5,33493.1,10.9,-0.085,49200303,LOCKED
9036,897.589,-401418568538574,57532,120223,-28864.1,34178.1,10.9,-0.083,49178934,LOCKED
9037,898.589,-401418568628580,-1438,61253,-28968.5,33255.7,10.9,-0.088,49291959,LOCKED
9038,899.589,-401418568612946,41070,103761,-28934.0,33594.8,10.8,-0.086,49399854,LOCKED
9039,900.589,-401418568715908,-31351,31340,-28960.8,33793.0,10.8,-0.089,49383953,LOCKED
9040,901.589,-401418568688682,21753,84444,-28845.4,33390.2,10.7,-0.092,49502670,LOCKED
9041,902.589,-401418568794464,-51002,11689,-28966.0,34015.2,10.6,-0.094,49486424,LOCKED
9042,903.589,-401418568784206,-11738,50953,-28948.5,33924.1,10.9,-0.102,49583195,LOCKED
9043,904.589,-401418568785007,13897,76588,-28848.0,33462.1,10.9,-0.103,49676049,LOCKED
9044,905.589,-401418568866471,-35756,26935,-28934.2,33763.8,10.8,-0.099,49685096,LOCKED
9045,906.589,-401418568863676,-4423,58268,-28907.3,33662.4,10.7,-0.099,49777198,LOCKED
9046,907.589,-401418568851073,36638,99329,-28946.3,33075.2,10.6,-0.095,49880393,LOCKED
9047,908.589,-401418568859083,54482,117173,-28885.0,33788.4,10.5,-0.096,49850867,LOCKED
9048,909.590,-401418568948825,-6672,56019,-28859.3,33675.9,10.4,-0.092,49960074,LOCKED
9049,910.589,-401418568935175,32711,95402,-28760.1,33812.6,10.3,-0.094,50066111,LOCKED
9050,911.589,-401418569051401,-50070,12621,-28907.0,34183.9,10.3,-0.093,50039302,LOCKED
9051,912.590,-401418569039931,-7405,55286,-29007.2,33525.1,10.3,-0.092,50138009,LOCKED
9052,913.590,-401418569032141,26062,88753,-28886.9,33212.5,10.3,-0.094,50238440,LOCKED
9053,914.590,-401418569042939,42276,104967,-28865.1,33460.2,10.3,-0.099,50204353,LOCKED
9054,915.590,-401418569117206,-4292,58399,-28800.7,32997.4,10.3,-0.099,50336797,LOCKED
9055,916.589,-401418569104891,35456,98147,-28792.5,33083.4,10.3,-0.099,50427551,LOCKED
9056,917.590,-401418569216469,-45008,17683,-28831.6,33501.6,10.3,-0.099,50406322,LOCKED
9057,918.590,-401418569213410,-10877,51814,-28923.7,33054.1,10.4,-0.100,50505721,LOCKED
9058,919.590,-401418569216992,13610,76301,-28904.3,33103.9,10.6,-0.108,50586589,LOCKED
9059,920.590,-401418569209410,45463,108154,-28752.3,33205.5,10.8,-0.115,50685787,LOCKED
9060,921.590,-401418569331539,-43495,19196,-28897.1,33306.6,10.8,-0.116,50655090,LOCKED
9061,922.590,-401418569355553,-37240,25451,-28902.5,33367.3,11.2,-0.117,50720268,LOCKED
9062,923.590,-401418569347290,-1640,61051,-28822.7,32749.0,11.1,-0.110,50816333,LOCKED
9063,924.590,-401418569345483,27543,90234,-28797.5,32913.5,11.2,-0.110,50904627,LOCKED
9064,925.590,-401418569448198,-44469,18222,-28817.1,33155.9,11.1,-0.102,50897239,LOCKED
9065,926.590,-401418569442399,-7523,55168,-28919.1,32449.5,11.3,-0.109,50990374,LOCKED
9066,927.591,-401418569442789,20322,83013,-28919.4,32448.0,11.3,-0.108,51085412,LOCKED
9067,928.590,-401418569447974,40922,103613,-28833.5,32902.2,11.3,-0.119,51171440,LOCKED
9068,929.591,-401418569545156,-26987,35704,-28810.0,32649.4,11.4,-0.127,51160534,LOCKED
9069,930.591,-401418569581378,-30663,32028,-28942.7,32342.0,11.3,-0.140,51240675,LOCKED
9070,931.591,-401418569529572,47091,109782,-28873.9,32950.9,11.4,-0.141,51353495,LOCKED
9071,932.591,-401418569628142,-21983,40708,-28867.9,32905.3,11.3,-0.121,51347562,LOCKED
9072,933.590,-401418569607096,24546,87237,-28742.3,32450.0,11.0,-0.070,51457384,LOCKED
9073,934.591,-401418569606245,51096,113787,-28677.8,33126.4,10.5,-0.039,51546661,LOCKED
9074,935.591,-401418569709172,-23106,39585,-28641.6,32740.0,10.4,-0.036,51533914,LOCKED
9075,936.591,-401418569702189,12584,75275,-28665.8,32588.3,10.2,-0.016,51627495,LOCKED
9076,937.592,-401418569693338,46784,108016,-28580.7,33200.9,9.9,0.006,51729519,LOCKED
9077,938.591,-401418569809116,-39157,22075,-28577.2,33156.6,9.5,0.033,51703991,LOCKED
9078,939.591,-401418569783906,14911,76143,-28615.9,32836.5,9.4,0.061,51820453,LOCKED
9079,940.591,-401418569779640,45087,106319,-28557.9,33362.4,9.0,0.061,51912884,LOCKED
9080,941.591,-401418569875242,-21395,39837,-28549.9,33302.5,8.7,0.049,51906513,LOCKED
9081,942.591,-401418569873440,6582,67814,-28444.1,32504.8,8.3,0.051,51996398,LOCKED
9082,943.591,-401418569867386,38854,100086,-28399.4,32880.2,8.3,0.046,52092573,LOCKED
9083,944.592,-401418569979359,-42279,18953,-28449.0,33323.3,7.9,0.040,52066515,LOCKED
9084,945.591,-401418569947906,17294,78526,-28461.6,33239.8,7.8,0.044,52187902,LOCKED
9085,946.591,-401418569980335,12987,74219,-28466.5,33217.2,7.8,0.049,52251583,LOCKED
9086,947.592,-401418570080869,-56050,5182,-28522.2,33917.5,7.8,0.054,52234075,LOCKED
9087,948.592,-401418570074283,-20130,41102,-28528.5,33953.7,7.9,0.058,52328724,LOCKED
9088,949.592,-401418570070629,12296,73528,-28561.0,33736.3,7.7,0.062,52424531,LOCKED
9089,950.592,-401418570069835,40222,101454,-28557.8,33775.4,7.9,0.072,52401428,LOCKED
9090,951.592,-401418570165572,-26401,34831,-28541.1,33613.1,8.2,0.082,52503260,LOCKED
9091,952.591,-401418570160735,7480,68712,-28578.3,33401.7,8.2,0.084,52602215,LOCKED
9092,953.592,-401418570184915,11186,72418,-28562.9,33434.6,8.2,0.086,52665151,LOCKED
9093,954.592,-401418570189709,31682,92914,-28454.8,33463.0,8.0,0.086,52751548,LOCKED
9094,955.593,-401418570276008,-24418,36814,-28499.9,33626.4,8.0,0.083,52753352,LOCKED
9095,956.592,-401418570268025,12305,73537,-28532.2,33408.1,8.3,0.089,52854249,LOCKED
9096,957.592,-401418570267375,36844,98076,-28365.3,32838.0,8.5,0.096,52831008,LOCKED
9097,958.592,-401418570361713,-27304,33928,-28409.5,33045.4,8.8,0.100,52940203,LOCKED
9098,959.592,-401418570344687,15442,76674,-28302.9,32535.3,9.4,0.111,53044003,LOCKED
9099,960.592,-401418570365729,22082,83314,-28309.2,32487.0,10.7,0.121,53009474,LOCKED
9100,961.592,-401418570441271,-24478,36754,-28301.5,32420.1,10.7,0.121,53126244,LOCKED
9101,962.592,-401418570472133,-23699,37533,-28426.2,31935.7,10.9,0.123,53232129,LOCKED
9102,963.592,-401418570538839,-57518,3714,-28549.7,32830.1,10.8,0.121,53208098,LOCKED
9103,964.592,-401418570520841,-10653,50579,-28547.6,32822.3,10.8,0.120,53316239,LOCKED
9104,965.592,-401418570576980,-34404,26828,-28679.1,32691.7,10.9,0.125,53350317,LOCKED
9105,966.593,-401418570562570,8559,69791,-28687.2,32663.5,10.9,0.124,53453856,LOCKED
9106,967.593,-401418570552732,43105,104337,-28563.3,32972.9,10.8,0.127,53552288,LOCKED
9107,968.593,-401418570666730,-41294,19938,-28545.4,32706.4,10.8,0.131,53527570,LOCKED
9108,969.592,-401418570652548,1592,62824,-28555.9,32691.0,10.8,0.134,53630366,LOCKED
9109,970.593,-401418570645498,33640,94872,-28437.0,32680.9,10.7,0.138,53724535,LOCKED
9110,971.593,-401418570755880,-43495,17737,-28601.0,32507.6,10.7,0.142,53704263,LOCKED
9111,972.593,-401418570740050,1375,62607,-28624.9,32444.2,10.6,0.147,53813003,LOCKED
9112,973.593,-401418570737004,30216,91448,-28536.1,32584.9,10.6,0.146,53906362,LOCKED
9113,974.593,-401418570844734,-47148,14084,-28547.5,32745.9,10.6,0.145,53886844,LOCKED
9114,975.593,-401418570795258,28999,90231,-28503.5,32977.6,10.6,0.151,54028339,LOCKED
9115,976.593,-401418570912471,-57083,4149,-28537.6,33488.2,10.6,0.159,53993257,LOCKED
9116,977.594,-401418570906085,-19225,42007,-28649.9,33034.3,10.5,0.168,54094685,LOCKED
9117,978.593,-401418570895419,19347,80579,-28645.5,33059.1,10.5,0.168,54192471,LOCKED
9118,979.593,-401418570897725,42459,103691,-28557.6,33541.9,10.4,0.159,54281489,LOCKED
9119,980.594,-401418571005955,-36322,24910,-28540.9,33325.4,10.3,0.147,54265497,LOCKED
9120,981.594,-401418570992125,7182,68414,-28608.6,32753.9,10.4,0.145,54369353,LOCKED
9121,982.594,-401418570996679,30678,91910,-28632.2,32468.8,10.3,0.133,54458118,LOCKED
9122,983.594,-401418571116636,-56396,4836,-28747.3,33336.2,10.6,0.099,54426386,LOCKED
9123,984.594,-401418571113818,-23838,37394,-28756.4,33396.9,10.8,0.071,54516443,LOCKED
9124,985.593,-401418571075981,41803,103035,-28779.2,33047.2,11.2,0.032,54645750,LOCKED
9125,986.594,-401418571195778,-45261,15971,-28898.2,33473.6,11.0,-0.004,54615251,LOCKED
9126,987.594,-401418571179168,140,61372,-28893.2,33471.5,10.9,-0.012,54718279,LOCKED
9127,988.593,-401418571173294,31749,92981,-28790.8,33553.6,10.9,-0.034,54816710,LOCKED
9128,989.594,-401418571180112,51521,112753,-28768.4,33868.6,10.6,-0.089,54787380,LOCKED
9129,990.594,-401418571288238,-24457,36775,-28893.9,33425.0,10.3,-0.118,54879895,LOCKED
9130,991.594,-401418571280000,10868,72100,-28823.1,33217.4,10.1,-0.167,54982838,LOCKED
9131,992.594,-401418571299117,20498,81730,-28853.5,32935.4,10.0,-0.165,55060227,LOCKED
9132,993.594,-401418571395943,-44726,16506,-28914.2,33462.3,10.0,-0.166,55047214,LOCKED
9133,994.594,-401418571387385,-8084,53148,-28859.9,33057.9,10.1,-0.154,55142895,LOCKED
9134,995.594,-401418571449140,-37227,24005,-28982.3,33147.9,10.0,-0.154,55172704,LOCKED
9135,996.594,-401418571448225,-6846,54386,-28994.7,33160.9,10.3,-0.136,55263108,LOCKED
9136,997.594,-401418571480667,-10869,50363,-28948.3,32803.9,10.3,-0.129,55352018,LOCKED
9137,998.595,-401418571537245,-34420,26812,-29091.5,32507.6,10.3,-0.124,55331027,LOCKED
9138,999.594,-401418571555051,-21714,39518,-29125.2,32639.2,10.6,-0.112,55422110,LOCKED
9139,1000.594,-401418571543604,16455,77687,-29034.4,32362.3,10.7,-0.108,55529752,LOCKED
9140,1001.594,-401418571537362,49308,110540,-28997.4,32824.9,10.6,-0.105,55511745,LOCKED
9141,1002.595,-401418571638732,-21644,39588,-29031.2,32954.6,10.6,-0.108,55612277,LOCKED
9142,1003.594,-401418571622934,20448,81680,-28930.7,32690.4,10.6,-0.106,55717616,LOCKED
9143,1004.595,-401418571626900,43889,105121,-28928.9,32714.9,10.7,-0.115,55692294,LOCKED
9144,1005.595,-401418571692503,6210,67442,-28889.9,32652.9,10.8,-0.118,55830733,LOCKED
9145,1006.595,-401418571714232,12039,73271,-28844.4,32639.4,10.8,-0.120,55903475,LOCKED
9146,1007.595,-401418571714673,39693,100925,-28873.7,32182.2,11.0,-0.113,55874504,LOCKED
9147,1008.595,-401418571803571,-18227,43005,-28946.8,32119.5,11.0,-0.111,55991549,LOCKED
9148,1009.595,-401418571796569,16341,77573,-28906.2,32182.6,11.1,-0.109,56085237,LOCKED
9149,1010.595,-401418571797775,39924,101156,-28770.2,32234.0,11.0,-0.105,56061631,LOCKED
9150,1011.595,-401418571890117,-21266,39966,-28851.9,32179.9,11.1,-0.098,56169130,LOCKED
9151,1012.596,-401418571897699,-192,61040,-28842.0,32170.1,11.7,-0.090,56251762,LOCKED
9152,1013.595,-401418571911240,13763,74995,-28798.7,32190.3,11.8,-0.087,56330734,LOCKED
9153,1014.595,-401418571906849,42693,103925,-28660.4,32337.3,11.9,-0.086,56310557,LOCKED
9154,1015.595,-401418571979765,-880,60352,-28692.5,32250.8,11.7,-0.089,56441353,LOCKED
9155,1016.595,-401418572003209,3485,64717,-28654.9,32161.5,11.7,-0.085,56504034,LOCKED
9156,1017.595,-401418572002402,29181,90413,-28518.3,31723.2,11.6,-0.081,56595133,LOCKED
9157,1018.595,-401418572013740,43771,105003,-28463.9,32229.0,11.5,-0.078,56562984,LOCKED
9158,1019.595,-401418572116930,-30058,31174,-28457.9,32167.2,11.1,-0.068,56659119,LOCKED
9159,1020.596,-401418572111856,1844,63076,-28380.8,31655.4,10.0,-0.052,56753186,LOCKED
9160,1021.595,-401418572110294,29788,91020,-28332.2,31911.7,10.1,-0.052,56844807,LOCKED
9161,1022.596,-401418572229616,-57101,4131,-28438.7,32836.4,9.9,-0.045,56811328,LOCKED
9162,1023.596,-401418572224205,-20266,40966,-28551.7,32400.2,9.8,-0.038,56907610,LOCKED
9163,1024.596,-401418572228591,3695,64927,-28547.8,32403.5,9.8,-0.036,56992364,LOCKED
9164,1025.595,-401418572318943,-53364,7868,-28692.2,32969.3,9.7,-0.028,56995237,LOCKED
9165,1026.596,-401418572321923,-26192,35040,-28720.3,33131.8,9.7,-0.025,57081373,LOCKED
9166,1027.596,-401418572320885,1717,62949,-28632.3,32471.4,9.7,-0.023,57170827,LOCKED
9167,1028.596,-401418572324282,26314,87546,-28644.7,32350.5,10.0,-0.019,57255766,LOCKED
9168,1029.597,-401418572428284,-46121,15111,-28711.6,32933.2,10.0,-0.015,57240889,LOCKED
9169,1030.596,-401418572428978,-18349,42883,-28668.9,32514.7,10.1,-0.010,57334376,LOCKED
9170,1031.596,-401418572428804,11035,72267,-28713.9,32165.1,10.3,-0.013,57427543,LOCKED
9171,1032.596,-401418572518926,-47286,13946,-28786.9,32790.8,11.0,-0.002,57423384,LOCKED
9172,1033.597,-401418572533751,-32364,28868,-28780.1,32716.5,11.0,0.007,57497934,LOCKED
9173,1034.596,-401418572519089,11737,72969,-28832.1,32269.8,11.2,0.020,57600003,LOCKED
9174,1035.596,-401418572594625,-33843,27389,-28831.0,32257.5,11.4,-0.015,57613805,LOCKED
9175,1036.597,-401418572624821,-31161,30071,-28978.1,31736.5,11.5,-0.045,57712057,LOCKED
9176,1037.597,-401418572577831,42631,103863,-28942.1,32119.9,11.6,-0.073,57813876,LOCKED
9177,1038.597,-401418572678157,-27465,33767,-28959.7,32248.7,11.7,-0.084,57805248,LOCKED
9178,1039.597,-401418572664355,12823,74055,-28859.4,31729.2,11.6,-0.111,57906523,LOCKED
9179,1040.597,-401418572657109,46797,108029,-28832.6,32075.7,11.7,-0.122,57892098,LOCKED
9180,1041.597,-401418572753282,-19563,41669,-28848.2,32153.0,11.7,-0.133,57999681,LOCKED
9181,1042.597,-401418572761609,-271,60961,-28787.3,31799.8,11.6,-0.152,58082110,LOCKED
9182,1043.597,-401418572771765,18958,80190,-28848.3,31057.8,11.8,-0.132,58159395,LOCKED
9183,1044.597,-401418572768927,48189,109421,-28807.9,31555.5,11.8,-0.127,58252506,LOCKED
9184,1045.597,-401418572855854,-10667,50565,-28753.9,31082.7,11.8,-0.110,58256077,LOCKED
9185,1046.597,-401418572853051,21100,82332,-28799.4,30553.1,11.8,-0.108,58349191,LOCKED
9186,1047.598,-401418572858293,41893,103125,-28733.3,31073.0,11.9,-0.098,58319257,LOCKED
9187,1048.597,-401418572955258,-25680,35552,-28722.8,30971.7,11.9,-0.096,58425677,LOCKED
9188,1049.597,-401418572948208,7609,68841,-28613.4,30081.5,11.7,-0.095,58522977,LOCKED
9189,1050.597,-401418572957034,26302,87534,-28603.4,30163.2,11.8,-0.086,58602466,LOCKED
9190,1051.597,-401418573064172,-49361,11871,-28662.3,30825.0,11.6,-0.086,58588372,LOCKED
9191,1052.597,-401418573041741,799,62031,-28617.8,30643.4,11.6,-0.087,58697973,LOCKED
9192,1053.597,-401418573039535,30962,92194,-28636.9,30403.9,11.6,-0.087,58791479,LOCKED
9193,1054.597,-401418573153857,-50950,10282,-28737.5,31168.8,11.5,-0.087,58764310,LOCKED
9194,1055.597,-401418573115576,16416,77648,-28781.9,30729.9,11.6,-0.094,58889807,LOCKED
9195,1056.598,-401418573120993,37673,98905,-28741.1,31091.7,11.4,-0.087,58978780,LOCKED
9196,1057.598,-401418573240563,-49109,8409,-28858.3,31707.6,11.4,-0.086,58949624,LOCKED
9197,1058.598,-401418573237109,-14090,43428,-28967.9,31077.1,11.4,-0.086,59041342,LOCKED
9198,1059.598,-401418573228502,23329,80847,-28999.1,30734.6,11.2,-0.079,59142500,LOCKED
9199,1060.598,-401418573330688,-46525,10993,-29085.4,31375.1,11.1,-0.078,59129191,LOCKED
9200,1061.597,-401418573330642,-17288,40230,-29061.8,31184.3,11.2,-0.080,59219027,LOCKED
9201,1062.598,-401418573325784,16884,74402,-29102.4,30792.4,11.2,-0.081,59317616,LOCKED
9202,1063.598,-401418573313782,54128,111646,-29002.8,31655.5,10.9,-0.084,59414244,LOCKED
9203,1064.597,-401418573445583,-46500,11018,-29032.0,32023.6,10.9,-0.084,59374173,LOCKED
9204,1065.598,-401418573410475,16703,74221,-29013.7,32092.5,11.0,-0.088,59496776,LOCKED
9205,1066.598,-401418573428684,25681,83199,-28966.7,32281.0,11.0,-0.090,59576144,LOCKED
9206,1067.598,-401418573438709,40699,98217,-28841.6,32485.1,10.7,-0.084,59537726,LOCKED
9207,1068.598,-401418573549243,-37467,20051,-28952.6,32693.6,10.7,-0.081,59631051,LOCKED
9208,1069.598,-401418573560849,-19046,38472,-28973.7,32782.0,10.6,-0.079,59710812,LOCKED
9209,1070.598,-401418573538631,28903,86421,-28862.4,32680.4,10.6,-0.076,59817062,LOCKED
9210,1071.599,-401418573636401,-36555,20963,-28971.1,32873.9,10.3,-0.069,59808863,LOCKED
9211,1072.599,-401418573641202,-11341,46177,-29003.5,32895.7,9.4,-0.055,59894401,LOCKED
9212,1073.599,-401418573634199,22814,80332,-28950.5,33025.9,8.9,-0.044,59995085,LOCKED
9213,1074.599,-401418573629937,50981,108499,-28787.3,33256.2,8.9,-0.040,59973951,LOCKED
9214,1075.599,-401418573686453,21650,79168,-28744.6,33383.9,8.8,-0.034,60119277,LOCKED
9215,1076.599,-401418573791714,-51597,5921,-28819.4,34089.6,8.7,-0.028,60103241,LOCKED
9216,1077.598,-401418573767604,0,57518,-28753.9,33709.7,8.6,-0.020,60219581,LOCKED
9217,1078.599,-401418573758961,33052,90570,-28595.3,33102.3,8.6,-0.020,60317689,LOCKED
9218,1079.599,-401418573865195,-41286,16232,-28688.8,33533.9,8.5,-0.012,60302733,LOCKED
9219,1080.599,-401418573843901,7484,65002,-28641.6,33445.6,8.8,-0.000,60413016,LOCKED
9220,1081.599,-401418573846103,30010,87528,-28499.2,32966.8,8.9,0.003,60503204,LOCKED
9221,1082.599,-401418573863476,39626,97144,-28491.0,33064.1,8.6,0.015,60458997,LOCKED
9222,1083.598,-401418573966454,-32525,24993,-28551.6,33356.6,8.7,0.020,60557355,LOCKED
9223,1084.599,-401418573964224,-2323,55195,-28519.3,33238.4,8.7,0.032,60648624,LOCKED
9224,1085.599,-401418574047335,-51891,5627,-28679.8,33547.1,8.7,0.036,60654701,LOCKED
9225,1086.600,-401418574060160,-33073,24445,-28770.4,33752.2,8.7,0.041,60731951,LOCKED
9226,1087.599,-401418574069717,-13250,44268,-28778.3,33779.2,8.3,0.061,60814802,LOCKED
9227,1088.600,-401418574060523,21972,79490,-28679.7,33590.0,8.4,0.069,60910452,LOCKED
9228,1089.599,-401418574060477,48664,106182,-28660.8,33845.0,8.5,0.058,60889861,LOCKED
9229,1090.599,-401418574165883,-25894,31624,-28725.2,33995.4,8.5,0.064,60985012,LOCKED
9230,1091.600,-401418574157441,9993,67511,-28678.9,33949.5,8.6,0.041,61083679,LOCKED
9231,1092.600,-401418574157986,37099,94617,-28690.2,33808.0,8.3,0.015,61170483,LOCKED
9232,1093.599,-401418574166196,54881,112399,-28649.0,34356.3,8.3,0.022,61139493,LOCKED
9233,1094.600,-401418574265410,-15054,42464,-28654.9,34380.4,8.2,0.010,61243980,LOCKED
9234,1095.600,-401418574260084,18860,76378,-28683.0,34148.3,8.1,0.014,61337473,LOCKED
9235,1096.600,-401418574269282,37124,94642,-28684.9,34126.9,8.1,0.030,61306496,LOCKED
9236,1097.600,-401418574366635,-30699,26819,-28675.3,34027.9,8.1,0.021,61412806,LOCKED
9237,1098.600,-401418574368241,-2258,55260,-28739.0,33713.5,8.0,0.023,61499507,LOCKED
9238,1099.600,-401418574383631,10169,67687,-28710.6,33731.8,7.9,0.025,61581341,LOCKED
9239,1100.600,-401418574461013,-37425,20093,-28701.2,33614.5,8.4,0.008,61555389,LOCKED
9240,1101.600,-401418574486822,-31518,26000,-28796.9,33740.8,8.4,0.018,61650042,LOCKED
9241,1102.600,-401418574474796,8877,66395,-28790.6,33754.6,8.5,0.026,61753344,LOCKED
9242,1103.600,-401418574548509,-34144,23374,-28827.3,34023.9,8.5,0.018,61841084,LOCKED
9243,1104.600,-401418574577511,-33574,23944,-28807.9,33788.8,8.5,0.018,61827847,LOCKED
9244,1105.600,-401418574529235,41066,98584,-28756.2,34209.8,8.5,0.012,61964551,LOCKED
9245,1106.600,-401418574638207,-37292,20226,-28785.4,34468.8,8.5,0.013,61947888,LOCKED
9246,1107.600,-401418574679677,-48203,9315,-28792.2,34565.6,8.4,0.020,62031774,LOCKED
9247,1108.600,-401418574630451,28628,86146,-28781.5,34648.8,8.4,0.021,62138783,LOCKED
9248,1109.601,-401418574737741,-47063,10455,-28841.7,35190.6,8.4,0.021,62122040,LOCKED
9249,1110.601,-401418574718335,42,57560,-28785.5,34921.5,8.4,0.019,62227809,LOCKED
9250,1111.601,-401418574703888,41932,99450,-28789.4,34871.3,8.4,0.019,62337689,LOCKED
9251,1112.601,-401418574819070,-41753,15765,-28853.0,35321.3,9.0,0.029,62308820,LOCKED
9252,1113.601,-401418574820036,-14147,43371,-28815.6,35044.3,9.1,0.033,62399214,LOCKED
9253,1114.601,-401418574801618,32538,90056,-28842.9,34712.9,9.3,0.037,62506140,LOCKED
9254,1115.601,-401418574887761,-23713,33805,-28854.9,34786.7,9.3,0.039,62506351,LOCKED
9255,1116.602,-401418574893714,-2113,55405,-28787.4,34347.9,9.1,0.042,62590816,LOCKED
9256,1117.601,-401418574904268,16653,74171,-28841.3,33814.6,9.3,0.045,62673664,LOCKED
9257,1118.601,-401418574902629,44662,102180,-28794.3,34268.9,9.4,0.049,62766595,LOCKED
9258,1119.601,-401418575017827,-39691,17827,-28828.9,34584.4,9.3,0.050,62741872,LOCKED
9259,1120.601,-401418574998725,9486,67004,-28906.0,33838.5,9.3,0.051,62848253,LOCKED
9260,1121.601,-401418574995327,40002,97520,-28884.8,34061.9,9.2,0.048,62943086,LOCKED
9261,1122.602,-401418575102313,-35800,21718,-28938.2,34399.4,9.4,0.050,62924674,LOCKED
9262,1123.601,-401418575093247,548,58066,-28857.6,33843.0,9.5,0.053,63023187,LOCKED
9263,1124.601,-401418575065041,55678,113196,-28855.4,33881.7,9.5,0.054,63135977,LOCKED
9264,1125.601,-401418575146545,2573,60091,-28837.2,33867.1,9.5,0.050,63149798,LOCKED
9265,1126.602,-401418575172986,4012,61530,-28796.8,33772.6,9.7,0.050,63215789,LOCKED
9266,1127.601,-401418575170756,31451,88969,-28672.8,33621.1,9.8,0.052,63304425,LOCKED
9267,1128.601,-401418575180558,48340,105858,-28655.9,33849.9,9.8,0.053,63269987,LOCKED
9268,1129.602,-401418575268139,-9142,48376,-28711.7,33732.7,9.9,0.055,63382915,LOCKED
9269,1130.602,-401418575263761,21512,79030,-28627.7,33668.9,10.0,0.057,63480548,LOCKED
9270,1131.602,-401418575271687,40807,98325,-28626.6,33683.2,10.1,0.051,63445969,LOCKED
9271,1132.602,-401418575371046,-27390,30128,-28705.6,33802.8,10.5,0.055,63549086,LOCKED
9272,1133.602,-401418575403582,-29718,27800,-28730.0,33974.9,10.6,0.059,63605947,LOCKED
9273,1134.602,-401418575397912,2749,60267,-28639.5,33322.9,10.5,0.052,63706949,LOCKED
9274,1135.602,-401418575454892,-24744,32774,-28639.9,33326.4,10.6,0.057,63735315,LOCKED
9275,1136.603,-401418575449117,10753,68271,-28711.1,32622.3,10.6,0.061,63831219,LOCKED
9276,1137.602,-401418575440067,45415,102933,-28634.4,33199.4,10.6,0.056,63931469,LOCKED
9277,1138.602,-401418575553060,-37647,19871,-28635.4,33210.9,10.8,0.036,63908830,LOCKED
9278,1139.602,-401418575551002,-5193,52325,-28713.3,32787.6,10.8,0.037,64000801,LOCKED
9279,1140.602,-401418575552592,20244,77762,-28664.1,32885.4,10.4,0.012,64086462,LOCKED
9280,1141.602,-401418575595606,4325,61843,-28594.2,32534.4,10.3,0.000,64170854,LOCKED
9281,1142.603,-401418575662564,-33472,24046,-28566.2,32158.2,10.7,-0.026,64166455,LOCKED
9282,1143.602,-401418575638758,18430,75948,-28573.9,32106.9,10.6,-0.053,64268809,LOCKED
9283,1144.602,-401418575646108,36839,94357,-28496.8,32479.9,10.6,-0.049,64243541,LOCKED
9284,1145.603,-401418575709867,2997,60515,-28571.7,31884.2,10.6,-0.048,64382355,LOCKED
9285,1146.603,-401418575698692,41065,98583,-28557.6,32056.0,10.6,-0.048,64480531,LOCKED
9286,1147.603,-401418575799097,-28285,29233,-28633.2,32222.2,10.6,-0.044,64470381,LOCKED
9287,1148.603,-401418575787859,10135,67653,-28578.7,32126.1,10.5,-0.043,64566726,LOCKED
9288,1149.603,-401418575782013,39949,97467,-28418.6,31825.4,10.6,-0.028,64667840,LOCKED
9289,1150.603,-401418575890787,-37091,20427,-28519.8,32099.6,10.6,-0.026,64643166,LOCKED
9290,1151.603,-401418575884613,-2694,54824,-28500.7,32048.6,10.6,-0.032,64744267,LOCKED
9291,1152.603,-401418575878843,28110,85628,-28377.1,31757.6,10.6,-0.030,64725245,LOCKED
9292,1153.603,-401418575963233,-28306,29212,-28310.1,30688.0,10.6,-0.036,64841333,LOCKED
9293,1154.603,-401418575965598,-2181,55337,-28315.3,30689.2,10.8,-0.027,64928797,LOCKED
9294,1155.603,-401418576041314,-47449,10069,-28341.1,31041.7,11.0,-0.019,64941900,LOCKED
9295,1156.603,-401418576031735,-10658,46860,-28267.8,30247.9,10.8,-0.017,65042379,LOCKED
9296,1157.603,-401418576025313,22915,80433,-28251.0,30353.4,10.7,-0.017,65133743,LOCKED
9297,1158.603,-401418576034706,38617,96135,-28160.2,30751.1,10.9,-0.010,65103160,LOCKED
9298,1159.603,-401418576127476,-25244,32274,-28155.0,30703.0,10.9,-0.010,65212576,LOCKED
9299,1160.603,-401418576115846,14260,71778,-28164.9,30644.8,10.5,-0.017,65307851,LOCKED
9300,1161.603,-401418576127460,29422,86940,-28145.7,30802.5,10.4,-0.015,65275999,LOCKED
9301,1162.603,-401418576165981,17092,74610,-28078.0,30751.6,10.4,-0.017,65329609,LOCKED
9302,1163.603,-401418576180949,28972,86490,-28065.9,30857.5,10.3,-0.022,65401335,LOCKED
9303,1164.603,-401418576282519,-40854,16664,-28178.6,31189.7,10.3,-0.022,65499718,LOCKED
9304,1165.603,-401418576252042,14981,72499,-28064.9,30512.9,10.2,-0.023,65624800,LOCKED
9305,1166.603,-401418576266247,27866,85384,-28063.4,30527.1,10.6,-0.030,65584463,LOCKED
9306,1167.603,-401418576370972,-44246,13272,-28213.4,30603.0,10.5,-0.026,65680653,LOCKED
9307,1168.603,-401418576361802,-7472,50046,-28171.0,30316.0,10.7,-0.022,65778481,LOCKED
9308,1169.603,-401418576360416,22165,79683,-28211.9,29832.0,10.8,-0.024,65867849,LOCKED
9309,1170.603,-401418576486698,-70961,0,-28336.7,31349.6,10.7,-0.027,65835208,LOCKED
9310,1171.603,-401418576492716,-46812,24149,-28348.7,31523.5,10.7,-0.027,65917034,LOCKED
9311,1172.603,-401418576477033,-1075,69886,-28430.8,30905.9,10.1,-0.018,66016726,LOCKED
9312,1173.604,-401418576482019,21632,92593,-28430.5,30907.7,10.2,-0.010,65989696,LOCKED
9313,1174.604,-401418576588809,-53860,17101,-28481.8,31584.6,10.2,-0.003,66087419,LOCKED
9314,1175.604,-401418576543365,19869,90830,-28505.2,31376.7,10.2,0.004,66217845,LOCKED
9315,1176.604,-401418576569165,21516,92477,-28489.0,31468.3,10.3,0.006,66284177,LOCKED
9316,1177.604,-401418576595283,22148,93109,-28440.4,31602.7,10.2,0.013,66236123,LOCKED
9317,1178.604,-401418576699464,-51335,19626,-28465.9,31973.8,10.1,0.021,66332407,LOCKED
9318,1179.604,-401418576712014,-31476,39485,-28607.3,31559.2,10.2,0.016,66422800,LOCKED
9319,1180.604,-401418576692460,15801,86762,-28590.2,31621.5,10.4,0.018,66518889,LOCKED
9320,1181.604,-401418576798414,-58430,12531,-28646.8,32408.4,10.5,0.019,66503232,LOCKED
9321,1182.605,-401418576789596,-17853,53108,-28770.2,31707.6,10.3,0.029,66605214,LOCKED
9322,1183.604,-401418576770822,28392,99353,-28753.6,31837.4,10.1,0.040,66710291,LOCKED
9323,1184.605,-401418576883024,-52733,18228,-28779.9,32228.4,10.2,0.041,66685602,LOCKED
9324,1185.605,-401418576833755,24145,95106,-28762.6,32336.8,10.2,0.053,66827552,LOCKED
9325,1186.604,-401418576843952,40336,111297,-28713.1,32756.4,10.1,0.045,66911741,LOCKED
9326,1187.605,-401418576951094,-36264,34697,-28742.5,33018.9,11.1,0.053,66891892,LOCKED
9327,1188.605,-401418576942176,23,70984,-28675.1,32603.2,11.6,0.050,66990985,LOCKED
9328,1189.605,-401418576935333,33822,104783,-28646.9,32836.6,12.0,0.032,67083151,LOCKED
9329,1190.605,-401418577053123,-52231,18730,-28711.8,33530.1,11.9,0.015,67062545,LOCKED
9330,1191.605,-401418577041093,-11916,59045,-28670.9,33226.9,11.9,0.017,67161777,LOCKED
9331,1192.605,-401418577054864,3905,74866,-28722.8,32919.1,11.4,-0.014,67238377,LOCKED
9332,1193.604,-401418577081419,6993,77954,-28779.7,32494.1,11.4,-0.017,67299016,LOCKED
9333,1194.605,-401418577083373,31870,102831,-28736.9,32765.2,11.5,-0.005,67276381,LOCKED
9334,1195.605,-401418577158904,-12783,58178,-28820.9,32462.5,11.4,-0.013,67404663,LOCKED
9335,1196.605,-401418577164109,10243,81204,-28809.0,32489.0,11.5,-0.033,67488732,LOCKED
9336,1197.605,-401418577179698,20785,91746,-28712.0,32272.0,11.3,-0.062,67560644,LOCKED
9337,1198.605,-401418577186068,41875,112836,-28720.2,32152.9,11.1,-0.057,67533642,LOCKED
9338,1199.605,-401418577293214,-33589,37372,-28809.9,32387.2,11.1,-0.055,67628059,LOCKED
9339,1200.605,-401418577294604,-6009,64952,-28807.7,32382.5,11.1,-0.054,67714973,LOCKED
9340,1201.605,-401418577278589,36512,107473,-28755.4,32747.4,11.2,-0.043,67820463,LOCKED
9341,1202.606,-401418577393915,-45336,25625,-28912.1,32780.2,10.8,-0.030,67796502,LOCKED
9342,1203.605,-401418577385329,-7462,63499,-28918.1,32791.4,10.7,-0.020,67897371,LOCKED
9343,1204.605,-401418577370863,32733,103694,-28815.9,32908.3,10.6,-0.013,67999457,LOCKED
9344,1205.605,-401418577475598,-40164,30797,-28897.5,33345.9,10.6,-0.007,67986234,LOCKED
9345,1206.605,-401418577484998,-20383,50578,-28877.5,33180.9,10.6,-0.009,68067128,LOCKED
9346,1207.606,-401418577473420,20043,91004,-28909.4,32884.6,10.6,-0.004,68165456,LOCKED
9347,1208.606,-401418577476506,42885,113846,-28834.3,33396.3,10.6,-0.006,68143768,LOCKED
9348,1209.606,-401418577578880,-29866,41095,-28823.3,33281.5,10.6,-0.002,68242319,LOCKED
9349,1210.606,-401418577562254,15981,86942,-28869.5,32852.6,10.8,-0.010,68352264,LOCKED
9350,1211.606,-401418577594072,12508,83469,-28864.6,32870.2,10.6,-0.015,68319902,LOCKED
9351,1212.606,-401418577665814,-29219,41742,-28872.4,32938.1,10.4,-0.019,68426012,LOCKED
9352,1213.606,-401418577658875,7168,78129,-28912.7,32697.8,10.4,-0.019,68520458,LOCKED
9353,1214.606,-401418577756033,-56926,14035,-29022.0,33591.2,10.4,-0.015,68517124,LOCKED
9354,1215.606,-401418577706741,21814,92775,-29079.3,32899.3,10.4,-0.013,68654937,LOCKED
9355,1216.606,-401418577803190,-41965,28996,-29185.9,33290.9,10.6,-0.019,68625412,LOCKED
9356,1217.606,-401418577820904,-28975,41986,-29212.3,33469.0,10.8,-0.021,68720794,LOCKED
9357,1218.606,-401418577805910,13118,84079,-29130.2,33202.5,10.9,-0.027,68826672,LOCKED
9358,1219.607,-401418577803115,43018,113979,-29102.3,33510.6,10.7,-0.032,68805318,LOCKED
9359,1220.606,-401418577902673,-26095,44866,-29124.8,33649.4,10.9,-0.036,68910759,LOCKED
9360,1221.606,-401418577889235,14372,85333,-29045.7,33446.2,10.7,-0.042,69013027,LOCKED
9361,1222.607,-401418577900173,29570,100531,-28951.9,33529.3,11.0,-0.053,69091804,LOCKED
9362,1223.607,-401418577920957,33929,104890,-28821.2,33391.6,11.0,-0.055,69163563,LOCKED
9363,1224.607,-401418578020339,-33314,37647,-28928.8,33480.2,11.0,-0.055,69149595,LOCKED
9364,1225.606,-401418577974598,37728,108689,-28813.3,33653.0,11.1,-0.056,69285234,LOCKED
9365,1226.607,-401418577991451,44920,115881,-28653.7,33623.7,10.5,-0.070,69246957,LOCKED
9366,1227.607,-401418578090197,-22696,48265,-28737.6,33591.2,10.7,-0.074,69351301,LOCKED
9367,1228.607,-401418578084031,11074,82035,-28700.3,33596.4,10.8,-0.073,69446573,LOCKED
9368,1229.607,-401418578090808,29473,100434,-28576.1,33364.4,11.1,-0.083,69416201,LOCKED
9369,1230.607,-401418578195746,-42093,28868,-28741.8,33093.9,11.1,-0.087,69515877,LOCKED
9370,1231.607,-401418578193164,-8908,62053,-28818.5,32776.5,11.3,-0.091,69604507,LOCKED
9371,1232.607,-401418578188930,22343,93304,-28767.2,32903.1,11.4,-0.095,69704240,LOCKED
9372,1233.607,-401418578303540,-60437,10524,-28817.1,33631.8,11.4,-0.092,69676101,LOCKED
9373,1234.607,-401418578297906,-22766,48195,-28937.5,33193.2,11.4,-0.089,69769010,LOCKED
9374,1235.607,-401418578273394,27873,98834,-28845.7,33242.7,11.4,-0.084,69772944,LOCKED
9375,1236.607,-401418578371990,-40161,30800,-28863.1,33436.4,11.4,-0.081,69876370,LOCKED
9376,1237.607,-401418578366996,-7015,63946,-28816.5,33136.9,11.6,-0.085,69972697,LOCKED
9377,1238.607,-401418578366110,22534,93495,-28846.5,32839.3,11.6,-0.079,70066016,LOCKED
9378,1239.607,-401418578474308,-52279,18682,-28982.6,33421.6,11.5,-0.073,70043168,LOCKED
9379,1240.607,-401418578469450,-17893,53068,-28979.6,33403.9,11.6,-0.069,70139478,LOCKED
9380,1241.608,-401418578464472,16909,87870,-29049.3,32587.0,11.3,-0.081,70235162,LOCKED
9381,1242.608,-401418578467365,41002,111963,-29016.1,32922.5,11.3,-0.082,70319781,LOCKED
9382,1243.608,-401418578583595,-44060,26901,-29048.5,33280.8,11.5,-0.069,70294867,LOCKED
9383,1244.608,-401418578569733,837,71798,-29147.6,32356.9,11.5,-0.059,70399295,LOCKED
9384,1245.608,-401418578647108,-44879,26082,-29196.3,32843.8,11.6,-0.036,70414577,LOCKED
9385,1246.607,-401418578649486,-18076,52885,-29165.4,32576.7,11.5,-0.041,70505213,LOCKED
9386,1247.608,-401418578648216,12904,83865,-29213.7,32158.2,10.8,-0.011,70594280,LOCKED
9387,1248.608,-401418578713857,-21839,49122,-29260.2,32288.5,10.9,-0.005,70688621,LOCKED
9388,1249.608,-401418578744039,-22292,48669,-29246.1,32167.3,10.5,0.021,70676693,LOCKED
9389,1250.608,-401418578731077,20518,91479,-29309.8,31349.8,10.7,0.008,70776577,LOCKED
9390,1251.608,-401418578727243,50798,121759,-29253.7,31998.4,11.0,-0.017,70872199,LOCKED
9391,1252.608,-401418578841613,-31994,38967,-29314.7,32289.7,11.0,-0.026,70845783,LOCKED
9392,1253.609,-401418578855145,-15111,55850,-29343.6,32354.3,11.0,-0.036,70924021,LOCKED
9393,1254.608,-401418578839727,26876,97837,-29251.9,32376.5,10.9,-0.044,71032371,LOCKED
9394,1255.608,-401418578912702,-15146,55815,-29310.3,32347.8,10.7,-0.042,71044376,LOCKED
9395,1256.608,-401418578892487,32006,102967,-29247.0,32633.7,10.6,-0.039,71154324,LOCKED
9396,1257.609,-401418578894277,54955,125916,-29116.9,33374.1,10.6,-0.036,71135479,LOCKED
9397,1258.608,-401418578989791,-12207,58754,-29058.9,32845.0,10.7,-0.034,71240080,LOCKED
9398,1259.608,-401418578971585,33782,104743,-29052.5,32910.9,10.7,-0.032,71349845,LOCKED
9399,1260.609,-401418579063951,-27500,43461,-29106.6,33119.0,10.7,-0.031,71349069,LOCKED
9400,1261.608,-401418579046525,16442,87403,-29006.6,32733.6,10.5,-0.028,71455116,LOCKED
9401,1262.608,-401418579038511,51397,122358,-28990.7,32972.0,10.4,-0.025,71551838,LOCKED
9402,1263.608,-401418579142833,-22182,48779,-29039.9,33099.7,10.2,-0.022,71541999,LOCKED
9403,1264.609,-401418579130615,16621,87582,-28946.9,32805.6,10.0,-0.019,71638783,LOCKED
9404,1265.609,-401418579212030,-32309,38652,-29067.0,32730.0,9.9,-0.016,71651081,LOCKED
9405,1266.609,-401418579202631,6431,77392,-29091.2,32626.2,9.9,-0.018,71748926,LOCKED
9406,1267.609,-401418579186045,48078,119039,-28973.1,33170.1,9.9,-0.010,71854283,LOCKED
9407,1268.610,-401418579209823,48202,119163,-28804.1,33170.1,9.9,-0.009,71808232,LOCKED
9408,1269.609,-401418579297553,-9350,61611,-28856.1,33079.8,9.8,-0.008,71926285,LOCKED
9409,1270.609,-401418579277746,35975,106936,-28751.9,33286.7,9.9,-0.006,72036323,LOCKED
9410,1271.609,-401418579389720,-44951,26010,-28789.9,33693.7,10.1,-0.001,72012837,LOCKED
9411,1272.609,-401418579376255,-1866,69095,-28827.6,33588.8,10.2,-0.002,72113490,LOCKED
9412,1273.609,-401418579361669,38357,109318,-28734.6,33931.8,10.2,-0.003,72220499,LOCKED
9413,1274.610,-401418579476031,-42485,28476,-28899.1,33705.0,10.2,-0.001,72190578,LOCKED
9414,1275.609,-401418579437754,22360,93321,-28821.8,33712.3,10.0,0.005,72321067,LOCKED
9415,1276.609,-401418579438224,48866,119827,-28812.5,33846.2,9.9,0.010,72299260,LOCKED
9416,1277.609,-401418579525574,-7917,63044,-28885.5,33551.7,9.8,0.007,72412639,LOCKED
9417,1278.609,-401418579513144,30976,101937,-28818.1,33799.0,9.8,0.003,72513471,LOCKED
9418,1279.609,-401418579510381,57131,128092,-28646.5,34233.8,9.8,-0.002,72494197,LOCKED
9419,1280.610,-401418579616539,-18212,52749,-28722.8,34150.6,9.8,0.000,72587757,LOCKED
9420,1281.610,-401418579634365,-7321,63640,-28710.3,34108.7,9.8,-0.004,72679045,LOCKED
9421,1282.610,-401418579694448,-37276,33685,-28717.8,34190.4,9.8,-0.002,72663241,LOCKED
9422,1283.610,-401418579740596,-52545,18416,-28736.5,34461.3,9.5,-0.014,72738175,LOCKED
9423,1284.610,-401418579745182,-25623,45338,-28830.1,34431.0,9.9,-0.012,72821902,LOCKED
9424,1285.610,-401418579745986,781,71742,-28751.6,33909.1,9.7,-0.001,72951464,LOCKED
9425,1286.610,-401418579816751,-40517,30444,-28719.3,33406.1,9.7,-0.006,72930151,LOCKED
9426,1287.610,-401418579851405,-43151,27810,-28809.6,33897.0,9.7,-0.013,73024817,LOCKED
9427,1288.610,-401418579795951,37624,108585,-28700.8,34118.7,9.9,-0.017,73132922,LOCKED
9428,1289.611,-401418579892893,-30274,40687,-28667.2,33703.8,9.9,-0.032,73127432,LOCKED
9429,1290.610,-401418579881407,10053,0,-28692.5,33567.0,10.7,-0.022,73230045,LOCKED
9430,1291.611,-401418579972817,-49421,0,-28769.7,34223.4,10.7,-0.030,73228853,LOCKED
9431,1292.611,-401418579928995,20429,69850,-28668.9,33964.9,11.0,-0.034,73364973,LOCKED
9432,1293.612,-401418579930569,45953,95374,-28668.2,33974.2,11.0,-0.041,73334066,LOCKED
9433,1294.610,-401418580018735,-12237,37184,-28712.1,33970.3,11.1,-0.059,73449036,LOCKED
9434,1295.610,-401418579989230,41687,91108,-28570.5,34027.2,11.5,-0.091,73459748,LOCKED
9435,1296.611,-401418580082475,-20602,28819,-28653.5,33948.5,11.5,-0.088,73570648,LOCKED
9436,1297.610,-401418580071029,18086,67507,-28614.2,34032.2,11.4,-0.116,73671675,LOCKED
9437,1298.611,-401418580171623,-51549,0,-28643.6,34422.4,11.7,-0.143,73657409,LOCKED
9438,1299.611,-401418580166381,-15041,36508,-28747.5,33956.3,11.7,-0.155,73753813,LOCKED
9439,1300.611,-401418580156583,22450,73999,-28733.1,34038.2,11.7,-0.149,73852839,LOCKED
9440,1301.611,-401418580161162,42930,94479,-28623.9,34434.2,11.8,-0.173,73824720,LOCKED
9441,1302.611,-401418580253095,-20651,30898,-28576.1,33929.9,11.9,-0.192,73933469,LOCKED
9442,1303.611,-401418580247697,13695,65244,-28617.2,33604.4,11.6,-0.211,74027986,LOCKED
9443,1304.611,-401418580249931,37363,88912,-28546.0,33982.5,11.5,-0.225,74004901,LOCKED
9444,1305.611,-401418580307786,8998,60547,-28607.5,33474.7,11.0,-0.229,74150612,LOCKED
9445,1306.611,-401418580308039,35609,87158,-28581.0,33706.9,10.9,-0.231,74242433,LOCKED
9446,1307.611,-401418580413029,-38452,13097,-28632.4,34086.3,11.0,-0.239,74222689,LOCKED
9447,1308.611,-401418580412559,-7789,43760,-28696.2,33881.0,11.0,-0.231,74313261,LOCKED
9448,1309.611,-401418580402721,29824,81373,-28700.6,33838.3,11.0,-0.231,74412382,LOCKED
9449,1310.611,-401418580522443,-57489,0,-28787.2,34709.6,11.0,-0.231,74383944,LOCKED
9450,1311.612,-401418580516193,-22301,35188,-28757.4,34430.9,10.9,-0.232,74479456,LOCKED
9451,1312.612,-401418580528935,-4396,53093,-28843.0,33904.0,10.9,-0.233,74563147,LOCKED
9452,1313.612,-401418580548739,5419,62908,-28890.2,33626.4,10.9,-0.234,74621639,LOCKED
9453,1314.612,-401418580553480,27315,84804,-28824.9,33803.6,10.9,-0.234,74714410,LOCKED
9454,1315.612,-401418580618044,-6791,50698,-28893.9,33525.5,10.9,-0.239,74736379,LOCKED
9455,1316.611,-401418580610065,27659,85148,-28820.8,33681.5,10.9,-0.233,74835698,LOCKED
9456,1317.612,-401418580706443,-38738,18751,-28813.3,33585.6,10.8,-0.232,74826863,LOCKED
9457,1318.612,-401418580705201,-7382,50107,-28865.0,33466.6,10.7,-0.226,74919385,LOCKED
9458,1319.612,-401418580701783,22508,79997,-28784.8,33457.9,10.6,-0.225,75010200,LOCKED
9459,1320.612,-401418580720129,32070,89559,-28795.2,33343.9,10.5,-0.223,74974318,LOCKED
9460,1321.612,-401418580812643,-29816,27673,-28835.6,33576.3,10.4,-0.221,75087465,LOCKED
9461,1322.613,-401418580800441,9058,66547,-28744.3,33087.1,10.4,-0.222,75189024,LOCKED
9462,1323.612,-401418580838027,1177,58666,-28793.5,32848.3,10.3,-0.219,75277921,LOCKED
9463,1324.612,-401418580902345,-32440,25049,-28833.3,33115.8,10.2,-0.216,75267176,LOCKED
9464,1325.612,-401418580919124,-17617,39872,-28940.0,32677.6,10.2,-0.215,75382887,LOCKED
9465,1326.612,-401418580890144,37968,95457,-28888.5,33061.3,10.2,-0.215,75353737,LOCKED
9466,1327.612,-401418580985678,-28067,29422,-28871.7,32885.3,9.7,-0.206,75453349,LOCKED
9467,1328.613,-401418580980280,4321,61810,-28786.4,32334.3,9.5,-0.202,75547215,LOCKED
9468,1329.613,-401418580976090,35250,92739,-28744.5,32650.3,9.5,-0.201,75527832,LOCKED
9469,1330.612,-401418581069068,-28354,29135,-28728.1,32476.2,9.1,-0.192,75636739,LOCKED
9470,1331.612,-401418581055573,14432,71921,-28779.9,31982.8,8.5,-0.179,75739492,LOCKED
9471,1332.612,-401418581154811,-52240,5249,-28879.0,32754.9,8.6,-0.177,75730554,LOCKED
9472,1333.612,-401418581142537,-11601,45888,-28834.4,32404.7,8.7,-0.176,75832231,LOCKED
9473,1334.613,-401418581131523,27955,85444,-28866.6,32014.2,8.5,-0.168,75933211,LOCKED
9474,1335.613,-401418581215071,-25609,31880,-28878.9,32103.3,8.3,-0.159,75941029,LOCKED
9475,1336.613,-401418581198904,16594,74083,-28766.7,31532.5,8.3,-0.157,76048679,LOCKED
9476,1337.612,-401418581201514,40214,97703,-28709.0,31986.5,8.0,-0.147,76019576,LOCKED
9477,1338.613,-401418581325179,-52340,5149,-28739.9,32425.0,8.0,-0.144,76100466,LOCKED
9478,1339.613,-401418581311977,-11949,45540,-28643.7,31172.3,8.2,-0.139,76203919,LOCKED
9479,1340.613,-401418581317103,11032,68521,-28635.7,31195.9,7.9,-0.125,76291107,LOCKED
9480,1341.613,-401418581318917,35250,92739,-28566.4,31555.7,7.7,-0.111,76264421,LOCKED
9481,1342.613,-401418581412851,-27302,30187,-28659.4,31580.5,7.9,-0.103,76374091,LOCKED
9482,1343.613,-401418581426600,-10054,47435,-28757.6,30988.0,8.0,-0.092,76445387,LOCKED
9483,1344.613,-401418581422817,21868,79357,-28763.6,30939.3,8.1,-0.084,76539541,LOCKED
9484,1345.613,-401418581489573,-15130,42359,-28787.3,31006.7,8.0,-0.065,76562189,LOCKED
9485,1346.613,-401418581488514,15118,72607,-28832.2,30577.7,8.3,-0.079,76653578,LOCKED
9486,1347.613,-401418581497956,33893,91382,-28858.5,30201.5,7.8,-0.061,76734534,LOCKED
9487,1348.613,-401418581613481,-50450,7039,-28888.7,30637.9,7.9,-0.057,76708443,LOCKED
9488,1349.613,-401418581617823,-23076,34413,-28989.3,30443.6,7.9,-0.053,76796553,LOCKED
9489,1350.613,-401418581613001,9938,67427,-28966.6,30470.9,7.7,-0.079,76890881,LOCKED
9490,1351.614,-401418581606782,44153,101642,-28992.5,30007.2,7.7,-0.060,76988746,LOCKED
9491,1352.614,-401418581722552,-40232,17257,-29043.1,30461.3,7.7,-0.072,76958500,LOCKED
9492,1353.614,-401418581716758,-6318,51171,-28987.1,30028.4,7.7,-0.066,77058931,LOCKED
9493,1354.613,-401418581707744,30241,87730,-28966.6,30203.2,7.7,-0.061,77157014,LOCKED
9494,1355.614,-401418581795848,-28342,29147,-28946.7,29965.7,7.7,-0.065,77157381,LOCKED
9495,1356.614,-401418581798592,-1240,56249,-28988.8,29805.5,7.7,-0.061,77246127,LOCKED
9496,1357.614,-401418581787806,35497,92986,-28898.6,30114.7,7.8,-0.066,77346416,LOCKED
9497,1358.614,-401418581902584,-45329,12160,-29071.6,29871.8,7.7,-0.070,77319648,LOCKED
9498,1359.614,-401418581892330,-4801,52688,-29122.7,29695.4,7.8,-0.063,77420286,LOCKED
9499,1360.614,-401418581936540,-19019,38470,-29133.7,29757.5,7.7,-0.060,77500952,LOCKED
9500,1361.614,-401418581988925,-40770,16719,-29139.5,29837.4,7.6,-0.064,77605741,LOCKED
9501,1362.614,-401418582000320,-20723,36766,-29218.2,29789.5,7.8,-0.056,77581462,LOCKED
9502,1363.614,-401418581982905,23958,81447,-29162.2,29946.8,7.8,-0.060,77689615,LOCKED
9503,1364.615,-401418581977471,53534,111023,-29004.5,30418.4,8.1,-0.053,77673918,LOCKED
9504,1365.614,-401418582023254,33967,91456,-28924.0,30723.3,8.1,-0.051,77828244,LOCKED
9505,1366.614,-401418582045211,36850,94339,-28784.6,30584.2,7.9,-0.051,77902699,LOCKED
9506,1367.615,-401418582140629,-26871,30618,-28883.0,30543.8,7.8,-0.048,77892689,LOCKED
9507,1368.615,-401418582127535,14220,71709,-28863.2,30602.2,7.8,-0.047,77992972,LOCKED
9508,1369.615,-401418582127937,38702,96191,-28732.0,30660.7,7.8,-0.045,78085147,LOCKED
9509,1370.615,-401418582236103,-36383,21106,-28885.2,30274.4,8.0,-0.041,78065377,LOCKED
9510,1371.615,-401418582234472,-4796,52693,-28929.9,30150.7,8.2,-0.036,78157192,LOCKED
9511,1372.614,-401418582237194,20224,77713,-28905.2,30264.1,8.3,-0.036,78245080,LOCKED
9512,1373.615,-401418582249586,34239,91728,-28839.4,30615.9,8.3,-0.035,78321230,LOCKED
9513,1374.615,-401418582349992,-35861,21628,-28851.7,30752.8,8.1,-0.038,78310297,LOCKED
9514,1375.615,-401418582307120,33736,91225,-28803.4,31080.9,8.0,-0.034,78439510,LOCKED
9515,1376.615,-401418582320661,44766,102255,-28669.9,31381.6,8.0,-0.033,78522373,LOCKED
9516,1377.615,-401418582424839,-27658,29831,-28775.4,31295.2,7.9,-0.030,78505522,LOCKED
9517,1378.615,-401418582433380,-6749,50740,-28797.4,31298.8,7.9,-0.030,78587069,LOCKED
9518,1379.615,-401418582432350,20718,78207,-28715.8,31229.0,7.9,-0.029,78676547,LOCKED
9519,1380.615,-401418582439144,38576,96065,-28580.3,31226.0,7.9,-0.028,78644169,LOCKED
9520,1381.616,-401418582543750,-34309,23180,-28677.6,31440.6,7.9,-0.035,78740201,LOCKED
9521,1382.615,-401418582533360,3882,61371,-28640.9,31360.0,7.9,-0.034,78842627,LOCKED
9522,1383.615,-401418582517298,45112,102601,-28545.3,31927.2,7.9,-0.034,78946044,LOCKED
9523,1384.615,-401418582630891,-36535,20954,-28651.6,32144.1,7.8,-0.041,78925631,LOCKED
9524,1385.616,-401418582593411,28179,85668,-28628.9,32305.1,7.8,-0.041,79051120,LOCKED
9525,1386.615,-401418582705444,-53046,4443,-28647.7,32595.2,7.9,-0.041,79031434,LOCKED
9526,1387.616,-401418582712790,-28897,28592,-28739.5,32675.2,8.0,-0.040,79115241,LOCKED
9527,1388.616,-401418582713539,-1113,56376,-28727.5,32657.5,8.0,-0.040,79201734,LOCKED
9528,1389.616,-401418582702285,34960,92449,-28593.6,32518.1,8.1,-0.039,79301388,LOCKED
9529,1390.616,-401418582707063,55582,113071,-28529.2,33284.3,7.9,-0.049,79274485,LOCKED
9530,1391.616,-401418582807453,-16016,41473,-28515.4,33197.7,7.9,-0.037,79377547,LOCKED
9531,1392.616,-401418582794811,25033,82522,-28551.8,32787.0,7.7,-0.026,79476233,LOCKED
9532,1393.615,-401418582833469,14198,71687,-28539.6,32828.9,7.5,-0.014,79561712,LOCKED
9533,1394.616,-401418582916346,-38606,18883,-28550.6,32954.1,7.5,-0.012,79537320,LOCKED
9534,1395.616,-401418582921162,-13177,44312,-28612.0,32869.4,7.5,-0.010,79653654,LOCKED
9535,1396.616,-401418582988311,-49051,8438,-28661.2,33416.4,7.6,-0.021,79642980,LOCKED
9536,1397.616,-401418582997048,-28790,28699,-28629.8,33040.3,7.6,-0.012,79724468,LOCKED
9537,1398.616,-401418583011006,-11665,45824,-28731.0,32481.1,7.6,-0.020,79810803,LOCKED
9538,1399.616,-401418583078412,-46807,10682,-28826.7,33080.3,7.8,-0.012,79926011,LOCKED
9539,1400.616,-401418583083982,-22477,35012,-28842.0,33168.5,7.8,-0.005,79911218,LOCKED
9540,1401.617,-401418583069484,18143,75632,-28738.5,32792.7,7.7,0.005,80014174,LOCKED
9541,1402.616,-401418583087861,27344,84833,-28727.0,32881.2,7.7,-0.019,80088246,LOCKED
9542,1403.616,-401418583105233,36392,93881,-28674.2,33239.6,7.6,-0.047,80160050,LOCKED
9543,1404.617,-401418583215811,-43453,14036,-28703.0,33559.1,7.6,-0.055,80137968,LOCKED
9544,1405.616,-401418583162775,36153,93642,-28658.4,33885.2,7.6,-0.049,80168225,LOCKED
9545,1406.616,-401418583256343,-27539,29950,-28672.4,33987.2,7.5,-0.028,80278349,LOCKED
9546,1407.616,-401418583248945,6670,64159,-28592.0,33580.5,7.4,-0.023,80377937,LOCKED
9547,1408.617,-401418583241711,41226,98715,-28598.2,33496.1,7.4,-0.020,80468428,LOCKED
9548,1409.617,-401418583356284,-41100,16389,-28709.2,33824.1,7.4,-0.017,80447944,LOCKED
9549,1410.617,-401418583342850,698,58187,-28693.3,33805.2,7.3,-0.014,80547549,LOCKED
9550,1411.617,-401418583334840,33507,90996,-28557.7,33586.1,7.3,-0.012,80644971,LOCKED
9551,1412.617,-401418583449430,-47806,9683,-28710.1,33793.0,7.2,-0.010,80620651,LOCKED
9552,1413.617,-401418583435596,-4619,52870,-28734.0,33776.5,7.2,-0.009,80720487,LOCKED
9553,1414.616,-401418583422586,33780,91269,-28625.8,33875.0,7.3,-0.014,80827943,LOCKED
9554,1415.617,-401418583533109,-44042,13447,-28752.8,34181.9,7.2,-0.013,80805758,LOCKED
9555,1416.617,-401418583521301,-3056,54433,-28768.6,34174.9,7.2,-0.011,80907665,LOCKED
9556,1417.617,-401418583509091,34353,91842,-28650.3,34197.9,7.1,-0.011,81008314,LOCKED
9557,1418.617,-401418583525445,45266,102755,-28657.8,34089.3,7.0,-0.011,80969324,LOCKED
9558,1419.618,-401418583610599,-10086,47403,-28697.3,34075.0,7.1,-0.015,81085642,LOCKED
9559,1420.617,-401418583602193,26233,83722,-28702.4,34031.1,7.1,-0.014,81186297,LOCKED
9560,1421.617,-401418583611767,44210,101699,-28719.5,33771.3,7.1,-0.013,81152031,LOCKED
9561,1422.618,-401418583703089,-15904,41585,-28815.4,33427.8,7.1,-0.018,81266373,LOCKED
9562,1423.617,-401418583687875,26157,83646,-28762.2,33611.2,6.8,-0.014,81366914,LOCKED
9563,1424.618,-401418583798813,-53696,3793,-28786.9,33970.2,6.8,-0.019,81350436,LOCKED
9564,1425.618,-401418583746381,24952,82441,-28702.1,33990.1,6.7,-0.018,81489168,LOCKED
9565,1426.618,-401418583765958,30771,88260,-28590.8,33956.8,6.8,-0.020,81563962,LOCKED
9566,1427.617,-401418583866168,-37167,20322,-28709.8,34074.9,6.9,-0.021,81549953,LOCKED
9567,1428.617,-401418583866901,-8845,48644,-28712.1,34080.5,6.9,-0.022,81641660,LOCKED
9568,1429.618,-401418583857871,25814,83303,-28603.5,33907.6,7.0,-0.020,81737095,LOCKED
9569,1430.618,-401418583865473,45105,98801,-28594.6,34025.1,7.0,-0.021,81713803,LOCKED
9570,1431.618,-401418583949463,-9255,44441,-28630.0,34015.6,6.8,-0.015,81821283,LOCKED
9571,1432.618,-401418584002877,-32287,21409,-28662.4,34245.5,6.5,-0.008,81815103,LOCKED
9572,1433.618,-401418584056790,-54794,0,-28706.0,34808.1,6.5,-0.006,81893760,LOCKED
9573,1434.618,-401418584048556,-15305,39489,-28805.8,34408.4,6.5,-0.004,81996263,LOCKED
9574,1435.618,-401418584041944,17919,72713,-28727.8,34304.9,6.5,-0.002,82006836,LOCKED
9575,1436.618,-401418584119764,-30621,24173,-28703.9,34029.2,6.5,0.000,82098302,LOCKED
9576,1437.618,-401418584117282,1502,56296,-28752.5,33797.6,6.5,0.002,82193753,LOCKED
9577,1438.618,-401418584129688,17054,71848,-28741.9,33844.0,6.7,-0.003,82289643,LOCKED
9578,1439.618,-401418584228390,-50087,4707,-28797.0,34427.9,7.0,-0.001,82263686,LOCKED
9579,1440.618,-401418584253024,-44275,10519,-28804.3,34521.3,7.0,0.001,82364003,LOCKED
9580,1441.618,-401418584196434,39594,94388,-28795.3,34622.8,7.0,0.003,82472832,LOCKED
9581,1442.618,-401418584293392,-26836,27958,-28835.7,34810.4,6.9,-0.004,82465274,LOCKED
9582,1443.618,-401418584277754,14892,69686,-28725.6,34255.7,6.9,-0.002,82570286,LOCKED
9583,1444.619,-401418584273144,46193,100987,-28702.5,34534.9,7.0,0.002,82554328,LOCKED
9584,1445.618,-401418584325244,20231,75025,-28610.1,34362.1,7.2,-0.010,82704204,LOCKED
9585,1446.618,-401418584322876,49478,104272,-28607.4,34401.7,7.4,-0.011,82684836,LOCKED
9586,1447.618,-401418584408439,-6049,48745,-28667.6,34196.6,7.3,-0.017,82804739,LOCKED
9587,1448.619,-401418584393796,34923,89717,-28610.8,34522.2,7.6,0.007,82907782,LOCKED
9588,1449.619,-401418584503974,-44891,9903,-28622.2,34666.3,7.6,0.014,82888919,LOCKED
9589,1450.619,-401418584488996,-3317,51477,-28517.0,33586.4,7.6,0.018,82991039,LOCKED
9590,1451.618,-401418584478990,33059,87853,-28466.6,33880.1,7.7,0.022,82976263,LOCKED
9591,1452.621,-401418584569976,-28801,25993,-28451.0,33718.5,7.8,0.039,83085680,LOCKED
9592,1453.619,-401418584556938,10893,65687,-28380.8,33518.8,7.9,0.057,83189706,LOCKED
9593,1454.619,-401418584567668,27453,82247,-28373.0,33580.7,8.0,0.075,83154978,LOCKED
9594,1455.619,-401418584622427,999,55793,-28371.3,33581.0,8.0,0.097,83300538,LOCKED
9595,1456.620,-401418584630025,21650,76444,-28401.4,33295.3,7.8,0.095,83269869,LOCKED
9596,1457.619,-401418584726195,-42418,12376,-28512.7,33668.7,8.1,0.079,83378032,LOCKED
9597,1458.619,-401418584722997,-9695,45099,-28546.3,33669.9,7.9,0.078,83467241,LOCKED
9598,1459.619,-401418584716927,24945,79739,-28589.1,33169.9,7.8,0.073,83564506,LOCKED
9599,1460.619,-401418584834120,-58557,0,-28742.3,33883.8,7.8,0.071,83535470,LOCKED
9600,1461.619,-401418584825050,-19738,38819,-28758.9,33960.9,7.7,0.070,83637735,LOCKED
9601,1462.619,-401418584814005,18071,76628,-28691.0,33933.5,7.5,0.069,83737235,LOCKED
9602,1463.620,-401418584821219,35841,94398,-28568.4,33967.1,7.6,0.060,83705384,LOCKED
9603,1464.620,-401418584935744,-45381,13176,-28725.6,33993.7,7.5,0.065,83794438,LOCKED
9604,1465.620,-401418584883899,31809,90366,-28612.4,33976.7,7.6,0.070,83936312,LOCKED
9605,1466.620,-401418584990925,-42615,15942,-28737.5,34244.0,7.7,0.063,83915758,LOCKED
9606,1467.620,-401418584978890,-1851,56706,-28734.0,34240.9,7.7,0.062,84022851,LOCKED
9607,1468.620,-401418584976892,25668,84225,-28618.8,33986.0,7.7,0.061,84111299,LOCKED
9608,1469.620,-401418585092430,-55860,2697,-28790.8,34346.7,7.9,0.055,84085027,LOCKED
9609,1470.620,-401418585094541,-27118,31439,-28847.0,34537.1,8.6,0.045,84173787,LOCKED
9610,1471.620,-401418585110606,-14424,44133,-28818.6,34341.9,8.7,0.040,84260929,LOCKED
9611,1472.621,-401418585082988,41065,99622,-28840.5,34023.4,8.7,0.040,84366841,LOCKED
9612,1473.620,-401418585184361,-28983,29574,-28914.4,34203.8,8.7,0.041,84354850,LOCKED
9613,1474.620,-401418585164979,17163,75720,-28837.2,34088.8,8.6,0.038,84460683,LOCKED
9614,1475.620,-401418585231311,-17265,41292,-28959.3,33421.2,8.8,0.035,84488915,LOCKED
9615,1476.620,-401418585218288,23639,82196,-28945.6,33506.0,8.8,0.035,84589279,LOCKED
9616,1477.620,-401418585211893,54309,112866,-28806.5,34139.1,8.9,0.039,84571336,LOCKED
9617,1478.621,-401418585315711,-20729,37828,-28770.7,33795.5,8.9,0.039,84666458,LOCKED
9618,1479.620,-401418585286261,35490,94047,-28731.4,34091.2,8.9,0.034,84788159,LOCKED
9619,1480.621,-401418585405435,-52193,6364,-28780.1,34662.0,8.9,0.034,84759296,LOCKED
9620,1481.621,-401418585406033,-23898,34659,-28745.8,34309.9,8.9,0.035,84848973,LOCKED
9621,1482.621,-401418585390987,19166,77723,-28741.9,34331.4,8.8,0.031,84952424,LOCKED
9622,1483.621,-401418585391209,43701,102258,-28618.8,34654.1,9.0,0.030,85042512,LOCKED
9623,1484.620,-401418585509343,-41088,17469,-28782.8,34371.2,9.0,0.024,85012696,LOCKED
9624,1485.621,-401418585447326,45690,104247,-28661.1,34778.2,8.9,0.019,85161781,LOCKED
9625,1486.621,-401418585477539,40066,98623,-28527.7,34859.1,8.8,0.014,85226126,LOCKED
9626,1487.620,-401418585586281,-36481,22076,-28647.2,34945.3,8.6,0.008,85206472,LOCKED
9627,1488.621,-401418585588050,-8736,49821,-28675.3,34951.5,8.5,0.001,85289653,LOCKED
9628,1489.621,-401418585585208,20313,78870,-28587.8,34828.9,8.5,0.001,85382825,LOCKED
9629,1490.621,-401418585590362,39123,97680,-28425.6,34478.3,8.5,-0.006,85467953,LOCKED
9630,1491.621,-401418585714536,-53040,5517,-28513.5,35220.4,8.6,-0.006,85431855,LOCKED
9631,1492.621,-401418585718338,-25697,32860,-28600.0,35246.5,8.6,-0.006,85517896,LOCKED
9632,1493.621,-401418585725714,-2464,56093,-28694.8,34545.9,8.6,-0.006,85598705,LOCKED
9633,1494.621,-401418585732076,19187,77744,-28693.2,34554.8,8.6,-0.007,85686589,LOCKED
9634,1495.621,-401418585808012,-26779,31778,-28711.4,34674.0,8.6,-0.007,85700030,LOCKED
9635,1496.621,-401418585804969,5735,64292,-28758.3,34400.8,8.8,-0.005,85792308,LOCKED
9636,1497.621,-401418585795547,41170,99727,-28691.9,34849.2,8.8,-0.005,85887051,LOCKED
9637,1498.622,-401418585922145,-53520,5037,-28760.8,35546.7,8.6,0.010,85851818,LOCKED
9638,1499.622,-401418585914931,-14516,44041,-28885.6,34760.1,8.4,0.024,85951262,LOCKED
9639,1500.622,-401418585905285,24349,82906,-28942.6,34052.6,8.6,0.007,86052317,LOCKED
9640,1501.622,-401418585904650,49567,108124,-28810.9,34537.1,8.7,0.026,86144545,LOCKED
9641,1502.621,-401418586028244,-40975,17582,-28951.1,34579.0,8.7,0.027,86107543,LOCKED
9642,1503.622,-401418586033986,-16657,41900,-28977.9,34652.4,8.8,0.044,86191007,LOCKED
9643,1504.622,-401418586093424,-45203,13354,-28996.6,34878.8,8.9,0.014,86280880,LOCKED
9644,1505.622,-401418586118159,-38685,19872,-29043.1,35233.4,8.9,0.020,86287737,LOCKED
9645,1506.622,-401418586114480,-7011,51546,-28979.9,34757.9,8.6,0.043,86382924,LOCKED
9646,1507.622,-401418586155493,-17446,41111,-29029.4,34807.8,8.5,0.039,86470212,LOCKED
9647,1508.622,-401418586112463,50012,108569,-28886.5,35205.0,8.9,0.013,86451942,LOCKED
9648,1509.622,-401418586201834,-8265,50292,-28981.3,34669.4,9.0,0.003,86566611,LOCKED
9649,1510.622,-401418586184803,35470,94027,-28928.4,34994.9,8.9,-0.007,86673981,LOCKED
9650,1511.623,-401418586292761,-41877,16680,-28941.3,35142.9,9.0,-0.025,86653867,LOCKED
9651,1512.623,-401418586281579,-752,57805,-28989.3,34956.5,8.9,-0.031,86757513,LOCKED
9652,1513.622,-401418586273937,33095,91652,-28907.6,35196.4,8.7,-0.036,86855712,LOCKED
9653,1514.622,-401418586284319,47137,105694,-28765.7,35477.8,8.5,-0.041,86819927,LOCKED
9654,1515.623,-401418586346854,12103,70660,-28723.7,35479.3,8.8,-0.051,86960206,LOCKED
9655,1516.623,-401418586351043,33114,91671,-28605.6,35459.7,8.7,-0.054,87044193,LOCKED
9656,1517.623,-401418586359032,51229,109786,-28567.9,35908.9,8.7,-0.051,87015478,LOCKED
9657,1518.623,-401418586460585,-20400,38157,-28600.6,36014.8,8.8,-0.047,87113349,LOCKED
9658,1519.623,-401418586466163,1258,59815,-28535.6,35685.2,8.8,-0.044,87196884,LOCKED
9659,1520.623,-401418586474477,21759,80316,-28585.7,35149.8,8.8,-0.041,87280746,LOCKED
9660,1521.623,-401418586486859,36007,94564,-28549.5,35426.8,8.8,-0.038,87244431,LOCKED
9661,1522.623,-401418586577669,-25361,33196,-28551.1,35438.7,8.8,-0.037,87356260,LOCKED
9662,1523.622,-401418586591430,-11437,47120,-28489.5,34904.3,8.6,-0.037,87434556,LOCKED
9663,1524.623,-401418586587187,21132,79689,-28516.6,34667.1,8.3,-0.032,87524907,LOCKED
9664,1525.623,-401418586645467,-9468,49089,-28459.7,34220.3,8.3,-0.035,87556603,LOCKED
9665,1526.623,-401418586646672,17765,76322,-28488.2,33992.2,8.3,-0.036,87646494,LOCKED
9666,1527.623,-401418586657050,33384,91941,-28421.4,34287.1,8.4,-0.033,87612107,LOCKED
9667,1528.623,-401418586744587,-25281,33276,-28401.4,34096.7,8.6,-0.031,87730443,LOCKED
9668,1529.623,-401418586743985,5107,63664,-28478.0,33453.5,8.2,-0.035,87817986,LOCKED
9669,1530.623,-401418586746991,29446,88003,-28471.4,33511.1,8.2,-0.037,87790974,LOCKED
9670,1531.624,-401418586843357,-35483,23074,-28558.1,33802.4,8.2,-0.035,87898118,LOCKED
9671,1532.624,-401418586842935,-7412,51145,-28501.0,33379.2,8.2,-0.033,87985576,LOCKED
9672,1533.625,-401418586840676,22843,81400,-28514.3,33267.9,8.2,-0.031,88077059,LOCKED
9673,1534.623,-401418586948646,-53471,5086,-28579.6,33980.0,8.1,-0.034,88059125,LOCKED
9674,1535.624,-401418586916254,7757,66314,-28605.2,33860.8,8.4,-0.031,88175659,LOCKED
9675,1536.623,-401418586931458,19182,77739,-28540.0,33872.6,8.4,-0.023,88255672,LOCKED
9676,1537.624,-401418587041804,-60381,0,-28549.6,34044.4,9.2,-0.020,88230505,LOCKED
9677,1538.623,-401418587048201,-35119,25262,-28644.0,34282.8,9.3,-0.024,88312170,LOCKED
9678,1539.624,-401418587049748,-8728,51653,-28594.7,33936.8,9.3,-0.023,88405766,LOCKED
9679,1540.624,-401418587120374,-45742,14639,-28765.2,33784.2,9.3,-0.022,88488113,LOCKED
9680,1541.624,-401418587153807,-46180,14201,-28896.2,34141.9,9.3,-0.021,88475850,LOCKED
9681,1542.624,-401418587152993,-15791,44590,-28903.3,34171.9,9.2,-0.028,88569162,LOCKED
9682,1543.624,-401418587142775,20457,80838,-28796.1,33836.2,9.1,-0.036,88665995,LOCKED
9683,1544.624,-401418587147337,43287,103668,-28799.2,33793.0,9.1,-0.035,88641732,LOCKED
9684,1545.624,-401418587211256,6165,66546,-28711.0,33267.6,9.1,-0.035,88780662,LOCKED
9685,1546.624,-401418587234557,9291,69672,-28614.2,32702.0,9.1,-0.035,88850718,LOCKED
9686,1547.624,-401418587330411,-53158,7223,-28761.2,33229.2,9.1,-0.035,88841647,LOCKED
9687,1548.624,-401418587321992,-14682,45699,-28800.4,33272.6,9.2,-0.035,88939155,LOCKED
9688,1549.624,-401418587320358,13965,74346,-28735.8,33181.4,9.2,-0.034,89033253,LOCKED
9689,1550.624,-401418587319060,39519,99900,-28581.4,32959.7,9.1,-0.038,89124946,LOCKED
9690,1551.627,-401418587441642,-49530,10851,-28742.3,33145.9,8.9,-0.043,89091607,LOCKED
9691,1552.624,-401418587461552,-37317,23064,-28846.4,33397.4,9.0,-0.052,89157663,LOCKED
9692,1553.625,-401418587473140,-18641,41740,-28885.0,33490.0,9.0,-0.046,89239554,LOCKED
9693,1554.625,-401418587478749,3727,64108,-28846.6,33402.4,9.3,-0.026,89320475,LOCKED
9694,1555.625,-401418587546505,-31978,28403,-28950.8,33476.1,9.3,-0.021,89344242,LOCKED
9695,1556.625,-401418587539487,3682,64063,-28941.8,33479.3,9.2,-0.033,89441616,LOCKED
9696,1557.625,-401418587532472,35726,96107,-28808.9,33388.8,9.4,-0.016,89535269,LOCKED
9697,1558.625,-401418587540238,54867,115248,-28806.9,33424.5,9.6,0.001,89617015,LOCKED
9698,1559.625,-401418587650592,-24298,36083,-28883.5,33483.2,9.7,0.014,89596921,LOCKED
9699,1560.625,-401418587627994,24853,85234,-28810.3,33574.7,9.6,0.017,89709884,LOCKED
9700,1561.625,-401418587628112,48451,108832,-28640.6,33576.4,9.6,0.026,89688278,LOCKED
9701,1562.625,-401418587725106,-17226,43155,-28743.5,33183.2,9.7,0.035,89793984,LOCKED
9702,1563.625,-401418587709264,26313,86694,-28735.9,33241.5,9.7,0.042,89901889,LOCKED
9703,1564.625,-401418587721873,41455,101836,-28756.6,32929.8,9.7,0.051,89866714,LOCKED
9704,1565.625,-401418587773793,18818,79199,-28813.8,32280.9,10.0,0.066,90013494,LOCKED
9705,1566.625,-401418587778626,40745,101126,-28780.7,32616.5,10.0,0.072,89989031,LOCKED
9706,1567.626,-401418587877112,-25938,34443,-28886.2,32476.1,10.1,0.077,90092307,LOCKED
9707,1568.625,-401418587889854,-10304,50077,-28843.9,32168.2,10.4,0.088,90173899,LOCKED
9708,1569.625,-401418587873040,33857,94238,-28826.7,32330.3,9.9,0.090,90277468,LOCKED
9709,1570.626,-401418587993642,-54863,5518,-28885.5,33051.0,9.8,0.093,90243283,LOCKED
9710,1571.626,-401418587979576,-9196,51185,-29003.7,32115.6,9.7,0.095,90353686,LOCKED
9711,1572.626,-401418588033070,-30748,29633,-29096.9,32242.5,9.1,0.095,90446035,LOCKED
9712,1573.626,-401418588083808,-49372,11009,-29163.0,32894.0,9.0,0.090,90429783,LOCKED
9713,1574.626,-401418588063002,-425,59956,-29112.1,32649.3,8.8,0.091,90537367,LOCKED
9714,1575.626,-401418588136361,-41704,18677,-29188.5,33135.8,8.7,0.090,90556817,LOCKED
9715,1576.625,-401418588159775,-34309,26072,-29211.0,33334.2,8.0,0.083,90660620,LOCKED
9716,1577.626,-401418588096933,52556,112937,-29043.5,33586.1,7.8,0.078,90779120,LOCKED
9717,1578.626,-401418588211518,-30019,30362,-29139.3,33666.5,7.8,0.079,90752357,LOCKED
9718,1579.626,-401418588195892,13917,74298,-29121.7,33715.4,7.8,0.077,90855446,LOCKED
9719,1580.626,-401418588188930,46178,106559,-29010.7,34214.4,8.2,0.072,90839660,LOCKED
9720,1581.627,-401418588276444,-12745,47636,-28968.8,33895.3,8.2,0.069,90957390,LOCKED
9721,1582.626,-401418588261419,29988,90369,-28956.8,33994.3,8.2,0.068,91060902,LOCKED
9722,1583.626,-401418588268823,48472,108853,-28886.7,34606.5,8.3,0.068,91142001,LOCKED
9723,1584.626,-401418588385781,-37884,22497,-28907.9,34811.1,8.1,0.062,91113548,LOCKED
9724,1585.626,-401418588334697,39474,99855,-28844.2,35218.8,8.1,0.060,91256028,LOCKED
9725,1586.626,-401418588358498,40766,101147,-28727.6,35480.1,7.9,0.053,91207727,LOCKED
9726,1587.626,-401418588452687,-24666,35715,-28688.0,35054.6,7.6,0.046,91315287,LOCKED
9727,1588.627,-401418588456649,361,60742,-28703.4,35032.6,7.7,0.044,91404539,LOCKED
9728,1589.626,-401418588447451,35124,95505,-28607.6,35256.2,7.6,0.048,91500953,LOCKED
9729,1590.626,-401418588563357,-50373,10008,-28612.2,35323.8,7.6,0.046,91479310,LOCKED
9730,1591.627,-401418588555187,-12091,48290,-28665.8,35272.6,7.7,0.044,91574570,LOCKED
9731,1592.627,-401418588544130,25539,85920,-28605.5,35422.2,8.0,0.042,91673811,LOCKED
9732,1593.629,-401418588557279,36954,97335,-28468.3,35334.2,8.0,0.040,91638961,LOCKED
9733,1594.627,-401418588663261,-36787,23594,-28592.5,35384.9,8.0,0.039,91735467,LOCKED
9734,1595.627,-401418588615785,35951,96332,-28488.7,35580.2,8.0,0.037,91872838,LOCKED
9735,1596.627,-401418588743358,-60343,38,-28525.3,36116.5,7.9,0.044,91836562,LOCKED
9736,1597.627,-401418588738976,-24258,36123,-28641.1,35819.8,8.1,0.055,91928921,LOCKED
9737,1598.627,-401418588731777,11605,71986,-28661.6,35714.5,7.5,0.077,92024273,LOCKED
9738,1599.627,-401418588724919,43974,104355,-28580.0,36208.5,7.3,0.090,92116476,LOCKED
9739,1600.627,-401418588851897,-49628,10753,-28733.1,36472.8,7.5,0.095,92085768,LOCKED
9740,1601.627,-401418588830319,2198,62579,-28811.3,35916.4,7.7,0.103,92195432,LOCKED
9741,1602.627,-401418588822873,36633,97014,-28782.7,36153.9,7.9,0.087,92294332,LOCKED
9742,1603.627,-401418588944555,-53226,7155,-28843.5,36783.1,8.3,0.057,92262063,LOCKED
9743,1604.629,-401418588929572,-10196,50185,-28787.3,36359.8,8.7,0.031,92366412,LOCKED
9744,1605.627,-401418588998956,-47812,12569,-28854.2,36911.6,8.9,0.008,92384524,LOCKED
9745,1606.627,-401418589020325,-38177,22204,-28896.3,37224.1,8.9,0.001,92456421,LOCKED
9746,1607.627,-401418589008698,3965,64346,-28982.5,36521.8,8.9,-0.006,92554541,LOCKED
9747,1608.628,-401418589008412,31715,92096,-28960.7,36681.4,8.9,-0.013,92645325,LOCKED
9748,1609.628,-401418589016026,49242,109623,-28855.0,37255.5,9.1,-0.037,92728367,LOCKED
9749,1610.628,-401418589133804,-38560,21821,-28845.8,37149.2,9.2,-0.050,92701112,LOCKED
9750,1611.627,-401418589133509,-7196,53185,-28943.1,36578.7,9.3,-0.037,92790692,LOCKED
9751,1612.628,-401418589197943,-38482,21899,-29085.8,36488.3,9.3,-0.023,92865338,LOCKED
9752,1613.628,-401418589167088,21055,81436,-29101.0,36376.6,9.4,-0.034,92950581,LOCKED
9753,1614.628,-401418589264402,-43839,16542,-29191.2,36846.2,9.3,-0.036,92934376,LOCKED
9754,1615.628,-401418589264785,-12446,47935,-29297.5,36299.0,9.3,-0.036,93060760,LOCKED
9755,1616.628,-401418589222374,55932,116313,-29227.0,37023.8,9.5,-0.045,93155980,LOCKED
9756,1617.629,-401418589338932,-30072,30309,-29242.1,37134.4,9.9,-0.061,93129405,LOCKED
9757,1618.629,-401418589372166,-33294,27087,-29224.5,36942.8,10.2,-0.076,93210943,LOCKED
9758,1619.628,-401418589332180,34780,95161,-29226.6,36921.8,10.4,-0.088,93319206,LOCKED
9759,1620.628,-401418589323369,67596,127977,-29082.5,37994.1,10.5,-0.093,93302812,LOCKED
9760,1621.629,-401418589410903,6984,67365,-28987.8,37466.5,10.4,-0.090,93417455,LOCKED
9761,1622.628,-401418589395513,48605,108986,-28933.3,37969.1,10.3,-0.094,93522386,LOCKED
9762,1623.628,-401418589517650,-42625,17756,-28959.3,38222.0,10.2,-0.091,93490723,LOCKED
9763,1624.629,-401418589513648,-10520,49861,-28899.6,37767.1,10.1,-0.088,93584163,LOCKED
9764,1625.628,-401418589581188,-46772,13609,-28939.1,38155.6,9.6,-0.083,93607185,LOCKED
9765,1626.628,-401418589569946,-7775,52606,-28867.9,37600.5,9.9,-0.089,93706842,LOCKED
9766,1627.629,-401418589569175,21047,81428,-28862.8,37628.4,9.7,-0.085,93796180,LOCKED
9767,1628.629,-401418589567925,47917,108298,-28783.3,38185.3,9.2,-0.083,93883818,LOCKED
9768,1629.629,-401418589681899,-36336,24045,-28768.8,38023.7,9.1,-0.079,93865241,LOCKED
9769,1630.629,-401418589670057,5512,65893,-28838.8,37527.1,8.9,-0.075,93966378,LOCKED
9770,1631.630,-401418589663003,38895,99276,-28780.3,37889.7,8.8,-0.073,94064742,LOCKED
9771,1632.629,-401418589768796,-34665,25716,-28892.2,37974.4,8.6,-0.068,94052422,LOCKED
9772,1633.629,-401418589772555,-7102,53279,-28999.9,37263.6,8.7,-0.069,94134944,LOCKED
9773,1634.629,-401418589763664,29072,89453,-28963.9,37454.2,8.5,-0.066,94237366,LOCKED
9774,1635.629,-401418589835012,-10697,49684,-29074.8,36798.1,8.3,-0.063,94252702,LOCKED
9775,1636.629,-401418589823825,29338,89719,-29112.5,36362.8,8.3,-0.061,94352410,LOCKED
9776,1637.629,-401418589825051,52217,112598,-28953.3,36675.2,8.4,-0.059,94327989,LOCKED
9777,1638.629,-401418589925397,-16512,43869,-29056.7,36287.8,8.2,-0.054,94432772,LOCKED
9778,1639.649,-401418589913946,22480,82861,-29019.7,36415.5,8.2,-0.052,94530577,LOCKED
9779,1640.629,-401418589914944,46040,106421,-28877.0,36635.4,8.2,-0.057,94622318,LOCKED
9780,1641.629,-401418589944142,43386,103767,-28834.6,37014.4,8.2,-0.056,94568722,LOCKED
9781,1642.629,-401418590018473,-2802,57579,-28795.9,36862.0,8.2,-0.054,94699050,LOCKED
9782,1643.630,-401418590031861,10190,70571,-28694.1,36310.2,8.0,-0.046,94772071,LOCKED
9783,1644.629,-401418590029427,39854,100235,-28688.5,36371.8,8.0,-0.043,94865830,LOCKED
9784,1645.629,-401418590115986,-18244,42137,-28646.9,36008.0,8.1,-0.041,94868443,LOCKED
9785,1646.630,-401418590123844,744,61125,-28559.6,35386.1,8.1,-0.038,94948860,LOCKED
9786,1647.630,-401418590129545,22505,82886,-28543.1,35473.1,8.1,-0.036,95035284,LOCKED
9787,1648.629,-401418590150706,27565,87946,-28474.9,35636.7,8.1,-0.033,95111190,LOCKED
9788,1649.630,-401418590221672,-15649,44732,-28413.2,35027.1,8.1,-0.030,95120912,LOCKED
9789,1650.630,-401418590289310,-50182,10199,-28560.3,35388.9,8.1,-0.027,95232304,LOCKED
9790,1651.630,-401418590303688,-33621,26760,-28621.2,35681.9,8.4,-0.026,95220250,LOCKED
9791,1652.630,-401418590295253,1969,62350,-28552.4,35321.9,8.7,-0.039,95317969,LOCKED
9792,1653.631,-401418590277639,43160,103541,-28379.7,35007.0,9.0,-0.004,95423849,LOCKED
9793,1654.630,-401418590398590,-45636,14745,-28489.3,35477.5,9.3,0.021,95394933,LOCKED
9794,1655.630,-401418590356312,21620,82001,-28352.7,34768.0,9.2,0.033,95525198,LOCKED
9795,1656.631,-401418590376345,29267,89648,-28368.4,34607.2,9.3,0.017,95482372,LOCKED
9796,1657.630,-401418590458067,-22284,38059,-28419.9,34725.9,9.2,0.030,95604810,LOCKED
9797,1658.630,-401418590443065,18856,79199,-28339.1,34623.2,9.2,0.043,95705768,LOCKED
9798,1659.630,-401418590539426,-48136,12207,-28309.5,34111.4,9.2,0.028,95701459,LOCKED
9799,1660.630,-401418590533369,-11845,48498,-28384.4,33891.1,9.3,0.011,95796525,LOCKED
9800,1661.630,-401418590527767,20151,80494,-28320.1,33927.2,9.3,0.002,95889170,LOCKED
9801,1662.630,-401418590531132,40367,100710,-28154.3,33571.0,9.3,0.009,95865853,LOCKED
9802,1663.632,-401418590639922,-36511,23832,-28278.3,33616.6,9.3,0.014,95958298,LOCKED
9803,1664.630,-401418590630668,774,61117,-28267.4,33608.7,9.5,-0.001,96060097,LOCKED
9804,1665.632,-401418590715804,-51271,9072,-28419.2,33986.1,9.5,0.002,96059975,LOCKED
9805,1666.631,-401418590712808,-17480,42863,-28506.8,33781.4,9.5,0.005,96156795,LOCKED
9806,1667.631,-401418590700218,21923,82266,-28460.1,33906.3,9.5,0.008,96255511,LOCKED
9807,1668.630,-401418590808936,-55694,4649,-28497.1,34420.6,9.5,0.004,96231955,LOCKED
9808,1669.631,-401418590804110,-22779,37564,-28439.1,33715.7,9.5,0.007,96327746,LOCKED
9809,1670.631,-401418590797468,12514,72857,-28470.4,33505.6,9.3,0.004,96426486,LOCKED
9810,1671.631,-401418590807238,29294,89637,-28424.8,33737.9,9.0,0.001,96393704,LOCKED
9811,1672.631,-401418590827151,36630,96973,-28428.0,33700.1,9.0,0.003,96466197,LOCKED
9812,1673.631,-401418590957091,-61311,0,-28501.4,34612.8,9.0,0.001,96538580,LOCKED
9813,1674.630,-401418590963493,-34988,26323,-28650.8,34265.7,9.3,0.009,96623209,LOCKED
9814,1675.631,-401418590932820,23642,84953,-28656.1,34224.7,9.3,0.010,96628993,LOCKED
9815,1676.631,-401418591033213,-46413,14898,-28661.4,34298.0,9.0,0.005,96730357,LOCKED
9816,1677.631,-401418591039599,-21130,40181,-28774.1,33915.2,9.0,-0.005,96814215,LOCKED
9817,1678.631,-401418591028533,19206,80517,-28830.5,33292.3,8.7,-0.011,96914504,LOCKED
9818,1679.631,-401418591043298,30623,91934,-28751.3,33492.8,8.7,-0.014,96880217,LOCKED
9819,1680.632,-401418591146240,-42542,18769,-28730.8,33180.1,9.0,-0.018,96982082,LOCKED
9820,1681.631,-401418591138198,-5317,55994,-28744.2,33186.4,9.0,-0.022,97076359,LOCKED
9821,1682.631,-401418591135348,23186,84497,-28630.9,32856.6,9.0,-0.019,97173495,LOCKED
9822,1683.632,-401418591145369,40690,102001,-28644.3,32665.0,9.0,-0.016,97141827,LOCKED
9823,1684.631,-401418591241091,-24086,37225,-28717.4,32741.2,9.0,-0.016,97242583,LOCKED
9824,1685.632,-401418591262502,-13738,47573,-28844.0,31817.4,8.7,-0.021,97336461,LOCKED
9825,1686.632,-401418591339059,-56689,4622,-28983.7,32586.3,8.7,-0.021,97325631,LOCKED
9826,1687.632,-401418591322849,-10853,50458,-28997.2,32616.8,8.7,-0.024,97427391,LOCKED
9827,1688.631,-401418591342499,-2516,58795,-28943.4,32304.8,8.7,-0.022,97518503,LOCKED
9828,1689.631,-401418591427221,-52851,8460,-29122.9,32400.5,8.7,-0.019,97507913,LOCKED
9829,1690.632,-401418591453827,-46596,14715,-29229.1,32958.3,8.7,-0.022,97597808,LOCKED
9830,1691.632,-401418591401225,32286,93597,-29137.9,33140.7,8.7,-0.020,97713708,LOCKED
9831,1692.632,-401418591505539,-38287,23024,-29300.5,32721.9,8.7,-0.024,97696306,LOCKED
9832,1693.632,-401418591503164,-5047,56264,-29369.0,32401.2,8.7,-0.028,97789307,LOCKED
9833,1694.632,-401418591492127,33003,94314,-29308.2,32708.9,9.0,-0.033,97891578,LOCKED
9834,1695.632,-401418591554675,1081,62392,-29374.7,32276.2,9.0,-0.031,97920056,LOCKED
9835,1696.632,-401418591530647,50980,112291,-29287.4,33009.9,9.0,-0.028,98036688,LOCKED
9836,1697.632,-401418591620046,-9492,51819,-29253.9,32805.7,9.3,-0.032,98034702,LOCKED
9837,1698.632,-401418591621995,18015,79326,-29293.9,32426.4,9.3,-0.028,98126538,LOCKED
9838,1699.632,-401418591621585,44692,106003,-29219.5,32988.0,9.3,-0.033,98102736,LOCKED
9839,1700.633,-401418591715115,-19256,42055,-29205.2,32881.9,9.2,-0.039,98207912,LOCKED
9840,1701.632,-401418591708701,14346,75657,-29129.9,32709.7,9.2,-0.049,98310062,LOCKED
9841,1702.633,-401418591710894,39068,100379,-29086.1,33081.8,9.1,-0.060,98396640,LOCKED
9842,1703.633,-401418591737075,39176,100487,-29013.9,33505.7,9.2,-0.055,98347085,LOCKED
9843,1704.632,-401418591843829,-37223,24088,-29017.8,33549.8,9.2,-0.054,98443357,LOCKED
9844,1705.633,-401418591789172,44146,105457,-28978.0,33956.7,9.1,-0.068,98586536,LOCKED
9845,1706.633,-401418591913546,-47910,13401,-29062.4,34574.3,9.1,-0.068,98554775,LOCKED
9846,1707.633,-401418591906699,-11934,49377,-29045.7,34489.9,9.1,-0.067,98648180,LOCKED
9847,1708.632,-401418591917305,5070,66381,-28983.6,34249.6,9.2,-0.081,98729240,LOCKED
9848,1709.633,-401418591907327,41480,102791,-28927.2,34686.6,9.2,-0.080,98829826,LOCKED
9849,1710.634,-401418592010277,-28853,32458,-29060.6,34313.4,9.3,-0.093,98816378,LOCKED
9850,1711.633,-401418592000679,10396,71707,-29107.0,33976.1,9.2,-0.073,98913426,LOCKED
9851,1712.633,-401418591996845,40568,101879,-29038.5,34419.2,9.0,-0.049,99010009,LOCKED
9852,1713.633,-401418592107775,-40186,21125,-29027.4,34272.1,8.6,-0.056,98986816,LOCKED
9853,1714.633,-401418592106524,-7810,53501,-29117.5,33773.1,8.5,-0.056,99080592,LOCKED
9854,1715.633,-401418592074904,48670,109981,-28989.3,34253.0,8.1,-0.061,99200804,LOCKED
9855,1716.633,-401418592189473,-35738,25573,-28987.3,34231.0,8.0,-0.062,99176023,LOCKED
9856,1717.633,-401418592180687,2389,63700,-29008.7,34175.2,8.1,-0.071,99274265,LOCKED
9857,1718.633,-401418592191105,18666,79977,-28926.0,34049.9,8.0,-0.072,99363868,LOCKED
9858,1719.634,-401418592278010,-35547,25764,-29052.0,34035.4,7.9,-0.072,99357494,LOCKED
9859,1720.633,-401418592309984,-35802,25509,-29123.5,34374.3,7.9,-0.071,99438966,LOCKED
9860,1721.635,-401418592263623,36164,97475,-29010.7,34512.6,8.0,-0.078,99553509,LOCKED
9861,1722.634,-401418592367589,-38169,23142,-28977.7,34029.7,8.1,-0.084,99538326,LOCKED
9862,1723.634,-401418592353110,5617,66928,-29003.2,33927.7,8.0,-0.083,99644239,LOCKED
9863,1724.634,-401418592343920,40399,101710,-28902.8,34292.0,7.9,-0.082,99744961,LOCKED
9864,1725.634,-401418592436695,-20722,40589,-29003.6,34043.4,7.7,-0.082,99739826,LOCKED
9865,1726.634,-401418592451852,-6160,55151,-29028.5,34036.1,7.6,-0.081,99819016,LOCKED
9866,1727.634,-401418592420845,49279,110590,-28884.6,34400.7,7.7,-0.074,99937719,LOCKED
9867,1728.634,-401418592537212,-34286,27025,-29020.1,34219.6,7.6,-0.072,99908981,LOCKED
9868,1729.634,-401418592514433,16820,78131,-29014.1,34247.7,7.8,-0.068,100022089,LOCKED
9869,1730.634,-401418592502408,53365,114676,-28882.0,34878.8,7.7,-0.066,100008849,LOCKED
9870,1731.634,-401418592582142,866,62177,-28802.5,34351.6,7.7,-0.067,100134296,LOCKED
9871,1732.634,-401418592583508,24578,85889,-28660.3,33649.4,7.6,-0.067,100217259,LOCKED
9872,1733.634,-401418592585497,49249,110560,-28644.0,33875.7,7.5,-0.065,100309597,LOCKED
9873,1734.634,-401418592692495,-26588,34723,-28723.5,33972.3,7.5,-0.065,100290670,LOCKED
9874,1735.634,-401418592646398,43816,105127,-28579.3,34092.9,7.2,-0.057,100421978,LOCKED
9875,1736.635,-401418592764394,-41663,19648,-28703.5,34331.3,7.2,-0.051,100396341,LOCKED
9876,1737.634,-401418592747008,4485,65796,-28713.8,34307.8,7.4,-0.049,100504738,LOCKED
9877,1738.635,-401418592751359,26010,87321,-28617.7,34266.0,7.1,-0.054,100591806,LOCKED
9878,1739.634,-401418592747784,52897,114208,-28444.9,34458.1,7.3,-0.054,100569705,LOCKED
9879,1740.635,-401418592837734,-7255,54056,-28499.4,34320.2,7.4,-0.053,100682253,LOCKED
9880,1741.635,-401418592822321,33913,95224,-28420.9,34596.7,7.1,-0.060,100779522,LOCKED
9881,1742.634,-401418592940306,-53500,7811,-28437.5,34841.5,7.2,-0.060,100754659,LOCKED
9882,1743.635,-401418592935020,-20612,40699,-28362.1,33869.1,7.3,-0.056,100849863,LOCKED
9883,1744.635,-401418592930450,11521,72832,-28342.0,33905.2,7.3,-0.052,100946479,LOCKED
9884,1745.635,-401418593026181,-52478,8833,-28421.2,34631.8,7.4,-0.053,100934618,LOCKED
9885,1746.634,-401418593038154,-32280,29031,-28551.8,34434.4,7.3,-0.049,101018532,LOCKED
9886,1747.635,-401418593024783,9066,70377,-28538.6,34455.8,7.4,-0.052,101119978,LOCKED
9887,1748.635,-401418593022769,36790,98101,-28460.8,34800.9,7.5,-0.055,101208290,LOCKED
9888,1749.635,-401418593126916,-34805,26506,-28604.0,34539.4,7.5,-0.050,101192216,LOCKED
9889,1750.635,-401418593123076,-563,60748,-28691.5,33883.1,7.9,-0.047,101285027,LOCKED
9890,1751.635,-401418593120287,27957,89268,-28592.5,33874.9,7.9,-0.042,101377138,LOCKED
9891,1752.636,-401418593118644,55884,117195,-28572.1,34190.5,8.4,-0.049,101358123,LOCKED
9892,1753.635,-401418593206603,-2796,58515,-28602.2,34136.7,8.4,-0.045,101475434,LOCKED
9893,1754.635,-401418593221221,9656,70967,-28543.0,34004.2,8.4,-0.052,101576003,LOCKED
9894,1755.652,-401418593281507,-20390,40921,-28592.4,34100.1,8.5,-0.078,101578290,LOCKED
9895,1756.636,-401418593287724,406,61717,-28515.4,33584.2,8.8,-0.080,101660136,LOCKED
9896,1757.635,-401418593281090,33721,95032,-28481.4,33839.1,9.3,-0.047,101757971,LOCKED
9897,1758.636,-401418593401824,-55139,6172,-28556.3,34616.6,9.1,-0.053,101728220,LOCKED
9898,1759.636,-401418593396614,-21326,39985,-28523.1,34304.2,9.5,-0.031,101821469,LOCKED
9899,1760.635,-401418593458224,-50118,11193,-28650.8,34836.8,9.5,-0.029,101922278,LOCKED
9900,1761.636,-401418593483742,-44230,17081,-28712.5,35329.6,9.5,-0.043,101916210,LOCKED
9901,1762.636,-401418593462541,4161,65472,-28644.6,35020.7,9.5,-0.027,102026353,LOCKED
9902,1763.636,-401418593450877,40258,101569,-28504.6,35034.6,9.6,-0.010,102127375,LOCKED
9903,1764.636,-401418593571299,-47151,14160,-28647.7,35306.1,9.6,-0.012,102095310,LOCKED
9904,1765.636,-401418593508219,40185,101496,-28498.7,35204.4,9.6,-0.016,102251343,LOCKED
9905,1766.636,-401418593634811,-52590,8721,-28672.6,35360.5,9.8,0.005,102236079,LOCKED
9906,1767.636,-401418593589377,20656,81967,-28664.7,35403.6,9.8,0.012,102345819,LOCKED
9907,1768.636,-401418593595343,40485,101796,-28591.1,35827.4,9.5,0.019,102320291,LOCKED
9908,1769.636,-401418593694909,-29895,31416,-28570.5,35610.7,9.5,0.024,102424342,LOCKED
9909,1770.636,-401418593675874,17590,78901,-28593.9,35442.9,9.2,0.029,102526470,LOCKED
9910,1771.637,-401418593685221,34250,95561,-28523.7,35738.2,9.2,0.023,102612196,LOCKED
9911,1772.636,-401418593806930,-56428,4883,-28553.0,36150.2,9.2,0.026,102580660,LOCKED
9912,1773.637,-401418593791356,-10104,51207,-28644.2,35725.9,9.2,0.021,102683287,LOCKED
9913,1774.636,-401418593788686,20340,81651,-28635.3,35772.4,9.2,0.016,102779111,LOCKED
9914,1775.637,-401418593854649,-17371,43940,-28587.5,35333.9,9.2,0.011,102803439,LOCKED
9915,1776.638,-401418593846230,19654,80965,-28621.2,35039.5,9.2,0.013,102897060,LOCKED
9916,1777.637,-401418593858380,33891,95202,-28567.8,35337.3,8.8,0.014,102865026,LOCKED
9917,1778.637,-401418593964770,-41596,19715,-28613.3,35722.7,8.8,0.009,102959254,LOCKED
9918,1779.637,-401418593961320,-7479,53832,-28701.8,35256.4,8.8,0.005,103055774,LOCKED
9919,1780.637,-401418593957854,24735,86046,-28745.3,34770.9,8.8,0.005,103145470,LOCKED
9920,1781.637,-401418594066847,-52669,8642,-28797.4,35361.3,8.4,0.004,103125863,LOCKED
9921,1782.637,-401418594057617,-11941,49370,-28910.3,34674.4,7.9,0.001,103227457,LOCKED
9922,1783.637,-401418594048216,25093,86404,-28889.3,34795.7,7.9,-0.003,103321283,LOCKED
9923,1784.637,-401418594052437,45695,107006,-28765.5,35182.3,7.9,-0.008,103298698,LOCKED
9924,1785.637,-401418594115761,11603,72914,-28807.8,34881.8,7.9,-0.013,103433205,LOCKED
9925,1786.637,-401418594137898,17891,79202,-28818.8,34812.2,7.9,-0.017,103509258,LOCKED
9926,1787.637,-401418594144703,36155,97466,-28694.7,34840.6,8.0,-0.019,103474907,LOCKED
9927,1788.637,-401418594242489,-29150,32161,-28832.3,34418.7,7.9,-0.020,103581914,LOCKED
9928,1789.638,-401418594233451,8226,69537,-28821.7,34435.6,8.0,-0.021,103679111,LOCKED
9929,1790.638,-401418594254068,14070,75381,-28729.0,34083.9,7.9,-0.024,103760691,LOCKED
9930,1791.637,-401418594348442,-47921,13390,-28828.9,34678.0,7.8,-0.027,103747464,LOCKED
9931,1792.638,-401418594377248,-45320,15991,-28880.1,35151.8,7.7,-0.030,103799893,LOCKED
9932,1793.638,-401418594377273,-16812,39877,-28835.0,34749.7,7.6,-0.036,103894282,LOCKED
9933,1794.638,-401418594412310,-20407,36282,-28929.2,34565.5,7.5,-0.040,103977412,LOCKED
9934,1795.638,-401418594451654,-30107,26582,-28914.2,34407.8,8.0,-0.041,104021235,LOCKED
9935,1796.638,-401418594427235,23342,80031,-28958.8,33912.5,8.1,-0.041,104114786,LOCKED
9936,1797.638,-401418594458828,19527,76216,-28933.3,34009.3,8.2,-0.041,104200731,LOCKED
9937,1798.637,-401418594538174,-29541,27148,-28950.1,34137.9,8.1,-0.047,104184300,LOCKED
9938,1799.638,-401418594572800,-34687,22002,-28918.4,33707.4,8.1,-0.046,104276214,LOCKED
9939,1800.638,-401418594526962,37657,94346,-28862.5,34084.0,8.1,-0.045,104376018,LOCKED
9940,1801.638,-401418594635567,-40662,16027,-28864.7,34111.1,8.0,-0.053,104359872,LOCKED
9941,1802.638,-401418594626622,-1053,55636,-28951.5,33471.7,8.5,-0.051,104458324,LOCKED
9942,1803.638,-401418594608803,43331,100020,-28906.3,33901.0,8.6,-0.049,104567597,LOCKED
9943,1804.638,-401418594722777,-39563,17126,-28947.3,34253.4,8.6,-0.046,104545206,LOCKED
9944,1805.638,-401418594676485,35051,91740,-28975.0,33885.9,8.6,-0.055,104678534,LOCKED
9945,1806.639,-401418594792721,-47610,9079,-29121.8,34146.3,9.0,-0.048,104654859,LOCKED
9946,1807.638,-401418594775312,-1080,55609,-29120.0,34145.4,9.2,-0.071,104764851,LOCKED
9947,1808.638,-401418594774257,26090,82779,-29015.7,34028.0,9.2,-0.102,104852763,LOCKED
9948,1809.638,-401418594775899,51270,107959,-28993.3,34337.4,9.1,-0.089,104826839,LOCKED
9949,1810.639,-401418594867240,-10140,46549,-29022.5,34353.6,9.2,-0.105,104937374,LOCKED
9950,1811.638,-401418594868379,15773,72462,-28951.9,34259.3,9.2,-0.077,105027781,LOCKED
9951,1812.638,-401418594869352,38995,95684,-28783.0,33780.1,9.4,-0.065,105116391,LOCKED
9952,1813.638,-401418594991449,-50905,5784,-28866.0,34476.8,9.5,-0.079,105085715,LOCKED
9953,1814.638,-401418594993452,-23020,33669,-28877.9,34548.0,9.4,-0.062,105172910,LOCKED
9954,1815.659,-401418594963535,33944,90633,-28844.4,34795.6,9.2,-0.028,105292335,LOCKED
9955,1816.638,-401418594986183,37266,93955,-28765.2,35145.2,8.9,-0.036,105247184,LOCKED
9956,1817.638,-401418595102749,-48756,7933,-28771.4,35232.4,9.0,-0.052,105330385,LOCKED
9957,1818.639,-401418595093956,-8952,47737,-28866.6,34711.4,8.6,-0.057,105431447,LOCKED
9958,1819.638,-401418595092521,20452,77141,-28856.6,34764.8,8.7,-0.049,105519239,LOCKED
9959,1820.638,-401418595097898,42668,99357,-28865.6,34641.8,8.8,-0.059,105605407,LOCKED
9960,1821.638,-401418595209869,-36266,20423,-29010.2,34421.9,8.8,-0.060,105585855,LOCKED
9961,1822.638,-401418595216987,-13421,43268,-29034.7,34470.1,8.8,-0.053,105666198,LOCKED
9962,1823.638,-401418595227787,3179,59868,-28959.6,34049.9,8.8,-0.046,105745128,LOCKED
9963,1824.638,-401418595219029,39869,96558,-28975.6,33830.8,8.8,-0.047,105840541,LOCKED
9964,1825.638,-401418595292721,-5903,50786,-28913.8,33376.3,8.4,-0.048,105861290,LOCKED
9965,1826.638,-401418595291518,24436,81125,-28965.5,32732.3,8.3,-0.048,105951060,LOCKED
9966,1827.638,-401418595298360,42945,99634,-28859.3,33161.6,8.4,-0.054,105921686,LOCKED
9967,1828.642,-401418595400506,-29811,26878,-28835.7,32887.1,8.5,-0.048,106021508,LOCKED
9968,1829.638,-401418595391283,8562,65251,-28865.4,32724.7,8.4,-0.047,106123060,LOCKED
9969,1830.638,-401418595379501,45312,102001,-28749.3,33176.9,8.4,-0.048,106220869,LOCKED
9970,1831.642,-401418595495459,-40618,16071,-28744.5,33112.3,8.5,-0.051,106196359,LOCKED
9971,1832.638,-401418595494738,-8827,47862,-28844.1,32486.2,8.5,-0.052,106288648,LOCKED
9972,1845.639,-401430596129938,-11220247069,0,-19701996.1,1500000000.0,9.3,-0.059,-11894222185,LOCKED
9985,1846.639,-401418595840483,760416599,11980663668,-19035555.9,1500000000.0,9.4,-0.061,107288101,LOCKED
9986,1847.639,-401418595856641,740774540,11961021609,-18369140.1,1500000000.0,9.4,-0.056,382719087,LOCKED
9987,1848.639,-401418595962554,721046051,11941293120,-17702772.3,1500000000.0,9.5,-0.056,401040876,LOCKED
9988,1849.639,-401418595939608,701441864,11921688933,-17036270.0,1500000000.0,9.4,-0.050,418833578,LOCKED
9989,1850.639,-401418595930926,681822983,11902070052,-16369818.0,1500000000.0,9.4,-0.042,435825279,LOCKED
9990,1851.639,-401418596027516,662101773,11882348842,-15703409.3,1500000000.0,9.3,-0.033,452282231,LOCKED
9991,1852.639,-401418596025506,642475529,11862722598,-15036876.6,1500000000.0,9.3,-0.033,468048827,LOCKED
9992,1853.639,-401418596040106,622833868,11843080937,-14370437.7,1500000000.0,9.6,-0.020,483137812,LOCKED
9993,1854.640,-401418596155961,603094944,11823342013,-13704063.4,1500000000.0,9.6,-0.027,497453287,LOCKED
9994,1855.639,-401418596112236,583509002,11803756071,-13037484.9,1500000000.0,9.6,-0.024,511265984,LOCKED
9995,1856.640,-401418596218725,563776529,11784023598,-12370973.4,1500000000.0,10.0,-0.018,524256873,LOCKED
9996,1857.639,-401418596206859,544160199,11764407268,-11704429.4,1500000000.0,9.9,0.001,536709066,LOCKED
9997,1858.640,-401418596199601,524536098,11744783167,-11037794.8,1600000000.0,9.9,0.004,548488665,LOCKED
9998,1859.639,-401418596307438,504800762,11725047831,-10371233.9,1600000000.0,10.0,-0.009,559474227,LOCKED
9999,1860.640,-401418596309277,485171257,11705418326,-9704721.7,1600000000.0,9.8,0.000,569913072,LOCKED
10000,1861.640,-401418596291667,465556367,11685803436,-9038050.3,1600000000.0,10.0,-0.034,579696993,LOCKED
10001,1862.640,-401418596288985,445923687,11666170756,-8371295.2,1600000000.0,9.8,-0.021,588681754,LOCKED
10002,1863.640,-401418596389750,426193923,11646440992,-7704752.1,1600000000.0,9.8,-0.021,597133530,LOCKED
10003,1864.640,-401418596367328,406583502,11626830571,-7038107.7,1600000000.0,9.8,-0.006,604807251,LOCKED
10004,1865.640,-401418596438643,386880719,11607127788,-6371469.6,1600000000.0,9.8,0.009,611957948,LOCKED
10005,1866.640,-401418596440431,367245369,11587492438,-5704779.2,1600000000.0,9.8,0.006,618389266,LOCKED
10006,1867.640,-401418596547597,347509595,11567756664,-5038218.6,1600000000.0,9.8,0.006,624046844,LOCKED
10007,1868.640,-401418596531759,327891546,11548138615,-4371474.1,1600000000.0,9.8,0.001,629169269,LOCKED
10008,1869.640,-401418596530573,308256371,11528503440,-3704664.2,1600000000.0,9.8,-0.005,633602088,LOCKED
10009,1870.642,-401418596640386,288516586,11508763655,-3038053.8,1600000000.0,9.8,-0.000,637256383,LOCKED
10010,1871.640,-401418596620917,268902526,11489149595,-2371353.3,1600000000.0,9.8,-0.005,640381461,LOCKED
10011,1872.640,-401418596628963,249256587,11469503656,-1704474.4,1600000000.0,9.6,-0.012,642810387,LOCKED
10012,1873.641,-401418596628077,229619698,11449866767,-1037661.4,1600000000.0,9.3,-0.018,644575525,LOCKED
10013,1874.641,-401418596745242,209868812,11430115881,-370914.6,1600000000.0,9.3,-0.021,645559875,LOCKED
10014,1875.654,-401418596727086,190247999,11410495068,296009.9,1600000000.0,9.5,-0.032,646025465,LOCKED
10015,1876.640,-401418596721910,170614196,11390861265,962867.5,1600000000.0,9.2,-0.035,645661911,LOCKED
10016,1877.641,-401418596844431,150855843,11371102912,1629713.7,1600000000.0,9.2,-0.030,644761424,LOCKED
10017,1878.641,-401418596833418,131230628,11351477697,2296501.5,1600000000.0,9.2,-0.032,643202312,LOCKED
10018,1879.641,-401418596895472,111532456,11331779525,2963330.5,1600000000.0,9.1,-0.033,640968261,LOCKED
10019,1880.641,-401418596824686,91959010,11312206079,3630395.1,1600000000.0,8.8,-0.033,637957835,LOCKED
10020,1881.640,-401418596942047,72201742,11292448811,4297378.4,1600000000.0,8.8,-0.035,634392233,LOCKED
10021,1882.640,-401418596896186,52604208,11272851277,4964402.5,1600000000.0,8.7,-0.035,630087536,LOCKED
10022,1883.641,-401418597013698,32847653,11253094722,5631344.8,1600000000.0,8.4,-0.029,625183828,LOCKED
10023,1884.642,-401418596996076,13221603,11233468672,6298433.6,1600000000.0,8.2,-0.032,619635806,LOCKED
10024,1885.641,-401418597073819,-6494174,11213752895,6965306.1,1600000000.0,8.1,-0.031,613322302,LOCKED
10025,1886.641,-401418597059459,-26122128,11194124941,7632314.5,1600000000.0,8.2,-0.026,606432361,LOCKED
10026,1887.641,-401418597062022,-45771223,11174475846,8299484.3,1600000000.0,8.1,-0.025,598742748,LOCKED
10027,1888.641,-401418597155351,-65507700,11154739369,8966579.2,1600000000.0,8.2,-0.023,590530837,LOCKED
10028,1889.641,-401418597141553,-85137618,11135109451,9633619.7,1600000000.0,7.8,-0.016,581639677,LOCKED
10029,1890.641,-401418597151343,-104794122,11115452947,10300772.4,1600000000.0,7.7,-0.014,571942657,LOCKED
10030,1891.642,-401418597242901,-124529862,11095717207,10967891.8,1600000000.0,7.6,-0.012,561733643,LOCKED
10031,1892.642,-401418597233899,-144168973,11076078096,11635136.3,1500000000.0,7.7,-0.011,550834238,LOCKED
10032,1893.642,-401418597237317,-163820051,11056427018,12302304.1,1500000000.0,7.6,-0.008,539137259,LOCKED
10033,1894.641,-401418597351638,-183577684,11036669385,12969385.1,1500000000.0,7.7,-0.003,526898681,LOCKED
10034,1895.641,-401418597302779,-203178454,11017068615,13636646.6,1500000000.0,7.7,-0.004,514035165,LOCKED
10035,1896.641,-401418597322434,-222850154,10997396915,14304005.9,1500000000.0,8.1,0.002,500329115,LOCKED
10036,1897.642,-401418597418596,-242593099,10977653970,14971199.6,1500000000.0,8.4,0.009,486106431,LOCKED
10037,1898.642,-401418597431746,-262255702,10957991367,15638492.0,1500000000.0,8.9,0.009,471184861,LOCKED
10038,1899.642,-401418597423729,-281900940,10938346129,16305904.8,1500000000.0,8.8,0.013,455615660,LOCKED
10039,1900.642,-401418597536522,-301659732,10918587337,16973077.7,1500000000.0,8.8,0.019,439256857,LOCKED
10040,1901.642,-401418597537884,-321310815,10898936254,17640382.6,1500000000.0,8.7,0.024,422340473,LOCKED
10041,1902.642,-401418597602474,-341024836,10879222233,18307721.0,1500000000.0,8.8,0.023,404699359,LOCKED
10042,1903.642,-401418597571667,-360645243,10859601826,18975036.8,1500000000.0,9.2,0.021,386485283,LOCKED
10043,1904.642,-401418597554253,-380283603,10839963466,19642497.8,1500000000.0,9.2,0.019,367467473,LOCKED
10044,1905.642,-401418597619180,17714,11220264783,-30092.8,35320.7,9.4,0.007,347938792,LOCKED
10045,1906.642,-401418597690753,-22919,11220224150,-30096.3,35343.4,9.7,0.001,327628872,LOCKED
10046,1907.642,-401418597658975,35238,11220282307,-29972.3,35338.4,9.8,-0.004,347275311,LOCKED
10047,1908.642,-401418597747333,-20419,11220226650,-30072.4,35094.9,9.8,-0.010,347386405,LOCKED
10048,1909.642,-401418597731079,23789,11220270858,-30007.9,35198.8,9.8,-0.017,347496459,LOCKED
10049,1910.642,-401418597840820,-54089,11220192980,-30008.9,35215.9,10.1,-0.015,347478442,LOCKED
10050,1911.644,-401418597816998,135,11220247204,-30028.5,35182.4,10.3,0.008,347593759,LOCKED
10051,1912.642,-401418597892932,-43459,11220203610,-30069.7,35571.0,10.5,0.027,347609417,LOCKED
10052,1913.643,-401418597891097,-11978,11220235091,-30028.9,35284.9,10.5,0.040,347699860,LOCKED
10053,1914.642,-401418597880895,28034,11220275103,-30064.9,34871.9,10.3,0.026,347801973,LOCKED
10054,1915.642,-401418597973935,-33431,11220213638,-30083.4,35028.9,10.3,0.010,347801562,LOCKED
10055,1916.642,-401418597969906,2408,11220249477,-30172.4,34279.0,10.5,0.021,347894252,LOCKED
10056,1917.642,-401418597956716,43285,11220290354,-30122.3,34721.9,10.4,0.015,347999328,LOCKED
10057,1918.643,-401418598073842,-41649,11220205420,-30154.7,35038.3,10.4,0.009,347973031,LOCKED
10058,1919.643,-401418598074003,-9085,11220237984,-30265.9,34273.8,10.6,0.035,348059513,LOCKED
10059,1920.643,-401418598112053,-14771,11220232298,-30344.5,34089.1,10.3,0.054,348148902,LOCKED
10060,1921.643,-401418598060252,62484,11220309553,-30208.1,35067.8,10.3,0.056,348260680,LOCKED
10061,1922.642,-401418598154253,-2940,11220244129,-30123.0,34366.5,10.0,0.070,348258683,LOCKED
10062,1923.643,-401418598141787,37594,11220284663,-30084.6,34678.2,10.0,0.081,348361777,LOCKED
10063,1924.643,-401418598242158,-31802,11220215267,-30075.4,34581.8,10.0,0.071,348352028,LOCKED
10064,1925.643,-401418598198929,38895,11220285964,-30012.0,34980.8,10.0,0.070,348486291,LOCKED
10065,1926.643,-401418598212066,51254,11220298323,-29875.3,35482.0,10.2,0.061,348455541,LOCKED
10066,1927.643,-401418598305259,-9715,11220237354,-29974.6,34930.1,10.3,0.054,348563300,LOCKED
10067,1928.644,-401418598283233,39693,11220286762,-29913.3,35337.7,10.2,0.054,348674636,LOCKED
10068,1929.643,-401418598291838,56119,11220303188,-29766.8,35957.2,10.3,0.060,348646713,LOCKED
10069,1930.643,-401418598390564,-10383,11220236686,-29870.3,35372.7,10.4,0.066,348751987,LOCKED
10070,1931.643,-401418598375782,32144,11220279213,-29819.3,35638.6,10.3,0.065,348857965,LOCKED
10071,1932.644,-401418598477736,-38045,11220209024,-29851.7,35912.4,10.3,0.069,348843573,LOCKED
10072,1933.645,-401418598460753,6539,11220253608,-29751.9,35266.2,10.3,0.073,348950905,LOCKED
10073,1934.645,-401418598451332,43850,11220290919,-29733.4,35478.2,10.2,0.071,349052802,LOCKED
10074,1935.643,-401418598548443,-22459,11220224610,-29748.5,35559.5,9.8,0.067,349044903,LOCKED
10075,1936.643,-401418598551416,2406,11220249475,-29658.5,34935.2,9.7,0.064,349134209,LOCKED
10076,1937.644,-401418598543598,38638,11220285707,-29661.7,34897.1,9.8,0.060,349234367,LOCKED
10077,1938.644,-401418598538815,68371,11220315440,-29544.0,36110.7,9.7,0.057,349214322,LOCKED
10078,1939.643,-401418598627561,9619,11220256688,-29582.2,35882.1,9.6,0.054,349333198,LOCKED
10079,1940.644,-401418598621127,40429,11220287498,-29393.5,35135.9,9.5,0.051,349425645,LOCKED
10080,1941.644,-401418598736665,-42252,11220204817,-29493.4,35545.2,9.4,0.048,349401272,LOCKED
10081,1942.644,-401418598743799,-20537,11220226532,-29427.5,34770.0,9.3,0.044,349488899,LOCKED
10082,1943.644,-401418598743380,9593,11220256662,-29457.5,34605.6,9.4,0.042,349577495,LOCKED
10083,1944.644,-401418598731974,46545,11220293614,-29342.7,35084.3,8.9,0.034,349675854,LOCKED
10084,1945.644,-401418598827121,-17123,11220229946,-29419.2,34976.3,8.8,0.029,349672743,LOCKED
10085,1946.644,-401418598821914,15872,11220262941,-29365.4,34985.0,8.9,0.027,349767746,LOCKED
10086,1947.644,-401418598808095,53776,11220300845,-29195.4,35254.1,8.8,0.022,349869656,LOCKED
10087,1948.644,-401418598933865,-39482,11220207587,-29292.7,35593.2,8.8,0.021,349835753,LOCKED
10088,1949.644,-401418598921632,1092,11220248161,-29247.7,35436.8,9.0,0.020,349939567,LOCKED
10089,1950.644,-401418598943825,6091,11220253160,-29156.8,34897.4,8.7,0.007,350023407,LOCKED
10090,1951.644,-401418599022943,-40576,11220206493,-29251.1,35284.0,8.8,0.006,350015420,LOCKED
10091,1952.644,-401418599052617,-39088,11220207981,-29279.9,35548.1,8.7,-0.001,350111063,LOCKED
10092,1953.644,-401418598994194,43830,11220290899,-29117.7,35431.2,8.8,-0.002,350228412,LOCKED
10093,1954.644,-401418599095317,-25291,11220221778,-29217.4,35338.3,8.6,-0.011,350221163,LOCKED
10094,1955.644,-401418599044512,49725,11220296794,-29054.0,35491.2,8.5,-0.003,350357503,LOCKED
10095,1956.645,-401418599157920,-34298,11220212771,-29013.2,34930.0,8.4,0.005,350336188,LOCKED
10096,1957.644,-401418599140094,11951,11220259020,-29004.0,34955.6,8.3,0.015,350441689,LOCKED
10097,1958.644,-401418599123836,53190,11220300259,-28894.9,35672.9,8.1,0.004,350546495,LOCKED
10098,1959.645,-401418599241673,-35044,11220212025,-28871.3,35381.2,8.1,0.003,350523265,LOCKED
10099,1960.645,-401418599221623,14085,11220261154,-28905.0,35143.1,8.1,-0.007,350626645,LOCKED
10100,1961.645,-401418599213750,47808,11220294877,-28834.4,35723.0,8.3,-0.005,350726941,LOCKED
10101,1962.645,-401418599327792,-33563,11220213506,-28967.2,35554.8,8.3,-0.012,350703446,LOCKED
10102,1963.645,-401418599322337,353,11220247422,-28942.9,35507.6,8.4,-0.030,350798225,LOCKED
10103,1964.645,-401418599307855,38905,11220285974,-28768.1,34935.8,8.4,-0.031,350902351,LOCKED
10104,1965.645,-401418599376442,-1864,0,-28718.3,34694.2,8.4,-0.031,350922276,LOCKED
10105,1966.645,-401418599389203,13529,15393,-28713.0,34713.2,8.5,-0.044,351005655,LOCKED
10106,1967.645,-401418599381413,45122,46986,-28546.8,34598.1,8.5,-0.058,350986726,LOCKED
10107,1968.646,-401418599466743,-10734,0,-28574.5,34621.9,8.8,-0.087,351102252,LOCKED
10108,1969.645,-401418599461921,19887,30621,-28471.2,34320.1,8.8,-0.068,351196031,LOCKED
10109,1970.645,-401418599471294,37744,48478,-28473.0,34298.2,8.6,-0.079,351163840,LOCKED
10110,1971.646,-401418599559848,-21289,0,-28489.1,34380.4,8.4,-0.089,351275625,LOCKED
10111,1972.645,-401418599567358,885,22174,-28549.3,34046.1,8.5,-0.082,351357138,LOCKED
10112,1973.645,-401418599594990,1927,23216,-28558.7,34032.9,8.5,-0.087,351422583,LOCKED
10113,1974.646,-401418599585372,36460,57749,-28440.3,34131.5,8.4,-0.090,351520382,LOCKED
10114,1975.645,-401418599654084,-2561,18728,-28497.5,33888.0,8.5,-0.104,351540830,LOCKED
10115,1976.646,-401418599655282,23121,44410,-28456.5,34033.1,8.4,-0.117,351628505,LOCKED
10116,1977.646,-401418599761304,-52329,0,-28473.3,34278.9,8.4,-0.119,351612618,LOCKED
10117,1978.646,-401418599749877,-10128,42201,-28569.6,33763.0,8.3,-0.128,351712053,LOCKED
10118,1979.646,-401418599741807,25450,77779,-28559.8,33832.1,8.2,-0.136,351811176,LOCKED
10119,1980.646,-401418599855390,-54706,0,-28708.0,34400.5,8.2,-0.136,351789819,LOCKED
10120,1981.646,-401418599835175,-6962,47744,-28638.4,33825.1,8.1,-0.142,351900564,LOCKED
10121,1982.646,-401418599860970,-3327,51379,-28671.7,33760.8,7.7,-0.141,351990829,LOCKED
10122,1983.646,-401418599933579,-44999,9707,-28708.2,34151.3,8.3,-0.153,351956452,LOCKED
10123,1984.646,-401418599950686,-29647,25059,-28843.2,33781.1,8.4,-0.157,352051758,LOCKED
10124,1985.646,-401418599905436,40877,95583,-28735.8,34122.2,8.4,-0.158,352189100,LOCKED
10125,1986.646,-401418600006569,-30765,23941,-28721.7,33970.1,8.9,-0.168,352181459,LOCKED
10126,1987.646,-401418600026208,-19471,35235,-28797.9,33916.2,9.0,-0.171,352273296,LOCKED
10127,1988.646,-401418600087149,-49072,5634,-28841.2,34405.1,8.8,-0.171,352373018,LOCKED
10128,1989.646,-401418600085743,-19088,35618,-28796.4,33966.6,8.6,-0.171,352364691,LOCKED
10129,1990.646,-401418600072953,21799,76505,-28798.3,33953.3,9.0,-0.176,352468945,LOCKED
10130,1991.646,-401418600167459,-41716,12990,-28836.6,34316.7,8.8,-0.174,352463735,LOCKED
10131,1992.646,-401418600145041,10697,65403,-28911.4,33574.6,8.5,-0.171,352580506,LOCKED
10132,1993.646,-401418600140187,41930,96636,-28856.8,34022.5,8.5,-0.169,352672033,LOCKED
10133,1994.646,-401418600246972,-34598,20108,-28868.0,34130.7,8.5,-0.168,352658823,LOCKED
10134,1995.647,-401418600199896,39967,94673,-28866.8,34145.4,8.5,-0.166,352792477,LOCKED
10135,1996.646,-401418600314973,-42747,11959,-28967.5,34577.8,8.5,-0.167,352764856,LOCKED
10136,1997.647,-401418600297294,2994,57700,-28928.0,34478.2,8.4,-0.164,352874184,LOCKED
10137,1998.646,-401418600282504,41851,96557,-28758.6,34144.1,8.4,-0.161,352975630,LOCKED
10138,1999.647,-401418600400874,-44656,10050,-28836.9,34678.4,8.8,-0.161,352950733,LOCKED
10139,2000.647,-401418600398405,-13606,41100,-28801.6,34424.4,8.8,-0.157,353040350,LOCKED
10140,2001.647,-401418600381994,31256,85962,-28836.5,33982.2,8.8,-0.154,353148236,LOCKED
10141,2002.647,-401418600483725,-37867,16839,-28958.8,34095.0,9.0,-0.156,353137819,LOCKED
10142,2003.647,-401418600502908,-26062,28644,-29015.2,34268.2,9.0,-0.153,353209080,LOCKED
10143,2004.647,-401418600490659,13115,67821,-28934.4,34021.0,9.1,-0.148,353306985,LOCKED
10144,2005.647,-401418600565011,-29186,25520,-29039.0,34000.1,9.1,-0.151,353323297,LOCKED
10145,2006.647,-401418600559244,5234,59940,-29028.7,34007.4,9.0,-0.147,353422509,LOCKED
10146,2007.647,-401418600550234,39002,93708,-28883.8,33902.2,9.0,-0.141,353518250,LOCKED
10147,2008.647,-401418600656804,-34543,20163,-29029.8,33578.3,9.1,-0.144,353500278,LOCKED
10148,2009.647,-401418600649770,1826,56532,-29047.9,33538.8,9.2,-0.140,353597606,LOCKED
10149,2010.647,-401418600635719,42206,96912,-28984.5,34015.1,9.2,-0.131,353702389,LOCKED
10150,2011.648,-401418600638470,65826,120532,-28965.7,34364.8,9.2,-0.135,353679283,LOCKED
10151,2012.648,-401418600740623,-4973,49733,-29074.9,33479.1,9.3,-0.124,353782007,LOCKED
10152,2013.648,-401418600735565,26396,81102,-28983.0,33484.3,9.3,-0.143,353876559,LOCKED
10153,2014.648,-401418600736404,52438,107144,-28967.0,33723.2,9.3,-0.130,353854504,LOCKED
10154,2015.648,-401418600787703,26972,81678,-28857.9,33581.5,9.2,-0.118,354004244,LOCKED
10155,2016.648,-401418600804540,37986,92692,-28871.7,33399.8,9.3,-0.092,353975182,LOCKED
10156,2017.648,-401418600898037,-24874,29832,-28917.0,33569.9,9.2,-0.080,354077162,LOCKED
10157,2018.648,-401418600944304,-40919,13787,-28913.0,33516.6,9.1,-0.067,354162428,LOCKED
10158,2019.648,-401418600883709,46901,101607,-28908.2,33585.4,8.9,-0.052,354156010,LOCKED
10159,2020.648,-401418600971455,-11274,43432,-28922.0,33617.1,9.0,-0.039,354269117,LOCKED
10160,2021.648,-401418600949041,36123,90829,-28788.4,33535.2,9.2,-0.052,354384015,LOCKED
10161,2022.649,-401418601061032,-42647,12059,-28935.4,33569.8,9.1,-0.057,354359927,LOCKED
10162,2023.651,-401418601044169,3318,58024,-28949.1,33538.7,9.2,-0.049,354468013,LOCKED
10163,2024.649,-401418601036754,36047,90753,-28830.4,33620.7,9.3,-0.063,354566713,LOCKED
10164,2025.649,-401418601135287,-31313,23393,-28893.4,33882.7,9.3,-0.065,354556711,LOCKED
10165,2026.649,-401418601148687,-15126,39580,-28902.3,33917.4,9.4,-0.076,354639582,LOCKED
10166,2027.649,-401418601138617,20732,75438,-28783.7,33432.5,9.4,-0.069,354739157,LOCKED
10167,2028.650,-401418601142002,43318,98024,-28717.6,33937.5,9.4,-0.069,354709262,LOCKED
10168,2029.648,-401418601228100,-14116,40590,-28691.4,33761.7,9.5,-0.062,354829142,LOCKED
10169,2030.650,-401418601217886,21514,76220,-28566.2,33203.6,9.1,-0.063,354928564,LOCKED
10170,2031.649,-401418601233628,32300,87006,-28519.8,33482.6,9.1,-0.064,354891067,LOCKED
10171,2032.649,-401418601333113,-36681,18025,-28556.3,33782.1,9.1,-0.058,354995919,LOCKED
10172,2033.649,-401418601349631,-23594,31112,-28568.5,33858.6,8.7,-0.058,355070398,LOCKED
10173,2034.649,-401418601348024,4316,59022,-28464.3,33025.9,8.7,-0.058,355161169,LOCKED
10174,2035.649,-401418601429988,-46614,8092,-28512.9,33529.3,8.6,-0.058,355168358,LOCKED
10175,2036.650,-401418601437805,-25761,28945,-28477.7,33131.9,8.8,-0.064,355246505,LOCKED
10176,2037.649,-401418601429982,10836,65542,-28510.4,32922.6,8.9,-0.060,355348473,LOCKED
10177,2038.649,-401418601422608,43388,98094,-28418.8,33424.2,8.8,-0.059,355328885,LOCKED
10178,2039.649,-401418601519514,-25050,29656,-28379.5,32972.4,8.8,-0.060,355431470,LOCKED
10179,2040.650,-401418601521692,2254,56960,-28437.4,32623.2,8.8,-0.061,355521211,LOCKED
10180,2041.650,-401418601619507,-63124,0,-28528.9,33697.7,8.9,-0.064,355515344,LOCKED
10181,2042.649,-401418601610888,-24694,38430,-28550.8,33823.5,8.9,-0.065,355611030,LOCKED
10182,2043.650,-401418601609993,5505,68629,-28597.0,33553.6,8.9,-0.060,355703085,LOCKED
10183,2044.650,-401418601605372,36952,100076,-28571.5,33790.0,8.7,-0.065,355684830,LOCKED
10184,2045.650,-401418601681095,-11241,51883,-28501.5,33103.1,8.7,-0.066,355811718,LOCKED
10185,2046.649,-401418601673707,23655,86779,-28492.2,33165.6,8.7,-0.062,355909244,LOCKED
10186,2047.650,-401418601782681,-52802,10322,-28602.1,33905.2,8.4,-0.068,355884282,LOCKED
10187,2048.650,-401418601783858,-22233,40891,-28719.6,33491.6,8.5,-0.068,355976143,LOCKED
10188,2049.650,-401418601797804,-6356,56768,-28763.3,33407.6,8.6,-0.068,356053484,LOCKED
10189,2050.650,-401418601787758,29628,92752,-28673.7,33522.6,8.6,-0.069,356153899,LOCKED
10190,2051.650,-401418601824572,21484,84608,-28709.4,33166.6,8.4,-0.076,356110499,LOCKED
10191,2052.650,-401418601904262,-27817,35307,-28745.6,33366.8,8.3,-0.080,356213537,LOCKED
10192,2053.650,-401418601966739,-58888,4236,-28778.2,33873.1,8.3,-0.083,356304460,LOCKED
10193,2054.650,-401418601897746,37589,100713,-28777.3,33884.3,8.3,-0.080,356287243,LOCKED
10194,2055.650,-401418601964233,-1366,61758,-28713.8,33498.3,8.3,-0.085,356425903,LOCKED
10195,2056.650,-401418602035882,-39880,23244,-28864.7,33347.8,8.3,-0.082,356402623,LOCKED
10196,2057.650,-401418602076212,-47863,15261,-28956.2,33970.2,8.5,-0.079,356488906,LOCKED
10197,2058.651,-401418602068361,-11584,51540,-28910.9,33624.6,8.5,-0.075,356591333,LOCKED
10198,2059.651,-401418602054392,30922,94046,-28944.0,33203.1,8.7,-0.070,356695945,LOCKED
10199,2060.650,-401418602157141,-39402,23722,-29049.6,33512.7,8.4,-0.084,356684623,LOCKED
10200,2061.651,-401418602143291,2543,65667,-29006.9,33383.2,8.4,-0.081,356788025,LOCKED
10201,2062.650,-401418602135497,38429,101553,-29025.9,33118.9,8.4,-0.089,356885557,LOCKED
10202,2063.650,-401418602154665,46530,109654,-29017.1,33241.8,8.2,-0.075,356955929,LOCKED
10203,2064.651,-401418602258059,-25987,37137,-29065.3,33427.9,8.2,-0.082,356939164,LOCKED
10204,2065.651,-401418602216774,43072,106196,-29073.5,33309.5,8.1,-0.094,357072021,LOCKED
10205,2066.651,-401418602243547,42913,106037,-29024.1,33756.2,8.4,-0.063,357023946,LOCKED
10206,2067.651,-401418602332973,-17145,45979,-29012.4,33681.6,8.4,-0.054,357137582,LOCKED
10207,2068.651,-401418602328519,17017,80141,-29075.0,32993.3,8.3,-0.046,357229590,LOCKED
10208,2069.652,-401418602335913,36837,99961,-29044.9,33263.4,8.4,-0.068,357314776,LOCKED
10209,2070.651,-401418602441483,-37887,25237,-29070.3,33508.8,8.1,-0.043,357296931,LOCKED
10210,2071.651,-401418602437657,-6332,56792,-28993.8,32825.6,8.0,-0.050,357389356,LOCKED
10211,2072.651,-401418602449394,10879,74003,-29009.7,32747.2,8.0,-0.040,357469258,LOCKED
10212,2073.653,-401418602443360,42498,105622,-28912.1,33204.0,8.0,-0.049,357453749,LOCKED
10213,2074.651,-401418602532878,-18385,44739,-28867.9,32766.1,7.8,-0.044,357568217,LOCKED
10214,2075.651,-401418602509642,30740,93864,-28772.6,32875.3,7.9,-0.055,357566871,LOCKED
10215,2076.651,-401418602614211,-43402,19722,-28781.6,32992.9,7.9,-0.054,357667046,LOCKED
10216,2077.651,-401418602623764,-21756,41368,-28864.2,32945.6,7.8,-0.055,357747730,LOCKED
10217,2078.651,-401418602620766,10958,74082,-28924.4,32400.8,7.8,-0.054,357843102,LOCKED
10218,2079.651,-401418602618132,38369,101493,-28784.4,32330.1,7.8,-0.053,357934263,LOCKED
10219,2080.651,-401418602739490,-50239,12885,-28895.7,32993.2,7.9,-0.061,357900445,LOCKED
10220,2081.651,-401418602730272,-12515,50609,-28855.6,32686.0,7.9,-0.069,357999923,LOCKED
10221,2082.652,-401418602726229,20583,83707,-28899.7,32211.5,7.7,-0.067,358092540,LOCKED
10222,2083.651,-401418602732631,40360,103484,-28833.2,32672.8,7.7,-0.066,358064550,LOCKED
10223,2084.651,-401418602844365,-40943,22181,-28843.5,32798.4,7.7,-0.072,358156703,LOCKED
10224,2085.652,-401418602792328,38461,101585,-28835.1,32896.1,7.7,-0.065,358294098,LOCKED
10225,2086.651,-401418602817320,40192,103316,-28798.2,33244.1,7.9,-0.059,358249512,LOCKED
10226,2087.651,-401418602913486,-26068,37056,-28809.2,33323.7,7.8,-0.055,358355133,LOCKED
10227,2088.652,-401418602905413,8588,71712,-28714.0,32762.2,7.9,-0.059,358455523,LOCKED
10228,2089.652,-401418602935042,7448,70572,-28715.4,32758.8,7.9,-0.053,358540342,LOCKED
10229,2090.652,-401418603018152,-44907,18217,-28740.9,33064.9,8.1,-0.049,358525759,LOCKED
10230,2091.652,-401418603045962,-42580,20544,-28738.5,33032.8,8.1,-0.049,358615297,LOCKED
10231,2092.652,-401418603007156,24185,87309,-28740.5,33017.4,8.0,-0.047,358710873,LOCKED
10232,2093.652,-401418603098380,-35342,27782,-28827.0,33310.3,8.1,-0.044,358664993,LOCKED
10233,2094.652,-401418603138930,-44479,18645,-28880.0,33798.3,8.2,-0.042,358760145,LOCKED
10234,2095.652,-401418603184169,-55567,7557,-29046.6,34213.4,8.3,-0.040,358909507,LOCKED
10235,2096.652,-401418603188655,-28225,34899,-29136.3,34286.0,8.1,-0.044,358892771,LOCKED
10236,2097.652,-401418603217680,-26665,36459,-29163.1,34441.9,8.1,-0.039,358977611,LOCKED
10237,2098.652,-401418603177466,38341,101465,-29012.1,34223.5,8.4,-0.042,359079034,LOCKED
10238,2099.652,-401418603281645,-33917,29207,-29098.6,34468.5,8.4,-0.044,359068622,LOCKED
10239,2100.653,-401418603272226,3994,67118,-29075.4,34450.0,8.3,-0.052,359166457,LOCKED
10240,2101.653,-401418603253809,50096,113220,-29090.6,34197.4,8.3,-0.054,359273651,LOCKED
10241,2102.653,-401418603366354,-30411,32713,-29184.8,34299.9,8.3,-0.050,359250742,LOCKED
10242,2103.660,-401418603363900,1013,64137,-29175.9,34295.8,8.3,-0.052,359346454,LOCKED
10243,2104.653,-401418603352090,37996,101120,-29042.4,34292.4,8.4,-0.055,359447119,LOCKED
10244,2105.653,-401418603451270,-29902,33222,-29102.7,34526.5,8.5,-0.051,359438706,LOCKED
10245,2106.653,-401418603449241,130,63254,-29048.9,34275.5,8.5,-0.053,359529192,LOCKED
10246,2107.653,-401418603444004,33751,96875,-29072.4,33981.6,8.4,-0.048,359627192,LOCKED
10247,2108.652,-401418603458649,45758,108882,-29029.7,34422.9,8.3,-0.043,359586157,LOCKED
10248,2109.653,-401418603546403,-11918,51206,-29061.3,34450.8,8.3,-0.037,359700459,LOCKED
10249,2110.653,-401418603521945,37826,100950,-28938.7,34557.7,8.4,-0.030,359813476,LOCKED
10250,2111.655,-401418603638743,-47707,15417,-28973.6,34956.2,8.4,-0.032,359787358,LOCKED
10251,2112.653,-401418603634341,-12644,50480,-29035.5,34862.7,8.4,-0.022,359883160,LOCKED
10252,2113.654,-401418603628283,22927,86051,-29097.2,34099.5,8.4,-0.023,359976806,LOCKED
10253,2114.655,-401418603627276,48359,111483,-28948.1,34366.1,8.6,-0.027,360070486,LOCKED
10254,2115.666,-401418603709951,-5135,57989,-28951.0,34369.9,8.5,-0.030,360075522,LOCKED
10255,2116.653,-401418603707173,26171,89295,-28973.8,34141.2,8.5,-0.024,360170675,LOCKED
10256,2117.654,-401418603708394,52161,115285,-28974.1,34136.8,8.7,-0.009,360254000,LOCKED
10257,2118.653,-401418603832363,-39473,23651,-29073.6,34475.3,8.6,-0.010,360222607,LOCKED
10258,2119.655,-401418603828177,-6581,56543,-29044.5,34343.2,8.7,0.000,360316383,LOCKED
10259,2120.654,-401418603822911,27565,90689,-29082.4,33895.2,8.6,0.024,360413373,LOCKED
10260,2121.654,-401418603826693,49717,112841,-29010.4,34541.0,8.5,0.048,360386162,LOCKED
10261,2122.653,-401418603933027,-26788,36336,-29006.0,34503.3,8.6,0.088,360480936,LOCKED
10262,2123.653,-401418603949851,-14997,48127,-28961.8,34129.1,8.6,0.100,360555631,LOCKED
10263,2124.654,-401418603958029,6475,69599,-29006.4,33863.6,8.4,0.148,360640046,LOCKED
10264,2125.654,-401418604013936,-20309,42815,-28978.3,33615.3,8.5,0.160,360671632,LOCKED
10265,2126.654,-401418604017958,3000,66124,-28902.3,33167.9,8.5,0.161,360758253,LOCKED
10266,2127.655,-401418604015572,32634,95758,-28875.3,33380.6,8.4,0.162,360847169,LOCKED
10267,2128.654,-401418604068354,7625,70749,-28833.8,33325.5,8.1,0.165,360919440,LOCKED
10268,2129.654,-401418604129040,-23948,39176,-28807.6,33065.1,8.3,0.174,360913863,LOCKED
10269,2130.654,-401418604163649,-26613,36511,-28917.5,32900.0,8.4,0.183,361010674,LOCKED
10270,2131.654,-401418604116827,46157,109281,-28848.4,33479.2,8.3,0.182,360996261,LOCKED
10271,2132.655,-401418604201398,-9328,53796,-28844.5,33466.5,8.4,0.189,361115678,LOCKED
10272,2133.655,-401418604173555,42717,105841,-28687.4,33363.5,8.4,0.189,361230885,LOCKED
10273,2134.654,-401418604285774,-37855,25269,-28769.9,33734.3,8.2,0.194,361209291,LOCKED
10274,2135.654,-401418604230733,41605,104729,-28625.3,33751.2,8.3,0.199,361353458,LOCKED
10275,2136.654,-401418604348534,-43451,19673,-28755.4,34007.4,8.3,0.198,361323078,LOCKED
10276,2137.655,-401418604328292,5694,68818,-28772.2,33953.1,8.4,0.202,361428388,LOCKED
10277,2138.654,-401418604321466,38085,101209,-28678.0,34278.9,8.3,0.201,361528468,LOCKED
10278,2139.656,-401418604432236,-42793,20331,-28666.3,34114.1,8.1,0.203,361509451,LOCKED
10279,2140.654,-401418604417569,1884,65008,-28735.6,33649.5,7.8,0.199,361617261,LOCKED
10280,2141.654,-401418604402548,42880,106004,-28671.3,34139.2,7.8,0.198,361721484,LOCKED
10281,2142.654,-401418604514670,-38853,24271,-28691.0,34340.6,7.7,0.196,361700715,LOCKED
10282,2143.659,-401418604515620,-12070,51054,-28623.8,33691.1,7.4,0.192,361787927,LOCKED
10283,2144.655,-401418604506194,25278,88402,-28631.4,33625.9,7.6,0.190,361887647,LOCKED
10284,2145.655,-401418604581110,-21304,41820,-28581.2,33063.0,7.5,0.191,361901843,LOCKED
10285,2146.657,-401418604588071,-1577,61547,-28485.5,32171.1,7.4,0.193,361990052,LOCKED
10286,2147.657,-401418604578233,34611,97735,-28438.2,32496.1,7.3,0.186,362081001,LOCKED
10287,2148.656,-401418604700643,-56487,6637,-28485.4,33146.6,7.2,0.188,362052553,LOCKED
10288,2149.657,-401418604694380,-21274,41850,-28472.7,33046.8,7.1,0.191,362149778,LOCKED
10289,2150.655,-401418604687970,13555,76679,-28492.7,32924.3,7.3,0.188,362241316,LOCKED
10290,2151.656,-401418604692769,35677,98801,-28474.8,33098.1,7.4,0.185,362213573,LOCKED
10291,2152.656,-401418604773919,-17269,45855,-28432.8,32704.3,7.4,0.188,362333911,LOCKED
10292,2153.658,-401418604785488,263,63387,-28466.1,32599.6,7.9,0.190,362412339,LOCKED
10293,2154.656,-401418604783455,29851,92975,-28471.0,32549.6,7.8,0.194,362502351,LOCKED
10294,2155.657,-401418604853002,-8807,54317,-28575.3,31836.9,7.9,0.193,362522883,LOCKED
10295,2156.655,-401418604859463,13456,76580,-28605.0,31621.0,7.8,0.199,362608473,LOCKED
10296,2157.657,-401418604858568,41244,104368,-28589.6,31809.3,7.6,0.206,362700595,LOCKED
10297,2158.656,-401418604982190,-51476,11648,-28617.5,32208.3,7.8,0.199,362667427,LOCKED
10298,2159.657,-401418604978163,-16295,46829,-28715.1,31838.7,7.8,0.199,362760615,LOCKED
10299,2160.657,-401418604959106,29582,92706,-28671.2,32085.2,7.9,0.191,362867870,LOCKED
10300,2161.657,-401418605075055,-55387,3501,-28692.4,32426.6,8.1,0.189,362843305,LOCKED
10301,2162.657,-401418605078245,-26623,32265,-28808.4,32182.7,8.4,0.187,362929330,LOCKED
10302,2163.657,-401418605066582,13346,72234,-28806.0,32192.7,8.6,0.184,363036254,LOCKED
10303,2164.657,-401418605074200,31346,90234,-28701.4,32244.9,9.1,0.167,363003364,LOCKED
10304,2165.656,-401418605120320,14325,73213,-28744.9,31864.0,9.7,0.171,363159192,LOCKED
10305,2166.656,-401418605125028,36219,95107,-28699.9,32209.6,10.9,0.158,363245597,LOCKED
10306,2167.657,-401418605242421,-49860,9028,-28745.3,32752.4,11.4,0.146,363219544,LOCKED
10307,2168.657,-401418605238164,-17027,41861,-28708.6,32427.2,11.7,0.176,363314012,LOCKED
10308,2169.656,-401418605218953,29520,88408,-28690.3,32571.2,11.7,0.166,363421597,LOCKED
10309,2170.657,-401418605340121,-59991,0,-28736.2,33259.3,11.5,0.142,363388661,LOCKED
10310,2171.660,-401418605337651,-25111,34880,-28875.0,32618.1,11.5,0.134,363485354,LOCKED
10311,2172.656,-401418605368860,-24813,35178,-28963.1,32609.4,11.2,0.108,363575163,LOCKED
10312,2173.659,-401418605423770,-47690,12301,-29034.5,33232.8,11.3,0.113,363557563,LOCKED
10313,2174.660,-401418605434855,-28999,30992,-29022.7,33111.0,11.4,0.134,363656604,LOCKED
10314,2175.656,-401418605395135,37707,97698,-28985.4,33430.2,11.3,0.122,363672978,LOCKED
10315,2176.658,-401418605468713,-6956,53035,-28970.3,33377.0,11.3,0.124,363802344,LOCKED
10316,2177.657,-401418605515563,-24691,35300,-28936.3,33005.7,11.4,0.113,363895077,LOCKED
10317,2178.658,-401418605462557,55153,115144,-28925.0,33191.6,11.3,0.114,363876263,LOCKED
10318,2179.658,-401418605545546,1586,61577,-28952.1,33111.5,11.4,0.126,363995129,LOCKED
10319,2180.658,-401418605531244,41389,101380,-28851.4,33514.4,11.4,0.136,363987285,LOCKED
10320,2181.658,-401418605613234,-12442,47549,-28796.6,33027.9,11.4,0.136,364106269,LOCKED
10321,2182.656,-401418605599569,29108,89099,-28800.3,32992.1,11.5,0.143,364213657,LOCKED
10322,2183.657,-401418605617441,38113,98104,-28769.2,33280.6,11.4,0.142,364171135,LOCKED
10323,2184.662,-401418605696571,-11456,48535,-28789.1,33316.9,11.4,0.141,364293766,LOCKED
10324,2185.659,-401418605761671,-43748,16243,-28913.8,33637.6,11.4,0.140,364319748,LOCKED
10325,2186.657,-401418605748664,-1510,58481,-28926.9,33628.5,11.4,0.139,364424124,LOCKED
10326,2187.658,-401418605754069,19750,79741,-28848.6,33565.5,11.3,0.139,364504345,LOCKED
10327,2188.657,-401418605770251,30195,90186,-28789.7,33811.8,11.3,0.138,364467886,LOCKED
10328,2189.659,-401418605855409,-23565,36426,-28878.7,33761.7,11.3,0.138,364585451,LOCKED
10329,2190.658,-401418605849159,12000,71991,-28920.1,33452.6,11.4,0.132,364680031,LOCKED
10330,2191.659,-401418605853369,33055,93046,-28795.4,33354.7,11.5,0.128,364654397,LOCKED
10331,2192.659,-401418605948352,-30515,29476,-28873.3,33558.0,11.8,0.118,364759335,LOCKED
10332,2193.657,-401418605951505,-5841,54150,-28812.1,33108.0,11.9,0.115,364846440,LOCKED
10333,2194.658,-401418605955698,18891,78882,-28849.2,32759.4,11.9,0.114,364930778,LOCKED
10334,2195.659,-401418606036997,-32769,27222,-28833.4,32570.4,11.8,0.116,364942798,LOCKED
10335,2196.658,-401418606039040,-4074,55917,-28920.3,31984.3,12.2,0.111,365026228,LOCKED
10336,2197.657,-401418606034836,27149,87140,-28872.0,32196.1,12.1,0.110,365120829,LOCKED
10337,2198.657,-401418606147174,-53891,6100,-28901.5,32631.3,12.2,0.110,365104047,LOCKED
10338,2199.657,-401418606150724,-25212,34779,-29023.1,32258.2,12.2,0.106,365187872,LOCKED
10339,2200.659,-401418606143257,10692,70683,-29012.1,32285.3,12.2,0.109,365289821,LOCKED
10340,2201.658,-401418606135419,43128,103119,-28866.9,32366.6,12.2,0.106,365385392,LOCKED
10341,2202.658,-401418606242417,-31418,28573,-28990.8,32208.0,12.3,0.103,365364983,LOCKED
10342,2203.661,-401418606242427,-1776,58215,-29020.4,32143.8,12.3,0.101,365455287,LOCKED
10343,2204.659,-401418606233176,33380,93371,-28922.9,32320.9,12.3,0.100,365550244,LOCKED
10344,2205.659,-401418606312764,-15461,44530,-28986.8,32263.2,12.2,0.092,365561294,LOCKED
10345,2206.660,-401418606334176,-7340,52651,-29001.4,32278.3,12.2,0.091,365635291,LOCKED
10346,2207.660,-401418606322171,30226,90217,-28882.6,32136.8,12.2,0.088,365731957,LOCKED
10347,2208.659,-401418606331769,48035,108026,-28890.1,32013.2,12.1,0.080,365702179,LOCKED
10348,2209.658,-401418606432510,-21631,38360,-28961.5,32043.0,12.0,0.078,365802161,LOCKED
10349,2210.659,-401418606426123,12353,72344,-28915.0,32029.0,12.0,0.075,365902030,LOCKED
10350,2211.660,-401418606469353,-3159,56832,-28850.9,31574.4,11.8,0.065,365989056,LOCKED
10351,2212.660,-401418606547829,-49020,10971,-28954.2,32240.4,11.9,0.054,365967369,LOCKED
10352,2213.659,-401418606557199,-27689,32302,-28994.0,32451.7,11.7,0.042,366039134,LOCKED
10353,2214.659,-401418606592022,-32519,27472,-28988.9,32395.9,11.0,0.020,366128599,LOCKED
10354,2215.659,-401418606638505,-46633,13358,-29077.4,33004.8,10.7,0.005,366138694,LOCKED
10355,2216.658,-401418606640941,-19253,40738,-29081.6,33029.1,10.3,-0.014,366226817,LOCKED
10356,2217.658,-401418606643443,5273,65264,-28989.5,32406.4,10.2,-0.024,366318008,LOCKED
10357,2218.658,-401418606684700,-5078,54913,-29075.2,31862.0,10.1,-0.036,366397076,LOCKED
10358,2219.658,-401418606744686,-33182,26809,-29157.9,32123.0,10.3,-0.039,366372396,LOCKED
10359,2220.659,-401418606759852,-19012,40979,-29135.0,31930.8,10.1,-0.045,366466558,LOCKED
10360,2221.660,-401418606753639,17047,77038,-29198.4,31189.5,10.2,-0.056,366564579,LOCKED
10361,2222.660,-401418606737028,59777,119768,-29146.6,31965.4,10.2,-0.051,366675890,LOCKED
10362,2223.662,-401418606823774,1684,61675,-29125.1,31934.0,10.2,-0.061,366676962,LOCKED
10363,2224.659,-401418606806524,43838,103829,-28990.6,32175.9,10.2,-0.056,366784670,LOCKED
10364,2225.661,-401418606881271,-2447,57544,-28960.6,32067.4,10.2,-0.038,366798591,LOCKED
10365,2226.660,-401418606880640,23875,83866,-28839.6,31643.1,10.1,-0.018,366891623,LOCKED
10366,2227.659,-401418606877434,53599,113590,-28814.8,32024.6,9.4,0.023,366872356,LOCKED
10367,2228.660,-401418606962983,-2691,57300,-28832.1,32011.8,9.3,0.066,366987494,LOCKED
10368,2229.660,-401418606961610,24383,84374,-28718.8,31715.1,8.8,0.047,367080668,LOCKED
10369,2230.659,-401418606979099,34915,94906,-28742.7,31383.0,8.8,0.047,367039549,LOCKED
10370,2231.660,-401418607081290,-35379,24612,-28838.8,31638.5,8.9,0.036,367139943,LOCKED
10371,2232.660,-401418607075636,-14,59977,-28881.7,31464.0,9.3,0.018,367239898,LOCKED
10372,2233.660,-401418607068581,35325,95316,-28911.2,31029.2,9.4,0.011,367334480,LOCKED
10373,2234.660,-401418607190779,-52969,7022,-29068.4,31459.5,9.2,0.003,367298790,LOCKED
10374,2235.663,-401418607147472,17223,77214,-28989.8,31322.3,9.8,-0.018,367436621,LOCKED
10375,2236.661,-401418607145525,45509,105500,-28935.3,31866.0,10.0,-0.029,367526374,LOCKED
10376,2237.661,-401418607262902,-39084,20907,-29059.4,32016.8,10.0,-0.032,367498480,LOCKED
10377,2238.661,-401418607266683,-14467,45524,-29002.8,31442.2,10.0,-0.035,367581171,LOCKED
10378,2239.661,-401418607257066,22732,82723,-28970.8,31587.5,10.2,-0.043,367683527,LOCKED
10379,2240.660,-401418607252396,51398,111389,-28811.8,31906.7,10.1,-0.050,367664723,LOCKED
10380,2241.660,-401418607360177,-25467,34524,-28872.8,32068.5,9.8,-0.050,367758857,LOCKED
10381,2242.660,-401418607357952,4209,64200,-28809.9,31784.4,10.0,-0.055,367852302,LOCKED
10382,2243.661,-401418607369100,18951,78942,-28697.9,31299.2,9.8,-0.058,367931647,LOCKED
10383,2244.660,-401418607375261,38847,98838,-28632.8,31739.8,9.8,-0.058,368015797,LOCKED
