21358,-146177635931584,51465,103089,-31137.1,32173.3,7.3,-0.141,83335796,386556243,LOCKED,1.000031137000,152479834188254
21359,-146177636016012,-581,51043,-31197.4,31844.3,7.1,-0.142,83335796,386569549,LOCKED,1.000031197000,152480834341455
21360,-146177636031386,13749,65373,-31146.8,31833.2,7.2,-0.145,83335795,386644544,LOCKED,1.000031147000,152481834478605
21361,-146177636064913,11663,63287,-31180.7,31593.3,7.1,-0.146,83335795,386706634,LOCKED,1.000031181000,152482834634789
21362,-146177636072255,32089,83713,-31066.4,31573.2,7.2,-0.148,83335795,386794112,LOCKED,1.000031066000,152483834780858
21363,-146177636108617,25754,77378,-31058.2,31636.8,7.2,-0.148,83335795,386867364,LOCKED,1.000031058000,152484834915919
21364,-146177636177167,-11964,39660,-31027.1,31420.8,7.2,-0.148,83335796,386934308,LOCKED,1.000031027000,152485834959946
21365,-146177636247547,-46962,4662,-31163.0,31791.6,6.7,-0.144,83335795,386900970,LOCKED,1.000031163000,152486835095112
21366,-146177636272694,-39378,12246,-31174.5,31928.1,7.1,-0.145,83335794,386967742,LOCKED,1.000031174000,152487835254290
21367,-146177636283422,-17017,34607,-31240.3,31890.4,7.4,-0.145,83335794,387050228,LOCKED,1.000031240000,152488835415534
21368,-146177636271933,22753,74377,-31132.7,31608.0,7.2,-0.140,83335794,387154867,LOCKED,1.000031133000,152489835453666
21369,-146177636293329,30745,82369,-31098.1,31847.3,7.5,-0.138,83335794,387229341,LOCKED,1.000031098000,152490835617768
21370,-146177636316003,37569,89193,-31082.0,32022.2,7.3,-0.135,83335795,387301627,LOCKED,1.000031082000,152491835533846
21371,-146177636443834,-56121,0,-31138.9,32759.1,8.3,-0.138,83335793,387263452,LOCKED,1.000031139000,152492835672988
21372,-146177636372119,45044,101165,-31131.0,32868.3,8.5,-0.134,83335794,387325320,LOCKED,1.000031131000,152493835839123
21373,-146177636473887,-24475,31646,-31145.2,32961.2,8.8,-0.134,83335794,387423716,LOCKED,1.000031145000,152494835997272
21374,-146177636483429,-1005,55116,-31235.3,32243.0,9.6,-0.135,83335793,387507652,LOCKED,1.000031235000,152495836158511
21375,-146177636490760,21659,77780,-31210.4,32361.0,10.3,-0.135,83335793,387595209,LOCKED,1.000031210000,152496836300724
21376,-146177636510738,29856,85977,-31110.9,32408.7,11.0,-0.134,83335793,387667331,LOCKED,1.000031111000,152497836315834
21377,-146177636543524,26882,83003,-31091.8,32541.1,11.0,-0.125,83335794,387622878,LOCKED,1.000031092000,152498836470929
21378,-146177636630590,-26474,29647,-31176.5,32604.9,11.6,-0.122,83335793,387733770,LOCKED,1.000031176000,152499836509105
21379,-146177636681144,-43941,12180,-31197.2,32857.8,12.1,-0.117,83335793,387778612,LOCKED,1.000031197000,152500836657305
21380,-146177636701477,-30409,25712,-31277.7,33049.3,12.6,-0.111,83335793,387854292,LOCKED,1.000031278000,152501836811586
21381,-146177636714847,-13083,43038,-31227.3,32605.8,12.6,-0.094,83335794,387931498,LOCKED,1.000031227000,152502836957816
21382,-146177636732423,994,57115,-31249.9,32551.5,13.0,-0.084,83335793,388006652,LOCKED,1.000031250000,152503837106069
21383,-146177636750371,12022,68143,-31158.1,32129.1,13.8,-0.069,83335792,388082827,LOCKED,1.000031158000,152504837250230
21384,-146177636774478,17628,73749,-31116.4,32207.4,14.6,-0.050,83335792,388156324,LOCKED,1.000031116000,152505837403350
21385,-146177636786452,32894,89015,-30980.6,31947.8,14.8,-0.030,83335793,388237371,LOCKED,1.000030981000,152506837418330
21386,-146177636824973,22975,79096,-30901.9,31961.8,15.0,-0.048,83335793,388184068,LOCKED,1.000030902000,152507837573235
21387,-146177636940302,-56302,0,-31061.3,32525.7,15.4,-0.078,83335792,388267108,LOCKED,1.000031061000,152508837722299
21388,-146177636960994,-44010,12292,-31082.5,32784.9,15.7,-0.103,83335792,388341994,LOCKED,1.000031083000,152509837743381
21389,-146177636994199,-41762,14540,-31227.8,32800.1,15.7,-0.108,83335792,388402753,LOCKED,1.000031228000,152510837885612
21390,-146177637021168,-35432,20870,-31270.6,33117.2,16.0,-0.125,83335792,388466850,LOCKED,1.000031271000,152511838038886
21391,-146177637035722,-15941,40361,-31380.5,32575.4,16.2,-0.140,83335792,388546629,LOCKED,1.000031381000,152512838172269
21392,-146177637066260,-14772,41530,-31371.9,32527.7,16.2,-0.139,83335793,388609739,LOCKED,1.000031372000,152513838331644
21393,-146177637073193,10389,66691,-31424.8,32090.0,16.2,-0.130,83335792,388700248,LOCKED,1.000031425000,152514838470072
21394,-146177637102328,11582,67884,-31390.1,32109.4,16.3,-0.156,83335792,388764243,LOCKED,1.000031390000,152515838624465
21395,-146177637118702,26756,83058,-31442.5,31386.3,16.4,-0.177,83335792,388842310,LOCKED,1.000031442000,152516838773911
21396,-146177637144112,30721,87023,-31392.0,31661.2,16.3,-0.198,83335792,388921638,LOCKED,1.000031392000,152517838783302
21397,-146177637213454,-7683,48619,-31356.9,31454.1,16.3,-0.213,83335792,388865366,LOCKED,1.000031357000,152518838936662
21398,-146177637259297,-20340,35962,-31413.0,31535.6,16.2,-0.217,83335793,388979144,LOCKED,1.000031413000,152519838954074
21399,-146177637299300,-28405,27897,-31391.4,31286.6,16.0,-0.230,83335792,389035226,LOCKED,1.000031391000,152520839112469
21400,-146177637324767,-22498,33804,-31353.1,30852.0,15.7,-0.241,83335792,389103759,LOCKED,1.000031353000,152521839138821
21401,-146177637358728,-23176,33126,-31409.3,30988.4,15.7,-0.249,83335792,389161512,LOCKED,1.000031409000,152522839281233
21402,-146177637381718,-13186,43116,-31464.6,30940.2,15.7,-0.257,83335792,389239195,LOCKED,1.000031465000,152523839438701
21403,-146177637393644,6826,63128,-31499.3,30742.5,15.6,-0.263,83335792,389318666,LOCKED,1.000031499000,152524839581203
21404,-146177637420842,9479,65781,-31434.0,30537.9,15.2,-0.262,83335793,389395386,LOCKED,1.000031434000,152525839717640
21405,-146177637495154,-30817,25485,-31509.6,30777.9,15.4,-0.272,83335791,389459551,LOCKED,1.000031510000,152526839876153
21406,-146177637439163,54927,111229,-31514.8,30678.3,15.5,-0.282,83335791,389553474,LOCKED,1.000031515000,152527839920668
21407,-146177637564901,-37256,19046,-31553.0,31021.9,15.6,-0.290,83335791,389523669,LOCKED,1.000031553000,152528840085225
21408,-146177637545748,13834,70136,-31595.0,30652.8,15.5,-0.292,83335792,389637270,LOCKED,1.000031595000,152529840129820
21409,-146177637638124,-44318,11984,-31650.4,31190.2,15.4,-0.293,83335792,389727802,LOCKED,1.000031650000,152530840175470
21410,-146177637667289,-37610,18692,-31795.3,31007.9,15.0,-0.292,83335792,389707838,LOCKED,1.000031795000,152531840336269
21411,-146177637668411,-6698,49604,-31795.9,31009.2,14.8,-0.294,83335791,389795969,LOCKED,1.000031796000,152532840503069
21412,-146177637670183,23297,79599,-31833.3,30575.3,14.6,-0.295,83335791,389891081,LOCKED,1.000031833000,152533840675906
21413,-146177637664541,56386,112688,-31711.6,31469.9,14.1,-0.291,83335792,389993883,LOCKED,1.000031712000,152534840702617
# STATS: PDUs=6356 CSV=6355 Gaps=0 Dups=0 Skip=0 d_min=-56302 ns drift=-31711.6 ns/s sigma=31469.9 ns state=LOCKED clk_err=+0 ns
21414,-146177637800413,-42843,13459,-31882.7,31128.6,13.9,-0.289,83335792,389951197,LOCKED,1.000031883000,152535840854503
21415,-146177637823799,-31183,25119,-31986.3,31185.7,13.6,-0.287,83335791,390026940,LOCKED,1.000031986000,152536840998492
21416,-146177637833310,-9123,47179,-31950.7,30953.1,13.2,-0.283,83335791,390107438,LOCKED,1.000031951000,152537841155446
21417,-146177637847852,9006,65308,-32001.1,30549.7,12.6,-0.276,83335792,390188321,LOCKED,1.000032001000,152538841290450
21418,-146177637841134,43382,99684,-31859.8,30699.5,12.2,-0.270,83335791,390287469,LOCKED,1.000031860000,152539841203306
21419,-146177637869125,44552,100854,-31801.4,31252.8,11.6,-0.263,83335791,390252281,LOCKED,1.000031801000,152540841365111
21420,-146177637973887,-26762,29540,-31837.8,31452.8,11.5,-0.258,83335791,390342786,LOCKED,1.000031838000,152541841514952
21421,-146177637991376,-11732,44570,-31851.7,31488.9,11.4,-0.253,83335791,390424379,LOCKED,1.000031852000,152542841664807
21422,-146177638006762,3488,59790,-31796.3,31259.8,11.2,-0.246,83335791,390502626,LOCKED,1.000031796000,152543841824607
21423,-146177638002313,36294,92596,-31687.6,31453.7,11.1,-0.238,83335791,390603301,LOCKED,1.000031688000,152544841963298
21424,-146177638027635,40157,96459,-31631.5,31903.8,10.3,-0.224,83335791,390669263,LOCKED,1.000031631000,152545842001929
21425,-146177638047193,50368,106670,-31623.8,32024.9,9.8,-0.212,83335792,390638052,LOCKED,1.000031624000,152546842137556
21426,-146177638173937,-40478,15824,-31766.6,32014.0,9.8,-0.207,83335791,390712182,LOCKED,1.000031767000,152547842291326
21427,-146177638192260,-24470,31832,-31851.9,32017.9,10.3,-0.200,83335790,390787847,LOCKED,1.000031852000,152548842432181
21428,-146177638182605,15376,71678,-31795.9,32006.7,10.7,-0.192,83335790,390890182,LOCKED,1.000031796000,152549842472977
21429,-146177638198166,28599,84901,-31695.4,32005.1,11.0,-0.182,83335790,390974870,LOCKED,1.000031695000,152550842624676
21430,-146177638226464,28558,84860,-31573.9,31761.1,10.5,-0.163,83335791,391037264,LOCKED,1.000031574000,152551842661250
21431,-146177638249039,36837,93139,-31599.9,31377.6,10.6,-0.158,83335791,391111644,LOCKED,1.000031600000,152552842806853
21432,-146177638268581,44070,100372,-31436.1,31232.0,10.5,-0.144,83335791,391183478,LOCKED,1.000031436000,152553842821288
21433,-146177638316679,26158,82460,-31418.2,31358.5,10.3,-0.127,83335791,391124113,LOCKED,1.000031418000,152554843083713
21434,-146177638329864,41313,97615,-31335.7,31846.9,10.4,-0.118,83335791,391310387,LOCKED,1.000031336000,152555843122048
21435,-146177638449442,-44931,11371,-31359.1,32140.7,10.4,-0.108,83335791,391285173,LOCKED,1.000031359000,152556843262410
21436,-146177638472372,-35581,20721,-31345.1,31958.4,10.8,-0.092,83335790,391355830,LOCKED,1.000031345000,152557843417758
21437,-146177638475520,-8368,47934,-31282.7,31417.8,10.3,-0.070,83335791,391449412,LOCKED,1.000031283000,152558843552043
21438,-146177638479622,17894,74196,-31267.3,31487.3,10.2,-0.060,83335791,391537796,LOCKED,1.000031267000,152559843594310
21439,-146177638499202,28604,84906,-31267.0,31490.6,10.1,-0.050,83335791,391610404,LOCKED,1.000031267000,152560843733580
21440,-146177638522540,34771,91073,-31238.3,31744.3,10.0,-0.040,83335791,391684652,LOCKED,1.000031238000,152561843769818
21441,-146177638647706,-55290,1012,-31336.3,32620.0,9.3,-0.013,83335791,391655085,LOCKED,1.000031336000,152562843915157
21442,-146177638657860,-32261,24041,-31373.3,32878.0,9.1,0.002,83335791,391733699,LOCKED,1.000031373000,152563844077534
21443,-146177638657342,-1153,55149,-31332.9,32713.7,9.0,0.017,83335792,391829983,LOCKED,1.000031333000,152564844218870
21444,-146177638698511,-11376,44926,-31294.9,32440.8,9.0,0.020,83335791,391897403,LOCKED,1.000031295000,152565844362168
21445,-146177638766858,-47089,9213,-31282.3,32232.7,9.0,0.033,83335790,391968296,LOCKED,1.000031282000,152566844398450
21446,-146177638723034,24557,80859,-31153.0,31710.2,8.9,0.009,83335790,391940920,LOCKED,1.000031153000,152567844559607
21447,-146177638825588,-42773,13529,-31281.9,31966.3,9.1,-0.009,83335790,392035800,LOCKED,1.000031282000,152568844717892
21448,-146177638795691,18003,74305,-31292.1,31896.2,9.3,-0.024,83335790,392159084,LOCKED,1.000031292000,152569844874188
21449,-146177638811285,32401,88703,-31282.2,31992.9,9.2,-0.027,83335791,392238860,LOCKED,1.000031282000,152570844908470
21450,-146177638932585,-53100,3202,-31415.8,32644.6,9.3,-0.039,83335790,392207191,LOCKED,1.000031416000,152571845064889
21451,-146177638938124,-25127,31175,-31477.0,32795.6,9.4,-0.049,83335790,392296464,LOCKED,1.000031477000,152572845225370
21452,-146177638943694,1076,57378,-31493.4,32765.5,9.1,-0.058,83335790,392385606,LOCKED,1.000031493000,152573845373867
21453,-146177638958260,16384,72686,-31441.0,32790.0,9.1,-0.065,83335790,392468318,LOCKED,1.000031441000,152574845510311
21454,-146177638990978,13548,69850,-31387.0,32757.5,9.0,-0.064,83335791,392529877,LOCKED,1.000031387000,152575845658701
21455,-146177639004743,28010,84312,-31278.2,32652.9,9.0,-0.070,83335790,392610828,LOCKED,1.000031278000,152576845665978
21456,-146177639040894,20192,76494,-31167.0,32237.7,8.9,-0.069,83335791,392561157,LOCKED,1.000031167000,152577845823148
21457,-146177639152795,-56898,0,-31251.4,33129.3,8.9,-0.073,83335790,392645580,LOCKED,1.000031251000,152578845964402
21458,-146177639139292,-11113,45785,-31283.6,33149.1,8.4,-0.070,83335791,392757482,LOCKED,1.000031284000,152579845989685
21459,-146177639180323,-18942,37956,-31346.3,33169.9,8.3,-0.073,83335790,392810542,LOCKED,1.000031346000,152580846015031
21460,-146177639241577,-45246,11652,-31448.1,33689.2,8.2,-0.070,83335791,392842119,LOCKED,1.000031448000,152581846043479
21461,-146177639261940,-31345,25553,-31534.4,33870.5,8.2,-0.072,83335790,392914913,LOCKED,1.000031534000,152582846196017
21462,-146177639277136,-13642,43256,-31578.7,33884.2,8.0,-0.069,83335791,392994222,LOCKED,1.000031579000,152583846353599
21463,-146177639283280,10802,67700,-31548.0,33903.7,7.9,-0.070,83335790,393084055,LOCKED,1.000031548000,152584846498150
21464,-146177639305991,17965,74863,-31495.7,33952.9,7.3,-0.067,83335790,393154702,LOCKED,1.000031496000,152585846653649
21465,-146177639316721,37194,94092,-31482.1,34092.9,7.4,-0.069,83335790,393236620,LOCKED,1.000031482000,152586846671130
21466,-146177639356667,24951,81849,-31337.8,33365.2,7.5,-0.071,83335790,393186860,LOCKED,1.000031338000,152587846821471
21467,-146177639469025,-51349,5549,-31484.3,33804.2,7.5,-0.070,83335791,393271130,LOCKED,1.000031484000,152588846951958
21468,-146177639463692,-14066,42832,-31483.8,33802.0,7.6,-0.063,83335792,393372003,LOCKED,1.000031484000,152589846986441
21469,-146177639482851,-93,56805,-31564.7,33218.7,7.4,-0.058,83335791,393447795,LOCKED,1.000031565000,152590847134009
21470,-146177639497442,17345,74243,-31616.5,32688.8,7.3,-0.055,83335790,393529046,LOCKED,1.000031616000,152591847290629
21471,-146177639499222,44746,101644,-31571.3,33148.5,7.3,-0.054,83335791,393621663,LOCKED,1.000031571000,152592847304199
21472,-146177639531931,40404,97302,-31481.0,33565.9,7.6,-0.052,83335792,393575965,LOCKED,1.000031481000,152593847458683
21473,-146177639645487,-40642,16256,-31463.9,33320.6,7.7,-0.044,83335792,393664466,LOCKED,1.000031464000,152594847601150
# STATS: PDUs=6416 CSV=6415 Gaps=0 Dups=0 Skip=0 d_min=-56898 ns drift=-31463.9 ns/s sigma=33320.6 ns state=LOCKED clk_err=+0 ns
21474,-146177639671421,-31098,25800,-31609.5,32838.2,7.5,-0.038,83335791,393728682,LOCKED,1.000031609000,152595847752763
21475,-146177639694744,-19713,37185,-31729.0,32283.9,7.5,-0.037,83335791,393802733,LOCKED,1.000031729000,152596847897495
21476,-146177639708674,-780,56118,-31783.5,32021.0,7.5,-0.036,83335791,393880721,LOCKED,1.000031783000,152597848058282
21477,-146177639714004,24510,81408,-31767.1,32127.5,7.3,-0.029,83335791,393972363,LOCKED,1.000031767000,152598848079048
21478,-146177639818520,-45873,11025,-31807.0,32574.8,7.3,-0.028,83335791,393961044,LOCKED,1.000031807000,152599848117855
21479,-146177639830148,-24920,31978,-31803.5,32545.6,7.5,-0.027,83335792,394042126,LOCKED,1.000031804000,152600848266662
21480,-146177639839657,-953,55945,-31884.2,31965.4,7.5,-0.025,83335791,394124812,LOCKED,1.000031884000,152601848412549
21481,-146177639862420,8765,65663,-31928.1,31655.7,7.6,-0.024,83335791,394193220,LOCKED,1.000031928000,152602848548480
21482,-146177639900186,3381,60279,-31956.1,31550.0,7.6,-0.023,83335791,394254162,LOCKED,1.000031956000,152603848695439
21483,-146177639920144,13851,70749,-31904.1,31532.7,7.6,-0.022,83335791,394326139,LOCKED,1.000031904000,152604848833346
21484,-146177639965902,-803,56095,-31863.3,31363.7,7.6,-0.021,83335791,394386959,LOCKED,1.000031863000,152605848975212
21485,-146177640030908,-33004,23894,-31854.6,31259.9,7.6,-0.011,83335792,394466157,LOCKED,1.000031855000,152606849012066
21486,-146177639984064,44572,101470,-31873.7,30937.1,7.6,-0.009,83335791,394442803,LOCKED,1.000031874000,152607849164943
21487,-146177640100376,-35802,21096,-32014.0,30736.9,7.5,-0.020,83335791,394522264,LOCKED,1.000032014000,152608849329961
21488,-146177640069519,25537,82435,-31981.2,30917.9,7.4,-0.033,83335791,394649757,LOCKED,1.000031981000,152609849373942
21489,-146177640133824,-6679,50219,-31975.4,30901.4,7.2,-0.038,83335791,394727746,LOCKED,1.000031975000,152610849529921
21490,-146177640114146,41579,98477,-31877.7,31354.3,7.3,-0.030,83335791,394793912,LOCKED,1.000031878000,152611849560798
21491,-146177640190910,-3956,52942,-31839.2,31161.0,7.6,-0.007,83335792,394851061,LOCKED,1.000031839000,152612849715641
21492,-146177640166694,47383,104281,-31686.2,31354.6,7.6,-0.001,83335791,394930825,LOCKED,1.000031686000,152613849756327
21493,-146177640290853,-43088,13810,-31712.8,31669.9,7.6,0.005,83335791,394899614,LOCKED,1.000031713000,152614849911043
21494,-146177640299179,-19982,36916,-31665.7,31142.9,7.5,0.011,83335791,394985569,LOCKED,1.000031666000,152615850068712
21495,-146177640304501,7232,64130,-31720.6,30716.1,7.5,0.017,83335791,395076546,LOCKED,1.000031721000,152616850228436
21496,-146177640311879,30593,87491,-31723.3,30686.7,7.4,0.004,83335791,395164150,LOCKED,1.000031723000,152617850372162
21497,-146177640336213,35670,92568,-31669.1,31060.0,7.4,0.005,83335791,395231330,LOCKED,1.000031669000,152618850390830
21498,-146177640451096,-45245,11653,-31706.7,31496.7,7.4,0.007,83335791,395212508,LOCKED,1.000031707000,152619850430536
21499,-146177640473065,-34397,22501,-31704.0,31464.6,7.6,-0.003,83335790,395289677,LOCKED,1.000031704000,152620850593244
21500,-146177640473424,-4373,52525,-31631.7,30855.1,7.6,-0.012,83335790,395381418,LOCKED,1.000031632000,152621850746879
21501,-146177640487582,13746,70644,-31686.3,30303.5,7.7,-0.020,83335790,395457325,LOCKED,1.000031686000,152622850895569
21502,-146177640504756,27288,84186,-31684.1,30324.0,7.8,-0.026,83335790,395538078,LOCKED,1.000031684000,152623851037256
21503,-146177640525698,35379,92277,-31612.7,30693.7,7.6,-0.025,83335791,395611636,LOCKED,1.000031613000,152624851174872
21504,-146177640552831,37353,94251,-31551.8,31108.0,7.6,-0.022,83335791,395677132,LOCKED,1.000031552000,152625851196423
21505,-146177640585997,34689,91587,-31558.0,31031.4,7.5,-0.019,83335791,395633243,LOCKED,1.000031558000,152626851337984
21506,-146177640610523,37817,94715,-31429.0,31077.0,7.5,-0.024,83335790,395702138,LOCKED,1.000031429000,152627851499417
21507,-146177640716670,-33449,23449,-31543.0,31113.4,7.4,-0.029,83335790,395795107,LOCKED,1.000031543000,152628851640963
21508,-146177640713565,238,57136,-31496.1,30904.7,7.4,-0.033,83335790,395896840,LOCKED,1.000031496000,152629851667458
21509,-146177640731334,11582,68480,-31398.2,30355.8,7.5,-0.037,83335790,395968283,LOCKED,1.000031398000,152630851808859
21510,-146177640752036,22235,79133,-31433.2,29963.4,7.4,-0.036,83335791,396044549,LOCKED,1.000031433000,152631851966296
21511,-146177640759813,43520,100418,-31389.2,30438.2,7.4,-0.040,83335790,396131427,LOCKED,1.000031389000,152632852114688
21512,-146177640789932,41622,98520,-31302.7,30941.0,7.3,-0.045,83335790,396196696,LOCKED,1.000031303000,152633852151990
21513,-146177640917066,-51565,5333,-31346.8,31519.7,7.3,-0.049,83335790,396165271,LOCKED,1.000031347000,152634852296340
21514,-146177640946451,-47213,9685,-31385.6,31984.5,7.3,-0.051,83335790,396227465,LOCKED,1.000031386000,152635852447729
21515,-146177640959609,-28526,28372,-31360.7,31691.1,7.7,-0.060,83335789,396307665,LOCKED,1.000031361000,152636852590093
21516,-146177640975184,-13242,43656,-31313.9,31276.0,8.1,-0.065,83335789,396385894,LOCKED,1.000031314000,152637852739410
21517,-146177640993906,671,57569,-31380.0,30838.9,8.3,-0.072,83335789,396460855,LOCKED,1.000031380000,152638852755789
21518,-146177640992846,30829,87727,-31319.2,31117.4,9.2,-0.080,83335788,396449513,LOCKED,1.000031319000,152639852897111
21519,-146177641017217,35470,92368,-31264.9,31482.1,9.4,-0.087,83335789,396517567,LOCKED,1.000031265000,152640853035379
21520,-146177641061689,21933,78831,-31285.2,31293.4,9.4,-0.087,83335790,396567624,LOCKED,1.000031285000,152641853181667
21521,-146177641072053,40872,97770,-31255.8,31612.3,9.6,-0.094,83335789,396757634,LOCKED,1.000031256000,152642853209922
21522,-146177641105408,36528,93426,-31206.4,31979.2,9.7,-0.094,83335790,396712363,LOCKED,1.000031206000,152643853354131
21523,-146177641227916,-51794,5104,-31266.5,32657.4,9.6,-0.098,83335790,396788181,LOCKED,1.000031267000,152644853506401
21524,-146177641245042,-36052,20846,-31285.2,32841.6,9.8,-0.104,83335789,396868927,LOCKED,1.000031285000,152645853653689
21525,-146177641278814,-37581,19317,-31269.7,32631.8,10.0,-0.111,83335789,396939473,LOCKED,1.000031270000,152646853797962
21526,-146177641295171,-22516,34382,-31239.6,32329.3,10.1,-0.117,83335789,397009758,LOCKED,1.000031240000,152647853961205
21527,-146177641296081,8622,65520,-31293.7,31902.6,10.4,-0.118,83335789,397098258,LOCKED,1.000031294000,152648854006499
21528,-146177641380433,-41369,15529,-31375.6,32385.4,10.2,-0.111,83335790,397110443,LOCKED,1.000031376000,152649854046874
21529,-146177641419152,-45713,11185,-31446.9,32967.8,10.5,-0.111,83335789,397194212,LOCKED,1.000031447000,152650854199324
21530,-146177641401335,2632,59530,-31406.1,32850.5,10.4,-0.116,83335790,397276226,LOCKED,1.000031406000,152651854362734
21531,-146177641408848,23074,79972,-31274.9,32241.6,10.4,-0.115,83335790,397365598,LOCKED,1.000031275000,152652854389008
21532,-146177641440330,19554,76452,-31144.5,31484.1,10.3,-0.106,83335791,397319945,LOCKED,1.000031145000,152653854555156
21533,-146177641547430,-51963,4935,-31276.2,32111.9,10.1,-0.096,83335790,397409716,LOCKED,1.000031276000,152654854712436
# STATS: PDUs=6476 CSV=6475 Gaps=0 Dups=0 Skip=0 d_min=-56898 ns drift=-31276.2 ns/s sigma=32111.9 ns state=LOCKED clk_err=+0 ns
21534,-146177641557385,-27941,28957,-31362.4,32206.2,10.1,-0.093,83335790,397496343,LOCKED,1.000031362000,152655854860802
21535,-146177641590143,-26906,29992,-31437.1,32342.8,10.1,-0.090,83335790,397561348,LOCKED,1.000031437000,152656855013242
21536,-146177641593277,1314,58212,-31435.2,32343.3,10.1,-0.086,83335790,397652403,LOCKED,1.000031435000,152657855158680
21537,-146177641609455,14630,71528,-31364.1,32212.6,10.2,-0.082,83335790,397729291,LOCKED,1.000031364000,152658855186044
21538,-146177641716350,-55444,1454,-31540.1,32513.6,10.2,-0.076,83335790,397713976,LOCKED,1.000031540000,152659855197583
21539,-146177641662711,28805,85703,-31542.4,32491.8,9.9,-0.057,83335790,397753852,LOCKED,1.000031542000,152660855346129
21540,-146177641779461,-52430,4468,-31650.3,33239.6,10.0,-0.066,83335789,397835965,LOCKED,1.000031650000,152661855494783
21541,-146177641797024,-35757,21141,-31717.9,33590.2,10.0,-0.072,83335789,397913318,LOCKED,1.000031718000,152662855639504
21542,-146177641819590,-24533,32365,-31778.9,33726.2,10.0,-0.077,83335789,397987866,LOCKED,1.000031779000,152663855796286
21543,-146177641835572,-8167,48731,-31793.3,33744.4,10.0,-0.080,83335789,398065441,LOCKED,1.000031793000,152664855936082
21544,-146177641854066,5275,62173,-31809.1,33696.1,10.1,-0.082,83335789,398138317,LOCKED,1.000031809000,152665856083894
21545,-146177641869680,21684,78582,-31855.8,33182.5,10.1,-0.082,83335788,398222674,LOCKED,1.000031856000,152666856232753
21546,-146177641881175,38384,95282,-31739.7,33376.4,10.1,-0.081,83335789,398304939,LOCKED,1.000031740000,152667856252492
21547,-146177641916932,33914,90812,-31774.0,32901.2,10.1,-0.080,83335789,398255827,LOCKED,1.000031774000,152668856405269
21548,-146177642020819,-35937,20961,-31825.3,33248.9,10.1,-0.063,83335790,398353096,LOCKED,1.000031825000,152669856438094
21549,-146177642045010,-25575,31323,-31916.9,33233.5,10.0,-0.074,83335789,398423676,LOCKED,1.000031917000,152670856581014
21550,-146177642060486,-9280,47618,-31894.2,33120.5,10.1,-0.095,83335788,398499192,LOCKED,1.000031894000,152671856612908
21551,-146177642098904,-14061,42837,-31956.5,33047.3,9.6,-0.114,83335788,398559750,LOCKED,1.000031956000,152672856753867
21552,-146177642124017,-7838,49060,-31912.9,32764.6,9.4,-0.119,83335789,398625872,LOCKED,1.000031913000,152673856908783
21553,-146177642133594,15473,72371,-31986.6,31888.8,9.3,-0.131,83335788,398710644,LOCKED,1.000031987000,152674857050773
21554,-146177642151505,28871,85769,-32001.4,31726.6,9.2,-0.142,83335788,398787957,LOCKED,1.000032001000,152675857209778
21555,-146177642167067,42771,99669,-31947.8,32211.2,9.1,-0.151,83335788,398869776,LOCKED,1.000031948000,152676857347729
21556,-146177642184621,53013,109911,-31832.0,32958.4,8.9,-0.159,83335788,398943789,LOCKED,1.000031832000,152677857369560
21557,-146177642224523,41242,98140,-31718.8,33280.4,8.6,-0.159,83335789,398893937,LOCKED,1.000031719000,152678857512282
21558,-146177642326593,-25325,31573,-31862.7,32558.3,8.3,-0.158,83335789,398986698,LOCKED,1.000031863000,152679857657148
21559,-146177642351794,-15726,41172,-31980.9,31864.1,8.3,-0.157,83335789,399060862,LOCKED,1.000031981000,152680857810132
21560,-146177642368352,524,57422,-32022.5,31693.9,8.2,-0.157,83335789,399138062,LOCKED,1.000032022000,152681857954158
21561,-146177642406138,-4631,52267,-32044.7,31681.3,8.4,-0.151,83335790,399210357,LOCKED,1.000032045000,152682858102206
21562,-146177642450278,-15843,41055,-32061.7,31743.4,8.3,-0.150,83335789,399284845,LOCKED,1.000032062000,152683858261271
21563,-146177642424954,38272,95170,-31964.6,32082.2,8.0,-0.148,83335789,399379900,LOCKED,1.000031965000,152684858308236
21564,-146177642541908,-44496,12402,-31999.7,32476.5,7.6,-0.145,83335789,399356380,LOCKED,1.000032000000,152685858471239
21565,-146177642542594,-13106,43792,-31981.6,32369.2,7.3,-0.142,83335789,399448298,LOCKED,1.000031982000,152686858636224
21566,-146177642538428,20475,77373,-31889.5,32195.6,7.4,-0.137,83335790,399546078,LOCKED,1.000031890000,152687858799117
21567,-146177642543324,45690,102588,-31878.2,32351.9,7.4,-0.136,83335789,399636289,LOCKED,1.000031878000,152688858820994
21568,-146177642648281,-25429,31469,-31932.2,32527.5,7.3,-0.134,83335789,399623296,LOCKED,1.000031932000,152689858867926
21569,-146177642661298,-6341,50557,-31930.2,32522.9,7.3,-0.133,83335789,399706102,LOCKED,1.000031930000,152690859041860
21570,-146177642662151,22493,79391,-31857.3,32563.5,7.0,-0.125,83335790,399800951,LOCKED,1.000031857000,152691859197721
21571,-146177642676695,35710,92608,-31715.4,32344.1,7.0,-0.124,83335789,399882866,LOCKED,1.000031715000,152692859336439
21572,-146177642709579,30586,87484,-31571.9,31858.0,7.0,-0.122,83335789,399942874,LOCKED,1.000031572000,152693859491014
21573,-146177642725548,44507,101405,-31563.3,31976.3,6.9,-0.120,83335789,400023433,LOCKED,1.000031563000,152694859503576
21574,-146177642778082,23293,80191,-31590.2,31701.2,7.1,-0.120,83335788,399958474,LOCKED,1.000031590000,152695859662170
21575,-146177642888470,-51160,5738,-31718.6,32315.0,7.2,-0.121,83335790,400043800,LOCKED,1.000031719000,152696859801892
21576,-146177642917772,-45265,11633,-31814.2,32870.3,7.1,-0.123,83335789,400111475,LOCKED,1.000031814000,152697859960710
21577,-146177642938955,-32433,23011,-31868.4,33163.3,7.1,-0.126,83335789,400185699,LOCKED,1.000031868000,152698860116582
21578,-146177642929671,7037,62481,-31797.4,32864.8,6.6,-0.135,83335789,400288648,LOCKED,1.000031797000,152699860138379
21579,-146177642950623,15272,70716,-31694.4,32397.4,6.7,-0.138,83335790,400360958,LOCKED,1.000031694000,152700860285077
21580,-146177642981568,13838,69282,-31610.1,32117.1,6.7,-0.136,83335789,400425695,LOCKED,1.000031610000,152701860320687
21581,-146177643000494,22852,78296,-31467.8,31278.5,6.6,-0.140,83335789,400499109,LOCKED,1.000031468000,152702860467158
21582,-146177643022476,28190,83634,-31310.8,30391.0,6.7,-0.138,83335790,400570416,LOCKED,1.000031311000,152703860485468
21583,-146177643061400,20059,75503,-31318.7,30329.6,6.7,-0.136,83335789,400520525,LOCKED,1.000031319000,152704860629790
21584,-146177643083200,28034,83478,-31289.5,30528.5,6.6,-0.142,83335789,400593270,LOCKED,1.000031290000,152705860788083
21585,-146177643194082,-47751,7693,-31397.2,31154.3,6.8,-0.147,83335788,400680202,LOCKED,1.000031397000,152706860921483
21586,-146177643222241,-41576,13868,-31472.3,31661.3,6.7,-0.154,83335789,400744678,LOCKED,1.000031472000,152707861077959
21587,-146177643238785,-25838,29606,-31469.0,31631.9,6.6,-0.164,83335790,400822594,LOCKED,1.000031469000,152708861223431
21588,-146177643227115,16981,72425,-31481.6,31545.8,6.6,-0.162,83335789,400931151,LOCKED,1.000031482000,152709861257912
21589,-146177643245689,29027,84471,-31487.7,31483.8,6.8,-0.169,83335788,401005998,LOCKED,1.000031488000,152710861285399
21590,-146177643273213,30325,85769,-31407.1,31681.1,7.1,-0.164,83335788,400966900,LOCKED,1.000031407000,152711861438809
21591,-146177643381191,-44628,10816,-31412.3,31755.3,7.2,-0.166,83335790,401057963,LOCKED,1.000031412000,152712861581224
21592,-146177643399334,-30749,24695,-31391.0,31494.2,7.1,-0.130,83335789,401132305,LOCKED,1.000031391000,152713861736618
21593,-146177643405657,-4282,51162,-31452.7,31218.6,7.2,-0.112,83335789,401219754,LOCKED,1.000031453000,152714861884074
# STATS: PDUs=6536 CSV=6535 Gaps=0 Dups=0 Skip=0 d_min=-55444 ns drift=-31452.7 ns/s sigma=31218.6 ns state=LOCKED clk_err=+0 ns
21594,-146177643427615,5265,60709,-31464.0,31186.2,7.3,-0.097,83335789,401295313,LOCKED,1.000031464000,152715862039541
21595,-146177643442929,20477,75921,-31452.0,31255.1,7.3,-0.082,83335789,401377253,LOCKED,1.000031452000,152716862062992
21596,-146177643467703,24907,80351,-31383.0,31376.2,7.5,-0.053,83335790,401341897,LOCKED,1.000031383000,152717862223379
21597,-146177643561628,-36240,19204,-31391.2,31469.3,7.5,-0.038,83335789,401440971,LOCKED,1.000031391000,152718862370773
21598,-146177643564361,-5654,49790,-31476.6,30931.3,7.4,-0.021,83335789,401549928,LOCKED,1.000031477000,152719862395249
21599,-146177643584882,3661,59105,-31402.0,30481.4,7.2,-0.001,83335789,401608509,LOCKED,1.000031402000,152720862540654
21600,-146177643597104,22810,78254,-31438.5,30060.0,7.4,0.012,83335790,401692033,LOCKED,1.000031438000,152721862684096
21601,-146177643639468,12178,67622,-31473.2,29790.5,7.4,0.012,83335789,401768979,LOCKED,1.000031473000,152722862729569
21602,-146177643722756,-36231,19213,-31580.3,30004.7,7.6,-0.000,83335788,401750446,LOCKED,1.000031580000,152723862876152
21603,-146177643744148,-23940,31504,-31643.8,30134.1,7.6,-0.000,83335789,401834953,LOCKED,1.000031644000,152724863016799
21604,-146177643763556,-10915,44529,-31664.5,30170.3,7.6,-0.000,83335789,401902039,LOCKED,1.000031664000,152725863172467
21605,-146177643767062,15631,71075,-31611.2,30178.4,7.4,0.001,83335789,401989580,LOCKED,1.000031611000,152726863202078
21606,-146177643789448,22024,77468,-31508.6,29919.4,7.4,0.001,83335789,401959655,LOCKED,1.000031509000,152727863366590
21607,-146177643895346,-50144,5300,-31534.3,30302.8,7.4,0.001,83335789,402052031,LOCKED,1.000031534000,152728863527128
21608,-146177643863257,13807,69251,-31573.4,29961.5,7.2,0.001,83335789,402175889,LOCKED,1.000031573000,152729863568701
21609,-146177643877858,29804,85248,-31575.1,29943.4,7.4,0.008,83335790,402255192,LOCKED,1.000031575000,152730863607276
21610,-146177643898127,38962,94406,-31534.4,30331.8,7.2,0.007,83335789,402224655,LOCKED,1.000031534000,152731863638810
21611,-146177644032345,-58833,0,-31676.8,31219.2,7.2,0.001,83335788,402307757,LOCKED,1.000031677000,152732863781490
21612,-146177644038117,-30140,28693,-31763.7,31375.6,7.2,0.000,83335789,402382846,LOCKED,1.000031764000,152733863941257
21613,-146177644034074,5288,64121,-31753.8,31383.8,7.0,-0.001,83335789,402480072,LOCKED,1.000031754000,152734864100014
21614,-146177644045163,23786,82619,-31686.9,31489.0,6.8,-0.002,83335789,402564773,LOCKED,1.000031687000,152735864125700
21615,-146177644070141,27433,86266,-31582.1,31402.8,6.8,-0.009,83335788,402527482,LOCKED,1.000031582000,152736864286286
21616,-146177644187085,-55816,3017,-31593.0,31594.3,6.8,-0.015,83335788,402610521,LOCKED,1.000031593000,152737864457883
21617,-146177644186663,-23678,35155,-31559.5,31222.1,7.0,-0.020,83335788,402705997,LOCKED,1.000031560000,152738864606446
21618,-146177644162350,30955,89788,-31550.2,31311.1,7.0,-0.020,83335789,402826861,LOCKED,1.000031550000,152739864512992
21619,-146177644200102,23808,82641,-31543.4,31360.8,7.0,-0.020,83335789,402777947,LOCKED,1.000031543000,152740864679539
21620,-146177644307075,-48081,10752,-31637.3,32024.6,7.2,-0.024,83335788,402870895,LOCKED,1.000031637000,152741864840180
21621,-146177644308019,-15799,43034,-31689.1,32042.0,7.2,-0.024,83335788,402955838,LOCKED,1.000031689000,152742864981872
21622,-146177644332433,-7046,51787,-31750.1,31834.6,7.2,-0.024,83335789,403034743,LOCKED,1.000031750000,152743865138626
21623,-146177644334513,20247,79080,-31666.9,31739.2,7.2,-0.024,83335789,403124927,LOCKED,1.000031667000,152744865277296
21624,-146177644357059,29308,88141,-31712.9,31087.3,7.3,-0.026,83335788,403194144,LOCKED,1.000031713000,152745865307008
21625,-146177644385435,31432,90265,-31705.6,31159.5,7.3,-0.026,83335789,403155531,LOCKED,1.000031706000,152746865448717
21626,-146177644409387,36377,95210,-31628.1,31530.8,7.3,-0.020,83335790,403226665,LOCKED,1.000031628000,152747865608349
21627,-146177644525236,-45946,12887,-31644.9,31760.2,7.5,-0.018,83335790,403310614,LOCKED,1.000031645000,152748865749997
21628,-146177644512559,-317,58516,-31708.6,31380.9,7.7,-0.017,83335790,403417157,LOCKED,1.000031709000,152749865782705
21629,-146177644529920,13780,72613,-31719.3,31320.7,7.7,-0.017,83335789,403497237,LOCKED,1.000031719000,152750865916427
21630,-146177644557915,16029,74862,-31673.4,31366.2,7.5,-0.012,83335789,403560565,LOCKED,1.000031673000,152751866062104
21631,-146177644576645,26138,84971,-31577.6,31328.0,7.5,-0.012,83335789,403637944,LOCKED,1.000031578000,152752866210685
21632,-146177644597203,33737,92570,-31465.6,31395.8,7.5,-0.012,83335789,403711133,LOCKED,1.000031466000,152753866222150
21633,-146177644637325,21819,80652,-31341.6,30827.7,7.5,-0.012,83335789,403659644,LOCKED,1.000031342000,152754866372495
21634,-146177644761723,-67668,0,-31404.3,31874.9,7.4,-0.019,83335789,403737172,LOCKED,1.000031404000,152755866520902
21635,-146177644783617,-52801,14867,-31579.8,32034.6,7.2,-0.012,83335789,403804223,LOCKED,1.000031580000,152756866655485
21636,-146177644811979,-44687,22981,-31746.1,31884.8,7.2,-0.012,83335789,403872694,LOCKED,1.000031746000,152757866793234
21637,-146177644830745,-28155,39513,-31873.8,31534.8,7.4,-0.012,83335788,403947014,LOCKED,1.000031874000,152758866939111
21638,-146177644799682,32774,100442,-31829.7,31830.5,7.5,-0.011,83335788,404069349,LOCKED,1.000031830000,152759866965940
21639,-146177644831947,30106,97774,-31770.1,32087.6,7.5,0.001,83335788,404138973,LOCKED,1.000031770000,152760866984709
21640,-146177644874317,18036,85704,-31727.9,32170.5,7.5,0.002,83335789,404083343,LOCKED,1.000031728000,152761867002436
21641,-146177644898509,23246,90914,-31652.2,32211.7,7.7,0.000,83335790,404152253,LOCKED,1.000031652000,152762867157092
21642,-146177645014149,-57852,9816,-31697.9,32873.4,7.5,0.014,83335789,404239154,LOCKED,1.000031698000,152763867299793
21643,-146177645047116,-56101,11567,-31752.9,33577.2,7.5,0.016,83335789,404298543,LOCKED,1.000031753000,152764867450549
21644,-146177645073470,-48552,19116,-31777.7,33898.1,7.5,0.018,83335789,404368880,LOCKED,1.000031778000,152765867599330
21645,-146177645089640,-29333,38335,-31906.4,33603.1,7.3,0.006,83335789,404445865,LOCKED,1.000031906000,152766867740239
21646,-146177645107186,-12519,55149,-32006.2,33101.2,7.3,0.008,83335789,404524272,LOCKED,1.000032006000,152767867883248
21647,-146177645128348,-483,67185,-32064.0,32806.0,7.1,0.024,83335789,404592724,LOCKED,1.000032064000,152768868025315
21648,-146177645147307,11502,79170,-32028.1,32820.6,7.1,0.027,83335789,404696658,LOCKED,1.000032028000,152769868069343
21649,-146177645147000,40204,107872,-31916.5,33118.7,7.0,0.014,83335789,404765590,LOCKED,1.000031916000,152770868216263
21650,-146177645180409,35164,102832,-31800.6,33196.7,7.0,0.012,83335790,404842165,LOCKED,1.000031801000,152771868224062
21651,-146177645243334,5172,72840,-31864.9,32714.1,6.8,0.034,83335789,404788404,LOCKED,1.000031865000,152772868381930
21652,-146177645319449,-35509,32159,-31981.3,32800.9,7.0,0.020,83335788,404874073,LOCKED,1.000031981000,152773868522914
21653,-146177645346861,-28641,39027,-32046.6,33010.0,7.1,0.009,83335788,404941572,LOCKED,1.000032047000,152774868685964
# STATS: PDUs=6596 CSV=6595 Gaps=0 Dups=0 Skip=0 d_min=-67668 ns drift=-32046.6 ns/s sigma=33010.0 ns state=LOCKED clk_err=+0 ns
21654,-146177645359186,-8334,59334,-32061.4,33029.4,7.3,-0.001,83335788,405025284,LOCKED,1.000032061000,152775868827028
21655,-146177645386564,-3957,63711,-32039.8,32959.5,7.3,-0.001,83335789,405094393,LOCKED,1.000032040000,152776868990072
21656,-146177645388896,23258,90926,-31956.0,32942.2,7.1,-0.001,83335789,405184889,LOCKED,1.000031956000,152777869150032
21657,-146177645392603,49320,116988,-31930.6,33280.8,7.2,-0.008,83335788,405273340,LOCKED,1.000031931000,152778869164962
21658,-146177645500744,-24930,42738,-31985.5,33441.5,7.3,-0.015,83335788,405262835,LOCKED,1.000031985000,152779869207947
21659,-146177645517744,-9424,58244,-31995.4,33462.0,7.4,-0.021,83335788,405336272,LOCKED,1.000031995000,152780869369946
21660,-146177645529054,9746,77414,-31937.1,33335.9,7.2,-0.019,83335789,405420558,LOCKED,1.000031937000,152781869527887
21661,-146177645535870,32098,99766,-31854.4,33557.5,7.2,-0.018,83335789,405507734,LOCKED,1.000031854000,152782869675745
21662,-146177645555004,43044,110712,-31838.9,33744.7,7.3,-0.011,83335790,405585427,LOCKED,1.000031839000,152783869813587
21663,-146177645572737,54253,121921,-31786.9,34377.8,7.4,-0.015,83335788,405659237,LOCKED,1.000031787000,152784869826373
21664,-146177645620714,35988,103656,-31744.8,34685.2,7.4,-0.014,83335789,405602826,LOCKED,1.000031745000,152785869983121
21665,-146177645728606,-38104,29564,-31782.4,34995.7,7.5,-0.018,83335788,405691185,LOCKED,1.000031782000,152786870131907
21666,-146177645749802,-26592,41076,-31783.6,35005.3,7.6,-0.021,83335788,405766071,LOCKED,1.000031784000,152787870285694
21667,-146177645753892,2609,70277,-31862.1,34411.1,7.6,-0.019,83335789,405857716,LOCKED,1.000031862000,152788870431559
21668,-146177645745834,39318,106986,-31769.7,34775.4,7.6,-0.018,83335789,405958730,LOCKED,1.000031770000,152789870459328
21669,-146177645770798,42028,109696,-31638.3,34956.6,7.5,-0.018,83335788,406030638,LOCKED,1.000031638000,152790870604969
21670,-146177645797782,42045,109713,-31480.4,34813.9,7.6,-0.020,83335788,406096710,LOCKED,1.000031480000,152791870633449
21671,-146177645826695,43374,111042,-31491.8,34653.4,7.5,-0.025,83335788,406159839,LOCKED,1.000031492000,152792870649940
21672,-146177645868616,31671,99339,-31481.9,34739.4,7.6,-0.027,83335788,406110328,LOCKED,1.000031482000,152793870807425
21673,-146177645979938,-45330,22338,-31546.0,35260.4,7.7,-0.028,83335788,406194653,LOCKED,1.000031546000,152794870946974
21674,-146177646007252,-39366,28302,-31565.5,35456.7,7.7,-0.026,83335789,406265150,LOCKED,1.000031566000,152795871108543
21675,-146177646012165,-13066,54602,-31526.4,35174.5,7.6,-0.028,83335789,406355762,LOCKED,1.000031526000,152796871247072
21676,-146177646036107,-3524,64144,-31616.8,34567.4,7.5,-0.031,83335789,406425744,LOCKED,1.000031617000,152797871396692
21677,-146177646053633,10529,78197,-31632.5,34495.8,7.4,-0.034,83335789,406500824,LOCKED,1.000031633000,152798871412323
21678,-146177646064576,28005,95673,-31521.2,34368.4,7.4,-0.033,83335789,406480368,LOCKED,1.000031521000,152799871572848
21679,-146177646179273,-52674,14994,-31556.1,34822.4,7.5,-0.033,83335788,406564626,LOCKED,1.000031556000,152800871711407
21680,-146177646202033,-39615,28053,-31699.7,34764.4,7.5,-0.038,83335788,406638379,LOCKED,1.000031700000,152801871866110
21681,-146177646207163,-11668,56000,-31748.0,34733.5,7.6,-0.042,83335790,406728195,LOCKED,1.000031748000,152802872003861
21682,-146177646229890,-2139,65529,-31769.5,34707.8,7.7,-0.042,83335788,406796686,LOCKED,1.000031769000,152803872173634
21683,-146177646230831,26196,93864,-31690.5,34795.7,7.8,-0.042,83335788,406893670,LOCKED,1.000031690000,152804872314327
21684,-146177646271053,15508,83176,-31610.3,34616.8,7.6,-0.048,83335789,406962637,LOCKED,1.000031610000,152805872453940
21685,-146177646339181,-20847,46821,-31583.5,34384.3,7.7,-0.047,83335788,407027471,LOCKED,1.000031584000,152806872505524
21686,-146177646404144,-52218,15450,-31595.3,34559.4,7.6,-0.039,83335789,407003990,LOCKED,1.000031595000,152807872638122
21687,-146177646435460,-47314,20354,-31743.8,34782.2,7.4,-0.030,83335789,407067782,LOCKED,1.000031744000,152808872785869
21688,-146177646420128,-312,67356,-31739.7,34780.3,7.1,-0.020,83335789,407177228,LOCKED,1.000031740000,152809872825608
21689,-146177646444293,6215,73883,-31698.5,34711.5,7.1,-0.018,83335789,407258883,LOCKED,1.000031699000,152810872971310
21690,-146177646514858,-31275,36393,-31714.1,34838.0,7.1,-0.016,83335789,407330204,LOCKED,1.000031714000,152811873132028
21691,-146177646457632,52722,120390,-31558.9,35232.1,7.4,-0.017,83335790,407420472,LOCKED,1.000031559000,152812873175587
21692,-146177646580353,-37646,30022,-31535.1,34916.1,7.5,-0.012,83335788,407394633,LOCKED,1.000031535000,152813873332126
21693,-146177646596286,-22104,45564,-31495.3,34512.6,7.5,-0.010,83335789,407469031,LOCKED,1.000031495000,152814873491625
21694,-146177646605842,1371,69039,-31573.2,33949.0,7.5,-0.007,83335789,407553954,LOCKED,1.000031573000,152815873642201
21695,-146177646617204,21486,89154,-31604.3,33655.3,7.5,0.003,83335789,407634011,LOCKED,1.000031604000,152816873780808
21696,-146177646652365,18028,85696,-31639.2,33348.6,7.6,-0.005,83335788,407695868,LOCKED,1.000031639000,152817873931450
21697,-146177646667149,33517,101185,-31627.9,33456.5,7.5,-0.026,83335788,407774874,LOCKED,1.000031628000,152818873960077
21698,-146177646777276,-43222,24446,-31642.4,33634.4,7.4,-0.032,83335789,407759976,LOCKED,1.000031642000,152819873992719
21699,-146177646793635,-27295,40373,-31628.5,33498.6,7.3,-0.054,83335788,407837573,LOCKED,1.000031629000,152820874142351
21700,-146177646827003,-28011,39657,-31632.1,33529.3,7.3,-0.060,83335788,407898417,LOCKED,1.000031632000,152821874176983
21701,-146177646852875,-21944,45724,-31610.7,33339.8,7.2,-0.048,83335788,407969436,LOCKED,1.000031611000,152822874318597
21702,-146177646884365,-18796,48872,-31728.2,32789.2,7.2,-0.039,83335789,408032917,LOCKED,1.000031728000,152823874481329
21703,-146177646887557,10891,78559,-31803.0,32008.0,7.2,-0.046,83335788,408126078,LOCKED,1.000031803000,152824874634135
21704,-146177646904473,25815,93483,-31847.8,31433.9,7.3,-0.040,83335789,408203947,LOCKED,1.000031848000,152825874786986
21705,-146177646917421,43086,110754,-31839.5,31546.3,7.3,-0.046,83335788,408282036,LOCKED,1.000031840000,152826874927829
21706,-146177646943592,46424,114092,-31802.3,31987.4,7.3,-0.041,83335789,408350116,LOCKED,1.000031802000,152827875068634
21707,-146177646970909,48088,115756,-31743.7,32586.3,7.3,-0.036,83335789,408413582,LOCKED,1.000031744000,152828875087377
21708,-146177647091236,-37822,29846,-31812.2,32988.2,7.3,-0.032,83335789,408390363,LOCKED,1.000031812000,152829875118189
21709,-146177647114429,-28287,39381,-31810.0,32968.7,7.4,-0.036,83335788,408462595,LOCKED,1.000031810000,152830875267002
21710,-146177647135704,-17563,50105,-31790.1,32820.3,7.1,-0.033,83335789,408538096,LOCKED,1.000031790000,152831875423796
21711,-146177647140864,8505,76173,-31776.6,32840.5,7.4,-0.021,83335790,408625103,LOCKED,1.000031777000,152832875569576
21712,-146177647159833,21423,89091,-31817.7,32400.4,7.4,-0.025,83335788,408704680,LOCKED,1.000031818000,152833875716397
21713,-146177647175146,36890,104558,-31828.2,32264.9,7.4,-0.022,83335789,408782045,LOCKED,1.000031828000,152834875862228
# STATS: PDUs=6656 CSV=6655 Gaps=0 Dups=0 Skip=0 d_min=-67668 ns drift=-31828.2 ns/s sigma=32264.9 ns state=LOCKED clk_err=+0 ns
21714,-146177647196878,44764,112432,-31793.6,32656.3,7.4,-0.026,83335788,408858503,LOCKED,1.000031794000,152835876009025
21715,-146177647223214,47647,115315,-31746.4,33171.8,7.4,-0.023,83335789,408926761,LOCKED,1.000031746000,152836876029771
21716,-146177647256186,43105,110773,-31655.1,33662.5,7.4,-0.020,83335789,408879695,LOCKED,1.000031655000,152837876168429
21717,-146177647287296,39511,107179,-31517.4,33672.7,7.3,-0.019,83335789,408942412,LOCKED,1.000031517000,152838876313950
21718,-146177647395427,-33575,34093,-31635.0,33674.7,7.3,-0.022,83335788,409036400,LOCKED,1.000031635000,152839876331584
21719,-146177647435157,-38215,29453,-31741.2,33936.7,7.3,-0.022,83335789,409088193,LOCKED,1.000031741000,152840876478328
21720,-146177647462293,-31263,36405,-31804.5,34194.9,7.3,-0.019,83335789,409154553,LOCKED,1.000031804000,152841876622136
21721,-146177647480483,-17124,50544,-31801.7,34179.7,7.3,-0.017,83335789,409231569,LOCKED,1.000031802000,152842876771941
21722,-146177647497645,-3391,64277,-31751.5,33904.5,7.0,-0.012,83335789,409307442,LOCKED,1.000031751000,152843876918696
21723,-146177647539003,-13759,53909,-31691.1,33319.7,7.0,-0.013,83335789,409382674,LOCKED,1.000031691000,152844877075391
21724,-146177647531540,22585,90253,-31590.6,33126.0,7.0,-0.011,83335789,409463798,LOCKED,1.000031591000,152845877228985
21725,-146177647543310,40926,108594,-31586.0,33183.4,6.9,-0.012,83335789,409550035,LOCKED,1.000031586000,152846877279571
21726,-146177647663456,-43565,24103,-31713.5,33473.5,6.8,-0.013,83335789,409523527,LOCKED,1.000031713000,152847877449288
21727,-146177647668042,-15199,52469,-31749.1,33529.9,6.9,-0.011,83335789,409611686,LOCKED,1.000031749000,152848877611041
21728,-146177647644537,36323,103991,-31626.1,33578.3,6.9,-0.009,83335789,409730368,LOCKED,1.000031626000,152849877630666
21729,-146177647671502,36848,104516,-31484.1,33416.1,6.8,-0.014,83335788,409800723,LOCKED,1.000031484000,152850877670150
21730,-146177647708025,27974,95642,-31342.1,32852.0,6.8,-0.018,83335788,409751839,LOCKED,1.000031342000,152851877716492
21731,-146177647816558,-48021,19647,-31320.9,32482.7,6.8,-0.023,83335788,409837748,LOCKED,1.000031321000,152852877865816
21732,-146177647832692,-32432,35236,-31286.6,32010.6,6.7,-0.026,83335789,409920937,LOCKED,1.000031287000,152853878026106
21733,-146177647846188,-12836,54832,-31354.0,31869.2,6.7,-0.031,83335788,409999484,LOCKED,1.000031354000,152854878180463
21734,-146177647858164,6909,74577,-31383.6,31719.0,6.8,-0.031,83335788,410080308,LOCKED,1.000031384000,152855878328850
21735,-146177647877514,17668,85336,-31350.3,31809.1,7.3,-0.030,83335787,410157142,LOCKED,1.000031350000,152856878481204
21736,-146177647890265,33596,101264,-31274.9,32109.2,7.7,-0.029,83335787,410240180,LOCKED,1.000031275000,152857878497478
21737,-146177647936639,16460,84128,-31202.2,32007.3,7.7,-0.027,83335788,410181898,LOCKED,1.000031202000,152858878649683
21738,-146177648012761,-28195,39473,-31168.2,31581.0,7.8,-0.024,83335788,410302503,LOCKED,1.000031168000,152859878676851
21739,-146177648040330,-21876,45792,-31265.5,31389.9,7.7,-0.029,83335788,410368014,LOCKED,1.000031266000,152860878822120
21740,-146177648057271,-6119,61549,-31325.8,31165.7,7.7,-0.035,83335788,410443351,LOCKED,1.000031326000,152861878968449
21741,-146177648080425,2061,69729,-31329.6,31161.7,7.5,-0.022,83335788,410516907,LOCKED,1.000031330000,152862879114782
21742,-146177648095755,16747,84415,-31293.0,31239.5,7.5,-0.028,83335788,410597331,LOCKED,1.000031293000,152863879266078
21743,-146177648108685,31648,99316,-31175.4,31165.4,7.4,-0.036,83335789,410675078,LOCKED,1.000031175000,152864879284253
21744,-146177648151661,17559,85227,-31092.1,30991.1,7.5,-0.031,83335788,410622545,LOCKED,1.000031092000,152865879425348
21745,-146177648277341,-71874,0,-31225.9,32486.2,7.4,-0.039,83335788,410694386,LOCKED,1.000031226000,152866879590578
21746,-146177648286103,-44830,27044,-31376.4,32579.3,7.4,-0.040,83335788,410783561,LOCKED,1.000031376000,152867879723957
21747,-146177648320017,-42774,29100,-31531.0,32513.9,7.5,-0.024,83335789,410841346,LOCKED,1.000031531000,152868879885492
21748,-146177648287518,19980,91854,-31501.6,32624.0,7.5,-0.025,83335788,410969339,LOCKED,1.000031502000,152869879909993
21749,-146177648317501,19947,91821,-31458.5,32730.2,7.5,-0.026,83335788,411030809,LOCKED,1.000031458000,152870880066455
21750,-146177648336298,31603,103477,-31461.7,32696.2,7.5,-0.026,83335788,411111040,LOCKED,1.000031462000,152871880084916
21751,-146177648379812,16479,88353,-31338.1,31940.9,7.2,-0.009,83335788,411051088,LOCKED,1.000031338000,152872880235257
21752,-146177648492610,-59655,12219,-31500.6,32645.8,7.2,-0.010,83335789,411135319,LOCKED,1.000031501000,152873880380761
21753,-146177648513726,-45338,26536,-31618.4,33088.3,7.2,-0.007,83335788,411214172,LOCKED,1.000031618000,152874880538383
21754,-146177648522254,-20703,51171,-31659.9,33205.2,7.2,-0.002,83335788,411300835,LOCKED,1.000031660000,152875880685046
21755,-146177648533012,-361,71513,-31631.7,33130.3,7.1,-0.009,83335788,411381580,LOCKED,1.000031632000,152876880843681
21756,-146177648544754,17792,89666,-31576.0,33163.7,7.1,-0.012,83335788,411467263,LOCKED,1.000031576000,152877880983260
21757,-146177648574704,17074,88948,-31489.2,32952.0,7.4,-0.026,83335787,411547279,LOCKED,1.000031489000,152878880997748
21758,-146177648672169,-44276,27598,-31642.8,32974.4,7.6,-0.039,83335787,411523058,LOCKED,1.000031643000,152879881028390
21759,-146177648695774,-32793,39081,-31757.6,32976.7,7.8,-0.050,83335787,411594794,LOCKED,1.000031758000,152880881172151
21760,-146177648724068,-26165,45709,-31869.6,32769.6,8.0,-0.059,83335787,411664808,LOCKED,1.000031870000,152881881299023
21761,-146177648755846,-23202,48672,-31972.2,32570.2,8.1,-0.068,83335787,411725669,LOCKED,1.000031972000,152882881450999
21762,-146177648762392,3349,75223,-32033.1,32160.4,8.2,-0.076,83335787,411812059,LOCKED,1.000032033000,152883881594035
21763,-146177648796714,1383,73257,-32051.3,32121.2,8.4,-0.069,83335789,411888944,LOCKED,1.000032051000,152884881726089
21764,-146177648871596,-38839,33035,-32114.8,32549.4,8.3,-0.069,83335788,411946470,LOCKED,1.000032115000,152885881885207
21765,-146177648828512,33310,105184,-32020.4,32743.3,8.3,-0.070,83335788,412035135,LOCKED,1.000032020000,152886881921227
21766,-146177648844506,45161,117035,-31890.3,33078.6,8.4,-0.075,83335787,412010467,LOCKED,1.000031890000,152887882081121
21767,-146177648950206,-28027,43847,-31874.1,32910.8,8.4,-0.069,83335789,412105020,LOCKED,1.000031874000,152888882238999
21768,-146177648922518,31139,103013,-31906.6,32489.6,8.4,-0.068,83335788,412227232,LOCKED,1.000031907000,152889882283905
21769,-146177648949908,34778,106652,-31921.4,32301.3,8.5,-0.074,83335787,412294845,LOCKED,1.000031921000,152890882324826
21770,-146177649069616,-48415,23459,-32066.6,32631.3,8.6,-0.077,83335787,412269391,LOCKED,1.000032067000,152891882483896
21771,-146177649076146,-21004,50870,-32123.7,32717.9,8.1,-0.073,83335788,412360541,LOCKED,1.000032124000,152892882650024
21772,-146177649065066,20755,92629,-32087.3,32839.1,8.1,-0.074,83335788,412462132,LOCKED,1.000032087000,152893882683111
21773,-146177649085424,29788,101662,-32004.4,33001.6,8.2,-0.076,83335787,412434307,LOCKED,1.000032004000,152894882853119
# STATS: PDUs=6716 CSV=6715 Gaps=0 Dups=0 Skip=0 d_min=-71874 ns drift=-32004.4 ns/s sigma=33001.6 ns state=LOCKED clk_err=+0 ns
21774,-146177649181740,-33281,38593,-32010.0,33058.2,8.2,-0.076,83335788,412533602,LOCKED,1.000032010000,152895883013133
21775,-146177649195904,-15653,56221,-31973.2,32750.4,8.1,-0.074,83335788,412624114,LOCKED,1.000031973000,152896883160109
21776,-146177649202422,7910,79784,-31893.3,32366.7,8.1,-0.068,83335789,412710332,LOCKED,1.000031893000,152897883321006
21777,-146177649199719,38364,110238,-31753.6,32299.3,8.0,-0.066,83335788,412806282,LOCKED,1.000031754000,152898883347759
21778,-146177649287392,-15387,56487,-31834.5,32095.4,8.0,-0.067,83335788,412813966,LOCKED,1.000031835000,152899883503597
21779,-146177649298602,6276,78150,-31896.1,31610.9,7.9,-0.063,83335788,412895922,LOCKED,1.000031896000,152900883644496
21780,-146177649314588,22053,93927,-31926.3,31301.1,7.8,-0.060,83335788,412974618,LOCKED,1.000031926000,152901883795426
21781,-146177649322330,44147,116021,-31897.1,31650.6,7.7,-0.056,83335788,413059001,LOCKED,1.000031897000,152902883805322
21782,-146177649368692,28189,100063,-31870.7,31831.6,7.6,-0.052,83335788,413002966,LOCKED,1.000031871000,152903883962196
21783,-146177649469618,-37459,34415,-31975.8,32090.5,7.5,-0.048,83335788,413101432,LOCKED,1.000031976000,152904884105175
21784,-146177649505148,-38815,33059,-32019.2,32464.5,7.5,-0.044,83335787,413159893,LOCKED,1.000032019000,152905884258198
21785,-146177649514507,-16234,55640,-31988.2,32212.1,7.5,-0.040,83335787,413245331,LOCKED,1.000031988000,152906884406189
21786,-146177649526434,5328,77202,-32070.9,31422.0,7.5,-0.034,83335787,413327430,LOCKED,1.000032071000,152907884557263
21787,-146177649527816,34623,106497,-32060.1,31535.8,7.5,-0.028,83335787,413421380,LOCKED,1.000032060000,152908884588323
21788,-146177649621963,-26556,45318,-32060.5,31538.9,7.4,-0.020,83335787,413419346,LOCKED,1.000032060000,152909884625383
21789,-146177649641104,-13828,58046,-32028.0,31288.1,7.5,-0.019,83335787,413495202,LOCKED,1.000032028000,152910884770414
21790,-146177649659898,-1542,70332,-31978.8,31029.5,7.5,-0.018,83335788,413571440,LOCKED,1.000031979000,152911884920396
21791,-146177649671634,18983,90857,-32024.3,30532.2,7.6,-0.017,83335787,413649051,LOCKED,1.000032024000,152912885061423
21792,-146177649694414,27442,99316,-32031.5,30459.7,7.5,-0.005,83335787,413724963,LOCKED,1.000032031000,152913885207458
21793,-146177649700572,50322,122196,-31968.1,31157.3,7.6,-0.001,83335787,413811838,LOCKED,1.000031968000,152914885342429
21794,-146177649733518,45915,117789,-31876.0,31762.4,7.6,0.001,83335788,413874702,LOCKED,1.000031876000,152915885372304
21795,-146177649759646,47595,119469,-31755.3,32284.8,7.6,-0.006,83335787,413837814,LOCKED,1.000031755000,152916885517062
21796,-146177649879190,-39027,32847,-31747.7,32181.4,7.6,-0.014,83335787,413918397,LOCKED,1.000031748000,152917885652812
21797,-146177649900912,-28129,43745,-31743.6,32143.0,7.7,-0.008,83335787,413993052,LOCKED,1.000031744000,152918885811559
21798,-146177649871440,31364,103238,-31711.2,32377.0,7.7,-0.018,83335787,414117207,LOCKED,1.000031711000,152919885843270
21799,-146177649888805,43020,114894,-31650.6,32879.6,7.8,-0.026,83335787,414193117,LOCKED,1.000031651000,152920885890921
21800,-146177649999167,-33609,38265,-31697.0,33180.6,7.8,-0.016,83335788,414174994,LOCKED,1.000031697000,152921886028621
21801,-146177650014727,-16836,55038,-31700.2,33196.8,7.8,-0.006,83335788,414252775,LOCKED,1.000031700000,152922886184325
21802,-146177650023465,4667,76541,-31636.2,32920.4,7.9,-0.012,83335787,414343524,LOCKED,1.000031636000,152923886325964
21803,-146177650048217,9036,80910,-31527.6,32150.1,7.6,0.015,83335788,414424263,LOCKED,1.000031528000,152924886462494
21804,-146177650121529,-32134,39740,-31504.2,31852.1,7.7,0.013,83335787,414487070,LOCKED,1.000031504000,152925886492998
21805,-146177650179309,-53055,18819,-31679.1,32035.2,7.7,0.012,83335787,414450036,LOCKED,1.000031679000,152926886643680
21806,-146177650203471,-41613,30261,-31802.8,32291.9,7.7,0.001,83335787,414538338,LOCKED,1.000031803000,152927886805486
21807,-146177650202261,-6890,64984,-31875.4,31963.5,7.5,-0.011,83335787,414632569,LOCKED,1.000031875000,152928886831361
21808,-146177650186361,37319,109193,-31762.3,32151.2,7.5,-0.018,83335787,414636731,LOCKED,1.000031762000,152929886999127
21809,-146177650291294,-34594,37280,-31766.5,32196.9,7.5,-0.013,83335788,414729714,LOCKED,1.000031766000,152930887159897
21810,-146177650298475,-10897,60977,-31704.6,31614.8,7.5,-0.019,83335787,414816926,LOCKED,1.000031705000,152931887327605
21811,-146177650294386,22038,93912,-31600.7,31351.9,7.5,-0.024,83335787,414914941,LOCKED,1.000031601000,152932887475209
21812,-146177650312788,34300,106174,-31611.8,31212.1,7.2,-0.020,83335788,414991740,LOCKED,1.000031612000,152933887628824
21813,-146177650326492,49870,121744,-31580.0,31646.3,7.2,-0.024,83335787,415075881,LOCKED,1.000031580000,152934887773407
21814,-146177650361616,43618,115492,-31519.5,32172.1,7.2,-0.027,83335787,415136311,LOCKED,1.000031520000,152935887908929
21815,-146177650392197,41240,113114,-31425.2,32611.2,7.1,-0.030,83335787,415198029,LOCKED,1.000031425000,152936887924353
21816,-146177650435155,26622,98496,-31317.8,32472.9,7.2,-0.025,83335788,415141512,LOCKED,1.000031318000,152937888068674
21817,-146177650555836,-59972,11902,-31354.0,33049.9,7.1,-0.028,83335787,415218061,LOCKED,1.000031354000,152938888218031
21818,-146177650559752,-29546,42328,-31451.8,33102.0,7.1,-0.030,83335787,415312091,LOCKED,1.000031452000,152939888238482
21819,-146177650593305,-28882,42992,-31539.6,33208.7,7.1,-0.028,83335788,415372283,LOCKED,1.000031540000,152940888399025
21820,-146177650610677,-13074,58800,-31598.4,33139.7,7.1,-0.030,83335787,415450820,LOCKED,1.000031598000,152941888421623
21821,-146177650645780,-14749,57125,-31663.8,33058.6,7.1,-0.033,83335787,415508648,LOCKED,1.000031664000,152942888572290
21822,-146177650660141,2372,74246,-31658.9,33060.1,7.1,-0.036,83335787,415589307,LOCKED,1.000031659000,152943888719952
21823,-146177650678499,14723,86597,-31636.7,33119.3,6.8,-0.030,83335788,415667638,LOCKED,1.000031637000,152944888864592
21824,-146177650691012,33143,105017,-31657.4,32861.9,6.7,-0.031,83335787,415744710,LOCKED,1.000031657000,152945889009252
21825,-146177650716407,35914,107788,-31545.5,33005.7,6.7,-0.031,83335787,415815888,LOCKED,1.000031546000,152946889041797
21826,-146177650738969,40424,112298,-31392.9,32854.5,6.7,-0.030,83335788,415780559,LOCKED,1.000031393000,152947889177193
21827,-146177650867474,-52235,19639,-31524.8,33466.2,6.3,-0.027,83335787,415852639,LOCKED,1.000031525000,152948889328721
21828,-146177650850830,-4894,66980,-31475.9,33175.9,6.3,-0.026,83335787,415960291,LOCKED,1.000031476000,152949889346196
21829,-146177650897171,-19773,52101,-31442.3,32861.4,6.3,-0.029,83335787,416009350,LOCKED,1.000031442000,152950889504642
21830,-146177650901381,8552,80426,-31510.3,32248.1,6.3,-0.029,83335788,416099942,LOCKED,1.000031510000,152951889645155
21831,-146177650927893,13513,85387,-31531.0,32116.8,6.3,-0.027,83335787,416165786,LOCKED,1.000031531000,152952889796689
21832,-146177650938461,31700,103574,-31447.3,32330.9,6.3,-0.026,83335787,416246751,LOCKED,1.000031447000,152953889939139
21833,-146177650965191,33071,104945,-31337.9,32397.2,6.2,-0.029,83335787,416320120,LOCKED,1.000031338000,152954889951476
# STATS: PDUs=6776 CSV=6775 Gaps=0 Dups=0 Skip=0 d_min=-71874 ns drift=-31337.9 ns/s sigma=32397.2 ns state=LOCKED clk_err=+0 ns
21834,-146177651006321,22846,94720,-31354.7,32246.4,6.5,-0.028,83335786,416262676,LOCKED,1.000031355000,152955890209837
21835,-146177651029320,29728,101602,-31331.8,32419.3,6.5,-0.025,83335787,416442492,LOCKED,1.000031332000,152956890353172
21836,-146177651071720,17178,89052,-31287.5,32484.7,6.0,-0.017,83335787,416513671,LOCKED,1.000031288000,152957890393459
21837,-146177651174598,-52315,19559,-31303.5,32730.5,5.9,-0.013,83335787,416482381,LOCKED,1.000031303000,152958890540766
21838,-146177651165346,-10594,61280,-31343.1,32721.4,5.9,-0.009,83335788,416596852,LOCKED,1.000031343000,152959890554108
21839,-146177651193209,-6882,64992,-31343.1,32721.3,5.8,-0.004,83335787,416653159,LOCKED,1.000031343000,152960890696454
21840,-146177651216508,337,72211,-31303.0,32578.4,5.7,0.001,83335787,416723574,LOCKED,1.000031303000,152961890846760
21841,-146177651251926,-5121,66753,-31228.5,31937.3,5.6,0.007,83335787,416799074,LOCKED,1.000031228000,152962890980991
21842,-146177651332644,-52247,19627,-31257.6,32356.0,5.5,0.014,83335787,416854970,LOCKED,1.000031258000,152963891147252
21843,-146177651273006,37249,109123,-31250.9,32433.1,5.3,0.021,83335787,416951541,LOCKED,1.000031251000,152964891189503
21844,-146177651406147,-59147,12727,-31422.4,32997.0,5.3,0.021,83335787,416910214,LOCKED,1.000031422000,152965891341929
21845,-146177651415541,-33991,37883,-31519.6,33191.0,5.6,0.022,83335786,416996848,LOCKED,1.000031520000,152966891504452
21846,-146177651419661,-6011,65863,-31538.1,33195.3,5.9,0.023,83335786,417086250,LOCKED,1.000031538000,152967891660994
21847,-146177651426235,16884,88758,-31464.5,33099.5,5.9,0.023,83335787,417172256,LOCKED,1.000031465000,152968891678458
21848,-146177651523709,-44756,27118,-31604.8,33310.7,6.2,0.026,83335786,417170694,LOCKED,1.000031605000,152969891719063
21849,-146177651537335,-24141,47733,-31694.2,33272.7,6.5,0.001,83335786,417246227,LOCKED,1.000031694000,152970891877761
21850,-146177651537174,7767,79641,-31709.8,33212.4,6.6,-0.007,83335786,417347617,LOCKED,1.000031710000,152971891909470
21851,-146177651566186,9704,81578,-31688.5,33236.9,6.7,-0.025,83335786,417411152,LOCKED,1.000031688000,152972892078162
21852,-146177651575924,29201,101075,-31616.5,33433.9,6.9,-0.042,83335786,417498495,LOCKED,1.000031617000,152973892106778
21853,-146177651607478,26054,97928,-31502.1,33197.0,6.9,-0.057,83335786,417453975,LOCKED,1.000031502000,152974892274284
21854,-146177651704408,-38193,33681,-31496.5,33126.2,7.0,-0.058,83335786,417554130,LOCKED,1.000031497000,152975892426784
21855,-146177651720938,-23325,48549,-31452.8,32625.2,7.0,-0.060,83335787,417637719,LOCKED,1.000031453000,152976892574240
21856,-146177651745118,-13766,58108,-31542.3,32284.0,6.9,-0.064,83335787,417705389,LOCKED,1.000031542000,152977892720785
21857,-146177651757460,6100,77974,-31585.2,32027.0,6.9,-0.070,83335787,417785804,LOCKED,1.000031585000,152978892867373
21858,-146177651768319,24128,96002,-31492.7,31959.1,7.0,-0.078,83335786,417873311,LOCKED,1.000031493000,152979892897865
21859,-146177651783705,36100,107974,-31349.5,31735.2,7.1,-0.086,83335786,417951288,LOCKED,1.000031350000,152980892912214
21860,-146177651831479,19362,91236,-31366.4,31599.7,6.9,-0.084,83335787,417891257,LOCKED,1.000031366000,152981893072584
21861,-146177651941751,-55188,16686,-31488.6,32416.5,6.7,-0.081,83335787,417975120,LOCKED,1.000031489000,152982893208075
21862,-146177651965933,-44944,26930,-31558.2,32978.2,6.7,-0.087,83335786,418049272,LOCKED,1.000031558000,152983893364637
21863,-146177651987841,-33360,38514,-31597.6,33255.3,6.5,-0.084,83335787,418124702,LOCKED,1.000031598000,152984893497237
21864,-146177652016005,-26937,44937,-31699.8,33184.6,6.6,-0.089,83335786,418187713,LOCKED,1.000031700000,152985893654940
21865,-146177652022549,352,0,-31805.3,32150.7,6.7,-0.093,83335786,418276969,LOCKED,1.000031805000,152986893799748
21866,-146177652049494,6776,6424,-31893.5,31215.9,6.7,-0.097,83335786,418340204,LOCKED,1.000031893000,152987893954645
21867,-146177652061248,26089,25737,-31896.3,31190.2,6.7,-0.101,83335786,418426704,LOCKED,1.000031896000,152988893988541
21868,-146177652171807,-49792,0,-31950.1,31809.1,6.8,-0.098,83335787,418409490,LOCKED,1.000031950000,152989894015490
21869,-146177652193374,-35035,14757,-32106.8,31305.1,6.6,-0.100,83335786,418483586,LOCKED,1.000032107000,152990894152600
21870,-146177652226730,-32776,17016,-32224.7,31272.2,6.6,-0.097,83335787,418539592,LOCKED,1.000032225000,152991894307828
21871,-146177652239478,-12379,37413,-32249.3,31316.5,6.7,-0.099,83335786,418622844,LOCKED,1.000032249000,152992894450080
21872,-146177652267797,-8286,41506,-32243.5,31297.1,6.5,-0.100,83335786,418691218,LOCKED,1.000032244000,152993894608327
21873,-146177652277575,12236,62028,-32168.3,31063.6,6.9,-0.107,83335785,418778045,LOCKED,1.000032168000,152994894749498
21874,-146177652303315,16442,66234,-32086.4,30871.4,7.3,-0.112,83335785,418846494,LOCKED,1.000032086000,152995894904588
21875,-146177652314421,33840,83632,-31966.7,30858.7,7.3,-0.114,83335786,418931228,LOCKED,1.000031967000,152996895046558
21876,-146177652357425,20418,70210,-31883.4,30764.1,8.0,-0.120,83335784,418997228,LOCKED,1.000031883000,152997895183444
21877,-146177652406990,4528,54320,-31979.1,29704.7,8.8,-0.127,83335784,419057065,LOCKED,1.000031979000,152998895220423
21878,-146177652468857,-22544,27248,-32080.0,29481.3,9.0,-0.131,83335785,419059682,LOCKED,1.000032080000,152999895243502
21879,-146177652494001,-13269,36523,-32172.9,29039.9,9.5,-0.133,83335784,419129560,LOCKED,1.000032173000,153000895407679
21880,-146177652510968,2749,52541,-32217.4,28789.7,10.1,-0.138,83335784,419208965,LOCKED,1.000032217000,153001895430896
21881,-146177652539325,7276,57068,-32262.4,28458.2,10.7,-0.143,83335784,419276198,LOCKED,1.000032262000,153002895579162
21882,-146177652552495,25221,75013,-32248.0,28570.3,10.7,-0.142,83335786,419353277,LOCKED,1.000032248000,153003895726413
21883,-146177652589265,19467,69259,-32219.8,28688.6,10.6,-0.138,83335785,419425786,LOCKED,1.000032220000,153004895862636
21884,-146177652675601,-32955,16837,-32248.2,28946.3,10.8,-0.139,83335785,419481242,LOCKED,1.000032248000,153005896027888
21885,-146177652622959,47772,97564,-32123.1,29490.8,10.8,-0.137,83335786,419570424,LOCKED,1.000032123000,153006896060011
21886,-146177652650663,47580,97372,-31975.7,29780.7,10.5,-0.130,83335786,419532504,LOCKED,1.000031976000,153007896234991
21887,-146177652745601,-12522,37270,-32095.5,28850.9,10.7,-0.129,83335785,419633525,LOCKED,1.000032095000,153008896403090
21888,-146177652725741,37249,87041,-32050.1,29250.1,10.7,-0.127,83335786,419751769,LOCKED,1.000032050000,153009896440140
21889,-146177652746092,46603,96395,-32012.5,29731.6,10.6,-0.124,83335786,419823972,LOCKED,1.000032012000,153010896470152
21890,-146177652779046,42606,92398,-31933.2,30287.3,10.5,-0.115,83335787,419782367,LOCKED,1.000031933000,153011896625089
21891,-146177652801314,48549,98341,-31831.1,30968.5,10.5,-0.111,83335786,419856365,LOCKED,1.000031831000,153012896787924
21892,-146177652916337,-33502,16290,-31831.4,30971.2,10.4,-0.108,83335786,419942176,LOCKED,1.000031831000,153013896946759
21893,-146177652925487,-11437,38355,-31782.0,30540.5,10.4,-0.103,83335786,420025919,LOCKED,1.000031782000,153014897089544
# STATS: PDUs=6836 CSV=6835 Gaps=0 Dups=0 Skip=0 d_min=-49792 ns drift=-31782.0 ns/s sigma=30540.5 ns state=LOCKED clk_err=+0 ns
21894,-146177652945421,-702,49090,-31726.1,30218.2,10.4,-0.108,83335786,420098780,LOCKED,1.000031726000,153015897229273
21895,-146177652975987,-1024,48768,-31651.5,29633.9,10.5,-0.102,83335785,420166113,LOCKED,1.000031651000,153016897373928
21896,-146177652991899,12565,62357,-31566.7,29282.1,10.5,-0.096,83335786,420242607,LOCKED,1.000031567000,153017897534498
21897,-146177652990447,43705,93497,-31547.1,29548.3,10.4,-0.090,83335786,420337952,LOCKED,1.000031547000,153018897560044
21898,-146177653095762,-28359,21433,-31583.7,29780.7,10.2,-0.068,83335785,420326470,LOCKED,1.000031584000,153019897599627
21899,-146177653114693,-15044,34748,-31591.2,29814.9,10.2,-0.058,83335786,420402782,LOCKED,1.000031591000,153020897737221
21900,-146177653139257,-8137,41655,-31571.7,29720.5,10.2,-0.043,83335785,420473792,LOCKED,1.000031572000,153021897891796
21901,-146177653148029,13160,62952,-31519.7,29690.1,10.1,-0.023,83335786,420555982,LOCKED,1.000031520000,153022898037319
21902,-146177653164173,27718,77510,-31525.7,29627.9,10.1,-0.022,83335785,420634741,LOCKED,1.000031526000,153023898189848
21903,-146177653180709,37968,87760,-31355.9,28991.2,9.9,-0.003,83335786,420713457,LOCKED,1.000031356000,153024898335207
21904,-146177653203657,44609,94401,-31343.4,29177.0,9.7,0.017,83335786,420787596,LOCKED,1.000031343000,153025898361550
21905,-146177653335227,-51450,0,-31462.6,29917.7,9.7,0.023,83335786,420745167,LOCKED,1.000031463000,153026898500015
21906,-146177653360033,-42141,9309,-31522.8,30441.6,9.7,0.029,83335786,420811067,LOCKED,1.000031523000,153027898657541
21907,-146177653365339,-15950,35500,-31494.9,30211.2,9.4,0.055,83335786,420902502,LOCKED,1.000031495000,153028898799039
21908,-146177653340102,39214,90664,-31483.2,30357.4,9.6,0.050,83335785,421020689,LOCKED,1.000031483000,153029898831522
21909,-146177653365705,42680,94130,-31435.6,30833.7,9.5,0.049,83335786,421087336,LOCKED,1.000031436000,153030898965960
21910,-146177653398861,37745,89195,-31340.5,31176.3,9.5,0.048,83335786,421151011,LOCKED,1.000031340000,153031898880296
21911,-146177653529010,-57803,0,-31404.4,32018.5,9.7,0.036,83335785,421114005,LOCKED,1.000031404000,153032899023703
21912,-146177653547198,-43102,14701,-31405.6,32035.2,9.8,0.047,83335787,421190421,LOCKED,1.000031406000,153033899170112
21913,-146177653564296,-28378,29425,-31378.7,31716.0,9.8,0.047,83335786,421263738,LOCKED,1.000031379000,153034899308494
21914,-146177653596084,-26254,31549,-31459.6,31801.9,9.9,0.038,83335785,421327120,LOCKED,1.000031460000,153035899466957
21915,-146177653607408,-5480,52323,-31481.8,31795.5,9.7,0.037,83335786,421411100,LOCKED,1.000031482000,153036899605442
21916,-146177653625376,7532,65335,-31469.7,31811.8,9.7,0.045,83335787,421485599,LOCKED,1.000031470000,153037899753915
21917,-146177653638140,23907,81710,-31394.9,31875.7,9.5,0.045,83335786,421567127,LOCKED,1.000031395000,153038899884313
21918,-146177653674636,16202,74005,-31293.9,31452.4,9.6,0.039,83335785,421631031,LOCKED,1.000031294000,153039899902606
21919,-146177653696431,22003,79806,-31148.7,30496.3,9.6,0.040,83335786,421694688,LOCKED,1.000031149000,153040899935754
21920,-146177653721719,24413,82216,-31019.7,29940.1,9.8,0.029,83335784,421658908,LOCKED,1.000031020000,153041900078777
21921,-146177653744077,31783,89586,-31009.2,30046.4,9.6,0.032,83335786,421731705,LOCKED,1.000031009000,153042900213789
21922,-146177653872995,-61172,0,-31150.8,31059.5,9.6,0.028,83335785,421800805,LOCKED,1.000031151000,153043900368943
21923,-146177653887555,-41219,19953,-31247.5,31503.2,9.4,0.031,83335786,421881603,LOCKED,1.000031247000,153044900501193
21924,-146177653933975,-52282,8890,-31362.4,32243.0,9.6,0.038,83335787,421947501,LOCKED,1.000031362000,153045900645558
21925,-146177653938703,-24272,36900,-31389.6,32389.2,9.6,0.040,83335786,422020672,LOCKED,1.000031390000,153046900798951
21926,-146177653950471,-4780,56392,-31375.3,32347.9,9.5,0.042,83335786,422103957,LOCKED,1.000031375000,153047900954330
21927,-146177653959453,15358,76530,-31289.9,32098.0,9.5,0.043,83335786,422184355,LOCKED,1.000031290000,153048900996620
21928,-146177654042932,-32999,28173,-31423.4,31876.4,9.3,0.048,83335786,422197193,LOCKED,1.000031423000,153049901036043
21929,-146177654049933,-6772,54400,-31500.9,31482.2,9.3,0.047,83335785,422283749,LOCKED,1.000031501000,153050901195547
21930,-146177654051333,23216,84388,-31534.0,31118.4,9.1,0.049,83335785,422377465,LOCKED,1.000031534000,153051901361085
21931,-146177654055851,47813,108985,-31494.8,31600.4,9.1,0.051,83335786,422464680,LOCKED,1.000031495000,153052901400580
21932,-146177654173999,-35570,25602,-31596.3,31823.3,9.1,0.051,83335785,422442464,LOCKED,1.000031596000,153053901566180
21933,-146177654172983,-2655,58517,-31606.8,31822.2,9.1,0.048,83335785,422536303,LOCKED,1.000031607000,153054901710790
21934,-146177654198705,2946,64118,-31597.7,31823.3,9.1,0.045,83335785,422610194,LOCKED,1.000031598000,153055901853391
21935,-146177654219003,12554,73726,-31535.4,31715.9,9.1,0.048,83335786,422682056,LOCKED,1.000031535000,153056901993929
21936,-146177654236583,24334,85506,-31469.0,31834.6,8.9,0.040,83335785,422756420,LOCKED,1.000031469000,153057902132401
21937,-146177654260107,30271,91443,-31420.8,32096.7,8.6,0.032,83335785,422827724,LOCKED,1.000031421000,153058902157821
21938,-146177654366230,-40465,20707,-31548.3,32266.9,8.6,0.030,83335786,422814939,LOCKED,1.000031548000,153059902177368
21939,-146177654399205,-38181,22991,-31667.2,32432.9,8.3,0.021,83335785,422874488,LOCKED,1.000031667000,153060902327038
21940,-146177654447341,-50486,10686,-31787.8,33056.2,8.0,0.011,83335785,422921766,LOCKED,1.000031788000,153061902351825
21941,-146177654469317,-37431,23741,-31884.9,33355.8,7.6,0.001,83335785,422992727,LOCKED,1.000031885000,153062902507713
21942,-146177654475615,-11014,50158,-31907.4,33388.4,8.0,0.002,83335784,423079257,LOCKED,1.000031907000,153063902650623
21943,-146177654490995,5395,66567,-31910.5,33382.1,8.4,-0.002,83335784,423161005,LOCKED,1.000031911000,153064902800537
21944,-146177654508321,20745,81917,-31982.7,32427.9,8.7,-0.006,83335784,423234568,LOCKED,1.000031983000,153065902943523
21945,-146177654534443,24238,85410,-31906.7,32490.9,8.7,-0.003,83335785,423304307,LOCKED,1.000031907000,153066903094433
21946,-146177654550807,36343,97515,-31798.2,32680.4,9.0,0.002,83335784,423383346,LOCKED,1.000031798000,153067903246235
21947,-146177654567518,49237,110409,-31772.5,33025.8,9.0,-0.002,83335785,423460813,LOCKED,1.000031772000,153068903275007
21948,-146177654669012,-19700,41472,-31778.2,33058.7,9.0,0.004,83335785,423455348,LOCKED,1.000031778000,153069903304785
21949,-146177654691237,-10431,50741,-31746.9,32865.0,9.3,0.012,83335784,423530233,LOCKED,1.000031747000,153070903448535
21950,-146177654698593,12096,73268,-31675.3,32674.5,9.2,0.035,83335784,423612981,LOCKED,1.000031675000,153071903585213
21951,-146177654737083,3587,64759,-31598.0,32211.2,9.2,0.046,83335785,423670761,LOCKED,1.000031598000,153072903742814
21952,-146177654749219,22881,84053,-31627.9,31902.9,9.5,0.024,83335784,423750172,LOCKED,1.000031628000,153073903887445
21953,-146177654774182,28273,89445,-31612.4,32024.5,9.7,0.007,83335784,423822097,LOCKED,1.000031612000,153074904035061
# STATS: PDUs=6896 CSV=6895 Gaps=0 Dups=0 Skip=0 d_min=-61172 ns drift=-31612.4 ns/s sigma=32024.5 ns state=LOCKED clk_err=+0 ns
21954,-146177654785168,45989,107161,-31546.0,32609.3,9.7,0.009,83335785,423902096,LOCKED,1.000031546000,153075904180610
21955,-146177654817100,42839,104011,-31481.4,33113.9,9.9,-0.015,83335784,423969124,LOCKED,1.000031481000,153076904210091
21956,-146177654945660,-51067,10105,-31552.3,33801.4,9.8,-0.010,83335785,423932395,LOCKED,1.000031552000,153077904352646
21957,-146177654966844,-39471,21701,-31546.9,33732.2,9.8,0.009,83335786,424003419,LOCKED,1.000031547000,153078904490196
21958,-146177654952142,7326,68498,-31586.1,33505.8,9.8,0.000,83335785,424114295,LOCKED,1.000031586000,153079904642785
21959,-146177654969249,21014,82186,-31582.2,33530.0,9.8,0.021,83335786,424193841,LOCKED,1.000031582000,153080904786370
21960,-146177655006049,15180,76352,-31577.2,33551.4,9.9,0.026,83335786,424263269,LOCKED,1.000031577000,153081904931950
21961,-146177655068367,-14887,46285,-31585.5,33584.0,9.8,0.031,83335786,424338456,LOCKED,1.000031586000,153082904983536
21962,-146177655132681,-45378,15794,-31619.9,33965.0,9.9,0.037,83335786,424317426,LOCKED,1.000031620000,153083905129159
21963,-146177655148815,-29316,31856,-31599.4,33740.8,9.8,0.041,83335786,424393037,LOCKED,1.000031599000,153084905288762
21964,-146177655147033,2085,63257,-31505.5,33009.9,9.8,0.045,83335786,424486841,LOCKED,1.000031505000,153085905440271
21965,-146177655159771,20994,82166,-31547.4,32566.1,9.8,0.048,83335786,424568237,LOCKED,1.000031547000,153086905599822
21966,-146177655165941,44709,105881,-31540.2,32666.0,9.8,0.052,83335786,424654839,LOCKED,1.000031540000,153087905613361
21967,-146177655209059,31495,92667,-31512.2,32877.0,9.7,0.055,83335786,424600657,LOCKED,1.000031512000,153088905780877
21968,-146177655277358,-6322,54850,-31451.0,32408.1,9.7,0.058,83335786,424731027,LOCKED,1.000031451000,153089905815328
21969,-146177655294359,5942,67114,-31353.4,31707.2,9.7,0.054,83335785,424811470,LOCKED,1.000031353000,153090905966685
21970,-146177655308835,19616,80788,-31228.6,31038.1,9.7,0.058,83335786,424890295,LOCKED,1.000031229000,153091905872909
21971,-146177655342918,17106,78278,-31274.1,30571.1,9.7,0.060,83335786,424843812,LOCKED,1.000031274000,153092906002186
21972,-146177655374680,16616,77788,-31301.6,30338.0,9.4,0.058,83335785,424907448,LOCKED,1.000031302000,153093906162491
21973,-146177655484252,-56986,4186,-31436.3,31193.8,9.4,0.062,83335786,424993551,LOCKED,1.000031436000,153094906321931
21974,-146177655495960,-34049,27123,-31537.3,31371.9,9.4,0.059,83335785,425079720,LOCKED,1.000031537000,153095906478472
21975,-146177655504120,-9772,51400,-31565.2,31388.7,9.3,0.058,83335785,425165678,LOCKED,1.000031565000,153096906630041
21976,-146177655522686,2797,63969,-31548.7,31378.1,8.9,0.059,83335785,425241926,LOCKED,1.000031549000,153097906767593
21977,-146177655554835,1188,62360,-31501.1,31179.8,8.9,0.063,83335786,425304914,LOCKED,1.000031501000,153098906778093
21978,-146177655565769,19580,80752,-31426.8,31139.1,9.2,0.057,83335784,425282467,LOCKED,1.000031427000,153099906805519
21979,-146177655585289,28281,89453,-31316.3,31018.4,9.1,0.057,83335785,425355312,LOCKED,1.000031316000,153100906975839
21980,-146177655694454,-47818,13354,-31322.6,31117.4,8.9,0.053,83335785,425449839,LOCKED,1.000031323000,153101907123165
21981,-146177655709799,-31587,29585,-31282.4,30526.5,9.1,0.051,83335784,425526055,LOCKED,1.000031282000,153102907268450
21982,-146177655726719,-14756,46416,-31379.2,30095.1,9.3,0.047,83335784,425599408,LOCKED,1.000031379000,153103907418832
21983,-146177655741893,2253,63425,-31422.5,29873.1,9.2,0.049,83335785,425680450,LOCKED,1.000031423000,153104907565258
21984,-146177655758229,17671,78843,-31468.3,29374.4,9.4,0.051,83335783,425758957,LOCKED,1.000031468000,153105907707729
21985,-146177655776227,29764,90936,-31450.1,29533.5,9.4,0.052,83335784,425833380,LOCKED,1.000031450000,153106907724178
21986,-146177655812343,23467,84639,-31409.1,29704.9,9.3,0.056,83335785,425785525,LOCKED,1.000031409000,153107907865590
21987,-146177655832111,32051,93223,-31312.1,29856.0,9.3,0.059,83335784,425860536,LOCKED,1.000031312000,153108908012905
21988,-146177655934628,-35735,25437,-31420.7,30038.1,9.3,0.063,83335784,425955146,LOCKED,1.000031421000,153109908037325
21989,-146177655964201,-31522,29650,-31484.5,30334.3,9.4,0.062,83335784,426021527,LOCKED,1.000031484000,153110908187813
21990,-146177655975539,-11428,49744,-31462.9,30202.1,9.4,0.063,83335785,426103270,LOCKED,1.000031463000,153111908334279
21991,-146177655997307,-3352,57820,-31377.7,29370.1,9.4,0.070,83335784,426171421,LOCKED,1.000031378000,153112908468659
21992,-146177656032626,-5775,55397,-31442.7,29071.0,9.4,0.071,83335785,426233462,LOCKED,1.000031443000,153113908615105
21993,-146177656058178,150,61322,-31444.6,29070.6,9.5,0.073,83335784,426301989,LOCKED,1.000031445000,153114908765553
21994,-146177656074106,14502,75674,-31411.5,29131.1,9.6,0.075,83335784,426383497,LOCKED,1.000031412000,153115908907967
21995,-146177656096860,21109,82281,-31345.9,29187.7,9.4,0.086,83335784,426454520,LOCKED,1.000031346000,153116909043316
21996,-146177656123794,22795,83967,-31249.8,29028.3,9.4,0.089,83335785,426520291,LOCKED,1.000031250000,153117909069565
21997,-146177656159170,16030,77202,-31146.8,28525.3,9.5,0.094,83335784,426471987,LOCKED,1.000031147000,153118909216715
21998,-146177656240627,-31095,30077,-31251.6,28571.8,9.2,0.110,83335784,426590787,LOCKED,1.000031252000,153119909373970
21999,-146177656257601,-14606,46566,-31336.0,28276.6,9.2,0.116,83335785,426668820,LOCKED,1.000031336000,153120909509309
22000,-146177656302949,-24985,36187,-31473.0,27549.0,9.2,0.125,83335784,426727995,LOCKED,1.000031473000,153121909523781
22001,-146177656332871,-20301,40871,-31593.2,26899.8,9.1,0.133,83335785,426781009,LOCKED,1.000031593000,153122909678378
22002,-146177656347507,-2225,58947,-31644.5,26649.6,9.2,0.132,83335784,426863390,LOCKED,1.000031645000,153123909818025
22003,-146177656402227,-23231,37941,-31707.6,26779.8,9.2,0.132,83335784,426929095,LOCKED,1.000031708000,153124909974736
22004,-146177656472369,-57653,3519,-31808.8,27900.7,9.6,0.095,83335784,427016580,LOCKED,1.000031809000,153125910019545
22005,-146177656500927,-50983,10189,-31892.0,28742.8,9.8,0.079,83335784,426994372,LOCKED,1.000031892000,153126910180441
22006,-146177656501101,-18596,42576,-31893.9,28755.4,9.8,0.067,83335785,427087284,LOCKED,1.000031894000,153127910357339
22007,-146177656499181,13120,74292,-31812.6,28454.5,10.3,0.041,83335783,427183708,LOCKED,1.000031813000,153128910399151
22008,-146177656585884,-37932,23240,-31938.1,28553.6,11.3,0.003,83335782,427190420,LOCKED,1.000031938000,153129910442089
22009,-146177656600086,-17962,43210,-32018.0,28410.9,11.3,-0.021,83335784,427269705,LOCKED,1.000032018000,153130910599111
22010,-146177656612409,1805,62977,-32024.6,28402.0,11.4,-0.062,83335783,427352993,LOCKED,1.000032025000,153131910758139
22011,-146177656619236,25657,86829,-32001.2,28566.0,11.4,-0.072,83335784,427439900,LOCKED,1.000032001000,153132910918144
22012,-146177656627392,46030,107202,-31907.2,29223.6,11.4,-0.074,83335784,427528535,LOCKED,1.000031907000,153133910931050
22013,-146177656671930,30670,91842,-31824.1,29431.5,11.4,-0.065,83335785,427471710,LOCKED,1.000031824000,153134911094878
# STATS: PDUs=6956 CSV=6955 Gaps=0 Dups=0 Skip=0 d_min=-61172 ns drift=-31824.1 ns/s sigma=29431.5 ns state=LOCKED clk_err=+0 ns
22014,-146177656783502,-47214,13958,-31837.0,29632.6,11.4,-0.070,83335784,427561722,LOCKED,1.000031837000,153135911216717
22015,-146177656728602,35593,96765,-31703.1,29508.5,11.4,-0.073,83335784,427608086,LOCKED,1.000031703000,153136911373424
22016,-146177656830580,-30695,30477,-31848.0,28954.5,11.4,-0.068,83335785,427703909,LOCKED,1.000031848000,153137911514275
22017,-146177656847552,-13257,47915,-31951.9,28330.2,11.2,-0.073,83335784,427775282,LOCKED,1.000031952000,153138911664230
22018,-146177656839877,24755,85927,-31913.7,28526.0,11.2,-0.077,83335784,427880313,LOCKED,1.000031914000,153139911684143
22019,-146177656871622,22887,84059,-31851.7,28644.8,11.0,-0.073,83335785,427941570,LOCKED,1.000031852000,153140911826998
22020,-146177656900550,23826,84998,-31793.8,28799.8,10.8,-0.076,83335784,428010825,LOCKED,1.000031794000,153141911974795
22021,-146177656913274,40767,101939,-31757.1,29203.2,10.6,-0.078,83335784,428092438,LOCKED,1.000031757000,153142912003552
22022,-146177656938264,46187,107359,-31767.8,29012.2,10.4,-0.080,83335784,428054328,LOCKED,1.000031768000,153143912149323
22023,-146177657066358,-45590,15582,-31915.6,29197.0,10.2,-0.074,83335785,428125098,LOCKED,1.000031916000,153144912295242
22024,-146177657083714,-28703,32469,-31982.2,29429.0,10.0,-0.075,83335784,428202880,LOCKED,1.000031982000,153145912436227
22025,-146177657116457,-27825,33347,-32016.4,29649.2,9.7,-0.075,83335784,428267551,LOCKED,1.000032016000,153146912586247
22026,-146177657134811,-14365,46807,-31982.5,29358.3,9.5,-0.069,83335785,428341013,LOCKED,1.000031982000,153147912731233
22027,-146177657161555,-9348,51824,-31956.1,29198.0,9.2,-0.068,83335784,428412231,LOCKED,1.000031956000,153148912878192
22028,-146177657155672,26991,88163,-31927.2,29392.3,8.9,-0.062,83335785,428511422,LOCKED,1.000031927000,153149912895118
22029,-146177657199231,14207,75379,-31894.3,29448.9,9.3,-0.053,83335786,428562340,LOCKED,1.000031894000,153150913044016
22030,-146177657234543,9326,70498,-31837.9,29312.5,9.1,-0.047,83335785,428620269,LOCKED,1.000031838000,153151913069853
22031,-146177657262517,11582,72754,-31778.1,29194.9,8.8,-0.041,83335785,428689880,LOCKED,1.000031778000,153152913202634
22032,-146177657301995,2812,63984,-31730.2,29007.1,8.8,-0.037,83335785,428746086,LOCKED,1.000031730000,153153913361368
22033,-146177657311353,25264,86436,-31776.2,28358.9,8.5,-0.033,83335784,428830202,LOCKED,1.000031776000,153154913505147
22034,-146177657337908,29641,90813,-31784.1,28265.5,8.4,-0.032,83335784,428895877,LOCKED,1.000031784000,153155913664935
22035,-146177657349646,46850,108022,-31722.7,28928.0,8.4,-0.031,83335784,428981908,LOCKED,1.000031723000,153156913681657
22036,-146177657395368,30642,91814,-31665.2,29224.3,8.4,-0.027,83335785,428924134,LOCKED,1.000031665000,153157913844326
22037,-146177657501936,-41480,19692,-31732.7,29759.5,8.0,-0.021,83335784,429015771,LOCKED,1.000031733000,153158913990062
22038,-146177657499866,-7927,53245,-31707.3,29622.4,8.0,-0.023,83335784,429127848,LOCKED,1.000031707000,153159914015769
22039,-146177657511590,10075,71247,-31626.6,29250.1,8.0,-0.018,83335785,429197404,LOCKED,1.000031627000,153160914164399
22040,-146177657531390,21770,82942,-31656.4,28924.1,8.0,-0.016,83335784,429275461,LOCKED,1.000031656000,153161914309058
22041,-146177657602322,-15555,45617,-31726.4,28811.7,8.2,-0.019,83335783,429351414,LOCKED,1.000031726000,153162914351784
22042,-146177657657326,-35914,21739,-31810.1,29177.5,8.2,-0.021,83335784,429329288,LOCKED,1.000031810000,153163914501597
22043,-146177657674210,-19714,37939,-31839.9,29297.8,8.1,-0.017,83335784,429410331,LOCKED,1.000031840000,153164914663441
22044,-146177657673168,11721,69374,-31788.3,29242.2,7.9,-0.025,83335784,429502826,LOCKED,1.000031788000,153165914822233
22045,-146177657672910,39816,97469,-31660.3,29395.0,7.9,-0.027,83335784,429598894,LOCKED,1.000031660000,153166914860893
22046,-146177657787497,-41388,16265,-31676.0,29601.8,8.0,-0.023,83335783,429576608,LOCKED,1.000031676000,153167915023573
22047,-146177657787840,-10905,46748,-31616.1,28998.8,8.0,-0.025,83335784,429674165,LOCKED,1.000031616000,153168915063189
22048,-146177657862998,-50139,7514,-31744.4,29622.6,8.2,-0.027,83335783,429690866,LOCKED,1.000031744000,153169915105933
22049,-146177657891745,-43267,14386,-31862.8,30019.5,8.2,-0.029,83335784,429756832,LOCKED,1.000031863000,153170915260799
22050,-146177657896681,-15046,42607,-31901.3,30074.1,8.4,-0.021,83335783,429845695,LOCKED,1.000031901000,153171915408704
22051,-146177657907077,5968,63621,-31887.1,30083.6,8.6,-0.022,83335783,429930252,LOCKED,1.000031887000,153172915565595
22052,-146177657928226,15650,73303,-31861.3,30158.3,8.7,-0.011,83335783,430004622,LOCKED,1.000031861000,153173915706459
22053,-146177657948776,25012,82665,-31807.1,30338.4,8.6,-0.012,83335784,430078693,LOCKED,1.000031807000,153174915851269
22054,-146177657969928,32579,90232,-31709.5,30498.9,8.6,-0.014,83335784,430148731,LOCKED,1.000031710000,153175915980981
22055,-146177657998866,31892,89545,-31592.6,30440.6,8.6,-0.016,83335784,430214708,LOCKED,1.000031593000,153176916006573
22056,-146177658025816,32726,90379,-31459.9,30204.1,8.5,-0.005,83335784,430176509,LOCKED,1.000031460000,153177916162036
22057,-146177658140187,-48363,9290,-31468.8,30347.0,8.5,-0.008,83335784,430261170,LOCKED,1.000031469000,153178916310508
22058,-146177658112526,10249,67902,-31460.5,30369.8,8.7,0.006,83335785,430385925,LOCKED,1.000031460000,153179916330968
22059,-146177658140813,12249,69902,-31423.2,30390.7,8.5,0.017,83335784,430449235,LOCKED,1.000031423000,153180916482394
22060,-146177658165753,17643,75296,-31399.0,30480.5,8.5,0.014,83335784,430515502,LOCKED,1.000031399000,153181916503792
22061,-146177658194526,19018,76671,-31369.2,30588.5,8.4,0.029,83335784,430582862,LOCKED,1.000031369000,153182916659165
22062,-146177658207504,34468,92121,-31282.0,30875.1,8.4,0.028,83335784,430666222,LOCKED,1.000031282000,153183916675446
22063,-146177658243222,28275,85928,-31242.8,31102.7,8.5,0.041,83335785,430616159,LOCKED,1.000031243000,153184916831692
22064,-146177658358558,-50715,6938,-31409.2,31285.6,8.5,0.038,83335784,430697581,LOCKED,1.000031409000,153185916977104
22065,-146177658384321,-40597,17056,-31561.4,31141.2,8.5,0.035,83335784,430770797,LOCKED,1.000031561000,153186917130669
22066,-146177658398703,-21245,36408,-31632.9,31162.3,8.4,0.041,83335785,430848941,LOCKED,1.000031633000,153187917272305
22067,-146177658423415,-13791,43862,-31636.1,31176.4,8.5,0.030,83335783,430916702,LOCKED,1.000031636000,153188917298940
22068,-146177658414559,26391,84044,-31664.8,30839.0,7.8,0.031,83335784,430915406,LOCKED,1.000031665000,153189917444608
22069,-146177658429294,41416,99069,-31640.2,31126.7,7.8,0.029,83335784,431098417,LOCKED,1.000031640000,153190917473248
22070,-146177658558071,-51815,5838,-31745.9,31891.3,7.6,0.028,83335784,431065293,LOCKED,1.000031746000,153191917612997
22071,-146177658582814,-42365,15288,-31795.6,32350.2,7.8,0.018,83335783,431138537,LOCKED,1.000031796000,153192917761796
22072,-146177658597957,-25278,32375,-31774.9,32139.0,8.1,0.009,83335783,431216577,LOCKED,1.000031775000,153193917904574
22073,-146177658612311,-8214,49439,-31743.6,31963.4,7.9,0.008,83335784,431296031,LOCKED,1.000031744000,153194918061321
# STATS: PDUs=7016 CSV=7015 Gaps=0 Dups=0 Skip=0 d_min=-57653 ns drift=-31743.6 ns/s sigma=31963.4 ns state=LOCKED clk_err=+0 ns
22074,-146177658638483,-728,56925,-31836.6,31165.2,7.9,0.007,83335784,431362585,LOCKED,1.000031837000,153195918189160
22075,-146177658677229,-8167,49486,-31796.9,30903.3,7.9,0.006,83335784,431421910,LOCKED,1.000031797000,153196918332960
22076,-146177658683407,17568,75221,-31831.9,30573.3,7.8,0.006,83335784,431504428,LOCKED,1.000031832000,153197918482795
22077,-146177658693693,37392,95045,-31809.6,30810.7,8.0,0.000,83335783,431590243,LOCKED,1.000031810000,153198918498604
22078,-146177658717846,41638,99291,-31711.2,31263.7,8.1,0.005,83335785,431558315,LOCKED,1.000031711000,153199918517314
22079,-146177658752079,36009,93662,-31618.5,31560.5,8.0,0.006,83335784,431614293,LOCKED,1.000031618000,153200918771939
22080,-146177658769007,46668,104321,-31498.0,32050.9,8.0,0.005,83335784,431795516,LOCKED,1.000031498000,153201918783436
22081,-146177658817965,25841,83494,-31375.5,31683.4,8.2,0.001,83335783,431740995,LOCKED,1.000031375000,153202918939815
22082,-146177658930481,-53517,4136,-31373.9,31656.0,8.3,-0.003,83335783,431824416,LOCKED,1.000031374000,153203919084192
22083,-146177658954635,-41938,15715,-31518.4,31691.5,8.2,-0.001,83335784,431902642,LOCKED,1.000031518000,153204919219713
22084,-146177658984634,-36770,20883,-31636.5,31812.2,8.2,-0.001,83335784,431959651,LOCKED,1.000031637000,153205919375353
22085,-146177658998820,-16892,40761,-31727.8,31535.6,8.2,-0.001,83335784,432040091,LOCKED,1.000031728000,153206919521084
22086,-146177659024190,-9022,48631,-31787.1,31378.9,8.0,0.002,83335784,432105438,LOCKED,1.000031787000,153207919688875
22087,-146177659033880,12953,70606,-31802.7,31288.1,8.2,-0.001,83335783,432194707,LOCKED,1.000031803000,153208919705677
22088,-146177659046629,29432,87085,-31725.1,31478.2,8.0,0.003,83335784,432168360,LOCKED,1.000031725000,153209919748402
22089,-146177659155032,-44342,13311,-31794.0,32041.6,7.5,0.009,83335783,432260727,LOCKED,1.000031794000,153210919907200
22090,-146177659168708,-24529,33124,-31836.5,32214.3,7.4,0.012,83335783,432340462,LOCKED,1.000031836000,153211919958037
22091,-146177659172489,3187,60840,-31825.1,32214.0,7.3,0.016,83335783,432433293,LOCKED,1.000031825000,153212920119866
22092,-146177659177062,28593,86246,-31782.0,32442.7,7.1,0.022,83335784,432521739,LOCKED,1.000031782000,153213920153648
22093,-146177659199211,35101,92754,-31686.8,32687.5,7.2,0.022,83335783,432491555,LOCKED,1.000031687000,153214920319339
22094,-146177659298562,-31342,26311,-31694.6,32760.6,7.3,0.023,83335783,432586715,LOCKED,1.000031695000,153215920481037
22095,-146177659303700,-6060,51593,-31621.8,32127.4,7.4,0.023,83335783,432680105,LOCKED,1.000031622000,153216920624662
22096,-146177659322674,4939,62592,-31549.0,31748.0,7.2,0.031,83335783,432757188,LOCKED,1.000031549000,153217920774214
22097,-146177659334224,24507,82160,-31568.6,31551.4,7.7,0.033,83335782,432836551,LOCKED,1.000031569000,153218920796782
22098,-146177659438570,-45009,12644,-31654.0,32134.1,7.7,0.036,83335783,432826048,LOCKED,1.000031654000,153219920833436
22099,-146177659456081,-29338,28315,-31680.2,32321.1,7.8,0.048,83335782,432904041,LOCKED,1.000031680000,153220920974119
22100,-146177659481628,-22570,35083,-31673.8,32270.3,7.8,0.053,83335783,432967581,LOCKED,1.000031674000,153221921133796
22101,-146177659493368,-2064,55589,-31698.5,32230.2,8.2,0.051,83335782,433056890,LOCKED,1.000031699000,153222921274497
22102,-146177659516932,6884,64537,-31750.0,31866.1,8.5,0.058,83335782,433125936,LOCKED,1.000031750000,153223921425250
22103,-146177659538682,16574,74227,-31762.4,31783.7,8.5,0.066,83335783,433197076,LOCKED,1.000031762000,153224921569015
22104,-146177659563646,21582,79235,-31710.3,31899.6,8.4,0.075,83335783,433266693,LOCKED,1.000031710000,153225921723729
22105,-146177659573564,39173,96826,-31569.0,31847.4,8.6,0.089,83335782,433349864,LOCKED,1.000031569000,153226921858301
22106,-146177659599499,43138,100791,-31558.8,31982.4,8.6,0.089,83335783,433421335,LOCKED,1.000031559000,153227921881859
22107,-146177659635032,36856,94509,-31506.8,32357.0,8.7,0.079,83335783,433372953,LOCKED,1.000031507000,153228922025369
22108,-146177659736719,-29490,28163,-31646.2,31888.8,9.2,0.044,83335782,433469970,LOCKED,1.000031646000,153229922053015
22109,-146177659767081,-24650,33003,-31780.0,31287.7,9.5,0.026,83335782,433534598,LOCKED,1.000031780000,153230922197798
22110,-146177659791827,-15495,42158,-31858.4,31105.5,9.5,0.028,83335784,433607149,LOCKED,1.000031858000,153231922340659
22111,-146177659811333,-2592,55061,-31881.2,31075.5,9.6,0.014,83335783,433680896,LOCKED,1.000031881000,153232922490543
22112,-146177659833637,6547,64200,-31870.6,31088.1,9.6,0.001,83335783,433755847,LOCKED,1.000031871000,153233922643417
22113,-146177659845599,24367,82020,-31808.5,31227.7,9.6,0.004,83335783,433837144,LOCKED,1.000031808000,153234922785228
22114,-146177659864165,34386,92039,-31707.3,31415.5,9.5,0.021,83335784,433914789,LOCKED,1.000031707000,153235922825935
22115,-146177659883865,42411,100064,-31582.1,31696.0,9.5,0.028,83335783,433882171,LOCKED,1.000031582000,153236922962520
22116,-146177660013673,-53423,4230,-31610.7,32122.6,9.8,0.007,83335782,433953528,LOCKED,1.000031611000,153237923120134
22117,-146177660030385,-34520,23133,-31750.1,31883.3,9.8,0.012,83335784,434032640,LOCKED,1.000031750000,153238923252887
22118,-146177660032312,-4728,52925,-31740.7,31860.4,9.4,0.004,83335783,434130887,LOCKED,1.000031741000,153239923273627
22119,-146177660059487,-620,57033,-31717.1,31803.2,9.4,-0.000,83335783,434191317,LOCKED,1.000031717000,153240923424347
22120,-146177660084029,5402,63055,-31669.4,31673.5,9.4,0.005,83335784,434260894,LOCKED,1.000031669000,153241923452016
22121,-146177660106524,12748,70401,-31600.8,31517.4,9.4,0.001,83335783,434332611,LOCKED,1.000031601000,153242923612620
22122,-146177660112544,34259,91912,-31457.7,31204.0,9.3,-0.002,83335783,434421981,LOCKED,1.000031458000,153243923746080
22123,-146177660148738,26017,83670,-31328.7,30731.6,8.9,-0.004,83335783,434490909,LOCKED,1.000031329000,153244923885412
22124,-146177660199823,6926,64579,-31373.0,30433.6,8.9,-0.006,83335783,434551489,LOCKED,1.000031373000,153245923925785
22125,-146177660286133,-43936,13717,-31500.1,30769.2,8.8,-0.008,83335783,434529679,LOCKED,1.000031500000,153246924072288
22126,-146177660315359,-38452,19201,-31593.9,31142.4,8.6,-0.014,83335782,434602702,LOCKED,1.000031594000,153247924207885
22127,-146177660353027,-41280,16373,-31684.7,31610.5,8.6,-0.015,83335783,434677104,LOCKED,1.000031685000,153248924371573
22128,-146177660312744,27766,85419,-31587.3,31610.1,8.5,-0.015,83335783,434786630,LOCKED,1.000031587000,153249924407160
22129,-146177660363457,6493,64146,-31492.5,30955.7,8.5,-0.020,83335782,434868200,LOCKED,1.000031493000,153250924445652
22130,-146177660450181,-44030,13623,-31650.7,30897.9,8.6,-0.024,83335782,434838882,LOCKED,1.000031651000,153251924584306
22131,-146177660492175,-49369,8284,-31814.5,31045.7,8.6,-0.024,83335783,434906284,LOCKED,1.000031815000,153252924731124
22132,-146177660490367,-13649,44004,-31894.9,30791.9,8.8,-0.029,83335782,434986081,LOCKED,1.000031895000,153253924889022
22133,-146177660499895,8731,66384,-31910.1,30724.1,8.8,-0.031,83335782,435071887,LOCKED,1.000031910000,153254925051936
# STATS: PDUs=7076 CSV=7075 Gaps=0 Dups=0 Skip=0 d_min=-57653 ns drift=-31910.1 ns/s sigma=30724.1 ns state=LOCKED clk_err=+0 ns
22134,-146177660498641,39589,97242,-31862.7,31144.3,8.8,-0.032,83335782,435169239,LOCKED,1.000031863000,153255925081798
22135,-146177660530591,37563,95216,-31830.0,31454.8,8.7,-0.030,83335783,435127982,LOCKED,1.000031830000,153256925248632
22136,-146177660630667,-28914,28739,-31868.8,31685.5,8.7,-0.030,83335782,435225221,LOCKED,1.000031869000,153257925407504
22137,-146177660648643,-14971,42682,-31846.3,31525.4,8.7,-0.030,83335783,435301198,LOCKED,1.000031846000,153258925555353
22138,-146177660644340,18571,76224,-31749.0,31226.7,8.3,-0.020,83335784,435402155,LOCKED,1.000031749000,153259925578101
22139,-146177660673711,18332,75985,-31650.9,30905.9,8.1,-0.016,83335783,435464155,LOCKED,1.000031651000,153260925715755
22140,-146177660697890,22271,79924,-31514.3,30120.5,8.2,-0.010,83335784,435534598,LOCKED,1.000031514000,153261925869273
22141,-146177660712410,35284,92937,-31377.3,29938.8,8.2,-0.010,83335783,435612383,LOCKED,1.000031377000,153262926006653
22142,-146177660735338,42024,99677,-31363.3,30125.2,8.2,-0.009,83335783,435684160,LOCKED,1.000031363000,153263926047016
22143,-146177660863084,-49901,7752,-31499.3,30647.8,8.0,-0.004,83335783,435651598,LOCKED,1.000031499000,153264926193518
22144,-146177660883086,-34909,22744,-31613.0,30745.1,8.0,0.003,83335784,435726320,LOCKED,1.000031613000,153265926343134
22145,-146177660898998,-17432,40221,-31671.3,30761.3,7.8,0.009,83335783,435803386,LOCKED,1.000031671000,153266926478808
22146,-146177660930526,-15790,41863,-31718.6,30798.2,7.6,0.015,83335783,435865331,LOCKED,1.000031719000,153267926634530
22147,-146177660944724,1303,58956,-31699.8,30771.9,7.6,0.016,83335783,435946622,LOCKED,1.000031700000,153268926779233
22148,-146177660939571,34704,92357,-31587.9,30878.7,7.6,0.024,83335784,436048264,LOCKED,1.000031588000,153269926682816
22149,-146177660978190,27355,85008,-31617.8,30510.2,7.6,0.026,83335783,435996086,LOCKED,1.000031618000,153270926826437
22150,-146177661025100,12232,69885,-31646.6,30307.3,7.6,0.027,83335783,436148191,LOCKED,1.000031647000,153271926867083
22151,-146177661042309,25012,82665,-31606.8,30495.4,7.8,0.028,83335784,436227601,LOCKED,1.000031607000,153272927007693
22152,-146177661059849,35689,93342,-31499.5,30683.9,7.5,0.039,83335783,436298703,LOCKED,1.000031500000,153273927156196
22153,-146177661082565,40319,97972,-31362.5,30741.8,7.7,0.040,83335784,436375290,LOCKED,1.000031362000,153274927295561
22154,-146177661119913,32969,90622,-31350.4,30863.8,7.7,0.042,83335783,436430673,LOCKED,1.000031350000,153275927327911
22155,-146177661247852,-59466,0,-31455.5,31902.6,7.7,0.045,83335783,436397911,LOCKED,1.000031455000,153276927465369
22156,-146177661278614,-55279,4187,-31535.2,32746.6,7.7,0.048,83335783,436460846,LOCKED,1.000031535000,153277927623908
22157,-146177661287140,-31123,28343,-31539.7,32790.0,7.6,0.038,83335783,436545984,LOCKED,1.000031540000,153278927759450
22158,-146177661279236,9226,68692,-31599.6,32280.5,7.6,0.041,83335783,436651230,LOCKED,1.000031600000,153279927784049
22159,-146177661302197,17770,77236,-31624.5,32077.7,7.6,0.046,83335784,436721592,LOCKED,1.000031625000,153280927922676
22160,-146177661344000,8015,67481,-31658.7,31878.0,7.6,0.045,83335783,436771807,LOCKED,1.000031659000,153281928071338
22161,-146177661372312,10930,70396,-31655.7,31888.0,7.5,0.030,83335783,436842907,LOCKED,1.000031656000,153282928210997
22162,-146177661393446,20102,79568,-31622.9,32004.1,7.4,0.015,83335783,436913193,LOCKED,1.000031623000,153283928349623
22163,-146177661416204,26780,86246,-31559.9,32186.3,7.5,0.030,83335784,436984451,LOCKED,1.000031560000,153284928380182
22164,-146177661449951,22417,81883,-31490.3,32244.4,7.5,0.030,83335783,436938466,LOCKED,1.000031490000,153285928643679
22165,-146177661499351,2851,62317,-31413.6,31765.4,7.4,0.012,83335783,437123322,LOCKED,1.000031414000,153286928678092
22166,-146177661595217,-59239,227,-31431.0,32076.9,7.5,0.026,83335784,437082780,LOCKED,1.000031431000,153287928825526
22167,-146177661616637,-47577,11889,-31432.9,32105.6,7.5,0.024,83335783,437161720,LOCKED,1.000031433000,153288928980962
22168,-146177661603798,-2350,57116,-31475.9,31965.4,7.3,0.025,83335783,437260950,LOCKED,1.000031476000,153289929011437
22169,-146177661658747,-23387,36079,-31556.8,31974.3,7.2,0.037,83335784,437330575,LOCKED,1.000031557000,153290929165997
22170,-146177661639118,26601,86067,-31542.2,32081.5,7.1,0.033,83335783,437412502,LOCKED,1.000031542000,153291929319543
22171,-146177661649870,44530,103996,-31475.8,32634.1,7.1,0.031,83335783,437497347,LOCKED,1.000031476000,153292929360019
22172,-146177661774840,-45903,13563,-31549.8,33220.3,7.3,0.020,83335782,437467861,LOCKED,1.000031550000,153293929518572
22173,-146177661781576,-20448,39018,-31547.2,33203.2,8.0,0.002,83335781,437554282,LOCKED,1.000031547000,153294929696123
22174,-146177661777328,13160,72626,-31461.6,32896.4,7.9,0.001,83335783,437653317,LOCKED,1.000031462000,153295929835587
22175,-146177661800466,18407,77873,-31341.0,32273.8,8.0,-0.006,83335782,437724475,LOCKED,1.000031341000,153296929989931
22176,-146177661811810,37370,96836,-31352.4,32121.4,7.9,-0.006,83335783,437810434,LOCKED,1.000031352000,153297930013283
22177,-146177661846270,33068,92534,-31348.8,32159.4,7.9,-0.013,83335782,437763285,LOCKED,1.000031349000,153298930168635
22178,-146177661929803,-17788,41678,-31384.5,32248.2,8.0,-0.018,83335782,437877664,LOCKED,1.000031384000,153299930195019
22179,-146177661957812,-13504,45962,-31406.7,32300.1,8.0,-0.018,83335783,437944967,LOCKED,1.000031407000,153300930231425
22180,-146177662005902,-28467,30999,-31443.8,32515.5,8.0,-0.011,83335784,437990641,LOCKED,1.000031444000,153301930252868
22181,-146177662025873,-16413,43053,-31445.0,32521.8,8.2,-0.005,83335784,438063638,LOCKED,1.000031445000,153302930420317
22182,-146177662049587,-9507,49959,-31388.6,32051.9,8.3,-0.000,83335784,438139344,LOCKED,1.000031389000,153303930559709
22183,-146177662076549,-6064,53402,-31330.1,31612.6,8.5,0.004,83335784,438206584,LOCKED,1.000031330000,153304930711042
22184,-146177662094694,5919,65385,-31280.9,31479.0,8.6,0.008,83335784,438278111,LOCKED,1.000031281000,153305930856326
22185,-146177662121028,11196,70662,-31315.7,31231.6,8.6,0.008,83335783,438346415,LOCKED,1.000031316000,153306931005645
22186,-146177662137180,25671,85137,-31324.7,31146.6,8.5,0.005,83335783,438423046,LOCKED,1.000031325000,153307931145973
22187,-146177662164914,28636,88102,-31341.7,30953.8,8.6,0.008,83335784,438490578,LOCKED,1.000031342000,153308931177314
22188,-146177662253856,-28136,31330,-31335.5,30891.2,8.8,0.005,83335782,438495337,LOCKED,1.000031336000,153309931194649
22189,-146177662293652,-34665,24801,-31372.7,31194.2,8.8,-0.002,83335782,438550247,LOCKED,1.000031373000,153310931356025
22190,-146177662292986,-1050,58416,-31448.5,30664.1,8.7,-0.008,83335782,438645182,LOCKED,1.000031448000,153311931503477
22191,-146177662302736,21163,80629,-31509.0,29855.3,8.7,-0.009,83335783,438723225,LOCKED,1.000031509000,153312931524985
22192,-146177662333324,21497,80963,-31516.0,29797.2,8.6,-0.013,83335783,438685316,LOCKED,1.000031516000,153313931663504
22193,-146177662349618,34482,93948,-31463.5,30156.6,8.4,-0.018,83335783,438760895,LOCKED,1.000031464000,153314931814971
# STATS: PDUs=7136 CSV=7135 Gaps=0 Dups=0 Skip=0 d_min=-59466 ns drift=-31463.5 ns/s sigma=30156.6 ns state=LOCKED clk_err=+0 ns
22194,-146177662464936,-47132,12334,-31495.1,30573.8,8.3,-0.021,83335784,438846255,LOCKED,1.000031495000,153315931960469
22195,-146177662488453,-37575,21891,-31510.1,30745.4,8.3,-0.022,83335783,438918056,LOCKED,1.000031510000,153316932111982
22196,-146177662491229,-6969,52497,-31590.5,30303.3,8.1,-0.029,83335783,439007770,LOCKED,1.000031591000,153317932254576
22197,-146177662503583,12410,71876,-31618.3,30107.2,8.1,-0.030,83335783,439090892,LOCKED,1.000031618000,153318932283194
22198,-146177662600318,-49485,9981,-31694.2,30836.6,8.0,-0.026,83335783,439086192,LOCKED,1.000031694000,153319932422891
22199,-146177662631220,-45765,13701,-31761.9,31441.5,8.0,-0.027,83335783,439149267,LOCKED,1.000031762000,153320932562656
22200,-146177662657421,-38044,21422,-31804.7,31809.4,7.9,-0.022,83335783,439218407,LOCKED,1.000031805000,153321932709464
22201,-146177662673368,-21760,37706,-31789.4,31676.9,7.9,-0.023,83335783,439298233,LOCKED,1.000031789000,153322932856257
22202,-146177662682686,-691,58775,-31719.3,31191.3,7.9,-0.024,83335783,439384121,LOCKED,1.000031719000,153323933015980
22203,-146177662680644,32670,92136,-31754.1,30687.2,8.0,-0.026,83335784,439479866,LOCKED,1.000031754000,153324933153737
22204,-146177662730960,14633,74099,-31804.3,30185.1,7.9,-0.019,83335783,439540570,LOCKED,1.000031804000,153325933297544
22205,-146177662796140,-16529,42937,-31885.6,29995.7,7.9,-0.021,83335783,439618318,LOCKED,1.000031886000,153326933339429
22206,-146177662849334,-34305,25161,-32002.1,30039.4,7.9,-0.023,83335783,439602574,LOCKED,1.000032002000,153327933482434
22207,-146177662868188,-19187,40279,-32067.0,30054.9,8.1,-0.022,83335782,439672549,LOCKED,1.000032067000,153328933645505
22208,-146177662918645,-35716,23750,-32099.0,30351.1,8.2,-0.010,83335782,439812554,LOCKED,1.000032099000,153329933558600
22209,-146177662880670,31761,91227,-32024.2,30620.2,8.3,-0.007,83335782,439769837,LOCKED,1.000032024000,153330933717628
22210,-146177662987504,-40180,19286,-32098.3,31101.2,8.3,-0.008,83335783,439839986,LOCKED,1.000032098000,153331933735725
22211,-146177662939679,36785,96251,-32014.2,31463.0,8.2,0.004,83335783,439877932,LOCKED,1.000032014000,153332933893743
22212,-146177663048864,-38686,20780,-32033.3,31674.7,8.3,-0.012,83335782,439963062,LOCKED,1.000032033000,153333934042780
22213,-146177663075844,-32700,26766,-32024.6,31573.2,8.3,-0.012,83335782,440034440,LOCKED,1.000032025000,153334934185808
22214,-146177663096210,-20799,38667,-32001.9,31365.6,8.4,-0.025,83335782,440109254,LOCKED,1.000032002000,153335934344813
22215,-146177663096940,11810,71276,-32087.3,30311.1,8.6,-0.011,83335784,440202912,LOCKED,1.000032087000,153336934513904
22216,-146177663099490,40759,100225,-32126.3,29600.3,8.6,-0.010,83335783,440295692,LOCKED,1.000032126000,153337934675034
22217,-146177663114433,55586,115052,-32103.1,30001.5,8.6,-0.010,83335783,440376085,LOCKED,1.000032103000,153338934697136
22218,-146177663224381,-20702,38764,-32145.2,30129.6,8.6,-0.009,83335783,440359062,LOCKED,1.000032145000,153339934730281
22219,-146177663237594,-1818,57648,-32139.8,30123.2,8.6,0.001,83335784,440440484,LOCKED,1.000032140000,153340934895425
22220,-146177663239322,26883,86349,-32100.5,30337.5,8.7,-0.010,83335782,440535503,LOCKED,1.000032100000,153341935053529
22221,-146177663248303,46752,106218,-32018.6,30994.7,8.9,-0.020,83335782,440618821,LOCKED,1.000032019000,153342935076547
22222,-146177663269053,53831,113297,-31902.2,31799.7,8.9,-0.028,83335782,440583499,LOCKED,1.000031902000,153343935234453
22223,-146177663387783,-31667,27799,-31914.9,31916.9,8.9,-0.037,83335782,440665837,LOCKED,1.000031915000,153344935385371
22224,-146177663404161,-15854,43612,-31902.0,31834.1,8.9,-0.035,83335783,440742405,LOCKED,1.000031902000,153345935530276
22225,-146177663420045,-71,59395,-31890.3,31820.9,8.9,-0.040,83335782,440823368,LOCKED,1.000031890000,153346935672169
22226,-146177663437585,15243,74709,-31963.1,30942.2,8.8,-0.046,83335782,440899059,LOCKED,1.000031963000,153347935823135
22227,-146177663444968,38888,98354,-31982.0,30657.5,8.9,-0.051,83335782,440985918,LOCKED,1.000031982000,153348935846116
22228,-146177663542263,-24477,34989,-32037.0,30823.0,8.9,-0.048,83335783,440986606,LOCKED,1.000032037000,153349935881153
22229,-146177663567646,-15626,43840,-32119.0,30605.2,8.7,-0.052,83335782,441052987,LOCKED,1.000032119000,153350936028275
22230,-146177663579818,3443,62909,-32081.6,30512.3,8.8,-0.055,83335782,441133859,LOCKED,1.000032082000,153351936181360
22231,-146177663587524,24657,84123,-31967.2,30196.7,8.8,-0.058,83335782,441225281,LOCKED,1.000031967000,153352936326330
22232,-146177663598890,43939,103405,-31975.6,30061.2,8.8,-0.062,83335782,441307306,LOCKED,1.000031976000,153353936345305
22233,-146177663630020,42716,102182,-31945.0,30422.3,8.3,-0.063,83335783,441265184,LOCKED,1.000031945000,153354936489253
22234,-146177663658688,42647,102113,-31851.6,30934.8,8.4,-0.065,83335782,441331403,LOCKED,1.000031852000,153355936654108
22235,-146177663760632,-26381,33085,-31859.9,31002.8,8.3,-0.069,83335782,441427705,LOCKED,1.000031860000,153356936798971
22236,-146177663776798,-11416,48050,-31805.0,30494.9,8.3,-0.068,83335783,441510456,LOCKED,1.000031805000,153357936950779
22237,-146177663776574,17852,77318,-31699.0,30038.8,8.3,-0.072,83335782,441600704,LOCKED,1.000031699000,153358936974477
22238,-146177663872264,-42951,16515,-31784.2,30590.3,8.2,-0.076,83335782,441600511,LOCKED,1.000031784000,153359937132265
22239,-146177663890197,-27082,32384,-31838.3,30806.3,8.3,-0.078,83335782,441680110,LOCKED,1.000031838000,153360937282107
22240,-146177663910380,-13716,45750,-31899.6,30727.4,8.1,-0.073,83335783,441751144,LOCKED,1.000031900000,153361937307006
22241,-146177663953078,-22544,36922,-31958.9,30841.5,7.9,-0.069,83335783,441803474,LOCKED,1.000031959000,153362937454968
22242,-146177663977444,-13825,45641,-31991.2,30892.2,7.8,-0.063,83335783,441873624,LOCKED,1.000031991000,153363937603962
22243,-146177663986454,8575,68041,-31976.9,30914.1,7.6,-0.058,83335783,441957600,LOCKED,1.000031977000,153364937741942
22244,-146177664019936,6153,65619,-31942.1,30869.4,7.4,-0.054,83335782,442023872,LOCKED,1.000031942000,153365937890887
22245,-146177664041715,14573,74039,-31880.7,30807.5,7.4,-0.054,83335782,442095007,LOCKED,1.000031881000,153366938028771
22246,-146177664069465,16216,75682,-31785.3,30448.6,7.5,-0.054,83335782,442174147,LOCKED,1.000031785000,153367938176560
22247,-146177664134656,-17587,41879,-31736.5,29912.5,7.3,-0.048,83335782,442251542,LOCKED,1.000031737000,153368938212296
22248,-146177664165139,-14963,44503,-31778.9,29955.1,7.2,-0.052,83335783,442257070,LOCKED,1.000031779000,153369938235074
22249,-146177664192486,-9232,50234,-31827.4,29876.7,7.2,-0.057,83335782,442318333,LOCKED,1.000031827000,153370938400905
22250,-146177664208229,5992,65458,-31795.1,29839.9,7.1,-0.061,83335783,442400343,LOCKED,1.000031795000,153371938543703
22251,-146177664235785,8380,67846,-31718.0,29468.3,7.1,-0.060,83335783,442476662,LOCKED,1.000031718000,153372938683424
22252,-146177664286959,-11672,47794,-31669.3,29019.9,7.2,-0.059,83335782,442541006,LOCKED,1.000031669000,153373938840097
22253,-146177664263503,38722,98188,-31501.1,28451.9,7.2,-0.057,83335782,442627066,LOCKED,1.000031501000,153374938886598
# STATS: PDUs=7196 CSV=7195 Gaps=0 Dups=0 Skip=0 d_min=-59466 ns drift=-31501.1 ns/s sigma=28451.9 ns state=LOCKED clk_err=+0 ns
22254,-146177664276689,54037,113503,-31443.7,29240.5,7.0,-0.047,83335782,442600681,LOCKED,1.000031444000,153375939081046
22255,-146177664362807,-166,59300,-31466.6,29187.9,7.0,-0.045,83335783,442719440,LOCKED,1.000031467000,153376939243516
22256,-146177664349591,41126,100592,-31368.4,29648.6,7.1,-0.042,83335782,442822594,LOCKED,1.000031368000,153377939283884
22257,-146177664476883,-52447,7019,-31396.6,30088.8,7.1,-0.038,83335782,442789523,LOCKED,1.000031397000,153378939448284
22258,-146177664459422,-2414,57052,-31450.4,29844.5,7.1,-0.033,83335782,442900218,LOCKED,1.000031450000,153379939479734
22259,-146177664478655,10159,69625,-31484.8,29601.4,7.2,-0.030,83335783,442974169,LOCKED,1.000031485000,153380939639222
22260,-146177664484942,33931,93397,-31471.2,29745.7,7.2,-0.024,83335782,443064930,LOCKED,1.000031471000,153381939670693
22261,-146177664518666,29995,89461,-31438.4,29984.1,7.2,-0.016,83335782,443021052,LOCKED,1.000031438000,153382939863136
22262,-146177664597836,-16954,42512,-31448.7,30034.5,7.2,0.003,83335783,443135913,LOCKED,1.000031449000,153383940011588
22263,-146177664617192,-6037,53429,-31380.8,29424.3,6.8,0.017,83335782,443214113,LOCKED,1.000031381000,153384940157972
22264,-146177664625760,14727,74193,-31304.6,29233.0,6.8,0.018,83335782,443298368,LOCKED,1.000031305000,153385940303280
22265,-146177664647850,22472,81938,-31269.8,29389.7,6.7,0.020,83335782,443371526,LOCKED,1.000031270000,153386940457553
22266,-146177664664816,35182,94648,-31250.1,29597.7,6.7,0.039,83335783,443446940,LOCKED,1.000031250000,153387940596806
22267,-146177664692748,36395,95861,-31207.2,29963.6,6.7,0.042,83335783,443513994,LOCKED,1.000031207000,153388940616012
22268,-146177664813215,-48403,11063,-31345.9,30391.0,6.7,0.030,83335782,443488672,LOCKED,1.000031346000,153389940636357
22269,-146177664838794,-41021,18445,-31357.0,30535.2,6.8,0.017,83335782,443557380,LOCKED,1.000031357000,153390940791717
22270,-146177664826941,3373,62839,-31420.8,30056.7,6.8,0.022,83335783,443661673,LOCKED,1.000031421000,153391940936141
22271,-146177664850488,9288,68754,-31340.0,29665.1,6.7,0.014,83335782,443732029,LOCKED,1.000031340000,153392941079484
22272,-146177664877848,13677,73143,-31382.9,29268.3,6.8,0.009,83335782,443799525,LOCKED,1.000031383000,153393941225870
22273,-146177664899410,23167,82633,-31405.2,29030.2,6.8,0.005,83335782,443871581,LOCKED,1.000031405000,153394941362278
22274,-146177664928955,24284,83750,-31409.2,28993.7,6.8,0.012,83335783,443933409,LOCKED,1.000031409000,153395941508690
22275,-146177664950683,31651,90890,-31348.2,29307.4,6.3,0.006,83335782,444004871,LOCKED,1.000031348000,153396941657041
22276,-146177664974879,35170,94409,-31228.1,29347.6,6.3,0.002,83335782,444075655,LOCKED,1.000031228000,153397941687269
22277,-146177665103033,-59512,0,-31239.2,29571.7,6.2,-0.002,83335782,444039743,LOCKED,1.000031239000,153398941826511
22278,-146177665090896,-14287,45225,-31306.3,29455.9,6.2,-0.004,83335782,444146316,LOCKED,1.000031306000,153399941848817
22279,-146177665114297,-5698,53814,-31330.4,29445.7,5.7,0.001,83335783,444216108,LOCKED,1.000031330000,153400941990150
22280,-146177665144845,-5289,54223,-31303.3,29319.0,5.7,-0.002,83335782,444282285,LOCKED,1.000031303000,153401942140457
22281,-146177665159561,9085,68597,-31209.6,28720.0,6.0,-0.010,83335781,444357466,LOCKED,1.000031210000,153402942285670
22282,-146177665179557,17037,76549,-31077.6,27706.8,6.0,-0.012,83335782,444433102,LOCKED,1.000031078000,153403942314747
22283,-146177665209665,17662,77174,-31090.1,27606.3,6.3,-0.019,83335781,444392646,LOCKED,1.000031090000,153404942460840
22284,-146177665236017,21315,80827,-31072.2,27716.3,6.5,-0.024,83335781,444460219,LOCKED,1.000031072000,153405942618916
22285,-146177665348502,-56324,3188,-31163.9,28747.1,6.5,-0.025,83335782,444545288,LOCKED,1.000031164000,153406942765083
22286,-146177665388490,-61443,0,-31243.7,29855.2,6.7,-0.031,83335781,444613337,LOCKED,1.000031244000,153407942900329
22287,-146177665400450,-40707,20736,-31247.3,29904.4,6.9,-0.036,83335781,444682600,LOCKED,1.000031247000,153408943064580
22288,-146177665396949,-4701,56742,-31301.3,29700.4,7.1,-0.039,83335781,444778155,LOCKED,1.000031301000,153409943101881
22289,-146177665475490,-47824,13619,-31424.0,30252.6,7.1,-0.040,83335782,444864781,LOCKED,1.000031424000,153410943262309
22290,-146177665417165,39404,100847,-31365.7,30710.8,7.0,-0.041,83335782,444946997,LOCKED,1.000031366000,153411943284674
22291,-146177665461335,24254,85697,-31290.8,30785.0,7.0,-0.042,83335782,444889933,LOCKED,1.000031291000,153412943446968
22292,-146177665571337,-52267,9176,-31311.4,31109.2,7.2,-0.040,83335783,444979786,LOCKED,1.000031311000,153413943613283
22293,-146177665578033,-27243,34200,-31286.1,30812.9,7.1,-0.038,83335782,445068065,LOCKED,1.000031286000,153414943769572
22294,-146177665586981,-6127,55316,-31215.8,30178.2,7.2,-0.037,83335783,445150597,LOCKED,1.000031216000,153415943918791
22295,-146177665611124,1602,63045,-31250.7,30037.4,7.2,-0.039,83335782,445224677,LOCKED,1.000031251000,153416944067045
22296,-146177665631092,12308,73751,-31242.9,30064.9,7.1,-0.036,83335782,445294202,LOCKED,1.000031243000,153417944210291
22297,-146177665656226,16436,77879,-31172.9,29978.3,7.2,-0.036,83335783,445368685,LOCKED,1.000031173000,153418944232463
22298,-146177665773715,-64042,0,-31353.2,30766.3,7.2,-0.037,83335782,445342358,LOCKED,1.000031353000,153419944261816
22299,-146177665801066,-55124,8918,-31503.1,31394.3,7.2,-0.039,83335782,445413029,LOCKED,1.000031503000,153420944408322
22300,-146177665825744,-44388,19654,-31621.4,31813.2,7.2,-0.035,83335783,445482440,LOCKED,1.000031621000,153421944429943
22301,-146177665845695,-29343,34699,-31738.4,31657.2,7.1,-0.031,83335782,445551061,LOCKED,1.000031738000,153422944574685
22302,-146177665871871,-21113,42929,-31834.5,31456.5,7.0,-0.026,83335782,445620784,LOCKED,1.000031834000,153423944717522
22303,-146177665902416,-18070,45972,-31890.6,31495.3,7.1,-0.021,83335783,445686458,LOCKED,1.000031891000,153424944871416
22304,-146177665923588,-6302,57740,-31931.7,31420.9,7.1,-0.023,83335782,445758591,LOCKED,1.000031932000,153425945019351
22305,-146177665947728,1672,65714,-31943.4,31401.0,7.3,-0.024,83335781,445825345,LOCKED,1.000031943000,153426945168298
22306,-146177665968091,12549,76591,-31929.7,31440.7,7.3,-0.026,83335782,445903110,LOCKED,1.000031930000,153427945315231
22307,-146177665992655,19882,83924,-31961.3,31134.5,7.3,-0.028,83335782,445973853,LOCKED,1.000031961000,153428945343192
22308,-146177665988738,53411,117453,-31934.8,31541.9,7.2,-0.021,83335782,445965214,LOCKED,1.000031935000,153429945479130
22309,-146177666025755,46336,110378,-31914.0,31820.6,7.2,-0.023,83335782,446128357,LOCKED,1.000031914000,153430945506043
22310,-146177666060485,41325,105367,-31875.0,32207.8,7.3,-0.012,83335781,446078699,LOCKED,1.000031875000,153431945653921
22311,-146177666179601,-42443,21599,-31975.0,32659.3,7.3,0.001,83335781,446161791,LOCKED,1.000031975000,153432945810900
22312,-146177666196178,-24076,39966,-32080.9,32449.7,7.3,0.001,83335782,446240005,LOCKED,1.000032081000,153433945955984
22313,-146177666218338,-13762,50280,-32077.3,32432.3,7.5,0.017,83335783,446313888,LOCKED,1.000032077000,153434946107065
# STATS: PDUs=7256 CSV=7255 Gaps=0 Dups=0 Skip=0 d_min=-64042 ns drift=-32077.3 ns/s sigma=32432.3 ns state=LOCKED clk_err=+0 ns
22314,-146177666238454,-2861,61181,-32020.4,32077.9,7.5,0.014,83335782,446385294,LOCKED,1.000032020000,153435946240088
22315,-146177666283166,-13994,50048,-32073.7,32056.7,7.3,0.024,83335782,446441390,LOCKED,1.000032074000,153436946390165
22316,-146177666292476,7291,71333,-32013.2,31858.1,7.4,0.036,83335783,446525955,LOCKED,1.000032013000,153437946531181
22317,-146177666317896,15178,79220,-32102.1,30645.1,7.4,0.034,83335782,446594665,LOCKED,1.000032102000,153438946680286
22318,-146177666372589,-6252,57790,-32148.8,30531.8,7.4,0.032,83335782,446696036,LOCKED,1.000032149000,153439946713434
22319,-146177666335897,58822,122864,-32061.6,31535.3,7.2,0.060,83335783,446765814,LOCKED,1.000032062000,153440946850498
22320,-146177666378449,44584,108626,-31951.6,32016.5,7.2,0.061,83335782,446829840,LOCKED,1.000031952000,153441946877449
22321,-146177666447629,6236,70278,-31906.9,31921.2,7.2,0.063,83335782,446787413,LOCKED,1.000031907000,153442947023359
22322,-146177666526383,-37087,26955,-32018.4,32115.3,7.1,0.056,83335782,446858248,LOCKED,1.000032018000,153443947161380
22323,-146177666551741,-27882,36160,-32097.0,32255.4,7.2,0.064,83335783,446925499,LOCKED,1.000032097000,153444947322481
22324,-146177666565449,-9022,55020,-32105.2,32273.2,7.2,0.060,83335782,447008232,LOCKED,1.000032105000,153445947478590
22325,-146177666574588,12558,76600,-32058.0,32259.3,7.2,0.057,83335782,447094445,LOCKED,1.000032058000,153446947632651
22326,-146177666586350,29688,93730,-31951.7,32238.1,7.1,0.053,83335782,447171956,LOCKED,1.000031952000,153447947784606
22327,-146177666604536,39356,103398,-31815.8,32265.1,7.2,0.041,83335781,447252144,LOCKED,1.000031816000,153448947804421
22328,-146177666713038,-33354,30688,-31955.8,31964.8,7.2,0.040,83335782,447241818,LOCKED,1.000031956000,153449947831376
22329,-146177666735013,-20370,43672,-32069.5,31510.1,7.5,0.031,83335781,447308079,LOCKED,1.000032070000,153450947983449
22330,-146177666748769,-1776,62266,-32080.3,31505.3,7.5,0.023,83335781,447392762,LOCKED,1.000032080000,153451948143533
22331,-146177666755886,21554,85596,-32036.0,31636.9,7.5,0.023,83335782,447481187,LOCKED,1.000032036000,153452948295572
22332,-146177666768610,37893,101935,-31952.9,32026.8,7.7,0.017,83335781,447564882,LOCKED,1.000031953000,153453948315524
22333,-146177666796574,38429,102471,-31847.2,32313.0,7.7,0.017,83335782,447525641,LOCKED,1.000031847000,153454948454374
22334,-146177666831086,32536,96578,-31742.7,32405.9,7.7,0.012,83335781,447583949,LOCKED,1.000031743000,153455948615120
22335,-146177666933062,-36583,27459,-31736.5,32328.6,7.8,0.007,83335781,447680250,LOCKED,1.000031736000,153456948754859
22336,-146177666971556,-42161,21881,-31724.2,32146.0,7.9,0.003,83335781,447741741,LOCKED,1.000031724000,153457948913587
22337,-146177666979702,-15862,48180,-31831.6,31623.7,7.9,0.004,83335782,447829441,LOCKED,1.000031832000,153458949059422
22338,-146177666951040,41900,105942,-31767.1,32123.9,8.1,0.000,83335781,447952390,LOCKED,1.000031767000,153459949087188
22339,-146177666987775,34384,98426,-31699.1,32456.1,8.0,-0.001,83335781,447902326,LOCKED,1.000031699000,153460949224890
22340,-146177667015521,35609,99651,-31624.3,32800.3,8.0,0.000,83335782,447970585,LOCKED,1.000031624000,153461949368517
22341,-146177667133833,-48615,15427,-31664.4,33275.0,7.9,-0.002,83335782,448051663,LOCKED,1.000031664000,153462949510184
22342,-146177667152363,-34423,29619,-31659.0,33214.3,7.9,-0.001,83335782,448127017,LOCKED,1.000031659000,153463949653846
22343,-146177667176725,-26708,37334,-31635.0,32958.5,7.9,-0.000,83335783,448196722,LOCKED,1.000031635000,153464949802484
22344,-146177667196457,-15427,48615,-31578.8,32388.0,7.8,-0.003,83335782,448272407,LOCKED,1.000031579000,153465949943066
22345,-146177667214001,-281,63761,-31632.9,32120.1,7.8,-0.003,83335782,448346429,LOCKED,1.000031633000,153466950091702
22346,-146177667227183,18359,82401,-31672.8,31729.3,7.7,-0.006,83335782,448430105,LOCKED,1.000031673000,153467950225378
22347,-146177667245909,30057,94099,-31661.5,31829.7,7.7,-0.012,83335781,448504432,LOCKED,1.000031662000,153468950267039
22348,-146177667340675,-31265,32777,-31697.1,32076.9,7.5,-0.016,83335782,448514747,LOCKED,1.000031697000,153469950293735
22349,-146177667380017,-35173,28869,-31822.2,32055.7,7.7,-0.015,83335783,448571790,LOCKED,1.000031822000,153470950452561
22350,-146177667385373,-9813,54229,-31751.5,31351.7,7.8,-0.016,83335781,448662526,LOCKED,1.000031751000,153471950593315
22351,-146177667400355,5141,69183,-31670.7,30864.0,8.0,-0.017,83335781,448740467,LOCKED,1.000031671000,153472950755989
22352,-146177667395725,39894,103936,-31661.1,30985.4,7.8,-0.011,83335782,448841153,LOCKED,1.000031661000,153473950767649
22353,-146177667444261,21870,85912,-31641.1,31095.3,7.9,-0.011,83335781,448779365,LOCKED,1.000031641000,153474950935294
22354,-146177667551053,-50228,13814,-31707.5,31790.5,7.7,-0.004,83335782,448872593,LOCKED,1.000031708000,153475951083005
22355,-146177667589241,-53652,10390,-31768.3,32512.9,7.7,-0.003,83335782,448943421,LOCKED,1.000031768000,153476951229776
22356,-146177667600803,-32277,31765,-31772.0,32550.2,7.7,-0.002,83335782,449013596,LOCKED,1.000031772000,153477951397552
22357,-146177667601356,-2247,61795,-31709.8,32145.5,7.5,0.007,83335782,449108220,LOCKED,1.000031710000,153478951426261
22358,-146177667597668,32511,96553,-31732.5,31853.9,7.5,0.008,83335782,449097871,LOCKED,1.000031733000,153479951464993
22359,-146177667715781,-48930,15112,-31893.9,32008.7,7.5,0.009,83335782,449188653,LOCKED,1.000031894000,153480951606890
22360,-146177667718908,-17497,46545,-31995.8,31618.9,7.5,0.019,83335783,449274464,LOCKED,1.000031996000,153481951653886
22361,-146177667756678,-20690,43352,-32088.3,31444.0,7.5,0.022,83335782,449343285,LOCKED,1.000032088000,153482951800977
22362,-146177667772246,-2929,61113,-32144.4,31197.4,7.5,0.024,83335782,449413170,LOCKED,1.000032144000,153483951964125
22363,-146177667780567,20523,84565,-32160.4,31062.3,7.2,0.040,83335782,449492985,LOCKED,1.000032160000,153484952125289
22364,-146177667783937,46772,110814,-32113.4,31588.9,7.2,0.044,83335782,449589743,LOCKED,1.000032113000,153485952163402
22365,-146177667905103,-39141,24901,-32202.5,31993.5,7.1,0.032,83335782,449561917,LOCKED,1.000032203000,153486952320608
22366,-146177667909977,-10975,53067,-32225.4,32026.9,7.1,0.035,83335782,449652437,LOCKED,1.000032225000,153487952476837
22367,-146177667917355,12802,76844,-32194.1,32066.8,7.1,0.038,83335782,449739306,LOCKED,1.000032194000,153488952487030
22368,-146177667926451,32166,96208,-32064.1,31857.2,7.1,0.042,83335782,449719606,LOCKED,1.000032064000,153489952660098
22369,-146177667936443,49342,113384,-31905.6,32072.7,7.1,0.046,83335782,449908928,LOCKED,1.000031906000,153490952682003
22370,-146177668071789,-52010,12032,-31921.6,32320.9,7.0,0.034,83335782,449870484,LOCKED,1.000031922000,153491952851928
22371,-146177668071543,-17112,46930,-32027.3,31869.0,6.9,0.021,83335782,449964041,LOCKED,1.000032027000,153492952999959
22372,-146177668082729,4532,68574,-32074.4,31589.3,7.1,0.011,83335781,450046351,LOCKED,1.000032074000,153493953152037
22373,-146177668090461,27779,91821,-32066.8,31653.7,6.9,0.008,83335782,450133508,LOCKED,1.000032067000,153494953296107
# STATS: PDUs=7316 CSV=7315 Gaps=0 Dups=0 Skip=0 d_min=-64042 ns drift=-32066.8 ns/s sigma=31653.7 ns state=LOCKED clk_err=+0 ns
22374,-146177668111197,36972,101014,-32023.3,32006.9,6.9,0.009,83335782,450207857,LOCKED,1.000032023000,153495953321130
22375,-146177668141563,36929,100971,-32001.3,32227.9,6.8,0.010,83335782,450168297,LOCKED,1.000032001000,153496953475135
22376,-146177668253905,-40520,23522,-32075.9,32693.1,6.6,0.009,83335782,450252867,LOCKED,1.000032076000,153497953629214
22377,-146177668271023,-24000,40042,-32112.7,32852.6,6.8,0.019,83335783,450333244,LOCKED,1.000032113000,153498953771330
22378,-146177668240537,36762,100804,-32083.7,33116.1,6.8,0.019,83335782,450457235,LOCKED,1.000032084000,153499953808413
22379,-146177668258928,45558,109600,-31918.8,33040.0,6.6,0.019,83335782,450532758,LOCKED,1.000031919000,153500953821331
22380,-146177668302221,30534,94576,-31790.2,32787.4,6.8,0.027,83335783,450476042,LOCKED,1.000031790000,153501953986125
22381,-146177668415381,-47847,16195,-31857.4,33400.0,6.8,0.028,83335782,450565180,LOCKED,1.000031857000,153502954131986
22382,-146177668437909,-34732,29310,-31985.7,33325.1,6.8,0.028,83335782,450637261,LOCKED,1.000031986000,153503954285975
22383,-146177668445663,-8627,55415,-32063.5,32990.9,6.5,0.028,83335782,450723775,LOCKED,1.000032063000,153504954429042
22384,-146177668468813,940,64982,-32097.2,32877.4,6.7,0.035,83335783,450794058,LOCKED,1.000032097000,153505954577142
22385,-146177668489481,11517,75559,-32074.5,32914.0,6.9,0.030,83335781,450869475,LOCKED,1.000032074000,153506954715219
22386,-146177668518679,12716,76758,-32013.2,32820.5,7.0,0.025,83335781,450935762,LOCKED,1.000032013000,153507954874236
22387,-146177668524597,35018,99060,-31885.0,32757.5,7.1,0.019,83335781,451023247,LOCKED,1.000031885000,153508954891120
22388,-146177668639528,-43751,20291,-32022.4,32957.9,7.2,0.015,83335781,451003640,LOCKED,1.000032022000,153509954916142
22389,-146177668671941,-40319,23723,-32143.2,33183.8,7.1,0.014,83335782,451063751,LOCKED,1.000032143000,153510955042288
22390,-146177668622809,38746,102788,-32099.1,33547.6,7.1,0.009,83335781,451105966,LOCKED,1.000032099000,153511955189390
22391,-146177668635839,53662,117704,-31984.3,34292.3,7.2,0.006,83335781,451290751,LOCKED,1.000031984000,153512955205373
22392,-146177668683325,34551,98593,-31864.4,34305.8,7.1,0.005,83335782,451234439,LOCKED,1.000031864000,153513955343240
22393,-146177668709333,36403,100445,-31728.1,34203.3,7.1,0.006,83335782,451300286,LOCKED,1.000031728000,153514955507972
22394,-146177668821607,-42695,21347,-31728.2,34203.4,7.1,0.001,83335781,451385881,LOCKED,1.000031728000,153515955650703
22395,-146177668843191,-29564,34478,-31825.8,34255.2,7.1,-0.005,83335781,451461252,LOCKED,1.000031826000,153516955810532
22396,-146177668854380,-7159,56883,-31900.8,33925.3,7.1,-0.010,83335781,451543166,LOCKED,1.000031901000,153517955949436
22397,-146177668885846,-5799,58243,-31936.6,33876.2,7.6,-0.013,83335780,451615902,LOCKED,1.000031937000,153518956089376
22398,-146177668925464,-14095,49947,-31882.9,33381.8,8.0,-0.021,83335780,451718719,LOCKED,1.000031883000,153519955998254
22399,-146177668901605,37522,101564,-31742.6,33271.5,8.0,-0.026,83335781,451675855,LOCKED,1.000031743000,153520956260003
22400,-146177668950772,17097,81139,-31623.5,32631.4,8.1,-0.026,83335781,451859283,LOCKED,1.000031624000,153521956299626
22401,-146177669045658,-42105,21937,-31753.0,32846.7,8.2,-0.027,83335781,451826299,LOCKED,1.000031753000,153522956451382
22402,-146177669070048,-31741,32301,-31847.7,32990.3,8.6,-0.028,83335780,451910800,LOCKED,1.000031848000,153523956595233
22403,-146177669074224,-3224,60818,-31883.9,32908.2,8.4,-0.022,83335781,451987282,LOCKED,1.000031884000,153524956756121
22404,-146177669076180,25188,89230,-31851.3,33073.3,8.5,-0.021,83335781,452081016,LOCKED,1.000031851000,153525956910976
22405,-146177669086890,43045,107087,-31761.6,33567.7,8.9,-0.020,83335780,452163394,LOCKED,1.000031762000,153526956953737
22406,-146177669209642,-45788,18254,-31791.3,33913.7,9.2,-0.019,83335780,452135409,LOCKED,1.000031791000,153527957140533
22407,-146177669189212,4606,68648,-31709.2,33430.6,9.5,-0.023,83335780,452248251,LOCKED,1.000031709000,153528957288245
22408,-146177669195659,28516,92558,-31690.2,33568.2,9.8,-0.020,83335780,452339940,LOCKED,1.000031690000,153529957312934
22409,-146177669222844,31726,95768,-31679.4,33665.0,9.6,-0.008,83335781,452407717,LOCKED,1.000031679000,153530957467617
22410,-146177669242175,41204,105246,-31606.9,34126.9,9.6,-0.013,83335781,452481812,LOCKED,1.000031607000,153531957614227
22411,-146177669264721,46390,110432,-31493.7,34615.2,9.6,-0.017,83335781,452551286,LOCKED,1.000031494000,153532957630720
22412,-146177669319411,19776,83818,-31358.6,33837.3,9.8,-0.011,83335780,452489230,LOCKED,1.000031359000,153533957771082
22413,-146177669349147,18515,82557,-31247.6,33381.5,9.8,-0.015,83335781,452554209,LOCKED,1.000031248000,153534957929333
22414,-146177669451451,-48225,15817,-31379.5,33819.6,10.1,-0.006,83335780,452648209,LOCKED,1.000031380000,153535958073716
22415,-146177669478583,-39871,24171,-31515.0,33871.4,10.3,0.006,83335780,452719989,LOCKED,1.000031515000,153536958230234
22416,-146177669483493,-11687,52355,-31573.2,33782.9,10.5,-0.013,83335780,452810102,LOCKED,1.000031573000,153537958379810
22417,-146177669498223,4566,68608,-31551.8,33772.7,10.6,-0.028,83335780,452892741,LOCKED,1.000031552000,153538958407361
22418,-146177669598586,-61519,0,-31583.3,34283.9,10.6,-0.024,83335781,452879780,LOCKED,1.000031583000,153539958441944
22419,-146177669628129,-54207,7312,-31752.2,34595.4,10.7,-0.033,83335780,452950691,LOCKED,1.000031752000,153540958593699
22420,-146177669646637,-37687,23832,-31850.4,34882.9,10.6,-0.027,83335780,453024757,LOCKED,1.000031850000,153541958614549
22421,-146177669687013,-42311,19208,-31971.8,35163.6,10.7,-0.033,83335780,453078449,LOCKED,1.000031972000,153542958760524
22422,-146177669702763,-23930,37589,-32038.1,35263.1,10.6,-0.024,83335781,453153203,LOCKED,1.000032038000,153543958904565
22423,-146177669721547,-10249,51270,-32042.0,35273.8,10.7,-0.027,83335780,453230879,LOCKED,1.000032042000,153544959058610
22424,-146177669729107,12078,73597,-31956.2,34954.9,10.8,-0.027,83335780,453318199,LOCKED,1.000031956000,153545959199569
22425,-146177669762053,12011,73530,-32021.6,34345.7,11.1,-0.055,83335779,453379257,LOCKED,1.000032022000,153546959356594
22426,-146177669769393,35147,96666,-32004.1,34506.7,11.0,-0.066,83335780,453464119,LOCKED,1.000032004000,153547959505601
22427,-146177669788165,45268,106787,-31926.6,35049.7,10.9,-0.066,83335781,453541197,LOCKED,1.000031927000,153548959534527
22428,-146177669900070,-33230,28289,-31944.0,35196.9,10.9,-0.075,83335780,453523030,LOCKED,1.000031944000,153549959560470
22429,-146177669932645,-33183,28336,-31922.0,34937.2,10.8,-0.073,83335781,453586247,LOCKED,1.000031922000,153550959711395
22430,-146177669946392,-12174,49345,-32041.1,34147.8,10.7,-0.080,83335780,453665421,LOCKED,1.000032041000,153551959858439
22431,-146177669960336,6463,67982,-32078.4,33950.6,10.6,-0.085,83335780,453747308,LOCKED,1.000032078000,153552960008521
22432,-146177669971882,25525,87044,-32048.7,34107.3,10.6,-0.090,83335780,453830053,LOCKED,1.000032049000,153553960144573
22433,-146177669994588,32064,93583,-31964.3,34314.8,10.5,-0.094,83335780,453903202,LOCKED,1.000031964000,153554960291540
# STATS: PDUs=7376 CSV=7375 Gaps=0 Dups=0 Skip=0 d_min=-61519 ns drift=-31964.3 ns/s sigma=34314.8 ns state=LOCKED clk_err=+0 ns
22434,-146177670014526,40238,101757,-31841.9,34514.4,10.4,-0.090,83335781,453978830,LOCKED,1.000031842000,153555960433385
22435,-146177670040070,42359,103878,-31707.1,34674.8,10.3,-0.093,83335780,454048717,LOCKED,1.000031707000,153556960459091
22436,-146177670164850,-46010,15509,-31861.7,34764.2,10.1,-0.095,83335780,454013020,LOCKED,1.000031862000,153557960612956
22437,-146177670181792,-28001,33518,-31967.0,34700.1,9.6,-0.090,83335781,454093589,LOCKED,1.000031967000,153558960752926
22438,-146177670172706,11296,72815,-31899.5,34537.0,9.4,-0.091,83335780,454207090,LOCKED,1.000031899000,153559960779825
22439,-146177670209264,4773,66292,-31815.7,34045.8,9.2,-0.091,83335780,454254888,LOCKED,1.000031816000,153560960920644
22440,-146177670231418,12339,73858,-31733.2,33760.0,8.5,-0.089,83335780,454325549,LOCKED,1.000031733000,153561961060380
22441,-146177670284592,-7047,54472,-31822.5,33243.6,8.4,-0.084,83335781,454386502,LOCKED,1.000031823000,153562961198205
22442,-146177670324120,-12530,48989,-31910.9,32887.0,8.2,-0.079,83335781,454453552,LOCKED,1.000031911000,153563961361120
22443,-146177670293262,47532,109051,-31857.1,33436.6,7.9,-0.077,83335780,454552065,LOCKED,1.000031857000,153564961404977
22444,-146177670420205,-44208,17311,-31947.9,33955.6,7.1,-0.069,83335781,454516473,LOCKED,1.000031948000,153565961563928
22445,-146177670434949,-25301,36218,-31989.5,34128.3,7.1,-0.066,83335781,454596888,LOCKED,1.000031989000,153566961722921
22446,-146177670440931,540,62059,-31982.2,34124.9,7.1,-0.066,83335780,454684492,LOCKED,1.000031982000,153567961890907
22447,-146177670443475,27032,88551,-31882.4,34080.4,7.1,-0.066,83335780,454779735,LOCKED,1.000031882000,153568961929789
22448,-146177670543382,-36658,24861,-32034.4,33763.9,7.1,-0.065,83335780,454773938,LOCKED,1.000032034000,153569961968823
22449,-146177670561931,-19824,41695,-32166.1,33029.7,6.9,-0.059,83335781,454850720,LOCKED,1.000032166000,153570962133993
22450,-146177670576107,-2432,59087,-32132.6,32902.1,6.9,-0.058,83335780,454929506,LOCKED,1.000032133000,153571962170125
22451,-146177670588438,14840,76359,-32032.9,32466.3,6.9,-0.057,83335780,455012620,LOCKED,1.000032033000,153572962333162
22452,-146177670592811,38736,100255,-31912.4,32636.2,6.5,-0.050,83335780,455106110,LOCKED,1.000031912000,153573962361074
22453,-146177670620581,38777,100296,-31775.4,32622.9,6.1,-0.043,83335780,455063845,LOCKED,1.000031775000,153574962526853
22454,-146177670733119,-38022,23497,-31906.9,32644.6,6.1,-0.041,83335780,455152639,LOCKED,1.000031907000,153575962689764
22455,-146177670738285,-9528,51991,-31977.2,32404.9,6.0,-0.038,83335780,455242687,LOCKED,1.000031977000,153576962835744
22456,-146177670764239,-2867,58652,-32003.8,32364.3,6.0,-0.034,83335781,455313722,LOCKED,1.000032004000,153577962980751
22457,-146177670780607,12362,73881,-32004.4,32361.9,6.0,-0.037,83335780,455384169,LOCKED,1.000032004000,153578963114758
22458,-146177670777520,45059,106578,-31961.8,32814.5,6.0,-0.040,83335780,455486017,LOCKED,1.000031962000,153579963149719
22459,-146177670804053,46030,107549,-31819.3,33060.2,6.0,-0.037,83335781,455554624,LOCKED,1.000031819000,153580963294541
22460,-146177670822773,54552,116071,-31685.1,33748.4,6.1,-0.033,83335781,455632746,LOCKED,1.000031685000,153581963324226
22461,-146177670953571,-40405,21114,-31822.2,33804.9,6.0,-0.028,83335780,455592588,LOCKED,1.000031822000,153582963469051
22462,-146177670969311,-21595,39924,-31920.3,33609.0,6.0,-0.031,83335780,455670355,LOCKED,1.000031920000,153583963618975
22463,-146177670976081,3651,65170,-31931.1,33586.3,6.0,-0.027,83335781,455761103,LOCKED,1.000031931000,153584963770909
22464,-146177670998989,11196,72715,-31877.1,33514.9,6.0,-0.020,83335780,455828177,LOCKED,1.000031877000,153585963911789
22465,-146177671018000,21079,82598,-31765.5,33137.0,6.0,-0.024,83335780,455904279,LOCKED,1.000031766000,153586964052557
22466,-146177671048854,22052,83571,-31805.3,32713.0,6.0,-0.028,83335780,455969538,LOCKED,1.000031805000,153587964204366
22467,-146177671058584,41085,102604,-31724.2,33177.9,5.9,-0.033,83335780,456055393,LOCKED,1.000031724000,153588964228089
22468,-146177671161272,-29012,32507,-31718.4,33122.1,6.1,-0.022,83335781,456047898,LOCKED,1.000031718000,153589964265807
22469,-146177671174323,-10940,50579,-31670.9,32750.7,6.0,-0.016,83335780,456128853,LOCKED,1.000031671000,153590964413481
22470,-146177671187239,5553,67072,-31568.9,31970.4,5.9,-0.010,83335780,456209981,LOCKED,1.000031569000,153591964560053
22471,-146177671200773,19870,81389,-31419.2,30826.3,5.9,0.012,83335781,456290030,LOCKED,1.000031419000,153592964698475
22472,-146177671221149,27320,88839,-31288.0,30371.4,5.9,0.003,83335780,456360095,LOCKED,1.000031288000,153593964850766
22473,-146177671232109,42772,104291,-31119.5,30061.8,5.8,0.011,83335780,456444164,LOCKED,1.000031120000,153594964864884
22474,-146177671279415,25277,86796,-31097.3,30208.5,5.8,0.003,83335780,456387122,LOCKED,1.000031097000,153595965026985
22475,-146177671381401,-42358,19161,-31186.7,30728.9,5.9,0.008,83335781,456481250,LOCKED,1.000031187000,153596965170175
22476,-146177671392117,-20982,40537,-31196.3,30788.6,5.9,0.005,83335780,456564952,LOCKED,1.000031196000,153597965324375
22477,-146177671399885,1210,62729,-31137.5,30474.3,5.9,0.002,83335780,456653604,LOCKED,1.000031137000,153598965348512
22478,-146177671402181,29251,90770,-31146.9,30370.8,5.8,-0.003,83335780,456640682,LOCKED,1.000031147000,153599965382658
22479,-146177671521917,-54335,7184,-31302.4,30903.9,6.1,-0.016,83335779,456718544,LOCKED,1.000031302000,153600965520963
22480,-146177671537686,-35415,26104,-31409.9,31077.6,6.1,-0.017,83335780,456794294,LOCKED,1.000031410000,153601965553372
22481,-146177671554257,-17974,43545,-31507.9,30744.9,6.1,-0.018,83335780,456871124,LOCKED,1.000031508000,153602965697883
22482,-146177671573163,-4175,57344,-31559.8,30555.4,6.0,-0.020,83335780,456951054,LOCKED,1.000031560000,153603965860446
22483,-146177671564509,34182,95701,-31525.5,30842.4,6.1,-0.014,83335781,457049673,LOCKED,1.000031525000,153604965999974
22484,-146177671603381,24771,86290,-31465.2,30998.0,6.1,-0.015,83335780,457114691,LOCKED,1.000031465000,153605966020438
22485,-146177671671453,-11388,50131,-31468.3,31008.9,5.8,-0.016,83335780,457072177,LOCKED,1.000031468000,153606966169909
22486,-146177671731039,-38072,23447,-31475.3,31095.1,5.9,-0.011,83335781,457163783,LOCKED,1.000031475000,153607966312387
22487,-146177671753995,-29223,32296,-31442.8,30669.1,5.8,-0.013,83335780,457238637,LOCKED,1.000031443000,153608966462833
22488,-146177671812809,-51900,9619,-31587.2,31196.0,5.8,-0.014,83335780,457364008,LOCKED,1.000031587000,153609966493420
22489,-146177671772406,19963,81482,-31614.2,30942.9,5.7,-0.014,83335780,457437173,LOCKED,1.000031614000,153610966530034
22490,-146177671865156,-37853,23666,-31714.3,31257.7,5.8,-0.011,83335781,457410462,LOCKED,1.000031714000,153611966675751
22491,-146177671892312,-30991,30528,-31776.0,31534.6,6.1,-0.017,83335779,457493935,LOCKED,1.000031776000,153612966820530
22492,-146177671887702,4556,66075,-31742.3,31477.8,6.4,-0.023,83335779,457572750,LOCKED,1.000031742000,153613966983276
22493,-146177671886684,34061,95580,-31639.0,31636.0,6.6,-0.028,83335779,457670573,LOCKED,1.000031639000,153614967132918
# STATS: PDUs=7436 CSV=7435 Gaps=0 Dups=0 Skip=0 d_min=-61519 ns drift=-31639.0 ns/s sigma=31636.0 ns state=LOCKED clk_err=+0 ns
22494,-146177671907786,40380,101899,-31498.9,31656.1,6.5,-0.027,83335780,457743299,LOCKED,1.000031499000,153615967157416
22495,-146177671942570,33027,94546,-31353.9,31252.8,6.8,-0.032,83335779,457701626,LOCKED,1.000031354000,153616967332774
22496,-146177672023506,-14174,47345,-31447.4,30857.9,7.5,-0.040,83335778,457815985,LOCKED,1.000031447000,153617967492225
22497,-146177672021879,18600,80119,-31463.6,30729.2,7.6,-0.041,83335779,457915384,LOCKED,1.000031464000,153618967518688
22498,-146177672116732,-42258,19261,-31517.6,31221.8,8.2,-0.047,83335778,457911415,LOCKED,1.000031518000,153619967552205
22499,-146177672150927,-42202,19317,-31581.7,31734.1,8.4,-0.051,83335779,457973452,LOCKED,1.000031582000,153620967716790
22500,-146177672146491,-6249,55270,-31568.1,31688.6,8.5,-0.054,83335779,458069411,LOCKED,1.000031568000,153621967878362
22501,-146177672146245,24132,85651,-31537.9,31843.9,8.5,-0.052,83335779,458165674,LOCKED,1.000031538000,153622968024903
22502,-146177672151595,47530,109049,-31479.9,32431.9,8.6,-0.051,83335779,458251234,LOCKED,1.000031480000,153623968050382
22503,-146177672181133,44637,106156,-31316.5,32328.1,8.6,-0.051,83335780,458211743,LOCKED,1.000031317000,153624968197702
22504,-146177672302253,-40826,20693,-31461.9,32297.8,8.6,-0.048,83335779,458289600,LOCKED,1.000031462000,153625968348167
22505,-146177672314265,-18994,42525,-31547.4,32147.3,8.6,-0.044,83335779,458373701,LOCKED,1.000031547000,153626968487717
22506,-146177672331023,-3699,57820,-31566.1,32137.3,8.7,-0.046,83335779,458450905,LOCKED,1.000031566000,153627968629286
22507,-146177672350293,7323,68842,-31515.7,32020.5,8.8,-0.047,83335779,458523006,LOCKED,1.000031516000,153628968662801
22508,-146177672344197,43519,105038,-31518.6,31977.8,8.8,-0.047,83335780,458519982,LOCKED,1.000031519000,153629968672318
22509,-146177672386339,31883,93402,-31522.0,31941.3,8.7,-0.040,83335779,458572628,LOCKED,1.000031522000,153630968811843
22510,-146177672426052,22741,84260,-31513.1,32000.3,8.8,-0.040,83335779,458624775,LOCKED,1.000031513000,153631968842356
22511,-146177672538252,-54214,7305,-31606.3,32835.9,8.8,-0.040,83335780,458715444,LOCKED,1.000031606000,153632968995966
22512,-146177672545792,-29069,32450,-31610.8,32876.6,8.9,-0.040,83335779,458801168,LOCKED,1.000031611000,153633969146580
22513,-146177672552129,-4585,56934,-31564.3,32610.1,9.0,-0.039,83335779,458890482,LOCKED,1.000031564000,153634969290147
22514,-146177672589094,-7741,53778,-31661.8,31972.9,9.1,-0.037,83335779,458941292,LOCKED,1.000031662000,153635969447812
22515,-146177672595028,17650,79169,-31674.7,31882.6,9.1,-0.037,83335780,459034022,LOCKED,1.000031675000,153636969585490
22516,-146177672611968,30958,92477,-31656.1,32039.4,9.1,-0.023,83335779,459112768,LOCKED,1.000031656000,153637969630146
22517,-146177672623880,47584,109103,-31582.1,32676.3,9.1,-0.019,83335779,459087276,LOCKED,1.000031582000,153638969774731
22518,-146177672712764,-10106,51413,-31546.2,32440.1,9.2,-0.015,83335779,459198981,LOCKED,1.000031546000,153639969928281
22519,-146177672724745,7599,69118,-31467.3,32057.2,9.0,-0.010,83335779,459282043,LOCKED,1.000031467000,153640970078752
22520,-146177672738691,21720,83239,-31336.3,31377.8,8.8,0.013,83335780,459362363,LOCKED,1.000031336000,153641970229092
22521,-146177672752459,38133,99652,-31343.1,31286.5,8.9,0.006,83335779,459444355,LOCKED,1.000031343000,153642970259435
22522,-146177672886191,-59145,2374,-31495.9,32077.0,8.9,0.002,83335779,459401757,LOCKED,1.000031496000,153643970402934
22523,-146177672907345,-45387,16132,-31588.2,32648.7,8.6,0.026,83335780,459470728,LOCKED,1.000031588000,153644970541525
22524,-146177672859296,32048,93567,-31533.3,32937.4,9.0,0.011,83335778,459523780,LOCKED,1.000031533000,153645970700062
22525,-146177672950427,-26188,35331,-31556.6,33082.6,9.3,-0.003,83335778,459618234,LOCKED,1.000031557000,153646970838622
22526,-146177672989993,-32425,29094,-31589.8,33323.6,9.6,-0.015,83335778,459686737,LOCKED,1.000031590000,153647970972214
22527,-146177673034334,-43411,18108,-31604.2,33501.9,9.6,-0.013,83335779,459753931,LOCKED,1.000031604000,153648971123821
22528,-146177673066660,-40097,21422,-31735.8,33607.2,9.3,-0.023,83335779,459879163,LOCKED,1.000031736000,153649971024552
22529,-146177673035841,21670,83189,-31733.2,33624.4,9.3,-0.029,83335779,459815139,LOCKED,1.000031733000,153650971192289
22530,-146177673132734,-40596,20923,-31807.9,34072.2,9.2,-0.033,83335779,459905049,LOCKED,1.000031808000,153651971330100
22531,-146177673161976,-36047,25472,-31845.3,34364.1,8.9,-0.038,83335779,459970773,LOCKED,1.000031845000,153652971467948
22532,-146177673183342,-24769,36750,-31843.3,34348.6,9.0,-0.050,83335778,460039640,LOCKED,1.000031843000,153653971622795
22533,-146177673196218,-7014,54505,-31771.9,33745.5,9.0,-0.052,83335779,460127338,LOCKED,1.000031772000,153654971779570
22534,-146177673205326,13457,74976,-31686.5,33454.3,9.0,-0.046,83335780,460216011,LOCKED,1.000031687000,153655971946260
22535,-146177673200122,48144,109663,-31658.5,33806.8,8.6,-0.048,83335779,460316275,LOCKED,1.000031658000,153656971971918
22536,-146177673330634,-47022,14497,-31761.4,34367.9,8.5,-0.048,83335779,460278292,LOCKED,1.000031761000,153657972128683
22537,-146177673330581,-14545,46974,-31769.7,34398.8,8.5,-0.049,83335779,460370939,LOCKED,1.000031770000,153658972285456
22538,-146177673305104,38610,97755,-31632.9,34381.4,8.4,-0.049,83335779,460493059,LOCKED,1.000031633000,153659972315088
22539,-146177673335481,38758,97903,-31643.0,34252.0,8.5,-0.045,83335780,460557412,LOCKED,1.000031643000,153660972345730
22540,-146177673361621,42396,101541,-31621.9,34486.5,8.4,-0.045,83335779,460517731,LOCKED,1.000031622000,153661972388352
22541,-146177673472168,-33623,25522,-31708.8,34720.1,8.4,-0.044,83335779,460608336,LOCKED,1.000031709000,153662972546064
22542,-146177673482926,-11667,47478,-31738.8,34748.4,8.3,-0.044,83335779,460692923,LOCKED,1.000031739000,153663972713807
22543,-146177673472684,27204,86349,-31631.2,34634.9,7.9,-0.037,83335780,460798104,LOCKED,1.000031631000,153664972865442
22544,-146177673497200,31079,90224,-31523.7,34648.2,7.9,-0.036,83335779,460867333,LOCKED,1.000031524000,153665973008969
22545,-146177673515784,41258,100403,-31456.7,35095.8,7.8,-0.035,83335779,460948016,LOCKED,1.000031457000,153666973031425
22546,-146177673647730,-54381,4764,-31604.6,35633.1,7.4,-0.027,83335780,460905030,LOCKED,1.000031605000,153667973177033
22547,-146177673654866,-27124,32021,-31696.5,35657.6,7.3,-0.025,83335779,460989239,LOCKED,1.000031697000,153668973323733
22548,-146177673661939,-499,58646,-31794.1,34862.0,7.2,-0.023,83335779,461081033,LOCKED,1.000031794000,153669973337526
22549,-146177673702920,-9495,49650,-31787.6,34839.9,7.0,-0.021,83335779,461133196,LOCKED,1.000031788000,153670973486317
22550,-146177673729813,-2728,56417,-31875.2,34247.2,6.4,-0.014,83335779,461204114,LOCKED,1.000031875000,153671973635195
22551,-146177673752739,7345,66490,-31942.7,33690.9,6.6,-0.013,83335780,461274896,LOCKED,1.000031943000,153672973789141
22552,-146177673760483,29901,89046,-31911.7,33894.0,6.6,-0.013,83335779,461361470,LOCKED,1.000031912000,153673973931056
22553,-146177673786851,32443,91588,-31818.2,34061.0,6.6,-0.014,83335779,461428047,LOCKED,1.000031818000,153674974083878
# STATS: PDUs=7496 CSV=7495 Gaps=0 Dups=0 Skip=0 d_min=-59145 ns drift=-31818.2 ns/s sigma=34061.0 ns state=LOCKED clk_err=+0 ns
22554,-146177673804365,42566,101711,-31683.5,34233.8,6.6,-0.008,83335780,461505774,LOCKED,1.000031684000,153675974221564
22555,-146177673838340,36488,95633,-31558.1,34261.9,6.6,-0.009,83335779,461567886,LOCKED,1.000031558000,153676974251122
22556,-146177673864504,39512,98657,-31507.5,34649.5,6.3,-0.015,83335779,461528023,LOCKED,1.000031507000,153677974394632
22557,-146177673988858,-50640,8505,-31555.6,35184.6,6.3,-0.016,83335779,461604653,LOCKED,1.000031556000,153678974553191
22558,-146177673967961,3038,62183,-31620.9,34759.0,6.2,-0.022,83335780,461715366,LOCKED,1.000031621000,153679974574811
22559,-146177673997952,5883,65028,-31690.5,34213.3,6.2,-0.024,83335779,461782133,LOCKED,1.000031690000,153680974728505
22560,-146177674014848,19746,78891,-31677.6,34276.9,6.2,-0.026,83335779,461858239,LOCKED,1.000031678000,153681974870186
22561,-146177674039238,24630,83775,-31600.4,34339.1,6.3,-0.027,83335780,461927376,LOCKED,1.000031600000,153682974897786
22562,-146177674072198,20162,79307,-31481.2,33829.7,6.3,-0.029,83335779,461884853,LOCKED,1.000031481000,153683975036270
22563,-146177674102302,18344,77489,-31354.6,33124.1,6.4,-0.023,83335778,461949375,LOCKED,1.000031355000,153684975201628
22564,-146177674202646,-46301,12844,-31491.1,33442.6,6.7,-0.023,83335778,462044561,LOCKED,1.000031491000,153685975344122
22565,-146177674225184,-34390,24755,-31579.2,33698.0,6.9,-0.024,83335778,462118997,LOCKED,1.000031579000,153686975500705
22566,-146177674225982,-3260,55885,-31590.9,33697.7,6.9,-0.026,83335779,462210386,LOCKED,1.000031591000,153687975643299
22567,-146177674268721,-13757,45388,-31600.0,33729.4,7.1,-0.026,83335778,462273710,LOCKED,1.000031600000,153688975658898
22568,-146177674304831,-18625,40520,-31551.4,33232.9,7.1,-0.018,83335780,462255742,LOCKED,1.000031551000,153689975687449
22569,-146177674292731,22121,81266,-31445.4,32959.8,7.1,-0.020,83335779,462321538,LOCKED,1.000031445000,153690975950901
22570,-146177674371127,-24332,34813,-31429.3,32810.8,7.1,-0.023,83335779,462482052,LOCKED,1.000031429000,153691975986330
22571,-146177674357067,21308,80453,-31472.2,32346.0,7.1,0.010,83335780,462549751,LOCKED,1.000031472000,153692976130805
22572,-146177674390511,18888,78033,-31481.6,32279.6,7.1,0.007,83335779,462619003,LOCKED,1.000031482000,153693976273290
22573,-146177674467415,-24805,34340,-31525.4,32454.9,7.1,0.004,83335779,462687501,LOCKED,1.000031525000,153694976310815
22574,-146177674531949,-53838,5307,-31631.1,33256.5,7.1,0.001,83335779,462659170,LOCKED,1.000031631000,153695976449449
22575,-146177674564543,-51799,7346,-31692.4,33915.2,7.0,0.015,83335779,462718944,LOCKED,1.000031692000,153696976613145
22576,-146177674569853,-24794,34351,-31681.7,33822.2,7.1,0.028,83335780,462809531,LOCKED,1.000031682000,153697976766830
22577,-146177674579648,-4451,54694,-31598.4,33083.5,7.1,0.026,83335779,462896057,LOCKED,1.000031598000,153698976919432
22578,-146177674563354,40679,99824,-31530.3,33540.6,7.2,0.040,83335780,463004785,LOCKED,1.000031530000,153699976821958
22579,-146177674603537,29311,88456,-31445.6,33677.2,7.2,0.036,83335779,462953245,LOCKED,1.000031446000,153700976970407
22580,-146177674724089,-57203,1942,-31477.8,34156.1,7.1,0.031,83335779,463031526,LOCKED,1.000031478000,153701977130888
22581,-146177674731270,-32675,26470,-31434.7,33554.6,7.1,0.028,83335779,463121478,LOCKED,1.000031435000,153702977286326
22582,-146177674737784,-5842,53303,-31519.0,33070.1,7.1,0.026,83335779,463201009,LOCKED,1.000031519000,153703977449849
22583,-146177674750138,13624,72769,-31556.5,32778.6,7.1,0.033,83335780,463287414,LOCKED,1.000031557000,153704977596409
22584,-146177674778906,13925,73070,-31457.4,32318.7,7.1,0.023,83335778,463353617,LOCKED,1.000031457000,153705977731869
22585,-146177674808276,15423,74568,-31454.1,32333.9,7.1,0.014,83335778,463419192,LOCKED,1.000031454000,153706977878326
22586,-146177674828202,25935,85080,-31447.4,32386.6,6.9,0.013,83335779,463492975,LOCKED,1.000031447000,153707978021776
22587,-146177674859153,25899,85044,-31464.4,32216.5,7.1,0.005,83335778,463557410,LOCKED,1.000031464000,153708978049240
22588,-146177674961239,-40548,18597,-31602.1,32273.6,7.3,-0.003,83335778,463551512,LOCKED,1.000031602000,153709978076841
22589,-146177674993215,-38938,20207,-31634.7,32587.2,7.3,-0.003,83335779,463608560,LOCKED,1.000031635000,153710978221479
22590,-146177675014547,-25277,33868,-31757.8,32195.0,7.3,-0.003,83335779,463683107,LOCKED,1.000031758000,153711978363240
22591,-146177675044901,-20773,38372,-31875.6,31697.8,7.3,-0.004,83335779,463749763,LOCKED,1.000031876000,153712978515119
22592,-146177675079238,-20395,38750,-31981.3,31354.5,7.1,-0.005,83335779,463806675,LOCKED,1.000031981000,153713978657103
22593,-146177675109828,-16959,42186,-32053.5,31265.7,7.1,-0.006,83335779,463872833,LOCKED,1.000032054000,153714978816160
22594,-146177675117794,6786,65931,-32048.0,31275.5,7.2,-0.009,83335778,463960921,LOCKED,1.000032048000,153715978955211
22595,-146177675143918,10762,69907,-31970.1,30974.8,7.8,-0.019,83335777,464029482,LOCKED,1.000031970000,153716979103184
22596,-146177675165866,21506,80651,-32041.5,29944.0,8.0,-0.023,83335778,464103520,LOCKED,1.000032041000,153717979242228
22597,-146177675194241,24657,83802,-32057.3,29782.0,8.0,-0.022,83335779,464167392,LOCKED,1.000032057000,153718979279285
22598,-146177675301946,-48422,10723,-32102.9,30346.9,8.1,-0.026,83335778,464156547,LOCKED,1.000032103000,153719979305387
22599,-146177675325113,-37718,21427,-32126.9,30603.4,8.1,-0.026,83335778,464227412,LOCKED,1.000032127000,153720979459517
22600,-146177675351235,-30660,28485,-32127.6,30610.3,8.2,-0.029,83335778,464299194,LOCKED,1.000032128000,153721979483644
22601,-146177675384464,-28125,31020,-32259.5,30176.7,8.2,-0.029,83335779,464356071,LOCKED,1.000032260000,153722979637907
22602,-146177675399520,-9215,49930,-32328.1,29928.4,8.3,-0.031,83335778,464440262,LOCKED,1.000032328000,153723979775238
22603,-146177675425540,-3060,56085,-32315.5,29898.9,8.2,-0.027,83335779,464503009,LOCKED,1.000032315000,153724979929557
22604,-146177675440239,12988,72133,-32260.0,29843.4,8.3,-0.029,83335778,464584062,LOCKED,1.000032260000,153725980062820
22605,-146177675468456,14786,73931,-32174.3,29550.2,8.4,-0.030,83335778,464652119,LOCKED,1.000032174000,153726980225998
22606,-146177675470181,44386,103531,-32206.5,28929.0,8.4,-0.023,83335780,464743962,LOCKED,1.000032206000,153727980371208
22607,-146177675506715,38803,97948,-32209.4,28886.6,8.4,-0.023,83335779,464819868,LOCKED,1.000032209000,153728980394417
22608,-146177675618824,-37865,21280,-32305.2,29252.1,8.5,-0.024,83335778,464788285,LOCKED,1.000032305000,153729980432722
22609,-146177675636999,-21259,37886,-32391.6,29147.8,8.5,-0.023,83335779,464865678,LOCKED,1.000032392000,153730980575117
22610,-146177675656555,-7036,52109,-32448.0,28962.4,8.5,-0.022,83335779,464937491,LOCKED,1.000032448000,153731980722568
22611,-146177675677441,4820,63965,-32470.5,28870.4,8.5,-0.016,83335778,465013598,LOCKED,1.000032471000,153732980869042
22612,-146177675714081,407,59552,-32459.3,28858.9,8.6,-0.015,83335778,465091473,LOCKED,1.000032459000,153733981023505
22613,-146177675696275,46959,106104,-32354.9,29505.9,8.6,-0.014,83335778,465184756,LOCKED,1.000032355000,153734981188864
# STATS: PDUs=7556 CSV=7555 Gaps=0 Dups=0 Skip=0 d_min=-59145 ns drift=-32354.9 ns/s sigma=29505.9 ns state=LOCKED clk_err=+0 ns
22614,-146177675707801,62383,121528,-32193.1,30427.7,8.4,-0.005,83335779,465271434,LOCKED,1.000032193000,153735981217056
22615,-146177675745316,52268,111413,-32044.5,30932.3,8.4,-0.004,83335779,465225701,LOCKED,1.000032045000,153736981389105
22616,-146177675837854,-9105,50040,-31986.1,30415.5,8.5,-0.001,83335778,465330146,LOCKED,1.000031986000,153737981552095
22617,-146177675834647,25968,85113,-32023.4,29938.3,8.5,0.001,83335779,465428802,LOCKED,1.000032023000,153738981587118
22618,-146177675932904,-37757,21388,-32083.9,30370.9,8.4,0.015,83335778,465429208,LOCKED,1.000032084000,153739981629202
22619,-146177675947919,-19484,39661,-32110.6,30480.5,8.3,0.019,83335779,465501810,LOCKED,1.000032111000,153740981792316
22620,-146177675959618,232,59377,-32076.8,30370.4,8.4,0.025,83335778,465590995,LOCKED,1.000032077000,153741981948396
22621,-146177675974990,14899,74044,-32001.4,30197.9,8.3,0.039,83335780,465667527,LOCKED,1.000032001000,153742982090400
22622,-146177676002863,16803,75948,-31920.1,30016.0,8.4,0.027,83335778,465735800,LOCKED,1.000031920000,153743982241323
22623,-146177676019022,29311,88456,-31808.9,29922.9,8.5,0.006,83335778,465813714,LOCKED,1.000031809000,153744982381135
22624,-146177676047936,31146,90291,-31808.7,29925.0,8.5,-0.014,83335778,465880958,LOCKED,1.000031809000,153745982538947
22625,-146177676056077,52010,111155,-31757.5,30590.7,8.4,-0.019,83335779,465964666,LOCKED,1.000031758000,153746982556704
22626,-146177676097101,39684,98829,-31673.2,31040.7,8.4,-0.024,83335778,465913641,LOCKED,1.000031673000,153747982716381
22627,-146177676205589,-34695,24450,-31735.2,31396.1,8.4,-0.044,83335778,466003372,LOCKED,1.000031735000,153748982856119
22628,-146177676192093,10062,69207,-31728.6,31414.1,8.2,-0.020,83335779,466111808,LOCKED,1.000031729000,153749982892847
22629,-146177676207476,23442,82587,-31621.9,31163.1,8.2,-0.010,83335779,466190973,LOCKED,1.000031622000,153750983032472
22630,-146177676224442,35817,94962,-31569.4,31530.2,8.2,0.000,83335779,466264496,LOCKED,1.000031569000,153751983068041
22631,-146177676243759,43591,102736,-31421.8,31603.8,8.0,-0.012,83335778,466345018,LOCKED,1.000031422000,153752983085462
22632,-146177676285987,29221,88366,-31295.3,31313.4,8.0,-0.019,83335778,466288098,LOCKED,1.000031295000,153753983246761
22633,-146177676385461,-36471,22674,-31356.8,31702.0,8.0,-0.015,83335779,466384402,LOCKED,1.000031357000,153754983391121
22634,-146177676412261,-28738,30407,-31465.1,31625.2,8.1,-0.021,83335778,466453746,LOCKED,1.000031465000,153755983535589
22635,-146177676430173,-12949,46196,-31553.4,31263.0,8.1,-0.026,83335778,466529004,LOCKED,1.000031553000,153756983673145
22636,-146177676469126,-18549,40596,-31611.0,31304.3,7.8,-0.023,83335779,466585159,LOCKED,1.000031611000,153757983831760
22637,-146177676468498,12603,71748,-31578.6,31340.8,7.8,-0.027,83335778,466679788,LOCKED,1.000031579000,153758983840337
22638,-146177676483988,25006,84151,-31439.0,30639.6,7.5,-0.023,83335779,466650701,LOCKED,1.000031439000,153759983884776
22639,-146177676593939,-51712,7433,-31441.0,30675.1,7.5,-0.019,83335779,466742848,LOCKED,1.000031441000,153760984026220
22640,-146177676529116,42884,102029,-31430.5,30818.7,7.5,-0.016,83335779,466792558,LOCKED,1.000031431000,153761984173654
22641,-146177676654646,-47429,11716,-31537.6,31429.7,7.5,-0.012,83335779,466868602,LOCKED,1.000031538000,153762984312195
22642,-146177676677008,-36057,23088,-31585.6,31786.8,7.5,-0.015,83335778,466940215,LOCKED,1.000031586000,153763984476784
22643,-146177676678564,-6544,52601,-31549.2,31583.0,7.2,-0.016,83335778,467031272,LOCKED,1.000031549000,153764984620336
22644,-146177676697938,4208,63353,-31486.3,31293.3,7.2,-0.014,83335779,467106086,LOCKED,1.000031486000,153765984781826
22645,-146177676696886,33151,92296,-31364.7,31231.3,7.2,-0.017,83335778,467202995,LOCKED,1.000031365000,153766984917193
22646,-146177676730258,27408,86553,-31226.7,30670.5,7.2,-0.018,83335778,467272029,LOCKED,1.000031227000,153767984921418
22647,-146177676794820,-7414,51731,-31141.2,29725.0,7.2,-0.016,83335779,467217072,LOCKED,1.000031141000,153768985081563
22648,-146177676836862,-16751,42394,-31190.2,29773.3,7.2,-0.019,83335778,467341414,LOCKED,1.000031190000,153769985111753
22649,-146177676860628,-8277,50868,-31228.0,29739.6,7.2,-0.020,83335778,467413464,LOCKED,1.000031228000,153770985272985
22650,-146177676860811,21443,80588,-31198.6,29875.1,7.2,-0.020,83335778,467510444,LOCKED,1.000031199000,153771985297183
22651,-146177676886753,25075,84220,-31160.5,30065.1,7.2,-0.020,83335778,467469711,LOCKED,1.000031161000,153772985463347
22652,-146177676981479,-35791,23354,-31233.6,30444.9,7.2,-0.017,83335779,467571918,LOCKED,1.000031234000,153773985606584
22653,-146177677009891,-30595,28550,-31299.4,30712.7,7.1,-0.016,83335778,467652016,LOCKED,1.000031299000,153774985741886
22654,-146177677062755,-49263,9882,-31359.7,31368.1,7.1,-0.019,83335778,467714381,LOCKED,1.000031360000,153775985899249
22655,-146177677029753,13472,72617,-31302.2,31311.4,6.8,-0.023,83335779,467803908,LOCKED,1.000031302000,153776986059555
22656,-146177677035877,35119,94264,-31187.1,31399.9,6.8,-0.026,83335778,467897747,LOCKED,1.000031187000,153777986090742
22657,-146177677160041,-55319,3826,-31219.7,31898.7,6.8,-0.025,83335778,467864988,LOCKED,1.000031220000,153778986240965
22658,-146177677139473,-1996,55207,-31291.9,31452.9,6.8,-0.028,83335778,467978935,LOCKED,1.000031292000,153779986296257
22659,-146177677152285,16541,73744,-31322.2,31196.0,7.1,-0.033,83335777,468065720,LOCKED,1.000031322000,153780986335579
22660,-146177677223423,-20748,36455,-31412.0,31049.4,7.1,-0.036,83335778,468087897,LOCKED,1.000031412000,153781986369991
22661,-146177677255326,-18688,38515,-31506.2,30786.3,7.1,-0.033,83335779,468170055,LOCKED,1.000031506000,153782986534501
22662,-146177677244305,23014,80217,-31504.0,30803.2,7.4,-0.037,83335777,468256137,LOCKED,1.000031504000,153783986562004
22663,-146177677276080,21830,79033,-31495.5,30859.7,7.4,-0.034,83335778,468212750,LOCKED,1.000031495000,153784986727503
22664,-146177677380155,-47431,9772,-31579.6,31524.6,7.4,-0.038,83335779,468307665,LOCKED,1.000031580000,153785986885086
22665,-146177677386463,-20754,36449,-31614.2,31650.0,7.6,-0.042,83335777,468397155,LOCKED,1.000031614000,153786987032703
22666,-146177677401257,-4688,52515,-31569.3,31388.0,7.6,-0.029,83335777,468476000,LOCKED,1.000031569000,153787987185276
22667,-146177677413379,12891,70094,-31498.8,31217.9,7.6,-0.025,83335779,468559677,LOCKED,1.000031499000,153788987333778
22668,-146177677416894,39916,97119,-31518.3,30919.3,7.6,-0.028,83335778,468649646,LOCKED,1.000031518000,153789987230291
22669,-146177677465253,22900,80103,-31547.8,30602.5,7.6,-0.022,83335778,468588431,LOCKED,1.000031548000,153790987385842
22670,-146177677580987,-56310,893,-31698.7,31284.1,7.6,-0.018,83335779,468673369,LOCKED,1.000031699000,153791987550544
22671,-146177677594158,-34559,22644,-31799.6,31479.8,7.6,-0.022,83335778,468753539,LOCKED,1.000031800000,153792987692347
22672,-146177677616110,-22083,35120,-31892.0,31347.0,7.6,-0.026,83335778,468829375,LOCKED,1.000031892000,153793987856243
22673,-146177677619996,5000,62203,-31855.0,31277.9,7.6,-0.035,83335779,468921310,LOCKED,1.000031855000,153794987996101
# STATS: PDUs=7616 CSV=7615 Gaps=0 Dups=0 Skip=0 d_min=-57203 ns drift=-31855.0 ns/s sigma=31277.9 ns state=LOCKED clk_err=+0 ns
22674,-146177677645108,9721,66924,-31771.8,30883.1,7.6,-0.030,83335778,468991493,LOCKED,1.000031772000,153795988158876
22675,-146177677656220,27239,84442,-31662.7,30739.0,7.5,-0.025,83335778,469079351,LOCKED,1.000031663000,153796988190538
22676,-146177677778022,-58060,0,-31803.9,31586.7,7.6,-0.018,83335779,469045993,LOCKED,1.000031804000,153797988346345
22677,-146177677787314,-33533,24527,-31847.1,31890.4,7.6,0.003,83335779,469132010,LOCKED,1.000031847000,153798988493195
22678,-146177677769213,17285,75345,-31918.7,30988.0,7.6,-0.008,83335778,469244987,LOCKED,1.000031919000,153799988520113
22679,-146177677793396,24881,82941,-31953.3,30577.0,7.6,0.013,83335779,469316233,LOCKED,1.000031953000,153800988661069
22680,-146177677818988,30097,88157,-31947.1,30637.0,7.6,0.003,83335778,469381406,LOCKED,1.000031947000,153801988808019
22681,-146177677844756,34276,92336,-31905.9,30953.9,7.1,0.048,83335779,469452973,LOCKED,1.000031906000,153802988951928
22682,-146177677864840,43310,101370,-31841.0,31496.1,7.1,0.042,83335778,469527753,LOCKED,1.000031841000,153803988973768
22683,-146177677909992,27698,85758,-31774.0,31687.8,7.1,0.049,83335779,469472413,LOCKED,1.000031774000,153804989111545
22684,-146177677944087,23224,81284,-31706.9,31778.4,7.1,0.055,83335779,469534416,LOCKED,1.000031707000,153805989269255
22685,-146177678047245,-46442,11618,-31717.2,31927.3,7.1,0.048,83335778,469626513,LOCKED,1.000031717000,153806989415975
22686,-146177678066405,-32761,25299,-31717.9,31934.3,7.4,0.063,83335780,469703740,LOCKED,1.000031718000,153807989571696
22687,-146177678074119,-6744,51316,-31805.6,31401.7,7.5,0.057,83335778,469792300,LOCKED,1.000031806000,153808989706504
22688,-146177678069851,27464,85524,-31759.7,31621.9,7.4,0.060,83335779,469890053,LOCKED,1.000031760000,153809989630260
22689,-146177678092729,33448,91508,-31672.9,31872.3,7.4,0.063,83335779,469855336,LOCKED,1.000031673000,153810989771936
22690,-146177678225656,-64498,0,-31728.1,32748.0,7.4,0.066,83335779,469924666,LOCKED,1.000031728000,153811989808664
22691,-146177678232481,-38535,25963,-31716.0,32584.3,7.4,0.062,83335778,470009383,LOCKED,1.000031716000,153812989950383
22692,-146177678253821,-27552,36946,-31699.9,32417.2,7.4,0.064,83335779,470080782,LOCKED,1.000031700000,153813990106086
22693,-146177678262973,-3696,60802,-31758.1,32172.9,7.4,0.061,83335778,470167709,LOCKED,1.000031758000,153814990242847
22694,-146177678285525,6043,70541,-31794.3,31978.3,7.4,0.057,83335778,470237603,LOCKED,1.000031794000,153815990394645
22695,-146177678310251,12741,77239,-31797.4,31964.7,7.4,0.060,83335779,470312625,LOCKED,1.000031797000,153816990534445
22696,-146177678340818,13802,78300,-31812.1,31877.7,7.4,0.058,83335778,470378436,LOCKED,1.000031812000,153817990670260
22697,-146177678384598,1408,65906,-31793.4,31853.7,7.4,0.055,83335778,470449255,LOCKED,1.000031793000,153818990699053
22698,-146177678472502,-52019,12479,-31838.7,32432.9,7.4,0.058,83335779,470433881,LOCKED,1.000031839000,153819990716891
22699,-146177678501660,-44399,20099,-32007.6,32225.7,7.3,0.057,83335778,470496261,LOCKED,1.000032008000,153820990859902
22700,-146177678525816,-35494,29004,-32000.3,32135.2,7.3,0.061,83335779,470572308,LOCKED,1.000032000000,153821991012906
22701,-146177678539700,-14503,49995,-32117.5,31401.2,7.2,0.061,83335778,470651720,LOCKED,1.000032117000,153822991153026
22702,-146177678572524,-12663,51835,-32221.6,30801.1,7.3,0.059,83335778,470723933,LOCKED,1.000032222000,153823991292251
22703,-146177678620198,-25628,38870,-32301.2,30880.5,7.3,0.057,83335778,470790952,LOCKED,1.000032301000,153824991449556
22704,-146177678592932,32037,96535,-32261.1,31160.7,7.2,0.061,83335779,470885300,LOCKED,1.000032261000,153825991481817
22705,-146177678619704,34263,98761,-32157.7,31327.4,7.3,0.059,83335778,470847260,LOCKED,1.000032158000,153826991645978
22706,-146177678718432,-31086,33412,-32165.9,31406.5,7.3,0.057,83335778,470946113,LOCKED,1.000032166000,153827991803147
22707,-146177678728182,-7931,56567,-32189.1,31416.9,7.2,0.060,83335778,471032785,LOCKED,1.000032189000,153828991955339
22708,-146177678711146,39134,103632,-32148.1,31791.2,7.2,0.058,83335778,471145762,LOCKED,1.000032148000,153829991859482
22709,-146177678743939,36222,100720,-32097.0,32155.1,7.2,0.057,83335778,471101944,LOCKED,1.000032097000,153830992026583
22710,-146177678854880,-40704,23794,-32123.4,32440.5,7.6,0.054,83335777,471189465,LOCKED,1.000032123000,153831992186710
22711,-146177678866020,-19510,44988,-32101.3,32254.6,7.6,0.054,83335779,471274895,LOCKED,1.000032101000,153832992350815
22712,-146177678876934,2533,67031,-32147.6,32016.1,7.5,0.058,83335778,471361487,LOCKED,1.000032148000,153833992499966
22713,-146177678904710,7360,71858,-32182.2,31819.1,7.6,0.058,83335779,471428925,LOCKED,1.000032182000,153834992643151
22714,-146177678910653,33062,97560,-32211.0,31425.2,7.6,0.057,83335778,471511715,LOCKED,1.000032211000,153835992790365
22715,-146177678932586,40071,104569,-32117.0,31840.0,7.5,0.063,83335778,471589954,LOCKED,1.000032117000,153836992937485
22716,-146177678954476,45631,110129,-31963.6,31935.0,7.6,0.062,83335779,471661438,LOCKED,1.000031964000,153837992948447
22717,-146177678997691,33670,98168,-31984.8,31655.9,7.6,0.062,83335778,471607449,LOCKED,1.000031985000,153838993097435
22718,-146177679095409,-30137,34361,-32029.2,31912.7,7.6,0.061,83335778,471708664,LOCKED,1.000032029000,153839993249468
22719,-146177679108390,-11143,53355,-32008.0,31792.0,7.5,0.051,83335779,471791045,LOCKED,1.000032008000,153840993390479
22720,-146177679121903,7362,71860,-32020.8,31745.5,7.5,0.050,83335778,471870553,LOCKED,1.000032021000,153841993420499
22721,-146177679144630,16082,80580,-32019.4,31752.7,7.4,0.060,83335778,471942748,LOCKED,1.000032019000,153842993567522
22722,-146177679160623,29112,93610,-31920.5,31783.0,7.2,0.048,83335778,472019555,LOCKED,1.000031921000,153843993591442
22723,-146177679186930,31455,95953,-31812.2,31802.9,7.5,0.050,83335777,471983566,LOCKED,1.000031812000,153844993733257
22724,-146177679218490,30935,95433,-31825.8,31646.1,7.3,0.063,83335778,472044831,LOCKED,1.000031826000,153845993894086
22725,-146177679328621,-43798,20700,-31928.4,32137.7,7.1,0.049,83335778,472135907,LOCKED,1.000031928000,153846994031017
22726,-146177679363127,-43353,21145,-32004.8,32672.4,7.0,0.021,83335778,472196143,LOCKED,1.000032005000,153847994189025
22727,-146177679376825,-24021,40477,-32015.2,32742.6,7.2,0.005,83335777,472279228,LOCKED,1.000032015000,153848994333043
22728,-146177679389134,-5602,58896,-31942.5,32123.1,7.2,-0.005,83335778,472363526,LOCKED,1.000031943000,153849994366985
22729,-146177679407548,6289,70787,-31872.5,31807.5,7.2,-0.015,83335778,472436097,LOCKED,1.000031872000,153850994505860
22730,-146177679440874,6109,70607,-31945.3,31154.1,7.4,-0.023,83335777,472497408,LOCKED,1.000031945000,153851994655809
22731,-146177679448270,29729,94227,-31949.2,31113.6,7.5,-0.048,83335777,472583757,LOCKED,1.000031949000,153852994804761
22732,-146177679469952,38166,102664,-31922.8,31385.8,7.5,-0.059,83335778,472661017,LOCKED,1.000031923000,153853994844684
22733,-146177679590320,-47166,17332,-31997.3,32026.4,7.6,-0.066,83335777,472630557,LOCKED,1.000031997000,153854994987684
# STATS: PDUs=7676 CSV=7675 Gaps=0 Dups=0 Skip=0 d_min=-64498 ns drift=-31997.3 ns/s sigma=32026.4 ns state=LOCKED clk_err=+0 ns
22734,-146177679607080,-30193,34305,-32032.3,32258.0,7.6,-0.064,83335778,472709645,LOCKED,1.000032032000,153855995135720
22735,-146177679631992,-22598,41900,-32018.0,32133.2,7.7,-0.075,83335777,472784168,LOCKED,1.000032018000,153856995295742
22736,-146177679636512,6505,71003,-32107.7,31176.2,7.7,-0.087,83335777,472877595,LOCKED,1.000032108000,153857995437853
22737,-146177679705542,-27151,37347,-32223.1,30951.6,7.6,-0.087,83335778,472950040,LOCKED,1.000032223000,153858995484076
22738,-146177679749643,-36759,27739,-32273.5,31332.6,7.7,-0.094,83335777,472946037,LOCKED,1.000032273000,153859995507349
22739,-146177679768426,-22267,42231,-32285.6,31409.0,7.6,-0.093,83335778,473019740,LOCKED,1.000032286000,153860995664638
22740,-146177679786742,-8502,55996,-32261.4,31283.7,7.6,-0.100,83335777,473095707,LOCKED,1.000032261000,153861995800902
22741,-146177679831942,-21048,43450,-32245.6,31147.6,7.6,-0.106,83335777,473156788,LOCKED,1.000032246000,153862995946151
22742,-146177679846296,-4404,60094,-32176.9,30586.5,7.6,-0.103,83335778,473229046,LOCKED,1.000032177000,153863996105331
22743,-146177679856231,15563,80061,-32090.9,30320.8,7.5,-0.108,83335777,473313272,LOCKED,1.000032091000,153864996265426
22744,-146177679859819,40055,104553,-31960.5,30449.7,7.5,-0.112,83335777,473404552,LOCKED,1.000031960000,153865996307386
22745,-146177679882129,47575,112073,-31935.0,30802.5,7.5,-0.110,83335778,473371987,LOCKED,1.000031935000,153866996468325
22746,-146177679995465,-30931,33567,-32025.8,30958.2,6.9,-0.112,83335777,473458249,LOCKED,1.000032026000,153867996640355
22747,-146177679998821,-2144,62354,-32028.0,30959.3,6.9,-0.110,83335778,473551130,LOCKED,1.000032028000,153868996779386
22748,-146177680005513,20445,84943,-31927.0,30670.9,6.8,-0.112,83335777,473635918,LOCKED,1.000031927000,153869996817313
22749,-146177680009749,43354,107852,-31764.1,30497.8,6.7,-0.114,83335777,473725668,LOCKED,1.000031764000,153870996975081
22750,-146177680026879,55772,120270,-31748.1,30779.4,6.5,-0.110,83335778,473805536,LOCKED,1.000031748000,153871996871824
22751,-146177680071609,40773,105271,-31716.9,31117.6,6.6,-0.113,83335777,473748147,LOCKED,1.000031717000,153872997038545
22752,-146177680180129,-33262,31236,-31797.5,31396.1,6.5,-0.113,83335777,473838474,LOCKED,1.000031798000,153873997198346
22753,-146177680183523,-4804,59694,-31792.2,31384.8,6.5,-0.111,83335778,473930546,LOCKED,1.000031792000,153874997346141
22754,-146177680202471,6935,71433,-31749.4,31309.3,6.6,-0.113,83335777,474011219,LOCKED,1.000031749000,153875997489893
22755,-146177680227611,11799,76297,-31683.3,31151.8,6.4,-0.109,83335778,474077413,LOCKED,1.000031683000,153876997635579
22756,-146177680252759,16166,80664,-31603.6,30974.9,6.9,-0.114,83335776,474144318,LOCKED,1.000031604000,153877997783186
22757,-146177680275677,22578,87076,-31529.4,31010.9,6.9,-0.113,83335778,474218364,LOCKED,1.000031529000,153878997813715
22758,-146177680383827,-49379,15119,-31676.4,31380.1,7.2,-0.113,83335776,474205102,LOCKED,1.000031676000,153879997840391
22759,-146177680401985,-32324,32174,-31796.5,31303.7,7.2,-0.114,83335777,474279702,LOCKED,1.000031796000,153880997983190
22760,-146177680437896,-32998,31500,-31910.7,31320.0,7.1,-0.111,83335777,474338754,LOCKED,1.000031911000,153881998132104
22761,-146177680454210,-15685,48813,-31968.9,31301.9,7.1,-0.111,83335777,474420099,LOCKED,1.000031969000,153882998267076
22762,-146177680484548,-12468,52030,-32026.1,31227.9,7.5,-0.113,83335776,474483709,LOCKED,1.000032026000,153883998424106
22763,-146177680498072,6897,71395,-32080.1,30820.5,7.6,-0.114,83335777,474564552,LOCKED,1.000032080000,153884998558189
22764,-146177680534208,2012,66510,-32042.7,30709.9,7.4,-0.108,83335777,474620418,LOCKED,1.000032043000,153885998711235
22765,-146177680548518,17594,82092,-31966.2,30599.8,7.5,-0.108,83335777,474706590,LOCKED,1.000031966000,153886998862205
22766,-146177680560852,36083,100581,-31970.2,30549.4,7.5,-0.108,83335777,474785384,LOCKED,1.000031970000,153887998897175
22767,-146177680588593,38274,102772,-31933.7,30897.3,7.9,-0.108,83335776,474747069,LOCKED,1.000031934000,153888999046112
22768,-146177680695103,-34996,29502,-31939.6,30964.1,7.9,-0.107,83335777,474840513,LOCKED,1.000031940000,153889999081051
22769,-146177680721441,-28541,35957,-31934.0,30906.8,8.0,-0.106,83335777,474906992,LOCKED,1.000031934000,153890999224988
22770,-146177680737579,-10380,54118,-32033.0,30299.3,8.2,-0.112,83335776,474988502,LOCKED,1.000032033000,153891999382025
22771,-146177680742579,16529,81027,-32054.5,30130.1,8.0,-0.102,83335777,475079202,LOCKED,1.000032055000,153892999524083
22772,-146177680760739,28747,93245,-32019.9,30357.1,8.3,-0.098,83335776,475154741,LOCKED,1.000032020000,153893999681106
22773,-146177680759967,57684,122182,-31926.5,31345.8,8.4,-0.083,83335776,475251565,LOCKED,1.000031927000,153894999714032
22774,-146177680799513,46031,110529,-31804.9,31805.5,8.4,-0.079,83335777,475206612,LOCKED,1.000031805000,153895999877841
22775,-146177680896353,-18984,45514,-31774.2,31523.2,8.4,-0.074,83335777,475304285,LOCKED,1.000031774000,153897000021618
22776,-146177680920739,-12449,52049,-31711.5,30882.1,8.4,-0.052,83335776,475388374,LOCKED,1.000031712000,153898000173333
22777,-146177680926123,11655,76153,-31621.6,30451.0,8.5,-0.024,83335778,475464900,LOCKED,1.000031622000,153899000216955
22778,-146177681011854,-38916,25582,-31730.7,30743.7,8.6,-0.034,83335776,475472178,LOCKED,1.000031731000,153900000259686
22779,-146177681013368,-7882,56616,-31757.8,30745.2,8.2,-0.013,83335777,475563080,LOCKED,1.000031758000,153901000279443
22780,-146177681078650,-39043,25455,-31809.0,31170.1,8.1,-0.004,83335777,475591961,LOCKED,1.000031809000,153902000315252
22781,-146177681106791,-33683,30815,-31836.0,31406.3,8.2,-0.008,83335776,475657153,LOCKED,1.000031836000,153903000452091
22782,-146177681145558,-39111,25387,-31844.7,31512.6,8.1,0.003,83335777,475714601,LOCKED,1.000031845000,153904000615939
22783,-146177681144738,-7384,57114,-31786.3,31040.8,8.2,-0.014,83335776,475809232,LOCKED,1.000031786000,153905000767729
22784,-146177681183102,-14502,49996,-31735.5,30537.8,8.3,-0.013,83335776,475884693,LOCKED,1.000031736000,153906000898467
22785,-146177681225408,-22362,42136,-31831.6,30371.1,8.2,0.005,83335777,475947858,LOCKED,1.000031832000,153907001054302
22786,-146177681203976,30164,94662,-31845.6,30205.2,8.2,-0.011,83335776,476034326,LOCKED,1.000031846000,153908001207151
22787,-146177681212520,50707,115205,-31794.5,30841.3,8.7,-0.034,83335775,476120481,LOCKED,1.000031794000,153909001261946
22788,-146177681290454,4330,68828,-31790.0,30846.0,8.6,-0.034,83335777,476140570,LOCKED,1.000031790000,153910001301736
22789,-146177681315026,10410,74908,-31751.4,30838.0,8.5,-0.044,83335776,476207490,LOCKED,1.000031751000,153911001461491
22790,-146177681321562,32934,97432,-31673.9,31123.2,8.5,-0.050,83335776,476297659,LOCKED,1.000031674000,153912001493164
22791,-146177681344716,37509,102007,-31542.5,31124.2,8.6,-0.048,83335777,476260577,LOCKED,1.000031542000,153913001658710
22792,-146177681440096,-26325,38173,-31498.7,30545.5,8.4,-0.054,83335776,476364549,LOCKED,1.000031499000,153914001820212
22793,-146177681441412,4772,69270,-31551.7,30181.0,8.5,-0.052,83335777,476459992,LOCKED,1.000031552000,153915001979767
# STATS: PDUs=7736 CSV=7735 Gaps=0 Dups=0 Skip=0 d_min=-64498 ns drift=-31551.7 ns/s sigma=30181.0 ns state=LOCKED clk_err=+0 ns
22794,-146177681454708,22279,86777,-31552.0,30178.7,8.3,-0.057,83335776,476540874,LOCKED,1.000031552000,153916002112322
22795,-146177681490128,17766,82264,-31549.9,30191.3,8.4,-0.061,83335776,476604837,LOCKED,1.000031550000,153917002260875
22796,-146177681491790,44224,108722,-31454.9,30753.1,8.4,-0.059,83335777,476693619,LOCKED,1.000031455000,153918002280329
22797,-146177681527342,38363,102861,-31432.1,31000.5,8.3,-0.061,83335776,476648146,LOCKED,1.000031432000,153919002431764
22798,-146177681599372,-809,63689,-31500.9,30558.2,8.3,-0.064,83335776,476777567,LOCKED,1.000031501000,153920002576268
22799,-146177681624505,6145,70643,-31540.0,30325.1,8.1,-0.061,83335777,476842782,LOCKED,1.000031540000,153921002722811
22800,-146177681647277,14508,79006,-31544.2,30301.7,8.2,-0.063,83335776,476918519,LOCKED,1.000031544000,153922002864358
22801,-146177681666037,26560,91058,-31552.5,30218.8,8.2,-0.061,83335777,476992885,LOCKED,1.000031552000,153923002883910
22802,-146177681697781,25163,89661,-31535.2,30340.4,8.4,-0.065,83335775,476947424,LOCKED,1.000031535000,153924003043449
22803,-146177681801712,-44366,20132,-31602.2,30921.5,8.4,-0.067,83335776,477044206,LOCKED,1.000031602000,153925003191054
22804,-146177681816007,-26399,38099,-31590.6,30804.4,8.4,-0.065,83335777,477124760,LOCKED,1.000031591000,153926003334648
22805,-146177681831967,-11522,52976,-31534.3,30269.7,8.2,-0.063,83335776,477202200,LOCKED,1.000031534000,153927003484186
22806,-146177681845344,7388,71886,-31583.7,29899.2,8.3,-0.064,83335776,477286974,LOCKED,1.000031584000,153928003632773
22807,-146177681848686,33631,98129,-31541.5,30218.3,8.1,-0.062,83335776,477372453,LOCKED,1.000031541000,153929003650314
22808,-146177681962005,-45545,18953,-31593.5,30769.4,8.1,-0.062,83335776,477354326,LOCKED,1.000031594000,153930003682907
22809,-146177681989902,-40550,23948,-31589.7,30715.8,8.1,-0.060,83335777,477424245,LOCKED,1.000031590000,153931003822500
22810,-146177682007462,-26752,0,-31533.8,29885.9,7.9,-0.056,83335776,477496697,LOCKED,1.000031534000,153932003992038
22811,-146177682011010,-467,26285,-31449.4,29147.8,7.9,-0.055,83335776,477588463,LOCKED,1.000031449000,153933004125490
22812,-146177682025568,16193,42945,-31465.0,29031.3,7.9,-0.055,83335776,477667938,LOCKED,1.000031465000,153934004271958
22813,-146177682035910,34829,61581,-31400.7,29413.1,8.0,-0.050,83335775,477751280,LOCKED,1.000031401000,153935004411362
22814,-146177682066038,33234,59986,-31315.1,29681.5,8.0,-0.049,83335776,477814012,LOCKED,1.000031315000,153936004446677
22815,-146177682192606,-58789,0,-31375.9,30562.1,7.7,-0.041,83335776,477783320,LOCKED,1.000031376000,153937004585056
22816,-146177682210548,-43402,15387,-31399.6,30859.5,7.6,-0.045,83335776,477854387,LOCKED,1.000031400000,153938004742459
22817,-146177682221294,-22565,36224,-31371.0,30558.3,7.3,-0.036,83335776,477941041,LOCKED,1.000031371000,153939004891833
22818,-146177682226861,4228,63017,-31426.7,30170.5,7.6,-0.040,83335775,478043293,LOCKED,1.000031427000,153940004910259
22819,-146177682261208,2058,60847,-31467.0,29979.1,7.8,-0.036,83335775,478090183,LOCKED,1.000031467000,153941005053729
22820,-146177682285770,9420,68209,-31505.2,29706.0,7.8,-0.032,83335776,478154091,LOCKED,1.000031505000,153942005202237
22821,-146177682337957,-9936,48853,-31553.9,29637.9,8.0,-0.027,83335775,478226362,LOCKED,1.000031554000,153943005360794
22822,-146177682417821,-53851,4938,-31680.2,30426.5,8.0,-0.030,83335776,478307748,LOCKED,1.000031680000,153944005402474
22823,-146177682454204,-54639,4150,-31781.7,31315.0,8.2,-0.022,83335775,478274339,LOCKED,1.000031782000,153945005554259
22824,-146177682476976,-42336,16453,-31873.0,31810.8,8.1,-0.015,83335776,478346721,LOCKED,1.000031873000,153946005709135
22825,-146177682482088,-14750,44039,-31889.1,31864.6,8.3,-0.004,83335775,478434248,LOCKED,1.000031889000,153947005866028
22826,-146177682488028,9637,68426,-31828.3,31709.8,8.4,0.008,83335775,478522019,LOCKED,1.000031828000,153948006012859
22827,-146177682507378,19637,78426,-31739.1,31538.3,8.4,0.007,83335776,478597534,LOCKED,1.000031739000,153949006149601
22828,-146177682521507,36181,94970,-31747.0,31436.7,8.4,0.024,83335775,478678131,LOCKED,1.000031747000,153950006182348
22829,-146177682554702,33702,92491,-31752.5,31372.0,8.5,0.013,83335775,478742513,LOCKED,1.000031753000,153951006331104
22830,-146177682575995,42042,100831,-31718.4,31739.6,8.7,-0.008,83335775,478815711,LOCKED,1.000031718000,153952006356822
22831,-146177682607929,38971,97760,-31642.9,32173.0,8.7,-0.012,83335775,478771874,LOCKED,1.000031643000,153953006505468
22832,-146177682732515,-51103,7686,-31698.8,32809.2,8.9,-0.029,83335775,478847528,LOCKED,1.000031699000,153954006662170
22833,-146177682736837,-23891,34898,-31650.9,32227.2,8.9,-0.031,83335776,478935141,LOCKED,1.000031651000,153955006809824
22834,-146177682750217,-6789,52000,-31582.1,31628.6,9.2,-0.044,83335774,479020279,LOCKED,1.000031582000,153956006964409
22835,-146177682770343,4906,63695,-31602.0,31558.4,9.2,-0.042,83335775,479089495,LOCKED,1.000031602000,153957007112014
22836,-146177682786087,19747,78536,-31584.9,31643.0,9.6,-0.072,83335774,479168027,LOCKED,1.000031585000,153958007256602
22837,-146177682800083,34368,93157,-31496.2,31909.6,9.7,-0.114,83335773,479246628,LOCKED,1.000031496000,153959007279097
22838,-146177682917641,-47143,11646,-31641.5,32182.7,9.8,-0.131,83335774,479226789,LOCKED,1.000031641000,153960007303738
22839,-146177682941775,-36734,22055,-31722.9,32540.3,10.2,-0.159,83335773,479293421,LOCKED,1.000031723000,153961007445464
22840,-146177682974924,-34170,24619,-31862.2,32289.7,10.0,-0.172,83335774,479355018,LOCKED,1.000031862000,153962007475326
22841,-146177682986710,-11647,47142,-31963.1,31721.7,10.4,-0.192,83335773,479436984,LOCKED,1.000031963000,153963007616292
22842,-146177683009467,-405,58384,-32062.5,30786.1,10.2,-0.201,83335774,479506800,LOCKED,1.000032063000,153964007773358
22843,-146177683023174,17695,76484,-32079.5,30655.3,10.3,-0.208,83335774,479588864,LOCKED,1.000032079000,153965007910440
22844,-146177683047124,25309,84098,-32096.3,30480.7,10.3,-0.214,83335774,479660847,LOCKED,1.000032096000,153966008064540
22845,-146177683059310,43834,102623,-32101.3,30403.3,10.0,-0.212,83335775,479743120,LOCKED,1.000032101000,153967008209644
22846,-146177683073642,57425,116214,-31991.5,31379.5,10.0,-0.217,83335774,479822249,LOCKED,1.000031992000,153968008244635
22847,-146177683209550,-44504,14285,-32015.1,31676.8,10.1,-0.222,83335774,479785182,LOCKED,1.000032015000,153969008384653
22848,-146177683204633,-6603,52186,-32051.7,31629.9,9.8,-0.225,83335774,479881500,LOCKED,1.000032052000,153970008414704
22849,-146177683218478,11118,69907,-32046.4,31647.1,9.8,-0.223,83335775,479963049,LOCKED,1.000032046000,153971008557753
22850,-146177683245394,14615,73404,-31990.4,31622.1,9.8,-0.226,83335774,480030952,LOCKED,1.000031990000,153972008706747
22851,-146177683252734,35783,94572,-31878.8,31768.8,9.6,-0.228,83335774,480118588,LOCKED,1.000031879000,153973008841629
22852,-146177683288616,30795,89584,-31881.7,31738.8,9.6,-0.225,83335775,480175188,LOCKED,1.000031882000,153974008999514
22853,-146177683302799,45440,104229,-31807.3,32330.5,9.3,-0.225,83335774,480260336,LOCKED,1.000031807000,153975009023321
# STATS: PDUs=7796 CSV=7795 Gaps=0 Dups=0 Skip=0 d_min=-58789 ns drift=-31807.3 ns/s sigma=32330.5 ns state=LOCKED clk_err=+0 ns
22854,-146177683338112,38644,97433,-31709.9,32673.1,9.3,-0.223,83335775,480215594,LOCKED,1.000031710000,153976009175034
22855,-146177683470799,-58804,0,-31785.4,33566.8,9.3,-0.224,83335774,480287184,LOCKED,1.000031785000,153977009325823
22856,-146177683480612,-35932,22872,-31769.7,33367.9,9.0,-0.219,83335775,480375367,LOCKED,1.000031770000,153978009451595
22857,-146177683535159,-56323,2481,-31793.2,33733.3,9.0,-0.220,83335774,480430044,LOCKED,1.000031793000,153979009606392
22858,-146177683487849,21177,79981,-31749.7,33852.0,9.1,-0.221,83335774,480546843,LOCKED,1.000031750000,153980009638141
22859,-146177683530810,8941,67745,-31714.2,33839.1,8.7,-0.215,83335775,480630610,LOCKED,1.000031714000,153981009681855
22860,-146177683629701,-55160,3644,-31773.5,34536.9,8.8,-0.215,83335774,480600329,LOCKED,1.000031774000,153982009826632
22861,-146177683659690,-51033,7771,-31803.6,34923.8,8.5,-0.211,83335774,480672814,LOCKED,1.000031804000,153983009968439
22862,-146177683667264,-26210,32594,-31789.1,34791.3,8.5,-0.214,83335774,480746056,LOCKED,1.000031789000,153984010139232
22863,-146177683662638,10749,69553,-31833.8,34472.9,8.5,-0.213,83335774,480845284,LOCKED,1.000031834000,153985010303069
22864,-146177683671175,32526,91330,-31813.2,34639.6,8.2,-0.205,83335775,480935081,LOCKED,1.000031813000,153986010326881
22865,-146177683701727,31765,90569,-31766.7,34899.8,8.2,-0.203,83335774,480889951,LOCKED,1.000031767000,153987010490651
22866,-146177683810463,-42729,16075,-31817.3,35328.4,8.2,-0.201,83335774,480981927,LOCKED,1.000031817000,153988010646472
22867,-146177683825177,-25353,33451,-31788.4,35038.3,8.2,-0.197,83335775,481061888,LOCKED,1.000031788000,153989010789263
22868,-146177683821502,10709,69513,-31835.7,34692.9,8.2,-0.194,83335774,481165374,LOCKED,1.000031836000,153990010831099
22869,-146177683829089,33884,92688,-31839.4,34653.6,7.8,-0.185,83335774,481252506,LOCKED,1.000031839000,153991010976942
22870,-146177683865171,28481,87285,-31829.8,34728.5,7.8,-0.180,83335774,481308462,LOCKED,1.000031830000,153992011006771
22871,-146177683891796,31339,90143,-31766.7,34982.5,7.8,-0.175,83335774,481373620,LOCKED,1.000031767000,153993011150541
22872,-146177683926329,25937,84741,-31680.3,35016.3,7.7,-0.170,83335775,481434670,LOCKED,1.000031680000,153994011308225
22873,-146177683938665,40763,99567,-31526.0,34866.3,7.8,-0.171,83335774,481515754,LOCKED,1.000031526000,153995011319750
22874,-146177683984617,22846,81650,-31392.4,34246.0,7.7,-0.165,83335775,481458571,LOCKED,1.000031392000,153996011481146
22875,-146177684096328,-52493,6311,-31549.8,34611.4,7.7,-0.158,83335774,481544363,LOCKED,1.000031550000,153997011624699
22876,-146177684118709,-39568,19236,-31668.5,34816.8,7.7,-0.148,83335774,481614592,LOCKED,1.000031669000,153998011776371
22877,-146177684135891,-23097,35707,-31727.6,34928.1,7.6,-0.140,83335775,481696901,LOCKED,1.000031728000,153999011921102
22878,-146177684131299,11896,70700,-31682.2,34913.7,7.6,-0.140,83335774,481792567,LOCKED,1.000031682000,154000011957784
22879,-146177684150319,22536,81340,-31620.4,35004.9,7.7,-0.140,83335774,481869706,LOCKED,1.000031620000,154001012102407
22880,-146177684169440,32041,90845,-31526.5,35153.4,7.9,-0.100,83335775,481944557,LOCKED,1.000031527000,154002012127933
22881,-146177684207432,23797,82601,-31478.7,35298.5,7.9,-0.095,83335774,481894914,LOCKED,1.000031479000,154003012283415
22882,-146177684328144,-59720,0,-31660.3,35725.6,7.9,-0.063,83335775,481971155,LOCKED,1.000031660000,154004012431078
22883,-146177684344675,-39900,19820,-31824.5,35389.6,7.9,-0.060,83335774,482051794,LOCKED,1.000031824000,154005012571905
22884,-146177684375820,-35008,24712,-31973.2,35060.1,7.7,-0.028,83335775,482115437,LOCKED,1.000031973000,154006012728882
22885,-146177684387399,-12741,46979,-32044.1,34900.7,7.7,-0.011,83335775,482198017,LOCKED,1.000032044000,154007012867929
22886,-146177684417345,-9818,49902,-32068.3,34922.0,7.7,0.007,83335775,482263529,LOCKED,1.000032068000,154008013017001
22887,-146177684434239,4737,64457,-32045.8,34910.5,7.3,0.032,83335774,482343061,LOCKED,1.000032046000,154009013158050
22888,-146177684439760,28337,88057,-31949.2,34933.3,7.2,0.043,83335774,482430776,LOCKED,1.000031949000,154010013317003
22889,-146177684450929,44977,104697,-31820.5,35253.0,7.1,0.046,83335775,482513606,LOCKED,1.000031821000,154011013326822
22890,-146177684497457,26884,86604,-31698.9,34968.5,7.1,0.039,83335774,482458662,LOCKED,1.000031699000,154012013463524
22891,-146177684560073,-5310,54410,-31627.2,34409.1,7.1,0.032,83335774,482519920,LOCKED,1.000031627000,154013013612154
22892,-146177684643371,-51817,7903,-31794.8,34614.9,7.0,0.027,83335774,482602927,LOCKED,1.000031795000,154014013749952
22893,-146177684668809,-41798,17922,-31905.2,34959.1,6.5,0.021,83335774,482666671,LOCKED,1.000031905000,154015013900860
22894,-146177684696127,-34604,25116,-31975.7,35265.3,6.5,0.019,83335774,482738871,LOCKED,1.000031976000,154016014060839
22895,-146177684699121,-5411,54309,-31977.1,35267.4,6.5,0.024,83335775,482831259,LOCKED,1.000031977000,154017014212819
22896,-146177684719456,5127,64847,-31931.3,35159.1,6.5,0.021,83335774,482901914,LOCKED,1.000031931000,154018014376754
22897,-146177684734424,19302,79022,-31826.4,34823.9,6.3,0.026,83335775,482985899,LOCKED,1.000031826000,154019014406580
22898,-146177684834929,-44777,14943,-31978.0,34894.9,6.3,0.023,83335774,482978403,LOCKED,1.000031978000,154020014451558
22899,-146177684842684,-17940,41780,-32076.6,34590.6,6.0,0.026,83335775,483064522,LOCKED,1.000032077000,154021014619638
22900,-146177684855244,2897,62617,-32146.4,34103.4,6.0,0.024,83335774,483148059,LOCKED,1.000032146000,154022014669784
22901,-146177684857391,31598,91318,-32135.2,34201.5,5.7,0.020,83335774,483238847,LOCKED,1.000032135000,154023014820923
22902,-146177684869765,48568,108288,-32078.9,34759.9,5.8,0.023,83335775,483322224,LOCKED,1.000032079000,154024014863002
22903,-146177684991709,-38696,21024,-32142.3,35153.1,5.8,0.021,83335774,483292756,LOCKED,1.000032142000,154025015025148
22904,-146177685007629,-21328,38392,-32163.1,35248.7,5.8,0.023,83335775,483373779,LOCKED,1.000032163000,154026015186315
22905,-146177685015172,2099,61819,-32107.9,35023.5,5.8,0.022,83335774,483462997,LOCKED,1.000032108000,154027015327426
22906,-146177685040104,7029,66749,-32009.2,34391.9,5.8,0.020,83335774,483533204,LOCKED,1.000032009000,154028015485439
22907,-146177685043446,35074,94794,-32037.1,34023.6,5.8,0.018,83335774,483621271,LOCKED,1.000032037000,154029015626479
22908,-146177685058541,49177,108897,-31979.4,34602.0,5.8,0.015,83335774,483702426,LOCKED,1.000031979000,154030015535454
22909,-146177685100682,36396,96116,-31911.3,34951.6,5.7,0.016,83335774,483650653,LOCKED,1.000031911000,154031015675368
22910,-146177685126912,39044,98764,-31827.2,35330.8,5.8,0.017,83335775,483718140,LOCKED,1.000031827000,154032015834199
22911,-146177685243983,-44376,15344,-31842.9,35516.8,6.2,0.012,83335773,483798039,LOCKED,1.000031843000,154033015989045
22912,-146177685257326,-25269,34451,-31830.6,35412.2,6.1,0.014,83335774,483879767,LOCKED,1.000031831000,154034016140879
22913,-146177685270873,-8240,51480,-31755.2,34739.6,6.1,0.012,83335774,483962830,LOCKED,1.000031755000,154035016286637
# STATS: PDUs=7856 CSV=7855 Gaps=0 Dups=0 Skip=0 d_min=-59720 ns drift=-31755.2 ns/s sigma=34739.6 ns state=LOCKED clk_err=+0 ns
22914,-146177685292855,-265,59455,-31666.3,34043.3,6.3,0.013,83335773,484034017,LOCKED,1.000031666000,154036016432306
22915,-146177685332935,-6564,53156,-31759.4,33463.8,6.3,0.011,83335774,484094136,LOCKED,1.000031759000,154037016571068
22916,-146177685352650,6059,65779,-31797.9,33256.6,6.5,0.013,83335773,484165729,LOCKED,1.000031798000,154038016718869
22917,-146177685370011,20914,80634,-31853.4,32606.6,6.5,0.011,83335774,484239143,LOCKED,1.000031853000,154039016736721
22918,-146177685470748,-45641,14079,-31891.8,33033.6,6.8,0.009,83335773,484237602,LOCKED,1.000031892000,154040016764612
22919,-146177685502903,-43342,16378,-31945.6,33509.6,7.0,0.013,83335773,484298082,LOCKED,1.000031946000,154041016909561
22920,-146177685519849,-24669,35051,-32085.1,32840.2,7.0,0.012,83335774,484375217,LOCKED,1.000032085000,154042017052649
22921,-146177685537745,-7880,51840,-32199.8,31915.4,7.0,0.010,83335774,484451256,LOCKED,1.000032200000,154043017198852
22922,-146177685556463,6477,66197,-32253.6,31525.6,7.1,0.009,83335775,484530490,LOCKED,1.000032254000,154044017347109
22923,-146177685577098,17007,76727,-32228.5,31608.0,7.1,0.008,83335774,484605400,LOCKED,1.000032228000,154045017484340
22924,-146177685614218,10613,70333,-32172.3,31506.5,7.0,0.015,83335774,484662723,LOCKED,1.000032172000,154046017622515
22925,-146177685640960,14169,73889,-32103.7,31383.0,7.0,0.014,83335774,484732531,LOCKED,1.000032104000,154047017778622
22926,-146177685649486,36940,96660,-32125.6,31063.8,7.0,0.013,83335774,484820420,LOCKED,1.000032126000,154048017922751
22927,-146177685681848,35456,95176,-32123.4,31090.5,6.8,0.022,83335774,484897488,LOCKED,1.000032123000,154049017946874
22928,-146177685765916,-15434,44286,-32149.5,31161.0,7.0,0.019,83335775,484892271,LOCKED,1.000032150000,154050017975023
22929,-146177685798690,-15833,43887,-32134.2,31056.3,7.0,0.018,83335774,484953986,LOCKED,1.000032134000,154051018122160
22930,-146177685802639,10823,70543,-32077.0,30950.2,7.0,0.017,83335774,485044760,LOCKED,1.000032077000,154052018268240
22931,-146177685818669,24152,83872,-31983.6,30871.3,7.1,0.012,83335775,485121204,LOCKED,1.000031984000,154053018413227
22932,-146177685867112,6210,65930,-31921.1,30622.6,7.0,0.018,83335774,485192268,LOCKED,1.000031921000,154054018566151
22933,-146177685931012,-25803,33917,-31876.4,30024.5,7.0,0.029,83335775,485274590,LOCKED,1.000031876000,154055018591027
22934,-146177685889788,42892,102612,-31731.2,30100.8,6.9,0.036,83335774,485228859,LOCKED,1.000031731000,154056018735761
22935,-146177686013144,-44371,15349,-31871.8,30310.7,6.9,0.030,83335774,485303870,LOCKED,1.000031872000,154057018891636
22936,-146177686018322,-15515,44205,-31952.2,30102.7,7.0,0.039,83335775,485393029,LOCKED,1.000031952000,154058019046592
22937,-146177686024238,10446,70166,-31965.9,30033.8,6.8,0.050,83335774,485482477,LOCKED,1.000031966000,154059019098558
22938,-146177686101816,-33460,26260,-31994.1,30283.6,6.8,0.046,83335774,485500520,LOCKED,1.000031994000,154060019145552
22939,-146177686107949,-8117,51603,-31955.1,30021.4,6.9,0.057,83335775,485591922,LOCKED,1.000031955000,154061019309511
22940,-146177686108892,19905,79625,-31841.2,29515.7,6.8,0.048,83335774,485682157,LOCKED,1.000031841000,154062019477356
22941,-146177686105293,50321,110041,-31678.0,29735.4,6.8,0.043,83335774,485779644,LOCKED,1.000031678000,154063019522034
22942,-146177686219851,-29057,30663,-31801.8,29461.1,6.8,0.048,83335775,485760174,LOCKED,1.000031802000,154064019683839
22943,-146177686223418,237,59957,-31854.3,29174.5,6.8,0.044,83335774,485848481,LOCKED,1.000031854000,154065019840697
22944,-146177686237795,17615,77335,-31878.8,28956.8,6.8,0.049,83335775,485929805,LOCKED,1.000031879000,154066019972578
22945,-146177686268126,18344,78064,-31869.1,29011.5,6.7,0.044,83335774,485991935,LOCKED,1.000031869000,154067020117450
22946,-146177686282270,34096,93816,-31828.9,29339.6,6.6,0.041,83335774,486074037,LOCKED,1.000031829000,154068020264282
22947,-146177686295825,48823,108543,-31735.9,30073.9,6.7,0.046,83335775,486156269,LOCKED,1.000031736000,154069020300017
22948,-146177686404909,-27752,31968,-31727.6,29986.6,7.0,0.036,83335773,486140125,LOCKED,1.000031728000,154070020331744
22949,-146177686436507,-27637,32083,-31680.8,29307.1,7.0,0.041,83335775,486204525,LOCKED,1.000031681000,154071020364424
22950,-146177686485262,-43212,16508,-31682.5,29333.1,7.0,0.039,83335774,486250449,LOCKED,1.000031683000,154072020504109
22951,-146177686517222,-41085,18635,-31732.3,29809.0,7.0,0.037,83335774,486309685,LOCKED,1.000031732000,154073020660845
22952,-146177686523964,-13733,45987,-31825.5,29383.3,7.1,0.041,83335775,486396190,LOCKED,1.000031826000,154074020806674
22953,-146177686540856,2331,62051,-31885.0,28969.0,7.1,0.039,83335774,486478404,LOCKED,1.000031885000,154075020954562
22954,-146177686558456,16674,76394,-31915.7,28684.7,7.1,0.037,83335774,486552086,LOCKED,1.000031916000,154076021092481
22955,-146177686590622,15590,75310,-31900.6,28747.0,7.0,0.037,83335774,486613819,LOCKED,1.000031901000,154077021245385
22956,-146177686602936,32735,92455,-31835.2,29081.9,7.0,0.036,83335774,486697215,LOCKED,1.000031835000,154078021379223
22957,-146177686630870,33488,93208,-31736.2,29269.5,6.8,0.037,83335774,486761694,LOCKED,1.000031736000,154079021385958
22958,-146177686649553,44948,104668,-31732.7,29323.4,6.9,0.036,83335774,486734299,LOCKED,1.000031733000,154080021411690
22959,-146177686673390,50088,109808,-31680.7,29974.0,6.7,0.037,83335774,486804895,LOCKED,1.000031681000,154081021558374
22960,-146177686805900,-47411,12309,-31765.5,30657.4,6.8,0.039,83335775,486874201,LOCKED,1.000031765000,154082021571138
22961,-146177686747778,38817,98537,-31650.2,30891.4,6.9,0.042,83335775,486918087,LOCKED,1.000031650000,154083021712791
22962,-146177686781748,32475,92195,-31506.5,30472.9,6.8,0.044,83335774,486979322,LOCKED,1.000031506000,154084021873301
22963,-146177686896528,-46283,13437,-31651.4,30719.8,7.0,0.040,83335773,487062640,LOCKED,1.000031651000,154085022007955
22964,-146177686918676,-33561,26159,-31753.8,30872.7,7.0,0.046,83335775,487132814,LOCKED,1.000031754000,154086022166712
22965,-146177686937413,-19091,40629,-31793.4,30977.6,7.0,0.045,83335774,487210593,LOCKED,1.000031793000,154087022304508
22966,-146177686968750,-17503,42217,-31819.9,31066.9,7.0,0.045,83335774,487272478,LOCKED,1.000031820000,154088022461331
22967,-146177686979675,2157,61877,-31762.8,30792.3,7.1,0.046,83335775,487355533,LOCKED,1.000031763000,154089022606097
22968,-146177686976208,33313,93033,-31617.9,30394.6,7.1,0.046,83335774,487452618,LOCKED,1.000031618000,154090022639715
22969,-146177686990783,45635,105355,-31461.9,30455.4,7.2,0.047,83335775,487530692,LOCKED,1.000031462000,154091022659176
22970,-146177687028563,34985,94705,-31307.1,29963.3,7.1,0.052,83335774,487482553,LOCKED,1.000031307000,154092022823487
22971,-146177687134111,-35785,23935,-31418.2,30123.3,6.9,0.046,83335774,487576830,LOCKED,1.000031418000,154093022966908
22972,-146177687156821,-24893,34827,-31484.1,30263.5,7.0,0.046,83335775,487649640,LOCKED,1.000031484000,154094023122395
22973,-146177687169209,-5537,54183,-31487.6,30269.1,7.0,0.046,83335774,487727552,LOCKED,1.000031488000,154095023267886
# STATS: PDUs=7916 CSV=7915 Gaps=0 Dups=0 Skip=0 d_min=-59720 ns drift=-31487.6 ns/s sigma=30269.1 ns state=LOCKED clk_err=+0 ns
22974,-146177687215373,-19334,40386,-31498.7,30331.0,6.8,0.039,83335774,487800317,LOCKED,1.000031499000,154096023356386
22975,-146177687276475,-45911,13809,-31570.9,30958.6,7.0,0.038,83335775,487814804,LOCKED,1.000031571000,154097023503960
22976,-146177687298050,-34087,25633,-31604.0,31234.4,7.0,0.030,83335773,487886934,LOCKED,1.000031604000,154098023659567
22977,-146177687303825,-8698,51022,-31567.9,31002.1,7.0,0.029,83335774,487975961,LOCKED,1.000031568000,154099023695134
22978,-146177687298374,27750,87470,-31586.0,30798.2,7.0,0.020,83335773,487970208,LOCKED,1.000031586000,154100023730720
22979,-146177687394153,-32728,26992,-31714.2,30630.9,6.8,0.009,83335774,488043308,LOCKED,1.000031714000,154101023872437
22980,-146177687336668,53784,113504,-31671.7,31232.7,6.9,0.005,83335775,488119305,LOCKED,1.000031672000,154102024037112
22981,-146177687450144,-25667,34053,-31744.6,31352.1,6.9,0.003,83335774,488207214,LOCKED,1.000031745000,154103024193860
22982,-146177687464704,-7767,51953,-31766.9,31362.7,6.8,0.014,83335774,488285643,LOCKED,1.000031767000,154104024356631
22983,-146177687473478,14049,73769,-31732.4,31411.5,6.8,0.006,83335774,488370454,LOCKED,1.000031732000,154105024515367
22984,-146177687475440,40934,100654,-31658.8,31899.2,6.8,-0.001,83335774,488463045,LOCKED,1.000031659000,154106024655029
22985,-146177687494966,49364,109084,-31559.0,32579.8,6.8,-0.008,83335774,488536132,LOCKED,1.000031559000,154107024684587
22986,-146177687522888,48459,108179,-31416.4,32936.8,6.8,-0.015,83335774,488498747,LOCKED,1.000031416000,154108024832007
22987,-146177687649270,-44680,15040,-31431.7,33133.5,6.9,-0.007,83335775,488573383,LOCKED,1.000031432000,154109024978442
22988,-146177687655370,-17564,42156,-31490.2,33149.9,6.9,0.014,83335775,488659500,LOCKED,1.000031490000,154110025001931
22989,-146177687685523,-14545,45175,-31548.7,33110.4,7.0,0.020,83335775,488724538,LOCKED,1.000031549000,154111025142483
22990,-146177687695273,6550,66270,-31525.0,33108.8,7.0,0.026,83335775,488809671,LOCKED,1.000031525000,154112025285011
22991,-146177687723199,8716,68436,-31469.0,32980.1,6.9,0.039,83335774,488872707,LOCKED,1.000031469000,154113025430483
22992,-146177687736379,24978,84698,-31411.0,33135.7,7.3,0.059,83335776,488952588,LOCKED,1.000031411000,154114025570897
22993,-146177687761108,30365,90085,-31397.9,33246.1,7.2,0.051,83335774,489023443,LOCKED,1.000031398000,154115025589294
22994,-146177687798099,21521,81241,-31273.9,32698.5,7.3,0.046,83335774,488974564,LOCKED,1.000031274000,154116025725571
22995,-146177687825209,25304,85024,-31297.4,32456.2,7.3,0.052,83335775,489037541,LOCKED,1.000031297000,154117025858871
22996,-146177687850349,29894,89614,-31270.1,32650.9,7.3,0.046,83335774,489108087,LOCKED,1.000031270000,154118025997144
22997,-146177687876517,32351,92071,-31194.0,32910.9,7.3,0.043,83335774,489176614,LOCKED,1.000031194000,154119026134341
22998,-146177687969841,-26730,32990,-31299.4,32798.4,7.3,0.047,83335775,489281688,LOCKED,1.000031299000,154120026159640
22999,-146177687997411,-21121,38599,-31356.6,32886.5,7.3,0.044,83335774,489347599,LOCKED,1.000031357000,154121026301000
23000,-146177688021147,-13201,46519,-31349.3,32850.9,7.3,0.047,83335775,489416215,LOCKED,1.000031349000,154122026459353
23001,-146177688029275,7600,67320,-31243.0,32068.0,7.3,0.044,83335774,489504829,LOCKED,1.000031243000,154123026608599
23002,-146177688041843,25443,77260,-31244.5,32055.1,7.3,0.048,83335775,489583962,LOCKED,1.000031244000,154124026760847
23003,-146177688059347,36621,88438,-31179.5,32438.6,7.3,0.051,83335775,489661542,LOCKED,1.000031179000,154125026784026
23004,-146177688186157,-55792,0,-31244.7,33215.8,7.3,0.049,83335774,489629946,LOCKED,1.000031245000,154126026928274
23005,-146177688210453,-46294,9498,-31292.9,33708.9,7.3,0.047,83335774,489694311,LOCKED,1.000031293000,154127027070570
23006,-146177688240403,-43215,12577,-31306.3,33872.5,7.7,0.054,83335776,489761415,LOCKED,1.000031306000,154128027225880
23007,-146177688252740,-24479,31313,-31254.0,33227.0,7.6,0.053,83335774,489843158,LOCKED,1.000031254000,154129027363137
23008,-146177688248312,11163,66955,-31270.6,33143.4,7.4,0.053,83335775,489956097,LOCKED,1.000031271000,154130027501410
23009,-146177688297503,-5585,50207,-31318.9,33017.2,7.4,0.056,83335775,490017459,LOCKED,1.000031319000,154131027533728
23010,-146177688362125,-34987,20805,-31452.5,32885.7,7.4,0.058,83335775,489983143,LOCKED,1.000031452000,154132027689184
23011,-146177688407515,-44218,11574,-31610.3,32846.2,7.4,0.058,83335775,490060955,LOCKED,1.000031610000,154133027846798
23012,-146177688416265,-19113,36679,-31688.8,32763.7,7.4,0.059,83335774,490150155,LOCKED,1.000031689000,154134028008490
23013,-146177688412426,15792,71584,-31684.5,32783.8,7.4,0.060,83335775,490248530,LOCKED,1.000031684000,154135028172178
23014,-146177688409421,47186,102978,-31601.1,33404.1,7.4,0.060,83335775,490345681,LOCKED,1.000031601000,154136028203779
23015,-146177688540155,-48619,7173,-31683.7,34049.6,7.5,0.058,83335774,490309547,LOCKED,1.000031684000,154137028362466
23016,-146177688541100,-17360,38432,-31680.3,34030.8,7.5,0.058,83335775,490401895,LOCKED,1.000031680000,154138028524150
23017,-146177688546859,7213,63005,-31626.1,33892.0,7.5,0.058,83335775,490491458,LOCKED,1.000031626000,154139028529775
23018,-146177688557947,24661,80453,-31515.2,33651.6,7.9,0.059,83335776,490470374,LOCKED,1.000031515000,154140028560290
23019,-146177688581733,28623,84415,-31377.6,33192.8,7.9,0.057,83335774,490540907,LOCKED,1.000031378000,154141028726671
23020,-146177688684280,-38219,17573,-31526.7,32988.9,7.9,0.061,83335775,490638529,LOCKED,1.000031527000,154142028765197
23021,-146177688707227,-28985,26807,-31510.6,32815.3,7.8,0.066,83335775,490707553,LOCKED,1.000031511000,154143028922711
23022,-146177688722360,-13034,42758,-31467.9,32468.8,7.8,0.064,83335775,490789051,LOCKED,1.000031468000,154144029083182
23023,-146177688731558,10096,65888,-31527.0,31948.6,7.6,0.057,83335775,490874711,LOCKED,1.000031527000,154145029228712
23024,-146177688761040,12588,68380,-31570.0,31594.9,7.6,0.061,83335775,490939985,LOCKED,1.000031570000,154146029374285
23025,-146177688779242,25149,80941,-31572.2,31575.8,7.6,0.059,83335774,491015152,LOCKED,1.000031572000,154147029512860
23026,-146177688801770,32874,88666,-31562.1,31676.4,7.9,0.056,83335776,491085780,LOCKED,1.000031562000,154148029536421
23027,-146177688840131,24619,80411,-31531.6,31837.4,7.9,0.062,83335775,491035964,LOCKED,1.000031532000,154149029680956
23028,-146177688921221,-24257,31535,-31524.7,31777.8,7.9,0.058,83335775,491154545,LOCKED,1.000031525000,154150029718480
23029,-146177688950402,-22029,33763,-31482.3,31295.0,8.2,0.063,83335776,491221221,LOCKED,1.000031482000,154151029856965
23030,-146177688978725,-19054,36738,-31441.4,30870.5,8.2,0.059,83335775,491281938,LOCKED,1.000031441000,154152030010410
23031,-146177688999729,-7074,48718,-31505.5,30624.8,8.2,0.056,83335774,491356745,LOCKED,1.000031506000,154153030157919
23032,-146177689016857,7595,63387,-31532.5,30482.7,8.2,0.063,83335775,491434753,LOCKED,1.000031533000,154154030299455
23033,-146177689034925,19863,75655,-31506.8,30593.7,8.2,0.061,83335774,491506978,LOCKED,1.000031507000,154155030436965
# STATS: PDUs=7976 CSV=7975 Gaps=0 Dups=0 Skip=0 d_min=-55792 ns drift=-31506.8 ns/s sigma=30593.7 ns state=LOCKED clk_err=+0 ns
23034,-146177689074909,11295,67087,-31521.1,30517.7,8.2,0.058,83335774,491563309,LOCKED,1.000031521000,154156030588489
23035,-146177689091867,25844,81636,-31563.5,29958.5,8.1,0.068,83335775,491642988,LOCKED,1.000031564000,154157030611052
23036,-146177689124759,24341,80133,-31595.5,29580.2,8.0,0.031,83335774,491597354,LOCKED,1.000031596000,154158030773651
23037,-146177689227895,-43502,12290,-31704.9,30055.4,8.0,0.027,83335775,491690964,LOCKED,1.000031705000,154159030908359
23038,-146177689258995,-40622,15170,-31749.0,30485.5,7.7,-0.008,83335774,491755814,LOCKED,1.000031749000,154160030952108
23039,-146177689271142,-18021,37771,-31866.5,29851.7,7.6,-0.028,83335774,491838225,LOCKED,1.000031867000,154161031093978
23040,-146177689296744,-12203,43589,-31824.2,29487.8,7.6,-0.018,83335775,491908784,LOCKED,1.000031824000,154162031248806
23041,-146177689306647,10527,66319,-31881.5,28932.9,7.6,-0.040,83335774,491992796,LOCKED,1.000031882000,154163031385690
23042,-146177689332776,16173,71965,-31903.2,28756.2,7.4,-0.066,83335774,492060997,LOCKED,1.000031903000,154164031544597
23043,-146177689338730,39610,95402,-31845.7,29240.2,7.4,-0.055,83335775,492147337,LOCKED,1.000031846000,154165031683446
23044,-146177689381513,26008,81800,-31758.0,29271.9,7.4,-0.059,83335774,492213470,LOCKED,1.000031758000,154166031714204
23045,-146177689451482,-12704,43088,-31712.2,28844.6,7.6,-0.073,83335773,492175801,LOCKED,1.000031712000,154167031860919
23046,-146177689522054,-49706,6086,-31720.7,28990.4,7.6,-0.065,83335775,492259695,LOCKED,1.000031721000,154168031989642
23047,-146177689534211,-26568,29224,-31852.2,28463.8,7.6,-0.069,83335774,492323786,LOCKED,1.000031852000,154169032152498
23048,-146177689505885,32325,88117,-31842.9,28565.8,7.6,-0.073,83335774,492450761,LOCKED,1.000031843000,154170032188341
23049,-146177689577862,-6433,49359,-31899.8,28359.5,7.7,-0.068,83335775,492529103,LOCKED,1.000031900000,154171032220240
23050,-146177689641418,-35415,20377,-31972.3,28753.1,7.9,-0.079,83335773,492482549,LOCKED,1.000031972000,154172032236211
23051,-146177689595119,40189,95981,-31908.1,29262.4,7.9,-0.081,83335774,492540511,LOCKED,1.000031908000,154173032389122
23052,-146177689707239,-37966,17826,-31946.0,29630.0,7.6,-0.083,83335774,492624539,LOCKED,1.000031946000,154174032537071
23053,-146177689727461,-25314,30478,-31949.5,29659.7,7.5,-0.085,83335774,492712148,LOCKED,1.000031949000,154175032680024
23054,-146177689776783,-40545,15247,-31987.2,30055.5,7.8,-0.093,83335773,492775161,LOCKED,1.000031987000,154176032836015
23055,-146177689747367,18709,74501,-31912.7,29989.3,7.7,-0.094,83335774,492869290,LOCKED,1.000031913000,154177032996931
23056,-146177689749327,44401,100193,-31777.2,30261.8,7.9,-0.101,83335773,492965126,LOCKED,1.000031777000,154178033151712
23057,-146177689766079,54150,109942,-31608.0,30606.6,8.1,-0.108,83335773,493041388,LOCKED,1.000031608000,154179033182319
23058,-146177689854771,-2260,53532,-31637.3,30544.9,8.3,-0.113,83335773,493046881,LOCKED,1.000031637000,154180033227956
23059,-146177689888295,-3494,52298,-31663.6,30508.6,8.2,-0.115,83335774,493110120,LOCKED,1.000031664000,154181033387623
23060,-146177689897278,18089,73881,-31639.8,30601.3,8.3,-0.111,83335775,493195759,LOCKED,1.000031640000,154182033445263
23061,-146177690000022,-50213,5579,-31693.9,31241.5,8.3,-0.113,83335774,493184453,LOCKED,1.000031694000,154183033606961
23062,-146177690001566,-20026,35766,-31662.3,30931.5,8.2,-0.113,83335774,493278452,LOCKED,1.000031662000,154184033774627
23063,-146177689994916,15293,71085,-31540.6,30117.5,8.3,-0.109,83335775,493382790,LOCKED,1.000031541000,154185033921171
23064,-146177690021420,20236,76028,-31569.7,29825.9,8.3,-0.112,83335774,493446880,LOCKED,1.000031570000,154186034067744
23065,-146177690040388,31749,87541,-31569.1,29832.5,8.2,-0.115,83335774,493526675,LOCKED,1.000031569000,154187034212316
23066,-146177690062118,39912,95704,-31553.2,30030.2,8.0,-0.108,83335775,493594302,LOCKED,1.000031553000,154188034239869
23067,-146177690189862,-52207,3585,-31666.4,30810.1,8.0,-0.111,83335774,493561454,LOCKED,1.000031666000,154189034387539
23068,-146177690171392,-2637,53155,-31634.2,30679.6,8.0,-0.111,83335774,493675813,LOCKED,1.000031634000,154190034420173
23069,-146177690200916,-654,55138,-31626.9,30672.7,8.0,-0.108,83335775,493740605,LOCKED,1.000031627000,154191034559803
23070,-146177690226675,5803,61595,-31665.5,30448.9,8.0,-0.107,83335774,493807003,LOCKED,1.000031666000,154192034714472
23071,-146177690232840,30712,86504,-31687.6,30165.4,8.0,-0.106,83335774,493899025,LOCKED,1.000031688000,154193034851162
23072,-146177690251234,41886,97678,-31653.2,30547.5,8.0,-0.109,83335775,493971298,LOCKED,1.000031653000,154194034889815
23073,-146177690372182,-44764,11028,-31708.6,31095.2,8.0,-0.108,83335774,493943003,LOCKED,1.000031709000,154195035041527
23074,-146177690393078,-33317,22475,-31684.3,30762.3,8.0,-0.106,83335774,494017085,LOCKED,1.000031684000,154196035182214
23075,-146177690408696,-14470,41322,-31796.9,30075.0,8.2,-0.111,83335773,494096006,LOCKED,1.000031797000,154197035326014
23076,-146177690424849,1861,57653,-31833.8,29915.0,8.5,-0.110,83335773,494173056,LOCKED,1.000031834000,154198035468851
23077,-146177690440595,16726,72518,-31801.6,30000.2,8.5,-0.108,83335774,494250567,LOCKED,1.000031802000,154199035494652
23078,-146177690538472,-46910,8882,-31843.4,30508.5,8.3,-0.098,83335775,494245920,LOCKED,1.000031843000,154200035528495
23079,-146177690557082,-32522,23270,-31845.9,30536.3,8.2,-0.103,83335774,494324843,LOCKED,1.000031846000,154201035538340
23080,-146177690524465,31151,86943,-31859.0,30378.4,8.2,-0.100,83335774,494343728,LOCKED,1.000031859000,154202035570199
23081,-146177690539362,46028,101820,-31833.2,30722.3,8.2,-0.097,83335774,494423383,LOCKED,1.000031833000,154203035716035
23082,-146177690657884,-37513,18279,-31925.5,31073.9,8.2,-0.093,83335774,494505229,LOCKED,1.000031925000,154204035870964
23083,-146177690664203,-11306,44486,-31936.2,31103.8,8.2,-0.088,83335774,494595052,LOCKED,1.000031936000,154205036008903
23084,-146177690696356,-11028,44764,-31942.1,31122.6,8.2,-0.083,83335774,494656284,LOCKED,1.000031942000,154206036170849
23085,-146177690700094,15343,71135,-31877.5,31055.3,8.1,-0.089,83335774,494751608,LOCKED,1.000031878000,154207036309729
23086,-146177690712017,31906,87698,-31763.9,31036.3,7.8,-0.063,83335774,494828589,LOCKED,1.000031764000,154208036464496
23087,-146177690719019,51992,107784,-31620.6,31572.3,7.9,-0.069,83335773,494916774,LOCKED,1.000031621000,154209036482116
23088,-146177690820577,-16251,39541,-31676.9,31576.2,7.9,-0.072,83335773,494910230,LOCKED,1.000031677000,154210036512792
23089,-146177690844874,-7794,47998,-31716.9,31528.2,7.5,-0.047,83335774,494976950,LOCKED,1.000031717000,154211036655512
23090,-146177690867029,2084,57876,-31735.9,31480.4,7.5,-0.048,83335773,495049895,LOCKED,1.000031736000,154212036804251
23091,-146177690879837,19747,75539,-31706.6,31591.7,7.5,-0.050,83335774,495133007,LOCKED,1.000031707000,154213036945961
23092,-146177690904341,24795,80587,-31642.0,31728.6,7.6,-0.049,83335773,495202580,LOCKED,1.000031642000,154214037114607
23093,-146177690906477,49859,105651,-31506.6,32229.9,7.6,-0.065,83335773,495296662,LOCKED,1.000031507000,154215037127113
# STATS: PDUs=8036 CSV=8035 Gaps=0 Dups=0 Skip=0 d_min=-55792 ns drift=-31506.6 ns/s sigma=32229.9 ns state=LOCKED clk_err=+0 ns
23094,-146177690960231,25065,80857,-31423.2,32264.4,7.6,-0.070,83335774,495232597,LOCKED,1.000031423000,154216037267539
23095,-146177691013154,2018,57810,-31350.4,31817.4,7.4,-0.069,83335774,495300648,LOCKED,1.000031350000,154217037437893
23096,-146177691079028,-31750,24042,-31334.7,31628.0,7.4,-0.065,83335774,495404994,LOCKED,1.000031335000,154218037577231
23097,-146177691132098,-49028,6764,-31472.1,32074.3,7.2,-0.064,83335774,495467880,LOCKED,1.000031472000,154219037728706
23098,-146177691165414,-46471,9321,-31611.1,32384.7,7.3,-0.061,83335774,495590035,LOCKED,1.000031611000,154220037757316
23099,-146177691136966,13279,69071,-31618.1,32350.1,7.3,-0.058,83335774,495649223,LOCKED,1.000031618000,154221037912937
23100,-146177691217344,-32775,23017,-31696.5,32614.4,7.1,-0.056,83335774,495729954,LOCKED,1.000031697000,154222037947633
23101,-146177691260926,-42017,13775,-31756.4,33092.6,7.4,-0.046,83335775,495692160,LOCKED,1.000031756000,154223038109393
23102,-146177691264853,-13682,42110,-31758.5,33101.2,7.4,-0.045,83335774,495781976,LOCKED,1.000031759000,154224038273155
23103,-146177691267770,12884,68676,-31668.1,32728.4,7.2,-0.043,83335774,495876195,LOCKED,1.000031668000,154225038440827
23104,-146177691267548,40838,96630,-31542.6,32931.7,7.2,-0.042,83335774,495968533,LOCKED,1.000031543000,154226038455369
23105,-146177691308474,29547,85339,-31498.0,33170.6,7.0,-0.041,83335774,495913932,LOCKED,1.000031498000,154227038620871
23106,-146177691414212,-40373,15419,-31643.2,33123.5,7.1,-0.033,83335775,496009555,LOCKED,1.000031643000,154228038783518
23107,-146177691420563,-13190,42602,-31714.2,32963.8,7.1,-0.033,83335774,496102385,LOCKED,1.000031714000,154229038946236
23108,-146177691394701,40488,96280,-31590.0,33164.1,7.3,-0.027,83335775,496218811,LOCKED,1.000031590000,154230038967825
23109,-146177691429227,35326,91118,-31539.4,33497.7,7.1,-0.025,83335774,496279410,LOCKED,1.000031539000,154231039123368
23110,-146177691457583,37262,93054,-31540.2,33488.9,7.0,-0.026,83335774,496346883,LOCKED,1.000031540000,154232039148907
23111,-146177691486160,36314,92106,-31408.3,33436.2,7.0,-0.025,83335774,496410154,LOCKED,1.000031408000,154233039168314
23112,-146177691525570,27733,83525,-31426.1,33252.6,7.0,-0.025,83335774,496360468,LOCKED,1.000031426000,154234039323743
23113,-146177691641872,-52484,3308,-31567.7,33790.0,7.2,-0.021,83335775,496438786,LOCKED,1.000031568000,154235039480314
23114,-146177691653823,-29067,26725,-31706.2,33338.3,7.0,-0.024,83335774,496524237,LOCKED,1.000031706000,154236039633024
23115,-146177691672439,-15162,40630,-31721.0,33389.3,7.1,-0.027,83335773,496598714,LOCKED,1.000031721000,154237039783748
23116,-146177691692360,-4357,51435,-31664.8,33026.5,7.0,-0.030,83335774,496674169,LOCKED,1.000031665000,154238039927416
23117,-146177691713919,3585,59377,-31564.3,32214.9,6.9,-0.036,83335773,496745905,LOCKED,1.000031564000,154239039948979
23118,-146177691715473,31396,87188,-31508.5,32495.8,6.9,-0.043,83335773,496732726,LOCKED,1.000031508000,154240040089490
23119,-146177691734566,40976,96768,-31437.4,32968.7,6.9,-0.043,83335774,496810384,LOCKED,1.000031437000,154241040238931
23120,-146177691857486,-48004,7788,-31480.4,33455.6,6.9,-0.041,83335773,496885444,LOCKED,1.000031480000,154242040376414
23121,-146177691882638,-37369,18423,-31629.9,33207.6,7.0,-0.043,83335773,496953229,LOCKED,1.000031630000,154243040532047
23122,-146177691898212,-19179,36613,-31702.9,33169.7,7.0,-0.043,83335774,497036134,LOCKED,1.000031703000,154244040671753
23123,-146177691924955,-13749,42043,-31703.1,33170.4,7.0,-0.039,83335773,497099552,LOCKED,1.000031703000,154245040826460
23124,-146177691945112,-2703,49781,-31674.0,33068.7,7.1,-0.040,83335773,497173943,LOCKED,1.000031674000,154246040978137
23125,-146177691972229,625,53109,-31614.6,32759.0,7.3,-0.041,83335773,497243445,LOCKED,1.000031615000,154247041132755
23126,-146177691984183,17450,69934,-31504.3,32258.9,7.7,-0.036,83335772,497324299,LOCKED,1.000031504000,154248041272262
23127,-146177692016347,17265,69749,-31556.4,31708.6,8.2,-0.036,83335772,497391013,LOCKED,1.000031556000,154249041291817
23128,-146177692123647,-54689,0,-31651.6,32566.6,8.3,-0.035,83335773,497374454,LOCKED,1.000031652000,154250041335468
23129,-146177692126401,-24135,30554,-31692.8,32731.0,8.2,-0.027,83335773,497464652,LOCKED,1.000031693000,154251041471164
23130,-146177692150755,-15894,38795,-31710.7,32792.9,8.2,-0.026,83335774,497535387,LOCKED,1.000031711000,154252041619878
23131,-146177692179282,-12921,41768,-31678.8,32567.2,8.3,-0.024,83335773,497602958,LOCKED,1.000031679000,154253041776560
23132,-146177692205723,-8719,45970,-31613.3,31982.4,8.1,-0.011,83335773,497684049,LOCKED,1.000031613000,154254041935177
23133,-146177692277240,-44116,10573,-31761.4,32073.7,8.2,-0.008,83335773,497767710,LOCKED,1.000031761000,154255042090942
23134,-146177692221182,41991,96680,-31747.2,32250.2,8.6,-0.001,83335772,497842259,LOCKED,1.000031747000,154256042136689
23135,-146177692344678,-45902,8787,-31860.3,32749.7,8.9,-0.004,83335772,497815193,LOCKED,1.000031860000,154257042292553
23136,-146177692358268,-25641,29048,-31915.5,32924.7,8.9,-0.014,83335774,497893299,LOCKED,1.000031915000,154258042453472
23137,-146177692357381,6395,61084,-31888.4,32913.4,8.9,-0.007,83335773,497990699,LOCKED,1.000031888000,154259042609364
23138,-146177692348823,45666,100355,-31906.8,32614.2,8.7,0.001,83335773,498096735,LOCKED,1.000031907000,154260042631270
23139,-146177692380228,44669,99358,-31907.5,32603.5,8.7,0.013,83335774,498162115,LOCKED,1.000031907000,154261042661177
23140,-146177692420727,33135,87824,-31818.0,32822.8,8.7,0.009,83335773,498112489,LOCKED,1.000031818000,154262042716995
23141,-146177692519071,-32461,22228,-31809.6,32729.1,8.7,0.006,83335773,498213773,LOCKED,1.000031810000,154263042869808
23142,-146177692529829,-9066,45623,-31909.8,32095.9,8.8,0.005,83335773,498295691,LOCKED,1.000031910000,154264043032721
23143,-146177692529130,22882,77571,-31915.5,32050.4,8.7,0.019,83335774,498388327,LOCKED,1.000031915000,154265043186640
23144,-146177692538538,43350,98039,-31887.4,32374.1,8.7,0.021,83335773,498474500,LOCKED,1.000031887000,154266043200526
23145,-146177692581039,30593,85282,-31833.0,32639.5,8.7,0.039,83335774,498423047,LOCKED,1.000031833000,154267043359363
23146,-146177692692394,-46463,8226,-31876.8,33115.7,8.7,0.041,83335774,498509122,LOCKED,1.000031877000,154268043499243
23147,-146177692724308,-45016,9673,-31874.8,33086.1,8.7,0.034,83335773,498573318,LOCKED,1.000031875000,154269043657121
23148,-146177692710645,1218,55907,-31911.0,32952.6,8.9,0.050,83335775,498683242,LOCKED,1.000031911000,154270043797035
23149,-146177692731234,12250,66939,-31917.2,32925.1,8.9,0.041,83335773,498753292,LOCKED,1.000031917000,154271043946955
23150,-146177692762176,12587,67276,-31906.8,32957.0,8.9,0.045,83335774,498818049,LOCKED,1.000031907000,154272044084865
23151,-146177692786320,18612,73301,-31852.4,33010.7,8.9,0.047,83335774,498889567,LOCKED,1.000031852000,154273044229720
23152,-146177692802254,31575,86264,-31759.7,33162.1,8.9,0.041,83335773,498966472,LOCKED,1.000031760000,154274044365482
23153,-146177692840814,21379,76068,-31628.3,32485.5,8.9,0.043,83335774,499026057,LOCKED,1.000031628000,154275044507113
# STATS: PDUs=8096 CSV=8095 Gaps=0 Dups=0 Skip=0 d_min=-54689 ns drift=-31628.3 ns/s sigma=32485.5 ns state=LOCKED clk_err=+0 ns
23154,-146177692854966,35132,89821,-31503.8,32470.2,8.9,0.038,83335773,499104338,LOCKED,1.000031504000,154276044622619
23155,-146177692917646,3092,57781,-31466.4,32378.4,9.0,0.033,83335773,499141669,LOCKED,1.000031466000,154277044762088
23156,-146177692929648,21583,76272,-31454.5,32448.6,8.9,0.035,83335774,499218817,LOCKED,1.000031455000,154278044788542
23157,-146177692956992,25245,79934,-31474.6,32246.7,8.9,0.037,83335774,499177678,LOCKED,1.000031475000,154279044933020
23158,-146177693050707,-33250,21439,-31603.3,32100.9,8.9,0.040,83335774,499281528,LOCKED,1.000031603000,154280044964623
23159,-146177693068444,-18653,36036,-31608.2,32128.3,9.1,0.047,83335775,499359606,LOCKED,1.000031608000,154281045110234
